[{"rank":{"index":1,"lang":"en-us","country":"us","chineseCountryName":"美国","pkg":"com.spaceship.screen.textcopy"},"orders":["com.spaceship.screen.textcopy","com.recognize_text.translate.screen","com.newmg.yurao.pro","com.microsoft.translator","com.niven.translator","com.screen.translator.text.recognize","com.google.android.apps.translate","com.niven.game","com.eecorp.taptranslator","at.nk.tools.iTranslate","com.galaxy.airviewdictionary","com.zaz.translate","com.naver.labs.translator","com.niven.comic","com.screen.translate.google","com.sayhi.android.sayhitranslate","com.deepl.mobiletranslator","com.tranit.text.translate","com.translate.talkingtranslator","com.image.camera.translate.ai"]},{"rank":{"index":2,"lang":"ru","country":"ru","chineseCountryName":"俄罗斯","pkg":"com.spaceship.screen.textcopy"},"orders":["com.recognize_text.translate.screen","com.spaceship.screen.textcopy","com.niven.translator","com.screen.translator.text.recognize","com.microsoft.translator","com.niven.game","com.newmg.yurao.pro","ru.yandex.translate","com.google.android.apps.translate","com.niven.comic","com.deepl.mobiletranslator","com.screen.translate.google","at.nk.tools.iTranslate","com.naver.labs.translator","com.youdao.hindict","com.zaz.translate","com.tangdi.baiguotong","com.galaxy.airviewdictionary","com.datacomprojects.scanandtranslate","com.tap_to_translate.snap_translate"]},{"rank":{"index":2,"lang":"pt-br","country":"br","chineseCountryName":"巴西","pkg":"com.spaceship.screen.textcopy"},"orders":["com.recognize_text.translate.screen","com.spaceship.screen.textcopy","com.screen.translator.text.recognize","com.niven.translator","com.niven.game","com.microsoft.translator","com.niven.comic","com.galaxy.airviewdictionary","com.newmg.yurao.pro","com.eecorp.taptranslator","com.google.android.apps.translate","at.nk.tools.iTranslate","com.screen.translate.google","com.youdao.hindict","com.zaz.translate","com.android.chrome","com.google.android.apps.photos","com.deepl.mobiletranslator","com.google.android.apps.maps","com.skype.raider"]},{"rank":{"index":2,"lang":"fr","country":"fr","chineseCountryName":"法国","pkg":"com.spaceship.screen.textcopy"},"orders":["com.recognize_text.translate.screen","com.spaceship.screen.textcopy","com.screen.translator.text.recognize","com.niven.translator","com.microsoft.translator","com.niven.game","com.google.android.apps.translate","com.niven.comic","com.newmg.yurao.pro","at.nk.tools.iTranslate","com.zaz.translate","com.image.camera.translate.ai","com.eecorp.taptranslator","com.galaxy.airviewdictionary","com.deepl.mobiletranslator","com.tranit.text.translate","com.screen.translate.google","com.youdao.hindict","com.tangdi.baiguotong","com.skype.raider"]},{"rank":{"index":2,"lang":"en-gb","country":"gb","chineseCountryName":"英国","pkg":"com.spaceship.screen.textcopy"},"orders":["com.recognize_text.translate.screen","com.spaceship.screen.textcopy","com.screen.translator.text.recognize","com.microsoft.translator","com.google.android.apps.translate","com.niven.translator","com.niven.game","at.nk.tools.iTranslate","com.newmg.yurao.pro","com.zaz.translate","com.galaxy.airviewdictionary","com.deepl.mobiletranslator","com.image.camera.translate.ai","com.youdao.hindict","com.eecorp.taptranslator","com.naver.labs.translator","com.niven.comic","com.sayhi.android.sayhitranslate","com.tranit.text.translate","com.screen.translate.google"]},{"rank":{"index":2,"lang":"de","country":"de","chineseCountryName":"德国","pkg":"com.spaceship.screen.textcopy"},"orders":["com.recognize_text.translate.screen","com.spaceship.screen.textcopy","com.niven.translator","com.screen.translator.text.recognize","com.newmg.yurao.pro","com.microsoft.translator","com.niven.game","com.niven.comic","com.google.android.apps.translate","com.deepl.mobiletranslator","com.eecorp.taptranslator","com.galaxy.airviewdictionary","com.zaz.translate","com.image.camera.translate.ai","at.nk.tools.iTranslate","com.screen.translate.google","com.sayhi.android.sayhitranslate","com.naver.labs.translator","com.tangdi.baiguotong","com.softissimo.reverso.context"]},{"rank":{"index":1,"lang":"it","country":"it","chineseCountryName":"意大利","pkg":"com.spaceship.screen.textcopy"},"orders":["com.spaceship.screen.textcopy","com.recognize_text.translate.screen","com.screen.translator.text.recognize","com.niven.translator","com.niven.game","com.microsoft.translator","com.newmg.yurao.pro","com.google.android.apps.translate","com.niven.comic","com.eecorp.taptranslator","com.deepl.mobiletranslator","com.screen.translate.google","at.nk.tools.iTranslate","com.image.camera.translate.ai","com.galaxy.airviewdictionary","com.zaz.translate","com.discord","com.google.android.apps.photos","com.intsig.camscanner","com.softissimo.reverso.context"]},{"rank":{"index":1,"lang":"ja","country":"jp","chineseCountryName":"日本","pkg":"com.spaceship.screen.textcopy"},"orders":["com.spaceship.screen.textcopy","com.recognize_text.translate.screen","com.screen.translator.text.recognize","com.niven.translator","com.galaxy.airviewdictionary","com.niven.game","com.microsoft.translator","com.newmg.yurao.pro","com.google.android.apps.translate","com.naver.labs.translator","com.deepl.mobiletranslator","com.eecorp.taptranslator","com.screen.translate.google","com.niven.comic","com.discord","com.android.chrome","com.google.android.apps.maps","com.duolingo","com.skype.raider","us.zoom.videomeetings"]},{"rank":{"index":1,"lang":"ko","country":"kr","chineseCountryName":"韩国","pkg":"com.spaceship.screen.textcopy"},"orders":["com.spaceship.screen.textcopy","com.recognize_text.translate.screen","com.screen.translator.text.recognize","com.microsoft.translator","com.google.android.apps.translate","com.niven.translator","com.naver.labs.translator","com.niven.game","com.deepl.mobiletranslator","com.tap_to_translate.snap_translate","com.niven.comic","at.nk.tools.iTranslate","com.newmg.yurao.pro","com.zaz.translate","com.galaxy.airviewdictionary","com.youdao.hindict","com.image.camera.translate.ai","com.sayhi.android.sayhitranslate","com.eecorp.taptranslator","com.screen.translate.google"]},{"rank":{"index":1,"lang":"zh-hk","country":"hk","chineseCountryName":"香港","pkg":"com.spaceship.screen.textcopy"},"orders":["com.spaceship.screen.textcopy","com.recognize_text.translate.screen","com.screen.translator.text.recognize","com.microsoft.translator","com.google.android.apps.translate","com.niven.translator","com.niven.game","at.nk.tools.iTranslate","com.naver.labs.translator","com.newmg.yurao.pro","com.niven.comic","com.youdao.hindict","com.tangdi.baiguotong","com.zaz.translate","com.deepl.mobiletranslator","com.galaxy.airviewdictionary","com.image.camera.translate.ai","com.siv","com.screen.translate.google","com.eecorp.taptranslator"]},{"rank":{"index":1,"lang":"zh-tw","country":"tw","chineseCountryName":"台湾","pkg":"com.spaceship.screen.textcopy"},"orders":["com.spaceship.screen.textcopy","com.recognize_text.translate.screen","com.screen.translator.text.recognize","com.microsoft.translator","com.google.android.apps.translate","com.niven.translator","com.niven.game","at.nk.tools.iTranslate","com.naver.labs.translator","com.niven.comic","com.newmg.yurao.pro","com.youdao.hindict","com.galaxy.airviewdictionary","com.tangdi.baiguotong","com.image.camera.translate.ai","com.deepl.mobiletranslator","com.translate.language.translator.voice.translation","com.zaz.translate","com.screen.translate.google","com.eecorp.taptranslator"]},{"rank":{"index":2,"lang":"en","country":"in","chineseCountryName":"印度","pkg":"com.spaceship.screen.textcopy"},"orders":["com.recognize_text.translate.screen","com.spaceship.screen.textcopy","com.google.android.apps.translate","com.screen.translator.text.recognize","com.niven.translator","com.zaz.translate","com.niven.game","com.newmg.yurao.pro","com.microsoft.translator"]},{"rank":{"index":1,"lang":"id","country":"id","chineseCountryName":"印尼","pkg":"com.spaceship.screen.textcopy"},"orders":["com.spaceship.screen.textcopy","com.recognize_text.translate.screen","com.niven.translator","com.niven.game","com.screen.translator.text.recognize","com.youdao.hindict","com.microsoft.translator","com.niven.comic","com.newmg.yurao.pro","com.google.android.apps.translate","com.eecorp.taptranslator","at.nk.tools.iTranslate","com.deepl.mobiletranslator","com.naver.labs.translator","com.screen.translate.google","com.zaz.translate","com.tap_to_translate.snap_translate"]},{"rank":{"index":1,"lang":"es-mx","country":"mx","chineseCountryName":"墨西哥","pkg":"com.spaceship.screen.textcopy"},"orders":["com.spaceship.screen.textcopy","com.recognize_text.translate.screen","com.screen.translator.text.recognize","com.niven.translator","com.niven.game","com.microsoft.translator","com.niven.comic","com.newmg.yurao.pro","com.eecorp.taptranslator","com.google.android.apps.translate","at.nk.tools.iTranslate","com.deepl.mobiletranslator","com.screen.translate.google","com.google.android.apps.photos","com.youdao.hindict","com.android.chrome","com.galaxy.airviewdictionary","com.google.android.apps.maps","com.discord","com.zaz.translate"]}]