[{"rank":{"index":2,"lang":"en-us","country":"us","chineseCountryName":"美国","pkg":"com.spaceship.screen.textcopy"},"orders":["com.recognize_text.translate.screen","com.spaceship.screen.textcopy","com.tap_to_translate.snap_translate","com.google.android.apps.translate","com.microsoft.translator","com.newmg.yurao.pro","com.screen.translate.google","com.gaminik.i18n","com.niven.translator","com.immersivetranslate.browser","com.naver.labs.translator","com.deepl.mobiletranslator","com.niven.game","ru.yandex.translate","at.nk.tools.iTranslate","com.wooask.zx","com.voice_camera_free_translate","com.tangdi.baiguotong","link.zhidou.btranslator","com.mobisystems.msdict.embedded.wireless.collins.ee"]},{"rank":{"index":0,"lang":"ru","country":"ru","chineseCountryName":"俄罗斯","pkg":"com.spaceship.screen.textcopy"},"orders":["com.recognize_text.translate.screen","com.niven.translator","com.tap_to_translate.snap_translate","com.newmg.yurao.pro","com.gaminik.i18n","ru.yandex.translate","com.niven.game","com.screen.translate.google","com.microsoft.translator","com.google.android.apps.translate","com.deepl.mobiletranslator","com.immersivetranslate.browser","com.naver.labs.translator"]},{"rank":{"index":2,"lang":"pt-br","country":"br","chineseCountryName":"巴西","pkg":"com.spaceship.screen.textcopy"},"orders":["com.recognize_text.translate.screen","com.spaceship.screen.textcopy","com.tap_to_translate.snap_translate","com.newmg.yurao.pro","com.gaminik.i18n","com.google.android.apps.translate","at.nk.tools.iTranslate","com.deepl.mobiletranslator","com.naver.labs.translator","com.zaz.translate","com.datacomprojects.scanandtranslate","ru.yandex.translate","com.ticktalk.translatevoice","com.flitto.app","com.immersivetranslate.browser","com.translate.talkingtranslator","com.niven.translator","com.screen.translate.google","com.niven.game","com.newtranslate.google"]},{"rank":{"index":2,"lang":"fr","country":"fr","chineseCountryName":"法国","pkg":"com.spaceship.screen.textcopy"},"orders":["com.recognize_text.translate.screen","com.spaceship.screen.textcopy","com.tap_to_translate.snap_translate","com.newmg.yurao.pro","com.gaminik.i18n","com.niven.translator","com.screen.translate.google","com.microsoft.translator","com.google.android.apps.translate","com.immersivetranslate.browser","com.niven.game","com.naver.labs.translator","com.voice_camera_free_translate","ru.yandex.translate","at.nk.tools.iTranslate","com.deepl.mobiletranslator","com.wooask.zx","com.niven.apptranslate","com.tangdi.baiguotong","com.ticktalk.translatevoice"]},{"rank":{"index":2,"lang":"en-gb","country":"gb","chineseCountryName":"英国","pkg":"com.spaceship.screen.textcopy"},"orders":["com.recognize_text.translate.screen","com.spaceship.screen.textcopy","com.newmg.yurao.pro","com.google.android.apps.translate","com.microsoft.translator","com.gaminik.i18n","com.screen.translate.google","com.niven.translator","com.tap_to_translate.snap_translate","com.immersivetranslate.browser","com.deepl.mobiletranslator","com.naver.labs.translator","com.niven.game","at.nk.tools.iTranslate","ru.yandex.translate","com.wooask.zx","com.tangdi.baiguotong","com.datacomprojects.scanandtranslate","com.zaz.translate","com.google.ar.lens"]},{"rank":{"index":2,"lang":"de","country":"de","chineseCountryName":"德国","pkg":"com.spaceship.screen.textcopy"},"orders":["com.recognize_text.translate.screen","com.spaceship.screen.textcopy","com.newmg.yurao.pro","com.screen.translate.google","com.niven.translator","com.gaminik.i18n","com.tap_to_translate.snap_translate","com.microsoft.translator","com.immersivetranslate.browser","com.google.android.apps.translate","com.niven.game","com.tangdi.baiguotong","com.deepl.mobiletranslator","com.wooask.zx","at.nk.tools.iTranslate","ru.yandex.translate","com.niven.apptranslate","com.yoyodev.screentranslate","co.timekettle.livetranslator","photo.translate.camera.translator"]},{"rank":{"index":2,"lang":"it","country":"it","chineseCountryName":"意大利","pkg":"com.spaceship.screen.textcopy"},"orders":["com.recognize_text.translate.screen","com.spaceship.screen.textcopy","com.tap_to_translate.snap_translate","com.gaminik.i18n","com.newmg.yurao.pro","com.niven.translator","com.screen.translate.google","com.niven.game","com.google.android.apps.translate","com.immersivetranslate.browser","com.microsoft.translator","at.nk.tools.iTranslate","com.voice_camera_free_translate","com.deepl.mobiletranslator","com.tangdi.baiguotong","com.niven.apptranslate","ru.yandex.translate","com.wooask.zx","com.yoyodev.screentranslate","com.fapp.translate.language.translator.fasttranslation"]},{"rank":{"index":2,"lang":"ja","country":"jp","chineseCountryName":"日本","pkg":"com.spaceship.screen.textcopy"},"orders":["com.recognize_text.translate.screen","com.spaceship.screen.textcopy","com.tap_to_translate.snap_translate","com.newmg.yurao.pro","com.gaminik.i18n","com.niven.translator","com.microsoft.translator","com.immersivetranslate.browser","com.google.android.apps.translate"]},{"rank":{"index":3,"lang":"ko","country":"kr","chineseCountryName":"韩国","pkg":"com.spaceship.screen.textcopy"},"orders":["com.recognize_text.translate.screen","com.tap_to_translate.snap_translate","com.spaceship.screen.textcopy","com.newmg.yurao.pro","com.gaminik.i18n","com.niven.translator","com.screen.translate.google","com.immersivetranslate.browser","com.niven.game","com.naver.labs.translator","com.google.android.apps.translate","com.voice_camera_free_translate","com.niven.apptranslate","com.microsoft.translator","com.wooask.zx","com.eecorp.linguago","at.nk.tools.iTranslate","com.aiphone.secondphonenumber","com.deepl.mobiletranslator","com.paninitranslate"]},{"rank":{"index":2,"lang":"zh-hk","country":"hk","chineseCountryName":"香港","pkg":"com.spaceship.screen.textcopy"},"orders":["com.recognize_text.translate.screen","com.spaceship.screen.textcopy","com.tap_to_translate.snap_translate","com.screen.translate.google","com.newmg.yurao.pro","com.gaminik.i18n","com.niven.translator","com.immersivetranslate.browser","com.niven.game","com.google.android.apps.translate","com.microsoft.translator","com.voice_camera_free_translate","at.nk.tools.iTranslate","com.naver.labs.translator","com.niven.apptranslate","com.tangdi.baiguotong","com.yoyodev.screentranslate","com.zaz.translate","com.deepl.mobiletranslator","com.paninitranslate"]},{"rank":{"index":2,"lang":"zh-tw","country":"tw","chineseCountryName":"台湾","pkg":"com.spaceship.screen.textcopy"},"orders":["com.recognize_text.translate.screen","com.spaceship.screen.textcopy","com.newmg.yurao.pro","com.gaminik.i18n","com.screen.translate.google","com.niven.translator","com.immersivetranslate.browser","com.tap_to_translate.snap_translate","com.niven.game","com.microsoft.translator","com.google.android.apps.translate","com.naver.labs.translator","at.nk.tools.iTranslate","com.niven.apptranslate","com.tangdi.baiguotong","com.deepl.mobiletranslator","com.yoyodev.screentranslate","com.eecorp.linguago","com.zaz.translate","com.wooask.zx"]},{"rank":{"index":2,"lang":"en","country":"in","chineseCountryName":"印度","pkg":"com.spaceship.screen.textcopy"},"orders":["com.recognize_text.translate.screen","com.spaceship.screen.textcopy","com.newmg.yurao.pro","com.google.android.apps.translate"]},{"rank":{"index":3,"lang":"id","country":"id","chineseCountryName":"印尼","pkg":"com.spaceship.screen.textcopy"},"orders":["com.recognize_text.translate.screen","com.tap_to_translate.snap_translate","com.spaceship.screen.textcopy","com.niven.translator","com.newmg.yurao.pro","com.screen.translate.google","com.gaminik.i18n","com.niven.game","com.naver.labs.translator","com.google.android.apps.translate","com.immersivetranslate.browser"]},{"rank":{"index":2,"lang":"es-mx","country":"mx","chineseCountryName":"墨西哥","pkg":"com.spaceship.screen.textcopy"},"orders":["com.recognize_text.translate.screen","com.spaceship.screen.textcopy","com.tap_to_translate.snap_translate","com.newmg.yurao.pro","com.gaminik.i18n","com.google.android.apps.translate","at.nk.tools.iTranslate","com.zaz.translate","ru.yandex.translate","com.deepl.mobiletranslator","com.immersivetranslate.browser","com.naver.labs.translator","com.ticktalk.translatevoice","com.datacomprojects.scanandtranslate","com.tangdi.baiguotong","com.niven.translator","com.screen.translate.google","com.niven.game","com.fapp.translate.language.translator.fasttranslation","com.translate.talkingtranslator"]}]