[{"rank":{"index":2,"lang":"en-us","country":"us","chineseCountryName":"美国","pkg":"com.spaceship.screen.textcopy"},"orders":["com.recognize_text.translate.screen","com.spaceship.screen.textcopy","com.tap_to_translate.snap_translate","com.google.android.apps.translate","com.microsoft.translator","com.niven.translator","com.newmg.yurao.pro","com.gaminik.i18n","com.deepl.mobiletranslator","com.niven.game","com.naver.labs.translator","com.immersivetranslate.browser","com.zaz.translate","com.tangdi.baiguotong","at.nk.tools.iTranslate","ru.yandex.translate","com.screen.translate.google","com.youdao.hindict","com.niven.apptranslate","com.voice_camera_free_translate"]},{"rank":{"index":0,"lang":"ru","country":"ru","chineseCountryName":"俄罗斯","pkg":"com.spaceship.screen.textcopy"},"orders":["com.recognize_text.translate.screen","com.niven.translator","com.tap_to_translate.snap_translate","com.newmg.yurao.pro","com.microsoft.translator","com.gaminik.i18n","com.google.android.apps.translate","com.niven.game","com.zaz.translate","ru.yandex.translate","com.immersivetranslate.browser","com.niven.apptranslate","com.screen.translate.google","com.deepl.mobiletranslator","com.naver.labs.translator","com.voice_camera_free_translate","at.nk.tools.iTranslate","com.youdao.hindict","com.google.ar.lens","com.tangdi.baiguotong"]},{"rank":{"index":2,"lang":"pt-br","country":"br","chineseCountryName":"巴西","pkg":"com.spaceship.screen.textcopy"},"orders":["com.recognize_text.translate.screen","com.spaceship.screen.textcopy","com.tap_to_translate.snap_translate","com.gaminik.i18n","com.newmg.yurao.pro","com.niven.translator","com.microsoft.translator","com.immersivetranslate.browser","com.niven.game","com.google.android.apps.translate","com.zaz.translate","com.niven.apptranslate","com.screen.translate.google","com.eecorp.taptranslator","com.voice_camera_free_translate","com.tangdi.baiguotong","com.deepl.mobiletranslator","at.nk.tools.iTranslate","com.youdao.hindict","com.openai.chatgpt"]},{"rank":{"index":3,"lang":"fr","country":"fr","chineseCountryName":"法国","pkg":"com.spaceship.screen.textcopy"},"orders":["com.recognize_text.translate.screen","com.tap_to_translate.snap_translate","com.spaceship.screen.textcopy","com.gaminik.i18n","com.newmg.yurao.pro","com.niven.translator","com.microsoft.translator","com.google.android.apps.translate","com.immersivetranslate.browser","com.zaz.translate","com.niven.game","com.screen.translate.google","com.eecorp.taptranslator","com.niven.apptranslate","com.voice_camera_free_translate","com.deepl.mobiletranslator","screen.translator.voice.translate","com.naver.labs.translator","com.tangdi.baiguotong","at.nk.tools.iTranslate"]},{"rank":{"index":2,"lang":"en-gb","country":"gb","chineseCountryName":"英国","pkg":"com.spaceship.screen.textcopy"},"orders":["com.recognize_text.translate.screen","com.spaceship.screen.textcopy","com.tap_to_translate.snap_translate","com.newmg.yurao.pro","com.google.android.apps.translate","com.microsoft.translator","com.niven.translator","com.gaminik.i18n","com.deepl.mobiletranslator","com.zaz.translate","com.immersivetranslate.browser","com.naver.labs.translator","com.niven.game","at.nk.tools.iTranslate","com.tangdi.baiguotong","com.youdao.hindict","ru.yandex.translate","com.voice_camera_free_translate","com.mobisystems.msdict.embedded.wireless.collins.ee","com.ticktalk.translatevoice"]},{"rank":{"index":2,"lang":"de","country":"de","chineseCountryName":"德国","pkg":"com.spaceship.screen.textcopy"},"orders":["com.recognize_text.translate.screen","com.spaceship.screen.textcopy","com.tap_to_translate.snap_translate","com.newmg.yurao.pro","com.gaminik.i18n","com.microsoft.translator","com.niven.translator","com.google.android.apps.translate","com.immersivetranslate.browser","com.zaz.translate","com.niven.game","com.screen.translate.google","com.niven.apptranslate","com.deepl.mobiletranslator","com.eecorp.taptranslator","com.voice_camera_free_translate","com.tangdi.baiguotong","com.translate.talkingtranslator","at.nk.tools.iTranslate","ru.yandex.translate"]},{"rank":{"index":2,"lang":"it","country":"it","chineseCountryName":"意大利","pkg":"com.spaceship.screen.textcopy"},"orders":["com.recognize_text.translate.screen","com.spaceship.screen.textcopy","com.tap_to_translate.snap_translate","com.newmg.yurao.pro","com.gaminik.i18n","com.niven.translator","com.microsoft.translator","com.niven.game","com.google.android.apps.translate","com.tangdi.baiguotong","com.screen.translate.google","com.deepl.mobiletranslator","com.immersivetranslate.browser","com.niven.apptranslate","at.nk.tools.iTranslate","com.eecorp.taptranslator","com.voice_camera_free_translate","com.zaz.translate","ru.yandex.translate","com.kursx.smartbook"]},{"rank":{"index":3,"lang":"ja","country":"jp","chineseCountryName":"日本","pkg":"com.spaceship.screen.textcopy"},"orders":["com.recognize_text.translate.screen","com.tap_to_translate.snap_translate","com.spaceship.screen.textcopy","com.newmg.yurao.pro","com.niven.translator","com.gaminik.i18n","com.microsoft.translator","com.immersivetranslate.browser","com.niven.game","com.deepl.mobiletranslator","com.screen.translate.google","com.niven.apptranslate","com.naver.labs.translator","com.eecorp.taptranslator","com.google.android.apps.translate","com.google.ar.lens","com.translate.talkingtranslator","com.zaz.translate","com.openai.chatgpt","com.tangdi.baiguotong"]},{"rank":{"index":3,"lang":"ko","country":"kr","chineseCountryName":"韩国","pkg":"com.spaceship.screen.textcopy"},"orders":["com.recognize_text.translate.screen","com.tap_to_translate.snap_translate","com.spaceship.screen.textcopy","com.newmg.yurao.pro","com.microsoft.translator","com.google.android.apps.translate","com.niven.translator","com.naver.labs.translator","com.gaminik.i18n","com.deepl.mobiletranslator","com.immersivetranslate.browser","com.niven.game","com.zaz.translate","at.nk.tools.iTranslate","link.zhidou.btranslator","com.screen.translate.google","ru.yandex.translate","com.niven.apptranslate","com.youdao.hindict","com.paninitranslate"]},{"rank":{"index":2,"lang":"zh-hk","country":"hk","chineseCountryName":"香港","pkg":"com.spaceship.screen.textcopy"},"orders":["com.recognize_text.translate.screen","com.spaceship.screen.textcopy","com.tap_to_translate.snap_translate","com.microsoft.translator","com.google.android.apps.translate","com.niven.translator","com.newmg.yurao.pro","com.gaminik.i18n","com.immersivetranslate.browser","com.naver.labs.translator","com.zaz.translate"]},{"rank":{"index":2,"lang":"zh-tw","country":"tw","chineseCountryName":"台湾","pkg":"com.spaceship.screen.textcopy"},"orders":["com.recognize_text.translate.screen","com.spaceship.screen.textcopy","com.newmg.yurao.pro","com.microsoft.translator","com.tap_to_translate.snap_translate","com.niven.translator","com.gaminik.i18n","com.google.android.apps.translate","com.immersivetranslate.browser","com.naver.labs.translator","com.niven.game","com.zaz.translate","com.tangdi.baiguotong","com.screen.translate.google","com.niven.apptranslate","com.eecorp.taptranslator","at.nk.tools.iTranslate","com.translate.talkingtranslator","com.deepl.mobiletranslator","com.youdao.hindict"]},{"rank":{"index":2,"lang":"en","country":"in","chineseCountryName":"印度","pkg":"com.spaceship.screen.textcopy"},"orders":["com.recognize_text.translate.screen","com.spaceship.screen.textcopy","com.newmg.yurao.pro"]},{"rank":{"index":2,"lang":"id","country":"id","chineseCountryName":"印尼","pkg":"com.spaceship.screen.textcopy"},"orders":["com.recognize_text.translate.screen","com.spaceship.screen.textcopy","com.tap_to_translate.snap_translate","com.newmg.yurao.pro","com.gaminik.i18n","com.niven.translator","com.niven.game","com.microsoft.translator","com.eecorp.taptranslator","com.screen.translate.google","com.immersivetranslate.browser","com.niven.apptranslate","com.google.android.apps.translate","com.zaz.translate","com.naver.labs.translator"]},{"rank":{"index":2,"lang":"es-mx","country":"mx","chineseCountryName":"墨西哥","pkg":"com.spaceship.screen.textcopy"},"orders":["com.recognize_text.translate.screen","com.spaceship.screen.textcopy","com.tap_to_translate.snap_translate","com.newmg.yurao.pro","com.gaminik.i18n","com.niven.translator","com.microsoft.translator","com.google.android.apps.translate","com.niven.game","com.immersivetranslate.browser","com.niven.apptranslate","com.screen.translate.google","com.eecorp.taptranslator","com.zaz.translate","com.tangdi.baiguotong","com.voice_camera_free_translate","com.youdao.hindict","com.deepl.mobiletranslator","at.nk.tools.iTranslate","com.google.ar.lens"]}]