[{"rank":{"index":2,"lang":"en-us","country":"us","chineseCountryName":"美国","pkg":"com.spaceship.screen.textcopy"},"orders":["com.recognize_text.translate.screen","com.spaceship.screen.textcopy","com.tap_to_translate.snap_translate","com.niven.translator","com.gaminik.i18n","com.newmg.yurao.pro","com.microsoft.translator","com.niven.apptranslate","com.screen.translate.google","translate.speech.text.translation.voicetranslator","com.google.android.apps.translate","com.zaz.translate","com.eecorp.linguago","live.screentranslate.realtime","com.deepl.mobiletranslator","com.aurasense.screentranslate","at.nk.tools.iTranslate","com.hive.lingonative","com.niven.game","com.screen.translator.text.recognize"]},{"rank":{"index":4,"lang":"ru","country":"ru","chineseCountryName":"俄罗斯","pkg":"com.spaceship.screen.textcopy"},"orders":["com.recognize_text.translate.screen","com.niven.translator","com.tap_to_translate.snap_translate","com.spaceship.screen.textcopy","com.gaminik.i18n","com.newmg.yurao.pro","com.niven.apptranslate","live.screentranslate.realtime","com.screen.translate.google","com.eecorp.linguago","com.microsoft.translator","com.hive.lingonative","com.zaz.translate","com.galaxy.airviewdictionary","com.screen.translator.text.recognize","ru.yandex.translate","com.newtranslate.google","com.niven.game","com.google.android.apps.translate","sami.pro.com.Translate"]},{"rank":{"index":2,"lang":"pt-br","country":"br","chineseCountryName":"巴西","pkg":"com.spaceship.screen.textcopy"},"orders":["com.recognize_text.translate.screen","com.spaceship.screen.textcopy","com.tap_to_translate.snap_translate","com.niven.translator","com.gaminik.i18n","com.google.android.apps.translate","com.newmg.yurao.pro","com.microsoft.translator","at.nk.tools.iTranslate","ru.yandex.translate","photo.translate.camera.translator","com.fapp.translate.language.translator.fasttranslation","co.appnation.aivoicetranslator","com.niven.apptranslate","com.zaz.translate","com.niven.game","live.screentranslate.realtime","com.eecorp.linguago","com.screen.translate.google","com.transgull.translator"]},{"rank":{"index":2,"lang":"fr","country":"fr","chineseCountryName":"法国","pkg":"com.spaceship.screen.textcopy"},"orders":["com.recognize_text.translate.screen","com.spaceship.screen.textcopy","com.tap_to_translate.snap_translate","com.newmg.yurao.pro","com.gaminik.i18n","com.niven.translator","com.niven.apptranslate","live.screentranslate.realtime","com.eecorp.linguago","com.screen.translate.google","com.hive.lingonative","com.zaz.translate","com.galaxy.airviewdictionary","com.niven.game","com.google.android.apps.translate","com.screen.translator.text.recognize","com.microsoft.translator","translate.speech.text.translation.voicetranslator","com.yoyodev.screentranslate","com.newtranslate.google"]},{"rank":{"index":0,"lang":"en-gb","country":"gb","chineseCountryName":"英国","pkg":"com.spaceship.screen.textcopy"},"orders":["com.recognize_text.translate.screen","com.tap_to_translate.snap_translate","com.gaminik.i18n"]},{"rank":{"index":2,"lang":"de","country":"de","chineseCountryName":"德国","pkg":"com.spaceship.screen.textcopy"},"orders":["com.recognize_text.translate.screen","com.spaceship.screen.textcopy","com.niven.translator","com.tap_to_translate.snap_translate","com.google.android.apps.translate","com.gaminik.i18n","com.newmg.yurao.pro","at.nk.tools.iTranslate","com.zaz.translate","ru.yandex.translate","com.microsoft.translator"]},{"rank":{"index":2,"lang":"it","country":"it","chineseCountryName":"意大利","pkg":"com.spaceship.screen.textcopy"},"orders":["com.recognize_text.translate.screen","com.spaceship.screen.textcopy","com.tap_to_translate.snap_translate","com.google.android.apps.translate","com.gaminik.i18n","com.niven.translator","com.newmg.yurao.pro","com.microsoft.translator","com.zaz.translate","at.nk.tools.iTranslate","co.appnation.aivoicetranslator","ru.yandex.translate","com.fapp.translate.language.translator.fasttranslation","photo.translate.camera.translator"]},{"rank":{"index":3,"lang":"ja","country":"jp","chineseCountryName":"日本","pkg":"com.spaceship.screen.textcopy"},"orders":["com.recognize_text.translate.screen","com.tap_to_translate.snap_translate","com.spaceship.screen.textcopy","com.gaminik.i18n","com.google.android.apps.translate","com.microsoft.translator","com.newmg.yurao.pro","at.nk.tools.iTranslate","com.niven.translator","com.zaz.translate","com.fapp.translate.language.translator.fasttranslation","com.aurasense.screentranslate","ru.yandex.translate","com.transgull.translator"]},{"rank":{"index":2,"lang":"ko","country":"kr","chineseCountryName":"韩国","pkg":"com.spaceship.screen.textcopy"},"orders":["com.recognize_text.translate.screen","com.spaceship.screen.textcopy","com.tap_to_translate.snap_translate","com.gaminik.i18n","com.google.android.apps.translate","com.niven.translator","com.newmg.yurao.pro","com.microsoft.translator","at.nk.tools.iTranslate","com.aurasense.screentranslate","com.fapp.translate.language.translator.fasttranslation","ru.yandex.translate","co.appnation.aivoicetranslator","photo.translate.camera.translator"]},{"rank":{"index":2,"lang":"zh-hk","country":"hk","chineseCountryName":"香港","pkg":"com.spaceship.screen.textcopy"},"orders":["com.recognize_text.translate.screen","com.spaceship.screen.textcopy","com.tap_to_translate.snap_translate","com.newmg.yurao.pro","com.niven.translator","com.gaminik.i18n","com.niven.apptranslate","live.screentranslate.realtime","com.screen.translate.google","com.eecorp.linguago","com.microsoft.translator","com.zaz.translate","translate.speech.text.translation.voicetranslator","com.google.android.apps.translate","com.hive.lingonative","com.aurasense.screentranslate","com.deepl.mobiletranslator","com.galaxy.airviewdictionary","com.screen.translator.text.recognize","at.nk.tools.iTranslate"]},{"rank":{"index":2,"lang":"zh-tw","country":"tw","chineseCountryName":"台湾","pkg":"com.spaceship.screen.textcopy"},"orders":["com.recognize_text.translate.screen","com.spaceship.screen.textcopy","com.newmg.yurao.pro","com.tap_to_translate.snap_translate","com.niven.translator","com.gaminik.i18n","com.niven.apptranslate","com.eecorp.linguago","com.screen.translate.google","live.screentranslate.realtime","com.microsoft.translator","com.hive.lingonative","com.zaz.translate","com.galaxy.airviewdictionary","com.google.android.apps.translate","com.screen.translator.text.recognize","com.aurasense.screentranslate","translate.speech.text.translation.voicetranslator","com.deepl.mobiletranslator","com.newtranslate.google"]},{"rank":{"index":0,"lang":"en","country":"in","chineseCountryName":"印度","pkg":"com.spaceship.screen.textcopy"},"orders":["com.recognize_text.translate.screen","com.google.android.apps.translate","com.tap_to_translate.snap_translate"]},{"rank":{"index":2,"lang":"id","country":"id","chineseCountryName":"印尼","pkg":"com.spaceship.screen.textcopy"},"orders":["com.recognize_text.translate.screen","com.spaceship.screen.textcopy","com.tap_to_translate.snap_translate","com.niven.translator","com.gaminik.i18n","com.google.android.apps.translate","com.microsoft.translator","at.nk.tools.iTranslate","com.newmg.yurao.pro","com.zaz.translate","com.deepl.mobiletranslator","com.aurasense.screentranslate","ru.yandex.translate","photo.translate.camera.translator","com.fapp.translate.language.translator.fasttranslation","co.appnation.aivoicetranslator","com.niven.apptranslate","com.niven.game","com.screen.translate.google","com.eecorp.linguago"]},{"rank":{"index":2,"lang":"es-mx","country":"mx","chineseCountryName":"墨西哥","pkg":"com.spaceship.screen.textcopy"},"orders":["com.recognize_text.translate.screen","com.spaceship.screen.textcopy","com.tap_to_translate.snap_translate","com.gaminik.i18n","com.google.android.apps.translate","com.niven.translator","com.newmg.yurao.pro","at.nk.tools.iTranslate","com.aurasense.screentranslate","com.fapp.translate.language.translator.fasttranslation","com.microsoft.translator"]}]