[{"rank":{"index":6,"lang":"en-us","country":"us","chineseCountryName":"美国","pkg":"com.spaceship.screen.textcopy"},"orders":["com.recognize_text.translate.screen","com.google.android.apps.translate","com.microsoft.translator","com.screen.translate.google","com.niven.translator","com.spaceship.screen.textcopy","com.gaminik.i18n","com.niven.game","at.nk.tools.iTranslate","com.tap_to_translate.snap_translate","com.translate.talkingtranslator","com.sayhi.android.sayhitranslate","com.ticktalk.translatevoice","com.deepl.mobiletranslator","com.royalappcode.translation.voice.language.chat.interpreter","com.google.ar.lens","com.niven.comic","com.datacomprojects.scanandtranslate","com.zaz.translate","com.b1b.translator.voicetranslate.alllanguages.translator.app"]},{"rank":{"index":4,"lang":"ru","country":"ru","chineseCountryName":"俄罗斯","pkg":"com.spaceship.screen.textcopy"},"orders":["com.recognize_text.translate.screen","com.tap_to_translate.snap_translate","com.niven.translator","com.spaceship.screen.textcopy","com.niven.game","com.screen.translate.google","com.gaminik.i18n","ru.yandex.translate","com.microsoft.translator","com.niven.comic","com.google.android.apps.translate","com.deepl.mobiletranslator","at.nk.tools.iTranslate","com.niven.apptranslate","com.datacomprojects.scanandtranslate","com.google.ar.lens","com.newmg.yurao.pro","com.zaz.translate","com.wooask.zx","com.abbyy.mobile.lingvo.market"]},{"rank":{"index":3,"lang":"pt-br","country":"br","chineseCountryName":"巴西","pkg":"com.spaceship.screen.textcopy"},"orders":["com.recognize_text.translate.screen","com.tap_to_translate.snap_translate","com.spaceship.screen.textcopy","com.niven.game","com.microsoft.translator","com.gaminik.i18n","com.google.android.apps.translate","at.nk.tools.iTranslate","com.screen.translate.google","com.niven.comic","com.deepl.mobiletranslator","com.youdao.hindict","ru.yandex.translate","com.galaxy.airviewdictionary","com.translate.talkingtranslator","com.newmg.yurao.pro","com.naver.labs.translator","com.softissimo.reverso.context","com.sayhi.android.sayhitranslate","com.zaz.translate"]},{"rank":{"index":5,"lang":"fr","country":"fr","chineseCountryName":"法国","pkg":"com.spaceship.screen.textcopy"},"orders":["com.recognize_text.translate.screen","com.tap_to_translate.snap_translate","com.microsoft.translator","com.niven.game","com.spaceship.screen.textcopy","com.gaminik.i18n","com.niven.translator","com.google.android.apps.translate","com.screen.translate.google","com.niven.comic","at.nk.tools.iTranslate","com.image.camera.translate.ai","com.deepl.mobiletranslator","com.datacomprojects.scanandtranslate","com.b1b.translator.voicetranslate.alllanguages.translator.app","com.zaz.translate","com.tangdi.baiguotong","camtranslator.voice.text.image.translate","com.youdao.hindict","com.translate.talkingtranslator"]},{"rank":{"index":7,"lang":"en-gb","country":"gb","chineseCountryName":"英国","pkg":"com.spaceship.screen.textcopy"},"orders":["com.recognize_text.translate.screen","com.google.android.apps.translate","com.microsoft.translator","com.screen.translate.google","com.gaminik.i18n","com.niven.translator","com.spaceship.screen.textcopy","com.niven.game","at.nk.tools.iTranslate","com.tap_to_translate.snap_translate","com.deepl.mobiletranslator","com.niven.comic","com.b1b.translator.voicetranslate.alllanguages.translator.app","com.sayhi.android.sayhitranslate","com.zaz.translate","com.datacomprojects.scanandtranslate","com.royalappcode.translation.voice.language.chat.interpreter","com.image.camera.translate.ai","com.google.ar.lens","com.translate.talkingtranslator"]},{"rank":{"index":9,"lang":"de","country":"de","chineseCountryName":"德国","pkg":"com.spaceship.screen.textcopy"},"orders":["com.recognize_text.translate.screen","com.tap_to_translate.snap_translate","com.microsoft.translator","com.screen.translate.google","com.niven.translator","com.google.android.apps.translate","com.niven.game","com.gaminik.i18n","com.spaceship.screen.textcopy","com.deepl.mobiletranslator","com.niven.comic","at.nk.tools.iTranslate","com.translate.talkingtranslator","com.image.camera.translate.ai","com.datacomprojects.scanandtranslate","com.softissimo.reverso.context","camtranslator.voice.text.image.translate","com.sayhi.android.sayhitranslate","com.b1b.translator.voicetranslate.alllanguages.translator.app","com.newmg.yurao.pro"]},{"rank":{"index":2,"lang":"it","country":"it","chineseCountryName":"意大利","pkg":"com.spaceship.screen.textcopy"},"orders":["com.recognize_text.translate.screen","com.spaceship.screen.textcopy","com.gaminik.i18n","com.screen.translate.google","com.niven.translator","com.microsoft.translator","com.niven.game","com.google.android.apps.translate","at.nk.tools.iTranslate"]},{"rank":{"index":9,"lang":"ja","country":"jp","chineseCountryName":"日本","pkg":"com.spaceship.screen.textcopy"},"orders":["com.recognize_text.translate.screen","com.niven.game","com.gaminik.i18n","com.screen.translate.google","com.niven.translator","com.microsoft.translator","com.google.android.apps.translate","com.tap_to_translate.snap_translate","com.spaceship.screen.textcopy"]},{"rank":{"index":6,"lang":"ko","country":"kr","chineseCountryName":"韩国","pkg":"com.spaceship.screen.textcopy"},"orders":["com.recognize_text.translate.screen","com.tap_to_translate.snap_translate","com.gaminik.i18n","com.niven.translator","com.niven.game","com.spaceship.screen.textcopy","com.screen.translate.google","com.microsoft.translator","com.niven.comic","com.google.android.apps.translate","com.naver.labs.translator","com.image.camera.translate.ai","com.deepl.mobiletranslator","at.nk.tools.iTranslate","com.translate.talkingtranslator","com.b1b.translator.voicetranslate.alllanguages.translator.app","com.niven.apptranslate","com.youdao.hindict","com.newmg.yurao.pro","com.language.translate.free.translator.voice.translation"]},{"rank":{"index":3,"lang":"zh-hk","country":"hk","chineseCountryName":"香港","pkg":"com.spaceship.screen.textcopy"},"orders":["com.recognize_text.translate.screen","com.microsoft.translator","com.spaceship.screen.textcopy","com.google.android.apps.translate","com.screen.translate.google","com.niven.translator","com.niven.game","com.gaminik.i18n","at.nk.tools.iTranslate"]},{"rank":{"index":2,"lang":"zh-tw","country":"tw","chineseCountryName":"台湾","pkg":"com.spaceship.screen.textcopy"},"orders":["com.recognize_text.translate.screen","com.spaceship.screen.textcopy","com.microsoft.translator","com.google.android.apps.translate","com.niven.game","com.gaminik.i18n","com.niven.translator","com.screen.translate.google","at.nk.tools.iTranslate"]},{"rank":{"index":5,"lang":"en","country":"in","chineseCountryName":"印度","pkg":"com.spaceship.screen.textcopy"},"orders":["com.recognize_text.translate.screen","com.google.android.apps.translate","com.tap_to_translate.snap_translate","com.screen.translate.google","com.spaceship.screen.textcopy","com.niven.game","com.zaz.translate","at.nk.tools.iTranslate","com.niven.translator","com.newmg.yurao.pro","com.gaminik.i18n","com.google.ar.lens","com.deepl.mobiletranslator","com.sayhi.android.sayhitranslate","com.translate.talkingtranslator","com.ticktalk.translatevoice","ru.yandex.translate","com.softissimo.reverso.context","com.languagetranslator.translatorapp.smartscanner.dictionary.translation.voicetranslator","com.microsoft.translator"]},{"rank":{"index":3,"lang":"id","country":"id","chineseCountryName":"印尼","pkg":"com.spaceship.screen.textcopy"},"orders":["com.recognize_text.translate.screen","com.tap_to_translate.snap_translate","com.spaceship.screen.textcopy","com.niven.game","com.niven.translator","com.gaminik.i18n","com.screen.translate.google","com.youdao.hindict","com.niven.comic","com.google.android.apps.translate","com.microsoft.translator","com.newmg.yurao.pro","com.deepl.mobiletranslator"]},{"rank":{"index":3,"lang":"es-mx","country":"mx","chineseCountryName":"墨西哥","pkg":"com.spaceship.screen.textcopy"},"orders":["com.recognize_text.translate.screen","com.tap_to_translate.snap_translate","com.spaceship.screen.textcopy","com.niven.game","com.niven.translator","com.google.android.apps.translate","at.nk.tools.iTranslate","com.gaminik.i18n","com.screen.translate.google","com.youdao.hindict","com.niven.comic","com.deepl.mobiletranslator","ru.yandex.translate","com.translate.talkingtranslator","com.naver.labs.translator","camtranslator.voice.text.image.translate","com.sayhi.android.sayhitranslate","com.zaz.translate","com.newmg.yurao.pro","com.microsoft.translator"]}]