[{"rank":{"index":1,"lang":"en-us","country":"us","chineseCountryName":"美国","pkg":"com.spaceship.screen.textcopy"},"orders":["com.spaceship.screen.textcopy","com.newmg.yurao.pro","com.gaminik.i18n","com.google.android.apps.translate","com.niven.translator","com.niven.game","com.recognize_text.translate.screen","com.microsoft.translator","at.nk.tools.iTranslate","com.tangdi.baiguotong","com.zaz.translate","com.sayhi.android.sayhitranslate","com.deepl.mobiletranslator","com.paninitranslate","com.galaxy.airviewdictionary","com.translate.talkingtranslator","com.android.chrome","com.google.android.apps.maps","com.google.android.apps.photos","com.discord"]},{"rank":{"index":1,"lang":"ru","country":"ru","chineseCountryName":"俄罗斯","pkg":"com.spaceship.screen.textcopy"},"orders":["com.spaceship.screen.textcopy","com.recognize_text.translate.screen","com.niven.translator","com.gaminik.i18n","com.niven.game","com.google.android.apps.translate","com.newmg.yurao.pro","com.microsoft.translator","ru.yandex.translate","at.nk.tools.iTranslate","com.tangdi.baiguotong","com.paninitranslate","com.zaz.translate","com.deepl.mobiletranslator","com.simplemobiletools.draw.pro","com.softissimo.reverso.context","com.android.chrome","com.discord","com.google.ar.lens","com.duolingo"]},{"rank":{"index":1,"lang":"pt-br","country":"br","chineseCountryName":"巴西","pkg":"com.spaceship.screen.textcopy"},"orders":["com.spaceship.screen.textcopy","com.gaminik.i18n","com.newmg.yurao.pro","com.galaxy.airviewdictionary","com.niven.translator","com.recognize_text.translate.screen","com.niven.game","screen.translator.voice.translate","com.google.android.apps.translate","com.simplemobiletools.draw.pro","com.tangdi.baiguotong","com.android.chrome","com.google.android.apps.maps","com.discord","com.google.android.apps.photos","com.google.android.deskclock","com.google.android.apps.docs","com.microsoft.translator","com.microsoft.office.outlook","com.adobe.reader"]},{"rank":{"index":1,"lang":"fr","country":"fr","chineseCountryName":"法国","pkg":"com.spaceship.screen.textcopy"},"orders":["com.spaceship.screen.textcopy","com.recognize_text.translate.screen","com.gaminik.i18n","com.niven.game","com.niven.translator","com.google.android.apps.translate","com.newmg.yurao.pro","com.tangdi.baiguotong","com.microsoft.translator","at.nk.tools.iTranslate","com.zaz.translate","com.discord","com.deepl.mobiletranslator","com.duolingo","com.android.chrome","com.google.android.apps.photos","com.canva.editor","com.microsoft.office.outlook","org.videolan.vlc","com.skype.raider"]},{"rank":{"index":1,"lang":"en-gb","country":"gb","chineseCountryName":"英国","pkg":"com.spaceship.screen.textcopy"},"orders":["com.spaceship.screen.textcopy","com.recognize_text.translate.screen","com.google.android.apps.translate","com.gaminik.i18n","com.microsoft.translator","com.niven.game","com.niven.translator","at.nk.tools.iTranslate","com.newmg.yurao.pro","com.zaz.translate","com.tangdi.baiguotong","com.paninitranslate","com.deepl.mobiletranslator","com.sayhi.android.sayhitranslate","com.softissimo.reverso.context","com.ticktalk.translatevoice","ru.yandex.translate","com.translate.talkingtranslator","com.android.chrome","com.discord"]},{"rank":{"index":1,"lang":"de","country":"de","chineseCountryName":"德国","pkg":"com.spaceship.screen.textcopy"},"orders":["com.spaceship.screen.textcopy","com.gaminik.i18n","com.newmg.yurao.pro","com.recognize_text.translate.screen","com.niven.translator","com.niven.game","com.google.android.apps.translate","com.galaxy.airviewdictionary","com.microsoft.translator","com.tangdi.baiguotong","com.deepl.mobiletranslator","com.discord","com.android.chrome","com.simplemobiletools.draw.pro","com.google.android.apps.photos","com.skype.raider","com.microsoft.office.outlook","com.truecaller","com.google.android.apps.maps","com.duolingo"]},{"rank":{"index":1,"lang":"it","country":"it","chineseCountryName":"意大利","pkg":"com.spaceship.screen.textcopy"},"orders":["com.spaceship.screen.textcopy","screen.translator.voice.translate","com.gaminik.i18n","com.newmg.yurao.pro","com.niven.game","com.niven.translator","com.recognize_text.translate.screen","com.google.android.apps.translate","com.tangdi.baiguotong","at.nk.tools.iTranslate","com.galaxy.airviewdictionary","com.microsoft.translator","com.deepl.mobiletranslator","com.screen.translate.google","com.discord","com.google.android.apps.photos","com.microsoft.office.outlook","com.android.chrome","com.skype.raider","com.simplemobiletools.draw.pro"]},{"rank":{"index":1,"lang":"ja","country":"jp","chineseCountryName":"日本","pkg":"com.spaceship.screen.textcopy"},"orders":["com.spaceship.screen.textcopy","com.gaminik.i18n","com.newmg.yurao.pro","com.galaxy.airviewdictionary","com.niven.game","com.niven.translator","com.screen.translate.google","com.google.android.apps.translate","com.tangdi.baiguotong","com.recognize_text.translate.screen","at.nk.tools.iTranslate","com.deepl.mobiletranslator","com.microsoft.translator","com.discord","com.android.chrome","com.google.android.apps.maps","com.ticktalk.translatevoice","com.google.android.deskclock","com.google.ar.lens","com.duolingo"]},{"rank":{"index":1,"lang":"ko","country":"kr","chineseCountryName":"韩国","pkg":"com.spaceship.screen.textcopy"},"orders":["com.spaceship.screen.textcopy","com.gaminik.i18n","com.google.android.apps.translate","com.microsoft.translator","com.newmg.yurao.pro","com.niven.translator","com.niven.game","com.galaxy.airviewdictionary","com.recognize_text.translate.screen","at.nk.tools.iTranslate","com.zaz.translate","com.paninitranslate","com.naver.labs.translator","com.deepl.mobiletranslator","com.sayhi.android.sayhitranslate","com.discord","com.google.ar.lens","com.screen.translate.google","ru.yandex.translate","com.android.chrome"]},{"rank":{"index":1,"lang":"zh-hk","country":"hk","chineseCountryName":"香港","pkg":"com.spaceship.screen.textcopy"},"orders":["com.spaceship.screen.textcopy","com.recognize_text.translate.screen","com.gaminik.i18n","com.newmg.yurao.pro","com.niven.translator","com.niven.game","com.google.android.apps.translate","com.microsoft.translator","com.tangdi.baiguotong","at.nk.tools.iTranslate","com.zaz.translate","com.galaxy.airviewdictionary","com.android.chrome","com.paninitranslate","com.google.android.apps.maps","com.discord","com.sayhi.android.sayhitranslate","com.google.ar.lens","com.duolingo","us.zoom.videomeetings"]},{"rank":{"index":1,"lang":"zh-tw","country":"tw","chineseCountryName":"台湾","pkg":"com.spaceship.screen.textcopy"},"orders":["com.spaceship.screen.textcopy","com.gaminik.i18n","com.niven.game","com.recognize_text.translate.screen","com.newmg.yurao.pro","com.niven.translator","com.google.android.apps.translate","com.tangdi.baiguotong","at.nk.tools.iTranslate","com.microsoft.translator","com.paninitranslate","com.zaz.translate","com.discord","com.naver.labs.translator","com.android.chrome","com.google.android.apps.maps","com.sayhi.android.sayhitranslate","com.google.ar.lens","com.skype.raider","com.duolingo"]},{"rank":{"index":2,"lang":"en","country":"in","chineseCountryName":"印度","pkg":"com.spaceship.screen.textcopy"},"orders":["com.recognize_text.translate.screen","com.spaceship.screen.textcopy","com.google.android.apps.translate","com.niven.game","com.tap_to_translate.snap_translate","com.microsoft.translator","com.niven.translator","com.gaminik.i18n"]},{"rank":{"index":1,"lang":"id","country":"id","chineseCountryName":"印尼","pkg":"com.spaceship.screen.textcopy"},"orders":["com.spaceship.screen.textcopy","com.gaminik.i18n","com.niven.game","com.recognize_text.translate.screen","com.niven.translator","com.newmg.yurao.pro","com.tangdi.baiguotong","com.google.android.apps.translate","com.deepl.mobiletranslator"]},{"rank":{"index":1,"lang":"es-mx","country":"mx","chineseCountryName":"墨西哥","pkg":"com.spaceship.screen.textcopy"},"orders":["com.spaceship.screen.textcopy","com.gaminik.i18n","com.galaxy.airviewdictionary","com.niven.translator","com.niven.game","com.google.android.apps.translate","com.recognize_text.translate.screen","com.tangdi.baiguotong","com.simplemobiletools.draw.pro","com.android.chrome","com.discord","com.google.android.apps.photos","com.google.android.apps.maps","com.google.android.apps.docs","com.google.android.deskclock","com.microsoft.office.outlook","com.intsig.camscanner","com.adobe.reader","at.nk.tools.iTranslate","com.truecaller"]}]