[{"rank":{"index":2,"lang":"en-us","country":"us","chineseCountryName":"美国","pkg":"com.spaceship.screen.textcopy"},"orders":["com.recognize_text.translate.screen","com.spaceship.screen.textcopy","com.tap_to_translate.snap_translate","com.gaminik.i18n","com.niven.translator","com.google.android.apps.translate","com.newmg.yurao.pro","com.deepl.mobiletranslator","com.microsoft.translator","at.nk.tools.iTranslate","com.screen.translate.google","com.galaxy.airviewdictionary","com.immersivetranslate.browser","co.appnation.aivoicetranslator","photo.translate.camera.translator","com.niven.game","com.voice_camera_free_translate","com.fapp.translate.language.translator.fasttranslation","com.datacomprojects.scanandtranslate","live.screentranslate.realtime"]},{"rank":{"index":2,"lang":"ru","country":"ru","chineseCountryName":"俄罗斯","pkg":"com.spaceship.screen.textcopy"},"orders":["com.recognize_text.translate.screen","com.spaceship.screen.textcopy","com.gaminik.i18n","com.tap_to_translate.snap_translate","com.niven.translator","com.newmg.yurao.pro","com.deepl.mobiletranslator","com.microsoft.translator","com.galaxy.airviewdictionary","at.nk.tools.iTranslate","ru.yandex.translate","com.screen.translate.google","com.niven.game","com.voice_camera_free_translate","com.google.android.apps.translate","com.niven.apptranslate","photo.translate.camera.translator","live.screentranslate.realtime","com.immersivetranslate.browser","com.eecorp.linguago"]},{"rank":{"index":2,"lang":"pt-br","country":"br","chineseCountryName":"巴西","pkg":"com.spaceship.screen.textcopy"},"orders":["com.recognize_text.translate.screen","com.spaceship.screen.textcopy","com.gaminik.i18n","com.tap_to_translate.snap_translate","com.niven.translator","com.newmg.yurao.pro","com.deepl.mobiletranslator","com.galaxy.airviewdictionary","com.microsoft.translator","at.nk.tools.iTranslate","com.screen.translate.google","com.immersivetranslate.browser","com.niven.game","com.voice_camera_free_translate","com.phototranslator.camera.voicetranslate.texttranslation","co.appnation.aivoicetranslator","com.google.android.apps.translate","com.eecorp.linguago","com.niven.apptranslate","photo.translate.camera.translator"]},{"rank":{"index":2,"lang":"fr","country":"fr","chineseCountryName":"法国","pkg":"com.spaceship.screen.textcopy"},"orders":["com.recognize_text.translate.screen","com.spaceship.screen.textcopy","com.gaminik.i18n","com.tap_to_translate.snap_translate","com.newmg.yurao.pro","com.niven.translator","com.deepl.mobiletranslator","com.galaxy.airviewdictionary","com.microsoft.translator","com.screen.translate.google","com.eecorp.linguago","at.nk.tools.iTranslate","live.screentranslate.realtime","com.fapp.translate.language.translator.fasttranslation","com.datacomprojects.scanandtranslate","com.immersivetranslate.browser","com.niven.apptranslate","com.google.android.apps.translate","com.phototranslator.camera.voicetranslate.texttranslation","com.niven.game"]},{"rank":{"index":2,"lang":"en-gb","country":"gb","chineseCountryName":"英国","pkg":"com.spaceship.screen.textcopy"},"orders":["com.recognize_text.translate.screen","com.spaceship.screen.textcopy","com.gaminik.i18n","com.tap_to_translate.snap_translate","com.niven.translator","com.google.android.apps.translate","com.newmg.yurao.pro","com.microsoft.translator","com.deepl.mobiletranslator","at.nk.tools.iTranslate","com.galaxy.airviewdictionary","co.appnation.aivoicetranslator","com.immersivetranslate.browser","photo.translate.camera.translator","com.fapp.translate.language.translator.fasttranslation","com.screen.translate.google","com.niven.game","com.simyasolutions.translate","com.voice_camera_free_translate","com.mobisystems.msdict.embedded.wireless.collins.ee"]},{"rank":{"index":2,"lang":"de","country":"de","chineseCountryName":"德国","pkg":"com.spaceship.screen.textcopy"},"orders":["com.recognize_text.translate.screen","com.spaceship.screen.textcopy","com.gaminik.i18n","com.niven.translator","com.tap_to_translate.snap_translate","com.newmg.yurao.pro","com.deepl.mobiletranslator","com.galaxy.airviewdictionary","com.screen.translate.google","com.microsoft.translator","live.screentranslate.realtime","com.voice_camera_free_translate","com.niven.apptranslate","com.eecorp.linguago","com.fapp.translate.language.translator.fasttranslation","at.nk.tools.iTranslate","com.niven.game","com.immersivetranslate.browser","com.google.android.apps.translate","com.mobisystems.msdict.embedded.wireless.collins.ee"]},{"rank":{"index":3,"lang":"it","country":"it","chineseCountryName":"意大利","pkg":"com.spaceship.screen.textcopy"},"orders":["com.recognize_text.translate.screen","com.gaminik.i18n","com.spaceship.screen.textcopy","com.tap_to_translate.snap_translate","com.newmg.yurao.pro","com.niven.translator","com.deepl.mobiletranslator","com.microsoft.translator","com.galaxy.airviewdictionary","at.nk.tools.iTranslate"]},{"rank":{"index":3,"lang":"ja","country":"jp","chineseCountryName":"日本","pkg":"com.spaceship.screen.textcopy"},"orders":["com.recognize_text.translate.screen","com.tap_to_translate.snap_translate","com.spaceship.screen.textcopy","com.gaminik.i18n","com.newmg.yurao.pro","com.niven.translator","com.galaxy.airviewdictionary","com.deepl.mobiletranslator","com.screen.translate.google","com.microsoft.translator"]},{"rank":{"index":2,"lang":"ko","country":"kr","chineseCountryName":"韩国","pkg":"com.spaceship.screen.textcopy"},"orders":["com.recognize_text.translate.screen","com.spaceship.screen.textcopy","com.tap_to_translate.snap_translate","com.gaminik.i18n","com.newmg.yurao.pro","com.niven.translator","com.galaxy.airviewdictionary","com.screen.translate.google","com.deepl.mobiletranslator","com.microsoft.translator","com.niven.apptranslate","com.naver.labs.translator","com.eecorp.linguago","at.nk.tools.iTranslate","live.screentranslate.realtime","com.immersivetranslate.browser","com.hive.lingonative","com.google.android.apps.translate","co.appnation.aivoicetranslator","photo.translate.camera.translator"]},{"rank":{"index":2,"lang":"zh-hk","country":"hk","chineseCountryName":"香港","pkg":"com.spaceship.screen.textcopy"},"orders":["com.recognize_text.translate.screen","com.spaceship.screen.textcopy","com.gaminik.i18n","com.tap_to_translate.snap_translate","com.niven.translator","com.newmg.yurao.pro","com.microsoft.translator","com.deepl.mobiletranslator","com.galaxy.airviewdictionary","at.nk.tools.iTranslate","com.google.android.apps.translate","com.screen.translate.google","com.voice_camera_free_translate","photo.translate.camera.translator","com.niven.game","com.phototranslator.camera.voicetranslate.texttranslation","com.immersivetranslate.browser","com.niven.apptranslate","live.screentranslate.realtime","com.eecorp.linguago"]},{"rank":{"index":2,"lang":"zh-tw","country":"tw","chineseCountryName":"台湾","pkg":"com.spaceship.screen.textcopy"},"orders":["com.recognize_text.translate.screen","com.spaceship.screen.textcopy","com.gaminik.i18n","com.tap_to_translate.snap_translate","com.niven.translator","com.newmg.yurao.pro","com.microsoft.translator","com.deepl.mobiletranslator","com.galaxy.airviewdictionary","at.nk.tools.iTranslate","com.screen.translate.google","com.voice_camera_free_translate","photo.translate.camera.translator","com.google.android.apps.translate","com.niven.game","com.immersivetranslate.browser","com.phototranslator.camera.voicetranslate.texttranslation","live.screentranslate.realtime","com.niven.apptranslate","co.appnation.aivoicetranslator"]},{"rank":{"index":2,"lang":"en","country":"in","chineseCountryName":"印度","pkg":"com.spaceship.screen.textcopy"},"orders":["com.recognize_text.translate.screen","com.spaceship.screen.textcopy","com.newmg.yurao.pro"]},{"rank":{"index":1,"lang":"id","country":"id","chineseCountryName":"印尼","pkg":"com.spaceship.screen.textcopy"},"orders":["com.spaceship.screen.textcopy","com.recognize_text.translate.screen","com.gaminik.i18n","com.tap_to_translate.snap_translate","com.niven.translator","com.newmg.yurao.pro","com.deepl.mobiletranslator","com.galaxy.airviewdictionary","com.niven.game","at.nk.tools.iTranslate","com.microsoft.translator","com.screen.translate.google","com.google.android.apps.translate","com.voice_camera_free_translate","com.eecorp.linguago","com.niven.apptranslate","live.screentranslate.realtime","co.appnation.aivoicetranslator","free.language.translate.translator","com.fapp.translate.language.translator.fasttranslation"]},{"rank":{"index":2,"lang":"es-mx","country":"mx","chineseCountryName":"墨西哥","pkg":"com.spaceship.screen.textcopy"},"orders":["com.recognize_text.translate.screen","com.spaceship.screen.textcopy","com.gaminik.i18n","com.tap_to_translate.snap_translate","com.niven.translator","com.newmg.yurao.pro","com.microsoft.translator","com.google.android.apps.translate","com.deepl.mobiletranslator","com.immersivetranslate.browser","com.galaxy.airviewdictionary","com.screen.translate.google"]}]