[{"rank":{"index":2,"lang":"en-us","country":"us","chineseCountryName":"美国","pkg":"com.spaceship.screen.textcopy"},"orders":["com.recognize_text.translate.screen","com.spaceship.screen.textcopy","com.tap_to_translate.snap_translate","com.google.android.apps.translate","com.microsoft.translator","com.gaminik.i18n","com.niven.translator","com.newmg.yurao.pro","at.nk.tools.iTranslate","com.niven.game","com.language.translate.free.translator.voice.translation","com.naver.labs.translator","com.datacomprojects.scanandtranslate","com.google.ar.lens","com.heapsol.spanishenglishtranslator","com.eecorp.linguago","com.ticktalk.translatevoice","com.screen.translate.google","ru.yandex.translate","com.niven.apptranslate"]},{"rank":{"index":0,"lang":"ru","country":"ru","chineseCountryName":"俄罗斯","pkg":"com.spaceship.screen.textcopy"},"orders":["com.recognize_text.translate.screen","com.tap_to_translate.snap_translate","com.niven.translator","com.newmg.yurao.pro","com.microsoft.translator","com.gaminik.i18n","com.google.android.apps.translate","com.niven.game","ru.yandex.translate","at.nk.tools.iTranslate","com.datacomprojects.scanandtranslate","com.language.translate.free.translator.voice.translation","com.niven.apptranslate","com.naver.labs.translator","com.traductorweb","com.google.ar.lens","com.translate.language.translator.voice.translation","com.translate.talkingtranslator","com.eecorp.linguago","com.ticktalk.translatevoice"]},{"rank":{"index":2,"lang":"pt-br","country":"br","chineseCountryName":"巴西","pkg":"com.spaceship.screen.textcopy"},"orders":["com.recognize_text.translate.screen","com.spaceship.screen.textcopy","com.tap_to_translate.snap_translate","com.gaminik.i18n","com.newmg.yurao.pro","com.niven.translator","com.microsoft.translator","com.niven.game","at.nk.tools.iTranslate","com.google.android.apps.translate","com.eecorp.linguago","com.language.translate.free.translator.voice.translation","com.niven.apptranslate","com.voice_camera_free_translate","com.translate.language.translator.voice.translation","ru.yandex.translate","com.deepl.mobiletranslator","com.niven.comic","com.audacityittranslator.translatetexttranslator","free.translate.all.language.translator"]},{"rank":{"index":2,"lang":"fr","country":"fr","chineseCountryName":"法国","pkg":"com.spaceship.screen.textcopy"},"orders":["com.recognize_text.translate.screen","com.spaceship.screen.textcopy","com.tap_to_translate.snap_translate","com.newmg.yurao.pro","com.gaminik.i18n","com.microsoft.translator","com.niven.translator","com.google.android.apps.translate","at.nk.tools.iTranslate","com.datacomprojects.scanandtranslate","com.niven.game","com.language.translate.free.translator.voice.translation","com.google.ar.lens","com.translate.talkingtranslator","com.deepl.mobiletranslator","com.ticktalk.translatevoice","com.eecorp.linguago","ru.yandex.translate","com.translate.language.translator.voice.translation","camtranslator.voice.text.image.translate"]},{"rank":{"index":2,"lang":"en-gb","country":"gb","chineseCountryName":"英国","pkg":"com.spaceship.screen.textcopy"},"orders":["com.recognize_text.translate.screen","com.spaceship.screen.textcopy","com.tap_to_translate.snap_translate","com.microsoft.translator","com.google.android.apps.translate","com.newmg.yurao.pro","com.gaminik.i18n","com.niven.translator","at.nk.tools.iTranslate","com.language.translate.free.translator.voice.translation","com.datacomprojects.scanandtranslate","com.google.ar.lens","com.naver.labs.translator","com.niven.game","com.ticktalk.translatevoice","ru.yandex.translate","com.siv","com.eecorp.linguago","com.deepl.mobiletranslator","com.zaz.translate"]},{"rank":{"index":2,"lang":"de","country":"de","chineseCountryName":"德国","pkg":"com.spaceship.screen.textcopy"},"orders":["com.recognize_text.translate.screen","com.spaceship.screen.textcopy","com.tap_to_translate.snap_translate","com.newmg.yurao.pro","com.microsoft.translator","com.niven.translator","com.gaminik.i18n","com.google.android.apps.translate","com.niven.game","at.nk.tools.iTranslate","com.datacomprojects.scanandtranslate","com.language.translate.free.translator.voice.translation","com.deepl.mobiletranslator","com.eecorp.linguago","ru.yandex.translate","com.niven.apptranslate","com.voice_camera_free_translate","com.translate.talkingtranslator","com.traductorweb","com.translate.language.translator.voice.translation"]},{"rank":{"index":2,"lang":"it","country":"it","chineseCountryName":"意大利","pkg":"com.spaceship.screen.textcopy"},"orders":["com.recognize_text.translate.screen","com.spaceship.screen.textcopy","com.tap_to_translate.snap_translate","com.gaminik.i18n","com.newmg.yurao.pro","com.microsoft.translator","com.niven.translator","at.nk.tools.iTranslate","com.google.android.apps.translate","com.niven.game","com.datacomprojects.scanandtranslate","com.language.translate.free.translator.voice.translation","com.google.ar.lens"]},{"rank":{"index":2,"lang":"ja","country":"jp","chineseCountryName":"日本","pkg":"com.spaceship.screen.textcopy"},"orders":["com.recognize_text.translate.screen","com.spaceship.screen.textcopy","com.tap_to_translate.snap_translate","com.newmg.yurao.pro","com.gaminik.i18n","com.niven.translator","com.microsoft.translator","com.google.android.apps.translate","com.google.ar.lens","com.naver.labs.translator","com.deepl.mobiletranslator","com.eecorp.linguago","com.niven.game","com.datacomprojects.scanandtranslate","com.niven.apptranslate","at.nk.tools.iTranslate","com.translate.talkingtranslator","com.google.android.apps.maps","com.android.chrome","com.openai.chatgpt"]},{"rank":{"index":2,"lang":"ko","country":"kr","chineseCountryName":"韩国","pkg":"com.spaceship.screen.textcopy"},"orders":["com.recognize_text.translate.screen","com.spaceship.screen.textcopy","com.newmg.yurao.pro","com.tap_to_translate.snap_translate","com.microsoft.translator","com.google.android.apps.translate","com.gaminik.i18n","com.naver.labs.translator","com.niven.translator","at.nk.tools.iTranslate","com.datacomprojects.scanandtranslate","com.niven.game","com.language.translate.free.translator.voice.translation","com.google.ar.lens","translate.all.language.translator.cameratranslator","com.eecorp.linguago","com.immersivetranslate.browser","ru.yandex.translate","com.wooask.zx","com.deepl.mobiletranslator"]},{"rank":{"index":2,"lang":"zh-hk","country":"hk","chineseCountryName":"香港","pkg":"com.spaceship.screen.textcopy"},"orders":["com.recognize_text.translate.screen","com.spaceship.screen.textcopy","com.gaminik.i18n","com.microsoft.translator","com.tap_to_translate.snap_translate","com.newmg.yurao.pro","com.google.android.apps.translate","com.niven.translator","at.nk.tools.iTranslate","com.datacomprojects.scanandtranslate","com.niven.game","com.naver.labs.translator","com.language.translate.free.translator.voice.translation","com.immersivetranslate.browser","com.google.ar.lens","com.eecorp.linguago","com.niven.apptranslate","com.translate.talkingtranslator","com.screen.translate.google","com.deepl.mobiletranslator"]},{"rank":{"index":2,"lang":"zh-tw","country":"tw","chineseCountryName":"台湾","pkg":"com.spaceship.screen.textcopy"},"orders":["com.recognize_text.translate.screen","com.spaceship.screen.textcopy","com.newmg.yurao.pro","com.tap_to_translate.snap_translate","com.microsoft.translator","com.gaminik.i18n","com.google.android.apps.translate","com.niven.translator","at.nk.tools.iTranslate","com.niven.game","com.naver.labs.translator","com.datacomprojects.scanandtranslate","com.language.translate.free.translator.voice.translation","com.immersivetranslate.browser","com.voice_camera_free_translate","com.eecorp.linguago","com.translate.talkingtranslator","com.google.ar.lens","com.niven.apptranslate","com.deepl.mobiletranslator"]},{"rank":{"index":2,"lang":"en","country":"in","chineseCountryName":"印度","pkg":"com.spaceship.screen.textcopy"},"orders":["com.recognize_text.translate.screen","com.spaceship.screen.textcopy","com.tap_to_translate.snap_translate"]},{"rank":{"index":2,"lang":"id","country":"id","chineseCountryName":"印尼","pkg":"com.spaceship.screen.textcopy"},"orders":["com.recognize_text.translate.screen","com.spaceship.screen.textcopy","com.tap_to_translate.snap_translate","com.newmg.yurao.pro","com.gaminik.i18n","com.niven.translator","com.niven.game","com.google.android.apps.translate","at.nk.tools.iTranslate","com.microsoft.translator","com.language.translate.free.translator.voice.translation","com.eecorp.linguago","com.youdao.hindict","com.deepl.mobiletranslator"]},{"rank":{"index":2,"lang":"es-mx","country":"mx","chineseCountryName":"墨西哥","pkg":"com.spaceship.screen.textcopy"},"orders":["com.recognize_text.translate.screen","com.spaceship.screen.textcopy","com.tap_to_translate.snap_translate","com.newmg.yurao.pro","com.gaminik.i18n","com.niven.translator","com.microsoft.translator","at.nk.tools.iTranslate","com.google.android.apps.translate","com.niven.game","com.language.translate.free.translator.voice.translation","com.eecorp.linguago"]}]