[{"rank":{"index":2,"lang":"en-us","country":"us","chineseCountryName":"美国","pkg":"com.spaceship.screen.textcopy"},"orders":["com.recognize_text.translate.screen","com.spaceship.screen.textcopy","com.gaminik.i18n","com.google.android.apps.translate","com.niven.translator","com.niven.game","com.screen.translate.google","com.newmg.yurao.pro","com.deepl.mobiletranslator","com.microsoft.translator","com.tangdi.baiguotong","com.android.chrome","com.google.android.apps.photos","com.facebook.orca","com.google.android.apps.maps","com.google.android.dialer","com.google.android.keep","com.google.android.deskclock","com.naver.labs.translator","com.google.android.calendar"]},{"rank":{"index":1,"lang":"ru","country":"ru","chineseCountryName":"俄罗斯","pkg":"com.spaceship.screen.textcopy"},"orders":["com.spaceship.screen.textcopy","com.niven.translator","com.gaminik.i18n","com.niven.game","com.newmg.yurao.pro","com.screen.translate.google","com.recognize_text.translate.screen","com.google.android.apps.translate","ru.yandex.translate","com.deepl.mobiletranslator","com.facebook.orca","com.android.chrome","com.discord","com.skype.raider","com.google.android.dialer","us.zoom.videomeetings","com.google.android.apps.photos","com.google.android.apps.kids.familylink","com.google.android.apps.youtube.creator","com.google.android.deskclock"]},{"rank":{"index":2,"lang":"fr","country":"fr","chineseCountryName":"法国","pkg":"com.spaceship.screen.textcopy"},"orders":["com.recognize_text.translate.screen","com.spaceship.screen.textcopy","com.gaminik.i18n","com.niven.game","com.niven.apptranslate","com.screen.translate.google","com.niven.translator","com.google.android.apps.translate","com.newmg.yurao.pro","com.discord","com.facebook.orca","com.google.android.apps.photos","com.android.chrome","com.amazon.kindle","com.skype.raider","com.deepl.mobiletranslator","com.microsoft.office.outlook","com.google.android.calendar","com.canva.editor","us.zoom.videomeetings"]},{"rank":{"index":2,"lang":"en-gb","country":"gb","chineseCountryName":"英国","pkg":"com.spaceship.screen.textcopy"},"orders":["com.recognize_text.translate.screen","com.spaceship.screen.textcopy","com.gaminik.i18n","com.google.android.apps.translate","com.niven.translator","com.niven.game","com.screen.translate.google","com.newmg.yurao.pro","com.facebook.orca","com.deepl.mobiletranslator","com.android.chrome","com.ubercab","com.google.android.apps.photos","com.discord","com.amazon.kindle","com.google.android.apps.maps","com.duolingo","com.google.android.inputmethod.latin","com.skype.raider","com.microsoft.office.outlook"]},{"rank":{"index":2,"lang":"de","country":"de","chineseCountryName":"德国","pkg":"com.spaceship.screen.textcopy"},"orders":["com.recognize_text.translate.screen","com.spaceship.screen.textcopy","com.gaminik.i18n","com.screen.translate.google","com.niven.apptranslate","com.google.android.apps.translate","com.niven.game","com.niven.translator","com.newmg.yurao.pro","com.deepl.mobiletranslator","com.discord","com.facebook.orca","com.microsoft.translator","com.amazon.kindle","com.android.chrome","com.google.android.apps.photos","us.zoom.videomeetings","com.skype.raider","com.ubercab","com.google.android.apps.maps"]},{"rank":{"index":2,"lang":"it","country":"it","chineseCountryName":"意大利","pkg":"com.spaceship.screen.textcopy"},"orders":["com.recognize_text.translate.screen","com.spaceship.screen.textcopy","com.gaminik.i18n","com.niven.game","com.niven.translator","com.screen.translate.google","com.google.android.apps.translate","com.newmg.yurao.pro","com.deepl.mobiletranslator","at.nk.tools.iTranslate","com.microsoft.translator","com.facebook.orca","com.discord","com.google.android.apps.photos","com.niven.apptranslate","com.amazon.kindle","com.android.chrome","us.zoom.videomeetings","com.skype.raider","com.canva.editor"]},{"rank":{"index":1,"lang":"ja","country":"jp","chineseCountryName":"日本","pkg":"com.spaceship.screen.textcopy"},"orders":["com.spaceship.screen.textcopy","com.gaminik.i18n","com.recognize_text.translate.screen","com.screen.translate.google","com.niven.game","com.google.android.apps.translate","com.niven.translator","com.deepl.mobiletranslator","com.tangdi.baiguotong","com.newmg.yurao.pro","com.facebook.orca","com.android.chrome","at.nk.tools.iTranslate","com.discord","com.google.android.apps.maps","com.naver.labs.translator","com.amazon.kindle","com.google.android.deskclock","com.duolingo","com.skype.raider"]},{"rank":{"index":1,"lang":"ko","country":"kr","chineseCountryName":"韩国","pkg":"com.spaceship.screen.textcopy"},"orders":["com.spaceship.screen.textcopy","com.recognize_text.translate.screen","com.niven.game","com.gaminik.i18n","com.niven.translator","com.screen.translate.google","com.google.android.apps.translate","com.newmg.yurao.pro","com.naver.labs.translator","com.deepl.mobiletranslator","com.facebook.orca","com.discord","com.google.ar.core","com.android.chrome","us.zoom.videomeetings","com.sec.android.app.sbrowser","com.google.android.apps.photos","com.google.android.apps.youtube.creator","com.duolingo","com.ubercab"]},{"rank":{"index":1,"lang":"zh-hk","country":"hk","chineseCountryName":"香港","pkg":"com.spaceship.screen.textcopy"},"orders":["com.spaceship.screen.textcopy","com.gaminik.i18n","com.newmg.yurao.pro","com.screen.translate.google","com.niven.game","com.recognize_text.translate.screen","com.niven.translator","com.google.android.apps.translate","com.facebook.orca","com.android.chrome","com.google.android.apps.maps","com.discord","us.zoom.videomeetings","com.ubercab","com.skype.raider","com.google.android.apps.photos","com.sec.android.app.sbrowser","com.duolingo","com.microsoft.office.outlook","com.microsoft.emmx"]},{"rank":{"index":1,"lang":"zh-tw","country":"tw","chineseCountryName":"台湾","pkg":"com.spaceship.screen.textcopy"},"orders":["com.spaceship.screen.textcopy","com.recognize_text.translate.screen","com.gaminik.i18n","com.niven.game","com.screen.translate.google","com.niven.apptranslate","com.niven.translator","com.google.android.apps.translate","com.newmg.yurao.pro","com.facebook.orca","com.discord","com.google.android.apps.maps","com.android.chrome","com.skype.raider","com.naver.labs.translator","com.ubercab","com.duolingo","us.zoom.videomeetings","com.google.android.apps.photos","com.canva.editor"]},{"rank":{"index":3,"lang":"en","country":"in","chineseCountryName":"印度","pkg":"com.spaceship.screen.textcopy"},"orders":["com.recognize_text.translate.screen","com.google.android.apps.translate","com.spaceship.screen.textcopy","com.niven.game","com.newmg.yurao.pro","com.screen.translate.google","com.niven.translator","com.microblink.photomath","com.zaz.translate","com.tap_to_translate.snap_translate","com.microsoft.translator","at.nk.tools.iTranslate","com.naver.labs.translator","com.google.android.apps.docs","com.duckduckgo.mobile.android","com.google.android.deskclock","com.deepl.mobiletranslator","ru.yandex.translate","com.azure.authenticator","com.gaminik.i18n"]},{"rank":{"index":2,"lang":"id","country":"id","chineseCountryName":"印尼","pkg":"com.spaceship.screen.textcopy"},"orders":["com.recognize_text.translate.screen","com.spaceship.screen.textcopy","com.gaminik.i18n","com.newmg.yurao.pro","com.screen.translate.google","com.niven.translator","com.niven.game","com.google.android.apps.translate","com.tap_to_translate.snap_translate","com.facebook.orca","com.tokopedia.tkpd","com.android.chrome"]},{"rank":{"index":2,"lang":"es-mx","country":"mx","chineseCountryName":"墨西哥","pkg":"com.spaceship.screen.textcopy"},"orders":["com.recognize_text.translate.screen","com.spaceship.screen.textcopy","com.niven.game","com.google.android.apps.translate","com.screen.translate.google","com.tap_to_translate.snap_translate","com.youdao.hindict","com.microblink.photomath","com.deepl.mobiletranslator","com.newmg.yurao.pro","com.microsoft.translator","at.nk.tools.iTranslate","com.zaz.translate","com.niven.apptranslate","com.naver.labs.translator","com.duckduckgo.mobile.android","com.google.android.apps.docs","ru.yandex.translate","com.gaminik.i18n","com.niven.translator"]}]