[{"rank":{"index":2,"lang":"en-us","country":"us","chineseCountryName":"美国","pkg":"com.spaceship.screen.textcopy"},"orders":["com.recognize_text.translate.screen","com.spaceship.screen.textcopy","com.tap_to_translate.snap_translate","com.gaminik.i18n","com.niven.translator","com.google.android.apps.translate","com.aurasense.screentranslate","com.newmg.yurao.pro","com.deepl.mobiletranslator","com.microsoft.translator","at.nk.tools.iTranslate","com.zaz.translate","com.hive.lingonative","link.zhidou.btranslator","com.naver.labs.translator","com.yoyodev.screentranslate","com.screen.translate.google","com.niven.game","ru.yandex.translate","photo.translate.camera.translator"]},{"rank":{"index":3,"lang":"ru","country":"ru","chineseCountryName":"俄罗斯","pkg":"com.spaceship.screen.textcopy"},"orders":["com.recognize_text.translate.screen","com.niven.translator","com.spaceship.screen.textcopy","com.tap_to_translate.snap_translate","com.gaminik.i18n","com.newmg.yurao.pro","com.microsoft.translator","com.yoyodev.screentranslate","com.hive.lingonative","com.google.android.apps.translate","com.screen.translate.google","com.zaz.translate","link.zhidou.btranslator","at.nk.tools.iTranslate","ru.yandex.translate","live.screentranslate.realtime","com.niven.game","com.galaxy.airviewdictionary","photo.translate.camera.translator","com.mg.chat"]},{"rank":{"index":2,"lang":"pt-br","country":"br","chineseCountryName":"巴西","pkg":"com.spaceship.screen.textcopy"},"orders":["com.recognize_text.translate.screen","com.spaceship.screen.textcopy","com.tap_to_translate.snap_translate","com.niven.translator","com.gaminik.i18n","com.newmg.yurao.pro","com.google.android.apps.translate","com.hive.lingonative","at.nk.tools.iTranslate","com.microsoft.translator","com.zaz.translate","com.screen.translate.google","link.zhidou.btranslator","com.deepl.mobiletranslator","com.niven.game","live.screentranslate.realtime","photo.translate.camera.translator","co.appnation.aivoicetranslator","co.langlang.translator_for_wsp","com.galaxy.airviewdictionary"]},{"rank":{"index":2,"lang":"fr","country":"fr","chineseCountryName":"法国","pkg":"com.spaceship.screen.textcopy"},"orders":["com.recognize_text.translate.screen","com.spaceship.screen.textcopy","com.tap_to_translate.snap_translate","com.gaminik.i18n","com.niven.translator","com.newmg.yurao.pro","com.aurasense.screentranslate","com.deepl.mobiletranslator","com.hive.lingonative","com.yoyodev.screentranslate","com.google.android.apps.translate","com.zaz.translate","link.zhidou.btranslator","com.screen.translate.google","com.microsoft.translator","photo.translate.camera.translator","at.nk.tools.iTranslate","com.niven.game","co.appnation.aivoicetranslator","live.screentranslate.realtime"]},{"rank":{"index":2,"lang":"en-gb","country":"gb","chineseCountryName":"英国","pkg":"com.spaceship.screen.textcopy"},"orders":["com.recognize_text.translate.screen","com.spaceship.screen.textcopy","com.tap_to_translate.snap_translate","com.google.android.apps.translate","com.deepl.mobiletranslator","at.nk.tools.iTranslate","com.microsoft.translator","com.zaz.translate","link.zhidou.btranslator","ru.yandex.translate","photo.translate.camera.translator","com.niven.translator","com.newmg.yurao.pro","com.aurasense.screentranslate","com.galaxy.airviewdictionary","com.translate.talkingtranslator","com.gyaser.screen.translator","screen.translator.voice.translate","com.screen.translate.google","com.naver.labs.translator"]},{"rank":{"index":2,"lang":"de","country":"de","chineseCountryName":"德国","pkg":"com.spaceship.screen.textcopy"},"orders":["com.recognize_text.translate.screen","com.spaceship.screen.textcopy","com.niven.translator","com.newmg.yurao.pro","com.gaminik.i18n","com.tap_to_translate.snap_translate","com.hive.lingonative","com.aurasense.screentranslate","com.deepl.mobiletranslator","com.yoyodev.screentranslate","link.zhidou.btranslator","com.screen.translate.google","com.google.android.apps.translate","com.microsoft.translator","com.zaz.translate","at.nk.tools.iTranslate","live.screentranslate.realtime","photo.translate.camera.translator","com.galaxy.airviewdictionary","co.appnation.aivoicetranslator"]},{"rank":{"index":2,"lang":"it","country":"it","chineseCountryName":"意大利","pkg":"com.spaceship.screen.textcopy"},"orders":["com.recognize_text.translate.screen","com.spaceship.screen.textcopy","com.tap_to_translate.snap_translate","com.gaminik.i18n","com.niven.translator","com.aurasense.screentranslate","com.newmg.yurao.pro","com.google.android.apps.translate","com.hive.lingonative","com.zaz.translate","link.zhidou.btranslator","com.microsoft.translator","com.yoyodev.screentranslate","com.screen.translate.google","com.deepl.mobiletranslator","co.appnation.aivoicetranslator","at.nk.tools.iTranslate","ru.yandex.translate","photo.translate.camera.translator","com.tangdi.baiguotong"]},{"rank":{"index":2,"lang":"ja","country":"jp","chineseCountryName":"日本","pkg":"com.spaceship.screen.textcopy"},"orders":["com.recognize_text.translate.screen","com.spaceship.screen.textcopy","com.gaminik.i18n","com.tap_to_translate.snap_translate","com.newmg.yurao.pro","com.niven.translator","com.aurasense.screentranslate","com.hive.lingonative","com.screen.translate.google","com.google.android.apps.translate","com.aktaris.chattranslator","com.deepl.mobiletranslator","com.naver.labs.translator","live.screentranslate.realtime","com.microsoft.translator"]},{"rank":{"index":2,"lang":"ko","country":"kr","chineseCountryName":"韩国","pkg":"com.spaceship.screen.textcopy"},"orders":["com.recognize_text.translate.screen","com.spaceship.screen.textcopy","com.gaminik.i18n","com.tap_to_translate.snap_translate","com.niven.translator","com.newmg.yurao.pro","com.aurasense.screentranslate","com.hive.lingonative","com.microsoft.translator","com.deepl.mobiletranslator","com.screen.translate.google","com.naver.labs.translator","link.zhidou.btranslator","live.screentranslate.realtime","com.google.android.apps.translate","com.zaz.translate","at.nk.tools.iTranslate","com.galaxy.airviewdictionary","com.translate.talkingtranslator","co.appnation.aivoicetranslator"]},{"rank":{"index":2,"lang":"zh-hk","country":"hk","chineseCountryName":"香港","pkg":"com.spaceship.screen.textcopy"},"orders":["com.recognize_text.translate.screen","com.spaceship.screen.textcopy","com.tap_to_translate.snap_translate","com.newmg.yurao.pro","com.microsoft.translator","com.gaminik.i18n","com.aurasense.screentranslate","com.niven.translator","at.nk.tools.iTranslate","com.google.android.apps.translate","com.hive.lingonative","com.zaz.translate","com.deepl.mobiletranslator","link.zhidou.btranslator","com.screen.translate.google","com.naver.labs.translator","com.yoyodev.screentranslate","photo.translate.camera.translator","live.screentranslate.realtime","com.translate.talkingtranslator"]},{"rank":{"index":2,"lang":"zh-tw","country":"tw","chineseCountryName":"台湾","pkg":"com.spaceship.screen.textcopy"},"orders":["com.recognize_text.translate.screen","com.spaceship.screen.textcopy","com.newmg.yurao.pro","com.gaminik.i18n","com.aurasense.screentranslate","com.google.android.apps.translate","com.niven.translator","com.microsoft.translator","com.tap_to_translate.snap_translate","com.hive.lingonative","com.zaz.translate","com.deepl.mobiletranslator","at.nk.tools.iTranslate","link.zhidou.btranslator","com.screen.translate.google","com.naver.labs.translator","ru.yandex.translate","com.yoyodev.screentranslate","co.langlang.translator_for_wsp","photo.translate.camera.translator"]},{"rank":{"index":0,"lang":"en","country":"in","chineseCountryName":"印度","pkg":"com.spaceship.screen.textcopy"},"orders":["com.recognize_text.translate.screen","com.tap_to_translate.snap_translate","com.gaminik.i18n","com.google.android.apps.translate","at.nk.tools.iTranslate","com.deepl.mobiletranslator","com.newmg.yurao.pro","com.niven.translator","com.aurasense.screentranslate","com.galaxy.airviewdictionary","screen.translator.voice.translate","com.gyaser.screen.translator","com.screen.translate.google","translate.speech.text.translation.voicetranslator","com.yoyodev.screentranslate","com.hive.lingonative","com.mg.chat","ru.yandex.translate","live.screentranslate.realtime","com.addevice.translate"]},{"rank":{"index":2,"lang":"id","country":"id","chineseCountryName":"印尼","pkg":"com.spaceship.screen.textcopy"},"orders":["com.recognize_text.translate.screen","com.spaceship.screen.textcopy","com.tap_to_translate.snap_translate","com.niven.translator","com.gaminik.i18n","com.newmg.yurao.pro","com.aurasense.screentranslate","com.hive.lingonative","com.google.android.apps.translate","com.deepl.mobiletranslator","com.zaz.translate","at.nk.tools.iTranslate","com.yoyodev.screentranslate","com.screen.translate.google","com.niven.game","com.microsoft.translator","live.screentranslate.realtime","com.naver.labs.translator","com.galaxy.airviewdictionary","link.zhidou.btranslator"]},{"rank":{"index":2,"lang":"es-mx","country":"mx","chineseCountryName":"墨西哥","pkg":"com.spaceship.screen.textcopy"},"orders":["com.recognize_text.translate.screen","com.spaceship.screen.textcopy","com.gaminik.i18n","com.tap_to_translate.snap_translate","com.niven.translator","com.newmg.yurao.pro","com.hive.lingonative","com.aurasense.screentranslate","com.yoyodev.screentranslate","com.google.android.apps.translate","com.microsoft.translator","link.zhidou.btranslator","com.deepl.mobiletranslator","com.zaz.translate"]}]