[{"rank":{"index":1,"lang":"en-us","country":"us","chineseCountryName":"美国","pkg":"com.spaceship.screen.textcopy"},"orders":["com.spaceship.screen.textcopy","com.recognize_text.translate.screen","com.microsoft.translator","com.newmg.yurao.pro","com.gaminik.i18n","com.niven.translator","com.google.android.apps.translate","com.niven.game","at.nk.tools.iTranslate","com.eecorp.taptranslator","com.naver.labs.translator","com.galaxy.airviewdictionary","com.zaz.translate","com.niven.comic","com.deepl.mobiletranslator","com.sayhi.android.sayhitranslate","com.screen.translate.google","com.image.camera.translate.ai","com.easytranslate.easytranslate","com.translate.language.translator.voice.translation"]},{"rank":{"index":2,"lang":"ru","country":"ru","chineseCountryName":"俄罗斯","pkg":"com.spaceship.screen.textcopy"},"orders":["com.recognize_text.translate.screen","com.spaceship.screen.textcopy","com.niven.translator","com.gaminik.i18n","com.microsoft.translator","com.niven.game","com.google.android.apps.translate","ru.yandex.translate","com.newmg.yurao.pro","com.deepl.mobiletranslator","com.niven.comic","at.nk.tools.iTranslate","com.galaxy.airviewdictionary","com.screen.translate.google","com.naver.labs.translator","com.youdao.hindict","com.tangdi.baiguotong","com.softissimo.reverso.context","com.image.camera.translate.ai","com.translate.language.translator.voice.translation"]},{"rank":{"index":2,"lang":"pt-br","country":"br","chineseCountryName":"巴西","pkg":"com.spaceship.screen.textcopy"},"orders":["com.recognize_text.translate.screen","com.spaceship.screen.textcopy","com.gaminik.i18n","com.niven.translator","com.niven.game","com.microsoft.translator","com.niven.comic","com.eecorp.taptranslator","com.newmg.yurao.pro","com.galaxy.airviewdictionary","com.google.android.apps.translate","at.nk.tools.iTranslate","com.youdao.hindict","com.screen.translate.google","com.android.chrome","com.google.android.apps.photos","com.image.camera.translate.ai","com.deepl.mobiletranslator","com.google.android.apps.maps","com.skype.raider"]},{"rank":{"index":2,"lang":"fr","country":"fr","chineseCountryName":"法国","pkg":"com.spaceship.screen.textcopy"},"orders":["com.recognize_text.translate.screen","com.spaceship.screen.textcopy","com.gaminik.i18n","com.niven.translator","com.niven.game","com.microsoft.translator","com.newmg.yurao.pro","com.google.android.apps.translate","com.galaxy.airviewdictionary","com.eecorp.taptranslator","com.niven.comic","at.nk.tools.iTranslate","com.image.camera.translate.ai","com.zaz.translate","com.deepl.mobiletranslator","com.intsig.camscanner","com.screen.translate.google","com.discord","com.skype.raider","com.android.chrome"]},{"rank":{"index":2,"lang":"en-gb","country":"gb","chineseCountryName":"英国","pkg":"com.spaceship.screen.textcopy"},"orders":["com.recognize_text.translate.screen","com.spaceship.screen.textcopy","com.microsoft.translator","com.google.android.apps.translate","com.gaminik.i18n","com.niven.translator","com.niven.game","at.nk.tools.iTranslate","com.zaz.translate","com.deepl.mobiletranslator","com.newmg.yurao.pro","com.galaxy.airviewdictionary","com.image.camera.translate.ai","com.naver.labs.translator","com.youdao.hindict","com.sayhi.android.sayhitranslate","com.translate.language.translator.voice.translation","com.niven.comic","com.easytranslate.easytranslate","com.datacomprojects.scanandtranslate"]},{"rank":{"index":1,"lang":"de","country":"de","chineseCountryName":"德国","pkg":"com.spaceship.screen.textcopy"},"orders":["com.spaceship.screen.textcopy","com.recognize_text.translate.screen","com.gaminik.i18n","com.newmg.yurao.pro","com.niven.translator","com.niven.game","com.microsoft.translator","com.galaxy.airviewdictionary","com.eecorp.taptranslator","com.google.android.apps.translate","com.niven.comic","com.deepl.mobiletranslator","com.image.camera.translate.ai","com.screen.translate.google","at.nk.tools.iTranslate","com.zaz.translate","com.discord","com.android.chrome","com.skype.raider","com.google.android.apps.photos"]},{"rank":{"index":1,"lang":"it","country":"it","chineseCountryName":"意大利","pkg":"com.spaceship.screen.textcopy"},"orders":["com.spaceship.screen.textcopy","com.recognize_text.translate.screen","com.gaminik.i18n","com.niven.translator","com.niven.game","com.microsoft.translator","com.newmg.yurao.pro","com.google.android.apps.translate","com.niven.comic","com.eecorp.taptranslator","com.galaxy.airviewdictionary","at.nk.tools.iTranslate","com.deepl.mobiletranslator","screen.translator.voice.translate","com.image.camera.translate.ai","com.screen.translate.google","com.intsig.camscanner","com.softissimo.reverso.context","com.discord","com.google.android.apps.photos"]},{"rank":{"index":1,"lang":"ja","country":"jp","chineseCountryName":"日本","pkg":"com.spaceship.screen.textcopy"},"orders":["com.spaceship.screen.textcopy","com.recognize_text.translate.screen","com.gaminik.i18n","com.niven.translator","com.niven.game","com.microsoft.translator","com.newmg.yurao.pro","com.niven.comic","com.google.android.apps.translate","com.naver.labs.translator","com.deepl.mobiletranslator","com.galaxy.airviewdictionary","com.screen.translate.google","at.nk.tools.iTranslate","com.youdao.hindict","com.eecorp.taptranslator","com.google.ar.lens","com.android.chrome","com.zaz.translate","com.discord"]},{"rank":{"index":1,"lang":"ko","country":"kr","chineseCountryName":"韩国","pkg":"com.spaceship.screen.textcopy"},"orders":["com.spaceship.screen.textcopy","com.recognize_text.translate.screen","com.gaminik.i18n","com.microsoft.translator","com.google.android.apps.translate","com.niven.translator","com.naver.labs.translator","com.niven.game","com.niven.comic","com.newmg.yurao.pro","com.deepl.mobiletranslator","at.nk.tools.iTranslate","com.galaxy.airviewdictionary","com.image.camera.translate.ai","com.zaz.translate","com.translate.language.translator.voice.translation","com.eecorp.taptranslator","com.screen.translate.google","com.easytranslate.easytranslate","com.translate.talkingtranslator"]},{"rank":{"index":1,"lang":"zh-hk","country":"hk","chineseCountryName":"香港","pkg":"com.spaceship.screen.textcopy"},"orders":["com.spaceship.screen.textcopy","com.recognize_text.translate.screen","com.microsoft.translator","com.gaminik.i18n","com.google.android.apps.translate","com.niven.translator","com.niven.game","at.nk.tools.iTranslate","com.naver.labs.translator","com.deepl.mobiletranslator","com.zaz.translate","com.tangdi.baiguotong","com.niven.comic","com.image.camera.translate.ai","com.newmg.yurao.pro","com.siv","com.youdao.hindict","com.galaxy.airviewdictionary","com.translate.talkingtranslator","com.translate.language.translator.voice.translation"]},{"rank":{"index":1,"lang":"zh-tw","country":"tw","chineseCountryName":"台湾","pkg":"com.spaceship.screen.textcopy"},"orders":["com.spaceship.screen.textcopy","com.recognize_text.translate.screen","com.microsoft.translator","com.gaminik.i18n","com.google.android.apps.translate","com.niven.translator","com.niven.game","com.naver.labs.translator","at.nk.tools.iTranslate","com.niven.comic","com.image.camera.translate.ai","com.tangdi.baiguotong","com.deepl.mobiletranslator","com.newmg.yurao.pro","com.youdao.hindict","com.translate.language.translator.voice.translation","com.galaxy.airviewdictionary","com.siv","com.zaz.translate","com.translate.talkingtranslator"]},{"rank":{"index":2,"lang":"en","country":"in","chineseCountryName":"印度","pkg":"com.spaceship.screen.textcopy"},"orders":["com.recognize_text.translate.screen","com.spaceship.screen.textcopy","com.google.android.apps.translate","com.microsoft.translator","at.nk.tools.iTranslate"]},{"rank":{"index":1,"lang":"id","country":"id","chineseCountryName":"印尼","pkg":"com.spaceship.screen.textcopy"},"orders":["com.spaceship.screen.textcopy","com.recognize_text.translate.screen","com.gaminik.i18n","com.niven.translator","com.niven.game","com.youdao.hindict","com.niven.comic","com.newmg.yurao.pro","com.eecorp.taptranslator"]},{"rank":{"index":1,"lang":"es-mx","country":"mx","chineseCountryName":"墨西哥","pkg":"com.spaceship.screen.textcopy"},"orders":["com.spaceship.screen.textcopy","com.recognize_text.translate.screen","com.gaminik.i18n","com.niven.translator","com.niven.game","com.microsoft.translator","com.niven.comic","com.newmg.yurao.pro","at.nk.tools.iTranslate","com.google.android.apps.translate","com.eecorp.taptranslator","com.deepl.mobiletranslator","com.galaxy.airviewdictionary","com.youdao.hindict","com.screen.translate.google","com.zaz.translate","com.naver.labs.translator","com.google.android.apps.photos","com.android.chrome","com.google.android.apps.maps"]}]