[{"rank":{"index":2,"lang":"en-us","country":"us","chineseCountryName":"美国","pkg":"com.spaceship.screen.textcopy"},"orders":["com.recognize_text.translate.screen","com.spaceship.screen.textcopy","com.google.android.apps.translate","com.niven.translator","com.galaxy.airviewdictionary","com.tap_to_translate.snap_translate","com.screen.translate.google","com.deepl.mobiletranslator","com.gaminik.i18n","com.newmg.yurao.pro","com.microsoft.translator","com.immersivetranslate.browser","at.nk.tools.iTranslate","com.zaz.translate","ru.yandex.translate","com.siv","com.voice_camera_free_translate","com.datacomprojects.scanandtranslate","link.zhidou.btranslator","com.naver.labs.translator"]},{"rank":{"index":3,"lang":"ru","country":"ru","chineseCountryName":"俄罗斯","pkg":"com.spaceship.screen.textcopy"},"orders":["com.recognize_text.translate.screen","com.tap_to_translate.snap_translate","com.spaceship.screen.textcopy","com.niven.translator","com.deepl.mobiletranslator","com.newmg.yurao.pro","com.gaminik.i18n","com.galaxy.airviewdictionary","ru.yandex.translate","com.screen.translate.google","com.google.android.apps.translate","com.microsoft.translator","com.immersivetranslate.browser"]},{"rank":{"index":2,"lang":"pt-br","country":"br","chineseCountryName":"巴西","pkg":"com.spaceship.screen.textcopy"},"orders":["com.recognize_text.translate.screen","com.spaceship.screen.textcopy","com.niven.translator","com.galaxy.airviewdictionary","com.screen.translate.google","com.gaminik.i18n","com.tap_to_translate.snap_translate","com.newmg.yurao.pro","com.deepl.mobiletranslator","com.immersivetranslate.browser","com.google.android.apps.translate","com.microsoft.translator","at.nk.tools.iTranslate","com.niven.apptranslate","com.eecorp.linguago","link.zhidou.btranslator","com.niven.game","co.appnation.aivoicetranslator","com.zaz.translate","photo.translate.camera.translator"]},{"rank":{"index":2,"lang":"fr","country":"fr","chineseCountryName":"法国","pkg":"com.spaceship.screen.textcopy"},"orders":["com.recognize_text.translate.screen","com.spaceship.screen.textcopy","com.tap_to_translate.snap_translate","com.niven.translator","com.galaxy.airviewdictionary","com.gaminik.i18n","com.newmg.yurao.pro","com.screen.translate.google","com.deepl.mobiletranslator","com.immersivetranslate.browser","com.voice_camera_free_translate","com.google.android.apps.translate","com.microsoft.translator","com.datacomprojects.scanandtranslate","live.screentranslate.realtime","com.niven.apptranslate","com.fapp.translate.language.translator.fasttranslation","com.phototranslator.camera.voicetranslate.texttranslation","com.zaz.translate","at.nk.tools.iTranslate"]},{"rank":{"index":2,"lang":"en-gb","country":"gb","chineseCountryName":"英国","pkg":"com.spaceship.screen.textcopy"},"orders":["com.recognize_text.translate.screen","com.spaceship.screen.textcopy","com.niven.translator","com.google.android.apps.translate","com.galaxy.airviewdictionary","com.screen.translate.google","com.deepl.mobiletranslator","com.gaminik.i18n","com.newmg.yurao.pro","com.tap_to_translate.snap_translate","com.microsoft.translator","com.immersivetranslate.browser","at.nk.tools.iTranslate","com.zaz.translate","ru.yandex.translate","com.siv","com.phototranslator.camera.voicetranslate.texttranslation","com.fapp.translate.language.translator.fasttranslation","com.datacomprojects.scanandtranslate","photo.translate.camera.translator"]},{"rank":{"index":6,"lang":"de","country":"de","chineseCountryName":"德国","pkg":"com.spaceship.screen.textcopy"},"orders":["com.recognize_text.translate.screen","com.niven.translator","com.tap_to_translate.snap_translate","com.galaxy.airviewdictionary","com.screen.translate.google","com.spaceship.screen.textcopy","com.gaminik.i18n","com.newmg.yurao.pro","com.deepl.mobiletranslator","com.immersivetranslate.browser","com.google.android.apps.translate","com.microsoft.translator"]},{"rank":{"index":2,"lang":"it","country":"it","chineseCountryName":"意大利","pkg":"com.spaceship.screen.textcopy"},"orders":["com.recognize_text.translate.screen","com.spaceship.screen.textcopy","com.tap_to_translate.snap_translate","com.niven.translator","com.gaminik.i18n","com.galaxy.airviewdictionary","com.deepl.mobiletranslator","com.newmg.yurao.pro","com.screen.translate.google","com.google.android.apps.translate","com.immersivetranslate.browser","com.microsoft.translator","com.voice_camera_free_translate","at.nk.tools.iTranslate","com.softissimo.reverso.context","com.fapp.translate.language.translator.fasttranslation","com.datacomprojects.scanandtranslate","ru.yandex.translate","link.zhidou.btranslator","com.zaz.translate"]},{"rank":{"index":2,"lang":"ja","country":"jp","chineseCountryName":"日本","pkg":"com.spaceship.screen.textcopy"},"orders":["com.recognize_text.translate.screen","com.spaceship.screen.textcopy","com.tap_to_translate.snap_translate","com.gaminik.i18n","com.galaxy.airviewdictionary","com.newmg.yurao.pro","com.niven.translator","com.screen.translate.google","com.deepl.mobiletranslator","com.immersivetranslate.browser","com.google.android.apps.translate","com.microsoft.translator","at.nk.tools.iTranslate"]},{"rank":{"index":3,"lang":"ko","country":"kr","chineseCountryName":"韩国","pkg":"com.spaceship.screen.textcopy"},"orders":["com.recognize_text.translate.screen","com.tap_to_translate.snap_translate","com.spaceship.screen.textcopy","com.niven.translator","com.gaminik.i18n","com.galaxy.airviewdictionary","com.newmg.yurao.pro","com.screen.translate.google","com.immersivetranslate.browser","com.deepl.mobiletranslator","com.voice_camera_free_translate","com.google.android.apps.translate","at.nk.tools.iTranslate","com.microsoft.translator","com.naver.labs.translator","com.niven.apptranslate","link.zhidou.btranslator","com.eecorp.linguago","com.fapp.translate.language.translator.fasttranslation","co.appnation.aivoicetranslator"]},{"rank":{"index":2,"lang":"zh-hk","country":"hk","chineseCountryName":"香港","pkg":"com.spaceship.screen.textcopy"},"orders":["com.recognize_text.translate.screen","com.spaceship.screen.textcopy","com.tap_to_translate.snap_translate","com.screen.translate.google","com.galaxy.airviewdictionary","com.niven.translator","com.gaminik.i18n","com.newmg.yurao.pro","com.deepl.mobiletranslator","com.immersivetranslate.browser","com.google.android.apps.translate","com.microsoft.translator","at.nk.tools.iTranslate","com.voice_camera_free_translate","com.zaz.translate","link.zhidou.btranslator","com.fapp.translate.language.translator.fasttranslation","com.niven.apptranslate","com.siv","ru.yandex.translate"]},{"rank":{"index":2,"lang":"zh-tw","country":"tw","chineseCountryName":"台湾","pkg":"com.spaceship.screen.textcopy"},"orders":["com.recognize_text.translate.screen","com.spaceship.screen.textcopy","com.gaminik.i18n","com.galaxy.airviewdictionary","com.newmg.yurao.pro","com.niven.translator","com.tap_to_translate.snap_translate","com.screen.translate.google","com.deepl.mobiletranslator","com.immersivetranslate.browser","com.microsoft.translator","at.nk.tools.iTranslate","com.google.android.apps.translate","com.fapp.translate.language.translator.fasttranslation","link.zhidou.btranslator"]},{"rank":{"index":2,"lang":"en","country":"in","chineseCountryName":"印度","pkg":"com.spaceship.screen.textcopy"},"orders":["com.recognize_text.translate.screen","com.spaceship.screen.textcopy","com.newmg.yurao.pro","com.google.android.apps.translate","com.zaz.translate","com.microsoft.translator"]},{"rank":{"index":2,"lang":"id","country":"id","chineseCountryName":"印尼","pkg":"com.spaceship.screen.textcopy"},"orders":["com.recognize_text.translate.screen","com.spaceship.screen.textcopy","com.tap_to_translate.snap_translate","com.niven.translator","com.screen.translate.google","com.gaminik.i18n","com.newmg.yurao.pro","com.galaxy.airviewdictionary","com.deepl.mobiletranslator","com.google.android.apps.translate","at.nk.tools.iTranslate"]},{"rank":{"index":2,"lang":"es-mx","country":"mx","chineseCountryName":"墨西哥","pkg":"com.spaceship.screen.textcopy"},"orders":["com.recognize_text.translate.screen","com.spaceship.screen.textcopy","com.tap_to_translate.snap_translate","com.newmg.yurao.pro","com.gaminik.i18n","com.deepl.mobiletranslator","com.google.android.apps.translate","at.nk.tools.iTranslate","com.microsoft.translator","ru.yandex.translate","com.zaz.translate","com.voice_camera_free_translate","link.zhidou.btranslator","com.immersivetranslate.browser","com.tangdi.baiguotong","photo.translate.camera.translator","co.appnation.aivoicetranslator","com.niven.translator","com.galaxy.airviewdictionary","com.screen.translate.google"]}]