[{"rank":{"index":1,"lang":"en-us","country":"us","chineseCountryName":"美国","pkg":"com.spaceship.screen.textcopy"},"orders":["com.spaceship.screen.textcopy","com.recognize_text.translate.screen","com.newmg.yurao.pro","com.microsoft.translator","com.google.android.apps.translate","com.screen.translator.text.recognize","com.niven.translator","com.gaminik.i18n","com.niven.game","com.eecorp.taptranslator","com.flabs.screen.translate","com.niven.comic","at.nk.tools.iTranslate","com.naver.labs.translator","com.deepl.mobiletranslator","com.screen.translate.google","com.easytranslate.easytranslate","com.sayhi.android.sayhitranslate","com.galaxy.airviewdictionary","com.zaz.translate"]},{"rank":{"index":2,"lang":"ru","country":"ru","chineseCountryName":"俄罗斯","pkg":"com.spaceship.screen.textcopy"},"orders":["com.recognize_text.translate.screen","com.spaceship.screen.textcopy","com.niven.translator","com.microsoft.translator","com.niven.game","com.gaminik.i18n","com.screen.translator.text.recognize","com.flabs.screen.translate","ru.yandex.translate","com.google.android.apps.translate","com.tap_to_translate.snap_translate","com.newmg.yurao.pro","com.niven.comic","com.deepl.mobiletranslator","com.naver.labs.translator","com.screen.translate.google","at.nk.tools.iTranslate","com.zaz.translate","com.youdao.hindict","com.galaxy.airviewdictionary"]},{"rank":{"index":1,"lang":"pt-br","country":"br","chineseCountryName":"巴西","pkg":"com.spaceship.screen.textcopy"},"orders":["com.spaceship.screen.textcopy","com.recognize_text.translate.screen","com.screen.translator.text.recognize","com.niven.translator","com.gaminik.i18n","com.niven.game","com.flabs.screen.translate","com.galaxy.airviewdictionary","com.newmg.yurao.pro","com.niven.comic","com.google.android.apps.translate","com.microsoft.translator","com.eecorp.taptranslator","com.deepl.mobiletranslator","com.google.android.apps.photos","com.google.android.apps.maps","com.android.chrome","com.discord","com.screen.translate.google","com.google.android.apps.youtube.creator"]},{"rank":{"index":2,"lang":"fr","country":"fr","chineseCountryName":"法国","pkg":"com.spaceship.screen.textcopy"},"orders":["com.recognize_text.translate.screen","com.spaceship.screen.textcopy","com.gaminik.i18n","com.niven.translator","com.screen.translator.text.recognize","com.niven.game","com.flabs.screen.translate","com.google.android.apps.translate","com.microsoft.translator","com.newmg.yurao.pro","com.niven.comic","com.deepl.mobiletranslator","com.eecorp.taptranslator","com.discord","org.videolan.vlc","com.google.android.apps.photos","com.microsoft.office.outlook","com.galaxy.airviewdictionary","com.android.chrome","com.canva.editor"]},{"rank":{"index":2,"lang":"en-gb","country":"gb","chineseCountryName":"英国","pkg":"com.spaceship.screen.textcopy"},"orders":["com.recognize_text.translate.screen","com.spaceship.screen.textcopy","com.google.android.apps.translate","com.microsoft.translator","com.screen.translator.text.recognize","com.gaminik.i18n","com.niven.translator","com.niven.game","com.flabs.screen.translate","com.newmg.yurao.pro","at.nk.tools.iTranslate","com.niven.comic","com.deepl.mobiletranslator","com.galaxy.airviewdictionary","com.zaz.translate","com.eecorp.taptranslator","com.naver.labs.translator","com.screen.translate.google","com.easytranslate.easytranslate","com.sayhi.android.sayhitranslate"]},{"rank":{"index":2,"lang":"de","country":"de","chineseCountryName":"德国","pkg":"com.spaceship.screen.textcopy"},"orders":["com.recognize_text.translate.screen","com.spaceship.screen.textcopy","com.screen.translator.text.recognize","com.niven.translator","com.gaminik.i18n","com.niven.game","com.microsoft.translator","com.newmg.yurao.pro","com.google.android.apps.translate","com.niven.comic","com.deepl.mobiletranslator","com.flabs.screen.translate","com.galaxy.airviewdictionary","com.tap_to_translate.snap_translate","com.eecorp.taptranslator","com.screen.translate.google","com.translate.talkingtranslator","com.naver.labs.translator","com.zaz.translate","at.nk.tools.iTranslate"]},{"rank":{"index":1,"lang":"it","country":"it","chineseCountryName":"意大利","pkg":"com.spaceship.screen.textcopy"},"orders":["com.spaceship.screen.textcopy","com.recognize_text.translate.screen","com.screen.translator.text.recognize","com.niven.translator","com.gaminik.i18n","com.niven.game","com.newmg.yurao.pro","com.google.android.apps.translate","com.microsoft.translator","screen.translator.voice.translate","com.niven.comic","com.flabs.screen.translate","com.galaxy.airviewdictionary","com.deepl.mobiletranslator","com.eecorp.taptranslator","com.screen.translate.google","com.discord","com.google.android.apps.photos","com.microsoft.office.outlook","com.openai.chatgpt"]},{"rank":{"index":1,"lang":"ja","country":"jp","chineseCountryName":"日本","pkg":"com.spaceship.screen.textcopy"},"orders":["com.spaceship.screen.textcopy","com.recognize_text.translate.screen","com.gaminik.i18n","com.screen.translator.text.recognize","com.niven.translator","com.niven.game","com.deepl.mobiletranslator","com.microsoft.translator","com.google.android.apps.translate","com.naver.labs.translator","com.newmg.yurao.pro","com.niven.comic"]},{"rank":{"index":1,"lang":"ko","country":"kr","chineseCountryName":"韩国","pkg":"com.spaceship.screen.textcopy"},"orders":["com.spaceship.screen.textcopy","com.recognize_text.translate.screen","com.microsoft.translator","com.google.android.apps.translate","com.screen.translator.text.recognize","com.gaminik.i18n","com.niven.game","com.niven.translator","com.naver.labs.translator","com.flabs.screen.translate","com.tap_to_translate.snap_translate","com.deepl.mobiletranslator","com.newmg.yurao.pro","com.niven.comic","at.nk.tools.iTranslate","com.screen.translate.google","com.galaxy.airviewdictionary","com.zaz.translate","com.eecorp.taptranslator","com.youdao.hindict"]},{"rank":{"index":1,"lang":"zh-hk","country":"hk","chineseCountryName":"香港","pkg":"com.spaceship.screen.textcopy"},"orders":["com.spaceship.screen.textcopy","com.recognize_text.translate.screen","com.microsoft.translator","com.screen.translator.text.recognize","com.gaminik.i18n","com.niven.translator","com.niven.game","com.google.android.apps.translate","com.flabs.screen.translate","com.newmg.yurao.pro","com.naver.labs.translator","com.niven.comic","at.nk.tools.iTranslate","com.deepl.mobiletranslator","com.screen.translate.google","com.galaxy.airviewdictionary","com.eecorp.taptranslator","com.easytranslate.easytranslate","com.tangdi.baiguotong","com.youdao.hindict"]},{"rank":{"index":2,"lang":"zh-tw","country":"tw","chineseCountryName":"台湾","pkg":"com.spaceship.screen.textcopy"},"orders":["com.recognize_text.translate.screen","com.spaceship.screen.textcopy","com.microsoft.translator","com.screen.translator.text.recognize","com.google.android.apps.translate","com.gaminik.i18n","com.niven.translator","com.niven.game","com.flabs.screen.translate","com.naver.labs.translator","com.niven.comic","at.nk.tools.iTranslate","com.newmg.yurao.pro","com.deepl.mobiletranslator","com.tap_to_translate.snap_translate","com.youdao.hindict","com.galaxy.airviewdictionary","com.translate.talkingtranslator","com.screen.translate.google","com.sayhi.android.sayhitranslate"]},{"rank":{"index":2,"lang":"en","country":"in","chineseCountryName":"印度","pkg":"com.spaceship.screen.textcopy"},"orders":["com.recognize_text.translate.screen","com.spaceship.screen.textcopy","com.google.android.apps.translate","com.gaminik.i18n","com.newmg.yurao.pro","com.microsoft.translator","com.niven.game","com.niven.translator"]},{"rank":{"index":1,"lang":"id","country":"id","chineseCountryName":"印尼","pkg":"com.spaceship.screen.textcopy"},"orders":["com.spaceship.screen.textcopy","com.recognize_text.translate.screen","com.gaminik.i18n","com.niven.game","com.niven.translator","com.screen.translator.text.recognize","com.newmg.yurao.pro","com.niven.comic","com.youdao.hindict","com.google.android.apps.translate"]},{"rank":{"index":1,"lang":"es-mx","country":"mx","chineseCountryName":"墨西哥","pkg":"com.spaceship.screen.textcopy"},"orders":["com.spaceship.screen.textcopy","com.recognize_text.translate.screen","com.niven.translator","com.screen.translator.text.recognize","com.gaminik.i18n","com.niven.game","com.niven.comic","com.flabs.screen.translate","com.microsoft.translator","com.google.android.apps.translate","com.newmg.yurao.pro","com.eecorp.taptranslator","com.deepl.mobiletranslator","com.google.android.apps.photos","com.google.android.apps.maps","com.discord","com.android.chrome","com.galaxy.airviewdictionary","com.microsoft.office.outlook","at.nk.tools.iTranslate"]}]