[{"rank":{"index":2,"lang":"en-us","country":"us","chineseCountryName":"美国","pkg":"com.spaceship.screen.textcopy"},"orders":["com.recognize_text.translate.screen","com.spaceship.screen.textcopy","com.screen.translate.google","com.google.android.apps.translate","com.gaminik.i18n","com.niven.translator","com.niven.game","com.microsoft.translator","com.newmg.yurao.pro","at.nk.tools.iTranslate","com.niven.comic","com.eecorp.taptranslator","com.deepl.mobiletranslator","com.royalappcode.translation.voice.language.chat.interpreter","com.datacomprojects.scanandtranslate","com.sayhi.android.sayhitranslate","com.translate.language.translator.voice.translation","com.facebook.orca","com.zaz.translate","com.android.chrome"]},{"rank":{"index":2,"lang":"ru","country":"ru","chineseCountryName":"俄罗斯","pkg":"com.spaceship.screen.textcopy"},"orders":["com.recognize_text.translate.screen","com.spaceship.screen.textcopy","com.gaminik.i18n","com.niven.translator","com.niven.game","com.screen.translate.google","com.newmg.yurao.pro","ru.yandex.translate","com.niven.comic","com.google.android.apps.translate","at.nk.tools.iTranslate","com.android.chrome","com.facebook.orca","com.discord","com.microsoft.translator","com.google.android.apps.nbu.files","com.google.android.dialer","com.google.android.apps.photos","us.zoom.videomeetings","com.google.android.apps.kids.familylink"]},{"rank":{"index":2,"lang":"fr","country":"fr","chineseCountryName":"法国","pkg":"com.spaceship.screen.textcopy"},"orders":["com.recognize_text.translate.screen","com.spaceship.screen.textcopy","com.gaminik.i18n","com.screen.translate.google","com.niven.game","com.niven.translator","com.google.android.apps.translate","com.newmg.yurao.pro","com.niven.comic","com.microsoft.translator","com.tap_to_translate.snap_translate","com.eecorp.taptranslator","at.nk.tools.iTranslate","com.facebook.orca","com.discord","com.android.chrome","com.google.android.apps.photos","com.deepl.mobiletranslator","com.microsoft.office.outlook","com.google.android.calendar"]},{"rank":{"index":2,"lang":"en-gb","country":"gb","chineseCountryName":"英国","pkg":"com.spaceship.screen.textcopy"},"orders":["com.recognize_text.translate.screen","com.spaceship.screen.textcopy","com.gaminik.i18n","com.screen.translate.google","com.niven.translator","com.niven.game","com.google.android.apps.translate","com.microsoft.translator","at.nk.tools.iTranslate","com.newmg.yurao.pro","com.eecorp.taptranslator","com.niven.comic","com.datacomprojects.scanandtranslate","com.deepl.mobiletranslator","com.zaz.translate","com.facebook.orca","com.android.chrome","com.royalappcode.translation.voice.language.chat.interpreter","com.discord","com.ubercab"]},{"rank":{"index":2,"lang":"de","country":"de","chineseCountryName":"德国","pkg":"com.spaceship.screen.textcopy"},"orders":["com.recognize_text.translate.screen","com.spaceship.screen.textcopy","com.niven.game","com.screen.translate.google","com.gaminik.i18n","com.niven.translator","com.google.android.apps.translate","com.microsoft.translator","com.newmg.yurao.pro","com.niven.comic","com.deepl.mobiletranslator","com.facebook.orca","com.eecorp.taptranslator","com.discord","at.nk.tools.iTranslate","com.android.chrome","com.google.android.apps.photos","com.amazon.kindle","com.google.android.apps.nbu.files","com.microsoft.office.outlook"]},{"rank":{"index":2,"lang":"it","country":"it","chineseCountryName":"意大利","pkg":"com.spaceship.screen.textcopy"},"orders":["com.recognize_text.translate.screen","com.spaceship.screen.textcopy","com.niven.game","com.gaminik.i18n","com.screen.translate.google","com.niven.translator","com.newmg.yurao.pro","com.google.android.apps.translate","com.niven.comic","com.eecorp.taptranslator","com.microsoft.translator","com.facebook.orca","at.nk.tools.iTranslate","com.discord","com.google.android.apps.photos","com.microsoft.office.outlook","com.amazon.kindle","com.google.android.dialer","com.android.chrome","com.google.android.apps.maps"]},{"rank":{"index":2,"lang":"ja","country":"jp","chineseCountryName":"日本","pkg":"com.spaceship.screen.textcopy"},"orders":["com.recognize_text.translate.screen","com.spaceship.screen.textcopy","com.gaminik.i18n","com.niven.translator","com.screen.translate.google","com.niven.game","com.niven.comic","com.google.android.apps.translate","com.tap_to_translate.snap_translate","com.microsoft.translator","com.newmg.yurao.pro","com.deepl.mobiletranslator","com.naver.labs.translator","at.nk.tools.iTranslate","com.eecorp.taptranslator","com.google.ar.lens","com.zaz.translate","com.android.chrome","com.facebook.orca","com.discord"]},{"rank":{"index":2,"lang":"ko","country":"kr","chineseCountryName":"韩国","pkg":"com.spaceship.screen.textcopy"},"orders":["com.recognize_text.translate.screen","com.spaceship.screen.textcopy","com.gaminik.i18n","com.niven.game","com.screen.translate.google","com.niven.translator","com.niven.comic","com.newmg.yurao.pro","com.google.android.apps.translate","com.naver.labs.translator","com.facebook.orca","com.discord","com.sec.android.app.sbrowser","com.android.chrome","us.zoom.videomeetings","com.duolingo","com.google.android.apps.photos","com.ubercab","com.google.android.apps.youtube.creator","com.openai.chatgpt"]},{"rank":{"index":2,"lang":"zh-hk","country":"hk","chineseCountryName":"香港","pkg":"com.spaceship.screen.textcopy"},"orders":["com.recognize_text.translate.screen","com.spaceship.screen.textcopy","com.niven.game","com.gaminik.i18n","com.screen.translate.google","com.niven.translator","com.google.android.apps.translate","com.newmg.yurao.pro","com.niven.comic","com.microsoft.translator","at.nk.tools.iTranslate","com.eecorp.taptranslator","com.facebook.orca","com.android.chrome","com.google.android.apps.maps","com.discord","us.zoom.videomeetings","com.sec.android.app.sbrowser","com.google.android.apps.photos","com.duolingo"]},{"rank":{"index":2,"lang":"zh-tw","country":"tw","chineseCountryName":"台湾","pkg":"com.spaceship.screen.textcopy"},"orders":["com.recognize_text.translate.screen","com.spaceship.screen.textcopy","com.niven.game","com.gaminik.i18n","com.screen.translate.google","com.niven.translator","com.google.android.apps.translate","com.newmg.yurao.pro","com.niven.comic","com.microsoft.translator","at.nk.tools.iTranslate","com.facebook.orca","com.eecorp.taptranslator","com.discord","com.android.chrome","com.google.android.apps.maps","com.naver.labs.translator","com.skype.raider","com.google.android.apps.photos","com.duolingo"]},{"rank":{"index":2,"lang":"en","country":"in","chineseCountryName":"印度","pkg":"com.spaceship.screen.textcopy"},"orders":["com.recognize_text.translate.screen","com.spaceship.screen.textcopy","com.google.android.apps.translate","com.screen.translate.google","com.newmg.yurao.pro","com.niven.game","com.niven.translator","com.zaz.translate","com.microsoft.translator","droom.sleepIfUCan","at.nk.tools.iTranslate","com.tap_to_translate.snap_translate","com.naver.labs.translator","com.google.ar.lens","ru.yandex.translate","com.deepl.mobiletranslator","com.gaminik.i18n"]},{"rank":{"index":2,"lang":"id","country":"id","chineseCountryName":"印尼","pkg":"com.spaceship.screen.textcopy"},"orders":["com.recognize_text.translate.screen","com.spaceship.screen.textcopy","com.niven.game","com.gaminik.i18n","com.niven.translator","com.screen.translate.google","com.niven.comic","com.newmg.yurao.pro","com.tap_to_translate.snap_translate","com.google.android.apps.translate"]},{"rank":{"index":2,"lang":"es-mx","country":"mx","chineseCountryName":"墨西哥","pkg":"com.spaceship.screen.textcopy"},"orders":["com.recognize_text.translate.screen","com.spaceship.screen.textcopy","com.niven.game","com.screen.translate.google","com.google.android.apps.translate","com.tap_to_translate.snap_translate","droom.sleepIfUCan","at.nk.tools.iTranslate","com.microsoft.translator","com.deepl.mobiletranslator","com.naver.labs.translator","com.microblink.photomath","com.youdao.hindict","com.zaz.translate","ru.yandex.translate","com.newmg.yurao.pro","com.amazon.dee.app","com.niven.comic","com.gaminik.i18n","com.niven.translator"]}]