[{"rank":{"index":2,"lang":"en-us","country":"us","chineseCountryName":"美国","pkg":"com.spaceship.screen.textcopy"},"orders":["com.recognize_text.translate.screen","com.spaceship.screen.textcopy","com.niven.translator","com.microsoft.translator","com.tap_to_translate.snap_translate","com.google.android.apps.translate","com.gaminik.i18n","com.niven.game","at.nk.tools.iTranslate","com.niven.comic","com.newmg.yurao.pro","com.translate.talkingtranslator","com.tangdi.baiguotong","com.deepl.mobiletranslator","com.zaz.translate","com.naver.labs.translator","com.screen.translate.google","com.sayhi.android.sayhitranslate","com.language.translate.free.translator.voice.translation","com.eecorp.taptranslator"]},{"rank":{"index":4,"lang":"ru","country":"ru","chineseCountryName":"俄罗斯","pkg":"com.spaceship.screen.textcopy"},"orders":["com.recognize_text.translate.screen","com.niven.translator","com.tap_to_translate.snap_translate","com.spaceship.screen.textcopy","com.microsoft.translator","com.niven.game","com.google.android.apps.translate","com.gaminik.i18n","ru.yandex.translate","com.niven.comic","at.nk.tools.iTranslate","com.deepl.mobiletranslator","com.screen.translate.google","com.tangdi.baiguotong","com.newmg.yurao.pro","com.translate.talkingtranslator","com.zaz.translate","com.naver.labs.translator","com.language.translate.free.translator.voice.translation","com.datacomprojects.scanandtranslate"]},{"rank":{"index":3,"lang":"pt-br","country":"br","chineseCountryName":"巴西","pkg":"com.spaceship.screen.textcopy"},"orders":["com.recognize_text.translate.screen","com.tap_to_translate.snap_translate","com.spaceship.screen.textcopy","com.gaminik.i18n","com.niven.game","com.niven.translator","com.niven.comic","com.newmg.yurao.pro","com.microsoft.translator","com.screen.translate.google","com.google.android.apps.translate","at.nk.tools.iTranslate","com.tangdi.baiguotong","com.facebook.orca","com.eecorp.taptranslator","com.android.chrome","com.google.android.apps.youtube.creator","com.discord","com.ubercab","com.google.android.apps.photos"]},{"rank":{"index":4,"lang":"fr","country":"fr","chineseCountryName":"法国","pkg":"com.spaceship.screen.textcopy"},"orders":["com.recognize_text.translate.screen","com.tap_to_translate.snap_translate","com.niven.translator","com.spaceship.screen.textcopy","com.niven.game","com.gaminik.i18n","com.microsoft.translator","com.niven.comic","com.google.android.apps.translate","com.newmg.yurao.pro","at.nk.tools.iTranslate","com.tangdi.baiguotong","com.screen.translator.text.recognize","com.screen.translate.google","com.deepl.mobiletranslator","com.galaxy.airviewdictionary","camtranslator.voice.text.image.translate","com.image.camera.translate.ai","com.translate.talkingtranslator","com.b1b.translator.voicetranslate.alllanguages.translator.app"]},{"rank":{"index":2,"lang":"en-gb","country":"gb","chineseCountryName":"英国","pkg":"com.spaceship.screen.textcopy"},"orders":["com.recognize_text.translate.screen","com.spaceship.screen.textcopy","com.tap_to_translate.snap_translate","com.gaminik.i18n","com.google.android.apps.translate","com.microsoft.translator","com.niven.translator","com.niven.game","at.nk.tools.iTranslate","com.niven.comic","com.tangdi.baiguotong","com.deepl.mobiletranslator","com.zaz.translate","com.newmg.yurao.pro","com.translate.talkingtranslator","com.language.translate.free.translator.voice.translation","com.screen.translate.google","com.sayhi.android.sayhitranslate","com.naver.labs.translator","co.timekettle.livetranslator"]},{"rank":{"index":2,"lang":"de","country":"de","chineseCountryName":"德国","pkg":"com.spaceship.screen.textcopy"},"orders":["com.recognize_text.translate.screen","com.spaceship.screen.textcopy","com.tap_to_translate.snap_translate","com.niven.translator","com.microsoft.translator","com.gaminik.i18n","com.niven.game","com.google.android.apps.translate","com.niven.comic","at.nk.tools.iTranslate","com.translate.talkingtranslator","com.screen.translate.google","com.deepl.mobiletranslator","com.newmg.yurao.pro"]},{"rank":{"index":2,"lang":"it","country":"it","chineseCountryName":"意大利","pkg":"com.spaceship.screen.textcopy"},"orders":["com.recognize_text.translate.screen","com.spaceship.screen.textcopy","com.niven.translator","com.niven.game","com.gaminik.i18n","com.tap_to_translate.snap_translate","com.niven.comic","com.microsoft.translator","com.google.android.apps.translate","com.newmg.yurao.pro","com.screen.translate.google","at.nk.tools.iTranslate","com.screen.translator.text.recognize","com.tangdi.baiguotong","com.image.camera.translate.ai","com.deepl.mobiletranslator","com.translate.talkingtranslator","com.galaxy.airviewdictionary","com.aldoo.pdftranslatorpro","com.facebook.orca"]},{"rank":{"index":5,"lang":"ja","country":"jp","chineseCountryName":"日本","pkg":"com.spaceship.screen.textcopy"},"orders":["com.recognize_text.translate.screen","com.gaminik.i18n","com.niven.game","com.niven.translator","com.spaceship.screen.textcopy","com.tap_to_translate.snap_translate","com.niven.comic","com.microsoft.translator","com.naver.labs.translator","com.google.android.apps.translate","com.screen.translate.google","com.deepl.mobiletranslator","com.newmg.yurao.pro","com.tangdi.baiguotong","com.google.ar.lens","at.nk.tools.iTranslate","com.facebook.orca","com.translate.talkingtranslator","com.discord","com.android.chrome"]},{"rank":{"index":2,"lang":"ko","country":"kr","chineseCountryName":"韩国","pkg":"com.spaceship.screen.textcopy"},"orders":["com.recognize_text.translate.screen","com.spaceship.screen.textcopy","com.tap_to_translate.snap_translate","com.microsoft.translator","com.google.android.apps.translate","com.niven.translator","com.niven.game","com.gaminik.i18n","com.naver.labs.translator","com.niven.comic","at.nk.tools.iTranslate","com.deepl.mobiletranslator","com.newmg.yurao.pro","com.screen.translate.google","com.translate.talkingtranslator","com.zaz.translate","com.language.translate.free.translator.voice.translation","com.b1b.translator.voicetranslate.alllanguages.translator.app","com.screen.translator.text.recognize","com.image.camera.translate.ai"]},{"rank":{"index":2,"lang":"zh-hk","country":"hk","chineseCountryName":"香港","pkg":"com.spaceship.screen.textcopy"},"orders":["com.recognize_text.translate.screen","com.spaceship.screen.textcopy","com.microsoft.translator","com.google.android.apps.translate","com.niven.translator","com.gaminik.i18n","com.niven.game","com.tap_to_translate.snap_translate","at.nk.tools.iTranslate","com.niven.comic","com.tangdi.baiguotong","com.naver.labs.translator","com.newmg.yurao.pro","com.deepl.mobiletranslator","com.zaz.translate","com.screen.translator.text.recognize","com.screen.translate.google","com.language.translate.free.translator.voice.translation","com.image.camera.translate.ai","com.translate.talkingtranslator"]},{"rank":{"index":2,"lang":"zh-tw","country":"tw","chineseCountryName":"台湾","pkg":"com.spaceship.screen.textcopy"},"orders":["com.recognize_text.translate.screen","com.spaceship.screen.textcopy","com.tap_to_translate.snap_translate","com.microsoft.translator","com.google.android.apps.translate","com.gaminik.i18n","com.niven.translator","com.niven.game","at.nk.tools.iTranslate","com.niven.comic","com.tangdi.baiguotong","com.naver.labs.translator","com.newmg.yurao.pro","com.deepl.mobiletranslator","com.screen.translate.google","com.translate.talkingtranslator","com.zaz.translate","com.youdao.hindict","com.voice_camera_free_translate","com.language.translate.free.translator.voice.translation"]},{"rank":{"index":5,"lang":"en","country":"in","chineseCountryName":"印度","pkg":"com.spaceship.screen.textcopy"},"orders":["com.recognize_text.translate.screen","com.google.android.apps.translate","com.tap_to_translate.snap_translate","com.microsoft.translator","com.spaceship.screen.textcopy","com.niven.translator","com.niven.game","com.newmg.yurao.pro","at.nk.tools.iTranslate"]},{"rank":{"index":2,"lang":"id","country":"id","chineseCountryName":"印尼","pkg":"com.spaceship.screen.textcopy"},"orders":["com.recognize_text.translate.screen","com.spaceship.screen.textcopy","com.niven.translator","com.tap_to_translate.snap_translate","com.gaminik.i18n","com.niven.game","com.niven.comic","com.newmg.yurao.pro","com.screen.translate.google","com.youdao.hindict","com.google.android.apps.translate","com.microsoft.translator"]},{"rank":{"index":2,"lang":"es-mx","country":"mx","chineseCountryName":"墨西哥","pkg":"com.spaceship.screen.textcopy"},"orders":["com.recognize_text.translate.screen","com.spaceship.screen.textcopy","com.niven.game","com.niven.translator","com.gaminik.i18n","com.tap_to_translate.snap_translate","com.niven.comic","com.microsoft.translator","com.newmg.yurao.pro","com.google.android.apps.translate","at.nk.tools.iTranslate","com.screen.translate.google","com.tangdi.baiguotong","com.youdao.hindict","com.deepl.mobiletranslator","com.image.camera.translate.ai","com.language.translate.free.translator.voice.translation","com.translate.talkingtranslator","com.facebook.orca","com.android.chrome"]}]