[{"rank":{"index":2,"lang":"en-us","country":"us","chineseCountryName":"美国","pkg":"com.spaceship.screen.textcopy"},"orders":["com.recognize_text.translate.screen","com.spaceship.screen.textcopy","com.niven.translator","com.tap_to_translate.snap_translate","com.screen.translate.google","com.google.android.apps.translate","com.newmg.yurao.pro","com.gaminik.i18n","com.deepl.mobiletranslator","com.immersivetranslate.browser","com.microsoft.translator","com.zaz.translate","com.naver.labs.translator","com.fapp.translate.language.translator.fasttranslation","ru.yandex.translate","at.nk.tools.iTranslate","com.niven.apptranslate","com.voice_camera_free_translate","com.niven.game","com.translate.talkingtranslator"]},{"rank":{"index":0,"lang":"ru","country":"ru","chineseCountryName":"俄罗斯","pkg":"com.spaceship.screen.textcopy"},"orders":["com.recognize_text.translate.screen","com.niven.translator","com.tap_to_translate.snap_translate","com.gaminik.i18n","com.newmg.yurao.pro","com.screen.translate.google","ru.yandex.translate","com.deepl.mobiletranslator","com.google.android.apps.translate","com.immersivetranslate.browser","com.niven.game","com.niven.apptranslate","com.voice_camera_free_translate","com.microsoft.translator","com.zaz.translate","com.naver.labs.translator","at.nk.tools.iTranslate","com.translate.talkingtranslator","com.eecorp.linguago","com.mg.chat"]},{"rank":{"index":2,"lang":"pt-br","country":"br","chineseCountryName":"巴西","pkg":"com.spaceship.screen.textcopy"},"orders":["com.recognize_text.translate.screen","com.spaceship.screen.textcopy","com.tap_to_translate.snap_translate","com.niven.translator","com.gaminik.i18n","com.screen.translate.google","com.newmg.yurao.pro","com.immersivetranslate.browser","com.niven.apptranslate","com.google.android.apps.translate","com.voice_camera_free_translate","com.deepl.mobiletranslator","com.niven.game","com.zaz.translate","com.microsoft.teams","com.openai.chatgpt","com.eecorp.linguago","com.amazon.kindle","com.ubercab","com.canva.editor"]},{"rank":{"index":4,"lang":"fr","country":"fr","chineseCountryName":"法国","pkg":"com.spaceship.screen.textcopy"},"orders":["com.recognize_text.translate.screen","com.tap_to_translate.snap_translate","com.niven.translator","com.spaceship.screen.textcopy","com.screen.translate.google","com.gaminik.i18n","com.newmg.yurao.pro","com.immersivetranslate.browser","com.google.android.apps.translate","com.niven.apptranslate","com.deepl.mobiletranslator","com.voice_camera_free_translate","com.zaz.translate","com.microsoft.translator","ru.yandex.translate","com.naver.labs.translator","com.fapp.translate.language.translator.fasttranslation","com.microsoft.teams","com.openai.chatgpt","com.facebook.orca"]},{"rank":{"index":2,"lang":"en-gb","country":"gb","chineseCountryName":"英国","pkg":"com.spaceship.screen.textcopy"},"orders":["com.recognize_text.translate.screen","com.spaceship.screen.textcopy","com.tap_to_translate.snap_translate","com.screen.translate.google","com.niven.translator","com.google.android.apps.translate","com.newmg.yurao.pro","com.gaminik.i18n","com.immersivetranslate.browser","com.deepl.mobiletranslator","com.zaz.translate","com.microsoft.translator","ru.yandex.translate","com.fapp.translate.language.translator.fasttranslation","com.niven.apptranslate","com.naver.labs.translator","at.nk.tools.iTranslate","com.voice_camera_free_translate","com.niven.game","com.eecorp.linguago"]},{"rank":{"index":3,"lang":"de","country":"de","chineseCountryName":"德国","pkg":"com.spaceship.screen.textcopy"},"orders":["com.recognize_text.translate.screen","com.niven.translator","com.spaceship.screen.textcopy","com.tap_to_translate.snap_translate","com.screen.translate.google","com.gaminik.i18n","com.newmg.yurao.pro","com.immersivetranslate.browser","com.deepl.mobiletranslator","com.google.android.apps.translate","ru.yandex.translate","com.fapp.translate.language.translator.fasttranslation","com.niven.apptranslate","com.zaz.translate","com.voice_camera_free_translate","com.microsoft.translator","com.niven.game","com.translate.talkingtranslator","com.eecorp.linguago","at.nk.tools.iTranslate"]},{"rank":{"index":2,"lang":"it","country":"it","chineseCountryName":"意大利","pkg":"com.spaceship.screen.textcopy"},"orders":["com.recognize_text.translate.screen","com.spaceship.screen.textcopy","com.tap_to_translate.snap_translate","com.niven.translator","com.screen.translate.google","com.gaminik.i18n","com.newmg.yurao.pro","com.immersivetranslate.browser","com.deepl.mobiletranslator","com.google.android.apps.translate","com.zaz.translate","com.niven.apptranslate","com.voice_camera_free_translate","com.fapp.translate.language.translator.fasttranslation","ru.yandex.translate","com.microsoft.translator","com.eecorp.linguago","com.niven.game","com.openai.chatgpt","com.softissimo.reverso.context"]},{"rank":{"index":2,"lang":"ja","country":"jp","chineseCountryName":"日本","pkg":"com.spaceship.screen.textcopy"},"orders":["com.recognize_text.translate.screen","com.spaceship.screen.textcopy","com.tap_to_translate.snap_translate","com.gaminik.i18n","com.newmg.yurao.pro","com.screen.translate.google","com.niven.translator","com.immersivetranslate.browser","com.deepl.mobiletranslator","com.google.android.apps.translate"]},{"rank":{"index":2,"lang":"ko","country":"kr","chineseCountryName":"韩国","pkg":"com.spaceship.screen.textcopy"},"orders":["com.recognize_text.translate.screen","com.spaceship.screen.textcopy","com.tap_to_translate.snap_translate","com.niven.translator","com.gaminik.i18n","com.screen.translate.google","com.newmg.yurao.pro","com.immersivetranslate.browser","com.naver.labs.translator","com.niven.apptranslate","com.google.android.apps.translate","com.voice_camera_free_translate","com.deepl.mobiletranslator","com.zaz.translate","com.niven.game","com.fapp.translate.language.translator.fasttranslation","com.eecorp.linguago","com.translate.talkingtranslator","com.microsoft.translator","com.openai.chatgpt"]},{"rank":{"index":2,"lang":"zh-hk","country":"hk","chineseCountryName":"香港","pkg":"com.spaceship.screen.textcopy"},"orders":["com.recognize_text.translate.screen","com.spaceship.screen.textcopy","com.screen.translate.google","com.niven.translator","com.tap_to_translate.snap_translate","com.gaminik.i18n","com.newmg.yurao.pro","com.immersivetranslate.browser","com.google.android.apps.translate","com.deepl.mobiletranslator","com.niven.apptranslate","com.voice_camera_free_translate","com.zaz.translate","com.microsoft.translator","ru.yandex.translate","com.naver.labs.translator","com.fapp.translate.language.translator.fasttranslation","at.nk.tools.iTranslate","com.niven.game","com.eecorp.linguago"]},{"rank":{"index":2,"lang":"zh-tw","country":"tw","chineseCountryName":"台湾","pkg":"com.spaceship.screen.textcopy"},"orders":["com.recognize_text.translate.screen","com.spaceship.screen.textcopy","com.screen.translate.google","com.niven.translator","com.newmg.yurao.pro","com.gaminik.i18n","com.immersivetranslate.browser","com.tap_to_translate.snap_translate","com.niven.apptranslate","com.google.android.apps.translate","com.zaz.translate","com.deepl.mobiletranslator","com.fapp.translate.language.translator.fasttranslation","com.naver.labs.translator","ru.yandex.translate","com.microsoft.translator","com.translate.talkingtranslator","com.eecorp.linguago","com.openai.chatgpt","com.niven.game"]},{"rank":{"index":3,"lang":"en","country":"in","chineseCountryName":"印度","pkg":"com.spaceship.screen.textcopy"},"orders":["com.recognize_text.translate.screen","com.newmg.yurao.pro","com.spaceship.screen.textcopy","com.google.android.apps.translate","com.zaz.translate"]},{"rank":{"index":3,"lang":"id","country":"id","chineseCountryName":"印尼","pkg":"com.spaceship.screen.textcopy"},"orders":["com.recognize_text.translate.screen","com.tap_to_translate.snap_translate","com.spaceship.screen.textcopy","com.niven.translator","com.screen.translate.google","com.gaminik.i18n","com.newmg.yurao.pro","com.google.android.apps.translate","com.niven.apptranslate","com.niven.game","com.immersivetranslate.browser","com.deepl.mobiletranslator"]},{"rank":{"index":2,"lang":"es-mx","country":"mx","chineseCountryName":"墨西哥","pkg":"com.spaceship.screen.textcopy"},"orders":["com.recognize_text.translate.screen","com.spaceship.screen.textcopy","com.tap_to_translate.snap_translate","com.newmg.yurao.pro","com.gaminik.i18n","com.google.android.apps.translate","com.zaz.translate","com.microsoft.translator","at.nk.tools.iTranslate","ru.yandex.translate","com.translate.talkingtranslator","com.naver.labs.translator","com.immersivetranslate.browser","com.google.ar.lens","com.voice_camera_free_translate","com.tangdi.baiguotong","link.zhidou.btranslator","co.timekettle.livetranslator","com.niven.translator","com.screen.translate.google"]}]