[{"rank":{"index":2,"lang":"en-us","country":"us","chineseCountryName":"美国","pkg":"com.spaceship.screen.textcopy"},"orders":["com.recognize_text.translate.screen","com.spaceship.screen.textcopy","com.tap_to_translate.snap_translate","com.google.android.apps.translate","com.screen.translate.google","com.niven.translator","com.newmg.yurao.pro","com.gaminik.i18n","com.immersivetranslate.browser","com.microsoft.translator","com.deepl.mobiletranslator","com.yoyodev.screentranslate","ru.yandex.translate","com.niven.apptranslate","com.naver.labs.translator","com.niven.game","link.zhidou.btranslator","com.voice_camera_free_translate","com.eecorp.linguago","com.zaz.translate"]},{"rank":{"index":0,"lang":"ru","country":"ru","chineseCountryName":"俄罗斯","pkg":"com.spaceship.screen.textcopy"},"orders":["com.recognize_text.translate.screen","com.niven.translator","com.tap_to_translate.snap_translate","com.newmg.yurao.pro","com.gaminik.i18n","ru.yandex.translate","com.screen.translate.google","com.niven.game","com.yoyodev.screentranslate","com.immersivetranslate.browser","com.google.android.apps.translate","com.niven.apptranslate","com.voice_camera_free_translate","com.deepl.mobiletranslator","com.microsoft.translator","com.eecorp.linguago","com.mg.chat","com.zaz.translate","photo.translate.camera.translator","link.zhidou.btranslator"]},{"rank":{"index":2,"lang":"pt-br","country":"br","chineseCountryName":"巴西","pkg":"com.spaceship.screen.textcopy"},"orders":["com.recognize_text.translate.screen","com.spaceship.screen.textcopy","com.tap_to_translate.snap_translate","com.newmg.yurao.pro","com.gaminik.i18n","com.google.android.apps.translate","com.deepl.mobiletranslator","at.nk.tools.iTranslate","com.zaz.translate","ru.yandex.translate","com.naver.labs.translator","com.translate.talkingtranslator","com.datacomprojects.scanandtranslate","com.google.ar.lens","com.softissimo.reverso.context","com.niven.translator","com.screen.translate.google","com.newtranslate.google","com.niven.apptranslate","com.niven.game"]},{"rank":{"index":2,"lang":"fr","country":"fr","chineseCountryName":"法国","pkg":"com.spaceship.screen.textcopy"},"orders":["com.recognize_text.translate.screen","com.spaceship.screen.textcopy","com.tap_to_translate.snap_translate","com.niven.translator","com.newmg.yurao.pro","com.gaminik.i18n","com.screen.translate.google","com.immersivetranslate.browser","com.google.android.apps.translate","com.niven.apptranslate","com.yoyodev.screentranslate","com.voice_camera_free_translate","com.microsoft.translator","com.deepl.mobiletranslator","ru.yandex.translate","com.niven.game","com.paninitranslate","com.eecorp.linguago","com.zaz.translate","com.google.ar.lens"]},{"rank":{"index":2,"lang":"en-gb","country":"gb","chineseCountryName":"英国","pkg":"com.spaceship.screen.textcopy"},"orders":["com.recognize_text.translate.screen","com.spaceship.screen.textcopy","com.newmg.yurao.pro","com.google.android.apps.translate","com.screen.translate.google","com.niven.translator","com.gaminik.i18n","com.tap_to_translate.snap_translate","com.immersivetranslate.browser","com.microsoft.translator","com.deepl.mobiletranslator","com.yoyodev.screentranslate","ru.yandex.translate","com.niven.apptranslate","com.niven.game","com.zaz.translate","com.paninitranslate","link.zhidou.btranslator","com.eecorp.linguago","at.nk.tools.iTranslate"]},{"rank":{"index":2,"lang":"de","country":"de","chineseCountryName":"德国","pkg":"com.spaceship.screen.textcopy"},"orders":["com.recognize_text.translate.screen","com.spaceship.screen.textcopy","com.newmg.yurao.pro","com.gaminik.i18n","com.niven.translator","com.tap_to_translate.snap_translate","com.screen.translate.google","com.google.android.apps.translate","com.immersivetranslate.browser","com.microsoft.translator","com.niven.apptranslate","com.deepl.mobiletranslator","com.yoyodev.screentranslate","ru.yandex.translate","com.niven.game","com.zaz.translate","com.aiphone.secondphonenumber","com.eecorp.linguago","com.google.ar.lens","com.openai.chatgpt"]},{"rank":{"index":2,"lang":"it","country":"it","chineseCountryName":"意大利","pkg":"com.spaceship.screen.textcopy"},"orders":["com.recognize_text.translate.screen","com.spaceship.screen.textcopy","com.tap_to_translate.snap_translate","com.niven.translator","com.newmg.yurao.pro","com.gaminik.i18n","com.screen.translate.google","com.niven.game","com.google.android.apps.translate","com.immersivetranslate.browser","com.yoyodev.screentranslate","com.niven.apptranslate","com.voice_camera_free_translate","com.microsoft.translator","com.deepl.mobiletranslator","ru.yandex.translate","com.aiphone.secondphonenumber","com.paninitranslate","com.kursx.smartbook","com.google.ar.lens"]},{"rank":{"index":2,"lang":"ja","country":"jp","chineseCountryName":"日本","pkg":"com.spaceship.screen.textcopy"},"orders":["com.recognize_text.translate.screen","com.spaceship.screen.textcopy","com.tap_to_translate.snap_translate","com.niven.translator","com.gaminik.i18n","com.newmg.yurao.pro","com.screen.translate.google","com.immersivetranslate.browser","com.google.android.apps.translate","com.niven.game","com.deepl.mobiletranslator","com.microsoft.translator","com.niven.apptranslate","com.naver.labs.translator"]},{"rank":{"index":3,"lang":"ko","country":"kr","chineseCountryName":"韩国","pkg":"com.spaceship.screen.textcopy"},"orders":["com.recognize_text.translate.screen","com.tap_to_translate.snap_translate","com.spaceship.screen.textcopy","com.niven.translator","com.newmg.yurao.pro","com.gaminik.i18n","com.screen.translate.google","com.immersivetranslate.browser","com.niven.apptranslate","com.niven.game","com.google.android.apps.translate","com.naver.labs.translator","com.voice_camera_free_translate","com.eecorp.linguago","com.microsoft.translator","com.deepl.mobiletranslator","com.openai.chatgpt","com.paninitranslate","com.facebook.katana","com.facebook.orca"]},{"rank":{"index":2,"lang":"zh-hk","country":"hk","chineseCountryName":"香港","pkg":"com.spaceship.screen.textcopy"},"orders":["com.recognize_text.translate.screen","com.spaceship.screen.textcopy","com.tap_to_translate.snap_translate","com.screen.translate.google","com.newmg.yurao.pro","com.gaminik.i18n","com.niven.translator","com.immersivetranslate.browser","com.google.android.apps.translate","com.yoyodev.screentranslate","com.microsoft.translator","com.niven.apptranslate","com.niven.game","com.deepl.mobiletranslator","com.voice_camera_free_translate","ru.yandex.translate","com.naver.labs.translator","com.eecorp.linguago","com.zaz.translate","com.aiphone.secondphonenumber"]},{"rank":{"index":2,"lang":"zh-tw","country":"tw","chineseCountryName":"台湾","pkg":"com.spaceship.screen.textcopy"},"orders":["com.recognize_text.translate.screen","com.spaceship.screen.textcopy","com.screen.translate.google","com.niven.translator","com.newmg.yurao.pro","com.gaminik.i18n","com.tap_to_translate.snap_translate","com.immersivetranslate.browser","com.niven.apptranslate","com.google.android.apps.translate","com.niven.game","com.microsoft.translator","com.yoyodev.screentranslate","com.naver.labs.translator","com.deepl.mobiletranslator","com.openai.chatgpt","com.facebook.orca","com.facebook.katana","com.google.ar.lens","com.tencent.mm"]},{"rank":{"index":3,"lang":"en","country":"in","chineseCountryName":"印度","pkg":"com.spaceship.screen.textcopy"},"orders":["com.recognize_text.translate.screen","com.google.android.apps.translate","com.spaceship.screen.textcopy","com.newmg.yurao.pro"]},{"rank":{"index":2,"lang":"id","country":"id","chineseCountryName":"印尼","pkg":"com.spaceship.screen.textcopy"},"orders":["com.recognize_text.translate.screen","com.spaceship.screen.textcopy","com.tap_to_translate.snap_translate","com.niven.translator","com.screen.translate.google","com.newmg.yurao.pro","com.gaminik.i18n","com.niven.game","com.niven.apptranslate","com.google.android.apps.translate","com.immersivetranslate.browser","com.yoyodev.screentranslate","com.deepl.mobiletranslator","com.eecorp.linguago","com.naver.labs.translator"]},{"rank":{"index":2,"lang":"es-mx","country":"mx","chineseCountryName":"墨西哥","pkg":"com.spaceship.screen.textcopy"},"orders":["com.recognize_text.translate.screen","com.spaceship.screen.textcopy","com.tap_to_translate.snap_translate","com.newmg.yurao.pro","com.gaminik.i18n","com.google.android.apps.translate","com.zaz.translate","com.deepl.mobiletranslator","ru.yandex.translate","at.nk.tools.iTranslate","com.datacomprojects.scanandtranslate","com.naver.labs.translator","com.translate.talkingtranslator","com.google.ar.lens","com.niven.translator","com.screen.translate.google","com.yoyodev.screentranslate","com.niven.apptranslate","com.newtranslate.google","com.niven.game"]}]