[{"rank":{"index":9,"lang":"en-us","country":"us","chineseCountryName":"美国","pkg":"com.spaceship.screen.textcopy"},"orders":["com.recognize_text.translate.screen","com.google.android.apps.translate","com.screen.translate.google","com.microsoft.translator","com.niven.translator","com.gaminik.i18n","com.niven.game","com.tap_to_translate.snap_translate","com.spaceship.screen.textcopy","com.sayhi.android.sayhitranslate","at.nk.tools.iTranslate","com.niven.comic","com.translate.talkingtranslator","com.datacomprojects.scanandtranslate","com.deepl.mobiletranslator","com.ticktalk.translatevoice","com.naver.labs.translator","com.softissimo.reverso.context","com.royalappcode.translation.voice.language.chat.interpreter","com.google.ar.lens"]},{"rank":{"index":5,"lang":"ru","country":"ru","chineseCountryName":"俄罗斯","pkg":"com.spaceship.screen.textcopy"},"orders":["com.recognize_text.translate.screen","com.niven.translator","com.tap_to_translate.snap_translate","com.niven.game","com.spaceship.screen.textcopy","com.gaminik.i18n","ru.yandex.translate","com.screen.translate.google","com.microsoft.translator","com.google.android.apps.translate","com.niven.comic","com.datacomprojects.scanandtranslate","com.deepl.mobiletranslator","at.nk.tools.iTranslate","com.zaz.translate","com.newmg.yurao.pro","com.google.ar.lens","com.tangdi.baiguotong","com.ticktalk.translatevoice","com.android.chrome"]},{"rank":{"index":3,"lang":"pt-br","country":"br","chineseCountryName":"巴西","pkg":"com.spaceship.screen.textcopy"},"orders":["com.recognize_text.translate.screen","com.tap_to_translate.snap_translate","com.spaceship.screen.textcopy","com.niven.game","com.gaminik.i18n","com.google.android.apps.translate","at.nk.tools.iTranslate","com.deepl.mobiletranslator","ru.yandex.translate","com.softissimo.reverso.context","com.sayhi.android.sayhitranslate","com.google.ar.lens","com.naver.labs.translator","com.niven.translator","com.screen.translate.google","com.niven.comic","com.youdao.hindict","com.newmg.yurao.pro","com.galaxy.airviewdictionary","com.translate.talkingtranslator"]},{"rank":{"index":7,"lang":"fr","country":"fr","chineseCountryName":"法国","pkg":"com.spaceship.screen.textcopy"},"orders":["com.recognize_text.translate.screen","com.tap_to_translate.snap_translate","com.niven.game","com.gaminik.i18n","com.niven.translator","com.microsoft.translator","com.spaceship.screen.textcopy","com.screen.translate.google","com.google.android.apps.translate","com.niven.comic","com.datacomprojects.scanandtranslate","com.image.camera.translate.ai","com.softissimo.reverso.context","at.nk.tools.iTranslate","ru.yandex.translate","com.deepl.mobiletranslator","com.tangdi.baiguotong","com.newmg.yurao.pro","camtranslator.voice.text.image.translate","com.translate.talkingtranslator"]},{"rank":{"index":8,"lang":"en-gb","country":"gb","chineseCountryName":"英国","pkg":"com.spaceship.screen.textcopy"},"orders":["com.recognize_text.translate.screen","com.gaminik.i18n","com.microsoft.translator","com.google.android.apps.translate","com.screen.translate.google","com.niven.translator","com.niven.game","com.spaceship.screen.textcopy","com.tap_to_translate.snap_translate","com.sayhi.android.sayhitranslate","at.nk.tools.iTranslate","com.datacomprojects.scanandtranslate","com.niven.comic","com.deepl.mobiletranslator","ru.yandex.translate","com.softissimo.reverso.context","com.zaz.translate","com.ticktalk.translatevoice","com.b1b.translator.voicetranslate.alllanguages.translator.app","com.google.ar.lens"]},{"rank":{"index":9,"lang":"de","country":"de","chineseCountryName":"德国","pkg":"com.spaceship.screen.textcopy"},"orders":["com.recognize_text.translate.screen","com.tap_to_translate.snap_translate","com.microsoft.translator","com.screen.translate.google","com.niven.translator","com.gaminik.i18n","com.niven.game","com.google.android.apps.translate","com.spaceship.screen.textcopy","com.deepl.mobiletranslator","com.niven.comic","at.nk.tools.iTranslate","com.datacomprojects.scanandtranslate","com.softissimo.reverso.context","com.sayhi.android.sayhitranslate","com.translate.talkingtranslator","ru.yandex.translate","com.image.camera.translate.ai","com.newmg.yurao.pro","camtranslator.voice.text.image.translate"]},{"rank":{"index":2,"lang":"it","country":"it","chineseCountryName":"意大利","pkg":"com.spaceship.screen.textcopy"},"orders":["com.recognize_text.translate.screen","com.spaceship.screen.textcopy","com.gaminik.i18n","com.screen.translate.google","com.niven.translator","com.microsoft.translator","com.niven.game","com.tap_to_translate.snap_translate","com.niven.comic","com.google.android.apps.translate","com.datacomprojects.scanandtranslate","com.image.camera.translate.ai","com.deepl.mobiletranslator","at.nk.tools.iTranslate","com.softissimo.reverso.context","camtranslator.voice.text.image.translate","com.newmg.yurao.pro","com.tangdi.baiguotong","com.sayhi.android.sayhitranslate","com.b1b.translator.voicetranslate.alllanguages.translator.app"]},{"rank":{"index":10,"lang":"ja","country":"jp","chineseCountryName":"日本","pkg":"com.spaceship.screen.textcopy"},"orders":["com.recognize_text.translate.screen","com.niven.game","com.gaminik.i18n","com.niven.translator","com.microsoft.translator","com.google.android.apps.translate","com.screen.translate.google","com.tap_to_translate.snap_translate","com.naver.labs.translator","com.spaceship.screen.textcopy","com.deepl.mobiletranslator","com.google.ar.lens"]},{"rank":{"index":7,"lang":"ko","country":"kr","chineseCountryName":"韩国","pkg":"com.spaceship.screen.textcopy"},"orders":["com.recognize_text.translate.screen","com.gaminik.i18n","com.tap_to_translate.snap_translate","com.niven.translator","com.niven.game","com.screen.translate.google","com.spaceship.screen.textcopy","com.google.android.apps.translate","com.niven.comic","com.microsoft.translator","com.naver.labs.translator","com.deepl.mobiletranslator","com.datacomprojects.scanandtranslate","com.newmg.yurao.pro","at.nk.tools.iTranslate","com.translate.talkingtranslator","com.image.camera.translate.ai","com.google.ar.lens","com.facebook.orca","com.discord"]},{"rank":{"index":9,"lang":"zh-hk","country":"hk","chineseCountryName":"香港","pkg":"com.spaceship.screen.textcopy"},"orders":["com.recognize_text.translate.screen","com.gaminik.i18n","com.microsoft.translator","com.niven.game","com.google.android.apps.translate","com.screen.translate.google","com.niven.translator","com.tap_to_translate.snap_translate","com.spaceship.screen.textcopy","com.niven.comic","com.datacomprojects.scanandtranslate","at.nk.tools.iTranslate","com.image.camera.translate.ai","com.tangdi.baiguotong","com.naver.labs.translator","com.translate.talkingtranslator","com.newmg.yurao.pro","com.deepl.mobiletranslator","com.google.ar.lens","com.youdao.hindict"]},{"rank":{"index":9,"lang":"zh-tw","country":"tw","chineseCountryName":"台湾","pkg":"com.spaceship.screen.textcopy"},"orders":["com.recognize_text.translate.screen","com.gaminik.i18n","com.niven.game","com.microsoft.translator","com.google.android.apps.translate","com.niven.translator","com.tap_to_translate.snap_translate","com.screen.translate.google","com.spaceship.screen.textcopy","com.niven.comic","com.datacomprojects.scanandtranslate","at.nk.tools.iTranslate","com.tangdi.baiguotong","com.youdao.hindict","com.newmg.yurao.pro","com.translate.talkingtranslator","com.naver.labs.translator","com.image.camera.translate.ai","com.deepl.mobiletranslator","ru.yandex.translate"]},{"rank":{"index":0,"lang":"en","country":"in","chineseCountryName":"印度","pkg":"com.spaceship.screen.textcopy"},"orders":["com.recognize_text.translate.screen","com.google.android.apps.translate","com.microsoft.translator","com.gaminik.i18n"]},{"rank":{"index":7,"lang":"id","country":"id","chineseCountryName":"印尼","pkg":"com.spaceship.screen.textcopy"},"orders":["com.recognize_text.translate.screen","com.tap_to_translate.snap_translate","com.niven.translator","com.gaminik.i18n","com.niven.game","com.screen.translate.google","com.spaceship.screen.textcopy","com.niven.comic","com.youdao.hindict","com.google.android.apps.translate","com.newmg.yurao.pro","com.microsoft.translator","com.naver.labs.translator","com.deepl.mobiletranslator"]},{"rank":{"index":4,"lang":"es-mx","country":"mx","chineseCountryName":"墨西哥","pkg":"com.spaceship.screen.textcopy"},"orders":["com.recognize_text.translate.screen","com.tap_to_translate.snap_translate","com.niven.game","com.spaceship.screen.textcopy","com.gaminik.i18n","com.google.android.apps.translate","at.nk.tools.iTranslate","com.deepl.mobiletranslator","ru.yandex.translate","com.softissimo.reverso.context","com.sayhi.android.sayhitranslate","com.translate.talkingtranslator","com.naver.labs.translator","com.tangdi.baiguotong","com.niven.translator","com.youdao.hindict","com.screen.translate.google","com.niven.comic","com.datacomprojects.scanandtranslate","com.newmg.yurao.pro"]}]