[{"rank":{"index":2,"lang":"en-us","country":"us","chineseCountryName":"美国","pkg":"com.spaceship.screen.textcopy"},"orders":["com.recognize_text.translate.screen","com.spaceship.screen.textcopy","com.gaminik.i18n","com.google.android.apps.translate","com.screen.translate.google","com.niven.game","com.niven.translator","com.microsoft.translator","com.tap_to_translate.snap_translate","com.newmg.yurao.pro","com.niven.comic","com.niven.apptranslate","com.facebook.orca","com.google.android.apps.photos","at.nk.tools.iTranslate","com.deepl.mobiletranslator","com.google.android.apps.maps","com.android.chrome","com.google.android.dialer","com.google.android.apps.docs"]},{"rank":{"index":2,"lang":"ru","country":"ru","chineseCountryName":"俄罗斯","pkg":"com.spaceship.screen.textcopy"},"orders":["com.recognize_text.translate.screen","com.spaceship.screen.textcopy","com.tap_to_translate.snap_translate","com.gaminik.i18n","com.niven.translator","com.niven.game","com.screen.translate.google","com.niven.apptranslate","ru.yandex.translate","com.niven.comic","com.newmg.yurao.pro","com.google.android.apps.translate","com.youdao.hindict","com.microsoft.translator","com.deepl.mobiletranslator","com.facebook.orca","com.discord","com.android.chrome","us.zoom.videomeetings","com.google.android.dialer"]},{"rank":{"index":2,"lang":"fr","country":"fr","chineseCountryName":"法国","pkg":"com.spaceship.screen.textcopy"},"orders":["com.recognize_text.translate.screen","com.spaceship.screen.textcopy","com.tap_to_translate.snap_translate","com.gaminik.i18n","com.niven.game","com.niven.translator","com.screen.translate.google","com.niven.apptranslate","com.niven.comic","com.newmg.yurao.pro","com.google.android.apps.translate","com.microsoft.translator","com.facebook.orca","com.google.android.apps.photos","com.discord","org.telegram.messenger","com.microsoft.office.outlook","com.android.chrome","com.google.android.apps.maps","com.intsig.camscanner"]},{"rank":{"index":2,"lang":"en-gb","country":"gb","chineseCountryName":"英国","pkg":"com.spaceship.screen.textcopy"},"orders":["com.recognize_text.translate.screen","com.spaceship.screen.textcopy","com.niven.game","com.gaminik.i18n","com.google.android.apps.translate","com.screen.translate.google","com.niven.translator","com.microsoft.translator","com.niven.apptranslate","com.niven.comic","com.newmg.yurao.pro","com.tap_to_translate.snap_translate","com.facebook.orca","com.google.android.apps.maps","com.youdao.hindict","com.google.android.apps.photos","com.duolingo","com.android.chrome","com.datacomprojects.scanandtranslate","com.deepl.mobiletranslator"]},{"rank":{"index":2,"lang":"de","country":"de","chineseCountryName":"德国","pkg":"com.spaceship.screen.textcopy"},"orders":["com.recognize_text.translate.screen","com.spaceship.screen.textcopy","com.niven.game","com.gaminik.i18n","com.screen.translate.google","com.niven.translator","com.tap_to_translate.snap_translate","com.newmg.yurao.pro","com.niven.apptranslate","com.niven.comic","com.google.android.apps.translate","com.microsoft.translator","com.deepl.mobiletranslator","com.facebook.orca","com.discord","com.youdao.hindict","com.google.android.apps.photos","com.google.android.apps.maps","com.android.chrome","com.amazon.kindle"]},{"rank":{"index":2,"lang":"it","country":"it","chineseCountryName":"意大利","pkg":"com.spaceship.screen.textcopy"},"orders":["com.recognize_text.translate.screen","com.spaceship.screen.textcopy","com.gaminik.i18n","com.niven.game","com.screen.translate.google","com.niven.translator","com.tap_to_translate.snap_translate","com.niven.apptranslate","com.newmg.yurao.pro","com.google.android.apps.translate","com.niven.comic","com.microsoft.translator","com.facebook.orca","com.google.android.apps.photos","com.intsig.camscanner","com.discord","com.microsoft.office.outlook","com.google.android.dialer","com.google.android.apps.maps","com.duolingo"]},{"rank":{"index":2,"lang":"ja","country":"jp","chineseCountryName":"日本","pkg":"com.spaceship.screen.textcopy"},"orders":["com.recognize_text.translate.screen","com.spaceship.screen.textcopy","com.gaminik.i18n","com.screen.translate.google","com.niven.translator","com.niven.game","com.tap_to_translate.snap_translate","com.niven.apptranslate","com.google.android.apps.translate","com.newmg.yurao.pro","com.niven.comic","com.microsoft.translator","com.facebook.orca","com.android.chrome","com.deepl.mobiletranslator","com.google.android.apps.maps","com.discord","com.naver.labs.translator","com.amazon.kindle","com.microsoft.office.outlook"]},{"rank":{"index":2,"lang":"ko","country":"kr","chineseCountryName":"韩国","pkg":"com.spaceship.screen.textcopy"},"orders":["com.recognize_text.translate.screen","com.spaceship.screen.textcopy","com.tap_to_translate.snap_translate","com.gaminik.i18n","com.niven.game","com.niven.translator","com.screen.translate.google","com.niven.apptranslate","com.newmg.yurao.pro","com.niven.comic","com.google.android.apps.translate","com.naver.labs.translator","com.facebook.orca","com.discord","com.android.chrome","com.microsoft.translator","us.zoom.videomeetings","com.google.android.apps.photos","com.sec.android.app.sbrowser","com.duolingo"]},{"rank":{"index":2,"lang":"zh-hk","country":"hk","chineseCountryName":"香港","pkg":"com.spaceship.screen.textcopy"},"orders":["com.recognize_text.translate.screen","com.spaceship.screen.textcopy","com.gaminik.i18n","com.screen.translate.google","com.niven.apptranslate","com.niven.game","com.niven.translator","com.newmg.yurao.pro","com.google.android.apps.translate","com.tap_to_translate.snap_translate","com.microsoft.translator","com.niven.comic","com.google.android.apps.maps","com.android.chrome","com.facebook.orca","org.telegram.messenger","com.zaz.translate","com.discord","com.google.android.apps.photos","com.duolingo"]},{"rank":{"index":2,"lang":"zh-tw","country":"tw","chineseCountryName":"台湾","pkg":"com.spaceship.screen.textcopy"},"orders":["com.recognize_text.translate.screen","com.spaceship.screen.textcopy","com.niven.game","com.gaminik.i18n","com.screen.translate.google","com.niven.translator","com.niven.apptranslate","com.tap_to_translate.snap_translate","com.niven.comic","com.google.android.apps.translate","com.newmg.yurao.pro","com.microsoft.translator","com.facebook.orca","com.google.android.apps.maps","com.youdao.hindict","org.telegram.messenger","com.discord","com.android.chrome","com.skype.raider","com.duolingo"]},{"rank":{"index":2,"lang":"en","country":"in","chineseCountryName":"印度","pkg":"com.spaceship.screen.textcopy"},"orders":["com.recognize_text.translate.screen","com.spaceship.screen.textcopy","com.google.android.apps.translate","com.tap_to_translate.snap_translate","com.newmg.yurao.pro","com.screen.translate.google","com.niven.game","com.niven.translator","com.microsoft.translator","at.nk.tools.iTranslate","com.zaz.translate","com.niven.apptranslate","com.gaminik.i18n"]},{"rank":{"index":2,"lang":"id","country":"id","chineseCountryName":"印尼","pkg":"com.spaceship.screen.textcopy"},"orders":["com.recognize_text.translate.screen","com.spaceship.screen.textcopy","com.tap_to_translate.snap_translate","com.gaminik.i18n","com.niven.translator","com.niven.game","com.screen.translate.google","com.niven.apptranslate","com.niven.comic","com.newmg.yurao.pro"]},{"rank":{"index":2,"lang":"es-mx","country":"mx","chineseCountryName":"墨西哥","pkg":"com.spaceship.screen.textcopy"},"orders":["com.recognize_text.translate.screen","com.spaceship.screen.textcopy","com.tap_to_translate.snap_translate","com.niven.game","com.niven.translator","com.youdao.hindict","com.google.android.apps.translate","com.microsoft.translator","com.screen.translate.google","at.nk.tools.iTranslate","com.deepl.mobiletranslator","com.niven.comic","ru.yandex.translate","com.niven.apptranslate","com.newmg.yurao.pro","com.softissimo.reverso.context","com.naver.labs.translator","com.translate.talkingtranslator","com.google.ar.lens","com.gaminik.i18n"]}]