[{"rank":{"index":2,"lang":"en-us","country":"us","chineseCountryName":"美国","pkg":"com.spaceship.screen.textcopy"},"orders":["com.recognize_text.translate.screen","com.spaceship.screen.textcopy","com.tap_to_translate.snap_translate","com.gaminik.i18n","com.google.android.apps.translate","com.screen.translate.google","com.microsoft.translator","com.niven.game","com.niven.translator","com.niven.comic","com.newmg.yurao.pro","com.niven.apptranslate","com.deepl.mobiletranslator","com.naver.labs.translator","com.facebook.orca","com.google.ar.lens","com.google.android.apps.maps","com.google.android.apps.photos","com.android.chrome","com.google.android.gm"]},{"rank":{"index":2,"lang":"ru","country":"ru","chineseCountryName":"俄罗斯","pkg":"com.spaceship.screen.textcopy"},"orders":["com.recognize_text.translate.screen","com.spaceship.screen.textcopy","com.gaminik.i18n","com.niven.translator","com.niven.game","com.tap_to_translate.snap_translate","com.screen.translate.google","ru.yandex.translate","com.newmg.yurao.pro","com.niven.apptranslate","com.niven.comic","com.microsoft.translator","com.google.android.apps.translate","com.deepl.mobiletranslator","com.android.chrome","com.facebook.orca","com.discord","com.google.android.dialer","com.google.android.apps.photos","com.microsoft.office.word"]},{"rank":{"index":2,"lang":"fr","country":"fr","chineseCountryName":"法国","pkg":"com.spaceship.screen.textcopy"},"orders":["com.recognize_text.translate.screen","com.spaceship.screen.textcopy","com.tap_to_translate.snap_translate","com.gaminik.i18n","com.niven.game","com.screen.translate.google","com.niven.translator","com.niven.comic","com.google.android.apps.translate","com.microsoft.translator","com.niven.apptranslate","com.newmg.yurao.pro","com.deepl.mobiletranslator","com.facebook.orca","org.telegram.messenger","com.discord","com.canva.editor","com.android.chrome","com.microsoft.office.outlook","com.google.android.apps.photos"]},{"rank":{"index":2,"lang":"en-gb","country":"gb","chineseCountryName":"英国","pkg":"com.spaceship.screen.textcopy"},"orders":["com.recognize_text.translate.screen","com.spaceship.screen.textcopy","com.gaminik.i18n","com.google.android.apps.translate","com.microsoft.translator","com.screen.translate.google","com.niven.game","com.niven.translator","com.tap_to_translate.snap_translate","com.niven.comic","com.deepl.mobiletranslator","com.niven.apptranslate","com.newmg.yurao.pro","at.nk.tools.iTranslate","com.datacomprojects.scanandtranslate","com.softissimo.reverso.context","com.facebook.orca","com.google.ar.lens","com.google.android.apps.maps","com.android.chrome"]},{"rank":{"index":2,"lang":"de","country":"de","chineseCountryName":"德国","pkg":"com.spaceship.screen.textcopy"},"orders":["com.recognize_text.translate.screen","com.spaceship.screen.textcopy","com.gaminik.i18n","com.niven.game","com.screen.translate.google","com.niven.translator","com.microsoft.translator","com.tap_to_translate.snap_translate","com.google.android.apps.translate","com.niven.comic","com.niven.apptranslate","com.newmg.yurao.pro","com.deepl.mobiletranslator","com.facebook.orca","com.discord","com.android.chrome","com.google.android.apps.maps","com.google.android.apps.photos","com.microsoft.office.outlook","com.amazon.kindle"]},{"rank":{"index":2,"lang":"it","country":"it","chineseCountryName":"意大利","pkg":"com.spaceship.screen.textcopy"},"orders":["com.recognize_text.translate.screen","com.spaceship.screen.textcopy","com.gaminik.i18n","com.niven.game","com.screen.translate.google","com.niven.translator","com.niven.comic","com.tap_to_translate.snap_translate","com.google.android.apps.translate","com.niven.apptranslate","com.newmg.yurao.pro","com.microsoft.translator","com.facebook.orca","com.deepl.mobiletranslator","com.softissimo.reverso.context","com.discord","com.google.android.apps.photos","com.canva.editor","com.microsoft.office.outlook","com.google.android.apps.maps"]},{"rank":{"index":2,"lang":"ja","country":"jp","chineseCountryName":"日本","pkg":"com.spaceship.screen.textcopy"},"orders":["com.recognize_text.translate.screen","com.spaceship.screen.textcopy","com.gaminik.i18n","com.screen.translate.google","com.niven.game","com.niven.translator","com.tap_to_translate.snap_translate","com.google.android.apps.translate","com.microsoft.translator","com.niven.comic","com.niven.apptranslate","com.newmg.yurao.pro","com.deepl.mobiletranslator","com.facebook.orca","com.android.chrome","com.google.ar.lens","com.google.android.apps.maps","com.discord","com.naver.labs.translator","com.openai.chatgpt"]},{"rank":{"index":2,"lang":"ko","country":"kr","chineseCountryName":"韩国","pkg":"com.spaceship.screen.textcopy"},"orders":["com.recognize_text.translate.screen","com.spaceship.screen.textcopy","com.tap_to_translate.snap_translate","com.gaminik.i18n","com.niven.game","com.screen.translate.google","com.niven.translator","com.niven.apptranslate","com.google.android.apps.translate","com.newmg.yurao.pro","com.niven.comic","com.naver.labs.translator","com.microsoft.translator","com.facebook.orca","com.discord","com.android.chrome","com.sec.android.app.sbrowser","us.zoom.videomeetings","com.google.android.apps.photos","com.duolingo"]},{"rank":{"index":2,"lang":"zh-hk","country":"hk","chineseCountryName":"香港","pkg":"com.spaceship.screen.textcopy"},"orders":["com.recognize_text.translate.screen","com.spaceship.screen.textcopy","com.gaminik.i18n","com.niven.game","com.niven.translator","com.screen.translate.google","com.microsoft.translator","com.google.android.apps.translate","com.tap_to_translate.snap_translate","com.niven.comic","com.newmg.yurao.pro","com.niven.apptranslate","com.google.android.apps.maps","com.facebook.orca","org.telegram.messenger","com.android.chrome","com.datacomprojects.scanandtranslate","com.deepl.mobiletranslator","com.discord","com.google.ar.lens"]},{"rank":{"index":2,"lang":"zh-tw","country":"tw","chineseCountryName":"台湾","pkg":"com.spaceship.screen.textcopy"},"orders":["com.recognize_text.translate.screen","com.spaceship.screen.textcopy","com.gaminik.i18n","com.niven.game","com.screen.translate.google","com.niven.translator","com.niven.comic","com.tap_to_translate.snap_translate","com.google.android.apps.translate","com.microsoft.translator","com.newmg.yurao.pro","com.niven.apptranslate","com.facebook.orca","org.telegram.messenger","com.discord","com.google.android.apps.maps","com.android.chrome","com.deepl.mobiletranslator","com.google.ar.lens","com.skype.raider"]},{"rank":{"index":2,"lang":"en","country":"in","chineseCountryName":"印度","pkg":"com.spaceship.screen.textcopy"},"orders":["com.recognize_text.translate.screen","com.spaceship.screen.textcopy","com.google.android.apps.translate","com.tap_to_translate.snap_translate","com.screen.translate.google","com.newmg.yurao.pro","com.niven.game","com.microsoft.translator","com.niven.translator","at.nk.tools.iTranslate","com.deepl.mobiletranslator","com.naver.labs.translator","com.google.ar.lens","com.zaz.translate","ru.yandex.translate","com.datacomprojects.scanandtranslate","com.gaminik.i18n"]},{"rank":{"index":2,"lang":"id","country":"id","chineseCountryName":"印尼","pkg":"com.spaceship.screen.textcopy"},"orders":["com.recognize_text.translate.screen","com.spaceship.screen.textcopy","com.tap_to_translate.snap_translate","com.gaminik.i18n","com.niven.game","com.niven.translator","com.screen.translate.google","com.niven.comic","com.google.android.apps.translate","com.youdao.hindict"]},{"rank":{"index":2,"lang":"es-mx","country":"mx","chineseCountryName":"墨西哥","pkg":"com.spaceship.screen.textcopy"},"orders":["com.recognize_text.translate.screen","com.spaceship.screen.textcopy","com.tap_to_translate.snap_translate","com.niven.game","com.niven.translator","com.microsoft.translator","com.google.android.apps.translate","com.youdao.hindict","com.screen.translate.google","at.nk.tools.iTranslate","com.deepl.mobiletranslator","com.naver.labs.translator","ru.yandex.translate","com.niven.comic","com.softissimo.reverso.context","com.sayhi.android.sayhitranslate","com.google.ar.lens","com.translate.talkingtranslator","com.kursx.smartbook","com.gaminik.i18n"]}]