[{"rank":{"index":2,"lang":"en-us","country":"us","chineseCountryName":"美国","pkg":"com.spaceship.screen.textcopy"},"orders":["com.recognize_text.translate.screen","com.spaceship.screen.textcopy","com.gaminik.i18n","com.mg.yurao.google","com.microsoft.translator","com.niven.game","com.google.android.apps.translate","com.tap_to_translate.snap_translate","com.niven.translator","com.niven.comic","com.newmg.yurao.pro","com.niven.apptranslate","com.eecorp.linguago","com.tranit.text.translate","com.translator.yellow","com.zaz.translate","all.language.translate.translator","com.appgroup.app.arcamera","com.language.translate.free.translator.voice.translation","screen.translator.voice.translate"]},{"rank":{"index":6,"lang":"ru","country":"ru","chineseCountryName":"俄罗斯","pkg":"com.spaceship.screen.textcopy"},"orders":["com.recognize_text.translate.screen","com.tap_to_translate.snap_translate","com.gaminik.i18n","com.niven.game","com.niven.translator","com.spaceship.screen.textcopy","com.niven.comic","com.niven.apptranslate","com.google.android.apps.translate","ru.yandex.translate","com.eecorp.linguago","com.microsoft.translator","screen.translator.voice.translate","com.deepl.mobiletranslator","com.naver.labs.translator","com.pidev.screentranslator","at.nk.tools.iTranslate","com.datacomprojects.scanandtranslate","com.tranit.text.translate","com.tangdi.baiguotong"]},{"rank":{"index":3,"lang":"fr","country":"fr","chineseCountryName":"法国","pkg":"com.spaceship.screen.textcopy"},"orders":["com.recognize_text.translate.screen","com.tap_to_translate.snap_translate","com.spaceship.screen.textcopy","com.mg.yurao.google","com.niven.game","com.gaminik.i18n","com.niven.translator","com.niven.comic","com.newmg.yurao.pro","com.niven.apptranslate","com.appgroup.app.arcamera","com.eecorp.linguago","com.translator.yellow","com.microsoft.translator","com.tranit.text.translate","com.deepl.mobiletranslator","camera.translator.realtime","com.google.android.apps.translate","screen.translator.voice.translate","com.zaz.translate"]},{"rank":{"index":3,"lang":"en-gb","country":"gb","chineseCountryName":"英国","pkg":"com.spaceship.screen.textcopy"},"orders":["com.recognize_text.translate.screen","com.mg.yurao.google","com.spaceship.screen.textcopy","com.tap_to_translate.snap_translate","com.google.android.apps.translate","com.microsoft.translator","com.gaminik.i18n","com.niven.game","com.niven.translator","com.niven.comic","com.newmg.yurao.pro","com.niven.apptranslate","screen.translator.voice.translate","com.eecorp.linguago","com.naver.labs.translator","com.zaz.translate","com.sayhi.android.sayhitranslate","com.datacomprojects.scanandtranslate","at.nk.tools.iTranslate","com.tranit.text.translate"]},{"rank":{"index":2,"lang":"de","country":"de","chineseCountryName":"德国","pkg":"com.spaceship.screen.textcopy"},"orders":["com.recognize_text.translate.screen","com.spaceship.screen.textcopy","com.mg.yurao.google","com.gaminik.i18n","com.niven.game","com.tap_to_translate.snap_translate","com.niven.translator","com.niven.comic","com.niven.apptranslate","com.microsoft.translator","com.google.android.apps.translate","com.newmg.yurao.pro","com.eecorp.linguago","com.deepl.mobiletranslator","screen.translator.voice.translate","com.zaz.translate","ru.yandex.translate","at.nk.tools.iTranslate","com.tranit.text.translate","com.sayhi.android.sayhitranslate"]},{"rank":{"index":4,"lang":"it","country":"it","chineseCountryName":"意大利","pkg":"com.spaceship.screen.textcopy"},"orders":["com.recognize_text.translate.screen","com.niven.game","com.gaminik.i18n","com.spaceship.screen.textcopy","com.mg.yurao.google","com.niven.translator","com.niven.comic","com.tap_to_translate.snap_translate","com.translator.yellow","com.niven.apptranslate","com.newmg.yurao.pro","com.eecorp.linguago","com.translate.app","com.tranit.text.translate","com.appgroup.app.arcamera","com.microsoft.translator","all.language.translate.translator","com.zaz.translate","at.nk.tools.iTranslate","com.ticktalk.translatevoice"]},{"rank":{"index":4,"lang":"ja","country":"jp","chineseCountryName":"日本","pkg":"com.spaceship.screen.textcopy"},"orders":["com.recognize_text.translate.screen","com.gaminik.i18n","com.mg.yurao.google","com.spaceship.screen.textcopy","com.niven.game","com.tap_to_translate.snap_translate","com.niven.translator","com.niven.comic","com.niven.apptranslate","com.eecorp.linguago","com.newmg.yurao.pro","com.google.android.apps.translate","com.microsoft.translator","camera.translator.realtime","com.appgroup.app.arcamera","com.deepl.mobiletranslator","com.naver.labs.translator","us.zoom.videomeetings","com.youdao.hindict","screen.translator.voice.translate"]},{"rank":{"index":3,"lang":"ko","country":"kr","chineseCountryName":"韩国","pkg":"com.spaceship.screen.textcopy"},"orders":["com.recognize_text.translate.screen","com.mg.yurao.google","com.spaceship.screen.textcopy","com.tap_to_translate.snap_translate","com.niven.game","com.gaminik.i18n","com.niven.translator","com.niven.comic","com.niven.apptranslate","com.newmg.yurao.pro","com.eecorp.linguago","com.naver.labs.translator","com.google.android.apps.translate","com.microsoft.translator","us.zoom.videomeetings","com.tranit.text.translate","camera.translator.realtime","com.appgroup.app.arcamera","com.deepl.mobiletranslator","com.translate.talkingtranslator"]},{"rank":{"index":8,"lang":"zh-hk","country":"hk","chineseCountryName":"香港","pkg":"com.spaceship.screen.textcopy"},"orders":["com.recognize_text.translate.screen","com.mg.yurao.google","com.gaminik.i18n","com.tap_to_translate.snap_translate","com.niven.game","com.niven.translator","com.niven.comic","com.spaceship.screen.textcopy","com.newmg.yurao.pro","com.niven.apptranslate","com.eecorp.linguago","com.tranit.text.translate","com.microsoft.translator","com.zaz.translate","all.language.translate.translator","com.voice_camera_free_translate","camera.translator.realtime","com.google.android.apps.translate","com.appgroup.app.arcamera","com.translate.talkingtranslator"]},{"rank":{"index":8,"lang":"zh-tw","country":"tw","chineseCountryName":"台湾","pkg":"com.spaceship.screen.textcopy"},"orders":["com.recognize_text.translate.screen","com.mg.yurao.google","com.gaminik.i18n","com.tap_to_translate.snap_translate","com.niven.game","com.niven.translator","com.niven.comic","com.spaceship.screen.textcopy","com.newmg.yurao.pro","com.niven.apptranslate","com.eecorp.linguago","com.zaz.translate","com.microsoft.translator","com.tranit.text.translate","com.appgroup.app.arcamera","camera.translator.realtime","com.voice_camera_free_translate","all.language.translate.translator","com.translate.talkingtranslator","com.pidev.screentranslator"]},{"rank":{"index":3,"lang":"en","country":"in","chineseCountryName":"印度","pkg":"com.spaceship.screen.textcopy"},"orders":["com.recognize_text.translate.screen","com.gaminik.i18n","com.spaceship.screen.textcopy","com.niven.game","com.newmg.yurao.pro","com.google.android.apps.translate","com.tap_to_translate.snap_translate","com.niven.translator","com.niven.comic","com.zaz.translate","com.niven.apptranslate","com.microsoft.translator","com.tranit.text.translate","com.eecorp.linguago","screen.translator.voice.translate","translate.smartranit.language.text","com.appgroup.app.arcamera","com.pidev.screentranslator","camera.translator.realtime","com.mg.yurao.google"]},{"rank":{"index":4,"lang":"id","country":"id","chineseCountryName":"印尼","pkg":"com.spaceship.screen.textcopy"},"orders":["com.recognize_text.translate.screen","com.tap_to_translate.snap_translate","com.mg.yurao.google","com.spaceship.screen.textcopy","com.gaminik.i18n","com.niven.game","com.niven.translator","com.niven.comic","com.newmg.yurao.pro","com.niven.apptranslate","com.eecorp.linguago","com.google.android.apps.translate","com.pidev.screentranslator","com.youdao.hindict","com.naver.labs.translator","us.zoom.videomeetings","com.zaz.translate","com.andi.alquran.id","com.appgroup.app.arcamera","com.microsoft.translator"]},{"rank":{"index":5,"lang":"es-mx","country":"mx","chineseCountryName":"墨西哥","pkg":"com.spaceship.screen.textcopy"},"orders":["com.recognize_text.translate.screen","com.tap_to_translate.snap_translate","com.niven.game","com.gaminik.i18n","com.spaceship.screen.textcopy","com.niven.translator","com.niven.comic","com.newmg.yurao.pro","com.microsoft.translator","com.google.android.apps.translate","com.eecorp.linguago","com.zaz.translate","screen.translator.voice.translate","at.nk.tools.iTranslate","com.niven.apptranslate","ru.yandex.translate","com.tranit.text.translate","com.datacomprojects.scanandtranslate","com.translate.talkingtranslator","com.mg.yurao.google"]}]