[{"rank":{"index":1,"lang":"en-us","country":"us","chineseCountryName":"美国","pkg":"com.spaceship.screen.textcopy"},"orders":["com.spaceship.screen.textcopy","com.recognize_text.translate.screen","com.tap_to_translate.snap_translate","com.gaminik.i18n","com.microsoft.translator","com.google.android.apps.translate","com.niven.translator","com.niven.game","com.niven.comic","screen.translator.voice.translate","com.newmg.yurao.pro","com.eecorp.linguago","com.screen.translate.google","com.eecorp.taptranslator","com.zaz.translate","com.naver.labs.translator","at.nk.tools.iTranslate","com.mobisystems.msdict.embedded.wireless.collins.ee","com.translate.talkingtranslator","com.deepl.mobiletranslator"]},{"rank":{"index":2,"lang":"ru","country":"ru","chineseCountryName":"俄罗斯","pkg":"com.spaceship.screen.textcopy"},"orders":["com.recognize_text.translate.screen","com.spaceship.screen.textcopy","com.tap_to_translate.snap_translate","com.gaminik.i18n","com.niven.translator","com.microsoft.translator","com.niven.game","com.google.android.apps.translate","com.niven.comic","com.newmg.yurao.pro","com.eecorp.linguago","com.screen.translate.google","screen.translator.voice.translate","ru.yandex.translate","com.niven.apptranslate","com.youdao.hindict","com.nordicwise.translator","com.deepl.mobiletranslator","com.chat_translate.screen_translate","at.nk.tools.iTranslate"]},{"rank":{"index":2,"lang":"pt-br","country":"br","chineseCountryName":"巴西","pkg":"com.spaceship.screen.textcopy"},"orders":["com.recognize_text.translate.screen","com.spaceship.screen.textcopy","com.tap_to_translate.snap_translate","com.gaminik.i18n","com.niven.translator","com.niven.game","com.niven.comic","com.newmg.yurao.pro","com.youdao.hindict","com.eecorp.linguago","com.google.android.apps.translate","screen.translator.voice.translate","com.microsoft.translator","com.android.chrome","com.google.android.apps.docs","com.adobe.reader","com.google.android.apps.photos","us.zoom.videomeetings","com.discord","com.google.android.apps.maps"]},{"rank":{"index":2,"lang":"fr","country":"fr","chineseCountryName":"法国","pkg":"com.spaceship.screen.textcopy"},"orders":["com.recognize_text.translate.screen","com.spaceship.screen.textcopy","com.tap_to_translate.snap_translate","com.gaminik.i18n","screen.translator.voice.translate","com.niven.translator","com.newmg.yurao.pro","com.niven.game","com.eecorp.linguago","com.microsoft.translator","com.niven.comic","com.screen.translate.google","com.google.android.apps.translate","com.youdao.hindict","com.eecorp.taptranslator","com.chat_translate.screen_translate","com.deepl.mobiletranslator","com.softissimo.reverso.context","com.duolingo","com.discord"]},{"rank":{"index":2,"lang":"en-gb","country":"gb","chineseCountryName":"英国","pkg":"com.spaceship.screen.textcopy"},"orders":["com.recognize_text.translate.screen","com.spaceship.screen.textcopy","com.tap_to_translate.snap_translate","com.microsoft.translator","com.gaminik.i18n","screen.translator.voice.translate","com.google.android.apps.translate","com.niven.translator","com.niven.game","com.newmg.yurao.pro","com.niven.comic","com.youdao.hindict","com.screen.translate.google","com.eecorp.linguago","com.zaz.translate","at.nk.tools.iTranslate","com.eecorp.taptranslator","com.nordicwise.translator","com.deepl.mobiletranslator","com.mobisystems.msdict.embedded.wireless.collins.ee"]},{"rank":{"index":2,"lang":"de","country":"de","chineseCountryName":"德国","pkg":"com.spaceship.screen.textcopy"},"orders":["com.recognize_text.translate.screen","com.spaceship.screen.textcopy","com.tap_to_translate.snap_translate","com.gaminik.i18n","com.niven.translator","com.microsoft.translator","com.niven.game","com.niven.comic","com.newmg.yurao.pro","com.eecorp.linguago","com.google.android.apps.translate","com.deepl.mobiletranslator","com.screen.translate.google","com.youdao.hindict"]},{"rank":{"index":2,"lang":"it","country":"it","chineseCountryName":"意大利","pkg":"com.spaceship.screen.textcopy"},"orders":["com.recognize_text.translate.screen","com.spaceship.screen.textcopy","com.gaminik.i18n","screen.translator.voice.translate","com.tap_to_translate.snap_translate","com.niven.translator","com.niven.game","com.niven.comic","com.microsoft.translator","com.eecorp.linguago","com.newmg.yurao.pro","com.screen.translate.google","com.eecorp.taptranslator","com.google.android.apps.translate","com.youdao.hindict","com.deepl.mobiletranslator","com.chat_translate.screen_translate","com.google.android.apps.photos","com.adobe.reader","com.discord"]},{"rank":{"index":2,"lang":"ja","country":"jp","chineseCountryName":"日本","pkg":"com.spaceship.screen.textcopy"},"orders":["com.recognize_text.translate.screen","com.spaceship.screen.textcopy","com.gaminik.i18n","com.niven.game","com.niven.translator","com.tap_to_translate.snap_translate","com.newmg.yurao.pro","screen.translator.voice.translate","com.deepl.mobiletranslator","com.niven.apptranslate","com.eecorp.linguago","com.niven.comic","com.google.android.apps.translate","com.naver.labs.translator","com.eecorp.taptranslator","com.microsoft.translator","com.translate.talkingtranslator","com.android.chrome","com.discord","com.duolingo"]},{"rank":{"index":2,"lang":"ko","country":"kr","chineseCountryName":"韩国","pkg":"com.spaceship.screen.textcopy"},"orders":["com.recognize_text.translate.screen","com.spaceship.screen.textcopy","com.tap_to_translate.snap_translate","com.gaminik.i18n","com.microsoft.translator","com.niven.translator","com.google.android.apps.translate","com.niven.game","com.newmg.yurao.pro","com.niven.comic","com.naver.labs.translator","com.eecorp.linguago","com.screen.translate.google","com.zaz.translate","com.eecorp.taptranslator","com.youdao.hindict","com.deepl.mobiletranslator","at.nk.tools.iTranslate","screen.translator.voice.translate","com.niven.apptranslate"]},{"rank":{"index":2,"lang":"zh-hk","country":"hk","chineseCountryName":"香港","pkg":"com.spaceship.screen.textcopy"},"orders":["com.recognize_text.translate.screen","com.spaceship.screen.textcopy","com.tap_to_translate.snap_translate","com.gaminik.i18n","com.microsoft.translator","com.google.android.apps.translate","com.niven.translator","com.niven.game","com.niven.comic","com.newmg.yurao.pro","com.screen.translate.google","com.eecorp.linguago","screen.translator.voice.translate","com.mg.chat","com.eecorp.taptranslator","at.nk.tools.iTranslate","com.deepl.mobiletranslator","com.zaz.translate","com.niven.apptranslate","com.mg.subtitle.google"]},{"rank":{"index":3,"lang":"zh-tw","country":"tw","chineseCountryName":"台湾","pkg":"com.spaceship.screen.textcopy"},"orders":["com.recognize_text.translate.screen","com.tap_to_translate.snap_translate","com.spaceship.screen.textcopy","com.gaminik.i18n","com.microsoft.translator","com.niven.translator","com.niven.game","com.niven.comic","com.google.android.apps.translate","com.eecorp.linguago","com.newmg.yurao.pro","com.screen.translate.google","com.eecorp.taptranslator","com.youdao.hindict","com.mg.chat","com.naver.labs.translator","at.nk.tools.iTranslate","screen.translator.voice.translate","com.deepl.mobiletranslator","com.zaz.translate"]},{"rank":{"index":2,"lang":"en","country":"in","chineseCountryName":"印度","pkg":"com.spaceship.screen.textcopy"},"orders":["com.recognize_text.translate.screen","com.spaceship.screen.textcopy","com.tap_to_translate.snap_translate","screen.translator.voice.translate","com.google.android.apps.translate","com.microsoft.translator","com.gaminik.i18n","com.newmg.yurao.pro","com.zaz.translate","com.niven.translator","com.eecorp.linguago","at.nk.tools.iTranslate","com.niven.comic","com.tranit.text.translate","com.niven.game","com.naver.labs.translator","com.languagetranslator.translatorapp.smartscanner.dictionary.translation.voicetranslator","com.translate.talkingtranslator","com.screen.translate.google","com.datacomprojects.scanandtranslate"]},{"rank":{"index":1,"lang":"id","country":"id","chineseCountryName":"印尼","pkg":"com.spaceship.screen.textcopy"},"orders":["com.spaceship.screen.textcopy","com.recognize_text.translate.screen","com.tap_to_translate.snap_translate","com.gaminik.i18n","com.niven.translator","com.niven.game","com.eecorp.linguago","com.youdao.hindict","com.newmg.yurao.pro","com.niven.comic"]},{"rank":{"index":2,"lang":"es-mx","country":"mx","chineseCountryName":"墨西哥","pkg":"com.spaceship.screen.textcopy"},"orders":["com.recognize_text.translate.screen","com.spaceship.screen.textcopy","com.tap_to_translate.snap_translate","com.gaminik.i18n","com.niven.translator","com.niven.game","com.niven.comic","com.youdao.hindict","com.newmg.yurao.pro","com.google.android.apps.translate","com.eecorp.linguago","com.microsoft.translator","com.android.chrome","com.google.android.apps.photos","com.google.android.apps.docs","com.discord","com.google.android.apps.maps","us.zoom.videomeetings","com.adobe.reader","com.duolingo"]}]