[{"rank":{"index":1,"lang":"en-us","country":"us","chineseCountryName":"美国","pkg":"com.spaceship.screen.textcopy"},"orders":["com.spaceship.screen.textcopy","com.recognize_text.translate.screen","com.gaminik.i18n","com.newmg.yurao.pro","com.microsoft.translator","com.niven.translator","com.google.android.apps.translate","com.niven.game","com.eecorp.taptranslator","at.nk.tools.iTranslate","com.deepl.mobiletranslator","com.niven.comic","com.naver.labs.translator","com.galaxy.airviewdictionary","com.screen.translate.google","com.youdao.hindict","com.softissimo.reverso.context","com.audacityittranslator.translatetexttranslator","com.zaz.translate","com.sayhi.android.sayhitranslate"]},{"rank":{"index":1,"lang":"ru","country":"ru","chineseCountryName":"俄罗斯","pkg":"com.spaceship.screen.textcopy"},"orders":["com.spaceship.screen.textcopy","com.recognize_text.translate.screen","com.niven.translator","com.niven.game","com.gaminik.i18n","com.microsoft.translator","ru.yandex.translate","at.nk.tools.iTranslate","com.google.android.apps.translate","com.deepl.mobiletranslator","com.newmg.yurao.pro","com.niven.comic","com.youdao.hindict","com.screen.translate.google","com.tap_to_translate.snap_translate","com.softissimo.reverso.context","com.naver.labs.translator","com.tangdi.baiguotong","com.zaz.translate","com.siv"]},{"rank":{"index":2,"lang":"pt-br","country":"br","chineseCountryName":"巴西","pkg":"com.spaceship.screen.textcopy"},"orders":["com.recognize_text.translate.screen","com.spaceship.screen.textcopy","com.gaminik.i18n","com.niven.translator","com.niven.game","com.niven.comic","com.eecorp.taptranslator","com.microsoft.translator","com.newmg.yurao.pro","com.google.android.apps.translate","com.youdao.hindict","at.nk.tools.iTranslate","com.screen.translate.google","com.audacityittranslator.translatetexttranslator","com.deepl.mobiletranslator","com.galaxy.airviewdictionary","com.android.chrome","com.google.android.apps.photos","com.google.android.apps.maps","com.discord"]},{"rank":{"index":2,"lang":"fr","country":"fr","chineseCountryName":"法国","pkg":"com.spaceship.screen.textcopy"},"orders":["com.recognize_text.translate.screen","com.spaceship.screen.textcopy","com.gaminik.i18n","com.niven.translator","com.niven.game","com.microsoft.translator","com.google.android.apps.translate","com.niven.comic","com.eecorp.taptranslator","com.newmg.yurao.pro","at.nk.tools.iTranslate","com.galaxy.airviewdictionary","com.deepl.mobiletranslator","com.zaz.translate","com.screen.translate.google","com.audacityittranslator.translatetexttranslator","com.softissimo.reverso.context","com.youdao.hindict","com.duolingo","com.image.camera.translate.ai"]},{"rank":{"index":2,"lang":"en-gb","country":"gb","chineseCountryName":"英国","pkg":"com.spaceship.screen.textcopy"},"orders":["com.recognize_text.translate.screen","com.spaceship.screen.textcopy","com.gaminik.i18n","com.google.android.apps.translate","com.microsoft.translator","com.niven.translator","com.niven.game","at.nk.tools.iTranslate","com.newmg.yurao.pro","com.deepl.mobiletranslator","com.eecorp.taptranslator","com.niven.comic","com.youdao.hindict","com.zaz.translate","com.naver.labs.translator","com.galaxy.airviewdictionary","com.softissimo.reverso.context","com.screen.translate.google","com.audacityittranslator.translatetexttranslator","translate.all.language.translator.cameratranslator"]},{"rank":{"index":2,"lang":"de","country":"de","chineseCountryName":"德国","pkg":"com.spaceship.screen.textcopy"},"orders":["com.recognize_text.translate.screen","com.spaceship.screen.textcopy","com.gaminik.i18n","com.newmg.yurao.pro","com.niven.translator","com.niven.game","com.microsoft.translator","com.google.android.apps.translate","com.deepl.mobiletranslator","com.niven.comic","com.eecorp.taptranslator","com.tap_to_translate.snap_translate","at.nk.tools.iTranslate","com.screen.translate.google","com.galaxy.airviewdictionary","com.zaz.translate","com.youdao.hindict","com.softissimo.reverso.context","com.audacityittranslator.translatetexttranslator","com.google.ar.lens"]},{"rank":{"index":1,"lang":"it","country":"it","chineseCountryName":"意大利","pkg":"com.spaceship.screen.textcopy"},"orders":["com.spaceship.screen.textcopy","com.recognize_text.translate.screen","com.gaminik.i18n","com.niven.translator","com.niven.game","com.newmg.yurao.pro","com.eecorp.taptranslator","com.google.android.apps.translate","com.microsoft.translator","com.niven.comic","screen.translator.voice.translate","at.nk.tools.iTranslate","com.screen.translate.google","com.deepl.mobiletranslator","com.galaxy.airviewdictionary","com.discord","com.google.android.apps.photos","com.duolingo","com.softissimo.reverso.context","com.skype.raider"]},{"rank":{"index":1,"lang":"ja","country":"jp","chineseCountryName":"日本","pkg":"com.spaceship.screen.textcopy"},"orders":["com.spaceship.screen.textcopy","com.recognize_text.translate.screen","com.gaminik.i18n","com.niven.translator","com.niven.game","com.deepl.mobiletranslator","com.microsoft.translator","com.google.android.apps.translate","com.naver.labs.translator","com.newmg.yurao.pro","com.niven.comic","com.galaxy.airviewdictionary","com.eecorp.taptranslator","com.screen.translate.google","com.tap_to_translate.snap_translate","at.nk.tools.iTranslate","com.discord","com.android.chrome","com.duolingo","com.google.android.apps.maps"]},{"rank":{"index":1,"lang":"ko","country":"kr","chineseCountryName":"韩国","pkg":"com.spaceship.screen.textcopy"},"orders":["com.spaceship.screen.textcopy","com.recognize_text.translate.screen","com.gaminik.i18n","com.microsoft.translator","com.google.android.apps.translate","com.niven.game","com.niven.translator","com.naver.labs.translator","at.nk.tools.iTranslate","com.deepl.mobiletranslator","com.niven.comic","com.newmg.yurao.pro","com.youdao.hindict","com.eecorp.taptranslator","com.tap_to_translate.snap_translate","com.screen.translate.google","com.flitto.app","com.galaxy.airviewdictionary","com.audacityittranslator.translatetexttranslator","com.zaz.translate"]},{"rank":{"index":1,"lang":"zh-hk","country":"hk","chineseCountryName":"香港","pkg":"com.spaceship.screen.textcopy"},"orders":["com.spaceship.screen.textcopy","com.recognize_text.translate.screen","com.gaminik.i18n","com.microsoft.translator","com.google.android.apps.translate","com.niven.translator","com.niven.game","at.nk.tools.iTranslate","com.galaxy.airviewdictionary","com.youdao.hindict","com.deepl.mobiletranslator","com.niven.comic","com.newmg.yurao.pro","com.naver.labs.translator","com.eecorp.taptranslator","com.screen.translate.google","com.tangdi.baiguotong","com.flitto.app","com.tap_to_translate.snap_translate","com.zaz.translate"]},{"rank":{"index":1,"lang":"zh-tw","country":"tw","chineseCountryName":"台湾","pkg":"com.spaceship.screen.textcopy"},"orders":["com.spaceship.screen.textcopy","com.recognize_text.translate.screen","com.gaminik.i18n","com.microsoft.translator","com.google.android.apps.translate","com.niven.translator","com.niven.game","at.nk.tools.iTranslate","com.youdao.hindict","com.naver.labs.translator","com.niven.comic","com.newmg.yurao.pro","com.deepl.mobiletranslator","com.tangdi.baiguotong","com.eecorp.taptranslator","com.galaxy.airviewdictionary","com.screen.translate.google","com.audacityittranslator.translatetexttranslator","com.siv","com.translate.language.translator.voice.translation"]},{"rank":{"index":2,"lang":"en","country":"in","chineseCountryName":"印度","pkg":"com.spaceship.screen.textcopy"},"orders":["com.recognize_text.translate.screen","com.spaceship.screen.textcopy","com.google.android.apps.translate","com.microsoft.translator","at.nk.tools.iTranslate"]},{"rank":{"index":1,"lang":"id","country":"id","chineseCountryName":"印尼","pkg":"com.spaceship.screen.textcopy"},"orders":["com.spaceship.screen.textcopy","com.recognize_text.translate.screen","com.gaminik.i18n","com.niven.translator","com.niven.game","com.youdao.hindict","com.niven.comic","com.eecorp.taptranslator","com.newmg.yurao.pro","com.google.android.apps.translate","at.nk.tools.iTranslate","com.microsoft.translator","com.deepl.mobiletranslator"]},{"rank":{"index":1,"lang":"es-mx","country":"mx","chineseCountryName":"墨西哥","pkg":"com.spaceship.screen.textcopy"},"orders":["com.spaceship.screen.textcopy","com.recognize_text.translate.screen","com.gaminik.i18n","com.niven.translator","com.niven.game","com.niven.comic","com.microsoft.translator","com.google.android.apps.translate","at.nk.tools.iTranslate","com.youdao.hindict","com.newmg.yurao.pro","com.eecorp.taptranslator","com.deepl.mobiletranslator","com.screen.translate.google","com.galaxy.airviewdictionary","com.zaz.translate","com.google.android.apps.photos","com.android.chrome","com.audacityittranslator.translatetexttranslator","com.google.android.apps.maps"]}]