[{"rank":{"index":2,"lang":"en-us","country":"us","chineseCountryName":"美国","pkg":"com.spaceship.screen.textcopy"},"orders":["com.recognize_text.translate.screen","com.spaceship.screen.textcopy","com.gaminik.i18n","com.tap_to_translate.snap_translate","com.google.android.apps.translate","com.microsoft.translator","com.niven.translator","free.translate.all.language.translator","com.languagetranslator.translatorapp.smartscanner.dictionary.translation.voicetranslator","com.niven.game","com.newmg.yurao.pro","com.zaz.translate","screen.translator.voice.translate","com.niven.comic","camera.translator.realtime","com.screen.translate.google","com.eecorp.taptranslator","com.niven.apptranslate","com.deepl.mobiletranslator","com.eecorp.linguago"]},{"rank":{"index":2,"lang":"ru","country":"ru","chineseCountryName":"俄罗斯","pkg":"com.spaceship.screen.textcopy"},"orders":["com.recognize_text.translate.screen","com.spaceship.screen.textcopy","com.tap_to_translate.snap_translate","com.gaminik.i18n","com.niven.translator","com.niven.game","com.newmg.yurao.pro","ru.yandex.translate","com.niven.comic","com.screen.translate.google","com.niven.apptranslate","com.eecorp.linguago","screen.translator.voice.translate","com.google.android.apps.translate","com.deepl.mobiletranslator","com.microsoft.translator","com.image.camera.translate.ai","com.android.chrome","com.facebook.orca","com.discord"]},{"rank":{"index":2,"lang":"fr","country":"fr","chineseCountryName":"法国","pkg":"com.spaceship.screen.textcopy"},"orders":["com.recognize_text.translate.screen","com.spaceship.screen.textcopy","com.tap_to_translate.snap_translate","com.gaminik.i18n","com.niven.game","com.niven.translator","com.niven.comic","com.languagetranslator.translatorapp.smartscanner.dictionary.translation.voicetranslator","com.google.android.apps.translate","com.niven.apptranslate","free.translate.all.language.translator","com.screen.translate.google","com.microsoft.translator","com.deepl.mobiletranslator","com.newmg.yurao.pro","com.aldoo.pdftranslatorpro","camera.translator.realtime","com.datacomprojects.scanandtranslate","all.language.translate.translator","com.zaz.translate"]},{"rank":{"index":2,"lang":"en-gb","country":"gb","chineseCountryName":"英国","pkg":"com.spaceship.screen.textcopy"},"orders":["com.recognize_text.translate.screen","com.spaceship.screen.textcopy","com.gaminik.i18n","com.google.android.apps.translate","screen.translator.voice.translate","com.niven.translator","free.translate.all.language.translator","com.tap_to_translate.snap_translate","com.languagetranslator.translatorapp.smartscanner.dictionary.translation.voicetranslator","com.niven.game","com.microsoft.translator","camera.translator.realtime","com.zaz.translate","com.screen.translate.google","com.niven.apptranslate","com.datacomprojects.scanandtranslate","com.deepl.mobiletranslator","com.niven.comic","com.aldoo.pdftranslatorpro","com.eecorp.linguago"]},{"rank":{"index":2,"lang":"de","country":"de","chineseCountryName":"德国","pkg":"com.spaceship.screen.textcopy"},"orders":["com.recognize_text.translate.screen","com.spaceship.screen.textcopy","com.tap_to_translate.snap_translate","com.gaminik.i18n","com.niven.translator","com.niven.game","com.microsoft.translator","com.google.android.apps.translate","com.deepl.mobiletranslator","com.niven.comic","com.newmg.yurao.pro","com.screen.translate.google","camera.translator.realtime","com.languagetranslator.translatorapp.smartscanner.dictionary.translation.voicetranslator","com.niven.apptranslate","com.datacomprojects.scanandtranslate","screen.translator.voice.translate","com.zaz.translate","free.translate.all.language.translator","com.eecorp.linguago"]},{"rank":{"index":2,"lang":"it","country":"it","chineseCountryName":"意大利","pkg":"com.spaceship.screen.textcopy"},"orders":["com.recognize_text.translate.screen","com.spaceship.screen.textcopy","com.gaminik.i18n","com.niven.game","com.tap_to_translate.snap_translate","com.niven.translator","com.niven.comic","com.google.android.apps.translate","com.microsoft.translator","com.niven.apptranslate","camera.translator.realtime","com.screen.translate.google","com.deepl.mobiletranslator","free.translate.all.language.translator","all.language.translate.translator","com.zaz.translate","at.nk.tools.iTranslate","com.eecorp.linguago","com.languagetranslator.translatorapp.smartscanner.dictionary.translation.voicetranslator","com.datacomprojects.scanandtranslate"]},{"rank":{"index":2,"lang":"ja","country":"jp","chineseCountryName":"日本","pkg":"com.spaceship.screen.textcopy"},"orders":["com.recognize_text.translate.screen","com.spaceship.screen.textcopy","com.gaminik.i18n","com.niven.apptranslate","com.niven.game","com.niven.translator","com.tap_to_translate.snap_translate","com.eecorp.linguago","com.screen.translate.google","com.google.android.apps.translate","com.newmg.yurao.pro","com.naver.labs.translator","com.deepl.mobiletranslator","free.translate.all.language.translator","com.niven.comic","com.android.chrome","camera.translator.realtime","com.mg.subtitle.google","com.duolingo","com.facebook.orca"]},{"rank":{"index":2,"lang":"ko","country":"kr","chineseCountryName":"韩国","pkg":"com.spaceship.screen.textcopy"},"orders":["com.recognize_text.translate.screen","com.spaceship.screen.textcopy","com.gaminik.i18n","com.tap_to_translate.snap_translate","com.niven.game","com.niven.comic","com.niven.translator","com.niven.apptranslate","com.google.android.apps.translate"]},{"rank":{"index":2,"lang":"zh-hk","country":"hk","chineseCountryName":"香港","pkg":"com.spaceship.screen.textcopy"},"orders":["com.recognize_text.translate.screen","com.spaceship.screen.textcopy","com.gaminik.i18n","com.niven.game","com.niven.translator","com.tap_to_translate.snap_translate","com.google.android.apps.translate","com.niven.comic","com.microsoft.translator","free.translate.all.language.translator","camera.translator.realtime","com.newmg.yurao.pro","com.languagetranslator.translatorapp.smartscanner.dictionary.translation.voicetranslator","com.zaz.translate","com.niven.apptranslate","com.mg.subtitle.google","com.screen.translate.google","com.datacomprojects.scanandtranslate","com.eecorp.linguago","com.deepl.mobiletranslator"]},{"rank":{"index":3,"lang":"zh-tw","country":"tw","chineseCountryName":"台湾","pkg":"com.spaceship.screen.textcopy"},"orders":["com.recognize_text.translate.screen","com.tap_to_translate.snap_translate","com.spaceship.screen.textcopy","com.gaminik.i18n","com.niven.game","com.niven.translator","com.screen.translate.google","com.niven.apptranslate","com.newmg.yurao.pro","camera.translator.realtime","com.niven.comic","free.translate.all.language.translator","com.image.camera.translate.ai","com.google.android.apps.translate","all.language.translate.translator","com.microsoft.translator","com.mg.subtitle.google","com.zaz.translate","com.aldoo.pdftranslatorpro","com.languagetranslator.translatorapp.smartscanner.dictionary.translation.voicetranslator"]},{"rank":{"index":2,"lang":"en","country":"in","chineseCountryName":"印度","pkg":"com.spaceship.screen.textcopy"},"orders":["com.recognize_text.translate.screen","com.spaceship.screen.textcopy","com.newmg.yurao.pro","com.google.android.apps.translate","screen.translator.voice.translate","com.tap_to_translate.snap_translate","com.zaz.translate","com.niven.translator","com.niven.game","free.translate.all.language.translator","com.screen.translate.google","com.niven.comic","com.languagetranslator.translatorapp.smartscanner.dictionary.translation.voicetranslator","com.eecorp.linguago","com.tranit.text.translate","com.duolingo","com.niven.apptranslate","com.google.android.dialer","com.google.android.apps.docs","com.gaminik.i18n"]},{"rank":{"index":2,"lang":"id","country":"id","chineseCountryName":"印尼","pkg":"com.spaceship.screen.textcopy"},"orders":["com.recognize_text.translate.screen","com.spaceship.screen.textcopy","com.tap_to_translate.snap_translate","com.gaminik.i18n","com.niven.translator","com.niven.game","com.newmg.yurao.pro","com.niven.comic","com.niven.apptranslate","com.screen.translate.google","com.eecorp.linguago","com.google.android.apps.translate"]},{"rank":{"index":2,"lang":"es-mx","country":"mx","chineseCountryName":"墨西哥","pkg":"com.spaceship.screen.textcopy"},"orders":["com.recognize_text.translate.screen","com.spaceship.screen.textcopy","com.tap_to_translate.snap_translate","com.niven.game","com.google.android.apps.translate","com.youdao.hindict","com.niven.comic","camera.translator.realtime","com.zaz.translate","screen.translator.voice.translate","free.translate.all.language.translator","com.microsoft.translator","com.languagetranslator.translatorapp.smartscanner.dictionary.translation.voicetranslator","com.newmg.yurao.pro","com.niven.apptranslate","free.language.translate.translator","com.deepl.mobiletranslator","com.screen.translate.google","com.niven.translator","com.gaminik.i18n"]}]