[{"rank":{"index":2,"lang":"en-us","country":"us","chineseCountryName":"美国","pkg":"com.spaceship.screen.textcopy"},"orders":["com.recognize_text.translate.screen","com.spaceship.screen.textcopy","com.tap_to_translate.snap_translate","com.google.android.apps.translate","com.gaminik.i18n","com.microsoft.translator","com.niven.translator","com.niven.comic","com.newmg.yurao.pro","com.screen.translate.google","com.mobisystems.msdict.embedded.wireless.collins.ee","com.niven.game","com.niven.apptranslate","screen.translator.voice.translate","com.zaz.translate","com.deepl.mobiletranslator","com.nordicwise.translator","com.languagetranslator.translatorapp.smartscanner.dictionary.translation.voicetranslator","com.youdao.hindict","com.naver.labs.translator"]},{"rank":{"index":2,"lang":"ru","country":"ru","chineseCountryName":"俄罗斯","pkg":"com.spaceship.screen.textcopy"},"orders":["com.recognize_text.translate.screen","com.spaceship.screen.textcopy","com.tap_to_translate.snap_translate","com.gaminik.i18n","com.niven.translator","com.niven.game","com.niven.comic","com.newmg.yurao.pro","ru.yandex.translate","com.screen.translate.google","com.google.android.apps.translate","com.niven.apptranslate","com.eecorp.linguago","screen.translator.voice.translate","com.microsoft.translator","com.deepl.mobiletranslator","com.translate.all.speech.text.language.translator","com.ticktalk.translatevoice","com.whatsapp","com.mg.chat"]},{"rank":{"index":2,"lang":"fr","country":"fr","chineseCountryName":"法国","pkg":"com.spaceship.screen.textcopy"},"orders":["com.recognize_text.translate.screen","com.spaceship.screen.textcopy","com.tap_to_translate.snap_translate","com.gaminik.i18n","com.niven.translator","com.niven.game","com.niven.comic","com.google.android.apps.translate","com.newmg.yurao.pro","com.youdao.hindict","com.microsoft.translator","com.niven.apptranslate","com.deepl.mobiletranslator","com.screen.translate.google","screen.translator.voice.translate","com.eecorp.linguago","com.zaz.translate","com.softissimo.reverso.context","at.nk.tools.iTranslate","com.mg.chat"]},{"rank":{"index":2,"lang":"en-gb","country":"gb","chineseCountryName":"英国","pkg":"com.spaceship.screen.textcopy"},"orders":["com.recognize_text.translate.screen","com.spaceship.screen.textcopy","com.gaminik.i18n","com.google.android.apps.translate","com.microsoft.translator","screen.translator.voice.translate","com.tap_to_translate.snap_translate","com.niven.translator","com.niven.comic","com.niven.game","com.newmg.yurao.pro","com.screen.translate.google","com.niven.apptranslate","com.zaz.translate","com.youdao.hindict","com.nordicwise.translator","com.datacomprojects.scanandtranslate","com.deepl.mobiletranslator","com.mobisystems.msdict.embedded.wireless.collins.ee","com.languagetranslator.translatorapp.smartscanner.dictionary.translation.voicetranslator"]},{"rank":{"index":2,"lang":"de","country":"de","chineseCountryName":"德国","pkg":"com.spaceship.screen.textcopy"},"orders":["com.recognize_text.translate.screen","com.spaceship.screen.textcopy","com.gaminik.i18n","com.tap_to_translate.snap_translate","com.niven.translator","com.microsoft.translator","com.niven.game","com.niven.comic","com.newmg.yurao.pro","com.screen.translate.google","com.deepl.mobiletranslator","com.google.android.apps.translate","com.niven.apptranslate","com.youdao.hindict","com.softissimo.reverso.context","com.whatsapp","com.translate.talkingtranslator","com.android.chrome","com.google.android.apps.photos","com.facebook.orca"]},{"rank":{"index":2,"lang":"it","country":"it","chineseCountryName":"意大利","pkg":"com.spaceship.screen.textcopy"},"orders":["com.recognize_text.translate.screen","com.spaceship.screen.textcopy","com.gaminik.i18n","com.tap_to_translate.snap_translate","com.niven.game","com.niven.translator","com.niven.comic","com.screen.translate.google","com.niven.apptranslate","com.google.android.apps.translate","com.microsoft.translator","com.newmg.yurao.pro","com.deepl.mobiletranslator","com.whatsapp","com.facebook.orca","com.discord","com.canva.editor","com.duolingo","com.google.android.apps.photos","com.android.chrome"]},{"rank":{"index":2,"lang":"ja","country":"jp","chineseCountryName":"日本","pkg":"com.spaceship.screen.textcopy"},"orders":["com.recognize_text.translate.screen","com.spaceship.screen.textcopy","com.gaminik.i18n","com.niven.game","com.niven.translator","com.tap_to_translate.snap_translate","com.niven.apptranslate","com.niven.comic","com.deepl.mobiletranslator","com.google.android.apps.translate","com.newmg.yurao.pro","com.naver.labs.translator","com.screen.translate.google","com.datacomprojects.scanandtranslate","com.whatsapp","com.microsoft.translator","com.android.chrome","com.facebook.orca","com.duolingo","com.translate.all.speech.text.language.translator"]},{"rank":{"index":2,"lang":"ko","country":"kr","chineseCountryName":"韩国","pkg":"com.spaceship.screen.textcopy"},"orders":["com.recognize_text.translate.screen","com.spaceship.screen.textcopy","com.tap_to_translate.snap_translate","com.gaminik.i18n","com.screen.translate.google","com.niven.game","com.niven.comic","com.niven.apptranslate","com.niven.translator","com.newmg.yurao.pro","com.google.android.apps.translate","com.naver.labs.translator","com.whatsapp","com.facebook.orca","us.zoom.videomeetings","com.discord","com.android.chrome","com.duolingo","com.google.android.apps.photos","com.canva.editor"]},{"rank":{"index":2,"lang":"zh-hk","country":"hk","chineseCountryName":"香港","pkg":"com.spaceship.screen.textcopy"},"orders":["com.recognize_text.translate.screen","com.spaceship.screen.textcopy","com.gaminik.i18n","com.tap_to_translate.snap_translate","com.niven.game","com.niven.translator","com.screen.translate.google","com.newmg.yurao.pro","com.niven.comic","com.google.android.apps.translate","com.niven.apptranslate","com.microsoft.translator","com.whatsapp","com.android.chrome","com.facebook.orca","com.google.android.apps.maps","com.discord","us.zoom.videomeetings","com.deepl.mobiletranslator","com.duolingo"]},{"rank":{"index":2,"lang":"zh-tw","country":"tw","chineseCountryName":"台湾","pkg":"com.spaceship.screen.textcopy"},"orders":["com.recognize_text.translate.screen","com.spaceship.screen.textcopy","com.gaminik.i18n","com.tap_to_translate.snap_translate","com.niven.game","com.niven.translator","com.niven.comic","com.screen.translate.google","com.google.android.apps.translate","com.newmg.yurao.pro","com.niven.apptranslate","com.microsoft.translator","com.whatsapp","com.deepl.mobiletranslator","com.facebook.orca","com.youdao.hindict","com.naver.labs.translator","com.android.chrome","com.discord","com.google.android.apps.maps"]},{"rank":{"index":0,"lang":"en","country":"in","chineseCountryName":"印度","pkg":"com.spaceship.screen.textcopy"},"orders":["com.recognize_text.translate.screen","com.google.android.apps.translate","com.zaz.translate","com.microsoft.translator","at.nk.tools.iTranslate","com.talpa.translate","com.naver.labs.translator","com.flitto.app","com.sayhi.android.sayhitranslate","com.google.ar.lens","com.mobisystems.msdict.embedded.wireless.collins.ee","com.google.android.inputmethod.latin","com.adobe.scan.android","com.google.android.apps.searchlite","com.google.android.googlequicksearchbox","com.duolingo","com.google.android.tts","com.google.android.deskclock","com.google.android.apps.maps","com.deepl.mobiletranslator"]},{"rank":{"index":2,"lang":"id","country":"id","chineseCountryName":"印尼","pkg":"com.spaceship.screen.textcopy"},"orders":["com.recognize_text.translate.screen","com.spaceship.screen.textcopy","com.tap_to_translate.snap_translate","com.gaminik.i18n","com.niven.translator","com.niven.game","com.niven.comic","com.newmg.yurao.pro","com.youdao.hindict","com.google.android.apps.translate","com.niven.apptranslate","com.screen.translate.google","com.eecorp.linguago","com.deepl.mobiletranslator","com.naver.labs.translator"]},{"rank":{"index":2,"lang":"es-mx","country":"mx","chineseCountryName":"墨西哥","pkg":"com.spaceship.screen.textcopy"},"orders":["com.recognize_text.translate.screen","com.spaceship.screen.textcopy","com.tap_to_translate.snap_translate","com.screen.translate.google","com.niven.game","com.niven.comic","com.google.android.apps.translate","com.youdao.hindict","com.whatsapp","com.canva.editor","com.android.chrome","com.facebook.orca","com.google.android.apps.photos","com.discord","com.google.android.apps.maps","com.niven.apptranslate","us.zoom.videomeetings","com.google.android.apps.docs","com.gaminik.i18n","com.niven.translator"]}]