[{"rank":{"index":2,"lang":"en-us","country":"us","chineseCountryName":"美国","pkg":"com.spaceship.screen.textcopy"},"orders":["com.recognize_text.translate.screen","com.spaceship.screen.textcopy","com.tap_to_translate.snap_translate","com.gaminik.i18n","com.microsoft.translator","com.google.android.apps.translate","com.niven.translator","com.zaz.translate","com.niven.game","com.niven.comic","screen.translator.voice.translate","com.eecorp.linguago","com.languagetranslator.translatorapp.smartscanner.dictionary.translation.voicetranslator","at.nk.tools.iTranslate","com.eecorp.taptranslator","all.language.translate.translator","com.newmg.yurao.pro","com.nordicwise.translator","com.tranit.text.translate","com.translate.talkingtranslator"]},{"rank":{"index":2,"lang":"ru","country":"ru","chineseCountryName":"俄罗斯","pkg":"com.spaceship.screen.textcopy"},"orders":["com.recognize_text.translate.screen","com.spaceship.screen.textcopy","com.tap_to_translate.snap_translate","com.gaminik.i18n","com.niven.translator","com.microsoft.translator","com.google.android.apps.translate","com.niven.game","com.niven.comic","ru.yandex.translate","at.nk.tools.iTranslate","com.eecorp.linguago","com.deepl.mobiletranslator","com.zaz.translate","com.newmg.yurao.pro","all.language.translate.translator","com.webcatalog.translatium","com.screen.translate.google","com.tranit.text.translate","com.niven.apptranslate"]},{"rank":{"index":2,"lang":"pt-br","country":"br","chineseCountryName":"巴西","pkg":"com.spaceship.screen.textcopy"},"orders":["com.recognize_text.translate.screen","com.spaceship.screen.textcopy","com.tap_to_translate.snap_translate","com.gaminik.i18n","com.niven.translator","com.niven.game","com.niven.comic","com.eecorp.linguago","all.language.translate.translator","com.google.android.apps.translate","com.microsoft.translator","at.nk.tools.iTranslate","com.newmg.yurao.pro","com.zaz.translate","camera.translator.realtime","com.deepl.mobiletranslator","screen.translator.voice.translate","com.tranit.text.translate","com.screen.translate.google","com.mg.subtitle.google"]},{"rank":{"index":2,"lang":"fr","country":"fr","chineseCountryName":"法国","pkg":"com.spaceship.screen.textcopy"},"orders":["com.recognize_text.translate.screen","com.spaceship.screen.textcopy","com.gaminik.i18n","screen.translator.voice.translate","com.niven.translator","com.microsoft.translator","com.zaz.translate","com.tap_to_translate.snap_translate","com.niven.game","com.niven.comic","at.nk.tools.iTranslate","com.eecorp.linguago","camera.translator.realtime","com.newmg.yurao.pro","com.eecorp.taptranslator","com.google.android.apps.translate","com.tranit.text.translate","all.language.translate.translator","com.screen.translate.google","com.languagetranslator.translatorapp.smartscanner.dictionary.translation.voicetranslator"]},{"rank":{"index":2,"lang":"en-gb","country":"gb","chineseCountryName":"英国","pkg":"com.spaceship.screen.textcopy"},"orders":["com.recognize_text.translate.screen","com.spaceship.screen.textcopy","com.microsoft.translator","com.google.android.apps.translate","com.gaminik.i18n","com.tap_to_translate.snap_translate","screen.translator.voice.translate","com.niven.translator","com.zaz.translate","com.niven.game","com.somyac.watch.translator","com.deepl.mobiletranslator","com.niven.comic","com.languagetranslator.translatorapp.smartscanner.dictionary.translation.voicetranslator","at.nk.tools.iTranslate","com.tranit.text.translate","camera.translator.realtime","com.nordicwise.translator","free.translate.all.language.translator","com.eecorp.linguago"]},{"rank":{"index":2,"lang":"de","country":"de","chineseCountryName":"德国","pkg":"com.spaceship.screen.textcopy"},"orders":["com.recognize_text.translate.screen","com.spaceship.screen.textcopy","com.gaminik.i18n","com.microsoft.translator","com.eecorp.linguago","com.niven.translator","com.tap_to_translate.snap_translate","com.niven.game","com.niven.comic","com.translate.talkingtranslator","com.deepl.mobiletranslator","com.zaz.translate","com.google.android.apps.translate"]},{"rank":{"index":2,"lang":"it","country":"it","chineseCountryName":"意大利","pkg":"com.spaceship.screen.textcopy"},"orders":["com.recognize_text.translate.screen","com.spaceship.screen.textcopy","screen.translator.voice.translate","com.gaminik.i18n","com.tap_to_translate.snap_translate","com.niven.translator","com.microsoft.translator","com.zaz.translate","at.nk.tools.iTranslate","com.niven.game","com.niven.comic","com.google.android.apps.translate","com.eecorp.linguago","camera.translator.realtime","com.translate.talkingtranslator","com.languagetranslator.translatorapp.smartscanner.dictionary.translation.voicetranslator","com.tranit.text.translate","com.eecorp.taptranslator","com.deepl.mobiletranslator","com.screen.translate.google"]},{"rank":{"index":2,"lang":"ja","country":"jp","chineseCountryName":"日本","pkg":"com.spaceship.screen.textcopy"},"orders":["com.recognize_text.translate.screen","com.spaceship.screen.textcopy","com.eecorp.taptranslator","com.gaminik.i18n","com.eecorp.linguago","com.niven.translator","com.tap_to_translate.snap_translate","com.niven.game","com.deepl.mobiletranslator","com.newmg.yurao.pro","camera.translator.realtime"]},{"rank":{"index":2,"lang":"ko","country":"kr","chineseCountryName":"韩国","pkg":"com.spaceship.screen.textcopy"},"orders":["com.recognize_text.translate.screen","com.spaceship.screen.textcopy","com.tap_to_translate.snap_translate","com.gaminik.i18n","com.microsoft.translator","com.google.android.apps.translate","com.niven.translator","com.deepl.mobiletranslator","com.zaz.translate","com.naver.labs.translator","at.nk.tools.iTranslate","com.niven.game","com.niven.comic","com.newmg.yurao.pro","com.nordicwise.translator","com.mg.subtitle.google","com.eecorp.linguago","all.language.translate.translator","com.abbyy.mobile.textgrabber.full","com.image.camera.translate.ai"]},{"rank":{"index":2,"lang":"zh-hk","country":"hk","chineseCountryName":"香港","pkg":"com.spaceship.screen.textcopy"},"orders":["com.recognize_text.translate.screen","com.spaceship.screen.textcopy","com.microsoft.translator","com.tap_to_translate.snap_translate","com.gaminik.i18n","com.google.android.apps.translate","com.niven.translator","at.nk.tools.iTranslate","com.zaz.translate","com.niven.game","com.deepl.mobiletranslator","com.niven.comic","com.nordicwise.translator","com.mg.subtitle.google","com.image.camera.translate.ai","camera.translator.realtime","com.tangdi.baiguotong","com.aldoo.pdftranslatorpro","all.language.translate.translator","com.eecorp.linguago"]},{"rank":{"index":3,"lang":"zh-tw","country":"tw","chineseCountryName":"台湾","pkg":"com.spaceship.screen.textcopy"},"orders":["com.recognize_text.translate.screen","com.tap_to_translate.snap_translate","com.spaceship.screen.textcopy","com.gaminik.i18n","com.microsoft.translator","com.google.android.apps.translate","com.niven.translator","at.nk.tools.iTranslate","com.niven.game","com.zaz.translate","com.niven.comic","com.translate.talkingtranslator","com.deepl.mobiletranslator","com.tangdi.baiguotong","com.nordicwise.translator","com.mg.subtitle.google","all.language.translate.translator","com.image.camera.translate.ai","com.datacomprojects.scanandtranslate","com.abbyy.mobile.textgrabber.full"]},{"rank":{"index":2,"lang":"en","country":"in","chineseCountryName":"印度","pkg":"com.spaceship.screen.textcopy"},"orders":["com.recognize_text.translate.screen","com.spaceship.screen.textcopy","com.tap_to_translate.snap_translate","com.google.android.apps.translate","screen.translator.voice.translate","com.zaz.translate","com.niven.translator","com.tranit.text.translate","com.niven.comic","com.newmg.yurao.pro","com.niven.game","com.eecorp.linguago","com.microsoft.translator","all.language.translate.translator","free.translate.all.language.translator","com.languagetranslator.translatorapp.smartscanner.dictionary.translation.voicetranslator","at.nk.tools.iTranslate","com.screen.translate.google","com.aldoo.pdftranslatorpro","com.gaminik.i18n"]},{"rank":{"index":1,"lang":"id","country":"id","chineseCountryName":"印尼","pkg":"com.spaceship.screen.textcopy"},"orders":["com.spaceship.screen.textcopy","com.recognize_text.translate.screen","com.tap_to_translate.snap_translate","com.gaminik.i18n","com.niven.translator","com.eecorp.linguago","com.niven.comic","com.niven.game","com.newmg.yurao.pro","com.google.android.apps.translate","com.tranit.text.translate"]},{"rank":{"index":2,"lang":"es-mx","country":"mx","chineseCountryName":"墨西哥","pkg":"com.spaceship.screen.textcopy"},"orders":["com.recognize_text.translate.screen","com.spaceship.screen.textcopy","com.gaminik.i18n","com.tap_to_translate.snap_translate","com.niven.comic","com.niven.game","com.niven.translator","com.microsoft.translator","at.nk.tools.iTranslate","all.language.translate.translator","com.eecorp.linguago","camera.translator.realtime","com.zaz.translate","com.aldoo.pdftranslatorpro","com.google.android.apps.translate","com.newmg.yurao.pro","com.screen.translate.google","com.tranit.text.translate","com.mg.chat","com.youdao.hindict"]}]