[{"rank":{"index":2,"lang":"en-us","country":"us","chineseCountryName":"美国","pkg":"com.spaceship.screen.textcopy"},"orders":["com.recognize_text.translate.screen","com.spaceship.screen.textcopy","com.tap_to_translate.snap_translate","com.gaminik.i18n","com.google.android.apps.translate","com.niven.translator","com.newmg.yurao.pro","com.aurasense.screentranslate","com.deepl.mobiletranslator","com.microsoft.translator","com.zaz.translate","com.yoyodev.screentranslate","link.zhidou.btranslator","com.screen.translate.google","at.nk.tools.iTranslate","com.hive.lingonative","com.niven.apptranslate","translate.speech.text.translation.voicetranslator","com.naver.labs.translator","co.appnation.aivoicetranslator"]},{"rank":{"index":2,"lang":"ru","country":"ru","chineseCountryName":"俄罗斯","pkg":"com.spaceship.screen.textcopy"},"orders":["com.recognize_text.translate.screen","com.spaceship.screen.textcopy","com.tap_to_translate.snap_translate","com.niven.translator","com.gaminik.i18n","com.newmg.yurao.pro","com.google.android.apps.translate","com.screen.translate.google","com.yoyodev.screentranslate","com.niven.apptranslate","com.hive.lingonative","com.zaz.translate","com.microsoft.translator","live.screentranslate.realtime","link.zhidou.btranslator","co.appnation.aivoicetranslator","com.galaxy.airviewdictionary","ru.yandex.translate","photo.translate.camera.translator","at.nk.tools.iTranslate"]},{"rank":{"index":2,"lang":"pt-br","country":"br","chineseCountryName":"巴西","pkg":"com.spaceship.screen.textcopy"},"orders":["com.recognize_text.translate.screen","com.spaceship.screen.textcopy","com.tap_to_translate.snap_translate","com.gaminik.i18n","com.niven.translator","com.newmg.yurao.pro","com.google.android.apps.translate","link.zhidou.btranslator","com.deepl.mobiletranslator","co.appnation.aivoicetranslator","com.screen.translate.google","com.zaz.translate","com.microsoft.translator","com.hive.lingonative","at.nk.tools.iTranslate","com.niven.apptranslate","photo.translate.camera.translator","ru.yandex.translate","live.screentranslate.realtime","co.langlang.translator_for_wsp"]},{"rank":{"index":2,"lang":"fr","country":"fr","chineseCountryName":"法国","pkg":"com.spaceship.screen.textcopy"},"orders":["com.recognize_text.translate.screen","com.spaceship.screen.textcopy","com.tap_to_translate.snap_translate","com.gaminik.i18n","com.niven.translator","com.newmg.yurao.pro","com.aurasense.screentranslate","com.google.android.apps.translate","com.deepl.mobiletranslator","com.yoyodev.screentranslate","co.appnation.aivoicetranslator","link.zhidou.btranslator","com.zaz.translate","com.screen.translate.google","com.hive.lingonative","com.microsoft.translator","com.niven.apptranslate","live.screentranslate.realtime","photo.translate.camera.translator","com.inw.trulinco"]},{"rank":{"index":2,"lang":"en-gb","country":"gb","chineseCountryName":"英国","pkg":"com.spaceship.screen.textcopy"},"orders":["com.recognize_text.translate.screen","com.spaceship.screen.textcopy","com.tap_to_translate.snap_translate","com.google.android.apps.translate","com.deepl.mobiletranslator","com.zaz.translate","com.microsoft.translator","at.nk.tools.iTranslate","link.zhidou.btranslator","co.appnation.aivoicetranslator","com.niven.translator","com.newmg.yurao.pro","com.aurasense.screentranslate","com.galaxy.airviewdictionary","ru.yandex.translate","com.screen.translate.google","screen.translator.voice.translate","com.softissimo.reverso.context","translate.speech.text.translation.voicetranslator","com.niven.apptranslate"]},{"rank":{"index":2,"lang":"de","country":"de","chineseCountryName":"德国","pkg":"com.spaceship.screen.textcopy"},"orders":["com.recognize_text.translate.screen","com.spaceship.screen.textcopy","com.tap_to_translate.snap_translate","com.gaminik.i18n","com.niven.translator","com.newmg.yurao.pro","com.aurasense.screentranslate","com.yoyodev.screentranslate","com.screen.translate.google","co.appnation.aivoicetranslator","com.hive.lingonative","com.niven.apptranslate","com.google.android.apps.translate","link.zhidou.btranslator","com.microsoft.translator","com.deepl.mobiletranslator","com.zaz.translate","live.screentranslate.realtime","at.nk.tools.iTranslate","com.galaxy.airviewdictionary"]},{"rank":{"index":2,"lang":"it","country":"it","chineseCountryName":"意大利","pkg":"com.spaceship.screen.textcopy"},"orders":["com.recognize_text.translate.screen","com.spaceship.screen.textcopy","com.tap_to_translate.snap_translate","com.gaminik.i18n","com.niven.translator","com.newmg.yurao.pro","com.aurasense.screentranslate","link.zhidou.btranslator","co.appnation.aivoicetranslator","com.deepl.mobiletranslator","com.hive.lingonative","com.yoyodev.screentranslate","com.google.android.apps.translate","com.screen.translate.google","com.microsoft.translator","com.niven.apptranslate","com.zaz.translate","live.screentranslate.realtime","com.inw.trulinco","at.nk.tools.iTranslate"]},{"rank":{"index":2,"lang":"ja","country":"jp","chineseCountryName":"日本","pkg":"com.spaceship.screen.textcopy"},"orders":["com.recognize_text.translate.screen","com.spaceship.screen.textcopy","com.tap_to_translate.snap_translate","com.gaminik.i18n","com.newmg.yurao.pro","com.niven.translator","com.aurasense.screentranslate","com.screen.translate.google","com.niven.apptranslate","live.screentranslate.realtime","com.google.android.apps.translate","com.hive.lingonative","com.deepl.mobiletranslator","com.microsoft.translator","com.naver.labs.translator"]},{"rank":{"index":2,"lang":"ko","country":"kr","chineseCountryName":"韩国","pkg":"com.spaceship.screen.textcopy"},"orders":["com.recognize_text.translate.screen","com.spaceship.screen.textcopy","com.gaminik.i18n","com.tap_to_translate.snap_translate","com.niven.translator","com.newmg.yurao.pro","com.aurasense.screentranslate","co.appnation.aivoicetranslator","com.deepl.mobiletranslator","com.screen.translate.google","com.naver.labs.translator","com.google.android.apps.translate","com.hive.lingonative","link.zhidou.btranslator"]},{"rank":{"index":2,"lang":"zh-hk","country":"hk","chineseCountryName":"香港","pkg":"com.spaceship.screen.textcopy"},"orders":["com.recognize_text.translate.screen","com.spaceship.screen.textcopy","com.tap_to_translate.snap_translate","com.gaminik.i18n","com.newmg.yurao.pro","com.google.android.apps.translate","com.aurasense.screentranslate","com.niven.translator","com.zaz.translate","com.deepl.mobiletranslator","com.microsoft.translator","com.screen.translate.google","co.appnation.aivoicetranslator","link.zhidou.btranslator","com.hive.lingonative","com.niven.apptranslate","at.nk.tools.iTranslate","com.naver.labs.translator","photo.translate.camera.translator","live.screentranslate.realtime"]},{"rank":{"index":2,"lang":"zh-tw","country":"tw","chineseCountryName":"台湾","pkg":"com.spaceship.screen.textcopy"},"orders":["com.recognize_text.translate.screen","com.spaceship.screen.textcopy","com.gaminik.i18n","com.tap_to_translate.snap_translate","com.newmg.yurao.pro","com.google.android.apps.translate","com.aurasense.screentranslate","com.niven.translator","com.zaz.translate","com.deepl.mobiletranslator","com.microsoft.translator","com.screen.translate.google","link.zhidou.btranslator","co.appnation.aivoicetranslator","com.hive.lingonative","photo.translate.camera.translator","com.niven.apptranslate","at.nk.tools.iTranslate","com.naver.labs.translator","live.screentranslate.realtime"]},{"rank":{"index":0,"lang":"en","country":"in","chineseCountryName":"印度","pkg":"com.spaceship.screen.textcopy"},"orders":["com.recognize_text.translate.screen","com.tap_to_translate.snap_translate","com.gaminik.i18n","com.google.android.apps.translate","com.zaz.translate","at.nk.tools.iTranslate","ru.yandex.translate","com.microsoft.translator","photo.translate.camera.translator","co.appnation.aivoicetranslator","com.newmg.yurao.pro","com.niven.translator","translate.speech.text.translation.voicetranslator","com.galaxy.airviewdictionary","com.aurasense.screentranslate","screen.translator.voice.translate","com.screen.translate.google","com.gyaser.screen.translator","com.niven.apptranslate","com.easy.all.language.translate"]},{"rank":{"index":2,"lang":"id","country":"id","chineseCountryName":"印尼","pkg":"com.spaceship.screen.textcopy"},"orders":["com.recognize_text.translate.screen","com.spaceship.screen.textcopy","com.tap_to_translate.snap_translate","com.gaminik.i18n","com.niven.translator","com.newmg.yurao.pro","com.aurasense.screentranslate","com.naver.labs.translator","com.niven.game","com.screen.translate.google","com.deepl.mobiletranslator","photo.translate.camera.translator","com.yoyodev.screentranslate","com.zaz.translate","com.google.android.apps.translate","at.nk.tools.iTranslate","com.niven.apptranslate","link.zhidou.btranslator","com.hive.lingonative","co.appnation.aivoicetranslator"]},{"rank":{"index":2,"lang":"es-mx","country":"mx","chineseCountryName":"墨西哥","pkg":"com.spaceship.screen.textcopy"},"orders":["com.recognize_text.translate.screen","com.spaceship.screen.textcopy","com.tap_to_translate.snap_translate","com.gaminik.i18n","com.niven.translator","com.newmg.yurao.pro","com.aurasense.screentranslate","com.yoyodev.screentranslate","com.deepl.mobiletranslator","co.appnation.aivoicetranslator","link.zhidou.btranslator","com.hive.lingonative","com.google.android.apps.translate","com.screen.translate.google","com.niven.apptranslate","live.screentranslate.realtime","com.microsoft.translator","com.zaz.translate","com.niven.game","translateonscreen.taptotranslate.screentranslator.screenandphototranslator"]}]