[{"rank":{"index":2,"lang":"en-us","country":"us","chineseCountryName":"美国","pkg":"com.spaceship.screen.textcopy"},"orders":["com.recognize_text.translate.screen","com.spaceship.screen.textcopy","com.tap_to_translate.snap_translate","com.niven.translator","com.newmg.yurao.pro","com.gaminik.i18n","com.screen.translate.google","com.niven.apptranslate","com.google.android.apps.translate","com.eecorp.linguago","com.galaxy.airviewdictionary","com.screen.translator.text.recognize","com.datacomprojects.scanandtranslate","com.zaz.translate","com.niven.game","com.deepl.mobiletranslator","com.microsoft.translator","com.google.ar.lens","com.immersivetranslate.browser","live.screentranslate.realtime"]},{"rank":{"index":4,"lang":"ru","country":"ru","chineseCountryName":"俄罗斯","pkg":"com.spaceship.screen.textcopy"},"orders":["com.recognize_text.translate.screen","com.niven.translator","com.tap_to_translate.snap_translate","com.spaceship.screen.textcopy","com.newmg.yurao.pro","com.niven.apptranslate","com.galaxy.airviewdictionary","com.gaminik.i18n","com.screen.translate.google","com.eecorp.linguago","com.translate.all.language.photo.screen","com.zaz.translate","com.newtranslate.google","live.screentranslate.realtime","com.screen.translator.text.recognize","screen.translator.voice.translate","com.google.android.apps.translate","top.applocalize.translate","com.niven.game","com.google.ar.lens"]},{"rank":{"index":3,"lang":"pt-br","country":"br","chineseCountryName":"巴西","pkg":"com.spaceship.screen.textcopy"},"orders":["com.recognize_text.translate.screen","com.niven.translator","com.spaceship.screen.textcopy","com.tap_to_translate.snap_translate","com.gaminik.i18n","com.newmg.yurao.pro","com.niven.apptranslate","com.screen.translate.google","com.galaxy.airviewdictionary","com.eecorp.linguago","com.screen.translator.text.recognize","com.flabs.screen.translate","com.newtranslate.google","com.eecorp.taptranslator","com.translate.all.language.photo.screen","com.google.android.apps.translate","live.screentranslate.realtime","com.android.chrome","com.niven.game","com.google.android.apps.maps"]},{"rank":{"index":2,"lang":"fr","country":"fr","chineseCountryName":"法国","pkg":"com.spaceship.screen.textcopy"},"orders":["com.recognize_text.translate.screen","com.spaceship.screen.textcopy","com.tap_to_translate.snap_translate","com.newmg.yurao.pro","com.niven.translator","com.screen.translate.google","com.galaxy.airviewdictionary","com.gaminik.i18n","com.eecorp.linguago","com.niven.apptranslate","com.screen.translator.text.recognize","com.deepl.mobiletranslator","com.google.android.apps.translate","com.zaz.translate","com.google.ar.lens","com.datacomprojects.scanandtranslate","com.microsoft.translator","com.google.android.tts","com.fapp.translate.language.translator.fasttranslation","com.niven.game"]},{"rank":{"index":2,"lang":"en-gb","country":"gb","chineseCountryName":"英国","pkg":"com.spaceship.screen.textcopy"},"orders":["com.recognize_text.translate.screen","com.spaceship.screen.textcopy","com.niven.translator","com.tap_to_translate.snap_translate","com.newmg.yurao.pro","com.gaminik.i18n","com.niven.apptranslate","com.screen.translate.google","com.screen.translator.text.recognize","com.niven.game","com.google.android.apps.translate","com.eecorp.linguago","com.galaxy.airviewdictionary","com.datacomprojects.scanandtranslate","com.zaz.translate","at.nk.tools.iTranslate","live.screentranslate.realtime","com.deepl.mobiletranslator","com.microsoft.translator","com.voice.ai.deep.translate"]},{"rank":{"index":4,"lang":"de","country":"de","chineseCountryName":"德国","pkg":"com.spaceship.screen.textcopy"},"orders":["com.recognize_text.translate.screen","com.tap_to_translate.snap_translate","com.niven.translator","com.spaceship.screen.textcopy","com.newmg.yurao.pro","com.screen.translate.google","com.gaminik.i18n","com.niven.apptranslate","com.galaxy.airviewdictionary","com.eecorp.linguago","com.niven.game","com.screen.translator.text.recognize","com.google.android.apps.translate","com.deepl.mobiletranslator","com.zaz.translate","com.google.ar.lens","com.datacomprojects.scanandtranslate","com.microsoft.translator","com.chat_translate.screen_translate","com.google.android.tts"]},{"rank":{"index":3,"lang":"it","country":"it","chineseCountryName":"意大利","pkg":"com.spaceship.screen.textcopy"},"orders":["com.recognize_text.translate.screen","com.tap_to_translate.snap_translate","com.spaceship.screen.textcopy","com.niven.translator","com.niven.apptranslate","com.newmg.yurao.pro","com.screen.translate.google","com.galaxy.airviewdictionary","com.gaminik.i18n","com.eecorp.linguago","com.screen.translator.text.recognize"]},{"rank":{"index":3,"lang":"ja","country":"jp","chineseCountryName":"日本","pkg":"com.spaceship.screen.textcopy"},"orders":["com.recognize_text.translate.screen","com.tap_to_translate.snap_translate","com.spaceship.screen.textcopy","com.newmg.yurao.pro","com.niven.translator","com.gaminik.i18n","com.screen.translate.google","com.niven.apptranslate","com.eecorp.linguago","com.screen.translator.text.recognize","com.galaxy.airviewdictionary","com.google.android.apps.translate","com.zaz.translate","com.immersivetranslate.browser","com.deepl.mobiletranslator","com.niven.game","com.naver.labs.translator","live.screentranslate.realtime","com.microsoft.translator","com.google.android.tts"]},{"rank":{"index":2,"lang":"ko","country":"kr","chineseCountryName":"韩国","pkg":"com.spaceship.screen.textcopy"},"orders":["com.recognize_text.translate.screen","com.spaceship.screen.textcopy","com.tap_to_translate.snap_translate","com.gaminik.i18n","com.niven.translator","com.newmg.yurao.pro","com.screen.translate.google","com.niven.apptranslate","com.galaxy.airviewdictionary","com.screen.translator.text.recognize","com.eecorp.linguago","com.niven.game","com.google.android.apps.translate","com.naver.labs.translator","com.deepl.mobiletranslator","com.zaz.translate","com.google.ar.lens"]},{"rank":{"index":3,"lang":"zh-hk","country":"hk","chineseCountryName":"香港","pkg":"com.spaceship.screen.textcopy"},"orders":["com.recognize_text.translate.screen","com.tap_to_translate.snap_translate","com.spaceship.screen.textcopy","com.niven.translator","com.newmg.yurao.pro","com.niven.apptranslate","com.screen.translate.google","com.galaxy.airviewdictionary","com.gaminik.i18n","com.eecorp.linguago","com.google.android.apps.translate","com.newtranslate.google","com.screen.translator.text.recognize","com.translate.all.language.photo.screen","com.zaz.translate","com.microsoft.translator","screen.translator.voice.translate","com.deepl.mobiletranslator","com.eecorp.taptranslator","com.google.ar.lens"]},{"rank":{"index":2,"lang":"zh-tw","country":"tw","chineseCountryName":"台湾","pkg":"com.spaceship.screen.textcopy"},"orders":["com.recognize_text.translate.screen","com.spaceship.screen.textcopy","com.tap_to_translate.snap_translate","com.niven.translator","com.gaminik.i18n","com.newmg.yurao.pro","com.niven.apptranslate","com.screen.translate.google","com.galaxy.airviewdictionary","com.eecorp.linguago","com.google.android.apps.translate","com.screen.translator.text.recognize","com.zaz.translate","com.google.ar.lens","com.naver.labs.translator","com.deepl.mobiletranslator","com.microsoft.translator","com.google.android.tts","com.datacomprojects.scanandtranslate","com.niven.game"]},{"rank":{"index":0,"lang":"en","country":"in","chineseCountryName":"印度","pkg":"com.spaceship.screen.textcopy"},"orders":["com.recognize_text.translate.screen","com.tap_to_translate.snap_translate","com.newmg.yurao.pro","com.niven.translator","com.niven.apptranslate","com.gaminik.i18n","com.screen.translate.google","com.galaxy.airviewdictionary","com.eecorp.linguago","screen.translator.voice.translate","com.zaz.translate","com.screen.translator.text.recognize","com.newtranslate.google","com.flabs.screen.translate","com.google.android.apps.translate"]},{"rank":{"index":4,"lang":"id","country":"id","chineseCountryName":"印尼","pkg":"com.spaceship.screen.textcopy"},"orders":["com.recognize_text.translate.screen","com.tap_to_translate.snap_translate","com.niven.translator","com.spaceship.screen.textcopy","com.newmg.yurao.pro","com.gaminik.i18n","com.niven.apptranslate","com.screen.translate.google","com.galaxy.airviewdictionary","com.eecorp.linguago","com.screen.translator.text.recognize","com.google.android.apps.translate","com.newtranslate.google","com.niven.game","com.translate.all.language.photo.screen","com.zaz.translate","com.eecorp.taptranslator","com.deepl.mobiletranslator","com.flabs.screen.translate","screen.translator.voice.translate"]},{"rank":{"index":2,"lang":"es-mx","country":"mx","chineseCountryName":"墨西哥","pkg":"com.spaceship.screen.textcopy"},"orders":["com.recognize_text.translate.screen","com.spaceship.screen.textcopy","com.tap_to_translate.snap_translate","com.niven.translator","com.newmg.yurao.pro","com.niven.apptranslate","com.screen.translator.text.recognize","com.screen.translate.google","com.gaminik.i18n","com.galaxy.airviewdictionary","com.eecorp.linguago","com.google.android.apps.translate","com.deepl.mobiletranslator","com.zaz.translate","com.niven.game","com.google.ar.lens","at.nk.tools.iTranslate","com.microsoft.translator","com.flabs.screen.translate","com.mg.chat"]}]