[{"rank":{"index":2,"lang":"en-us","country":"us","chineseCountryName":"美国","pkg":"com.spaceship.screen.textcopy"},"orders":["com.recognize_text.translate.screen","com.spaceship.screen.textcopy","com.tap_to_translate.snap_translate","com.google.android.apps.translate","com.niven.translator","com.microsoft.translator","com.newmg.yurao.pro","com.deepl.mobiletranslator","com.gaminik.i18n","com.naver.labs.translator","com.zaz.translate","com.immersivetranslate.browser","at.nk.tools.iTranslate","ru.yandex.translate"]},{"rank":{"index":0,"lang":"ru","country":"ru","chineseCountryName":"俄罗斯","pkg":"com.spaceship.screen.textcopy"},"orders":["com.recognize_text.translate.screen","com.niven.translator","com.tap_to_translate.snap_translate","com.newmg.yurao.pro","com.google.android.apps.translate","com.gaminik.i18n","com.microsoft.translator","com.niven.game","com.deepl.mobiletranslator","ru.yandex.translate","com.immersivetranslate.browser","com.naver.labs.translator","at.nk.tools.iTranslate","com.niven.apptranslate"]},{"rank":{"index":2,"lang":"pt-br","country":"br","chineseCountryName":"巴西","pkg":"com.spaceship.screen.textcopy"},"orders":["com.recognize_text.translate.screen","com.spaceship.screen.textcopy","com.tap_to_translate.snap_translate","com.niven.translator","com.microsoft.translator","com.gaminik.i18n","com.newmg.yurao.pro","com.google.android.apps.translate","at.nk.tools.iTranslate","com.immersivetranslate.browser","com.deepl.mobiletranslator","com.niven.game","com.niven.apptranslate","com.voice_camera_free_translate","com.datacomprojects.scanandtranslate","com.tangdi.baiguotong","com.image.translator","com.naver.labs.translator","com.zaz.translate","com.screen.translate.google"]},{"rank":{"index":2,"lang":"fr","country":"fr","chineseCountryName":"法国","pkg":"com.spaceship.screen.textcopy"},"orders":["com.recognize_text.translate.screen","com.spaceship.screen.textcopy","com.tap_to_translate.snap_translate","com.niven.translator","com.newmg.yurao.pro","com.gaminik.i18n","com.immersivetranslate.browser","com.microsoft.translator","com.google.android.apps.translate","com.zaz.translate","com.translate.txt.translator.app.screen.translator.voice","at.nk.tools.iTranslate","com.deepl.mobiletranslator","com.niven.game","com.naver.labs.translator","com.niven.apptranslate","com.eecorp.linguago","com.screen.translate.google","com.datacomprojects.scanandtranslate","com.tangdi.baiguotong"]},{"rank":{"index":2,"lang":"en-gb","country":"gb","chineseCountryName":"英国","pkg":"com.spaceship.screen.textcopy"},"orders":["com.recognize_text.translate.screen","com.spaceship.screen.textcopy","com.tap_to_translate.snap_translate","com.google.android.apps.translate","com.microsoft.translator","com.niven.translator","com.newmg.yurao.pro","com.zaz.translate","com.gaminik.i18n","com.deepl.mobiletranslator","at.nk.tools.iTranslate","com.immersivetranslate.browser","com.naver.labs.translator","ru.yandex.translate"]},{"rank":{"index":2,"lang":"de","country":"de","chineseCountryName":"德国","pkg":"com.spaceship.screen.textcopy"},"orders":["com.recognize_text.translate.screen","com.spaceship.screen.textcopy","com.tap_to_translate.snap_translate","com.newmg.yurao.pro","com.niven.translator","com.gaminik.i18n","com.microsoft.translator","com.immersivetranslate.browser","com.google.android.apps.translate","com.deepl.mobiletranslator","at.nk.tools.iTranslate","com.zaz.translate"]},{"rank":{"index":2,"lang":"it","country":"it","chineseCountryName":"意大利","pkg":"com.spaceship.screen.textcopy"},"orders":["com.recognize_text.translate.screen","com.spaceship.screen.textcopy","com.tap_to_translate.snap_translate","com.newmg.yurao.pro","com.niven.translator","com.gaminik.i18n","com.immersivetranslate.browser","com.zaz.translate","com.microsoft.translator","at.nk.tools.iTranslate","com.google.android.apps.translate","com.deepl.mobiletranslator","com.niven.game","com.translate.txt.translator.app.screen.translator.voice"]},{"rank":{"index":2,"lang":"ja","country":"jp","chineseCountryName":"日本","pkg":"com.spaceship.screen.textcopy"},"orders":["com.recognize_text.translate.screen","com.spaceship.screen.textcopy","com.tap_to_translate.snap_translate","com.newmg.yurao.pro","com.niven.translator","com.gaminik.i18n","com.naver.labs.translator","com.immersivetranslate.browser","com.microsoft.translator","com.google.android.apps.translate","com.deepl.mobiletranslator","at.nk.tools.iTranslate","com.niven.game","com.niven.apptranslate"]},{"rank":{"index":3,"lang":"ko","country":"kr","chineseCountryName":"韩国","pkg":"com.spaceship.screen.textcopy"},"orders":["com.recognize_text.translate.screen","com.tap_to_translate.snap_translate","com.spaceship.screen.textcopy","com.newmg.yurao.pro","com.niven.translator","com.gaminik.i18n","com.naver.labs.translator","com.immersivetranslate.browser","com.microsoft.translator","com.niven.game","com.google.android.apps.translate","com.niven.apptranslate","at.nk.tools.iTranslate","com.screen.translate.google","com.deepl.mobiletranslator","com.eecorp.linguago","com.zaz.translate","co.timekettle.livetranslator","com.translate.talkingtranslator","com.eecorp.taptranslator"]},{"rank":{"index":2,"lang":"zh-hk","country":"hk","chineseCountryName":"香港","pkg":"com.spaceship.screen.textcopy"},"orders":["com.recognize_text.translate.screen","com.spaceship.screen.textcopy","com.newmg.yurao.pro","com.microsoft.translator","com.niven.translator","com.google.android.apps.translate","com.gaminik.i18n","com.immersivetranslate.browser","at.nk.tools.iTranslate","com.tap_to_translate.snap_translate","com.naver.labs.translator","com.deepl.mobiletranslator","com.niven.game","com.zaz.translate","com.tangdi.baiguotong","com.screen.translate.google","com.niven.apptranslate","jp.go.nict.voicetra","ru.yandex.translate","com.simyasolutions.translate"]},{"rank":{"index":2,"lang":"zh-tw","country":"tw","chineseCountryName":"台湾","pkg":"com.spaceship.screen.textcopy"},"orders":["com.recognize_text.translate.screen","com.spaceship.screen.textcopy","com.newmg.yurao.pro","com.tap_to_translate.snap_translate","com.microsoft.translator","com.google.android.apps.translate","com.gaminik.i18n","com.niven.translator","com.immersivetranslate.browser","com.naver.labs.translator","at.nk.tools.iTranslate","com.deepl.mobiletranslator","com.niven.game","com.voice_camera_free_translate","com.zaz.translate","com.niven.apptranslate","jp.go.nict.voicetra","com.tangdi.baiguotong","com.screen.translate.google","com.datacomprojects.scanandtranslate"]},{"rank":{"index":3,"lang":"en","country":"in","chineseCountryName":"印度","pkg":"com.spaceship.screen.textcopy"},"orders":["com.recognize_text.translate.screen","com.google.android.apps.translate","com.spaceship.screen.textcopy","com.newmg.yurao.pro","com.zaz.translate","com.microsoft.translator"]},{"rank":{"index":1,"lang":"id","country":"id","chineseCountryName":"印尼","pkg":"com.spaceship.screen.textcopy"},"orders":["com.spaceship.screen.textcopy","com.recognize_text.translate.screen","com.tap_to_translate.snap_translate","com.google.android.apps.translate","com.niven.translator","com.deepl.mobiletranslator","com.newmg.yurao.pro","com.microsoft.translator","com.gaminik.i18n","com.naver.labs.translator","at.nk.tools.iTranslate","com.immersivetranslate.browser","com.niven.game","com.zaz.translate","com.mobisystems.msdict.embedded.wireless.collins.ee"]},{"rank":{"index":1,"lang":"es-mx","country":"mx","chineseCountryName":"墨西哥","pkg":"com.spaceship.screen.textcopy"},"orders":["com.spaceship.screen.textcopy","com.recognize_text.translate.screen","com.niven.translator","com.tap_to_translate.snap_translate","com.newmg.yurao.pro","com.gaminik.i18n","com.google.android.apps.translate","at.nk.tools.iTranslate","com.microsoft.translator","com.immersivetranslate.browser","com.niven.game","com.deepl.mobiletranslator","com.zaz.translate","com.niven.apptranslate","com.screen.translate.google","com.eecorp.linguago","com.naver.labs.translator","com.aldoo.pdftranslatorpro","com.image.translator","com.datacomprojects.scanandtranslate"]}]