[{"rank":{"index":2,"lang":"en-us","country":"us","chineseCountryName":"美国","pkg":"com.spaceship.screen.textcopy"},"orders":["com.recognize_text.translate.screen","com.spaceship.screen.textcopy","com.google.android.apps.translate","com.gaminik.i18n","com.mg.yurao.google","com.niven.game","com.microsoft.translator","com.tap_to_translate.snap_translate","com.translate.talkingtranslator","com.niven.translator","com.niven.comic","com.kursx.smartbook","com.datacomprojects.scanandtranslate","com.newmg.yurao.pro","com.languagetranslator.translatorapp.smartscanner.dictionary.translation.voicetranslator","at.nk.tools.iTranslate","com.niven.apptranslate","com.naver.labs.translator","com.eecorp.linguago","com.translator.yellow"]},{"rank":{"index":4,"lang":"ru","country":"ru","chineseCountryName":"俄罗斯","pkg":"com.spaceship.screen.textcopy"},"orders":["com.recognize_text.translate.screen","com.tap_to_translate.snap_translate","com.gaminik.i18n","com.spaceship.screen.textcopy","com.mg.yurao.google","com.niven.game","com.niven.translator","com.niven.comic","com.newmg.yurao.pro","com.niven.apptranslate","com.eecorp.linguago","ru.yandex.translate","screen.translator.voice.translate","com.google.android.apps.translate","com.pidev.screentranslator","com.deepl.mobiletranslator","com.datacomprojects.scanandtranslate","us.zoom.videomeetings","com.microsoft.translator","com.naver.labs.translator"]},{"rank":{"index":2,"lang":"fr","country":"fr","chineseCountryName":"法国","pkg":"com.spaceship.screen.textcopy"},"orders":["com.recognize_text.translate.screen","com.spaceship.screen.textcopy","com.tap_to_translate.snap_translate","com.gaminik.i18n","com.mg.yurao.google","com.niven.game","com.niven.translator","com.niven.comic","com.niven.apptranslate","com.newmg.yurao.pro","com.eecorp.linguago","com.google.android.apps.translate","screen.translator.voice.translate","com.softissimo.reverso.context","com.datacomprojects.scanandtranslate","com.deepl.mobiletranslator","com.microsoft.translator","com.translate.talkingtranslator","com.translator.translation.screen.translate.voice.languages.text.translating","ru.yandex.translate"]},{"rank":{"index":2,"lang":"en-gb","country":"gb","chineseCountryName":"英国","pkg":"com.spaceship.screen.textcopy"},"orders":["com.recognize_text.translate.screen","com.spaceship.screen.textcopy","com.mg.yurao.google","com.tap_to_translate.snap_translate","com.gaminik.i18n","com.google.android.apps.translate","com.niven.game","com.niven.translator","com.niven.comic","com.microsoft.translator","com.niven.apptranslate","com.newmg.yurao.pro","com.eecorp.linguago","screen.translator.voice.translate","com.languagetranslator.translatorapp.smartscanner.dictionary.translation.voicetranslator","at.nk.tools.iTranslate","com.datacomprojects.scanandtranslate","com.zaz.translate","com.tranit.text.translate","com.youdao.hindict"]},{"rank":{"index":2,"lang":"de","country":"de","chineseCountryName":"德国","pkg":"com.spaceship.screen.textcopy"},"orders":["com.recognize_text.translate.screen","com.spaceship.screen.textcopy","com.mg.yurao.google","com.tap_to_translate.snap_translate","com.gaminik.i18n","com.niven.game","com.niven.translator","com.niven.comic","com.niven.apptranslate","com.eecorp.linguago","screen.translator.voice.translate","com.microsoft.translator","com.google.android.apps.translate","com.deepl.mobiletranslator","com.newmg.yurao.pro","at.nk.tools.iTranslate","ru.yandex.translate","com.translate.talkingtranslator","com.translator.translation.screen.translate.voice.languages.text.translating","us.zoom.videomeetings"]},{"rank":{"index":2,"lang":"it","country":"it","chineseCountryName":"意大利","pkg":"com.spaceship.screen.textcopy"},"orders":["com.recognize_text.translate.screen","com.spaceship.screen.textcopy","com.niven.game","com.gaminik.i18n","com.mg.yurao.google","com.niven.translator","com.tap_to_translate.snap_translate","com.niven.comic","com.niven.apptranslate","com.google.android.apps.translate","com.eecorp.linguago","com.microsoft.translator","com.languagetranslator.translatorapp.smartscanner.dictionary.translation.voicetranslator"]},{"rank":{"index":3,"lang":"ja","country":"jp","chineseCountryName":"日本","pkg":"com.spaceship.screen.textcopy"},"orders":["com.recognize_text.translate.screen","com.mg.yurao.google","com.spaceship.screen.textcopy","com.gaminik.i18n","com.niven.game","com.tap_to_translate.snap_translate","com.niven.translator","com.niven.comic","com.niven.apptranslate","com.eecorp.linguago","com.newmg.yurao.pro","screen.translator.voice.translate","com.google.android.apps.translate","us.zoom.videomeetings","com.naver.labs.translator","com.deepl.mobiletranslator","com.microsoft.translator","com.translator.translation.screen.translate.voice.languages.text.translating","camera.translator.realtime","com.appgroup.app.arcamera"]},{"rank":{"index":3,"lang":"ko","country":"kr","chineseCountryName":"韩国","pkg":"com.spaceship.screen.textcopy"},"orders":["com.recognize_text.translate.screen","com.mg.yurao.google","com.spaceship.screen.textcopy","com.tap_to_translate.snap_translate","com.gaminik.i18n","com.niven.game","com.niven.translator","com.niven.comic","com.niven.apptranslate","com.eecorp.linguago","com.newmg.yurao.pro","screen.translator.voice.translate","com.naver.labs.translator","com.google.android.apps.translate","us.zoom.videomeetings","com.microsoft.translator","com.deepl.mobiletranslator","com.google.ar.lens","ru.yandex.translate","at.nk.tools.iTranslate"]},{"rank":{"index":3,"lang":"zh-hk","country":"hk","chineseCountryName":"香港","pkg":"com.spaceship.screen.textcopy"},"orders":["com.recognize_text.translate.screen","com.mg.yurao.google","com.spaceship.screen.textcopy","com.tap_to_translate.snap_translate","com.gaminik.i18n","com.niven.game","com.niven.translator","com.niven.comic","com.niven.apptranslate","com.google.android.apps.translate","com.eecorp.linguago","com.newmg.yurao.pro","at.nk.tools.iTranslate","screen.translator.voice.translate","com.microsoft.translator","com.zaz.translate","com.tangdi.baiguotong","com.datacomprojects.scanandtranslate","camera.translator.realtime","com.languagetranslator.translatorapp.smartscanner.dictionary.translation.voicetranslator"]},{"rank":{"index":6,"lang":"zh-tw","country":"tw","chineseCountryName":"台湾","pkg":"com.spaceship.screen.textcopy"},"orders":["com.recognize_text.translate.screen","com.mg.yurao.google","com.gaminik.i18n","com.tap_to_translate.snap_translate","com.niven.game","com.spaceship.screen.textcopy","com.niven.translator","com.niven.comic","com.google.android.apps.translate","com.newmg.yurao.pro","com.niven.apptranslate","com.eecorp.linguago","com.mg.subtitle.google","com.languagetranslator.translatorapp.smartscanner.dictionary.translation.voicetranslator","at.nk.tools.iTranslate","screen.translator.voice.translate","com.zaz.translate","com.youdao.hindict","com.tangdi.baiguotong","com.microsoft.translator"]},{"rank":{"index":2,"lang":"en","country":"in","chineseCountryName":"印度","pkg":"com.spaceship.screen.textcopy"},"orders":["com.recognize_text.translate.screen","com.spaceship.screen.textcopy","com.gaminik.i18n","com.niven.game","com.zaz.translate","com.tap_to_translate.snap_translate","screen.translator.voice.translate","com.niven.translator","com.microsoft.translator","com.niven.comic","com.newmg.yurao.pro","com.datacomprojects.scanandtranslate","at.nk.tools.iTranslate","com.eecorp.linguago","com.niven.apptranslate","com.talpa.translate","ru.yandex.translate","com.google.ar.lens","com.google.android.apps.translate","com.mg.yurao.google"]},{"rank":{"index":2,"lang":"id","country":"id","chineseCountryName":"印尼","pkg":"com.spaceship.screen.textcopy"},"orders":["com.recognize_text.translate.screen","com.spaceship.screen.textcopy","com.tap_to_translate.snap_translate","com.gaminik.i18n","com.mg.yurao.google","com.niven.translator","com.niven.game","com.niven.comic","com.newmg.yurao.pro","com.niven.apptranslate","com.eecorp.linguago","com.google.android.apps.translate","com.youdao.hindict","com.android.chrome"]},{"rank":{"index":2,"lang":"es-mx","country":"mx","chineseCountryName":"墨西哥","pkg":"com.spaceship.screen.textcopy"},"orders":["com.recognize_text.translate.screen","com.spaceship.screen.textcopy","com.tap_to_translate.snap_translate","com.niven.game","com.niven.translator","com.niven.comic","com.niven.apptranslate","com.eecorp.linguago","screen.translator.voice.translate","com.google.android.apps.translate","com.newmg.yurao.pro","com.youdao.hindict","com.microsoft.translator","us.zoom.videomeetings","com.deepl.mobiletranslator","at.nk.tools.iTranslate","org.thunderdog.challegram","com.gaminik.i18n","com.mg.yurao.google"]}]