[{"rank":{"index":2,"lang":"en-us","country":"us","chineseCountryName":"美国","pkg":"com.spaceship.screen.textcopy"},"orders":["com.recognize_text.translate.screen","com.spaceship.screen.textcopy","com.tap_to_translate.snap_translate","com.niven.translator","com.microsoft.translator","com.google.android.apps.translate","com.gaminik.i18n","com.niven.game","com.newmg.yurao.pro","com.zaz.translate","com.niven.comic","com.naver.labs.translator","com.language.translate.free.translator.voice.translation","com.translate.talkingtranslator","com.deepl.mobiletranslator","com.tangdi.baiguotong","com.sayhi.android.sayhitranslate","com.translate.language.translator.voice.translation","com.mobisystems.msdict.embedded.wireless.collins.ee","jp.go.nict.voicetra"]},{"rank":{"index":2,"lang":"ru","country":"ru","chineseCountryName":"俄罗斯","pkg":"com.spaceship.screen.textcopy"},"orders":["com.recognize_text.translate.screen","com.spaceship.screen.textcopy","com.niven.translator","com.tap_to_translate.snap_translate","com.microsoft.translator","com.niven.game","com.gaminik.i18n","ru.yandex.translate","com.google.android.apps.translate","com.newmg.yurao.pro","com.niven.comic","com.deepl.mobiletranslator","com.zaz.translate","com.yomiwa.yomiwa","com.translate.language.translator.voice.translation","com.tangdi.baiguotong","com.language.translate.free.translator.voice.translation","com.erudite.translator","com.datacomprojects.scanandtranslate","com.screen.translate.google"]},{"rank":{"index":2,"lang":"pt-br","country":"br","chineseCountryName":"巴西","pkg":"com.spaceship.screen.textcopy"},"orders":["com.recognize_text.translate.screen","com.spaceship.screen.textcopy","com.tap_to_translate.snap_translate","com.gaminik.i18n","com.niven.game","com.niven.translator","com.microsoft.translator","com.niven.comic","com.newmg.yurao.pro","com.google.android.apps.translate","com.language.translate.free.translator.voice.translation","com.deepl.mobiletranslator","com.softissimo.reverso.context","com.tangdi.baiguotong","com.aldoo.pdftranslatorpro","com.screen.translate.google","com.voice_camera_free_translate","com.yomiwa.yomiwa","com.google.android.youtube","com.languagetranslator.translatorapp.smartscanner.dictionary.translation.voicetranslator"]},{"rank":{"index":2,"lang":"fr","country":"fr","chineseCountryName":"法国","pkg":"com.spaceship.screen.textcopy"},"orders":["com.recognize_text.translate.screen","com.spaceship.screen.textcopy","com.tap_to_translate.snap_translate","com.gaminik.i18n","com.microsoft.translator","com.niven.translator","com.niven.game","com.newmg.yurao.pro","com.niven.comic","com.google.android.apps.translate","com.zaz.translate","com.tangdi.baiguotong","com.language.translate.free.translator.voice.translation","com.deepl.mobiletranslator","com.aldoo.pdftranslatorpro","com.translate.talkingtranslator","com.softissimo.reverso.context","com.translate.language.translator.voice.translation","camtranslator.voice.text.image.translate","com.voice_camera_free_translate"]},{"rank":{"index":2,"lang":"en-gb","country":"gb","chineseCountryName":"英国","pkg":"com.spaceship.screen.textcopy"},"orders":["com.recognize_text.translate.screen","com.spaceship.screen.textcopy","com.tap_to_translate.snap_translate","com.gaminik.i18n","com.microsoft.translator","com.google.android.apps.translate","com.niven.translator","com.niven.game","com.zaz.translate","com.newmg.yurao.pro","com.niven.comic","com.language.translate.free.translator.voice.translation","com.deepl.mobiletranslator","com.naver.labs.translator","com.tangdi.baiguotong","com.translate.language.translator.voice.translation","com.mobisystems.msdict.embedded.wireless.collins.ee","com.translate.talkingtranslator","com.sayhi.android.sayhitranslate","com.softissimo.reverso.context"]},{"rank":{"index":2,"lang":"de","country":"de","chineseCountryName":"德国","pkg":"com.spaceship.screen.textcopy"},"orders":["com.recognize_text.translate.screen","com.spaceship.screen.textcopy","com.tap_to_translate.snap_translate","com.microsoft.translator","com.gaminik.i18n","com.niven.translator","com.niven.game","com.google.android.apps.translate","com.deepl.mobiletranslator","com.niven.comic","com.newmg.yurao.pro","com.translate.talkingtranslator","com.language.translate.free.translator.voice.translation","com.screen.translate.google","com.tangdi.baiguotong","ru.yandex.translate","com.zaz.translate","com.translate.language.translator.voice.translation","com.aldoo.pdftranslatorpro","com.softissimo.reverso.context"]},{"rank":{"index":2,"lang":"it","country":"it","chineseCountryName":"意大利","pkg":"com.spaceship.screen.textcopy"},"orders":["com.recognize_text.translate.screen","com.spaceship.screen.textcopy","com.tap_to_translate.snap_translate","com.niven.translator","com.gaminik.i18n","com.niven.game","com.microsoft.translator","com.google.android.apps.translate","com.niven.comic","com.tangdi.baiguotong","com.newmg.yurao.pro","com.language.translate.free.translator.voice.translation","com.deepl.mobiletranslator","com.zaz.translate","com.softissimo.reverso.context","com.image.camera.translate.ai","com.galaxy.airviewdictionary","com.screen.translate.google","com.translate.language.translator.voice.translation","com.aldoo.pdftranslatorpro"]},{"rank":{"index":2,"lang":"ja","country":"jp","chineseCountryName":"日本","pkg":"com.spaceship.screen.textcopy"},"orders":["com.recognize_text.translate.screen","com.spaceship.screen.textcopy","com.tap_to_translate.snap_translate","com.gaminik.i18n","com.niven.game","com.microsoft.translator","com.niven.translator","com.google.android.apps.translate","com.newmg.yurao.pro","com.niven.comic","com.naver.labs.translator","com.deepl.mobiletranslator","com.tangdi.baiguotong"]},{"rank":{"index":2,"lang":"ko","country":"kr","chineseCountryName":"韩国","pkg":"com.spaceship.screen.textcopy"},"orders":["com.recognize_text.translate.screen","com.spaceship.screen.textcopy","com.tap_to_translate.snap_translate","com.microsoft.translator","com.naver.labs.translator","com.gaminik.i18n","com.niven.translator","com.google.android.apps.translate","com.niven.game","com.zaz.translate","com.newmg.yurao.pro","com.niven.comic","com.deepl.mobiletranslator","com.translate.talkingtranslator","com.language.translate.free.translator.voice.translation","com.flitto.app","co.timekettle.livetranslator","com.translate.language.translator.voice.translation","com.youdao.hindict","com.sayhi.android.sayhitranslate"]},{"rank":{"index":2,"lang":"zh-hk","country":"hk","chineseCountryName":"香港","pkg":"com.spaceship.screen.textcopy"},"orders":["com.recognize_text.translate.screen","com.spaceship.screen.textcopy","com.microsoft.translator","com.tap_to_translate.snap_translate","com.google.android.apps.translate","com.niven.translator","com.gaminik.i18n","com.niven.game","com.zaz.translate","com.tangdi.baiguotong","com.niven.comic","com.naver.labs.translator","com.newmg.yurao.pro","com.language.translate.free.translator.voice.translation","com.deepl.mobiletranslator","com.translate.language.translator.voice.translation","jp.go.nict.voicetra","com.screen.translate.google","com.translate.talkingtranslator","translate.all.language.translator.cameratranslator"]},{"rank":{"index":2,"lang":"zh-tw","country":"tw","chineseCountryName":"台湾","pkg":"com.spaceship.screen.textcopy"},"orders":["com.recognize_text.translate.screen","com.spaceship.screen.textcopy","com.tap_to_translate.snap_translate","com.microsoft.translator","com.google.android.apps.translate","com.niven.translator","com.gaminik.i18n","com.niven.game","com.zaz.translate","com.naver.labs.translator","com.tangdi.baiguotong","com.language.translate.free.translator.voice.translation","com.niven.comic","com.newmg.yurao.pro","com.translate.talkingtranslator","com.translate.language.translator.voice.translation","com.deepl.mobiletranslator","com.aldoo.pdftranslatorpro","co.timekettle.livetranslator","com.galaxy.airviewdictionary"]},{"rank":{"index":2,"lang":"en","country":"in","chineseCountryName":"印度","pkg":"com.spaceship.screen.textcopy"},"orders":["com.recognize_text.translate.screen","com.spaceship.screen.textcopy","com.tap_to_translate.snap_translate","com.google.android.apps.translate","com.zaz.translate","com.gaminik.i18n","com.niven.game","com.softissimo.reverso.context","at.nk.tools.iTranslate","ru.yandex.translate","com.sayhi.android.sayhitranslate","com.deepl.mobiletranslator","com.niven.translator","com.newmg.yurao.pro","com.galaxy.airviewdictionary","screen.translator.voice.translate","com.datacomprojects.scanandtranslate","com.languagetranslator.translatorapp.smartscanner.dictionary.translation.voicetranslator","com.niven.comic","com.google.ar.lens"]},{"rank":{"index":2,"lang":"id","country":"id","chineseCountryName":"印尼","pkg":"com.spaceship.screen.textcopy"},"orders":["com.recognize_text.translate.screen","com.spaceship.screen.textcopy","com.tap_to_translate.snap_translate","com.niven.translator","com.gaminik.i18n","com.niven.game","com.microsoft.translator","com.newmg.yurao.pro","com.niven.comic","com.youdao.hindict","com.google.android.apps.translate","com.deepl.mobiletranslator","com.language.translate.free.translator.voice.translation","com.zaz.translate"]},{"rank":{"index":2,"lang":"es-mx","country":"mx","chineseCountryName":"墨西哥","pkg":"com.spaceship.screen.textcopy"},"orders":["com.recognize_text.translate.screen","com.spaceship.screen.textcopy","com.tap_to_translate.snap_translate","com.niven.game","com.gaminik.i18n","com.niven.translator","com.microsoft.translator","com.niven.comic","com.newmg.yurao.pro","com.google.android.apps.translate","com.aldoo.pdftranslatorpro","com.language.translate.free.translator.voice.translation","com.deepl.mobiletranslator","com.zaz.translate","com.tangdi.baiguotong","com.youdao.hindict","camtranslator.voice.text.image.translate","com.screen.translate.google","com.softissimo.reverso.context","com.google.ar.lens"]}]