[{"rank":{"index":2,"lang":"en-us","country":"us","chineseCountryName":"美国","pkg":"com.spaceship.screen.textcopy"},"orders":["com.recognize_text.translate.screen","com.spaceship.screen.textcopy","com.niven.translator","com.tap_to_translate.snap_translate","com.google.android.apps.translate","com.microsoft.translator","com.gaminik.i18n","com.niven.game","com.zaz.translate","com.newmg.yurao.pro","com.sayhi.android.sayhitranslate","com.niven.comic","jp.go.nict.voicetra","com.language.translate.free.translator.voice.translation","com.translate.talkingtranslator","com.naver.labs.translator","translate.all.language.translator.cameratranslator","com.deepl.mobiletranslator","com.screen.translate.google","com.tangdi.baiguotong"]},{"rank":{"index":2,"lang":"ru","country":"ru","chineseCountryName":"俄罗斯","pkg":"com.spaceship.screen.textcopy"},"orders":["com.recognize_text.translate.screen","com.spaceship.screen.textcopy","com.niven.translator","com.tap_to_translate.snap_translate","com.microsoft.translator","com.niven.game","com.gaminik.i18n","com.google.android.apps.translate","ru.yandex.translate","com.newmg.yurao.pro","com.datacomprojects.scanandtranslate","com.deepl.mobiletranslator","com.niven.comic","com.screen.translate.google","com.kursx.smartbook","com.zaz.translate","com.language.translate.free.translator.voice.translation","com.erudite.translator","com.tangdi.baiguotong","com.translate.language.translator.voice.translation"]},{"rank":{"index":2,"lang":"pt-br","country":"br","chineseCountryName":"巴西","pkg":"com.spaceship.screen.textcopy"},"orders":["com.recognize_text.translate.screen","com.spaceship.screen.textcopy","com.tap_to_translate.snap_translate","com.gaminik.i18n","com.niven.game","com.niven.translator","com.microsoft.translator","com.niven.comic","com.google.android.apps.translate","com.newmg.yurao.pro","com.zaz.translate","com.language.translate.free.translator.voice.translation","translate.all.language.translator.cameratranslator","com.deepl.mobiletranslator","com.screen.translate.google","com.youdao.hindict","com.softissimo.reverso.context","com.aldoo.pdftranslatorpro","com.voice_camera_free_translate","com.tangdi.baiguotong"]},{"rank":{"index":2,"lang":"fr","country":"fr","chineseCountryName":"法国","pkg":"com.spaceship.screen.textcopy"},"orders":["com.recognize_text.translate.screen","com.spaceship.screen.textcopy","com.tap_to_translate.snap_translate","com.niven.translator","com.gaminik.i18n","com.microsoft.translator","com.niven.game","com.newmg.yurao.pro","com.niven.comic","com.google.android.apps.translate","com.zaz.translate","com.language.translate.free.translator.voice.translation","com.tangdi.baiguotong","com.datacomprojects.scanandtranslate","translate.all.language.translator.cameratranslator","com.translate.talkingtranslator","com.voice_camera_free_translate","com.deepl.mobiletranslator","com.translate.language.translator.voice.translation","com.screen.translate.google"]},{"rank":{"index":2,"lang":"en-gb","country":"gb","chineseCountryName":"英国","pkg":"com.spaceship.screen.textcopy"},"orders":["com.recognize_text.translate.screen","com.spaceship.screen.textcopy","com.tap_to_translate.snap_translate","com.niven.translator","com.microsoft.translator","com.google.android.apps.translate","com.gaminik.i18n","com.languagetranslator.translatorapp.smartscanner.dictionary.translation.voicetranslator","com.niven.game","com.zaz.translate","com.niven.comic","com.screen.translate.google","com.sayhi.android.sayhitranslate","com.datacomprojects.scanandtranslate","ru.yandex.translate","com.youdao.hindict","translate.photo.translator.all.language.voice.translation.free.app","com.language.translate.free.translator.voice.translation","com.mobisystems.msdict.embedded.wireless.collins.ee","translate.speech.text.translation.voicetranslator"]},{"rank":{"index":2,"lang":"de","country":"de","chineseCountryName":"德国","pkg":"com.spaceship.screen.textcopy"},"orders":["com.recognize_text.translate.screen","com.spaceship.screen.textcopy","com.tap_to_translate.snap_translate","com.microsoft.translator","com.gaminik.i18n","com.niven.translator","com.niven.game","com.google.android.apps.translate","com.niven.comic","com.deepl.mobiletranslator","com.translate.talkingtranslator","com.newmg.yurao.pro","com.language.translate.free.translator.voice.translation","com.zaz.translate","com.screen.translate.google","translate.all.language.translator.cameratranslator","com.sayhi.android.sayhitranslate","com.datacomprojects.scanandtranslate","com.tangdi.baiguotong","com.translate.language.translator.voice.translation"]},{"rank":{"index":2,"lang":"it","country":"it","chineseCountryName":"意大利","pkg":"com.spaceship.screen.textcopy"},"orders":["com.recognize_text.translate.screen","com.spaceship.screen.textcopy","com.tap_to_translate.snap_translate","com.gaminik.i18n","com.niven.translator","com.niven.game","com.microsoft.translator","com.google.android.apps.translate","com.niven.comic","com.newmg.yurao.pro","com.tangdi.baiguotong","com.zaz.translate","com.language.translate.free.translator.voice.translation","com.image.camera.translate.ai","com.datacomprojects.scanandtranslate","translate.all.language.translator.cameratranslator","com.screen.translate.google","com.deepl.mobiletranslator","com.translate.language.translator.voice.translation","com.voice_camera_free_translate"]},{"rank":{"index":2,"lang":"ja","country":"jp","chineseCountryName":"日本","pkg":"com.spaceship.screen.textcopy"},"orders":["com.recognize_text.translate.screen","com.spaceship.screen.textcopy","com.tap_to_translate.snap_translate","com.gaminik.i18n","com.niven.translator","com.niven.game","com.microsoft.translator","com.deepl.mobiletranslator","com.niven.comic","com.newmg.yurao.pro","com.naver.labs.translator","com.google.android.apps.translate"]},{"rank":{"index":2,"lang":"ko","country":"kr","chineseCountryName":"韩国","pkg":"com.spaceship.screen.textcopy"},"orders":["com.recognize_text.translate.screen","com.spaceship.screen.textcopy","com.tap_to_translate.snap_translate","com.gaminik.i18n","com.microsoft.translator","com.google.android.apps.translate","com.naver.labs.translator","com.niven.translator","com.niven.game","com.deepl.mobiletranslator","com.zaz.translate","com.newmg.yurao.pro","com.niven.comic","com.flitto.app","com.datacomprojects.scanandtranslate","jp.go.nict.voicetra","com.translate.language.translator.voice.translation","com.language.translate.free.translator.voice.translation","translate.all.language.translator.cameratranslator","com.sayhi.android.sayhitranslate"]},{"rank":{"index":2,"lang":"zh-hk","country":"hk","chineseCountryName":"香港","pkg":"com.spaceship.screen.textcopy"},"orders":["com.recognize_text.translate.screen","com.spaceship.screen.textcopy","com.microsoft.translator","com.google.android.apps.translate","com.tap_to_translate.snap_translate","com.gaminik.i18n","com.niven.translator","com.niven.game","com.tangdi.baiguotong","com.deepl.mobiletranslator","com.niven.comic","jp.go.nict.voicetra","com.zaz.translate","com.naver.labs.translator","com.translate.language.translator.voice.translation","com.datacomprojects.scanandtranslate","com.language.translate.free.translator.voice.translation","com.flitto.app","translate.all.language.translator.cameratranslator","com.newmg.yurao.pro"]},{"rank":{"index":2,"lang":"zh-tw","country":"tw","chineseCountryName":"台湾","pkg":"com.spaceship.screen.textcopy"},"orders":["com.recognize_text.translate.screen","com.spaceship.screen.textcopy","com.tap_to_translate.snap_translate","com.gaminik.i18n","com.microsoft.translator","com.google.android.apps.translate","com.niven.translator","com.niven.game","com.zaz.translate","com.naver.labs.translator","com.tangdi.baiguotong","com.niven.comic","com.newmg.yurao.pro","com.language.translate.free.translator.voice.translation","jp.go.nict.voicetra","com.datacomprojects.scanandtranslate","translate.all.language.translator.cameratranslator","com.translate.talkingtranslator","com.deepl.mobiletranslator","com.flitto.app"]},{"rank":{"index":2,"lang":"en","country":"in","chineseCountryName":"印度","pkg":"com.spaceship.screen.textcopy"},"orders":["com.recognize_text.translate.screen","com.spaceship.screen.textcopy","com.tap_to_translate.snap_translate"]},{"rank":{"index":2,"lang":"id","country":"id","chineseCountryName":"印尼","pkg":"com.spaceship.screen.textcopy"},"orders":["com.recognize_text.translate.screen","com.spaceship.screen.textcopy","com.tap_to_translate.snap_translate","com.niven.translator","com.gaminik.i18n","com.niven.game","com.microsoft.translator","com.newmg.yurao.pro","com.niven.comic","com.youdao.hindict","com.google.android.apps.translate"]},{"rank":{"index":2,"lang":"es-mx","country":"mx","chineseCountryName":"墨西哥","pkg":"com.spaceship.screen.textcopy"},"orders":["com.recognize_text.translate.screen","com.spaceship.screen.textcopy","com.tap_to_translate.snap_translate","com.niven.game","com.gaminik.i18n","com.niven.translator","com.microsoft.translator","com.niven.comic","com.newmg.yurao.pro","com.google.android.apps.translate","com.aldoo.pdftranslatorpro","com.zaz.translate","translate.all.language.translator.cameratranslator","com.youdao.hindict","com.language.translate.free.translator.voice.translation"]}]