[{"rank":{"index":3,"lang":"en-us","country":"us","chineseCountryName":"美国","pkg":"com.spaceship.screen.textcopy"},"orders":["com.recognize_text.translate.screen","com.niven.translator","com.spaceship.screen.textcopy","com.google.android.apps.translate","com.tap_to_translate.snap_translate","com.newmg.yurao.pro","com.gaminik.i18n","com.zaz.translate","com.deepl.mobiletranslator","com.immersivetranslate.browser","com.microsoft.translator","com.naver.labs.translator","com.screen.translate.google","com.niven.apptranslate","com.niven.game","com.eecorp.linguago","ru.yandex.translate","at.nk.tools.iTranslate","com.audacityittranslator.translatetexttranslator","com.translate.talkingtranslator"]},{"rank":{"index":0,"lang":"ru","country":"ru","chineseCountryName":"俄罗斯","pkg":"com.spaceship.screen.textcopy"},"orders":["com.recognize_text.translate.screen","com.niven.translator","com.tap_to_translate.snap_translate","com.newmg.yurao.pro","com.gaminik.i18n","com.google.android.apps.translate","com.zaz.translate","com.deepl.mobiletranslator","com.niven.game","com.immersivetranslate.browser","com.screen.translate.google","ru.yandex.translate","com.niven.apptranslate","com.naver.labs.translator","com.eecorp.linguago","com.microsoft.translator","com.voice_camera_free_translate","at.nk.tools.iTranslate","live.screentranslate.realtime","com.audacityittranslator.translatetexttranslator"]},{"rank":{"index":2,"lang":"pt-br","country":"br","chineseCountryName":"巴西","pkg":"com.spaceship.screen.textcopy"},"orders":["com.recognize_text.translate.screen","com.spaceship.screen.textcopy","com.niven.translator","com.tap_to_translate.snap_translate","com.gaminik.i18n","com.newmg.yurao.pro","com.google.android.apps.translate","com.zaz.translate","com.immersivetranslate.browser","com.deepl.mobiletranslator","com.niven.game","com.screen.translate.google","com.eecorp.linguago","com.niven.apptranslate","com.microsoft.translator","com.voice_camera_free_translate","at.nk.tools.iTranslate","live.screentranslate.realtime","com.naver.labs.translator","ru.yandex.translate"]},{"rank":{"index":2,"lang":"fr","country":"fr","chineseCountryName":"法国","pkg":"com.spaceship.screen.textcopy"},"orders":["com.recognize_text.translate.screen","com.spaceship.screen.textcopy","com.tap_to_translate.snap_translate","com.gaminik.i18n","com.niven.translator","com.newmg.yurao.pro","com.zaz.translate","com.google.android.apps.translate","com.deepl.mobiletranslator","com.immersivetranslate.browser","com.screen.translate.google","com.eecorp.linguago","com.niven.apptranslate","com.naver.labs.translator","com.microsoft.translator","live.screentranslate.realtime","com.audacityittranslator.translatetexttranslator","ru.yandex.translate","com.fapp.translate.language.translator.fasttranslation","com.eecorp.taptranslator"]},{"rank":{"index":2,"lang":"en-gb","country":"gb","chineseCountryName":"英国","pkg":"com.spaceship.screen.textcopy"},"orders":["com.recognize_text.translate.screen","com.spaceship.screen.textcopy","com.niven.translator","com.tap_to_translate.snap_translate","com.google.android.apps.translate","com.newmg.yurao.pro","com.zaz.translate","com.gaminik.i18n","com.deepl.mobiletranslator","com.immersivetranslate.browser","com.microsoft.translator","com.naver.labs.translator","com.screen.translate.google"]},{"rank":{"index":2,"lang":"de","country":"de","chineseCountryName":"德国","pkg":"com.spaceship.screen.textcopy"},"orders":["com.recognize_text.translate.screen","com.spaceship.screen.textcopy","com.niven.translator","com.tap_to_translate.snap_translate","com.gaminik.i18n","com.newmg.yurao.pro","com.zaz.translate","com.deepl.mobiletranslator","com.immersivetranslate.browser","com.google.android.apps.translate","com.screen.translate.google","com.eecorp.linguago","com.niven.apptranslate","com.microsoft.translator","com.voice_camera_free_translate","com.audacityittranslator.translatetexttranslator","live.screentranslate.realtime","com.niven.game","com.naver.labs.translator","ru.yandex.translate"]},{"rank":{"index":2,"lang":"it","country":"it","chineseCountryName":"意大利","pkg":"com.spaceship.screen.textcopy"},"orders":["com.recognize_text.translate.screen","com.spaceship.screen.textcopy","com.zaz.translate","com.newmg.yurao.pro","com.niven.translator","com.gaminik.i18n","com.tap_to_translate.snap_translate","com.google.android.apps.translate","com.immersivetranslate.browser","com.deepl.mobiletranslator","com.screen.translate.google","com.eecorp.linguago","com.niven.apptranslate","com.audacityittranslator.translatetexttranslator","live.screentranslate.realtime","com.microsoft.translator","com.eecorp.taptranslator","com.niven.game","com.fapp.translate.language.translator.fasttranslation","com.openai.chatgpt"]},{"rank":{"index":2,"lang":"ja","country":"jp","chineseCountryName":"日本","pkg":"com.spaceship.screen.textcopy"},"orders":["com.recognize_text.translate.screen","com.spaceship.screen.textcopy","com.tap_to_translate.snap_translate","com.niven.translator","com.newmg.yurao.pro","com.gaminik.i18n","com.zaz.translate","com.immersivetranslate.browser","com.deepl.mobiletranslator","com.naver.labs.translator","com.google.android.apps.translate","com.screen.translate.google","com.niven.apptranslate","com.eecorp.linguago"]},{"rank":{"index":2,"lang":"ko","country":"kr","chineseCountryName":"韩国","pkg":"com.spaceship.screen.textcopy"},"orders":["com.recognize_text.translate.screen","com.spaceship.screen.textcopy","com.tap_to_translate.snap_translate","com.niven.translator","com.newmg.yurao.pro","com.gaminik.i18n","com.zaz.translate","com.naver.labs.translator","com.immersivetranslate.browser","com.screen.translate.google","com.niven.apptranslate","com.deepl.mobiletranslator","com.google.android.apps.translate","com.eecorp.linguago","live.screentranslate.realtime","com.niven.game","com.audacityittranslator.translatetexttranslator","com.eecorp.taptranslator","com.microsoft.translator","com.translate.talkingtranslator"]},{"rank":{"index":2,"lang":"zh-hk","country":"hk","chineseCountryName":"香港","pkg":"com.spaceship.screen.textcopy"},"orders":["com.recognize_text.translate.screen","com.spaceship.screen.textcopy","com.tap_to_translate.snap_translate","com.niven.translator","com.newmg.yurao.pro","com.gaminik.i18n","com.google.android.apps.translate","com.zaz.translate","com.immersivetranslate.browser","com.screen.translate.google","com.deepl.mobiletranslator","com.naver.labs.translator","com.niven.apptranslate","com.microsoft.translator","com.eecorp.linguago","com.niven.game","com.voice_camera_free_translate","ru.yandex.translate","at.nk.tools.iTranslate","live.screentranslate.realtime"]},{"rank":{"index":2,"lang":"zh-tw","country":"tw","chineseCountryName":"台湾","pkg":"com.spaceship.screen.textcopy"},"orders":["com.recognize_text.translate.screen","com.spaceship.screen.textcopy","com.tap_to_translate.snap_translate","com.newmg.yurao.pro","com.niven.translator","com.gaminik.i18n","com.zaz.translate","com.google.android.apps.translate","com.immersivetranslate.browser","com.screen.translate.google","com.deepl.mobiletranslator","com.niven.apptranslate","com.naver.labs.translator"]},{"rank":{"index":2,"lang":"en","country":"in","chineseCountryName":"印度","pkg":"com.spaceship.screen.textcopy"},"orders":["com.recognize_text.translate.screen","com.spaceship.screen.textcopy","com.newmg.yurao.pro","com.zaz.translate","com.google.android.apps.translate"]},{"rank":{"index":2,"lang":"id","country":"id","chineseCountryName":"印尼","pkg":"com.spaceship.screen.textcopy"},"orders":["com.recognize_text.translate.screen","com.spaceship.screen.textcopy","com.tap_to_translate.snap_translate","com.niven.translator","com.google.android.apps.translate","com.gaminik.i18n","com.newmg.yurao.pro","com.zaz.translate","com.deepl.mobiletranslator","com.naver.labs.translator","com.niven.game","com.eecorp.linguago","com.screen.translate.google","com.immersivetranslate.browser","com.niven.apptranslate","com.microsoft.translator","at.nk.tools.iTranslate","live.screentranslate.realtime","com.audacityittranslator.translatetexttranslator","ru.yandex.translate"]},{"rank":{"index":1,"lang":"es-mx","country":"mx","chineseCountryName":"墨西哥","pkg":"com.spaceship.screen.textcopy"},"orders":["com.spaceship.screen.textcopy","com.recognize_text.translate.screen","com.niven.translator","com.tap_to_translate.snap_translate","com.gaminik.i18n","com.newmg.yurao.pro","com.google.android.apps.translate","com.zaz.translate","com.screen.translate.google","com.deepl.mobiletranslator","com.immersivetranslate.browser","com.niven.apptranslate","com.eecorp.linguago","com.niven.game","com.microsoft.translator","live.screentranslate.realtime","com.eecorp.taptranslator","com.audacityittranslator.translatetexttranslator","com.openai.chatgpt","com.naver.labs.translator"]}]