[{"rank":{"index":8,"lang":"en-us","country":"us","chineseCountryName":"美国","pkg":"com.spaceship.screen.textcopy"},"orders":["com.recognize_text.translate.screen","com.tap_to_translate.snap_translate","com.gaminik.i18n","com.google.android.apps.translate","screen.translator.voice.translate","com.niven.translator","com.microsoft.translator","com.spaceship.screen.textcopy","com.mg.yurao.google","com.niven.apptranslate","com.galaxy.airviewdictionary","com.niven.comic","com.eecorp.linguago","com.naver.labs.translator","com.niven.game","com.newmg.yurao.pro","com.tranit.text.translate","at.nk.tools.iTranslate","com.zaz.translate","com.translate.talkingtranslator"]},{"rank":{"index":5,"lang":"ru","country":"ru","chineseCountryName":"俄罗斯","pkg":"com.spaceship.screen.textcopy"},"orders":["com.recognize_text.translate.screen","com.tap_to_translate.snap_translate","com.niven.translator","com.gaminik.i18n","com.spaceship.screen.textcopy","com.google.android.apps.translate","com.microsoft.translator","com.niven.comic","screen.translator.voice.translate","com.niven.game","com.niven.apptranslate","at.nk.tools.iTranslate","com.eecorp.linguago","com.naver.labs.translator","com.tranit.text.translate","com.chat_translate.screen_translate","com.weekway.screen_translation","com.nordicwise.translator","com.appspell.screentranslator","com.datacomprojects.scanandtranslate"]},{"rank":{"index":10,"lang":"pt-br","country":"br","chineseCountryName":"巴西","pkg":"com.spaceship.screen.textcopy"},"orders":["com.recognize_text.translate.screen","com.tap_to_translate.snap_translate","com.gaminik.i18n","com.niven.translator","com.mg.yurao.google","screen.translator.voice.translate","com.niven.comic","com.galaxy.airviewdictionary","com.niven.apptranslate","com.spaceship.screen.textcopy","com.eecorp.linguago","com.microsoft.translator","com.niven.game","com.google.android.apps.translate","com.newmg.yurao.pro","com.weekway.screen_translation","com.translator.translation.screen.translate.voice.languages.text.translating","com.youdao.hindict","com.tranit.text.translate","com.chat_translate.screen_translate"]},{"rank":{"index":7,"lang":"fr","country":"fr","chineseCountryName":"法国","pkg":"com.spaceship.screen.textcopy"},"orders":["com.recognize_text.translate.screen","com.tap_to_translate.snap_translate","screen.translator.voice.translate","com.niven.translator","com.mg.yurao.google","com.gaminik.i18n","com.spaceship.screen.textcopy","com.google.android.apps.translate","com.niven.apptranslate","com.microsoft.translator","com.eecorp.linguago","com.niven.comic","com.niven.game","com.galaxy.airviewdictionary","com.newmg.yurao.pro","com.chat_translate.screen_translate","com.tranit.text.translate","at.nk.tools.iTranslate","com.zaz.translate","com.naver.labs.translator"]},{"rank":{"index":2,"lang":"en-gb","country":"gb","chineseCountryName":"英国","pkg":"com.spaceship.screen.textcopy"},"orders":["com.recognize_text.translate.screen","com.spaceship.screen.textcopy","com.tap_to_translate.snap_translate","com.google.android.apps.translate","screen.translator.voice.translate","com.microsoft.translator","com.gaminik.i18n","com.niven.translator","at.nk.tools.iTranslate","com.mg.yurao.google","com.zaz.translate","com.niven.comic","com.translate.talkingtranslator","com.tranit.text.translate","com.newmg.yurao.pro","com.niven.apptranslate","com.naver.labs.translator","com.nordicwise.translator","com.niven.game","com.eecorp.linguago"]},{"rank":{"index":4,"lang":"de","country":"de","chineseCountryName":"德国","pkg":"com.spaceship.screen.textcopy"},"orders":["com.recognize_text.translate.screen","com.tap_to_translate.snap_translate","com.mg.yurao.google","com.spaceship.screen.textcopy","com.microsoft.translator","com.gaminik.i18n","com.niven.translator","com.niven.comic","screen.translator.voice.translate","com.niven.game","com.niven.apptranslate","com.newmg.yurao.pro","at.nk.tools.iTranslate","com.eecorp.linguago","com.tranit.text.translate","com.chat_translate.screen_translate","com.zaz.translate","com.weekway.screen_translation","com.appspell.screentranslator","com.translator.translation.screen.translate.voice.languages.text.translating"]},{"rank":{"index":5,"lang":"it","country":"it","chineseCountryName":"意大利","pkg":"com.spaceship.screen.textcopy"},"orders":["com.recognize_text.translate.screen","com.tap_to_translate.snap_translate","com.niven.translator","screen.translator.voice.translate","com.spaceship.screen.textcopy","com.gaminik.i18n","com.mg.yurao.google","com.niven.apptranslate","com.microsoft.translator","com.niven.comic","com.eecorp.linguago","com.google.android.apps.translate","com.niven.game","com.newmg.yurao.pro","com.galaxy.airviewdictionary","com.translator.translation.screen.translate.voice.languages.text.translating","at.nk.tools.iTranslate","com.chat_translate.screen_translate","com.zaz.translate","com.tranit.text.translate"]},{"rank":{"index":5,"lang":"ja","country":"jp","chineseCountryName":"日本","pkg":"com.spaceship.screen.textcopy"},"orders":["com.recognize_text.translate.screen","com.tap_to_translate.snap_translate","com.niven.translator","com.gaminik.i18n","com.spaceship.screen.textcopy","com.mg.yurao.google","com.microsoft.translator","screen.translator.voice.translate","com.niven.apptranslate","com.eecorp.linguago","com.google.android.apps.translate","com.newmg.yurao.pro","com.naver.labs.translator","com.niven.game","com.galaxy.airviewdictionary","com.tranit.text.translate","com.deepl.mobiletranslator","com.chat_translate.screen_translate","com.niven.comic","com.abbyy.mobile.textgrabber.full"]},{"rank":{"index":4,"lang":"ko","country":"kr","chineseCountryName":"韩国","pkg":"com.spaceship.screen.textcopy"},"orders":["com.recognize_text.translate.screen","com.tap_to_translate.snap_translate","com.niven.translator","com.spaceship.screen.textcopy","com.mg.yurao.google","com.microsoft.translator","com.google.android.apps.translate","com.gaminik.i18n","com.niven.apptranslate","screen.translator.voice.translate","com.galaxy.airviewdictionary","com.naver.labs.translator","com.niven.comic","com.newmg.yurao.pro","com.eecorp.linguago","com.niven.game","com.deepl.mobiletranslator","com.tranit.text.translate","at.nk.tools.iTranslate","com.translate.talkingtranslator"]},{"rank":{"index":5,"lang":"zh-hk","country":"hk","chineseCountryName":"香港","pkg":"com.spaceship.screen.textcopy"},"orders":["com.recognize_text.translate.screen","com.tap_to_translate.snap_translate","com.google.android.apps.translate","com.microsoft.translator","com.spaceship.screen.textcopy","com.niven.translator","com.gaminik.i18n","com.mg.yurao.google","screen.translator.voice.translate","com.niven.apptranslate","com.galaxy.airviewdictionary","com.eecorp.linguago","com.niven.comic","com.naver.labs.translator","com.newmg.yurao.pro","com.niven.game","com.deepl.mobiletranslator","com.translate.talkingtranslator","at.nk.tools.iTranslate","com.tranit.text.translate"]},{"rank":{"index":8,"lang":"zh-tw","country":"tw","chineseCountryName":"台湾","pkg":"com.spaceship.screen.textcopy"},"orders":["com.recognize_text.translate.screen","com.tap_to_translate.snap_translate","com.niven.translator","com.google.android.apps.translate","com.mg.yurao.google","com.microsoft.translator","com.gaminik.i18n","com.spaceship.screen.textcopy","screen.translator.voice.translate","com.niven.apptranslate","com.galaxy.airviewdictionary","com.niven.comic","com.eecorp.linguago","com.newmg.yurao.pro","com.niven.game","com.naver.labs.translator","com.deepl.mobiletranslator","at.nk.tools.iTranslate","com.tranit.text.translate","com.translate.talkingtranslator"]},{"rank":{"index":5,"lang":"en","country":"in","chineseCountryName":"印度","pkg":"com.spaceship.screen.textcopy"},"orders":["com.recognize_text.translate.screen","com.tap_to_translate.snap_translate","com.google.android.apps.translate","screen.translator.voice.translate","com.spaceship.screen.textcopy","com.niven.translator","com.microsoft.translator","com.gaminik.i18n","com.mg.yurao.google"]},{"rank":{"index":5,"lang":"id","country":"id","chineseCountryName":"印尼","pkg":"com.spaceship.screen.textcopy"},"orders":["com.recognize_text.translate.screen","com.tap_to_translate.snap_translate","com.gaminik.i18n","com.mg.yurao.google","com.spaceship.screen.textcopy","com.niven.translator","com.eecorp.linguago","com.newmg.yurao.pro","com.niven.comic","com.niven.apptranslate","com.microsoft.translator","com.niven.game","screen.translator.voice.translate","com.google.android.apps.translate","com.naver.labs.translator","com.youdao.hindict","com.zaz.translate","com.tranit.text.translate","com.galaxy.airviewdictionary","com.weekway.screen_translation"]},{"rank":{"index":8,"lang":"es-mx","country":"mx","chineseCountryName":"墨西哥","pkg":"com.spaceship.screen.textcopy"},"orders":["com.recognize_text.translate.screen","com.tap_to_translate.snap_translate","com.niven.translator","com.gaminik.i18n","screen.translator.voice.translate","com.microsoft.translator","com.mg.yurao.google","com.spaceship.screen.textcopy","com.translator.translation.screen.translate.voice.languages.text.translating","com.niven.comic","com.niven.apptranslate","com.google.android.apps.translate","com.eecorp.linguago","com.niven.game","com.tranit.text.translate","com.youdao.hindict","at.nk.tools.iTranslate","com.newmg.yurao.pro","com.galaxy.airviewdictionary","com.weekway.screen_translation"]}]