[{"rank":{"index":2,"lang":"en-us","country":"us","chineseCountryName":"美国","pkg":"com.spaceship.screen.textcopy"},"orders":["com.recognize_text.translate.screen","com.spaceship.screen.textcopy","com.niven.translator","com.microsoft.translator","com.tap_to_translate.snap_translate","com.gaminik.i18n","com.google.android.apps.translate","com.niven.game","at.nk.tools.iTranslate","com.newmg.yurao.pro","com.niven.comic","com.naver.labs.translator","com.translate.talkingtranslator","com.screen.translate.google","com.tangdi.baiguotong","com.zaz.translate","com.sayhi.android.sayhitranslate","com.b1b.translator.voicetranslate.alllanguages.translator.app","com.eecorp.taptranslator","com.deepl.mobiletranslator"]},{"rank":{"index":6,"lang":"ru","country":"ru","chineseCountryName":"俄罗斯","pkg":"com.spaceship.screen.textcopy"},"orders":["com.recognize_text.translate.screen","com.niven.translator","com.tap_to_translate.snap_translate","com.microsoft.translator","com.niven.game","com.spaceship.screen.textcopy","com.gaminik.i18n","com.niven.comic","at.nk.tools.iTranslate","com.google.android.apps.translate","ru.yandex.translate","com.screen.translate.google","com.newmg.yurao.pro","com.deepl.mobiletranslator","com.tangdi.baiguotong","com.naver.labs.translator","com.translate.language.translator.voice.translation","com.screen.translator.text.recognize","com.zaz.translate","com.wooask.zx"]},{"rank":{"index":6,"lang":"pt-br","country":"br","chineseCountryName":"巴西","pkg":"com.spaceship.screen.textcopy"},"orders":["com.recognize_text.translate.screen","com.tap_to_translate.snap_translate","com.gaminik.i18n","com.niven.translator","com.niven.game","com.spaceship.screen.textcopy","com.niven.comic","com.microsoft.translator","at.nk.tools.iTranslate","com.google.android.apps.translate","com.newmg.yurao.pro","com.screen.translate.google","com.tangdi.baiguotong","com.naver.labs.translator","com.deepl.mobiletranslator","com.eecorp.taptranslator","com.google.ar.lens","com.youdao.hindict","com.google.android.apps.photos","com.facebook.orca"]},{"rank":{"index":7,"lang":"fr","country":"fr","chineseCountryName":"法国","pkg":"com.spaceship.screen.textcopy"},"orders":["com.recognize_text.translate.screen","com.tap_to_translate.snap_translate","com.niven.translator","com.niven.game","com.microsoft.translator","com.gaminik.i18n","com.spaceship.screen.textcopy","com.niven.comic","at.nk.tools.iTranslate","com.google.android.apps.translate","com.newmg.yurao.pro","com.tangdi.baiguotong","com.screen.translate.google","com.naver.labs.translator","com.deepl.mobiletranslator","com.b1b.translator.voicetranslate.alllanguages.translator.app","com.screen.translator.text.recognize","com.galaxy.airviewdictionary","com.zaz.translate","camtranslator.voice.text.image.translate"]},{"rank":{"index":4,"lang":"en-gb","country":"gb","chineseCountryName":"英国","pkg":"com.spaceship.screen.textcopy"},"orders":["com.recognize_text.translate.screen","com.tap_to_translate.snap_translate","com.gaminik.i18n","com.spaceship.screen.textcopy","com.microsoft.translator","com.google.android.apps.translate","com.niven.translator","com.niven.game","at.nk.tools.iTranslate","com.niven.comic","com.newmg.yurao.pro","com.zaz.translate","com.tangdi.baiguotong","com.screen.translate.google","com.b1b.translator.voicetranslate.alllanguages.translator.app","com.translate.talkingtranslator","com.deepl.mobiletranslator","com.sayhi.android.sayhitranslate","co.timekettle.livetranslator","com.language.translate.free.translator.voice.translation"]},{"rank":{"index":4,"lang":"de","country":"de","chineseCountryName":"德国","pkg":"com.spaceship.screen.textcopy"},"orders":["com.recognize_text.translate.screen","com.tap_to_translate.snap_translate","com.niven.translator","com.spaceship.screen.textcopy","com.microsoft.translator","com.gaminik.i18n","com.niven.game","at.nk.tools.iTranslate","com.niven.comic","com.newmg.yurao.pro","com.screen.translate.google","com.google.android.apps.translate","com.translate.talkingtranslator","com.deepl.mobiletranslator","com.tangdi.baiguotong","com.screen.translator.text.recognize","com.galaxy.airviewdictionary","com.naver.labs.translator","com.audacityittranslator.translatetexttranslator","com.language.translate.free.translator.voice.translation"]},{"rank":{"index":3,"lang":"it","country":"it","chineseCountryName":"意大利","pkg":"com.spaceship.screen.textcopy"},"orders":["com.recognize_text.translate.screen","com.niven.translator","com.spaceship.screen.textcopy","com.niven.game","com.gaminik.i18n","com.tap_to_translate.snap_translate","com.microsoft.translator","at.nk.tools.iTranslate","com.niven.comic","com.google.android.apps.translate","com.tangdi.baiguotong","com.newmg.yurao.pro","com.screen.translate.google","com.screen.translator.text.recognize","com.deepl.mobiletranslator","com.b1b.translator.voicetranslate.alllanguages.translator.app","com.datacomprojects.scanandtranslate","com.galaxy.airviewdictionary","camtranslator.voice.text.image.translate","screen.translator.voice.translate"]},{"rank":{"index":4,"lang":"ja","country":"jp","chineseCountryName":"日本","pkg":"com.spaceship.screen.textcopy"},"orders":["com.recognize_text.translate.screen","com.gaminik.i18n","com.niven.game","com.spaceship.screen.textcopy","com.tap_to_translate.snap_translate","com.niven.translator","com.deepl.mobiletranslator","com.microsoft.translator","com.niven.comic","com.naver.labs.translator","com.tangdi.baiguotong","com.google.android.apps.translate"]},{"rank":{"index":2,"lang":"ko","country":"kr","chineseCountryName":"韩国","pkg":"com.spaceship.screen.textcopy"},"orders":["com.recognize_text.translate.screen","com.spaceship.screen.textcopy","com.microsoft.translator","com.niven.translator","com.gaminik.i18n","com.niven.game","com.google.android.apps.translate","com.naver.labs.translator","com.tap_to_translate.snap_translate","at.nk.tools.iTranslate","com.niven.comic","com.b1b.translator.voicetranslate.alllanguages.translator.app","com.translate.talkingtranslator","com.deepl.mobiletranslator","com.newmg.yurao.pro","co.timekettle.livetranslator","com.screen.translate.google","com.google.ar.lens","com.language.translate.free.translator.voice.translation","com.zaz.translate"]},{"rank":{"index":2,"lang":"zh-hk","country":"hk","chineseCountryName":"香港","pkg":"com.spaceship.screen.textcopy"},"orders":["com.recognize_text.translate.screen","com.spaceship.screen.textcopy","com.microsoft.translator","com.niven.translator","com.gaminik.i18n","com.niven.game","com.google.android.apps.translate","com.tap_to_translate.snap_translate","at.nk.tools.iTranslate","com.niven.comic","com.tangdi.baiguotong","com.naver.labs.translator","com.newmg.yurao.pro","com.screen.translate.google","com.b1b.translator.voicetranslate.alllanguages.translator.app","com.galaxy.airviewdictionary","com.screen.translator.text.recognize","com.translate.talkingtranslator","com.translate.language.translator.voice.translation","com.zaz.translate"]},{"rank":{"index":3,"lang":"zh-tw","country":"tw","chineseCountryName":"台湾","pkg":"com.spaceship.screen.textcopy"},"orders":["com.recognize_text.translate.screen","com.tap_to_translate.snap_translate","com.spaceship.screen.textcopy","com.microsoft.translator","com.niven.translator","com.gaminik.i18n","com.niven.game","com.google.android.apps.translate","at.nk.tools.iTranslate","com.niven.comic","com.tangdi.baiguotong","com.naver.labs.translator","com.newmg.yurao.pro","com.screen.translate.google","co.timekettle.livetranslator","com.youdao.hindict","com.translate.talkingtranslator","com.language.translate.free.translator.voice.translation","com.b1b.translator.voicetranslate.alllanguages.translator.app","com.translate.language.translator.voice.translation"]},{"rank":{"index":4,"lang":"en","country":"in","chineseCountryName":"印度","pkg":"com.spaceship.screen.textcopy"},"orders":["com.recognize_text.translate.screen","com.tap_to_translate.snap_translate","com.google.android.apps.translate","com.spaceship.screen.textcopy","com.niven.game","at.nk.tools.iTranslate","com.microsoft.translator","com.niven.translator"]},{"rank":{"index":4,"lang":"id","country":"id","chineseCountryName":"印尼","pkg":"com.spaceship.screen.textcopy"},"orders":["com.recognize_text.translate.screen","com.niven.translator","com.tap_to_translate.snap_translate","com.spaceship.screen.textcopy","com.gaminik.i18n","com.niven.game","com.niven.comic","at.nk.tools.iTranslate","com.newmg.yurao.pro","com.naver.labs.translator","com.youdao.hindict","com.google.android.apps.translate","com.screen.translate.google","com.microsoft.translator"]},{"rank":{"index":6,"lang":"es-mx","country":"mx","chineseCountryName":"墨西哥","pkg":"com.spaceship.screen.textcopy"},"orders":["com.recognize_text.translate.screen","com.tap_to_translate.snap_translate","com.niven.game","com.niven.translator","com.gaminik.i18n","com.spaceship.screen.textcopy","com.microsoft.translator","at.nk.tools.iTranslate","com.niven.comic","com.google.android.apps.translate","com.newmg.yurao.pro","com.tangdi.baiguotong","com.screen.translate.google","com.youdao.hindict","com.deepl.mobiletranslator","com.naver.labs.translator","camtranslator.voice.text.image.translate","com.language.translate.free.translator.voice.translation","com.facebook.orca","com.translate.talkingtranslator"]}]