[{"rank":{"index":2,"lang":"en-us","country":"us","chineseCountryName":"美国","pkg":"com.spaceship.screen.textcopy"},"orders":["com.recognize_text.translate.screen","com.spaceship.screen.textcopy","com.tap_to_translate.snap_translate","com.google.android.apps.translate","com.microsoft.translator","com.niven.translator","com.gaminik.i18n","com.newmg.yurao.pro","at.nk.tools.iTranslate","com.language.translate.free.translator.voice.translation","com.niven.game","com.naver.labs.translator","com.datacomprojects.scanandtranslate","com.heapsol.spanishenglishtranslator","com.google.ar.lens","com.eecorp.linguago","com.niven.apptranslate","com.ticktalk.translatevoice","ru.yandex.translate","com.screen.translate.google"]},{"rank":{"index":0,"lang":"ru","country":"ru","chineseCountryName":"俄罗斯","pkg":"com.spaceship.screen.textcopy"},"orders":["com.recognize_text.translate.screen","com.niven.translator","com.tap_to_translate.snap_translate","com.newmg.yurao.pro","com.microsoft.translator","com.gaminik.i18n","com.google.android.apps.translate","com.niven.game","ru.yandex.translate","at.nk.tools.iTranslate","com.datacomprojects.scanandtranslate","com.language.translate.free.translator.voice.translation","com.niven.apptranslate","com.translate.language.translator.voice.translation","com.ticktalk.translatevoice","com.traductorweb","com.naver.labs.translator","com.kursx.smartbook","com.deepl.mobiletranslator","com.eecorp.linguago"]},{"rank":{"index":2,"lang":"pt-br","country":"br","chineseCountryName":"巴西","pkg":"com.spaceship.screen.textcopy"},"orders":["com.recognize_text.translate.screen","com.spaceship.screen.textcopy","com.tap_to_translate.snap_translate","com.gaminik.i18n","com.newmg.yurao.pro","com.niven.translator","com.microsoft.translator","com.niven.game","com.google.android.apps.translate","at.nk.tools.iTranslate","com.language.translate.free.translator.voice.translation","com.eecorp.linguago","com.niven.apptranslate","com.voice_camera_free_translate","com.translate.language.translator.voice.translation","ru.yandex.translate","com.niven.comic","com.deepl.mobiletranslator","com.immersivetranslate.browser","com.audacityittranslator.translatetexttranslator"]},{"rank":{"index":2,"lang":"fr","country":"fr","chineseCountryName":"法国","pkg":"com.spaceship.screen.textcopy"},"orders":["com.recognize_text.translate.screen","com.spaceship.screen.textcopy","com.tap_to_translate.snap_translate","com.newmg.yurao.pro","com.gaminik.i18n","com.microsoft.translator","com.niven.translator","com.google.android.apps.translate","at.nk.tools.iTranslate","com.language.translate.free.translator.voice.translation","com.datacomprojects.scanandtranslate","com.niven.game","com.translate.language.translator.voice.translation","com.ticktalk.translatevoice","com.deepl.mobiletranslator","com.translate.talkingtranslator","com.google.ar.lens","com.eecorp.linguago","ru.yandex.translate","camtranslator.voice.text.image.translate"]},{"rank":{"index":2,"lang":"en-gb","country":"gb","chineseCountryName":"英国","pkg":"com.spaceship.screen.textcopy"},"orders":["com.recognize_text.translate.screen","com.spaceship.screen.textcopy","com.tap_to_translate.snap_translate","com.microsoft.translator","com.google.android.apps.translate","com.newmg.yurao.pro","com.gaminik.i18n","com.niven.translator","at.nk.tools.iTranslate","com.language.translate.free.translator.voice.translation","com.datacomprojects.scanandtranslate","com.naver.labs.translator","com.google.ar.lens","com.niven.game","com.ticktalk.translatevoice","ru.yandex.translate","com.eecorp.linguago","com.zaz.translate","com.siv","com.heapsol.spanishenglishtranslator"]},{"rank":{"index":2,"lang":"de","country":"de","chineseCountryName":"德国","pkg":"com.spaceship.screen.textcopy"},"orders":["com.recognize_text.translate.screen","com.spaceship.screen.textcopy","com.tap_to_translate.snap_translate","com.newmg.yurao.pro","com.microsoft.translator","com.niven.translator","com.gaminik.i18n","com.google.android.apps.translate","com.niven.game","at.nk.tools.iTranslate","com.datacomprojects.scanandtranslate","com.language.translate.free.translator.voice.translation","com.deepl.mobiletranslator","com.eecorp.linguago","ru.yandex.translate","com.niven.apptranslate","com.voice_camera_free_translate","com.immersivetranslate.browser","com.translate.language.translator.voice.translation","com.traductorweb"]},{"rank":{"index":2,"lang":"it","country":"it","chineseCountryName":"意大利","pkg":"com.spaceship.screen.textcopy"},"orders":["com.recognize_text.translate.screen","com.spaceship.screen.textcopy","com.tap_to_translate.snap_translate","com.newmg.yurao.pro","com.gaminik.i18n","com.microsoft.translator","com.niven.translator","at.nk.tools.iTranslate","com.google.android.apps.translate","com.niven.game","com.datacomprojects.scanandtranslate","com.language.translate.free.translator.voice.translation","com.eecorp.linguago","com.translate.language.translator.voice.translation","camtranslator.voice.text.image.translate","ru.yandex.translate","com.voice_camera_free_translate","com.niven.apptranslate","com.ticktalk.translatevoice","com.google.ar.lens"]},{"rank":{"index":2,"lang":"ja","country":"jp","chineseCountryName":"日本","pkg":"com.spaceship.screen.textcopy"},"orders":["com.recognize_text.translate.screen","com.spaceship.screen.textcopy","com.tap_to_translate.snap_translate","com.newmg.yurao.pro","com.niven.translator","com.gaminik.i18n","com.microsoft.translator","com.google.android.apps.translate","com.google.ar.lens","com.naver.labs.translator","com.deepl.mobiletranslator","com.eecorp.linguago","com.datacomprojects.scanandtranslate","com.niven.game","com.niven.apptranslate","at.nk.tools.iTranslate","com.immersivetranslate.browser","com.translate.talkingtranslator","com.google.android.apps.maps","com.android.chrome"]},{"rank":{"index":2,"lang":"ko","country":"kr","chineseCountryName":"韩国","pkg":"com.spaceship.screen.textcopy"},"orders":["com.recognize_text.translate.screen","com.spaceship.screen.textcopy","com.newmg.yurao.pro","com.tap_to_translate.snap_translate","com.microsoft.translator","com.google.android.apps.translate","com.niven.translator","com.gaminik.i18n","com.naver.labs.translator","at.nk.tools.iTranslate","com.datacomprojects.scanandtranslate","com.language.translate.free.translator.voice.translation","com.niven.game","translate.all.language.translator.cameratranslator","com.immersivetranslate.browser","com.google.ar.lens","com.eecorp.linguago","ru.yandex.translate","com.deepl.mobiletranslator","com.niven.apptranslate"]},{"rank":{"index":2,"lang":"zh-hk","country":"hk","chineseCountryName":"香港","pkg":"com.spaceship.screen.textcopy"},"orders":["com.recognize_text.translate.screen","com.spaceship.screen.textcopy","com.gaminik.i18n","com.newmg.yurao.pro","com.microsoft.translator","com.google.android.apps.translate","com.tap_to_translate.snap_translate","com.niven.translator","at.nk.tools.iTranslate","com.datacomprojects.scanandtranslate","com.language.translate.free.translator.voice.translation","com.naver.labs.translator","com.niven.game","com.immersivetranslate.browser","com.eecorp.linguago","com.google.ar.lens","com.niven.apptranslate","jp.go.nict.voicetra","com.screen.translate.google","com.deepl.mobiletranslator"]},{"rank":{"index":2,"lang":"zh-tw","country":"tw","chineseCountryName":"台湾","pkg":"com.spaceship.screen.textcopy"},"orders":["com.recognize_text.translate.screen","com.spaceship.screen.textcopy","com.newmg.yurao.pro","com.tap_to_translate.snap_translate","com.microsoft.translator","com.gaminik.i18n","com.google.android.apps.translate","com.niven.translator","at.nk.tools.iTranslate","com.niven.game","com.naver.labs.translator","com.datacomprojects.scanandtranslate","com.language.translate.free.translator.voice.translation","com.immersivetranslate.browser","com.voice_camera_free_translate","com.eecorp.linguago","com.niven.apptranslate","com.google.ar.lens","com.translate.talkingtranslator","com.deepl.mobiletranslator"]},{"rank":{"index":2,"lang":"en","country":"in","chineseCountryName":"印度","pkg":"com.spaceship.screen.textcopy"},"orders":["com.recognize_text.translate.screen","com.spaceship.screen.textcopy","com.tap_to_translate.snap_translate"]},{"rank":{"index":2,"lang":"id","country":"id","chineseCountryName":"印尼","pkg":"com.spaceship.screen.textcopy"},"orders":["com.recognize_text.translate.screen","com.spaceship.screen.textcopy","com.tap_to_translate.snap_translate","com.newmg.yurao.pro","com.niven.translator","com.gaminik.i18n","com.niven.game","com.google.android.apps.translate","com.microsoft.translator","at.nk.tools.iTranslate","com.language.translate.free.translator.voice.translation","com.eecorp.linguago","com.youdao.hindict"]},{"rank":{"index":2,"lang":"es-mx","country":"mx","chineseCountryName":"墨西哥","pkg":"com.spaceship.screen.textcopy"},"orders":["com.recognize_text.translate.screen","com.spaceship.screen.textcopy","com.tap_to_translate.snap_translate","com.newmg.yurao.pro","com.gaminik.i18n","com.niven.translator","com.microsoft.translator","com.google.android.apps.translate","at.nk.tools.iTranslate","com.language.translate.free.translator.voice.translation","com.niven.game","com.eecorp.linguago","com.voice_camera_free_translate","com.niven.apptranslate","com.deepl.mobiletranslator","camtranslator.voice.text.image.translate","com.translate.language.translator.voice.translation","com.google.ar.lens","ru.yandex.translate","com.ticktalk.translatevoice"]}]