[{"rank":{"index":3,"lang":"en-us","country":"us","chineseCountryName":"美国","pkg":"com.spaceship.screen.textcopy"},"orders":["com.recognize_text.translate.screen","com.google.android.apps.translate","com.spaceship.screen.textcopy","com.deepl.mobiletranslator","com.microsoft.translator","com.screen.translate.google","com.newmg.yurao.pro","com.niven.translator","com.gaminik.i18n"]},{"rank":{"index":0,"lang":"ru","country":"ru","chineseCountryName":"俄罗斯","pkg":"com.spaceship.screen.textcopy"},"orders":["com.recognize_text.translate.screen","com.newmg.yurao.pro","com.niven.translator","com.tap_to_translate.snap_translate","com.gaminik.i18n","ru.yandex.translate","com.google.android.apps.translate","com.screen.translate.google","com.microsoft.translator","com.deepl.mobiletranslator","com.niven.game","com.immersivetranslate.browser","com.niven.apptranslate","com.eecorp.linguago","com.voice_camera_free_translate","at.nk.tools.iTranslate","com.zaz.translate","com.mg.chat","com.android.chrome","com.google.ar.lens"]},{"rank":{"index":2,"lang":"pt-br","country":"br","chineseCountryName":"巴西","pkg":"com.spaceship.screen.textcopy"},"orders":["com.recognize_text.translate.screen","com.spaceship.screen.textcopy","com.tap_to_translate.snap_translate","com.gaminik.i18n","com.newmg.yurao.pro","com.google.android.apps.translate","com.microsoft.translator","ru.yandex.translate","com.deepl.mobiletranslator","com.zaz.translate","at.nk.tools.iTranslate","com.naver.labs.translator","com.google.ar.lens","com.translate.talkingtranslator","com.ticktalk.translatevoice","com.niven.translator","com.screen.translate.google","screen.translator.voice.translate","com.niven.apptranslate","com.softissimo.reverso.context"]},{"rank":{"index":2,"lang":"fr","country":"fr","chineseCountryName":"法国","pkg":"com.spaceship.screen.textcopy"},"orders":["com.recognize_text.translate.screen","com.spaceship.screen.textcopy","com.tap_to_translate.snap_translate","com.google.android.apps.translate","com.gaminik.i18n","com.newmg.yurao.pro","com.niven.translator","com.microsoft.translator"]},{"rank":{"index":3,"lang":"en-gb","country":"gb","chineseCountryName":"英国","pkg":"com.spaceship.screen.textcopy"},"orders":["com.recognize_text.translate.screen","com.google.android.apps.translate","com.spaceship.screen.textcopy","com.microsoft.translator","com.deepl.mobiletranslator","com.newmg.yurao.pro","com.screen.translate.google","com.gaminik.i18n","ru.yandex.translate","com.niven.translator","com.immersivetranslate.browser","com.zaz.translate"]},{"rank":{"index":2,"lang":"de","country":"de","chineseCountryName":"德国","pkg":"com.spaceship.screen.textcopy"},"orders":["com.recognize_text.translate.screen","com.spaceship.screen.textcopy","com.newmg.yurao.pro","com.google.android.apps.translate","com.screen.translate.google","com.niven.translator","com.gaminik.i18n","com.deepl.mobiletranslator","com.microsoft.translator"]},{"rank":{"index":2,"lang":"it","country":"it","chineseCountryName":"意大利","pkg":"com.spaceship.screen.textcopy"},"orders":["com.recognize_text.translate.screen","com.spaceship.screen.textcopy","com.tap_to_translate.snap_translate","com.google.android.apps.translate","com.newmg.yurao.pro","com.gaminik.i18n","com.niven.translator","com.screen.translate.google","com.deepl.mobiletranslator","com.microsoft.translator","com.immersivetranslate.browser","com.niven.game","ru.yandex.translate","com.niven.apptranslate","at.nk.tools.iTranslate","com.voice_camera_free_translate","com.eecorp.linguago","com.zaz.translate","com.kursx.smartbook","com.eecorp.taptranslator"]},{"rank":{"index":2,"lang":"ja","country":"jp","chineseCountryName":"日本","pkg":"com.spaceship.screen.textcopy"},"orders":["com.recognize_text.translate.screen","com.spaceship.screen.textcopy","com.tap_to_translate.snap_translate","com.gaminik.i18n","com.newmg.yurao.pro","com.niven.translator","com.screen.translate.google","com.google.android.apps.translate","com.microsoft.translator","com.deepl.mobiletranslator","com.immersivetranslate.browser","com.naver.labs.translator","ru.yandex.translate","com.niven.game","com.niven.apptranslate","com.android.chrome","com.google.ar.lens","com.eecorp.linguago","com.google.android.apps.maps","com.facebook.katana"]},{"rank":{"index":3,"lang":"ko","country":"kr","chineseCountryName":"韩国","pkg":"com.spaceship.screen.textcopy"},"orders":["com.recognize_text.translate.screen","com.tap_to_translate.snap_translate","com.spaceship.screen.textcopy","com.newmg.yurao.pro","com.niven.translator","com.gaminik.i18n","com.screen.translate.google","com.google.android.apps.translate","com.microsoft.translator","com.deepl.mobiletranslator","com.immersivetranslate.browser","com.naver.labs.translator","ru.yandex.translate","com.niven.game","com.niven.apptranslate","com.eecorp.linguago","com.voice_camera_free_translate","com.eecorp.taptranslator","com.facebook.katana","com.instagram.android"]},{"rank":{"index":2,"lang":"zh-hk","country":"hk","chineseCountryName":"香港","pkg":"com.spaceship.screen.textcopy"},"orders":["com.recognize_text.translate.screen","com.spaceship.screen.textcopy","com.tap_to_translate.snap_translate","com.newmg.yurao.pro","com.screen.translate.google","com.google.android.apps.translate","com.gaminik.i18n","com.niven.translator","com.microsoft.translator","com.deepl.mobiletranslator","com.immersivetranslate.browser","ru.yandex.translate","com.niven.game","com.zaz.translate","com.naver.labs.translator","com.eecorp.linguago","com.niven.apptranslate","com.voice_camera_free_translate","at.nk.tools.iTranslate","com.eecorp.taptranslator"]},{"rank":{"index":2,"lang":"zh-tw","country":"tw","chineseCountryName":"台湾","pkg":"com.spaceship.screen.textcopy"},"orders":["com.recognize_text.translate.screen","com.spaceship.screen.textcopy","com.gaminik.i18n","com.newmg.yurao.pro","com.screen.translate.google","com.niven.translator","com.microsoft.translator","com.deepl.mobiletranslator","com.tap_to_translate.snap_translate","com.google.android.apps.translate","com.immersivetranslate.browser","com.niven.game","com.niven.apptranslate","com.naver.labs.translator","com.eecorp.linguago","com.translate.talkingtranslator","com.google.ar.lens","com.eecorp.taptranslator","ru.yandex.translate","com.mg.chat"]},{"rank":{"index":3,"lang":"en","country":"in","chineseCountryName":"印度","pkg":"com.spaceship.screen.textcopy"},"orders":["com.recognize_text.translate.screen","com.google.android.apps.translate","com.spaceship.screen.textcopy","com.zaz.translate","com.newmg.yurao.pro","com.microsoft.translator"]},{"rank":{"index":3,"lang":"id","country":"id","chineseCountryName":"印尼","pkg":"com.spaceship.screen.textcopy"},"orders":["com.recognize_text.translate.screen","com.tap_to_translate.snap_translate","com.spaceship.screen.textcopy","com.google.android.apps.translate","com.gaminik.i18n","com.newmg.yurao.pro","com.niven.translator","com.niven.game","com.screen.translate.google","com.deepl.mobiletranslator","com.microsoft.translator","com.eecorp.linguago","com.niven.apptranslate"]},{"rank":{"index":2,"lang":"es-mx","country":"mx","chineseCountryName":"墨西哥","pkg":"com.spaceship.screen.textcopy"},"orders":["com.recognize_text.translate.screen","com.spaceship.screen.textcopy","com.newmg.yurao.pro","com.tap_to_translate.snap_translate","com.google.android.apps.translate","com.microsoft.translator","com.gaminik.i18n","com.deepl.mobiletranslator","ru.yandex.translate","com.zaz.translate","at.nk.tools.iTranslate","com.naver.labs.translator","com.translate.talkingtranslator","com.google.ar.lens","com.ticktalk.translatevoice","com.softissimo.reverso.context","com.niven.translator","com.screen.translate.google","com.niven.game","screen.translator.voice.translate"]}]