[{"rank":{"index":2,"lang":"en-us","country":"us","chineseCountryName":"美国","pkg":"com.spaceship.screen.textcopy"},"orders":["com.recognize_text.translate.screen","com.spaceship.screen.textcopy","com.tap_to_translate.snap_translate","com.microsoft.translator","com.google.android.apps.translate","com.niven.translator","com.gaminik.i18n","com.newmg.yurao.pro","at.nk.tools.iTranslate","com.translate.talkingtranslator","com.screen.translate.google","com.language.translate.free.translator.voice.translation","com.google.ar.lens","com.datacomprojects.scanandtranslate","com.niven.game","com.dddev.all.language.translate.voice.translator","com.deepl.mobiletranslator","com.zaz.translate","com.voice_camera_free_translate","com.ticktalk.translatevoice"]},{"rank":{"index":0,"lang":"ru","country":"ru","chineseCountryName":"俄罗斯","pkg":"com.spaceship.screen.textcopy"},"orders":["com.recognize_text.translate.screen","com.tap_to_translate.snap_translate","com.niven.translator","com.newmg.yurao.pro","com.microsoft.translator","com.gaminik.i18n","com.google.android.apps.translate","ru.yandex.translate","com.niven.game","com.datacomprojects.scanandtranslate","at.nk.tools.iTranslate","com.translate.talkingtranslator","com.zaz.translate","com.language.translate.free.translator.voice.translation","com.deepl.mobiletranslator","com.dddev.all.language.translate.voice.translator","com.google.ar.lens","com.screen.translate.google","com.kursx.smartbook","com.voice_camera_free_translate"]},{"rank":{"index":2,"lang":"pt-br","country":"br","chineseCountryName":"巴西","pkg":"com.spaceship.screen.textcopy"},"orders":["com.recognize_text.translate.screen","com.spaceship.screen.textcopy","com.tap_to_translate.snap_translate","com.gaminik.i18n","com.newmg.yurao.pro","com.niven.translator","com.microsoft.translator","at.nk.tools.iTranslate","com.google.android.apps.translate","com.zaz.translate","com.screen.translate.google","com.translate.language.translator.voice.translation","com.voice_camera_free_translate","com.niven.game","com.niven.comic","com.niven.apptranslate","com.translate.talkingtranslator","com.deepl.mobiletranslator","com.language.translate.free.translator.voice.translation","com.audacityittranslator.translatetexttranslator"]},{"rank":{"index":2,"lang":"fr","country":"fr","chineseCountryName":"法国","pkg":"com.spaceship.screen.textcopy"},"orders":["com.recognize_text.translate.screen","com.spaceship.screen.textcopy","com.tap_to_translate.snap_translate","com.gaminik.i18n","com.newmg.yurao.pro","com.microsoft.translator","com.google.android.apps.translate","com.niven.translator","at.nk.tools.iTranslate","com.translate.talkingtranslator","com.dddev.all.language.translate.voice.translator","com.datacomprojects.scanandtranslate","com.zaz.translate","com.language.translate.free.translator.voice.translation","com.screen.translate.google","com.voice_camera_free_translate","com.deepl.mobiletranslator","com.b1b.translator.voicetranslate.alllanguages.translator.app","com.translate.language.translator.voice.translation","com.niven.game"]},{"rank":{"index":2,"lang":"en-gb","country":"gb","chineseCountryName":"英国","pkg":"com.spaceship.screen.textcopy"},"orders":["com.recognize_text.translate.screen","com.spaceship.screen.textcopy","com.tap_to_translate.snap_translate","com.microsoft.translator","com.google.android.apps.translate","com.newmg.yurao.pro","com.gaminik.i18n","com.niven.translator","at.nk.tools.iTranslate","com.translate.talkingtranslator","com.google.ar.lens","com.datacomprojects.scanandtranslate","com.zaz.translate","com.dddev.all.language.translate.voice.translator","com.language.translate.free.translator.voice.translation","com.deepl.mobiletranslator","com.screen.translate.google","com.niven.game","com.ticktalk.translatevoice","com.voice_camera_free_translate"]},{"rank":{"index":2,"lang":"de","country":"de","chineseCountryName":"德国","pkg":"com.spaceship.screen.textcopy"},"orders":["com.recognize_text.translate.screen","com.spaceship.screen.textcopy","com.tap_to_translate.snap_translate","com.microsoft.translator","com.newmg.yurao.pro","com.gaminik.i18n","com.niven.translator","com.google.android.apps.translate","at.nk.tools.iTranslate","com.translate.talkingtranslator","com.datacomprojects.scanandtranslate","com.zaz.translate","com.language.translate.free.translator.voice.translation","com.niven.game","com.deepl.mobiletranslator","com.screen.translate.google","com.b1b.translator.voicetranslate.alllanguages.translator.app","com.voice_camera_free_translate","ru.yandex.translate","com.translate.language.translator.voice.translation"]},{"rank":{"index":2,"lang":"it","country":"it","chineseCountryName":"意大利","pkg":"com.spaceship.screen.textcopy"},"orders":["com.recognize_text.translate.screen","com.spaceship.screen.textcopy","com.tap_to_translate.snap_translate","com.gaminik.i18n","com.newmg.yurao.pro","com.microsoft.translator","com.niven.translator","at.nk.tools.iTranslate","com.google.android.apps.translate","com.dddev.all.language.translate.voice.translator","com.datacomprojects.scanandtranslate","com.language.translate.free.translator.voice.translation"]},{"rank":{"index":2,"lang":"ja","country":"jp","chineseCountryName":"日本","pkg":"com.spaceship.screen.textcopy"},"orders":["com.recognize_text.translate.screen","com.spaceship.screen.textcopy","com.tap_to_translate.snap_translate","com.newmg.yurao.pro","com.gaminik.i18n","com.microsoft.translator","com.niven.translator","com.google.android.apps.translate","at.nk.tools.iTranslate","com.translate.talkingtranslator","com.google.ar.lens","com.deepl.mobiletranslator","com.niven.game","com.language.translate.free.translator.voice.translation","com.naver.labs.translator"]},{"rank":{"index":2,"lang":"ko","country":"kr","chineseCountryName":"韩国","pkg":"com.spaceship.screen.textcopy"},"orders":["com.recognize_text.translate.screen","com.spaceship.screen.textcopy","com.tap_to_translate.snap_translate","com.newmg.yurao.pro","com.microsoft.translator","com.gaminik.i18n","com.google.android.apps.translate","com.niven.translator","at.nk.tools.iTranslate","com.naver.labs.translator","com.translate.talkingtranslator","com.dddev.all.language.translate.voice.translator","com.language.translate.free.translator.voice.translation","com.google.ar.lens","com.datacomprojects.scanandtranslate","com.zaz.translate","com.niven.game","com.screen.translate.google","com.deepl.mobiletranslator","com.sky.languagetranslator"]},{"rank":{"index":2,"lang":"zh-hk","country":"hk","chineseCountryName":"香港","pkg":"com.spaceship.screen.textcopy"},"orders":["com.recognize_text.translate.screen","com.spaceship.screen.textcopy","com.newmg.yurao.pro","com.microsoft.translator","com.tap_to_translate.snap_translate","com.google.android.apps.translate","com.gaminik.i18n","at.nk.tools.iTranslate","com.niven.translator","com.google.ar.lens","com.screen.translate.google","com.translate.talkingtranslator","com.datacomprojects.scanandtranslate","com.deepl.mobiletranslator","com.language.translate.free.translator.voice.translation","com.immersivetranslate.browser","jp.go.nict.voicetra","com.zaz.translate","com.naver.labs.translator","com.sky.languagetranslator"]},{"rank":{"index":2,"lang":"zh-tw","country":"tw","chineseCountryName":"台湾","pkg":"com.spaceship.screen.textcopy"},"orders":["com.recognize_text.translate.screen","com.spaceship.screen.textcopy","com.tap_to_translate.snap_translate","com.gaminik.i18n","com.microsoft.translator","com.google.android.apps.translate","com.newmg.yurao.pro","at.nk.tools.iTranslate","com.niven.translator","com.translate.talkingtranslator","com.niven.game","com.datacomprojects.scanandtranslate","com.google.ar.lens","com.tangdi.baiguotong","com.language.translate.free.translator.voice.translation","com.naver.labs.translator","com.screen.translate.google","com.zaz.translate","com.immersivetranslate.browser","com.deepl.mobiletranslator"]},{"rank":{"index":2,"lang":"en","country":"in","chineseCountryName":"印度","pkg":"com.spaceship.screen.textcopy"},"orders":["com.recognize_text.translate.screen","com.spaceship.screen.textcopy","com.tap_to_translate.snap_translate"]},{"rank":{"index":2,"lang":"id","country":"id","chineseCountryName":"印尼","pkg":"com.spaceship.screen.textcopy"},"orders":["com.recognize_text.translate.screen","com.spaceship.screen.textcopy","com.tap_to_translate.snap_translate","com.gaminik.i18n","com.niven.translator","com.newmg.yurao.pro","com.niven.game","com.microsoft.translator"]},{"rank":{"index":2,"lang":"es-mx","country":"mx","chineseCountryName":"墨西哥","pkg":"com.spaceship.screen.textcopy"},"orders":["com.recognize_text.translate.screen","com.spaceship.screen.textcopy","com.tap_to_translate.snap_translate","com.gaminik.i18n","com.newmg.yurao.pro","com.niven.translator","com.microsoft.translator","at.nk.tools.iTranslate","com.google.android.apps.translate","com.screen.translate.google","com.niven.game","com.zaz.translate","com.translate.talkingtranslator"]}]