[{"rank":{"index":2,"lang":"en-us","country":"us","chineseCountryName":"美国","pkg":"com.spaceship.screen.textcopy"},"orders":["com.recognize_text.translate.screen","com.spaceship.screen.textcopy","com.tap_to_translate.snap_translate","com.google.android.apps.translate","com.microsoft.translator","com.niven.translator","com.newmg.yurao.pro","com.gaminik.i18n","com.naver.labs.translator","com.niven.game","com.immersivetranslate.browser","screen.translator.voice.translate","com.zaz.translate","com.youdao.hindict","com.screen.translate.google","com.tangdi.baiguotong","com.niven.apptranslate","com.deepl.mobiletranslator","at.nk.tools.iTranslate","ru.yandex.translate"]},{"rank":{"index":0,"lang":"ru","country":"ru","chineseCountryName":"俄罗斯","pkg":"com.spaceship.screen.textcopy"},"orders":["com.recognize_text.translate.screen","com.niven.translator","com.tap_to_translate.snap_translate","com.newmg.yurao.pro","com.microsoft.translator","com.niven.game","com.google.android.apps.translate","com.gaminik.i18n","ru.yandex.translate","com.immersivetranslate.browser","com.deepl.mobiletranslator","com.niven.apptranslate","com.tangdi.baiguotong","com.naver.labs.translator","com.screen.translate.google","com.youdao.hindict","com.zaz.translate","at.nk.tools.iTranslate","com.webcatalog.translatium","com.mg.chat"]},{"rank":{"index":2,"lang":"pt-br","country":"br","chineseCountryName":"巴西","pkg":"com.spaceship.screen.textcopy"},"orders":["com.recognize_text.translate.screen","com.spaceship.screen.textcopy","com.tap_to_translate.snap_translate","com.gaminik.i18n","com.newmg.yurao.pro","com.niven.translator","com.microsoft.translator","com.niven.game","com.immersivetranslate.browser","com.niven.apptranslate","com.google.android.apps.translate","com.youdao.hindict","com.screen.translate.google","com.tangdi.baiguotong","com.eecorp.taptranslator","com.deepl.mobiletranslator","com.zaz.translate","com.voice_camera_free_translate","at.nk.tools.iTranslate","com.fapp.translate.language.translator.fasttranslation"]},{"rank":{"index":2,"lang":"fr","country":"fr","chineseCountryName":"法国","pkg":"com.spaceship.screen.textcopy"},"orders":["com.recognize_text.translate.screen","com.spaceship.screen.textcopy","com.tap_to_translate.snap_translate","com.gaminik.i18n","com.newmg.yurao.pro","com.niven.translator","com.microsoft.translator","com.niven.game","com.google.android.apps.translate","com.niven.apptranslate","com.screen.translate.google","com.eecorp.taptranslator","com.zaz.translate","com.immersivetranslate.browser","com.deepl.mobiletranslator","com.youdao.hindict","com.tangdi.baiguotong","at.nk.tools.iTranslate","com.naver.labs.translator","screen.translator.voice.translate"]},{"rank":{"index":2,"lang":"en-gb","country":"gb","chineseCountryName":"英国","pkg":"com.spaceship.screen.textcopy"},"orders":["com.recognize_text.translate.screen","com.spaceship.screen.textcopy","com.tap_to_translate.snap_translate","com.newmg.yurao.pro","com.google.android.apps.translate","com.microsoft.translator","com.niven.translator","com.gaminik.i18n","com.immersivetranslate.browser","com.youdao.hindict","com.niven.game","com.zaz.translate","com.naver.labs.translator","at.nk.tools.iTranslate","com.deepl.mobiletranslator","com.tangdi.baiguotong","ru.yandex.translate","com.screen.translate.google","com.niven.apptranslate","com.fapp.translate.language.translator.fasttranslation"]},{"rank":{"index":2,"lang":"de","country":"de","chineseCountryName":"德国","pkg":"com.spaceship.screen.textcopy"},"orders":["com.recognize_text.translate.screen","com.spaceship.screen.textcopy","com.newmg.yurao.pro","com.tap_to_translate.snap_translate","com.gaminik.i18n","com.microsoft.translator","com.niven.translator","com.google.android.apps.translate","com.niven.game","com.immersivetranslate.browser","com.screen.translate.google","com.deepl.mobiletranslator","com.niven.apptranslate","com.tangdi.baiguotong","at.nk.tools.iTranslate","com.eecorp.taptranslator","com.youdao.hindict","com.zaz.translate","com.voice_camera_free_translate","ru.yandex.translate"]},{"rank":{"index":2,"lang":"it","country":"it","chineseCountryName":"意大利","pkg":"com.spaceship.screen.textcopy"},"orders":["com.recognize_text.translate.screen","com.spaceship.screen.textcopy","com.tap_to_translate.snap_translate","com.newmg.yurao.pro","com.gaminik.i18n","com.niven.translator","com.microsoft.translator","com.niven.game","com.google.android.apps.translate","com.immersivetranslate.browser","com.screen.translate.google","com.niven.apptranslate","com.tangdi.baiguotong","com.deepl.mobiletranslator","com.eecorp.taptranslator","com.zaz.translate","com.google.ar.lens","ru.yandex.translate","at.nk.tools.iTranslate","com.voice_camera_free_translate"]},{"rank":{"index":3,"lang":"ja","country":"jp","chineseCountryName":"日本","pkg":"com.spaceship.screen.textcopy"},"orders":["com.recognize_text.translate.screen","com.tap_to_translate.snap_translate","com.spaceship.screen.textcopy","com.newmg.yurao.pro","com.niven.translator","com.gaminik.i18n","com.microsoft.translator","com.naver.labs.translator","com.immersivetranslate.browser","com.deepl.mobiletranslator","com.niven.game","com.google.android.apps.translate"]},{"rank":{"index":3,"lang":"ko","country":"kr","chineseCountryName":"韩国","pkg":"com.spaceship.screen.textcopy"},"orders":["com.recognize_text.translate.screen","com.tap_to_translate.snap_translate","com.spaceship.screen.textcopy","com.newmg.yurao.pro","com.microsoft.translator","com.niven.translator","com.gaminik.i18n","com.naver.labs.translator","com.google.android.apps.translate","com.niven.game","com.immersivetranslate.browser","com.niven.apptranslate","com.youdao.hindict","com.screen.translate.google","at.nk.tools.iTranslate","com.deepl.mobiletranslator","com.zaz.translate","com.eecorp.taptranslator","link.zhidou.btranslator","com.fapp.translate.language.translator.fasttranslation"]},{"rank":{"index":1,"lang":"zh-hk","country":"hk","chineseCountryName":"香港","pkg":"com.spaceship.screen.textcopy"},"orders":["com.spaceship.screen.textcopy","com.recognize_text.translate.screen","com.tap_to_translate.snap_translate","com.microsoft.translator","com.google.android.apps.translate","com.newmg.yurao.pro","com.niven.translator","com.gaminik.i18n","com.immersivetranslate.browser","com.niven.game","com.tangdi.baiguotong","com.naver.labs.translator","at.nk.tools.iTranslate","com.niven.apptranslate","com.screen.translate.google","com.deepl.mobiletranslator","com.zaz.translate","com.voice_camera_free_translate","com.youdao.hindict","com.eecorp.taptranslator"]},{"rank":{"index":2,"lang":"zh-tw","country":"tw","chineseCountryName":"台湾","pkg":"com.spaceship.screen.textcopy"},"orders":["com.recognize_text.translate.screen","com.spaceship.screen.textcopy","com.newmg.yurao.pro","com.microsoft.translator","com.tap_to_translate.snap_translate","com.niven.translator","com.gaminik.i18n","com.google.android.apps.translate","com.niven.game","com.immersivetranslate.browser","com.tangdi.baiguotong","com.naver.labs.translator","com.niven.apptranslate","com.screen.translate.google","com.youdao.hindict","com.eecorp.taptranslator","at.nk.tools.iTranslate","com.deepl.mobiletranslator","com.zaz.translate","ru.yandex.translate"]},{"rank":{"index":2,"lang":"en","country":"in","chineseCountryName":"印度","pkg":"com.spaceship.screen.textcopy"},"orders":["com.recognize_text.translate.screen","com.spaceship.screen.textcopy","com.newmg.yurao.pro","com.google.android.apps.translate"]},{"rank":{"index":1,"lang":"id","country":"id","chineseCountryName":"印尼","pkg":"com.spaceship.screen.textcopy"},"orders":["com.spaceship.screen.textcopy","com.tap_to_translate.snap_translate","com.recognize_text.translate.screen","com.newmg.yurao.pro","com.gaminik.i18n","com.niven.translator","com.niven.game","com.eecorp.taptranslator","com.niven.apptranslate"]},{"rank":{"index":2,"lang":"es-mx","country":"mx","chineseCountryName":"墨西哥","pkg":"com.spaceship.screen.textcopy"},"orders":["com.recognize_text.translate.screen","com.spaceship.screen.textcopy","com.tap_to_translate.snap_translate","com.newmg.yurao.pro","com.gaminik.i18n","com.niven.translator","com.microsoft.translator","com.niven.game","com.google.android.apps.translate","com.niven.apptranslate","com.screen.translate.google","com.deepl.mobiletranslator","com.immersivetranslate.browser","com.eecorp.taptranslator","com.youdao.hindict","at.nk.tools.iTranslate","com.tangdi.baiguotong","com.zaz.translate","com.google.ar.lens","ru.yandex.translate"]}]