[{"rank":{"index":2,"lang":"en-us","country":"us","chineseCountryName":"美国","pkg":"com.spaceship.screen.textcopy"},"orders":["com.recognize_text.translate.screen","com.spaceship.screen.textcopy","com.gaminik.i18n","com.tap_to_translate.snap_translate","com.niven.translator","com.hc.texttranslator.screentranslator.chattranslator","com.newmg.yurao.pro","com.google.android.apps.translate","com.aurasense.screentranslate","com.microsoft.translator","com.screen.translate.google","com.yoyodev.screentranslate","live.screentranslate.realtime","com.deepl.mobiletranslator","com.eecorp.linguago","com.galaxy.airviewdictionary","com.zaz.translate","com.naver.labs.translator","at.nk.tools.iTranslate","link.zhidou.btranslator"]},{"rank":{"index":3,"lang":"ru","country":"ru","chineseCountryName":"俄罗斯","pkg":"com.spaceship.screen.textcopy"},"orders":["com.recognize_text.translate.screen","com.niven.translator","com.spaceship.screen.textcopy","com.tap_to_translate.snap_translate","com.hc.texttranslator.screentranslator.chattranslator","com.gaminik.i18n","com.newmg.yurao.pro","com.yoyodev.screentranslate","live.screentranslate.realtime","com.screen.translate.google","com.microsoft.translator","com.galaxy.airviewdictionary","com.google.android.apps.translate","com.eecorp.linguago","com.zaz.translate","ru.yandex.translate","com.screen.translator.text.recognize","link.zhidou.btranslator","screen.translator.voice.translate","at.nk.tools.iTranslate"]},{"rank":{"index":2,"lang":"pt-br","country":"br","chineseCountryName":"巴西","pkg":"com.spaceship.screen.textcopy"},"orders":["com.recognize_text.translate.screen","com.spaceship.screen.textcopy","com.gaminik.i18n","com.tap_to_translate.snap_translate","com.google.android.apps.translate","com.microsoft.translator","com.niven.translator","com.hc.texttranslator.screentranslator.chattranslator","com.deepl.mobiletranslator","com.newmg.yurao.pro","com.zaz.translate","link.zhidou.btranslator","at.nk.tools.iTranslate","co.appnation.aivoicetranslator","ru.yandex.translate","com.naver.labs.translator","live.screentranslate.realtime","com.screen.translate.google","com.niven.game","co.langlang.translator_for_wsp"]},{"rank":{"index":2,"lang":"fr","country":"fr","chineseCountryName":"法国","pkg":"com.spaceship.screen.textcopy"},"orders":["com.recognize_text.translate.screen","com.spaceship.screen.textcopy","com.tap_to_translate.snap_translate","com.hc.texttranslator.screentranslator.chattranslator","com.niven.translator","com.gaminik.i18n","com.newmg.yurao.pro","com.yoyodev.screentranslate","live.screentranslate.realtime","com.screen.translate.google","com.aurasense.screentranslate","com.eecorp.linguago","link.zhidou.btranslator","com.microsoft.translator","com.google.android.apps.translate","com.deepl.mobiletranslator","com.galaxy.airviewdictionary","com.eecorp.taptranslator","com.zaz.translate","com.digtial_bytes.voice.translator.dictionary.languages.cameratranslator"]},{"rank":{"index":2,"lang":"en-gb","country":"gb","chineseCountryName":"英国","pkg":"com.spaceship.screen.textcopy"},"orders":["com.recognize_text.translate.screen","com.spaceship.screen.textcopy","com.hc.texttranslator.screentranslator.chattranslator","com.niven.translator","com.tap_to_translate.snap_translate","com.gaminik.i18n","com.aurasense.screentranslate","com.newmg.yurao.pro","com.microsoft.translator","com.google.android.apps.translate","com.screen.translate.google","com.yoyodev.screentranslate","live.screentranslate.realtime","com.eecorp.linguago","com.deepl.mobiletranslator","com.galaxy.airviewdictionary","com.zaz.translate","link.zhidou.btranslator","at.nk.tools.iTranslate","co.appnation.aivoicetranslator"]},{"rank":{"index":2,"lang":"de","country":"de","chineseCountryName":"德国","pkg":"com.spaceship.screen.textcopy"},"orders":["com.recognize_text.translate.screen","com.spaceship.screen.textcopy","com.hc.texttranslator.screentranslator.chattranslator","com.gaminik.i18n","com.tap_to_translate.snap_translate","com.niven.translator","com.newmg.yurao.pro","com.yoyodev.screentranslate","live.screentranslate.realtime","com.aurasense.screentranslate","com.screen.translate.google","com.eecorp.linguago","com.galaxy.airviewdictionary","com.google.android.apps.translate","com.digtial_bytes.voice.translator.dictionary.languages.cameratranslator","com.deepl.mobiletranslator","co.appnation.aivoicetranslator","com.eecorp.taptranslator","com.zaz.translate","link.zhidou.btranslator"]},{"rank":{"index":4,"lang":"it","country":"it","chineseCountryName":"意大利","pkg":"com.spaceship.screen.textcopy"},"orders":["com.recognize_text.translate.screen","com.hc.texttranslator.screentranslator.chattranslator","com.gaminik.i18n","com.spaceship.screen.textcopy","com.niven.translator","com.tap_to_translate.snap_translate","com.newmg.yurao.pro","live.screentranslate.realtime","com.yoyodev.screentranslate","com.screen.translate.google","com.aurasense.screentranslate","com.eecorp.linguago","link.zhidou.btranslator","com.galaxy.airviewdictionary","com.deepl.mobiletranslator","com.screen.translator.text.recognize","com.google.android.apps.translate","com.zaz.translate","com.microsoft.translator","co.appnation.aivoicetranslator"]},{"rank":{"index":4,"lang":"ja","country":"jp","chineseCountryName":"日本","pkg":"com.spaceship.screen.textcopy"},"orders":["com.recognize_text.translate.screen","com.tap_to_translate.snap_translate","com.gaminik.i18n","com.spaceship.screen.textcopy","com.niven.translator","com.newmg.yurao.pro","com.hc.texttranslator.screentranslator.chattranslator","live.screentranslate.realtime","com.aurasense.screentranslate","com.screen.translate.google","com.galaxy.airviewdictionary","com.gyaser.screen.translator","com.eecorp.linguago","com.niven.apptranslate","com.google.android.apps.translate","com.naver.labs.translator","com.eecorp.taptranslator","com.deepl.mobiletranslator","com.screen.translator.text.recognize","com.microsoft.translator"]},{"rank":{"index":3,"lang":"ko","country":"kr","chineseCountryName":"韩国","pkg":"com.spaceship.screen.textcopy"},"orders":["com.recognize_text.translate.screen","com.gaminik.i18n","com.spaceship.screen.textcopy","com.hc.texttranslator.screentranslator.chattranslator","com.tap_to_translate.snap_translate","com.niven.translator","com.newmg.yurao.pro","live.screentranslate.realtime","com.screen.translate.google","com.aurasense.screentranslate","com.eecorp.linguago","com.galaxy.airviewdictionary","com.naver.labs.translator","com.digtial_bytes.voice.translator.dictionary.languages.cameratranslator","com.google.android.apps.translate","com.zaz.translate","com.niven.apptranslate","link.zhidou.btranslator","com.deepl.mobiletranslator","com.eecorp.taptranslator"]},{"rank":{"index":2,"lang":"zh-hk","country":"hk","chineseCountryName":"香港","pkg":"com.spaceship.screen.textcopy"},"orders":["com.recognize_text.translate.screen","com.spaceship.screen.textcopy","com.tap_to_translate.snap_translate","com.hc.texttranslator.screentranslator.chattranslator","com.gaminik.i18n","com.newmg.yurao.pro","com.aurasense.screentranslate","com.niven.translator","com.microsoft.translator","com.screen.translate.google","com.google.android.apps.translate","live.screentranslate.realtime","com.galaxy.airviewdictionary","com.naver.labs.translator","com.zaz.translate","com.yoyodev.screentranslate","com.eecorp.linguago","at.nk.tools.iTranslate","link.zhidou.btranslator","com.deepl.mobiletranslator"]},{"rank":{"index":2,"lang":"zh-tw","country":"tw","chineseCountryName":"台湾","pkg":"com.spaceship.screen.textcopy"},"orders":["com.recognize_text.translate.screen","com.spaceship.screen.textcopy","com.tap_to_translate.snap_translate","com.hc.texttranslator.screentranslator.chattranslator","com.gaminik.i18n","com.newmg.yurao.pro","com.aurasense.screentranslate","com.niven.translator","com.microsoft.translator","com.screen.translate.google","live.screentranslate.realtime","com.google.android.apps.translate","com.galaxy.airviewdictionary","com.eecorp.linguago","com.yoyodev.screentranslate","com.naver.labs.translator","com.zaz.translate","link.zhidou.btranslator","com.deepl.mobiletranslator","at.nk.tools.iTranslate"]},{"rank":{"index":0,"lang":"en","country":"in","chineseCountryName":"印度","pkg":"com.spaceship.screen.textcopy"},"orders":["com.recognize_text.translate.screen","com.tap_to_translate.snap_translate","com.hc.texttranslator.screentranslator.chattranslator","com.gaminik.i18n","com.newmg.yurao.pro","com.niven.translator","com.google.android.apps.translate","com.aurasense.screentranslate","com.screen.translate.google","com.microsoft.translator","live.screentranslate.realtime","com.yoyodev.screentranslate","com.zaz.translate","com.eecorp.linguago","com.galaxy.airviewdictionary","com.deepl.mobiletranslator","screen.translator.voice.translate","at.nk.tools.iTranslate","co.appnation.aivoicetranslator","translate.speech.text.translation.voicetranslator"]},{"rank":{"index":2,"lang":"id","country":"id","chineseCountryName":"印尼","pkg":"com.spaceship.screen.textcopy"},"orders":["com.recognize_text.translate.screen","com.spaceship.screen.textcopy","com.niven.translator","com.tap_to_translate.snap_translate","com.hc.texttranslator.screentranslator.chattranslator","com.gaminik.i18n","com.newmg.yurao.pro","com.aurasense.screentranslate","live.screentranslate.realtime","com.screen.translate.google","com.google.android.apps.translate","com.yoyodev.screentranslate","com.microsoft.translator","com.galaxy.airviewdictionary","com.eecorp.linguago","com.deepl.mobiletranslator","com.zaz.translate","com.niven.game","com.naver.labs.translator","com.eecorp.taptranslator"]},{"rank":{"index":2,"lang":"es-mx","country":"mx","chineseCountryName":"墨西哥","pkg":"com.spaceship.screen.textcopy"},"orders":["com.recognize_text.translate.screen","com.spaceship.screen.textcopy","com.hc.texttranslator.screentranslator.chattranslator","com.niven.translator","com.gaminik.i18n","com.newmg.yurao.pro","com.tap_to_translate.snap_translate","live.screentranslate.realtime","com.aurasense.screentranslate","com.yoyodev.screentranslate","com.screen.translate.google","com.eecorp.linguago","com.google.android.apps.translate","com.galaxy.airviewdictionary","link.zhidou.btranslator","com.niven.game","com.microsoft.translator","com.deepl.mobiletranslator","com.digtial_bytes.voice.translator.dictionary.languages.cameratranslator","com.zaz.translate"]}]