[{"rank":{"index":2,"lang":"en-us","country":"us","chineseCountryName":"美国","pkg":"com.spaceship.screen.textcopy"},"orders":["com.recognize_text.translate.screen","com.spaceship.screen.textcopy","com.niven.translator","com.tap_to_translate.snap_translate","com.microsoft.translator","com.google.android.apps.translate","com.gaminik.i18n","com.niven.game","com.newmg.yurao.pro","com.niven.comic","com.naver.labs.translator","com.zaz.translate","jp.go.nict.voicetra","com.language.translate.free.translator.voice.translation","com.sayhi.android.sayhitranslate","com.youdao.hindict","translate.all.language.translator.cameratranslator","com.translatepost.voicetranslator.cameratranslator","com.deepl.mobiletranslator","com.translate.talkingtranslator"]},{"rank":{"index":3,"lang":"ru","country":"ru","chineseCountryName":"俄罗斯","pkg":"com.spaceship.screen.textcopy"},"orders":["com.recognize_text.translate.screen","com.niven.translator","com.spaceship.screen.textcopy","com.tap_to_translate.snap_translate","com.microsoft.translator","com.niven.game","com.gaminik.i18n","ru.yandex.translate","com.google.android.apps.translate","com.niven.comic","com.newmg.yurao.pro","com.deepl.mobiletranslator","com.datacomprojects.scanandtranslate","com.naver.labs.translator","com.language.translate.free.translator.voice.translation","com.erudite.translator","com.youdao.hindict","com.kursx.smartbook","at.nk.tools.iTranslate","jp.go.nict.voicetra"]},{"rank":{"index":2,"lang":"pt-br","country":"br","chineseCountryName":"巴西","pkg":"com.spaceship.screen.textcopy"},"orders":["com.recognize_text.translate.screen","com.spaceship.screen.textcopy","com.tap_to_translate.snap_translate","com.niven.translator","com.gaminik.i18n","com.niven.game","com.niven.comic","com.microsoft.translator","com.newmg.yurao.pro","com.galaxy.airviewdictionary","com.google.android.apps.translate","com.language.translate.free.translator.voice.translation","com.translatepost.voicetranslator.cameratranslator","com.youdao.hindict","com.screen.translate.google","com.zaz.translate","com.softissimo.reverso.context","jp.go.nict.voicetra","com.aldoo.pdftranslatorpro","translate.all.language.translator.cameratranslator"]},{"rank":{"index":2,"lang":"fr","country":"fr","chineseCountryName":"法国","pkg":"com.spaceship.screen.textcopy"},"orders":["com.recognize_text.translate.screen","com.spaceship.screen.textcopy","com.tap_to_translate.snap_translate","com.microsoft.translator","com.gaminik.i18n","com.niven.translator","com.niven.game","com.newmg.yurao.pro","com.zaz.translate","com.niven.comic","com.language.translate.free.translator.voice.translation","com.google.android.apps.translate","jp.go.nict.voicetra","com.translatepost.voicetranslator.cameratranslator","com.deepl.mobiletranslator","translate.all.language.translator.cameratranslator","com.datacomprojects.scanandtranslate","com.tangdi.baiguotong","com.softissimo.reverso.context","com.youdao.hindict"]},{"rank":{"index":2,"lang":"en-gb","country":"gb","chineseCountryName":"英国","pkg":"com.spaceship.screen.textcopy"},"orders":["com.recognize_text.translate.screen","com.spaceship.screen.textcopy","com.tap_to_translate.snap_translate","com.gaminik.i18n","com.microsoft.translator","com.niven.translator","com.google.android.apps.translate","com.niven.game","com.newmg.yurao.pro","com.niven.comic","com.zaz.translate","com.naver.labs.translator","com.language.translate.free.translator.voice.translation","jp.go.nict.voicetra","translate.all.language.translator.cameratranslator","com.translatepost.voicetranslator.cameratranslator","com.youdao.hindict","com.deepl.mobiletranslator","com.screen.translate.google","com.datacomprojects.scanandtranslate"]},{"rank":{"index":2,"lang":"de","country":"de","chineseCountryName":"德国","pkg":"com.spaceship.screen.textcopy"},"orders":["com.recognize_text.translate.screen","com.spaceship.screen.textcopy","com.tap_to_translate.snap_translate","com.microsoft.translator","com.niven.translator","com.gaminik.i18n","com.niven.game","com.newmg.yurao.pro","com.google.android.apps.translate","com.niven.comic","com.deepl.mobiletranslator","com.language.translate.free.translator.voice.translation","com.zaz.translate","com.translate.talkingtranslator","com.screen.translate.google","translate.all.language.translator.cameratranslator","com.translatepost.voicetranslator.cameratranslator","jp.go.nict.voicetra","ru.yandex.translate","com.erudite.translator"]},{"rank":{"index":2,"lang":"it","country":"it","chineseCountryName":"意大利","pkg":"com.spaceship.screen.textcopy"},"orders":["com.recognize_text.translate.screen","com.spaceship.screen.textcopy","com.tap_to_translate.snap_translate","com.gaminik.i18n","com.niven.translator","com.microsoft.translator","com.niven.game","com.niven.comic","com.newmg.yurao.pro","com.google.android.apps.translate","com.language.translate.free.translator.voice.translation","com.zaz.translate","com.tangdi.baiguotong","com.image.camera.translate.ai","com.translatepost.voicetranslator.cameratranslator","com.deepl.mobiletranslator","com.aldoo.pdftranslatorpro","com.datacomprojects.scanandtranslate","translate.all.language.translator.cameratranslator","com.screen.translate.google"]},{"rank":{"index":2,"lang":"ja","country":"jp","chineseCountryName":"日本","pkg":"com.spaceship.screen.textcopy"},"orders":["com.recognize_text.translate.screen","com.spaceship.screen.textcopy","com.tap_to_translate.snap_translate","com.gaminik.i18n","com.niven.game","com.niven.translator","com.microsoft.translator","com.deepl.mobiletranslator","com.newmg.yurao.pro","com.naver.labs.translator","com.niven.comic","com.google.android.apps.translate"]},{"rank":{"index":2,"lang":"ko","country":"kr","chineseCountryName":"韩国","pkg":"com.spaceship.screen.textcopy"},"orders":["com.recognize_text.translate.screen","com.spaceship.screen.textcopy","com.tap_to_translate.snap_translate","com.microsoft.translator","com.naver.labs.translator","com.google.android.apps.translate","com.gaminik.i18n","com.niven.translator","com.niven.game","com.niven.comic","com.newmg.yurao.pro","com.deepl.mobiletranslator","com.zaz.translate","com.language.translate.free.translator.voice.translation","com.youdao.hindict","jp.go.nict.voicetra","com.flitto.app","translate.all.language.translator.cameratranslator","com.translate.language.translator.voice.translation","com.translatepost.voicetranslator.cameratranslator"]},{"rank":{"index":2,"lang":"zh-hk","country":"hk","chineseCountryName":"香港","pkg":"com.spaceship.screen.textcopy"},"orders":["com.recognize_text.translate.screen","com.spaceship.screen.textcopy","com.microsoft.translator","com.tap_to_translate.snap_translate","com.google.android.apps.translate","com.niven.translator","com.gaminik.i18n","com.niven.game","com.naver.labs.translator","com.niven.comic","jp.go.nict.voicetra","com.newmg.yurao.pro","com.zaz.translate","com.language.translate.free.translator.voice.translation","com.datacomprojects.scanandtranslate","com.deepl.mobiletranslator","com.translate.language.translator.voice.translation","com.google.ar.lens","translate.all.language.translator.cameratranslator","com.tangdi.baiguotong"]},{"rank":{"index":2,"lang":"zh-tw","country":"tw","chineseCountryName":"台湾","pkg":"com.spaceship.screen.textcopy"},"orders":["com.recognize_text.translate.screen","com.spaceship.screen.textcopy","com.tap_to_translate.snap_translate","com.microsoft.translator","com.gaminik.i18n","com.google.android.apps.translate","com.niven.translator","com.niven.game","com.naver.labs.translator","com.newmg.yurao.pro","com.niven.comic","com.language.translate.free.translator.voice.translation","com.zaz.translate","jp.go.nict.voicetra","com.deepl.mobiletranslator","com.translate.language.translator.voice.translation","com.tangdi.baiguotong","com.youdao.hindict","com.datacomprojects.scanandtranslate","translate.all.language.translator.cameratranslator"]},{"rank":{"index":2,"lang":"en","country":"in","chineseCountryName":"印度","pkg":"com.spaceship.screen.textcopy"},"orders":["com.recognize_text.translate.screen","com.spaceship.screen.textcopy","com.tap_to_translate.snap_translate","com.google.android.apps.translate","com.zaz.translate","com.niven.game","com.gaminik.i18n","com.sayhi.android.sayhitranslate","com.naver.labs.translator","ru.yandex.translate","com.deepl.mobiletranslator","at.nk.tools.iTranslate","com.google.ar.lens","com.newmg.yurao.pro","com.niven.translator","com.galaxy.airviewdictionary","screen.translator.voice.translate","com.datacomprojects.scanandtranslate","com.niven.comic","com.softissimo.reverso.context"]},{"rank":{"index":2,"lang":"id","country":"id","chineseCountryName":"印尼","pkg":"com.spaceship.screen.textcopy"},"orders":["com.recognize_text.translate.screen","com.spaceship.screen.textcopy","com.tap_to_translate.snap_translate","com.niven.translator","com.gaminik.i18n","com.niven.game","com.microsoft.translator","com.youdao.hindict","com.newmg.yurao.pro","com.niven.comic","com.google.android.apps.translate","com.zaz.translate","com.naver.labs.translator"]},{"rank":{"index":2,"lang":"es-mx","country":"mx","chineseCountryName":"墨西哥","pkg":"com.spaceship.screen.textcopy"},"orders":["com.recognize_text.translate.screen","com.spaceship.screen.textcopy","com.tap_to_translate.snap_translate","com.niven.game","com.gaminik.i18n","com.microsoft.translator","com.niven.translator","com.niven.comic","com.newmg.yurao.pro","com.google.android.apps.translate","com.zaz.translate","com.youdao.hindict","com.language.translate.free.translator.voice.translation","translate.all.language.translator.cameratranslator","com.translatepost.voicetranslator.cameratranslator","com.aldoo.pdftranslatorpro","com.voice_camera_free_translate","com.deepl.mobiletranslator","com.screen.translate.google","com.sayhi.android.sayhitranslate"]}]