[{"rank":{"index":2,"lang":"en-us","country":"us","chineseCountryName":"美国","pkg":"com.spaceship.screen.textcopy"},"orders":["com.recognize_text.translate.screen","com.spaceship.screen.textcopy","com.niven.translator","com.tap_to_translate.snap_translate","com.gaminik.i18n","com.google.android.apps.translate","com.newmg.yurao.pro","com.aurasense.screentranslate","com.microsoft.translator","com.screen.translate.google","com.yoyodev.screentranslate","com.deepl.mobiletranslator","com.zaz.translate","at.nk.tools.iTranslate","com.eecorp.linguago","com.galaxy.airviewdictionary","live.screentranslate.realtime","com.niven.game","com.niven.apptranslate","com.naver.labs.translator"]},{"rank":{"index":2,"lang":"ru","country":"ru","chineseCountryName":"俄罗斯","pkg":"com.spaceship.screen.textcopy"},"orders":["com.recognize_text.translate.screen","com.spaceship.screen.textcopy","com.niven.translator","com.tap_to_translate.snap_translate","com.gaminik.i18n","com.newmg.yurao.pro","com.screen.translate.google","com.yoyodev.screentranslate","com.google.android.apps.translate","com.zaz.translate","com.galaxy.airviewdictionary","com.niven.game","com.microsoft.translator","com.niven.apptranslate","at.nk.tools.iTranslate","ru.yandex.translate","live.screentranslate.realtime","com.eecorp.linguago","com.hive.lingonative","screen.translator.voice.translate"]},{"rank":{"index":2,"lang":"pt-br","country":"br","chineseCountryName":"巴西","pkg":"com.spaceship.screen.textcopy"},"orders":["com.recognize_text.translate.screen","com.spaceship.screen.textcopy","com.niven.translator","com.tap_to_translate.snap_translate","com.gaminik.i18n","com.newmg.yurao.pro","com.screen.translate.google","com.google.android.apps.translate","com.niven.game","com.zaz.translate","at.nk.tools.iTranslate","com.galaxy.airviewdictionary","com.niven.apptranslate","com.deepl.mobiletranslator","live.screentranslate.realtime","com.microsoft.translator","link.zhidou.btranslator","screen.translator.voice.translate","com.hive.lingonative","co.langlang.translator_for_wsp"]},{"rank":{"index":2,"lang":"fr","country":"fr","chineseCountryName":"法国","pkg":"com.spaceship.screen.textcopy"},"orders":["com.recognize_text.translate.screen","com.spaceship.screen.textcopy","com.tap_to_translate.snap_translate","com.niven.translator","com.gaminik.i18n","com.newmg.yurao.pro","com.screen.translate.google","com.yoyodev.screentranslate","com.aurasense.screentranslate","live.screentranslate.realtime","com.niven.apptranslate","com.eecorp.linguago","com.galaxy.airviewdictionary","link.zhidou.btranslator","com.zaz.translate","photo.translate.camera.translator","com.deepl.mobiletranslator","com.google.android.apps.translate","com.hive.lingonative","screen.translator.voice.translate"]},{"rank":{"index":2,"lang":"en-gb","country":"gb","chineseCountryName":"英国","pkg":"com.spaceship.screen.textcopy"},"orders":["com.recognize_text.translate.screen","com.spaceship.screen.textcopy","com.tap_to_translate.snap_translate","com.google.android.apps.translate","com.zaz.translate","at.nk.tools.iTranslate","com.microsoft.translator","com.deepl.mobiletranslator","link.zhidou.btranslator","com.niven.translator","com.newmg.yurao.pro","screen.translator.voice.translate","com.galaxy.airviewdictionary","com.aurasense.screentranslate","com.screen.translate.google","ru.yandex.translate","com.niven.apptranslate","com.yoyodev.screentranslate","com.gyaser.screen.translator","com.eecorp.linguago"]},{"rank":{"index":2,"lang":"de","country":"de","chineseCountryName":"德国","pkg":"com.spaceship.screen.textcopy"},"orders":["com.recognize_text.translate.screen","com.spaceship.screen.textcopy","com.niven.translator","com.tap_to_translate.snap_translate","com.gaminik.i18n","com.aurasense.screentranslate","com.newmg.yurao.pro","com.google.android.apps.translate","com.yoyodev.screentranslate","com.zaz.translate","com.screen.translate.google","link.zhidou.btranslator","live.screentranslate.realtime","com.eecorp.linguago","com.deepl.mobiletranslator","com.niven.game","com.hive.lingonative","at.nk.tools.iTranslate","com.microsoft.translator","com.niven.apptranslate"]},{"rank":{"index":2,"lang":"it","country":"it","chineseCountryName":"意大利","pkg":"com.spaceship.screen.textcopy"},"orders":["com.recognize_text.translate.screen","com.spaceship.screen.textcopy","com.gaminik.i18n","com.niven.translator","com.tap_to_translate.snap_translate","com.newmg.yurao.pro","com.screen.translate.google","com.yoyodev.screentranslate","com.aurasense.screentranslate","com.niven.apptranslate","live.screentranslate.realtime","link.zhidou.btranslator","com.galaxy.airviewdictionary","com.eecorp.linguago","com.deepl.mobiletranslator","com.niven.game","com.zaz.translate","com.google.android.apps.translate","com.hive.lingonative","screen.translator.voice.translate"]},{"rank":{"index":2,"lang":"ja","country":"jp","chineseCountryName":"日本","pkg":"com.spaceship.screen.textcopy"},"orders":["com.recognize_text.translate.screen","com.spaceship.screen.textcopy","com.tap_to_translate.snap_translate","com.gaminik.i18n","com.newmg.yurao.pro","com.niven.translator","com.screen.translate.google","com.aurasense.screentranslate","live.screentranslate.realtime","com.niven.apptranslate","com.eecorp.linguago","com.galaxy.airviewdictionary"]},{"rank":{"index":2,"lang":"ko","country":"kr","chineseCountryName":"韩国","pkg":"com.spaceship.screen.textcopy"},"orders":["com.recognize_text.translate.screen","com.spaceship.screen.textcopy","com.gaminik.i18n","com.niven.translator","com.tap_to_translate.snap_translate","com.newmg.yurao.pro","com.screen.translate.google","live.screentranslate.realtime","com.niven.apptranslate","com.aurasense.screentranslate","com.eecorp.linguago","com.galaxy.airviewdictionary","com.hive.lingonative","com.google.android.apps.translate","screen.translator.voice.translate"]},{"rank":{"index":2,"lang":"zh-hk","country":"hk","chineseCountryName":"香港","pkg":"com.spaceship.screen.textcopy"},"orders":["com.recognize_text.translate.screen","com.spaceship.screen.textcopy","com.tap_to_translate.snap_translate","com.gaminik.i18n","com.newmg.yurao.pro","com.niven.translator","com.aurasense.screentranslate","com.screen.translate.google","com.google.android.apps.translate","com.galaxy.airviewdictionary","com.niven.apptranslate","live.screentranslate.realtime","com.zaz.translate","com.yoyodev.screentranslate","at.nk.tools.iTranslate","com.microsoft.translator","com.niven.game","com.eecorp.linguago","com.deepl.mobiletranslator","com.naver.labs.translator"]},{"rank":{"index":2,"lang":"zh-tw","country":"tw","chineseCountryName":"台湾","pkg":"com.spaceship.screen.textcopy"},"orders":["com.recognize_text.translate.screen","com.spaceship.screen.textcopy","com.gaminik.i18n","com.tap_to_translate.snap_translate","com.newmg.yurao.pro","com.niven.translator","com.aurasense.screentranslate","com.google.android.apps.translate","com.screen.translate.google","com.galaxy.airviewdictionary","com.zaz.translate","com.niven.apptranslate","at.nk.tools.iTranslate","live.screentranslate.realtime","com.niven.game","com.yoyodev.screentranslate","com.deepl.mobiletranslator","com.microsoft.translator","com.eecorp.linguago","com.naver.labs.translator"]},{"rank":{"index":0,"lang":"en","country":"in","chineseCountryName":"印度","pkg":"com.spaceship.screen.textcopy"},"orders":["com.recognize_text.translate.screen","com.tap_to_translate.snap_translate","com.google.android.apps.translate","com.zaz.translate","at.nk.tools.iTranslate","com.microsoft.translator","com.addevice.translate","com.newmg.yurao.pro","com.niven.translator","screen.translator.voice.translate","com.galaxy.airviewdictionary","com.screen.translate.google","com.aurasense.screentranslate","translate.speech.text.translation.voicetranslator","ru.yandex.translate","com.niven.apptranslate","com.niven.game","com.yoyodev.screentranslate","com.mg.chat","com.fapp.translate.language.translator.fasttranslation"]},{"rank":{"index":2,"lang":"id","country":"id","chineseCountryName":"印尼","pkg":"com.spaceship.screen.textcopy"},"orders":["com.recognize_text.translate.screen","com.spaceship.screen.textcopy","com.niven.translator","com.gaminik.i18n","com.tap_to_translate.snap_translate","com.newmg.yurao.pro","com.aurasense.screentranslate","com.screen.translate.google","com.google.android.apps.translate","com.yoyodev.screentranslate","com.deepl.mobiletranslator","com.niven.game","com.zaz.translate","com.galaxy.airviewdictionary","com.niven.apptranslate","at.nk.tools.iTranslate","live.screentranslate.realtime","com.naver.labs.translator","link.zhidou.btranslator","screen.translator.voice.translate"]},{"rank":{"index":2,"lang":"es-mx","country":"mx","chineseCountryName":"墨西哥","pkg":"com.spaceship.screen.textcopy"},"orders":["com.recognize_text.translate.screen","com.spaceship.screen.textcopy","com.niven.translator","com.tap_to_translate.snap_translate","com.gaminik.i18n","com.newmg.yurao.pro","com.screen.translate.google","com.yoyodev.screentranslate","com.niven.apptranslate","com.zaz.translate","live.screentranslate.realtime","com.galaxy.airviewdictionary","com.aurasense.screentranslate","com.niven.game","com.eecorp.linguago","at.nk.tools.iTranslate","com.deepl.mobiletranslator","com.google.android.apps.translate","link.zhidou.btranslator","com.hive.lingonative"]}]