[{"rank":{"index":2,"lang":"en-us","country":"us","chineseCountryName":"美国","pkg":"com.spaceship.screen.textcopy"},"orders":["com.recognize_text.translate.screen","com.spaceship.screen.textcopy","com.tap_to_translate.snap_translate","com.google.android.apps.translate","com.screen.translate.google","com.microsoft.translator","com.newmg.yurao.pro","com.gaminik.i18n","com.niven.translator","com.naver.labs.translator","com.niven.game","com.deepl.mobiletranslator","com.immersivetranslate.browser","com.zaz.translate","com.tangdi.baiguotong","ru.yandex.translate","com.paninitranslate","com.voice_camera_free_translate","at.nk.tools.iTranslate","com.niven.apptranslate"]},{"rank":{"index":0,"lang":"ru","country":"ru","chineseCountryName":"俄罗斯","pkg":"com.spaceship.screen.textcopy"},"orders":["com.recognize_text.translate.screen","com.niven.translator","com.tap_to_translate.snap_translate","com.newmg.yurao.pro","com.gaminik.i18n","com.screen.translate.google","com.niven.game","ru.yandex.translate","com.google.android.apps.translate"]},{"rank":{"index":2,"lang":"pt-br","country":"br","chineseCountryName":"巴西","pkg":"com.spaceship.screen.textcopy"},"orders":["com.recognize_text.translate.screen","com.spaceship.screen.textcopy","com.tap_to_translate.snap_translate","com.newmg.yurao.pro","com.gaminik.i18n","com.google.android.apps.translate","com.zaz.translate","at.nk.tools.iTranslate","com.deepl.mobiletranslator","com.youdao.hindict","ru.yandex.translate","com.naver.labs.translator","com.translate.talkingtranslator","com.niven.translator","com.screen.translate.google","com.niven.game","com.newtranslate.google","screen.translator.voice.translate","com.niven.apptranslate","com.google.ar.lens"]},{"rank":{"index":2,"lang":"fr","country":"fr","chineseCountryName":"法国","pkg":"com.spaceship.screen.textcopy"},"orders":["com.recognize_text.translate.screen","com.spaceship.screen.textcopy","com.tap_to_translate.snap_translate","com.newmg.yurao.pro","com.gaminik.i18n","com.niven.translator","com.screen.translate.google","com.microsoft.translator","com.google.android.apps.translate","com.niven.game","com.immersivetranslate.browser","com.deepl.mobiletranslator","com.zaz.translate","com.voice_camera_free_translate","com.niven.apptranslate","ru.yandex.translate","com.tangdi.baiguotong","com.paninitranslate","link.zhidou.btranslator","at.nk.tools.iTranslate"]},{"rank":{"index":2,"lang":"en-gb","country":"gb","chineseCountryName":"英国","pkg":"com.spaceship.screen.textcopy"},"orders":["com.recognize_text.translate.screen","com.spaceship.screen.textcopy","com.newmg.yurao.pro","com.google.android.apps.translate","com.screen.translate.google","com.gaminik.i18n","com.microsoft.translator","com.niven.translator","com.tap_to_translate.snap_translate","com.zaz.translate","com.deepl.mobiletranslator","com.niven.game","com.immersivetranslate.browser","com.naver.labs.translator","com.tangdi.baiguotong","ru.yandex.translate","at.nk.tools.iTranslate","com.paninitranslate","com.youdao.hindict","com.ticktalk.translatevoice"]},{"rank":{"index":2,"lang":"de","country":"de","chineseCountryName":"德国","pkg":"com.spaceship.screen.textcopy"},"orders":["com.recognize_text.translate.screen","com.spaceship.screen.textcopy","com.newmg.yurao.pro","com.screen.translate.google","com.niven.translator","com.gaminik.i18n","com.tap_to_translate.snap_translate","com.microsoft.translator","com.google.android.apps.translate","com.niven.game","com.immersivetranslate.browser","com.zaz.translate","com.deepl.mobiletranslator","com.niven.apptranslate","com.translate.talkingtranslator","com.tangdi.baiguotong","ru.yandex.translate","at.nk.tools.iTranslate","com.mg.chat","com.eecorp.taptranslator"]},{"rank":{"index":2,"lang":"it","country":"it","chineseCountryName":"意大利","pkg":"com.spaceship.screen.textcopy"},"orders":["com.recognize_text.translate.screen","com.spaceship.screen.textcopy","com.tap_to_translate.snap_translate","com.gaminik.i18n","com.newmg.yurao.pro","com.niven.translator","com.screen.translate.google","com.niven.game","com.google.android.apps.translate","com.microsoft.translator","com.immersivetranslate.browser","com.zaz.translate","com.niven.apptranslate","com.deepl.mobiletranslator","com.tangdi.baiguotong","com.voice_camera_free_translate","at.nk.tools.iTranslate","ru.yandex.translate","com.google.ar.lens","com.eecorp.taptranslator"]},{"rank":{"index":2,"lang":"ja","country":"jp","chineseCountryName":"日本","pkg":"com.spaceship.screen.textcopy"},"orders":["com.recognize_text.translate.screen","com.spaceship.screen.textcopy","com.tap_to_translate.snap_translate","com.newmg.yurao.pro","com.gaminik.i18n","com.niven.translator","com.screen.translate.google","com.microsoft.translator","com.niven.game","com.immersivetranslate.browser","com.naver.labs.translator","com.google.android.apps.translate","com.niven.apptranslate","com.deepl.mobiletranslator"]},{"rank":{"index":3,"lang":"ko","country":"kr","chineseCountryName":"韩国","pkg":"com.spaceship.screen.textcopy"},"orders":["com.recognize_text.translate.screen","com.tap_to_translate.snap_translate","com.spaceship.screen.textcopy","com.niven.translator","com.newmg.yurao.pro","com.screen.translate.google","com.gaminik.i18n","com.niven.game","com.google.android.apps.translate","com.naver.labs.translator","com.niven.apptranslate","com.immersivetranslate.browser","com.voice_camera_free_translate","com.microsoft.translator","com.zaz.translate","com.openai.chatgpt","com.deepl.mobiletranslator","com.kakao.talk","com.nhn.android.nmap","com.tencent.mm"]},{"rank":{"index":2,"lang":"zh-hk","country":"hk","chineseCountryName":"香港","pkg":"com.spaceship.screen.textcopy"},"orders":["com.recognize_text.translate.screen","com.spaceship.screen.textcopy","com.tap_to_translate.snap_translate","com.screen.translate.google","com.newmg.yurao.pro","com.gaminik.i18n","com.niven.translator","com.google.android.apps.translate","com.immersivetranslate.browser","com.niven.game","com.microsoft.translator","com.zaz.translate","com.voice_camera_free_translate","com.tangdi.baiguotong","com.niven.apptranslate","com.naver.labs.translator","com.deepl.mobiletranslator","at.nk.tools.iTranslate","com.eecorp.taptranslator","com.android.chrome"]},{"rank":{"index":2,"lang":"zh-tw","country":"tw","chineseCountryName":"台湾","pkg":"com.spaceship.screen.textcopy"},"orders":["com.recognize_text.translate.screen","com.spaceship.screen.textcopy","com.newmg.yurao.pro","com.screen.translate.google","com.gaminik.i18n","com.niven.translator","com.tap_to_translate.snap_translate","com.immersivetranslate.browser","com.niven.game","com.google.android.apps.translate","com.microsoft.translator","com.niven.apptranslate","com.tangdi.baiguotong","com.zaz.translate","com.naver.labs.translator","com.eecorp.taptranslator","com.deepl.mobiletranslator","com.translate.talkingtranslator","com.openai.chatgpt","com.tencent.mm"]},{"rank":{"index":2,"lang":"en","country":"in","chineseCountryName":"印度","pkg":"com.spaceship.screen.textcopy"},"orders":["com.recognize_text.translate.screen","com.spaceship.screen.textcopy","com.newmg.yurao.pro","com.google.android.apps.translate","com.zaz.translate"]},{"rank":{"index":2,"lang":"id","country":"id","chineseCountryName":"印尼","pkg":"com.spaceship.screen.textcopy"},"orders":["com.recognize_text.translate.screen","com.spaceship.screen.textcopy","com.tap_to_translate.snap_translate","com.niven.translator","com.screen.translate.google","com.newmg.yurao.pro","com.gaminik.i18n","com.niven.game","com.google.android.apps.translate","com.niven.apptranslate","com.immersivetranslate.browser","com.naver.labs.translator","com.deepl.mobiletranslator"]},{"rank":{"index":2,"lang":"es-mx","country":"mx","chineseCountryName":"墨西哥","pkg":"com.spaceship.screen.textcopy"},"orders":["com.recognize_text.translate.screen","com.spaceship.screen.textcopy","com.tap_to_translate.snap_translate","com.newmg.yurao.pro","com.gaminik.i18n","com.google.android.apps.translate","at.nk.tools.iTranslate","com.zaz.translate","com.deepl.mobiletranslator","com.youdao.hindict","ru.yandex.translate","com.translate.talkingtranslator","com.naver.labs.translator","com.ticktalk.translatevoice","com.google.ar.lens","com.niven.translator","com.screen.translate.google","com.niven.game","com.niven.apptranslate","screen.translator.voice.translate"]}]