[{"rank":{"index":2,"lang":"en-us","country":"us","chineseCountryName":"美国","pkg":"com.spaceship.screen.textcopy"},"orders":["com.recognize_text.translate.screen","com.spaceship.screen.textcopy","com.niven.translator","com.tap_to_translate.snap_translate","com.microsoft.translator","com.google.android.apps.translate","com.gaminik.i18n","com.newmg.yurao.pro","at.nk.tools.iTranslate","com.google.ar.lens","com.niven.comic","com.niven.game","com.translate.talkingtranslator","com.language.translate.free.translator.voice.translation","com.screen.translate.google","com.ticktalk.translatevoice","com.deepl.mobiletranslator","com.voice_camera_free_translate","com.datacomprojects.scanandtranslate","com.naver.labs.translator"]},{"rank":{"index":2,"lang":"ru","country":"ru","chineseCountryName":"俄罗斯","pkg":"com.spaceship.screen.textcopy"},"orders":["com.recognize_text.translate.screen","com.spaceship.screen.textcopy","com.niven.translator","com.tap_to_translate.snap_translate","com.microsoft.translator","com.newmg.yurao.pro","com.gaminik.i18n","com.niven.game","com.google.android.apps.translate","ru.yandex.translate","at.nk.tools.iTranslate","com.google.ar.lens","com.datacomprojects.scanandtranslate","com.ticktalk.translatevoice","com.language.translate.free.translator.voice.translation","com.tangdi.baiguotong","com.niven.comic","com.translate.talkingtranslator","com.deepl.mobiletranslator","com.screen.translate.google"]},{"rank":{"index":2,"lang":"pt-br","country":"br","chineseCountryName":"巴西","pkg":"com.spaceship.screen.textcopy"},"orders":["com.recognize_text.translate.screen","com.spaceship.screen.textcopy","com.tap_to_translate.snap_translate","com.niven.translator","com.gaminik.i18n","com.newmg.yurao.pro","com.microsoft.translator","at.nk.tools.iTranslate","com.niven.game","com.niven.comic","com.google.android.apps.translate","com.screen.translate.google","com.niven.apptranslate","com.language.translate.free.translator.voice.translation","com.voice_camera_free_translate","com.translate.language.translator.voice.translation","com.tangdi.baiguotong","com.deepl.mobiletranslator","com.audacityittranslator.translatetexttranslator","com.ticktalk.translatevoice"]},{"rank":{"index":2,"lang":"fr","country":"fr","chineseCountryName":"法国","pkg":"com.spaceship.screen.textcopy"},"orders":["com.recognize_text.translate.screen","com.spaceship.screen.textcopy","com.tap_to_translate.snap_translate","com.niven.translator","com.gaminik.i18n","com.microsoft.translator","com.newmg.yurao.pro","at.nk.tools.iTranslate","com.google.android.apps.translate","com.translate.talkingtranslator","com.niven.game","com.niven.comic","com.language.translate.free.translator.voice.translation","com.google.ar.lens","com.datacomprojects.scanandtranslate","com.screen.translate.google","com.ticktalk.translatevoice","com.tangdi.baiguotong","com.niven.apptranslate","com.deepl.mobiletranslator"]},{"rank":{"index":2,"lang":"en-gb","country":"gb","chineseCountryName":"英国","pkg":"com.spaceship.screen.textcopy"},"orders":["com.recognize_text.translate.screen","com.spaceship.screen.textcopy","com.tap_to_translate.snap_translate","com.gaminik.i18n","com.microsoft.translator","com.google.android.apps.translate","com.niven.translator","com.newmg.yurao.pro","at.nk.tools.iTranslate","com.google.ar.lens","com.niven.game","com.language.translate.free.translator.voice.translation","com.niven.comic","com.ticktalk.translatevoice","com.translate.talkingtranslator","com.datacomprojects.scanandtranslate","com.screen.translate.google","com.niven.apptranslate","com.voice_camera_free_translate","com.deepl.mobiletranslator"]},{"rank":{"index":2,"lang":"de","country":"de","chineseCountryName":"德国","pkg":"com.spaceship.screen.textcopy"},"orders":["com.recognize_text.translate.screen","com.spaceship.screen.textcopy","com.tap_to_translate.snap_translate","com.microsoft.translator","com.niven.translator","com.gaminik.i18n","at.nk.tools.iTranslate","com.newmg.yurao.pro","com.google.android.apps.translate","com.translate.talkingtranslator","com.niven.game","com.language.translate.free.translator.voice.translation","com.deepl.mobiletranslator","com.niven.comic","com.datacomprojects.scanandtranslate","com.tangdi.baiguotong","com.ticktalk.translatevoice","com.screen.translate.google","com.google.ar.lens","com.sayhi.android.sayhitranslate"]},{"rank":{"index":2,"lang":"it","country":"it","chineseCountryName":"意大利","pkg":"com.spaceship.screen.textcopy"},"orders":["com.recognize_text.translate.screen","com.spaceship.screen.textcopy","com.tap_to_translate.snap_translate","com.gaminik.i18n","com.niven.translator","com.microsoft.translator","at.nk.tools.iTranslate","com.newmg.yurao.pro","com.niven.game","com.google.android.apps.translate","com.language.translate.free.translator.voice.translation","com.niven.comic","com.datacomprojects.scanandtranslate","com.tangdi.baiguotong","com.google.ar.lens"]},{"rank":{"index":2,"lang":"ja","country":"jp","chineseCountryName":"日本","pkg":"com.spaceship.screen.textcopy"},"orders":["com.recognize_text.translate.screen","com.spaceship.screen.textcopy","com.tap_to_translate.snap_translate","com.gaminik.i18n","com.microsoft.translator","com.niven.translator","com.newmg.yurao.pro","at.nk.tools.iTranslate","com.niven.game","com.google.android.apps.translate","com.google.ar.lens"]},{"rank":{"index":2,"lang":"ko","country":"kr","chineseCountryName":"韩国","pkg":"com.spaceship.screen.textcopy"},"orders":["com.recognize_text.translate.screen","com.spaceship.screen.textcopy","com.tap_to_translate.snap_translate","com.newmg.yurao.pro","com.microsoft.translator","com.niven.translator","com.gaminik.i18n","com.google.android.apps.translate","at.nk.tools.iTranslate","com.niven.game","com.google.ar.lens","com.naver.labs.translator","com.niven.comic","com.language.translate.free.translator.voice.translation","com.translate.talkingtranslator","com.screen.translate.google","com.niven.apptranslate","com.deepl.mobiletranslator","com.ticktalk.translatevoice","com.datacomprojects.scanandtranslate"]},{"rank":{"index":2,"lang":"zh-hk","country":"hk","chineseCountryName":"香港","pkg":"com.spaceship.screen.textcopy"},"orders":["com.recognize_text.translate.screen","com.spaceship.screen.textcopy","com.microsoft.translator","com.tap_to_translate.snap_translate","com.newmg.yurao.pro","com.gaminik.i18n","com.niven.translator","com.google.android.apps.translate","at.nk.tools.iTranslate","com.google.ar.lens","com.screen.translate.google","com.niven.game","com.niven.comic","com.language.translate.free.translator.voice.translation","com.tangdi.baiguotong","com.translate.talkingtranslator","com.deepl.mobiletranslator","com.niven.apptranslate","jp.go.nict.voicetra","com.datacomprojects.scanandtranslate"]},{"rank":{"index":2,"lang":"zh-tw","country":"tw","chineseCountryName":"台湾","pkg":"com.spaceship.screen.textcopy"},"orders":["com.recognize_text.translate.screen","com.spaceship.screen.textcopy","com.tap_to_translate.snap_translate","com.gaminik.i18n","com.microsoft.translator","com.niven.translator","com.google.android.apps.translate","com.newmg.yurao.pro","at.nk.tools.iTranslate","com.niven.game","com.tangdi.baiguotong","com.translate.talkingtranslator","com.google.ar.lens","com.language.translate.free.translator.voice.translation","com.niven.comic","com.screen.translate.google","com.naver.labs.translator","com.niven.apptranslate","jp.go.nict.voicetra","com.youdao.hindict"]},{"rank":{"index":2,"lang":"en","country":"in","chineseCountryName":"印度","pkg":"com.spaceship.screen.textcopy"},"orders":["com.recognize_text.translate.screen","com.spaceship.screen.textcopy","com.tap_to_translate.snap_translate"]},{"rank":{"index":2,"lang":"id","country":"id","chineseCountryName":"印尼","pkg":"com.spaceship.screen.textcopy"},"orders":["com.recognize_text.translate.screen","com.spaceship.screen.textcopy","com.tap_to_translate.snap_translate","com.niven.translator","com.gaminik.i18n","com.newmg.yurao.pro","com.niven.game","at.nk.tools.iTranslate","com.niven.comic","com.screen.translate.google","com.microsoft.translator","com.google.android.apps.translate","com.youdao.hindict"]},{"rank":{"index":2,"lang":"es-mx","country":"mx","chineseCountryName":"墨西哥","pkg":"com.spaceship.screen.textcopy"},"orders":["com.recognize_text.translate.screen","com.spaceship.screen.textcopy","com.niven.translator","com.tap_to_translate.snap_translate","com.gaminik.i18n","at.nk.tools.iTranslate","com.newmg.yurao.pro","com.microsoft.translator","com.niven.game","com.google.android.apps.translate","com.niven.comic","com.screen.translate.google","com.niven.apptranslate","com.language.translate.free.translator.voice.translation","com.youdao.hindict","com.google.ar.lens","com.voice_camera_free_translate","com.deepl.mobiletranslator","com.tangdi.baiguotong","camtranslator.voice.text.image.translate"]}]