[{"rank":{"index":2,"lang":"en-us","country":"us","chineseCountryName":"美国","pkg":"com.spaceship.screen.textcopy"},"orders":["com.recognize_text.translate.screen","com.spaceship.screen.textcopy","com.niven.translator","com.tap_to_translate.snap_translate","com.microsoft.translator","com.google.android.apps.translate","com.gaminik.i18n","com.niven.game","com.zaz.translate","com.newmg.yurao.pro","com.naver.labs.translator","com.niven.comic","com.language.translate.free.translator.voice.translation","ru.yandex.translate","com.mobisystems.msdict.embedded.wireless.collins.ee","com.deepl.mobiletranslator","com.screen.translate.google","com.sayhi.android.sayhitranslate","com.languagetranslator.translatorapp.smartscanner.dictionary.translation.voicetranslator","com.softissimo.reverso.context"]},{"rank":{"index":2,"lang":"ru","country":"ru","chineseCountryName":"俄罗斯","pkg":"com.spaceship.screen.textcopy"},"orders":["com.recognize_text.translate.screen","com.spaceship.screen.textcopy","com.niven.translator","com.tap_to_translate.snap_translate","com.microsoft.translator","com.niven.game","com.gaminik.i18n","ru.yandex.translate","com.newmg.yurao.pro","com.google.android.apps.translate","com.deepl.mobiletranslator","com.kursx.smartbook","com.niven.comic","com.zaz.translate","com.erudite.translator","com.screen.translate.google","com.tangdi.baiguotong","com.softissimo.reverso.context","com.language.translate.free.translator.voice.translation","com.naver.labs.translator"]},{"rank":{"index":2,"lang":"pt-br","country":"br","chineseCountryName":"巴西","pkg":"com.spaceship.screen.textcopy"},"orders":["com.recognize_text.translate.screen","com.spaceship.screen.textcopy","com.tap_to_translate.snap_translate","com.gaminik.i18n","com.niven.game","com.niven.translator","com.niven.comic","com.microsoft.translator","com.newmg.yurao.pro","com.zaz.translate","com.screen.translate.google","com.language.translate.free.translator.voice.translation","com.google.android.apps.translate","com.languagetranslator.translatorapp.smartscanner.dictionary.translation.voicetranslator","com.softissimo.reverso.context","com.deepl.mobiletranslator","translate.all.language.translator.cameratranslator","com.mobisystems.msdict.embedded.wireless.collins.ee","com.tangdi.baiguotong","com.audacityittranslator.translatetexttranslator"]},{"rank":{"index":2,"lang":"fr","country":"fr","chineseCountryName":"法国","pkg":"com.spaceship.screen.textcopy"},"orders":["com.recognize_text.translate.screen","com.spaceship.screen.textcopy","com.tap_to_translate.snap_translate","com.niven.translator","com.gaminik.i18n","com.microsoft.translator","com.niven.game","com.zaz.translate","com.newmg.yurao.pro","com.niven.comic","com.language.translate.free.translator.voice.translation","com.softissimo.reverso.context","com.tangdi.baiguotong","com.deepl.mobiletranslator","com.google.android.apps.translate","translate.all.language.translator.cameratranslator","com.erudite.translator","com.screen.translate.google","ru.yandex.translate","camtranslator.voice.text.image.translate"]},{"rank":{"index":2,"lang":"en-gb","country":"gb","chineseCountryName":"英国","pkg":"com.spaceship.screen.textcopy"},"orders":["com.recognize_text.translate.screen","com.spaceship.screen.textcopy","com.tap_to_translate.snap_translate","com.microsoft.translator","com.google.android.apps.translate","com.niven.translator","com.gaminik.i18n","com.niven.game","com.zaz.translate","com.newmg.yurao.pro","com.niven.comic","com.naver.labs.translator","com.deepl.mobiletranslator","com.language.translate.free.translator.voice.translation","com.mobisystems.msdict.embedded.wireless.collins.ee","ru.yandex.translate","com.softissimo.reverso.context","com.tangdi.baiguotong","com.languagetranslator.translatorapp.smartscanner.dictionary.translation.voicetranslator","com.screen.translate.google"]},{"rank":{"index":2,"lang":"de","country":"de","chineseCountryName":"德国","pkg":"com.spaceship.screen.textcopy"},"orders":["com.recognize_text.translate.screen","com.spaceship.screen.textcopy","com.tap_to_translate.snap_translate","com.microsoft.translator","com.gaminik.i18n","com.niven.translator","com.niven.game","com.deepl.mobiletranslator","com.google.android.apps.translate","com.niven.comic","com.zaz.translate","com.newmg.yurao.pro","com.language.translate.free.translator.voice.translation","ru.yandex.translate","com.tangdi.baiguotong","com.screen.translate.google","com.erudite.translator","com.translate.talkingtranslator","com.softissimo.reverso.context","com.mobisystems.msdict.embedded.wireless.collins.ee"]},{"rank":{"index":2,"lang":"it","country":"it","chineseCountryName":"意大利","pkg":"com.spaceship.screen.textcopy"},"orders":["com.recognize_text.translate.screen","com.spaceship.screen.textcopy","com.tap_to_translate.snap_translate","com.gaminik.i18n","com.niven.translator","com.niven.game","com.microsoft.translator","com.niven.comic","com.zaz.translate","com.newmg.yurao.pro","com.tangdi.baiguotong","com.language.translate.free.translator.voice.translation","com.google.android.apps.translate","com.deepl.mobiletranslator","com.softissimo.reverso.context","com.erudite.translator","translate.all.language.translator.cameratranslator","com.image.camera.translate.ai","com.screen.translate.google","camtranslator.voice.text.image.translate"]},{"rank":{"index":2,"lang":"ja","country":"jp","chineseCountryName":"日本","pkg":"com.spaceship.screen.textcopy"},"orders":["com.recognize_text.translate.screen","com.spaceship.screen.textcopy","com.tap_to_translate.snap_translate","com.gaminik.i18n","com.niven.game","com.niven.translator","com.microsoft.translator","com.niven.comic","com.deepl.mobiletranslator","com.newmg.yurao.pro","com.naver.labs.translator","com.language.translate.free.translator.voice.translation"]},{"rank":{"index":2,"lang":"ko","country":"kr","chineseCountryName":"韩国","pkg":"com.spaceship.screen.textcopy"},"orders":["com.recognize_text.translate.screen","com.spaceship.screen.textcopy","com.tap_to_translate.snap_translate","com.gaminik.i18n","com.microsoft.translator","com.naver.labs.translator","com.niven.translator","com.google.android.apps.translate","com.niven.game","com.niven.comic","com.deepl.mobiletranslator","com.newmg.yurao.pro","com.zaz.translate","com.mobisystems.msdict.embedded.wireless.collins.ee","com.flitto.app","com.language.translate.free.translator.voice.translation","com.screen.translate.google","com.kursx.smartbook","com.translate.talkingtranslator","com.languagetranslator.translatorapp.smartscanner.dictionary.translation.voicetranslator"]},{"rank":{"index":2,"lang":"zh-hk","country":"hk","chineseCountryName":"香港","pkg":"com.spaceship.screen.textcopy"},"orders":["com.recognize_text.translate.screen","com.spaceship.screen.textcopy","com.gaminik.i18n","com.tap_to_translate.snap_translate","com.microsoft.translator","com.google.android.apps.translate","com.niven.translator","com.niven.game","com.naver.labs.translator","com.zaz.translate","com.niven.comic","com.tangdi.baiguotong","com.deepl.mobiletranslator","com.newmg.yurao.pro","com.language.translate.free.translator.voice.translation","com.mobisystems.msdict.embedded.wireless.collins.ee","jp.go.nict.voicetra","ru.yandex.translate","com.screen.translate.google","translate.all.language.translator.cameratranslator"]},{"rank":{"index":2,"lang":"zh-tw","country":"tw","chineseCountryName":"台湾","pkg":"com.spaceship.screen.textcopy"},"orders":["com.recognize_text.translate.screen","com.spaceship.screen.textcopy","com.tap_to_translate.snap_translate","com.gaminik.i18n","com.microsoft.translator","com.niven.translator","com.google.android.apps.translate","com.niven.game","com.naver.labs.translator","com.zaz.translate","com.niven.comic","com.tangdi.baiguotong","com.newmg.yurao.pro","com.language.translate.free.translator.voice.translation","com.kursx.smartbook","com.deepl.mobiletranslator","jp.go.nict.voicetra","com.mobisystems.msdict.embedded.wireless.collins.ee","ru.yandex.translate","com.translate.talkingtranslator"]},{"rank":{"index":2,"lang":"en","country":"in","chineseCountryName":"印度","pkg":"com.spaceship.screen.textcopy"},"orders":["com.recognize_text.translate.screen","com.spaceship.screen.textcopy","com.tap_to_translate.snap_translate"]},{"rank":{"index":2,"lang":"id","country":"id","chineseCountryName":"印尼","pkg":"com.spaceship.screen.textcopy"},"orders":["com.recognize_text.translate.screen","com.spaceship.screen.textcopy","com.tap_to_translate.snap_translate","com.niven.translator","com.niven.game","com.gaminik.i18n","com.niven.comic","com.newmg.yurao.pro","com.microsoft.translator","com.youdao.hindict","com.google.android.apps.translate","com.deepl.mobiletranslator"]},{"rank":{"index":2,"lang":"es-mx","country":"mx","chineseCountryName":"墨西哥","pkg":"com.spaceship.screen.textcopy"},"orders":["com.recognize_text.translate.screen","com.spaceship.screen.textcopy","com.tap_to_translate.snap_translate","com.niven.game","com.gaminik.i18n","com.niven.translator","com.microsoft.translator","com.niven.comic","com.newmg.yurao.pro","com.google.android.apps.translate"]}]