[{"rank":{"index":2,"lang":"en-us","country":"us","chineseCountryName":"美国","pkg":"com.spaceship.screen.textcopy"},"orders":["com.recognize_text.translate.screen","com.spaceship.screen.textcopy","com.gaminik.i18n","com.niven.translator","com.google.android.apps.translate","com.screen.translate.google","com.galaxy.airviewdictionary","com.tap_to_translate.snap_translate","com.newmg.yurao.pro","com.deepl.mobiletranslator","com.microsoft.translator","com.immersivetranslate.browser","at.nk.tools.iTranslate","com.datacomprojects.scanandtranslate","com.fapp.translate.language.translator.fasttranslation","ru.yandex.translate","co.appnation.aivoicetranslator","com.niven.game","photo.translate.camera.translator","com.voice_camera_free_translate"]},{"rank":{"index":4,"lang":"ru","country":"ru","chineseCountryName":"俄罗斯","pkg":"com.spaceship.screen.textcopy"},"orders":["com.recognize_text.translate.screen","com.gaminik.i18n","com.niven.translator","com.spaceship.screen.textcopy","com.tap_to_translate.snap_translate","com.newmg.yurao.pro","com.screen.translate.google","com.galaxy.airviewdictionary","ru.yandex.translate","com.deepl.mobiletranslator","com.microsoft.translator","com.niven.game"]},{"rank":{"index":2,"lang":"pt-br","country":"br","chineseCountryName":"巴西","pkg":"com.spaceship.screen.textcopy"},"orders":["com.recognize_text.translate.screen","com.spaceship.screen.textcopy","com.gaminik.i18n","com.niven.translator","com.tap_to_translate.snap_translate","com.galaxy.airviewdictionary","com.screen.translate.google","com.newmg.yurao.pro","com.niven.apptranslate","com.deepl.mobiletranslator","com.niven.game","com.voice_camera_free_translate","com.microsoft.translator","com.hive.lingonative","com.immersivetranslate.browser","com.fapp.translate.language.translator.fasttranslation","at.nk.tools.iTranslate","com.datacomprojects.scanandtranslate","com.newtranslate.google","com.eecorp.linguago"]},{"rank":{"index":2,"lang":"fr","country":"fr","chineseCountryName":"法国","pkg":"com.spaceship.screen.textcopy"},"orders":["com.recognize_text.translate.screen","com.spaceship.screen.textcopy","com.gaminik.i18n","com.tap_to_translate.snap_translate","com.niven.translator","com.galaxy.airviewdictionary","com.newmg.yurao.pro","com.screen.translate.google","com.deepl.mobiletranslator","com.google.android.apps.translate","com.voice_camera_free_translate","com.microsoft.translator","com.fapp.translate.language.translator.fasttranslation","com.niven.apptranslate","com.immersivetranslate.browser","com.datacomprojects.scanandtranslate","live.screentranslate.realtime","ru.yandex.translate","com.hive.lingonative","at.nk.tools.iTranslate"]},{"rank":{"index":3,"lang":"en-gb","country":"gb","chineseCountryName":"英国","pkg":"com.spaceship.screen.textcopy"},"orders":["com.recognize_text.translate.screen","com.gaminik.i18n","com.spaceship.screen.textcopy","com.niven.translator","com.google.android.apps.translate","com.screen.translate.google","com.galaxy.airviewdictionary","com.newmg.yurao.pro","com.tap_to_translate.snap_translate","com.deepl.mobiletranslator","com.microsoft.translator","com.immersivetranslate.browser","at.nk.tools.iTranslate","com.fapp.translate.language.translator.fasttranslation","com.datacomprojects.scanandtranslate","com.niven.game","photo.translate.camera.translator","co.appnation.aivoicetranslator","com.simyasolutions.translate","ru.yandex.translate"]},{"rank":{"index":3,"lang":"de","country":"de","chineseCountryName":"德国","pkg":"com.spaceship.screen.textcopy"},"orders":["com.recognize_text.translate.screen","com.niven.translator","com.spaceship.screen.textcopy","com.gaminik.i18n","com.tap_to_translate.snap_translate","com.galaxy.airviewdictionary","com.newmg.yurao.pro","com.screen.translate.google","com.deepl.mobiletranslator","com.google.android.apps.translate","com.microsoft.translator","com.immersivetranslate.browser","com.fapp.translate.language.translator.fasttranslation","com.niven.apptranslate","com.voice_camera_free_translate","com.datacomprojects.scanandtranslate","com.hive.lingonative","ru.yandex.translate","at.nk.tools.iTranslate","link.zhidou.btranslator"]},{"rank":{"index":3,"lang":"it","country":"it","chineseCountryName":"意大利","pkg":"com.spaceship.screen.textcopy"},"orders":["com.recognize_text.translate.screen","com.gaminik.i18n","com.spaceship.screen.textcopy","com.niven.translator","com.tap_to_translate.snap_translate","com.galaxy.airviewdictionary","com.screen.translate.google","com.newmg.yurao.pro","com.deepl.mobiletranslator","com.microsoft.translator","com.fapp.translate.language.translator.fasttranslation","com.immersivetranslate.browser","com.datacomprojects.scanandtranslate"]},{"rank":{"index":3,"lang":"ja","country":"jp","chineseCountryName":"日本","pkg":"com.spaceship.screen.textcopy"},"orders":["com.recognize_text.translate.screen","com.gaminik.i18n","com.spaceship.screen.textcopy","com.tap_to_translate.snap_translate","com.niven.translator","com.screen.translate.google","com.newmg.yurao.pro","com.galaxy.airviewdictionary","com.deepl.mobiletranslator","com.immersivetranslate.browser","com.microsoft.translator"]},{"rank":{"index":3,"lang":"ko","country":"kr","chineseCountryName":"韩国","pkg":"com.spaceship.screen.textcopy"},"orders":["com.gaminik.i18n","com.recognize_text.translate.screen","com.spaceship.screen.textcopy","com.tap_to_translate.snap_translate","com.niven.translator","com.screen.translate.google","com.newmg.yurao.pro","com.galaxy.airviewdictionary","com.immersivetranslate.browser","com.deepl.mobiletranslator","com.voice_camera_free_translate","com.niven.apptranslate","com.niven.game","com.fapp.translate.language.translator.fasttranslation","com.microsoft.translator","com.hive.lingonative","com.datacomprojects.scanandtranslate","com.google.android.apps.translate","com.naver.labs.translator","at.nk.tools.iTranslate"]},{"rank":{"index":2,"lang":"zh-hk","country":"hk","chineseCountryName":"香港","pkg":"com.spaceship.screen.textcopy"},"orders":["com.recognize_text.translate.screen","com.spaceship.screen.textcopy","com.gaminik.i18n","com.screen.translate.google","com.tap_to_translate.snap_translate","com.niven.translator","com.galaxy.airviewdictionary","com.newmg.yurao.pro","com.deepl.mobiletranslator","com.google.android.apps.translate","com.microsoft.translator","com.immersivetranslate.browser","com.voice_camera_free_translate","at.nk.tools.iTranslate","com.niven.game","com.fapp.translate.language.translator.fasttranslation","ru.yandex.translate","com.datacomprojects.scanandtranslate","photo.translate.camera.translator","com.niven.apptranslate"]},{"rank":{"index":2,"lang":"zh-tw","country":"tw","chineseCountryName":"台湾","pkg":"com.spaceship.screen.textcopy"},"orders":["com.recognize_text.translate.screen","com.spaceship.screen.textcopy","com.galaxy.airviewdictionary","com.niven.translator","com.screen.translate.google","com.gaminik.i18n","com.newmg.yurao.pro","com.tap_to_translate.snap_translate","com.niven.apptranslate","com.hive.lingonative","com.deepl.mobiletranslator","com.immersivetranslate.browser","com.datacomprojects.scanandtranslate","com.microsoft.translator","com.newtranslate.google","com.fapp.translate.language.translator.fasttranslation","com.google.android.apps.translate","at.nk.tools.iTranslate","com.niven.game","photo.translate.camera.translator"]},{"rank":{"index":2,"lang":"en","country":"in","chineseCountryName":"印度","pkg":"com.spaceship.screen.textcopy"},"orders":["com.recognize_text.translate.screen","com.spaceship.screen.textcopy","com.gaminik.i18n","com.newmg.yurao.pro","com.google.android.apps.translate"]},{"rank":{"index":2,"lang":"id","country":"id","chineseCountryName":"印尼","pkg":"com.spaceship.screen.textcopy"},"orders":["com.recognize_text.translate.screen","com.spaceship.screen.textcopy","com.tap_to_translate.snap_translate","com.gaminik.i18n","com.niven.translator","com.galaxy.airviewdictionary","com.newmg.yurao.pro","com.screen.translate.google","com.fapp.translate.language.translator.fasttranslation","com.niven.game","com.deepl.mobiletranslator","com.niven.apptranslate","com.google.android.apps.translate"]},{"rank":{"index":2,"lang":"es-mx","country":"mx","chineseCountryName":"墨西哥","pkg":"com.spaceship.screen.textcopy"},"orders":["com.recognize_text.translate.screen","com.spaceship.screen.textcopy","com.tap_to_translate.snap_translate","com.gaminik.i18n","com.newmg.yurao.pro","com.microsoft.translator","at.nk.tools.iTranslate","com.google.android.apps.translate","ru.yandex.translate","com.ticktalk.translatevoice","com.voice_camera_free_translate","photo.translate.camera.translator","link.zhidou.btranslator","co.appnation.aivoicetranslator","com.immersivetranslate.browser","com.niven.translator","com.galaxy.airviewdictionary","com.screen.translate.google","com.datacomprojects.scanandtranslate","com.fapp.translate.language.translator.fasttranslation"]}]