[{"rank":{"index":2,"lang":"en-us","country":"us","chineseCountryName":"美国","pkg":"com.spaceship.screen.textcopy"},"orders":["com.recognize_text.translate.screen","com.spaceship.screen.textcopy","com.gaminik.i18n","com.mg.yurao.google","com.microsoft.translator","com.google.android.apps.translate","com.tap_to_translate.snap_translate","com.niven.translator","com.niven.game","screen.translator.voice.translate","com.niven.comic","com.translate.talkingtranslator","com.niven.apptranslate","com.newmg.yurao.pro","com.eecorp.linguago","com.naver.labs.translator","at.nk.tools.iTranslate","com.eecorp.taptranslator","com.mobisystems.msdict.embedded.wireless.collins.ee","com.datacomprojects.scanandtranslate"]},{"rank":{"index":2,"lang":"ru","country":"ru","chineseCountryName":"俄罗斯","pkg":"com.spaceship.screen.textcopy"},"orders":["com.recognize_text.translate.screen","com.spaceship.screen.textcopy","com.tap_to_translate.snap_translate","com.gaminik.i18n","com.mg.yurao.google","com.niven.translator","com.microsoft.translator","com.niven.game","com.google.android.apps.translate","com.niven.comic","com.niven.apptranslate","com.eecorp.linguago","com.newmg.yurao.pro","com.datacomprojects.scanandtranslate","screen.translator.voice.translate","com.ydzlabs.chattranslator","ru.yandex.translate","at.nk.tools.iTranslate","com.pidev.screentranslator","com.youdao.hindict"]},{"rank":{"index":2,"lang":"pt-br","country":"br","chineseCountryName":"巴西","pkg":"com.spaceship.screen.textcopy"},"orders":["com.recognize_text.translate.screen","com.spaceship.screen.textcopy","com.tap_to_translate.snap_translate","com.gaminik.i18n","com.mg.yurao.google","com.niven.translator","com.niven.game","com.niven.comic","com.eecorp.linguago","com.niven.apptranslate","com.youdao.hindict","com.microsoft.translator","com.newmg.yurao.pro","com.google.android.apps.translate","at.nk.tools.iTranslate","screen.translator.voice.translate","com.ydzlabs.chattranslator","com.google.android.apps.docs","com.discord","com.android.chrome"]},{"rank":{"index":2,"lang":"fr","country":"fr","chineseCountryName":"法国","pkg":"com.spaceship.screen.textcopy"},"orders":["com.recognize_text.translate.screen","com.spaceship.screen.textcopy","com.gaminik.i18n","com.mg.yurao.google","com.niven.game","screen.translator.voice.translate","com.niven.translator","com.tap_to_translate.snap_translate","com.eecorp.linguago","com.niven.comic","com.microsoft.translator","com.newmg.yurao.pro","com.datacomprojects.scanandtranslate","com.niven.apptranslate","com.google.android.apps.translate","com.eecorp.taptranslator","at.nk.tools.iTranslate","com.translate.talkingtranslator","com.chat_translate.screen_translate","com.ydzlabs.chattranslator"]},{"rank":{"index":2,"lang":"en-gb","country":"gb","chineseCountryName":"英国","pkg":"com.spaceship.screen.textcopy"},"orders":["com.recognize_text.translate.screen","com.spaceship.screen.textcopy","com.microsoft.translator","com.google.android.apps.translate","com.mg.yurao.google","com.gaminik.i18n","screen.translator.voice.translate","com.tap_to_translate.snap_translate","com.niven.translator","com.niven.game","com.niven.comic","com.translate.talkingtranslator","com.newmg.yurao.pro","com.eecorp.linguago","com.datacomprojects.scanandtranslate","com.niven.apptranslate","at.nk.tools.iTranslate","com.mobisystems.msdict.embedded.wireless.collins.ee","com.eecorp.taptranslator","xbean.image.picture.translate.ocr"]},{"rank":{"index":2,"lang":"de","country":"de","chineseCountryName":"德国","pkg":"com.spaceship.screen.textcopy"},"orders":["com.recognize_text.translate.screen","com.spaceship.screen.textcopy","com.gaminik.i18n","com.mg.yurao.google","com.niven.game","com.niven.translator","com.microsoft.translator","com.niven.comic","com.eecorp.linguago","com.newmg.yurao.pro","com.tap_to_translate.snap_translate","com.niven.apptranslate","screen.translator.voice.translate","com.google.android.apps.translate","com.translate.talkingtranslator","com.mobisystems.msdict.embedded.wireless.collins.ee","at.nk.tools.iTranslate","com.datacomprojects.scanandtranslate","com.deepl.mobiletranslator","com.ydzlabs.chattranslator"]},{"rank":{"index":2,"lang":"it","country":"it","chineseCountryName":"意大利","pkg":"com.spaceship.screen.textcopy"},"orders":["com.recognize_text.translate.screen","com.spaceship.screen.textcopy","com.gaminik.i18n","com.mg.yurao.google","screen.translator.voice.translate","com.niven.game","com.niven.translator","com.tap_to_translate.snap_translate","com.microsoft.translator","com.niven.comic","com.eecorp.linguago","com.niven.apptranslate","at.nk.tools.iTranslate","com.eecorp.taptranslator","com.newmg.yurao.pro","com.google.android.apps.translate","com.translate.talkingtranslator","com.mobisystems.msdict.embedded.wireless.collins.ee","com.chat_translate.screen_translate","com.deepl.mobiletranslator"]},{"rank":{"index":2,"lang":"ja","country":"jp","chineseCountryName":"日本","pkg":"com.spaceship.screen.textcopy"},"orders":["com.recognize_text.translate.screen","com.spaceship.screen.textcopy","com.gaminik.i18n","com.mg.yurao.google","com.eecorp.taptranslator","com.niven.game","com.tap_to_translate.snap_translate","com.niven.translator","com.niven.comic","com.eecorp.linguago","com.niven.apptranslate","com.newmg.yurao.pro","com.deepl.mobiletranslator","screen.translator.voice.translate","com.microsoft.translator","com.google.android.apps.translate","com.chat_translate.screen_translate","com.translator.translation.screen.translate.voice.languages.text.translating","com.naver.labs.translator","com.pidev.screentranslator"]},{"rank":{"index":2,"lang":"ko","country":"kr","chineseCountryName":"韩国","pkg":"com.spaceship.screen.textcopy"},"orders":["com.recognize_text.translate.screen","com.spaceship.screen.textcopy","com.mg.yurao.google","com.tap_to_translate.snap_translate","com.gaminik.i18n","com.microsoft.translator","com.google.android.apps.translate","com.niven.translator","com.niven.game","com.niven.comic","com.newmg.yurao.pro","com.naver.labs.translator","com.niven.apptranslate","com.datacomprojects.scanandtranslate","com.translate.talkingtranslator","com.eecorp.linguago","at.nk.tools.iTranslate","screen.translator.voice.translate","com.ydzlabs.chattranslator","com.eecorp.taptranslator"]},{"rank":{"index":2,"lang":"zh-hk","country":"hk","chineseCountryName":"香港","pkg":"com.spaceship.screen.textcopy"},"orders":["com.recognize_text.translate.screen","com.spaceship.screen.textcopy","com.mg.yurao.google","com.microsoft.translator","com.gaminik.i18n","com.tap_to_translate.snap_translate","com.google.android.apps.translate","com.niven.translator","com.niven.game","com.niven.comic","com.newmg.yurao.pro","com.translate.talkingtranslator","com.datacomprojects.scanandtranslate","at.nk.tools.iTranslate","com.eecorp.linguago","com.niven.apptranslate","com.zaz.translate","screen.translator.voice.translate","com.naver.labs.translator","com.mobisystems.msdict.embedded.wireless.collins.ee"]},{"rank":{"index":3,"lang":"zh-tw","country":"tw","chineseCountryName":"台湾","pkg":"com.spaceship.screen.textcopy"},"orders":["com.recognize_text.translate.screen","com.mg.yurao.google","com.spaceship.screen.textcopy","com.tap_to_translate.snap_translate","com.microsoft.translator","com.gaminik.i18n","com.google.android.apps.translate","com.niven.game","com.niven.translator","com.niven.comic","com.newmg.yurao.pro","com.translate.talkingtranslator","com.niven.apptranslate","com.datacomprojects.scanandtranslate","com.eecorp.linguago","at.nk.tools.iTranslate","com.mobisystems.msdict.embedded.wireless.collins.ee","xbean.image.picture.translate.ocr","com.mg.subtitle.google","com.ydzlabs.chattranslator"]},{"rank":{"index":2,"lang":"en","country":"in","chineseCountryName":"印度","pkg":"com.spaceship.screen.textcopy"},"orders":["com.recognize_text.translate.screen","com.spaceship.screen.textcopy","com.tap_to_translate.snap_translate","screen.translator.voice.translate","com.google.android.apps.translate","com.gaminik.i18n","com.microsoft.translator","com.niven.translator","com.niven.game","com.niven.comic","com.newmg.yurao.pro","com.zaz.translate","com.eecorp.linguago","com.niven.apptranslate","at.nk.tools.iTranslate","com.translate.talkingtranslator","translate.smartranit.language.text","com.datacomprojects.scanandtranslate","com.chat_translate.screen_translate","com.mg.yurao.google"]},{"rank":{"index":1,"lang":"id","country":"id","chineseCountryName":"印尼","pkg":"com.spaceship.screen.textcopy"},"orders":["com.spaceship.screen.textcopy","com.recognize_text.translate.screen","com.gaminik.i18n","com.tap_to_translate.snap_translate","com.mg.yurao.google","com.niven.translator","com.eecorp.linguago","com.niven.game","com.google.android.apps.translate"]},{"rank":{"index":2,"lang":"es-mx","country":"mx","chineseCountryName":"墨西哥","pkg":"com.spaceship.screen.textcopy"},"orders":["com.recognize_text.translate.screen","com.spaceship.screen.textcopy","com.gaminik.i18n","com.niven.game","com.mg.yurao.google","com.niven.translator","com.tap_to_translate.snap_translate","com.niven.comic","com.eecorp.linguago","com.microsoft.translator","com.youdao.hindict","com.niven.apptranslate","com.google.android.apps.translate","at.nk.tools.iTranslate","com.mobisystems.msdict.embedded.wireless.collins.ee","com.newmg.yurao.pro","screen.translator.voice.translate","com.google.android.apps.docs","com.google.android.apps.photos","com.android.chrome"]}]