[{"rank":{"index":2,"lang":"en-us","country":"us","chineseCountryName":"美国","pkg":"com.spaceship.screen.textcopy"},"orders":["com.recognize_text.translate.screen","com.spaceship.screen.textcopy","com.tap_to_translate.snap_translate","com.newmg.yurao.pro","com.microsoft.translator","com.google.android.apps.translate","com.gaminik.i18n","com.niven.translator","com.deepl.mobiletranslator","com.niven.game","com.immersivetranslate.browser","com.zaz.translate","com.screen.translate.google","com.naver.labs.translator","ru.yandex.translate","com.translate.talkingtranslator","com.eecorp.taptranslator","com.youdao.hindict","at.nk.tools.iTranslate","com.google.ar.lens"]},{"rank":{"index":0,"lang":"ru","country":"ru","chineseCountryName":"俄罗斯","pkg":"com.spaceship.screen.textcopy"},"orders":["com.recognize_text.translate.screen","com.tap_to_translate.snap_translate","com.niven.translator","com.newmg.yurao.pro","com.microsoft.translator","com.gaminik.i18n","com.google.android.apps.translate","com.niven.game","ru.yandex.translate","com.immersivetranslate.browser","com.deepl.mobiletranslator","com.screen.translate.google","com.translate.talkingtranslator","com.zaz.translate","com.google.ar.lens","com.niven.apptranslate","at.nk.tools.iTranslate","com.datacomprojects.scanandtranslate","com.tangdi.baiguotong","com.voice_camera_free_translate"]},{"rank":{"index":2,"lang":"pt-br","country":"br","chineseCountryName":"巴西","pkg":"com.spaceship.screen.textcopy"},"orders":["com.recognize_text.translate.screen","com.spaceship.screen.textcopy","com.tap_to_translate.snap_translate","com.newmg.yurao.pro","com.gaminik.i18n","com.niven.translator","com.microsoft.translator","com.niven.game","com.google.android.apps.translate","com.eecorp.taptranslator","com.screen.translate.google","com.immersivetranslate.browser","com.deepl.mobiletranslator","com.translate.talkingtranslator","ru.yandex.translate","com.google.ar.lens","com.tangdi.baiguotong","com.voice_camera_free_translate","com.youdao.hindict","at.nk.tools.iTranslate"]},{"rank":{"index":3,"lang":"fr","country":"fr","chineseCountryName":"法国","pkg":"com.spaceship.screen.textcopy"},"orders":["com.recognize_text.translate.screen","com.tap_to_translate.snap_translate","com.spaceship.screen.textcopy","com.newmg.yurao.pro","com.niven.translator","com.gaminik.i18n","com.microsoft.translator","com.google.android.apps.translate","com.screen.translate.google","com.eecorp.taptranslator","com.niven.game","com.deepl.mobiletranslator","com.immersivetranslate.browser","com.translate.talkingtranslator","ru.yandex.translate","com.google.ar.lens","com.niven.apptranslate","com.zaz.translate","screen.translator.voice.translate","com.voice_camera_free_translate"]},{"rank":{"index":2,"lang":"en-gb","country":"gb","chineseCountryName":"英国","pkg":"com.spaceship.screen.textcopy"},"orders":["com.recognize_text.translate.screen","com.spaceship.screen.textcopy","com.tap_to_translate.snap_translate","com.newmg.yurao.pro","com.google.android.apps.translate","com.microsoft.translator","com.gaminik.i18n","com.niven.translator","com.zaz.translate","com.deepl.mobiletranslator","com.niven.game","com.immersivetranslate.browser","ru.yandex.translate","com.eecorp.taptranslator","com.youdao.hindict","com.screen.translate.google","com.translate.talkingtranslator","at.nk.tools.iTranslate","com.google.ar.lens","screen.translator.voice.translate"]},{"rank":{"index":2,"lang":"de","country":"de","chineseCountryName":"德国","pkg":"com.spaceship.screen.textcopy"},"orders":["com.recognize_text.translate.screen","com.spaceship.screen.textcopy","com.newmg.yurao.pro","com.tap_to_translate.snap_translate","com.gaminik.i18n","com.niven.translator","com.microsoft.translator","com.google.android.apps.translate","com.niven.game","com.deepl.mobiletranslator","com.screen.translate.google","com.immersivetranslate.browser","com.translate.talkingtranslator","ru.yandex.translate","com.eecorp.taptranslator","com.google.ar.lens","com.voice_camera_free_translate","com.zaz.translate","at.nk.tools.iTranslate","com.niven.apptranslate"]},{"rank":{"index":2,"lang":"it","country":"it","chineseCountryName":"意大利","pkg":"com.spaceship.screen.textcopy"},"orders":["com.recognize_text.translate.screen","com.spaceship.screen.textcopy","com.tap_to_translate.snap_translate","com.newmg.yurao.pro","com.gaminik.i18n","com.microsoft.translator","com.niven.translator","com.google.android.apps.translate","com.niven.game","com.deepl.mobiletranslator","com.eecorp.taptranslator","com.screen.translate.google","com.translate.talkingtranslator","com.immersivetranslate.browser","com.google.ar.lens","ru.yandex.translate","at.nk.tools.iTranslate","com.tangdi.baiguotong","com.voice_camera_free_translate","com.zaz.translate"]},{"rank":{"index":3,"lang":"ja","country":"jp","chineseCountryName":"日本","pkg":"com.spaceship.screen.textcopy"},"orders":["com.recognize_text.translate.screen","com.tap_to_translate.snap_translate","com.spaceship.screen.textcopy","com.newmg.yurao.pro","com.gaminik.i18n","com.niven.translator","com.microsoft.translator","com.screen.translate.google","com.google.android.apps.translate","com.eecorp.taptranslator","com.niven.game","com.deepl.mobiletranslator","com.immersivetranslate.browser","com.google.ar.lens","com.translate.talkingtranslator","com.niven.apptranslate","com.naver.labs.translator","com.google.android.apps.maps","com.android.chrome","com.openai.chatgpt"]},{"rank":{"index":2,"lang":"ko","country":"kr","chineseCountryName":"韩国","pkg":"com.spaceship.screen.textcopy"},"orders":["com.recognize_text.translate.screen","com.spaceship.screen.textcopy","com.tap_to_translate.snap_translate","com.newmg.yurao.pro","com.microsoft.translator","com.niven.translator","com.gaminik.i18n","com.google.android.apps.translate","com.naver.labs.translator","com.niven.game","com.deepl.mobiletranslator","com.translate.talkingtranslator","com.immersivetranslate.browser","com.screen.translate.google","com.eecorp.taptranslator","com.google.ar.lens","com.zaz.translate","at.nk.tools.iTranslate","ru.yandex.translate","com.niven.apptranslate"]},{"rank":{"index":2,"lang":"zh-hk","country":"hk","chineseCountryName":"香港","pkg":"com.spaceship.screen.textcopy"},"orders":["com.recognize_text.translate.screen","com.spaceship.screen.textcopy","com.tap_to_translate.snap_translate","com.newmg.yurao.pro","com.microsoft.translator","com.gaminik.i18n","com.google.android.apps.translate","com.niven.translator","com.immersivetranslate.browser","com.niven.game","com.deepl.mobiletranslator","com.screen.translate.google","ru.yandex.translate","com.eecorp.taptranslator","com.naver.labs.translator","com.google.ar.lens","com.zaz.translate","at.nk.tools.iTranslate","com.translate.talkingtranslator","com.niven.apptranslate"]},{"rank":{"index":2,"lang":"zh-tw","country":"tw","chineseCountryName":"台湾","pkg":"com.spaceship.screen.textcopy"},"orders":["com.recognize_text.translate.screen","com.spaceship.screen.textcopy","com.newmg.yurao.pro","com.tap_to_translate.snap_translate","com.microsoft.translator","com.gaminik.i18n","com.niven.translator","com.google.android.apps.translate","com.immersivetranslate.browser","com.niven.game","com.screen.translate.google","com.deepl.mobiletranslator","com.naver.labs.translator","com.eecorp.taptranslator","com.translate.talkingtranslator","com.google.ar.lens","at.nk.tools.iTranslate","com.zaz.translate","com.voice_camera_free_translate","ru.yandex.translate"]},{"rank":{"index":2,"lang":"en","country":"in","chineseCountryName":"印度","pkg":"com.spaceship.screen.textcopy"},"orders":["com.recognize_text.translate.screen","com.spaceship.screen.textcopy","com.newmg.yurao.pro","com.google.android.apps.translate"]},{"rank":{"index":3,"lang":"id","country":"id","chineseCountryName":"印尼","pkg":"com.spaceship.screen.textcopy"},"orders":["com.recognize_text.translate.screen","com.tap_to_translate.snap_translate","com.spaceship.screen.textcopy","com.niven.translator","com.newmg.yurao.pro","com.gaminik.i18n","com.niven.game","com.youdao.hindict","com.microsoft.translator","com.screen.translate.google","com.google.android.apps.translate","com.eecorp.taptranslator","com.deepl.mobiletranslator"]},{"rank":{"index":2,"lang":"es-mx","country":"mx","chineseCountryName":"墨西哥","pkg":"com.spaceship.screen.textcopy"},"orders":["com.recognize_text.translate.screen","com.spaceship.screen.textcopy","com.gaminik.i18n","com.newmg.yurao.pro","com.tap_to_translate.snap_translate","com.niven.translator","com.microsoft.translator","com.google.android.apps.translate","com.niven.game","com.screen.translate.google","com.deepl.mobiletranslator","com.eecorp.taptranslator","com.immersivetranslate.browser","com.google.ar.lens","com.translate.talkingtranslator","ru.yandex.translate","at.nk.tools.iTranslate","com.niven.apptranslate","com.zaz.translate","com.youdao.hindict"]}]