[{"rank":{"index":2,"lang":"en-us","country":"us","chineseCountryName":"美国","pkg":"com.spaceship.screen.textcopy"},"orders":["com.recognize_text.translate.screen","com.spaceship.screen.textcopy","com.gaminik.i18n","com.newmg.yurao.pro","com.google.android.apps.translate","com.microsoft.translator","com.niven.translator","com.deepl.mobiletranslator","com.tap_to_translate.snap_translate","ru.yandex.translate","com.google.ar.lens","com.naver.labs.translator","com.niven.game","com.screen.translate.google","com.eecorp.linguago","com.zaz.translate","at.nk.tools.iTranslate","com.immersivetranslate.browser","com.niven.apptranslate","com.translate.talkingtranslator"]},{"rank":{"index":0,"lang":"ru","country":"ru","chineseCountryName":"俄罗斯","pkg":"com.spaceship.screen.textcopy"},"orders":["com.recognize_text.translate.screen","com.gaminik.i18n","com.newmg.yurao.pro","com.google.android.apps.translate","ru.yandex.translate","com.niven.translator","com.deepl.mobiletranslator","com.microsoft.translator","com.tap_to_translate.snap_translate","com.niven.game","com.immersivetranslate.browser","com.google.ar.lens","com.eecorp.linguago","com.zaz.translate","com.translate.talkingtranslator"]},{"rank":{"index":2,"lang":"pt-br","country":"br","chineseCountryName":"巴西","pkg":"com.spaceship.screen.textcopy"},"orders":["com.recognize_text.translate.screen","com.spaceship.screen.textcopy","com.newmg.yurao.pro","com.tap_to_translate.snap_translate","com.gaminik.i18n","com.google.android.apps.translate","com.deepl.mobiletranslator","com.microsoft.translator","ru.yandex.translate","com.zaz.translate","at.nk.tools.iTranslate","com.google.ar.lens","com.naver.labs.translator","com.translate.talkingtranslator","com.softissimo.reverso.context","photo.translate.camera.translator","com.ticktalk.translatevoice","com.niven.translator","com.niven.game","com.galaxy.airviewdictionary"]},{"rank":{"index":2,"lang":"fr","country":"fr","chineseCountryName":"法国","pkg":"com.spaceship.screen.textcopy"},"orders":["com.recognize_text.translate.screen","com.spaceship.screen.textcopy","com.gaminik.i18n","com.tap_to_translate.snap_translate","com.newmg.yurao.pro","com.google.android.apps.translate","com.niven.translator","com.deepl.mobiletranslator","com.microsoft.translator","ru.yandex.translate","com.google.ar.lens","com.niven.game","com.zaz.translate","com.screen.translate.google","com.niven.apptranslate","com.eecorp.linguago","com.naver.labs.translator","com.google.android.apps.tachyon","com.instagram.android","top.applocalize.translate"]},{"rank":{"index":2,"lang":"en-gb","country":"gb","chineseCountryName":"英国","pkg":"com.spaceship.screen.textcopy"},"orders":["com.recognize_text.translate.screen","com.spaceship.screen.textcopy","com.newmg.yurao.pro","com.gaminik.i18n","com.google.android.apps.translate","com.microsoft.translator","com.deepl.mobiletranslator","com.niven.translator","ru.yandex.translate","com.tap_to_translate.snap_translate","com.zaz.translate","com.google.ar.lens","com.naver.labs.translator","com.niven.game","com.eecorp.linguago","com.immersivetranslate.browser","com.screen.translate.google","at.nk.tools.iTranslate","com.niven.apptranslate","photo.translate.camera.translator"]},{"rank":{"index":2,"lang":"de","country":"de","chineseCountryName":"德国","pkg":"com.spaceship.screen.textcopy"},"orders":["com.recognize_text.translate.screen","com.spaceship.screen.textcopy","com.gaminik.i18n","com.newmg.yurao.pro","com.niven.translator","com.google.android.apps.translate","com.microsoft.translator","com.tap_to_translate.snap_translate","com.deepl.mobiletranslator","ru.yandex.translate","com.niven.game","com.screen.translate.google","com.google.ar.lens","com.niven.apptranslate","com.eecorp.linguago","com.immersivetranslate.browser","com.zaz.translate","com.google.android.apps.tachyon","top.applocalize.translate","com.translate.talkingtranslator"]},{"rank":{"index":2,"lang":"it","country":"it","chineseCountryName":"意大利","pkg":"com.spaceship.screen.textcopy"},"orders":["com.recognize_text.translate.screen","com.spaceship.screen.textcopy","com.gaminik.i18n","com.newmg.yurao.pro","com.google.android.apps.translate","com.tap_to_translate.snap_translate","com.microsoft.translator","com.deepl.mobiletranslator","com.niven.translator","com.niven.game","com.google.ar.lens","ru.yandex.translate"]},{"rank":{"index":2,"lang":"ja","country":"jp","chineseCountryName":"日本","pkg":"com.spaceship.screen.textcopy"},"orders":["com.recognize_text.translate.screen","com.spaceship.screen.textcopy","com.gaminik.i18n","com.newmg.yurao.pro","com.google.android.apps.translate","com.deepl.mobiletranslator","com.tap_to_translate.snap_translate","com.microsoft.translator","com.google.ar.lens","com.niven.translator","com.naver.labs.translator","com.eecorp.linguago","com.niven.game","ru.yandex.translate","com.immersivetranslate.browser","com.screen.translate.google","com.niven.apptranslate","com.zaz.translate","at.nk.tools.iTranslate","photo.translate.camera.translator"]},{"rank":{"index":2,"lang":"ko","country":"kr","chineseCountryName":"韩国","pkg":"com.spaceship.screen.textcopy"},"orders":["com.recognize_text.translate.screen","com.spaceship.screen.textcopy","com.newmg.yurao.pro","com.gaminik.i18n","com.tap_to_translate.snap_translate","com.niven.translator","com.google.android.apps.translate","com.naver.labs.translator","com.microsoft.translator","com.niven.game","com.eecorp.linguago","com.deepl.mobiletranslator","com.immersivetranslate.browser","com.niven.apptranslate","com.screen.translate.google","ru.yandex.translate","com.google.ar.lens","com.zaz.translate","com.facebook.orca","com.instagram.android"]},{"rank":{"index":2,"lang":"zh-hk","country":"hk","chineseCountryName":"香港","pkg":"com.spaceship.screen.textcopy"},"orders":["com.recognize_text.translate.screen","com.spaceship.screen.textcopy","com.newmg.yurao.pro","com.gaminik.i18n","com.tap_to_translate.snap_translate","com.microsoft.translator","com.google.android.apps.translate","com.niven.translator","com.naver.labs.translator","com.niven.game","com.eecorp.linguago","com.screen.translate.google","com.google.ar.lens","com.niven.apptranslate","com.deepl.mobiletranslator","ru.yandex.translate","com.immersivetranslate.browser","photo.translate.camera.translator","top.applocalize.translate","com.google.android.apps.maps"]},{"rank":{"index":2,"lang":"zh-tw","country":"tw","chineseCountryName":"台湾","pkg":"com.spaceship.screen.textcopy"},"orders":["com.recognize_text.translate.screen","com.spaceship.screen.textcopy","com.newmg.yurao.pro","com.gaminik.i18n","com.tap_to_translate.snap_translate","com.niven.translator","com.google.android.apps.translate","com.microsoft.translator","com.eecorp.linguago","com.naver.labs.translator","com.niven.game","com.niven.apptranslate","com.screen.translate.google","com.deepl.mobiletranslator","ru.yandex.translate","com.google.ar.lens","top.applocalize.translate","com.facebook.katana","com.facebook.orca","com.instagram.android"]},{"rank":{"index":2,"lang":"en","country":"in","chineseCountryName":"印度","pkg":"com.spaceship.screen.textcopy"},"orders":["com.recognize_text.translate.screen","com.spaceship.screen.textcopy","com.newmg.yurao.pro","com.google.android.apps.translate"]},{"rank":{"index":2,"lang":"id","country":"id","chineseCountryName":"印尼","pkg":"com.spaceship.screen.textcopy"},"orders":["com.recognize_text.translate.screen","com.spaceship.screen.textcopy","com.tap_to_translate.snap_translate","com.gaminik.i18n","com.niven.translator","com.newmg.yurao.pro","com.google.android.apps.translate","com.deepl.mobiletranslator","com.niven.game","com.naver.labs.translator","com.microsoft.translator","com.youdao.hindict","com.screen.translate.google","com.eecorp.linguago","com.niven.apptranslate"]},{"rank":{"index":2,"lang":"es-mx","country":"mx","chineseCountryName":"墨西哥","pkg":"com.spaceship.screen.textcopy"},"orders":["com.recognize_text.translate.screen","com.spaceship.screen.textcopy","com.newmg.yurao.pro","com.tap_to_translate.snap_translate","com.google.android.apps.translate","com.gaminik.i18n","com.deepl.mobiletranslator","com.microsoft.translator","com.zaz.translate","ru.yandex.translate","at.nk.tools.iTranslate","com.google.ar.lens","com.naver.labs.translator","com.translate.talkingtranslator","com.softissimo.reverso.context","com.ticktalk.translatevoice","photo.translate.camera.translator","jp.go.nict.voicetra","com.niven.translator","com.niven.game"]}]