[{"rank":{"index":2,"lang":"en-us","country":"us","chineseCountryName":"美国","pkg":"com.spaceship.screen.textcopy"},"orders":["com.recognize_text.translate.screen","com.spaceship.screen.textcopy","com.newmg.yurao.pro","com.microsoft.translator","com.gaminik.i18n","com.google.android.apps.translate","com.niven.game","com.niven.translator","com.zaz.translate","at.nk.tools.iTranslate","com.naver.labs.translator","com.eecorp.taptranslator","com.niven.comic","com.sayhi.android.sayhitranslate","com.easytranslate.easytranslate","com.deepl.mobiletranslator","com.galaxy.airviewdictionary","com.youdao.hindict","com.tranit.text.translate","com.translate.language.translator.voice.translation"]},{"rank":{"index":1,"lang":"ru","country":"ru","chineseCountryName":"俄罗斯","pkg":"com.spaceship.screen.textcopy"},"orders":["com.spaceship.screen.textcopy","com.recognize_text.translate.screen","com.niven.translator","com.gaminik.i18n","com.microsoft.translator","com.niven.game","ru.yandex.translate","com.newmg.yurao.pro","com.google.android.apps.translate","com.niven.comic","at.nk.tools.iTranslate","com.zaz.translate","com.deepl.mobiletranslator","com.softissimo.reverso.context","com.kursx.smartbook","com.naver.labs.translator","com.screen.translate.google","com.galaxy.airviewdictionary","com.translate.language.translator.voice.translation","com.promt.pmtappfree"]},{"rank":{"index":1,"lang":"pt-br","country":"br","chineseCountryName":"巴西","pkg":"com.spaceship.screen.textcopy"},"orders":["com.spaceship.screen.textcopy","com.recognize_text.translate.screen","com.gaminik.i18n","com.niven.translator","com.niven.game","com.microsoft.translator","com.niven.comic","com.eecorp.taptranslator","com.newmg.yurao.pro","at.nk.tools.iTranslate","com.google.android.apps.translate","com.galaxy.airviewdictionary","com.android.chrome","com.discord","com.google.android.apps.photos","com.google.android.apps.docs","com.google.android.apps.maps","com.microsoft.office.outlook","com.skype.raider","com.google.android.apps.youtube.creator"]},{"rank":{"index":2,"lang":"fr","country":"fr","chineseCountryName":"法国","pkg":"com.spaceship.screen.textcopy"},"orders":["com.recognize_text.translate.screen","com.spaceship.screen.textcopy","com.gaminik.i18n","com.niven.game","com.galaxy.airviewdictionary","com.microsoft.translator","com.niven.translator","com.eecorp.taptranslator","screen.translator.voice.translate","com.google.android.apps.translate","com.newmg.yurao.pro","com.niven.comic","com.zaz.translate","at.nk.tools.iTranslate","com.chat_translate.screen_translate","com.discord","com.android.chrome","com.canva.editor","com.eecorp.linguago","com.duolingo"]},{"rank":{"index":2,"lang":"en-gb","country":"gb","chineseCountryName":"英国","pkg":"com.spaceship.screen.textcopy"},"orders":["com.recognize_text.translate.screen","com.spaceship.screen.textcopy","com.microsoft.translator","com.google.android.apps.translate","com.gaminik.i18n","com.niven.translator","com.niven.game","com.zaz.translate","com.galaxy.airviewdictionary","at.nk.tools.iTranslate","com.newmg.yurao.pro","com.eecorp.taptranslator","com.niven.comic","com.sayhi.android.sayhitranslate","com.deepl.mobiletranslator","com.easytranslate.easytranslate","com.naver.labs.translator","com.translate.language.translator.voice.translation","com.youdao.hindict","com.softissimo.reverso.context"]},{"rank":{"index":1,"lang":"de","country":"de","chineseCountryName":"德国","pkg":"com.spaceship.screen.textcopy"},"orders":["com.spaceship.screen.textcopy","com.recognize_text.translate.screen","com.gaminik.i18n","com.newmg.yurao.pro","com.niven.translator","com.niven.game","com.microsoft.translator","com.google.android.apps.translate","com.eecorp.taptranslator","com.niven.comic","com.deepl.mobiletranslator","com.zaz.translate","com.discord","com.android.chrome","com.google.android.apps.photos","com.microsoft.office.outlook","com.duolingo","com.skype.raider","com.truecaller","us.zoom.videomeetings"]},{"rank":{"index":1,"lang":"it","country":"it","chineseCountryName":"意大利","pkg":"com.spaceship.screen.textcopy"},"orders":["com.spaceship.screen.textcopy","com.recognize_text.translate.screen","com.gaminik.i18n","screen.translator.voice.translate","com.niven.game","com.niven.translator","com.microsoft.translator","com.newmg.yurao.pro","com.google.android.apps.translate","com.eecorp.taptranslator","com.niven.comic","com.discord","com.galaxy.airviewdictionary","com.deepl.mobiletranslator","com.google.android.apps.photos","com.android.chrome","com.duolingo","com.microsoft.office.outlook","com.adobe.reader","com.skype.raider"]},{"rank":{"index":1,"lang":"ja","country":"jp","chineseCountryName":"日本","pkg":"com.spaceship.screen.textcopy"},"orders":["com.spaceship.screen.textcopy","com.recognize_text.translate.screen","com.gaminik.i18n","com.niven.translator","com.niven.game","com.deepl.mobiletranslator","com.microsoft.translator","com.google.android.apps.translate","com.galaxy.airviewdictionary","com.naver.labs.translator","com.newmg.yurao.pro","com.niven.comic","com.android.chrome","com.discord","com.youdao.hindict","com.google.ar.lens","at.nk.tools.iTranslate","com.google.android.apps.maps","com.duolingo","us.zoom.videomeetings"]},{"rank":{"index":1,"lang":"ko","country":"kr","chineseCountryName":"韩国","pkg":"com.spaceship.screen.textcopy"},"orders":["com.spaceship.screen.textcopy","com.recognize_text.translate.screen","com.gaminik.i18n","com.microsoft.translator","com.google.android.apps.translate","com.niven.game","com.naver.labs.translator","com.niven.translator","com.zaz.translate","com.niven.comic","at.nk.tools.iTranslate","com.newmg.yurao.pro","com.deepl.mobiletranslator","com.galaxy.airviewdictionary","com.kursx.smartbook","com.eecorp.taptranslator","com.sayhi.android.sayhitranslate","com.youdao.hindict","com.translate.language.translator.voice.translation","com.flitto.app"]},{"rank":{"index":1,"lang":"zh-hk","country":"hk","chineseCountryName":"香港","pkg":"com.spaceship.screen.textcopy"},"orders":["com.spaceship.screen.textcopy","com.recognize_text.translate.screen","com.microsoft.translator","com.gaminik.i18n","com.google.android.apps.translate","com.niven.game","com.niven.translator","at.nk.tools.iTranslate","com.newmg.yurao.pro","com.niven.comic","com.zaz.translate","com.naver.labs.translator","com.eecorp.taptranslator","com.galaxy.airviewdictionary","com.sayhi.android.sayhitranslate","com.screen.translate.google","com.deepl.mobiletranslator","com.translate.language.translator.voice.translation","com.translate.talkingtranslator","com.youdao.hindict"]},{"rank":{"index":1,"lang":"zh-tw","country":"tw","chineseCountryName":"台湾","pkg":"com.spaceship.screen.textcopy"},"orders":["com.spaceship.screen.textcopy","com.recognize_text.translate.screen","com.microsoft.translator","com.gaminik.i18n","com.google.android.apps.translate","com.niven.game","com.niven.translator","at.nk.tools.iTranslate","com.naver.labs.translator","com.newmg.yurao.pro","com.niven.comic","com.youdao.hindict","com.galaxy.airviewdictionary","com.zaz.translate","com.eecorp.taptranslator","com.tangdi.baiguotong","com.deepl.mobiletranslator","com.softissimo.reverso.context","com.sayhi.android.sayhitranslate","com.kursx.smartbook"]},{"rank":{"index":2,"lang":"en","country":"in","chineseCountryName":"印度","pkg":"com.spaceship.screen.textcopy"},"orders":["com.recognize_text.translate.screen","com.spaceship.screen.textcopy","com.google.android.apps.translate","com.microsoft.translator","com.zaz.translate","com.gaminik.i18n"]},{"rank":{"index":1,"lang":"id","country":"id","chineseCountryName":"印尼","pkg":"com.spaceship.screen.textcopy"},"orders":["com.spaceship.screen.textcopy","com.recognize_text.translate.screen","com.gaminik.i18n","com.galaxy.airviewdictionary","com.niven.translator","com.niven.game","com.eecorp.taptranslator","com.niven.comic","com.google.android.apps.translate","com.youdao.hindict"]},{"rank":{"index":1,"lang":"es-mx","country":"mx","chineseCountryName":"墨西哥","pkg":"com.spaceship.screen.textcopy"},"orders":["com.spaceship.screen.textcopy","com.recognize_text.translate.screen","com.gaminik.i18n","com.niven.game","com.niven.translator","com.galaxy.airviewdictionary","com.microsoft.translator","com.niven.comic","com.eecorp.taptranslator","com.google.android.apps.translate","com.niven.apptranslate","com.newmg.yurao.pro","com.android.chrome","com.google.android.apps.photos","at.nk.tools.iTranslate","com.discord","com.google.android.apps.docs","com.google.android.apps.maps","com.duolingo","com.microsoft.office.outlook"]}]