[{"rank":{"index":2,"lang":"en-us","country":"us","chineseCountryName":"美国","pkg":"com.spaceship.screen.textcopy"},"orders":["com.recognize_text.translate.screen","com.spaceship.screen.textcopy","com.niven.translator","com.tap_to_translate.snap_translate","com.microsoft.translator","com.google.android.apps.translate","com.gaminik.i18n","com.niven.game","com.newmg.yurao.pro","com.niven.comic","com.zaz.translate","com.translate.talkingtranslator","com.deepl.mobiletranslator","com.translate.language.translator.voice.translation","com.tangdi.baiguotong","com.flitto.app","com.mobisystems.msdict.embedded.wireless.collins.ee","at.nk.tools.iTranslate","com.naver.labs.translator","com.softissimo.reverso.context"]},{"rank":{"index":3,"lang":"ru","country":"ru","chineseCountryName":"俄罗斯","pkg":"com.spaceship.screen.textcopy"},"orders":["com.recognize_text.translate.screen","com.niven.translator","com.spaceship.screen.textcopy","com.tap_to_translate.snap_translate","com.microsoft.translator","com.google.android.apps.translate","com.niven.game","com.gaminik.i18n","com.datacomprojects.scanandtranslate","ru.yandex.translate","com.deepl.mobiletranslator","com.niven.comic","com.zaz.translate","com.softissimo.reverso.context","com.newmg.yurao.pro","at.nk.tools.iTranslate","com.erudite.translator","com.flitto.app","com.translate.language.translator.voice.translation","com.translate.talkingtranslator"]},{"rank":{"index":2,"lang":"pt-br","country":"br","chineseCountryName":"巴西","pkg":"com.spaceship.screen.textcopy"},"orders":["com.recognize_text.translate.screen","com.spaceship.screen.textcopy","com.tap_to_translate.snap_translate","com.gaminik.i18n","com.niven.game","com.niven.translator","com.niven.comic","com.newmg.yurao.pro","com.microsoft.translator","com.google.android.apps.translate","com.deepl.mobiletranslator","com.zaz.translate","com.softissimo.reverso.context","com.screen.translate.google","com.tangdi.baiguotong","com.galaxy.airviewdictionary","com.wooask.zx","com.flitto.app","com.audacityittranslator.translatetexttranslator","com.android.chrome"]},{"rank":{"index":2,"lang":"fr","country":"fr","chineseCountryName":"法国","pkg":"com.spaceship.screen.textcopy"},"orders":["com.recognize_text.translate.screen","com.spaceship.screen.textcopy","com.tap_to_translate.snap_translate","com.gaminik.i18n","com.microsoft.translator","com.niven.translator","com.niven.game","com.newmg.yurao.pro","com.niven.comic","com.translate.talkingtranslator","com.google.android.apps.translate","com.zaz.translate","com.deepl.mobiletranslator","com.tangdi.baiguotong","com.erudite.translator","com.flitto.app","at.nk.tools.iTranslate","com.translate.language.translator.voice.translation","com.softissimo.reverso.context","com.audacityittranslator.translatetexttranslator"]},{"rank":{"index":2,"lang":"en-gb","country":"gb","chineseCountryName":"英国","pkg":"com.spaceship.screen.textcopy"},"orders":["com.recognize_text.translate.screen","com.spaceship.screen.textcopy","com.tap_to_translate.snap_translate","com.gaminik.i18n","com.google.android.apps.translate","com.microsoft.translator","com.niven.translator","com.niven.game","com.zaz.translate","com.deepl.mobiletranslator","com.newmg.yurao.pro","com.niven.comic","com.translate.talkingtranslator","com.tangdi.baiguotong","com.softissimo.reverso.context","com.mobisystems.msdict.embedded.wireless.collins.ee","at.nk.tools.iTranslate","com.translate.language.translator.voice.translation","com.erudite.translator","com.flitto.app"]},{"rank":{"index":2,"lang":"de","country":"de","chineseCountryName":"德国","pkg":"com.spaceship.screen.textcopy"},"orders":["com.recognize_text.translate.screen","com.spaceship.screen.textcopy","com.tap_to_translate.snap_translate","com.microsoft.translator","com.gaminik.i18n","com.niven.translator","com.niven.game","com.google.android.apps.translate","com.deepl.mobiletranslator","com.translate.talkingtranslator","com.niven.comic","com.newmg.yurao.pro","com.flitto.app","com.tangdi.baiguotong","com.erudite.translator","com.screen.translate.google","at.nk.tools.iTranslate","com.translate.language.translator.voice.translation","com.zaz.translate","com.softissimo.reverso.context"]},{"rank":{"index":2,"lang":"it","country":"it","chineseCountryName":"意大利","pkg":"com.spaceship.screen.textcopy"},"orders":["com.recognize_text.translate.screen","com.spaceship.screen.textcopy","com.tap_to_translate.snap_translate","com.niven.translator","com.gaminik.i18n","com.niven.game","com.microsoft.translator","com.niven.comic","com.google.android.apps.translate","com.newmg.yurao.pro","com.deepl.mobiletranslator","com.translate.talkingtranslator","com.tangdi.baiguotong","com.galaxy.airviewdictionary","com.erudite.translator","com.translate.language.translator.voice.translation","com.zaz.translate","com.softissimo.reverso.context","com.flitto.app","com.wooask.zx"]},{"rank":{"index":2,"lang":"ja","country":"jp","chineseCountryName":"日本","pkg":"com.spaceship.screen.textcopy"},"orders":["com.recognize_text.translate.screen","com.spaceship.screen.textcopy","com.gaminik.i18n","com.niven.translator","com.niven.game","com.tap_to_translate.snap_translate","com.microsoft.translator","com.niven.comic"]},{"rank":{"index":2,"lang":"ko","country":"kr","chineseCountryName":"韩国","pkg":"com.spaceship.screen.textcopy"},"orders":["com.recognize_text.translate.screen","com.spaceship.screen.textcopy","com.tap_to_translate.snap_translate","com.microsoft.translator","com.google.android.apps.translate","com.gaminik.i18n","com.niven.translator","com.niven.game","com.naver.labs.translator","com.deepl.mobiletranslator","com.niven.comic","com.newmg.yurao.pro","com.flitto.app","com.zaz.translate","com.translate.talkingtranslator","at.nk.tools.iTranslate","com.translate.language.translator.voice.translation","com.softissimo.reverso.context","com.galaxy.airviewdictionary","com.datacomprojects.scanandtranslate"]},{"rank":{"index":2,"lang":"zh-hk","country":"hk","chineseCountryName":"香港","pkg":"com.spaceship.screen.textcopy"},"orders":["com.recognize_text.translate.screen","com.spaceship.screen.textcopy","com.microsoft.translator","com.google.android.apps.translate","com.niven.translator","com.gaminik.i18n","com.tap_to_translate.snap_translate","com.niven.game","com.niven.comic","com.tangdi.baiguotong","com.newmg.yurao.pro","com.zaz.translate","com.deepl.mobiletranslator","com.flitto.app","com.translate.talkingtranslator","com.naver.labs.translator","com.galaxy.airviewdictionary","at.nk.tools.iTranslate","com.translate.language.translator.voice.translation","com.erudite.translator"]},{"rank":{"index":2,"lang":"zh-tw","country":"tw","chineseCountryName":"台湾","pkg":"com.spaceship.screen.textcopy"},"orders":["com.recognize_text.translate.screen","com.spaceship.screen.textcopy","com.tap_to_translate.snap_translate","com.microsoft.translator","com.google.android.apps.translate","com.gaminik.i18n","com.niven.translator","com.niven.game","com.niven.comic","com.tangdi.baiguotong","com.newmg.yurao.pro","com.flitto.app","com.translate.talkingtranslator","com.deepl.mobiletranslator","com.zaz.translate","com.galaxy.airviewdictionary","at.nk.tools.iTranslate","com.naver.labs.translator","com.translate.language.translator.voice.translation","com.translation666"]},{"rank":{"index":2,"lang":"en","country":"in","chineseCountryName":"印度","pkg":"com.spaceship.screen.textcopy"},"orders":["com.recognize_text.translate.screen","com.spaceship.screen.textcopy","com.google.android.apps.translate","com.tap_to_translate.snap_translate","com.zaz.translate","com.gaminik.i18n","com.niven.game","at.nk.tools.iTranslate","com.deepl.mobiletranslator","com.translate.talkingtranslator","com.softissimo.reverso.context","com.flitto.app","com.sayhi.android.sayhitranslate","com.wooask.zx","com.newmg.yurao.pro","com.niven.translator","com.galaxy.airviewdictionary","screen.translator.voice.translate","com.niven.comic","ru.yandex.translate"]},{"rank":{"index":2,"lang":"id","country":"id","chineseCountryName":"印尼","pkg":"com.spaceship.screen.textcopy"},"orders":["com.recognize_text.translate.screen","com.spaceship.screen.textcopy","com.tap_to_translate.snap_translate","com.niven.translator","com.gaminik.i18n","com.niven.game","com.niven.comic","com.google.android.apps.translate","com.newmg.yurao.pro","com.microsoft.translator","com.deepl.mobiletranslator"]},{"rank":{"index":2,"lang":"es-mx","country":"mx","chineseCountryName":"墨西哥","pkg":"com.spaceship.screen.textcopy"},"orders":["com.recognize_text.translate.screen","com.spaceship.screen.textcopy","com.gaminik.i18n","com.niven.game","com.niven.translator","com.tap_to_translate.snap_translate","com.microsoft.translator","com.niven.comic","com.newmg.yurao.pro","com.google.android.apps.translate","com.deepl.mobiletranslator","com.zaz.translate","com.screen.translate.google","com.tangdi.baiguotong","com.translate.talkingtranslator","com.galaxy.airviewdictionary","com.android.chrome","com.facebook.orca","at.nk.tools.iTranslate","com.audacityittranslator.translatetexttranslator"]}]