[{"rank":{"index":2,"lang":"en-us","country":"us","chineseCountryName":"美国","pkg":"com.spaceship.screen.textcopy"},"orders":["com.recognize_text.translate.screen","com.spaceship.screen.textcopy","com.gaminik.i18n","com.google.android.apps.translate","com.mg.yurao.google","com.tap_to_translate.snap_translate","com.niven.game","com.niven.translator","com.microsoft.translator","com.niven.comic","com.niven.apptranslate","com.eecorp.linguago","com.newmg.yurao.pro","com.translate.talkingtranslator","at.nk.tools.iTranslate","com.zaz.translate","screen.translator.voice.translate","com.fasttanslator.appm","com.translator.yellow","com.datacomprojects.scanandtranslate"]},{"rank":{"index":4,"lang":"ru","country":"ru","chineseCountryName":"俄罗斯","pkg":"com.spaceship.screen.textcopy"},"orders":["com.recognize_text.translate.screen","com.tap_to_translate.snap_translate","com.gaminik.i18n","com.spaceship.screen.textcopy","com.mg.yurao.google","com.niven.translator","com.niven.game","com.niven.comic","com.niven.apptranslate","com.newmg.yurao.pro","ru.yandex.translate","com.google.android.apps.translate","com.eecorp.linguago","screen.translator.voice.translate","com.deepl.mobiletranslator","us.zoom.videomeetings","com.tangdi.baiguotong","com.microsoft.translator","com.naver.labs.translator","com.pidev.screentranslator"]},{"rank":{"index":2,"lang":"fr","country":"fr","chineseCountryName":"法国","pkg":"com.spaceship.screen.textcopy"},"orders":["com.recognize_text.translate.screen","com.spaceship.screen.textcopy","com.tap_to_translate.snap_translate","com.gaminik.i18n","com.mg.yurao.google","com.niven.game","com.niven.translator","com.niven.comic","com.niven.apptranslate","com.google.android.apps.translate","com.eecorp.linguago","com.newmg.yurao.pro","com.translator.yellow","com.softissimo.reverso.context","com.microsoft.translator","com.zaz.translate","com.deepl.mobiletranslator","us.zoom.videomeetings","com.datacomprojects.scanandtranslate","screen.translator.voice.translate"]},{"rank":{"index":2,"lang":"en-gb","country":"gb","chineseCountryName":"英国","pkg":"com.spaceship.screen.textcopy"},"orders":["com.recognize_text.translate.screen","com.spaceship.screen.textcopy","com.mg.yurao.google","com.gaminik.i18n","com.google.android.apps.translate","com.niven.game","com.niven.translator","com.tap_to_translate.snap_translate","com.niven.comic","com.niven.apptranslate","com.translator.yellow","com.eecorp.linguago","com.microsoft.translator","com.newmg.yurao.pro","com.zaz.translate","com.translate.app","screen.translator.voice.translate","at.nk.tools.iTranslate","com.softissimo.reverso.context","com.android.chrome"]},{"rank":{"index":2,"lang":"de","country":"de","chineseCountryName":"德国","pkg":"com.spaceship.screen.textcopy"},"orders":["com.recognize_text.translate.screen","com.spaceship.screen.textcopy","com.gaminik.i18n","com.mg.yurao.google","com.niven.game","com.niven.translator","com.tap_to_translate.snap_translate","com.niven.comic","com.niven.apptranslate","com.eecorp.linguago","com.google.android.apps.translate","com.newmg.yurao.pro","com.microsoft.translator","com.deepl.mobiletranslator","com.sayhi.android.sayhitranslate","us.zoom.videomeetings","ru.yandex.translate","at.nk.tools.iTranslate","com.translator.yellow","com.flitto.app"]},{"rank":{"index":2,"lang":"it","country":"it","chineseCountryName":"意大利","pkg":"com.spaceship.screen.textcopy"},"orders":["com.recognize_text.translate.screen","com.spaceship.screen.textcopy","com.niven.game","com.gaminik.i18n","com.mg.yurao.google","com.niven.translator","com.tap_to_translate.snap_translate","com.niven.comic"]},{"rank":{"index":4,"lang":"ja","country":"jp","chineseCountryName":"日本","pkg":"com.spaceship.screen.textcopy"},"orders":["com.recognize_text.translate.screen","com.mg.yurao.google","com.gaminik.i18n","com.spaceship.screen.textcopy","com.niven.game","com.tap_to_translate.snap_translate","com.niven.apptranslate","com.niven.translator","com.niven.comic","com.newmg.yurao.pro","com.eecorp.linguago","com.google.android.apps.translate","com.deepl.mobiletranslator","us.zoom.videomeetings","com.naver.labs.translator","com.microsoft.translator","com.sayhi.android.sayhitranslate","at.nk.tools.iTranslate","com.zaz.translate","com.youdao.hindict"]},{"rank":{"index":3,"lang":"ko","country":"kr","chineseCountryName":"韩国","pkg":"com.spaceship.screen.textcopy"},"orders":["com.recognize_text.translate.screen","com.mg.yurao.google","com.spaceship.screen.textcopy","com.tap_to_translate.snap_translate","com.gaminik.i18n","com.niven.game","com.niven.translator","com.niven.comic","com.niven.apptranslate","com.newmg.yurao.pro","com.eecorp.linguago","com.google.android.apps.translate","com.naver.labs.translator","us.zoom.videomeetings","com.deepl.mobiletranslator","com.zaz.translate","com.microsoft.translator","com.flitto.app","at.nk.tools.iTranslate","com.google.ar.lens"]},{"rank":{"index":3,"lang":"zh-hk","country":"hk","chineseCountryName":"香港","pkg":"com.spaceship.screen.textcopy"},"orders":["com.recognize_text.translate.screen","com.mg.yurao.google","com.spaceship.screen.textcopy","com.gaminik.i18n","com.tap_to_translate.snap_translate","com.niven.game","com.niven.translator","com.niven.comic","com.google.android.apps.translate","com.niven.apptranslate","com.newmg.yurao.pro","com.microsoft.translator","com.eecorp.linguago","com.datacomprojects.scanandtranslate","at.nk.tools.iTranslate","com.zaz.translate","com.mg.subtitle.google","com.kursx.smartbook","com.tangdi.baiguotong","ru.yandex.translate"]},{"rank":{"index":4,"lang":"zh-tw","country":"tw","chineseCountryName":"台湾","pkg":"com.spaceship.screen.textcopy"},"orders":["com.recognize_text.translate.screen","com.mg.yurao.google","com.gaminik.i18n","com.spaceship.screen.textcopy","com.niven.game","com.tap_to_translate.snap_translate","com.niven.translator","com.google.android.apps.translate","com.niven.comic","com.newmg.yurao.pro","com.microsoft.translator","com.niven.apptranslate","com.eecorp.linguago","com.google.ar.lens","com.android.chrome","com.whatsapp","at.nk.tools.iTranslate","com.deepl.mobiletranslator","com.sayhi.android.sayhitranslate","com.naver.labs.translator"]},{"rank":{"index":2,"lang":"en","country":"in","chineseCountryName":"印度","pkg":"com.spaceship.screen.textcopy"},"orders":["com.recognize_text.translate.screen","com.spaceship.screen.textcopy","com.google.android.apps.translate","com.niven.game","screen.translator.voice.translate","com.tap_to_translate.snap_translate","com.niven.translator","com.newmg.yurao.pro","com.zaz.translate","com.niven.apptranslate","com.eecorp.linguago","com.niven.comic","com.microsoft.translator","com.datacomprojects.scanandtranslate","at.nk.tools.iTranslate","com.google.android.inputmethod.latin","translate.smartranit.language.text","us.zoom.videomeetings","com.mg.yurao.google","com.gaminik.i18n"]},{"rank":{"index":2,"lang":"id","country":"id","chineseCountryName":"印尼","pkg":"com.spaceship.screen.textcopy"},"orders":["com.recognize_text.translate.screen","com.spaceship.screen.textcopy","com.tap_to_translate.snap_translate","com.gaminik.i18n","com.mg.yurao.google","com.niven.game","com.niven.translator","com.niven.comic","com.niven.apptranslate","com.newmg.yurao.pro"]},{"rank":{"index":0,"lang":"es-mx","country":"mx","chineseCountryName":"墨西哥","pkg":"com.spaceship.screen.textcopy"},"orders":["com.recognize_text.translate.screen","com.google.android.apps.translate","at.nk.tools.iTranslate","com.microsoft.translator","com.deepl.mobiletranslator","com.zaz.translate","us.zoom.videomeetings","com.sayhi.android.sayhitranslate","ru.yandex.translate","com.naver.labs.translator","com.softissimo.reverso.context","org.thunderdog.challegram","com.mobisystems.msdict.embedded.wireless.collins.ee","com.translate.talkingtranslator","com.ticktalk.translatevoice","com.flitto.app","com.siv","com.talpa.translate","com.kursx.smartbook","com.youdao.hindict"]}]