[{"rank":{"index":1,"lang":"en-us","country":"us","chineseCountryName":"美国","pkg":"com.spaceship.screen.textcopy"},"orders":["com.spaceship.screen.textcopy","com.recognize_text.translate.screen","com.gaminik.i18n","com.newmg.yurao.pro","com.google.android.apps.translate","com.niven.translator","com.niven.game","com.microsoft.translator","com.deepl.mobiletranslator","com.naver.labs.translator","at.nk.tools.iTranslate","com.zaz.translate","com.galaxy.airviewdictionary","com.sayhi.android.sayhitranslate","com.tangdi.baiguotong","com.tap_to_translate.snap_translate","com.promt.pmtappfree","com.google.android.inputmethod.latin","com.android.chrome","com.duolingo"]},{"rank":{"index":1,"lang":"ru","country":"ru","chineseCountryName":"俄罗斯","pkg":"com.spaceship.screen.textcopy"},"orders":["com.spaceship.screen.textcopy","com.recognize_text.translate.screen","com.gaminik.i18n","com.niven.translator","com.niven.game","com.google.android.apps.translate","com.galaxy.airviewdictionary","com.newmg.yurao.pro","com.microsoft.translator","com.promt.pmtappfree","ru.yandex.translate","com.softissimo.reverso.context","com.deepl.mobiletranslator","com.tap_to_translate.snap_translate","com.discord","com.android.chrome","com.tangdi.baiguotong","com.duolingo","com.skype.raider","com.google.android.apps.photos"]},{"rank":{"index":1,"lang":"pt-br","country":"br","chineseCountryName":"巴西","pkg":"com.spaceship.screen.textcopy"},"orders":["com.spaceship.screen.textcopy","com.recognize_text.translate.screen","com.gaminik.i18n","com.galaxy.airviewdictionary","com.niven.translator","com.niven.game","com.google.android.apps.translate","com.discord","com.google.android.apps.photos","com.android.chrome","com.google.android.deskclock","com.skype.raider","com.google.android.apps.docs","com.google.android.apps.maps","com.google.android.apps.youtube.creator","com.microsoft.office.outlook","com.newmg.yurao.pro","us.zoom.videomeetings","com.google.android.keep","com.openai.chatgpt"]},{"rank":{"index":2,"lang":"fr","country":"fr","chineseCountryName":"法国","pkg":"com.spaceship.screen.textcopy"},"orders":["com.recognize_text.translate.screen","com.spaceship.screen.textcopy","com.gaminik.i18n","com.galaxy.airviewdictionary","com.google.android.apps.translate","com.niven.translator","com.niven.game","com.discord","com.android.chrome","com.google.android.apps.photos","com.skype.raider","com.microsoft.office.outlook","us.zoom.videomeetings","org.videolan.vlc","com.canva.editor","com.truecaller","com.duolingo","com.sec.android.app.sbrowser","com.google.android.apps.maps","com.google.android.apps.youtube.creator"]},{"rank":{"index":2,"lang":"en-gb","country":"gb","chineseCountryName":"英国","pkg":"com.spaceship.screen.textcopy"},"orders":["com.recognize_text.translate.screen","com.spaceship.screen.textcopy","com.gaminik.i18n","com.google.android.apps.translate","com.niven.translator","com.niven.game","com.microsoft.translator","com.newmg.yurao.pro","com.galaxy.airviewdictionary","com.deepl.mobiletranslator","com.zaz.translate","at.nk.tools.iTranslate","com.google.android.inputmethod.latin","com.tap_to_translate.snap_translate","com.duolingo","com.android.chrome","org.telegram.VicMacmessenger","com.softissimo.reverso.context","com.google.android.apps.maps","com.google.android.apps.photos"]},{"rank":{"index":1,"lang":"de","country":"de","chineseCountryName":"德国","pkg":"com.spaceship.screen.textcopy"},"orders":["com.spaceship.screen.textcopy","com.recognize_text.translate.screen","com.gaminik.i18n","com.newmg.yurao.pro","com.niven.translator","com.niven.game","com.galaxy.airviewdictionary","com.google.android.apps.translate","com.microsoft.translator","com.discord","com.android.chrome","com.deepl.mobiletranslator","com.google.android.apps.photos","com.skype.raider","us.zoom.videomeetings","com.microsoft.office.outlook","com.duolingo","com.google.android.apps.maps","com.sec.android.app.sbrowser","com.truecaller"]},{"rank":{"index":1,"lang":"it","country":"it","chineseCountryName":"意大利","pkg":"com.spaceship.screen.textcopy"},"orders":["com.spaceship.screen.textcopy","com.gaminik.i18n","screen.translator.voice.translate","com.galaxy.airviewdictionary","com.niven.translator","com.recognize_text.translate.screen","com.niven.game","com.google.android.apps.translate","com.newmg.yurao.pro","com.discord","com.google.android.apps.photos","com.android.chrome","com.tangdi.baiguotong","com.skype.raider","us.zoom.videomeetings","com.duolingo","com.microsoft.office.outlook","com.google.android.apps.docs","com.adobe.reader","com.google.android.apps.maps"]},{"rank":{"index":1,"lang":"ja","country":"jp","chineseCountryName":"日本","pkg":"com.spaceship.screen.textcopy"},"orders":["com.spaceship.screen.textcopy","com.gaminik.i18n","com.galaxy.airviewdictionary","com.niven.game","com.niven.translator","com.google.android.apps.translate","com.recognize_text.translate.screen","com.deepl.mobiletranslator","screen.translator.voice.translate","com.tangdi.baiguotong","com.newmg.yurao.pro","com.android.chrome","com.discord","com.naver.labs.translator","com.google.android.apps.maps","at.nk.tools.iTranslate","com.google.android.deskclock","com.microsoft.translator","com.duolingo","com.skype.raider"]},{"rank":{"index":1,"lang":"ko","country":"kr","chineseCountryName":"韩国","pkg":"com.spaceship.screen.textcopy"},"orders":["com.spaceship.screen.textcopy","com.recognize_text.translate.screen","com.gaminik.i18n","com.niven.translator","com.galaxy.airviewdictionary","com.niven.game","com.google.android.apps.translate","com.naver.labs.translator","com.microsoft.translator","com.newmg.yurao.pro","at.nk.tools.iTranslate","com.deepl.mobiletranslator","com.google.android.inputmethod.latin","com.discord","com.duolingo","com.android.chrome","com.sec.android.app.sbrowser","com.zaz.translate","us.zoom.videomeetings","com.google.android.apps.photos"]},{"rank":{"index":1,"lang":"zh-hk","country":"hk","chineseCountryName":"香港","pkg":"com.spaceship.screen.textcopy"},"orders":["com.spaceship.screen.textcopy","com.recognize_text.translate.screen","com.gaminik.i18n","com.niven.translator","com.niven.game","com.google.android.apps.translate","com.newmg.yurao.pro","com.microsoft.translator","com.android.chrome","at.nk.tools.iTranslate","com.google.android.apps.maps","com.galaxy.airviewdictionary","com.discord","com.tangdi.baiguotong","com.google.android.inputmethod.latin","com.duolingo","com.skype.raider","com.zaz.translate","us.zoom.videomeetings","com.sec.android.app.sbrowser"]},{"rank":{"index":1,"lang":"zh-tw","country":"tw","chineseCountryName":"台湾","pkg":"com.spaceship.screen.textcopy"},"orders":["com.spaceship.screen.textcopy","com.recognize_text.translate.screen","com.gaminik.i18n","com.niven.translator","com.niven.game","com.galaxy.airviewdictionary","com.google.android.apps.translate","com.microsoft.translator","com.newmg.yurao.pro","at.nk.tools.iTranslate","com.google.android.inputmethod.latin","com.naver.labs.translator","com.discord","com.zaz.translate","com.google.android.apps.maps","com.android.chrome","com.duolingo","com.skype.raider","com.tangdi.baiguotong","com.google.android.apps.photos"]},{"rank":{"index":2,"lang":"en","country":"in","chineseCountryName":"印度","pkg":"com.spaceship.screen.textcopy"},"orders":["com.recognize_text.translate.screen","com.spaceship.screen.textcopy","com.google.android.apps.translate","com.niven.game","com.zaz.translate","com.tap_to_translate.snap_translate","com.niven.translator","com.gaminik.i18n"]},{"rank":{"index":1,"lang":"id","country":"id","chineseCountryName":"印尼","pkg":"com.spaceship.screen.textcopy"},"orders":["com.spaceship.screen.textcopy","com.gaminik.i18n","com.recognize_text.translate.screen","com.galaxy.airviewdictionary","com.niven.translator","com.google.android.apps.translate","com.niven.game","com.android.chrome","com.google.android.apps.maps","com.google.android.apps.photos"]},{"rank":{"index":1,"lang":"es-mx","country":"mx","chineseCountryName":"墨西哥","pkg":"com.spaceship.screen.textcopy"},"orders":["com.spaceship.screen.textcopy","com.recognize_text.translate.screen","com.gaminik.i18n","com.niven.translator","com.galaxy.airviewdictionary","com.google.android.apps.translate","com.discord","com.niven.game","com.google.android.apps.photos","com.android.chrome","com.google.android.apps.maps","com.skype.raider","com.google.android.apps.docs","com.google.android.deskclock","us.zoom.videomeetings","com.microsoft.office.outlook","com.duolingo","com.openai.chatgpt","com.adobe.reader","com.intsig.camscanner"]}]