[{"rank":{"index":2,"lang":"en-us","country":"us","chineseCountryName":"美国","pkg":"com.spaceship.screen.textcopy"},"orders":["com.recognize_text.translate.screen","com.spaceship.screen.textcopy","com.niven.translator","com.tap_to_translate.snap_translate","com.gaminik.i18n","com.newmg.yurao.pro","com.screen.translate.google","com.niven.apptranslate","com.google.android.apps.translate","com.eecorp.linguago","com.zaz.translate","com.microsoft.translator","com.deepl.mobiletranslator","com.immersivetranslate.browser","com.google.ar.lens","com.niven.game","com.galaxy.airviewdictionary","com.naver.labs.translator","com.google.android.inputmethod.latin","com.google.android.tts"]},{"rank":{"index":2,"lang":"ru","country":"ru","chineseCountryName":"俄罗斯","pkg":"com.spaceship.screen.textcopy"},"orders":["com.recognize_text.translate.screen","com.spaceship.screen.textcopy","com.niven.translator","com.gaminik.i18n","com.tap_to_translate.snap_translate","com.newmg.yurao.pro","com.screen.translate.google","com.niven.apptranslate","com.eecorp.linguago","com.google.android.apps.translate","com.zaz.translate","com.microsoft.translator","com.galaxy.airviewdictionary","com.niven.game","screen.translator.voice.translate","com.google.ar.lens","ru.yandex.translate","com.google.android.tts","live.screentranslate.realtime","com.naver.labs.translator"]},{"rank":{"index":2,"lang":"pt-br","country":"br","chineseCountryName":"巴西","pkg":"com.spaceship.screen.textcopy"},"orders":["com.recognize_text.translate.screen","com.spaceship.screen.textcopy","com.gaminik.i18n","com.niven.translator","com.tap_to_translate.snap_translate","com.newmg.yurao.pro","com.niven.apptranslate","com.screen.translate.google","com.eecorp.linguago","com.google.android.apps.translate","com.galaxy.airviewdictionary","com.android.chrome","com.google.android.apps.maps","com.deepl.mobiletranslator","com.niven.game","com.google.android.inputmethod.latin","com.google.android.apps.docs","com.zaz.translate","com.eecorp.taptranslator","com.google.ar.lens"]},{"rank":{"index":2,"lang":"fr","country":"fr","chineseCountryName":"法国","pkg":"com.spaceship.screen.textcopy"},"orders":["com.recognize_text.translate.screen","com.spaceship.screen.textcopy","com.gaminik.i18n","com.tap_to_translate.snap_translate","com.niven.translator","com.newmg.yurao.pro","com.screen.translate.google","com.google.android.apps.translate","com.eecorp.linguago","com.zaz.translate","com.google.ar.lens","live.screentranslate.realtime","com.deepl.mobiletranslator","com.niven.apptranslate","com.google.android.tts","screen.translator.voice.translate","com.eecorp.taptranslator","com.microsoft.translator","com.naver.labs.translator","com.immersivetranslate.browser"]},{"rank":{"index":2,"lang":"en-gb","country":"gb","chineseCountryName":"英国","pkg":"com.spaceship.screen.textcopy"},"orders":["com.recognize_text.translate.screen","com.spaceship.screen.textcopy","com.niven.translator","com.gaminik.i18n","com.tap_to_translate.snap_translate","com.newmg.yurao.pro","com.screen.translate.google","screen.translator.voice.translate","com.google.android.apps.translate","com.niven.apptranslate","com.microsoft.translator","com.zaz.translate","com.deepl.mobiletranslator","com.eecorp.linguago","live.screentranslate.realtime","com.galaxy.airviewdictionary","com.google.ar.lens","com.google.android.inputmethod.latin","com.naver.labs.translator","com.google.android.tts"]},{"rank":{"index":2,"lang":"de","country":"de","chineseCountryName":"德国","pkg":"com.spaceship.screen.textcopy"},"orders":["com.recognize_text.translate.screen","com.spaceship.screen.textcopy","com.gaminik.i18n","com.niven.translator","com.newmg.yurao.pro","com.tap_to_translate.snap_translate","com.screen.translate.google","com.niven.apptranslate","com.google.android.apps.translate","com.microsoft.translator","com.deepl.mobiletranslator","com.zaz.translate","com.eecorp.linguago","com.google.ar.lens","com.google.android.tts","com.galaxy.airviewdictionary","live.screentranslate.realtime","com.immersivetranslate.browser","com.niven.game","com.naver.labs.translator"]},{"rank":{"index":2,"lang":"it","country":"it","chineseCountryName":"意大利","pkg":"com.spaceship.screen.textcopy"},"orders":["com.recognize_text.translate.screen","com.spaceship.screen.textcopy","com.tap_to_translate.snap_translate","com.gaminik.i18n","com.niven.translator","com.newmg.yurao.pro","com.niven.apptranslate","com.screen.translate.google","com.google.android.apps.translate","com.eecorp.linguago","com.zaz.translate","com.microsoft.translator","com.deepl.mobiletranslator","com.google.ar.lens","com.inw.trulinco","com.galaxy.airviewdictionary","com.immersivetranslate.browser","live.screentranslate.realtime","com.eecorp.taptranslator","com.video.translator.subtitles"]},{"rank":{"index":2,"lang":"ja","country":"jp","chineseCountryName":"日本","pkg":"com.spaceship.screen.textcopy"},"orders":["com.recognize_text.translate.screen","com.spaceship.screen.textcopy","com.tap_to_translate.snap_translate","com.gaminik.i18n","com.newmg.yurao.pro","com.niven.translator","com.screen.translate.google","com.niven.apptranslate","com.google.android.apps.translate","com.eecorp.linguago","com.deepl.mobiletranslator","com.naver.labs.translator","com.microsoft.translator","com.google.ar.lens","com.zaz.translate","com.immersivetranslate.browser"]},{"rank":{"index":1,"lang":"ko","country":"kr","chineseCountryName":"韩国","pkg":"com.spaceship.screen.textcopy"},"orders":["com.spaceship.screen.textcopy","com.gaminik.i18n","com.recognize_text.translate.screen","com.niven.translator","com.newmg.yurao.pro","com.tap_to_translate.snap_translate","com.screen.translate.google","com.niven.apptranslate","com.naver.labs.translator","com.google.android.apps.translate","com.eecorp.linguago","com.deepl.mobiletranslator","com.zaz.translate","com.google.ar.lens","com.galaxy.airviewdictionary","com.microsoft.translator","com.google.android.tts","com.immersivetranslate.browser","live.screentranslate.realtime","link.zhidou.btranslator"]},{"rank":{"index":2,"lang":"zh-hk","country":"hk","chineseCountryName":"香港","pkg":"com.spaceship.screen.textcopy"},"orders":["com.recognize_text.translate.screen","com.spaceship.screen.textcopy","com.tap_to_translate.snap_translate","com.niven.translator","com.gaminik.i18n","com.newmg.yurao.pro","com.niven.apptranslate","com.google.android.apps.translate","com.screen.translate.google","com.microsoft.translator","com.galaxy.airviewdictionary","com.zaz.translate","com.deepl.mobiletranslator","com.eecorp.linguago","com.naver.labs.translator","com.eecorp.taptranslator","com.hive.lingonative","com.newtranslate.google","live.screentranslate.realtime","screen.translator.voice.translate"]},{"rank":{"index":2,"lang":"zh-tw","country":"tw","chineseCountryName":"台湾","pkg":"com.spaceship.screen.textcopy"},"orders":["com.recognize_text.translate.screen","com.spaceship.screen.textcopy","com.niven.translator","com.tap_to_translate.snap_translate","com.gaminik.i18n","com.newmg.yurao.pro","com.screen.translate.google","com.niven.apptranslate","com.google.android.apps.translate","com.microsoft.translator","com.zaz.translate","com.eecorp.linguago","com.google.ar.lens","com.galaxy.airviewdictionary","com.google.android.tts","com.deepl.mobiletranslator","com.naver.labs.translator","live.screentranslate.realtime","com.immersivetranslate.browser","screen.translator.voice.translate"]},{"rank":{"index":0,"lang":"en","country":"in","chineseCountryName":"印度","pkg":"com.spaceship.screen.textcopy"},"orders":["com.recognize_text.translate.screen","com.tap_to_translate.snap_translate","com.newmg.yurao.pro","com.niven.translator","com.gaminik.i18n","com.screen.translate.google","com.niven.apptranslate","com.google.android.apps.translate","com.eecorp.linguago","screen.translator.voice.translate","com.zaz.translate","com.galaxy.airviewdictionary","live.screentranslate.realtime","com.newtranslate.google","com.google.android.inputmethod.latin","com.screen.translator.text.recognize","com.google.ar.lens","com.microsoft.translator","com.deepl.mobiletranslator","com.google.android.tts"]},{"rank":{"index":2,"lang":"id","country":"id","chineseCountryName":"印尼","pkg":"com.spaceship.screen.textcopy"},"orders":["com.recognize_text.translate.screen","com.spaceship.screen.textcopy","com.niven.translator","com.tap_to_translate.snap_translate","com.gaminik.i18n","com.newmg.yurao.pro","com.screen.translate.google","com.niven.apptranslate","com.google.android.apps.translate","com.eecorp.linguago","com.niven.game","com.deepl.mobiletranslator","com.zaz.translate","com.google.ar.lens","com.microsoft.translator","com.naver.labs.translator","com.google.android.tts","com.galaxy.airviewdictionary","com.eecorp.taptranslator","live.screentranslate.realtime"]},{"rank":{"index":2,"lang":"es-mx","country":"mx","chineseCountryName":"墨西哥","pkg":"com.spaceship.screen.textcopy"},"orders":["com.recognize_text.translate.screen","com.spaceship.screen.textcopy","com.niven.translator","com.gaminik.i18n","com.tap_to_translate.snap_translate","com.newmg.yurao.pro","com.niven.apptranslate","com.screen.translate.google","com.google.android.apps.translate","com.deepl.mobiletranslator","com.eecorp.linguago","com.google.ar.lens","com.zaz.translate","com.google.android.tts","com.microsoft.translator","live.screentranslate.realtime"]}]