[{"rank":{"index":2,"lang":"en-us","country":"us","chineseCountryName":"美国","pkg":"com.spaceship.screen.textcopy"},"orders":["com.recognize_text.translate.screen","com.spaceship.screen.textcopy","com.gaminik.i18n","com.mg.yurao.google","com.microsoft.translator","com.google.android.apps.translate","screen.translator.voice.translate","com.tap_to_translate.snap_translate","com.niven.translator","com.eecorp.linguago","com.niven.game","com.niven.comic","com.newmg.yurao.pro","com.eecorp.taptranslator","com.translate.talkingtranslator","com.naver.labs.translator","com.mobisystems.msdict.embedded.wireless.collins.ee","com.niven.apptranslate","translate.smartranit.language.text","at.nk.tools.iTranslate"]},{"rank":{"index":2,"lang":"ru","country":"ru","chineseCountryName":"俄罗斯","pkg":"com.spaceship.screen.textcopy"},"orders":["com.recognize_text.translate.screen","com.spaceship.screen.textcopy","com.tap_to_translate.snap_translate","com.mg.yurao.google","com.gaminik.i18n","com.niven.translator","com.microsoft.translator","com.niven.game","com.google.android.apps.translate","com.niven.comic","com.eecorp.linguago","screen.translator.voice.translate","com.newmg.yurao.pro","com.niven.apptranslate","ru.yandex.translate","com.deepl.mobiletranslator","com.chat_translate.screen_translate","com.naver.labs.translator","com.pidev.screentranslator","com.copy.paste.ocr.screen.text.copypastetrial"]},{"rank":{"index":2,"lang":"pt-br","country":"br","chineseCountryName":"巴西","pkg":"com.spaceship.screen.textcopy"},"orders":["com.recognize_text.translate.screen","com.spaceship.screen.textcopy","com.gaminik.i18n","com.tap_to_translate.snap_translate","com.mg.yurao.google","com.niven.translator","com.niven.game","com.eecorp.linguago","com.niven.comic","com.newmg.yurao.pro","com.microsoft.translator","com.google.android.apps.translate","com.niven.apptranslate","com.android.chrome","com.pidev.screentranslator","screen.translator.voice.translate","com.weekway.screen_translation","com.discord","com.youdao.hindict","com.copy.paste.ocr.screen.text.copypastetrial"]},{"rank":{"index":2,"lang":"fr","country":"fr","chineseCountryName":"法国","pkg":"com.spaceship.screen.textcopy"},"orders":["com.recognize_text.translate.screen","com.spaceship.screen.textcopy","com.gaminik.i18n","com.mg.yurao.google","com.niven.translator","screen.translator.voice.translate","com.tap_to_translate.snap_translate","com.niven.game","com.niven.comic","com.microsoft.translator","com.eecorp.linguago","com.google.android.apps.translate","com.newmg.yurao.pro","com.eecorp.taptranslator","com.niven.apptranslate","com.copy.paste.ocr.screen.text.copypastetrial","com.translate.talkingtranslator","at.nk.tools.iTranslate","com.chat_translate.screen_translate","com.tranit.text.translate"]},{"rank":{"index":2,"lang":"en-gb","country":"gb","chineseCountryName":"英国","pkg":"com.spaceship.screen.textcopy"},"orders":["com.recognize_text.translate.screen","com.spaceship.screen.textcopy","com.mg.yurao.google","com.microsoft.translator","com.gaminik.i18n","screen.translator.voice.translate","com.google.android.apps.translate","com.tap_to_translate.snap_translate","com.niven.translator","com.niven.game","com.eecorp.linguago","com.niven.comic","com.mobisystems.msdict.embedded.wireless.collins.ee","com.eecorp.taptranslator","com.newmg.yurao.pro","translate.smartranit.language.text","com.translate.talkingtranslator","at.nk.tools.iTranslate","com.niven.apptranslate","com.naver.labs.translator"]},{"rank":{"index":2,"lang":"de","country":"de","chineseCountryName":"德国","pkg":"com.spaceship.screen.textcopy"},"orders":["com.recognize_text.translate.screen","com.spaceship.screen.textcopy","com.mg.yurao.google","com.gaminik.i18n","com.microsoft.translator","com.niven.translator","com.tap_to_translate.snap_translate","com.niven.game","com.niven.comic","com.eecorp.linguago","com.translate.talkingtranslator","com.google.android.apps.translate","com.newmg.yurao.pro"]},{"rank":{"index":2,"lang":"it","country":"it","chineseCountryName":"意大利","pkg":"com.spaceship.screen.textcopy"},"orders":["com.recognize_text.translate.screen","com.spaceship.screen.textcopy","com.gaminik.i18n","com.mg.yurao.google","screen.translator.voice.translate","com.niven.game","com.niven.translator","com.eecorp.linguago","com.tap_to_translate.snap_translate","com.microsoft.translator","com.niven.comic","com.niven.apptranslate","com.eecorp.taptranslator","com.newmg.yurao.pro","com.google.android.apps.translate","com.translator.translation.screen.translate.voice.languages.text.translating","com.chat_translate.screen_translate","com.google.android.apps.photos","com.android.chrome","com.discord"]},{"rank":{"index":2,"lang":"ja","country":"jp","chineseCountryName":"日本","pkg":"com.spaceship.screen.textcopy"},"orders":["com.recognize_text.translate.screen","com.spaceship.screen.textcopy","com.mg.yurao.google","com.gaminik.i18n","com.eecorp.linguago","com.eecorp.taptranslator","com.niven.translator","com.niven.game"]},{"rank":{"index":3,"lang":"ko","country":"kr","chineseCountryName":"韩国","pkg":"com.spaceship.screen.textcopy"},"orders":["com.recognize_text.translate.screen","com.mg.yurao.google","com.spaceship.screen.textcopy","com.tap_to_translate.snap_translate","com.gaminik.i18n","com.microsoft.translator","com.niven.translator","com.google.android.apps.translate","com.naver.labs.translator","com.eecorp.linguago","com.niven.game","com.newmg.yurao.pro","com.niven.comic","screen.translator.voice.translate","com.eecorp.taptranslator","com.niven.apptranslate","com.translate.talkingtranslator","com.deepl.mobiletranslator","at.nk.tools.iTranslate","com.mobisystems.msdict.embedded.wireless.collins.ee"]},{"rank":{"index":2,"lang":"zh-hk","country":"hk","chineseCountryName":"香港","pkg":"com.spaceship.screen.textcopy"},"orders":["com.recognize_text.translate.screen","com.spaceship.screen.textcopy","com.mg.yurao.google","com.tap_to_translate.snap_translate","com.microsoft.translator","com.gaminik.i18n","com.niven.translator","com.google.android.apps.translate","com.niven.game","com.niven.comic","com.eecorp.linguago","com.newmg.yurao.pro","com.eecorp.taptranslator","com.niven.apptranslate","screen.translator.voice.translate","com.translate.talkingtranslator","translate.smartranit.language.text","at.nk.tools.iTranslate","com.naver.labs.translator","com.mobisystems.msdict.embedded.wireless.collins.ee"]},{"rank":{"index":3,"lang":"zh-tw","country":"tw","chineseCountryName":"台湾","pkg":"com.spaceship.screen.textcopy"},"orders":["com.recognize_text.translate.screen","com.mg.yurao.google","com.spaceship.screen.textcopy","com.tap_to_translate.snap_translate","com.gaminik.i18n","com.microsoft.translator","com.google.android.apps.translate","com.niven.translator","com.niven.game","com.niven.comic","com.eecorp.linguago","com.newmg.yurao.pro","com.naver.labs.translator","com.eecorp.taptranslator","screen.translator.voice.translate","com.translate.talkingtranslator","com.niven.apptranslate","at.nk.tools.iTranslate","translate.smartranit.language.text","com.mobisystems.msdict.embedded.wireless.collins.ee"]},{"rank":{"index":2,"lang":"en","country":"in","chineseCountryName":"印度","pkg":"com.spaceship.screen.textcopy"},"orders":["com.recognize_text.translate.screen","com.spaceship.screen.textcopy","screen.translator.voice.translate","com.google.android.apps.translate","com.microsoft.translator","com.tap_to_translate.snap_translate","com.niven.translator","com.niven.comic","com.newmg.yurao.pro","com.eecorp.linguago","com.niven.game","com.zaz.translate","translate.smartranit.language.text","com.tranit.text.translate","com.naver.labs.translator","com.chat_translate.screen_translate","com.niven.apptranslate","at.nk.tools.iTranslate","com.mg.yurao.google","com.gaminik.i18n"]},{"rank":{"index":1,"lang":"id","country":"id","chineseCountryName":"印尼","pkg":"com.spaceship.screen.textcopy"},"orders":["com.spaceship.screen.textcopy","com.recognize_text.translate.screen","com.gaminik.i18n","com.eecorp.linguago","com.mg.yurao.google","com.tap_to_translate.snap_translate","com.niven.translator","com.google.android.apps.translate","com.niven.game","com.android.chrome","com.google.android.apps.photos","com.google.android.apps.docs","com.discord","us.zoom.videomeetings"]},{"rank":{"index":2,"lang":"es-mx","country":"mx","chineseCountryName":"墨西哥","pkg":"com.spaceship.screen.textcopy"},"orders":["com.recognize_text.translate.screen","com.spaceship.screen.textcopy","com.gaminik.i18n","com.mg.yurao.google","com.eecorp.linguago","com.niven.translator","com.tap_to_translate.snap_translate","com.niven.game","com.niven.comic","com.microsoft.translator","com.newmg.yurao.pro","com.google.android.apps.translate","com.pidev.screentranslator","com.niven.apptranslate","com.copy.paste.ocr.screen.text.copypastetrial","com.google.android.apps.photos","com.android.chrome","com.google.android.apps.docs","com.chat_translate.screen_translate","com.discord"]}]