[{"rank":{"index":2,"lang":"en-us","country":"us","chineseCountryName":"美国","pkg":"com.spaceship.screen.textcopy"},"orders":["com.recognize_text.translate.screen","com.spaceship.screen.textcopy","com.tap_to_translate.snap_translate","com.gaminik.i18n","com.google.android.apps.translate","com.niven.translator","com.niven.game","com.microsoft.translator","com.niven.comic","com.newmg.yurao.pro","com.niven.apptranslate","com.screen.translate.google","at.nk.tools.iTranslate","com.deepl.mobiletranslator","screen.translator.voice.translate","ru.yandex.translate","com.facebook.orca","com.android.chrome","com.google.android.apps.photos","com.google.android.apps.maps"]},{"rank":{"index":2,"lang":"ru","country":"ru","chineseCountryName":"俄罗斯","pkg":"com.spaceship.screen.textcopy"},"orders":["com.recognize_text.translate.screen","com.spaceship.screen.textcopy","com.tap_to_translate.snap_translate","com.gaminik.i18n","com.niven.translator","com.niven.game","com.newmg.yurao.pro","com.niven.apptranslate","com.niven.comic","ru.yandex.translate","com.screen.translate.google","com.google.android.apps.translate","com.android.chrome","com.facebook.orca","us.zoom.videomeetings","com.google.android.dialer","com.discord","com.google.android.apps.photos","com.truecaller","com.microsoft.translator"]},{"rank":{"index":2,"lang":"fr","country":"fr","chineseCountryName":"法国","pkg":"com.spaceship.screen.textcopy"},"orders":["com.recognize_text.translate.screen","com.spaceship.screen.textcopy","com.tap_to_translate.snap_translate","com.niven.game","com.gaminik.i18n","com.niven.translator","com.google.android.apps.translate","com.niven.comic","com.niven.apptranslate","com.screen.translate.google","com.newmg.yurao.pro","com.microsoft.translator","com.facebook.orca","us.zoom.videomeetings","com.google.android.apps.photos","com.android.chrome","com.discord","com.truecaller","com.microsoft.office.outlook","com.google.android.apps.maps"]},{"rank":{"index":2,"lang":"en-gb","country":"gb","chineseCountryName":"英国","pkg":"com.spaceship.screen.textcopy"},"orders":["com.recognize_text.translate.screen","com.spaceship.screen.textcopy","com.gaminik.i18n","com.niven.game","com.google.android.apps.translate","com.niven.translator","com.tap_to_translate.snap_translate","com.microsoft.translator","com.niven.apptranslate","com.niven.comic","com.newmg.yurao.pro","com.screen.translate.google","at.nk.tools.iTranslate","com.deepl.mobiletranslator","com.facebook.orca","com.google.android.apps.maps","us.zoom.videomeetings","com.android.chrome","com.google.android.apps.photos","com.discord"]},{"rank":{"index":2,"lang":"de","country":"de","chineseCountryName":"德国","pkg":"com.spaceship.screen.textcopy"},"orders":["com.recognize_text.translate.screen","com.spaceship.screen.textcopy","com.gaminik.i18n","com.tap_to_translate.snap_translate","com.niven.game","com.niven.translator","com.screen.translate.google","com.niven.comic","com.google.android.apps.translate","com.microsoft.translator","com.niven.apptranslate","com.newmg.yurao.pro","com.deepl.mobiletranslator","com.facebook.orca","us.zoom.videomeetings","at.nk.tools.iTranslate","com.discord","com.android.chrome","com.google.android.apps.photos","com.truecaller"]},{"rank":{"index":2,"lang":"it","country":"it","chineseCountryName":"意大利","pkg":"com.spaceship.screen.textcopy"},"orders":["com.recognize_text.translate.screen","com.spaceship.screen.textcopy","com.gaminik.i18n","com.niven.game","com.niven.translator","com.tap_to_translate.snap_translate","com.screen.translate.google","com.niven.apptranslate","com.niven.comic","com.google.android.apps.translate","com.newmg.yurao.pro","com.microsoft.translator","com.facebook.orca","com.deepl.mobiletranslator","us.zoom.videomeetings","com.google.android.apps.photos","com.discord","com.android.chrome","com.google.android.dialer","com.duolingo"]},{"rank":{"index":2,"lang":"ja","country":"jp","chineseCountryName":"日本","pkg":"com.spaceship.screen.textcopy"},"orders":["com.recognize_text.translate.screen","com.spaceship.screen.textcopy","com.niven.game","com.gaminik.i18n","com.niven.apptranslate","com.tap_to_translate.snap_translate","com.niven.translator","com.niven.comic","com.google.android.apps.translate","com.newmg.yurao.pro","com.microsoft.translator","com.screen.translate.google","com.facebook.orca","com.android.chrome","us.zoom.videomeetings","com.discord","com.google.android.apps.maps","com.google.ar.lens","com.twitter.android","com.deepl.mobiletranslator"]},{"rank":{"index":2,"lang":"ko","country":"kr","chineseCountryName":"韩国","pkg":"com.spaceship.screen.textcopy"},"orders":["com.recognize_text.translate.screen","com.spaceship.screen.textcopy","com.tap_to_translate.snap_translate","com.gaminik.i18n","com.niven.game","com.niven.translator","com.niven.comic","com.niven.apptranslate","com.google.android.apps.translate","com.newmg.yurao.pro","com.screen.translate.google","com.facebook.orca","us.zoom.videomeetings","com.discord","com.android.chrome","com.twitter.android","com.naver.labs.translator","com.sec.android.app.sbrowser","com.google.android.apps.photos","com.google.android.apps.youtube.creator"]},{"rank":{"index":2,"lang":"zh-hk","country":"hk","chineseCountryName":"香港","pkg":"com.spaceship.screen.textcopy"},"orders":["com.recognize_text.translate.screen","com.spaceship.screen.textcopy","com.gaminik.i18n","com.niven.translator","com.screen.translate.google","com.tap_to_translate.snap_translate","com.niven.game","com.niven.comic","com.niven.apptranslate","com.google.android.apps.translate","com.newmg.yurao.pro","com.microsoft.translator","screen.translator.voice.translate","com.eecorp.linguago","com.android.chrome","com.google.android.apps.maps","com.facebook.orca","com.discord","at.nk.tools.iTranslate","us.zoom.videomeetings"]},{"rank":{"index":2,"lang":"zh-tw","country":"tw","chineseCountryName":"台湾","pkg":"com.spaceship.screen.textcopy"},"orders":["com.recognize_text.translate.screen","com.spaceship.screen.textcopy","com.tap_to_translate.snap_translate","com.gaminik.i18n","com.niven.game","com.niven.translator","com.niven.comic","com.google.android.apps.translate","com.niven.apptranslate","com.newmg.yurao.pro","com.microsoft.translator","com.screen.translate.google","com.youdao.hindict","com.deepl.mobiletranslator","com.facebook.orca","com.google.android.apps.maps","com.android.chrome","com.discord","com.google.android.apps.photos","com.google.ar.lens"]},{"rank":{"index":2,"lang":"en","country":"in","chineseCountryName":"印度","pkg":"com.spaceship.screen.textcopy"},"orders":["com.recognize_text.translate.screen","com.spaceship.screen.textcopy","com.google.android.apps.translate","com.tap_to_translate.snap_translate","com.newmg.yurao.pro","com.niven.translator","com.niven.game","com.microsoft.translator","com.zaz.translate","at.nk.tools.iTranslate","com.screen.translate.google","ru.yandex.translate","com.naver.labs.translator","com.gaminik.i18n"]},{"rank":{"index":2,"lang":"id","country":"id","chineseCountryName":"印尼","pkg":"com.spaceship.screen.textcopy"},"orders":["com.recognize_text.translate.screen","com.spaceship.screen.textcopy","com.tap_to_translate.snap_translate","com.niven.game","com.gaminik.i18n","com.niven.translator","com.newmg.yurao.pro","com.niven.comic","com.google.android.apps.translate","com.niven.apptranslate"]},{"rank":{"index":2,"lang":"es-mx","country":"mx","chineseCountryName":"墨西哥","pkg":"com.spaceship.screen.textcopy"},"orders":["com.recognize_text.translate.screen","com.spaceship.screen.textcopy","com.tap_to_translate.snap_translate","com.niven.game","com.google.android.apps.translate","com.niven.translator","com.youdao.hindict","com.microsoft.translator","at.nk.tools.iTranslate","com.deepl.mobiletranslator","ru.yandex.translate","com.niven.comic","com.zaz.translate","com.softissimo.reverso.context","com.newmg.yurao.pro","com.niven.apptranslate","com.translate.talkingtranslator","com.naver.labs.translator","com.sayhi.android.sayhitranslate","com.gaminik.i18n"]}]