[{"rank":{"index":2,"lang":"en-us","country":"us","chineseCountryName":"美国","pkg":"com.spaceship.screen.textcopy"},"orders":["com.recognize_text.translate.screen","com.spaceship.screen.textcopy","com.tap_to_translate.snap_translate","com.google.android.apps.translate","com.newmg.yurao.pro","com.screen.translate.google","com.gaminik.i18n","com.niven.translator","com.microsoft.translator","com.niven.game","com.immersivetranslate.browser","com.naver.labs.translator","com.deepl.mobiletranslator","com.niven.apptranslate","ru.yandex.translate","com.tangdi.baiguotong","at.nk.tools.iTranslate","com.youdao.hindict","com.fapp.translate.language.translator.fasttranslation","com.zaz.translate"]},{"rank":{"index":0,"lang":"ru","country":"ru","chineseCountryName":"俄罗斯","pkg":"com.spaceship.screen.textcopy"},"orders":["com.recognize_text.translate.screen","com.tap_to_translate.snap_translate","com.niven.translator","com.newmg.yurao.pro","com.gaminik.i18n","com.screen.translate.google","com.niven.game","ru.yandex.translate","com.niven.apptranslate","com.immersivetranslate.browser","com.google.android.apps.translate","com.deepl.mobiletranslator","com.microsoft.translator","com.voice_camera_free_translate","com.tangdi.baiguotong","com.naver.labs.translator","com.activision.callofduty.shooter","at.nk.tools.iTranslate","photo.translate.camera.translator","com.android.chrome"]},{"rank":{"index":2,"lang":"pt-br","country":"br","chineseCountryName":"巴西","pkg":"com.spaceship.screen.textcopy"},"orders":["com.recognize_text.translate.screen","com.spaceship.screen.textcopy","com.tap_to_translate.snap_translate","com.newmg.yurao.pro","com.gaminik.i18n","com.google.android.apps.translate","com.youdao.hindict","com.zaz.translate","at.nk.tools.iTranslate","com.deepl.mobiletranslator","ru.yandex.translate","com.naver.labs.translator","com.translate.talkingtranslator","com.softissimo.reverso.context","com.niven.translator","com.screen.translate.google","com.niven.game","com.newtranslate.google","com.niven.apptranslate","com.google.ar.lens"]},{"rank":{"index":2,"lang":"fr","country":"fr","chineseCountryName":"法国","pkg":"com.spaceship.screen.textcopy"},"orders":["com.recognize_text.translate.screen","com.spaceship.screen.textcopy","com.tap_to_translate.snap_translate","com.newmg.yurao.pro","com.gaminik.i18n","com.niven.translator","com.screen.translate.google","com.microsoft.translator","com.niven.game","com.google.android.apps.translate","com.niven.apptranslate","com.immersivetranslate.browser","com.deepl.mobiletranslator","ru.yandex.translate","com.zaz.translate","com.naver.labs.translator","at.nk.tools.iTranslate","com.openai.chatgpt","com.tangdi.baiguotong","com.google.ar.lens"]},{"rank":{"index":2,"lang":"en-gb","country":"gb","chineseCountryName":"英国","pkg":"com.spaceship.screen.textcopy"},"orders":["com.recognize_text.translate.screen","com.spaceship.screen.textcopy","com.newmg.yurao.pro","com.google.android.apps.translate","com.gaminik.i18n","com.microsoft.translator","com.niven.translator","com.tap_to_translate.snap_translate","com.screen.translate.google","com.niven.game","com.immersivetranslate.browser","com.deepl.mobiletranslator","com.youdao.hindict","ru.yandex.translate","com.niven.apptranslate","com.naver.labs.translator","at.nk.tools.iTranslate","com.fapp.translate.language.translator.fasttranslation","com.zaz.translate","com.tangdi.baiguotong"]},{"rank":{"index":2,"lang":"de","country":"de","chineseCountryName":"德国","pkg":"com.spaceship.screen.textcopy"},"orders":["com.recognize_text.translate.screen","com.spaceship.screen.textcopy","com.newmg.yurao.pro","com.gaminik.i18n","com.niven.translator","com.screen.translate.google","com.tap_to_translate.snap_translate","com.microsoft.translator","com.niven.game","com.google.android.apps.translate","com.immersivetranslate.browser","com.niven.apptranslate","com.deepl.mobiletranslator","ru.yandex.translate","com.zaz.translate","at.nk.tools.iTranslate","com.tangdi.baiguotong","com.translate.talkingtranslator","com.openai.chatgpt","com.amazon.kindle"]},{"rank":{"index":2,"lang":"it","country":"it","chineseCountryName":"意大利","pkg":"com.spaceship.screen.textcopy"},"orders":["com.recognize_text.translate.screen","com.spaceship.screen.textcopy","com.tap_to_translate.snap_translate","com.gaminik.i18n","com.newmg.yurao.pro","com.niven.translator","com.screen.translate.google","com.niven.game","com.microsoft.translator","com.google.android.apps.translate","com.niven.apptranslate","com.deepl.mobiletranslator","com.immersivetranslate.browser","com.tangdi.baiguotong","at.nk.tools.iTranslate","ru.yandex.translate","com.zaz.translate","com.softissimo.reverso.context","com.youdao.hindict","com.eecorp.taptranslator"]},{"rank":{"index":2,"lang":"ja","country":"jp","chineseCountryName":"日本","pkg":"com.spaceship.screen.textcopy"},"orders":["com.recognize_text.translate.screen","com.spaceship.screen.textcopy","com.tap_to_translate.snap_translate","com.gaminik.i18n","com.newmg.yurao.pro","com.screen.translate.google","com.niven.translator","com.microsoft.translator","com.naver.labs.translator","com.immersivetranslate.browser","com.google.android.apps.translate","com.niven.game","com.deepl.mobiletranslator","com.niven.apptranslate","com.google.ar.lens","com.voice_camera_free_translate","com.tangdi.baiguotong","com.youdao.hindict","com.openai.chatgpt","com.amazon.kindle"]},{"rank":{"index":2,"lang":"ko","country":"kr","chineseCountryName":"韩国","pkg":"com.spaceship.screen.textcopy"},"orders":["com.recognize_text.translate.screen","com.spaceship.screen.textcopy","com.tap_to_translate.snap_translate","com.newmg.yurao.pro","com.niven.translator","com.gaminik.i18n","com.screen.translate.google","com.niven.game","com.naver.labs.translator","com.immersivetranslate.browser","com.niven.apptranslate","com.google.android.apps.translate","com.microsoft.translator","com.voice_camera_free_translate","com.deepl.mobiletranslator","com.openai.chatgpt","com.eecorp.taptranslator","com.tencent.mm","com.facebook.katana","com.facebook.orca"]},{"rank":{"index":2,"lang":"zh-hk","country":"hk","chineseCountryName":"香港","pkg":"com.spaceship.screen.textcopy"},"orders":["com.recognize_text.translate.screen","com.spaceship.screen.textcopy","com.screen.translate.google","com.newmg.yurao.pro","com.gaminik.i18n","com.niven.translator","com.tap_to_translate.snap_translate","com.niven.game","com.google.android.apps.translate","com.microsoft.translator","com.niven.apptranslate","com.immersivetranslate.browser","com.naver.labs.translator","com.tangdi.baiguotong","com.deepl.mobiletranslator","com.zaz.translate","jp.naver.line.android","com.android.chrome","com.microsoft.teams","com.facebook.katana"]},{"rank":{"index":2,"lang":"zh-tw","country":"tw","chineseCountryName":"台湾","pkg":"com.spaceship.screen.textcopy"},"orders":["com.recognize_text.translate.screen","com.spaceship.screen.textcopy","com.newmg.yurao.pro","com.gaminik.i18n","com.screen.translate.google","com.niven.translator","com.tap_to_translate.snap_translate","com.niven.game","com.niven.apptranslate","com.microsoft.translator","com.immersivetranslate.browser","com.google.android.apps.translate","com.naver.labs.translator","com.tangdi.baiguotong","com.deepl.mobiletranslator","com.openai.chatgpt","com.eecorp.taptranslator","com.zaz.translate","com.facebook.katana","com.facebook.orca"]},{"rank":{"index":2,"lang":"en","country":"in","chineseCountryName":"印度","pkg":"com.spaceship.screen.textcopy"},"orders":["com.recognize_text.translate.screen","com.spaceship.screen.textcopy","com.newmg.yurao.pro","com.google.android.apps.translate"]},{"rank":{"index":2,"lang":"id","country":"id","chineseCountryName":"印尼","pkg":"com.spaceship.screen.textcopy"},"orders":["com.recognize_text.translate.screen","com.spaceship.screen.textcopy","com.tap_to_translate.snap_translate","com.niven.translator","com.newmg.yurao.pro","com.screen.translate.google","com.gaminik.i18n","com.niven.game","com.google.android.apps.translate","com.niven.apptranslate","com.immersivetranslate.browser","com.youdao.hindict","com.deepl.mobiletranslator","com.microsoft.translator","com.naver.labs.translator"]},{"rank":{"index":2,"lang":"es-mx","country":"mx","chineseCountryName":"墨西哥","pkg":"com.spaceship.screen.textcopy"},"orders":["com.recognize_text.translate.screen","com.spaceship.screen.textcopy","com.tap_to_translate.snap_translate","com.newmg.yurao.pro","com.gaminik.i18n","com.google.android.apps.translate","com.zaz.translate","com.deepl.mobiletranslator","at.nk.tools.iTranslate","com.youdao.hindict","ru.yandex.translate","com.naver.labs.translator","com.translate.talkingtranslator","com.google.ar.lens","com.niven.translator","com.screen.translate.google","com.niven.apptranslate","com.niven.game","com.newtranslate.google","com.ticktalk.translatevoice"]}]