[{"rank":{"index":2,"lang":"en-us","country":"us","chineseCountryName":"美国","pkg":"com.spaceship.screen.textcopy"},"orders":["com.recognize_text.translate.screen","com.spaceship.screen.textcopy","com.newmg.yurao.pro","com.gaminik.i18n","com.google.android.apps.translate","com.microsoft.translator","com.niven.translator","com.deepl.mobiletranslator","com.tap_to_translate.snap_translate","com.google.ar.lens","ru.yandex.translate","com.niven.game","com.translate.talkingtranslator","at.nk.tools.iTranslate","com.naver.labs.translator","com.screen.translate.google","com.eecorp.linguago","com.niven.apptranslate","com.datacomprojects.scanandtranslate","com.wooask.zx"]},{"rank":{"index":0,"lang":"ru","country":"ru","chineseCountryName":"俄罗斯","pkg":"com.spaceship.screen.textcopy"},"orders":["com.recognize_text.translate.screen","com.gaminik.i18n","com.newmg.yurao.pro","ru.yandex.translate","com.niven.translator","com.tap_to_translate.snap_translate","com.google.android.apps.translate","com.niven.game","com.microsoft.translator","com.deepl.mobiletranslator","com.google.ar.lens","com.niven.apptranslate","com.immersivetranslate.browser","com.eecorp.linguago","com.wooask.zx","com.screen.translate.google","com.tangdi.baiguotong","com.translate.talkingtranslator","com.datacomprojects.scanandtranslate","com.promt.pmtappfree"]},{"rank":{"index":2,"lang":"pt-br","country":"br","chineseCountryName":"巴西","pkg":"com.spaceship.screen.textcopy"},"orders":["com.recognize_text.translate.screen","com.spaceship.screen.textcopy","com.newmg.yurao.pro","com.tap_to_translate.snap_translate","com.gaminik.i18n","com.google.android.apps.translate","com.microsoft.translator","ru.yandex.translate","at.nk.tools.iTranslate","com.deepl.mobiletranslator","com.zaz.translate","com.google.ar.lens","com.translate.talkingtranslator","com.ticktalk.translatevoice","com.softissimo.reverso.context","com.wooask.zx","com.kursx.smartbook","com.naver.labs.translator","com.niven.translator","com.niven.game"]},{"rank":{"index":2,"lang":"fr","country":"fr","chineseCountryName":"法国","pkg":"com.spaceship.screen.textcopy"},"orders":["com.recognize_text.translate.screen","com.spaceship.screen.textcopy","com.tap_to_translate.snap_translate","com.gaminik.i18n","com.newmg.yurao.pro","com.niven.translator","com.screen.translate.google","com.google.android.apps.translate","com.microsoft.translator","com.google.ar.lens","ru.yandex.translate","com.niven.game","com.deepl.mobiletranslator","com.niven.apptranslate","com.eecorp.linguago","com.wooask.zx","com.datacomprojects.scanandtranslate","com.translate.talkingtranslator","com.tangdi.baiguotong","com.naver.labs.translator"]},{"rank":{"index":2,"lang":"en-gb","country":"gb","chineseCountryName":"英国","pkg":"com.spaceship.screen.textcopy"},"orders":["com.recognize_text.translate.screen","com.spaceship.screen.textcopy","com.newmg.yurao.pro","com.gaminik.i18n","com.google.android.apps.translate","com.microsoft.translator","com.deepl.mobiletranslator","com.niven.translator","ru.yandex.translate","com.tap_to_translate.snap_translate","com.google.ar.lens","com.niven.game","at.nk.tools.iTranslate","com.datacomprojects.scanandtranslate","com.translate.talkingtranslator","com.eecorp.linguago","com.screen.translate.google","com.niven.apptranslate","com.wooask.zx","com.siv"]},{"rank":{"index":2,"lang":"de","country":"de","chineseCountryName":"德国","pkg":"com.spaceship.screen.textcopy"},"orders":["com.recognize_text.translate.screen","com.spaceship.screen.textcopy","com.newmg.yurao.pro","com.gaminik.i18n","com.google.android.apps.translate","com.niven.translator","com.microsoft.translator","com.tap_to_translate.snap_translate","ru.yandex.translate","com.deepl.mobiletranslator","com.niven.game","com.google.ar.lens","com.niven.apptranslate","com.eecorp.linguago","com.translate.talkingtranslator","com.screen.translate.google","com.immersivetranslate.browser","com.tangdi.baiguotong","com.wooask.zx","at.nk.tools.iTranslate"]},{"rank":{"index":2,"lang":"it","country":"it","chineseCountryName":"意大利","pkg":"com.spaceship.screen.textcopy"},"orders":["com.recognize_text.translate.screen","com.spaceship.screen.textcopy","com.gaminik.i18n","com.newmg.yurao.pro","com.google.android.apps.translate","com.microsoft.translator","com.tap_to_translate.snap_translate","com.google.ar.lens","ru.yandex.translate","com.niven.game","com.deepl.mobiletranslator","com.niven.translator","com.tangdi.baiguotong","com.datacomprojects.scanandtranslate"]},{"rank":{"index":2,"lang":"ja","country":"jp","chineseCountryName":"日本","pkg":"com.spaceship.screen.textcopy"},"orders":["com.recognize_text.translate.screen","com.spaceship.screen.textcopy","com.newmg.yurao.pro","com.gaminik.i18n","com.google.android.apps.translate","com.tap_to_translate.snap_translate","com.microsoft.translator","com.google.ar.lens","com.deepl.mobiletranslator","ru.yandex.translate","com.niven.translator","com.naver.labs.translator","com.niven.game","com.niven.apptranslate","com.immersivetranslate.browser","com.eecorp.linguago","com.wooask.zx","com.tangdi.baiguotong","com.translate.talkingtranslator","com.screen.translate.google"]},{"rank":{"index":2,"lang":"ko","country":"kr","chineseCountryName":"韩国","pkg":"com.spaceship.screen.textcopy"},"orders":["com.recognize_text.translate.screen","com.spaceship.screen.textcopy","com.newmg.yurao.pro","com.gaminik.i18n","com.tap_to_translate.snap_translate","com.google.android.apps.translate","com.niven.game","com.niven.translator","com.microsoft.translator","com.naver.labs.translator","com.niven.apptranslate","com.eecorp.linguago","com.google.ar.lens","ru.yandex.translate","com.immersivetranslate.browser","com.wooask.zx","com.translate.talkingtranslator","com.screen.translate.google","com.siv","at.nk.tools.iTranslate"]},{"rank":{"index":2,"lang":"zh-hk","country":"hk","chineseCountryName":"香港","pkg":"com.spaceship.screen.textcopy"},"orders":["com.recognize_text.translate.screen","com.spaceship.screen.textcopy","com.newmg.yurao.pro","com.gaminik.i18n","com.google.android.apps.translate","com.microsoft.translator","com.tap_to_translate.snap_translate","com.niven.translator","com.google.ar.lens","com.niven.game","ru.yandex.translate","com.eecorp.linguago","com.naver.labs.translator","com.niven.apptranslate","com.immersivetranslate.browser","com.tangdi.baiguotong","com.screen.translate.google","com.deepl.mobiletranslator","com.wooask.zx","com.siv"]},{"rank":{"index":2,"lang":"zh-tw","country":"tw","chineseCountryName":"台湾","pkg":"com.spaceship.screen.textcopy"},"orders":["com.recognize_text.translate.screen","com.spaceship.screen.textcopy","com.newmg.yurao.pro","com.gaminik.i18n","com.google.android.apps.translate","com.tap_to_translate.snap_translate","com.microsoft.translator","com.niven.translator","com.niven.game","com.google.ar.lens","com.eecorp.linguago","ru.yandex.translate","com.niven.apptranslate","com.naver.labs.translator","com.tangdi.baiguotong","com.screen.translate.google","com.immersivetranslate.browser","live.screentranslate.realtime","com.eecorp.taptranslator","com.wooask.zx"]},{"rank":{"index":2,"lang":"en","country":"in","chineseCountryName":"印度","pkg":"com.spaceship.screen.textcopy"},"orders":["com.recognize_text.translate.screen","com.spaceship.screen.textcopy","com.google.android.apps.translate","com.newmg.yurao.pro"]},{"rank":{"index":2,"lang":"id","country":"id","chineseCountryName":"印尼","pkg":"com.spaceship.screen.textcopy"},"orders":["com.recognize_text.translate.screen","com.spaceship.screen.textcopy","com.tap_to_translate.snap_translate","com.gaminik.i18n","com.newmg.yurao.pro","com.niven.translator","com.youdao.hindict","com.google.android.apps.translate","com.niven.game","com.deepl.mobiletranslator","com.microsoft.translator","com.niven.apptranslate","com.naver.labs.translator","ru.yandex.translate","com.eecorp.linguago"]},{"rank":{"index":2,"lang":"es-mx","country":"mx","chineseCountryName":"墨西哥","pkg":"com.spaceship.screen.textcopy"},"orders":["com.recognize_text.translate.screen","com.spaceship.screen.textcopy","com.newmg.yurao.pro","com.tap_to_translate.snap_translate","com.gaminik.i18n","com.google.android.apps.translate","com.microsoft.translator","com.deepl.mobiletranslator","ru.yandex.translate","com.google.ar.lens","at.nk.tools.iTranslate","com.zaz.translate","com.translate.talkingtranslator","com.ticktalk.translatevoice","com.wooask.zx","com.softissimo.reverso.context","com.naver.labs.translator","com.niven.translator","com.youdao.hindict","com.niven.game"]}]