[{"rank":{"index":3,"lang":"en-us","country":"us","chineseCountryName":"美国","pkg":"com.spaceship.screen.textcopy"},"orders":["com.recognize_text.translate.screen","com.niven.translator","com.spaceship.screen.textcopy","com.google.android.apps.translate","com.tap_to_translate.snap_translate","com.newmg.yurao.pro","com.gaminik.i18n","com.zaz.translate","com.deepl.mobiletranslator","com.microsoft.translator","com.immersivetranslate.browser","com.screen.translate.google","com.naver.labs.translator","com.niven.apptranslate","com.eecorp.linguago","at.nk.tools.iTranslate","com.hive.lingonative","com.niven.game","com.fapp.translate.language.translator.fasttranslation","photo.translate.camera.translator"]},{"rank":{"index":0,"lang":"ru","country":"ru","chineseCountryName":"俄罗斯","pkg":"com.spaceship.screen.textcopy"},"orders":["com.recognize_text.translate.screen","com.niven.translator","com.tap_to_translate.snap_translate","com.newmg.yurao.pro","com.gaminik.i18n","com.zaz.translate","com.niven.game","com.google.android.apps.translate","com.deepl.mobiletranslator","com.screen.translate.google","com.niven.apptranslate","com.immersivetranslate.browser","com.eecorp.linguago","com.microsoft.translator","ru.yandex.translate","com.voice_camera_free_translate","com.hive.lingonative","com.naver.labs.translator","at.nk.tools.iTranslate","photo.translate.camera.translator"]},{"rank":{"index":2,"lang":"pt-br","country":"br","chineseCountryName":"巴西","pkg":"com.spaceship.screen.textcopy"},"orders":["com.recognize_text.translate.screen","com.spaceship.screen.textcopy","com.niven.translator","com.tap_to_translate.snap_translate","com.gaminik.i18n","com.newmg.yurao.pro","com.google.android.apps.translate","com.zaz.translate","com.screen.translate.google","com.niven.game","com.niven.apptranslate","com.eecorp.linguago","com.deepl.mobiletranslator","com.microsoft.translator","com.voice_camera_free_translate","com.hive.lingonative","com.immersivetranslate.browser","at.nk.tools.iTranslate","com.eecorp.taptranslator","com.naver.labs.translator"]},{"rank":{"index":2,"lang":"fr","country":"fr","chineseCountryName":"法国","pkg":"com.spaceship.screen.textcopy"},"orders":["com.recognize_text.translate.screen","com.spaceship.screen.textcopy","com.tap_to_translate.snap_translate","com.niven.translator","com.newmg.yurao.pro","com.gaminik.i18n","com.google.android.apps.translate","com.zaz.translate","com.microsoft.translator","com.screen.translate.google","com.deepl.mobiletranslator","com.eecorp.linguago","com.immersivetranslate.browser","com.niven.apptranslate","com.naver.labs.translator","com.eecorp.taptranslator","screen.translator.voice.translate","com.fapp.translate.language.translator.fasttranslation","com.hive.lingonative","com.openai.chatgpt"]},{"rank":{"index":2,"lang":"en-gb","country":"gb","chineseCountryName":"英国","pkg":"com.spaceship.screen.textcopy"},"orders":["com.recognize_text.translate.screen","com.spaceship.screen.textcopy","com.niven.translator","com.tap_to_translate.snap_translate","com.google.android.apps.translate","com.newmg.yurao.pro","com.zaz.translate","com.gaminik.i18n","com.microsoft.translator","com.deepl.mobiletranslator","com.immersivetranslate.browser","com.naver.labs.translator","com.eecorp.linguago","com.screen.translate.google"]},{"rank":{"index":2,"lang":"de","country":"de","chineseCountryName":"德国","pkg":"com.spaceship.screen.textcopy"},"orders":["com.recognize_text.translate.screen","com.spaceship.screen.textcopy","com.niven.translator","com.tap_to_translate.snap_translate","com.newmg.yurao.pro","com.gaminik.i18n","com.zaz.translate","com.google.android.apps.translate","com.eecorp.linguago","com.screen.translate.google","com.deepl.mobiletranslator","com.microsoft.translator","com.niven.apptranslate","com.immersivetranslate.browser","com.voice_camera_free_translate","com.hive.lingonative","com.naver.labs.translator","com.eecorp.taptranslator","com.openai.chatgpt","com.niven.game"]},{"rank":{"index":2,"lang":"it","country":"it","chineseCountryName":"意大利","pkg":"com.spaceship.screen.textcopy"},"orders":["com.recognize_text.translate.screen","com.spaceship.screen.textcopy","com.newmg.yurao.pro","com.tap_to_translate.snap_translate","com.gaminik.i18n","com.zaz.translate","com.niven.translator","com.google.android.apps.translate","com.screen.translate.google","com.eecorp.linguago","com.deepl.mobiletranslator","com.microsoft.translator","com.immersivetranslate.browser","com.voice_camera_free_translate","com.niven.apptranslate","com.niven.game","com.eecorp.taptranslator","com.openai.chatgpt","com.google.android.apps.youtube.music","com.google.android.apps.photos"]},{"rank":{"index":3,"lang":"ja","country":"jp","chineseCountryName":"日本","pkg":"com.spaceship.screen.textcopy"},"orders":["com.recognize_text.translate.screen","com.tap_to_translate.snap_translate","com.spaceship.screen.textcopy","com.niven.translator","com.newmg.yurao.pro","com.gaminik.i18n","com.google.android.apps.translate","com.zaz.translate","com.screen.translate.google","com.immersivetranslate.browser","com.naver.labs.translator","com.niven.apptranslate"]},{"rank":{"index":2,"lang":"ko","country":"kr","chineseCountryName":"韩国","pkg":"com.spaceship.screen.textcopy"},"orders":["com.recognize_text.translate.screen","com.spaceship.screen.textcopy","com.tap_to_translate.snap_translate","com.newmg.yurao.pro","com.niven.translator","com.gaminik.i18n","com.naver.labs.translator","com.zaz.translate","com.screen.translate.google","com.eecorp.linguago","com.niven.apptranslate","com.google.android.apps.translate","com.immersivetranslate.browser","com.deepl.mobiletranslator","com.microsoft.translator","com.niven.game","com.eecorp.taptranslator","com.openai.chatgpt","com.hive.lingonative","com.android.chrome"]},{"rank":{"index":2,"lang":"zh-hk","country":"hk","chineseCountryName":"香港","pkg":"com.spaceship.screen.textcopy"},"orders":["com.recognize_text.translate.screen","com.spaceship.screen.textcopy","com.tap_to_translate.snap_translate","com.newmg.yurao.pro","com.niven.translator","com.gaminik.i18n","com.google.android.apps.translate","com.zaz.translate","com.screen.translate.google","com.immersivetranslate.browser","com.microsoft.translator","com.eecorp.linguago","com.niven.apptranslate","com.voice_camera_free_translate","com.deepl.mobiletranslator","com.naver.labs.translator","at.nk.tools.iTranslate","com.hive.lingonative","photo.translate.camera.translator","com.niven.game"]},{"rank":{"index":2,"lang":"zh-tw","country":"tw","chineseCountryName":"台湾","pkg":"com.spaceship.screen.textcopy"},"orders":["com.recognize_text.translate.screen","com.spaceship.screen.textcopy","com.tap_to_translate.snap_translate","com.newmg.yurao.pro","com.gaminik.i18n","com.niven.translator","com.google.android.apps.translate","com.zaz.translate","com.screen.translate.google","com.eecorp.linguago","com.immersivetranslate.browser","com.niven.apptranslate","com.microsoft.translator","com.naver.labs.translator","com.voice_camera_free_translate","com.deepl.mobiletranslator","com.hive.lingonative","at.nk.tools.iTranslate","com.niven.game","com.eecorp.taptranslator"]},{"rank":{"index":2,"lang":"en","country":"in","chineseCountryName":"印度","pkg":"com.spaceship.screen.textcopy"},"orders":["com.recognize_text.translate.screen","com.spaceship.screen.textcopy","com.newmg.yurao.pro","com.zaz.translate","com.google.android.apps.translate"]},{"rank":{"index":1,"lang":"id","country":"id","chineseCountryName":"印尼","pkg":"com.spaceship.screen.textcopy"},"orders":["com.spaceship.screen.textcopy","com.recognize_text.translate.screen","com.tap_to_translate.snap_translate","com.niven.translator","com.google.android.apps.translate","com.newmg.yurao.pro","com.gaminik.i18n","com.zaz.translate","com.deepl.mobiletranslator","com.screen.translate.google","com.eecorp.linguago","com.naver.labs.translator","com.niven.game","com.niven.apptranslate","com.immersivetranslate.browser","com.hive.lingonative","com.microsoft.translator","com.eecorp.taptranslator","at.nk.tools.iTranslate","free.language.translate.translator"]},{"rank":{"index":1,"lang":"es-mx","country":"mx","chineseCountryName":"墨西哥","pkg":"com.spaceship.screen.textcopy"},"orders":["com.spaceship.screen.textcopy","com.recognize_text.translate.screen","com.niven.translator","com.tap_to_translate.snap_translate","com.newmg.yurao.pro","com.gaminik.i18n","com.google.android.apps.translate","com.zaz.translate","com.screen.translate.google","com.eecorp.linguago","com.niven.apptranslate","com.deepl.mobiletranslator","com.niven.game","com.microsoft.translator","com.hive.lingonative","com.eecorp.taptranslator","com.immersivetranslate.browser","com.openai.chatgpt","at.nk.tools.iTranslate","com.android.chrome"]}]