[{"rank":{"index":2,"lang":"en-us","country":"us","chineseCountryName":"美国","pkg":"com.spaceship.screen.textcopy"},"orders":["com.recognize_text.translate.screen","com.spaceship.screen.textcopy","com.tap_to_translate.snap_translate","com.gaminik.i18n","com.newmg.yurao.pro","com.google.android.apps.translate","com.niven.translator","com.niven.game","com.tangdi.baiguotong","com.microsoft.translator","at.nk.tools.iTranslate","com.naver.labs.translator","com.deepl.mobiletranslator","com.zaz.translate","com.sayhi.android.sayhitranslate","com.paninitranslate","com.ticktalk.translatevoice","com.translate.talkingtranslator","com.android.chrome","com.google.android.apps.maps"]},{"rank":{"index":2,"lang":"ru","country":"ru","chineseCountryName":"俄罗斯","pkg":"com.spaceship.screen.textcopy"},"orders":["com.recognize_text.translate.screen","com.spaceship.screen.textcopy","com.tap_to_translate.snap_translate","com.google.android.apps.translate","com.gaminik.i18n","com.niven.translator","com.niven.game","com.microsoft.translator","com.newmg.yurao.pro","com.tangdi.baiguotong","com.zaz.translate","com.naver.labs.translator","com.deepl.mobiletranslator","at.nk.tools.iTranslate","com.softissimo.reverso.context","com.ticktalk.translatevoice","ru.yandex.translate","com.paninitranslate","com.duolingo","com.android.chrome"]},{"rank":{"index":2,"lang":"pt-br","country":"br","chineseCountryName":"巴西","pkg":"com.spaceship.screen.textcopy"},"orders":["com.recognize_text.translate.screen","com.spaceship.screen.textcopy","com.tap_to_translate.snap_translate","com.gaminik.i18n","com.niven.translator","com.niven.game","com.newmg.yurao.pro","com.google.android.apps.translate","com.tangdi.baiguotong","at.nk.tools.iTranslate","com.microsoft.translator","com.ticktalk.translatevoice","com.galaxy.airviewdictionary","com.deepl.mobiletranslator","com.youdao.hindict","com.google.android.apps.photos","com.android.chrome","com.google.android.inputmethod.latin","com.google.android.deskclock","com.google.android.apps.maps"]},{"rank":{"index":2,"lang":"fr","country":"fr","chineseCountryName":"法国","pkg":"com.spaceship.screen.textcopy"},"orders":["com.recognize_text.translate.screen","com.spaceship.screen.textcopy","com.tap_to_translate.snap_translate","com.gaminik.i18n","com.niven.translator","com.niven.game","com.newmg.yurao.pro","com.google.android.apps.translate","com.tangdi.baiguotong","com.microsoft.translator","com.ticktalk.translatevoice","com.discord","com.canva.editor","com.microsoft.office.outlook","com.google.android.apps.photos","com.android.chrome","com.truecaller","com.skype.raider","com.intsig.camscanner","com.duolingo"]},{"rank":{"index":2,"lang":"en-gb","country":"gb","chineseCountryName":"英国","pkg":"com.spaceship.screen.textcopy"},"orders":["com.recognize_text.translate.screen","com.spaceship.screen.textcopy","com.tap_to_translate.snap_translate","com.google.android.apps.translate","com.gaminik.i18n","com.microsoft.translator","com.niven.translator","com.niven.game","com.tangdi.baiguotong","com.zaz.translate","com.newmg.yurao.pro","at.nk.tools.iTranslate","com.ticktalk.translatevoice","com.deepl.mobiletranslator","com.galaxy.airviewdictionary","com.naver.labs.translator","com.sayhi.android.sayhitranslate","com.paninitranslate","com.google.android.apps.maps","com.duolingo"]},{"rank":{"index":2,"lang":"de","country":"de","chineseCountryName":"德国","pkg":"com.spaceship.screen.textcopy"},"orders":["com.recognize_text.translate.screen","com.spaceship.screen.textcopy","com.newmg.yurao.pro","com.gaminik.i18n","com.niven.translator","com.niven.game","com.tap_to_translate.snap_translate","com.google.android.apps.translate","com.microsoft.translator","com.tangdi.baiguotong","com.deepl.mobiletranslator","com.discord","com.android.chrome","com.google.android.apps.photos","com.truecaller","com.microsoft.office.outlook","com.skype.raider","com.google.android.apps.maps","com.duolingo","org.videolan.vlc"]},{"rank":{"index":2,"lang":"it","country":"it","chineseCountryName":"意大利","pkg":"com.spaceship.screen.textcopy"},"orders":["com.recognize_text.translate.screen","com.spaceship.screen.textcopy","com.gaminik.i18n","com.tap_to_translate.snap_translate","screen.translator.voice.translate","com.niven.game","com.niven.translator","com.google.android.apps.translate","com.newmg.yurao.pro","com.galaxy.airviewdictionary","com.tangdi.baiguotong","at.nk.tools.iTranslate","com.microsoft.translator","com.ticktalk.translatevoice","com.deepl.mobiletranslator","com.screen.translate.google","com.niven.apptranslate","com.naver.labs.translator","com.intsig.camscanner","com.softissimo.reverso.context"]},{"rank":{"index":2,"lang":"ja","country":"jp","chineseCountryName":"日本","pkg":"com.spaceship.screen.textcopy"},"orders":["com.recognize_text.translate.screen","com.spaceship.screen.textcopy","com.gaminik.i18n","com.newmg.yurao.pro","com.niven.game","com.niven.translator","com.google.android.apps.translate","com.tap_to_translate.snap_translate","com.deepl.mobiletranslator","com.galaxy.airviewdictionary","com.tangdi.baiguotong","com.ticktalk.translatevoice","com.discord","com.naver.labs.translator","com.android.chrome","com.google.android.apps.maps","com.duolingo","com.translate.talkingtranslator","com.google.android.deskclock","us.zoom.videomeetings"]},{"rank":{"index":2,"lang":"ko","country":"kr","chineseCountryName":"韩国","pkg":"com.spaceship.screen.textcopy"},"orders":["com.recognize_text.translate.screen","com.spaceship.screen.textcopy","com.google.android.apps.translate","com.gaminik.i18n","com.tap_to_translate.snap_translate","com.niven.translator","com.niven.game","com.naver.labs.translator","com.newmg.yurao.pro","com.microsoft.translator","com.deepl.mobiletranslator","at.nk.tools.iTranslate","com.zaz.translate","com.ticktalk.translatevoice","com.discord","com.google.ar.lens","com.duolingo","com.paninitranslate","com.google.android.inputmethod.latin","com.android.chrome"]},{"rank":{"index":2,"lang":"zh-hk","country":"hk","chineseCountryName":"香港","pkg":"com.spaceship.screen.textcopy"},"orders":["com.recognize_text.translate.screen","com.spaceship.screen.textcopy","com.tap_to_translate.snap_translate","com.google.android.apps.translate","com.gaminik.i18n","com.niven.translator","com.tangdi.baiguotong","com.niven.game","com.newmg.yurao.pro","com.zaz.translate","com.microsoft.translator","com.naver.labs.translator","at.nk.tools.iTranslate","com.paninitranslate","com.android.chrome","com.google.android.apps.maps","com.deepl.mobiletranslator","com.ticktalk.translatevoice","com.discord","com.google.ar.lens"]},{"rank":{"index":2,"lang":"zh-tw","country":"tw","chineseCountryName":"台湾","pkg":"com.spaceship.screen.textcopy"},"orders":["com.recognize_text.translate.screen","com.spaceship.screen.textcopy","com.gaminik.i18n","com.google.android.apps.translate","com.niven.game","com.niven.translator","com.tangdi.baiguotong","com.tap_to_translate.snap_translate","com.newmg.yurao.pro","at.nk.tools.iTranslate","com.microsoft.translator","com.zaz.translate","com.naver.labs.translator","com.paninitranslate","com.deepl.mobiletranslator","com.ticktalk.translatevoice","com.discord","com.google.android.apps.maps","com.android.chrome","com.duolingo"]},{"rank":{"index":1,"lang":"id","country":"id","chineseCountryName":"印尼","pkg":"com.spaceship.screen.textcopy"},"orders":["com.spaceship.screen.textcopy","com.recognize_text.translate.screen","com.tap_to_translate.snap_translate","com.gaminik.i18n","com.niven.game","com.galaxy.airviewdictionary","com.niven.translator","com.newmg.yurao.pro","com.google.android.apps.translate","com.android.chrome","com.discord","com.google.android.apps.maps","com.google.android.apps.docs","com.google.android.apps.photos"]},{"rank":{"index":2,"lang":"es-mx","country":"mx","chineseCountryName":"墨西哥","pkg":"com.spaceship.screen.textcopy"},"orders":["com.recognize_text.translate.screen","com.spaceship.screen.textcopy","com.gaminik.i18n","com.niven.translator","com.niven.game","com.tap_to_translate.snap_translate","com.newmg.yurao.pro","com.google.android.apps.translate","com.tangdi.baiguotong","com.discord","com.google.android.apps.photos","com.android.chrome","com.google.android.apps.docs","com.google.android.apps.maps","com.microsoft.office.outlook","com.google.android.deskclock","com.adobe.reader","com.skype.raider","com.intsig.camscanner","com.truecaller"]}]