[{"rank":{"index":2,"lang":"en-us","country":"us","chineseCountryName":"美国","pkg":"com.spaceship.screen.textcopy"},"orders":["com.recognize_text.translate.screen","com.spaceship.screen.textcopy","com.niven.translator","com.tap_to_translate.snap_translate","com.gaminik.i18n","com.newmg.yurao.pro","com.microsoft.translator","com.zaz.translate","com.google.android.apps.translate","translate.speech.text.translation.voicetranslator","com.screen.translate.google","com.deepl.mobiletranslator","live.screentranslate.realtime","com.niven.apptranslate","com.eecorp.linguago","at.nk.tools.iTranslate","com.aurasense.screentranslate","com.niven.game","com.mg.chat","com.hive.lingonative"]},{"rank":{"index":4,"lang":"ru","country":"ru","chineseCountryName":"俄罗斯","pkg":"com.spaceship.screen.textcopy"},"orders":["com.recognize_text.translate.screen","com.niven.translator","com.tap_to_translate.snap_translate","com.spaceship.screen.textcopy","com.newmg.yurao.pro","com.gaminik.i18n","com.screen.translate.google","com.zaz.translate","com.niven.apptranslate","live.screentranslate.realtime","com.microsoft.translator","com.eecorp.linguago","com.niven.game","com.hive.lingonative","com.google.android.apps.translate","com.galaxy.airviewdictionary","com.screen.translator.text.recognize","translate.speech.text.translation.voicetranslator","at.nk.tools.iTranslate","com.yoyodev.screentranslate"]},{"rank":{"index":2,"lang":"pt-br","country":"br","chineseCountryName":"巴西","pkg":"com.spaceship.screen.textcopy"},"orders":["com.recognize_text.translate.screen","com.spaceship.screen.textcopy","com.niven.translator","com.tap_to_translate.snap_translate","com.newmg.yurao.pro","com.gaminik.i18n","translate.speech.text.translation.voicetranslator","com.microsoft.translator","com.deepl.mobiletranslator","com.screen.translate.google","com.zaz.translate","com.niven.apptranslate","com.eecorp.linguago","live.screentranslate.realtime","com.niven.game","com.google.android.apps.translate","com.hive.lingonative","at.nk.tools.iTranslate","com.galaxy.airviewdictionary","co.appnation.aivoicetranslator"]},{"rank":{"index":2,"lang":"fr","country":"fr","chineseCountryName":"法国","pkg":"com.spaceship.screen.textcopy"},"orders":["com.recognize_text.translate.screen","com.spaceship.screen.textcopy","com.tap_to_translate.snap_translate","com.newmg.yurao.pro","com.niven.translator","com.gaminik.i18n","com.zaz.translate","live.screentranslate.realtime","com.eecorp.linguago","com.niven.apptranslate","com.screen.translate.google","translate.speech.text.translation.voicetranslator","com.niven.game","com.hive.lingonative","com.google.android.apps.translate","com.deepl.mobiletranslator","com.galaxy.airviewdictionary","com.screen.translator.text.recognize","link.zhidou.btranslator","com.microsoft.translator"]},{"rank":{"index":0,"lang":"en-gb","country":"gb","chineseCountryName":"英国","pkg":"com.spaceship.screen.textcopy"},"orders":["com.recognize_text.translate.screen","com.tap_to_translate.snap_translate","com.microsoft.translator"]},{"rank":{"index":3,"lang":"de","country":"de","chineseCountryName":"德国","pkg":"com.spaceship.screen.textcopy"},"orders":["com.recognize_text.translate.screen","com.niven.translator","com.spaceship.screen.textcopy","com.tap_to_translate.snap_translate","com.newmg.yurao.pro","com.gaminik.i18n","com.niven.apptranslate","com.screen.translate.google","live.screentranslate.realtime","com.eecorp.linguago","translate.speech.text.translation.voicetranslator","com.hive.lingonative","com.niven.game","com.zaz.translate","com.microsoft.translator","com.yoyodev.screentranslate","com.deepl.mobiletranslator","at.nk.tools.iTranslate","com.galaxy.airviewdictionary","link.zhidou.btranslator"]},{"rank":{"index":2,"lang":"it","country":"it","chineseCountryName":"意大利","pkg":"com.spaceship.screen.textcopy"},"orders":["com.recognize_text.translate.screen","com.spaceship.screen.textcopy","com.tap_to_translate.snap_translate","com.newmg.yurao.pro","com.gaminik.i18n","com.niven.translator","com.eecorp.linguago","com.screen.translate.google","com.zaz.translate","live.screentranslate.realtime","translate.speech.text.translation.voicetranslator","com.niven.apptranslate","com.hive.lingonative","com.microsoft.translator","co.appnation.aivoicetranslator","com.google.android.apps.translate","com.screen.translator.text.recognize","com.deepl.mobiletranslator","com.niven.game","com.yoyodev.screentranslate"]},{"rank":{"index":2,"lang":"ja","country":"jp","chineseCountryName":"日本","pkg":"com.spaceship.screen.textcopy"},"orders":["com.recognize_text.translate.screen","com.spaceship.screen.textcopy","com.tap_to_translate.snap_translate","com.gaminik.i18n","com.newmg.yurao.pro","com.niven.translator","com.niven.apptranslate","com.eecorp.linguago","com.screen.translate.google","live.screentranslate.realtime","translate.speech.text.translation.voicetranslator","com.hive.lingonative","com.zaz.translate","com.screen.translator.text.recognize"]},{"rank":{"index":2,"lang":"ko","country":"kr","chineseCountryName":"韩国","pkg":"com.spaceship.screen.textcopy"},"orders":["com.recognize_text.translate.screen","com.spaceship.screen.textcopy","com.tap_to_translate.snap_translate","com.niven.translator","com.newmg.yurao.pro","com.gaminik.i18n","com.screen.translate.google","live.screentranslate.realtime","com.niven.apptranslate","com.eecorp.linguago","translate.speech.text.translation.voicetranslator","com.hive.lingonative","com.screen.translator.text.recognize","com.zaz.translate","com.galaxy.airviewdictionary"]},{"rank":{"index":2,"lang":"zh-hk","country":"hk","chineseCountryName":"香港","pkg":"com.spaceship.screen.textcopy"},"orders":["com.recognize_text.translate.screen","com.spaceship.screen.textcopy","com.tap_to_translate.snap_translate","com.niven.translator","com.newmg.yurao.pro","com.gaminik.i18n","com.microsoft.translator","translate.speech.text.translation.voicetranslator","com.screen.translate.google","com.zaz.translate","com.eecorp.linguago","live.screentranslate.realtime","com.niven.apptranslate","at.nk.tools.iTranslate","com.hive.lingonative","com.google.android.apps.translate","com.deepl.mobiletranslator","com.galaxy.airviewdictionary","com.screen.translator.text.recognize","com.niven.game"]},{"rank":{"index":2,"lang":"zh-tw","country":"tw","chineseCountryName":"台湾","pkg":"com.spaceship.screen.textcopy"},"orders":["com.recognize_text.translate.screen","com.spaceship.screen.textcopy","com.newmg.yurao.pro","com.tap_to_translate.snap_translate","com.niven.translator","com.gaminik.i18n","com.microsoft.translator","translate.speech.text.translation.voicetranslator","com.zaz.translate","com.screen.translate.google","com.niven.apptranslate","com.eecorp.linguago","at.nk.tools.iTranslate","live.screentranslate.realtime","com.google.android.apps.translate","com.deepl.mobiletranslator","com.hive.lingonative","com.aurasense.screentranslate","com.niven.game","com.galaxy.airviewdictionary"]},{"rank":{"index":0,"lang":"en","country":"in","chineseCountryName":"印度","pkg":"com.spaceship.screen.textcopy"},"orders":["com.recognize_text.translate.screen","com.tap_to_translate.snap_translate","com.zaz.translate"]},{"rank":{"index":2,"lang":"id","country":"id","chineseCountryName":"印尼","pkg":"com.spaceship.screen.textcopy"},"orders":["com.recognize_text.translate.screen","com.spaceship.screen.textcopy","com.niven.translator","com.tap_to_translate.snap_translate","com.gaminik.i18n","com.newmg.yurao.pro","translate.speech.text.translation.voicetranslator","com.deepl.mobiletranslator","com.screen.translate.google","com.zaz.translate","com.eecorp.linguago","com.niven.game","com.niven.apptranslate","com.microsoft.translator","live.screentranslate.realtime","com.hive.lingonative","at.nk.tools.iTranslate","com.google.android.apps.translate","com.galaxy.airviewdictionary","com.aurasense.screentranslate"]},{"rank":{"index":2,"lang":"es-mx","country":"mx","chineseCountryName":"墨西哥","pkg":"com.spaceship.screen.textcopy"},"orders":["com.recognize_text.translate.screen","com.spaceship.screen.textcopy","com.tap_to_translate.snap_translate","com.niven.translator","com.newmg.yurao.pro","com.gaminik.i18n","com.zaz.translate","com.eecorp.linguago","live.screentranslate.realtime","com.screen.translate.google","com.niven.apptranslate","com.hive.lingonative","translate.speech.text.translation.voicetranslator","com.niven.game","com.microsoft.translator","com.screen.translator.text.recognize","com.galaxy.airviewdictionary","com.yoyodev.screentranslate","com.google.android.apps.translate","com.screen.translator.live.translate.textcopy"]}]