[{"rank":{"index":2,"lang":"en-us","country":"us","chineseCountryName":"美国","pkg":"com.spaceship.screen.textcopy"},"orders":["com.recognize_text.translate.screen","com.spaceship.screen.textcopy","com.mg.yurao.google","com.gaminik.i18n","com.google.android.apps.translate","com.microsoft.translator","com.tap_to_translate.snap_translate","com.niven.game","com.niven.translator","com.newmg.yurao.pro","at.nk.tools.iTranslate","com.niven.comic","com.deepl.mobiletranslator","com.translate.talkingtranslator","com.eecorp.linguago","screen.translator.voice.translate","com.softissimo.reverso.context","com.niven.apptranslate","com.mobisystems.msdict.embedded.wireless.collins.ee","com.naver.labs.translator"]},{"rank":{"index":4,"lang":"ru","country":"ru","chineseCountryName":"俄罗斯","pkg":"com.spaceship.screen.textcopy"},"orders":["com.recognize_text.translate.screen","com.tap_to_translate.snap_translate","com.gaminik.i18n","com.spaceship.screen.textcopy","com.mg.yurao.google","com.niven.translator","com.niven.game","com.niven.comic","com.newmg.yurao.pro","com.eecorp.linguago","ru.yandex.translate","com.microsoft.translator","com.niven.apptranslate","com.deepl.mobiletranslator","com.android.chrome","com.translate.all.speech.text.language.translator","com.google.android.apps.translate","com.pidev.screentranslator","com.google.android.dialer","all.language.translate.translator"]},{"rank":{"index":2,"lang":"fr","country":"fr","chineseCountryName":"法国","pkg":"com.spaceship.screen.textcopy"},"orders":["com.recognize_text.translate.screen","com.spaceship.screen.textcopy","com.tap_to_translate.snap_translate","com.mg.yurao.google","com.gaminik.i18n","com.niven.game","com.niven.comic","com.niven.translator","com.newmg.yurao.pro","com.microsoft.translator","com.google.android.apps.translate","com.eecorp.linguago","com.niven.apptranslate","com.softissimo.reverso.context","com.deepl.mobiletranslator","screen.translator.voice.translate","at.nk.tools.iTranslate","com.translate.talkingtranslator","com.aldoo.pdftranslatorpro","com.sayhi.android.sayhitranslate"]},{"rank":{"index":2,"lang":"en-gb","country":"gb","chineseCountryName":"英国","pkg":"com.spaceship.screen.textcopy"},"orders":["com.recognize_text.translate.screen","com.spaceship.screen.textcopy","com.mg.yurao.google","com.gaminik.i18n","com.google.android.apps.translate","com.niven.game","com.microsoft.translator","com.tap_to_translate.snap_translate","com.niven.translator","com.newmg.yurao.pro","com.eecorp.linguago","com.niven.comic","com.deepl.mobiletranslator","screen.translator.voice.translate","com.niven.apptranslate","free.language.translate.translator","com.softissimo.reverso.context","com.translator.yellow","com.eecorp.taptranslator","at.nk.tools.iTranslate"]},{"rank":{"index":2,"lang":"de","country":"de","chineseCountryName":"德国","pkg":"com.spaceship.screen.textcopy"},"orders":["com.recognize_text.translate.screen","com.spaceship.screen.textcopy","com.mg.yurao.google","com.gaminik.i18n","com.niven.game","com.microsoft.translator","com.tap_to_translate.snap_translate","com.niven.translator","com.niven.comic","com.newmg.yurao.pro","com.deepl.mobiletranslator","com.eecorp.linguago","com.niven.apptranslate","com.google.android.apps.translate","com.translate.talkingtranslator","at.nk.tools.iTranslate","ru.yandex.translate","com.aldoo.pdftranslatorpro","screen.translator.voice.translate","com.sayhi.android.sayhitranslate"]},{"rank":{"index":2,"lang":"it","country":"it","chineseCountryName":"意大利","pkg":"com.spaceship.screen.textcopy"},"orders":["com.recognize_text.translate.screen","com.spaceship.screen.textcopy","com.niven.game","com.gaminik.i18n","com.mg.yurao.google","com.tap_to_translate.snap_translate","com.niven.comic","com.niven.translator","com.newmg.yurao.pro","com.microsoft.translator","com.niven.apptranslate","com.eecorp.linguago","com.deepl.mobiletranslator","com.google.android.apps.translate","camera.translator.realtime","com.softissimo.reverso.context","all.language.translate.translator","screen.translator.voice.translate","at.nk.tools.iTranslate","com.languagetranslator.translatorapp.smartscanner.dictionary.translation.voicetranslator"]},{"rank":{"index":4,"lang":"ja","country":"jp","chineseCountryName":"日本","pkg":"com.spaceship.screen.textcopy"},"orders":["com.recognize_text.translate.screen","com.mg.yurao.google","com.gaminik.i18n","com.spaceship.screen.textcopy","com.niven.game","com.tap_to_translate.snap_translate","com.niven.translator","com.newmg.yurao.pro","com.niven.comic"]},{"rank":{"index":3,"lang":"ko","country":"kr","chineseCountryName":"韩国","pkg":"com.spaceship.screen.textcopy"},"orders":["com.recognize_text.translate.screen","com.mg.yurao.google","com.spaceship.screen.textcopy","com.tap_to_translate.snap_translate","com.gaminik.i18n","com.niven.game","com.niven.comic","com.niven.translator","com.newmg.yurao.pro","com.niven.apptranslate","com.naver.labs.translator","com.microsoft.translator","com.google.android.apps.translate","com.eecorp.linguago","screen.translator.voice.translate","com.deepl.mobiletranslator","at.nk.tools.iTranslate","camera.translator.realtime","com.translate.talkingtranslator","com.softissimo.reverso.context"]},{"rank":{"index":3,"lang":"zh-hk","country":"hk","chineseCountryName":"香港","pkg":"com.spaceship.screen.textcopy"},"orders":["com.recognize_text.translate.screen","com.mg.yurao.google","com.spaceship.screen.textcopy","com.gaminik.i18n","com.niven.game","com.niven.translator","com.tap_to_translate.snap_translate","com.niven.comic","com.microsoft.translator","com.newmg.yurao.pro","com.niven.apptranslate","com.google.android.apps.translate","at.nk.tools.iTranslate","com.languagetranslator.translatorapp.smartscanner.dictionary.translation.voicetranslator","camera.translator.realtime","com.eecorp.linguago","com.translate.all.speech.text.language.translator","com.translate.talkingtranslator","xbean.image.picture.translate.ocr","com.deepl.mobiletranslator"]},{"rank":{"index":4,"lang":"zh-tw","country":"tw","chineseCountryName":"台湾","pkg":"com.spaceship.screen.textcopy"},"orders":["com.recognize_text.translate.screen","com.mg.yurao.google","com.gaminik.i18n","com.spaceship.screen.textcopy","com.niven.game","com.tap_to_translate.snap_translate","com.niven.translator","com.niven.comic","com.newmg.yurao.pro","com.languagetranslator.translatorapp.smartscanner.dictionary.translation.voicetranslator","com.microsoft.translator","com.niven.apptranslate","com.eecorp.linguago","all.language.translate.translator","com.google.android.apps.translate","camera.translator.realtime","com.translate.talkingtranslator","at.nk.tools.iTranslate","com.translate.all.speech.text.language.translator","xbean.image.picture.translate.ocr"]},{"rank":{"index":2,"lang":"en","country":"in","chineseCountryName":"印度","pkg":"com.spaceship.screen.textcopy"},"orders":["com.recognize_text.translate.screen","com.spaceship.screen.textcopy","com.mg.yurao.google","com.google.android.apps.translate","com.gaminik.i18n","com.newmg.yurao.pro","com.microsoft.translator","com.niven.game","com.tap_to_translate.snap_translate","com.niven.translator","screen.translator.voice.translate","com.eecorp.linguago","com.zaz.translate","at.nk.tools.iTranslate","com.languagetranslator.translatorapp.smartscanner.dictionary.translation.voicetranslator","com.niven.comic","com.niven.apptranslate","com.softissimo.reverso.context","com.aldoo.pdftranslatorpro","free.translate.all.language.translator"]},{"rank":{"index":2,"lang":"id","country":"id","chineseCountryName":"印尼","pkg":"com.spaceship.screen.textcopy"},"orders":["com.recognize_text.translate.screen","com.spaceship.screen.textcopy","com.tap_to_translate.snap_translate","com.mg.yurao.google","com.gaminik.i18n","com.niven.game","com.niven.translator","com.niven.comic","com.newmg.yurao.pro","com.pons.onlinedictionary"]},{"rank":{"index":2,"lang":"es-mx","country":"mx","chineseCountryName":"墨西哥","pkg":"com.spaceship.screen.textcopy"},"orders":["com.recognize_text.translate.screen","com.spaceship.screen.textcopy","com.tap_to_translate.snap_translate","com.niven.game","com.niven.translator","com.niven.comic","com.microsoft.translator","com.newmg.yurao.pro","com.eecorp.linguago","at.nk.tools.iTranslate","com.niven.apptranslate","com.google.android.apps.translate","com.deepl.mobiletranslator","com.android.chrome","com.google.android.apps.docs","com.intsig.camscanner","com.microsoft.office.powerpoint","com.google.android.dialer","com.gaminik.i18n","com.mg.yurao.google"]}]