[{"rank":{"index":3,"lang":"en-us","country":"us","chineseCountryName":"美国","pkg":"com.spaceship.screen.textcopy"},"orders":["com.recognize_text.translate.screen","com.niven.translator","com.spaceship.screen.textcopy","com.google.android.apps.translate","com.tap_to_translate.snap_translate","com.screen.translate.google","com.newmg.yurao.pro","com.gaminik.i18n","com.immersivetranslate.browser","com.microsoft.translator","com.deepl.mobiletranslator","com.fapp.translate.language.translator.fasttranslation","com.zaz.translate","at.nk.tools.iTranslate","com.niven.game","com.datacomprojects.scanandtranslate","com.voice_camera_free_translate","link.zhidou.btranslator","com.naver.labs.translator","com.niven.apptranslate"]},{"rank":{"index":0,"lang":"ru","country":"ru","chineseCountryName":"俄罗斯","pkg":"com.spaceship.screen.textcopy"},"orders":["com.recognize_text.translate.screen","com.niven.translator","com.tap_to_translate.snap_translate","com.newmg.yurao.pro","com.gaminik.i18n","com.immersivetranslate.browser","com.screen.translate.google","com.niven.game","ru.yandex.translate"]},{"rank":{"index":2,"lang":"pt-br","country":"br","chineseCountryName":"巴西","pkg":"com.spaceship.screen.textcopy"},"orders":["com.recognize_text.translate.screen","com.spaceship.screen.textcopy","com.tap_to_translate.snap_translate","com.gaminik.i18n","com.newmg.yurao.pro","com.google.android.apps.translate","com.zaz.translate","com.deepl.mobiletranslator","com.microsoft.translator","at.nk.tools.iTranslate","ru.yandex.translate","com.datacomprojects.scanandtranslate","com.immersivetranslate.browser","com.voice_camera_free_translate","com.google.ar.lens","com.tangdi.baiguotong","com.google.android.apps.bard","link.zhidou.btranslator","com.aldoo.pdftranslatorpro","com.paninitranslate"]},{"rank":{"index":2,"lang":"fr","country":"fr","chineseCountryName":"法国","pkg":"com.spaceship.screen.textcopy"},"orders":["com.recognize_text.translate.screen","com.spaceship.screen.textcopy","com.niven.translator","com.tap_to_translate.snap_translate","com.gaminik.i18n","com.newmg.yurao.pro","com.screen.translate.google","com.immersivetranslate.browser","com.deepl.mobiletranslator","com.microsoft.translator","com.google.android.apps.translate","com.fapp.translate.language.translator.fasttranslation","com.voice_camera_free_translate","com.niven.apptranslate","com.zaz.translate","com.niven.game","ru.yandex.translate","at.nk.tools.iTranslate","com.naver.labs.translator","com.hive.lingonative"]},{"rank":{"index":2,"lang":"en-gb","country":"gb","chineseCountryName":"英国","pkg":"com.spaceship.screen.textcopy"},"orders":["com.recognize_text.translate.screen","com.spaceship.screen.textcopy","com.tap_to_translate.snap_translate","com.niven.translator","com.screen.translate.google","com.google.android.apps.translate","com.newmg.yurao.pro","com.gaminik.i18n","com.immersivetranslate.browser","com.zaz.translate","com.microsoft.translator","com.fapp.translate.language.translator.fasttranslation","com.deepl.mobiletranslator","at.nk.tools.iTranslate","com.datacomprojects.scanandtranslate","com.voice_camera_free_translate","com.niven.apptranslate","ru.yandex.translate","link.zhidou.btranslator","com.niven.game"]},{"rank":{"index":2,"lang":"de","country":"de","chineseCountryName":"德国","pkg":"com.spaceship.screen.textcopy"},"orders":["com.recognize_text.translate.screen","com.spaceship.screen.textcopy","com.niven.translator","com.tap_to_translate.snap_translate","com.newmg.yurao.pro","com.screen.translate.google","com.gaminik.i18n","com.immersivetranslate.browser","com.fapp.translate.language.translator.fasttranslation","com.deepl.mobiletranslator","com.niven.game","com.google.android.apps.translate","com.niven.apptranslate","com.voice_camera_free_translate","com.microsoft.translator","com.zaz.translate","com.datacomprojects.scanandtranslate","com.hive.lingonative","com.eecorp.linguago","ru.yandex.translate"]},{"rank":{"index":2,"lang":"it","country":"it","chineseCountryName":"意大利","pkg":"com.spaceship.screen.textcopy"},"orders":["com.recognize_text.translate.screen","com.spaceship.screen.textcopy","com.tap_to_translate.snap_translate","com.niven.translator","com.gaminik.i18n","com.screen.translate.google","com.newmg.yurao.pro","com.immersivetranslate.browser","com.fapp.translate.language.translator.fasttranslation","com.niven.game","com.voice_camera_free_translate","com.niven.apptranslate","com.deepl.mobiletranslator","com.google.android.apps.translate","com.zaz.translate","com.microsoft.translator","com.datacomprojects.scanandtranslate","com.eecorp.linguago","link.zhidou.btranslator","ru.yandex.translate"]},{"rank":{"index":2,"lang":"ja","country":"jp","chineseCountryName":"日本","pkg":"com.spaceship.screen.textcopy"},"orders":["com.recognize_text.translate.screen","com.spaceship.screen.textcopy","com.tap_to_translate.snap_translate","com.niven.translator","com.newmg.yurao.pro","com.gaminik.i18n","com.immersivetranslate.browser","com.screen.translate.google","com.niven.game","com.niven.apptranslate","com.fapp.translate.language.translator.fasttranslation","com.deepl.mobiletranslator","com.eecorp.linguago","com.google.android.apps.translate","com.naver.labs.translator","com.zaz.translate","com.microsoft.translator","com.hive.lingonative","com.google.ar.lens","link.zhidou.btranslator"]},{"rank":{"index":3,"lang":"ko","country":"kr","chineseCountryName":"韩国","pkg":"com.spaceship.screen.textcopy"},"orders":["com.recognize_text.translate.screen","com.tap_to_translate.snap_translate","com.spaceship.screen.textcopy","com.niven.translator","com.newmg.yurao.pro","com.gaminik.i18n","com.screen.translate.google","com.immersivetranslate.browser","com.niven.game","com.fapp.translate.language.translator.fasttranslation","com.voice_camera_free_translate","com.niven.apptranslate","com.naver.labs.translator","com.eecorp.linguago","com.google.android.apps.translate","com.hive.lingonative","com.zaz.translate","com.deepl.mobiletranslator","link.zhidou.btranslator","com.microsoft.translator"]},{"rank":{"index":2,"lang":"zh-hk","country":"hk","chineseCountryName":"香港","pkg":"com.spaceship.screen.textcopy"},"orders":["com.recognize_text.translate.screen","com.spaceship.screen.textcopy","com.screen.translate.google","com.google.android.apps.translate","com.niven.translator","com.newmg.yurao.pro","com.gaminik.i18n","com.immersivetranslate.browser","com.tap_to_translate.snap_translate","com.fapp.translate.language.translator.fasttranslation","com.deepl.mobiletranslator","com.niven.game","at.nk.tools.iTranslate","com.zaz.translate","com.microsoft.translator","com.naver.labs.translator","com.niven.apptranslate","com.datacomprojects.scanandtranslate","link.zhidou.btranslator","com.tangdi.baiguotong"]},{"rank":{"index":2,"lang":"zh-tw","country":"tw","chineseCountryName":"台湾","pkg":"com.spaceship.screen.textcopy"},"orders":["com.recognize_text.translate.screen","com.spaceship.screen.textcopy","com.niven.translator","com.newmg.yurao.pro","com.screen.translate.google","com.gaminik.i18n","com.immersivetranslate.browser","com.tap_to_translate.snap_translate","com.microsoft.translator","com.niven.game","com.deepl.mobiletranslator","com.fapp.translate.language.translator.fasttranslation","com.niven.apptranslate","com.google.android.apps.translate","com.naver.labs.translator","com.hive.lingonative","com.zaz.translate","at.nk.tools.iTranslate","com.google.ar.lens","photo.translate.camera.translator"]},{"rank":{"index":3,"lang":"en","country":"in","chineseCountryName":"印度","pkg":"com.spaceship.screen.textcopy"},"orders":["com.recognize_text.translate.screen","com.newmg.yurao.pro","com.spaceship.screen.textcopy","com.google.android.apps.translate","com.zaz.translate"]},{"rank":{"index":3,"lang":"id","country":"id","chineseCountryName":"印尼","pkg":"com.spaceship.screen.textcopy"},"orders":["com.recognize_text.translate.screen","com.tap_to_translate.snap_translate","com.spaceship.screen.textcopy","com.niven.translator","com.newmg.yurao.pro","com.gaminik.i18n","com.screen.translate.google","com.immersivetranslate.browser","com.google.android.apps.translate","com.deepl.mobiletranslator","com.niven.game"]},{"rank":{"index":3,"lang":"es-mx","country":"mx","chineseCountryName":"墨西哥","pkg":"com.spaceship.screen.textcopy"},"orders":["com.recognize_text.translate.screen","com.tap_to_translate.snap_translate","com.spaceship.screen.textcopy","com.newmg.yurao.pro","com.gaminik.i18n","com.google.android.apps.translate","com.zaz.translate","com.deepl.mobiletranslator","at.nk.tools.iTranslate","com.datacomprojects.scanandtranslate","com.immersivetranslate.browser","ru.yandex.translate","com.naver.labs.translator","com.voice_camera_free_translate","com.google.ar.lens","com.tangdi.baiguotong","photo.translate.camera.translator","link.zhidou.btranslator","com.niven.translator","com.screen.translate.google"]}]