[{"rank":{"index":2,"lang":"en-us","country":"us","chineseCountryName":"美国","pkg":"com.spaceship.screen.textcopy"},"orders":["com.recognize_text.translate.screen","com.spaceship.screen.textcopy","com.niven.translator","com.tap_to_translate.snap_translate","com.microsoft.translator","com.google.android.apps.translate","com.gaminik.i18n","com.niven.game","com.newmg.yurao.pro","com.niven.comic","com.translate.talkingtranslator","com.zaz.translate","com.deepl.mobiletranslator","com.aldoo.pdftranslatorpro","com.tangdi.baiguotong","com.translate.language.translator.voice.translation","com.screen.translate.google","com.paninitranslate","com.naver.labs.translator","com.flitto.app"]},{"rank":{"index":3,"lang":"ru","country":"ru","chineseCountryName":"俄罗斯","pkg":"com.spaceship.screen.textcopy"},"orders":["com.recognize_text.translate.screen","com.niven.translator","com.spaceship.screen.textcopy","com.tap_to_translate.snap_translate","com.niven.game","com.microsoft.translator","com.gaminik.i18n","com.google.android.apps.translate","com.niven.comic","com.deepl.mobiletranslator","com.newmg.yurao.pro","ru.yandex.translate","com.screen.translate.google","com.softissimo.reverso.context","com.translate.talkingtranslator","com.kursx.smartbook","com.tangdi.baiguotong","com.zaz.translate","com.flitto.app","com.datacomprojects.scanandtranslate"]},{"rank":{"index":2,"lang":"pt-br","country":"br","chineseCountryName":"巴西","pkg":"com.spaceship.screen.textcopy"},"orders":["com.recognize_text.translate.screen","com.spaceship.screen.textcopy","com.tap_to_translate.snap_translate","com.niven.translator","com.gaminik.i18n","com.niven.game","com.niven.comic","com.microsoft.translator","com.newmg.yurao.pro","com.galaxy.airviewdictionary","com.google.android.apps.translate","com.aldoo.pdftranslatorpro","com.deepl.mobiletranslator","com.paninitranslate","com.translate.talkingtranslator","com.screen.translate.google","com.tangdi.baiguotong","com.zaz.translate","com.softissimo.reverso.context","at.nk.tools.iTranslate"]},{"rank":{"index":2,"lang":"fr","country":"fr","chineseCountryName":"法国","pkg":"com.spaceship.screen.textcopy"},"orders":["com.recognize_text.translate.screen","com.spaceship.screen.textcopy","com.tap_to_translate.snap_translate","com.niven.translator","com.gaminik.i18n","com.niven.game","com.microsoft.translator","com.niven.comic","com.newmg.yurao.pro","com.translate.talkingtranslator","com.google.android.apps.translate","com.deepl.mobiletranslator","com.aldoo.pdftranslatorpro","com.zaz.translate","com.tangdi.baiguotong","com.language.translate.free.translator.voice.translation","com.datacomprojects.scanandtranslate","com.softissimo.reverso.context","com.translate.language.translator.voice.translation","camtranslator.voice.text.image.translate"]},{"rank":{"index":2,"lang":"en-gb","country":"gb","chineseCountryName":"英国","pkg":"com.spaceship.screen.textcopy"},"orders":["com.recognize_text.translate.screen","com.spaceship.screen.textcopy","com.tap_to_translate.snap_translate","com.gaminik.i18n","com.microsoft.translator","com.google.android.apps.translate","com.niven.translator","com.niven.game","com.niven.comic","com.newmg.yurao.pro","com.zaz.translate","com.deepl.mobiletranslator","com.translate.talkingtranslator","com.aldoo.pdftranslatorpro","com.screen.translate.google","com.tangdi.baiguotong","com.flitto.app","com.softissimo.reverso.context","com.language.translate.free.translator.voice.translation","com.translate.language.translator.voice.translation"]},{"rank":{"index":2,"lang":"de","country":"de","chineseCountryName":"德国","pkg":"com.spaceship.screen.textcopy"},"orders":["com.recognize_text.translate.screen","com.spaceship.screen.textcopy","com.tap_to_translate.snap_translate","com.microsoft.translator","com.niven.translator","com.gaminik.i18n","com.niven.game","com.google.android.apps.translate","com.deepl.mobiletranslator","com.niven.comic","com.translate.talkingtranslator","com.newmg.yurao.pro","com.aldoo.pdftranslatorpro","com.screen.translate.google","com.tangdi.baiguotong","com.softissimo.reverso.context","com.paninitranslate","com.flitto.app","at.nk.tools.iTranslate","com.translate.language.translator.voice.translation"]},{"rank":{"index":2,"lang":"it","country":"it","chineseCountryName":"意大利","pkg":"com.spaceship.screen.textcopy"},"orders":["com.recognize_text.translate.screen","com.spaceship.screen.textcopy","com.tap_to_translate.snap_translate","com.niven.translator","com.gaminik.i18n","com.niven.game","com.microsoft.translator","com.aldoo.pdftranslatorpro","com.niven.comic","com.deepl.mobiletranslator","com.google.android.apps.translate","com.tangdi.baiguotong","com.newmg.yurao.pro","com.translate.talkingtranslator","com.datacomprojects.scanandtranslate","com.softissimo.reverso.context","com.zaz.translate","com.galaxy.airviewdictionary","com.paninitranslate","com.image.camera.translate.ai"]},{"rank":{"index":2,"lang":"ja","country":"jp","chineseCountryName":"日本","pkg":"com.spaceship.screen.textcopy"},"orders":["com.recognize_text.translate.screen","com.spaceship.screen.textcopy","com.tap_to_translate.snap_translate","com.gaminik.i18n","com.niven.translator","com.niven.game","com.niven.comic","com.newmg.yurao.pro","com.microsoft.translator","com.google.android.apps.translate","com.deepl.mobiletranslator","com.screen.translate.google","com.naver.labs.translator","com.galaxy.airviewdictionary","com.translate.talkingtranslator","com.facebook.orca","com.zaz.translate","com.tangdi.baiguotong","com.google.ar.lens","com.android.chrome"]},{"rank":{"index":2,"lang":"ko","country":"kr","chineseCountryName":"韩国","pkg":"com.spaceship.screen.textcopy"},"orders":["com.recognize_text.translate.screen","com.spaceship.screen.textcopy","com.tap_to_translate.snap_translate","com.microsoft.translator","com.google.android.apps.translate","com.niven.translator","com.gaminik.i18n","com.niven.game","com.niven.comic","com.naver.labs.translator","com.deepl.mobiletranslator","com.newmg.yurao.pro","com.translate.talkingtranslator","com.flitto.app","com.paninitranslate","com.aldoo.pdftranslatorpro","com.translate.language.translator.voice.translation","com.galaxy.airviewdictionary","com.zaz.translate","com.kursx.smartbook"]},{"rank":{"index":2,"lang":"zh-hk","country":"hk","chineseCountryName":"香港","pkg":"com.spaceship.screen.textcopy"},"orders":["com.recognize_text.translate.screen","com.spaceship.screen.textcopy","com.microsoft.translator","com.tap_to_translate.snap_translate","com.niven.translator","com.gaminik.i18n","com.google.android.apps.translate","com.niven.game","com.niven.comic","com.tangdi.baiguotong","com.aldoo.pdftranslatorpro","com.newmg.yurao.pro","com.translate.talkingtranslator","com.deepl.mobiletranslator","com.galaxy.airviewdictionary","com.translate.language.translator.voice.translation","com.paninitranslate","com.screen.translate.google","com.flitto.app","com.zaz.translate"]},{"rank":{"index":2,"lang":"zh-tw","country":"tw","chineseCountryName":"台湾","pkg":"com.spaceship.screen.textcopy"},"orders":["com.recognize_text.translate.screen","com.spaceship.screen.textcopy","com.tap_to_translate.snap_translate","com.microsoft.translator","com.google.android.apps.translate","com.niven.translator","com.gaminik.i18n","com.niven.game","com.niven.comic","com.translate.talkingtranslator","com.tangdi.baiguotong","com.aldoo.pdftranslatorpro","com.translate.language.translator.voice.translation","com.paninitranslate","com.newmg.yurao.pro","com.deepl.mobiletranslator","com.kursx.smartbook","at.nk.tools.iTranslate","com.voice_camera_free_translate","com.language.translate.free.translator.voice.translation"]},{"rank":{"index":2,"lang":"en","country":"in","chineseCountryName":"印度","pkg":"com.spaceship.screen.textcopy"},"orders":["com.recognize_text.translate.screen","com.spaceship.screen.textcopy","com.google.android.apps.translate","com.tap_to_translate.snap_translate","com.gaminik.i18n","com.niven.game","com.translate.talkingtranslator","com.softissimo.reverso.context","com.deepl.mobiletranslator","at.nk.tools.iTranslate","com.sayhi.android.sayhitranslate","com.flitto.app","com.naver.labs.translator","com.niven.translator","com.newmg.yurao.pro","com.galaxy.airviewdictionary","com.zaz.translate","screen.translator.voice.translate","com.niven.comic","com.google.ar.lens"]},{"rank":{"index":2,"lang":"id","country":"id","chineseCountryName":"印尼","pkg":"com.spaceship.screen.textcopy"},"orders":["com.recognize_text.translate.screen","com.spaceship.screen.textcopy","com.niven.translator","com.tap_to_translate.snap_translate","com.gaminik.i18n","com.niven.game","com.niven.comic","com.newmg.yurao.pro","com.paninitranslate","com.youdao.hindict","com.microsoft.translator"]},{"rank":{"index":2,"lang":"es-mx","country":"mx","chineseCountryName":"墨西哥","pkg":"com.spaceship.screen.textcopy"},"orders":["com.recognize_text.translate.screen","com.spaceship.screen.textcopy","com.niven.translator","com.gaminik.i18n","com.niven.game","com.tap_to_translate.snap_translate","com.microsoft.translator","com.niven.comic","com.newmg.yurao.pro","com.galaxy.airviewdictionary","com.google.android.apps.translate","com.deepl.mobiletranslator","com.aldoo.pdftranslatorpro","com.translate.talkingtranslator","com.tangdi.baiguotong","com.paninitranslate","com.language.translate.free.translator.voice.translation","com.screen.translate.google","com.youdao.hindict","com.zaz.translate"]}]