[{"rank":{"index":2,"lang":"en-us","country":"us","chineseCountryName":"美国","pkg":"com.spaceship.screen.textcopy"},"orders":["com.recognize_text.translate.screen","com.spaceship.screen.textcopy","com.tap_to_translate.snap_translate","com.niven.translator","com.gaminik.i18n","com.newmg.yurao.pro","com.screen.translate.google","com.niven.apptranslate","com.eecorp.linguago","com.screen.translator.text.recognize","com.galaxy.airviewdictionary","com.google.android.apps.translate","com.zaz.translate","com.niven.game","live.screentranslate.realtime","com.mg.chat","com.deepl.mobiletranslator","com.microsoft.translator","com.immersivetranslate.browser","translate.speech.text.translation.voicetranslator"]},{"rank":{"index":3,"lang":"ru","country":"ru","chineseCountryName":"俄罗斯","pkg":"com.spaceship.screen.textcopy"},"orders":["com.recognize_text.translate.screen","com.niven.translator","com.spaceship.screen.textcopy","com.tap_to_translate.snap_translate","com.gaminik.i18n","com.newmg.yurao.pro","com.niven.apptranslate","com.screen.translate.google","com.screen.translator.text.recognize","com.eecorp.linguago","com.galaxy.airviewdictionary","com.niven.game","live.screentranslate.realtime","com.zaz.translate","com.immersivetranslate.browser","com.google.android.apps.translate","com.microsoft.translator","com.tangdi.baiguotong","ru.yandex.translate","com.newtranslate.google"]},{"rank":{"index":3,"lang":"pt-br","country":"br","chineseCountryName":"巴西","pkg":"com.spaceship.screen.textcopy"},"orders":["com.recognize_text.translate.screen","com.niven.translator","com.spaceship.screen.textcopy","com.tap_to_translate.snap_translate","com.gaminik.i18n","com.newmg.yurao.pro","com.screen.translate.google","com.niven.apptranslate","com.eecorp.linguago","com.screen.translator.text.recognize","com.galaxy.airviewdictionary","live.screentranslate.realtime","com.niven.game","com.zaz.translate","com.google.android.apps.translate","com.immersivetranslate.browser","com.mg.chat","com.tangdi.baiguotong","com.google.ar.lens","com.deepl.mobiletranslator"]},{"rank":{"index":2,"lang":"fr","country":"fr","chineseCountryName":"法国","pkg":"com.spaceship.screen.textcopy"},"orders":["com.recognize_text.translate.screen","com.spaceship.screen.textcopy","com.tap_to_translate.snap_translate","com.newmg.yurao.pro","com.niven.translator","com.gaminik.i18n","com.screen.translate.google","com.niven.apptranslate","com.eecorp.linguago","com.galaxy.airviewdictionary","com.screen.translator.text.recognize","com.google.android.apps.translate","live.screentranslate.realtime","com.zaz.translate","com.google.ar.lens","com.deepl.mobiletranslator","com.microsoft.translator","com.mg.chat","co.langlang.translator_for_wsp","com.immersivetranslate.browser"]},{"rank":{"index":2,"lang":"en-gb","country":"gb","chineseCountryName":"英国","pkg":"com.spaceship.screen.textcopy"},"orders":["com.recognize_text.translate.screen","com.spaceship.screen.textcopy","com.niven.translator","com.tap_to_translate.snap_translate","com.gaminik.i18n","com.newmg.yurao.pro","com.screen.translate.google","com.niven.apptranslate","com.screen.translator.text.recognize","com.eecorp.linguago","com.google.android.apps.translate","com.galaxy.airviewdictionary","com.zaz.translate","com.niven.game","live.screentranslate.realtime","at.nk.tools.iTranslate","com.microsoft.translator","com.immersivetranslate.browser","translate.speech.text.translation.voicetranslator","com.mg.chat"]},{"rank":{"index":2,"lang":"de","country":"de","chineseCountryName":"德国","pkg":"com.spaceship.screen.textcopy"},"orders":["com.recognize_text.translate.screen","com.spaceship.screen.textcopy","com.niven.translator","com.tap_to_translate.snap_translate","com.newmg.yurao.pro","com.gaminik.i18n","com.screen.translate.google","com.niven.apptranslate","com.eecorp.linguago","com.galaxy.airviewdictionary","com.screen.translator.text.recognize","live.screentranslate.realtime","com.zaz.translate","com.niven.game","com.google.android.apps.translate","com.microsoft.translator","com.immersivetranslate.browser","com.deepl.mobiletranslator","com.mg.chat","co.langlang.translator_for_wsp"]},{"rank":{"index":2,"lang":"it","country":"it","chineseCountryName":"意大利","pkg":"com.spaceship.screen.textcopy"},"orders":["com.recognize_text.translate.screen","com.spaceship.screen.textcopy","com.tap_to_translate.snap_translate","com.niven.translator","com.newmg.yurao.pro","com.gaminik.i18n","com.screen.translate.google","com.niven.apptranslate","live.screentranslate.realtime","com.eecorp.linguago","com.galaxy.airviewdictionary","com.zaz.translate","com.google.android.apps.translate","com.screen.translator.text.recognize","com.microsoft.translator","com.immersivetranslate.browser","at.nk.tools.iTranslate","com.tangdi.baiguotong","com.niven.game","com.mg.chat"]},{"rank":{"index":3,"lang":"ja","country":"jp","chineseCountryName":"日本","pkg":"com.spaceship.screen.textcopy"},"orders":["com.recognize_text.translate.screen","com.tap_to_translate.snap_translate","com.spaceship.screen.textcopy","com.niven.translator","com.newmg.yurao.pro","com.gaminik.i18n","com.niven.apptranslate","com.screen.translate.google","com.eecorp.linguago","com.screen.translator.text.recognize","com.google.android.apps.translate"]},{"rank":{"index":2,"lang":"ko","country":"kr","chineseCountryName":"韩国","pkg":"com.spaceship.screen.textcopy"},"orders":["com.recognize_text.translate.screen","com.spaceship.screen.textcopy","com.tap_to_translate.snap_translate","com.niven.translator","com.gaminik.i18n","com.newmg.yurao.pro","com.screen.translate.google","com.niven.apptranslate","com.eecorp.linguago","com.screen.translator.text.recognize","com.galaxy.airviewdictionary","live.screentranslate.realtime","com.zaz.translate","com.google.android.apps.translate","com.immersivetranslate.browser","com.microsoft.translator","com.naver.labs.translator"]},{"rank":{"index":2,"lang":"zh-hk","country":"hk","chineseCountryName":"香港","pkg":"com.spaceship.screen.textcopy"},"orders":["com.recognize_text.translate.screen","com.spaceship.screen.textcopy","com.tap_to_translate.snap_translate","com.niven.translator","com.gaminik.i18n","com.newmg.yurao.pro","com.screen.translate.google","com.niven.apptranslate","com.eecorp.linguago","com.galaxy.airviewdictionary","com.google.android.apps.translate","com.screen.translator.text.recognize","live.screentranslate.realtime","com.zaz.translate","com.microsoft.translator","com.immersivetranslate.browser","com.niven.game","com.naver.labs.translator","com.google.ar.lens","com.deepl.mobiletranslator"]},{"rank":{"index":2,"lang":"zh-tw","country":"tw","chineseCountryName":"台湾","pkg":"com.spaceship.screen.textcopy"},"orders":["com.recognize_text.translate.screen","com.spaceship.screen.textcopy","com.niven.translator","com.tap_to_translate.snap_translate","com.gaminik.i18n","com.newmg.yurao.pro","com.screen.translate.google","com.niven.apptranslate","com.eecorp.linguago","com.galaxy.airviewdictionary","live.screentranslate.realtime","com.google.android.apps.translate","com.zaz.translate","com.niven.game","com.microsoft.translator","com.screen.translator.text.recognize","com.google.ar.lens","com.naver.labs.translator","at.nk.tools.iTranslate","com.deepl.mobiletranslator"]},{"rank":{"index":0,"lang":"en","country":"in","chineseCountryName":"印度","pkg":"com.spaceship.screen.textcopy"},"orders":["com.recognize_text.translate.screen","com.tap_to_translate.snap_translate","com.newmg.yurao.pro","com.niven.translator","com.gaminik.i18n","com.screen.translate.google","com.niven.apptranslate","com.zaz.translate","com.eecorp.linguago","com.screen.translator.text.recognize","com.google.android.apps.translate","com.galaxy.airviewdictionary","live.screentranslate.realtime","com.niven.game","translate.speech.text.translation.voicetranslator","com.mg.chat","com.immersivetranslate.browser","at.nk.tools.iTranslate","co.appnation.aivoicetranslator","com.microsoft.translator"]},{"rank":{"index":2,"lang":"id","country":"id","chineseCountryName":"印尼","pkg":"com.spaceship.screen.textcopy"},"orders":["com.recognize_text.translate.screen","com.spaceship.screen.textcopy","com.niven.translator","com.tap_to_translate.snap_translate","com.gaminik.i18n","com.newmg.yurao.pro","com.screen.translate.google","com.niven.apptranslate","com.eecorp.linguago","com.screen.translator.text.recognize","com.niven.game","com.galaxy.airviewdictionary","com.zaz.translate","com.google.android.apps.translate","live.screentranslate.realtime","com.immersivetranslate.browser","com.naver.labs.translator","com.deepl.mobiletranslator","com.google.ar.lens","com.microsoft.translator"]},{"rank":{"index":2,"lang":"es-mx","country":"mx","chineseCountryName":"墨西哥","pkg":"com.spaceship.screen.textcopy"},"orders":["com.recognize_text.translate.screen","com.spaceship.screen.textcopy","com.tap_to_translate.snap_translate","com.niven.translator","com.gaminik.i18n","com.newmg.yurao.pro","com.screen.translate.google","com.niven.apptranslate","com.eecorp.linguago","com.screen.translator.text.recognize","com.galaxy.airviewdictionary","live.screentranslate.realtime","com.zaz.translate","com.google.android.apps.translate","com.immersivetranslate.browser","com.mg.chat","com.microsoft.translator","com.niven.game","link.zhidou.btranslator","com.deepl.mobiletranslator"]}]