[{"rank":{"index":1,"lang":"en-us","country":"us","chineseCountryName":"美国","pkg":"com.spaceship.screen.textcopy"},"orders":["com.spaceship.screen.textcopy","com.recognize_text.translate.screen","com.newmg.yurao.pro","com.gaminik.i18n","com.niven.translator","com.microsoft.translator","com.google.android.apps.translate","com.niven.game","com.eecorp.taptranslator","com.naver.labs.translator","com.niven.comic","at.nk.tools.iTranslate","com.screen.translate.google","com.deepl.mobiletranslator","com.zaz.translate","com.sayhi.android.sayhitranslate","com.tranit.text.translate","com.galaxy.airviewdictionary","com.easytranslate.easytranslate","com.translate.talkingtranslator"]},{"rank":{"index":1,"lang":"ru","country":"ru","chineseCountryName":"俄罗斯","pkg":"com.spaceship.screen.textcopy"},"orders":["com.spaceship.screen.textcopy","com.recognize_text.translate.screen","com.niven.translator","com.gaminik.i18n","com.microsoft.translator","com.niven.game","com.newmg.yurao.pro","com.niven.comic","ru.yandex.translate","com.google.android.apps.translate","at.nk.tools.iTranslate","com.tap_to_translate.snap_translate","com.screen.translate.google","com.deepl.mobiletranslator","com.datacomprojects.scanandtranslate","com.softissimo.reverso.context","com.naver.labs.translator","com.image.camera.translate.ai","com.niven.apptranslate","com.galaxy.airviewdictionary"]},{"rank":{"index":1,"lang":"pt-br","country":"br","chineseCountryName":"巴西","pkg":"com.spaceship.screen.textcopy"},"orders":["com.spaceship.screen.textcopy","com.recognize_text.translate.screen","com.gaminik.i18n","com.niven.translator","com.niven.game","com.eecorp.taptranslator","com.niven.comic","com.newmg.yurao.pro","com.microsoft.translator","com.google.android.apps.translate","at.nk.tools.iTranslate","com.android.chrome","com.discord","com.google.android.apps.photos","com.google.android.apps.maps","com.google.android.apps.youtube.creator","com.microsoft.office.outlook","com.skype.raider","com.adobe.reader","com.screen.translate.google"]},{"rank":{"index":2,"lang":"fr","country":"fr","chineseCountryName":"法国","pkg":"com.spaceship.screen.textcopy"},"orders":["com.recognize_text.translate.screen","com.spaceship.screen.textcopy","com.gaminik.i18n","com.niven.translator","com.niven.game","com.newmg.yurao.pro","com.microsoft.translator","com.google.android.apps.translate","com.eecorp.taptranslator","com.discord","com.galaxy.airviewdictionary","com.microsoft.office.outlook","com.niven.comic","com.android.chrome","com.google.android.apps.photos","com.skype.raider","com.truecaller","com.duolingo","us.zoom.videomeetings","com.canva.editor"]},{"rank":{"index":2,"lang":"en-gb","country":"gb","chineseCountryName":"英国","pkg":"com.spaceship.screen.textcopy"},"orders":["com.recognize_text.translate.screen","com.spaceship.screen.textcopy","com.gaminik.i18n","com.google.android.apps.translate","com.microsoft.translator","com.niven.translator","com.niven.game","at.nk.tools.iTranslate","com.newmg.yurao.pro","com.niven.comic","com.eecorp.taptranslator","com.naver.labs.translator","com.zaz.translate","com.deepl.mobiletranslator","com.screen.translate.google","com.galaxy.airviewdictionary","com.tranit.text.translate","com.datacomprojects.scanandtranslate","com.softissimo.reverso.context","translate.all.language.translator.cameratranslator"]},{"rank":{"index":1,"lang":"de","country":"de","chineseCountryName":"德国","pkg":"com.spaceship.screen.textcopy"},"orders":["com.spaceship.screen.textcopy","com.recognize_text.translate.screen","com.gaminik.i18n","com.niven.translator","com.newmg.yurao.pro","com.niven.game","com.eecorp.taptranslator","com.microsoft.translator","com.google.android.apps.translate","com.niven.comic","com.screen.translate.google","com.deepl.mobiletranslator","com.discord","com.android.chrome","com.google.android.apps.photos","com.truecaller","com.microsoft.office.outlook","com.skype.raider","com.adobe.reader","com.sec.android.app.sbrowser"]},{"rank":{"index":1,"lang":"it","country":"it","chineseCountryName":"意大利","pkg":"com.spaceship.screen.textcopy"},"orders":["com.spaceship.screen.textcopy","com.recognize_text.translate.screen","com.gaminik.i18n","com.niven.translator","com.niven.game","com.newmg.yurao.pro","com.google.android.apps.translate","com.eecorp.taptranslator","com.microsoft.translator","com.niven.comic","com.discord","com.google.android.apps.photos","com.microsoft.office.outlook","com.adobe.reader","com.android.chrome","com.skype.raider","us.zoom.videomeetings","com.truecaller","com.openai.chatgpt","com.sec.android.app.sbrowser"]},{"rank":{"index":1,"lang":"ja","country":"jp","chineseCountryName":"日本","pkg":"com.spaceship.screen.textcopy"},"orders":["com.spaceship.screen.textcopy","com.recognize_text.translate.screen","com.gaminik.i18n","com.niven.translator","com.niven.game","com.microsoft.translator","com.deepl.mobiletranslator","com.google.android.apps.translate","com.tap_to_translate.snap_translate","com.newmg.yurao.pro","com.naver.labs.translator","com.niven.comic","com.eecorp.taptranslator","com.screen.translate.google","at.nk.tools.iTranslate","com.google.ar.lens","com.youdao.hindict","com.discord","com.android.chrome","com.galaxy.airviewdictionary"]},{"rank":{"index":1,"lang":"ko","country":"kr","chineseCountryName":"韩国","pkg":"com.spaceship.screen.textcopy"},"orders":["com.spaceship.screen.textcopy","com.recognize_text.translate.screen","com.gaminik.i18n","com.microsoft.translator","com.niven.translator","com.niven.game","com.naver.labs.translator","com.google.android.apps.translate","com.niven.comic","com.newmg.yurao.pro","at.nk.tools.iTranslate","com.eecorp.taptranslator","com.deepl.mobiletranslator","com.screen.translate.google","com.tap_to_translate.snap_translate","com.image.camera.translate.ai","com.galaxy.airviewdictionary","com.datacomprojects.scanandtranslate","com.siv","com.softissimo.reverso.context"]},{"rank":{"index":1,"lang":"zh-hk","country":"hk","chineseCountryName":"香港","pkg":"com.spaceship.screen.textcopy"},"orders":["com.spaceship.screen.textcopy","com.recognize_text.translate.screen","com.gaminik.i18n","com.microsoft.translator","com.niven.translator","com.niven.game","com.google.android.apps.translate","at.nk.tools.iTranslate","com.niven.comic","com.newmg.yurao.pro","com.naver.labs.translator","com.image.camera.translate.ai","com.youdao.hindict","com.eecorp.taptranslator","com.screen.translate.google","com.deepl.mobiletranslator","com.datacomprojects.scanandtranslate","com.softissimo.reverso.context","com.royalappcode.translation.voice.language.chat.interpreter","com.siv"]},{"rank":{"index":1,"lang":"zh-tw","country":"tw","chineseCountryName":"台湾","pkg":"com.spaceship.screen.textcopy"},"orders":["com.spaceship.screen.textcopy","com.recognize_text.translate.screen","com.gaminik.i18n","com.niven.translator","com.niven.game","com.microsoft.translator","at.nk.tools.iTranslate","com.google.android.apps.translate","com.niven.comic","com.naver.labs.translator","com.newmg.yurao.pro","com.eecorp.taptranslator","com.datacomprojects.scanandtranslate","com.screen.translate.google","com.youdao.hindict","com.image.camera.translate.ai","com.deepl.mobiletranslator","com.siv","com.translate.talkingtranslator","com.royalappcode.translation.voice.language.chat.interpreter"]},{"rank":{"index":2,"lang":"en","country":"in","chineseCountryName":"印度","pkg":"com.spaceship.screen.textcopy"},"orders":["com.recognize_text.translate.screen","com.spaceship.screen.textcopy","com.google.android.apps.translate","com.gaminik.i18n"]},{"rank":{"index":1,"lang":"id","country":"id","chineseCountryName":"印尼","pkg":"com.spaceship.screen.textcopy"},"orders":["com.spaceship.screen.textcopy","com.recognize_text.translate.screen","com.gaminik.i18n","com.niven.translator","com.niven.game","com.niven.comic","com.newmg.yurao.pro","com.google.android.apps.translate"]},{"rank":{"index":1,"lang":"es-mx","country":"mx","chineseCountryName":"墨西哥","pkg":"com.spaceship.screen.textcopy"},"orders":["com.spaceship.screen.textcopy","com.recognize_text.translate.screen","com.gaminik.i18n","com.niven.translator","com.niven.game","com.google.android.apps.translate","com.niven.comic","com.eecorp.taptranslator","com.newmg.yurao.pro","com.microsoft.translator","com.discord","com.android.chrome","com.google.android.apps.photos","com.google.android.apps.maps","com.microsoft.office.outlook","us.zoom.videomeetings","com.adobe.reader","at.nk.tools.iTranslate","com.duolingo","com.intsig.camscanner"]}]