[{"rank":{"index":2,"lang":"en-us","country":"us","chineseCountryName":"美国","pkg":"com.spaceship.screen.textcopy"},"orders":["com.recognize_text.translate.screen","com.spaceship.screen.textcopy","com.tap_to_translate.snap_translate","com.gaminik.i18n","com.google.android.apps.translate","com.microsoft.translator","com.niven.translator","com.niven.comic","com.niven.game","com.newmg.yurao.pro","com.niven.apptranslate","screen.translator.voice.translate","com.mobisystems.msdict.embedded.wireless.collins.ee","com.youdao.hindict","com.deepl.mobiletranslator","com.naver.labs.translator","all.language.translate.translator","com.zaz.translate","com.translate.talkingtranslator","com.softissimo.reverso.context"]},{"rank":{"index":3,"lang":"ru","country":"ru","chineseCountryName":"俄罗斯","pkg":"com.spaceship.screen.textcopy"},"orders":["com.recognize_text.translate.screen","com.tap_to_translate.snap_translate","com.spaceship.screen.textcopy","com.gaminik.i18n","com.niven.game","com.niven.translator","com.newmg.yurao.pro","com.niven.comic","com.google.android.apps.translate","ru.yandex.translate","com.niven.apptranslate","com.microsoft.translator","com.deepl.mobiletranslator","com.ticktalk.translatevoice","com.whatsapp","com.translate.language.translator.voice.translation","com.facebook.orca","us.zoom.videomeetings","com.google.android.dialer","com.datacomprojects.scanandtranslate"]},{"rank":{"index":2,"lang":"fr","country":"fr","chineseCountryName":"法国","pkg":"com.spaceship.screen.textcopy"},"orders":["com.recognize_text.translate.screen","com.spaceship.screen.textcopy","com.tap_to_translate.snap_translate","com.niven.game","com.gaminik.i18n","com.newmg.yurao.pro","com.niven.comic","com.niven.translator","com.microsoft.translator","com.google.android.apps.translate","com.niven.apptranslate","com.youdao.hindict","com.deepl.mobiletranslator","com.whatsapp","com.facebook.orca","us.zoom.videomeetings","com.duolingo","com.canva.editor","com.discord","com.android.chrome"]},{"rank":{"index":2,"lang":"en-gb","country":"gb","chineseCountryName":"英国","pkg":"com.spaceship.screen.textcopy"},"orders":["com.recognize_text.translate.screen","com.spaceship.screen.textcopy","com.gaminik.i18n","com.google.android.apps.translate","com.microsoft.translator","com.tap_to_translate.snap_translate","com.niven.game","com.newmg.yurao.pro","com.niven.comic","com.niven.translator","com.youdao.hindict","com.niven.apptranslate","com.deepl.mobiletranslator","com.translate.language.translator.voice.translation","com.naver.labs.translator","com.flitto.app","at.nk.tools.iTranslate","com.translate.app","com.datacomprojects.scanandtranslate","com.whatsapp"]},{"rank":{"index":2,"lang":"de","country":"de","chineseCountryName":"德国","pkg":"com.spaceship.screen.textcopy"},"orders":["com.recognize_text.translate.screen","com.spaceship.screen.textcopy","com.gaminik.i18n","com.niven.game","com.tap_to_translate.snap_translate","com.niven.comic","com.microsoft.translator","com.niven.translator","com.deepl.mobiletranslator","com.newmg.yurao.pro","com.google.android.apps.translate","com.niven.apptranslate","com.youdao.hindict","com.translator.yellow","com.eecorp.linguago","com.whatsapp","com.facebook.orca","all.language.translate.translator","com.canva.editor","com.google.android.apps.photos"]},{"rank":{"index":2,"lang":"it","country":"it","chineseCountryName":"意大利","pkg":"com.spaceship.screen.textcopy"},"orders":["com.recognize_text.translate.screen","com.spaceship.screen.textcopy","com.niven.game","com.tap_to_translate.snap_translate","com.gaminik.i18n","com.niven.translator","com.niven.comic","com.newmg.yurao.pro","com.niven.apptranslate","com.microsoft.translator","com.google.android.apps.translate","com.eecorp.linguago","com.deepl.mobiletranslator","screen.translator.voice.translate","com.youdao.hindict","com.eecorp.taptranslator","com.whatsapp","com.mg.subtitle.google","com.kursx.smartbook","com.facebook.orca"]},{"rank":{"index":2,"lang":"ja","country":"jp","chineseCountryName":"日本","pkg":"com.spaceship.screen.textcopy"},"orders":["com.recognize_text.translate.screen","com.spaceship.screen.textcopy","com.gaminik.i18n","com.niven.game","com.niven.comic","com.tap_to_translate.snap_translate","com.niven.translator","com.niven.apptranslate","com.newmg.yurao.pro","com.deepl.mobiletranslator","com.google.android.apps.translate","com.naver.labs.translator","com.microsoft.translator","com.youdao.hindict","com.datacomprojects.scanandtranslate","com.eecorp.linguago","com.whatsapp","com.android.chrome","com.facebook.orca","com.duolingo"]},{"rank":{"index":2,"lang":"ko","country":"kr","chineseCountryName":"韩国","pkg":"com.spaceship.screen.textcopy"},"orders":["com.recognize_text.translate.screen","com.spaceship.screen.textcopy","com.tap_to_translate.snap_translate","com.gaminik.i18n","com.niven.game","com.niven.comic","com.niven.apptranslate","com.newmg.yurao.pro","com.niven.translator","com.naver.labs.translator","com.google.android.apps.translate","com.microsoft.translator","com.whatsapp","com.facebook.orca","com.discord","us.zoom.videomeetings","com.android.chrome","com.ubercab","com.google.android.apps.photos","com.sec.android.app.sbrowser"]},{"rank":{"index":2,"lang":"zh-hk","country":"hk","chineseCountryName":"香港","pkg":"com.spaceship.screen.textcopy"},"orders":["com.recognize_text.translate.screen","com.spaceship.screen.textcopy","com.gaminik.i18n","com.tap_to_translate.snap_translate","com.niven.game","com.newmg.yurao.pro","com.microsoft.translator","com.google.android.apps.translate","com.niven.comic","com.niven.translator","com.niven.apptranslate","com.whatsapp","com.facebook.orca","com.android.chrome","com.google.android.apps.maps","com.deepl.mobiletranslator","us.zoom.videomeetings","com.naver.labs.translator","com.discord","com.google.ar.lens"]},{"rank":{"index":3,"lang":"zh-tw","country":"tw","chineseCountryName":"台湾","pkg":"com.spaceship.screen.textcopy"},"orders":["com.recognize_text.translate.screen","com.gaminik.i18n","com.spaceship.screen.textcopy","com.tap_to_translate.snap_translate","com.niven.game","com.niven.translator","com.niven.comic","com.google.android.apps.translate","com.microsoft.translator","com.newmg.yurao.pro","com.niven.apptranslate","com.youdao.hindict","com.eecorp.linguago","com.naver.labs.translator","com.deepl.mobiletranslator","screen.translator.voice.translate","com.mg.subtitle.google","com.translate.talkingtranslator","com.whatsapp","com.facebook.orca"]},{"rank":{"index":2,"lang":"en","country":"in","chineseCountryName":"印度","pkg":"com.spaceship.screen.textcopy"},"orders":["com.recognize_text.translate.screen","com.spaceship.screen.textcopy","com.google.android.apps.translate","com.newmg.yurao.pro","screen.translator.voice.translate","com.niven.translator","com.tap_to_translate.snap_translate","com.zaz.translate","com.niven.game","com.niven.comic","com.microsoft.translator","com.eecorp.linguago","com.niven.apptranslate","com.tranit.text.translate","com.mg.chat","com.deepl.mobiletranslator","com.languagetranslator.translatorapp.smartscanner.dictionary.translation.voicetranslator","com.google.android.inputmethod.latin","com.chat_translate.screen_translate","com.gaminik.i18n"]},{"rank":{"index":2,"lang":"id","country":"id","chineseCountryName":"印尼","pkg":"com.spaceship.screen.textcopy"},"orders":["com.recognize_text.translate.screen","com.spaceship.screen.textcopy","com.tap_to_translate.snap_translate","com.gaminik.i18n","com.niven.game","com.niven.comic","com.niven.translator","com.google.android.apps.translate","com.newmg.yurao.pro"]},{"rank":{"index":2,"lang":"es-mx","country":"mx","chineseCountryName":"墨西哥","pkg":"com.spaceship.screen.textcopy"},"orders":["com.recognize_text.translate.screen","com.spaceship.screen.textcopy","com.tap_to_translate.snap_translate","com.niven.game","com.niven.translator","com.niven.comic","com.newmg.yurao.pro","com.youdao.hindict","com.niven.apptranslate","com.google.android.apps.translate","com.whatsapp","com.facebook.orca","com.canva.editor","com.android.chrome","com.google.android.apps.photos","us.zoom.videomeetings","com.duolingo","com.google.android.apps.maps","com.discord","com.gaminik.i18n"]}]