[{"rank":{"index":2,"lang":"en-us","country":"us","chineseCountryName":"美国","pkg":"com.spaceship.screen.textcopy"},"orders":["com.recognize_text.translate.screen","com.spaceship.screen.textcopy","com.niven.translator","com.microsoft.translator","com.google.android.apps.translate","com.tap_to_translate.snap_translate","com.gaminik.i18n","com.niven.game","at.nk.tools.iTranslate","com.translate.talkingtranslator","com.niven.comic","com.naver.labs.translator","com.newmg.yurao.pro","com.sayhi.android.sayhitranslate","com.zaz.translate","com.tangdi.baiguotong","com.screen.translate.google","com.b1b.translator.voicetranslate.alllanguages.translator.app","com.deepl.mobiletranslator","com.language.translate.free.translator.voice.translation"]},{"rank":{"index":3,"lang":"ru","country":"ru","chineseCountryName":"俄罗斯","pkg":"com.spaceship.screen.textcopy"},"orders":["com.recognize_text.translate.screen","com.niven.translator","com.spaceship.screen.textcopy","com.tap_to_translate.snap_translate","com.microsoft.translator","com.niven.game","com.gaminik.i18n","com.google.android.apps.translate","at.nk.tools.iTranslate","com.niven.comic","ru.yandex.translate","com.screen.translate.google","com.deepl.mobiletranslator","com.tangdi.baiguotong","com.zaz.translate","com.newmg.yurao.pro","com.translate.talkingtranslator","com.sayhi.android.sayhitranslate","com.b1b.translator.voicetranslate.alllanguages.translator.app","com.naver.labs.translator"]},{"rank":{"index":4,"lang":"pt-br","country":"br","chineseCountryName":"巴西","pkg":"com.spaceship.screen.textcopy"},"orders":["com.recognize_text.translate.screen","com.tap_to_translate.snap_translate","com.niven.translator","com.spaceship.screen.textcopy","com.niven.game","com.gaminik.i18n","com.niven.comic","com.galaxy.airviewdictionary","com.microsoft.translator","com.google.android.apps.translate","com.screen.translate.google","com.newmg.yurao.pro","com.screen.translator.text.recognize","at.nk.tools.iTranslate","com.youdao.hindict","com.niven.apptranslate","com.tangdi.baiguotong","com.deepl.mobiletranslator","com.facebook.orca","org.videolan.vlc"]},{"rank":{"index":3,"lang":"fr","country":"fr","chineseCountryName":"法国","pkg":"com.spaceship.screen.textcopy"},"orders":["com.recognize_text.translate.screen","com.tap_to_translate.snap_translate","com.spaceship.screen.textcopy","com.niven.translator","com.niven.game","com.gaminik.i18n","com.microsoft.translator","com.niven.comic","com.google.android.apps.translate","at.nk.tools.iTranslate","com.newmg.yurao.pro","com.tangdi.baiguotong","com.galaxy.airviewdictionary","com.screen.translate.google","com.deepl.mobiletranslator","com.translate.talkingtranslator","com.sayhi.android.sayhitranslate","com.screen.translator.text.recognize","com.niven.apptranslate","com.audacityittranslator.translatetexttranslator"]},{"rank":{"index":2,"lang":"en-gb","country":"gb","chineseCountryName":"英国","pkg":"com.spaceship.screen.textcopy"},"orders":["com.recognize_text.translate.screen","com.spaceship.screen.textcopy","com.tap_to_translate.snap_translate","com.gaminik.i18n","com.google.android.apps.translate","com.microsoft.translator","com.niven.translator","com.niven.game","at.nk.tools.iTranslate","com.niven.comic","com.zaz.translate","com.tangdi.baiguotong","com.translate.talkingtranslator","com.sayhi.android.sayhitranslate","com.b1b.translator.voicetranslate.alllanguages.translator.app","com.newmg.yurao.pro","com.google.ar.lens","com.language.translate.free.translator.voice.translation","com.screen.translate.google","com.deepl.mobiletranslator"]},{"rank":{"index":2,"lang":"de","country":"de","chineseCountryName":"德国","pkg":"com.spaceship.screen.textcopy"},"orders":["com.recognize_text.translate.screen","com.spaceship.screen.textcopy","com.tap_to_translate.snap_translate","com.niven.translator","com.microsoft.translator","com.gaminik.i18n","com.niven.game","com.screen.translator.text.recognize","com.google.android.apps.translate","com.niven.comic","at.nk.tools.iTranslate","com.translate.talkingtranslator"]},{"rank":{"index":2,"lang":"it","country":"it","chineseCountryName":"意大利","pkg":"com.spaceship.screen.textcopy"},"orders":["com.recognize_text.translate.screen","com.spaceship.screen.textcopy","com.niven.translator","com.niven.game","com.gaminik.i18n","com.google.android.apps.translate","com.tap_to_translate.snap_translate","com.microsoft.translator","com.niven.comic","at.nk.tools.iTranslate","com.tangdi.baiguotong","com.newmg.yurao.pro","com.screen.translate.google","com.galaxy.airviewdictionary","com.translate.talkingtranslator","com.deepl.mobiletranslator","com.screen.translator.text.recognize","com.sayhi.android.sayhitranslate","com.niven.apptranslate","com.image.camera.translate.ai"]},{"rank":{"index":2,"lang":"ja","country":"jp","chineseCountryName":"日本","pkg":"com.spaceship.screen.textcopy"},"orders":["com.recognize_text.translate.screen","com.spaceship.screen.textcopy","com.gaminik.i18n","com.niven.game","com.niven.translator","com.tap_to_translate.snap_translate","com.niven.comic","com.microsoft.translator","com.google.android.apps.translate","com.screen.translate.google","com.naver.labs.translator","com.deepl.mobiletranslator","com.newmg.yurao.pro","com.google.ar.lens","at.nk.tools.iTranslate","com.tangdi.baiguotong","com.facebook.orca","com.niven.apptranslate","com.discord","com.android.chrome"]},{"rank":{"index":2,"lang":"ko","country":"kr","chineseCountryName":"韩国","pkg":"com.spaceship.screen.textcopy"},"orders":["com.recognize_text.translate.screen","com.spaceship.screen.textcopy","com.microsoft.translator","com.google.android.apps.translate","com.niven.translator","com.gaminik.i18n","com.niven.game","com.tap_to_translate.snap_translate","com.naver.labs.translator","at.nk.tools.iTranslate","com.niven.comic","com.translate.talkingtranslator","com.b1b.translator.voicetranslate.alllanguages.translator.app","com.sayhi.android.sayhitranslate","com.newmg.yurao.pro","com.deepl.mobiletranslator","com.galaxy.airviewdictionary","com.screen.translate.google","com.zaz.translate","com.google.ar.lens"]},{"rank":{"index":2,"lang":"zh-hk","country":"hk","chineseCountryName":"香港","pkg":"com.spaceship.screen.textcopy"},"orders":["com.recognize_text.translate.screen","com.spaceship.screen.textcopy","com.microsoft.translator","com.google.android.apps.translate","com.gaminik.i18n","com.niven.translator","com.niven.game","at.nk.tools.iTranslate","com.tap_to_translate.snap_translate","com.tangdi.baiguotong","com.niven.comic","com.translate.talkingtranslator","com.naver.labs.translator","com.sayhi.android.sayhitranslate","com.galaxy.airviewdictionary","com.zaz.translate","com.b1b.translator.voicetranslate.alllanguages.translator.app","com.newmg.yurao.pro","com.deepl.mobiletranslator","com.language.translate.free.translator.voice.translation"]},{"rank":{"index":2,"lang":"zh-tw","country":"tw","chineseCountryName":"台湾","pkg":"com.spaceship.screen.textcopy"},"orders":["com.recognize_text.translate.screen","com.spaceship.screen.textcopy","com.tap_to_translate.snap_translate","com.microsoft.translator","com.google.android.apps.translate","com.gaminik.i18n","com.niven.translator","com.niven.game","at.nk.tools.iTranslate","com.tangdi.baiguotong","com.niven.comic","com.translate.talkingtranslator","com.b1b.translator.voicetranslate.alllanguages.translator.app","com.naver.labs.translator","com.galaxy.airviewdictionary","com.newmg.yurao.pro","com.language.translate.free.translator.voice.translation","com.sayhi.android.sayhitranslate","com.screen.translate.google","com.zaz.translate"]},{"rank":{"index":4,"lang":"en","country":"in","chineseCountryName":"印度","pkg":"com.spaceship.screen.textcopy"},"orders":["com.recognize_text.translate.screen","com.google.android.apps.translate","com.tap_to_translate.snap_translate","com.spaceship.screen.textcopy","com.niven.translator","com.microsoft.translator"]},{"rank":{"index":2,"lang":"id","country":"id","chineseCountryName":"印尼","pkg":"com.spaceship.screen.textcopy"},"orders":["com.recognize_text.translate.screen","com.spaceship.screen.textcopy","com.tap_to_translate.snap_translate","com.niven.translator","com.gaminik.i18n","com.niven.game","com.niven.comic","com.galaxy.airviewdictionary","com.newmg.yurao.pro","com.youdao.hindict"]},{"rank":{"index":2,"lang":"es-mx","country":"mx","chineseCountryName":"墨西哥","pkg":"com.spaceship.screen.textcopy"},"orders":["com.recognize_text.translate.screen","com.spaceship.screen.textcopy","com.niven.game","com.niven.translator","com.gaminik.i18n","com.tap_to_translate.snap_translate","com.microsoft.translator","com.niven.comic","com.google.android.apps.translate","at.nk.tools.iTranslate","com.newmg.yurao.pro","com.tangdi.baiguotong","com.screen.translate.google","com.youdao.hindict","com.deepl.mobiletranslator","com.niven.apptranslate","com.translate.talkingtranslator","com.galaxy.airviewdictionary","com.language.translate.free.translator.voice.translation","com.facebook.orca"]}]