[{"rank":{"index":2,"lang":"en-us","country":"us","chineseCountryName":"美国","pkg":"com.spaceship.screen.textcopy"},"orders":["com.recognize_text.translate.screen","com.spaceship.screen.textcopy","com.niven.translator","com.gaminik.i18n","com.galaxy.airviewdictionary","com.screen.translate.google","com.newmg.yurao.pro","com.tap_to_translate.snap_translate","com.google.android.apps.translate","com.niven.apptranslate","photo.translate.camera.translator","com.deepl.mobiletranslator","com.fapp.translate.language.translator.fasttranslation","com.zaz.translate","com.microsoft.translator","com.niven.game","com.newtranslate.google","com.datacomprojects.scanandtranslate","com.eecorp.linguago","ru.yandex.translate"]},{"rank":{"index":2,"lang":"ru","country":"ru","chineseCountryName":"俄罗斯","pkg":"com.spaceship.screen.textcopy"},"orders":["com.recognize_text.translate.screen","com.spaceship.screen.textcopy","com.niven.translator","com.gaminik.i18n","com.galaxy.airviewdictionary","com.screen.translate.google","com.tap_to_translate.snap_translate","com.newmg.yurao.pro","ru.yandex.translate","com.niven.apptranslate","com.niven.game","com.deepl.mobiletranslator","com.datacomprojects.scanandtranslate","com.eecorp.linguago","com.microsoft.translator","com.google.android.apps.translate","com.newtranslate.google","com.mg.chat","com.zaz.translate","com.yoyodev.screentranslate"]},{"rank":{"index":2,"lang":"pt-br","country":"br","chineseCountryName":"巴西","pkg":"com.spaceship.screen.textcopy"},"orders":["com.recognize_text.translate.screen","com.spaceship.screen.textcopy","com.niven.translator","com.gaminik.i18n","com.screen.translate.google","com.galaxy.airviewdictionary","com.tap_to_translate.snap_translate","com.newmg.yurao.pro","com.niven.apptranslate","com.niven.game","com.newtranslate.google","com.fapp.translate.language.translator.fasttranslation","com.eecorp.linguago","com.google.android.apps.translate","com.deepl.mobiletranslator","com.datacomprojects.scanandtranslate","com.microsoft.translator","com.immersivetranslate.browser","com.zaz.translate","com.android.chrome"]},{"rank":{"index":2,"lang":"fr","country":"fr","chineseCountryName":"法国","pkg":"com.spaceship.screen.textcopy"},"orders":["com.recognize_text.translate.screen","com.spaceship.screen.textcopy","com.gaminik.i18n","com.galaxy.airviewdictionary","com.niven.translator","com.screen.translate.google","com.tap_to_translate.snap_translate","com.newmg.yurao.pro","com.niven.apptranslate","com.eecorp.linguago","com.niven.game","com.newtranslate.google","com.google.android.apps.translate","com.datacomprojects.scanandtranslate","com.deepl.mobiletranslator","com.yoyodev.screentranslate","com.fapp.translate.language.translator.fasttranslation","com.microsoft.translator","com.immersivetranslate.browser","com.zaz.translate"]},{"rank":{"index":2,"lang":"en-gb","country":"gb","chineseCountryName":"英国","pkg":"com.spaceship.screen.textcopy"},"orders":["com.recognize_text.translate.screen","com.spaceship.screen.textcopy","com.galaxy.airviewdictionary","com.gaminik.i18n","com.niven.translator","com.screen.translate.google","com.newmg.yurao.pro","com.tap_to_translate.snap_translate","com.google.android.apps.translate","com.fapp.translate.language.translator.fasttranslation","com.niven.apptranslate","photo.translate.camera.translator","com.deepl.mobiletranslator","com.newtranslate.google","com.microsoft.translator","com.zaz.translate","com.niven.game","ru.yandex.translate","com.datacomprojects.scanandtranslate","com.screen.translator.text.recognize"]},{"rank":{"index":4,"lang":"de","country":"de","chineseCountryName":"德国","pkg":"com.spaceship.screen.textcopy"},"orders":["com.recognize_text.translate.screen","com.gaminik.i18n","com.niven.translator","com.spaceship.screen.textcopy","com.galaxy.airviewdictionary","com.screen.translate.google","com.tap_to_translate.snap_translate","com.newmg.yurao.pro","com.niven.apptranslate","com.newtranslate.google","com.yoyodev.screentranslate","com.eecorp.linguago","com.fapp.translate.language.translator.fasttranslation","com.immersivetranslate.browser","com.deepl.mobiletranslator","com.google.android.apps.translate","com.datacomprojects.scanandtranslate","com.zaz.translate","com.microsoft.translator","com.niven.game"]},{"rank":{"index":3,"lang":"it","country":"it","chineseCountryName":"意大利","pkg":"com.spaceship.screen.textcopy"},"orders":["com.recognize_text.translate.screen","com.gaminik.i18n","com.spaceship.screen.textcopy","com.galaxy.airviewdictionary","com.screen.translate.google","com.niven.translator","com.tap_to_translate.snap_translate","com.newmg.yurao.pro","com.niven.apptranslate","com.datacomprojects.scanandtranslate","com.newtranslate.google","com.eecorp.linguago","com.niven.game","com.fapp.translate.language.translator.fasttranslation","com.google.android.apps.translate","com.deepl.mobiletranslator","com.yoyodev.screentranslate","photo.translate.camera.translator","com.eecorp.taptranslator","com.screen.translator.text.recognize"]},{"rank":{"index":3,"lang":"ja","country":"jp","chineseCountryName":"日本","pkg":"com.spaceship.screen.textcopy"},"orders":["com.recognize_text.translate.screen","com.gaminik.i18n","com.spaceship.screen.textcopy","com.tap_to_translate.snap_translate","com.screen.translate.google","com.niven.translator","com.galaxy.airviewdictionary","com.newmg.yurao.pro","com.niven.apptranslate","com.eecorp.linguago","com.immersivetranslate.browser","com.datacomprojects.scanandtranslate","com.deepl.mobiletranslator","com.niven.game","com.google.android.apps.translate"]},{"rank":{"index":2,"lang":"ko","country":"kr","chineseCountryName":"韩国","pkg":"com.spaceship.screen.textcopy"},"orders":["com.recognize_text.translate.screen","com.spaceship.screen.textcopy","com.gaminik.i18n","com.tap_to_translate.snap_translate","com.niven.translator","com.galaxy.airviewdictionary","com.screen.translate.google","com.newmg.yurao.pro","com.niven.apptranslate","com.eecorp.linguago","com.immersivetranslate.browser","com.fapp.translate.language.translator.fasttranslation","com.naver.labs.translator","com.datacomprojects.scanandtranslate","com.google.android.apps.translate","com.newtranslate.google","com.niven.game","com.deepl.mobiletranslator","com.microsoft.translator","com.hive.lingonative"]},{"rank":{"index":2,"lang":"zh-hk","country":"hk","chineseCountryName":"香港","pkg":"com.spaceship.screen.textcopy"},"orders":["com.recognize_text.translate.screen","com.spaceship.screen.textcopy","com.galaxy.airviewdictionary","com.gaminik.i18n","com.screen.translate.google","com.niven.translator","com.newmg.yurao.pro","com.tap_to_translate.snap_translate","com.niven.apptranslate","com.google.android.apps.translate","com.newtranslate.google","com.deepl.mobiletranslator","photo.translate.camera.translator","com.microsoft.translator","com.niven.game","com.fapp.translate.language.translator.fasttranslation","com.zaz.translate","com.immersivetranslate.browser","com.naver.labs.translator","ru.yandex.translate"]},{"rank":{"index":2,"lang":"zh-tw","country":"tw","chineseCountryName":"台湾","pkg":"com.spaceship.screen.textcopy"},"orders":["com.recognize_text.translate.screen","com.spaceship.screen.textcopy","com.galaxy.airviewdictionary","com.screen.translate.google","com.gaminik.i18n","com.niven.translator","com.newmg.yurao.pro","com.tap_to_translate.snap_translate","com.newtranslate.google","com.niven.apptranslate","com.google.android.apps.translate","com.immersivetranslate.browser","com.fapp.translate.language.translator.fasttranslation","com.hive.lingonative","com.niven.game","com.deepl.mobiletranslator","com.microsoft.translator","com.datacomprojects.scanandtranslate","com.naver.labs.translator","com.eecorp.linguago"]},{"rank":{"index":2,"lang":"en","country":"in","chineseCountryName":"印度","pkg":"com.spaceship.screen.textcopy"},"orders":["com.recognize_text.translate.screen","com.spaceship.screen.textcopy","com.gaminik.i18n","com.newmg.yurao.pro"]},{"rank":{"index":2,"lang":"id","country":"id","chineseCountryName":"印尼","pkg":"com.spaceship.screen.textcopy"},"orders":["com.recognize_text.translate.screen","com.spaceship.screen.textcopy","com.tap_to_translate.snap_translate","com.niven.translator","com.gaminik.i18n","com.screen.translate.google","com.galaxy.airviewdictionary","com.newmg.yurao.pro","com.niven.apptranslate","com.niven.game","com.eecorp.linguago","com.datacomprojects.scanandtranslate","com.deepl.mobiletranslator"]},{"rank":{"index":2,"lang":"es-mx","country":"mx","chineseCountryName":"墨西哥","pkg":"com.spaceship.screen.textcopy"},"orders":["com.recognize_text.translate.screen","com.spaceship.screen.textcopy","com.tap_to_translate.snap_translate","com.gaminik.i18n","com.newmg.yurao.pro","com.google.android.apps.translate","com.datacomprojects.scanandtranslate","com.microsoft.translator","com.deepl.mobiletranslator","com.zaz.translate","ru.yandex.translate","com.google.ar.lens","com.kursx.smartbook","link.zhidou.btranslator","photo.translate.camera.translator","com.android.chrome","co.langlang.translator_for_wsp","com.immersivetranslate.browser","com.google.android.tts","com.google.android.inputmethod.latin"]}]