[{"rank":{"index":2,"lang":"en-us","country":"us","chineseCountryName":"美国","pkg":"com.spaceship.screen.textcopy"},"orders":["com.recognize_text.translate.screen","com.spaceship.screen.textcopy","com.niven.translator","com.tap_to_translate.snap_translate","com.microsoft.translator","com.google.android.apps.translate","com.gaminik.i18n","com.newmg.yurao.pro","com.niven.game","at.nk.tools.iTranslate","com.zaz.translate","com.niven.comic","com.screen.translate.google","com.naver.labs.translator","com.language.translate.free.translator.voice.translation","com.deepl.mobiletranslator","com.translate.talkingtranslator","com.translate.language.translator.voice.translation","com.datacomprojects.scanandtranslate","com.ticktalk.translatevoice"]},{"rank":{"index":2,"lang":"ru","country":"ru","chineseCountryName":"俄罗斯","pkg":"com.spaceship.screen.textcopy"},"orders":["com.recognize_text.translate.screen","com.spaceship.screen.textcopy","com.niven.translator","com.tap_to_translate.snap_translate","com.microsoft.translator","com.newmg.yurao.pro","com.niven.game","com.gaminik.i18n","com.google.android.apps.translate","ru.yandex.translate","com.deepl.mobiletranslator","at.nk.tools.iTranslate","com.datacomprojects.scanandtranslate","com.screen.translate.google","com.niven.comic","com.zaz.translate","com.language.translate.free.translator.voice.translation","com.niven.apptranslate","com.translate.talkingtranslator","com.naver.labs.translator"]},{"rank":{"index":2,"lang":"pt-br","country":"br","chineseCountryName":"巴西","pkg":"com.spaceship.screen.textcopy"},"orders":["com.recognize_text.translate.screen","com.spaceship.screen.textcopy","com.tap_to_translate.snap_translate","com.niven.translator","com.gaminik.i18n","com.microsoft.translator","com.newmg.yurao.pro","com.niven.game","com.niven.comic","com.google.android.apps.translate","at.nk.tools.iTranslate","com.screen.translate.google","com.translate.language.translator.voice.translation","com.niven.apptranslate","com.zaz.translate","com.deepl.mobiletranslator","com.language.translate.free.translator.voice.translation","com.audacityittranslator.translatetexttranslator","com.voice_camera_free_translate","com.android.chrome"]},{"rank":{"index":2,"lang":"fr","country":"fr","chineseCountryName":"法国","pkg":"com.spaceship.screen.textcopy"},"orders":["com.recognize_text.translate.screen","com.spaceship.screen.textcopy","com.tap_to_translate.snap_translate","com.newmg.yurao.pro","com.niven.translator","com.microsoft.translator","com.gaminik.i18n","com.niven.game","com.google.android.apps.translate","at.nk.tools.iTranslate","com.zaz.translate","com.screen.translate.google","com.niven.comic","com.translate.talkingtranslator","com.language.translate.free.translator.voice.translation","com.niven.apptranslate","com.deepl.mobiletranslator","com.tangdi.baiguotong","com.audacityittranslator.translatetexttranslator","com.google.ar.lens"]},{"rank":{"index":2,"lang":"en-gb","country":"gb","chineseCountryName":"英国","pkg":"com.spaceship.screen.textcopy"},"orders":["com.recognize_text.translate.screen","com.spaceship.screen.textcopy","com.tap_to_translate.snap_translate","com.microsoft.translator","com.google.android.apps.translate","com.gaminik.i18n","com.niven.translator","com.newmg.yurao.pro","at.nk.tools.iTranslate","com.niven.game","com.zaz.translate","com.deepl.mobiletranslator","com.screen.translate.google","com.niven.comic","com.language.translate.free.translator.voice.translation","com.naver.labs.translator","com.datacomprojects.scanandtranslate","com.google.ar.lens","com.translate.language.translator.voice.translation","com.translate.talkingtranslator"]},{"rank":{"index":2,"lang":"de","country":"de","chineseCountryName":"德国","pkg":"com.spaceship.screen.textcopy"},"orders":["com.recognize_text.translate.screen","com.spaceship.screen.textcopy","com.tap_to_translate.snap_translate","com.microsoft.translator","com.niven.translator","com.gaminik.i18n","com.newmg.yurao.pro","com.google.android.apps.translate","com.niven.game","at.nk.tools.iTranslate","com.zaz.translate","com.screen.translate.google","com.deepl.mobiletranslator","com.niven.comic","com.language.translate.free.translator.voice.translation","com.translate.talkingtranslator","com.niven.apptranslate","com.translate.language.translator.voice.translation","com.audacityittranslator.translatetexttranslator","com.tangdi.baiguotong"]},{"rank":{"index":2,"lang":"it","country":"it","chineseCountryName":"意大利","pkg":"com.spaceship.screen.textcopy"},"orders":["com.recognize_text.translate.screen","com.spaceship.screen.textcopy","com.tap_to_translate.snap_translate","com.gaminik.i18n","com.niven.translator","com.microsoft.translator","com.niven.game","com.newmg.yurao.pro","com.google.android.apps.translate","at.nk.tools.iTranslate","com.screen.translate.google","com.niven.comic","com.language.translate.free.translator.voice.translation","com.zaz.translate","com.niven.apptranslate","com.deepl.mobiletranslator","com.tangdi.baiguotong","com.google.ar.lens","com.audacityittranslator.translatetexttranslator","com.translate.language.translator.voice.translation"]},{"rank":{"index":2,"lang":"ja","country":"jp","chineseCountryName":"日本","pkg":"com.spaceship.screen.textcopy"},"orders":["com.recognize_text.translate.screen","com.spaceship.screen.textcopy","com.tap_to_translate.snap_translate","com.newmg.yurao.pro","com.niven.translator","com.gaminik.i18n","com.microsoft.translator","com.niven.game","com.google.android.apps.translate","at.nk.tools.iTranslate","com.niven.comic","com.screen.translate.google","com.niven.apptranslate","com.google.ar.lens","com.translate.talkingtranslator","com.naver.labs.translator","com.language.translate.free.translator.voice.translation","com.deepl.mobiletranslator","com.zaz.translate","com.tangdi.baiguotong"]},{"rank":{"index":2,"lang":"ko","country":"kr","chineseCountryName":"韩国","pkg":"com.spaceship.screen.textcopy"},"orders":["com.recognize_text.translate.screen","com.spaceship.screen.textcopy","com.tap_to_translate.snap_translate","com.newmg.yurao.pro","com.niven.translator","com.microsoft.translator","com.google.android.apps.translate","com.gaminik.i18n","com.screen.translate.google","com.naver.labs.translator","translate.speech.text.translation.voicetranslator","com.niven.game","com.niven.comic","at.nk.tools.iTranslate","com.zaz.translate","free.translate.all.language.translator","com.eecorp.linguago","com.language.translate.free.translator.voice.translation","com.royalappcode.translation.voice.language.chat.interpreter","com.deepl.mobiletranslator"]},{"rank":{"index":2,"lang":"zh-hk","country":"hk","chineseCountryName":"香港","pkg":"com.spaceship.screen.textcopy"},"orders":["com.recognize_text.translate.screen","com.spaceship.screen.textcopy","com.microsoft.translator","com.newmg.yurao.pro","com.google.android.apps.translate","com.tap_to_translate.snap_translate","com.gaminik.i18n","com.niven.translator","com.niven.game","at.nk.tools.iTranslate","com.screen.translate.google","com.naver.labs.translator","com.zaz.translate","com.niven.comic","jp.go.nict.voicetra","com.deepl.mobiletranslator","com.language.translate.free.translator.voice.translation","com.translate.talkingtranslator","com.datacomprojects.scanandtranslate","com.immersivetranslate.browser"]},{"rank":{"index":2,"lang":"zh-tw","country":"tw","chineseCountryName":"台湾","pkg":"com.spaceship.screen.textcopy"},"orders":["com.recognize_text.translate.screen","com.spaceship.screen.textcopy","com.microsoft.translator","com.tap_to_translate.snap_translate","com.google.android.apps.translate","com.niven.translator","com.gaminik.i18n","com.newmg.yurao.pro","com.niven.game","at.nk.tools.iTranslate","com.zaz.translate","com.screen.translate.google","com.naver.labs.translator","com.niven.comic","com.deepl.mobiletranslator","com.translate.talkingtranslator","com.language.translate.free.translator.voice.translation","jp.go.nict.voicetra","com.datacomprojects.scanandtranslate","com.tangdi.baiguotong"]},{"rank":{"index":2,"lang":"en","country":"in","chineseCountryName":"印度","pkg":"com.spaceship.screen.textcopy"},"orders":["com.recognize_text.translate.screen","com.spaceship.screen.textcopy","com.tap_to_translate.snap_translate"]},{"rank":{"index":2,"lang":"id","country":"id","chineseCountryName":"印尼","pkg":"com.spaceship.screen.textcopy"},"orders":["com.recognize_text.translate.screen","com.spaceship.screen.textcopy","com.tap_to_translate.snap_translate","com.niven.translator","com.gaminik.i18n","com.niven.game","com.screen.translate.google","com.newmg.yurao.pro","com.niven.comic","com.microsoft.translator","at.nk.tools.iTranslate","com.google.android.apps.translate","com.youdao.hindict","com.deepl.mobiletranslator"]},{"rank":{"index":2,"lang":"es-mx","country":"mx","chineseCountryName":"墨西哥","pkg":"com.spaceship.screen.textcopy"},"orders":["com.recognize_text.translate.screen","com.spaceship.screen.textcopy","com.niven.translator","com.tap_to_translate.snap_translate","com.gaminik.i18n","com.microsoft.translator","com.newmg.yurao.pro","com.niven.game","at.nk.tools.iTranslate","com.google.android.apps.translate","com.niven.comic","com.screen.translate.google","com.niven.apptranslate","com.youdao.hindict","com.zaz.translate","com.language.translate.free.translator.voice.translation","com.deepl.mobiletranslator","com.aldoo.pdftranslatorpro","com.google.ar.lens","com.translate.talkingtranslator"]}]