[{"rank":{"index":2,"lang":"en-us","country":"us","chineseCountryName":"美国","pkg":"com.spaceship.screen.textcopy"},"orders":["com.recognize_text.translate.screen","com.spaceship.screen.textcopy","com.gaminik.i18n","com.newmg.yurao.pro","com.google.android.apps.translate","com.niven.translator","com.tap_to_translate.snap_translate","com.niven.game","com.microsoft.translator","com.android.chrome","com.deepl.mobiletranslator","com.google.android.apps.maps","com.discord","com.google.android.apps.photos","com.google.android.deskclock","com.microsoft.office.outlook","com.truecaller","com.google.android.apps.docs","com.google.android.apps.youtube.creator","com.duolingo"]},{"rank":{"index":2,"lang":"ru","country":"ru","chineseCountryName":"俄罗斯","pkg":"com.spaceship.screen.textcopy"},"orders":["com.recognize_text.translate.screen","com.spaceship.screen.textcopy","com.gaminik.i18n","com.niven.translator","com.niven.game","com.tap_to_translate.snap_translate","com.google.android.apps.translate","com.newmg.yurao.pro","com.microsoft.translator","ru.yandex.translate","com.deepl.mobiletranslator","com.android.chrome","com.discord","com.google.android.apps.photos","com.google.android.deskclock","com.duolingo","com.truecaller","org.videolan.vlc","com.skype.raider","com.google.android.apps.maps"]},{"rank":{"index":2,"lang":"pt-br","country":"br","chineseCountryName":"巴西","pkg":"com.spaceship.screen.textcopy"},"orders":["com.recognize_text.translate.screen","com.spaceship.screen.textcopy","com.tap_to_translate.snap_translate","com.gaminik.i18n","com.niven.translator","com.niven.game","com.galaxy.airviewdictionary","com.google.android.apps.translate","com.android.chrome","com.google.android.deskclock","com.discord","com.google.android.apps.photos","com.google.android.apps.maps","com.google.android.apps.docs","com.google.android.apps.youtube.creator","com.skype.raider","com.microsoft.office.outlook","com.adobe.reader","com.openai.chatgpt","com.duolingo"]},{"rank":{"index":2,"lang":"fr","country":"fr","chineseCountryName":"法国","pkg":"com.spaceship.screen.textcopy"},"orders":["com.recognize_text.translate.screen","com.spaceship.screen.textcopy","com.gaminik.i18n","com.tap_to_translate.snap_translate","com.galaxy.airviewdictionary","com.niven.game","com.niven.translator","com.google.android.apps.translate","com.discord","com.android.chrome","com.microsoft.office.outlook","com.google.android.apps.photos","com.canva.editor","screen.translator.voice.translate","com.truecaller","com.skype.raider","com.google.android.apps.maps","com.duolingo","org.videolan.vlc","com.google.android.apps.dynamite"]},{"rank":{"index":2,"lang":"en-gb","country":"gb","chineseCountryName":"英国","pkg":"com.spaceship.screen.textcopy"},"orders":["com.recognize_text.translate.screen","com.spaceship.screen.textcopy","com.tap_to_translate.snap_translate","com.google.android.apps.translate","com.gaminik.i18n","com.niven.translator","com.niven.game","com.microsoft.translator","com.newmg.yurao.pro","com.deepl.mobiletranslator","com.zaz.translate","at.nk.tools.iTranslate","com.google.ar.lens","com.android.chrome","com.tangdi.baiguotong","com.google.android.apps.maps","com.google.android.apps.photos","com.google.android.deskclock","com.discord","com.duolingo"]},{"rank":{"index":2,"lang":"de","country":"de","chineseCountryName":"德国","pkg":"com.spaceship.screen.textcopy"},"orders":["com.recognize_text.translate.screen","com.spaceship.screen.textcopy","com.gaminik.i18n","com.newmg.yurao.pro","com.niven.translator","com.niven.game","com.google.android.apps.translate","com.tap_to_translate.snap_translate","com.discord","com.android.chrome","com.microsoft.translator","com.google.android.apps.photos","com.truecaller","com.skype.raider","com.google.android.apps.maps","com.microsoft.office.outlook","com.deepl.mobiletranslator","com.duolingo","org.videolan.vlc","com.sec.android.app.sbrowser"]},{"rank":{"index":2,"lang":"it","country":"it","chineseCountryName":"意大利","pkg":"com.spaceship.screen.textcopy"},"orders":["com.recognize_text.translate.screen","com.spaceship.screen.textcopy","com.gaminik.i18n","com.tap_to_translate.snap_translate","com.niven.translator","com.niven.game","screen.translator.voice.translate","com.google.android.apps.translate","com.discord","com.android.chrome","com.google.android.apps.photos","com.microsoft.office.outlook","com.skype.raider","com.adobe.reader","com.google.android.apps.maps","com.truecaller","com.google.android.apps.docs","com.duolingo","com.openai.chatgpt","us.zoom.videomeetings"]},{"rank":{"index":1,"lang":"ja","country":"jp","chineseCountryName":"日本","pkg":"com.spaceship.screen.textcopy"},"orders":["com.spaceship.screen.textcopy","com.recognize_text.translate.screen","com.gaminik.i18n","com.tap_to_translate.snap_translate","com.niven.translator","com.niven.game","com.google.android.apps.translate","com.galaxy.airviewdictionary","com.discord","com.android.chrome","com.google.android.apps.maps","com.google.android.deskclock","com.newmg.yurao.pro","com.deepl.mobiletranslator","com.duolingo","com.google.ar.lens","us.zoom.videomeetings","com.skype.raider","com.naver.labs.translator","com.microsoft.office.outlook"]},{"rank":{"index":2,"lang":"ko","country":"kr","chineseCountryName":"韩国","pkg":"com.spaceship.screen.textcopy"},"orders":["com.recognize_text.translate.screen","com.spaceship.screen.textcopy","com.gaminik.i18n","com.tap_to_translate.snap_translate","com.niven.translator","com.niven.game","com.google.android.apps.translate","com.microsoft.translator","com.newmg.yurao.pro","com.naver.labs.translator","com.deepl.mobiletranslator","com.discord","at.nk.tools.iTranslate","com.android.chrome","com.sec.android.app.sbrowser","us.zoom.videomeetings","com.duolingo","com.canva.editor","com.google.android.apps.youtube.creator","com.google.android.apps.photos"]},{"rank":{"index":2,"lang":"zh-hk","country":"hk","chineseCountryName":"香港","pkg":"com.spaceship.screen.textcopy"},"orders":["com.recognize_text.translate.screen","com.spaceship.screen.textcopy","com.tap_to_translate.snap_translate","com.gaminik.i18n","com.niven.game","com.niven.translator","com.google.android.apps.translate","com.microsoft.translator","com.android.chrome","com.google.android.apps.maps","com.discord","com.duolingo","com.galaxy.airviewdictionary","us.zoom.videomeetings","com.newmg.yurao.pro","com.skype.raider","com.sec.android.app.sbrowser","com.google.android.apps.photos","com.microsoft.office.outlook","com.google.ar.lens"]},{"rank":{"index":2,"lang":"zh-tw","country":"tw","chineseCountryName":"台湾","pkg":"com.spaceship.screen.textcopy"},"orders":["com.recognize_text.translate.screen","com.spaceship.screen.textcopy","com.gaminik.i18n","com.galaxy.airviewdictionary","com.tap_to_translate.snap_translate","com.niven.game","com.niven.translator","com.google.android.apps.translate","com.microsoft.translator","com.newmg.yurao.pro","com.discord","com.android.chrome","com.google.android.apps.maps","com.naver.labs.translator","com.skype.raider","com.duolingo","com.canva.editor","com.tangdi.baiguotong","com.sec.android.app.sbrowser","com.openai.chatgpt"]},{"rank":{"index":2,"lang":"en","country":"in","chineseCountryName":"印度","pkg":"com.spaceship.screen.textcopy"},"orders":["com.recognize_text.translate.screen","com.spaceship.screen.textcopy","com.google.android.apps.translate","com.tap_to_translate.snap_translate","com.google.android.deskclock","com.niven.game","com.google.ar.core","com.gaminik.i18n"]},{"rank":{"index":1,"lang":"id","country":"id","chineseCountryName":"印尼","pkg":"com.spaceship.screen.textcopy"},"orders":["com.spaceship.screen.textcopy","com.recognize_text.translate.screen","com.gaminik.i18n","com.niven.translator","com.niven.game","com.tap_to_translate.snap_translate","com.google.android.apps.translate","com.android.chrome","com.google.android.apps.maps","com.discord","com.google.android.apps.docs","com.google.android.apps.photos"]},{"rank":{"index":2,"lang":"es-mx","country":"mx","chineseCountryName":"墨西哥","pkg":"com.spaceship.screen.textcopy"},"orders":["com.recognize_text.translate.screen","com.spaceship.screen.textcopy","com.gaminik.i18n","com.niven.translator","com.niven.game","com.google.android.apps.translate","com.tap_to_translate.snap_translate","com.discord","com.android.chrome","com.google.android.apps.photos","com.google.android.apps.maps","com.google.android.deskclock","com.google.android.apps.docs","com.microsoft.office.outlook","com.truecaller","com.adobe.reader","com.skype.raider","com.microsoft.office.word","com.intsig.camscanner","com.duolingo"]}]