[{"rank":{"index":1,"lang":"en-us","country":"us","chineseCountryName":"美国","pkg":"com.spaceship.screen.textcopy"},"orders":["com.spaceship.screen.textcopy","com.recognize_text.translate.screen","com.tap_to_translate.snap_translate","com.gaminik.i18n","com.microsoft.translator","com.google.android.apps.translate","com.niven.translator","screen.translator.voice.translate","com.niven.game","com.niven.comic","com.eecorp.linguago","com.newmg.yurao.pro","com.eecorp.taptranslator","com.screen.translate.google","com.zaz.translate","com.naver.labs.translator","at.nk.tools.iTranslate","com.mobisystems.msdict.embedded.wireless.collins.ee","com.translate.talkingtranslator","com.niven.apptranslate"]},{"rank":{"index":2,"lang":"ru","country":"ru","chineseCountryName":"俄罗斯","pkg":"com.spaceship.screen.textcopy"},"orders":["com.recognize_text.translate.screen","com.spaceship.screen.textcopy","com.tap_to_translate.snap_translate","com.gaminik.i18n","com.niven.translator","com.microsoft.translator","com.niven.game","com.google.android.apps.translate","com.screen.translate.google","com.newmg.yurao.pro","com.niven.comic","ru.yandex.translate","com.youdao.hindict","com.niven.apptranslate","at.nk.tools.iTranslate","com.deepl.mobiletranslator","com.ticktalk.translatevoice","com.zaz.translate","com.duolingo","us.zoom.videomeetings"]},{"rank":{"index":2,"lang":"pt-br","country":"br","chineseCountryName":"巴西","pkg":"com.spaceship.screen.textcopy"},"orders":["com.recognize_text.translate.screen","com.spaceship.screen.textcopy","com.tap_to_translate.snap_translate","com.gaminik.i18n","com.niven.game","com.niven.translator","com.newmg.yurao.pro","com.youdao.hindict","com.screen.translate.google","com.google.android.apps.translate","com.niven.comic","com.microsoft.translator","com.android.chrome","us.zoom.videomeetings","com.google.android.apps.docs","com.google.android.apps.maps","com.adobe.reader","com.google.android.apps.photos","com.discord","com.microsoft.office.outlook"]},{"rank":{"index":2,"lang":"fr","country":"fr","chineseCountryName":"法国","pkg":"com.spaceship.screen.textcopy"},"orders":["com.recognize_text.translate.screen","com.spaceship.screen.textcopy","com.tap_to_translate.snap_translate","com.gaminik.i18n","screen.translator.voice.translate","com.screen.translate.google","com.newmg.yurao.pro","com.niven.game","com.microsoft.translator","com.niven.translator","com.google.android.apps.translate","com.youdao.hindict","com.deepl.mobiletranslator","com.niven.comic","com.discord","com.duolingo","us.zoom.videomeetings","com.android.chrome","com.google.android.apps.photos","com.microsoft.office.outlook"]},{"rank":{"index":2,"lang":"en-gb","country":"gb","chineseCountryName":"英国","pkg":"com.spaceship.screen.textcopy"},"orders":["com.recognize_text.translate.screen","com.spaceship.screen.textcopy","com.tap_to_translate.snap_translate","com.microsoft.translator","com.gaminik.i18n","com.google.android.apps.translate","screen.translator.voice.translate","com.niven.translator","com.niven.game","com.newmg.yurao.pro","com.niven.comic","com.youdao.hindict","com.eecorp.linguago","com.screen.translate.google","com.zaz.translate","at.nk.tools.iTranslate","com.eecorp.taptranslator","com.nordicwise.translator","com.mobisystems.msdict.embedded.wireless.collins.ee","com.deepl.mobiletranslator"]},{"rank":{"index":2,"lang":"de","country":"de","chineseCountryName":"德国","pkg":"com.spaceship.screen.textcopy"},"orders":["com.recognize_text.translate.screen","com.spaceship.screen.textcopy","com.tap_to_translate.snap_translate","com.gaminik.i18n","com.niven.translator","com.microsoft.translator","com.niven.game","com.newmg.yurao.pro","com.niven.comic","com.eecorp.linguago","com.google.android.apps.translate","com.screen.translate.google","com.deepl.mobiletranslator"]},{"rank":{"index":2,"lang":"it","country":"it","chineseCountryName":"意大利","pkg":"com.spaceship.screen.textcopy"},"orders":["com.recognize_text.translate.screen","com.spaceship.screen.textcopy","com.gaminik.i18n","screen.translator.voice.translate","com.tap_to_translate.snap_translate","com.niven.translator","com.niven.game","com.niven.comic","com.microsoft.translator","com.eecorp.linguago","com.screen.translate.google","com.newmg.yurao.pro","com.eecorp.taptranslator","com.google.android.apps.translate","com.youdao.hindict","com.deepl.mobiletranslator","com.chat_translate.screen_translate","com.google.android.apps.photos","com.adobe.reader","com.discord"]},{"rank":{"index":2,"lang":"ja","country":"jp","chineseCountryName":"日本","pkg":"com.spaceship.screen.textcopy"},"orders":["com.recognize_text.translate.screen","com.spaceship.screen.textcopy","com.gaminik.i18n","com.niven.game","com.tap_to_translate.snap_translate","com.newmg.yurao.pro","com.deepl.mobiletranslator","com.niven.translator","com.google.android.apps.translate","com.naver.labs.translator","com.niven.apptranslate","com.microsoft.translator","com.translate.talkingtranslator","com.niven.comic","us.zoom.videomeetings","com.android.chrome","com.discord","com.screen.translate.google","com.google.android.apps.maps","com.duolingo"]},{"rank":{"index":2,"lang":"ko","country":"kr","chineseCountryName":"韩国","pkg":"com.spaceship.screen.textcopy"},"orders":["com.recognize_text.translate.screen","com.spaceship.screen.textcopy","com.tap_to_translate.snap_translate","com.gaminik.i18n","com.newmg.yurao.pro","com.microsoft.translator","com.google.android.apps.translate","com.screen.translate.google","com.niven.game","com.naver.labs.translator","com.niven.translator","com.niven.comic","com.youdao.hindict","com.zaz.translate","at.nk.tools.iTranslate","com.deepl.mobiletranslator","com.translate.talkingtranslator","com.eecorp.taptranslator","com.niven.apptranslate","com.flitto.app"]},{"rank":{"index":2,"lang":"zh-hk","country":"hk","chineseCountryName":"香港","pkg":"com.spaceship.screen.textcopy"},"orders":["com.recognize_text.translate.screen","com.spaceship.screen.textcopy","com.tap_to_translate.snap_translate","com.gaminik.i18n","com.microsoft.translator","com.google.android.apps.translate","com.screen.translate.google","com.niven.game","com.newmg.yurao.pro","com.niven.comic","com.niven.translator","at.nk.tools.iTranslate","com.deepl.mobiletranslator","com.naver.labs.translator","com.youdao.hindict","com.zaz.translate","com.niven.apptranslate","com.translate.language.translator.voice.translation","com.eecorp.taptranslator","com.translate.talkingtranslator"]},{"rank":{"index":3,"lang":"zh-tw","country":"tw","chineseCountryName":"台湾","pkg":"com.spaceship.screen.textcopy"},"orders":["com.recognize_text.translate.screen","com.tap_to_translate.snap_translate","com.spaceship.screen.textcopy","com.gaminik.i18n","com.microsoft.translator","com.niven.translator","com.niven.game","com.niven.comic","com.google.android.apps.translate","com.eecorp.linguago","com.screen.translate.google","com.newmg.yurao.pro","com.eecorp.taptranslator","com.youdao.hindict","com.mg.chat","screen.translator.voice.translate","at.nk.tools.iTranslate","com.naver.labs.translator","com.deepl.mobiletranslator","com.zaz.translate"]},{"rank":{"index":2,"lang":"en","country":"in","chineseCountryName":"印度","pkg":"com.spaceship.screen.textcopy"},"orders":["com.recognize_text.translate.screen","com.spaceship.screen.textcopy","com.google.android.apps.translate","com.gaminik.i18n"]},{"rank":{"index":1,"lang":"id","country":"id","chineseCountryName":"印尼","pkg":"com.spaceship.screen.textcopy"},"orders":["com.spaceship.screen.textcopy","com.recognize_text.translate.screen","com.tap_to_translate.snap_translate","com.gaminik.i18n","com.niven.game","com.screen.translate.google","com.newmg.yurao.pro","com.youdao.hindict","com.google.android.apps.translate"]},{"rank":{"index":2,"lang":"es-mx","country":"mx","chineseCountryName":"墨西哥","pkg":"com.spaceship.screen.textcopy"},"orders":["com.recognize_text.translate.screen","com.spaceship.screen.textcopy","com.gaminik.i18n","com.tap_to_translate.snap_translate","com.niven.game","com.niven.translator","com.screen.translate.google","com.newmg.yurao.pro","com.youdao.hindict","com.google.android.apps.translate","com.niven.comic","com.microsoft.translator","us.zoom.videomeetings","com.android.chrome","com.google.android.apps.maps","com.google.android.apps.photos","com.discord","com.google.android.apps.docs","com.adobe.reader","com.duolingo"]}]