[{"rank":{"index":2,"lang":"en-us","country":"us","chineseCountryName":"美国","pkg":"com.spaceship.screen.textcopy"},"orders":["com.recognize_text.translate.screen","com.spaceship.screen.textcopy","com.tap_to_translate.snap_translate","com.google.android.apps.translate","com.newmg.yurao.pro","com.niven.translator","com.microsoft.translator","com.gaminik.i18n","com.naver.labs.translator","com.zaz.translate","com.niven.game","com.immersivetranslate.browser","at.nk.tools.iTranslate"]},{"rank":{"index":0,"lang":"ru","country":"ru","chineseCountryName":"俄罗斯","pkg":"com.spaceship.screen.textcopy"},"orders":["com.recognize_text.translate.screen","com.niven.translator","com.tap_to_translate.snap_translate","com.newmg.yurao.pro","com.google.android.apps.translate","com.gaminik.i18n","com.microsoft.translator","com.niven.game","com.deepl.mobiletranslator","com.zaz.translate","ru.yandex.translate","com.naver.labs.translator","com.immersivetranslate.browser","com.niven.apptranslate","at.nk.tools.iTranslate","com.screen.translate.google","com.voice_camera_free_translate","com.eecorp.linguago","photo.translate.camera.translator","com.datacomprojects.scanandtranslate"]},{"rank":{"index":2,"lang":"pt-br","country":"br","chineseCountryName":"巴西","pkg":"com.spaceship.screen.textcopy"},"orders":["com.recognize_text.translate.screen","com.spaceship.screen.textcopy","com.tap_to_translate.snap_translate","com.niven.translator","com.gaminik.i18n","com.newmg.yurao.pro","com.microsoft.translator","com.google.android.apps.translate","com.immersivetranslate.browser","com.niven.game","at.nk.tools.iTranslate","com.zaz.translate","com.niven.apptranslate","com.deepl.mobiletranslator","com.voice_camera_free_translate","com.naver.labs.translator","com.screen.translate.google","com.eecorp.linguago","photo.translate.camera.translator","live.screentranslate.realtime"]},{"rank":{"index":2,"lang":"fr","country":"fr","chineseCountryName":"法国","pkg":"com.spaceship.screen.textcopy"},"orders":["com.recognize_text.translate.screen","com.spaceship.screen.textcopy","com.tap_to_translate.snap_translate","com.niven.translator","com.newmg.yurao.pro","com.gaminik.i18n","com.immersivetranslate.browser","com.zaz.translate","com.microsoft.translator","com.google.android.apps.translate","com.niven.game","com.niven.apptranslate","com.naver.labs.translator","com.screen.translate.google","com.eecorp.linguago","live.screentranslate.realtime","com.deepl.mobiletranslator","at.nk.tools.iTranslate","com.eecorp.taptranslator","com.mg.chat"]},{"rank":{"index":2,"lang":"en-gb","country":"gb","chineseCountryName":"英国","pkg":"com.spaceship.screen.textcopy"},"orders":["com.recognize_text.translate.screen","com.spaceship.screen.textcopy","com.tap_to_translate.snap_translate","com.google.android.apps.translate","com.newmg.yurao.pro","com.microsoft.translator","com.niven.translator","com.zaz.translate","com.gaminik.i18n","at.nk.tools.iTranslate","com.immersivetranslate.browser","com.deepl.mobiletranslator","com.niven.game","com.naver.labs.translator"]},{"rank":{"index":2,"lang":"de","country":"de","chineseCountryName":"德国","pkg":"com.spaceship.screen.textcopy"},"orders":["com.recognize_text.translate.screen","com.spaceship.screen.textcopy","com.tap_to_translate.snap_translate","com.newmg.yurao.pro","com.niven.translator","com.gaminik.i18n","com.google.android.apps.translate","com.immersivetranslate.browser","com.niven.game","com.microsoft.translator","com.zaz.translate","com.niven.apptranslate"]},{"rank":{"index":2,"lang":"it","country":"it","chineseCountryName":"意大利","pkg":"com.spaceship.screen.textcopy"},"orders":["com.recognize_text.translate.screen","com.spaceship.screen.textcopy","com.tap_to_translate.snap_translate","com.newmg.yurao.pro","com.gaminik.i18n","com.niven.translator","com.niven.game","com.immersivetranslate.browser","com.zaz.translate","com.voice_camera_free_translate","com.niven.apptranslate","com.google.android.apps.translate","com.microsoft.translator","com.screen.translate.google","com.eecorp.linguago","at.nk.tools.iTranslate","com.deepl.mobiletranslator","live.screentranslate.realtime","com.naver.labs.translator","com.tangdi.baiguotong"]},{"rank":{"index":2,"lang":"ja","country":"jp","chineseCountryName":"日本","pkg":"com.spaceship.screen.textcopy"},"orders":["com.recognize_text.translate.screen","com.spaceship.screen.textcopy","com.tap_to_translate.snap_translate","com.newmg.yurao.pro","com.niven.translator","com.gaminik.i18n","com.deepl.mobiletranslator","com.naver.labs.translator","com.microsoft.translator","com.google.android.apps.translate","com.immersivetranslate.browser","com.niven.game","at.nk.tools.iTranslate","com.niven.apptranslate"]},{"rank":{"index":2,"lang":"ko","country":"kr","chineseCountryName":"韩国","pkg":"com.spaceship.screen.textcopy"},"orders":["com.recognize_text.translate.screen","com.spaceship.screen.textcopy","com.tap_to_translate.snap_translate","com.newmg.yurao.pro","com.niven.translator","com.gaminik.i18n","com.naver.labs.translator","com.immersivetranslate.browser","com.niven.apptranslate","com.niven.game","com.screen.translate.google","com.eecorp.linguago","com.zaz.translate","com.microsoft.translator","com.google.android.apps.translate","live.screentranslate.realtime","com.deepl.mobiletranslator","at.nk.tools.iTranslate","com.eecorp.taptranslator","com.openai.chatgpt"]},{"rank":{"index":2,"lang":"zh-hk","country":"hk","chineseCountryName":"香港","pkg":"com.spaceship.screen.textcopy"},"orders":["com.recognize_text.translate.screen","com.spaceship.screen.textcopy","com.newmg.yurao.pro","com.niven.translator","com.gaminik.i18n","com.google.android.apps.translate","com.tap_to_translate.snap_translate","com.microsoft.translator","com.immersivetranslate.browser","com.naver.labs.translator","com.niven.game","at.nk.tools.iTranslate","com.zaz.translate","com.deepl.mobiletranslator","com.niven.apptranslate","com.screen.translate.google","com.eecorp.linguago","live.screentranslate.realtime","com.tangdi.baiguotong","translate.voice.translator.camera.translation.free.all.language.app"]},{"rank":{"index":2,"lang":"zh-tw","country":"tw","chineseCountryName":"台湾","pkg":"com.spaceship.screen.textcopy"},"orders":["com.recognize_text.translate.screen","com.spaceship.screen.textcopy","com.newmg.yurao.pro","com.tap_to_translate.snap_translate","com.niven.translator","com.gaminik.i18n","com.microsoft.translator","com.immersivetranslate.browser","com.naver.labs.translator","com.niven.game","com.google.android.apps.translate","com.voice_camera_free_translate","com.niven.apptranslate","at.nk.tools.iTranslate","com.screen.translate.google","com.zaz.translate","com.eecorp.linguago","com.deepl.mobiletranslator","live.screentranslate.realtime","com.tangdi.baiguotong"]},{"rank":{"index":2,"lang":"en","country":"in","chineseCountryName":"印度","pkg":"com.spaceship.screen.textcopy"},"orders":["com.recognize_text.translate.screen","com.spaceship.screen.textcopy","com.newmg.yurao.pro","com.google.android.apps.translate","com.zaz.translate"]},{"rank":{"index":2,"lang":"id","country":"id","chineseCountryName":"印尼","pkg":"com.spaceship.screen.textcopy"},"orders":["com.recognize_text.translate.screen","com.spaceship.screen.textcopy","com.tap_to_translate.snap_translate","com.niven.translator","com.newmg.yurao.pro","com.gaminik.i18n","com.google.android.apps.translate","com.naver.labs.translator","com.niven.game","at.nk.tools.iTranslate","com.microsoft.translator","com.immersivetranslate.browser","com.zaz.translate","com.deepl.mobiletranslator"]},{"rank":{"index":1,"lang":"es-mx","country":"mx","chineseCountryName":"墨西哥","pkg":"com.spaceship.screen.textcopy"},"orders":["com.spaceship.screen.textcopy","com.recognize_text.translate.screen","com.tap_to_translate.snap_translate","com.niven.translator","com.newmg.yurao.pro","com.gaminik.i18n","com.google.android.apps.translate","com.niven.game","com.voice_camera_free_translate","com.niven.apptranslate","com.immersivetranslate.browser","com.microsoft.translator","com.screen.translate.google","com.eecorp.linguago","com.zaz.translate","at.nk.tools.iTranslate","com.deepl.mobiletranslator","live.screentranslate.realtime","com.naver.labs.translator","com.eecorp.taptranslator"]}]