[{"rank":{"index":9,"lang":"en-us","country":"us","chineseCountryName":"美国","pkg":"com.spaceship.screen.textcopy"},"orders":["com.recognize_text.translate.screen","com.tap_to_translate.snap_translate","com.gaminik.i18n","com.mg.yurao.google","com.google.android.apps.translate","com.microsoft.translator","com.niven.translator","com.newmg.yurao.pro","com.spaceship.screen.textcopy","com.niven.apptranslate","screen.translator.voice.translate","com.niven.comic","com.zaz.translate","com.naver.labs.translator","com.eecorp.linguago","com.galaxy.airviewdictionary","com.niven.game","com.datacomprojects.scanandtranslate","at.nk.tools.iTranslate","ru.yandex.translate"]},{"rank":{"index":5,"lang":"ru","country":"ru","chineseCountryName":"俄罗斯","pkg":"com.spaceship.screen.textcopy"},"orders":["com.recognize_text.translate.screen","com.tap_to_translate.snap_translate","com.niven.translator","com.gaminik.i18n","com.spaceship.screen.textcopy","screen.translator.voice.translate","com.eecorp.linguago","com.niven.apptranslate","com.microsoft.translator","com.google.android.apps.translate","ru.yandex.translate","com.niven.comic","com.niven.game","com.naver.labs.translator","com.chat_translate.screen_translate","com.zaz.translate","com.deepl.mobiletranslator","com.datacomprojects.scanandtranslate","at.nk.tools.iTranslate","com.translator.translation.screen.translate.voice.languages.text.translating"]},{"rank":{"index":6,"lang":"pt-br","country":"br","chineseCountryName":"巴西","pkg":"com.spaceship.screen.textcopy"},"orders":["com.recognize_text.translate.screen","com.mg.yurao.google","com.tap_to_translate.snap_translate","com.gaminik.i18n","com.niven.translator","com.spaceship.screen.textcopy","com.newmg.yurao.pro","com.niven.apptranslate","screen.translator.voice.translate","com.eecorp.linguago","com.niven.game","com.niven.comic","com.microsoft.translator","com.galaxy.airviewdictionary","com.translator.translation.screen.translate.voice.languages.text.translating","com.google.android.apps.translate","com.appspell.screentranslator","com.tranit.text.translate","com.chat_translate.screen_translate","com.youdao.hindict"]},{"rank":{"index":7,"lang":"fr","country":"fr","chineseCountryName":"法国","pkg":"com.spaceship.screen.textcopy"},"orders":["com.recognize_text.translate.screen","com.tap_to_translate.snap_translate","com.gaminik.i18n","com.mg.yurao.google","com.niven.translator","com.niven.apptranslate","com.spaceship.screen.textcopy","com.newmg.yurao.pro","screen.translator.voice.translate","com.niven.comic","com.eecorp.linguago","com.google.android.apps.translate","com.microsoft.translator"]},{"rank":{"index":10,"lang":"en-gb","country":"gb","chineseCountryName":"英国","pkg":"com.spaceship.screen.textcopy"},"orders":["com.recognize_text.translate.screen","com.tap_to_translate.snap_translate","com.google.android.apps.translate","com.mg.yurao.google","com.gaminik.i18n","com.microsoft.translator","com.niven.translator","com.newmg.yurao.pro","screen.translator.voice.translate","com.spaceship.screen.textcopy","com.niven.apptranslate","com.zaz.translate","com.niven.comic","com.naver.labs.translator","com.eecorp.linguago","com.galaxy.airviewdictionary","com.datacomprojects.scanandtranslate","com.niven.game","com.tranit.text.translate","at.nk.tools.iTranslate"]},{"rank":{"index":6,"lang":"de","country":"de","chineseCountryName":"德国","pkg":"com.spaceship.screen.textcopy"},"orders":["com.recognize_text.translate.screen","com.tap_to_translate.snap_translate","com.mg.yurao.google","com.niven.translator","com.gaminik.i18n","com.spaceship.screen.textcopy","com.niven.apptranslate","com.newmg.yurao.pro","com.microsoft.translator","com.google.android.apps.translate","screen.translator.voice.translate","com.niven.comic","com.eecorp.linguago","com.zaz.translate","com.tranit.text.translate","com.niven.game","com.voice_camera_free_translate","com.deepl.mobiletranslator","com.datacomprojects.scanandtranslate","at.nk.tools.iTranslate"]},{"rank":{"index":6,"lang":"it","country":"it","chineseCountryName":"意大利","pkg":"com.spaceship.screen.textcopy"},"orders":["com.recognize_text.translate.screen","com.tap_to_translate.snap_translate","com.niven.translator","com.mg.yurao.google","com.gaminik.i18n","com.spaceship.screen.textcopy","com.niven.apptranslate","com.newmg.yurao.pro","com.google.android.apps.translate","com.microsoft.translator","screen.translator.voice.translate","com.eecorp.linguago","com.niven.comic","com.zaz.translate","at.nk.tools.iTranslate","com.niven.game","com.galaxy.airviewdictionary","com.datacomprojects.scanandtranslate","com.naver.labs.translator","com.deepl.mobiletranslator"]},{"rank":{"index":9,"lang":"ja","country":"jp","chineseCountryName":"日本","pkg":"com.spaceship.screen.textcopy"},"orders":["com.recognize_text.translate.screen","com.tap_to_translate.snap_translate","com.mg.yurao.google","com.gaminik.i18n","com.niven.translator","com.microsoft.translator","com.niven.apptranslate","com.newmg.yurao.pro","com.spaceship.screen.textcopy","com.eecorp.linguago","screen.translator.voice.translate","com.google.android.apps.translate","com.naver.labs.translator","com.datacomprojects.scanandtranslate","com.tranit.text.translate","com.youdao.hindict","com.abbyy.mobile.textgrabber.full","com.galaxy.airviewdictionary","at.nk.tools.iTranslate","com.niven.game"]},{"rank":{"index":6,"lang":"ko","country":"kr","chineseCountryName":"韩国","pkg":"com.spaceship.screen.textcopy"},"orders":["com.recognize_text.translate.screen","com.tap_to_translate.snap_translate","com.gaminik.i18n","com.mg.yurao.google","com.niven.translator","com.spaceship.screen.textcopy","com.niven.apptranslate","com.newmg.yurao.pro","com.microsoft.translator","com.naver.labs.translator","screen.translator.voice.translate","com.eecorp.linguago","com.google.android.apps.translate","com.niven.comic","com.zaz.translate","com.voice_camera_free_translate","com.datacomprojects.scanandtranslate","com.youdao.hindict","com.tranit.text.translate","at.nk.tools.iTranslate"]},{"rank":{"index":8,"lang":"zh-hk","country":"hk","chineseCountryName":"香港","pkg":"com.spaceship.screen.textcopy"},"orders":["com.recognize_text.translate.screen","com.tap_to_translate.snap_translate","com.mg.yurao.google","com.niven.translator","com.newmg.yurao.pro","com.gaminik.i18n","com.niven.apptranslate","com.spaceship.screen.textcopy","com.google.android.apps.translate","com.microsoft.translator","screen.translator.voice.translate","com.naver.labs.translator","com.niven.comic","com.eecorp.linguago","com.niven.game","com.voice_camera_free_translate","com.zaz.translate","com.datacomprojects.scanandtranslate","com.tranit.text.translate","at.nk.tools.iTranslate"]},{"rank":{"index":10,"lang":"zh-tw","country":"tw","chineseCountryName":"台湾","pkg":"com.spaceship.screen.textcopy"},"orders":["com.recognize_text.translate.screen","com.mg.yurao.google","com.tap_to_translate.snap_translate","com.niven.translator","com.gaminik.i18n","com.newmg.yurao.pro","com.niven.apptranslate","com.google.android.apps.translate","com.microsoft.translator","com.spaceship.screen.textcopy","com.naver.labs.translator","com.niven.comic","com.eecorp.linguago","screen.translator.voice.translate","com.niven.game","com.voice_camera_free_translate","com.zaz.translate","com.datacomprojects.scanandtranslate","at.nk.tools.iTranslate","com.deepl.mobiletranslator"]},{"rank":{"index":9,"lang":"en","country":"in","chineseCountryName":"印度","pkg":"com.spaceship.screen.textcopy"},"orders":["com.recognize_text.translate.screen","com.tap_to_translate.snap_translate","com.google.android.apps.translate","com.mg.yurao.google","com.gaminik.i18n","screen.translator.voice.translate","com.newmg.yurao.pro","com.niven.translator","com.spaceship.screen.textcopy","com.microsoft.translator","com.niven.apptranslate","com.zaz.translate","com.niven.comic"]},{"rank":{"index":7,"lang":"id","country":"id","chineseCountryName":"印尼","pkg":"com.spaceship.screen.textcopy"},"orders":["com.recognize_text.translate.screen","com.tap_to_translate.snap_translate","com.mg.yurao.google","com.gaminik.i18n","com.newmg.yurao.pro","com.niven.translator","com.spaceship.screen.textcopy","com.google.android.apps.translate","com.microsoft.translator","com.naver.labs.translator","com.niven.apptranslate","com.eecorp.linguago","com.niven.comic","screen.translator.voice.translate","at.nk.tools.iTranslate","com.youdao.hindict","com.abbyy.mobile.textgrabber.full","ru.yandex.translate","com.zaz.translate","com.tranit.text.translate"]},{"rank":{"index":6,"lang":"es-mx","country":"mx","chineseCountryName":"墨西哥","pkg":"com.spaceship.screen.textcopy"},"orders":["com.recognize_text.translate.screen","com.tap_to_translate.snap_translate","com.niven.translator","com.mg.yurao.google","com.gaminik.i18n","com.spaceship.screen.textcopy","com.newmg.yurao.pro","com.niven.apptranslate","com.microsoft.translator","com.niven.comic","screen.translator.voice.translate","com.google.android.apps.translate","com.youdao.hindict","com.niven.game","com.eecorp.linguago","com.tranit.text.translate","at.nk.tools.iTranslate"]}]