[{"rank":{"index":2,"lang":"en-us","country":"us","chineseCountryName":"美国","pkg":"com.spaceship.screen.textcopy"},"orders":["com.recognize_text.translate.screen","com.spaceship.screen.textcopy","com.google.android.apps.translate","com.tap_to_translate.snap_translate","com.niven.translator","com.microsoft.translator","com.gaminik.i18n","com.niven.comic","com.niven.game","at.nk.tools.iTranslate","com.deepl.mobiletranslator","ru.yandex.translate","com.facebook.orca","com.softissimo.reverso.context","com.niven.apptranslate","com.screen.translate.google","com.naver.labs.translator","screen.translator.voice.translate","com.newmg.yurao.pro","com.translate.talkingtranslator"]},{"rank":{"index":2,"lang":"ru","country":"ru","chineseCountryName":"俄罗斯","pkg":"com.spaceship.screen.textcopy"},"orders":["com.recognize_text.translate.screen","com.spaceship.screen.textcopy","com.tap_to_translate.snap_translate","com.gaminik.i18n","com.niven.translator","com.niven.game","ru.yandex.translate","com.google.android.apps.translate","com.newmg.yurao.pro","com.niven.comic","com.microsoft.translator","com.niven.apptranslate","com.deepl.mobiletranslator","com.youdao.hindict","com.softissimo.reverso.context","com.screen.translate.google","com.google.ar.lens","at.nk.tools.iTranslate","com.siv","com.skype.raider"]},{"rank":{"index":2,"lang":"fr","country":"fr","chineseCountryName":"法国","pkg":"com.spaceship.screen.textcopy"},"orders":["com.recognize_text.translate.screen","com.spaceship.screen.textcopy","com.tap_to_translate.snap_translate","com.gaminik.i18n","com.niven.comic","com.niven.game","com.niven.translator","com.google.android.apps.translate","com.microsoft.translator","com.deepl.mobiletranslator","com.niven.apptranslate","ru.yandex.translate","us.zoom.videomeetings","com.facebook.orca","com.softissimo.reverso.context","com.android.chrome","com.discord","com.canva.editor","com.newmg.yurao.pro","com.zaz.translate"]},{"rank":{"index":2,"lang":"en-gb","country":"gb","chineseCountryName":"英国","pkg":"com.spaceship.screen.textcopy"},"orders":["com.recognize_text.translate.screen","com.spaceship.screen.textcopy","com.google.android.apps.translate","com.gaminik.i18n","com.microsoft.translator","com.niven.translator","com.niven.game","com.tap_to_translate.snap_translate","at.nk.tools.iTranslate","com.niven.comic","com.newmg.yurao.pro","com.niven.apptranslate","com.deepl.mobiletranslator","com.softissimo.reverso.context","com.youdao.hindict","ru.yandex.translate","com.datacomprojects.scanandtranslate","com.screen.translate.google","com.ticktalk.translatevoice","screen.translator.voice.translate"]},{"rank":{"index":2,"lang":"de","country":"de","chineseCountryName":"德国","pkg":"com.spaceship.screen.textcopy"},"orders":["com.recognize_text.translate.screen","com.spaceship.screen.textcopy","com.tap_to_translate.snap_translate","com.gaminik.i18n","com.niven.translator","com.niven.game","com.google.android.apps.translate","com.screen.translate.google","com.microsoft.translator","com.niven.comic","com.niven.apptranslate","com.deepl.mobiletranslator","us.zoom.videomeetings","at.nk.tools.iTranslate","com.facebook.orca","com.discord","com.android.chrome","com.skype.raider","com.twitter.android","com.newmg.yurao.pro"]},{"rank":{"index":2,"lang":"it","country":"it","chineseCountryName":"意大利","pkg":"com.spaceship.screen.textcopy"},"orders":["com.recognize_text.translate.screen","com.spaceship.screen.textcopy","com.niven.game","com.tap_to_translate.snap_translate","com.gaminik.i18n","com.niven.translator","com.google.android.apps.translate","com.niven.comic","com.microsoft.translator","com.newmg.yurao.pro","com.niven.apptranslate","com.softissimo.reverso.context","com.deepl.mobiletranslator","us.zoom.videomeetings","com.screen.translate.google","com.facebook.orca","com.discord","com.canva.editor","com.twitter.android","com.android.chrome"]},{"rank":{"index":2,"lang":"ja","country":"jp","chineseCountryName":"日本","pkg":"com.spaceship.screen.textcopy"},"orders":["com.recognize_text.translate.screen","com.spaceship.screen.textcopy","com.niven.game","com.niven.apptranslate","com.gaminik.i18n","com.niven.translator","com.tap_to_translate.snap_translate","com.google.android.apps.translate","com.niven.comic","us.zoom.videomeetings","com.facebook.orca","com.android.chrome","com.discord","com.google.android.apps.maps","com.deepl.mobiletranslator","com.twitter.android","com.duolingo","com.amazon.kindle","com.naver.labs.translator","com.google.android.apps.docs"]},{"rank":{"index":2,"lang":"ko","country":"kr","chineseCountryName":"韩国","pkg":"com.spaceship.screen.textcopy"},"orders":["com.recognize_text.translate.screen","com.spaceship.screen.textcopy","com.tap_to_translate.snap_translate","com.gaminik.i18n","com.niven.game","com.niven.comic","com.niven.apptranslate","com.google.android.apps.translate","com.niven.translator","us.zoom.videomeetings","com.naver.labs.translator","com.facebook.orca","com.twitter.android","com.discord","com.android.chrome","com.canva.editor","com.google.android.apps.photos","com.google.android.apps.docs","com.sec.android.app.sbrowser","com.duolingo"]},{"rank":{"index":2,"lang":"zh-hk","country":"hk","chineseCountryName":"香港","pkg":"com.spaceship.screen.textcopy"},"orders":["com.recognize_text.translate.screen","com.spaceship.screen.textcopy","com.tap_to_translate.snap_translate","com.gaminik.i18n","com.niven.translator","com.google.android.apps.translate","com.niven.game","com.niven.comic","com.newmg.yurao.pro","com.niven.apptranslate","com.microsoft.translator","com.deepl.mobiletranslator","at.nk.tools.iTranslate","com.zaz.translate","com.android.chrome","com.screen.translate.google","com.google.android.apps.maps","us.zoom.videomeetings","com.facebook.orca","com.softissimo.reverso.context"]},{"rank":{"index":2,"lang":"zh-tw","country":"tw","chineseCountryName":"台湾","pkg":"com.spaceship.screen.textcopy"},"orders":["com.recognize_text.translate.screen","com.spaceship.screen.textcopy","com.tap_to_translate.snap_translate","com.niven.game","com.gaminik.i18n","com.niven.translator","com.google.android.apps.translate","com.niven.comic","com.niven.apptranslate","com.microsoft.translator","com.newmg.yurao.pro","com.screen.translate.google","com.facebook.orca","at.nk.tools.iTranslate","com.twitter.android","us.zoom.videomeetings","com.android.chrome","com.discord","com.google.android.apps.maps","com.youdao.hindict"]},{"rank":{"index":4,"lang":"en","country":"in","chineseCountryName":"印度","pkg":"com.spaceship.screen.textcopy"},"orders":["com.recognize_text.translate.screen","com.google.android.apps.translate","com.tap_to_translate.snap_translate","com.spaceship.screen.textcopy","com.microsoft.translator","com.gaminik.i18n","com.niven.translator","at.nk.tools.iTranslate","com.niven.game","com.zaz.translate","com.softissimo.reverso.context","com.deepl.mobiletranslator","ru.yandex.translate","com.naver.labs.translator","com.ticktalk.translatevoice","com.google.ar.lens","com.google.android.marvin.talkback","com.flitto.app","com.translate.talkingtranslator","com.sayhi.android.sayhitranslate"]},{"rank":{"index":2,"lang":"id","country":"id","chineseCountryName":"印尼","pkg":"com.spaceship.screen.textcopy"},"orders":["com.recognize_text.translate.screen","com.spaceship.screen.textcopy","com.tap_to_translate.snap_translate","com.niven.game","com.gaminik.i18n","com.niven.translator","com.google.android.apps.translate","com.niven.comic","com.niven.apptranslate","com.youdao.hindict","com.newmg.yurao.pro"]},{"rank":{"index":3,"lang":"es-mx","country":"mx","chineseCountryName":"墨西哥","pkg":"com.spaceship.screen.textcopy"},"orders":["com.recognize_text.translate.screen","com.tap_to_translate.snap_translate","com.spaceship.screen.textcopy","com.niven.game","com.niven.translator","com.google.android.apps.translate","com.microsoft.translator","com.youdao.hindict","at.nk.tools.iTranslate","com.deepl.mobiletranslator","ru.yandex.translate","com.niven.comic","com.softissimo.reverso.context","com.naver.labs.translator","com.niven.apptranslate","com.translate.talkingtranslator","com.ticktalk.translatevoice","com.newmg.yurao.pro","com.google.ar.lens","com.gaminik.i18n"]}]