[{"rank":{"index":3,"lang":"en-us","country":"us","chineseCountryName":"美国","pkg":"com.spaceship.screen.textcopy"},"orders":["com.recognize_text.translate.screen","com.niven.translator","com.spaceship.screen.textcopy","com.google.android.apps.translate","com.tap_to_translate.snap_translate","com.newmg.yurao.pro","com.gaminik.i18n","com.microsoft.translator","com.zaz.translate","com.deepl.mobiletranslator","com.immersivetranslate.browser","com.screen.translate.google","at.nk.tools.iTranslate","com.niven.game","com.niven.apptranslate","com.fapp.translate.language.translator.fasttranslation","live.screentranslate.realtime","com.naver.labs.translator","com.datacomprojects.scanandtranslate","link.zhidou.btranslator"]},{"rank":{"index":0,"lang":"ru","country":"ru","chineseCountryName":"俄罗斯","pkg":"com.spaceship.screen.textcopy"},"orders":["com.recognize_text.translate.screen","com.niven.translator","com.tap_to_translate.snap_translate","com.newmg.yurao.pro","com.gaminik.i18n","com.google.android.apps.translate","com.deepl.mobiletranslator","com.immersivetranslate.browser","com.zaz.translate","com.niven.game","com.microsoft.translator","com.screen.translate.google","ru.yandex.translate","com.niven.apptranslate","com.voice_camera_free_translate","at.nk.tools.iTranslate","live.screentranslate.realtime","photo.translate.camera.translator","com.wooask.zx","com.google.ar.lens"]},{"rank":{"index":2,"lang":"pt-br","country":"br","chineseCountryName":"巴西","pkg":"com.spaceship.screen.textcopy"},"orders":["com.recognize_text.translate.screen","com.spaceship.screen.textcopy","com.niven.translator","com.tap_to_translate.snap_translate","com.gaminik.i18n","com.newmg.yurao.pro","com.google.android.apps.translate","com.immersivetranslate.browser","com.deepl.mobiletranslator","com.niven.game","com.microsoft.translator","com.screen.translate.google","com.zaz.translate","com.voice_camera_free_translate","com.niven.apptranslate","at.nk.tools.iTranslate","live.screentranslate.realtime","photo.translate.camera.translator","co.langlang.translator_for_wsp","link.zhidou.btranslator"]},{"rank":{"index":2,"lang":"fr","country":"fr","chineseCountryName":"法国","pkg":"com.spaceship.screen.textcopy"},"orders":["com.recognize_text.translate.screen","com.spaceship.screen.textcopy","com.tap_to_translate.snap_translate","com.niven.translator","com.newmg.yurao.pro","com.gaminik.i18n","com.deepl.mobiletranslator","com.google.android.apps.translate","com.immersivetranslate.browser","com.screen.translate.google","com.zaz.translate","com.microsoft.translator","com.niven.apptranslate","com.niven.game","live.screentranslate.realtime","com.fapp.translate.language.translator.fasttranslation","com.datacomprojects.scanandtranslate","at.nk.tools.iTranslate","com.naver.labs.translator","photo.translate.camera.translator"]},{"rank":{"index":2,"lang":"en-gb","country":"gb","chineseCountryName":"英国","pkg":"com.spaceship.screen.textcopy"},"orders":["com.recognize_text.translate.screen","com.spaceship.screen.textcopy","com.niven.translator","com.tap_to_translate.snap_translate","com.google.android.apps.translate","com.newmg.yurao.pro","com.microsoft.translator","com.gaminik.i18n","com.zaz.translate","com.immersivetranslate.browser","com.deepl.mobiletranslator","at.nk.tools.iTranslate","com.niven.game","com.fapp.translate.language.translator.fasttranslation","com.screen.translate.google","com.voice_camera_free_translate","com.niven.apptranslate","com.google.ar.lens","live.screentranslate.realtime","link.zhidou.btranslator"]},{"rank":{"index":2,"lang":"de","country":"de","chineseCountryName":"德国","pkg":"com.spaceship.screen.textcopy"},"orders":["com.recognize_text.translate.screen","com.spaceship.screen.textcopy","com.niven.translator","com.tap_to_translate.snap_translate","com.newmg.yurao.pro","com.gaminik.i18n","com.immersivetranslate.browser","com.deepl.mobiletranslator","com.screen.translate.google","com.zaz.translate","com.google.android.apps.translate"]},{"rank":{"index":2,"lang":"it","country":"it","chineseCountryName":"意大利","pkg":"com.spaceship.screen.textcopy"},"orders":["com.recognize_text.translate.screen","com.spaceship.screen.textcopy","com.newmg.yurao.pro","com.tap_to_translate.snap_translate","com.gaminik.i18n","com.niven.translator","com.zaz.translate","com.immersivetranslate.browser","com.google.android.apps.translate","com.screen.translate.google","com.deepl.mobiletranslator","com.microsoft.translator","com.niven.game"]},{"rank":{"index":2,"lang":"ja","country":"jp","chineseCountryName":"日本","pkg":"com.spaceship.screen.textcopy"},"orders":["com.recognize_text.translate.screen","com.spaceship.screen.textcopy","com.tap_to_translate.snap_translate","com.gaminik.i18n","com.newmg.yurao.pro","com.niven.translator","com.screen.translate.google","com.immersivetranslate.browser","com.deepl.mobiletranslator","com.microsoft.translator","com.niven.game"]},{"rank":{"index":2,"lang":"ko","country":"kr","chineseCountryName":"韩国","pkg":"com.spaceship.screen.textcopy"},"orders":["com.recognize_text.translate.screen","com.spaceship.screen.textcopy","com.tap_to_translate.snap_translate","com.niven.translator","com.newmg.yurao.pro","com.gaminik.i18n","com.immersivetranslate.browser","com.naver.labs.translator","com.microsoft.translator","com.screen.translate.google","com.zaz.translate","com.niven.game","com.deepl.mobiletranslator","com.niven.apptranslate","com.google.android.apps.translate","live.screentranslate.realtime","at.nk.tools.iTranslate","com.fapp.translate.language.translator.fasttranslation","link.zhidou.btranslator","com.eecorp.taptranslator"]},{"rank":{"index":2,"lang":"zh-hk","country":"hk","chineseCountryName":"香港","pkg":"com.spaceship.screen.textcopy"},"orders":["com.recognize_text.translate.screen","com.spaceship.screen.textcopy","com.tap_to_translate.snap_translate","com.newmg.yurao.pro","com.niven.translator","com.google.android.apps.translate","com.gaminik.i18n","com.immersivetranslate.browser","com.microsoft.translator","com.zaz.translate","com.screen.translate.google","com.niven.game","com.deepl.mobiletranslator","at.nk.tools.iTranslate","com.voice_camera_free_translate","com.niven.apptranslate","live.screentranslate.realtime","link.zhidou.btranslator","com.inw.trulinco","com.ggxfj.mp"]},{"rank":{"index":2,"lang":"zh-tw","country":"tw","chineseCountryName":"台湾","pkg":"com.spaceship.screen.textcopy"},"orders":["com.recognize_text.translate.screen","com.spaceship.screen.textcopy","com.tap_to_translate.snap_translate","com.newmg.yurao.pro","com.niven.translator","com.gaminik.i18n","com.immersivetranslate.browser","com.google.android.apps.translate","com.microsoft.translator","com.screen.translate.google","com.niven.game","com.voice_camera_free_translate","com.zaz.translate","com.niven.apptranslate","at.nk.tools.iTranslate","com.deepl.mobiletranslator","live.screentranslate.realtime","link.zhidou.btranslator","com.fapp.translate.language.translator.fasttranslation","com.inw.trulinco"]},{"rank":{"index":2,"lang":"en","country":"in","chineseCountryName":"印度","pkg":"com.spaceship.screen.textcopy"},"orders":["com.recognize_text.translate.screen","com.spaceship.screen.textcopy","com.newmg.yurao.pro"]},{"rank":{"index":2,"lang":"id","country":"id","chineseCountryName":"印尼","pkg":"com.spaceship.screen.textcopy"},"orders":["com.recognize_text.translate.screen","com.spaceship.screen.textcopy","com.niven.translator","com.tap_to_translate.snap_translate","com.gaminik.i18n","com.newmg.yurao.pro","com.google.android.apps.translate","com.deepl.mobiletranslator","com.niven.game","com.zaz.translate","com.screen.translate.google","com.immersivetranslate.browser","com.microsoft.translator","com.niven.apptranslate","live.screentranslate.realtime","at.nk.tools.iTranslate","com.naver.labs.translator","com.fapp.translate.language.translator.fasttranslation","photo.translate.camera.translator","com.datacomprojects.scanandtranslate"]},{"rank":{"index":1,"lang":"es-mx","country":"mx","chineseCountryName":"墨西哥","pkg":"com.spaceship.screen.textcopy"},"orders":["com.spaceship.screen.textcopy","com.recognize_text.translate.screen","com.niven.translator","com.tap_to_translate.snap_translate","com.newmg.yurao.pro","com.gaminik.i18n","com.immersivetranslate.browser","com.google.android.apps.translate","com.microsoft.translator","com.zaz.translate","com.deepl.mobiletranslator","com.niven.game","com.screen.translate.google","at.nk.tools.iTranslate","com.niven.apptranslate","live.screentranslate.realtime","com.fapp.translate.language.translator.fasttranslation","com.youdao.hindict","link.zhidou.btranslator","camtranslator.voice.text.image.translate"]}]