[{"rank":{"index":9,"lang":"en-us","country":"us","chineseCountryName":"美国","pkg":"com.spaceship.screen.textcopy"},"orders":["com.recognize_text.translate.screen","com.gaminik.i18n","com.tap_to_translate.snap_translate","com.google.android.apps.translate","com.microsoft.translator","com.mg.yurao.google","com.niven.translator","com.niven.game","com.spaceship.screen.textcopy","com.newmg.yurao.pro","com.niven.comic","screen.translator.voice.translate","com.niven.apptranslate","com.naver.labs.translator","com.zaz.translate","com.eecorp.linguago","ru.yandex.translate","com.deepl.mobiletranslator","com.datacomprojects.scanandtranslate","com.sayhi.android.sayhitranslate"]},{"rank":{"index":7,"lang":"ru","country":"ru","chineseCountryName":"俄罗斯","pkg":"com.spaceship.screen.textcopy"},"orders":["com.recognize_text.translate.screen","com.tap_to_translate.snap_translate","com.niven.translator","com.gaminik.i18n","com.niven.game","com.niven.comic","com.spaceship.screen.textcopy","com.microsoft.translator","com.niven.apptranslate","com.eecorp.linguago","screen.translator.voice.translate","ru.yandex.translate","com.google.android.apps.translate","at.nk.tools.iTranslate","com.pidev.screentranslator","com.zaz.translate","com.chat_translate.screen_translate","com.appspell.screentranslator","com.deepl.mobiletranslator","com.datacomprojects.scanandtranslate"]},{"rank":{"index":2,"lang":"fr","country":"fr","chineseCountryName":"法国","pkg":"com.spaceship.screen.textcopy"},"orders":["com.recognize_text.translate.screen","com.spaceship.screen.textcopy","com.tap_to_translate.snap_translate","com.gaminik.i18n","com.mg.yurao.google","com.niven.game","com.niven.translator","com.niven.comic","com.niven.apptranslate","com.newmg.yurao.pro","com.google.android.apps.translate","screen.translator.voice.translate","com.microsoft.translator","com.eecorp.linguago","com.zaz.translate","ru.yandex.translate","at.nk.tools.iTranslate","com.tranit.text.translate","com.translator.translation.screen.translate.voice.languages.text.translating","com.naver.labs.translator"]},{"rank":{"index":6,"lang":"en-gb","country":"gb","chineseCountryName":"英国","pkg":"com.spaceship.screen.textcopy"},"orders":["com.recognize_text.translate.screen","com.tap_to_translate.snap_translate","com.mg.yurao.google","com.google.android.apps.translate","com.gaminik.i18n","com.spaceship.screen.textcopy","com.microsoft.translator","com.niven.translator","com.niven.game","com.newmg.yurao.pro","screen.translator.voice.translate","com.niven.comic","com.niven.apptranslate","com.naver.labs.translator","com.tranit.text.translate","com.eecorp.linguago","com.zaz.translate","ru.yandex.translate","at.nk.tools.iTranslate","com.translator.translation.screen.translate.voice.languages.text.translating"]},{"rank":{"index":4,"lang":"de","country":"de","chineseCountryName":"德国","pkg":"com.spaceship.screen.textcopy"},"orders":["com.recognize_text.translate.screen","com.mg.yurao.google","com.gaminik.i18n","com.spaceship.screen.textcopy","com.niven.comic","com.tap_to_translate.snap_translate","com.niven.game","com.niven.apptranslate","com.newmg.yurao.pro","com.niven.translator","screen.translator.voice.translate","com.eecorp.linguago","com.microsoft.translator","com.chat_translate.screen_translate","com.translator.translation.screen.translate.voice.languages.text.translating","com.zaz.translate","com.google.android.apps.translate","com.pidev.screentranslator","at.nk.tools.iTranslate","com.appspell.screentranslator"]},{"rank":{"index":5,"lang":"it","country":"it","chineseCountryName":"意大利","pkg":"com.spaceship.screen.textcopy"},"orders":["com.recognize_text.translate.screen","com.tap_to_translate.snap_translate","com.niven.translator","com.gaminik.i18n","com.spaceship.screen.textcopy","com.niven.game","com.mg.yurao.google","com.niven.apptranslate","com.niven.comic","com.newmg.yurao.pro","com.microsoft.translator","com.google.android.apps.translate","screen.translator.voice.translate","com.eecorp.linguago","at.nk.tools.iTranslate","com.zaz.translate","ru.yandex.translate","com.deepl.mobiletranslator","com.pidev.screentranslator","com.translator.translation.screen.translate.voice.languages.text.translating"]},{"rank":{"index":9,"lang":"ja","country":"jp","chineseCountryName":"日本","pkg":"com.spaceship.screen.textcopy"},"orders":["com.recognize_text.translate.screen","com.tap_to_translate.snap_translate","com.mg.yurao.google","com.gaminik.i18n","com.niven.translator","com.niven.game","com.niven.apptranslate","com.newmg.yurao.pro","com.spaceship.screen.textcopy","com.niven.comic","com.microsoft.translator","com.google.android.apps.translate","com.eecorp.linguago","screen.translator.voice.translate","com.naver.labs.translator","com.tranit.text.translate","com.youdao.hindict","com.datacomprojects.scanandtranslate","com.deepl.mobiletranslator","com.translator.translation.screen.translate.voice.languages.text.translating"]},{"rank":{"index":5,"lang":"ko","country":"kr","chineseCountryName":"韩国","pkg":"com.spaceship.screen.textcopy"},"orders":["com.recognize_text.translate.screen","com.tap_to_translate.snap_translate","com.mg.yurao.google","com.gaminik.i18n","com.spaceship.screen.textcopy","com.niven.game","com.niven.comic","com.niven.apptranslate","com.niven.translator","com.newmg.yurao.pro","com.microsoft.translator","com.eecorp.linguago","com.naver.labs.translator","com.google.android.apps.translate","screen.translator.voice.translate","com.zaz.translate","ru.yandex.translate","com.youdao.hindict","com.deepl.mobiletranslator","at.nk.tools.iTranslate"]},{"rank":{"index":9,"lang":"zh-hk","country":"hk","chineseCountryName":"香港","pkg":"com.spaceship.screen.textcopy"},"orders":["com.recognize_text.translate.screen","com.tap_to_translate.snap_translate","com.mg.yurao.google","com.gaminik.i18n","com.niven.game","com.niven.translator","com.newmg.yurao.pro","com.niven.comic","com.spaceship.screen.textcopy","com.google.android.apps.translate","com.niven.apptranslate","com.microsoft.translator","com.naver.labs.translator","com.zaz.translate","at.nk.tools.iTranslate","com.eecorp.linguago","screen.translator.voice.translate","ru.yandex.translate","com.deepl.mobiletranslator","com.youdao.hindict"]},{"rank":{"index":11,"lang":"zh-tw","country":"tw","chineseCountryName":"台湾","pkg":"com.spaceship.screen.textcopy"},"orders":["com.recognize_text.translate.screen","com.mg.yurao.google","com.tap_to_translate.snap_translate","com.gaminik.i18n","com.niven.comic","com.niven.game","com.niven.translator","com.niven.apptranslate","com.newmg.yurao.pro","com.google.android.apps.translate","com.spaceship.screen.textcopy","com.microsoft.translator","com.naver.labs.translator","com.zaz.translate","at.nk.tools.iTranslate","com.deepl.mobiletranslator","com.tranit.text.translate","com.youdao.hindict","screen.translator.voice.translate","ru.yandex.translate"]},{"rank":{"index":8,"lang":"en","country":"in","chineseCountryName":"印度","pkg":"com.spaceship.screen.textcopy"},"orders":["com.recognize_text.translate.screen","com.google.android.apps.translate","com.tap_to_translate.snap_translate","com.mg.yurao.google","com.gaminik.i18n","screen.translator.voice.translate","com.newmg.yurao.pro","com.spaceship.screen.textcopy","com.niven.translator","com.microsoft.translator","com.niven.game","com.niven.comic","com.niven.apptranslate","com.zaz.translate","com.eecorp.linguago"]},{"rank":{"index":5,"lang":"id","country":"id","chineseCountryName":"印尼","pkg":"com.spaceship.screen.textcopy"},"orders":["com.recognize_text.translate.screen","com.tap_to_translate.snap_translate","com.mg.yurao.google","com.gaminik.i18n","com.spaceship.screen.textcopy","com.newmg.yurao.pro","com.niven.translator","com.google.android.apps.translate","com.niven.game","com.niven.comic","com.niven.apptranslate","com.eecorp.linguago","com.naver.labs.translator","com.microsoft.translator","screen.translator.voice.translate","com.zaz.translate","com.youdao.hindict","com.pidev.screentranslator"]},{"rank":{"index":4,"lang":"es-mx","country":"mx","chineseCountryName":"墨西哥","pkg":"com.spaceship.screen.textcopy"},"orders":["com.recognize_text.translate.screen","com.tap_to_translate.snap_translate","com.gaminik.i18n","com.spaceship.screen.textcopy","com.mg.yurao.google","com.niven.game","com.niven.comic","com.newmg.yurao.pro","com.niven.apptranslate","com.microsoft.translator","com.google.android.apps.translate","com.eecorp.linguago","com.youdao.hindict","screen.translator.voice.translate","ru.yandex.translate","at.nk.tools.iTranslate","com.naver.labs.translator","com.tranit.text.translate","com.pidev.screentranslator","com.niven.translator"]}]