[{"rank":{"index":3,"lang":"en-us","country":"us","chineseCountryName":"美国","pkg":"com.spaceship.screen.textcopy"},"orders":["com.recognize_text.translate.screen","com.tap_to_translate.snap_translate","com.spaceship.screen.textcopy","com.google.android.apps.translate","com.screen.translate.google","com.newmg.yurao.pro","com.niven.translator","com.gaminik.i18n","com.microsoft.translator","com.immersivetranslate.browser","com.deepl.mobiletranslator","com.naver.labs.translator","at.nk.tools.iTranslate","com.niven.game","com.zaz.translate","com.voice_camera_free_translate","com.translate.talkingtranslator","translate.voice.translator.camera.translation.free.all.language.app","ru.yandex.translate","com.niven.apptranslate"]},{"rank":{"index":0,"lang":"ru","country":"ru","chineseCountryName":"俄罗斯","pkg":"com.spaceship.screen.textcopy"},"orders":["com.recognize_text.translate.screen","com.tap_to_translate.snap_translate","com.niven.translator","com.newmg.yurao.pro","com.gaminik.i18n","com.google.android.apps.translate","com.screen.translate.google","ru.yandex.translate","com.immersivetranslate.browser","com.niven.game","com.deepl.mobiletranslator","com.microsoft.translator"]},{"rank":{"index":2,"lang":"pt-br","country":"br","chineseCountryName":"巴西","pkg":"com.spaceship.screen.textcopy"},"orders":["com.recognize_text.translate.screen","com.spaceship.screen.textcopy","com.tap_to_translate.snap_translate","com.newmg.yurao.pro","com.gaminik.i18n","com.google.android.apps.translate","at.nk.tools.iTranslate","com.zaz.translate","com.deepl.mobiletranslator","com.microsoft.translator","com.datacomprojects.scanandtranslate","com.immersivetranslate.browser","ru.yandex.translate","com.translate.talkingtranslator","com.ticktalk.translatevoice","com.naver.labs.translator","translate.voice.translator.camera.translation.free.all.language.app","com.niven.translator","com.screen.translate.google","com.niven.game"]},{"rank":{"index":2,"lang":"fr","country":"fr","chineseCountryName":"法国","pkg":"com.spaceship.screen.textcopy"},"orders":["com.recognize_text.translate.screen","com.spaceship.screen.textcopy","com.tap_to_translate.snap_translate","com.niven.translator","com.gaminik.i18n","com.newmg.yurao.pro","com.screen.translate.google","com.immersivetranslate.browser","com.google.android.apps.translate","com.voice_camera_free_translate","com.niven.game","com.microsoft.translator","com.deepl.mobiletranslator","com.niven.apptranslate","com.zaz.translate","at.nk.tools.iTranslate","ru.yandex.translate","com.datacomprojects.scanandtranslate","com.naver.labs.translator","com.fapp.translate.language.translator.fasttranslation"]},{"rank":{"index":2,"lang":"en-gb","country":"gb","chineseCountryName":"英国","pkg":"com.spaceship.screen.textcopy"},"orders":["com.recognize_text.translate.screen","com.spaceship.screen.textcopy","com.newmg.yurao.pro","com.google.android.apps.translate","com.screen.translate.google","com.niven.translator","com.mobisystems.msdict.embedded.wireless.collins.ee","com.tap_to_translate.snap_translate","com.deepl.mobiletranslator","com.gaminik.i18n","com.microsoft.translator","com.zaz.translate","com.immersivetranslate.browser","at.nk.tools.iTranslate","com.niven.game","ru.yandex.translate","com.naver.labs.translator","com.translate.talkingtranslator","com.fapp.translate.language.translator.fasttranslation","com.niven.apptranslate"]},{"rank":{"index":2,"lang":"de","country":"de","chineseCountryName":"德国","pkg":"com.spaceship.screen.textcopy"},"orders":["com.recognize_text.translate.screen","com.spaceship.screen.textcopy","com.tap_to_translate.snap_translate","com.google.android.apps.translate","com.niven.translator","com.screen.translate.google","com.newmg.yurao.pro","com.gaminik.i18n","com.immersivetranslate.browser","com.deepl.mobiletranslator","com.microsoft.translator","com.niven.game","com.zaz.translate","at.nk.tools.iTranslate"]},{"rank":{"index":2,"lang":"it","country":"it","chineseCountryName":"意大利","pkg":"com.spaceship.screen.textcopy"},"orders":["com.recognize_text.translate.screen","com.spaceship.screen.textcopy","com.tap_to_translate.snap_translate","com.niven.translator","com.google.android.apps.translate","com.screen.translate.google","com.gaminik.i18n","com.newmg.yurao.pro","com.immersivetranslate.browser","com.deepl.mobiletranslator","com.microsoft.translator","com.niven.game","at.nk.tools.iTranslate","com.zaz.translate"]},{"rank":{"index":2,"lang":"ja","country":"jp","chineseCountryName":"日本","pkg":"com.spaceship.screen.textcopy"},"orders":["com.recognize_text.translate.screen","com.spaceship.screen.textcopy","com.tap_to_translate.snap_translate","com.gaminik.i18n","com.newmg.yurao.pro","com.niven.translator","com.screen.translate.google","com.immersivetranslate.browser","com.google.android.apps.translate","com.naver.labs.translator","com.deepl.mobiletranslator","com.niven.game","com.microsoft.translator"]},{"rank":{"index":2,"lang":"ko","country":"kr","chineseCountryName":"韩国","pkg":"com.spaceship.screen.textcopy"},"orders":["com.recognize_text.translate.screen","com.spaceship.screen.textcopy","com.tap_to_translate.snap_translate","com.niven.translator","com.gaminik.i18n","com.newmg.yurao.pro","com.screen.translate.google","com.immersivetranslate.browser","com.naver.labs.translator","com.google.android.apps.translate","com.niven.game","com.niven.apptranslate","com.microsoft.translator","com.voice_camera_free_translate","com.deepl.mobiletranslator","at.nk.tools.iTranslate","com.zaz.translate","com.eecorp.linguago","com.translate.talkingtranslator","com.openai.chatgpt"]},{"rank":{"index":3,"lang":"zh-hk","country":"hk","chineseCountryName":"香港","pkg":"com.spaceship.screen.textcopy"},"orders":["com.recognize_text.translate.screen","com.screen.translate.google","com.spaceship.screen.textcopy","com.newmg.yurao.pro","com.gaminik.i18n","com.niven.translator","com.immersivetranslate.browser","com.google.android.apps.translate","com.tap_to_translate.snap_translate","com.microsoft.translator","com.naver.labs.translator","com.niven.game","com.deepl.mobiletranslator","at.nk.tools.iTranslate","com.niven.apptranslate","com.zaz.translate","com.fapp.translate.language.translator.fasttranslation","com.google.ar.lens","com.translate.talkingtranslator","com.datacomprojects.scanandtranslate"]},{"rank":{"index":2,"lang":"zh-tw","country":"tw","chineseCountryName":"台湾","pkg":"com.spaceship.screen.textcopy"},"orders":["com.recognize_text.translate.screen","com.spaceship.screen.textcopy","com.newmg.yurao.pro","com.screen.translate.google","com.gaminik.i18n","com.niven.translator","com.immersivetranslate.browser","com.tap_to_translate.snap_translate","com.niven.game","com.google.android.apps.translate","com.niven.apptranslate","com.microsoft.translator","com.naver.labs.translator","at.nk.tools.iTranslate","com.zaz.translate","com.deepl.mobiletranslator","com.fapp.translate.language.translator.fasttranslation","com.translate.talkingtranslator","com.google.ar.lens","com.openai.chatgpt"]},{"rank":{"index":3,"lang":"en","country":"in","chineseCountryName":"印度","pkg":"com.spaceship.screen.textcopy"},"orders":["com.recognize_text.translate.screen","com.google.android.apps.translate","com.spaceship.screen.textcopy","com.newmg.yurao.pro","com.zaz.translate"]},{"rank":{"index":3,"lang":"id","country":"id","chineseCountryName":"印尼","pkg":"com.spaceship.screen.textcopy"},"orders":["com.recognize_text.translate.screen","com.tap_to_translate.snap_translate","com.spaceship.screen.textcopy","com.newmg.yurao.pro","com.niven.translator","com.screen.translate.google","com.gaminik.i18n","com.niven.game","com.google.android.apps.translate","com.immersivetranslate.browser","com.naver.labs.translator","com.deepl.mobiletranslator"]},{"rank":{"index":2,"lang":"es-mx","country":"mx","chineseCountryName":"墨西哥","pkg":"com.spaceship.screen.textcopy"},"orders":["com.recognize_text.translate.screen","com.spaceship.screen.textcopy","com.tap_to_translate.snap_translate","com.google.android.apps.translate","com.newmg.yurao.pro","com.gaminik.i18n","at.nk.tools.iTranslate","com.deepl.mobiletranslator","com.zaz.translate","com.datacomprojects.scanandtranslate","com.immersivetranslate.browser","com.naver.labs.translator","com.translate.talkingtranslator","ru.yandex.translate","com.ticktalk.translatevoice","com.niven.translator","com.screen.translate.google","com.niven.game","com.fapp.translate.language.translator.fasttranslation","com.mobisystems.msdict.embedded.wireless.collins.ee"]}]