[{"rank":{"index":2,"lang":"en-us","country":"us","chineseCountryName":"美国","pkg":"com.spaceship.screen.textcopy"},"orders":["com.recognize_text.translate.screen","com.spaceship.screen.textcopy","com.gaminik.i18n","com.tap_to_translate.snap_translate","com.niven.translator","com.newmg.yurao.pro","com.aurasense.screentranslate","com.google.android.apps.translate","com.deepl.mobiletranslator","com.hive.lingonative","com.yoyodev.screentranslate","com.screen.translate.google","com.zaz.translate","com.niven.game","com.naver.labs.translator","com.microsoft.translator","photo.translate.camera.translator","com.niven.apptranslate","ru.yandex.translate","at.nk.tools.iTranslate"]},{"rank":{"index":4,"lang":"ru","country":"ru","chineseCountryName":"俄罗斯","pkg":"com.spaceship.screen.textcopy"},"orders":["com.recognize_text.translate.screen","com.niven.translator","com.tap_to_translate.snap_translate","com.spaceship.screen.textcopy","com.gaminik.i18n","com.newmg.yurao.pro","com.screen.translate.google","ru.yandex.translate","com.yoyodev.screentranslate","com.google.android.apps.translate","com.microsoft.translator","link.zhidou.btranslator","at.nk.tools.iTranslate","com.zaz.translate","com.hive.lingonative","com.niven.apptranslate"]},{"rank":{"index":2,"lang":"pt-br","country":"br","chineseCountryName":"巴西","pkg":"com.spaceship.screen.textcopy"},"orders":["com.recognize_text.translate.screen","com.spaceship.screen.textcopy","com.tap_to_translate.snap_translate","com.gaminik.i18n","com.niven.translator","com.newmg.yurao.pro","com.google.android.apps.translate","at.nk.tools.iTranslate","com.screen.translate.google","link.zhidou.btranslator","com.zaz.translate","com.deepl.mobiletranslator","com.microsoft.translator","com.hive.lingonative","ru.yandex.translate","com.niven.apptranslate","com.niven.game","com.galaxy.airviewdictionary","com.naver.labs.translator","live.screentranslate.realtime"]},{"rank":{"index":2,"lang":"fr","country":"fr","chineseCountryName":"法国","pkg":"com.spaceship.screen.textcopy"},"orders":["com.recognize_text.translate.screen","com.spaceship.screen.textcopy","com.tap_to_translate.snap_translate","com.gaminik.i18n","com.niven.translator","com.newmg.yurao.pro","com.google.android.apps.translate","com.yoyodev.screentranslate","com.zaz.translate","com.screen.translate.google","com.hive.lingonative","link.zhidou.btranslator","com.aurasense.screentranslate","com.deepl.mobiletranslator","com.microsoft.translator","at.nk.tools.iTranslate","com.galaxy.airviewdictionary","ru.yandex.translate","com.niven.apptranslate","live.screentranslate.realtime"]},{"rank":{"index":2,"lang":"en-gb","country":"gb","chineseCountryName":"英国","pkg":"com.spaceship.screen.textcopy"},"orders":["com.recognize_text.translate.screen","com.spaceship.screen.textcopy","com.tap_to_translate.snap_translate","com.niven.translator","com.gaminik.i18n","com.newmg.yurao.pro","com.aurasense.screentranslate","com.google.android.apps.translate","com.microsoft.translator","at.nk.tools.iTranslate","com.screen.translate.google","com.deepl.mobiletranslator","com.zaz.translate","com.yoyodev.screentranslate","link.zhidou.btranslator","com.hive.lingonative","ru.yandex.translate","com.niven.apptranslate","com.galaxy.airviewdictionary","translate.speech.text.translation.voicetranslator"]},{"rank":{"index":2,"lang":"de","country":"de","chineseCountryName":"德国","pkg":"com.spaceship.screen.textcopy"},"orders":["com.recognize_text.translate.screen","com.spaceship.screen.textcopy","com.niven.translator","com.tap_to_translate.snap_translate","com.gaminik.i18n","com.newmg.yurao.pro","com.hive.lingonative","com.yoyodev.screentranslate","com.screen.translate.google","com.google.android.apps.translate","link.zhidou.btranslator","com.zaz.translate","com.aurasense.screentranslate","com.niven.apptranslate","com.deepl.mobiletranslator","com.galaxy.airviewdictionary","com.microsoft.translator","live.screentranslate.realtime","at.nk.tools.iTranslate","ru.yandex.translate"]},{"rank":{"index":2,"lang":"it","country":"it","chineseCountryName":"意大利","pkg":"com.spaceship.screen.textcopy"},"orders":["com.recognize_text.translate.screen","com.spaceship.screen.textcopy","com.tap_to_translate.snap_translate","com.gaminik.i18n","com.niven.translator","com.newmg.yurao.pro","com.hive.lingonative","com.google.android.apps.translate","com.screen.translate.google","com.yoyodev.screentranslate","com.aurasense.screentranslate","co.appnation.aivoicetranslator","com.deepl.mobiletranslator"]},{"rank":{"index":2,"lang":"ja","country":"jp","chineseCountryName":"日本","pkg":"com.spaceship.screen.textcopy"},"orders":["com.recognize_text.translate.screen","com.spaceship.screen.textcopy","com.tap_to_translate.snap_translate","com.gaminik.i18n","com.niven.translator","com.newmg.yurao.pro","com.screen.translate.google","com.hive.lingonative","com.aurasense.screentranslate","com.google.android.apps.translate","com.niven.apptranslate","com.naver.labs.translator","com.zaz.translate","com.deepl.mobiletranslator","link.zhidou.btranslator"]},{"rank":{"index":2,"lang":"ko","country":"kr","chineseCountryName":"韩国","pkg":"com.spaceship.screen.textcopy"},"orders":["com.recognize_text.translate.screen","com.spaceship.screen.textcopy","com.tap_to_translate.snap_translate","com.gaminik.i18n","com.niven.translator","com.newmg.yurao.pro","com.screen.translate.google","com.hive.lingonative","com.aurasense.screentranslate","com.google.android.apps.translate","com.zaz.translate","com.naver.labs.translator","link.zhidou.btranslator","com.microsoft.translator"]},{"rank":{"index":2,"lang":"zh-hk","country":"hk","chineseCountryName":"香港","pkg":"com.spaceship.screen.textcopy"},"orders":["com.recognize_text.translate.screen","com.spaceship.screen.textcopy","com.tap_to_translate.snap_translate","com.gaminik.i18n","com.aurasense.screentranslate","com.newmg.yurao.pro","com.google.android.apps.translate","com.niven.translator","com.hive.lingonative","com.microsoft.translator","com.zaz.translate","com.yoyodev.screentranslate","com.deepl.mobiletranslator","at.nk.tools.iTranslate","com.screen.translate.google","ru.yandex.translate","link.zhidou.btranslator","com.naver.labs.translator","com.niven.apptranslate","live.screentranslate.realtime"]},{"rank":{"index":2,"lang":"zh-tw","country":"tw","chineseCountryName":"台湾","pkg":"com.spaceship.screen.textcopy"},"orders":["com.recognize_text.translate.screen","com.spaceship.screen.textcopy","com.tap_to_translate.snap_translate","com.newmg.yurao.pro","com.gaminik.i18n","com.niven.translator","com.aurasense.screentranslate","com.google.android.apps.translate","at.nk.tools.iTranslate","com.zaz.translate","com.screen.translate.google","com.microsoft.translator","link.zhidou.btranslator","com.hive.lingonative","com.deepl.mobiletranslator","com.niven.apptranslate","com.naver.labs.translator","com.galaxy.airviewdictionary","ru.yandex.translate","photo.translate.camera.translator"]},{"rank":{"index":0,"lang":"en","country":"in","chineseCountryName":"印度","pkg":"com.spaceship.screen.textcopy"},"orders":["com.recognize_text.translate.screen","com.google.android.apps.translate","com.tap_to_translate.snap_translate","com.zaz.translate","com.deepl.mobiletranslator","at.nk.tools.iTranslate","ru.yandex.translate","link.zhidou.btranslator","photo.translate.camera.translator","co.appnation.aivoicetranslator","com.newmg.yurao.pro","com.niven.translator","com.aurasense.screentranslate","translate.speech.text.translation.voicetranslator","com.galaxy.airviewdictionary","com.naver.labs.translator","com.softissimo.reverso.context","com.screen.translate.google","screen.translator.voice.translate","co.langlang.translator_for_wsp"]},{"rank":{"index":2,"lang":"id","country":"id","chineseCountryName":"印尼","pkg":"com.spaceship.screen.textcopy"},"orders":["com.recognize_text.translate.screen","com.spaceship.screen.textcopy","com.tap_to_translate.snap_translate","com.niven.translator","com.gaminik.i18n","com.newmg.yurao.pro","com.aurasense.screentranslate","com.google.android.apps.translate","com.hive.lingonative","com.zaz.translate","com.screen.translate.google","com.deepl.mobiletranslator","com.yoyodev.screentranslate","com.microsoft.translator","at.nk.tools.iTranslate","com.niven.apptranslate","com.niven.game","com.naver.labs.translator","ru.yandex.translate","com.galaxy.airviewdictionary"]},{"rank":{"index":2,"lang":"es-mx","country":"mx","chineseCountryName":"墨西哥","pkg":"com.spaceship.screen.textcopy"},"orders":["com.recognize_text.translate.screen","com.spaceship.screen.textcopy","com.tap_to_translate.snap_translate","com.gaminik.i18n","com.niven.translator","com.newmg.yurao.pro","com.google.android.apps.translate","com.hive.lingonative","com.yoyodev.screentranslate","com.zaz.translate","com.screen.translate.google","com.aurasense.screentranslate","com.microsoft.translator","link.zhidou.btranslator","com.deepl.mobiletranslator","at.nk.tools.iTranslate","ru.yandex.translate","com.niven.apptranslate","live.screentranslate.realtime","com.galaxy.airviewdictionary"]}]