[{"rank":{"index":2,"lang":"en-us","country":"us","chineseCountryName":"美国","pkg":"com.spaceship.screen.textcopy"},"orders":["com.recognize_text.translate.screen","com.spaceship.screen.textcopy","com.gaminik.i18n","com.microsoft.translator","com.tap_to_translate.snap_translate","screen.translator.voice.translate","com.google.android.apps.translate","com.niven.game","com.niven.translator","com.niven.comic","com.eecorp.linguago","com.newmg.yurao.pro","com.eecorp.taptranslator","com.niven.apptranslate","com.naver.labs.translator","at.nk.tools.iTranslate","com.chat_translate.screen_translate","com.zaz.translate","com.translate.talkingtranslator","com.translator.yellow"]},{"rank":{"index":2,"lang":"ru","country":"ru","chineseCountryName":"俄罗斯","pkg":"com.spaceship.screen.textcopy"},"orders":["com.recognize_text.translate.screen","com.spaceship.screen.textcopy","com.tap_to_translate.snap_translate","com.gaminik.i18n","com.niven.translator","com.microsoft.translator","com.niven.game","com.niven.comic","com.google.android.apps.translate","com.eecorp.linguago","com.newmg.yurao.pro","com.niven.apptranslate","screen.translator.voice.translate","ru.yandex.translate","com.ticktalk.translatevoice","com.deepl.mobiletranslator","com.mg.chat","com.youdao.hindict","com.chat_translate.screen_translate","com.zaz.translate"]},{"rank":{"index":2,"lang":"pt-br","country":"br","chineseCountryName":"巴西","pkg":"com.spaceship.screen.textcopy"},"orders":["com.recognize_text.translate.screen","com.spaceship.screen.textcopy","com.tap_to_translate.snap_translate","com.gaminik.i18n","com.niven.game","com.niven.translator","com.newmg.yurao.pro","com.niven.comic","com.microsoft.translator","com.youdao.hindict","com.google.android.apps.translate","com.niven.apptranslate","com.android.chrome","us.zoom.videomeetings","com.google.android.apps.docs","com.google.android.apps.photos","com.google.android.apps.maps","com.discord","com.microsoft.office.outlook","com.skype.raider"]},{"rank":{"index":2,"lang":"fr","country":"fr","chineseCountryName":"法国","pkg":"com.spaceship.screen.textcopy"},"orders":["com.recognize_text.translate.screen","com.spaceship.screen.textcopy","com.gaminik.i18n","com.tap_to_translate.snap_translate","screen.translator.voice.translate","com.niven.translator","com.niven.game","com.newmg.yurao.pro","com.eecorp.linguago","com.niven.comic","com.microsoft.translator","com.eecorp.taptranslator","com.google.android.apps.translate","com.youdao.hindict","com.chat_translate.screen_translate","com.niven.apptranslate","com.translator.yellow","com.deepl.mobiletranslator","com.duolingo","com.discord"]},{"rank":{"index":2,"lang":"en-gb","country":"gb","chineseCountryName":"英国","pkg":"com.spaceship.screen.textcopy"},"orders":["com.recognize_text.translate.screen","com.spaceship.screen.textcopy","com.tap_to_translate.snap_translate","com.microsoft.translator","com.gaminik.i18n","screen.translator.voice.translate","com.google.android.apps.translate","com.niven.translator","com.niven.game","com.niven.comic","com.newmg.yurao.pro","com.eecorp.linguago","com.youdao.hindict","com.eecorp.taptranslator","com.niven.apptranslate","at.nk.tools.iTranslate","com.zaz.translate","com.mg.chat","com.naver.labs.translator","com.deepl.mobiletranslator"]},{"rank":{"index":2,"lang":"de","country":"de","chineseCountryName":"德国","pkg":"com.spaceship.screen.textcopy"},"orders":["com.recognize_text.translate.screen","com.spaceship.screen.textcopy","com.gaminik.i18n","com.niven.game","com.microsoft.translator","com.tap_to_translate.snap_translate","com.newmg.yurao.pro","com.niven.translator","com.niven.comic","com.google.android.apps.translate","com.deepl.mobiletranslator","com.niven.apptranslate","us.zoom.videomeetings","at.nk.tools.iTranslate","com.translator.yellow","com.discord","com.youdao.hindict","com.android.chrome","com.google.android.apps.photos","com.duolingo"]},{"rank":{"index":2,"lang":"it","country":"it","chineseCountryName":"意大利","pkg":"com.spaceship.screen.textcopy"},"orders":["com.recognize_text.translate.screen","com.spaceship.screen.textcopy","screen.translator.voice.translate","com.gaminik.i18n","com.tap_to_translate.snap_translate","com.niven.game","com.niven.translator","com.niven.comic","com.newmg.yurao.pro","com.eecorp.taptranslator","com.microsoft.translator","com.eecorp.linguago","com.google.android.apps.translate","com.chat_translate.screen_translate","com.niven.apptranslate","com.deepl.mobiletranslator","com.google.android.apps.photos","com.youdao.hindict","com.discord","com.adobe.reader"]},{"rank":{"index":2,"lang":"ja","country":"jp","chineseCountryName":"日本","pkg":"com.spaceship.screen.textcopy"},"orders":["com.recognize_text.translate.screen","com.spaceship.screen.textcopy","com.gaminik.i18n","com.niven.game","com.niven.translator","com.tap_to_translate.snap_translate","com.eecorp.taptranslator","com.newmg.yurao.pro","com.niven.apptranslate","com.niven.comic","com.eecorp.linguago","screen.translator.voice.translate","com.deepl.mobiletranslator","com.naver.labs.translator","com.microsoft.translator","com.google.android.apps.translate","com.android.chrome","com.translate.talkingtranslator","com.duolingo","com.discord"]},{"rank":{"index":2,"lang":"ko","country":"kr","chineseCountryName":"韩国","pkg":"com.spaceship.screen.textcopy"},"orders":["com.recognize_text.translate.screen","com.spaceship.screen.textcopy","com.tap_to_translate.snap_translate","com.gaminik.i18n","com.microsoft.translator","com.niven.translator","com.google.android.apps.translate","com.niven.game","com.naver.labs.translator","com.niven.comic","com.newmg.yurao.pro","com.eecorp.linguago","com.niven.apptranslate","com.eecorp.taptranslator","screen.translator.voice.translate","com.youdao.hindict","at.nk.tools.iTranslate","com.deepl.mobiletranslator","com.mg.chat","com.zaz.translate"]},{"rank":{"index":2,"lang":"zh-hk","country":"hk","chineseCountryName":"香港","pkg":"com.spaceship.screen.textcopy"},"orders":["com.recognize_text.translate.screen","com.spaceship.screen.textcopy","com.gaminik.i18n","com.tap_to_translate.snap_translate","com.microsoft.translator","com.niven.game","com.google.android.apps.translate","com.niven.comic","com.niven.translator","com.newmg.yurao.pro","com.eecorp.linguago","com.eecorp.taptranslator","com.niven.apptranslate","screen.translator.voice.translate","com.mg.chat","com.naver.labs.translator","com.mg.subtitle.google","at.nk.tools.iTranslate","com.zaz.translate","com.deepl.mobiletranslator"]},{"rank":{"index":2,"lang":"zh-tw","country":"tw","chineseCountryName":"台湾","pkg":"com.spaceship.screen.textcopy"},"orders":["com.recognize_text.translate.screen","com.spaceship.screen.textcopy","com.gaminik.i18n","com.tap_to_translate.snap_translate","com.microsoft.translator","com.niven.game","com.google.android.apps.translate","com.newmg.yurao.pro","com.niven.comic","com.niven.translator","com.naver.labs.translator","at.nk.tools.iTranslate","com.niven.apptranslate","com.youdao.hindict","com.deepl.mobiletranslator","com.eecorp.taptranslator","com.translate.talkingtranslator","com.zaz.translate","com.ticktalk.translatevoice","jp.go.nict.voicetra"]},{"rank":{"index":2,"lang":"en","country":"in","chineseCountryName":"印度","pkg":"com.spaceship.screen.textcopy"},"orders":["com.recognize_text.translate.screen","com.spaceship.screen.textcopy","screen.translator.voice.translate","com.newmg.yurao.pro","com.eecorp.linguago","com.google.android.apps.translate","com.microsoft.translator","com.tap_to_translate.snap_translate","com.niven.game","com.zaz.translate","com.niven.comic","com.niven.translator","com.chat_translate.screen_translate","com.naver.labs.translator","com.niven.apptranslate","com.tranit.text.translate","com.mg.chat","translate.smartranit.language.text","com.duolingo","com.gaminik.i18n"]},{"rank":{"index":1,"lang":"id","country":"id","chineseCountryName":"印尼","pkg":"com.spaceship.screen.textcopy"},"orders":["com.spaceship.screen.textcopy","com.recognize_text.translate.screen","com.tap_to_translate.snap_translate","com.gaminik.i18n","com.niven.translator","com.niven.game","com.eecorp.linguago","com.niven.comic","com.youdao.hindict"]},{"rank":{"index":2,"lang":"es-mx","country":"mx","chineseCountryName":"墨西哥","pkg":"com.spaceship.screen.textcopy"},"orders":["com.recognize_text.translate.screen","com.spaceship.screen.textcopy","com.gaminik.i18n","com.tap_to_translate.snap_translate","com.niven.translator","com.niven.game","com.niven.comic","com.newmg.yurao.pro","com.eecorp.linguago","com.youdao.hindict","com.microsoft.translator","com.google.android.apps.translate","screen.translator.voice.translate","com.niven.apptranslate","com.android.chrome","com.google.android.apps.photos","com.duolingo","com.google.android.apps.docs","com.discord","com.google.android.apps.maps"]}]