[{"rank":{"index":3,"lang":"en-us","country":"us","chineseCountryName":"美国","pkg":"com.spaceship.screen.textcopy"},"orders":["com.recognize_text.translate.screen","com.tap_to_translate.snap_translate","com.spaceship.screen.textcopy","com.gaminik.i18n","com.google.android.apps.translate","com.mg.yurao.google","screen.translator.voice.translate","com.microsoft.translator","com.niven.translator","com.niven.comic","com.niven.game","com.eecorp.linguago","com.newmg.yurao.pro","com.niven.apptranslate","com.naver.labs.translator","com.eecorp.taptranslator","com.pidev.screentranslator","at.nk.tools.iTranslate","com.datacomprojects.scanandtranslate","com.zaz.translate"]},{"rank":{"index":3,"lang":"ru","country":"ru","chineseCountryName":"俄罗斯","pkg":"com.spaceship.screen.textcopy"},"orders":["com.recognize_text.translate.screen","com.tap_to_translate.snap_translate","com.spaceship.screen.textcopy","com.niven.translator","com.microsoft.translator","com.gaminik.i18n","com.niven.game","com.eecorp.linguago","com.google.android.apps.translate","screen.translator.voice.translate","com.pidev.screentranslator","com.chat_translate.screen_translate","com.niven.apptranslate","com.niven.comic","ru.yandex.translate","at.nk.tools.iTranslate","camera.translator.realtime","com.deepl.mobiletranslator","com.tranit.text.translate","com.translate.talkingtranslator"]},{"rank":{"index":2,"lang":"pt-br","country":"br","chineseCountryName":"巴西","pkg":"com.spaceship.screen.textcopy"},"orders":["com.recognize_text.translate.screen","com.spaceship.screen.textcopy","com.tap_to_translate.snap_translate","com.mg.yurao.google","com.niven.translator","com.niven.game","com.gaminik.i18n","com.eecorp.linguago","screen.translator.voice.translate","com.newmg.yurao.pro","com.microsoft.translator","com.niven.comic","com.niven.apptranslate","com.pidev.screentranslator","at.nk.tools.iTranslate","com.youdao.hindict","com.google.android.apps.translate","com.chat_translate.screen_translate","com.translate.talkingtranslator","com.google.android.apps.photos"]},{"rank":{"index":2,"lang":"fr","country":"fr","chineseCountryName":"法国","pkg":"com.spaceship.screen.textcopy"},"orders":["com.recognize_text.translate.screen","com.spaceship.screen.textcopy","com.tap_to_translate.snap_translate","com.mg.yurao.google","screen.translator.voice.translate","com.niven.translator","com.niven.game","com.gaminik.i18n","com.microsoft.translator","com.newmg.yurao.pro","com.eecorp.linguago","com.translate.talkingtranslator","com.chat_translate.screen_translate","com.niven.comic","com.pidev.screentranslator","com.niven.apptranslate","com.eecorp.taptranslator","com.google.android.apps.translate","at.nk.tools.iTranslate","com.abbyy.mobile.textgrabber.full"]},{"rank":{"index":2,"lang":"en-gb","country":"gb","chineseCountryName":"英国","pkg":"com.spaceship.screen.textcopy"},"orders":["com.recognize_text.translate.screen","com.spaceship.screen.textcopy","com.tap_to_translate.snap_translate","com.google.android.apps.translate","com.microsoft.translator","com.mg.yurao.google","screen.translator.voice.translate","com.gaminik.i18n","com.niven.translator","com.niven.game","com.niven.comic","com.eecorp.linguago","com.niven.apptranslate","com.newmg.yurao.pro","com.naver.labs.translator","com.eecorp.taptranslator","at.nk.tools.iTranslate","com.galaxy.airviewdictionary","com.sayhi.android.sayhitranslate","com.zaz.translate"]},{"rank":{"index":2,"lang":"de","country":"de","chineseCountryName":"德国","pkg":"com.spaceship.screen.textcopy"},"orders":["com.recognize_text.translate.screen","com.spaceship.screen.textcopy","com.tap_to_translate.snap_translate","com.mg.yurao.google","com.niven.translator","com.gaminik.i18n","com.niven.game","com.microsoft.translator","com.eecorp.linguago","com.newmg.yurao.pro","screen.translator.voice.translate","com.translate.talkingtranslator","com.niven.comic","com.pidev.screentranslator","at.nk.tools.iTranslate","com.chat_translate.screen_translate","com.google.android.apps.translate","com.niven.apptranslate","com.deepl.mobiletranslator","camera.translator.realtime"]},{"rank":{"index":2,"lang":"it","country":"it","chineseCountryName":"意大利","pkg":"com.spaceship.screen.textcopy"},"orders":["com.recognize_text.translate.screen","com.spaceship.screen.textcopy","screen.translator.voice.translate","com.mg.yurao.google","com.tap_to_translate.snap_translate","com.niven.game","com.gaminik.i18n","com.niven.translator","com.eecorp.linguago","com.newmg.yurao.pro","com.niven.apptranslate","com.microsoft.translator","com.eecorp.taptranslator","com.pidev.screentranslator","com.chat_translate.screen_translate","com.niven.comic","camera.translator.realtime","com.translator.translation.screen.translate.voice.languages.text.translating","at.nk.tools.iTranslate","com.translate.talkingtranslator"]},{"rank":{"index":3,"lang":"ja","country":"jp","chineseCountryName":"日本","pkg":"com.spaceship.screen.textcopy"},"orders":["com.recognize_text.translate.screen","com.eecorp.taptranslator","com.spaceship.screen.textcopy","com.mg.yurao.google","com.tap_to_translate.snap_translate","com.gaminik.i18n","com.niven.game","com.niven.translator","com.niven.comic","com.eecorp.linguago"]},{"rank":{"index":3,"lang":"ko","country":"kr","chineseCountryName":"韩国","pkg":"com.spaceship.screen.textcopy"},"orders":["com.recognize_text.translate.screen","com.tap_to_translate.snap_translate","com.spaceship.screen.textcopy","com.mg.yurao.google","com.niven.translator","com.microsoft.translator","com.niven.game","com.gaminik.i18n","com.newmg.yurao.pro","com.google.android.apps.translate","com.eecorp.linguago","com.naver.labs.translator","screen.translator.voice.translate","com.translate.talkingtranslator","com.niven.apptranslate","com.niven.comic","com.eecorp.taptranslator","com.pidev.screentranslator","at.nk.tools.iTranslate","com.chat_translate.screen_translate"]},{"rank":{"index":2,"lang":"zh-hk","country":"hk","chineseCountryName":"香港","pkg":"com.spaceship.screen.textcopy"},"orders":["com.recognize_text.translate.screen","com.spaceship.screen.textcopy","com.mg.yurao.google","com.tap_to_translate.snap_translate","com.microsoft.translator","com.niven.translator","com.gaminik.i18n","com.niven.game","com.google.android.apps.translate","com.newmg.yurao.pro","screen.translator.voice.translate","com.eecorp.linguago","com.niven.comic","com.niven.apptranslate","com.translate.talkingtranslator","com.eecorp.taptranslator","com.pidev.screentranslator","com.chat_translate.screen_translate","at.nk.tools.iTranslate","camera.translator.realtime"]},{"rank":{"index":5,"lang":"zh-tw","country":"tw","chineseCountryName":"台湾","pkg":"com.spaceship.screen.textcopy"},"orders":["com.recognize_text.translate.screen","com.tap_to_translate.snap_translate","com.mg.yurao.google","com.google.android.apps.translate","com.spaceship.screen.textcopy","com.microsoft.translator","com.gaminik.i18n","com.niven.game","com.niven.translator","screen.translator.voice.translate","com.niven.comic","com.eecorp.linguago","com.newmg.yurao.pro","com.niven.apptranslate","com.naver.labs.translator","at.nk.tools.iTranslate","com.eecorp.taptranslator","com.galaxy.airviewdictionary","com.translator.translation.screen.translate.voice.languages.text.translating","com.translate.talkingtranslator"]},{"rank":{"index":2,"lang":"en","country":"in","chineseCountryName":"印度","pkg":"com.spaceship.screen.textcopy"},"orders":["com.recognize_text.translate.screen","com.spaceship.screen.textcopy","com.tap_to_translate.snap_translate","com.microsoft.translator","screen.translator.voice.translate","com.niven.translator","com.google.android.apps.translate","com.niven.game","com.gaminik.i18n","com.newmg.yurao.pro","com.eecorp.linguago","com.zaz.translate","com.niven.comic","com.niven.apptranslate","at.nk.tools.iTranslate","com.pidev.screentranslator","com.translate.talkingtranslator","com.tranit.text.translate","camera.translator.realtime","com.mg.yurao.google"]},{"rank":{"index":2,"lang":"id","country":"id","chineseCountryName":"印尼","pkg":"com.spaceship.screen.textcopy"},"orders":["com.recognize_text.translate.screen","com.spaceship.screen.textcopy","com.mg.yurao.google","com.gaminik.i18n","com.tap_to_translate.snap_translate","com.niven.translator","com.newmg.yurao.pro","com.niven.game","com.eecorp.linguago","screen.translator.voice.translate","com.niven.apptranslate","com.translate.talkingtranslator"]},{"rank":{"index":4,"lang":"es-mx","country":"mx","chineseCountryName":"墨西哥","pkg":"com.spaceship.screen.textcopy"},"orders":["com.recognize_text.translate.screen","com.tap_to_translate.snap_translate","com.gaminik.i18n","com.spaceship.screen.textcopy","com.mg.yurao.google","com.niven.game","com.niven.translator","com.microsoft.translator","com.niven.comic","com.newmg.yurao.pro","com.eecorp.linguago","screen.translator.voice.translate","com.youdao.hindict","com.niven.apptranslate","com.translate.talkingtranslator","at.nk.tools.iTranslate","com.translator.translation.screen.translate.voice.languages.text.translating","com.pidev.screentranslator","com.google.android.apps.translate","com.chat_translate.screen_translate"]}]