[{"rank":{"index":2,"lang":"en-us","country":"us","chineseCountryName":"美国","pkg":"com.spaceship.screen.textcopy"},"orders":["com.recognize_text.translate.screen","com.spaceship.screen.textcopy","com.google.android.apps.translate","com.tap_to_translate.snap_translate","com.microsoft.translator","com.niven.translator","com.newmg.yurao.pro","com.gaminik.i18n","com.zaz.translate","com.deepl.mobiletranslator","com.niven.game","com.screen.translate.google","com.niven.apptranslate","at.nk.tools.iTranslate","com.immersivetranslate.browser","com.naver.labs.translator","com.eecorp.taptranslator","ru.yandex.translate","com.translate.talkingtranslator","screen.translator.voice.translate"]},{"rank":{"index":0,"lang":"ru","country":"ru","chineseCountryName":"俄罗斯","pkg":"com.spaceship.screen.textcopy"},"orders":["com.recognize_text.translate.screen","com.niven.translator","com.tap_to_translate.snap_translate","com.newmg.yurao.pro","com.google.android.apps.translate","com.microsoft.translator","com.deepl.mobiletranslator","com.gaminik.i18n","com.niven.game","ru.yandex.translate","com.zaz.translate","com.niven.apptranslate","com.immersivetranslate.browser","at.nk.tools.iTranslate","com.screen.translate.google","com.datacomprojects.scanandtranslate","com.mg.chat","com.google.ar.lens","com.translate.talkingtranslator","com.softissimo.reverso.context"]},{"rank":{"index":2,"lang":"pt-br","country":"br","chineseCountryName":"巴西","pkg":"com.spaceship.screen.textcopy"},"orders":["com.recognize_text.translate.screen","com.spaceship.screen.textcopy","com.tap_to_translate.snap_translate","com.google.android.apps.translate","com.newmg.yurao.pro","com.gaminik.i18n","com.niven.translator","com.microsoft.translator","com.deepl.mobiletranslator","com.zaz.translate","com.niven.game","com.immersivetranslate.browser","com.screen.translate.google","at.nk.tools.iTranslate","com.niven.apptranslate","com.eecorp.taptranslator","com.tangdi.baiguotong","com.voice_camera_free_translate","com.mg.chat","com.datacomprojects.scanandtranslate"]},{"rank":{"index":2,"lang":"fr","country":"fr","chineseCountryName":"法国","pkg":"com.spaceship.screen.textcopy"},"orders":["com.recognize_text.translate.screen","com.spaceship.screen.textcopy","com.tap_to_translate.snap_translate","com.gaminik.i18n","com.newmg.yurao.pro","com.google.android.apps.translate","com.niven.translator","com.microsoft.translator","com.deepl.mobiletranslator","com.zaz.translate","com.niven.game","com.screen.translate.google","com.niven.apptranslate","com.eecorp.taptranslator","com.immersivetranslate.browser","at.nk.tools.iTranslate","com.datacomprojects.scanandtranslate","com.voice_camera_free_translate","ru.yandex.translate","com.google.ar.lens"]},{"rank":{"index":2,"lang":"en-gb","country":"gb","chineseCountryName":"英国","pkg":"com.spaceship.screen.textcopy"},"orders":["com.recognize_text.translate.screen","com.spaceship.screen.textcopy","com.tap_to_translate.snap_translate","com.newmg.yurao.pro","com.google.android.apps.translate","com.microsoft.translator","com.niven.translator","com.gaminik.i18n","com.zaz.translate","com.deepl.mobiletranslator","com.niven.game","at.nk.tools.iTranslate","com.screen.translate.google","com.niven.apptranslate","com.eecorp.taptranslator","com.immersivetranslate.browser","ru.yandex.translate","com.siv","com.google.ar.lens","com.translate.talkingtranslator"]},{"rank":{"index":2,"lang":"de","country":"de","chineseCountryName":"德国","pkg":"com.spaceship.screen.textcopy"},"orders":["com.recognize_text.translate.screen","com.spaceship.screen.textcopy","com.gaminik.i18n","com.tap_to_translate.snap_translate","com.google.android.apps.translate","com.niven.translator","com.newmg.yurao.pro","com.microsoft.translator","com.deepl.mobiletranslator","com.niven.game","com.zaz.translate","com.screen.translate.google","com.immersivetranslate.browser","com.niven.apptranslate"]},{"rank":{"index":2,"lang":"it","country":"it","chineseCountryName":"意大利","pkg":"com.spaceship.screen.textcopy"},"orders":["com.recognize_text.translate.screen","com.spaceship.screen.textcopy","com.tap_to_translate.snap_translate","com.newmg.yurao.pro","com.google.android.apps.translate","com.niven.translator","com.gaminik.i18n","com.microsoft.translator","com.deepl.mobiletranslator","com.niven.game","com.zaz.translate","com.screen.translate.google","com.niven.apptranslate","com.immersivetranslate.browser","com.eecorp.taptranslator","com.datacomprojects.scanandtranslate","com.tangdi.baiguotong","at.nk.tools.iTranslate","com.voice_camera_free_translate","com.google.ar.lens"]},{"rank":{"index":3,"lang":"ja","country":"jp","chineseCountryName":"日本","pkg":"com.spaceship.screen.textcopy"},"orders":["com.recognize_text.translate.screen","com.tap_to_translate.snap_translate","com.spaceship.screen.textcopy","com.newmg.yurao.pro","com.gaminik.i18n","com.deepl.mobiletranslator","com.niven.translator","com.google.android.apps.translate","com.microsoft.translator","com.niven.game","com.niven.apptranslate","com.immersivetranslate.browser","com.screen.translate.google","com.google.ar.lens","com.naver.labs.translator","com.eecorp.taptranslator","at.nk.tools.iTranslate","com.translate.talkingtranslator","com.android.chrome","com.google.android.apps.maps"]},{"rank":{"index":2,"lang":"ko","country":"kr","chineseCountryName":"韩国","pkg":"com.spaceship.screen.textcopy"},"orders":["com.recognize_text.translate.screen","com.spaceship.screen.textcopy","com.tap_to_translate.snap_translate","com.newmg.yurao.pro","com.google.android.apps.translate","com.microsoft.translator","com.niven.translator","com.gaminik.i18n","com.deepl.mobiletranslator","com.naver.labs.translator","com.zaz.translate","com.niven.game","com.immersivetranslate.browser","com.screen.translate.google","com.niven.apptranslate","at.nk.tools.iTranslate","com.eecorp.taptranslator","com.google.ar.lens","com.ozzmo.aitranslate","com.translate.talkingtranslator"]},{"rank":{"index":1,"lang":"zh-hk","country":"hk","chineseCountryName":"香港","pkg":"com.spaceship.screen.textcopy"},"orders":["com.spaceship.screen.textcopy","com.recognize_text.translate.screen","com.google.android.apps.translate","com.tap_to_translate.snap_translate","com.microsoft.translator","com.niven.translator","com.newmg.yurao.pro","com.gaminik.i18n","com.deepl.mobiletranslator","com.zaz.translate","com.niven.game","com.immersivetranslate.browser","at.nk.tools.iTranslate","com.screen.translate.google","com.naver.labs.translator","com.niven.apptranslate","com.google.ar.lens","com.eecorp.taptranslator","com.siv","com.voice_camera_free_translate"]},{"rank":{"index":3,"lang":"zh-tw","country":"tw","chineseCountryName":"台湾","pkg":"com.spaceship.screen.textcopy"},"orders":["com.recognize_text.translate.screen","com.google.android.apps.translate","com.spaceship.screen.textcopy","com.newmg.yurao.pro","com.microsoft.translator","com.niven.translator","com.gaminik.i18n","com.tap_to_translate.snap_translate","com.niven.game","com.deepl.mobiletranslator","com.immersivetranslate.browser","com.zaz.translate","com.screen.translate.google","com.naver.labs.translator","at.nk.tools.iTranslate","com.niven.apptranslate","com.eecorp.taptranslator","com.google.ar.lens","com.google.android.inputmethod.latin","com.ozzmo.aitranslate"]},{"rank":{"index":3,"lang":"en","country":"in","chineseCountryName":"印度","pkg":"com.spaceship.screen.textcopy"},"orders":["com.recognize_text.translate.screen","com.google.android.apps.translate","com.spaceship.screen.textcopy","com.newmg.yurao.pro","com.zaz.translate","com.microsoft.translator"]},{"rank":{"index":3,"lang":"id","country":"id","chineseCountryName":"印尼","pkg":"com.spaceship.screen.textcopy"},"orders":["com.recognize_text.translate.screen","com.tap_to_translate.snap_translate","com.spaceship.screen.textcopy","com.newmg.yurao.pro","com.gaminik.i18n","com.niven.translator","com.microsoft.translator","com.deepl.mobiletranslator","com.google.android.apps.translate","com.niven.game","com.youdao.hindict","com.niven.apptranslate","com.screen.translate.google","com.naver.labs.translator"]},{"rank":{"index":2,"lang":"es-mx","country":"mx","chineseCountryName":"墨西哥","pkg":"com.spaceship.screen.textcopy"},"orders":["com.recognize_text.translate.screen","com.spaceship.screen.textcopy","com.google.android.apps.translate","com.niven.translator","com.tap_to_translate.snap_translate","com.gaminik.i18n","com.microsoft.translator","com.newmg.yurao.pro","com.deepl.mobiletranslator","com.niven.game","com.zaz.translate","com.immersivetranslate.browser","com.niven.apptranslate","com.screen.translate.google","at.nk.tools.iTranslate","ru.yandex.translate","com.mg.chat","com.eecorp.taptranslator","com.datacomprojects.scanandtranslate","com.google.ar.lens"]}]