[{"rank":{"index":2,"lang":"en-us","country":"us","chineseCountryName":"美国","pkg":"com.spaceship.screen.textcopy"},"orders":["com.recognize_text.translate.screen","com.spaceship.screen.textcopy","com.gaminik.i18n","com.mg.yurao.google","com.google.android.apps.translate","com.microsoft.translator","com.niven.game","com.tap_to_translate.snap_translate","com.niven.translator","com.translator.yellow","com.niven.comic","com.newmg.yurao.pro","com.eecorp.linguago","ru.yandex.translate","com.niven.apptranslate","com.tangdi.baiguotong","com.translate.app","at.nk.tools.iTranslate","com.language.translate.free.translator.voice.translation","com.abbyy.mobile.textgrabber.full"]},{"rank":{"index":6,"lang":"ru","country":"ru","chineseCountryName":"俄罗斯","pkg":"com.spaceship.screen.textcopy"},"orders":["com.recognize_text.translate.screen","com.tap_to_translate.snap_translate","com.gaminik.i18n","com.niven.game","com.niven.translator","com.spaceship.screen.textcopy","com.niven.comic","ru.yandex.translate","com.niven.apptranslate","com.eecorp.linguago","com.microsoft.translator","screen.translator.voice.translate","com.google.android.apps.translate","com.pidev.screentranslator","com.tangdi.baiguotong","com.deepl.mobiletranslator","com.chat_translate.screen_translate","com.voice_camera_free_translate","com.translator.translation.screen.translate.voice.languages.text.translating","com.datacomprojects.scanandtranslate"]},{"rank":{"index":2,"lang":"fr","country":"fr","chineseCountryName":"法国","pkg":"com.spaceship.screen.textcopy"},"orders":["com.recognize_text.translate.screen","com.spaceship.screen.textcopy","com.mg.yurao.google","com.tap_to_translate.snap_translate","com.niven.game","com.gaminik.i18n","com.niven.comic","com.niven.translator","com.newmg.yurao.pro","com.niven.apptranslate","com.translator.yellow","com.eecorp.linguago","screen.translator.voice.translate","com.microsoft.translator","com.google.android.apps.translate","ru.yandex.translate","com.deepl.mobiletranslator","com.translator.translation.screen.translate.voice.languages.text.translating","com.tangdi.baiguotong","at.nk.tools.iTranslate"]},{"rank":{"index":2,"lang":"en-gb","country":"gb","chineseCountryName":"英国","pkg":"com.spaceship.screen.textcopy"},"orders":["com.recognize_text.translate.screen","com.spaceship.screen.textcopy","com.mg.yurao.google","com.google.android.apps.translate","com.microsoft.translator","com.tap_to_translate.snap_translate","com.gaminik.i18n","com.niven.game","com.niven.translator","com.niven.comic","screen.translator.voice.translate","com.newmg.yurao.pro","com.niven.apptranslate","com.eecorp.linguago","com.naver.labs.translator","ru.yandex.translate","at.nk.tools.iTranslate","com.datacomprojects.scanandtranslate","com.sayhi.android.sayhitranslate","com.zaz.translate"]},{"rank":{"index":2,"lang":"de","country":"de","chineseCountryName":"德国","pkg":"com.spaceship.screen.textcopy"},"orders":["com.recognize_text.translate.screen","com.spaceship.screen.textcopy","com.mg.yurao.google","com.gaminik.i18n","com.niven.game","com.niven.comic","com.niven.translator","com.tap_to_translate.snap_translate","com.microsoft.translator","com.niven.apptranslate","com.newmg.yurao.pro","com.translator.yellow","screen.translator.voice.translate","com.eecorp.linguago","com.translate.app","com.google.android.apps.translate","ru.yandex.translate","all.language.translate.translator","com.translator.translation.screen.translate.voice.languages.text.translating","com.deepl.mobiletranslator"]},{"rank":{"index":3,"lang":"it","country":"it","chineseCountryName":"意大利","pkg":"com.spaceship.screen.textcopy"},"orders":["com.recognize_text.translate.screen","com.niven.game","com.spaceship.screen.textcopy","com.gaminik.i18n","com.mg.yurao.google","com.niven.comic","com.niven.translator","com.tap_to_translate.snap_translate","com.niven.apptranslate","com.microsoft.translator","com.eecorp.linguago","com.translator.yellow","screen.translator.voice.translate","com.newmg.yurao.pro","com.google.android.apps.translate","com.translator.translation.screen.translate.voice.languages.text.translating","com.translate.app","com.kursx.smartbook","at.nk.tools.iTranslate","com.deepl.mobiletranslator"]},{"rank":{"index":7,"lang":"ja","country":"jp","chineseCountryName":"日本","pkg":"com.spaceship.screen.textcopy"},"orders":["com.recognize_text.translate.screen","com.mg.yurao.google","com.gaminik.i18n","com.tap_to_translate.snap_translate","com.niven.game","com.niven.translator","com.spaceship.screen.textcopy","com.niven.comic","com.google.android.apps.translate","com.niven.apptranslate","com.eecorp.linguago","com.newmg.yurao.pro","com.naver.labs.translator"]},{"rank":{"index":3,"lang":"ko","country":"kr","chineseCountryName":"韩国","pkg":"com.spaceship.screen.textcopy"},"orders":["com.recognize_text.translate.screen","com.mg.yurao.google","com.spaceship.screen.textcopy","com.gaminik.i18n","com.niven.game","com.tap_to_translate.snap_translate","com.niven.translator","com.niven.comic","com.newmg.yurao.pro","com.niven.apptranslate","com.eecorp.linguago","screen.translator.voice.translate","com.naver.labs.translator","com.google.android.apps.translate","com.microsoft.translator","us.zoom.videomeetings","com.deepl.mobiletranslator","ru.yandex.translate","at.nk.tools.iTranslate","com.flitto.app"]},{"rank":{"index":4,"lang":"zh-hk","country":"hk","chineseCountryName":"香港","pkg":"com.spaceship.screen.textcopy"},"orders":["com.recognize_text.translate.screen","com.mg.yurao.google","com.gaminik.i18n","com.spaceship.screen.textcopy","com.niven.game","com.tap_to_translate.snap_translate","com.niven.comic","com.niven.translator","com.newmg.yurao.pro","com.microsoft.translator","com.google.android.apps.translate","com.niven.apptranslate","com.eecorp.linguago","screen.translator.voice.translate","all.language.translate.translator","com.tangdi.baiguotong","at.nk.tools.iTranslate","ru.yandex.translate","com.kursx.smartbook","com.translator.translation.screen.translate.voice.languages.text.translating"]},{"rank":{"index":8,"lang":"zh-tw","country":"tw","chineseCountryName":"台湾","pkg":"com.spaceship.screen.textcopy"},"orders":["com.recognize_text.translate.screen","com.mg.yurao.google","com.tap_to_translate.snap_translate","com.gaminik.i18n","com.niven.game","com.niven.translator","com.niven.comic","com.spaceship.screen.textcopy","com.google.android.apps.translate","com.niven.apptranslate","com.newmg.yurao.pro","com.microsoft.translator","screen.translator.voice.translate","com.eecorp.linguago","com.naver.labs.translator","at.nk.tools.iTranslate","com.tranit.text.translate","com.zaz.translate","com.youdao.hindict","com.deepl.mobiletranslator"]},{"rank":{"index":4,"lang":"en","country":"in","chineseCountryName":"印度","pkg":"com.spaceship.screen.textcopy"},"orders":["com.recognize_text.translate.screen","com.gaminik.i18n","com.google.android.apps.translate","com.spaceship.screen.textcopy","com.niven.game","screen.translator.voice.translate","com.microsoft.translator","com.tap_to_translate.snap_translate","com.niven.comic","com.niven.translator","com.newmg.yurao.pro","com.zaz.translate","com.eecorp.linguago","com.niven.apptranslate","com.tranit.text.translate","translate.smartranit.language.text","free.translate.all.language.translator.voicetranslator","all.language.translate.translator","ru.yandex.translate","com.mg.yurao.google"]},{"rank":{"index":3,"lang":"id","country":"id","chineseCountryName":"印尼","pkg":"com.spaceship.screen.textcopy"},"orders":["com.recognize_text.translate.screen","com.tap_to_translate.snap_translate","com.spaceship.screen.textcopy","com.gaminik.i18n","com.mg.yurao.google","com.niven.game","com.niven.translator","com.niven.comic","com.google.android.apps.translate","com.newmg.yurao.pro","com.eecorp.linguago","com.niven.apptranslate","com.microsoft.translator","com.youdao.hindict","screen.translator.voice.translate","com.zaz.translate","com.naver.labs.translator","com.pidev.screentranslator","com.deepl.mobiletranslator","ru.yandex.translate"]},{"rank":{"index":2,"lang":"es-mx","country":"mx","chineseCountryName":"墨西哥","pkg":"com.spaceship.screen.textcopy"},"orders":["com.recognize_text.translate.screen","com.spaceship.screen.textcopy","com.gaminik.i18n","com.mg.yurao.google","com.tap_to_translate.snap_translate"]}]