[{"rank":{"index":2,"lang":"en-us","country":"us","chineseCountryName":"美国","pkg":"com.spaceship.screen.textcopy"},"orders":["com.recognize_text.translate.screen","com.spaceship.screen.textcopy","com.tap_to_translate.snap_translate","com.niven.translator","com.gaminik.i18n","com.newmg.yurao.pro","com.microsoft.translator","com.zaz.translate","at.nk.tools.iTranslate","com.google.android.apps.translate","com.screen.translate.google","com.niven.game","com.eecorp.linguago","com.niven.apptranslate","live.screentranslate.realtime","com.screen.translator.text.recognize","com.immersivetranslate.browser","com.deepl.mobiletranslator","com.ggxfj.mp","co.appnation.aivoicetranslator"]},{"rank":{"index":3,"lang":"ru","country":"ru","chineseCountryName":"俄罗斯","pkg":"com.spaceship.screen.textcopy"},"orders":["com.recognize_text.translate.screen","com.niven.translator","com.spaceship.screen.textcopy","com.tap_to_translate.snap_translate","com.gaminik.i18n","com.newmg.yurao.pro","com.microsoft.translator","com.zaz.translate","com.niven.game","com.niven.apptranslate","com.screen.translate.google","com.google.android.apps.translate","live.screentranslate.realtime","ru.yandex.translate","com.screen.translator.text.recognize","com.immersivetranslate.browser","com.eecorp.linguago","com.mg.chat","at.nk.tools.iTranslate","com.youdao.hindict"]},{"rank":{"index":2,"lang":"pt-br","country":"br","chineseCountryName":"巴西","pkg":"com.spaceship.screen.textcopy"},"orders":["com.recognize_text.translate.screen","com.spaceship.screen.textcopy","com.niven.translator","com.tap_to_translate.snap_translate","com.gaminik.i18n","com.newmg.yurao.pro","com.niven.game","com.microsoft.translator","live.screentranslate.realtime","com.zaz.translate","com.niven.apptranslate","com.screen.translate.google","com.eecorp.linguago","com.screen.translator.text.recognize","com.immersivetranslate.browser","com.google.android.apps.translate","at.nk.tools.iTranslate","com.youdao.hindict","ru.yandex.translate","com.mg.chat"]},{"rank":{"index":2,"lang":"fr","country":"fr","chineseCountryName":"法国","pkg":"com.spaceship.screen.textcopy"},"orders":["com.recognize_text.translate.screen","com.spaceship.screen.textcopy","com.tap_to_translate.snap_translate","com.newmg.yurao.pro","com.niven.translator","com.gaminik.i18n","live.screentranslate.realtime","com.eecorp.linguago","com.niven.apptranslate","com.screen.translator.text.recognize","com.screen.translate.google","com.zaz.translate","com.immersivetranslate.browser","com.niven.game","com.google.android.apps.translate","com.galaxy.airviewdictionary","com.fapp.translate.language.translator.fasttranslation","com.mg.chat","co.appnation.aivoicetranslator","com.aldoo.pdftranslatorpro"]},{"rank":{"index":2,"lang":"en-gb","country":"gb","chineseCountryName":"英国","pkg":"com.spaceship.screen.textcopy"},"orders":["com.recognize_text.translate.screen","com.spaceship.screen.textcopy","com.tap_to_translate.snap_translate"]},{"rank":{"index":2,"lang":"de","country":"de","chineseCountryName":"德国","pkg":"com.spaceship.screen.textcopy"},"orders":["com.recognize_text.translate.screen","com.spaceship.screen.textcopy","com.niven.translator","com.newmg.yurao.pro","com.gaminik.i18n","com.tap_to_translate.snap_translate","com.niven.apptranslate","com.screen.translate.google","live.screentranslate.realtime","com.immersivetranslate.browser"]},{"rank":{"index":2,"lang":"it","country":"it","chineseCountryName":"意大利","pkg":"com.spaceship.screen.textcopy"},"orders":["com.recognize_text.translate.screen","com.spaceship.screen.textcopy","com.tap_to_translate.snap_translate","com.gaminik.i18n","com.niven.translator","com.newmg.yurao.pro","com.immersivetranslate.browser","com.zaz.translate","com.niven.apptranslate"]},{"rank":{"index":3,"lang":"ja","country":"jp","chineseCountryName":"日本","pkg":"com.spaceship.screen.textcopy"},"orders":["com.recognize_text.translate.screen","com.tap_to_translate.snap_translate","com.spaceship.screen.textcopy","com.gaminik.i18n","com.niven.translator","com.newmg.yurao.pro","com.niven.apptranslate","com.eecorp.linguago","com.screen.translate.google","com.screen.translator.text.recognize","live.screentranslate.realtime","com.zaz.translate","com.immersivetranslate.browser","com.galaxy.airviewdictionary","com.niven.game"]},{"rank":{"index":2,"lang":"ko","country":"kr","chineseCountryName":"韩国","pkg":"com.spaceship.screen.textcopy"},"orders":["com.recognize_text.translate.screen","com.spaceship.screen.textcopy","com.tap_to_translate.snap_translate","com.gaminik.i18n","com.niven.translator","com.newmg.yurao.pro","live.screentranslate.realtime","com.niven.apptranslate","com.screen.translate.google"]},{"rank":{"index":2,"lang":"zh-hk","country":"hk","chineseCountryName":"香港","pkg":"com.spaceship.screen.textcopy"},"orders":["com.recognize_text.translate.screen","com.spaceship.screen.textcopy","com.tap_to_translate.snap_translate","com.niven.translator","com.gaminik.i18n","com.microsoft.translator","com.newmg.yurao.pro","com.immersivetranslate.browser","com.zaz.translate","at.nk.tools.iTranslate","com.niven.game","com.google.android.apps.translate","live.screentranslate.realtime","com.simyasolutions.translate","com.screen.translate.google","com.eecorp.linguago","com.niven.apptranslate","com.screen.translator.text.recognize","com.deepl.mobiletranslator","photo.translate.camera.translator"]},{"rank":{"index":2,"lang":"zh-tw","country":"tw","chineseCountryName":"台湾","pkg":"com.spaceship.screen.textcopy"},"orders":["com.recognize_text.translate.screen","com.spaceship.screen.textcopy","com.gaminik.i18n","com.newmg.yurao.pro","com.niven.translator","com.tap_to_translate.snap_translate","com.microsoft.translator","at.nk.tools.iTranslate","com.eecorp.linguago","live.screentranslate.realtime","com.screen.translate.google","com.niven.apptranslate","com.zaz.translate","com.niven.game","com.immersivetranslate.browser","com.simyasolutions.translate","com.google.android.apps.translate","com.screen.translator.text.recognize","com.aldoo.pdftranslatorpro","photo.translate.camera.translator"]},{"rank":{"index":0,"lang":"en","country":"in","chineseCountryName":"印度","pkg":"com.spaceship.screen.textcopy"},"orders":["com.recognize_text.translate.screen","com.tap_to_translate.snap_translate","com.gaminik.i18n"]},{"rank":{"index":2,"lang":"id","country":"id","chineseCountryName":"印尼","pkg":"com.spaceship.screen.textcopy"},"orders":["com.recognize_text.translate.screen","com.spaceship.screen.textcopy","com.niven.translator","com.tap_to_translate.snap_translate","com.gaminik.i18n","com.newmg.yurao.pro","com.niven.game","com.microsoft.translator","com.zaz.translate","com.eecorp.linguago","com.screen.translate.google","live.screentranslate.realtime","com.niven.apptranslate","at.nk.tools.iTranslate","com.screen.translator.text.recognize","com.google.android.apps.translate","com.deepl.mobiletranslator","com.immersivetranslate.browser","link.zhidou.btranslator","com.ggxfj.mp"]},{"rank":{"index":2,"lang":"es-mx","country":"mx","chineseCountryName":"墨西哥","pkg":"com.spaceship.screen.textcopy"},"orders":["com.recognize_text.translate.screen","com.spaceship.screen.textcopy","com.niven.translator","com.tap_to_translate.snap_translate","com.gaminik.i18n","com.newmg.yurao.pro","live.screentranslate.realtime","com.eecorp.linguago","com.niven.apptranslate","com.screen.translate.google","com.screen.translator.text.recognize","com.niven.game","com.zaz.translate","com.galaxy.airviewdictionary","com.mg.chat","com.google.android.apps.translate","com.immersivetranslate.browser","com.fapp.translate.language.translator.fasttranslation","com.yoyodev.screentranslate","com.aldoo.pdftranslatorpro"]}]