[{"rank":{"index":2,"lang":"en-us","country":"us","chineseCountryName":"美国","pkg":"com.spaceship.screen.textcopy"},"orders":["com.recognize_text.translate.screen","com.spaceship.screen.textcopy","com.screen.translate.google","com.google.android.apps.translate","com.yoyodev.screentranslate","com.gaminik.i18n","at.nk.tools.iTranslate","com.niven.translator","com.microsoft.translator","com.tap_to_translate.snap_translate","com.aurasense.screentranslate","ru.yandex.translate","photo.translate.camera.translator","com.newmg.yurao.pro","co.appnation.aivoicetranslator","com.deepl.mobiletranslator","com.live.translator.ai","com.niven.game","com.pons.onlinedictionary","com.zaz.translate"]},{"rank":{"index":4,"lang":"ru","country":"ru","chineseCountryName":"俄罗斯","pkg":"com.spaceship.screen.textcopy"},"orders":["com.recognize_text.translate.screen","com.niven.translator","com.tap_to_translate.snap_translate","com.spaceship.screen.textcopy","com.yoyodev.screentranslate","ru.yandex.translate","com.gaminik.i18n","com.microsoft.translator","at.nk.tools.iTranslate"]},{"rank":{"index":2,"lang":"pt-br","country":"br","chineseCountryName":"巴西","pkg":"com.spaceship.screen.textcopy"},"orders":["com.recognize_text.translate.screen","com.spaceship.screen.textcopy","com.gaminik.i18n","com.tap_to_translate.snap_translate","com.niven.translator","at.nk.tools.iTranslate","com.google.android.apps.translate","com.screen.translate.google","com.microsoft.translator","ru.yandex.translate","co.appnation.aivoicetranslator","com.newmg.yurao.pro","photo.translate.camera.translator","com.zaz.translate","com.niven.game","com.kursx.smartbook","com.galaxy.airviewdictionary","com.transgull.translator","com.deepl.mobiletranslator","com.fapp.translate.language.translator.fasttranslation"]},{"rank":{"index":2,"lang":"fr","country":"fr","chineseCountryName":"法国","pkg":"com.spaceship.screen.textcopy"},"orders":["com.recognize_text.translate.screen","com.spaceship.screen.textcopy","com.tap_to_translate.snap_translate","com.gaminik.i18n","com.yoyodev.screentranslate","com.niven.translator","com.screen.translate.google","com.aurasense.screentranslate","com.newmg.yurao.pro","photo.translate.camera.translator","com.niven.game","com.galaxy.airviewdictionary","co.appnation.aivoicetranslator","at.nk.tools.iTranslate","com.newtranslate.google","com.microsoft.translator","com.fapp.translate.language.translator.fasttranslation","ru.yandex.translate","com.niven.apptranslate","live.screentranslate.realtime"]},{"rank":{"index":2,"lang":"en-gb","country":"gb","chineseCountryName":"英国","pkg":"com.spaceship.screen.textcopy"},"orders":["com.recognize_text.translate.screen","com.spaceship.screen.textcopy","com.screen.translate.google","com.yoyodev.screentranslate","com.gaminik.i18n","com.tap_to_translate.snap_translate","com.niven.translator","at.nk.tools.iTranslate","com.galaxy.airviewdictionary","com.aurasense.screentranslate","com.google.android.apps.translate","photo.translate.camera.translator","com.microsoft.translator","com.newmg.yurao.pro","co.appnation.aivoicetranslator","ru.yandex.translate","com.niven.game","com.fapp.translate.language.translator.fasttranslation","com.pons.onlinedictionary","com.transgull.translator"]},{"rank":{"index":2,"lang":"de","country":"de","chineseCountryName":"德国","pkg":"com.spaceship.screen.textcopy"},"orders":["com.recognize_text.translate.screen","com.spaceship.screen.textcopy","com.tap_to_translate.snap_translate","com.gaminik.i18n","com.yoyodev.screentranslate","com.screen.translate.google","com.niven.translator","at.nk.tools.iTranslate","com.google.android.apps.translate","com.newmg.yurao.pro","com.microsoft.translator","ru.yandex.translate","com.aurasense.screentranslate","co.appnation.aivoicetranslator","photo.translate.camera.translator","com.pons.onlinedictionary","com.niven.game","com.galaxy.airviewdictionary","com.zaz.translate","com.deepl.mobiletranslator"]},{"rank":{"index":2,"lang":"it","country":"it","chineseCountryName":"意大利","pkg":"com.spaceship.screen.textcopy"},"orders":["com.recognize_text.translate.screen","com.spaceship.screen.textcopy","com.tap_to_translate.snap_translate","com.gaminik.i18n","com.yoyodev.screentranslate","com.niven.translator","com.google.android.apps.translate","at.nk.tools.iTranslate","com.screen.translate.google","com.aurasense.screentranslate","co.appnation.aivoicetranslator","photo.translate.camera.translator","com.microsoft.translator"]},{"rank":{"index":2,"lang":"ja","country":"jp","chineseCountryName":"日本","pkg":"com.spaceship.screen.textcopy"},"orders":["com.recognize_text.translate.screen","com.spaceship.screen.textcopy","com.tap_to_translate.snap_translate","com.gaminik.i18n","com.google.android.apps.translate","com.screen.translate.google","com.microsoft.translator","at.nk.tools.iTranslate","ru.yandex.translate","com.niven.translator","com.zaz.translate","com.naver.labs.translator","co.appnation.aivoicetranslator"]},{"rank":{"index":2,"lang":"ko","country":"kr","chineseCountryName":"韩国","pkg":"com.spaceship.screen.textcopy"},"orders":["com.recognize_text.translate.screen","com.spaceship.screen.textcopy","com.gaminik.i18n","com.screen.translate.google","com.tap_to_translate.snap_translate","com.galaxy.airviewdictionary","com.niven.translator","com.aurasense.screentranslate","at.nk.tools.iTranslate","ru.yandex.translate","com.microsoft.translator"]},{"rank":{"index":8,"lang":"zh-hk","country":"hk","chineseCountryName":"香港","pkg":"com.spaceship.screen.textcopy"},"orders":["com.recognize_text.translate.screen","com.gaminik.i18n","com.tap_to_translate.snap_translate","at.nk.tools.iTranslate","ru.yandex.translate","photo.translate.camera.translator","co.appnation.aivoicetranslator","com.spaceship.screen.textcopy","com.niven.translator","com.galaxy.airviewdictionary","com.screen.translate.google","com.yoyodev.screentranslate","com.newmg.yurao.pro","com.newtranslate.google","com.aurasense.screentranslate","com.fapp.translate.language.translator.fasttranslation","com.microsoft.translator","com.google.android.apps.translate","com.niven.game","com.zaz.translate"]},{"rank":{"index":2,"lang":"zh-tw","country":"tw","chineseCountryName":"台湾","pkg":"com.spaceship.screen.textcopy"},"orders":["com.recognize_text.translate.screen","com.spaceship.screen.textcopy","com.screen.translate.google","com.yoyodev.screentranslate","com.gaminik.i18n","com.niven.translator","ru.yandex.translate","com.zaz.translate","at.nk.tools.iTranslate","com.microsoft.translator"]},{"rank":{"index":0,"lang":"en","country":"in","chineseCountryName":"印度","pkg":"com.spaceship.screen.textcopy"},"orders":["com.recognize_text.translate.screen","com.gaminik.i18n","com.google.android.apps.translate","at.nk.tools.iTranslate"]},{"rank":{"index":2,"lang":"id","country":"id","chineseCountryName":"印尼","pkg":"com.spaceship.screen.textcopy"},"orders":["com.recognize_text.translate.screen","com.spaceship.screen.textcopy","com.tap_to_translate.snap_translate","com.gaminik.i18n","com.yoyodev.screentranslate","com.niven.translator","at.nk.tools.iTranslate","com.google.android.apps.translate","com.screen.translate.google","com.aurasense.screentranslate"]},{"rank":{"index":13,"lang":"es-mx","country":"mx","chineseCountryName":"墨西哥","pkg":"com.spaceship.screen.textcopy"},"orders":["com.recognize_text.translate.screen","com.tap_to_translate.snap_translate","com.gaminik.i18n","at.nk.tools.iTranslate","com.google.android.apps.translate","ru.yandex.translate","com.zaz.translate","com.deepl.mobiletranslator","photo.translate.camera.translator","co.appnation.aivoicetranslator","com.live.translator.ai","com.transgull.translator","com.spaceship.screen.textcopy","com.niven.translator","com.yoyodev.screentranslate","com.screen.translate.google","com.galaxy.airviewdictionary","com.newmg.yurao.pro","com.kursx.smartbook","com.fapp.translate.language.translator.fasttranslation"]}]