[{"rank":{"index":2,"lang":"en-us","country":"us","chineseCountryName":"美国","pkg":"com.spaceship.screen.textcopy"},"orders":["com.recognize_text.translate.screen","com.spaceship.screen.textcopy","com.tap_to_translate.snap_translate","com.google.android.apps.translate","com.niven.translator","com.screen.translate.google","com.gaminik.i18n","com.deepl.mobiletranslator","com.newmg.yurao.pro","com.microsoft.translator","com.immersivetranslate.browser","com.naver.labs.translator","com.zaz.translate","photo.translate.camera.translator","at.nk.tools.iTranslate","com.translate.talkingtranslator","com.fapp.translate.language.translator.fasttranslation","com.niven.game","com.voice_camera_free_translate","com.voice.ai.deep.translate"]},{"rank":{"index":4,"lang":"ru","country":"ru","chineseCountryName":"俄罗斯","pkg":"com.spaceship.screen.textcopy"},"orders":["com.recognize_text.translate.screen","com.niven.translator","com.tap_to_translate.snap_translate","com.spaceship.screen.textcopy","com.gaminik.i18n","com.screen.translate.google","com.newmg.yurao.pro","com.deepl.mobiletranslator","com.google.android.apps.translate","ru.yandex.translate","com.immersivetranslate.browser","com.zaz.translate","com.niven.game","photo.translate.camera.translator"]},{"rank":{"index":2,"lang":"pt-br","country":"br","chineseCountryName":"巴西","pkg":"com.spaceship.screen.textcopy"},"orders":["com.recognize_text.translate.screen","com.spaceship.screen.textcopy","com.tap_to_translate.snap_translate","com.gaminik.i18n","com.newmg.yurao.pro","com.zaz.translate","com.google.android.apps.translate","com.deepl.mobiletranslator","at.nk.tools.iTranslate","com.microsoft.translator","com.datacomprojects.scanandtranslate","com.immersivetranslate.browser","com.kursx.smartbook","photo.translate.camera.translator","com.voice_camera_free_translate","com.aiphone.secondphonenumber","com.niven.translator","com.screen.translate.google","ru.yandex.translate","com.niven.game"]},{"rank":{"index":2,"lang":"fr","country":"fr","chineseCountryName":"法国","pkg":"com.spaceship.screen.textcopy"},"orders":["com.recognize_text.translate.screen","com.spaceship.screen.textcopy","com.tap_to_translate.snap_translate","com.niven.translator","com.screen.translate.google","com.gaminik.i18n","com.newmg.yurao.pro","com.google.android.apps.translate","com.immersivetranslate.browser","com.zaz.translate","com.fapp.translate.language.translator.fasttranslation","com.voice_camera_free_translate","com.deepl.mobiletranslator","com.niven.game","photo.translate.camera.translator","live.screentranslate.realtime","com.datacomprojects.scanandtranslate","com.eecorp.linguago","com.microsoft.translator","com.niven.apptranslate"]},{"rank":{"index":2,"lang":"en-gb","country":"gb","chineseCountryName":"英国","pkg":"com.spaceship.screen.textcopy"},"orders":["com.recognize_text.translate.screen","com.spaceship.screen.textcopy","com.niven.translator","com.google.android.apps.translate","com.screen.translate.google","com.gaminik.i18n","com.newmg.yurao.pro","com.tap_to_translate.snap_translate","com.microsoft.translator","com.deepl.mobiletranslator","com.zaz.translate","com.immersivetranslate.browser","at.nk.tools.iTranslate","com.naver.labs.translator","com.voice.ai.deep.translate","com.fapp.translate.language.translator.fasttranslation","photo.translate.camera.translator","ru.yandex.translate","com.inw.trulinco","com.translate.talkingtranslator"]},{"rank":{"index":4,"lang":"de","country":"de","chineseCountryName":"德国","pkg":"com.spaceship.screen.textcopy"},"orders":["com.recognize_text.translate.screen","com.niven.translator","com.tap_to_translate.snap_translate","com.spaceship.screen.textcopy","com.screen.translate.google","com.gaminik.i18n","com.newmg.yurao.pro","com.google.android.apps.translate","com.immersivetranslate.browser","com.deepl.mobiletranslator","com.zaz.translate","com.niven.game","com.voice_camera_free_translate","com.fapp.translate.language.translator.fasttranslation","com.eecorp.linguago","live.screentranslate.realtime","photo.translate.camera.translator","com.microsoft.translator","com.niven.apptranslate","at.nk.tools.iTranslate"]},{"rank":{"index":2,"lang":"it","country":"it","chineseCountryName":"意大利","pkg":"com.spaceship.screen.textcopy"},"orders":["com.recognize_text.translate.screen","com.spaceship.screen.textcopy","com.tap_to_translate.snap_translate","com.niven.translator","com.screen.translate.google","com.gaminik.i18n","com.newmg.yurao.pro","com.google.android.apps.translate","com.immersivetranslate.browser","com.deepl.mobiletranslator","com.zaz.translate","com.fapp.translate.language.translator.fasttranslation","com.voice_camera_free_translate","photo.translate.camera.translator","com.niven.game","com.eecorp.linguago","com.microsoft.translator","link.zhidou.btranslator","live.screentranslate.realtime","com.kursx.smartbook"]},{"rank":{"index":2,"lang":"ja","country":"jp","chineseCountryName":"日本","pkg":"com.spaceship.screen.textcopy"},"orders":["com.recognize_text.translate.screen","com.spaceship.screen.textcopy","com.tap_to_translate.snap_translate","com.niven.translator","com.screen.translate.google","com.gaminik.i18n","com.newmg.yurao.pro","com.google.android.apps.translate","com.immersivetranslate.browser","com.zaz.translate","com.deepl.mobiletranslator","com.naver.labs.translator"]},{"rank":{"index":2,"lang":"ko","country":"kr","chineseCountryName":"韩国","pkg":"com.spaceship.screen.textcopy"},"orders":["com.recognize_text.translate.screen","com.spaceship.screen.textcopy","com.tap_to_translate.snap_translate","com.niven.translator","com.gaminik.i18n","com.screen.translate.google","com.newmg.yurao.pro","com.google.android.apps.translate","com.zaz.translate","com.naver.labs.translator"]},{"rank":{"index":2,"lang":"zh-hk","country":"hk","chineseCountryName":"香港","pkg":"com.spaceship.screen.textcopy"},"orders":["com.recognize_text.translate.screen","com.spaceship.screen.textcopy","com.screen.translate.google","com.tap_to_translate.snap_translate","com.niven.translator","com.gaminik.i18n","com.google.android.apps.translate","com.newmg.yurao.pro","com.immersivetranslate.browser","com.zaz.translate","com.deepl.mobiletranslator","com.microsoft.translator","com.voice_camera_free_translate","com.naver.labs.translator","com.fapp.translate.language.translator.fasttranslation","photo.translate.camera.translator","at.nk.tools.iTranslate","com.niven.game","ru.yandex.translate","live.screentranslate.realtime"]},{"rank":{"index":2,"lang":"zh-tw","country":"tw","chineseCountryName":"台湾","pkg":"com.spaceship.screen.textcopy"},"orders":["com.recognize_text.translate.screen","com.spaceship.screen.textcopy","com.niven.translator","com.screen.translate.google","com.gaminik.i18n","com.newmg.yurao.pro","com.tap_to_translate.snap_translate","com.google.android.apps.translate","com.immersivetranslate.browser","com.fapp.translate.language.translator.fasttranslation","com.zaz.translate","com.deepl.mobiletranslator","com.naver.labs.translator","com.niven.game"]},{"rank":{"index":2,"lang":"en","country":"in","chineseCountryName":"印度","pkg":"com.spaceship.screen.textcopy"},"orders":["com.recognize_text.translate.screen","com.spaceship.screen.textcopy","com.newmg.yurao.pro","com.google.android.apps.translate","com.zaz.translate"]},{"rank":{"index":2,"lang":"id","country":"id","chineseCountryName":"印尼","pkg":"com.spaceship.screen.textcopy"},"orders":["com.recognize_text.translate.screen","com.spaceship.screen.textcopy","com.tap_to_translate.snap_translate","com.niven.translator","com.screen.translate.google","com.gaminik.i18n","com.newmg.yurao.pro","com.google.android.apps.translate","com.fapp.translate.language.translator.fasttranslation","com.niven.game","com.deepl.mobiletranslator"]},{"rank":{"index":2,"lang":"es-mx","country":"mx","chineseCountryName":"墨西哥","pkg":"com.spaceship.screen.textcopy"},"orders":["com.recognize_text.translate.screen","com.spaceship.screen.textcopy","com.tap_to_translate.snap_translate","com.gaminik.i18n","com.newmg.yurao.pro","com.google.android.apps.translate","com.zaz.translate","com.deepl.mobiletranslator","at.nk.tools.iTranslate","com.microsoft.translator","com.voice_camera_free_translate","com.immersivetranslate.browser","com.naver.labs.translator","photo.translate.camera.translator","link.zhidou.btranslator","com.translation666","com.aldoo.pdftranslatorpro","co.timekettle.livetranslator","com.niven.translator","com.screen.translate.google"]}]