[{"rank":{"index":2,"lang":"en-us","country":"us","chineseCountryName":"美国","pkg":"com.spaceship.screen.textcopy"},"orders":["com.recognize_text.translate.screen","com.spaceship.screen.textcopy","com.google.android.apps.translate","com.gaminik.i18n","com.tap_to_translate.snap_translate","com.niven.translator","com.niven.game","com.microsoft.translator","com.newmg.yurao.pro","com.datacomprojects.scanandtranslate","at.nk.tools.iTranslate","com.niven.apptranslate","com.facebook.orca","screen.translator.voice.translate","com.mobisystems.msdict.embedded.wireless.collins.ee","com.screen.translate.google","com.google.ar.lens","us.zoom.videomeetings","com.google.android.apps.photos","com.android.chrome"]},{"rank":{"index":2,"lang":"ru","country":"ru","chineseCountryName":"俄罗斯","pkg":"com.spaceship.screen.textcopy"},"orders":["com.recognize_text.translate.screen","com.spaceship.screen.textcopy","com.tap_to_translate.snap_translate","com.gaminik.i18n","com.niven.translator","com.newmg.yurao.pro","com.niven.game","com.niven.apptranslate","ru.yandex.translate","com.google.android.apps.translate","com.microsoft.translator","com.facebook.orca","us.zoom.videomeetings","com.screen.translate.google","com.discord","com.android.chrome","org.videolan.vlc","com.google.android.dialer","com.camerasideas.instashot","com.google.android.apps.photos"]},{"rank":{"index":2,"lang":"fr","country":"fr","chineseCountryName":"法国","pkg":"com.spaceship.screen.textcopy"},"orders":["com.recognize_text.translate.screen","com.spaceship.screen.textcopy","com.tap_to_translate.snap_translate","com.gaminik.i18n","com.niven.game","com.niven.translator","com.newmg.yurao.pro","com.google.android.apps.translate","com.niven.apptranslate","com.niven.comic","com.facebook.orca","com.microsoft.translator","com.screen.translate.google","us.zoom.videomeetings","com.google.android.apps.photos","com.discord","com.android.chrome","com.skype.raider","com.truecaller","com.microsoft.office.outlook"]},{"rank":{"index":2,"lang":"en-gb","country":"gb","chineseCountryName":"英国","pkg":"com.spaceship.screen.textcopy"},"orders":["com.recognize_text.translate.screen","com.spaceship.screen.textcopy","com.google.android.apps.translate","com.gaminik.i18n","com.microsoft.translator","com.niven.game","com.tap_to_translate.snap_translate","com.niven.translator","com.newmg.yurao.pro","com.datacomprojects.scanandtranslate","com.niven.apptranslate","com.niven.comic","com.zaz.translate","at.nk.tools.iTranslate","com.google.ar.lens","com.youdao.hindict","com.ticktalk.translatevoice","com.mobisystems.msdict.embedded.wireless.collins.ee","com.image.camera.translate.ai","xbean.image.picture.translate.ocr"]},{"rank":{"index":2,"lang":"de","country":"de","chineseCountryName":"德国","pkg":"com.spaceship.screen.textcopy"},"orders":["com.recognize_text.translate.screen","com.spaceship.screen.textcopy","com.tap_to_translate.snap_translate","com.gaminik.i18n","com.niven.game","com.niven.translator","com.newmg.yurao.pro","com.google.android.apps.translate","com.niven.apptranslate","com.niven.comic","com.microsoft.translator","com.datacomprojects.scanandtranslate","com.screen.translate.google","com.flitto.app","com.youdao.hindict","com.deepl.mobiletranslator","com.facebook.orca","com.ticktalk.translatevoice","screen.translator.voice.translate","com.softissimo.reverso.context"]},{"rank":{"index":2,"lang":"it","country":"it","chineseCountryName":"意大利","pkg":"com.spaceship.screen.textcopy"},"orders":["com.recognize_text.translate.screen","com.spaceship.screen.textcopy","com.gaminik.i18n","com.tap_to_translate.snap_translate","com.niven.translator","com.niven.game","com.niven.apptranslate","com.google.android.apps.translate","com.newmg.yurao.pro","com.niven.comic","com.facebook.orca","com.screen.translate.google","com.microsoft.translator","us.zoom.videomeetings","at.nk.tools.iTranslate","com.discord","com.google.android.apps.photos","com.twitter.android","com.android.chrome","com.skype.raider"]},{"rank":{"index":2,"lang":"ja","country":"jp","chineseCountryName":"日本","pkg":"com.spaceship.screen.textcopy"},"orders":["com.recognize_text.translate.screen","com.spaceship.screen.textcopy","com.tap_to_translate.snap_translate","com.gaminik.i18n","com.niven.game","com.niven.translator","com.newmg.yurao.pro","com.google.android.apps.translate","com.niven.apptranslate","com.microsoft.translator","com.niven.comic","com.google.ar.lens","com.naver.labs.translator","com.deepl.mobiletranslator","com.datacomprojects.scanandtranslate","com.facebook.orca","com.youdao.hindict","com.android.chrome","com.screen.translate.google","us.zoom.videomeetings"]},{"rank":{"index":2,"lang":"ko","country":"kr","chineseCountryName":"韩国","pkg":"com.spaceship.screen.textcopy"},"orders":["com.recognize_text.translate.screen","com.spaceship.screen.textcopy","com.tap_to_translate.snap_translate","com.gaminik.i18n","com.niven.translator","com.niven.game","com.google.android.apps.translate","com.niven.apptranslate","com.facebook.orca","com.naver.labs.translator","us.zoom.videomeetings","com.newmg.yurao.pro","com.discord","com.android.chrome","com.twitter.android","com.google.android.apps.photos","com.sec.android.app.sbrowser","com.google.android.apps.docs","com.nhn.android.search","com.duolingo"]},{"rank":{"index":2,"lang":"zh-hk","country":"hk","chineseCountryName":"香港","pkg":"com.spaceship.screen.textcopy"},"orders":["com.recognize_text.translate.screen","com.spaceship.screen.textcopy","com.gaminik.i18n","com.niven.game","com.tap_to_translate.snap_translate","com.niven.translator","com.google.android.apps.translate","com.screen.translate.google","com.niven.apptranslate","com.facebook.orca","com.android.chrome","com.whatsapp","com.newmg.yurao.pro","com.google.android.apps.maps","com.discord","us.zoom.videomeetings","com.twitter.android","com.skype.raider","com.google.android.apps.photos","com.microsoft.office.outlook"]},{"rank":{"index":2,"lang":"zh-tw","country":"tw","chineseCountryName":"台湾","pkg":"com.spaceship.screen.textcopy"},"orders":["com.recognize_text.translate.screen","com.spaceship.screen.textcopy","com.gaminik.i18n","com.tap_to_translate.snap_translate","com.niven.translator","com.niven.game","com.screen.translate.google","com.niven.apptranslate","com.newmg.yurao.pro","com.google.android.apps.translate","com.facebook.orca","com.discord","com.android.chrome","com.google.android.apps.maps","com.twitter.android","us.zoom.videomeetings","com.skype.raider","com.google.android.apps.photos","com.sec.android.app.sbrowser","com.google.android.apps.dynamite"]},{"rank":{"index":2,"lang":"en","country":"in","chineseCountryName":"印度","pkg":"com.spaceship.screen.textcopy"},"orders":["com.recognize_text.translate.screen","com.spaceship.screen.textcopy","com.google.android.apps.translate","com.niven.game","com.microsoft.translator","at.nk.tools.iTranslate","com.google.ar.lens","com.google.android.marvin.talkback","com.naver.labs.translator","com.flitto.app","com.google.android.inputmethod.latin","com.duolingo","com.gaminik.i18n"]},{"rank":{"index":2,"lang":"id","country":"id","chineseCountryName":"印尼","pkg":"com.spaceship.screen.textcopy"},"orders":["com.recognize_text.translate.screen","com.spaceship.screen.textcopy","com.tap_to_translate.snap_translate","com.gaminik.i18n","com.niven.translator","com.niven.game","com.google.android.apps.translate","com.newmg.yurao.pro","com.niven.apptranslate","com.youdao.hindict","com.niven.comic"]}]