[{"rank":{"index":2,"lang":"en-us","country":"us","chineseCountryName":"美国","pkg":"com.spaceship.screen.textcopy"},"orders":["com.recognize_text.translate.screen","com.spaceship.screen.textcopy","com.tap_to_translate.snap_translate","com.gaminik.i18n","com.google.android.apps.translate","com.microsoft.translator","com.mg.yurao.google","com.niven.translator","com.niven.game","screen.translator.voice.translate","com.eecorp.linguago","com.niven.comic","com.niven.apptranslate","com.naver.labs.translator","com.newmg.yurao.pro","ru.yandex.translate","com.eecorp.taptranslator","com.deepl.mobiletranslator","com.sayhi.android.sayhitranslate","com.galaxy.airviewdictionary"]},{"rank":{"index":3,"lang":"ru","country":"ru","chineseCountryName":"俄罗斯","pkg":"com.spaceship.screen.textcopy"},"orders":["com.recognize_text.translate.screen","com.tap_to_translate.snap_translate","com.spaceship.screen.textcopy","com.microsoft.translator","com.niven.game","com.niven.translator","com.gaminik.i18n","com.google.android.apps.translate","com.niven.comic","com.eecorp.linguago","ru.yandex.translate","com.niven.apptranslate","com.kursx.smartbook","screen.translator.voice.translate","com.pidev.screentranslator","com.ydzlabs.chattranslator","com.tangdi.baiguotong","com.deepl.mobiletranslator","com.datacomprojects.scanandtranslate","com.tranit.text.translate"]},{"rank":{"index":3,"lang":"pt-br","country":"br","chineseCountryName":"巴西","pkg":"com.spaceship.screen.textcopy"},"orders":["com.recognize_text.translate.screen","com.tap_to_translate.snap_translate","com.spaceship.screen.textcopy","com.gaminik.i18n","com.mg.yurao.google","com.niven.game","com.niven.translator","com.niven.comic","com.eecorp.linguago","com.niven.apptranslate","com.google.android.apps.translate","com.microsoft.translator","screen.translator.voice.translate","com.youdao.hindict","com.newmg.yurao.pro","com.deepl.mobiletranslator","com.tranit.text.translate","com.pidev.screentranslator","com.zaz.translate","com.ydzlabs.chattranslator"]},{"rank":{"index":2,"lang":"fr","country":"fr","chineseCountryName":"法国","pkg":"com.spaceship.screen.textcopy"},"orders":["com.recognize_text.translate.screen","com.spaceship.screen.textcopy","com.tap_to_translate.snap_translate","com.mg.yurao.google","com.gaminik.i18n","screen.translator.voice.translate","com.niven.game","com.niven.translator","com.google.android.apps.translate","com.niven.comic","com.eecorp.linguago","com.microsoft.translator","com.niven.apptranslate","com.newmg.yurao.pro","com.eecorp.taptranslator","ru.yandex.translate","com.zaz.translate","com.deepl.mobiletranslator","com.pidev.screentranslator","com.naver.labs.translator"]},{"rank":{"index":2,"lang":"en-gb","country":"gb","chineseCountryName":"英国","pkg":"com.spaceship.screen.textcopy"},"orders":["com.recognize_text.translate.screen","com.spaceship.screen.textcopy","com.tap_to_translate.snap_translate","com.microsoft.translator","com.mg.yurao.google","com.google.android.apps.translate","com.gaminik.i18n","screen.translator.voice.translate","com.niven.game","com.niven.translator","com.translator.yellow","com.niven.comic","com.eecorp.linguago","com.translate.app","com.newmg.yurao.pro","com.niven.apptranslate","com.tangdi.baiguotong","at.nk.tools.iTranslate","com.sayhi.android.sayhitranslate","com.kursx.smartbook"]},{"rank":{"index":2,"lang":"de","country":"de","chineseCountryName":"德国","pkg":"com.spaceship.screen.textcopy"},"orders":["com.recognize_text.translate.screen","com.spaceship.screen.textcopy","com.gaminik.i18n","com.mg.yurao.google","com.niven.game","com.tap_to_translate.snap_translate","com.niven.translator","com.microsoft.translator","com.niven.comic","com.eecorp.linguago","com.newmg.yurao.pro","com.niven.apptranslate","com.translate.app","com.translator.yellow","screen.translator.voice.translate","com.kursx.smartbook","com.google.android.apps.translate","ru.yandex.translate","com.pidev.screentranslator","all.language.translate.translator"]},{"rank":{"index":2,"lang":"it","country":"it","chineseCountryName":"意大利","pkg":"com.spaceship.screen.textcopy"},"orders":["com.recognize_text.translate.screen","com.spaceship.screen.textcopy","com.gaminik.i18n","screen.translator.voice.translate","com.niven.game","com.tap_to_translate.snap_translate","com.mg.yurao.google","com.niven.translator","com.niven.comic","com.eecorp.linguago","com.microsoft.translator","com.niven.apptranslate","com.google.android.apps.translate","com.newmg.yurao.pro","com.zaz.translate","com.eecorp.taptranslator","com.pidev.screentranslator","com.deepl.mobiletranslator","at.nk.tools.iTranslate","ru.yandex.translate"]},{"rank":{"index":3,"lang":"ja","country":"jp","chineseCountryName":"日本","pkg":"com.spaceship.screen.textcopy"},"orders":["com.recognize_text.translate.screen","com.gaminik.i18n","com.spaceship.screen.textcopy","com.mg.yurao.google","com.eecorp.taptranslator","com.tap_to_translate.snap_translate","com.niven.translator","com.niven.game","com.eecorp.linguago","com.niven.comic","com.newmg.yurao.pro","com.niven.apptranslate","screen.translator.voice.translate","com.microsoft.translator","com.pidev.screentranslator","com.abbyy.mobile.textgrabber.full","com.google.android.apps.translate","com.deepl.mobiletranslator","com.copy.paste.ocr.screen.text.copypastetrial","com.appgroup.app.arcamera"]},{"rank":{"index":2,"lang":"ko","country":"kr","chineseCountryName":"韩国","pkg":"com.spaceship.screen.textcopy"},"orders":["com.recognize_text.translate.screen","com.spaceship.screen.textcopy","com.tap_to_translate.snap_translate","com.mg.yurao.google","com.gaminik.i18n","com.microsoft.translator","com.niven.game","com.google.android.apps.translate","com.niven.translator","com.niven.comic","com.eecorp.linguago","com.naver.labs.translator","com.newmg.yurao.pro","com.niven.apptranslate","screen.translator.voice.translate","com.kursx.smartbook","com.flitto.app","com.deepl.mobiletranslator","com.eecorp.taptranslator","com.ydzlabs.chattranslator"]},{"rank":{"index":5,"lang":"zh-tw","country":"tw","chineseCountryName":"台湾","pkg":"com.spaceship.screen.textcopy"},"orders":["com.recognize_text.translate.screen","com.mg.yurao.google","com.tap_to_translate.snap_translate","com.microsoft.translator","com.spaceship.screen.textcopy","com.gaminik.i18n","com.google.android.apps.translate","com.niven.game","com.niven.translator","com.niven.comic","com.eecorp.linguago","com.newmg.yurao.pro","com.tangdi.baiguotong","com.niven.apptranslate","com.zaz.translate","com.kursx.smartbook","screen.translator.voice.translate","com.ydzlabs.chattranslator","com.simyasolutions.translate","com.naver.labs.translator"]},{"rank":{"index":2,"lang":"en","country":"in","chineseCountryName":"印度","pkg":"com.spaceship.screen.textcopy"},"orders":["com.recognize_text.translate.screen","com.spaceship.screen.textcopy","com.tap_to_translate.snap_translate","com.google.android.apps.translate","screen.translator.voice.translate","com.microsoft.translator","com.gaminik.i18n","com.niven.game","com.zaz.translate","com.niven.translator","com.niven.comic","com.eecorp.linguago","com.newmg.yurao.pro","com.tranit.text.translate","com.niven.apptranslate","translate.smartranit.language.text","com.pidev.screentranslator","com.abbyy.mobile.textgrabber.full","com.naver.labs.translator","com.mg.yurao.google"]},{"rank":{"index":2,"lang":"id","country":"id","chineseCountryName":"印尼","pkg":"com.spaceship.screen.textcopy"},"orders":["com.recognize_text.translate.screen","com.spaceship.screen.textcopy","com.gaminik.i18n","com.mg.yurao.google","com.niven.game","com.eecorp.linguago","com.tap_to_translate.snap_translate","com.niven.translator","com.newmg.yurao.pro","com.niven.comic","com.microsoft.translator","com.google.android.apps.translate","com.youdao.hindict","com.niven.apptranslate","screen.translator.voice.translate"]},{"rank":{"index":4,"lang":"es-mx","country":"mx","chineseCountryName":"墨西哥","pkg":"com.spaceship.screen.textcopy"},"orders":["com.recognize_text.translate.screen","com.gaminik.i18n","com.tap_to_translate.snap_translate","com.spaceship.screen.textcopy","com.mg.yurao.google","com.niven.game","com.niven.translator","com.microsoft.translator","com.niven.comic","com.eecorp.linguago","com.newmg.yurao.pro","com.niven.apptranslate","screen.translator.voice.translate","com.google.android.apps.translate","com.youdao.hindict","com.aldoo.pdftranslatorpro","at.nk.tools.iTranslate","com.abbyy.mobile.textgrabber.full","com.pidev.screentranslator","com.kursx.smartbook"]}]