[{"rank":{"index":5,"lang":"en-us","country":"us","chineseCountryName":"美国","pkg":"com.spaceship.screen.textcopy"},"orders":["com.recognize_text.translate.screen","com.tap_to_translate.snap_translate","com.gaminik.i18n","com.google.android.apps.translate","com.spaceship.screen.textcopy","screen.translator.voice.translate","com.mg.yurao.google","com.microsoft.translator","com.niven.translator","com.niven.apptranslate","com.galaxy.airviewdictionary","com.eecorp.linguago","com.zaz.translate","com.newmg.yurao.pro","com.naver.labs.translator","com.niven.comic","com.translator.translation.screen.translate.voice.languages.text.translating","com.tranit.text.translate","com.chat_translate.screen_translate","com.deepl.mobiletranslator"]},{"rank":{"index":5,"lang":"ru","country":"ru","chineseCountryName":"俄罗斯","pkg":"com.spaceship.screen.textcopy"},"orders":["com.recognize_text.translate.screen","com.tap_to_translate.snap_translate","com.niven.translator","com.gaminik.i18n","com.spaceship.screen.textcopy","com.microsoft.translator","com.google.android.apps.translate","screen.translator.voice.translate","com.eecorp.linguago","com.niven.apptranslate","com.galaxy.airviewdictionary","com.zaz.translate","com.chat_translate.screen_translate","com.deepl.mobiletranslator","com.naver.labs.translator","com.niven.comic","ru.yandex.translate","com.appspell.screentranslator","com.tranit.text.translate","com.niven.game"]},{"rank":{"index":7,"lang":"pt-br","country":"br","chineseCountryName":"巴西","pkg":"com.spaceship.screen.textcopy"},"orders":["com.recognize_text.translate.screen","com.tap_to_translate.snap_translate","com.mg.yurao.google","com.gaminik.i18n","com.niven.translator","screen.translator.voice.translate","com.spaceship.screen.textcopy","com.galaxy.airviewdictionary","com.niven.apptranslate","com.eecorp.linguago","com.niven.comic","com.microsoft.translator","com.newmg.yurao.pro","com.google.android.apps.translate","com.translator.translation.screen.translate.voice.languages.text.translating","com.zaz.translate","com.chat_translate.screen_translate","com.youdao.hindict","com.niven.game","com.appspell.screentranslator"]},{"rank":{"index":5,"lang":"fr","country":"fr","chineseCountryName":"法国","pkg":"com.spaceship.screen.textcopy"},"orders":["com.recognize_text.translate.screen","com.tap_to_translate.snap_translate","screen.translator.voice.translate","com.mg.yurao.google","com.spaceship.screen.textcopy","com.niven.translator","com.gaminik.i18n","com.niven.apptranslate","com.google.android.apps.translate","com.eecorp.linguago","com.microsoft.translator","com.newmg.yurao.pro","com.galaxy.airviewdictionary","com.zaz.translate","com.chat_translate.screen_translate","com.niven.comic","com.tranit.text.translate","com.appspell.screentranslator","com.niven.game","com.translator.translation.screen.translate.voice.languages.text.translating"]},{"rank":{"index":3,"lang":"en-gb","country":"gb","chineseCountryName":"英国","pkg":"com.spaceship.screen.textcopy"},"orders":["com.recognize_text.translate.screen","com.tap_to_translate.snap_translate","com.spaceship.screen.textcopy","screen.translator.voice.translate","com.google.android.apps.translate","com.microsoft.translator","com.niven.translator","com.gaminik.i18n","com.mg.yurao.google","com.niven.apptranslate","com.eecorp.linguago","com.newmg.yurao.pro","com.zaz.translate","com.galaxy.airviewdictionary","com.chat_translate.screen_translate","com.tranit.text.translate","com.translator.translation.screen.translate.voice.languages.text.translating","com.niven.comic","com.appspell.screentranslator","com.deepl.mobiletranslator"]},{"rank":{"index":3,"lang":"de","country":"de","chineseCountryName":"德国","pkg":"com.spaceship.screen.textcopy"},"orders":["com.recognize_text.translate.screen","com.tap_to_translate.snap_translate","com.spaceship.screen.textcopy","com.mg.yurao.google","com.niven.translator","screen.translator.voice.translate","com.gaminik.i18n","com.microsoft.translator","com.niven.apptranslate","com.google.android.apps.translate","com.eecorp.linguago","com.newmg.yurao.pro","com.zaz.translate","com.chat_translate.screen_translate","com.niven.comic","com.tranit.text.translate","com.galaxy.airviewdictionary","com.niven.game","com.appspell.screentranslator","com.deepl.mobiletranslator"]},{"rank":{"index":2,"lang":"it","country":"it","chineseCountryName":"意大利","pkg":"com.spaceship.screen.textcopy"},"orders":["com.recognize_text.translate.screen","com.spaceship.screen.textcopy","com.tap_to_translate.snap_translate","screen.translator.voice.translate","com.niven.translator","com.gaminik.i18n","com.mg.yurao.google","com.niven.apptranslate","com.eecorp.linguago","com.microsoft.translator","com.newmg.yurao.pro","com.google.android.apps.translate","com.galaxy.airviewdictionary","com.zaz.translate","com.niven.comic","com.chat_translate.screen_translate","com.translator.translation.screen.translate.voice.languages.text.translating","com.appspell.screentranslator","com.niven.game","at.nk.tools.iTranslate"]},{"rank":{"index":6,"lang":"ja","country":"jp","chineseCountryName":"日本","pkg":"com.spaceship.screen.textcopy"},"orders":["com.recognize_text.translate.screen","com.tap_to_translate.snap_translate","com.gaminik.i18n","com.mg.yurao.google","com.niven.translator","com.spaceship.screen.textcopy","com.newmg.yurao.pro","com.eecorp.linguago","com.niven.apptranslate","screen.translator.voice.translate","com.copy.paste.ocr.screen.text.copypastetrial.pro","com.copy.paste.ocr.screen.text.copypastetrial","com.microsoft.translator","com.tranit.text.translate","com.youdao.hindict","com.datacomprojects.scanandtranslate","com.naver.labs.translator","camera.translator.realtime","com.chat_translate.screen_translate","com.translate.talkingtranslator"]},{"rank":{"index":3,"lang":"ko","country":"kr","chineseCountryName":"韩国","pkg":"com.spaceship.screen.textcopy"},"orders":["com.recognize_text.translate.screen","com.tap_to_translate.snap_translate","com.spaceship.screen.textcopy","com.mg.yurao.google","com.niven.translator","com.gaminik.i18n","com.microsoft.translator","com.google.android.apps.translate","screen.translator.voice.translate","com.niven.apptranslate","com.newmg.yurao.pro","com.galaxy.airviewdictionary","com.eecorp.linguago","com.naver.labs.translator","com.zaz.translate","com.deepl.mobiletranslator","com.niven.comic","com.translate.talkingtranslator","at.nk.tools.iTranslate","com.chat_translate.screen_translate"]},{"rank":{"index":3,"lang":"zh-hk","country":"hk","chineseCountryName":"香港","pkg":"com.spaceship.screen.textcopy"},"orders":["com.recognize_text.translate.screen","com.tap_to_translate.snap_translate","com.spaceship.screen.textcopy","com.google.android.apps.translate","com.microsoft.translator","com.gaminik.i18n","com.niven.translator","com.mg.yurao.google","screen.translator.voice.translate","com.galaxy.airviewdictionary","com.newmg.yurao.pro","com.eecorp.linguago","com.niven.apptranslate","com.zaz.translate","com.naver.labs.translator","com.deepl.mobiletranslator","com.niven.comic","com.chat_translate.screen_translate","at.nk.tools.iTranslate","com.translator.translation.screen.translate.voice.languages.text.translating"]},{"rank":{"index":8,"lang":"zh-tw","country":"tw","chineseCountryName":"台湾","pkg":"com.spaceship.screen.textcopy"},"orders":["com.recognize_text.translate.screen","com.tap_to_translate.snap_translate","com.gaminik.i18n","com.mg.yurao.google","com.niven.translator","com.microsoft.translator","com.google.android.apps.translate","com.spaceship.screen.textcopy","screen.translator.voice.translate","com.niven.apptranslate","com.eecorp.linguago","com.galaxy.airviewdictionary","com.newmg.yurao.pro","com.zaz.translate","com.naver.labs.translator","com.niven.comic","com.chat_translate.screen_translate","com.deepl.mobiletranslator","com.voice_camera_free_translate","at.nk.tools.iTranslate"]},{"rank":{"index":5,"lang":"en","country":"in","chineseCountryName":"印度","pkg":"com.spaceship.screen.textcopy"},"orders":["com.recognize_text.translate.screen","com.tap_to_translate.snap_translate","com.google.android.apps.translate","screen.translator.voice.translate","com.spaceship.screen.textcopy","com.niven.translator","com.gaminik.i18n","com.mg.yurao.google","com.zaz.translate","com.microsoft.translator"]},{"rank":{"index":5,"lang":"id","country":"id","chineseCountryName":"印尼","pkg":"com.spaceship.screen.textcopy"},"orders":["com.recognize_text.translate.screen","com.tap_to_translate.snap_translate","com.mg.yurao.google","com.gaminik.i18n","com.spaceship.screen.textcopy","com.niven.translator","com.newmg.yurao.pro","com.eecorp.linguago","com.microsoft.translator","com.google.android.apps.translate","com.niven.apptranslate","com.naver.labs.translator","screen.translator.voice.translate","com.niven.comic","com.youdao.hindict","at.nk.tools.iTranslate","com.chat_translate.screen_translate","com.galaxy.airviewdictionary","com.abbyy.mobile.textgrabber.full","com.zaz.translate"]},{"rank":{"index":5,"lang":"es-mx","country":"mx","chineseCountryName":"墨西哥","pkg":"com.spaceship.screen.textcopy"},"orders":["com.recognize_text.translate.screen","com.tap_to_translate.snap_translate","com.niven.translator","com.gaminik.i18n","com.spaceship.screen.textcopy","screen.translator.voice.translate","com.mg.yurao.google","com.niven.apptranslate","com.microsoft.translator","com.eecorp.linguago","com.google.android.apps.translate","com.newmg.yurao.pro","com.galaxy.airviewdictionary","com.niven.comic","com.youdao.hindict","com.translator.translation.screen.translate.voice.languages.text.translating","com.tranit.text.translate","com.chat_translate.screen_translate","com.zaz.translate","at.nk.tools.iTranslate"]}]