[{"rank":{"index":2,"lang":"en-us","country":"us","chineseCountryName":"美国","pkg":"com.spaceship.screen.textcopy"},"orders":["com.recognize_text.translate.screen","com.spaceship.screen.textcopy","com.microsoft.translator","com.newmg.yurao.pro","com.google.android.apps.translate","com.gaminik.i18n","com.niven.translator","ru.yandex.translate","com.deepl.mobiletranslator","com.google.ar.lens","com.tap_to_translate.snap_translate","com.zaz.translate","at.nk.tools.iTranslate","com.niven.game","com.screen.translate.google","com.naver.labs.translator","com.eecorp.linguago","photo.translate.camera.translator","com.google.android.inputmethod.latin","com.datacomprojects.scanandtranslate"]},{"rank":{"index":0,"lang":"ru","country":"ru","chineseCountryName":"俄罗斯","pkg":"com.spaceship.screen.textcopy"},"orders":["com.recognize_text.translate.screen","com.gaminik.i18n","com.newmg.yurao.pro","ru.yandex.translate","com.niven.translator","com.google.android.apps.translate","com.microsoft.translator","com.tap_to_translate.snap_translate","com.niven.game","com.deepl.mobiletranslator","com.google.ar.lens","com.screen.translate.google","com.immersivetranslate.browser","com.eecorp.linguago","com.niven.apptranslate","com.android.chrome","com.whatsapp","com.instagram.android","com.facebook.katana","com.google.android.apps.photos"]},{"rank":{"index":2,"lang":"pt-br","country":"br","chineseCountryName":"巴西","pkg":"com.spaceship.screen.textcopy"},"orders":["com.recognize_text.translate.screen","com.spaceship.screen.textcopy","com.newmg.yurao.pro","com.tap_to_translate.snap_translate","com.gaminik.i18n","com.google.android.apps.translate","ru.yandex.translate","com.deepl.mobiletranslator","at.nk.tools.iTranslate","com.zaz.translate","com.google.ar.lens","com.datacomprojects.scanandtranslate","com.naver.labs.translator","com.translate.talkingtranslator","com.softissimo.reverso.context","com.ticktalk.translatevoice","com.niven.translator","com.niven.game","com.youdao.hindict","com.screen.translate.google"]},{"rank":{"index":2,"lang":"fr","country":"fr","chineseCountryName":"法国","pkg":"com.spaceship.screen.textcopy"},"orders":["com.recognize_text.translate.screen","com.spaceship.screen.textcopy","com.newmg.yurao.pro","com.gaminik.i18n","com.google.android.apps.translate","com.microsoft.translator","com.tap_to_translate.snap_translate","ru.yandex.translate","com.niven.translator","com.deepl.mobiletranslator","com.google.ar.lens","com.niven.game","com.screen.translate.google","com.eecorp.linguago","com.zaz.translate","com.niven.apptranslate","at.nk.tools.iTranslate","com.naver.labs.translator","com.datacomprojects.scanandtranslate","com.google.android.apps.tachyon"]},{"rank":{"index":2,"lang":"en-gb","country":"gb","chineseCountryName":"英国","pkg":"com.spaceship.screen.textcopy"},"orders":["com.recognize_text.translate.screen","com.spaceship.screen.textcopy","com.microsoft.translator","com.newmg.yurao.pro","com.google.android.apps.translate","com.gaminik.i18n","ru.yandex.translate","com.niven.translator","com.deepl.mobiletranslator","com.google.ar.lens","com.tap_to_translate.snap_translate","com.zaz.translate","at.nk.tools.iTranslate","com.niven.game","photo.translate.camera.translator","com.naver.labs.translator","com.screen.translate.google","com.eecorp.linguago","com.datacomprojects.scanandtranslate","com.google.android.inputmethod.latin"]},{"rank":{"index":2,"lang":"de","country":"de","chineseCountryName":"德国","pkg":"com.spaceship.screen.textcopy"},"orders":["com.recognize_text.translate.screen","com.spaceship.screen.textcopy","com.newmg.yurao.pro","com.gaminik.i18n","com.google.android.apps.translate","com.microsoft.translator","com.niven.translator","ru.yandex.translate","com.deepl.mobiletranslator","com.tap_to_translate.snap_translate","com.niven.game","com.google.ar.lens","com.screen.translate.google","com.eecorp.linguago","photo.translate.camera.translator","com.immersivetranslate.browser","at.nk.tools.iTranslate","com.niven.apptranslate","com.zaz.translate","com.translate.language.translator.voice.translation"]},{"rank":{"index":2,"lang":"it","country":"it","chineseCountryName":"意大利","pkg":"com.spaceship.screen.textcopy"},"orders":["com.recognize_text.translate.screen","com.spaceship.screen.textcopy","com.gaminik.i18n","com.newmg.yurao.pro","com.google.android.apps.translate","com.microsoft.translator","com.niven.translator","com.tap_to_translate.snap_translate","ru.yandex.translate","com.deepl.mobiletranslator","com.niven.game","com.google.ar.lens","com.eecorp.linguago"]},{"rank":{"index":2,"lang":"ja","country":"jp","chineseCountryName":"日本","pkg":"com.spaceship.screen.textcopy"},"orders":["com.recognize_text.translate.screen","com.spaceship.screen.textcopy","com.newmg.yurao.pro","com.gaminik.i18n","com.google.android.apps.translate","com.microsoft.translator","com.tap_to_translate.snap_translate","com.google.ar.lens","com.deepl.mobiletranslator","com.niven.translator","com.naver.labs.translator","ru.yandex.translate","com.niven.game","com.eecorp.linguago","com.screen.translate.google","com.immersivetranslate.browser","photo.translate.camera.translator","com.datacomprojects.scanandtranslate","at.nk.tools.iTranslate","com.wooask.zx"]},{"rank":{"index":2,"lang":"ko","country":"kr","chineseCountryName":"韩国","pkg":"com.spaceship.screen.textcopy"},"orders":["com.recognize_text.translate.screen","com.spaceship.screen.textcopy","com.newmg.yurao.pro","com.gaminik.i18n","com.tap_to_translate.snap_translate","com.google.android.apps.translate","com.microsoft.translator","com.niven.translator","com.niven.game","com.naver.labs.translator","com.eecorp.linguago","com.deepl.mobiletranslator","com.screen.translate.google","ru.yandex.translate","com.google.ar.lens","com.niven.apptranslate","com.immersivetranslate.browser","com.facebook.katana","com.instagram.android","com.android.chrome"]},{"rank":{"index":2,"lang":"zh-hk","country":"hk","chineseCountryName":"香港","pkg":"com.spaceship.screen.textcopy"},"orders":["com.recognize_text.translate.screen","com.spaceship.screen.textcopy","com.newmg.yurao.pro","com.gaminik.i18n","com.microsoft.translator","com.google.android.apps.translate","com.tap_to_translate.snap_translate","com.niven.translator","com.google.ar.lens","com.niven.game","ru.yandex.translate","com.deepl.mobiletranslator","com.screen.translate.google","photo.translate.camera.translator","com.eecorp.linguago","com.immersivetranslate.browser","com.naver.labs.translator","com.niven.apptranslate","com.tangdi.baiguotong","com.android.chrome"]},{"rank":{"index":2,"lang":"zh-tw","country":"tw","chineseCountryName":"台湾","pkg":"com.spaceship.screen.textcopy"},"orders":["com.recognize_text.translate.screen","com.spaceship.screen.textcopy","com.newmg.yurao.pro","com.gaminik.i18n","com.google.android.apps.translate","com.microsoft.translator","com.tap_to_translate.snap_translate","com.niven.translator","com.niven.game","ru.yandex.translate","com.deepl.mobiletranslator","com.google.ar.lens","com.eecorp.linguago","com.screen.translate.google","com.naver.labs.translator","com.immersivetranslate.browser","com.niven.apptranslate","photo.translate.camera.translator","at.nk.tools.iTranslate","com.google.android.inputmethod.latin"]},{"rank":{"index":3,"lang":"en","country":"in","chineseCountryName":"印度","pkg":"com.spaceship.screen.textcopy"},"orders":["com.recognize_text.translate.screen","com.google.android.apps.translate","com.spaceship.screen.textcopy","com.newmg.yurao.pro"]},{"rank":{"index":2,"lang":"id","country":"id","chineseCountryName":"印尼","pkg":"com.spaceship.screen.textcopy"},"orders":["com.recognize_text.translate.screen","com.spaceship.screen.textcopy","com.tap_to_translate.snap_translate","com.gaminik.i18n","com.newmg.yurao.pro","com.niven.translator","com.google.android.apps.translate","com.deepl.mobiletranslator","com.niven.game","com.youdao.hindict","com.microsoft.translator","com.screen.translate.google","com.naver.labs.translator","ru.yandex.translate","com.eecorp.linguago"]},{"rank":{"index":2,"lang":"es-mx","country":"mx","chineseCountryName":"墨西哥","pkg":"com.spaceship.screen.textcopy"},"orders":["com.recognize_text.translate.screen","com.spaceship.screen.textcopy","com.google.android.apps.translate","com.tap_to_translate.snap_translate","com.newmg.yurao.pro","com.gaminik.i18n","ru.yandex.translate","com.deepl.mobiletranslator","com.zaz.translate","at.nk.tools.iTranslate","com.google.ar.lens","com.datacomprojects.scanandtranslate","com.naver.labs.translator","com.softissimo.reverso.context","com.translate.talkingtranslator","com.ticktalk.translatevoice","com.niven.translator","com.screen.translate.google","com.youdao.hindict","com.niven.game"]}]