[{"rank":{"index":2,"lang":"en-us","country":"us","chineseCountryName":"美国","pkg":"com.spaceship.screen.textcopy"},"orders":["com.recognize_text.translate.screen","com.spaceship.screen.textcopy","com.tap_to_translate.snap_translate","com.google.android.apps.translate","com.gaminik.i18n","com.screen.translate.google","com.niven.game","com.microsoft.translator","com.niven.translator","com.newmg.yurao.pro","com.niven.comic","com.niven.apptranslate","com.deepl.mobiletranslator","at.nk.tools.iTranslate","com.google.ar.lens","com.youdao.hindict","screen.translator.voice.translate","com.eecorp.taptranslator","com.datacomprojects.scanandtranslate","com.zaz.translate"]},{"rank":{"index":2,"lang":"ru","country":"ru","chineseCountryName":"俄罗斯","pkg":"com.spaceship.screen.textcopy"},"orders":["com.recognize_text.translate.screen","com.spaceship.screen.textcopy","com.tap_to_translate.snap_translate","com.gaminik.i18n","com.niven.translator","com.niven.game","com.screen.translate.google","com.niven.apptranslate","com.newmg.yurao.pro","com.niven.comic","ru.yandex.translate","com.google.android.apps.translate","us.zoom.videomeetings","com.android.chrome","com.facebook.orca","com.discord","com.deepl.mobiletranslator","com.microsoft.translator","com.google.android.dialer","com.truecaller"]},{"rank":{"index":2,"lang":"fr","country":"fr","chineseCountryName":"法国","pkg":"com.spaceship.screen.textcopy"},"orders":["com.recognize_text.translate.screen","com.spaceship.screen.textcopy","com.tap_to_translate.snap_translate","com.gaminik.i18n","com.niven.game","com.screen.translate.google","com.niven.translator","com.niven.comic","com.niven.apptranslate","com.google.android.apps.translate","com.newmg.yurao.pro","com.microsoft.translator","com.facebook.orca","us.zoom.videomeetings","org.telegram.messenger","com.discord","com.android.chrome","com.microsoft.office.outlook","com.google.android.apps.photos","com.google.android.apps.maps"]},{"rank":{"index":2,"lang":"en-gb","country":"gb","chineseCountryName":"英国","pkg":"com.spaceship.screen.textcopy"},"orders":["com.recognize_text.translate.screen","com.spaceship.screen.textcopy","com.gaminik.i18n","com.google.android.apps.translate","com.screen.translate.google","com.niven.game","com.niven.translator","com.microsoft.translator","com.tap_to_translate.snap_translate","com.niven.comic","com.niven.apptranslate","com.newmg.yurao.pro","com.datacomprojects.scanandtranslate","at.nk.tools.iTranslate","com.deepl.mobiletranslator","com.zaz.translate","com.eecorp.taptranslator","com.google.ar.lens","com.softissimo.reverso.context","screen.translator.voice.translate"]},{"rank":{"index":2,"lang":"de","country":"de","chineseCountryName":"德国","pkg":"com.spaceship.screen.textcopy"},"orders":["com.recognize_text.translate.screen","com.spaceship.screen.textcopy","com.tap_to_translate.snap_translate","com.gaminik.i18n","com.screen.translate.google","com.niven.game","com.niven.translator","com.niven.comic","com.google.android.apps.translate","com.niven.apptranslate","com.newmg.yurao.pro","com.microsoft.translator","com.deepl.mobiletranslator","us.zoom.videomeetings","com.facebook.orca","com.android.chrome","com.discord","com.amazon.kindle","com.google.android.apps.photos","com.google.android.apps.maps"]},{"rank":{"index":2,"lang":"it","country":"it","chineseCountryName":"意大利","pkg":"com.spaceship.screen.textcopy"},"orders":["com.recognize_text.translate.screen","com.spaceship.screen.textcopy","com.gaminik.i18n","com.screen.translate.google","com.tap_to_translate.snap_translate","com.niven.game","com.niven.translator","com.niven.apptranslate","com.niven.comic","com.newmg.yurao.pro","com.google.android.apps.translate","com.microsoft.translator","us.zoom.videomeetings","com.facebook.orca","com.discord","com.google.android.apps.photos","com.android.chrome","com.duolingo","com.amazon.kindle","com.skype.raider"]},{"rank":{"index":2,"lang":"ja","country":"jp","chineseCountryName":"日本","pkg":"com.spaceship.screen.textcopy"},"orders":["com.recognize_text.translate.screen","com.spaceship.screen.textcopy","com.gaminik.i18n","com.screen.translate.google","com.niven.game","com.tap_to_translate.snap_translate","com.niven.translator","com.niven.apptranslate","com.niven.comic","com.google.android.apps.translate","com.newmg.yurao.pro","com.microsoft.translator","com.facebook.orca","us.zoom.videomeetings","com.android.chrome","com.discord","com.google.android.apps.maps","com.deepl.mobiletranslator","com.amazon.kindle","com.duolingo"]},{"rank":{"index":2,"lang":"ko","country":"kr","chineseCountryName":"韩国","pkg":"com.spaceship.screen.textcopy"},"orders":["com.recognize_text.translate.screen","com.spaceship.screen.textcopy","com.tap_to_translate.snap_translate","com.gaminik.i18n","com.niven.game","com.screen.translate.google","com.niven.translator","com.niven.apptranslate","com.newmg.yurao.pro","com.google.android.apps.translate","com.niven.comic","com.facebook.orca","us.zoom.videomeetings","com.android.chrome","com.discord","com.microsoft.translator","com.naver.labs.translator","com.sec.android.app.sbrowser","com.google.android.apps.photos","com.duolingo"]},{"rank":{"index":2,"lang":"zh-hk","country":"hk","chineseCountryName":"香港","pkg":"com.spaceship.screen.textcopy"},"orders":["com.recognize_text.translate.screen","com.spaceship.screen.textcopy","com.tap_to_translate.snap_translate","com.gaminik.i18n","com.screen.translate.google","com.niven.game","com.niven.translator","com.google.android.apps.translate","com.niven.apptranslate","com.newmg.yurao.pro","com.niven.comic","com.microsoft.translator","com.google.android.apps.maps","com.facebook.orca","com.android.chrome","org.telegram.messenger","com.zaz.translate","us.zoom.videomeetings","com.discord","com.datacomprojects.scanandtranslate"]},{"rank":{"index":2,"lang":"zh-tw","country":"tw","chineseCountryName":"台湾","pkg":"com.spaceship.screen.textcopy"},"orders":["com.recognize_text.translate.screen","com.spaceship.screen.textcopy","com.tap_to_translate.snap_translate","com.gaminik.i18n","com.screen.translate.google","com.niven.game","com.niven.translator","com.niven.comic","com.google.android.apps.translate","com.niven.apptranslate","com.newmg.yurao.pro","com.microsoft.translator","com.facebook.orca","org.telegram.messenger","com.google.android.apps.maps","com.discord","com.android.chrome","us.zoom.videomeetings","com.skype.raider","com.duolingo"]},{"rank":{"index":2,"lang":"en","country":"in","chineseCountryName":"印度","pkg":"com.spaceship.screen.textcopy"},"orders":["com.recognize_text.translate.screen","com.spaceship.screen.textcopy","com.google.android.apps.translate","com.tap_to_translate.snap_translate","com.screen.translate.google","com.newmg.yurao.pro","com.niven.game","com.microsoft.translator","com.niven.translator","at.nk.tools.iTranslate","com.zaz.translate","ru.yandex.translate","com.google.ar.lens","com.datacomprojects.scanandtranslate","com.deepl.mobiletranslator","com.gaminik.i18n"]},{"rank":{"index":2,"lang":"id","country":"id","chineseCountryName":"印尼","pkg":"com.spaceship.screen.textcopy"},"orders":["com.recognize_text.translate.screen","com.spaceship.screen.textcopy","com.tap_to_translate.snap_translate","com.gaminik.i18n","com.niven.translator","com.niven.game","com.screen.translate.google","com.niven.comic","com.newmg.yurao.pro","com.niven.apptranslate","com.google.android.apps.translate"]},{"rank":{"index":2,"lang":"es-mx","country":"mx","chineseCountryName":"墨西哥","pkg":"com.spaceship.screen.textcopy"},"orders":["com.recognize_text.translate.screen","com.spaceship.screen.textcopy","com.tap_to_translate.snap_translate","com.niven.game","com.niven.translator","com.microsoft.translator","com.screen.translate.google","com.google.android.apps.translate","com.youdao.hindict","at.nk.tools.iTranslate","com.deepl.mobiletranslator","com.niven.comic","ru.yandex.translate","com.naver.labs.translator","com.niven.apptranslate","com.softissimo.reverso.context","com.google.ar.lens","com.newmg.yurao.pro","com.translate.talkingtranslator","com.gaminik.i18n"]}]