[{"rank":{"index":2,"lang":"en-us","country":"us","chineseCountryName":"美国","pkg":"com.spaceship.screen.textcopy"},"orders":["com.recognize_text.translate.screen","com.spaceship.screen.textcopy","com.tap_to_translate.snap_translate","com.google.android.apps.translate","com.microsoft.translator","com.niven.translator","com.newmg.yurao.pro","com.gaminik.i18n","screen.translator.voice.translate","com.deepl.mobiletranslator","com.zaz.translate","com.niven.game","com.naver.labs.translator","at.nk.tools.iTranslate","com.immersivetranslate.browser"]},{"rank":{"index":0,"lang":"ru","country":"ru","chineseCountryName":"俄罗斯","pkg":"com.spaceship.screen.textcopy"},"orders":["com.recognize_text.translate.screen","com.niven.translator","com.tap_to_translate.snap_translate","com.newmg.yurao.pro","com.google.android.apps.translate","com.microsoft.translator","com.deepl.mobiletranslator","com.gaminik.i18n","com.niven.game","ru.yandex.translate","com.zaz.translate","com.niven.apptranslate","at.nk.tools.iTranslate","com.immersivetranslate.browser","com.screen.translate.google","com.mg.chat","com.datacomprojects.scanandtranslate","com.translate.talkingtranslator","com.naver.labs.translator","com.audacityittranslator.translatetexttranslator"]},{"rank":{"index":2,"lang":"pt-br","country":"br","chineseCountryName":"巴西","pkg":"com.spaceship.screen.textcopy"},"orders":["com.recognize_text.translate.screen","com.spaceship.screen.textcopy","com.tap_to_translate.snap_translate","com.newmg.yurao.pro","com.gaminik.i18n","com.niven.translator","com.microsoft.translator","com.google.android.apps.translate","com.deepl.mobiletranslator","com.niven.game","com.zaz.translate","com.immersivetranslate.browser","com.niven.apptranslate","at.nk.tools.iTranslate","com.eecorp.taptranslator","com.screen.translate.google","com.voice_camera_free_translate","ru.yandex.translate","com.tangdi.baiguotong","co.koiapps.translateai"]},{"rank":{"index":2,"lang":"fr","country":"fr","chineseCountryName":"法国","pkg":"com.spaceship.screen.textcopy"},"orders":["com.recognize_text.translate.screen","com.spaceship.screen.textcopy","com.tap_to_translate.snap_translate","com.newmg.yurao.pro","com.niven.translator","com.gaminik.i18n","com.microsoft.translator","com.deepl.mobiletranslator","com.google.android.apps.translate","com.niven.game","com.eecorp.taptranslator","com.immersivetranslate.browser","com.niven.apptranslate","com.screen.translate.google","com.zaz.translate","com.google.ar.lens","com.voice_camera_free_translate","com.audacityittranslator.translatetexttranslator","com.translate.talkingtranslator","ru.yandex.translate"]},{"rank":{"index":2,"lang":"en-gb","country":"gb","chineseCountryName":"英国","pkg":"com.spaceship.screen.textcopy"},"orders":["com.recognize_text.translate.screen","com.spaceship.screen.textcopy","com.tap_to_translate.snap_translate","com.newmg.yurao.pro","com.google.android.apps.translate","com.microsoft.translator","com.niven.translator","com.gaminik.i18n","com.zaz.translate","com.deepl.mobiletranslator","com.eecorp.taptranslator","com.niven.apptranslate","com.screen.translate.google","com.immersivetranslate.browser","com.niven.game","com.google.ar.lens","com.youdao.hindict","com.datacomprojects.scanandtranslate","com.voice_camera_free_translate","ru.yandex.translate"]},{"rank":{"index":2,"lang":"de","country":"de","chineseCountryName":"德国","pkg":"com.spaceship.screen.textcopy"},"orders":["com.recognize_text.translate.screen","com.spaceship.screen.textcopy","com.gaminik.i18n","com.tap_to_translate.snap_translate","com.newmg.yurao.pro","com.niven.translator","com.microsoft.translator","com.deepl.mobiletranslator","com.google.android.apps.translate","com.niven.game","com.zaz.translate","com.niven.apptranslate","com.immersivetranslate.browser","com.screen.translate.google","com.eecorp.taptranslator","ru.yandex.translate","at.nk.tools.iTranslate","com.mg.chat","com.audacityittranslator.translatetexttranslator","com.datacomprojects.scanandtranslate"]},{"rank":{"index":2,"lang":"it","country":"it","chineseCountryName":"意大利","pkg":"com.spaceship.screen.textcopy"},"orders":["com.recognize_text.translate.screen","com.spaceship.screen.textcopy","com.tap_to_translate.snap_translate","com.newmg.yurao.pro","com.gaminik.i18n","com.niven.translator","com.microsoft.translator","com.google.android.apps.translate","com.deepl.mobiletranslator","com.niven.game","com.zaz.translate","com.niven.apptranslate","com.eecorp.taptranslator","com.immersivetranslate.browser","com.screen.translate.google","at.nk.tools.iTranslate","com.datacomprojects.scanandtranslate","com.voice_camera_free_translate","com.softissimo.reverso.context","com.kursx.smartbook"]},{"rank":{"index":3,"lang":"ja","country":"jp","chineseCountryName":"日本","pkg":"com.spaceship.screen.textcopy"},"orders":["com.recognize_text.translate.screen","com.tap_to_translate.snap_translate","com.spaceship.screen.textcopy","com.newmg.yurao.pro","com.niven.translator","com.gaminik.i18n","com.deepl.mobiletranslator","com.microsoft.translator","com.google.android.apps.translate","com.niven.game","com.naver.labs.translator","com.niven.apptranslate","com.immersivetranslate.browser","com.screen.translate.google","com.eecorp.taptranslator","com.zaz.translate","com.google.ar.lens","com.translate.talkingtranslator","at.nk.tools.iTranslate","com.openai.chatgpt"]},{"rank":{"index":3,"lang":"ko","country":"kr","chineseCountryName":"韩国","pkg":"com.spaceship.screen.textcopy"},"orders":["com.recognize_text.translate.screen","com.tap_to_translate.snap_translate","com.spaceship.screen.textcopy","com.newmg.yurao.pro","com.niven.translator","com.gaminik.i18n","com.microsoft.translator","com.google.android.apps.translate","com.naver.labs.translator","com.niven.game","com.niven.apptranslate","com.screen.translate.google","com.immersivetranslate.browser","com.deepl.mobiletranslator","com.eecorp.taptranslator","com.google.ar.lens","com.zaz.translate","com.translate.talkingtranslator","at.nk.tools.iTranslate","com.datacomprojects.scanandtranslate"]},{"rank":{"index":2,"lang":"zh-hk","country":"hk","chineseCountryName":"香港","pkg":"com.spaceship.screen.textcopy"},"orders":["com.recognize_text.translate.screen","com.spaceship.screen.textcopy","com.tap_to_translate.snap_translate","com.newmg.yurao.pro","com.niven.translator","com.gaminik.i18n","com.microsoft.translator","com.google.android.apps.translate","com.immersivetranslate.browser","com.niven.game","com.screen.translate.google","com.deepl.mobiletranslator","com.niven.apptranslate","com.eecorp.taptranslator","com.google.ar.lens","com.voice_camera_free_translate","com.naver.labs.translator","com.zaz.translate","com.android.chrome","com.google.android.apps.maps"]},{"rank":{"index":2,"lang":"zh-tw","country":"tw","chineseCountryName":"台湾","pkg":"com.spaceship.screen.textcopy"},"orders":["com.recognize_text.translate.screen","com.spaceship.screen.textcopy","com.newmg.yurao.pro","com.microsoft.translator","com.google.android.apps.translate","com.niven.translator","com.gaminik.i18n","com.tap_to_translate.snap_translate","com.deepl.mobiletranslator","com.niven.game","com.naver.labs.translator","com.zaz.translate","com.immersivetranslate.browser","at.nk.tools.iTranslate","com.niven.apptranslate","com.screen.translate.google","com.eecorp.taptranslator","com.datacomprojects.scanandtranslate","com.translate.talkingtranslator","com.mg.chat"]},{"rank":{"index":2,"lang":"en","country":"in","chineseCountryName":"印度","pkg":"com.spaceship.screen.textcopy"},"orders":["com.recognize_text.translate.screen","com.spaceship.screen.textcopy","com.newmg.yurao.pro"]},{"rank":{"index":2,"lang":"id","country":"id","chineseCountryName":"印尼","pkg":"com.spaceship.screen.textcopy"},"orders":["com.recognize_text.translate.screen","com.spaceship.screen.textcopy","com.tap_to_translate.snap_translate","com.newmg.yurao.pro","com.gaminik.i18n","com.niven.translator","com.niven.game","com.google.android.apps.translate","com.deepl.mobiletranslator","com.microsoft.translator","com.niven.apptranslate"]},{"rank":{"index":2,"lang":"es-mx","country":"mx","chineseCountryName":"墨西哥","pkg":"com.spaceship.screen.textcopy"},"orders":["com.recognize_text.translate.screen","com.spaceship.screen.textcopy","com.newmg.yurao.pro","com.tap_to_translate.snap_translate","com.gaminik.i18n","com.niven.translator","com.microsoft.translator","com.niven.game","com.google.android.apps.translate","com.immersivetranslate.browser","com.deepl.mobiletranslator","com.niven.apptranslate","com.screen.translate.google","com.eecorp.taptranslator","com.mg.chat","com.youdao.hindict","com.audacityittranslator.translatetexttranslator","at.nk.tools.iTranslate","com.datacomprojects.scanandtranslate","com.ozzmo.aitranslate"]}]