[{"rank":{"index":2,"lang":"en-us","country":"us","chineseCountryName":"美国","pkg":"com.spaceship.screen.textcopy"},"orders":["com.recognize_text.translate.screen","com.spaceship.screen.textcopy","com.tap_to_translate.snap_translate","com.microsoft.translator","com.gaminik.i18n","com.newmg.yurao.pro","com.google.android.apps.translate","com.niven.game","com.niven.translator","at.nk.tools.iTranslate","com.niven.comic","com.eecorp.taptranslator","com.niven.apptranslate","com.translate.talkingtranslator","com.royalappcode.translation.voice.language.chat.interpreter","com.sayhi.android.sayhitranslate","com.naver.labs.translator","com.google.ar.lens","ru.yandex.translate","com.deepl.mobiletranslator"]},{"rank":{"index":2,"lang":"ru","country":"ru","chineseCountryName":"俄罗斯","pkg":"com.spaceship.screen.textcopy"},"orders":["com.recognize_text.translate.screen","com.spaceship.screen.textcopy","com.tap_to_translate.snap_translate","com.gaminik.i18n","com.niven.translator","com.microsoft.translator","com.niven.game","com.google.android.apps.translate","ru.yandex.translate","com.newmg.yurao.pro","com.niven.comic","com.niven.apptranslate","com.tangdi.baiguotong","at.nk.tools.iTranslate","com.datacomprojects.scanandtranslate","com.siv","com.screen.translate.google","com.ticktalk.translatevoice","com.kursx.smartbook","com.royalappcode.translation.voice.language.chat.interpreter"]},{"rank":{"index":2,"lang":"pt-br","country":"br","chineseCountryName":"巴西","pkg":"com.spaceship.screen.textcopy"},"orders":["com.recognize_text.translate.screen","com.spaceship.screen.textcopy","com.tap_to_translate.snap_translate","com.gaminik.i18n","com.niven.translator","com.niven.game","com.niven.comic","com.newmg.yurao.pro","com.microsoft.translator","com.eecorp.taptranslator","com.niven.apptranslate","com.google.android.apps.translate","at.nk.tools.iTranslate","com.galaxy.airviewdictionary","com.discord","com.android.chrome","com.google.android.apps.photos","com.google.android.apps.docs","com.microsoft.office.outlook","com.skype.raider"]},{"rank":{"index":2,"lang":"fr","country":"fr","chineseCountryName":"法国","pkg":"com.spaceship.screen.textcopy"},"orders":["com.recognize_text.translate.screen","com.spaceship.screen.textcopy","com.tap_to_translate.snap_translate","com.gaminik.i18n","com.niven.game","com.niven.translator","com.microsoft.translator","com.niven.comic","com.newmg.yurao.pro","com.google.android.apps.translate","com.niven.apptranslate","at.nk.tools.iTranslate","com.eecorp.taptranslator","com.galaxy.airviewdictionary","com.screen.translate.google","com.discord","com.canva.editor","com.ticktalk.translatevoice","com.microsoft.office.outlook","com.android.chrome"]},{"rank":{"index":2,"lang":"en-gb","country":"gb","chineseCountryName":"英国","pkg":"com.spaceship.screen.textcopy"},"orders":["com.recognize_text.translate.screen","com.spaceship.screen.textcopy","com.tap_to_translate.snap_translate","com.microsoft.translator","com.google.android.apps.translate","com.gaminik.i18n","com.niven.game","com.niven.translator","at.nk.tools.iTranslate","com.newmg.yurao.pro","com.niven.comic","com.niven.apptranslate","com.siv","com.translate.talkingtranslator","com.datacomprojects.scanandtranslate","com.eecorp.taptranslator","com.ticktalk.translatevoice","com.tangdi.baiguotong","com.royalappcode.translation.voice.language.chat.interpreter","com.galaxy.airviewdictionary"]},{"rank":{"index":2,"lang":"de","country":"de","chineseCountryName":"德国","pkg":"com.spaceship.screen.textcopy"},"orders":["com.recognize_text.translate.screen","com.spaceship.screen.textcopy","com.tap_to_translate.snap_translate","com.gaminik.i18n","com.newmg.yurao.pro","com.niven.translator","com.niven.game","com.microsoft.translator","com.niven.comic","com.google.android.apps.translate","at.nk.tools.iTranslate","com.eecorp.taptranslator","com.niven.apptranslate","com.translate.talkingtranslator","ru.yandex.translate","com.screen.translate.google","com.deepl.mobiletranslator","com.sayhi.android.sayhitranslate","com.discord","com.android.chrome"]},{"rank":{"index":2,"lang":"it","country":"it","chineseCountryName":"意大利","pkg":"com.spaceship.screen.textcopy"},"orders":["com.recognize_text.translate.screen","com.spaceship.screen.textcopy","com.tap_to_translate.snap_translate","com.gaminik.i18n","screen.translator.voice.translate","com.niven.game","com.niven.translator","com.microsoft.translator","com.newmg.yurao.pro","com.google.android.apps.translate","com.niven.comic","com.niven.apptranslate","com.screen.translate.google","com.eecorp.taptranslator","at.nk.tools.iTranslate","com.eecorp.linguago","com.galaxy.airviewdictionary","com.discord","com.tangdi.baiguotong","com.softissimo.reverso.context"]},{"rank":{"index":2,"lang":"ja","country":"jp","chineseCountryName":"日本","pkg":"com.spaceship.screen.textcopy"},"orders":["com.recognize_text.translate.screen","com.spaceship.screen.textcopy","com.gaminik.i18n","com.niven.game","com.niven.translator","com.microsoft.translator","com.tap_to_translate.snap_translate","com.niven.comic","com.google.android.apps.translate","com.newmg.yurao.pro","com.niven.apptranslate","com.deepl.mobiletranslator","com.google.ar.lens","com.naver.labs.translator","com.translate.talkingtranslator","com.galaxy.airviewdictionary","com.screen.translate.google","at.nk.tools.iTranslate","com.eecorp.taptranslator","com.android.chrome"]},{"rank":{"index":2,"lang":"ko","country":"kr","chineseCountryName":"韩国","pkg":"com.spaceship.screen.textcopy"},"orders":["com.recognize_text.translate.screen","com.spaceship.screen.textcopy","com.tap_to_translate.snap_translate","com.microsoft.translator","com.gaminik.i18n","com.google.android.apps.translate","com.niven.game","com.niven.translator","com.naver.labs.translator","com.niven.comic","at.nk.tools.iTranslate","com.newmg.yurao.pro","com.translate.talkingtranslator","com.royalappcode.translation.voice.language.chat.interpreter","com.niven.apptranslate","com.siv","com.google.ar.lens","com.datacomprojects.scanandtranslate","ru.yandex.translate","com.deepl.mobiletranslator"]},{"rank":{"index":2,"lang":"zh-hk","country":"hk","chineseCountryName":"香港","pkg":"com.spaceship.screen.textcopy"},"orders":["com.recognize_text.translate.screen","com.spaceship.screen.textcopy","com.tap_to_translate.snap_translate","com.microsoft.translator","com.gaminik.i18n","com.google.android.apps.translate","com.niven.game","com.niven.translator","at.nk.tools.iTranslate","com.newmg.yurao.pro","com.tangdi.baiguotong","com.niven.comic","com.translate.talkingtranslator","com.niven.apptranslate","com.siv","com.datacomprojects.scanandtranslate","com.royalappcode.translation.voice.language.chat.interpreter","com.ticktalk.translatevoice","com.galaxy.airviewdictionary","com.screen.translate.google"]},{"rank":{"index":2,"lang":"zh-tw","country":"tw","chineseCountryName":"台湾","pkg":"com.spaceship.screen.textcopy"},"orders":["com.recognize_text.translate.screen","com.spaceship.screen.textcopy","com.gaminik.i18n","com.microsoft.translator","com.niven.game","com.google.android.apps.translate","com.niven.translator","com.tap_to_translate.snap_translate","com.niven.comic","com.newmg.yurao.pro","at.nk.tools.iTranslate","com.niven.apptranslate","com.siv","com.translate.talkingtranslator","com.tangdi.baiguotong","com.galaxy.airviewdictionary","com.royalappcode.translation.voice.language.chat.interpreter","com.datacomprojects.scanandtranslate","com.google.ar.lens","com.eecorp.taptranslator"]},{"rank":{"index":2,"lang":"en","country":"in","chineseCountryName":"印度","pkg":"com.spaceship.screen.textcopy"},"orders":["com.recognize_text.translate.screen","com.spaceship.screen.textcopy","com.tap_to_translate.snap_translate","com.google.android.apps.translate","com.microsoft.translator","com.gaminik.i18n","com.niven.game","com.niven.translator","at.nk.tools.iTranslate"]},{"rank":{"index":1,"lang":"id","country":"id","chineseCountryName":"印尼","pkg":"com.spaceship.screen.textcopy"},"orders":["com.spaceship.screen.textcopy","com.recognize_text.translate.screen","com.gaminik.i18n","com.tap_to_translate.snap_translate","com.niven.game","com.niven.translator","com.niven.comic","com.youdao.hindict","com.newmg.yurao.pro","com.microsoft.translator","com.niven.apptranslate","com.google.android.apps.translate","com.eecorp.taptranslator","at.nk.tools.iTranslate","com.naver.labs.translator"]},{"rank":{"index":2,"lang":"es-mx","country":"mx","chineseCountryName":"墨西哥","pkg":"com.spaceship.screen.textcopy"},"orders":["com.recognize_text.translate.screen","com.spaceship.screen.textcopy","com.gaminik.i18n","com.niven.translator","com.niven.game","com.tap_to_translate.snap_translate","com.niven.comic","com.microsoft.translator","com.niven.apptranslate","com.newmg.yurao.pro","com.google.android.apps.translate","at.nk.tools.iTranslate","com.eecorp.taptranslator","com.galaxy.airviewdictionary","com.discord","com.android.chrome","com.google.android.apps.photos","com.google.android.apps.docs","com.google.android.apps.maps","com.microsoft.office.outlook"]}]