[{"rank":{"index":2,"lang":"en-us","country":"us","chineseCountryName":"美国","pkg":"com.spaceship.screen.textcopy"},"orders":["com.recognize_text.translate.screen","com.spaceship.screen.textcopy","com.niven.translator","com.tap_to_translate.snap_translate","com.google.android.apps.translate","com.screen.translate.google","com.newmg.yurao.pro","com.gaminik.i18n","com.microsoft.translator","com.immersivetranslate.browser","com.deepl.mobiletranslator","com.zaz.translate","com.naver.labs.translator","com.fapp.translate.language.translator.fasttranslation","at.nk.tools.iTranslate","com.niven.apptranslate","ru.yandex.translate","com.niven.game","com.translate.talkingtranslator","com.voice_camera_free_translate"]},{"rank":{"index":0,"lang":"ru","country":"ru","chineseCountryName":"俄罗斯","pkg":"com.spaceship.screen.textcopy"},"orders":["com.recognize_text.translate.screen","com.niven.translator","com.tap_to_translate.snap_translate","com.newmg.yurao.pro","com.gaminik.i18n","ru.yandex.translate","com.screen.translate.google","com.deepl.mobiletranslator","com.immersivetranslate.browser","com.google.android.apps.translate","com.niven.game","com.microsoft.translator","com.niven.apptranslate","com.naver.labs.translator","com.zaz.translate"]},{"rank":{"index":2,"lang":"pt-br","country":"br","chineseCountryName":"巴西","pkg":"com.spaceship.screen.textcopy"},"orders":["com.recognize_text.translate.screen","com.spaceship.screen.textcopy","com.tap_to_translate.snap_translate","com.gaminik.i18n","com.newmg.yurao.pro","com.google.android.apps.translate","at.nk.tools.iTranslate","com.microsoft.translator","com.zaz.translate","com.deepl.mobiletranslator","ru.yandex.translate","com.datacomprojects.scanandtranslate","com.immersivetranslate.browser","com.softissimo.reverso.context","com.google.ar.lens","com.tangdi.baiguotong","com.voice_camera_free_translate","com.niven.translator","com.screen.translate.google","com.fapp.translate.language.translator.fasttranslation"]},{"rank":{"index":2,"lang":"fr","country":"fr","chineseCountryName":"法国","pkg":"com.spaceship.screen.textcopy"},"orders":["com.recognize_text.translate.screen","com.spaceship.screen.textcopy","com.tap_to_translate.snap_translate","com.niven.translator","com.gaminik.i18n","com.screen.translate.google","com.newmg.yurao.pro","com.immersivetranslate.browser","com.google.android.apps.translate","com.microsoft.translator","com.deepl.mobiletranslator","com.niven.apptranslate","com.fapp.translate.language.translator.fasttranslation","com.voice_camera_free_translate","com.zaz.translate","com.niven.game","ru.yandex.translate","com.softissimo.reverso.context","at.nk.tools.iTranslate","com.naver.labs.translator"]},{"rank":{"index":2,"lang":"en-gb","country":"gb","chineseCountryName":"英国","pkg":"com.spaceship.screen.textcopy"},"orders":["com.recognize_text.translate.screen","com.spaceship.screen.textcopy","com.newmg.yurao.pro","com.google.android.apps.translate","com.niven.translator","com.screen.translate.google","com.tap_to_translate.snap_translate","com.gaminik.i18n","com.immersivetranslate.browser","com.microsoft.translator","com.zaz.translate","com.deepl.mobiletranslator","com.fapp.translate.language.translator.fasttranslation","ru.yandex.translate","at.nk.tools.iTranslate","com.niven.apptranslate","com.niven.game","com.voice_camera_free_translate","com.datacomprojects.scanandtranslate","com.language.translator.all.languages.voice.camera.translator"]},{"rank":{"index":2,"lang":"de","country":"de","chineseCountryName":"德国","pkg":"com.spaceship.screen.textcopy"},"orders":["com.recognize_text.translate.screen","com.spaceship.screen.textcopy","com.niven.translator","com.tap_to_translate.snap_translate","com.newmg.yurao.pro","com.screen.translate.google","com.gaminik.i18n","com.immersivetranslate.browser","com.deepl.mobiletranslator","com.google.android.apps.translate","com.microsoft.translator","com.fapp.translate.language.translator.fasttranslation","com.zaz.translate","com.niven.apptranslate","com.niven.game","ru.yandex.translate","com.voice_camera_free_translate","at.nk.tools.iTranslate","com.softissimo.reverso.context","com.translate.talkingtranslator"]},{"rank":{"index":2,"lang":"it","country":"it","chineseCountryName":"意大利","pkg":"com.spaceship.screen.textcopy"},"orders":["com.recognize_text.translate.screen","com.spaceship.screen.textcopy","com.tap_to_translate.snap_translate","com.niven.translator","com.screen.translate.google","com.gaminik.i18n","com.newmg.yurao.pro","com.immersivetranslate.browser","com.google.android.apps.translate","com.deepl.mobiletranslator","com.fapp.translate.language.translator.fasttranslation","com.zaz.translate","com.microsoft.translator","com.niven.apptranslate","com.voice_camera_free_translate","com.niven.game","at.nk.tools.iTranslate","com.softissimo.reverso.context","com.datacomprojects.scanandtranslate","ru.yandex.translate"]},{"rank":{"index":2,"lang":"ja","country":"jp","chineseCountryName":"日本","pkg":"com.spaceship.screen.textcopy"},"orders":["com.recognize_text.translate.screen","com.spaceship.screen.textcopy","com.tap_to_translate.snap_translate","com.niven.translator","com.gaminik.i18n","com.newmg.yurao.pro","com.screen.translate.google","com.immersivetranslate.browser","com.deepl.mobiletranslator","com.google.android.apps.translate","com.niven.apptranslate","com.microsoft.translator","com.naver.labs.translator","com.zaz.translate","com.niven.game","com.fapp.translate.language.translator.fasttranslation","at.nk.tools.iTranslate","com.google.ar.lens","com.openai.chatgpt","com.amazon.kindle"]},{"rank":{"index":2,"lang":"ko","country":"kr","chineseCountryName":"韩国","pkg":"com.spaceship.screen.textcopy"},"orders":["com.recognize_text.translate.screen","com.spaceship.screen.textcopy","com.tap_to_translate.snap_translate","com.niven.translator","com.gaminik.i18n","com.newmg.yurao.pro","com.screen.translate.google","com.immersivetranslate.browser","com.naver.labs.translator","com.google.android.apps.translate","com.niven.apptranslate","com.niven.game","com.deepl.mobiletranslator","com.microsoft.translator","com.voice_camera_free_translate","com.fapp.translate.language.translator.fasttranslation","com.zaz.translate","at.nk.tools.iTranslate","ru.yandex.translate","com.translate.talkingtranslator"]},{"rank":{"index":2,"lang":"zh-hk","country":"hk","chineseCountryName":"香港","pkg":"com.spaceship.screen.textcopy"},"orders":["com.recognize_text.translate.screen","com.spaceship.screen.textcopy","com.screen.translate.google","com.niven.translator","com.gaminik.i18n","com.newmg.yurao.pro","com.google.android.apps.translate","com.immersivetranslate.browser","com.tap_to_translate.snap_translate","com.deepl.mobiletranslator","com.microsoft.translator","com.naver.labs.translator","com.zaz.translate","com.fapp.translate.language.translator.fasttranslation","com.niven.apptranslate","com.niven.game","at.nk.tools.iTranslate","ru.yandex.translate","com.google.ar.lens","com.softissimo.reverso.context"]},{"rank":{"index":2,"lang":"zh-tw","country":"tw","chineseCountryName":"台湾","pkg":"com.spaceship.screen.textcopy"},"orders":["com.recognize_text.translate.screen","com.spaceship.screen.textcopy","com.niven.translator","com.screen.translate.google","com.gaminik.i18n","com.newmg.yurao.pro","com.immersivetranslate.browser","com.tap_to_translate.snap_translate","com.niven.apptranslate","com.google.android.apps.translate","com.deepl.mobiletranslator","com.niven.game","com.microsoft.translator","com.naver.labs.translator","com.zaz.translate","com.fapp.translate.language.translator.fasttranslation","com.google.ar.lens","com.openai.chatgpt","com.facebook.katana","com.facebook.orca"]},{"rank":{"index":3,"lang":"en","country":"in","chineseCountryName":"印度","pkg":"com.spaceship.screen.textcopy"},"orders":["com.recognize_text.translate.screen","com.newmg.yurao.pro","com.spaceship.screen.textcopy","com.google.android.apps.translate","com.zaz.translate"]},{"rank":{"index":3,"lang":"id","country":"id","chineseCountryName":"印尼","pkg":"com.spaceship.screen.textcopy"},"orders":["com.recognize_text.translate.screen","com.tap_to_translate.snap_translate","com.spaceship.screen.textcopy","com.niven.translator","com.newmg.yurao.pro","com.gaminik.i18n","com.screen.translate.google","com.google.android.apps.translate","com.niven.game","com.immersivetranslate.browser","com.deepl.mobiletranslator","com.niven.apptranslate","com.fapp.translate.language.translator.fasttranslation"]},{"rank":{"index":2,"lang":"es-mx","country":"mx","chineseCountryName":"墨西哥","pkg":"com.spaceship.screen.textcopy"},"orders":["com.recognize_text.translate.screen","com.spaceship.screen.textcopy","com.tap_to_translate.snap_translate","com.newmg.yurao.pro","com.gaminik.i18n","com.google.android.apps.translate","at.nk.tools.iTranslate","com.deepl.mobiletranslator","com.zaz.translate","ru.yandex.translate","com.immersivetranslate.browser","com.naver.labs.translator","com.softissimo.reverso.context","com.voice_camera_free_translate","com.google.ar.lens","photo.translate.camera.translator","com.niven.translator","com.screen.translate.google","com.fapp.translate.language.translator.fasttranslation","com.datacomprojects.scanandtranslate"]}]