[{"rank":{"index":2,"lang":"en-us","country":"us","chineseCountryName":"美国","pkg":"com.spaceship.screen.textcopy"},"orders":["com.recognize_text.translate.screen","com.spaceship.screen.textcopy","com.tap_to_translate.snap_translate","com.microsoft.translator","com.google.android.apps.translate","com.niven.translator","com.gaminik.i18n","com.newmg.yurao.pro","at.nk.tools.iTranslate","com.translate.talkingtranslator","com.screen.translate.google","com.language.translate.free.translator.voice.translation","com.niven.game","com.translate.language.translator.voice.translation","com.naver.labs.translator","com.deepl.mobiletranslator","com.google.ar.lens","com.datacomprojects.scanandtranslate","com.niven.comic","com.voice_camera_free_translate"]},{"rank":{"index":0,"lang":"ru","country":"ru","chineseCountryName":"俄罗斯","pkg":"com.spaceship.screen.textcopy"},"orders":["com.recognize_text.translate.screen","com.niven.translator","com.tap_to_translate.snap_translate","com.newmg.yurao.pro","com.microsoft.translator","com.gaminik.i18n","com.google.android.apps.translate","com.niven.game","ru.yandex.translate","at.nk.tools.iTranslate","com.language.translate.free.translator.voice.translation","com.datacomprojects.scanandtranslate","com.deepl.mobiletranslator","com.translate.talkingtranslator","com.screen.translate.google","com.niven.apptranslate","com.google.ar.lens","com.kursx.smartbook","com.niven.comic","com.translate.language.translator.voice.translation"]},{"rank":{"index":2,"lang":"pt-br","country":"br","chineseCountryName":"巴西","pkg":"com.spaceship.screen.textcopy"},"orders":["com.recognize_text.translate.screen","com.spaceship.screen.textcopy","com.tap_to_translate.snap_translate","com.gaminik.i18n","com.newmg.yurao.pro","com.niven.translator","com.microsoft.translator","at.nk.tools.iTranslate","com.google.android.apps.translate","com.screen.translate.google","com.niven.apptranslate","com.translate.language.translator.voice.translation","com.niven.game","com.niven.comic","com.youdao.hindict","com.voice_camera_free_translate","com.language.translate.free.translator.voice.translation","com.eecorp.linguago","com.deepl.mobiletranslator","com.translate.talkingtranslator"]},{"rank":{"index":2,"lang":"fr","country":"fr","chineseCountryName":"法国","pkg":"com.spaceship.screen.textcopy"},"orders":["com.recognize_text.translate.screen","com.spaceship.screen.textcopy","com.tap_to_translate.snap_translate","com.newmg.yurao.pro","com.gaminik.i18n","com.microsoft.translator","com.niven.translator","com.google.android.apps.translate","at.nk.tools.iTranslate","com.translate.talkingtranslator","com.language.translate.free.translator.voice.translation","com.screen.translate.google","com.translate.language.translator.voice.translation","com.youdao.hindict","com.deepl.mobiletranslator","com.niven.game","com.niven.apptranslate","com.datacomprojects.scanandtranslate","com.tangdi.baiguotong","com.google.ar.lens"]},{"rank":{"index":2,"lang":"en-gb","country":"gb","chineseCountryName":"英国","pkg":"com.spaceship.screen.textcopy"},"orders":["com.recognize_text.translate.screen","com.spaceship.screen.textcopy","com.tap_to_translate.snap_translate","com.newmg.yurao.pro","com.microsoft.translator","com.google.android.apps.translate","com.gaminik.i18n","com.niven.translator","at.nk.tools.iTranslate","com.google.ar.lens","com.translate.talkingtranslator","com.language.translate.free.translator.voice.translation","com.screen.translate.google","com.translate.language.translator.voice.translation","com.youdao.hindict","com.niven.game","com.deepl.mobiletranslator","com.naver.labs.translator","com.voice_camera_free_translate","com.datacomprojects.scanandtranslate"]},{"rank":{"index":2,"lang":"de","country":"de","chineseCountryName":"德国","pkg":"com.spaceship.screen.textcopy"},"orders":["com.recognize_text.translate.screen","com.spaceship.screen.textcopy","com.tap_to_translate.snap_translate","com.microsoft.translator","com.newmg.yurao.pro","com.gaminik.i18n","com.niven.translator","com.google.android.apps.translate","at.nk.tools.iTranslate","com.translate.talkingtranslator","com.deepl.mobiletranslator","com.language.translate.free.translator.voice.translation","com.niven.game","com.screen.translate.google","com.translate.language.translator.voice.translation","com.tangdi.baiguotong","com.datacomprojects.scanandtranslate","com.niven.apptranslate","com.b1b.translator.voicetranslate.alllanguages.translator.app","com.niven.comic"]},{"rank":{"index":2,"lang":"it","country":"it","chineseCountryName":"意大利","pkg":"com.spaceship.screen.textcopy"},"orders":["com.recognize_text.translate.screen","com.spaceship.screen.textcopy","com.tap_to_translate.snap_translate","com.gaminik.i18n","com.microsoft.translator","com.newmg.yurao.pro","com.niven.translator","at.nk.tools.iTranslate","com.google.android.apps.translate","com.language.translate.free.translator.voice.translation","com.niven.game","com.translate.talkingtranslator","com.screen.translate.google","com.deepl.mobiletranslator","com.translate.language.translator.voice.translation","com.tangdi.baiguotong","com.niven.apptranslate","com.google.ar.lens","com.datacomprojects.scanandtranslate","camtranslator.voice.text.image.translate"]},{"rank":{"index":2,"lang":"ja","country":"jp","chineseCountryName":"日本","pkg":"com.spaceship.screen.textcopy"},"orders":["com.recognize_text.translate.screen","com.spaceship.screen.textcopy","com.tap_to_translate.snap_translate","com.microsoft.translator","com.newmg.yurao.pro","com.gaminik.i18n","com.niven.translator","at.nk.tools.iTranslate","com.google.android.apps.translate","com.naver.labs.translator","com.translate.talkingtranslator","com.deepl.mobiletranslator","com.niven.game","com.language.translate.free.translator.voice.translation","com.google.ar.lens"]},{"rank":{"index":2,"lang":"ko","country":"kr","chineseCountryName":"韩国","pkg":"com.spaceship.screen.textcopy"},"orders":["com.recognize_text.translate.screen","com.spaceship.screen.textcopy","com.tap_to_translate.snap_translate","com.newmg.yurao.pro","com.microsoft.translator","com.google.android.apps.translate","com.gaminik.i18n","com.niven.translator","com.naver.labs.translator","at.nk.tools.iTranslate","com.translate.talkingtranslator","com.language.translate.free.translator.voice.translation","com.deepl.mobiletranslator","com.google.ar.lens","com.niven.game","com.screen.translate.google","com.translate.language.translator.voice.translation","com.sky.languagetranslator","com.immersivetranslate.browser","com.datacomprojects.scanandtranslate"]},{"rank":{"index":2,"lang":"zh-hk","country":"hk","chineseCountryName":"香港","pkg":"com.spaceship.screen.textcopy"},"orders":["com.recognize_text.translate.screen","com.spaceship.screen.textcopy","com.newmg.yurao.pro","com.microsoft.translator","com.tap_to_translate.snap_translate","com.google.android.apps.translate","com.gaminik.i18n","at.nk.tools.iTranslate","com.niven.translator","com.screen.translate.google","com.translate.talkingtranslator","com.deepl.mobiletranslator","com.google.ar.lens","com.language.translate.free.translator.voice.translation","com.naver.labs.translator","com.datacomprojects.scanandtranslate","com.tangdi.baiguotong","com.immersivetranslate.browser","com.youdao.hindict","com.niven.game"]},{"rank":{"index":2,"lang":"zh-tw","country":"tw","chineseCountryName":"台湾","pkg":"com.spaceship.screen.textcopy"},"orders":["com.recognize_text.translate.screen","com.spaceship.screen.textcopy","com.microsoft.translator","com.tap_to_translate.snap_translate","com.google.android.apps.translate","com.gaminik.i18n","com.newmg.yurao.pro","at.nk.tools.iTranslate","com.niven.translator","com.translate.talkingtranslator","com.language.translate.free.translator.voice.translation","com.naver.labs.translator","com.niven.game","com.google.ar.lens","com.deepl.mobiletranslator","com.youdao.hindict","com.datacomprojects.scanandtranslate","com.translate.language.translator.voice.translation","com.tangdi.baiguotong","com.immersivetranslate.browser"]},{"rank":{"index":2,"lang":"en","country":"in","chineseCountryName":"印度","pkg":"com.spaceship.screen.textcopy"},"orders":["com.recognize_text.translate.screen","com.spaceship.screen.textcopy","com.tap_to_translate.snap_translate"]},{"rank":{"index":1,"lang":"id","country":"id","chineseCountryName":"印尼","pkg":"com.spaceship.screen.textcopy"},"orders":["com.spaceship.screen.textcopy","com.recognize_text.translate.screen","com.tap_to_translate.snap_translate","com.gaminik.i18n","com.niven.translator","com.newmg.yurao.pro","com.niven.game","com.microsoft.translator","com.screen.translate.google","com.google.android.apps.translate","com.youdao.hindict","at.nk.tools.iTranslate"]},{"rank":{"index":2,"lang":"es-mx","country":"mx","chineseCountryName":"墨西哥","pkg":"com.spaceship.screen.textcopy"},"orders":["com.recognize_text.translate.screen","com.spaceship.screen.textcopy","com.tap_to_translate.snap_translate","com.niven.translator","com.newmg.yurao.pro","com.gaminik.i18n","com.microsoft.translator","at.nk.tools.iTranslate","com.google.android.apps.translate","com.youdao.hindict","com.screen.translate.google","com.language.translate.free.translator.voice.translation","com.niven.game","com.deepl.mobiletranslator","com.niven.apptranslate"]}]