[{"rank":{"index":2,"lang":"en-us","country":"us","chineseCountryName":"美国","pkg":"com.spaceship.screen.textcopy"},"orders":["com.recognize_text.translate.screen","com.spaceship.screen.textcopy","com.tap_to_translate.snap_translate","com.microsoft.translator","com.gaminik.i18n","com.mg.yurao.google","com.google.android.apps.translate","com.niven.game","com.niven.translator","com.zaz.translate","screen.translator.voice.translate","com.translate.talkingtranslator","com.niven.comic","com.niven.apptranslate","com.newmg.yurao.pro","com.translate.language.translator.voice.translation","com.mobisystems.msdict.embedded.wireless.collins.ee","at.nk.tools.iTranslate","com.eecorp.linguago","com.ydzlabs.chattranslator"]},{"rank":{"index":3,"lang":"ru","country":"ru","chineseCountryName":"俄罗斯","pkg":"com.spaceship.screen.textcopy"},"orders":["com.recognize_text.translate.screen","com.tap_to_translate.snap_translate","com.spaceship.screen.textcopy","com.microsoft.translator","com.gaminik.i18n","com.niven.translator","com.niven.game","com.mg.yurao.google","com.google.android.apps.translate","com.niven.comic","com.niven.apptranslate","ru.yandex.translate","com.newmg.yurao.pro","screen.translator.voice.translate","com.eecorp.linguago","com.translate.talkingtranslator","jp.go.nict.voicetra","com.translate.language.translator.voice.translation","com.ydzlabs.chattranslator","at.nk.tools.iTranslate"]},{"rank":{"index":2,"lang":"pt-br","country":"br","chineseCountryName":"巴西","pkg":"com.spaceship.screen.textcopy"},"orders":["com.recognize_text.translate.screen","com.spaceship.screen.textcopy","com.tap_to_translate.snap_translate","com.gaminik.i18n","com.niven.game","com.mg.yurao.google","com.niven.translator","com.niven.comic","com.eecorp.linguago","com.niven.apptranslate","com.microsoft.translator","screen.translator.voice.translate","com.google.android.apps.translate","com.android.chrome","us.zoom.videomeetings","com.chat_translate.screen_translate","com.google.android.inputmethod.latin","com.skype.raider","com.newmg.yurao.pro","com.google.android.googlequicksearchbox"]},{"rank":{"index":2,"lang":"fr","country":"fr","chineseCountryName":"法国","pkg":"com.spaceship.screen.textcopy"},"orders":["com.recognize_text.translate.screen","com.spaceship.screen.textcopy","com.gaminik.i18n","com.mg.yurao.google","com.niven.game","com.tap_to_translate.snap_translate","screen.translator.voice.translate","com.microsoft.translator","com.niven.translator","com.niven.comic","com.eecorp.linguago","com.google.android.apps.translate","com.niven.apptranslate","com.chat_translate.screen_translate","com.translate.talkingtranslator","com.newmg.yurao.pro","us.zoom.videomeetings","com.translator.yellow","at.nk.tools.iTranslate","com.zaz.translate"]},{"rank":{"index":2,"lang":"en-gb","country":"gb","chineseCountryName":"英国","pkg":"com.spaceship.screen.textcopy"},"orders":["com.recognize_text.translate.screen","com.spaceship.screen.textcopy","com.tap_to_translate.snap_translate","com.microsoft.translator","com.gaminik.i18n","com.google.android.apps.translate","com.mg.yurao.google","com.niven.game","com.niven.translator","com.zaz.translate","screen.translator.voice.translate","com.translate.talkingtranslator","com.niven.comic","at.nk.tools.iTranslate","com.translate.language.translator.voice.translation","com.niven.apptranslate","com.newmg.yurao.pro","com.eecorp.linguago","com.mobisystems.msdict.embedded.wireless.collins.ee","com.ydzlabs.chattranslator"]},{"rank":{"index":2,"lang":"de","country":"de","chineseCountryName":"德国","pkg":"com.spaceship.screen.textcopy"},"orders":["com.recognize_text.translate.screen","com.spaceship.screen.textcopy","com.mg.yurao.google","com.microsoft.translator","com.gaminik.i18n","com.niven.game","com.tap_to_translate.snap_translate","com.niven.translator","com.niven.comic","com.newmg.yurao.pro","com.eecorp.linguago","screen.translator.voice.translate","com.niven.apptranslate","com.translate.talkingtranslator","com.google.android.apps.translate","com.zaz.translate","com.chat_translate.screen_translate","ru.yandex.translate","com.translator.yellow","com.deepl.mobiletranslator"]},{"rank":{"index":2,"lang":"it","country":"it","chineseCountryName":"意大利","pkg":"com.spaceship.screen.textcopy"},"orders":["com.recognize_text.translate.screen","com.spaceship.screen.textcopy","com.gaminik.i18n","screen.translator.voice.translate","com.niven.game","com.tap_to_translate.snap_translate","com.niven.translator","com.mg.yurao.google","com.microsoft.translator","com.niven.comic","com.eecorp.linguago","com.niven.apptranslate","com.eecorp.taptranslator","com.google.android.apps.translate","com.chat_translate.screen_translate","com.translate.language.translator.voice.translation","us.zoom.videomeetings","at.nk.tools.iTranslate","com.pidev.screentranslator","com.translator.yellow"]},{"rank":{"index":2,"lang":"ja","country":"jp","chineseCountryName":"日本","pkg":"com.spaceship.screen.textcopy"},"orders":["com.recognize_text.translate.screen","com.spaceship.screen.textcopy","com.tap_to_translate.snap_translate","com.gaminik.i18n","com.mg.yurao.google","com.niven.game","com.newmg.yurao.pro","com.niven.apptranslate","com.eecorp.linguago","com.niven.translator","com.niven.comic","screen.translator.voice.translate","com.microsoft.translator","com.eecorp.taptranslator"]},{"rank":{"index":2,"lang":"ko","country":"kr","chineseCountryName":"韩国","pkg":"com.spaceship.screen.textcopy"},"orders":["com.recognize_text.translate.screen","com.spaceship.screen.textcopy","com.tap_to_translate.snap_translate","com.mg.yurao.google","com.microsoft.translator","com.gaminik.i18n","com.niven.game","com.google.android.apps.translate","com.niven.translator","com.newmg.yurao.pro","com.niven.comic","com.translate.talkingtranslator","com.translate.language.translator.voice.translation","com.naver.labs.translator","at.nk.tools.iTranslate","com.niven.apptranslate","com.eecorp.linguago","com.zaz.translate","com.ydzlabs.chattranslator","screen.translator.voice.translate"]},{"rank":{"index":2,"lang":"zh-hk","country":"hk","chineseCountryName":"香港","pkg":"com.spaceship.screen.textcopy"},"orders":["com.recognize_text.translate.screen","com.spaceship.screen.textcopy","com.tap_to_translate.snap_translate","com.microsoft.translator","com.mg.yurao.google","com.gaminik.i18n","com.niven.game","com.niven.translator","com.google.android.apps.translate","com.zaz.translate","com.translate.language.translator.voice.translation","com.niven.comic","com.translate.talkingtranslator","com.newmg.yurao.pro","free_translator.all","com.eecorp.linguago","com.niven.apptranslate","screen.translator.voice.translate","com.ydzlabs.chattranslator","at.nk.tools.iTranslate"]},{"rank":{"index":4,"lang":"zh-tw","country":"tw","chineseCountryName":"台湾","pkg":"com.spaceship.screen.textcopy"},"orders":["com.recognize_text.translate.screen","com.tap_to_translate.snap_translate","com.mg.yurao.google","com.spaceship.screen.textcopy","com.microsoft.translator","com.gaminik.i18n","com.niven.game","com.google.android.apps.translate","com.niven.translator","com.translate.talkingtranslator","com.niven.comic","com.translate.language.translator.voice.translation","com.newmg.yurao.pro","at.nk.tools.iTranslate","com.zaz.translate","com.eecorp.linguago","com.niven.apptranslate","com.mobisystems.msdict.embedded.wireless.collins.ee","xbean.image.picture.translate.ocr","screen.translator.voice.translate"]},{"rank":{"index":3,"lang":"en","country":"in","chineseCountryName":"印度","pkg":"com.spaceship.screen.textcopy"},"orders":["com.recognize_text.translate.screen","com.tap_to_translate.snap_translate","com.spaceship.screen.textcopy","com.microsoft.translator","screen.translator.voice.translate","com.google.android.apps.translate","com.mg.yurao.google","com.gaminik.i18n","com.zaz.translate","com.niven.translator","com.niven.game","com.newmg.yurao.pro","com.ydzlabs.chattranslator","com.niven.apptranslate","com.niven.comic","com.eecorp.linguago","at.nk.tools.iTranslate","com.tranit.text.translate","com.languagetranslator.translatorapp.smartscanner.dictionary.translation.voicetranslator","com.translate.talkingtranslator"]},{"rank":{"index":1,"lang":"id","country":"id","chineseCountryName":"印尼","pkg":"com.spaceship.screen.textcopy"},"orders":["com.spaceship.screen.textcopy","com.recognize_text.translate.screen","com.tap_to_translate.snap_translate","com.gaminik.i18n","com.mg.yurao.google","com.niven.game","com.niven.translator","com.eecorp.linguago","com.niven.comic","com.newmg.yurao.pro","com.niven.apptranslate","com.youdao.hindict","screen.translator.voice.translate"]},{"rank":{"index":2,"lang":"es-mx","country":"mx","chineseCountryName":"墨西哥","pkg":"com.spaceship.screen.textcopy"},"orders":["com.recognize_text.translate.screen","com.spaceship.screen.textcopy","com.tap_to_translate.snap_translate","com.gaminik.i18n","com.niven.translator","com.niven.game","com.mg.yurao.google","com.microsoft.translator","com.niven.comic","com.eecorp.linguago","com.niven.apptranslate","com.google.android.apps.translate","com.youdao.hindict","us.zoom.videomeetings","screen.translator.voice.translate","com.zaz.translate","com.chat_translate.screen_translate","org.thunderdog.challegram","at.nk.tools.iTranslate","com.deepl.mobiletranslator"]}]