[{"rank":{"index":2,"lang":"en-us","country":"us","chineseCountryName":"美国","pkg":"com.spaceship.screen.textcopy"},"orders":["com.recognize_text.translate.screen","com.spaceship.screen.textcopy","com.tap_to_translate.snap_translate","com.google.android.apps.translate","com.screen.translate.google","com.microsoft.translator","com.newmg.yurao.pro","com.gaminik.i18n","com.niven.translator","com.deepl.mobiletranslator","at.nk.tools.iTranslate","com.zaz.translate","com.immersivetranslate.browser","com.naver.labs.translator","com.translate.talkingtranslator","com.niven.game","com.screen.textspeech.translator","ru.yandex.translate","com.google.ar.lens","com.heapsol.spanishenglishtranslator"]},{"rank":{"index":0,"lang":"ru","country":"ru","chineseCountryName":"俄罗斯","pkg":"com.spaceship.screen.textcopy"},"orders":["com.recognize_text.translate.screen","com.newmg.yurao.pro","com.niven.translator","com.google.android.apps.translate","com.screen.translate.google","com.deepl.mobiletranslator","com.gaminik.i18n","ru.yandex.translate","com.tap_to_translate.snap_translate","com.microsoft.translator","com.niven.game"]},{"rank":{"index":2,"lang":"pt-br","country":"br","chineseCountryName":"巴西","pkg":"com.spaceship.screen.textcopy"},"orders":["com.recognize_text.translate.screen","com.spaceship.screen.textcopy","com.tap_to_translate.snap_translate","com.newmg.yurao.pro","com.gaminik.i18n","com.google.android.apps.translate","com.microsoft.translator","com.deepl.mobiletranslator","com.zaz.translate","ru.yandex.translate","at.nk.tools.iTranslate","com.softissimo.reverso.context","com.translate.talkingtranslator","com.naver.labs.translator","com.google.ar.lens","com.immersivetranslate.browser","com.niven.translator","com.screen.translate.google","com.niven.game","com.newtranslate.google"]},{"rank":{"index":2,"lang":"fr","country":"fr","chineseCountryName":"法国","pkg":"com.spaceship.screen.textcopy"},"orders":["com.recognize_text.translate.screen","com.spaceship.screen.textcopy","com.tap_to_translate.snap_translate","com.newmg.yurao.pro","com.gaminik.i18n","com.niven.translator","com.screen.translate.google","com.microsoft.translator","com.google.android.apps.translate","com.deepl.mobiletranslator","com.immersivetranslate.browser","com.niven.game","com.zaz.translate","ru.yandex.translate","com.google.ar.lens","com.niven.apptranslate","com.mg.chat","com.naver.labs.translator","at.nk.tools.iTranslate","com.softissimo.reverso.context"]},{"rank":{"index":2,"lang":"en-gb","country":"gb","chineseCountryName":"英国","pkg":"com.spaceship.screen.textcopy"},"orders":["com.recognize_text.translate.screen","com.spaceship.screen.textcopy","com.newmg.yurao.pro","com.google.android.apps.translate","com.screen.translate.google","com.microsoft.translator","com.deepl.mobiletranslator","com.gaminik.i18n","com.niven.translator","com.zaz.translate","com.tap_to_translate.snap_translate","com.youdao.hindict","at.nk.tools.iTranslate","com.niven.game","com.immersivetranslate.browser","ru.yandex.translate","com.tangdi.baiguotong","com.google.ar.lens","com.siv","com.screen.textspeech.translator"]},{"rank":{"index":2,"lang":"de","country":"de","chineseCountryName":"德国","pkg":"com.spaceship.screen.textcopy"},"orders":["com.recognize_text.translate.screen","com.spaceship.screen.textcopy","com.newmg.yurao.pro","com.gaminik.i18n","com.microsoft.translator","com.tap_to_translate.snap_translate","com.google.android.apps.translate","com.deepl.mobiletranslator","com.screen.translate.google"]},{"rank":{"index":2,"lang":"it","country":"it","chineseCountryName":"意大利","pkg":"com.spaceship.screen.textcopy"},"orders":["com.recognize_text.translate.screen","com.spaceship.screen.textcopy","com.tap_to_translate.snap_translate","com.deepl.mobiletranslator","com.gaminik.i18n","com.newmg.yurao.pro","com.niven.translator","com.screen.translate.google","com.google.android.apps.translate","com.microsoft.translator","com.immersivetranslate.browser"]},{"rank":{"index":2,"lang":"ja","country":"jp","chineseCountryName":"日本","pkg":"com.spaceship.screen.textcopy"},"orders":["com.recognize_text.translate.screen","com.spaceship.screen.textcopy","com.tap_to_translate.snap_translate","com.newmg.yurao.pro","com.gaminik.i18n","com.screen.translate.google","com.niven.translator","com.deepl.mobiletranslator","com.google.android.apps.translate","com.microsoft.translator","com.immersivetranslate.browser","com.niven.game","com.naver.labs.translator","com.google.ar.lens","com.screen.textspeech.translator","com.translate.talkingtranslator","com.niven.apptranslate","com.openai.chatgpt","com.android.chrome","com.facebook.orca"]},{"rank":{"index":2,"lang":"ko","country":"kr","chineseCountryName":"韩国","pkg":"com.spaceship.screen.textcopy"},"orders":["com.recognize_text.translate.screen","com.spaceship.screen.textcopy","com.tap_to_translate.snap_translate","com.newmg.yurao.pro","com.niven.translator","com.screen.translate.google","com.gaminik.i18n","com.microsoft.translator","com.google.android.apps.translate","com.naver.labs.translator","com.niven.game","com.deepl.mobiletranslator","com.immersivetranslate.browser","com.niven.apptranslate","at.nk.tools.iTranslate","com.instagram.android","com.facebook.katana","com.facebook.orca","com.translate.talkingtranslator","com.openai.chatgpt"]},{"rank":{"index":2,"lang":"zh-hk","country":"hk","chineseCountryName":"香港","pkg":"com.spaceship.screen.textcopy"},"orders":["com.recognize_text.translate.screen","com.spaceship.screen.textcopy","com.tap_to_translate.snap_translate","com.newmg.yurao.pro","com.screen.translate.google","com.gaminik.i18n","com.google.android.apps.translate","com.niven.translator","com.microsoft.translator","com.deepl.mobiletranslator","com.immersivetranslate.browser","com.niven.game","com.naver.labs.translator","at.nk.tools.iTranslate","com.screen.textspeech.translator","com.zaz.translate","com.google.ar.lens","com.mg.chat","com.niven.apptranslate","com.tangdi.baiguotong"]},{"rank":{"index":2,"lang":"zh-tw","country":"tw","chineseCountryName":"台湾","pkg":"com.spaceship.screen.textcopy"},"orders":["com.recognize_text.translate.screen","com.spaceship.screen.textcopy","com.newmg.yurao.pro","com.screen.translate.google","com.niven.translator","com.gaminik.i18n","com.tap_to_translate.snap_translate","com.microsoft.translator","com.google.android.apps.translate","com.naver.labs.translator","at.nk.tools.iTranslate","com.niven.game","com.niven.apptranslate","com.google.ar.lens","com.deepl.mobiletranslator","com.immersivetranslate.browser","com.instagram.android","com.facebook.orca","com.facebook.katana","com.translate.talkingtranslator"]},{"rank":{"index":3,"lang":"en","country":"in","chineseCountryName":"印度","pkg":"com.spaceship.screen.textcopy"},"orders":["com.recognize_text.translate.screen","com.google.android.apps.translate","com.spaceship.screen.textcopy","com.newmg.yurao.pro","com.zaz.translate","com.microsoft.translator"]},{"rank":{"index":2,"lang":"id","country":"id","chineseCountryName":"印尼","pkg":"com.spaceship.screen.textcopy"},"orders":["com.recognize_text.translate.screen","com.spaceship.screen.textcopy","com.tap_to_translate.snap_translate","com.gaminik.i18n","com.newmg.yurao.pro","com.niven.translator","com.google.android.apps.translate","com.niven.game","com.screen.translate.google","com.deepl.mobiletranslator","com.youdao.hindict","com.immersivetranslate.browser","com.microsoft.translator"]},{"rank":{"index":2,"lang":"es-mx","country":"mx","chineseCountryName":"墨西哥","pkg":"com.spaceship.screen.textcopy"},"orders":["com.recognize_text.translate.screen","com.spaceship.screen.textcopy","com.tap_to_translate.snap_translate","com.newmg.yurao.pro","com.google.android.apps.translate","com.microsoft.translator","com.gaminik.i18n","com.deepl.mobiletranslator","at.nk.tools.iTranslate","com.zaz.translate","ru.yandex.translate","com.softissimo.reverso.context","com.translate.talkingtranslator","com.immersivetranslate.browser","com.naver.labs.translator","com.google.ar.lens","com.niven.translator","com.screen.translate.google","com.niven.game","com.youdao.hindict"]}]