[{"rank":{"index":3,"lang":"en-us","country":"us","chineseCountryName":"美国","pkg":"com.spaceship.screen.textcopy"},"orders":["com.recognize_text.translate.screen","com.google.android.apps.translate","com.spaceship.screen.textcopy","com.microsoft.translator","com.niven.translator","com.screen.translate.google","com.tap_to_translate.snap_translate","com.gaminik.i18n","com.niven.game","com.google.ar.lens","com.naver.labs.translator","com.newmg.yurao.pro","com.translate.talkingtranslator","com.sayhi.android.sayhitranslate","com.niven.comic","com.deepl.mobiletranslator","com.softissimo.reverso.context","com.mobisystems.msdict.embedded.wireless.collins.ee","com.zaz.translate","com.tangdi.baiguotong"]},{"rank":{"index":3,"lang":"ru","country":"ru","chineseCountryName":"俄罗斯","pkg":"com.spaceship.screen.textcopy"},"orders":["com.recognize_text.translate.screen","com.niven.translator","com.spaceship.screen.textcopy","com.tap_to_translate.snap_translate","com.google.android.apps.translate","com.niven.game","com.gaminik.i18n","ru.yandex.translate","com.microsoft.translator"]},{"rank":{"index":2,"lang":"pt-br","country":"br","chineseCountryName":"巴西","pkg":"com.spaceship.screen.textcopy"},"orders":["com.recognize_text.translate.screen","com.spaceship.screen.textcopy","com.tap_to_translate.snap_translate","com.niven.game","com.gaminik.i18n","com.google.android.apps.translate","com.microsoft.translator","com.softissimo.reverso.context","com.zaz.translate","com.deepl.mobiletranslator","com.tangdi.baiguotong","ru.yandex.translate","com.naver.labs.translator","com.flitto.app","com.translate.talkingtranslator","com.sayhi.android.sayhitranslate","com.niven.translator","com.screen.translate.google","com.niven.comic","com.newmg.yurao.pro"]},{"rank":{"index":3,"lang":"fr","country":"fr","chineseCountryName":"法国","pkg":"com.spaceship.screen.textcopy"},"orders":["com.recognize_text.translate.screen","com.tap_to_translate.snap_translate","com.spaceship.screen.textcopy","com.niven.translator","com.niven.game","com.screen.translate.google","com.gaminik.i18n","com.google.android.apps.translate","com.microsoft.translator","com.niven.comic","com.newmg.yurao.pro","com.softissimo.reverso.context","com.tangdi.baiguotong","com.image.camera.translate.ai","com.zaz.translate","com.datacomprojects.scanandtranslate","com.deepl.mobiletranslator","com.language.translate.free.translator.voice.translation","com.translate.talkingtranslator","com.naver.labs.translator"]},{"rank":{"index":2,"lang":"en-gb","country":"gb","chineseCountryName":"英国","pkg":"com.spaceship.screen.textcopy"},"orders":["com.recognize_text.translate.screen","com.spaceship.screen.textcopy","com.google.android.apps.translate","com.microsoft.translator","com.screen.translate.google","com.gaminik.i18n","com.niven.translator","com.niven.game","com.tap_to_translate.snap_translate","com.google.ar.lens","com.niven.comic","com.zaz.translate","com.newmg.yurao.pro","com.softissimo.reverso.context","com.naver.labs.translator","com.sayhi.android.sayhitranslate","com.mobisystems.msdict.embedded.wireless.collins.ee","com.datacomprojects.scanandtranslate","com.deepl.mobiletranslator","com.tangdi.baiguotong"]},{"rank":{"index":2,"lang":"de","country":"de","chineseCountryName":"德国","pkg":"com.spaceship.screen.textcopy"},"orders":["com.recognize_text.translate.screen","com.spaceship.screen.textcopy","com.tap_to_translate.snap_translate","com.google.android.apps.translate","com.microsoft.translator","com.niven.translator","com.screen.translate.google","com.gaminik.i18n","com.niven.game","com.niven.comic","com.newmg.yurao.pro","com.deepl.mobiletranslator","com.image.camera.translate.ai","com.translate.talkingtranslator","com.tangdi.baiguotong","com.language.translate.free.translator.voice.translation","com.softissimo.reverso.context","com.flitto.app","com.zaz.translate","com.google.ar.lens"]},{"rank":{"index":2,"lang":"it","country":"it","chineseCountryName":"意大利","pkg":"com.spaceship.screen.textcopy"},"orders":["com.recognize_text.translate.screen","com.spaceship.screen.textcopy","com.tap_to_translate.snap_translate","com.screen.translate.google","com.gaminik.i18n","com.niven.translator","com.niven.game","com.google.android.apps.translate","com.microsoft.translator","com.softissimo.reverso.context","com.niven.comic","com.tangdi.baiguotong","com.image.camera.translate.ai","com.newmg.yurao.pro","com.language.translate.free.translator.voice.translation","com.datacomprojects.scanandtranslate","com.deepl.mobiletranslator","com.mobisystems.msdict.embedded.wireless.collins.ee","com.zaz.translate","translate.all.language.translator.cameratranslator"]},{"rank":{"index":2,"lang":"ja","country":"jp","chineseCountryName":"日本","pkg":"com.spaceship.screen.textcopy"},"orders":["com.recognize_text.translate.screen","com.spaceship.screen.textcopy","com.tap_to_translate.snap_translate","com.niven.translator","com.gaminik.i18n","com.google.android.apps.translate","com.niven.game","com.microsoft.translator"]},{"rank":{"index":2,"lang":"ko","country":"kr","chineseCountryName":"韩国","pkg":"com.spaceship.screen.textcopy"},"orders":["com.recognize_text.translate.screen","com.spaceship.screen.textcopy","com.tap_to_translate.snap_translate","com.gaminik.i18n","com.niven.game","com.niven.translator","com.naver.labs.translator","com.screen.translate.google","com.microsoft.translator","com.google.android.apps.translate","com.niven.comic","com.newmg.yurao.pro","com.flitto.app","co.timekettle.livetranslator","com.deepl.mobiletranslator","com.translate.talkingtranslator","com.google.ar.lens","com.language.translate.free.translator.voice.translation","com.mobisystems.msdict.embedded.wireless.collins.ee","translate.all.language.translator.cameratranslator"]},{"rank":{"index":2,"lang":"zh-hk","country":"hk","chineseCountryName":"香港","pkg":"com.spaceship.screen.textcopy"},"orders":["com.recognize_text.translate.screen","com.spaceship.screen.textcopy","com.gaminik.i18n","com.google.android.apps.translate","com.microsoft.translator","com.niven.translator","com.screen.translate.google","com.niven.game","com.tap_to_translate.snap_translate","com.niven.comic","com.newmg.yurao.pro","com.naver.labs.translator","com.tangdi.baiguotong","com.google.ar.lens","com.image.camera.translate.ai","com.flitto.app","com.deepl.mobiletranslator","com.softissimo.reverso.context","com.datacomprojects.scanandtranslate","translate.all.language.translator.cameratranslator"]},{"rank":{"index":2,"lang":"zh-tw","country":"tw","chineseCountryName":"台湾","pkg":"com.spaceship.screen.textcopy"},"orders":["com.recognize_text.translate.screen","com.spaceship.screen.textcopy","com.gaminik.i18n","com.screen.translate.google","com.google.android.apps.translate","com.niven.translator","com.microsoft.translator","com.niven.game","com.tap_to_translate.snap_translate","com.naver.labs.translator","com.niven.comic","com.newmg.yurao.pro","com.tangdi.baiguotong","com.flitto.app","com.google.ar.lens","com.language.translate.free.translator.voice.translation","com.translate.talkingtranslator","com.image.camera.translate.ai","com.datacomprojects.scanandtranslate","com.deepl.mobiletranslator"]},{"rank":{"index":3,"lang":"en","country":"in","chineseCountryName":"印度","pkg":"com.spaceship.screen.textcopy"},"orders":["com.recognize_text.translate.screen","com.google.android.apps.translate","com.spaceship.screen.textcopy","com.zaz.translate","com.microsoft.translator"]},{"rank":{"index":2,"lang":"id","country":"id","chineseCountryName":"印尼","pkg":"com.spaceship.screen.textcopy"},"orders":["com.recognize_text.translate.screen","com.spaceship.screen.textcopy","com.tap_to_translate.snap_translate","com.niven.translator","com.screen.translate.google","com.gaminik.i18n","com.niven.game","com.newmg.yurao.pro","com.niven.comic","com.google.android.apps.translate"]},{"rank":{"index":2,"lang":"es-mx","country":"mx","chineseCountryName":"墨西哥","pkg":"com.spaceship.screen.textcopy"},"orders":["com.recognize_text.translate.screen","com.spaceship.screen.textcopy","com.tap_to_translate.snap_translate","com.google.android.apps.translate","com.microsoft.translator","com.niven.game","com.gaminik.i18n","com.zaz.translate","com.softissimo.reverso.context","com.deepl.mobiletranslator","com.sayhi.android.sayhitranslate","com.naver.labs.translator","com.tangdi.baiguotong","com.google.ar.lens","com.translate.talkingtranslator","ru.yandex.translate","com.niven.translator","com.screen.translate.google","com.newmg.yurao.pro","com.niven.comic"]}]