[{"rank":{"index":2,"lang":"en-us","country":"us","chineseCountryName":"美国","pkg":"com.spaceship.screen.textcopy"},"orders":["com.recognize_text.translate.screen","com.spaceship.screen.textcopy","com.niven.translator","com.microsoft.translator","com.google.android.apps.translate","com.newmg.yurao.pro","com.gaminik.i18n","com.tap_to_translate.snap_translate","com.niven.game","at.nk.tools.iTranslate","com.niven.comic","com.translate.talkingtranslator","com.zaz.translate","com.naver.labs.translator","com.sayhi.android.sayhitranslate","com.b1b.translator.voicetranslate.alllanguages.translator.app","com.tangdi.baiguotong","com.ticktalk.translatevoice","com.language.translate.free.translator.voice.translation","com.screen.translate.google"]},{"rank":{"index":3,"lang":"ru","country":"ru","chineseCountryName":"俄罗斯","pkg":"com.spaceship.screen.textcopy"},"orders":["com.recognize_text.translate.screen","com.niven.translator","com.spaceship.screen.textcopy","com.tap_to_translate.snap_translate","com.microsoft.translator","com.niven.game","com.google.android.apps.translate","com.gaminik.i18n","ru.yandex.translate","at.nk.tools.iTranslate","com.niven.comic","com.youdao.hindict","com.deepl.mobiletranslator","com.newmg.yurao.pro","com.screen.translate.google","com.tangdi.baiguotong","com.promt.pmtappfree","com.zaz.translate","com.translate.language.translator.voice.translation","com.b1b.translator.voicetranslate.alllanguages.translator.app"]},{"rank":{"index":5,"lang":"pt-br","country":"br","chineseCountryName":"巴西","pkg":"com.spaceship.screen.textcopy"},"orders":["com.recognize_text.translate.screen","com.tap_to_translate.snap_translate","com.niven.translator","com.niven.game","com.spaceship.screen.textcopy","com.gaminik.i18n","com.microsoft.translator","com.niven.comic","com.google.android.apps.translate","com.galaxy.airviewdictionary","com.youdao.hindict","at.nk.tools.iTranslate","com.newmg.yurao.pro","com.screen.translate.google","com.tangdi.baiguotong","com.niven.apptranslate","com.deepl.mobiletranslator","com.eecorp.taptranslator","com.zaz.translate","com.audacityittranslator.translatetexttranslator"]},{"rank":{"index":7,"lang":"fr","country":"fr","chineseCountryName":"法国","pkg":"com.spaceship.screen.textcopy"},"orders":["com.recognize_text.translate.screen","com.tap_to_translate.snap_translate","com.microsoft.translator","com.niven.game","com.niven.translator","com.gaminik.i18n","com.spaceship.screen.textcopy","com.niven.comic","com.google.android.apps.translate","at.nk.tools.iTranslate","com.tangdi.baiguotong","com.newmg.yurao.pro","com.youdao.hindict","com.screen.translate.google","com.zaz.translate","camtranslator.voice.text.image.translate","com.b1b.translator.voicetranslate.alllanguages.translator.app","com.deepl.mobiletranslator","com.niven.apptranslate","com.translate.talkingtranslator"]},{"rank":{"index":2,"lang":"en-gb","country":"gb","chineseCountryName":"英国","pkg":"com.spaceship.screen.textcopy"},"orders":["com.recognize_text.translate.screen","com.spaceship.screen.textcopy","com.gaminik.i18n","com.tap_to_translate.snap_translate","com.google.android.apps.translate","com.microsoft.translator","com.niven.translator","com.niven.game","at.nk.tools.iTranslate","com.niven.comic","com.zaz.translate","com.youdao.hindict","com.b1b.translator.voicetranslate.alllanguages.translator.app","com.tangdi.baiguotong","com.translate.talkingtranslator","com.language.translate.free.translator.voice.translation","com.sayhi.android.sayhitranslate","com.deepl.mobiletranslator","com.newmg.yurao.pro","com.ticktalk.translatevoice"]},{"rank":{"index":2,"lang":"de","country":"de","chineseCountryName":"德国","pkg":"com.spaceship.screen.textcopy"},"orders":["com.recognize_text.translate.screen","com.spaceship.screen.textcopy","com.microsoft.translator","com.niven.translator","com.gaminik.i18n","com.niven.game","com.tap_to_translate.snap_translate","com.niven.comic","at.nk.tools.iTranslate","com.google.android.apps.translate","com.newmg.yurao.pro","com.deepl.mobiletranslator","com.translate.talkingtranslator"]},{"rank":{"index":2,"lang":"it","country":"it","chineseCountryName":"意大利","pkg":"com.spaceship.screen.textcopy"},"orders":["com.recognize_text.translate.screen","com.spaceship.screen.textcopy","com.niven.translator","com.gaminik.i18n","com.niven.game","com.microsoft.translator","com.tap_to_translate.snap_translate","com.niven.comic","com.google.android.apps.translate","at.nk.tools.iTranslate","com.tangdi.baiguotong","com.newmg.yurao.pro","com.youdao.hindict","com.screen.translate.google"]},{"rank":{"index":2,"lang":"ja","country":"jp","chineseCountryName":"日本","pkg":"com.spaceship.screen.textcopy"},"orders":["com.recognize_text.translate.screen","com.spaceship.screen.textcopy","com.niven.translator","com.niven.game","com.gaminik.i18n","com.microsoft.translator","com.tap_to_translate.snap_translate","com.niven.comic","com.google.android.apps.translate","com.naver.labs.translator","com.newmg.yurao.pro","com.deepl.mobiletranslator","com.tangdi.baiguotong","com.screen.translate.google","at.nk.tools.iTranslate","com.galaxy.airviewdictionary","com.youdao.hindict","com.niven.apptranslate","com.translate.talkingtranslator","com.google.ar.lens"]},{"rank":{"index":2,"lang":"ko","country":"kr","chineseCountryName":"韩国","pkg":"com.spaceship.screen.textcopy"},"orders":["com.recognize_text.translate.screen","com.spaceship.screen.textcopy","com.tap_to_translate.snap_translate","com.microsoft.translator","com.google.android.apps.translate","com.gaminik.i18n","com.niven.translator","com.niven.game","com.naver.labs.translator","at.nk.tools.iTranslate","com.niven.comic","com.b1b.translator.voicetranslate.alllanguages.translator.app","com.translate.talkingtranslator","com.deepl.mobiletranslator"]},{"rank":{"index":2,"lang":"zh-hk","country":"hk","chineseCountryName":"香港","pkg":"com.spaceship.screen.textcopy"},"orders":["com.recognize_text.translate.screen","com.spaceship.screen.textcopy","com.microsoft.translator","com.google.android.apps.translate","com.gaminik.i18n","com.niven.translator","com.niven.game","at.nk.tools.iTranslate","com.tap_to_translate.snap_translate","com.niven.comic","com.tangdi.baiguotong","com.youdao.hindict","com.naver.labs.translator","com.b1b.translator.voicetranslate.alllanguages.translator.app","com.translate.talkingtranslator","com.newmg.yurao.pro","com.translate.language.translator.voice.translation","com.language.translate.free.translator.voice.translation","com.deepl.mobiletranslator","com.royalappcode.translation.voice.language.chat.interpreter"]},{"rank":{"index":2,"lang":"zh-tw","country":"tw","chineseCountryName":"台湾","pkg":"com.spaceship.screen.textcopy"},"orders":["com.recognize_text.translate.screen","com.spaceship.screen.textcopy","com.microsoft.translator","com.google.android.apps.translate","com.gaminik.i18n","com.niven.game","com.niven.translator","com.tap_to_translate.snap_translate","at.nk.tools.iTranslate","com.tangdi.baiguotong","com.youdao.hindict","com.niven.comic","com.naver.labs.translator","com.translate.talkingtranslator","com.translate.language.translator.voice.translation","com.b1b.translator.voicetranslate.alllanguages.translator.app","com.zaz.translate","com.newmg.yurao.pro","com.deepl.mobiletranslator","com.language.translate.free.translator.voice.translation"]},{"rank":{"index":5,"lang":"en","country":"in","chineseCountryName":"印度","pkg":"com.spaceship.screen.textcopy"},"orders":["com.recognize_text.translate.screen","com.google.android.apps.translate","com.tap_to_translate.snap_translate","com.newmg.yurao.pro","com.spaceship.screen.textcopy","com.niven.game","com.niven.translator","com.microsoft.translator"]},{"rank":{"index":2,"lang":"id","country":"id","chineseCountryName":"印尼","pkg":"com.spaceship.screen.textcopy"},"orders":["com.recognize_text.translate.screen","com.spaceship.screen.textcopy","com.tap_to_translate.snap_translate","com.niven.translator","com.gaminik.i18n","com.niven.game","com.youdao.hindict","com.niven.comic","com.microsoft.translator","com.google.android.apps.translate","com.newmg.yurao.pro","at.nk.tools.iTranslate","com.screen.translate.google","com.naver.labs.translator","com.deepl.mobiletranslator"]},{"rank":{"index":2,"lang":"es-mx","country":"mx","chineseCountryName":"墨西哥","pkg":"com.spaceship.screen.textcopy"},"orders":["com.recognize_text.translate.screen","com.spaceship.screen.textcopy","com.niven.game","com.gaminik.i18n","com.niven.translator","com.microsoft.translator","com.tap_to_translate.snap_translate","com.niven.comic","com.youdao.hindict","at.nk.tools.iTranslate","com.google.android.apps.translate","com.newmg.yurao.pro","com.tangdi.baiguotong","com.screen.translate.google","com.niven.apptranslate","com.deepl.mobiletranslator","camtranslator.voice.text.image.translate","com.language.translate.free.translator.voice.translation","com.zaz.translate","com.audacityittranslator.translatetexttranslator"]}]