[{"rank":{"index":2,"lang":"en-us","country":"us","chineseCountryName":"美国","pkg":"com.spaceship.screen.textcopy"},"orders":["com.recognize_text.translate.screen","com.spaceship.screen.textcopy","com.tap_to_translate.snap_translate","com.gaminik.i18n","com.mg.yurao.google","com.microsoft.translator","com.google.android.apps.translate","com.niven.game","com.niven.translator","com.eecorp.linguago","com.niven.comic","com.translator.yellow","at.nk.tools.iTranslate","screen.translator.voice.translate","com.newmg.yurao.pro","com.niven.apptranslate","com.naver.labs.translator","com.tangdi.baiguotong","com.deepl.mobiletranslator","com.translate.app"]},{"rank":{"index":3,"lang":"ru","country":"ru","chineseCountryName":"俄罗斯","pkg":"com.spaceship.screen.textcopy"},"orders":["com.recognize_text.translate.screen","com.tap_to_translate.snap_translate","com.spaceship.screen.textcopy","com.gaminik.i18n","com.niven.translator","com.niven.game","com.microsoft.translator","com.google.android.apps.translate","com.niven.comic","com.eecorp.linguago","com.niven.apptranslate","screen.translator.voice.translate","at.nk.tools.iTranslate","com.pidev.screentranslator","ru.yandex.translate","com.chat_translate.screen_translate","com.tangdi.baiguotong","com.tranit.text.translate","com.zaz.translate","com.deepl.mobiletranslator"]},{"rank":{"index":2,"lang":"pt-br","country":"br","chineseCountryName":"巴西","pkg":"com.spaceship.screen.textcopy"},"orders":["com.recognize_text.translate.screen","com.spaceship.screen.textcopy","com.tap_to_translate.snap_translate","com.gaminik.i18n","com.niven.game","com.mg.yurao.google","com.niven.translator","com.niven.comic","com.eecorp.linguago","com.niven.apptranslate","com.google.android.apps.translate","screen.translator.voice.translate","at.nk.tools.iTranslate","com.tranit.text.translate","com.chat_translate.screen_translate","com.zaz.translate","com.pidev.screentranslator","com.microsoft.translator","com.discord","us.zoom.videomeetings"]},{"rank":{"index":2,"lang":"fr","country":"fr","chineseCountryName":"法国","pkg":"com.spaceship.screen.textcopy"},"orders":["com.recognize_text.translate.screen","com.spaceship.screen.textcopy","com.tap_to_translate.snap_translate","com.gaminik.i18n","com.niven.game","com.mg.yurao.google","com.niven.translator","com.niven.comic","com.eecorp.linguago","com.niven.apptranslate","at.nk.tools.iTranslate","screen.translator.voice.translate","com.translator.yellow","com.microsoft.translator","com.newmg.yurao.pro","com.google.android.apps.translate","com.zaz.translate","com.tranit.text.translate","com.voice_camera_free_translate","com.appgroup.app.arcamera"]},{"rank":{"index":2,"lang":"en-gb","country":"gb","chineseCountryName":"英国","pkg":"com.spaceship.screen.textcopy"},"orders":["com.recognize_text.translate.screen","com.spaceship.screen.textcopy","com.tap_to_translate.snap_translate","com.gaminik.i18n","com.mg.yurao.google","com.google.android.apps.translate","com.microsoft.translator","com.niven.game","screen.translator.voice.translate","com.niven.translator","com.translator.yellow","com.eecorp.linguago","com.niven.comic","at.nk.tools.iTranslate","com.newmg.yurao.pro","com.niven.apptranslate","com.zaz.translate","com.naver.labs.translator","com.tranit.text.translate","com.translate.app"]},{"rank":{"index":2,"lang":"de","country":"de","chineseCountryName":"德国","pkg":"com.spaceship.screen.textcopy"},"orders":["com.recognize_text.translate.screen","com.spaceship.screen.textcopy","com.gaminik.i18n","com.mg.yurao.google","com.niven.game","com.tap_to_translate.snap_translate","com.niven.translator","com.eecorp.linguago","com.niven.comic","com.niven.apptranslate","screen.translator.voice.translate","com.newmg.yurao.pro","com.microsoft.translator","com.translator.yellow","com.google.android.apps.translate","at.nk.tools.iTranslate","com.chat_translate.screen_translate","com.pidev.screentranslator","com.zaz.translate","ru.yandex.translate"]},{"rank":{"index":2,"lang":"it","country":"it","chineseCountryName":"意大利","pkg":"com.spaceship.screen.textcopy"},"orders":["com.recognize_text.translate.screen","com.spaceship.screen.textcopy","com.gaminik.i18n","com.niven.game","screen.translator.voice.translate","com.mg.yurao.google","com.tap_to_translate.snap_translate","com.eecorp.linguago","com.niven.translator","com.niven.comic","com.niven.apptranslate","com.translator.yellow","com.newmg.yurao.pro","at.nk.tools.iTranslate","com.google.android.apps.translate","com.eecorp.taptranslator","com.microsoft.translator","com.zaz.translate","com.chat_translate.screen_translate","com.pidev.screentranslator"]},{"rank":{"index":3,"lang":"ja","country":"jp","chineseCountryName":"日本","pkg":"com.spaceship.screen.textcopy"},"orders":["com.recognize_text.translate.screen","com.gaminik.i18n","com.spaceship.screen.textcopy","com.eecorp.linguago","com.mg.yurao.google","com.tap_to_translate.snap_translate","com.niven.game","com.google.android.apps.translate","com.newmg.yurao.pro","com.niven.comic","com.niven.translator","com.chat_translate.screen_translate","us.zoom.videomeetings","com.deepl.mobiletranslator","com.naver.labs.translator","com.microsoft.translator","screen.translator.voice.translate","com.niven.apptranslate","com.pidev.screentranslator","at.nk.tools.iTranslate"]},{"rank":{"index":3,"lang":"ko","country":"kr","chineseCountryName":"韩国","pkg":"com.spaceship.screen.textcopy"},"orders":["com.recognize_text.translate.screen","com.tap_to_translate.snap_translate","com.spaceship.screen.textcopy","com.gaminik.i18n","com.mg.yurao.google","com.niven.game","com.niven.translator","com.google.android.apps.translate","com.niven.comic","com.microsoft.translator","com.eecorp.linguago","com.newmg.yurao.pro","com.niven.apptranslate","com.naver.labs.translator","screen.translator.voice.translate","at.nk.tools.iTranslate","com.deepl.mobiletranslator","com.pidev.screentranslator","com.zaz.translate","com.translate.talkingtranslator"]},{"rank":{"index":3,"lang":"zh-hk","country":"hk","chineseCountryName":"香港","pkg":"com.spaceship.screen.textcopy"},"orders":["com.recognize_text.translate.screen","com.tap_to_translate.snap_translate","com.spaceship.screen.textcopy","com.gaminik.i18n","com.mg.yurao.google","com.niven.game","com.niven.translator","com.microsoft.translator","com.google.android.apps.translate","com.eecorp.linguago","com.niven.comic","com.newmg.yurao.pro","com.niven.apptranslate","screen.translator.voice.translate","at.nk.tools.iTranslate","com.tangdi.baiguotong","com.zaz.translate","com.naver.labs.translator","com.pidev.screentranslator","com.eecorp.taptranslator"]},{"rank":{"index":5,"lang":"zh-tw","country":"tw","chineseCountryName":"台湾","pkg":"com.spaceship.screen.textcopy"},"orders":["com.recognize_text.translate.screen","com.tap_to_translate.snap_translate","com.mg.yurao.google","com.gaminik.i18n","com.spaceship.screen.textcopy","com.google.android.apps.translate","com.niven.game","com.microsoft.translator","com.niven.translator","com.niven.comic","at.nk.tools.iTranslate","com.eecorp.linguago","com.newmg.yurao.pro","com.zaz.translate","com.naver.labs.translator","com.niven.apptranslate","com.tangdi.baiguotong","com.youdao.hindict","camera.translator.realtime","com.tranit.text.translate"]},{"rank":{"index":2,"lang":"en","country":"in","chineseCountryName":"印度","pkg":"com.spaceship.screen.textcopy"},"orders":["com.recognize_text.translate.screen","com.spaceship.screen.textcopy","com.tap_to_translate.snap_translate","com.gaminik.i18n","screen.translator.voice.translate","com.google.android.apps.translate","com.niven.game","com.microsoft.translator","com.niven.translator","com.zaz.translate","com.eecorp.linguago","com.niven.comic","com.newmg.yurao.pro","com.tranit.text.translate","at.nk.tools.iTranslate","com.niven.apptranslate","com.chat_translate.screen_translate","com.pidev.screentranslator","translate.smartranit.language.text","com.mg.yurao.google"]},{"rank":{"index":2,"lang":"id","country":"id","chineseCountryName":"印尼","pkg":"com.spaceship.screen.textcopy"},"orders":["com.recognize_text.translate.screen","com.spaceship.screen.textcopy","com.tap_to_translate.snap_translate","com.gaminik.i18n","com.mg.yurao.google","com.niven.game","com.niven.translator","com.eecorp.linguago","com.niven.comic","com.newmg.yurao.pro","com.google.android.apps.translate","com.niven.apptranslate","com.youdao.hindict"]},{"rank":{"index":4,"lang":"es-mx","country":"mx","chineseCountryName":"墨西哥","pkg":"com.spaceship.screen.textcopy"},"orders":["com.recognize_text.translate.screen","com.gaminik.i18n","com.tap_to_translate.snap_translate","com.spaceship.screen.textcopy","com.niven.game","com.mg.yurao.google","com.niven.translator","com.niven.comic","com.eecorp.linguago","com.niven.apptranslate","at.nk.tools.iTranslate","com.newmg.yurao.pro","com.microsoft.translator","com.google.android.apps.translate","screen.translator.voice.translate","com.aldoo.pdftranslatorpro","com.chat_translate.screen_translate","com.android.chrome","com.intsig.camscanner","com.zaz.translate"]}]