[{"rank":{"index":2,"lang":"en-us","country":"us","chineseCountryName":"美国","pkg":"com.spaceship.screen.textcopy"},"orders":["com.recognize_text.translate.screen","com.spaceship.screen.textcopy","com.screen.translate.google","com.yoyodev.screentranslate","com.niven.translator","com.google.android.apps.translate","com.gaminik.i18n","com.aurasense.screentranslate","com.tap_to_translate.snap_translate","com.galaxy.airviewdictionary","com.newmg.yurao.pro","com.newtranslate.google","com.esarikaya.screentranslate","com.eecorp.linguago","live.screentranslate.realtime","com.zaz.translate","com.microsoft.translator","com.niven.apptranslate","com.hive.lingonative","com.niven.game"]},{"rank":{"index":4,"lang":"ru","country":"ru","chineseCountryName":"俄罗斯","pkg":"com.spaceship.screen.textcopy"},"orders":["com.recognize_text.translate.screen","com.niven.translator","com.yoyodev.screentranslate","com.spaceship.screen.textcopy","com.screen.translate.google","com.tap_to_translate.snap_translate","com.gaminik.i18n","com.galaxy.airviewdictionary","com.newmg.yurao.pro","com.newtranslate.google","com.esarikaya.screentranslate","ru.yandex.translate","com.google.android.apps.translate","live.screentranslate.realtime","com.eecorp.linguago","com.niven.apptranslate","com.zaz.translate","com.microsoft.translator","com.screen.translator.text.recognize","com.niven.game"]},{"rank":{"index":2,"lang":"pt-br","country":"br","chineseCountryName":"巴西","pkg":"com.spaceship.screen.textcopy"},"orders":["com.recognize_text.translate.screen","com.spaceship.screen.textcopy","com.niven.translator","com.gaminik.i18n","com.screen.translate.google","com.galaxy.airviewdictionary","com.tap_to_translate.snap_translate","com.newtranslate.google","com.newmg.yurao.pro","com.esarikaya.screentranslate","com.niven.apptranslate","com.niven.game","screen.translator.voice.translate","com.screen.translator.text.recognize","com.google.android.apps.translate","live.screentranslate.realtime","com.deepl.mobiletranslator","com.eecorp.linguago","link.zhidou.btranslator","com.flabs.screen.translate"]},{"rank":{"index":3,"lang":"fr","country":"fr","chineseCountryName":"法国","pkg":"com.spaceship.screen.textcopy"},"orders":["com.recognize_text.translate.screen","com.yoyodev.screentranslate","com.spaceship.screen.textcopy","com.screen.translate.google","com.niven.translator","com.tap_to_translate.snap_translate","com.galaxy.airviewdictionary","com.gaminik.i18n","com.newmg.yurao.pro","com.aurasense.screentranslate","com.newtranslate.google","com.niven.apptranslate","com.esarikaya.screentranslate","com.google.android.apps.translate","screen.translator.voice.translate","com.eecorp.linguago","live.screentranslate.realtime","photo.translate.camera.translator","com.deepl.mobiletranslator","com.screen.translator.text.recognize"]},{"rank":{"index":2,"lang":"en-gb","country":"gb","chineseCountryName":"英国","pkg":"com.spaceship.screen.textcopy"},"orders":["com.recognize_text.translate.screen","com.spaceship.screen.textcopy","com.screen.translate.google","com.yoyodev.screentranslate","com.niven.translator","com.gaminik.i18n","com.galaxy.airviewdictionary","com.aurasense.screentranslate","com.tap_to_translate.snap_translate","com.newmg.yurao.pro","com.google.android.apps.translate","com.newtranslate.google","com.niven.apptranslate","com.esarikaya.screentranslate","com.zaz.translate","com.deepl.mobiletranslator","com.niven.game","com.microsoft.translator","screen.translator.voice.translate","at.nk.tools.iTranslate"]},{"rank":{"index":2,"lang":"de","country":"de","chineseCountryName":"德国","pkg":"com.spaceship.screen.textcopy"},"orders":["com.recognize_text.translate.screen","com.spaceship.screen.textcopy","com.yoyodev.screentranslate","com.screen.translate.google","com.gaminik.i18n","com.niven.translator","com.galaxy.airviewdictionary","com.tap_to_translate.snap_translate","com.aurasense.screentranslate","com.newmg.yurao.pro","com.newtranslate.google","com.niven.apptranslate","com.esarikaya.screentranslate","com.google.android.apps.translate","com.deepl.mobiletranslator","com.eecorp.linguago","screen.translator.voice.translate","com.niven.game","link.zhidou.btranslator","live.screentranslate.realtime"]},{"rank":{"index":3,"lang":"it","country":"it","chineseCountryName":"意大利","pkg":"com.spaceship.screen.textcopy"},"orders":["com.recognize_text.translate.screen","com.yoyodev.screentranslate","com.spaceship.screen.textcopy","com.screen.translate.google","com.gaminik.i18n","com.tap_to_translate.snap_translate","com.galaxy.airviewdictionary","com.niven.translator","com.aurasense.screentranslate","com.newmg.yurao.pro","com.newtranslate.google","com.niven.apptranslate","com.esarikaya.screentranslate","com.google.android.apps.translate","com.hive.lingonative","com.eecorp.linguago","com.niven.game","com.screen.translator.text.recognize","screen.translator.voice.translate","com.deepl.mobiletranslator"]},{"rank":{"index":2,"lang":"ja","country":"jp","chineseCountryName":"日本","pkg":"com.spaceship.screen.textcopy"},"orders":["com.recognize_text.translate.screen","com.spaceship.screen.textcopy","com.screen.translate.google","com.gaminik.i18n","com.niven.translator","com.galaxy.airviewdictionary","com.tap_to_translate.snap_translate","com.aurasense.screentranslate","com.newtranslate.google","com.newmg.yurao.pro","com.google.android.apps.translate"]},{"rank":{"index":3,"lang":"ko","country":"kr","chineseCountryName":"韩国","pkg":"com.spaceship.screen.textcopy"},"orders":["com.recognize_text.translate.screen","com.gaminik.i18n","com.spaceship.screen.textcopy","com.screen.translate.google","com.niven.translator","com.galaxy.airviewdictionary","com.tap_to_translate.snap_translate","com.aurasense.screentranslate","com.newmg.yurao.pro","com.newtranslate.google"]},{"rank":{"index":2,"lang":"zh-hk","country":"hk","chineseCountryName":"香港","pkg":"com.spaceship.screen.textcopy"},"orders":["com.recognize_text.translate.screen","com.spaceship.screen.textcopy","com.screen.translate.google","com.yoyodev.screentranslate","com.gaminik.i18n","com.galaxy.airviewdictionary","com.aurasense.screentranslate","com.niven.translator","com.tap_to_translate.snap_translate","com.google.android.apps.translate","com.newmg.yurao.pro","com.newtranslate.google","com.niven.apptranslate","com.esarikaya.screentranslate","com.deepl.mobiletranslator","com.niven.game","screen.translator.voice.translate","com.zaz.translate","com.microsoft.translator","at.nk.tools.iTranslate"]},{"rank":{"index":2,"lang":"zh-tw","country":"tw","chineseCountryName":"台湾","pkg":"com.spaceship.screen.textcopy"},"orders":["com.recognize_text.translate.screen","com.spaceship.screen.textcopy","com.screen.translate.google","com.yoyodev.screentranslate","com.galaxy.airviewdictionary","com.gaminik.i18n","com.aurasense.screentranslate","com.niven.translator","com.tap_to_translate.snap_translate","com.newtranslate.google","com.newmg.yurao.pro","com.niven.apptranslate"]},{"rank":{"index":0,"lang":"en","country":"in","chineseCountryName":"印度","pkg":"com.spaceship.screen.textcopy"},"orders":["com.recognize_text.translate.screen","com.google.android.apps.translate","com.tap_to_translate.snap_translate","com.zaz.translate","at.nk.tools.iTranslate","com.microsoft.translator","com.addevice.translate","com.galaxy.airviewdictionary","com.screen.translate.google","com.yoyodev.screentranslate","com.newmg.yurao.pro","com.niven.translator","com.newtranslate.google","screen.translator.voice.translate","com.aurasense.screentranslate","translate.speech.text.translation.voicetranslator","com.niven.apptranslate","com.esarikaya.screentranslate","ru.yandex.translate","com.niven.game"]},{"rank":{"index":2,"lang":"id","country":"id","chineseCountryName":"印尼","pkg":"com.spaceship.screen.textcopy"},"orders":["com.recognize_text.translate.screen","com.spaceship.screen.textcopy","com.yoyodev.screentranslate","com.gaminik.i18n","com.niven.translator","com.screen.translate.google","com.tap_to_translate.snap_translate","com.galaxy.airviewdictionary","com.aurasense.screentranslate","com.newtranslate.google","com.newmg.yurao.pro"]},{"rank":{"index":2,"lang":"es-mx","country":"mx","chineseCountryName":"墨西哥","pkg":"com.spaceship.screen.textcopy"},"orders":["com.recognize_text.translate.screen","com.spaceship.screen.textcopy","com.tap_to_translate.snap_translate","com.gaminik.i18n","com.google.android.apps.translate","at.nk.tools.iTranslate","com.microsoft.translator","com.galaxy.airviewdictionary","com.screen.translate.google","com.yoyodev.screentranslate","com.niven.translator","com.newmg.yurao.pro","com.newtranslate.google","com.aurasense.screentranslate","com.esarikaya.screentranslate","screen.translator.voice.translate","com.niven.apptranslate","com.zaz.translate","com.niven.game","com.screen.translator.text.recognize"]}]