[{"rank":{"index":2,"lang":"en-us","country":"us","chineseCountryName":"美国","pkg":"com.spaceship.screen.textcopy"},"orders":["com.recognize_text.translate.screen","com.spaceship.screen.textcopy","com.google.android.apps.translate","com.gaminik.i18n","com.mg.yurao.google","com.microsoft.translator","com.tap_to_translate.snap_translate","com.niven.translator","com.niven.game","com.niven.comic","com.newmg.yurao.pro","screen.translator.voice.translate","com.eecorp.linguago","com.niven.apptranslate","com.naver.labs.translator","ru.yandex.translate","com.translate.talkingtranslator","at.nk.tools.iTranslate","com.zaz.translate","com.mg.chat"]},{"rank":{"index":3,"lang":"ru","country":"ru","chineseCountryName":"俄罗斯","pkg":"com.spaceship.screen.textcopy"},"orders":["com.recognize_text.translate.screen","com.tap_to_translate.snap_translate","com.spaceship.screen.textcopy","com.gaminik.i18n","com.mg.yurao.google","com.niven.translator","com.niven.game","com.newmg.yurao.pro","ru.yandex.translate","com.eecorp.linguago","com.google.android.apps.translate","com.niven.comic","com.niven.apptranslate","screen.translator.voice.translate","com.ticktalk.translatevoice","com.microsoft.translator","com.android.chrome","com.facebook.orca","com.whatsapp","com.discord"]},{"rank":{"index":2,"lang":"fr","country":"fr","chineseCountryName":"法国","pkg":"com.spaceship.screen.textcopy"},"orders":["com.recognize_text.translate.screen","com.spaceship.screen.textcopy","com.tap_to_translate.snap_translate","com.gaminik.i18n","com.mg.yurao.google","com.niven.game","com.google.android.apps.translate","com.niven.translator","com.newmg.yurao.pro","com.microsoft.translator","com.niven.comic","com.niven.apptranslate","com.facebook.orca","com.whatsapp","com.google.android.apps.maps","com.android.chrome","com.skype.raider","us.zoom.videomeetings","com.discord","com.google.android.apps.photos"]},{"rank":{"index":2,"lang":"en-gb","country":"gb","chineseCountryName":"英国","pkg":"com.spaceship.screen.textcopy"},"orders":["com.recognize_text.translate.screen","com.spaceship.screen.textcopy","com.mg.yurao.google","com.google.android.apps.translate","com.gaminik.i18n","com.microsoft.translator","com.niven.translator","com.tap_to_translate.snap_translate","screen.translator.voice.translate","com.newmg.yurao.pro","com.niven.comic","com.eecorp.linguago","com.niven.game","com.niven.apptranslate","ru.yandex.translate","com.zaz.translate","com.simyasolutions.translate","com.android.chrome","at.nk.tools.iTranslate","com.google.android.apps.maps"]},{"rank":{"index":2,"lang":"de","country":"de","chineseCountryName":"德国","pkg":"com.spaceship.screen.textcopy"},"orders":["com.recognize_text.translate.screen","com.spaceship.screen.textcopy","com.mg.yurao.google","com.gaminik.i18n","com.niven.translator","com.tap_to_translate.snap_translate","com.niven.game","com.microsoft.translator","com.newmg.yurao.pro","com.google.android.apps.translate","com.niven.comic","com.eecorp.linguago","com.niven.apptranslate","screen.translator.voice.translate","com.deepl.mobiletranslator","ru.yandex.translate","com.facebook.orca","com.android.chrome","com.google.android.apps.photos","com.whatsapp"]},{"rank":{"index":2,"lang":"it","country":"it","chineseCountryName":"意大利","pkg":"com.spaceship.screen.textcopy"},"orders":["com.recognize_text.translate.screen","com.spaceship.screen.textcopy","com.niven.game","com.gaminik.i18n","com.mg.yurao.google","com.tap_to_translate.snap_translate","com.niven.apptranslate","com.google.android.apps.translate","com.niven.comic","com.niven.translator","com.newmg.yurao.pro","com.microsoft.translator","com.whatsapp","com.facebook.orca","us.zoom.videomeetings","com.discord","com.google.android.apps.maps","com.google.android.apps.photos","com.skype.raider","com.android.chrome"]},{"rank":{"index":4,"lang":"ja","country":"jp","chineseCountryName":"日本","pkg":"com.spaceship.screen.textcopy"},"orders":["com.recognize_text.translate.screen","com.mg.yurao.google","com.gaminik.i18n","com.spaceship.screen.textcopy","com.niven.translator","com.tap_to_translate.snap_translate","com.niven.game","com.niven.comic","com.niven.apptranslate","com.google.android.apps.translate","com.eecorp.linguago","com.newmg.yurao.pro","screen.translator.voice.translate","com.naver.labs.translator","com.microsoft.translator","com.deepl.mobiletranslator","com.eecorp.taptranslator","com.android.chrome","at.nk.tools.iTranslate","com.facebook.orca"]},{"rank":{"index":3,"lang":"ko","country":"kr","chineseCountryName":"韩国","pkg":"com.spaceship.screen.textcopy"},"orders":["com.recognize_text.translate.screen","com.mg.yurao.google","com.spaceship.screen.textcopy","com.tap_to_translate.snap_translate","com.gaminik.i18n","com.niven.comic","com.niven.apptranslate","com.niven.translator","com.niven.game","com.newmg.yurao.pro","com.google.android.apps.translate","com.naver.labs.translator","screen.translator.voice.translate","com.facebook.orca","com.discord","us.zoom.videomeetings","com.android.chrome","com.whatsapp","com.google.android.apps.photos","com.duolingo"]},{"rank":{"index":3,"lang":"zh-hk","country":"hk","chineseCountryName":"香港","pkg":"com.spaceship.screen.textcopy"},"orders":["com.recognize_text.translate.screen","com.mg.yurao.google","com.spaceship.screen.textcopy","com.gaminik.i18n","com.niven.translator","com.tap_to_translate.snap_translate","com.google.android.apps.translate","com.newmg.yurao.pro","com.niven.apptranslate","com.niven.game","com.niven.comic","com.microsoft.translator","com.android.chrome","com.google.android.apps.maps","com.facebook.orca","screen.translator.voice.translate","com.whatsapp","com.discord","ru.yandex.translate","us.zoom.videomeetings"]},{"rank":{"index":4,"lang":"zh-tw","country":"tw","chineseCountryName":"台湾","pkg":"com.spaceship.screen.textcopy"},"orders":["com.recognize_text.translate.screen","com.mg.yurao.google","com.gaminik.i18n","com.spaceship.screen.textcopy","com.tap_to_translate.snap_translate","com.niven.translator","com.niven.game","com.google.android.apps.translate","com.newmg.yurao.pro","com.niven.apptranslate","com.niven.comic","com.microsoft.translator","com.eecorp.linguago","screen.translator.voice.translate","com.google.android.apps.maps","com.facebook.orca","com.android.chrome","com.translate.talkingtranslator","com.naver.labs.translator","com.whatsapp"]},{"rank":{"index":2,"lang":"en","country":"in","chineseCountryName":"印度","pkg":"com.spaceship.screen.textcopy"},"orders":["com.recognize_text.translate.screen","com.spaceship.screen.textcopy","com.google.android.apps.translate","screen.translator.voice.translate","com.niven.translator","com.zaz.translate","com.newmg.yurao.pro","com.tap_to_translate.snap_translate","com.niven.comic","com.niven.game","com.eecorp.linguago","com.niven.apptranslate","com.microsoft.translator","com.mg.chat","com.google.android.apps.docs","com.android.chrome","com.google.android.apps.maps","com.google.android.apps.photos","com.mg.yurao.google","com.gaminik.i18n"]},{"rank":{"index":2,"lang":"id","country":"id","chineseCountryName":"印尼","pkg":"com.spaceship.screen.textcopy"},"orders":["com.recognize_text.translate.screen","com.spaceship.screen.textcopy","com.tap_to_translate.snap_translate","com.gaminik.i18n","com.mg.yurao.google","com.niven.translator","com.niven.comic","com.niven.game","com.niven.apptranslate","com.google.android.apps.translate"]},{"rank":{"index":2,"lang":"es-mx","country":"mx","chineseCountryName":"墨西哥","pkg":"com.spaceship.screen.textcopy"},"orders":["com.recognize_text.translate.screen","com.spaceship.screen.textcopy","com.tap_to_translate.snap_translate","com.niven.translator","com.niven.comic","com.niven.game","com.niven.apptranslate","com.newmg.yurao.pro","com.google.android.apps.translate","com.microsoft.translator","com.google.android.apps.maps","screen.translator.voice.translate","com.google.android.apps.photos","com.android.chrome","com.facebook.orca","com.google.android.apps.docs","com.zaz.translate","com.whatsapp","com.gaminik.i18n","com.mg.yurao.google"]}]