[{"rank":{"index":2,"lang":"en-us","country":"us","chineseCountryName":"美国","pkg":"com.spaceship.screen.textcopy"},"orders":["com.recognize_text.translate.screen","com.spaceship.screen.textcopy","com.tap_to_translate.snap_translate","com.google.android.apps.translate","com.microsoft.translator","com.deepl.mobiletranslator","com.gaminik.i18n","com.niven.translator","com.newmg.yurao.pro","screen.translator.voice.translate","ru.yandex.translate","com.immersivetranslate.browser","com.zaz.translate","com.naver.labs.translator","com.niven.game","at.nk.tools.iTranslate"]},{"rank":{"index":0,"lang":"ru","country":"ru","chineseCountryName":"俄罗斯","pkg":"com.spaceship.screen.textcopy"},"orders":["com.recognize_text.translate.screen","com.niven.translator","com.tap_to_translate.snap_translate","com.newmg.yurao.pro","com.google.android.apps.translate","com.deepl.mobiletranslator","com.microsoft.translator","com.gaminik.i18n","ru.yandex.translate","com.niven.game","com.immersivetranslate.browser","com.zaz.translate","at.nk.tools.iTranslate","com.niven.apptranslate","com.promt.pmtappfree"]},{"rank":{"index":2,"lang":"pt-br","country":"br","chineseCountryName":"巴西","pkg":"com.spaceship.screen.textcopy"},"orders":["com.recognize_text.translate.screen","com.spaceship.screen.textcopy","com.tap_to_translate.snap_translate","com.newmg.yurao.pro","com.gaminik.i18n","com.niven.translator","com.microsoft.translator","com.niven.game","com.google.android.apps.translate","com.zaz.translate","com.immersivetranslate.browser","com.deepl.mobiletranslator","com.eecorp.linguago","com.voice_camera_free_translate","com.eecorp.taptranslator","com.niven.apptranslate","ru.yandex.translate","com.screen.translate.google","at.nk.tools.iTranslate","com.youdao.hindict"]},{"rank":{"index":3,"lang":"fr","country":"fr","chineseCountryName":"法国","pkg":"com.spaceship.screen.textcopy"},"orders":["com.recognize_text.translate.screen","com.tap_to_translate.snap_translate","com.spaceship.screen.textcopy","com.newmg.yurao.pro","com.niven.translator","com.microsoft.translator","com.gaminik.i18n","com.deepl.mobiletranslator","com.google.android.apps.translate","com.zaz.translate","com.eecorp.linguago","com.immersivetranslate.browser","com.niven.game","com.niven.apptranslate","com.screen.translate.google","com.eecorp.taptranslator","at.nk.tools.iTranslate","ru.yandex.translate","com.voice_camera_free_translate","com.kursx.smartbook"]},{"rank":{"index":2,"lang":"en-gb","country":"gb","chineseCountryName":"英国","pkg":"com.spaceship.screen.textcopy"},"orders":["com.recognize_text.translate.screen","com.spaceship.screen.textcopy","com.newmg.yurao.pro","com.tap_to_translate.snap_translate","com.google.android.apps.translate","com.microsoft.translator","com.deepl.mobiletranslator","com.niven.translator","com.gaminik.i18n","com.zaz.translate","ru.yandex.translate","com.immersivetranslate.browser","at.nk.tools.iTranslate","com.niven.game"]},{"rank":{"index":2,"lang":"de","country":"de","chineseCountryName":"德国","pkg":"com.spaceship.screen.textcopy"},"orders":["com.recognize_text.translate.screen","com.spaceship.screen.textcopy","com.newmg.yurao.pro","com.tap_to_translate.snap_translate","com.niven.translator","com.microsoft.translator","com.gaminik.i18n","com.deepl.mobiletranslator","com.google.android.apps.translate","com.zaz.translate","com.niven.game","com.immersivetranslate.browser","com.eecorp.linguago","ru.yandex.translate","com.screen.translate.google","com.niven.apptranslate","com.eecorp.taptranslator","com.voice_camera_free_translate","at.nk.tools.iTranslate","com.promt.pmtappfree"]},{"rank":{"index":2,"lang":"it","country":"it","chineseCountryName":"意大利","pkg":"com.spaceship.screen.textcopy"},"orders":["com.recognize_text.translate.screen","com.spaceship.screen.textcopy","com.tap_to_translate.snap_translate","com.newmg.yurao.pro","com.niven.translator","com.microsoft.translator","com.gaminik.i18n","com.deepl.mobiletranslator","com.google.android.apps.translate","com.zaz.translate","com.niven.game","com.eecorp.linguago","at.nk.tools.iTranslate","com.eecorp.taptranslator","com.niven.apptranslate","com.screen.translate.google","com.immersivetranslate.browser","com.kursx.smartbook","com.voice_camera_free_translate","ru.yandex.translate"]},{"rank":{"index":3,"lang":"ja","country":"jp","chineseCountryName":"日本","pkg":"com.spaceship.screen.textcopy"},"orders":["com.recognize_text.translate.screen","com.tap_to_translate.snap_translate","com.spaceship.screen.textcopy","com.newmg.yurao.pro","com.niven.translator","com.gaminik.i18n","com.microsoft.translator","com.deepl.mobiletranslator","com.google.android.apps.translate","com.eecorp.linguago","com.niven.game","com.niven.apptranslate","com.screen.translate.google","com.eecorp.taptranslator","com.immersivetranslate.browser","com.naver.labs.translator","com.google.ar.lens","com.android.chrome","com.google.android.apps.maps","com.openai.chatgpt"]},{"rank":{"index":3,"lang":"ko","country":"kr","chineseCountryName":"韩国","pkg":"com.spaceship.screen.textcopy"},"orders":["com.recognize_text.translate.screen","com.tap_to_translate.snap_translate","com.spaceship.screen.textcopy","com.newmg.yurao.pro","com.google.android.apps.translate","com.microsoft.translator","com.deepl.mobiletranslator","com.niven.translator","com.gaminik.i18n","com.naver.labs.translator","com.immersivetranslate.browser","ru.yandex.translate"]},{"rank":{"index":2,"lang":"zh-hk","country":"hk","chineseCountryName":"香港","pkg":"com.spaceship.screen.textcopy"},"orders":["com.recognize_text.translate.screen","com.spaceship.screen.textcopy","com.tap_to_translate.snap_translate","com.newmg.yurao.pro","com.google.android.apps.translate","com.microsoft.translator","com.gaminik.i18n","com.deepl.mobiletranslator","com.niven.translator","com.immersivetranslate.browser","ru.yandex.translate","com.niven.game","com.eecorp.linguago","at.nk.tools.iTranslate","com.naver.labs.translator","com.screen.translate.google","com.niven.apptranslate","com.zaz.translate","com.eecorp.taptranslator","jp.go.nict.voicetra"]},{"rank":{"index":2,"lang":"zh-tw","country":"tw","chineseCountryName":"台湾","pkg":"com.spaceship.screen.textcopy"},"orders":["com.recognize_text.translate.screen","com.spaceship.screen.textcopy","com.newmg.yurao.pro","com.tap_to_translate.snap_translate","com.google.android.apps.translate","com.microsoft.translator","com.deepl.mobiletranslator","com.gaminik.i18n","com.niven.translator","com.immersivetranslate.browser","com.niven.game","ru.yandex.translate"]},{"rank":{"index":3,"lang":"en","country":"in","chineseCountryName":"印度","pkg":"com.spaceship.screen.textcopy"},"orders":["com.recognize_text.translate.screen","com.google.android.apps.translate","com.spaceship.screen.textcopy","com.newmg.yurao.pro","com.zaz.translate"]},{"rank":{"index":3,"lang":"id","country":"id","chineseCountryName":"印尼","pkg":"com.spaceship.screen.textcopy"},"orders":["com.tap_to_translate.snap_translate","com.recognize_text.translate.screen","com.spaceship.screen.textcopy","com.niven.translator","com.newmg.yurao.pro","com.gaminik.i18n","com.microsoft.translator","com.niven.game","com.google.android.apps.translate","com.youdao.hindict","com.deepl.mobiletranslator","com.eecorp.linguago","com.screen.translate.google","com.niven.apptranslate","com.eecorp.taptranslator","com.immersivetranslate.browser","at.nk.tools.iTranslate","com.zaz.translate","ru.yandex.translate"]},{"rank":{"index":2,"lang":"es-mx","country":"mx","chineseCountryName":"墨西哥","pkg":"com.spaceship.screen.textcopy"},"orders":["com.recognize_text.translate.screen","com.spaceship.screen.textcopy","com.gaminik.i18n","com.niven.translator","com.newmg.yurao.pro","com.microsoft.translator","com.tap_to_translate.snap_translate","com.deepl.mobiletranslator","com.google.android.apps.translate","com.niven.game","com.eecorp.linguago","com.immersivetranslate.browser","com.niven.apptranslate","at.nk.tools.iTranslate","com.zaz.translate","com.eecorp.taptranslator","com.screen.translate.google","ru.yandex.translate","com.google.ar.lens","com.mg.chat"]}]