[{"rank":{"index":2,"lang":"en-us","country":"us","chineseCountryName":"美国","pkg":"com.spaceship.screen.textcopy"},"orders":["com.recognize_text.translate.screen","com.spaceship.screen.textcopy","com.tap_to_translate.snap_translate","com.niven.translator","com.newmg.yurao.pro","com.gaminik.i18n","com.screen.translate.google","com.eecorp.linguago","com.google.android.apps.translate","com.niven.apptranslate","com.microsoft.translator","at.nk.tools.iTranslate","com.screen.translator.text.recognize","live.screentranslate.realtime","com.niven.game"]},{"rank":{"index":2,"lang":"ru","country":"ru","chineseCountryName":"俄罗斯","pkg":"com.spaceship.screen.textcopy"},"orders":["com.recognize_text.translate.screen","com.spaceship.screen.textcopy","com.niven.translator","com.tap_to_translate.snap_translate","com.newmg.yurao.pro","com.gaminik.i18n","com.microsoft.translator","com.niven.apptranslate","com.screen.translate.google","live.screentranslate.realtime","com.screen.translator.text.recognize","com.eecorp.linguago","com.niven.game","com.google.android.apps.translate","com.galaxy.airviewdictionary","at.nk.tools.iTranslate","com.zaz.translate","com.mg.chat","com.immersivetranslate.browser","link.zhidou.btranslator"]},{"rank":{"index":2,"lang":"pt-br","country":"br","chineseCountryName":"巴西","pkg":"com.spaceship.screen.textcopy"},"orders":["com.recognize_text.translate.screen","com.spaceship.screen.textcopy","com.niven.translator","com.tap_to_translate.snap_translate","com.newmg.yurao.pro","com.gaminik.i18n","com.eecorp.linguago","com.niven.apptranslate","live.screentranslate.realtime","com.screen.translate.google","com.screen.translator.text.recognize","com.niven.game","com.galaxy.airviewdictionary","at.nk.tools.iTranslate","com.google.android.apps.translate","com.microsoft.translator","com.mg.chat","com.zaz.translate","com.deepl.mobiletranslator","link.zhidou.btranslator"]},{"rank":{"index":2,"lang":"fr","country":"fr","chineseCountryName":"法国","pkg":"com.spaceship.screen.textcopy"},"orders":["com.recognize_text.translate.screen","com.spaceship.screen.textcopy","com.tap_to_translate.snap_translate","com.newmg.yurao.pro","com.niven.translator","com.gaminik.i18n","com.eecorp.linguago","live.screentranslate.realtime","com.niven.apptranslate","com.screen.translate.google","com.screen.translator.text.recognize","com.galaxy.airviewdictionary","com.microsoft.translator","com.google.android.apps.translate","com.niven.game","com.mg.chat","com.deepl.mobiletranslator","com.zaz.translate","at.nk.tools.iTranslate"]},{"rank":{"index":2,"lang":"en-gb","country":"gb","chineseCountryName":"英国","pkg":"com.spaceship.screen.textcopy"},"orders":["com.recognize_text.translate.screen","com.spaceship.screen.textcopy","com.tap_to_translate.snap_translate","com.niven.translator","com.newmg.yurao.pro","com.gaminik.i18n","com.microsoft.translator","com.screen.translate.google","com.google.android.apps.translate","at.nk.tools.iTranslate","com.eecorp.linguago","live.screentranslate.realtime","com.niven.apptranslate","com.screen.translator.text.recognize","com.niven.game","com.zaz.translate","com.galaxy.airviewdictionary","com.mg.chat","com.deepl.mobiletranslator","link.zhidou.btranslator"]},{"rank":{"index":2,"lang":"de","country":"de","chineseCountryName":"德国","pkg":"com.spaceship.screen.textcopy"},"orders":["com.recognize_text.translate.screen","com.spaceship.screen.textcopy","com.niven.translator","com.tap_to_translate.snap_translate","com.newmg.yurao.pro","com.gaminik.i18n","com.niven.apptranslate","com.screen.translate.google","com.eecorp.linguago","live.screentranslate.realtime","com.screen.translator.text.recognize","com.galaxy.airviewdictionary","com.niven.game","com.microsoft.translator","com.immersivetranslate.browser","com.mg.chat","com.google.android.apps.translate","at.nk.tools.iTranslate","link.zhidou.btranslator","com.zaz.translate"]},{"rank":{"index":2,"lang":"it","country":"it","chineseCountryName":"意大利","pkg":"com.spaceship.screen.textcopy"},"orders":["com.recognize_text.translate.screen","com.spaceship.screen.textcopy","com.tap_to_translate.snap_translate","com.newmg.yurao.pro","com.niven.translator","com.gaminik.i18n","com.eecorp.linguago","com.screen.translate.google","live.screentranslate.realtime","com.niven.apptranslate","com.screen.translator.text.recognize","com.galaxy.airviewdictionary","com.google.android.apps.translate","com.microsoft.translator","com.niven.game","com.zaz.translate","link.zhidou.btranslator","at.nk.tools.iTranslate","com.mg.chat","com.deepl.mobiletranslator"]},{"rank":{"index":3,"lang":"ja","country":"jp","chineseCountryName":"日本","pkg":"com.spaceship.screen.textcopy"},"orders":["com.recognize_text.translate.screen","com.tap_to_translate.snap_translate","com.spaceship.screen.textcopy","com.niven.translator","com.gaminik.i18n","com.newmg.yurao.pro","com.niven.apptranslate","com.eecorp.linguago","com.screen.translate.google","live.screentranslate.realtime","com.screen.translator.text.recognize"]},{"rank":{"index":2,"lang":"ko","country":"kr","chineseCountryName":"韩国","pkg":"com.spaceship.screen.textcopy"},"orders":["com.recognize_text.translate.screen","com.spaceship.screen.textcopy","com.tap_to_translate.snap_translate","com.niven.translator","com.newmg.yurao.pro","com.gaminik.i18n","com.eecorp.linguago","com.screen.translate.google","live.screentranslate.realtime","com.niven.apptranslate","com.screen.translator.text.recognize","com.galaxy.airviewdictionary","com.microsoft.translator","com.zaz.translate","com.mg.chat","com.google.android.apps.translate","at.nk.tools.iTranslate","com.niven.game","com.immersivetranslate.browser","com.naver.labs.translator"]},{"rank":{"index":2,"lang":"zh-hk","country":"hk","chineseCountryName":"香港","pkg":"com.spaceship.screen.textcopy"},"orders":["com.recognize_text.translate.screen","com.spaceship.screen.textcopy","com.tap_to_translate.snap_translate","com.niven.translator","com.newmg.yurao.pro","com.gaminik.i18n","com.microsoft.translator","com.eecorp.linguago","com.screen.translate.google","com.niven.apptranslate","at.nk.tools.iTranslate","live.screentranslate.realtime","com.screen.translator.text.recognize","com.google.android.apps.translate","com.galaxy.airviewdictionary","com.niven.game","com.zaz.translate","com.immersivetranslate.browser","com.deepl.mobiletranslator","translate.speech.text.translation.voicetranslator"]},{"rank":{"index":1,"lang":"zh-tw","country":"tw","chineseCountryName":"台湾","pkg":"com.spaceship.screen.textcopy"},"orders":["com.spaceship.screen.textcopy","com.recognize_text.translate.screen","com.niven.translator","com.newmg.yurao.pro","com.tap_to_translate.snap_translate","com.gaminik.i18n","com.eecorp.linguago","com.screen.translate.google","com.niven.apptranslate","com.microsoft.translator","live.screentranslate.realtime","at.nk.tools.iTranslate","com.galaxy.airviewdictionary","com.screen.translator.text.recognize","com.google.android.apps.translate","com.niven.game","com.zaz.translate","com.deepl.mobiletranslator","com.immersivetranslate.browser","com.mg.chat"]},{"rank":{"index":0,"lang":"en","country":"in","chineseCountryName":"印度","pkg":"com.spaceship.screen.textcopy"},"orders":["com.recognize_text.translate.screen","com.tap_to_translate.snap_translate","com.gaminik.i18n"]},{"rank":{"index":2,"lang":"id","country":"id","chineseCountryName":"印尼","pkg":"com.spaceship.screen.textcopy"},"orders":["com.recognize_text.translate.screen","com.spaceship.screen.textcopy","com.tap_to_translate.snap_translate","com.niven.translator","com.newmg.yurao.pro","com.gaminik.i18n","com.eecorp.linguago","com.niven.apptranslate","com.screen.translate.google","com.niven.game","com.screen.translator.text.recognize","live.screentranslate.realtime","com.galaxy.airviewdictionary","com.zaz.translate","com.google.android.apps.translate","com.deepl.mobiletranslator","com.microsoft.translator","at.nk.tools.iTranslate","com.mg.chat","translate.speech.text.translation.voicetranslator"]},{"rank":{"index":2,"lang":"es-mx","country":"mx","chineseCountryName":"墨西哥","pkg":"com.spaceship.screen.textcopy"},"orders":["com.recognize_text.translate.screen","com.spaceship.screen.textcopy","com.tap_to_translate.snap_translate","com.niven.translator","com.newmg.yurao.pro","com.gaminik.i18n","com.eecorp.linguago","com.niven.apptranslate","live.screentranslate.realtime","com.screen.translate.google","com.screen.translator.text.recognize","com.galaxy.airviewdictionary","com.google.android.apps.translate","com.niven.game","at.nk.tools.iTranslate","com.microsoft.translator","com.zaz.translate","com.mg.chat","com.deepl.mobiletranslator","com.google.ar.lens"]}]