[{"rank":{"index":2,"lang":"en-us","country":"us","chineseCountryName":"美国","pkg":"com.spaceship.screen.textcopy"},"orders":["com.recognize_text.translate.screen","com.spaceship.screen.textcopy","com.microsoft.translator","com.niven.translator","com.newmg.yurao.pro","com.gaminik.i18n","com.google.android.apps.translate","com.tap_to_translate.snap_translate","com.niven.game","at.nk.tools.iTranslate","com.zaz.translate","com.niven.comic","com.eecorp.taptranslator","com.galaxy.airviewdictionary","com.translate.language.translator.voice.translation","com.screen.translate.google","com.translate.talkingtranslator","com.screen.translator.text.recognize","com.sayhi.android.sayhitranslate","com.audacityittranslator.translatetexttranslator"]},{"rank":{"index":2,"lang":"ru","country":"ru","chineseCountryName":"俄罗斯","pkg":"com.spaceship.screen.textcopy"},"orders":["com.recognize_text.translate.screen","com.spaceship.screen.textcopy","com.niven.translator","com.tap_to_translate.snap_translate","com.niven.game","com.microsoft.translator","com.gaminik.i18n","com.newmg.yurao.pro","ru.yandex.translate","com.zaz.translate","com.niven.comic","com.screen.translate.google","at.nk.tools.iTranslate","com.google.android.apps.translate","com.screen.translator.text.recognize","com.translate.language.translator.voice.translation","com.promt.pmtappfree","com.audacityittranslator.translatetexttranslator","com.galaxy.airviewdictionary","com.niven.apptranslate"]},{"rank":{"index":2,"lang":"pt-br","country":"br","chineseCountryName":"巴西","pkg":"com.spaceship.screen.textcopy"},"orders":["com.recognize_text.translate.screen","com.spaceship.screen.textcopy","com.tap_to_translate.snap_translate","com.niven.game","com.gaminik.i18n","com.niven.translator","com.niven.comic","com.microsoft.translator","com.screen.translator.text.recognize","com.newmg.yurao.pro","com.google.android.apps.translate","com.zaz.translate","com.youdao.hindict","com.screen.translate.google","com.eecorp.taptranslator","at.nk.tools.iTranslate","com.deepl.mobiletranslator","com.translate.language.translator.voice.translation","com.galaxy.airviewdictionary","com.niven.apptranslate"]},{"rank":{"index":2,"lang":"fr","country":"fr","chineseCountryName":"法国","pkg":"com.spaceship.screen.textcopy"},"orders":["com.recognize_text.translate.screen","com.spaceship.screen.textcopy","com.tap_to_translate.snap_translate","com.niven.translator","com.niven.game","com.microsoft.translator","com.gaminik.i18n","com.zaz.translate","com.screen.translator.text.recognize","com.niven.comic","at.nk.tools.iTranslate","com.google.android.apps.translate","com.newmg.yurao.pro","com.screen.translate.google","com.galaxy.airviewdictionary","com.deepl.mobiletranslator","com.translate.language.translator.voice.translation","com.eecorp.taptranslator","com.translate.talkingtranslator","com.audacityittranslator.translatetexttranslator"]},{"rank":{"index":2,"lang":"en-gb","country":"gb","chineseCountryName":"英国","pkg":"com.spaceship.screen.textcopy"},"orders":["com.recognize_text.translate.screen","com.spaceship.screen.textcopy","com.microsoft.translator","com.google.android.apps.translate","com.gaminik.i18n","com.niven.translator","com.niven.game","com.tap_to_translate.snap_translate","com.zaz.translate","at.nk.tools.iTranslate","com.screen.translator.text.recognize","com.translate.language.translator.voice.translation","com.niven.comic","com.galaxy.airviewdictionary","com.newmg.yurao.pro","com.translate.talkingtranslator","com.sayhi.android.sayhitranslate","com.youdao.hindict","com.easytranslate.easytranslate","com.deepl.mobiletranslator"]},{"rank":{"index":2,"lang":"de","country":"de","chineseCountryName":"德国","pkg":"com.spaceship.screen.textcopy"},"orders":["com.recognize_text.translate.screen","com.spaceship.screen.textcopy","com.tap_to_translate.snap_translate","com.niven.translator","com.gaminik.i18n","com.niven.game","com.microsoft.translator","com.newmg.yurao.pro","com.niven.comic","at.nk.tools.iTranslate","com.screen.translator.text.recognize","com.galaxy.airviewdictionary","com.eecorp.taptranslator","com.screen.translate.google","com.google.android.apps.translate","com.translate.talkingtranslator","com.zaz.translate","com.audacityittranslator.translatetexttranslator","com.deepl.mobiletranslator","com.image.camera.translate.ai"]},{"rank":{"index":2,"lang":"it","country":"it","chineseCountryName":"意大利","pkg":"com.spaceship.screen.textcopy"},"orders":["com.recognize_text.translate.screen","com.spaceship.screen.textcopy","com.tap_to_translate.snap_translate","com.niven.translator","com.gaminik.i18n","com.niven.game","com.microsoft.translator","com.niven.comic","com.galaxy.airviewdictionary","at.nk.tools.iTranslate","com.newmg.yurao.pro","com.screen.translator.text.recognize","com.eecorp.taptranslator","com.screen.translate.google","com.zaz.translate","com.audacityittranslator.translatetexttranslator","com.google.android.apps.translate","com.niven.apptranslate","com.image.camera.translate.ai","com.deepl.mobiletranslator"]},{"rank":{"index":2,"lang":"ja","country":"jp","chineseCountryName":"日本","pkg":"com.spaceship.screen.textcopy"},"orders":["com.recognize_text.translate.screen","com.spaceship.screen.textcopy","com.tap_to_translate.snap_translate","com.gaminik.i18n","com.microsoft.translator","com.niven.translator","com.niven.game","com.niven.comic","com.deepl.mobiletranslator","com.screen.translator.text.recognize"]},{"rank":{"index":2,"lang":"ko","country":"kr","chineseCountryName":"韩国","pkg":"com.spaceship.screen.textcopy"},"orders":["com.recognize_text.translate.screen","com.spaceship.screen.textcopy","com.tap_to_translate.snap_translate","com.microsoft.translator","com.google.android.apps.translate","com.gaminik.i18n","com.niven.game","com.niven.translator","com.naver.labs.translator","at.nk.tools.iTranslate","com.zaz.translate","com.screen.translator.text.recognize","com.newmg.yurao.pro","com.niven.comic","com.translate.language.translator.voice.translation","com.translate.talkingtranslator","com.galaxy.airviewdictionary","com.youdao.hindict","com.screen.translate.google","com.deepl.mobiletranslator"]},{"rank":{"index":2,"lang":"zh-hk","country":"hk","chineseCountryName":"香港","pkg":"com.spaceship.screen.textcopy"},"orders":["com.recognize_text.translate.screen","com.spaceship.screen.textcopy","com.tap_to_translate.snap_translate","com.microsoft.translator","com.gaminik.i18n","com.google.android.apps.translate","com.niven.translator","com.niven.game","at.nk.tools.iTranslate","com.translate.language.translator.voice.translation","com.screen.translator.text.recognize","com.zaz.translate","com.niven.comic","com.translate.talkingtranslator","com.newmg.yurao.pro","com.galaxy.airviewdictionary","com.datacomprojects.scanandtranslate","com.naver.labs.translator","com.youdao.hindict","com.screen.translate.google"]},{"rank":{"index":2,"lang":"zh-tw","country":"tw","chineseCountryName":"台湾","pkg":"com.spaceship.screen.textcopy"},"orders":["com.recognize_text.translate.screen","com.spaceship.screen.textcopy","com.gaminik.i18n","com.microsoft.translator","com.niven.game","com.niven.translator","com.tap_to_translate.snap_translate","at.nk.tools.iTranslate","com.niven.comic","com.translate.language.translator.voice.translation","com.google.android.apps.translate","com.newmg.yurao.pro","com.galaxy.airviewdictionary","com.zaz.translate","com.screen.translator.text.recognize","com.screen.translate.google","com.translate.talkingtranslator","com.youdao.hindict","com.eecorp.taptranslator","com.audacityittranslator.translatetexttranslator"]},{"rank":{"index":2,"lang":"en","country":"in","chineseCountryName":"印度","pkg":"com.spaceship.screen.textcopy"},"orders":["com.recognize_text.translate.screen","com.spaceship.screen.textcopy","com.google.android.apps.translate","com.tap_to_translate.snap_translate","com.zaz.translate","com.microsoft.translator","com.niven.translator","com.niven.game","at.nk.tools.iTranslate"]},{"rank":{"index":2,"lang":"id","country":"id","chineseCountryName":"印尼","pkg":"com.spaceship.screen.textcopy"},"orders":["com.recognize_text.translate.screen","com.spaceship.screen.textcopy","com.tap_to_translate.snap_translate","com.gaminik.i18n","com.niven.game","com.niven.translator","com.youdao.hindict","com.niven.comic","com.newmg.yurao.pro","com.zaz.translate","com.screen.translator.text.recognize","com.google.android.apps.translate","com.screen.translate.google","com.eecorp.taptranslator","at.nk.tools.iTranslate","com.microsoft.translator"]},{"rank":{"index":2,"lang":"es-mx","country":"mx","chineseCountryName":"墨西哥","pkg":"com.spaceship.screen.textcopy"},"orders":["com.recognize_text.translate.screen","com.spaceship.screen.textcopy","com.niven.translator","com.gaminik.i18n","com.niven.game","com.tap_to_translate.snap_translate","com.niven.comic","com.microsoft.translator","com.zaz.translate","com.newmg.yurao.pro","at.nk.tools.iTranslate","com.screen.translator.text.recognize","com.screen.translate.google","com.google.android.apps.translate","com.eecorp.taptranslator","com.youdao.hindict","com.translate.language.translator.voice.translation","com.audacityittranslator.translatetexttranslator","com.android.chrome","com.google.android.apps.photos"]}]