[{"rank":{"index":2,"lang":"en-us","country":"us","chineseCountryName":"美国","pkg":"com.spaceship.screen.textcopy"},"orders":["com.recognize_text.translate.screen","com.spaceship.screen.textcopy","com.niven.translator","com.microsoft.translator","com.google.android.apps.translate","com.gaminik.i18n","com.niven.game","com.tap_to_translate.snap_translate","at.nk.tools.iTranslate","com.niven.comic","com.zaz.translate","com.newmg.yurao.pro","com.translate.talkingtranslator","com.translate.language.translator.voice.translation","com.naver.labs.translator","com.sayhi.android.sayhitranslate","com.tangdi.baiguotong","com.screen.translate.google","com.language.translate.free.translator.voice.translation","com.screen.translator.text.recognize"]},{"rank":{"index":3,"lang":"ru","country":"ru","chineseCountryName":"俄罗斯","pkg":"com.spaceship.screen.textcopy"},"orders":["com.recognize_text.translate.screen","com.niven.translator","com.spaceship.screen.textcopy","com.tap_to_translate.snap_translate","com.microsoft.translator","com.niven.game","com.gaminik.i18n","com.google.android.apps.translate","at.nk.tools.iTranslate","com.niven.comic","ru.yandex.translate","com.screen.translate.google","com.zaz.translate","com.translate.language.translator.voice.translation","com.newmg.yurao.pro","com.deepl.mobiletranslator","com.language.translate.free.translator.voice.translation","com.youdao.hindict","com.datacomprojects.scanandtranslate","com.niven.apptranslate"]},{"rank":{"index":5,"lang":"pt-br","country":"br","chineseCountryName":"巴西","pkg":"com.spaceship.screen.textcopy"},"orders":["com.recognize_text.translate.screen","com.tap_to_translate.snap_translate","com.niven.translator","com.niven.game","com.spaceship.screen.textcopy","com.gaminik.i18n","com.niven.comic","com.galaxy.airviewdictionary","com.microsoft.translator","at.nk.tools.iTranslate","com.newmg.yurao.pro","com.screen.translate.google","com.google.android.apps.translate","com.screen.translator.text.recognize","com.eecorp.taptranslator","com.niven.apptranslate","com.android.chrome","com.zaz.translate","com.facebook.orca","com.google.android.inputmethod.latin"]},{"rank":{"index":6,"lang":"fr","country":"fr","chineseCountryName":"法国","pkg":"com.spaceship.screen.textcopy"},"orders":["com.recognize_text.translate.screen","com.tap_to_translate.snap_translate","com.niven.translator","com.niven.game","com.gaminik.i18n","com.spaceship.screen.textcopy","com.microsoft.translator","com.niven.comic","com.google.android.apps.translate","at.nk.tools.iTranslate","com.zaz.translate","com.newmg.yurao.pro","com.screen.translate.google","com.galaxy.airviewdictionary","com.eecorp.taptranslator","com.niven.apptranslate","com.deepl.mobiletranslator","com.audacityittranslator.translatetexttranslator","com.language.translate.free.translator.voice.translation","com.tangdi.baiguotong"]},{"rank":{"index":2,"lang":"en-gb","country":"gb","chineseCountryName":"英国","pkg":"com.spaceship.screen.textcopy"},"orders":["com.recognize_text.translate.screen","com.spaceship.screen.textcopy","com.gaminik.i18n","com.tap_to_translate.snap_translate","com.microsoft.translator","com.google.android.apps.translate","com.niven.translator","com.niven.game","at.nk.tools.iTranslate","com.niven.comic","com.zaz.translate","com.screen.translate.google","com.tangdi.baiguotong","com.newmg.yurao.pro","com.language.translate.free.translator.voice.translation","com.sayhi.android.sayhitranslate","com.translate.talkingtranslator","com.translate.language.translator.voice.translation","com.deepl.mobiletranslator","com.youdao.hindict"]},{"rank":{"index":2,"lang":"de","country":"de","chineseCountryName":"德国","pkg":"com.spaceship.screen.textcopy"},"orders":["com.recognize_text.translate.screen","com.spaceship.screen.textcopy","com.niven.translator","com.microsoft.translator","com.gaminik.i18n","com.niven.game","com.tap_to_translate.snap_translate","com.niven.comic","at.nk.tools.iTranslate","com.google.android.apps.translate","com.newmg.yurao.pro","com.translate.talkingtranslator"]},{"rank":{"index":2,"lang":"it","country":"it","chineseCountryName":"意大利","pkg":"com.spaceship.screen.textcopy"},"orders":["com.recognize_text.translate.screen","com.spaceship.screen.textcopy","com.niven.translator","com.gaminik.i18n","com.niven.game","com.tap_to_translate.snap_translate","com.microsoft.translator","com.niven.comic","at.nk.tools.iTranslate","com.google.android.apps.translate","com.screen.translate.google"]},{"rank":{"index":2,"lang":"ja","country":"jp","chineseCountryName":"日本","pkg":"com.spaceship.screen.textcopy"},"orders":["com.recognize_text.translate.screen","com.spaceship.screen.textcopy","com.niven.translator","com.gaminik.i18n","com.niven.game","com.tap_to_translate.snap_translate","com.niven.comic","com.microsoft.translator","com.galaxy.airviewdictionary","com.naver.labs.translator","com.screen.translate.google","com.google.android.apps.translate"]},{"rank":{"index":2,"lang":"ko","country":"kr","chineseCountryName":"韩国","pkg":"com.spaceship.screen.textcopy"},"orders":["com.recognize_text.translate.screen","com.spaceship.screen.textcopy","com.microsoft.translator","com.google.android.apps.translate","com.niven.translator","com.gaminik.i18n","com.niven.game","com.tap_to_translate.snap_translate","com.naver.labs.translator","com.niven.comic","at.nk.tools.iTranslate","com.translate.language.translator.voice.translation","com.zaz.translate","com.galaxy.airviewdictionary","com.screen.translate.google","com.newmg.yurao.pro","com.eecorp.taptranslator","com.translate.talkingtranslator","com.deepl.mobiletranslator","com.language.translate.free.translator.voice.translation"]},{"rank":{"index":2,"lang":"zh-hk","country":"hk","chineseCountryName":"香港","pkg":"com.spaceship.screen.textcopy"},"orders":["com.recognize_text.translate.screen","com.spaceship.screen.textcopy","com.microsoft.translator","com.google.android.apps.translate","com.gaminik.i18n","com.niven.translator","com.niven.game","at.nk.tools.iTranslate","com.niven.comic","com.tap_to_translate.snap_translate","com.tangdi.baiguotong","com.translate.language.translator.voice.translation","com.naver.labs.translator","com.zaz.translate"]},{"rank":{"index":2,"lang":"zh-tw","country":"tw","chineseCountryName":"台湾","pkg":"com.spaceship.screen.textcopy"},"orders":["com.recognize_text.translate.screen","com.spaceship.screen.textcopy","com.microsoft.translator","com.google.android.apps.translate","com.gaminik.i18n","com.niven.translator","com.niven.game","at.nk.tools.iTranslate","com.tap_to_translate.snap_translate","com.niven.comic","com.tangdi.baiguotong","com.translate.language.translator.voice.translation","com.youdao.hindict","com.zaz.translate","com.naver.labs.translator","com.galaxy.airviewdictionary","com.language.translate.free.translator.voice.translation","com.translate.talkingtranslator","com.newmg.yurao.pro","com.datacomprojects.scanandtranslate"]},{"rank":{"index":4,"lang":"en","country":"in","chineseCountryName":"印度","pkg":"com.spaceship.screen.textcopy"},"orders":["com.recognize_text.translate.screen","com.tap_to_translate.snap_translate","com.google.android.apps.translate","com.spaceship.screen.textcopy","com.microsoft.translator"]},{"rank":{"index":4,"lang":"id","country":"id","chineseCountryName":"印尼","pkg":"com.spaceship.screen.textcopy"},"orders":["com.recognize_text.translate.screen","com.tap_to_translate.snap_translate","com.niven.translator","com.spaceship.screen.textcopy","com.gaminik.i18n","com.niven.game","com.niven.comic","com.youdao.hindict","com.newmg.yurao.pro","com.microsoft.translator","com.screen.translate.google","com.google.android.apps.translate","com.eecorp.taptranslator","at.nk.tools.iTranslate","com.naver.labs.translator","com.niven.apptranslate"]},{"rank":{"index":2,"lang":"es-mx","country":"mx","chineseCountryName":"墨西哥","pkg":"com.spaceship.screen.textcopy"},"orders":["com.recognize_text.translate.screen","com.spaceship.screen.textcopy","com.niven.game","com.gaminik.i18n","com.niven.translator","com.microsoft.translator","com.niven.comic","com.tap_to_translate.snap_translate","at.nk.tools.iTranslate","com.newmg.yurao.pro","com.google.android.apps.translate","com.screen.translate.google","com.youdao.hindict","com.language.translate.free.translator.voice.translation","com.zaz.translate","com.niven.apptranslate","com.android.chrome","com.tangdi.baiguotong","com.eecorp.taptranslator","com.audacityittranslator.translatetexttranslator"]}]