[{"rank":{"index":2,"lang":"en-us","country":"us","chineseCountryName":"美国","pkg":"com.spaceship.screen.textcopy"},"orders":["com.recognize_text.translate.screen","com.spaceship.screen.textcopy","com.gaminik.i18n","com.newmg.yurao.pro","com.google.android.apps.translate","com.niven.translator","com.microsoft.translator","com.tap_to_translate.snap_translate","com.zaz.translate","com.niven.game","at.nk.tools.iTranslate","com.screen.translate.google","com.eecorp.linguago","live.screentranslate.realtime","com.niven.apptranslate","com.deepl.mobiletranslator","com.google.ar.lens","com.naver.labs.translator","com.datacomprojects.scanandtranslate","com.eecorp.taptranslator"]},{"rank":{"index":0,"lang":"ru","country":"ru","chineseCountryName":"俄罗斯","pkg":"com.spaceship.screen.textcopy"},"orders":["com.recognize_text.translate.screen","com.newmg.yurao.pro","com.tap_to_translate.snap_translate","com.google.android.apps.translate","com.gaminik.i18n","ru.yandex.translate","com.niven.translator","com.microsoft.translator","com.zaz.translate","com.niven.game","com.deepl.mobiletranslator","com.screen.translate.google","com.datacomprojects.scanandtranslate","com.google.ar.lens","at.nk.tools.iTranslate","com.eecorp.linguago","com.niven.apptranslate","live.screentranslate.realtime","com.traductorweb","com.immersivetranslate.browser"]},{"rank":{"index":2,"lang":"pt-br","country":"br","chineseCountryName":"巴西","pkg":"com.spaceship.screen.textcopy"},"orders":["com.recognize_text.translate.screen","com.spaceship.screen.textcopy","com.gaminik.i18n","com.newmg.yurao.pro","com.niven.translator","com.tap_to_translate.snap_translate","com.niven.game","com.zaz.translate","com.microsoft.translator","com.google.android.apps.translate","com.screen.translate.google","com.eecorp.linguago","com.niven.apptranslate","com.google.ar.lens","com.deepl.mobiletranslator","live.screentranslate.realtime","at.nk.tools.iTranslate","com.eecorp.taptranslator","com.datacomprojects.scanandtranslate","com.feraset.dub"]},{"rank":{"index":2,"lang":"fr","country":"fr","chineseCountryName":"法国","pkg":"com.spaceship.screen.textcopy"},"orders":["com.recognize_text.translate.screen","com.spaceship.screen.textcopy","com.tap_to_translate.snap_translate","com.newmg.yurao.pro","com.gaminik.i18n","com.zaz.translate","com.niven.translator","com.microsoft.translator","com.google.android.apps.translate","com.eecorp.linguago","com.screen.translate.google","com.niven.game","com.datacomprojects.scanandtranslate","com.niven.apptranslate","live.screentranslate.realtime","com.deepl.mobiletranslator","com.google.ar.lens","at.nk.tools.iTranslate","com.eecorp.taptranslator","com.traductorweb"]},{"rank":{"index":2,"lang":"en-gb","country":"gb","chineseCountryName":"英国","pkg":"com.spaceship.screen.textcopy"},"orders":["com.recognize_text.translate.screen","com.spaceship.screen.textcopy","com.newmg.yurao.pro","com.gaminik.i18n","com.google.android.apps.translate","com.niven.translator","com.microsoft.translator","com.zaz.translate","com.tap_to_translate.snap_translate","at.nk.tools.iTranslate","com.niven.game","com.eecorp.linguago","com.screen.translate.google","live.screentranslate.realtime","com.deepl.mobiletranslator","com.datacomprojects.scanandtranslate","com.google.ar.lens","com.niven.apptranslate","ru.yandex.translate","com.naver.labs.translator"]},{"rank":{"index":2,"lang":"de","country":"de","chineseCountryName":"德国","pkg":"com.spaceship.screen.textcopy"},"orders":["com.recognize_text.translate.screen","com.spaceship.screen.textcopy","com.newmg.yurao.pro","com.gaminik.i18n","com.niven.translator","com.google.android.apps.translate","com.microsoft.translator","com.tap_to_translate.snap_translate","com.zaz.translate","com.niven.game","com.screen.translate.google","com.deepl.mobiletranslator","com.eecorp.linguago","at.nk.tools.iTranslate","com.niven.apptranslate","ru.yandex.translate","com.datacomprojects.scanandtranslate","com.google.ar.lens","com.traductorweb","com.eecorp.taptranslator"]},{"rank":{"index":2,"lang":"it","country":"it","chineseCountryName":"意大利","pkg":"com.spaceship.screen.textcopy"},"orders":["com.recognize_text.translate.screen","com.spaceship.screen.textcopy","com.newmg.yurao.pro","com.gaminik.i18n","com.tap_to_translate.snap_translate","com.niven.translator","com.microsoft.translator","com.google.android.apps.translate","com.zaz.translate","com.niven.game","com.eecorp.linguago","com.screen.translate.google","com.datacomprojects.scanandtranslate"]},{"rank":{"index":2,"lang":"ja","country":"jp","chineseCountryName":"日本","pkg":"com.spaceship.screen.textcopy"},"orders":["com.recognize_text.translate.screen","com.spaceship.screen.textcopy","com.newmg.yurao.pro","com.gaminik.i18n","com.tap_to_translate.snap_translate","com.microsoft.translator","com.niven.translator","com.screen.translate.google","com.niven.game","com.google.ar.lens","com.google.android.apps.translate","com.eecorp.linguago","com.deepl.mobiletranslator","com.naver.labs.translator","at.nk.tools.iTranslate","com.niven.apptranslate","com.zaz.translate","com.eecorp.taptranslator","com.google.android.apps.maps","com.android.chrome"]},{"rank":{"index":2,"lang":"ko","country":"kr","chineseCountryName":"韩国","pkg":"com.spaceship.screen.textcopy"},"orders":["com.recognize_text.translate.screen","com.spaceship.screen.textcopy","com.newmg.yurao.pro","com.tap_to_translate.snap_translate","com.gaminik.i18n","com.niven.translator","com.google.android.apps.translate","com.microsoft.translator","com.naver.labs.translator","com.screen.translate.google","com.eecorp.linguago","com.niven.game","com.zaz.translate","com.niven.apptranslate","com.google.ar.lens","live.screentranslate.realtime","com.eecorp.taptranslator","com.immersivetranslate.browser","at.nk.tools.iTranslate","com.datacomprojects.scanandtranslate"]},{"rank":{"index":2,"lang":"zh-hk","country":"hk","chineseCountryName":"香港","pkg":"com.spaceship.screen.textcopy"},"orders":["com.recognize_text.translate.screen","com.spaceship.screen.textcopy","com.newmg.yurao.pro","com.gaminik.i18n","com.google.android.apps.translate","com.niven.translator","com.microsoft.translator","com.tap_to_translate.snap_translate","com.zaz.translate","com.niven.game","com.eecorp.linguago","com.screen.translate.google","at.nk.tools.iTranslate","com.google.ar.lens","live.screentranslate.realtime","com.naver.labs.translator","com.immersivetranslate.browser","com.niven.apptranslate","com.deepl.mobiletranslator","com.eecorp.taptranslator"]},{"rank":{"index":2,"lang":"zh-tw","country":"tw","chineseCountryName":"台湾","pkg":"com.spaceship.screen.textcopy"},"orders":["com.recognize_text.translate.screen","com.spaceship.screen.textcopy","com.newmg.yurao.pro","com.gaminik.i18n","com.niven.translator","com.microsoft.translator","com.tap_to_translate.snap_translate","com.google.android.apps.translate","com.zaz.translate","com.niven.game","com.screen.translate.google","com.eecorp.linguago","live.screentranslate.realtime","com.naver.labs.translator","com.immersivetranslate.browser","com.niven.apptranslate","at.nk.tools.iTranslate","com.eecorp.taptranslator","com.google.ar.lens","com.deepl.mobiletranslator"]},{"rank":{"index":2,"lang":"en","country":"in","chineseCountryName":"印度","pkg":"com.spaceship.screen.textcopy"},"orders":["com.recognize_text.translate.screen","com.spaceship.screen.textcopy","com.google.android.apps.translate","com.newmg.yurao.pro","com.zaz.translate"]},{"rank":{"index":1,"lang":"id","country":"id","chineseCountryName":"印尼","pkg":"com.spaceship.screen.textcopy"},"orders":["com.spaceship.screen.textcopy","com.recognize_text.translate.screen","com.gaminik.i18n","com.tap_to_translate.snap_translate","com.newmg.yurao.pro","com.niven.translator","com.niven.game","com.screen.translate.google","com.google.android.apps.translate","com.zaz.translate","com.eecorp.linguago","com.microsoft.translator","at.nk.tools.iTranslate"]},{"rank":{"index":2,"lang":"es-mx","country":"mx","chineseCountryName":"墨西哥","pkg":"com.spaceship.screen.textcopy"},"orders":["com.recognize_text.translate.screen","com.spaceship.screen.textcopy","com.tap_to_translate.snap_translate","com.newmg.yurao.pro","com.gaminik.i18n","com.niven.translator","com.microsoft.translator","com.zaz.translate","com.google.android.apps.translate","com.niven.game","com.screen.translate.google","com.eecorp.linguago","com.niven.apptranslate","at.nk.tools.iTranslate","live.screentranslate.realtime","com.google.ar.lens","com.deepl.mobiletranslator","com.eecorp.taptranslator","com.datacomprojects.scanandtranslate","com.mg.chat"]}]