[{"rank":{"index":6,"lang":"en-us","country":"us","chineseCountryName":"美国","pkg":"com.spaceship.screen.textcopy"},"orders":["com.recognize_text.translate.screen","com.tap_to_translate.snap_translate","com.gaminik.i18n","com.google.android.apps.translate","screen.translator.voice.translate","com.spaceship.screen.textcopy","com.mg.yurao.google","com.niven.translator","com.microsoft.translator","com.niven.game","com.niven.apptranslate","com.niven.comic","com.eecorp.linguago","com.newmg.yurao.pro","com.galaxy.airviewdictionary","com.naver.labs.translator","com.deepl.mobiletranslator","com.zaz.translate","com.tranit.text.translate","at.nk.tools.iTranslate"]},{"rank":{"index":5,"lang":"ru","country":"ru","chineseCountryName":"俄罗斯","pkg":"com.spaceship.screen.textcopy"},"orders":["com.recognize_text.translate.screen","com.tap_to_translate.snap_translate","com.niven.translator","com.gaminik.i18n","com.spaceship.screen.textcopy","com.microsoft.translator","com.niven.game","screen.translator.voice.translate","com.niven.apptranslate","com.eecorp.linguago","com.kursx.smartbook","com.zaz.translate","com.google.android.apps.translate","com.naver.labs.translator","ru.yandex.translate","com.niven.comic","com.tranit.text.translate","at.nk.tools.iTranslate","com.chat_translate.screen_translate","com.voice_camera_free_translate"]},{"rank":{"index":6,"lang":"pt-br","country":"br","chineseCountryName":"巴西","pkg":"com.spaceship.screen.textcopy"},"orders":["com.recognize_text.translate.screen","com.tap_to_translate.snap_translate","com.gaminik.i18n","com.niven.translator","com.mg.yurao.google","com.spaceship.screen.textcopy","screen.translator.voice.translate","com.niven.game","com.niven.comic","com.galaxy.airviewdictionary","com.niven.apptranslate","com.eecorp.linguago","com.microsoft.translator","com.newmg.yurao.pro","com.google.android.apps.translate","com.translator.translation.screen.translate.voice.languages.text.translating","com.youdao.hindict","com.chat_translate.screen_translate","at.nk.tools.iTranslate","ru.yandex.translate"]},{"rank":{"index":7,"lang":"fr","country":"fr","chineseCountryName":"法国","pkg":"com.spaceship.screen.textcopy"},"orders":["com.recognize_text.translate.screen","com.tap_to_translate.snap_translate","screen.translator.voice.translate","com.niven.translator","com.gaminik.i18n","com.mg.yurao.google","com.spaceship.screen.textcopy","com.google.android.apps.translate","com.niven.game","com.microsoft.translator","com.niven.apptranslate","com.eecorp.linguago","com.niven.comic","com.newmg.yurao.pro","com.galaxy.airviewdictionary","com.tranit.text.translate","com.zaz.translate","com.chat_translate.screen_translate","com.appspell.screentranslator","ru.yandex.translate"]},{"rank":{"index":3,"lang":"en-gb","country":"gb","chineseCountryName":"英国","pkg":"com.spaceship.screen.textcopy"},"orders":["com.recognize_text.translate.screen","com.tap_to_translate.snap_translate","com.spaceship.screen.textcopy","screen.translator.voice.translate","com.google.android.apps.translate","com.microsoft.translator","com.gaminik.i18n","com.niven.translator","com.mg.yurao.google","com.niven.game","com.niven.apptranslate","com.eecorp.linguago","com.niven.comic","com.newmg.yurao.pro","com.galaxy.airviewdictionary","com.deepl.mobiletranslator","com.zaz.translate","com.tranit.text.translate","com.sayhi.android.sayhitranslate","ru.yandex.translate"]},{"rank":{"index":3,"lang":"de","country":"de","chineseCountryName":"德国","pkg":"com.spaceship.screen.textcopy"},"orders":["com.recognize_text.translate.screen","com.tap_to_translate.snap_translate","com.spaceship.screen.textcopy","com.mg.yurao.google","com.niven.translator","com.gaminik.i18n","com.microsoft.translator","com.niven.game","screen.translator.voice.translate","com.niven.apptranslate","com.newmg.yurao.pro","com.google.android.apps.translate","com.niven.comic","com.eecorp.linguago","com.tranit.text.translate","ru.yandex.translate","com.chat_translate.screen_translate","com.zaz.translate","com.appspell.screentranslator","com.deepl.mobiletranslator"]},{"rank":{"index":3,"lang":"it","country":"it","chineseCountryName":"意大利","pkg":"com.spaceship.screen.textcopy"},"orders":["com.recognize_text.translate.screen","com.tap_to_translate.snap_translate","com.spaceship.screen.textcopy","screen.translator.voice.translate","com.niven.translator","com.gaminik.i18n","com.mg.yurao.google","com.niven.game","com.niven.apptranslate","com.microsoft.translator","com.eecorp.linguago","com.newmg.yurao.pro","com.niven.comic","com.google.android.apps.translate","com.galaxy.airviewdictionary","com.translator.translation.screen.translate.voice.languages.text.translating","com.appspell.screentranslator","com.chat_translate.screen_translate","com.tranit.text.translate","com.zaz.translate"]},{"rank":{"index":3,"lang":"ja","country":"jp","chineseCountryName":"日本","pkg":"com.spaceship.screen.textcopy"},"orders":["com.recognize_text.translate.screen","com.tap_to_translate.snap_translate","com.spaceship.screen.textcopy","com.mg.yurao.google","com.gaminik.i18n","com.niven.game","com.niven.translator","com.abbyy.mobile.textgrabber.full","com.newmg.yurao.pro","com.datacomprojects.scanandtranslate","com.niven.apptranslate","com.deepl.mobiletranslator","com.tranit.text.translate","com.eecorp.linguago","com.copy.paste.ocr.screen.text.copypastetrial.pro","screen.translator.voice.translate","com.naver.labs.translator","com.niven.comic","com.microsoft.translator","camera.translator.realtime"]},{"rank":{"index":3,"lang":"ko","country":"kr","chineseCountryName":"韩国","pkg":"com.spaceship.screen.textcopy"},"orders":["com.recognize_text.translate.screen","com.tap_to_translate.snap_translate","com.spaceship.screen.textcopy","com.mg.yurao.google","com.niven.translator","com.gaminik.i18n","com.microsoft.translator","com.google.android.apps.translate","screen.translator.voice.translate","com.niven.apptranslate","com.niven.game","com.niven.comic","com.naver.labs.translator","com.eecorp.linguago","com.newmg.yurao.pro","com.galaxy.airviewdictionary","com.deepl.mobiletranslator","com.tranit.text.translate","com.zaz.translate","com.sayhi.android.sayhitranslate"]},{"rank":{"index":3,"lang":"zh-hk","country":"hk","chineseCountryName":"香港","pkg":"com.spaceship.screen.textcopy"},"orders":["com.recognize_text.translate.screen","com.tap_to_translate.snap_translate","com.spaceship.screen.textcopy","com.mg.yurao.google","com.microsoft.translator","com.gaminik.i18n","com.google.android.apps.translate","com.niven.translator","screen.translator.voice.translate","com.niven.game","com.niven.apptranslate","com.niven.comic","com.eecorp.linguago","com.newmg.yurao.pro","com.galaxy.airviewdictionary","com.naver.labs.translator","com.deepl.mobiletranslator","com.zaz.translate","at.nk.tools.iTranslate","com.sayhi.android.sayhitranslate"]},{"rank":{"index":6,"lang":"zh-tw","country":"tw","chineseCountryName":"台湾","pkg":"com.spaceship.screen.textcopy"},"orders":["com.recognize_text.translate.screen","com.tap_to_translate.snap_translate","com.mg.yurao.google","com.gaminik.i18n","com.microsoft.translator","com.spaceship.screen.textcopy","com.niven.translator","com.google.android.apps.translate","screen.translator.voice.translate","com.niven.game","com.niven.apptranslate","com.niven.comic","com.eecorp.linguago","com.newmg.yurao.pro","com.naver.labs.translator","com.galaxy.airviewdictionary","com.deepl.mobiletranslator","com.zaz.translate","com.appspell.screentranslator","com.tranit.text.translate"]},{"rank":{"index":5,"lang":"en","country":"in","chineseCountryName":"印度","pkg":"com.spaceship.screen.textcopy"},"orders":["com.recognize_text.translate.screen","com.tap_to_translate.snap_translate","com.google.android.apps.translate","screen.translator.voice.translate","com.spaceship.screen.textcopy","com.gaminik.i18n","com.microsoft.translator","com.mg.yurao.google","com.niven.translator","com.zaz.translate","com.niven.game","com.niven.apptranslate","com.eecorp.linguago"]},{"rank":{"index":5,"lang":"id","country":"id","chineseCountryName":"印尼","pkg":"com.spaceship.screen.textcopy"},"orders":["com.recognize_text.translate.screen","com.tap_to_translate.snap_translate","com.mg.yurao.google","com.gaminik.i18n","com.spaceship.screen.textcopy","com.niven.translator","com.newmg.yurao.pro","com.eecorp.linguago","com.niven.game","com.niven.comic","com.niven.apptranslate","com.microsoft.translator","screen.translator.voice.translate","com.google.android.apps.translate","com.naver.labs.translator","com.youdao.hindict","com.tranit.text.translate","com.galaxy.airviewdictionary","com.zaz.translate","com.chat_translate.screen_translate"]},{"rank":{"index":6,"lang":"es-mx","country":"mx","chineseCountryName":"墨西哥","pkg":"com.spaceship.screen.textcopy"},"orders":["com.recognize_text.translate.screen","com.tap_to_translate.snap_translate","com.niven.translator","com.gaminik.i18n","screen.translator.voice.translate","com.spaceship.screen.textcopy","com.mg.yurao.google","com.niven.game","com.google.android.apps.translate","com.niven.comic","com.microsoft.translator","com.translator.translation.screen.translate.voice.languages.text.translating","com.eecorp.linguago","com.niven.apptranslate","com.newmg.yurao.pro","com.tranit.text.translate","com.youdao.hindict","com.galaxy.airviewdictionary","at.nk.tools.iTranslate","com.appspell.screentranslator"]}]