[{"rank":{"index":2,"lang":"en-us","country":"us","chineseCountryName":"美国","pkg":"com.spaceship.screen.textcopy"},"orders":["com.recognize_text.translate.screen","com.spaceship.screen.textcopy","com.niven.translator","com.google.android.apps.translate","com.tap_to_translate.snap_translate","com.newmg.yurao.pro","com.gaminik.i18n","com.zaz.translate","com.immersivetranslate.browser","com.microsoft.translator","com.screen.translate.google","com.niven.game","com.deepl.mobiletranslator","com.niven.apptranslate","com.fapp.translate.language.translator.fasttranslation","com.naver.labs.translator","com.google.ar.lens","com.siv","live.screentranslate.realtime","link.zhidou.btranslator"]},{"rank":{"index":0,"lang":"ru","country":"ru","chineseCountryName":"俄罗斯","pkg":"com.spaceship.screen.textcopy"},"orders":["com.recognize_text.translate.screen","com.niven.translator","com.tap_to_translate.snap_translate","com.newmg.yurao.pro","com.gaminik.i18n","com.google.android.apps.translate","com.niven.game","com.zaz.translate","com.screen.translate.google","com.immersivetranslate.browser","com.deepl.mobiletranslator","ru.yandex.translate","com.niven.apptranslate","com.voice_camera_free_translate","com.microsoft.translator","live.screentranslate.realtime","com.naver.labs.translator","com.siv","photo.translate.camera.translator","com.google.ar.lens"]},{"rank":{"index":2,"lang":"pt-br","country":"br","chineseCountryName":"巴西","pkg":"com.spaceship.screen.textcopy"},"orders":["com.recognize_text.translate.screen","com.spaceship.screen.textcopy","com.niven.translator","com.tap_to_translate.snap_translate","com.gaminik.i18n","com.google.android.apps.translate","com.newmg.yurao.pro","com.niven.game","com.immersivetranslate.browser","com.screen.translate.google","com.zaz.translate","com.voice_camera_free_translate","com.deepl.mobiletranslator","com.niven.apptranslate","com.microsoft.translator","live.screentranslate.realtime","com.naver.labs.translator","co.langlang.translator_for_wsp","com.google.ar.lens","com.siv"]},{"rank":{"index":2,"lang":"fr","country":"fr","chineseCountryName":"法国","pkg":"com.spaceship.screen.textcopy"},"orders":["com.recognize_text.translate.screen","com.spaceship.screen.textcopy","com.tap_to_translate.snap_translate","com.niven.translator","com.newmg.yurao.pro","com.gaminik.i18n","com.zaz.translate","com.google.android.apps.translate","com.immersivetranslate.browser","com.niven.game","com.screen.translate.google","com.microsoft.translator","com.deepl.mobiletranslator","com.niven.apptranslate","link.zhidou.btranslator","co.langlang.translator_for_wsp","live.screentranslate.realtime","com.fapp.translate.language.translator.fasttranslation","ru.yandex.translate","com.naver.labs.translator"]},{"rank":{"index":2,"lang":"en-gb","country":"gb","chineseCountryName":"英国","pkg":"com.spaceship.screen.textcopy"},"orders":["com.recognize_text.translate.screen","com.spaceship.screen.textcopy","com.niven.translator","com.tap_to_translate.snap_translate","com.google.android.apps.translate","com.newmg.yurao.pro","com.gaminik.i18n","com.zaz.translate","com.immersivetranslate.browser","com.microsoft.translator","com.niven.game","com.screen.translate.google","com.fapp.translate.language.translator.fasttranslation","com.deepl.mobiletranslator","com.niven.apptranslate","com.voice_camera_free_translate","ru.yandex.translate","com.naver.labs.translator","com.siv","com.google.ar.lens"]},{"rank":{"index":2,"lang":"de","country":"de","chineseCountryName":"德国","pkg":"com.spaceship.screen.textcopy"},"orders":["com.recognize_text.translate.screen","com.spaceship.screen.textcopy","com.niven.translator","com.tap_to_translate.snap_translate","com.newmg.yurao.pro","com.gaminik.i18n","com.zaz.translate","com.immersivetranslate.browser","com.google.android.apps.translate","com.niven.game","com.screen.translate.google","com.voice_camera_free_translate","com.niven.apptranslate","com.deepl.mobiletranslator","live.screentranslate.realtime","com.microsoft.translator","com.fapp.translate.language.translator.fasttranslation","ru.yandex.translate","com.eecorp.taptranslator","com.eecorp.linguago"]},{"rank":{"index":2,"lang":"it","country":"it","chineseCountryName":"意大利","pkg":"com.spaceship.screen.textcopy"},"orders":["com.recognize_text.translate.screen","com.spaceship.screen.textcopy","com.newmg.yurao.pro","com.zaz.translate","com.gaminik.i18n","com.niven.translator","com.tap_to_translate.snap_translate","com.google.android.apps.translate","com.immersivetranslate.browser","com.niven.game","com.screen.translate.google","com.niven.apptranslate","com.microsoft.translator","live.screentranslate.realtime","com.deepl.mobiletranslator","co.langlang.translator_for_wsp","com.openai.chatgpt","ru.yandex.translate","com.siv","com.eecorp.taptranslator"]},{"rank":{"index":2,"lang":"ja","country":"jp","chineseCountryName":"日本","pkg":"com.spaceship.screen.textcopy"},"orders":["com.recognize_text.translate.screen","com.spaceship.screen.textcopy","com.tap_to_translate.snap_translate","com.gaminik.i18n","com.newmg.yurao.pro","com.niven.translator","com.immersivetranslate.browser","com.screen.translate.google","com.microsoft.translator"]},{"rank":{"index":2,"lang":"ko","country":"kr","chineseCountryName":"韩国","pkg":"com.spaceship.screen.textcopy"},"orders":["com.recognize_text.translate.screen","com.spaceship.screen.textcopy","com.tap_to_translate.snap_translate","com.niven.translator","com.newmg.yurao.pro","com.gaminik.i18n","com.zaz.translate","com.immersivetranslate.browser","com.google.android.apps.translate","com.screen.translate.google","com.niven.game","com.naver.labs.translator","com.niven.apptranslate","com.microsoft.translator","live.screentranslate.realtime","com.deepl.mobiletranslator","co.langlang.translator_for_wsp","com.fapp.translate.language.translator.fasttranslation","com.openai.chatgpt","link.zhidou.btranslator"]},{"rank":{"index":2,"lang":"zh-hk","country":"hk","chineseCountryName":"香港","pkg":"com.spaceship.screen.textcopy"},"orders":["com.recognize_text.translate.screen","com.spaceship.screen.textcopy","com.tap_to_translate.snap_translate","com.google.android.apps.translate","com.newmg.yurao.pro","com.niven.translator","com.gaminik.i18n","com.zaz.translate","com.immersivetranslate.browser","com.screen.translate.google","com.niven.game","com.voice_camera_free_translate","com.niven.apptranslate","com.microsoft.translator","live.screentranslate.realtime","com.naver.labs.translator","com.google.ar.lens","com.deepl.mobiletranslator","com.fapp.translate.language.translator.fasttranslation","co.langlang.translator_for_wsp"]},{"rank":{"index":2,"lang":"zh-tw","country":"tw","chineseCountryName":"台湾","pkg":"com.spaceship.screen.textcopy"},"orders":["com.recognize_text.translate.screen","com.spaceship.screen.textcopy","com.tap_to_translate.snap_translate","com.newmg.yurao.pro","com.niven.translator","com.gaminik.i18n","com.google.android.apps.translate","com.immersivetranslate.browser","com.zaz.translate","com.niven.game","com.screen.translate.google","com.voice_camera_free_translate","com.niven.apptranslate","com.microsoft.translator","com.naver.labs.translator","live.screentranslate.realtime","com.deepl.mobiletranslator","com.google.ar.lens","com.fapp.translate.language.translator.fasttranslation","link.zhidou.btranslator"]},{"rank":{"index":2,"lang":"en","country":"in","chineseCountryName":"印度","pkg":"com.spaceship.screen.textcopy"},"orders":["com.recognize_text.translate.screen","com.spaceship.screen.textcopy","com.newmg.yurao.pro"]},{"rank":{"index":2,"lang":"id","country":"id","chineseCountryName":"印尼","pkg":"com.spaceship.screen.textcopy"},"orders":["com.recognize_text.translate.screen","com.spaceship.screen.textcopy","com.niven.translator","com.tap_to_translate.snap_translate","com.google.android.apps.translate","com.gaminik.i18n","com.newmg.yurao.pro","com.zaz.translate","com.niven.game","com.screen.translate.google","com.niven.apptranslate","com.immersivetranslate.browser","com.deepl.mobiletranslator","com.naver.labs.translator","com.microsoft.translator","com.google.ar.lens","com.fapp.translate.language.translator.fasttranslation","live.screentranslate.realtime","co.langlang.translator_for_wsp","com.eecorp.linguago"]},{"rank":{"index":1,"lang":"es-mx","country":"mx","chineseCountryName":"墨西哥","pkg":"com.spaceship.screen.textcopy"},"orders":["com.spaceship.screen.textcopy","com.recognize_text.translate.screen","com.niven.translator","com.tap_to_translate.snap_translate","com.gaminik.i18n","com.newmg.yurao.pro","com.immersivetranslate.browser","com.microsoft.translator","com.screen.translate.google","com.google.android.apps.translate","com.zaz.translate","com.niven.apptranslate","at.nk.tools.iTranslate","com.deepl.mobiletranslator","com.niven.game","live.screentranslate.realtime","com.fapp.translate.language.translator.fasttranslation","com.openai.chatgpt","com.android.chrome","com.youdao.hindict"]}]