[{"rank":{"index":2,"lang":"en-us","country":"us","chineseCountryName":"美国","pkg":"com.spaceship.screen.textcopy"},"orders":["com.recognize_text.translate.screen","com.spaceship.screen.textcopy","com.tap_to_translate.snap_translate","com.microsoft.translator","com.google.android.apps.translate","com.gaminik.i18n","com.niven.translator","com.newmg.yurao.pro","at.nk.tools.iTranslate","com.screen.translate.google","live.screentranslate.realtime","com.niven.game","com.eecorp.linguago","com.language.translate.free.translator.voice.translation","com.deepl.mobiletranslator","com.zaz.translate","com.niven.apptranslate","com.naver.labs.translator","com.google.ar.lens","com.datacomprojects.scanandtranslate"]},{"rank":{"index":0,"lang":"ru","country":"ru","chineseCountryName":"俄罗斯","pkg":"com.spaceship.screen.textcopy"},"orders":["com.recognize_text.translate.screen","com.tap_to_translate.snap_translate","com.newmg.yurao.pro","com.niven.translator","com.microsoft.translator","com.google.android.apps.translate","com.gaminik.i18n","com.niven.game","at.nk.tools.iTranslate","ru.yandex.translate","live.screentranslate.realtime","com.deepl.mobiletranslator","com.datacomprojects.scanandtranslate","com.screen.translate.google","com.zaz.translate","com.google.ar.lens","com.niven.apptranslate","com.eecorp.linguago","com.wooask.zx","com.language.translate.free.translator.voice.translation"]},{"rank":{"index":2,"lang":"pt-br","country":"br","chineseCountryName":"巴西","pkg":"com.spaceship.screen.textcopy"},"orders":["com.recognize_text.translate.screen","com.spaceship.screen.textcopy","com.tap_to_translate.snap_translate","com.gaminik.i18n","com.newmg.yurao.pro","com.niven.translator","com.microsoft.translator","com.niven.game","live.screentranslate.realtime","com.google.android.apps.translate","at.nk.tools.iTranslate","com.eecorp.linguago","com.screen.translate.google","com.niven.apptranslate","com.language.translate.free.translator.voice.translation","com.deepl.mobiletranslator","com.zaz.translate","com.voice_camera_free_translate","com.google.ar.lens","com.datacomprojects.scanandtranslate"]},{"rank":{"index":2,"lang":"fr","country":"fr","chineseCountryName":"法国","pkg":"com.spaceship.screen.textcopy"},"orders":["com.recognize_text.translate.screen","com.spaceship.screen.textcopy","com.tap_to_translate.snap_translate","com.newmg.yurao.pro","com.gaminik.i18n","com.microsoft.translator","com.niven.translator","live.screentranslate.realtime","com.google.android.apps.translate","com.eecorp.linguago","com.niven.game","com.screen.translate.google","com.niven.apptranslate","at.nk.tools.iTranslate","com.deepl.mobiletranslator","com.zaz.translate","com.google.ar.lens","com.language.translate.free.translator.voice.translation","com.datacomprojects.scanandtranslate","com.audacityittranslator.translatetexttranslator"]},{"rank":{"index":2,"lang":"en-gb","country":"gb","chineseCountryName":"英国","pkg":"com.spaceship.screen.textcopy"},"orders":["com.recognize_text.translate.screen","com.spaceship.screen.textcopy","com.newmg.yurao.pro","com.tap_to_translate.snap_translate","com.microsoft.translator","com.google.android.apps.translate","com.niven.translator","com.gaminik.i18n","live.screentranslate.realtime","at.nk.tools.iTranslate","com.zaz.translate","com.niven.game","com.screen.translate.google","com.eecorp.linguago","com.deepl.mobiletranslator","com.datacomprojects.scanandtranslate","com.niven.apptranslate","com.wooask.zx","com.voice_camera_free_translate","com.language.translate.free.translator.voice.translation"]},{"rank":{"index":2,"lang":"de","country":"de","chineseCountryName":"德国","pkg":"com.spaceship.screen.textcopy"},"orders":["com.recognize_text.translate.screen","com.spaceship.screen.textcopy","com.tap_to_translate.snap_translate","com.newmg.yurao.pro","com.microsoft.translator","com.niven.translator","com.gaminik.i18n","com.google.android.apps.translate","com.niven.game","at.nk.tools.iTranslate","com.screen.translate.google","com.deepl.mobiletranslator","com.eecorp.linguago","com.language.translate.free.translator.voice.translation","com.zaz.translate","com.niven.apptranslate","com.datacomprojects.scanandtranslate","live.screentranslate.realtime","com.google.ar.lens","com.wooask.zx"]},{"rank":{"index":2,"lang":"it","country":"it","chineseCountryName":"意大利","pkg":"com.spaceship.screen.textcopy"},"orders":["com.recognize_text.translate.screen","com.spaceship.screen.textcopy","com.tap_to_translate.snap_translate","com.newmg.yurao.pro","com.gaminik.i18n","com.niven.translator","com.microsoft.translator","com.google.android.apps.translate","com.niven.game","com.eecorp.linguago","com.screen.translate.google","com.deepl.mobiletranslator","at.nk.tools.iTranslate","com.niven.apptranslate","com.google.ar.lens","com.language.translate.free.translator.voice.translation","live.screentranslate.realtime","com.datacomprojects.scanandtranslate","com.zaz.translate","com.voice_camera_free_translate"]},{"rank":{"index":2,"lang":"ja","country":"jp","chineseCountryName":"日本","pkg":"com.spaceship.screen.textcopy"},"orders":["com.recognize_text.translate.screen","com.spaceship.screen.textcopy","com.tap_to_translate.snap_translate","com.newmg.yurao.pro","com.niven.translator","com.microsoft.translator","com.gaminik.i18n","com.google.android.apps.translate","com.deepl.mobiletranslator","com.screen.translate.google","com.naver.labs.translator","com.niven.game","com.google.ar.lens"]},{"rank":{"index":2,"lang":"ko","country":"kr","chineseCountryName":"韩国","pkg":"com.spaceship.screen.textcopy"},"orders":["com.recognize_text.translate.screen","com.spaceship.screen.textcopy","com.newmg.yurao.pro","com.tap_to_translate.snap_translate","com.microsoft.translator","com.gaminik.i18n","com.niven.translator","com.google.android.apps.translate","live.screentranslate.realtime","com.naver.labs.translator","at.nk.tools.iTranslate","com.niven.game","com.screen.translate.google","com.eecorp.linguago","com.niven.apptranslate","com.google.ar.lens","com.zaz.translate","com.immersivetranslate.browser","com.deepl.mobiletranslator","com.wooask.zx"]},{"rank":{"index":2,"lang":"zh-hk","country":"hk","chineseCountryName":"香港","pkg":"com.spaceship.screen.textcopy"},"orders":["com.recognize_text.translate.screen","com.spaceship.screen.textcopy","com.newmg.yurao.pro","com.microsoft.translator","com.tap_to_translate.snap_translate","com.google.android.apps.translate","com.gaminik.i18n","com.niven.translator","at.nk.tools.iTranslate","live.screentranslate.realtime","com.niven.game","com.screen.translate.google","com.zaz.translate","com.eecorp.linguago","com.naver.labs.translator","com.immersivetranslate.browser","com.google.ar.lens","com.niven.apptranslate","com.deepl.mobiletranslator","com.language.translate.free.translator.voice.translation"]},{"rank":{"index":2,"lang":"zh-tw","country":"tw","chineseCountryName":"台湾","pkg":"com.spaceship.screen.textcopy"},"orders":["com.recognize_text.translate.screen","com.spaceship.screen.textcopy","com.newmg.yurao.pro","com.tap_to_translate.snap_translate","com.microsoft.translator","com.google.android.apps.translate","com.gaminik.i18n","com.niven.translator","com.niven.game","live.screentranslate.realtime","at.nk.tools.iTranslate","com.screen.translate.google","com.eecorp.linguago","com.naver.labs.translator","com.immersivetranslate.browser","com.niven.apptranslate","com.zaz.translate","com.wooask.zx","com.google.ar.lens","com.deepl.mobiletranslator"]},{"rank":{"index":2,"lang":"en","country":"in","chineseCountryName":"印度","pkg":"com.spaceship.screen.textcopy"},"orders":["com.recognize_text.translate.screen","com.spaceship.screen.textcopy","com.tap_to_translate.snap_translate"]},{"rank":{"index":2,"lang":"id","country":"id","chineseCountryName":"印尼","pkg":"com.spaceship.screen.textcopy"},"orders":["com.recognize_text.translate.screen","com.spaceship.screen.textcopy","com.tap_to_translate.snap_translate","com.newmg.yurao.pro","com.gaminik.i18n","com.niven.translator","com.niven.game","com.screen.translate.google","com.google.android.apps.translate","com.microsoft.translator"]},{"rank":{"index":2,"lang":"es-mx","country":"mx","chineseCountryName":"墨西哥","pkg":"com.spaceship.screen.textcopy"},"orders":["com.recognize_text.translate.screen","com.spaceship.screen.textcopy","com.newmg.yurao.pro","com.tap_to_translate.snap_translate","com.gaminik.i18n","com.niven.translator","com.microsoft.translator","com.google.android.apps.translate","com.niven.game","com.eecorp.linguago","at.nk.tools.iTranslate","live.screentranslate.realtime","com.screen.translate.google","com.niven.apptranslate","com.deepl.mobiletranslator","com.language.translate.free.translator.voice.translation","com.google.ar.lens","com.zaz.translate","com.wooask.zx","com.datacomprojects.scanandtranslate"]}]