[{"rank":{"index":2,"lang":"en-us","country":"us","chineseCountryName":"美国","pkg":"com.spaceship.screen.textcopy"},"orders":["com.recognize_text.translate.screen","com.spaceship.screen.textcopy","com.niven.translator","com.microsoft.translator","com.google.android.apps.translate","com.gaminik.i18n","com.tap_to_translate.snap_translate","com.niven.game","com.niven.comic","at.nk.tools.iTranslate","com.galaxy.airviewdictionary","com.newmg.yurao.pro","com.naver.labs.translator","com.translate.talkingtranslator","com.screen.translate.google","com.sayhi.android.sayhitranslate","com.eecorp.taptranslator","com.tangdi.baiguotong","com.ticktalk.translatevoice","com.easytranslate.easytranslate"]},{"rank":{"index":4,"lang":"ru","country":"ru","chineseCountryName":"俄罗斯","pkg":"com.spaceship.screen.textcopy"},"orders":["com.recognize_text.translate.screen","com.niven.translator","com.tap_to_translate.snap_translate","com.spaceship.screen.textcopy","com.microsoft.translator","com.niven.game","com.gaminik.i18n","com.niven.comic","com.google.android.apps.translate","ru.yandex.translate","at.nk.tools.iTranslate","com.screen.translate.google","com.newmg.yurao.pro","com.deepl.mobiletranslator","com.translate.language.translator.voice.translation","com.niven.apptranslate","com.tangdi.baiguotong","com.translate.talkingtranslator","com.youdao.hindict","com.promt.pmtappfree"]},{"rank":{"index":6,"lang":"pt-br","country":"br","chineseCountryName":"巴西","pkg":"com.spaceship.screen.textcopy"},"orders":["com.recognize_text.translate.screen","com.tap_to_translate.snap_translate","com.niven.translator","com.niven.game","com.gaminik.i18n","com.spaceship.screen.textcopy","com.niven.comic","com.microsoft.translator","com.galaxy.airviewdictionary","at.nk.tools.iTranslate","com.google.android.apps.translate","com.screen.translate.google","com.newmg.yurao.pro","com.eecorp.taptranslator","com.youdao.hindict","com.screen.translator.text.recognize","com.audacityittranslator.translatetexttranslator","com.facebook.orca","com.language.translate.free.translator.voice.translation","com.niven.apptranslate"]},{"rank":{"index":7,"lang":"fr","country":"fr","chineseCountryName":"法国","pkg":"com.spaceship.screen.textcopy"},"orders":["com.recognize_text.translate.screen","com.tap_to_translate.snap_translate","com.niven.translator","com.microsoft.translator","com.gaminik.i18n","com.niven.game","com.spaceship.screen.textcopy","com.niven.comic","com.google.android.apps.translate","at.nk.tools.iTranslate","com.screen.translate.google","com.newmg.yurao.pro","com.tangdi.baiguotong","com.galaxy.airviewdictionary","com.audacityittranslator.translatetexttranslator","com.eecorp.taptranslator","com.deepl.mobiletranslator","com.language.translate.free.translator.voice.translation","com.niven.apptranslate","com.translate.talkingtranslator"]},{"rank":{"index":2,"lang":"en-gb","country":"gb","chineseCountryName":"英国","pkg":"com.spaceship.screen.textcopy"},"orders":["com.recognize_text.translate.screen","com.spaceship.screen.textcopy","com.gaminik.i18n","com.tap_to_translate.snap_translate","com.microsoft.translator","com.google.android.apps.translate","com.niven.translator","com.niven.game","com.niven.comic","at.nk.tools.iTranslate","com.eecorp.linguago","com.screen.translate.google","com.languagetranslator.translatorapp.smartscanner.dictionary.translation.voicetranslator","com.youdao.hindict","com.zaz.translate","translate.photo.translator.all.language.voice.translation.free.app","com.sayhi.android.sayhitranslate","com.translate.talkingtranslator","com.mobisystems.msdict.embedded.wireless.collins.ee","all.language.translate.translator"]},{"rank":{"index":4,"lang":"de","country":"de","chineseCountryName":"德国","pkg":"com.spaceship.screen.textcopy"},"orders":["com.recognize_text.translate.screen","com.tap_to_translate.snap_translate","com.niven.translator","com.spaceship.screen.textcopy","com.microsoft.translator","com.gaminik.i18n","com.niven.game","com.niven.comic","com.galaxy.airviewdictionary","com.google.android.apps.translate","at.nk.tools.iTranslate","com.screen.translate.google","com.translate.talkingtranslator","com.audacityittranslator.translatetexttranslator","com.deepl.mobiletranslator","com.newmg.yurao.pro","com.screen.translator.text.recognize","com.tangdi.baiguotong","com.eecorp.taptranslator","com.niven.apptranslate"]},{"rank":{"index":4,"lang":"it","country":"it","chineseCountryName":"意大利","pkg":"com.spaceship.screen.textcopy"},"orders":["com.recognize_text.translate.screen","com.tap_to_translate.snap_translate","com.niven.translator","com.spaceship.screen.textcopy","com.gaminik.i18n","com.niven.game","com.microsoft.translator","com.niven.comic","com.google.android.apps.translate","com.screen.translate.google","at.nk.tools.iTranslate","screen.translator.voice.translate","com.newmg.yurao.pro","com.tangdi.baiguotong","com.eecorp.taptranslator","com.deepl.mobiletranslator","com.audacityittranslator.translatetexttranslator","com.facebook.orca","com.niven.apptranslate","com.discord"]},{"rank":{"index":3,"lang":"ja","country":"jp","chineseCountryName":"日本","pkg":"com.spaceship.screen.textcopy"},"orders":["com.recognize_text.translate.screen","com.tap_to_translate.snap_translate","com.spaceship.screen.textcopy","com.niven.translator","com.gaminik.i18n","com.niven.game","com.microsoft.translator","com.niven.comic","com.deepl.mobiletranslator","com.naver.labs.translator","com.google.android.apps.translate"]},{"rank":{"index":2,"lang":"ko","country":"kr","chineseCountryName":"韩国","pkg":"com.spaceship.screen.textcopy"},"orders":["com.recognize_text.translate.screen","com.spaceship.screen.textcopy","com.microsoft.translator","com.tap_to_translate.snap_translate","com.niven.translator","com.gaminik.i18n","com.google.android.apps.translate","com.niven.game","com.naver.labs.translator","com.niven.comic","at.nk.tools.iTranslate","com.screen.translate.google","com.translate.talkingtranslator","com.eecorp.taptranslator","com.deepl.mobiletranslator","com.newmg.yurao.pro","com.b1b.translator.voicetranslate.alllanguages.translator.app","com.translate.language.translator.voice.translation","com.niven.apptranslate","com.mobisystems.msdict.embedded.wireless.collins.ee"]},{"rank":{"index":2,"lang":"zh-hk","country":"hk","chineseCountryName":"香港","pkg":"com.spaceship.screen.textcopy"},"orders":["com.recognize_text.translate.screen","com.spaceship.screen.textcopy","com.microsoft.translator","com.gaminik.i18n","com.niven.translator","com.google.android.apps.translate","com.niven.game","com.tap_to_translate.snap_translate","com.niven.comic","at.nk.tools.iTranslate","com.tangdi.baiguotong","com.galaxy.airviewdictionary","com.youdao.hindict","com.naver.labs.translator","com.translate.language.translator.voice.translation","com.screen.translate.google","com.newmg.yurao.pro","com.translate.talkingtranslator","com.deepl.mobiletranslator","com.niven.apptranslate"]},{"rank":{"index":2,"lang":"zh-tw","country":"tw","chineseCountryName":"台湾","pkg":"com.spaceship.screen.textcopy"},"orders":["com.recognize_text.translate.screen","com.spaceship.screen.textcopy","com.microsoft.translator","com.gaminik.i18n","com.niven.translator","com.niven.game","com.tap_to_translate.snap_translate","com.google.android.apps.translate","com.niven.comic","at.nk.tools.iTranslate","com.tangdi.baiguotong","com.translate.language.translator.voice.translation","com.youdao.hindict","com.galaxy.airviewdictionary","com.screen.translate.google","com.naver.labs.translator","com.newmg.yurao.pro","com.translate.talkingtranslator","com.deepl.mobiletranslator","com.niven.apptranslate"]},{"rank":{"index":4,"lang":"en","country":"in","chineseCountryName":"印度","pkg":"com.spaceship.screen.textcopy"},"orders":["com.recognize_text.translate.screen","com.tap_to_translate.snap_translate","com.google.android.apps.translate","com.spaceship.screen.textcopy","com.niven.translator","com.niven.game","com.microsoft.translator"]},{"rank":{"index":4,"lang":"id","country":"id","chineseCountryName":"印尼","pkg":"com.spaceship.screen.textcopy"},"orders":["com.recognize_text.translate.screen","com.tap_to_translate.snap_translate","com.niven.translator","com.spaceship.screen.textcopy","com.gaminik.i18n","com.niven.game","com.niven.comic","com.youdao.hindict","com.microsoft.translator","com.screen.translate.google","com.newmg.yurao.pro","com.google.android.apps.translate","com.eecorp.taptranslator","at.nk.tools.iTranslate","com.naver.labs.translator"]},{"rank":{"index":2,"lang":"es-mx","country":"mx","chineseCountryName":"墨西哥","pkg":"com.spaceship.screen.textcopy"},"orders":["com.recognize_text.translate.screen","com.spaceship.screen.textcopy","com.gaminik.i18n","com.niven.game","com.niven.translator","com.microsoft.translator","com.tap_to_translate.snap_translate","com.niven.comic","at.nk.tools.iTranslate","com.youdao.hindict","com.newmg.yurao.pro","com.google.android.apps.translate","com.screen.translate.google","com.tangdi.baiguotong","com.niven.apptranslate","com.audacityittranslator.translatetexttranslator","com.language.translate.free.translator.voice.translation","com.facebook.orca","com.deepl.mobiletranslator","com.google.android.apps.photos"]}]