[{"rank":{"index":2,"lang":"en-us","country":"us","chineseCountryName":"美国","pkg":"com.spaceship.screen.textcopy"},"orders":["com.recognize_text.translate.screen","com.spaceship.screen.textcopy","com.tap_to_translate.snap_translate","com.google.android.apps.translate","com.niven.translator","com.newmg.yurao.pro","com.gaminik.i18n","com.microsoft.translator","com.immersivetranslate.browser","com.deepl.mobiletranslator","com.zaz.translate","com.naver.labs.translator","at.nk.tools.iTranslate","com.niven.game","com.screen.translate.google","com.voice_camera_free_translate","ru.yandex.translate","com.niven.apptranslate","com.eecorp.linguago","com.datacomprojects.scanandtranslate"]},{"rank":{"index":0,"lang":"ru","country":"ru","chineseCountryName":"俄罗斯","pkg":"com.spaceship.screen.textcopy"},"orders":["com.recognize_text.translate.screen","com.niven.translator","com.tap_to_translate.snap_translate","com.newmg.yurao.pro","com.gaminik.i18n","com.google.android.apps.translate","com.niven.game","com.microsoft.translator","com.deepl.mobiletranslator","ru.yandex.translate","com.zaz.translate","com.immersivetranslate.browser","com.screen.translate.google","com.niven.apptranslate","at.nk.tools.iTranslate","com.naver.labs.translator","com.voice_camera_free_translate","com.datacomprojects.scanandtranslate","com.eecorp.linguago","com.google.ar.lens"]},{"rank":{"index":2,"lang":"pt-br","country":"br","chineseCountryName":"巴西","pkg":"com.spaceship.screen.textcopy"},"orders":["com.recognize_text.translate.screen","com.spaceship.screen.textcopy","com.tap_to_translate.snap_translate","com.niven.translator","com.gaminik.i18n","com.newmg.yurao.pro","com.microsoft.translator","com.google.android.apps.translate","com.immersivetranslate.browser","com.deepl.mobiletranslator","com.niven.game","com.zaz.translate","at.nk.tools.iTranslate","com.niven.apptranslate","com.voice_camera_free_translate","com.screen.translate.google","com.eecorp.linguago","com.naver.labs.translator","com.datacomprojects.scanandtranslate","com.tangdi.baiguotong"]},{"rank":{"index":2,"lang":"fr","country":"fr","chineseCountryName":"法国","pkg":"com.spaceship.screen.textcopy"},"orders":["com.recognize_text.translate.screen","com.spaceship.screen.textcopy","com.tap_to_translate.snap_translate","com.gaminik.i18n","com.newmg.yurao.pro","com.niven.translator","com.immersivetranslate.browser","com.microsoft.translator","com.zaz.translate","com.google.android.apps.translate","com.niven.game","com.niven.apptranslate","com.screen.translate.google","com.deepl.mobiletranslator","at.nk.tools.iTranslate","com.naver.labs.translator","com.eecorp.linguago","ru.yandex.translate","photo.translate.camera.translator","com.translate.all.language.photo.screen"]},{"rank":{"index":2,"lang":"en-gb","country":"gb","chineseCountryName":"英国","pkg":"com.spaceship.screen.textcopy"},"orders":["com.recognize_text.translate.screen","com.spaceship.screen.textcopy","com.tap_to_translate.snap_translate","com.niven.translator","com.google.android.apps.translate","com.newmg.yurao.pro","com.gaminik.i18n","com.zaz.translate","com.microsoft.translator","com.immersivetranslate.browser","com.deepl.mobiletranslator","at.nk.tools.iTranslate","com.niven.game","com.voice_camera_free_translate","ru.yandex.translate","com.naver.labs.translator","com.niven.apptranslate","com.screen.translate.google","com.datacomprojects.scanandtranslate","com.eecorp.linguago"]},{"rank":{"index":2,"lang":"de","country":"de","chineseCountryName":"德国","pkg":"com.spaceship.screen.textcopy"},"orders":["com.recognize_text.translate.screen","com.spaceship.screen.textcopy","com.niven.translator","com.tap_to_translate.snap_translate","com.newmg.yurao.pro","com.gaminik.i18n","com.immersivetranslate.browser","com.microsoft.translator","com.deepl.mobiletranslator","com.voice_camera_free_translate","com.niven.game","com.google.android.apps.translate","com.zaz.translate","com.screen.translate.google","com.niven.apptranslate","at.nk.tools.iTranslate","com.eecorp.linguago","ru.yandex.translate","com.naver.labs.translator","com.translate.all.language.photo.screen"]},{"rank":{"index":2,"lang":"it","country":"it","chineseCountryName":"意大利","pkg":"com.spaceship.screen.textcopy"},"orders":["com.recognize_text.translate.screen","com.spaceship.screen.textcopy","com.tap_to_translate.snap_translate","com.newmg.yurao.pro","com.niven.translator","com.gaminik.i18n","com.immersivetranslate.browser","com.niven.game","com.microsoft.translator","com.zaz.translate","com.deepl.mobiletranslator","com.voice_camera_free_translate","com.google.android.apps.translate","com.niven.apptranslate","com.screen.translate.google","at.nk.tools.iTranslate","com.eecorp.linguago","com.translate.all.language.photo.screen","com.naver.labs.translator","com.tangdi.baiguotong"]},{"rank":{"index":2,"lang":"ja","country":"jp","chineseCountryName":"日本","pkg":"com.spaceship.screen.textcopy"},"orders":["com.recognize_text.translate.screen","com.spaceship.screen.textcopy","com.tap_to_translate.snap_translate","com.newmg.yurao.pro","com.gaminik.i18n","com.niven.translator","com.immersivetranslate.browser","com.microsoft.translator","com.naver.labs.translator","com.google.android.apps.translate","com.deepl.mobiletranslator","at.nk.tools.iTranslate","com.zaz.translate","com.niven.game","com.niven.apptranslate"]},{"rank":{"index":2,"lang":"ko","country":"kr","chineseCountryName":"韩国","pkg":"com.spaceship.screen.textcopy"},"orders":["com.recognize_text.translate.screen","com.spaceship.screen.textcopy","com.tap_to_translate.snap_translate","com.niven.translator","com.newmg.yurao.pro","com.gaminik.i18n","com.immersivetranslate.browser","com.naver.labs.translator","com.niven.game","com.microsoft.translator","com.niven.apptranslate","com.screen.translate.google","com.deepl.mobiletranslator","com.google.android.apps.translate","com.zaz.translate","com.eecorp.linguago","at.nk.tools.iTranslate","com.translate.all.language.photo.screen","com.google.ar.lens","com.openai.chatgpt"]},{"rank":{"index":2,"lang":"zh-hk","country":"hk","chineseCountryName":"香港","pkg":"com.spaceship.screen.textcopy"},"orders":["com.recognize_text.translate.screen","com.spaceship.screen.textcopy","com.newmg.yurao.pro","com.tap_to_translate.snap_translate","com.gaminik.i18n","com.niven.translator","com.immersivetranslate.browser","com.google.android.apps.translate","com.microsoft.translator","com.niven.game","com.deepl.mobiletranslator","com.zaz.translate","com.naver.labs.translator","com.voice_camera_free_translate","at.nk.tools.iTranslate","com.screen.translate.google","com.niven.apptranslate","com.eecorp.linguago","com.tangdi.baiguotong","com.datacomprojects.scanandtranslate"]},{"rank":{"index":2,"lang":"zh-tw","country":"tw","chineseCountryName":"台湾","pkg":"com.spaceship.screen.textcopy"},"orders":["com.recognize_text.translate.screen","com.spaceship.screen.textcopy","com.tap_to_translate.snap_translate","com.newmg.yurao.pro","com.gaminik.i18n","com.niven.translator","com.immersivetranslate.browser","com.microsoft.translator","com.google.android.apps.translate","com.niven.game","com.naver.labs.translator","com.voice_camera_free_translate","com.deepl.mobiletranslator","com.screen.translate.google","com.niven.apptranslate","com.zaz.translate","at.nk.tools.iTranslate","com.eecorp.linguago","com.datacomprojects.scanandtranslate","com.tangdi.baiguotong"]},{"rank":{"index":2,"lang":"en","country":"in","chineseCountryName":"印度","pkg":"com.spaceship.screen.textcopy"},"orders":["com.recognize_text.translate.screen","com.spaceship.screen.textcopy","com.newmg.yurao.pro","com.google.android.apps.translate"]},{"rank":{"index":2,"lang":"id","country":"id","chineseCountryName":"印尼","pkg":"com.spaceship.screen.textcopy"},"orders":["com.recognize_text.translate.screen","com.spaceship.screen.textcopy","com.tap_to_translate.snap_translate","com.niven.translator","com.gaminik.i18n","com.newmg.yurao.pro","com.google.android.apps.translate","com.niven.game","com.deepl.mobiletranslator","com.immersivetranslate.browser","com.microsoft.translator","at.nk.tools.iTranslate","com.naver.labs.translator","com.screen.translate.google","com.niven.apptranslate","com.zaz.translate","com.eecorp.linguago","com.datacomprojects.scanandtranslate","com.niven.comic","com.aldoo.pdftranslatorpro"]},{"rank":{"index":1,"lang":"es-mx","country":"mx","chineseCountryName":"墨西哥","pkg":"com.spaceship.screen.textcopy"},"orders":["com.spaceship.screen.textcopy","com.recognize_text.translate.screen","com.niven.translator","com.tap_to_translate.snap_translate","com.newmg.yurao.pro","com.gaminik.i18n","com.google.android.apps.translate","com.immersivetranslate.browser","com.niven.game","com.microsoft.translator","com.deepl.mobiletranslator","com.niven.apptranslate","com.screen.translate.google","com.zaz.translate","at.nk.tools.iTranslate","com.eecorp.linguago","com.naver.labs.translator","com.google.ar.lens","ru.yandex.translate","com.android.chrome"]}]