[{"rank":{"index":2,"lang":"en-us","country":"us","chineseCountryName":"美国","pkg":"com.spaceship.screen.textcopy"},"orders":["com.recognize_text.translate.screen","com.spaceship.screen.textcopy","com.gaminik.i18n","com.tap_to_translate.snap_translate","com.google.android.apps.translate","com.niven.translator","com.microsoft.translator","com.aurasense.screentranslate","com.newmg.yurao.pro","com.deepl.mobiletranslator","com.zaz.translate","com.hive.lingonative","at.nk.tools.iTranslate","com.naver.labs.translator","ru.yandex.translate","link.zhidou.btranslator"]},{"rank":{"index":3,"lang":"ru","country":"ru","chineseCountryName":"俄罗斯","pkg":"com.spaceship.screen.textcopy"},"orders":["com.recognize_text.translate.screen","com.niven.translator","com.spaceship.screen.textcopy","com.tap_to_translate.snap_translate","com.gaminik.i18n","com.newmg.yurao.pro","com.microsoft.translator","com.google.android.apps.translate","com.yoyodev.screentranslate","com.screen.translate.google","com.hive.lingonative","com.zaz.translate","ru.yandex.translate","link.zhidou.btranslator","com.naver.labs.translator","at.nk.tools.iTranslate"]},{"rank":{"index":2,"lang":"pt-br","country":"br","chineseCountryName":"巴西","pkg":"com.spaceship.screen.textcopy"},"orders":["com.recognize_text.translate.screen","com.spaceship.screen.textcopy","com.tap_to_translate.snap_translate","com.gaminik.i18n","com.niven.translator","com.newmg.yurao.pro","com.google.android.apps.translate","com.microsoft.translator","com.deepl.mobiletranslator","com.zaz.translate","com.hive.lingonative","at.nk.tools.iTranslate","link.zhidou.btranslator","com.screen.translate.google","translate.speech.text.translation.voicetranslator","ru.yandex.translate","com.naver.labs.translator","com.niven.game","com.galaxy.airviewdictionary","photo.translate.camera.translator"]},{"rank":{"index":2,"lang":"fr","country":"fr","chineseCountryName":"法国","pkg":"com.spaceship.screen.textcopy"},"orders":["com.recognize_text.translate.screen","com.spaceship.screen.textcopy","com.tap_to_translate.snap_translate","com.gaminik.i18n","com.niven.translator","com.newmg.yurao.pro","com.google.android.apps.translate","com.zaz.translate","com.yoyodev.screentranslate","com.hive.lingonative","com.aurasense.screentranslate","com.deepl.mobiletranslator","com.screen.translate.google","link.zhidou.btranslator","com.microsoft.translator","live.screentranslate.realtime","translate.speech.text.translation.voicetranslator","photo.translate.camera.translator","com.naver.labs.translator","at.nk.tools.iTranslate"]},{"rank":{"index":2,"lang":"en-gb","country":"gb","chineseCountryName":"英国","pkg":"com.spaceship.screen.textcopy"},"orders":["com.recognize_text.translate.screen","com.spaceship.screen.textcopy","com.tap_to_translate.snap_translate","com.niven.translator","com.gaminik.i18n","com.google.android.apps.translate","com.microsoft.translator","com.aurasense.screentranslate","com.deepl.mobiletranslator","com.newmg.yurao.pro","com.zaz.translate","at.nk.tools.iTranslate","link.zhidou.btranslator","com.hive.lingonative","translate.speech.text.translation.voicetranslator","com.yoyodev.screentranslate","com.naver.labs.translator","com.screen.translate.google","ru.yandex.translate","photo.translate.camera.translator"]},{"rank":{"index":2,"lang":"de","country":"de","chineseCountryName":"德国","pkg":"com.spaceship.screen.textcopy"},"orders":["com.recognize_text.translate.screen","com.spaceship.screen.textcopy","com.tap_to_translate.snap_translate","com.niven.translator","com.gaminik.i18n","com.newmg.yurao.pro","com.hive.lingonative","com.yoyodev.screentranslate","com.google.android.apps.translate","com.zaz.translate","com.screen.translate.google","link.zhidou.btranslator","com.aurasense.screentranslate","live.screentranslate.realtime","com.deepl.mobiletranslator","translate.speech.text.translation.voicetranslator","com.microsoft.translator","com.galaxy.airviewdictionary","at.nk.tools.iTranslate","com.niven.apptranslate"]},{"rank":{"index":3,"lang":"it","country":"it","chineseCountryName":"意大利","pkg":"com.spaceship.screen.textcopy"},"orders":["com.recognize_text.translate.screen","com.tap_to_translate.snap_translate","com.spaceship.screen.textcopy","com.gaminik.i18n","com.niven.translator","com.newmg.yurao.pro","com.google.android.apps.translate","com.hive.lingonative","com.yoyodev.screentranslate","link.zhidou.btranslator","com.aurasense.screentranslate","com.zaz.translate","com.screen.translate.google","com.microsoft.translator","translate.speech.text.translation.voicetranslator","com.deepl.mobiletranslator","live.screentranslate.realtime","at.nk.tools.iTranslate","com.galaxy.airviewdictionary","com.paninitranslate"]},{"rank":{"index":3,"lang":"ja","country":"jp","chineseCountryName":"日本","pkg":"com.spaceship.screen.textcopy"},"orders":["com.recognize_text.translate.screen","com.tap_to_translate.snap_translate","com.spaceship.screen.textcopy","com.gaminik.i18n","com.niven.translator","com.newmg.yurao.pro","com.hive.lingonative","com.google.android.apps.translate","com.aurasense.screentranslate","com.naver.labs.translator","com.screen.translate.google","live.screentranslate.realtime","com.deepl.mobiletranslator","com.zaz.translate","com.microsoft.translator"]},{"rank":{"index":2,"lang":"ko","country":"kr","chineseCountryName":"韩国","pkg":"com.spaceship.screen.textcopy"},"orders":["com.recognize_text.translate.screen","com.spaceship.screen.textcopy","com.gaminik.i18n","com.tap_to_translate.snap_translate","com.niven.translator","com.aurasense.screentranslate","com.newmg.yurao.pro","com.google.android.apps.translate","com.hive.lingonative","com.naver.labs.translator","com.zaz.translate","link.zhidou.btranslator","com.microsoft.translator","com.deepl.mobiletranslator"]},{"rank":{"index":2,"lang":"zh-hk","country":"hk","chineseCountryName":"香港","pkg":"com.spaceship.screen.textcopy"},"orders":["com.recognize_text.translate.screen","com.spaceship.screen.textcopy","com.tap_to_translate.snap_translate","com.newmg.yurao.pro","com.gaminik.i18n","com.niven.translator","com.aurasense.screentranslate","com.google.android.apps.translate","com.microsoft.translator","com.naver.labs.translator","com.deepl.mobiletranslator","com.zaz.translate","com.hive.lingonative"]},{"rank":{"index":2,"lang":"zh-tw","country":"tw","chineseCountryName":"台湾","pkg":"com.spaceship.screen.textcopy"},"orders":["com.recognize_text.translate.screen","com.spaceship.screen.textcopy","com.newmg.yurao.pro","com.tap_to_translate.snap_translate","com.gaminik.i18n","com.niven.translator","com.google.android.apps.translate","com.aurasense.screentranslate","com.microsoft.translator","com.naver.labs.translator","com.deepl.mobiletranslator","com.zaz.translate","com.hive.lingonative","at.nk.tools.iTranslate","com.screen.translate.google","link.zhidou.btranslator","translate.speech.text.translation.voicetranslator","photo.translate.camera.translator","ru.yandex.translate","com.galaxy.airviewdictionary"]},{"rank":{"index":0,"lang":"en","country":"in","chineseCountryName":"印度","pkg":"com.spaceship.screen.textcopy"},"orders":["com.recognize_text.translate.screen","com.tap_to_translate.snap_translate","com.google.android.apps.translate","com.zaz.translate","at.nk.tools.iTranslate","ru.yandex.translate","link.zhidou.btranslator","photo.translate.camera.translator","co.appnation.aivoicetranslator","com.newmg.yurao.pro","com.niven.translator","com.aurasense.screentranslate","translate.speech.text.translation.voicetranslator","screen.translator.voice.translate","com.galaxy.airviewdictionary","com.naver.labs.translator","com.softissimo.reverso.context","com.screen.translate.google","com.translate.talkingtranslator","com.hive.lingonative"]},{"rank":{"index":2,"lang":"id","country":"id","chineseCountryName":"印尼","pkg":"com.spaceship.screen.textcopy"},"orders":["com.recognize_text.translate.screen","com.spaceship.screen.textcopy","com.tap_to_translate.snap_translate","com.niven.translator","com.gaminik.i18n","com.newmg.yurao.pro","com.aurasense.screentranslate","com.google.android.apps.translate","com.deepl.mobiletranslator","com.zaz.translate","com.hive.lingonative","com.naver.labs.translator","com.microsoft.translator","com.yoyodev.screentranslate","com.screen.translate.google","translate.speech.text.translation.voicetranslator","link.zhidou.btranslator","at.nk.tools.iTranslate","ru.yandex.translate","com.niven.game"]},{"rank":{"index":2,"lang":"es-mx","country":"mx","chineseCountryName":"墨西哥","pkg":"com.spaceship.screen.textcopy"},"orders":["com.recognize_text.translate.screen","com.spaceship.screen.textcopy","com.tap_to_translate.snap_translate","com.gaminik.i18n","com.niven.translator","com.newmg.yurao.pro","com.hive.lingonative","com.microsoft.translator","com.google.android.apps.translate","com.zaz.translate","com.yoyodev.screentranslate","com.aurasense.screentranslate","com.deepl.mobiletranslator","com.screen.translate.google","link.zhidou.btranslator"]}]