[{"rank":{"index":2,"lang":"en-us","country":"us","chineseCountryName":"美国","pkg":"com.spaceship.screen.textcopy"},"orders":["com.recognize_text.translate.screen","com.spaceship.screen.textcopy","com.niven.translator","com.tap_to_translate.snap_translate","com.microsoft.translator","com.google.android.apps.translate","com.gaminik.i18n","com.niven.game","com.newmg.yurao.pro","com.niven.comic","com.zaz.translate","com.translate.talkingtranslator","com.deepl.mobiletranslator","com.translate.language.translator.voice.translation","com.tangdi.baiguotong","com.naver.labs.translator","com.screen.translate.google","com.language.translate.free.translator.voice.translation","com.royalappcode.translation.voice.language.chat.interpreter","com.audacityittranslator.translatetexttranslator"]},{"rank":{"index":3,"lang":"ru","country":"ru","chineseCountryName":"俄罗斯","pkg":"com.spaceship.screen.textcopy"},"orders":["com.recognize_text.translate.screen","com.niven.translator","com.spaceship.screen.textcopy","com.tap_to_translate.snap_translate","com.microsoft.translator","com.niven.game","com.gaminik.i18n","com.google.android.apps.translate","com.niven.comic","com.screen.translate.google","ru.yandex.translate","com.deepl.mobiletranslator","com.datacomprojects.scanandtranslate","com.zaz.translate","com.eecorp.linguago","com.languagetranslator.translatorapp.smartscanner.dictionary.translation.voicetranslator","com.tangdi.baiguotong","com.newmg.yurao.pro","com.mg.subtitle.google","com.translate.talkingtranslator"]},{"rank":{"index":2,"lang":"pt-br","country":"br","chineseCountryName":"巴西","pkg":"com.spaceship.screen.textcopy"},"orders":["com.recognize_text.translate.screen","com.spaceship.screen.textcopy","com.tap_to_translate.snap_translate","com.gaminik.i18n","com.niven.game","com.niven.translator","com.niven.comic","com.microsoft.translator","com.newmg.yurao.pro","com.zaz.translate","com.google.android.apps.translate","com.deepl.mobiletranslator","com.tangdi.baiguotong","com.paninitranslate","com.screen.translate.google","com.translate.talkingtranslator","com.voice_camera_free_translate","com.translate.language.translator.voice.translation","com.aldoo.pdftranslatorpro","camtranslator.voice.text.image.translate"]},{"rank":{"index":2,"lang":"fr","country":"fr","chineseCountryName":"法国","pkg":"com.spaceship.screen.textcopy"},"orders":["com.recognize_text.translate.screen","com.spaceship.screen.textcopy","com.tap_to_translate.snap_translate","com.niven.translator","com.gaminik.i18n","com.niven.game","com.microsoft.translator","com.newmg.yurao.pro","com.niven.comic","com.zaz.translate","com.google.android.apps.translate","com.translate.talkingtranslator","com.deepl.mobiletranslator","com.tangdi.baiguotong","com.language.translate.free.translator.voice.translation","com.translate.language.translator.voice.translation","camtranslator.voice.text.image.translate","com.screen.translate.google","com.datacomprojects.scanandtranslate","com.aldoo.pdftranslatorpro"]},{"rank":{"index":2,"lang":"en-gb","country":"gb","chineseCountryName":"英国","pkg":"com.spaceship.screen.textcopy"},"orders":["com.recognize_text.translate.screen","com.spaceship.screen.textcopy","com.tap_to_translate.snap_translate","com.gaminik.i18n","com.microsoft.translator","com.niven.translator","com.google.android.apps.translate","com.niven.game","com.zaz.translate","com.newmg.yurao.pro","com.niven.comic","com.deepl.mobiletranslator","com.tangdi.baiguotong","com.translate.talkingtranslator","com.translate.language.translator.voice.translation","com.language.translate.free.translator.voice.translation","com.screen.translate.google","com.daytranslations.translate","com.softissimo.reverso.context","translate.all.language.translator.cameratranslator"]},{"rank":{"index":2,"lang":"de","country":"de","chineseCountryName":"德国","pkg":"com.spaceship.screen.textcopy"},"orders":["com.recognize_text.translate.screen","com.spaceship.screen.textcopy","com.tap_to_translate.snap_translate","com.microsoft.translator","com.niven.translator","com.gaminik.i18n","com.niven.game","com.deepl.mobiletranslator","com.google.android.apps.translate","com.niven.comic","com.newmg.yurao.pro","com.translate.talkingtranslator","com.zaz.translate","com.tangdi.baiguotong","com.screen.translate.google","com.translate.language.translator.voice.translation","com.language.translate.free.translator.voice.translation","com.royalappcode.translation.voice.language.chat.interpreter","com.audacityittranslator.translatetexttranslator","com.image.camera.translate.ai"]},{"rank":{"index":2,"lang":"it","country":"it","chineseCountryName":"意大利","pkg":"com.spaceship.screen.textcopy"},"orders":["com.recognize_text.translate.screen","com.spaceship.screen.textcopy","com.tap_to_translate.snap_translate","com.niven.translator","com.gaminik.i18n","com.niven.game","com.microsoft.translator","com.niven.comic","com.newmg.yurao.pro","com.zaz.translate","com.deepl.mobiletranslator","com.google.android.apps.translate","com.tangdi.baiguotong","com.galaxy.airviewdictionary","com.translate.talkingtranslator","com.aldoo.pdftranslatorpro","com.screen.translate.google","com.softissimo.reverso.context","com.datacomprojects.scanandtranslate","com.language.translate.free.translator.voice.translation"]},{"rank":{"index":2,"lang":"ja","country":"jp","chineseCountryName":"日本","pkg":"com.spaceship.screen.textcopy"},"orders":["com.recognize_text.translate.screen","com.spaceship.screen.textcopy","com.tap_to_translate.snap_translate","com.gaminik.i18n","com.niven.translator","com.niven.game","com.newmg.yurao.pro","com.niven.comic","com.microsoft.translator","com.google.android.apps.translate","com.deepl.mobiletranslator","com.screen.translate.google","com.naver.labs.translator","com.zaz.translate","com.facebook.orca","com.galaxy.airviewdictionary","com.translate.talkingtranslator","com.google.ar.lens","com.android.chrome","com.discord"]},{"rank":{"index":2,"lang":"ko","country":"kr","chineseCountryName":"韩国","pkg":"com.spaceship.screen.textcopy"},"orders":["com.recognize_text.translate.screen","com.spaceship.screen.textcopy","com.tap_to_translate.snap_translate","com.microsoft.translator","com.niven.translator","com.gaminik.i18n","com.google.android.apps.translate","com.niven.game","com.naver.labs.translator","com.niven.comic","com.newmg.yurao.pro","com.deepl.mobiletranslator","com.zaz.translate","com.galaxy.airviewdictionary","com.translate.talkingtranslator","com.screen.translate.google","com.translate.language.translator.voice.translation","com.paninitranslate","com.flitto.app","com.springwalk.lingotube"]},{"rank":{"index":2,"lang":"zh-hk","country":"hk","chineseCountryName":"香港","pkg":"com.spaceship.screen.textcopy"},"orders":["com.recognize_text.translate.screen","com.spaceship.screen.textcopy","com.gaminik.i18n","com.microsoft.translator","com.niven.translator","com.google.android.apps.translate","com.tap_to_translate.snap_translate","com.niven.game","com.niven.comic","com.tangdi.baiguotong","com.newmg.yurao.pro","com.galaxy.airviewdictionary","com.zaz.translate","com.deepl.mobiletranslator","com.translate.talkingtranslator","com.naver.labs.translator","com.screen.translate.google","com.translate.language.translator.voice.translation","com.language.translate.free.translator.voice.translation","com.datacomprojects.scanandtranslate"]},{"rank":{"index":2,"lang":"zh-tw","country":"tw","chineseCountryName":"台湾","pkg":"com.spaceship.screen.textcopy"},"orders":["com.recognize_text.translate.screen","com.spaceship.screen.textcopy","com.tap_to_translate.snap_translate","com.microsoft.translator","com.niven.translator","com.gaminik.i18n","com.google.android.apps.translate","com.niven.game","com.niven.comic","com.newmg.yurao.pro","com.tangdi.baiguotong","com.translate.talkingtranslator","com.deepl.mobiletranslator","com.naver.labs.translator","com.galaxy.airviewdictionary","com.voice_camera_free_translate","com.zaz.translate","com.translate.language.translator.voice.translation","com.screen.translate.google","com.aldoo.pdftranslatorpro"]},{"rank":{"index":2,"lang":"en","country":"in","chineseCountryName":"印度","pkg":"com.spaceship.screen.textcopy"},"orders":["com.recognize_text.translate.screen","com.spaceship.screen.textcopy","com.google.android.apps.translate","com.tap_to_translate.snap_translate","com.zaz.translate","com.gaminik.i18n","com.niven.game","com.deepl.mobiletranslator","com.translate.talkingtranslator","com.softissimo.reverso.context","com.sayhi.android.sayhitranslate","com.naver.labs.translator","ru.yandex.translate","at.nk.tools.iTranslate","com.niven.translator","com.newmg.yurao.pro","com.galaxy.airviewdictionary","screen.translator.voice.translate","com.niven.comic","com.google.ar.lens"]},{"rank":{"index":2,"lang":"id","country":"id","chineseCountryName":"印尼","pkg":"com.spaceship.screen.textcopy"},"orders":["com.recognize_text.translate.screen","com.spaceship.screen.textcopy","com.tap_to_translate.snap_translate","com.niven.translator","com.gaminik.i18n","com.niven.game","com.niven.comic","com.newmg.yurao.pro","com.microsoft.translator","com.youdao.hindict","com.deepl.mobiletranslator","com.paninitranslate","com.google.android.apps.translate","com.zaz.translate"]},{"rank":{"index":2,"lang":"es-mx","country":"mx","chineseCountryName":"墨西哥","pkg":"com.spaceship.screen.textcopy"},"orders":["com.recognize_text.translate.screen","com.spaceship.screen.textcopy","com.gaminik.i18n","com.niven.game","com.niven.translator","com.tap_to_translate.snap_translate","com.microsoft.translator","com.niven.comic","com.newmg.yurao.pro","com.google.android.apps.translate","com.aldoo.pdftranslatorpro","com.deepl.mobiletranslator","com.zaz.translate"]}]