[{"rank":{"index":2,"lang":"en-us","country":"us","chineseCountryName":"美国","pkg":"com.spaceship.screen.textcopy"},"orders":["com.recognize_text.translate.screen","com.spaceship.screen.textcopy","com.tap_to_translate.snap_translate","com.google.android.apps.translate","com.screen.translate.google","com.microsoft.translator","com.newmg.yurao.pro","com.niven.translator","com.gaminik.i18n","com.deepl.mobiletranslator","ru.yandex.translate","at.nk.tools.iTranslate","com.google.ar.lens","com.zaz.translate","com.niven.game","com.naver.labs.translator","com.translate.talkingtranslator","com.mobisystems.msdict.embedded.wireless.collins.ee","com.eecorp.linguago","com.niven.apptranslate"]},{"rank":{"index":0,"lang":"ru","country":"ru","chineseCountryName":"俄罗斯","pkg":"com.spaceship.screen.textcopy"},"orders":["com.recognize_text.translate.screen","com.niven.translator","com.tap_to_translate.snap_translate","com.newmg.yurao.pro","ru.yandex.translate","com.gaminik.i18n","com.google.android.apps.translate","com.niven.game","com.screen.translate.google","com.microsoft.translator","com.deepl.mobiletranslator","com.google.ar.lens","com.niven.apptranslate","com.eecorp.linguago","live.screentranslate.realtime","at.nk.tools.iTranslate","com.immersivetranslate.browser","com.promt.pmtappfree","com.android.chrome","com.naver.labs.translator"]},{"rank":{"index":2,"lang":"pt-br","country":"br","chineseCountryName":"巴西","pkg":"com.spaceship.screen.textcopy"},"orders":["com.recognize_text.translate.screen","com.spaceship.screen.textcopy","com.tap_to_translate.snap_translate","com.newmg.yurao.pro","com.gaminik.i18n","com.google.android.apps.translate","com.microsoft.translator","at.nk.tools.iTranslate","com.deepl.mobiletranslator","ru.yandex.translate","com.zaz.translate","com.google.ar.lens","com.naver.labs.translator","com.translate.talkingtranslator","com.softissimo.reverso.context","com.niven.translator","com.screen.translate.google","com.newtranslate.google","com.niven.game","com.niven.apptranslate"]},{"rank":{"index":3,"lang":"fr","country":"fr","chineseCountryName":"法国","pkg":"com.spaceship.screen.textcopy"},"orders":["com.recognize_text.translate.screen","com.tap_to_translate.snap_translate","com.spaceship.screen.textcopy","com.screen.translate.google","com.niven.translator","com.newmg.yurao.pro","com.gaminik.i18n","com.google.android.apps.translate","com.microsoft.translator","com.deepl.mobiletranslator","ru.yandex.translate","com.niven.apptranslate","com.google.ar.lens","com.niven.game","com.eecorp.linguago","at.nk.tools.iTranslate","com.naver.labs.translator","com.translate.talkingtranslator","com.datacomprojects.scanandtranslate","com.immersivetranslate.browser"]},{"rank":{"index":2,"lang":"en-gb","country":"gb","chineseCountryName":"英国","pkg":"com.spaceship.screen.textcopy"},"orders":["com.recognize_text.translate.screen","com.spaceship.screen.textcopy","com.tap_to_translate.snap_translate","com.google.android.apps.translate","com.screen.translate.google","com.newmg.yurao.pro","com.microsoft.translator","com.gaminik.i18n","com.niven.translator","com.deepl.mobiletranslator","ru.yandex.translate","com.google.ar.lens","com.zaz.translate","at.nk.tools.iTranslate","com.youdao.hindict","com.naver.labs.translator","com.niven.game","com.mobisystems.msdict.embedded.wireless.collins.ee","com.eecorp.linguago","com.translate.talkingtranslator"]},{"rank":{"index":2,"lang":"de","country":"de","chineseCountryName":"德国","pkg":"com.spaceship.screen.textcopy"},"orders":["com.recognize_text.translate.screen","com.spaceship.screen.textcopy","com.tap_to_translate.snap_translate","com.screen.translate.google","com.niven.translator","com.google.android.apps.translate","com.newmg.yurao.pro","com.gaminik.i18n","com.microsoft.translator","com.deepl.mobiletranslator","ru.yandex.translate","com.niven.game","com.google.ar.lens","com.niven.apptranslate","com.eecorp.linguago","at.nk.tools.iTranslate","com.google.android.apps.tachyon","com.android.chrome","com.facebook.katana","com.facebook.orca"]},{"rank":{"index":2,"lang":"it","country":"it","chineseCountryName":"意大利","pkg":"com.spaceship.screen.textcopy"},"orders":["com.recognize_text.translate.screen","com.spaceship.screen.textcopy","com.tap_to_translate.snap_translate","com.screen.translate.google","com.gaminik.i18n","com.niven.translator","com.newmg.yurao.pro","com.google.android.apps.translate","com.microsoft.translator","com.niven.game","com.google.ar.lens","com.deepl.mobiletranslator","ru.yandex.translate","com.niven.apptranslate","at.nk.tools.iTranslate","com.eecorp.linguago","com.datacomprojects.scanandtranslate","com.google.android.apps.tachyon","com.kursx.smartbook","com.facebook.katana"]},{"rank":{"index":2,"lang":"ja","country":"jp","chineseCountryName":"日本","pkg":"com.spaceship.screen.textcopy"},"orders":["com.recognize_text.translate.screen","com.spaceship.screen.textcopy","com.tap_to_translate.snap_translate","com.gaminik.i18n","com.newmg.yurao.pro","com.screen.translate.google","com.niven.translator","com.google.android.apps.translate","com.microsoft.translator","com.google.ar.lens","com.deepl.mobiletranslator","com.naver.labs.translator","com.niven.game","ru.yandex.translate","at.nk.tools.iTranslate","com.eecorp.linguago","com.niven.apptranslate","com.facebook.katana","com.android.chrome","com.instagram.android"]},{"rank":{"index":2,"lang":"ko","country":"kr","chineseCountryName":"韩国","pkg":"com.spaceship.screen.textcopy"},"orders":["com.recognize_text.translate.screen","com.spaceship.screen.textcopy","com.tap_to_translate.snap_translate","com.newmg.yurao.pro","com.screen.translate.google","com.niven.translator","com.gaminik.i18n","com.google.android.apps.translate","com.naver.labs.translator","com.microsoft.translator","com.niven.game","com.eecorp.linguago","com.niven.apptranslate","com.google.ar.lens","com.deepl.mobiletranslator","com.facebook.katana","com.instagram.android","com.facebook.orca","com.android.chrome","org.telegram.messenger"]},{"rank":{"index":2,"lang":"zh-hk","country":"hk","chineseCountryName":"香港","pkg":"com.spaceship.screen.textcopy"},"orders":["com.recognize_text.translate.screen","com.spaceship.screen.textcopy","com.screen.translate.google","com.newmg.yurao.pro","com.gaminik.i18n","com.niven.translator","com.tap_to_translate.snap_translate","com.google.android.apps.translate","com.microsoft.translator","com.google.ar.lens","com.naver.labs.translator","com.newtranslate.google","com.niven.game","ru.yandex.translate","com.niven.apptranslate","com.deepl.mobiletranslator","com.android.chrome","com.google.android.apps.maps","com.facebook.katana","com.eecorp.linguago"]},{"rank":{"index":2,"lang":"zh-tw","country":"tw","chineseCountryName":"台湾","pkg":"com.spaceship.screen.textcopy"},"orders":["com.recognize_text.translate.screen","com.spaceship.screen.textcopy","com.screen.translate.google","com.newmg.yurao.pro","com.gaminik.i18n","com.niven.translator","com.tap_to_translate.snap_translate","com.google.android.apps.translate","com.microsoft.translator","com.naver.labs.translator","com.google.ar.lens","com.newtranslate.google","com.niven.game","com.niven.apptranslate","ru.yandex.translate","com.eecorp.linguago","com.facebook.katana","com.deepl.mobiletranslator","com.instagram.android","com.facebook.orca"]},{"rank":{"index":2,"lang":"en","country":"in","chineseCountryName":"印度","pkg":"com.spaceship.screen.textcopy"},"orders":["com.recognize_text.translate.screen","com.spaceship.screen.textcopy","com.google.android.apps.translate","com.tap_to_translate.snap_translate","com.newmg.yurao.pro","com.zaz.translate","com.gaminik.i18n","com.microsoft.translator","at.nk.tools.iTranslate","com.deepl.mobiletranslator","ru.yandex.translate","com.google.ar.lens","com.translate.talkingtranslator","com.naver.labs.translator","com.softissimo.reverso.context","com.niven.translator","com.screen.translate.google","screen.translator.voice.translate","com.newtranslate.google","com.niven.apptranslate"]},{"rank":{"index":2,"lang":"id","country":"id","chineseCountryName":"印尼","pkg":"com.spaceship.screen.textcopy"},"orders":["com.recognize_text.translate.screen","com.spaceship.screen.textcopy","com.tap_to_translate.snap_translate","com.newmg.yurao.pro","com.gaminik.i18n","com.niven.translator","com.screen.translate.google","com.niven.game","com.google.android.apps.translate","com.deepl.mobiletranslator"]},{"rank":{"index":2,"lang":"es-mx","country":"mx","chineseCountryName":"墨西哥","pkg":"com.spaceship.screen.textcopy"},"orders":["com.recognize_text.translate.screen","com.spaceship.screen.textcopy","com.tap_to_translate.snap_translate","com.newmg.yurao.pro","com.google.android.apps.translate","com.gaminik.i18n","com.microsoft.translator","at.nk.tools.iTranslate","com.deepl.mobiletranslator","ru.yandex.translate","com.zaz.translate","com.google.ar.lens","com.naver.labs.translator","com.translate.talkingtranslator","com.softissimo.reverso.context","com.ticktalk.translatevoice","com.niven.translator","com.screen.translate.google","com.newtranslate.google","com.youdao.hindict"]}]