[{"rank":{"index":2,"lang":"en-us","country":"us","chineseCountryName":"美国","pkg":"com.spaceship.screen.textcopy"},"orders":["com.recognize_text.translate.screen","com.spaceship.screen.textcopy","com.google.android.apps.translate","com.niven.translator","com.tap_to_translate.snap_translate","com.screen.translate.google","com.gaminik.i18n","com.newmg.yurao.pro","com.microsoft.translator","com.deepl.mobiletranslator","com.fapp.translate.language.translator.fasttranslation","com.immersivetranslate.browser","com.niven.game","com.niven.apptranslate","photo.translate.camera.translator","com.naver.labs.translator","at.nk.tools.iTranslate","com.zaz.translate","com.aldoo.pdftranslatorpro","com.translate.talkingtranslator"]},{"rank":{"index":5,"lang":"ru","country":"ru","chineseCountryName":"俄罗斯","pkg":"com.spaceship.screen.textcopy"},"orders":["com.recognize_text.translate.screen","com.niven.translator","com.tap_to_translate.snap_translate","com.gaminik.i18n","com.spaceship.screen.textcopy","com.screen.translate.google","com.newmg.yurao.pro","ru.yandex.translate","com.google.android.apps.translate","com.niven.game","com.deepl.mobiletranslator","com.immersivetranslate.browser"]},{"rank":{"index":2,"lang":"pt-br","country":"br","chineseCountryName":"巴西","pkg":"com.spaceship.screen.textcopy"},"orders":["com.recognize_text.translate.screen","com.spaceship.screen.textcopy","com.tap_to_translate.snap_translate","com.niven.translator","com.gaminik.i18n","com.screen.translate.google","com.newmg.yurao.pro","com.niven.game","com.google.android.apps.translate","com.fapp.translate.language.translator.fasttranslation","com.niven.apptranslate","com.voice_camera_free_translate","com.immersivetranslate.browser","com.deepl.mobiletranslator","com.eecorp.linguago","com.microsoft.translator","com.zaz.translate","live.screentranslate.realtime","com.openai.chatgpt","com.google.android.apps.chromecast.app"]},{"rank":{"index":2,"lang":"fr","country":"fr","chineseCountryName":"法国","pkg":"com.spaceship.screen.textcopy"},"orders":["com.recognize_text.translate.screen","com.spaceship.screen.textcopy","com.tap_to_translate.snap_translate","com.niven.translator","com.screen.translate.google","com.gaminik.i18n","com.newmg.yurao.pro","com.google.android.apps.translate","com.fapp.translate.language.translator.fasttranslation","com.niven.game","com.immersivetranslate.browser","com.deepl.mobiletranslator","com.voice_camera_free_translate","com.niven.apptranslate","com.microsoft.translator","live.screentranslate.realtime","com.zaz.translate","com.openai.chatgpt","com.eecorp.linguago","com.naver.labs.translator"]},{"rank":{"index":2,"lang":"en-gb","country":"gb","chineseCountryName":"英国","pkg":"com.spaceship.screen.textcopy"},"orders":["com.recognize_text.translate.screen","com.spaceship.screen.textcopy","com.niven.translator","com.screen.translate.google","com.google.android.apps.translate","com.gaminik.i18n","com.tap_to_translate.snap_translate","com.newmg.yurao.pro","com.fapp.translate.language.translator.fasttranslation","com.microsoft.translator","com.niven.game","com.zaz.translate","com.immersivetranslate.browser","com.deepl.mobiletranslator","com.niven.apptranslate","photo.translate.camera.translator","com.inw.trulinco","com.naver.labs.translator","live.screentranslate.realtime","com.eecorp.linguago"]},{"rank":{"index":2,"lang":"de","country":"de","chineseCountryName":"德国","pkg":"com.spaceship.screen.textcopy"},"orders":["com.recognize_text.translate.screen","com.spaceship.screen.textcopy","com.tap_to_translate.snap_translate","com.niven.translator","com.screen.translate.google","com.gaminik.i18n","com.newmg.yurao.pro","com.google.android.apps.translate","com.fapp.translate.language.translator.fasttranslation","com.immersivetranslate.browser","com.deepl.mobiletranslator","com.niven.game","com.niven.apptranslate","com.microsoft.translator","com.eecorp.linguago","com.zaz.translate","live.screentranslate.realtime","com.voice_camera_free_translate","ru.yandex.translate","com.openai.chatgpt"]},{"rank":{"index":2,"lang":"it","country":"it","chineseCountryName":"意大利","pkg":"com.spaceship.screen.textcopy"},"orders":["com.recognize_text.translate.screen","com.spaceship.screen.textcopy","com.tap_to_translate.snap_translate","com.niven.translator","com.screen.translate.google","com.gaminik.i18n","com.newmg.yurao.pro","com.google.android.apps.translate","com.fapp.translate.language.translator.fasttranslation","com.immersivetranslate.browser","com.niven.game","com.deepl.mobiletranslator","com.microsoft.translator","com.niven.apptranslate","com.voice_camera_free_translate","com.zaz.translate","com.eecorp.linguago","photo.translate.camera.translator","link.zhidou.btranslator","live.screentranslate.realtime"]},{"rank":{"index":2,"lang":"ja","country":"jp","chineseCountryName":"日本","pkg":"com.spaceship.screen.textcopy"},"orders":["com.recognize_text.translate.screen","com.spaceship.screen.textcopy","com.tap_to_translate.snap_translate","com.niven.translator","com.screen.translate.google","com.gaminik.i18n","com.newmg.yurao.pro","com.google.android.apps.translate","com.immersivetranslate.browser","com.fapp.translate.language.translator.fasttranslation","com.deepl.mobiletranslator","com.naver.labs.translator"]},{"rank":{"index":2,"lang":"ko","country":"kr","chineseCountryName":"韩国","pkg":"com.spaceship.screen.textcopy"},"orders":["com.recognize_text.translate.screen","com.spaceship.screen.textcopy","com.tap_to_translate.snap_translate","com.niven.translator","com.gaminik.i18n","com.screen.translate.google","com.newmg.yurao.pro","com.google.android.apps.translate","com.fapp.translate.language.translator.fasttranslation","com.naver.labs.translator","com.niven.game","com.immersivetranslate.browser","com.voice_camera_free_translate","com.niven.apptranslate","com.microsoft.translator","com.deepl.mobiletranslator","com.zaz.translate","com.eecorp.linguago","com.openai.chatgpt","live.screentranslate.realtime"]},{"rank":{"index":2,"lang":"zh-hk","country":"hk","chineseCountryName":"香港","pkg":"com.spaceship.screen.textcopy"},"orders":["com.recognize_text.translate.screen","com.spaceship.screen.textcopy","com.screen.translate.google","com.niven.translator","com.gaminik.i18n","com.google.android.apps.translate","com.tap_to_translate.snap_translate","com.newmg.yurao.pro","com.fapp.translate.language.translator.fasttranslation","com.immersivetranslate.browser","com.niven.game","com.microsoft.translator","com.niven.apptranslate","com.zaz.translate","com.inw.trulinco","photo.translate.camera.translator","com.deepl.mobiletranslator","com.naver.labs.translator","com.eecorp.linguago","live.screentranslate.realtime"]},{"rank":{"index":2,"lang":"zh-tw","country":"tw","chineseCountryName":"台湾","pkg":"com.spaceship.screen.textcopy"},"orders":["com.recognize_text.translate.screen","com.spaceship.screen.textcopy","com.screen.translate.google","com.niven.translator","com.gaminik.i18n","com.tap_to_translate.snap_translate","com.newmg.yurao.pro","com.fapp.translate.language.translator.fasttranslation","com.google.android.apps.translate","com.immersivetranslate.browser","com.niven.apptranslate","com.microsoft.translator","com.deepl.mobiletranslator","com.zaz.translate","com.naver.labs.translator","com.niven.game","com.openai.chatgpt","com.android.chrome","com.instagram.barcelona","at.nk.tools.iTranslate"]},{"rank":{"index":2,"lang":"en","country":"in","chineseCountryName":"印度","pkg":"com.spaceship.screen.textcopy"},"orders":["com.recognize_text.translate.screen","com.spaceship.screen.textcopy","com.google.android.apps.translate","com.newmg.yurao.pro","com.zaz.translate"]},{"rank":{"index":3,"lang":"id","country":"id","chineseCountryName":"印尼","pkg":"com.spaceship.screen.textcopy"},"orders":["com.recognize_text.translate.screen","com.tap_to_translate.snap_translate","com.spaceship.screen.textcopy","com.niven.translator","com.screen.translate.google","com.gaminik.i18n","com.newmg.yurao.pro","com.niven.game","com.google.android.apps.translate","com.fapp.translate.language.translator.fasttranslation"]},{"rank":{"index":2,"lang":"es-mx","country":"mx","chineseCountryName":"墨西哥","pkg":"com.spaceship.screen.textcopy"},"orders":["com.recognize_text.translate.screen","com.spaceship.screen.textcopy","com.tap_to_translate.snap_translate","com.gaminik.i18n","com.newmg.yurao.pro","com.google.android.apps.translate","com.deepl.mobiletranslator","com.microsoft.translator","com.zaz.translate","at.nk.tools.iTranslate","ru.yandex.translate","com.voice_camera_free_translate","com.datacomprojects.scanandtranslate","com.naver.labs.translator","com.immersivetranslate.browser","com.google.ar.lens","link.zhidou.btranslator","photo.translate.camera.translator","com.aldoo.pdftranslatorpro","com.niven.translator"]}]