[{"rank":{"index":2,"lang":"en-us","country":"us","chineseCountryName":"美国","pkg":"com.spaceship.screen.textcopy"},"orders":["com.recognize_text.translate.screen","com.spaceship.screen.textcopy","com.galaxy.airviewdictionary","com.niven.translator","com.screen.translate.google","com.tap_to_translate.snap_translate","com.newmg.yurao.pro","com.eecorp.linguago","com.niven.apptranslate","com.gaminik.i18n","com.newtranslate.google","com.screen.translator.text.recognize","screen.translator.voice.translate","com.google.android.apps.translate","com.flabs.screen.translate","live.screentranslate.realtime","com.eecorp.taptranslator","com.microsoft.translator","com.translate.screen.translator.text.translation.onscreen","com.naver.labs.translator"]},{"rank":{"index":4,"lang":"ru","country":"ru","chineseCountryName":"俄罗斯","pkg":"com.spaceship.screen.textcopy"},"orders":["com.recognize_text.translate.screen","com.niven.translator","com.tap_to_translate.snap_translate","com.spaceship.screen.textcopy","com.screen.translate.google","com.galaxy.airviewdictionary","com.newmg.yurao.pro","com.gaminik.i18n","com.eecorp.linguago","com.niven.apptranslate","com.google.android.apps.translate","ru.yandex.translate","com.android.chrome","com.google.ar.lens","com.zaz.translate","com.naver.labs.translator","com.microsoft.translator","com.screen.translator.text.recognize","com.google.android.tts","com.niven.game"]},{"rank":{"index":4,"lang":"pt-br","country":"br","chineseCountryName":"巴西","pkg":"com.spaceship.screen.textcopy"},"orders":["com.recognize_text.translate.screen","com.tap_to_translate.snap_translate","com.niven.translator","com.spaceship.screen.textcopy","com.niven.apptranslate","com.eecorp.linguago","com.galaxy.airviewdictionary","com.newmg.yurao.pro","com.gaminik.i18n","com.screen.translate.google","com.newtranslate.google","com.flabs.screen.translate","com.niven.game","live.screentranslate.realtime","com.google.android.apps.translate","com.screen.translator.text.recognize","com.android.chrome","com.duolingo","com.deepl.mobiletranslator","com.google.android.apps.searchlite"]},{"rank":{"index":3,"lang":"fr","country":"fr","chineseCountryName":"法国","pkg":"com.spaceship.screen.textcopy"},"orders":["com.recognize_text.translate.screen","com.tap_to_translate.snap_translate","com.spaceship.screen.textcopy","com.eecorp.linguago","com.newmg.yurao.pro","com.niven.apptranslate","com.screen.translate.google","com.galaxy.airviewdictionary","live.screentranslate.realtime","screen.translator.voice.translate","com.niven.translator","com.screen.translator.text.recognize","com.google.android.apps.translate","com.gaminik.i18n","com.flabs.screen.translate","com.deepl.mobiletranslator","com.newtranslate.google","com.microsoft.translator","com.google.ar.lens","com.translate.screen.translator.text.translation.onscreen"]},{"rank":{"index":2,"lang":"en-gb","country":"gb","chineseCountryName":"英国","pkg":"com.spaceship.screen.textcopy"},"orders":["com.recognize_text.translate.screen","com.spaceship.screen.textcopy","com.galaxy.airviewdictionary","com.tap_to_translate.snap_translate","com.niven.translator","com.newtranslate.google","com.eecorp.linguago","com.newmg.yurao.pro","com.google.android.apps.translate","com.screen.translate.google","com.niven.apptranslate","com.gaminik.i18n","com.microsoft.translator","com.naver.labs.translator","com.google.ar.lens","com.deepl.mobiletranslator","com.google.android.inputmethod.latin","com.google.android.googlequicksearchbox","com.screen.translator.text.recognize","screen.translator.voice.translate"]},{"rank":{"index":3,"lang":"de","country":"de","chineseCountryName":"德国","pkg":"com.spaceship.screen.textcopy"},"orders":["com.recognize_text.translate.screen","com.newmg.yurao.pro","com.spaceship.screen.textcopy","com.eecorp.linguago","com.google.android.apps.translate","com.tap_to_translate.snap_translate","com.deepl.mobiletranslator","com.gaminik.i18n","com.galaxy.airviewdictionary","com.microsoft.translator","com.niven.apptranslate","com.google.ar.lens","com.screen.translate.google","com.niven.translator"]},{"rank":{"index":3,"lang":"it","country":"it","chineseCountryName":"意大利","pkg":"com.spaceship.screen.textcopy"},"orders":["com.recognize_text.translate.screen","com.newmg.yurao.pro","com.spaceship.screen.textcopy","com.tap_to_translate.snap_translate","com.eecorp.linguago","com.screen.translate.google","com.galaxy.airviewdictionary","com.niven.apptranslate","com.gaminik.i18n","com.niven.translator","com.google.android.apps.translate","com.flabs.screen.translate","screen.translator.voice.translate","com.eecorp.taptranslator","com.deepl.mobiletranslator","com.google.ar.lens","com.newtranslate.google","live.screentranslate.realtime","com.ticktalk.translatevoice","photo.translate.camera.translator"]},{"rank":{"index":3,"lang":"ja","country":"jp","chineseCountryName":"日本","pkg":"com.spaceship.screen.textcopy"},"orders":["com.recognize_text.translate.screen","com.tap_to_translate.snap_translate","com.spaceship.screen.textcopy","com.newmg.yurao.pro","com.screen.translate.google","com.gaminik.i18n","com.galaxy.airviewdictionary","com.niven.translator","com.eecorp.linguago","com.niven.apptranslate"]},{"rank":{"index":2,"lang":"ko","country":"kr","chineseCountryName":"韩国","pkg":"com.spaceship.screen.textcopy"},"orders":["com.recognize_text.translate.screen","com.spaceship.screen.textcopy","com.niven.translator","com.gaminik.i18n","com.tap_to_translate.snap_translate","com.newmg.yurao.pro","com.niven.apptranslate","com.galaxy.airviewdictionary","com.screen.translate.google","com.eecorp.linguago","com.newtranslate.google","screen.translator.voice.translate","com.screen.translator.text.recognize","com.naver.labs.translator","com.flabs.screen.translate","com.google.android.apps.translate","com.eecorp.taptranslator","com.deepl.mobiletranslator","live.screentranslate.realtime","com.google.ar.lens"]},{"rank":{"index":2,"lang":"zh-hk","country":"hk","chineseCountryName":"香港","pkg":"com.spaceship.screen.textcopy"},"orders":["com.recognize_text.translate.screen","com.spaceship.screen.textcopy","com.galaxy.airviewdictionary","com.tap_to_translate.snap_translate","com.newmg.yurao.pro","com.google.android.apps.translate","com.newtranslate.google","com.eecorp.linguago","com.naver.labs.translator","com.microsoft.translator","com.google.ar.lens","com.screen.translate.google","com.niven.apptranslate","com.gaminik.i18n","com.deepl.mobiletranslator","com.niven.translator","ru.yandex.translate","com.zaz.translate","photo.translate.camera.translator","at.nk.tools.iTranslate"]},{"rank":{"index":3,"lang":"zh-tw","country":"tw","chineseCountryName":"台湾","pkg":"com.spaceship.screen.textcopy"},"orders":["com.recognize_text.translate.screen","com.galaxy.airviewdictionary","com.spaceship.screen.textcopy","com.tap_to_translate.snap_translate","com.newmg.yurao.pro","com.newtranslate.google","com.niven.apptranslate","com.google.android.apps.translate","com.eecorp.linguago","com.gaminik.i18n","com.naver.labs.translator","com.android.chrome","com.microsoft.translator","com.niven.translator","com.deepl.mobiletranslator","com.screen.translate.google","com.google.ar.lens","photo.translate.camera.translator","com.google.android.tts","live.screentranslate.realtime"]},{"rank":{"index":0,"lang":"en","country":"in","chineseCountryName":"印度","pkg":"com.spaceship.screen.textcopy"},"orders":["com.recognize_text.translate.screen","com.tap_to_translate.snap_translate","com.galaxy.airviewdictionary","com.newtranslate.google","com.niven.translator","com.newmg.yurao.pro","com.eecorp.linguago","com.screen.translate.google","com.niven.apptranslate","com.gaminik.i18n","com.google.android.apps.translate","com.screen.translator.text.recognize","com.flabs.screen.translate","screen.translator.voice.translate","com.chat_translate.screen_translate","com.eecorp.taptranslator","com.yoyodev.screentranslate","live.screentranslate.realtime","com.translate.screen.translator.text.translation.onscreen","com.google.ar.lens"]},{"rank":{"index":2,"lang":"id","country":"id","chineseCountryName":"印尼","pkg":"com.spaceship.screen.textcopy"},"orders":["com.recognize_text.translate.screen","com.spaceship.screen.textcopy","com.tap_to_translate.snap_translate","com.niven.translator","com.newmg.yurao.pro","com.niven.apptranslate","com.eecorp.linguago","com.screen.translate.google","com.google.android.apps.translate","com.screen.translator.text.recognize","com.galaxy.airviewdictionary","com.gaminik.i18n","com.deepl.mobiletranslator","com.ticktalk.translatevoice"]},{"rank":{"index":2,"lang":"es-mx","country":"mx","chineseCountryName":"墨西哥","pkg":"com.spaceship.screen.textcopy"},"orders":["com.recognize_text.translate.screen","com.spaceship.screen.textcopy","com.tap_to_translate.snap_translate","com.newmg.yurao.pro","com.gaminik.i18n","com.google.android.apps.translate","com.datacomprojects.scanandtranslate","com.ticktalk.translatevoice","com.microsoft.translator","com.deepl.mobiletranslator","com.pons.onlinedictionary","com.translate.talkingtranslator","photo.translate.camera.translator","com.google.ar.lens","com.aldoo.pdftranslatorpro","com.dftpdf.translate","com.niven.translator","com.galaxy.airviewdictionary","com.eecorp.linguago","com.niven.apptranslate"]}]