[{"rank":{"index":2,"lang":"en-us","country":"us","chineseCountryName":"美国","pkg":"com.spaceship.screen.textcopy"},"orders":["com.recognize_text.translate.screen","com.spaceship.screen.textcopy","com.google.android.apps.translate","com.niven.translator","com.galaxy.airviewdictionary","com.tap_to_translate.snap_translate","com.screen.translate.google","com.newmg.yurao.pro","com.gaminik.i18n","com.deepl.mobiletranslator","com.microsoft.translator","com.immersivetranslate.browser","com.zaz.translate","at.nk.tools.iTranslate","com.voice_camera_free_translate","com.niven.game","com.fapp.translate.language.translator.fasttranslation","com.datacomprojects.scanandtranslate","com.phototranslator.camera.voicetranslate.texttranslation","com.naver.labs.translator"]},{"rank":{"index":3,"lang":"ru","country":"ru","chineseCountryName":"俄罗斯","pkg":"com.spaceship.screen.textcopy"},"orders":["com.recognize_text.translate.screen","com.tap_to_translate.snap_translate","com.spaceship.screen.textcopy","com.niven.translator","com.newmg.yurao.pro","com.gaminik.i18n","com.galaxy.airviewdictionary","com.screen.translate.google","com.deepl.mobiletranslator","ru.yandex.translate","com.google.android.apps.translate","com.immersivetranslate.browser","com.niven.game"]},{"rank":{"index":2,"lang":"pt-br","country":"br","chineseCountryName":"巴西","pkg":"com.spaceship.screen.textcopy"},"orders":["com.recognize_text.translate.screen","com.spaceship.screen.textcopy","com.niven.translator","com.galaxy.airviewdictionary","com.screen.translate.google","com.gaminik.i18n","com.tap_to_translate.snap_translate","com.newmg.yurao.pro","com.immersivetranslate.browser","com.google.android.apps.translate","com.deepl.mobiletranslator","com.niven.game","com.niven.apptranslate","com.zaz.translate","com.microsoft.translator","com.fapp.translate.language.translator.fasttranslation","at.nk.tools.iTranslate","link.zhidou.btranslator","com.amazon.kindle","com.microsoft.teams"]},{"rank":{"index":2,"lang":"fr","country":"fr","chineseCountryName":"法国","pkg":"com.spaceship.screen.textcopy"},"orders":["com.recognize_text.translate.screen","com.spaceship.screen.textcopy","com.tap_to_translate.snap_translate","com.niven.translator","com.galaxy.airviewdictionary","com.gaminik.i18n","com.newmg.yurao.pro","com.screen.translate.google","com.immersivetranslate.browser","com.deepl.mobiletranslator","com.google.android.apps.translate","com.voice_camera_free_translate","com.fapp.translate.language.translator.fasttranslation","com.niven.apptranslate","com.niven.game","com.zaz.translate","com.microsoft.translator","link.zhidou.btranslator","com.phototranslator.camera.voicetranslate.texttranslation","live.screentranslate.realtime"]},{"rank":{"index":2,"lang":"en-gb","country":"gb","chineseCountryName":"英国","pkg":"com.spaceship.screen.textcopy"},"orders":["com.recognize_text.translate.screen","com.spaceship.screen.textcopy","com.niven.translator","com.google.android.apps.translate","com.galaxy.airviewdictionary","com.screen.translate.google","com.gaminik.i18n","com.newmg.yurao.pro","com.tap_to_translate.snap_translate","com.deepl.mobiletranslator","com.microsoft.translator","com.immersivetranslate.browser","com.zaz.translate","com.fapp.translate.language.translator.fasttranslation","at.nk.tools.iTranslate","com.niven.game","com.phototranslator.camera.voicetranslate.texttranslation","com.datacomprojects.scanandtranslate","link.zhidou.btranslator","ru.yandex.translate"]},{"rank":{"index":4,"lang":"de","country":"de","chineseCountryName":"德国","pkg":"com.spaceship.screen.textcopy"},"orders":["com.recognize_text.translate.screen","com.niven.translator","com.tap_to_translate.snap_translate","com.spaceship.screen.textcopy","com.galaxy.airviewdictionary","com.gaminik.i18n","com.newmg.yurao.pro","com.screen.translate.google","com.google.android.apps.translate","com.deepl.mobiletranslator","com.immersivetranslate.browser","com.fapp.translate.language.translator.fasttranslation","com.microsoft.translator","com.voice_camera_free_translate","com.zaz.translate","com.niven.apptranslate","com.niven.game","ru.yandex.translate","link.zhidou.btranslator","com.datacomprojects.scanandtranslate"]},{"rank":{"index":2,"lang":"it","country":"it","chineseCountryName":"意大利","pkg":"com.spaceship.screen.textcopy"},"orders":["com.recognize_text.translate.screen","com.spaceship.screen.textcopy","com.galaxy.airviewdictionary","com.niven.translator","com.tap_to_translate.snap_translate","com.gaminik.i18n","com.screen.translate.google","com.newmg.yurao.pro","com.google.android.apps.translate","com.deepl.mobiletranslator","com.immersivetranslate.browser","com.fapp.translate.language.translator.fasttranslation"]},{"rank":{"index":2,"lang":"ja","country":"jp","chineseCountryName":"日本","pkg":"com.spaceship.screen.textcopy"},"orders":["com.recognize_text.translate.screen","com.spaceship.screen.textcopy","com.tap_to_translate.snap_translate","com.galaxy.airviewdictionary","com.gaminik.i18n","com.newmg.yurao.pro","com.niven.translator","com.screen.translate.google","com.google.android.apps.translate","com.deepl.mobiletranslator","com.immersivetranslate.browser"]},{"rank":{"index":4,"lang":"ko","country":"kr","chineseCountryName":"韩国","pkg":"com.spaceship.screen.textcopy"},"orders":["com.recognize_text.translate.screen","com.tap_to_translate.snap_translate","com.niven.translator","com.spaceship.screen.textcopy","com.galaxy.airviewdictionary","com.gaminik.i18n","com.newmg.yurao.pro","com.screen.translate.google","com.google.android.apps.translate","com.immersivetranslate.browser","com.niven.apptranslate","com.voice_camera_free_translate","com.deepl.mobiletranslator","com.naver.labs.translator","com.fapp.translate.language.translator.fasttranslation","com.niven.game","com.zaz.translate","com.microsoft.translator","link.zhidou.btranslator","com.eecorp.linguago"]},{"rank":{"index":2,"lang":"zh-hk","country":"hk","chineseCountryName":"香港","pkg":"com.spaceship.screen.textcopy"},"orders":["com.recognize_text.translate.screen","com.spaceship.screen.textcopy","com.tap_to_translate.snap_translate","com.screen.translate.google","com.niven.translator","com.galaxy.airviewdictionary","com.gaminik.i18n","com.newmg.yurao.pro","com.google.android.apps.translate","com.immersivetranslate.browser","com.deepl.mobiletranslator","com.microsoft.translator","com.voice_camera_free_translate","com.fapp.translate.language.translator.fasttranslation","ru.yandex.translate","at.nk.tools.iTranslate","com.zaz.translate","com.niven.apptranslate","com.phototranslator.camera.voicetranslate.texttranslation","com.niven.game"]},{"rank":{"index":2,"lang":"zh-tw","country":"tw","chineseCountryName":"台湾","pkg":"com.spaceship.screen.textcopy"},"orders":["com.recognize_text.translate.screen","com.spaceship.screen.textcopy","com.tap_to_translate.snap_translate","com.galaxy.airviewdictionary","com.newmg.yurao.pro","com.gaminik.i18n","com.niven.translator","com.screen.translate.google","com.google.android.apps.translate","com.immersivetranslate.browser","com.fapp.translate.language.translator.fasttranslation","com.voice_camera_free_translate","com.deepl.mobiletranslator","com.niven.apptranslate","com.microsoft.translator","com.datacomprojects.scanandtranslate","com.zaz.translate","com.niven.game","at.nk.tools.iTranslate","live.screentranslate.realtime"]},{"rank":{"index":2,"lang":"en","country":"in","chineseCountryName":"印度","pkg":"com.spaceship.screen.textcopy"},"orders":["com.recognize_text.translate.screen","com.spaceship.screen.textcopy","com.newmg.yurao.pro","com.google.android.apps.translate","com.zaz.translate"]},{"rank":{"index":2,"lang":"id","country":"id","chineseCountryName":"印尼","pkg":"com.spaceship.screen.textcopy"},"orders":["com.recognize_text.translate.screen","com.spaceship.screen.textcopy","com.tap_to_translate.snap_translate","com.niven.translator","com.galaxy.airviewdictionary","com.newmg.yurao.pro","com.gaminik.i18n","com.screen.translate.google","com.google.android.apps.translate","com.deepl.mobiletranslator","com.niven.game","com.fapp.translate.language.translator.fasttranslation","com.immersivetranslate.browser"]},{"rank":{"index":2,"lang":"es-mx","country":"mx","chineseCountryName":"墨西哥","pkg":"com.spaceship.screen.textcopy"},"orders":["com.recognize_text.translate.screen","com.spaceship.screen.textcopy","com.niven.translator","com.tap_to_translate.snap_translate","com.galaxy.airviewdictionary","com.gaminik.i18n","com.newmg.yurao.pro","com.screen.translate.google","com.google.android.apps.translate","com.deepl.mobiletranslator","com.voice_camera_free_translate","com.immersivetranslate.browser","com.niven.apptranslate","com.niven.game","com.microsoft.translator","com.phototranslator.camera.voicetranslate.texttranslation","com.fapp.translate.language.translator.fasttranslation","link.zhidou.btranslator","com.datacomprojects.scanandtranslate","com.zaz.translate"]}]