[{"rank":{"index":8,"lang":"en-us","country":"us","chineseCountryName":"美国","pkg":"com.spaceship.screen.textcopy"},"orders":["com.recognize_text.translate.screen","com.google.android.apps.translate","com.gaminik.i18n","com.screen.translate.google","com.microsoft.translator","com.niven.translator","com.niven.game","com.spaceship.screen.textcopy","at.nk.tools.iTranslate","com.tap_to_translate.snap_translate","com.sayhi.android.sayhitranslate","com.translate.talkingtranslator","com.niven.comic","com.deepl.mobiletranslator","com.zaz.translate","com.ticktalk.translatevoice","com.naver.labs.translator","com.google.ar.lens","com.datacomprojects.scanandtranslate","com.mobisystems.msdict.embedded.wireless.collins.ee"]},{"rank":{"index":4,"lang":"ru","country":"ru","chineseCountryName":"俄罗斯","pkg":"com.spaceship.screen.textcopy"},"orders":["com.recognize_text.translate.screen","com.niven.translator","com.tap_to_translate.snap_translate","com.spaceship.screen.textcopy","com.niven.game","com.gaminik.i18n","com.screen.translate.google","ru.yandex.translate","com.niven.comic","com.microsoft.translator","com.google.android.apps.translate","com.newmg.yurao.pro","com.deepl.mobiletranslator","com.niven.apptranslate","at.nk.tools.iTranslate","com.android.chrome","com.discord","com.facebook.orca","com.google.android.dialer","com.google.android.apps.photos"]},{"rank":{"index":3,"lang":"pt-br","country":"br","chineseCountryName":"巴西","pkg":"com.spaceship.screen.textcopy"},"orders":["com.recognize_text.translate.screen","com.tap_to_translate.snap_translate","com.spaceship.screen.textcopy","com.niven.game","com.gaminik.i18n","com.microsoft.translator","com.screen.translate.google","at.nk.tools.iTranslate","com.google.android.apps.translate","com.niven.comic","com.deepl.mobiletranslator","com.galaxy.airviewdictionary","com.newmg.yurao.pro","com.naver.labs.translator","ru.yandex.translate","com.google.ar.lens","screen.translator.voice.translate","com.youdao.hindict","com.niven.apptranslate","com.sayhi.android.sayhitranslate"]},{"rank":{"index":4,"lang":"fr","country":"fr","chineseCountryName":"法国","pkg":"com.spaceship.screen.textcopy"},"orders":["com.recognize_text.translate.screen","com.tap_to_translate.snap_translate","com.niven.game","com.spaceship.screen.textcopy","com.gaminik.i18n","com.niven.translator","com.screen.translate.google","com.microsoft.translator","com.niven.comic","com.google.android.apps.translate","at.nk.tools.iTranslate","com.image.camera.translate.ai","com.newmg.yurao.pro","com.zaz.translate","com.deepl.mobiletranslator","com.niven.apptranslate","camtranslator.voice.text.image.translate","com.datacomprojects.scanandtranslate","com.translate.talkingtranslator","com.sayhi.android.sayhitranslate"]},{"rank":{"index":8,"lang":"en-gb","country":"gb","chineseCountryName":"英国","pkg":"com.spaceship.screen.textcopy"},"orders":["com.recognize_text.translate.screen","com.google.android.apps.translate","com.gaminik.i18n","com.microsoft.translator","com.screen.translate.google","com.niven.translator","com.niven.game","com.spaceship.screen.textcopy","at.nk.tools.iTranslate","com.tap_to_translate.snap_translate","com.niven.comic","com.sayhi.android.sayhitranslate","com.deepl.mobiletranslator","com.zaz.translate","com.image.camera.translate.ai","com.datacomprojects.scanandtranslate","com.translate.talkingtranslator","camtranslator.voice.text.image.translate","com.newmg.yurao.pro","com.softissimo.reverso.context"]},{"rank":{"index":7,"lang":"de","country":"de","chineseCountryName":"德国","pkg":"com.spaceship.screen.textcopy"},"orders":["com.recognize_text.translate.screen","com.tap_to_translate.snap_translate","com.microsoft.translator","com.screen.translate.google","com.niven.game","com.gaminik.i18n","com.spaceship.screen.textcopy","com.niven.translator","com.google.android.apps.translate","com.niven.comic","at.nk.tools.iTranslate","com.deepl.mobiletranslator","com.image.camera.translate.ai","com.translate.talkingtranslator","com.newmg.yurao.pro","camtranslator.voice.text.image.translate","com.datacomprojects.scanandtranslate","com.sayhi.android.sayhitranslate","com.niven.apptranslate","com.softissimo.reverso.context"]},{"rank":{"index":2,"lang":"it","country":"it","chineseCountryName":"意大利","pkg":"com.spaceship.screen.textcopy"},"orders":["com.recognize_text.translate.screen","com.spaceship.screen.textcopy","com.niven.game","com.screen.translate.google","com.niven.translator","com.gaminik.i18n","com.microsoft.translator","com.google.android.apps.translate"]},{"rank":{"index":6,"lang":"ja","country":"jp","chineseCountryName":"日本","pkg":"com.spaceship.screen.textcopy"},"orders":["com.recognize_text.translate.screen","com.niven.game","com.gaminik.i18n","com.screen.translate.google","com.niven.translator","com.spaceship.screen.textcopy","com.microsoft.translator","com.google.android.apps.translate","com.tap_to_translate.snap_translate","com.niven.comic","com.naver.labs.translator","com.deepl.mobiletranslator","com.google.ar.lens","at.nk.tools.iTranslate","com.datacomprojects.scanandtranslate","com.translate.talkingtranslator","com.newmg.yurao.pro","com.image.camera.translate.ai","com.niven.apptranslate","com.youdao.hindict"]},{"rank":{"index":6,"lang":"ko","country":"kr","chineseCountryName":"韩国","pkg":"com.spaceship.screen.textcopy"},"orders":["com.recognize_text.translate.screen","com.tap_to_translate.snap_translate","com.gaminik.i18n","com.niven.translator","com.niven.game","com.spaceship.screen.textcopy","com.screen.translate.google","com.niven.comic","com.naver.labs.translator","com.google.android.apps.translate","com.microsoft.translator","com.newmg.yurao.pro","at.nk.tools.iTranslate","com.niven.apptranslate","com.deepl.mobiletranslator","com.facebook.orca","com.google.ar.lens","com.discord","com.android.chrome","com.kakao.talk"]},{"rank":{"index":6,"lang":"zh-hk","country":"hk","chineseCountryName":"香港","pkg":"com.spaceship.screen.textcopy"},"orders":["com.recognize_text.translate.screen","com.gaminik.i18n","com.niven.game","com.screen.translate.google","com.niven.translator","com.spaceship.screen.textcopy","com.microsoft.translator","com.google.android.apps.translate","com.tap_to_translate.snap_translate","com.niven.comic","at.nk.tools.iTranslate","com.image.camera.translate.ai","com.naver.labs.translator","com.newmg.yurao.pro","com.datacomprojects.scanandtranslate","com.translate.talkingtranslator","com.google.ar.lens","com.deepl.mobiletranslator","jp.go.nict.voicetra","com.android.chrome"]},{"rank":{"index":2,"lang":"zh-tw","country":"tw","chineseCountryName":"台湾","pkg":"com.spaceship.screen.textcopy"},"orders":["com.recognize_text.translate.screen","com.spaceship.screen.textcopy","com.gaminik.i18n","com.niven.translator","com.niven.game","com.screen.translate.google","com.microsoft.translator","com.tap_to_translate.snap_translate","com.google.android.apps.translate","com.niven.comic","at.nk.tools.iTranslate","com.newmg.yurao.pro","com.image.camera.translate.ai","com.naver.labs.translator","com.translate.talkingtranslator","com.deepl.mobiletranslator","com.datacomprojects.scanandtranslate","com.tangdi.baiguotong","com.niven.apptranslate","com.youdao.hindict"]},{"rank":{"index":5,"lang":"en","country":"in","chineseCountryName":"印度","pkg":"com.spaceship.screen.textcopy"},"orders":["com.recognize_text.translate.screen","com.google.android.apps.translate","com.tap_to_translate.snap_translate","com.screen.translate.google","com.spaceship.screen.textcopy","at.nk.tools.iTranslate","com.niven.game","com.niven.translator","com.gaminik.i18n","com.zaz.translate","com.sayhi.android.sayhitranslate","com.newmg.yurao.pro","com.translate.talkingtranslator","com.deepl.mobiletranslator","com.ticktalk.translatevoice","com.google.ar.lens","com.wooask.zx","com.softissimo.reverso.context","com.niven.comic","com.microsoft.translator"]},{"rank":{"index":6,"lang":"id","country":"id","chineseCountryName":"印尼","pkg":"com.spaceship.screen.textcopy"},"orders":["com.recognize_text.translate.screen","com.tap_to_translate.snap_translate","com.niven.translator","com.niven.game","com.gaminik.i18n","com.spaceship.screen.textcopy","com.screen.translate.google","com.niven.comic","com.youdao.hindict","com.google.android.apps.translate","com.newmg.yurao.pro"]},{"rank":{"index":4,"lang":"es-mx","country":"mx","chineseCountryName":"墨西哥","pkg":"com.spaceship.screen.textcopy"},"orders":["com.recognize_text.translate.screen","com.tap_to_translate.snap_translate","com.niven.game","com.spaceship.screen.textcopy","com.microsoft.translator","com.gaminik.i18n","at.nk.tools.iTranslate","com.google.android.apps.translate","com.screen.translate.google","com.niven.comic","com.youdao.hindict","com.deepl.mobiletranslator","com.newmg.yurao.pro","com.naver.labs.translator","com.niven.translator"]}]