[{"rank":{"index":2,"lang":"en-us","country":"us","chineseCountryName":"美国","pkg":"com.spaceship.screen.textcopy"},"orders":["com.recognize_text.translate.screen","com.spaceship.screen.textcopy","com.tap_to_translate.snap_translate","com.gaminik.i18n","com.newmg.yurao.pro","com.microsoft.translator","com.google.android.apps.translate","com.niven.translator","com.niven.game","com.eecorp.taptranslator","at.nk.tools.iTranslate","com.niven.apptranslate","com.niven.comic","com.siv","com.screen.translate.google","com.deepl.mobiletranslator","com.naver.labs.translator","com.translate.talkingtranslator","com.softissimo.reverso.context","com.sayhi.android.sayhitranslate"]},{"rank":{"index":2,"lang":"ru","country":"ru","chineseCountryName":"俄罗斯","pkg":"com.spaceship.screen.textcopy"},"orders":["com.recognize_text.translate.screen","com.spaceship.screen.textcopy","com.tap_to_translate.snap_translate","com.gaminik.i18n","com.niven.translator","com.google.android.apps.translate","com.microsoft.translator","com.niven.game","com.newmg.yurao.pro","ru.yandex.translate","com.niven.apptranslate","at.nk.tools.iTranslate","com.kursx.smartbook","com.niven.comic","com.siv","com.screen.translate.google","com.tangdi.baiguotong","com.deepl.mobiletranslator","com.datacomprojects.scanandtranslate","com.android.chrome"]},{"rank":{"index":2,"lang":"pt-br","country":"br","chineseCountryName":"巴西","pkg":"com.spaceship.screen.textcopy"},"orders":["com.recognize_text.translate.screen","com.spaceship.screen.textcopy","com.tap_to_translate.snap_translate","com.gaminik.i18n","com.niven.translator","com.niven.game","com.newmg.yurao.pro","com.niven.comic","com.niven.apptranslate","com.eecorp.taptranslator","com.google.android.apps.translate","com.microsoft.translator","com.galaxy.airviewdictionary","com.google.android.apps.photos","com.android.chrome","com.discord","com.screen.translate.google","com.google.android.apps.maps","com.google.android.apps.docs","com.skype.raider"]},{"rank":{"index":2,"lang":"fr","country":"fr","chineseCountryName":"法国","pkg":"com.spaceship.screen.textcopy"},"orders":["com.recognize_text.translate.screen","com.spaceship.screen.textcopy","com.gaminik.i18n","com.niven.game","com.niven.translator","com.tap_to_translate.snap_translate","com.newmg.yurao.pro","com.microsoft.translator","com.niven.apptranslate","com.niven.comic","com.google.android.apps.translate","com.eecorp.taptranslator","screen.translator.voice.translate","at.nk.tools.iTranslate","com.galaxy.airviewdictionary","com.screen.translate.google","com.discord","com.android.chrome","com.microsoft.office.outlook","com.google.android.apps.photos"]},{"rank":{"index":2,"lang":"en-gb","country":"gb","chineseCountryName":"英国","pkg":"com.spaceship.screen.textcopy"},"orders":["com.recognize_text.translate.screen","com.spaceship.screen.textcopy","com.tap_to_translate.snap_translate","com.google.android.apps.translate","com.microsoft.translator","com.gaminik.i18n","com.niven.game","com.niven.translator","at.nk.tools.iTranslate","com.newmg.yurao.pro","com.niven.apptranslate","com.niven.comic","com.eecorp.taptranslator","com.youdao.hindict","com.deepl.mobiletranslator","com.datacomprojects.scanandtranslate","com.softissimo.reverso.context","com.siv","com.kursx.smartbook","com.screen.translate.google"]},{"rank":{"index":2,"lang":"de","country":"de","chineseCountryName":"德国","pkg":"com.spaceship.screen.textcopy"},"orders":["com.recognize_text.translate.screen","com.spaceship.screen.textcopy","com.gaminik.i18n","com.newmg.yurao.pro","com.niven.translator","com.niven.game","com.tap_to_translate.snap_translate","com.microsoft.translator","com.niven.apptranslate","com.niven.comic","com.eecorp.taptranslator","com.google.android.apps.translate","at.nk.tools.iTranslate","com.screen.translate.google","com.deepl.mobiletranslator","com.discord","com.android.chrome","com.galaxy.airviewdictionary","com.google.android.apps.photos","com.duolingo"]},{"rank":{"index":2,"lang":"it","country":"it","chineseCountryName":"意大利","pkg":"com.spaceship.screen.textcopy"},"orders":["com.recognize_text.translate.screen","com.spaceship.screen.textcopy","com.gaminik.i18n","screen.translator.voice.translate","com.tap_to_translate.snap_translate","com.niven.game","com.niven.translator","com.newmg.yurao.pro","com.microsoft.translator","com.galaxy.airviewdictionary","com.niven.apptranslate","com.google.android.apps.translate","com.eecorp.taptranslator","com.screen.translate.google","com.niven.comic","at.nk.tools.iTranslate","com.eecorp.linguago","com.discord","com.google.android.apps.photos","com.android.chrome"]},{"rank":{"index":2,"lang":"ja","country":"jp","chineseCountryName":"日本","pkg":"com.spaceship.screen.textcopy"},"orders":["com.recognize_text.translate.screen","com.spaceship.screen.textcopy","com.gaminik.i18n","com.niven.game","com.niven.translator","com.newmg.yurao.pro","com.microsoft.translator","com.google.android.apps.translate","com.tap_to_translate.snap_translate","com.deepl.mobiletranslator","com.google.ar.lens","com.discord","com.naver.labs.translator","com.android.chrome","com.google.android.apps.maps","com.screen.translate.google","com.duolingo","com.microsoft.office.outlook","com.skype.raider","us.zoom.videomeetings"]},{"rank":{"index":2,"lang":"ko","country":"kr","chineseCountryName":"韩国","pkg":"com.spaceship.screen.textcopy"},"orders":["com.recognize_text.translate.screen","com.spaceship.screen.textcopy","com.gaminik.i18n","com.tap_to_translate.snap_translate","com.google.android.apps.translate","com.microsoft.translator","com.niven.game","com.niven.translator","com.newmg.yurao.pro","com.niven.apptranslate","at.nk.tools.iTranslate","com.naver.labs.translator","com.niven.comic","com.siv","com.eecorp.taptranslator","com.screen.translate.google","com.kursx.smartbook","com.deepl.mobiletranslator","com.galaxy.airviewdictionary","com.google.ar.lens"]},{"rank":{"index":2,"lang":"zh-hk","country":"hk","chineseCountryName":"香港","pkg":"com.spaceship.screen.textcopy"},"orders":["com.recognize_text.translate.screen","com.spaceship.screen.textcopy","com.tap_to_translate.snap_translate","com.microsoft.translator","com.google.android.apps.translate","com.gaminik.i18n","com.niven.game","com.niven.translator","at.nk.tools.iTranslate","com.newmg.yurao.pro","com.niven.comic","com.niven.apptranslate","com.kursx.smartbook","com.datacomprojects.scanandtranslate","com.deepl.mobiletranslator","com.youdao.hindict","com.siv","com.tangdi.baiguotong","com.zaz.translate","com.translate.talkingtranslator"]},{"rank":{"index":2,"lang":"zh-tw","country":"tw","chineseCountryName":"台湾","pkg":"com.spaceship.screen.textcopy"},"orders":["com.recognize_text.translate.screen","com.spaceship.screen.textcopy","com.microsoft.translator","com.google.android.apps.translate","com.gaminik.i18n","com.niven.game","com.niven.translator","com.tap_to_translate.snap_translate","at.nk.tools.iTranslate","com.niven.comic","com.newmg.yurao.pro","com.niven.apptranslate","com.youdao.hindict","com.naver.labs.translator","com.datacomprojects.scanandtranslate","com.siv","com.galaxy.airviewdictionary","com.google.ar.lens","com.translate.talkingtranslator","com.tangdi.baiguotong"]},{"rank":{"index":2,"lang":"en","country":"in","chineseCountryName":"印度","pkg":"com.spaceship.screen.textcopy"},"orders":["com.recognize_text.translate.screen","com.spaceship.screen.textcopy","com.google.android.apps.translate","com.tap_to_translate.snap_translate","com.microsoft.translator","com.gaminik.i18n","at.nk.tools.iTranslate","com.niven.game","com.niven.translator"]},{"rank":{"index":1,"lang":"id","country":"id","chineseCountryName":"印尼","pkg":"com.spaceship.screen.textcopy"},"orders":["com.spaceship.screen.textcopy","com.recognize_text.translate.screen","com.tap_to_translate.snap_translate","com.gaminik.i18n","com.niven.game","com.niven.translator","com.newmg.yurao.pro","com.niven.comic","com.youdao.hindict","com.niven.apptranslate","com.google.android.apps.translate","com.eecorp.taptranslator"]},{"rank":{"index":2,"lang":"es-mx","country":"mx","chineseCountryName":"墨西哥","pkg":"com.spaceship.screen.textcopy"},"orders":["com.recognize_text.translate.screen","com.spaceship.screen.textcopy","com.gaminik.i18n","com.niven.translator","com.niven.game","com.tap_to_translate.snap_translate","com.niven.comic","com.newmg.yurao.pro","com.microsoft.translator","com.google.android.apps.translate","com.niven.apptranslate","com.galaxy.airviewdictionary","com.discord","com.eecorp.taptranslator","com.google.android.apps.photos","com.android.chrome","at.nk.tools.iTranslate","com.google.android.apps.maps","com.google.android.apps.docs","com.microsoft.office.outlook"]}]