[{"rank":{"index":2,"lang":"en-us","country":"us","chineseCountryName":"美国","pkg":"com.spaceship.screen.textcopy"},"orders":["com.recognize_text.translate.screen","com.spaceship.screen.textcopy","com.google.android.apps.translate","com.screen.translate.google","com.gaminik.i18n","com.niven.translator","com.microsoft.translator","com.niven.game","at.nk.tools.iTranslate","com.newmg.yurao.pro","com.niven.comic","com.deepl.mobiletranslator","com.easytranslate.easytranslate","com.naver.labs.translator","com.languagetranslator.translatorapp.smartscanner.dictionary.translation.voicetranslator","com.zaz.translate","com.softissimo.reverso.context","com.datacomprojects.scanandtranslate","com.translate.language.translator.voice.translation","com.translate.talkingtranslator"]},{"rank":{"index":2,"lang":"ru","country":"ru","chineseCountryName":"俄罗斯","pkg":"com.spaceship.screen.textcopy"},"orders":["com.recognize_text.translate.screen","com.spaceship.screen.textcopy","com.gaminik.i18n","com.niven.translator","com.niven.game","com.screen.translate.google","ru.yandex.translate","com.newmg.yurao.pro","com.niven.comic","com.microsoft.translator","com.tap_to_translate.snap_translate","com.google.android.apps.translate","com.deepl.mobiletranslator","at.nk.tools.iTranslate","com.niven.apptranslate","com.facebook.orca","com.softissimo.reverso.context","com.discord","com.android.chrome","com.google.android.apps.photos"]},{"rank":{"index":2,"lang":"fr","country":"fr","chineseCountryName":"法国","pkg":"com.spaceship.screen.textcopy"},"orders":["com.recognize_text.translate.screen","com.spaceship.screen.textcopy","com.gaminik.i18n","com.niven.translator","com.screen.translate.google","com.niven.game","com.niven.comic","com.tap_to_translate.snap_translate","com.google.android.apps.translate","com.microsoft.translator","com.newmg.yurao.pro","com.deepl.mobiletranslator","ru.yandex.translate","com.facebook.orca","com.niven.apptranslate","com.discord","com.image.camera.translate.ai","com.android.chrome","com.eecorp.taptranslator","com.microsoft.office.outlook"]},{"rank":{"index":2,"lang":"en-gb","country":"gb","chineseCountryName":"英国","pkg":"com.spaceship.screen.textcopy"},"orders":["com.recognize_text.translate.screen","com.spaceship.screen.textcopy","com.gaminik.i18n","com.google.android.apps.translate","com.screen.translate.google","com.niven.translator","com.niven.game","com.microsoft.translator","at.nk.tools.iTranslate","com.zaz.translate","com.niven.comic","com.newmg.yurao.pro","com.deepl.mobiletranslator","com.datacomprojects.scanandtranslate","com.tranit.text.translate","com.softissimo.reverso.context","com.royalappcode.translation.voice.language.chat.interpreter","com.tap_to_translate.snap_translate","com.languagetranslator.translatorapp.smartscanner.dictionary.translation.voicetranslator","ru.yandex.translate"]},{"rank":{"index":2,"lang":"de","country":"de","chineseCountryName":"德国","pkg":"com.spaceship.screen.textcopy"},"orders":["com.recognize_text.translate.screen","com.spaceship.screen.textcopy","com.gaminik.i18n","com.screen.translate.google","com.niven.translator","com.niven.game","com.microsoft.translator","com.google.android.apps.translate","com.niven.comic","com.newmg.yurao.pro","com.deepl.mobiletranslator","at.nk.tools.iTranslate","com.eecorp.taptranslator","com.image.camera.translate.ai","com.softissimo.reverso.context","ru.yandex.translate","com.facebook.orca","com.discord","com.tap_to_translate.snap_translate","com.android.chrome"]},{"rank":{"index":2,"lang":"it","country":"it","chineseCountryName":"意大利","pkg":"com.spaceship.screen.textcopy"},"orders":["com.recognize_text.translate.screen","com.spaceship.screen.textcopy","com.niven.game","com.gaminik.i18n","com.screen.translate.google","com.niven.translator","com.niven.comic","com.microsoft.translator","com.newmg.yurao.pro","com.google.android.apps.translate","com.tap_to_translate.snap_translate","com.deepl.mobiletranslator","com.softissimo.reverso.context","com.image.camera.translate.ai","at.nk.tools.iTranslate","com.eecorp.taptranslator","com.zaz.translate","com.tranit.text.translate","com.datacomprojects.scanandtranslate","com.niven.apptranslate"]},{"rank":{"index":2,"lang":"ja","country":"jp","chineseCountryName":"日本","pkg":"com.spaceship.screen.textcopy"},"orders":["com.recognize_text.translate.screen","com.spaceship.screen.textcopy","com.gaminik.i18n","com.screen.translate.google","com.niven.translator","com.niven.game","com.google.android.apps.translate","com.niven.comic","com.microsoft.translator","com.tap_to_translate.snap_translate","com.deepl.mobiletranslator","com.naver.labs.translator","com.facebook.orca","com.discord","com.android.chrome","com.niven.apptranslate","com.amazon.kindle","com.google.ar.lens","com.google.android.apps.maps","at.nk.tools.iTranslate"]},{"rank":{"index":2,"lang":"ko","country":"kr","chineseCountryName":"韩国","pkg":"com.spaceship.screen.textcopy"},"orders":["com.recognize_text.translate.screen","com.spaceship.screen.textcopy","com.gaminik.i18n","com.niven.translator","com.niven.game","com.screen.translate.google","com.naver.labs.translator","com.google.android.apps.translate","com.niven.comic","com.newmg.yurao.pro","com.facebook.orca","com.discord","com.niven.apptranslate","com.microsoft.translator","com.deepl.mobiletranslator","com.android.chrome","com.sec.android.app.sbrowser","us.zoom.videomeetings","at.nk.tools.iTranslate","com.duolingo"]},{"rank":{"index":2,"lang":"zh-hk","country":"hk","chineseCountryName":"香港","pkg":"com.spaceship.screen.textcopy"},"orders":["com.recognize_text.translate.screen","com.spaceship.screen.textcopy","com.gaminik.i18n","com.screen.translate.google","com.niven.translator","com.niven.game","com.google.android.apps.translate","com.microsoft.translator","com.niven.comic","com.newmg.yurao.pro","at.nk.tools.iTranslate","com.facebook.orca","com.android.chrome","com.google.android.apps.messaging","com.google.android.apps.maps","com.discord","com.naver.labs.translator","com.image.camera.translate.ai","com.niven.apptranslate","com.deepl.mobiletranslator"]},{"rank":{"index":2,"lang":"zh-tw","country":"tw","chineseCountryName":"台湾","pkg":"com.spaceship.screen.textcopy"},"orders":["com.recognize_text.translate.screen","com.spaceship.screen.textcopy","com.gaminik.i18n","com.screen.translate.google","com.niven.translator","com.niven.game","com.google.android.apps.translate","com.microsoft.translator","com.niven.comic","com.newmg.yurao.pro","at.nk.tools.iTranslate","com.naver.labs.translator","com.facebook.orca","com.discord","com.niven.apptranslate","com.android.chrome","com.deepl.mobiletranslator","com.google.android.apps.maps","ru.yandex.translate","com.google.ar.lens"]},{"rank":{"index":2,"lang":"en","country":"in","chineseCountryName":"印度","pkg":"com.spaceship.screen.textcopy"},"orders":["com.recognize_text.translate.screen","com.spaceship.screen.textcopy","com.google.android.apps.translate","com.screen.translate.google","com.newmg.yurao.pro","com.zaz.translate","com.niven.game","com.niven.translator","com.microsoft.translator","com.tap_to_translate.snap_translate","at.nk.tools.iTranslate","com.naver.labs.translator","ru.yandex.translate","com.softissimo.reverso.context","com.languagetranslator.translatorapp.smartscanner.dictionary.translation.voicetranslator","com.deepl.mobiletranslator","com.google.ar.lens","com.sayhi.android.sayhitranslate","com.gaminik.i18n"]},{"rank":{"index":2,"lang":"id","country":"id","chineseCountryName":"印尼","pkg":"com.spaceship.screen.textcopy"},"orders":["com.recognize_text.translate.screen","com.spaceship.screen.textcopy","com.gaminik.i18n","com.niven.translator","com.screen.translate.google","com.niven.game","com.niven.comic","com.tap_to_translate.snap_translate","com.google.android.apps.translate","com.newmg.yurao.pro"]},{"rank":{"index":2,"lang":"es-mx","country":"mx","chineseCountryName":"墨西哥","pkg":"com.spaceship.screen.textcopy"},"orders":["com.recognize_text.translate.screen","com.spaceship.screen.textcopy","com.niven.game","com.tap_to_translate.snap_translate","com.google.android.apps.translate","com.screen.translate.google","at.nk.tools.iTranslate","com.microsoft.translator","com.youdao.hindict","com.deepl.mobiletranslator","com.zaz.translate","com.naver.labs.translator","ru.yandex.translate","com.niven.comic","com.microblink.photomath","com.softissimo.reverso.context","com.niven.apptranslate","com.amazon.dee.app","com.gaminik.i18n","com.niven.translator"]}]