[{"rank":{"index":2,"lang":"en-us","country":"us","chineseCountryName":"美国","pkg":"com.spaceship.screen.textcopy"},"orders":["com.recognize_text.translate.screen","com.spaceship.screen.textcopy","com.newmg.yurao.pro","com.niven.translator","com.tap_to_translate.snap_translate","com.gaminik.i18n","com.eecorp.linguago","com.screen.translate.google","com.niven.apptranslate","com.screen.translator.text.recognize","com.galaxy.airviewdictionary","com.google.android.apps.translate","com.microsoft.translator","com.zaz.translate","com.immersivetranslate.browser","at.nk.tools.iTranslate","com.niven.game","com.deepl.mobiletranslator","com.naver.labs.translator","com.google.ar.lens"]},{"rank":{"index":2,"lang":"ru","country":"ru","chineseCountryName":"俄罗斯","pkg":"com.spaceship.screen.textcopy"},"orders":["com.recognize_text.translate.screen","com.spaceship.screen.textcopy","com.niven.translator","com.newmg.yurao.pro","com.tap_to_translate.snap_translate","com.gaminik.i18n","com.niven.apptranslate","com.eecorp.linguago","com.screen.translator.text.recognize","com.screen.translate.google","com.galaxy.airviewdictionary","com.niven.game","com.immersivetranslate.browser","com.google.android.apps.translate","com.zaz.translate","com.microsoft.translator","at.nk.tools.iTranslate","com.newtranslate.google","com.chat.translator.screen.translate.language","link.zhidou.btranslator"]},{"rank":{"index":2,"lang":"pt-br","country":"br","chineseCountryName":"巴西","pkg":"com.spaceship.screen.textcopy"},"orders":["com.recognize_text.translate.screen","com.spaceship.screen.textcopy","com.niven.translator","com.gaminik.i18n","com.tap_to_translate.snap_translate","com.newmg.yurao.pro","com.screen.translator.text.recognize","com.eecorp.linguago","com.niven.apptranslate","com.screen.translate.google","com.galaxy.airviewdictionary","com.niven.game","com.google.android.apps.translate","com.immersivetranslate.browser","com.zaz.translate","com.chat.translator.screen.translate.language","live.screentranslate.realtime","com.microsoft.translator","com.google.android.inputmethod.latin","com.android.chrome"]},{"rank":{"index":2,"lang":"fr","country":"fr","chineseCountryName":"法国","pkg":"com.spaceship.screen.textcopy"},"orders":["com.recognize_text.translate.screen","com.spaceship.screen.textcopy","com.tap_to_translate.snap_translate","com.newmg.yurao.pro","com.niven.translator","com.eecorp.linguago","com.screen.translate.google","com.galaxy.airviewdictionary","com.niven.apptranslate","com.gaminik.i18n","screen.translator.voice.translate","com.screen.translator.text.recognize","com.google.android.apps.translate","com.newtranslate.google","com.eecorp.taptranslator","com.zaz.translate","live.screentranslate.realtime","com.deepl.mobiletranslator","com.google.ar.lens","com.microsoft.translator"]},{"rank":{"index":2,"lang":"en-gb","country":"gb","chineseCountryName":"英国","pkg":"com.spaceship.screen.textcopy"},"orders":["com.recognize_text.translate.screen","com.spaceship.screen.textcopy","com.niven.translator","com.newmg.yurao.pro","com.tap_to_translate.snap_translate","com.niven.apptranslate","com.eecorp.linguago","com.gaminik.i18n","com.screen.translator.text.recognize","com.screen.translate.google","com.google.android.apps.translate","com.galaxy.airviewdictionary","com.zaz.translate","com.microsoft.translator","com.niven.game","com.deepl.mobiletranslator","com.immersivetranslate.browser","com.google.ar.lens","com.google.android.inputmethod.latin","at.nk.tools.iTranslate"]},{"rank":{"index":2,"lang":"de","country":"de","chineseCountryName":"德国","pkg":"com.spaceship.screen.textcopy"},"orders":["com.recognize_text.translate.screen","com.spaceship.screen.textcopy","com.niven.translator","com.newmg.yurao.pro","com.tap_to_translate.snap_translate","com.eecorp.linguago","com.niven.apptranslate","com.screen.translator.text.recognize","com.gaminik.i18n","com.galaxy.airviewdictionary","com.screen.translate.google","com.niven.game","com.google.android.apps.translate","com.microsoft.translator","com.immersivetranslate.browser","com.deepl.mobiletranslator","com.zaz.translate","com.google.ar.lens","com.chat_translate.screen_translate","at.nk.tools.iTranslate"]},{"rank":{"index":2,"lang":"it","country":"it","chineseCountryName":"意大利","pkg":"com.spaceship.screen.textcopy"},"orders":["com.recognize_text.translate.screen","com.spaceship.screen.textcopy","com.newmg.yurao.pro","com.tap_to_translate.snap_translate","com.niven.translator","com.gaminik.i18n","com.screen.translator.text.recognize","com.eecorp.linguago","com.niven.apptranslate","com.screen.translate.google","com.galaxy.airviewdictionary","com.immersivetranslate.browser","com.google.android.apps.translate","com.microsoft.translator","com.zaz.translate","com.niven.game","link.zhidou.btranslator","com.deepl.mobiletranslator","com.chat.translator.screen.translate.language","live.screentranslate.realtime"]},{"rank":{"index":2,"lang":"ja","country":"jp","chineseCountryName":"日本","pkg":"com.spaceship.screen.textcopy"},"orders":["com.recognize_text.translate.screen","com.spaceship.screen.textcopy","com.tap_to_translate.snap_translate","com.newmg.yurao.pro","com.gaminik.i18n","com.niven.translator","com.niven.apptranslate","com.eecorp.linguago","com.screen.translator.text.recognize","com.screen.translate.google","com.niven.game","live.screentranslate.realtime","com.galaxy.airviewdictionary","com.microsoft.translator"]},{"rank":{"index":2,"lang":"ko","country":"kr","chineseCountryName":"韩国","pkg":"com.spaceship.screen.textcopy"},"orders":["com.recognize_text.translate.screen","com.spaceship.screen.textcopy","com.newmg.yurao.pro","com.niven.translator","com.tap_to_translate.snap_translate","com.gaminik.i18n","com.screen.translator.text.recognize","com.niven.apptranslate","com.screen.translate.google","com.eecorp.linguago","com.galaxy.airviewdictionary","com.zaz.translate","com.google.android.apps.translate","com.naver.labs.translator","com.immersivetranslate.browser","com.niven.game","com.deepl.mobiletranslator","com.microsoft.translator"]},{"rank":{"index":2,"lang":"zh-hk","country":"hk","chineseCountryName":"香港","pkg":"com.spaceship.screen.textcopy"},"orders":["com.recognize_text.translate.screen","com.spaceship.screen.textcopy","com.newmg.yurao.pro","com.tap_to_translate.snap_translate","com.niven.translator","com.gaminik.i18n","com.eecorp.linguago","com.niven.apptranslate","com.screen.translate.google","com.screen.translator.text.recognize","com.galaxy.airviewdictionary","com.google.android.apps.translate","com.niven.game","com.microsoft.translator","com.zaz.translate","com.immersivetranslate.browser","at.nk.tools.iTranslate","com.naver.labs.translator","com.deepl.mobiletranslator","com.google.ar.lens"]},{"rank":{"index":2,"lang":"zh-tw","country":"tw","chineseCountryName":"台湾","pkg":"com.spaceship.screen.textcopy"},"orders":["com.recognize_text.translate.screen","com.spaceship.screen.textcopy","com.newmg.yurao.pro","com.niven.translator","com.tap_to_translate.snap_translate","com.gaminik.i18n","com.eecorp.linguago","com.screen.translate.google","com.niven.apptranslate","com.galaxy.airviewdictionary","com.niven.game","com.google.android.apps.translate","com.screen.translator.text.recognize","com.zaz.translate","com.microsoft.translator","com.naver.labs.translator","com.google.ar.lens","com.deepl.mobiletranslator","com.google.android.tts","at.nk.tools.iTranslate"]},{"rank":{"index":0,"lang":"en","country":"in","chineseCountryName":"印度","pkg":"com.spaceship.screen.textcopy"},"orders":["com.recognize_text.translate.screen","com.newmg.yurao.pro","com.tap_to_translate.snap_translate","com.niven.translator","com.eecorp.linguago","com.niven.apptranslate","com.galaxy.airviewdictionary","com.screen.translate.google","com.gaminik.i18n","com.zaz.translate","com.screen.translator.text.recognize","com.google.android.apps.translate"]},{"rank":{"index":2,"lang":"id","country":"id","chineseCountryName":"印尼","pkg":"com.spaceship.screen.textcopy"},"orders":["com.recognize_text.translate.screen","com.spaceship.screen.textcopy","com.niven.translator","com.tap_to_translate.snap_translate","com.newmg.yurao.pro","com.gaminik.i18n","com.eecorp.linguago","com.niven.apptranslate","com.screen.translate.google","com.screen.translator.text.recognize","com.galaxy.airviewdictionary","com.niven.game","com.google.android.apps.translate","com.zaz.translate","com.immersivetranslate.browser","com.microsoft.translator","com.chat.translator.screen.translate.language","com.naver.labs.translator","com.deepl.mobiletranslator","com.chat_translate.screen_translate"]},{"rank":{"index":2,"lang":"es-mx","country":"mx","chineseCountryName":"墨西哥","pkg":"com.spaceship.screen.textcopy"},"orders":["com.recognize_text.translate.screen","com.spaceship.screen.textcopy","com.newmg.yurao.pro","com.niven.translator","com.tap_to_translate.snap_translate","com.screen.translator.text.recognize","com.niven.apptranslate","com.eecorp.linguago","com.gaminik.i18n","com.screen.translate.google","com.galaxy.airviewdictionary","com.google.android.apps.translate","com.zaz.translate","com.microsoft.translator","com.immersivetranslate.browser","com.deepl.mobiletranslator","com.chat.translator.screen.translate.language","link.zhidou.btranslator","com.mg.chat","com.google.ar.lens"]}]