[{"rank":{"index":2,"lang":"en-us","country":"us","chineseCountryName":"美国","pkg":"com.spaceship.screen.textcopy"},"orders":["com.recognize_text.translate.screen","com.spaceship.screen.textcopy","com.tap_to_translate.snap_translate","com.mg.yurao.google","com.google.android.apps.translate","com.gaminik.i18n","com.microsoft.translator","com.niven.game","com.niven.translator","com.niven.comic","screen.translator.voice.translate","com.newmg.yurao.pro","com.deepl.mobiletranslator","com.eecorp.linguago","com.translate.talkingtranslator","com.niven.apptranslate","com.translator.yellow","com.abbyy.mobile.textgrabber.full","com.datacomprojects.scanandtranslate","com.zaz.translate"]},{"rank":{"index":7,"lang":"ru","country":"ru","chineseCountryName":"俄罗斯","pkg":"com.spaceship.screen.textcopy"},"orders":["com.recognize_text.translate.screen","com.tap_to_translate.snap_translate","com.gaminik.i18n","com.mg.yurao.google","com.niven.translator","com.niven.game","com.spaceship.screen.textcopy","com.newmg.yurao.pro","com.niven.comic","com.eecorp.linguago","ru.yandex.translate","com.niven.apptranslate","screen.translator.voice.translate","com.google.android.apps.translate","com.deepl.mobiletranslator","com.pidev.screentranslator","us.zoom.videomeetings","com.microsoft.translator","com.chat_translate.screen_translate","org.thunderdog.challegram"]},{"rank":{"index":2,"lang":"fr","country":"fr","chineseCountryName":"法国","pkg":"com.spaceship.screen.textcopy"},"orders":["com.recognize_text.translate.screen","com.spaceship.screen.textcopy","com.tap_to_translate.snap_translate","com.gaminik.i18n","com.mg.yurao.google","com.niven.game","com.niven.translator","com.niven.comic","com.google.android.apps.translate","com.newmg.yurao.pro","com.eecorp.linguago","com.microsoft.translator","screen.translator.voice.translate","com.translator.yellow","com.deepl.mobiletranslator","com.niven.apptranslate","us.zoom.videomeetings","com.softissimo.reverso.context","org.thunderdog.challegram","com.translate.talkingtranslator"]},{"rank":{"index":2,"lang":"en-gb","country":"gb","chineseCountryName":"英国","pkg":"com.spaceship.screen.textcopy"},"orders":["com.recognize_text.translate.screen","com.spaceship.screen.textcopy","com.mg.yurao.google","com.tap_to_translate.snap_translate","com.google.android.apps.translate","com.gaminik.i18n","com.microsoft.translator","com.niven.game","com.niven.translator","com.niven.comic","com.eecorp.linguago","screen.translator.voice.translate","com.newmg.yurao.pro","com.datacomprojects.scanandtranslate","com.deepl.mobiletranslator","com.niven.apptranslate","com.translator.yellow","com.android.chrome","camera.translator.realtime","com.google.android.dialer"]},{"rank":{"index":2,"lang":"de","country":"de","chineseCountryName":"德国","pkg":"com.spaceship.screen.textcopy"},"orders":["com.recognize_text.translate.screen","com.spaceship.screen.textcopy","com.mg.yurao.google","com.gaminik.i18n","com.niven.game","com.niven.translator","com.tap_to_translate.snap_translate","com.niven.comic","com.microsoft.translator","com.eecorp.linguago","com.newmg.yurao.pro","com.niven.apptranslate","com.deepl.mobiletranslator","com.google.android.apps.translate","screen.translator.voice.translate","com.translator.yellow","us.zoom.videomeetings","ru.yandex.translate","com.datacomprojects.scanandtranslate","com.translate.talkingtranslator"]},{"rank":{"index":2,"lang":"it","country":"it","chineseCountryName":"意大利","pkg":"com.spaceship.screen.textcopy"},"orders":["com.recognize_text.translate.screen","com.spaceship.screen.textcopy","com.niven.game","com.gaminik.i18n","com.mg.yurao.google","com.niven.translator","com.niven.comic","com.tap_to_translate.snap_translate"]},{"rank":{"index":4,"lang":"ja","country":"jp","chineseCountryName":"日本","pkg":"com.spaceship.screen.textcopy"},"orders":["com.recognize_text.translate.screen","com.mg.yurao.google","com.gaminik.i18n","com.spaceship.screen.textcopy","com.niven.game","com.tap_to_translate.snap_translate","com.niven.translator","com.niven.comic","com.newmg.yurao.pro","com.google.android.apps.translate","com.niven.apptranslate","com.eecorp.linguago","com.microsoft.translator","com.naver.labs.translator"]},{"rank":{"index":4,"lang":"ko","country":"kr","chineseCountryName":"韩国","pkg":"com.spaceship.screen.textcopy"},"orders":["com.recognize_text.translate.screen","com.mg.yurao.google","com.tap_to_translate.snap_translate","com.spaceship.screen.textcopy","com.gaminik.i18n","com.niven.game","com.niven.translator","com.niven.comic","com.niven.apptranslate","com.eecorp.linguago","com.google.android.apps.translate","com.naver.labs.translator","com.newmg.yurao.pro","us.zoom.videomeetings","com.microsoft.translator","com.deepl.mobiletranslator","com.google.ar.lens","com.google.android.tts","ru.yandex.searchplugin","org.thunderdog.challegram"]},{"rank":{"index":3,"lang":"zh-hk","country":"hk","chineseCountryName":"香港","pkg":"com.spaceship.screen.textcopy"},"orders":["com.recognize_text.translate.screen","com.mg.yurao.google","com.spaceship.screen.textcopy","com.gaminik.i18n","com.niven.game","com.tap_to_translate.snap_translate","com.niven.translator","com.niven.comic","com.newmg.yurao.pro","com.google.android.apps.translate","com.eecorp.linguago","com.niven.apptranslate","com.microsoft.translator","camera.translator.realtime","screen.translator.voice.translate","at.nk.tools.iTranslate","com.deepl.mobiletranslator","all.language.translate.translator","com.naver.labs.translator","com.mg.subtitle.google"]},{"rank":{"index":6,"lang":"zh-tw","country":"tw","chineseCountryName":"台湾","pkg":"com.spaceship.screen.textcopy"},"orders":["com.recognize_text.translate.screen","com.mg.yurao.google","com.gaminik.i18n","com.tap_to_translate.snap_translate","com.niven.game","com.spaceship.screen.textcopy","com.niven.translator","com.niven.comic","com.newmg.yurao.pro","com.eecorp.linguago","com.niven.apptranslate","com.google.android.apps.translate","com.microsoft.translator","at.nk.tools.iTranslate","screen.translator.voice.translate","com.naver.labs.translator","com.deepl.mobiletranslator","all.language.translate.translator","com.mg.subtitle.google","com.tangdi.baiguotong"]},{"rank":{"index":2,"lang":"en","country":"in","chineseCountryName":"印度","pkg":"com.spaceship.screen.textcopy"},"orders":["com.recognize_text.translate.screen","com.spaceship.screen.textcopy","com.google.android.apps.translate","com.newmg.yurao.pro","screen.translator.voice.translate","com.tap_to_translate.snap_translate","com.niven.game","com.niven.translator","com.niven.comic","com.zaz.translate","com.eecorp.linguago","com.microsoft.translator","com.google.android.dialer","com.android.chrome","com.google.android.apps.docs","com.google.android.inputmethod.latin","com.niven.apptranslate","us.zoom.videomeetings","com.mg.yurao.google","com.gaminik.i18n"]},{"rank":{"index":3,"lang":"id","country":"id","chineseCountryName":"印尼","pkg":"com.spaceship.screen.textcopy"},"orders":["com.recognize_text.translate.screen","com.tap_to_translate.snap_translate","com.spaceship.screen.textcopy","com.gaminik.i18n","com.mg.yurao.google","com.niven.translator","com.niven.game","com.niven.comic","com.google.android.apps.translate","com.newmg.yurao.pro","com.android.chrome","us.zoom.videomeetings","com.youdao.hindict","com.eecorp.linguago","com.niven.apptranslate","com.naver.labs.translator","com.deepl.mobiletranslator","com.andi.alquran.id","com.yandex.browser","ru.yandex.searchplugin"]},{"rank":{"index":3,"lang":"es-mx","country":"mx","chineseCountryName":"墨西哥","pkg":"com.spaceship.screen.textcopy"},"orders":["com.recognize_text.translate.screen","com.tap_to_translate.snap_translate","com.spaceship.screen.textcopy","com.niven.translator","com.niven.game","com.niven.comic","com.newmg.yurao.pro","com.microsoft.translator","com.google.android.apps.translate","com.eecorp.linguago","com.youdao.hindict","com.niven.apptranslate","com.deepl.mobiletranslator","us.zoom.videomeetings","free.language.translate.translator","com.zaz.translate","screen.translator.voice.translate","ru.yandex.translate","com.gaminik.i18n","com.mg.yurao.google"]}]