[{"rank":{"index":2,"lang":"en-us","country":"us","chineseCountryName":"美国","pkg":"com.spaceship.screen.textcopy"},"orders":["com.recognize_text.translate.screen","com.spaceship.screen.textcopy","com.tap_to_translate.snap_translate","com.google.android.apps.translate","com.screen.translate.google","com.newmg.yurao.pro","com.gaminik.i18n","com.niven.translator","com.microsoft.translator","com.google.ar.lens","at.nk.tools.iTranslate","com.niven.game","com.deepl.mobiletranslator","com.sayhi.android.sayhitranslate","com.niven.apptranslate","com.naver.labs.translator","ru.yandex.translate","com.datacomprojects.scanandtranslate","com.translate.language.translator.voice.translation","com.translate.talkingtranslator"]},{"rank":{"index":0,"lang":"ru","country":"ru","chineseCountryName":"俄罗斯","pkg":"com.spaceship.screen.textcopy"},"orders":["com.recognize_text.translate.screen","com.niven.translator","com.tap_to_translate.snap_translate","com.newmg.yurao.pro","com.gaminik.i18n","ru.yandex.translate","com.google.android.apps.translate","com.niven.game","com.screen.translate.google","com.microsoft.translator","com.eecorp.linguago","com.deepl.mobiletranslator","com.niven.apptranslate","com.datacomprojects.scanandtranslate","com.voice_camera_free_translate","com.language.translate.free.translator.voice.translation","com.immersivetranslate.browser","com.google.ar.lens","at.nk.tools.iTranslate","com.translate.talkingtranslator"]},{"rank":{"index":2,"lang":"pt-br","country":"br","chineseCountryName":"巴西","pkg":"com.spaceship.screen.textcopy"},"orders":["com.recognize_text.translate.screen","com.spaceship.screen.textcopy","com.tap_to_translate.snap_translate","com.newmg.yurao.pro","com.gaminik.i18n","com.google.android.apps.translate","com.microsoft.translator","at.nk.tools.iTranslate","com.deepl.mobiletranslator","com.translate.language.translator.voice.translation","ru.yandex.translate","com.google.ar.lens","com.naver.labs.translator","com.zaz.translate","com.translate.talkingtranslator","com.niven.translator","com.niven.game","com.niven.apptranslate","com.galaxy.airviewdictionary","free.translate.all.language.translator"]},{"rank":{"index":2,"lang":"fr","country":"fr","chineseCountryName":"法国","pkg":"com.spaceship.screen.textcopy"},"orders":["com.recognize_text.translate.screen","com.spaceship.screen.textcopy","com.tap_to_translate.snap_translate","com.gaminik.i18n","com.newmg.yurao.pro","com.niven.translator","com.microsoft.translator","com.google.android.apps.translate","com.niven.apptranslate","com.screen.translate.google","com.niven.game","com.google.ar.lens","com.datacomprojects.scanandtranslate","com.deepl.mobiletranslator","com.eecorp.linguago","at.nk.tools.iTranslate","free.translate.all.language.translator","com.translate.language.translator.voice.translation","ru.yandex.translate","com.translate.talkingtranslator"]},{"rank":{"index":2,"lang":"en-gb","country":"gb","chineseCountryName":"英国","pkg":"com.spaceship.screen.textcopy"},"orders":["com.recognize_text.translate.screen","com.spaceship.screen.textcopy","com.google.android.apps.translate","com.tap_to_translate.snap_translate","com.microsoft.translator","com.gaminik.i18n","com.newmg.yurao.pro","com.niven.translator","com.google.ar.lens","com.screen.translate.google","at.nk.tools.iTranslate","ru.yandex.translate","com.sayhi.android.sayhitranslate","com.niven.game","com.deepl.mobiletranslator","com.datacomprojects.scanandtranslate","com.niven.apptranslate","com.naver.labs.translator","com.siv","com.softissimo.reverso.context"]},{"rank":{"index":2,"lang":"de","country":"de","chineseCountryName":"德国","pkg":"com.spaceship.screen.textcopy"},"orders":["com.recognize_text.translate.screen","com.spaceship.screen.textcopy","com.tap_to_translate.snap_translate","com.gaminik.i18n","com.newmg.yurao.pro","com.niven.translator","com.microsoft.translator","com.google.android.apps.translate","com.screen.translate.google","com.niven.game","com.niven.apptranslate","com.deepl.mobiletranslator","com.datacomprojects.scanandtranslate","com.eecorp.linguago","com.google.ar.lens","ru.yandex.translate","com.immersivetranslate.browser","at.nk.tools.iTranslate","com.voice_camera_free_translate","com.language.translate.free.translator.voice.translation"]},{"rank":{"index":2,"lang":"it","country":"it","chineseCountryName":"意大利","pkg":"com.spaceship.screen.textcopy"},"orders":["com.recognize_text.translate.screen","com.spaceship.screen.textcopy","com.tap_to_translate.snap_translate","com.gaminik.i18n","com.newmg.yurao.pro","com.microsoft.translator","com.niven.translator","com.google.android.apps.translate","com.niven.game","com.datacomprojects.scanandtranslate","com.screen.translate.google","at.nk.tools.iTranslate","com.deepl.mobiletranslator"]},{"rank":{"index":2,"lang":"ja","country":"jp","chineseCountryName":"日本","pkg":"com.spaceship.screen.textcopy"},"orders":["com.recognize_text.translate.screen","com.spaceship.screen.textcopy","com.tap_to_translate.snap_translate","com.gaminik.i18n","com.newmg.yurao.pro","com.google.android.apps.translate","com.google.ar.lens","com.niven.translator","com.microsoft.translator","com.niven.game","com.screen.translate.google"]},{"rank":{"index":2,"lang":"ko","country":"kr","chineseCountryName":"韩国","pkg":"com.spaceship.screen.textcopy"},"orders":["com.recognize_text.translate.screen","com.spaceship.screen.textcopy","com.tap_to_translate.snap_translate","com.newmg.yurao.pro","com.gaminik.i18n","com.niven.translator","com.naver.labs.translator","com.google.android.apps.translate","com.microsoft.translator","com.niven.game","com.niven.apptranslate","com.google.ar.lens","com.eecorp.linguago","at.nk.tools.iTranslate","com.deepl.mobiletranslator","com.immersivetranslate.browser","com.screen.translate.google","com.instagram.android","com.facebook.katana","com.android.chrome"]},{"rank":{"index":2,"lang":"zh-hk","country":"hk","chineseCountryName":"香港","pkg":"com.spaceship.screen.textcopy"},"orders":["com.recognize_text.translate.screen","com.spaceship.screen.textcopy","com.gaminik.i18n","com.newmg.yurao.pro","com.niven.translator","com.tap_to_translate.snap_translate","com.google.android.apps.translate","com.microsoft.translator","com.niven.game","com.google.ar.lens","com.screen.translate.google","com.niven.apptranslate","at.nk.tools.iTranslate","com.eecorp.linguago","com.deepl.mobiletranslator","com.android.chrome","com.naver.labs.translator","com.google.android.apps.maps","com.immersivetranslate.browser","com.facebook.katana"]},{"rank":{"index":2,"lang":"zh-tw","country":"tw","chineseCountryName":"台湾","pkg":"com.spaceship.screen.textcopy"},"orders":["com.recognize_text.translate.screen","com.spaceship.screen.textcopy","com.gaminik.i18n","com.newmg.yurao.pro","com.niven.translator","com.tap_to_translate.snap_translate","com.google.android.apps.translate","com.niven.game","com.microsoft.translator","com.niven.apptranslate","com.google.ar.lens","com.screen.translate.google","com.naver.labs.translator","at.nk.tools.iTranslate","com.eecorp.linguago","com.facebook.katana","com.instagram.android","com.facebook.orca","com.google.android.apps.youtube.music","com.android.chrome"]},{"rank":{"index":2,"lang":"en","country":"in","chineseCountryName":"印度","pkg":"com.spaceship.screen.textcopy"},"orders":["com.recognize_text.translate.screen","com.spaceship.screen.textcopy","com.google.android.apps.translate","com.tap_to_translate.snap_translate","com.newmg.yurao.pro","com.gaminik.i18n","com.microsoft.translator","at.nk.tools.iTranslate","com.google.ar.lens","com.zaz.translate","com.deepl.mobiletranslator","ru.yandex.translate","com.naver.labs.translator","com.ticktalk.translatevoice","com.softissimo.reverso.context","com.translate.talkingtranslator","com.niven.translator","screen.translator.voice.translate","com.niven.apptranslate","com.screen.translate.google"]},{"rank":{"index":2,"lang":"id","country":"id","chineseCountryName":"印尼","pkg":"com.spaceship.screen.textcopy"},"orders":["com.recognize_text.translate.screen","com.spaceship.screen.textcopy","com.tap_to_translate.snap_translate","com.gaminik.i18n","com.niven.translator","com.newmg.yurao.pro","com.niven.game","com.niven.apptranslate","com.google.android.apps.translate","com.eecorp.linguago"]},{"rank":{"index":2,"lang":"es-mx","country":"mx","chineseCountryName":"墨西哥","pkg":"com.spaceship.screen.textcopy"},"orders":["com.recognize_text.translate.screen","com.spaceship.screen.textcopy","com.tap_to_translate.snap_translate","com.newmg.yurao.pro","com.gaminik.i18n","com.google.android.apps.translate","com.microsoft.translator","at.nk.tools.iTranslate","com.deepl.mobiletranslator","com.google.ar.lens","ru.yandex.translate","com.naver.labs.translator","com.zaz.translate","com.translate.talkingtranslator","com.ticktalk.translatevoice","com.niven.translator","translate.speech.text.translation.voicetranslator","com.niven.apptranslate","com.niven.game","free.translate.all.language.translator"]}]