[{"rank":{"index":2,"lang":"en-us","country":"us","chineseCountryName":"美国","pkg":"com.spaceship.screen.textcopy"},"orders":["com.recognize_text.translate.screen","com.spaceship.screen.textcopy","com.tap_to_translate.snap_translate","com.google.android.apps.translate","com.niven.translator","com.screen.translate.google","com.microsoft.translator","com.gaminik.i18n","com.newmg.yurao.pro","at.nk.tools.iTranslate","com.google.ar.lens","com.niven.game","com.datacomprojects.scanandtranslate","com.ticktalk.translatevoice","com.translate.talkingtranslator","com.deepl.mobiletranslator","com.niven.comic","com.language.translate.free.translator.voice.translation","com.sayhi.android.sayhitranslate","com.naver.labs.translator"]},{"rank":{"index":2,"lang":"ru","country":"ru","chineseCountryName":"俄罗斯","pkg":"com.spaceship.screen.textcopy"},"orders":["com.recognize_text.translate.screen","com.spaceship.screen.textcopy","com.niven.translator","com.tap_to_translate.snap_translate","com.gaminik.i18n","com.newmg.yurao.pro","ru.yandex.translate","com.screen.translate.google","com.niven.game","com.google.android.apps.translate","com.microsoft.translator","com.niven.comic","at.nk.tools.iTranslate","com.deepl.mobiletranslator","com.niven.apptranslate","com.voice_camera_free_translate","com.language.translate.free.translator.voice.translation","com.tangdi.baiguotong","com.ticktalk.translatevoice","com.datacomprojects.scanandtranslate"]},{"rank":{"index":2,"lang":"pt-br","country":"br","chineseCountryName":"巴西","pkg":"com.spaceship.screen.textcopy"},"orders":["com.recognize_text.translate.screen","com.spaceship.screen.textcopy","com.tap_to_translate.snap_translate","com.gaminik.i18n","at.nk.tools.iTranslate","com.google.android.apps.translate","com.deepl.mobiletranslator","com.zaz.translate","ru.yandex.translate","com.ticktalk.translatevoice","com.softissimo.reverso.context","com.translate.talkingtranslator","com.tangdi.baiguotong","com.niven.translator","com.screen.translate.google","com.newmg.yurao.pro","com.niven.game","com.niven.comic","com.niven.apptranslate","com.translate.language.translator.voice.translation"]},{"rank":{"index":3,"lang":"fr","country":"fr","chineseCountryName":"法国","pkg":"com.spaceship.screen.textcopy"},"orders":["com.recognize_text.translate.screen","com.tap_to_translate.snap_translate","com.spaceship.screen.textcopy","com.niven.translator","com.screen.translate.google","com.gaminik.i18n","com.newmg.yurao.pro","com.microsoft.translator","at.nk.tools.iTranslate","com.google.android.apps.translate","com.niven.game","com.datacomprojects.scanandtranslate","com.niven.comic","com.ticktalk.translatevoice","com.deepl.mobiletranslator","com.voice_camera_free_translate","com.translate.talkingtranslator","com.niven.apptranslate","com.language.translate.free.translator.voice.translation","com.tangdi.baiguotong"]},{"rank":{"index":2,"lang":"en-gb","country":"gb","chineseCountryName":"英国","pkg":"com.spaceship.screen.textcopy"},"orders":["com.recognize_text.translate.screen","com.spaceship.screen.textcopy","com.tap_to_translate.snap_translate","com.google.android.apps.translate","com.screen.translate.google","com.niven.translator","com.microsoft.translator","com.gaminik.i18n","com.newmg.yurao.pro","at.nk.tools.iTranslate","com.google.ar.lens","com.datacomprojects.scanandtranslate","com.niven.game","com.ticktalk.translatevoice","com.niven.comic","com.language.translate.free.translator.voice.translation","com.deepl.mobiletranslator","com.voice_camera_free_translate","com.niven.apptranslate","camtranslator.voice.text.image.translate"]},{"rank":{"index":2,"lang":"de","country":"de","chineseCountryName":"德国","pkg":"com.spaceship.screen.textcopy"},"orders":["com.recognize_text.translate.screen","com.spaceship.screen.textcopy","com.tap_to_translate.snap_translate","com.niven.translator","com.screen.translate.google","com.microsoft.translator","com.gaminik.i18n","com.newmg.yurao.pro","at.nk.tools.iTranslate","com.google.android.apps.translate","com.datacomprojects.scanandtranslate","com.niven.game","com.deepl.mobiletranslator","com.ticktalk.translatevoice","com.language.translate.free.translator.voice.translation","com.niven.comic","com.translate.talkingtranslator","com.voice_camera_free_translate","com.tangdi.baiguotong","ru.yandex.translate"]},{"rank":{"index":2,"lang":"it","country":"it","chineseCountryName":"意大利","pkg":"com.spaceship.screen.textcopy"},"orders":["com.recognize_text.translate.screen","com.spaceship.screen.textcopy","com.gaminik.i18n","com.niven.translator","com.tap_to_translate.snap_translate","com.newmg.yurao.pro","com.screen.translate.google","com.niven.game","com.microsoft.translator","at.nk.tools.iTranslate","com.google.android.apps.translate","com.datacomprojects.scanandtranslate","com.ticktalk.translatevoice","com.niven.comic","com.language.translate.free.translator.voice.translation","com.deepl.mobiletranslator","com.softissimo.reverso.context","com.niven.apptranslate","com.tangdi.baiguotong","camtranslator.voice.text.image.translate"]},{"rank":{"index":2,"lang":"ja","country":"jp","chineseCountryName":"日本","pkg":"com.spaceship.screen.textcopy"},"orders":["com.recognize_text.translate.screen","com.spaceship.screen.textcopy","com.tap_to_translate.snap_translate","com.niven.translator","com.gaminik.i18n","com.screen.translate.google","com.microsoft.translator","com.google.android.apps.translate","com.newmg.yurao.pro","at.nk.tools.iTranslate","com.deepl.mobiletranslator","com.niven.game","com.translate.talkingtranslator"]},{"rank":{"index":2,"lang":"ko","country":"kr","chineseCountryName":"韩国","pkg":"com.spaceship.screen.textcopy"},"orders":["com.recognize_text.translate.screen","com.spaceship.screen.textcopy","com.tap_to_translate.snap_translate","com.gaminik.i18n","com.niven.translator","com.newmg.yurao.pro","com.screen.translate.google","com.niven.game","com.microsoft.translator","com.niven.comic","com.google.android.apps.translate","at.nk.tools.iTranslate","com.naver.labs.translator","com.niven.apptranslate","com.voice_camera_free_translate","com.language.translate.free.translator.voice.translation","com.flitto.app","com.deepl.mobiletranslator","com.facebook.katana","com.translate.talkingtranslator"]},{"rank":{"index":2,"lang":"zh-hk","country":"hk","chineseCountryName":"香港","pkg":"com.spaceship.screen.textcopy"},"orders":["com.recognize_text.translate.screen","com.spaceship.screen.textcopy","com.gaminik.i18n","com.screen.translate.google","com.niven.translator","com.newmg.yurao.pro","com.tap_to_translate.snap_translate","com.microsoft.translator","at.nk.tools.iTranslate","com.google.android.apps.translate","com.niven.game","com.niven.comic","com.language.translate.free.translator.voice.translation","com.datacomprojects.scanandtranslate","com.niven.apptranslate","com.deepl.mobiletranslator","com.google.ar.lens","com.naver.labs.translator","com.tangdi.baiguotong","com.ticktalk.translatevoice"]},{"rank":{"index":2,"lang":"zh-tw","country":"tw","chineseCountryName":"台湾","pkg":"com.spaceship.screen.textcopy"},"orders":["com.recognize_text.translate.screen","com.spaceship.screen.textcopy","com.tap_to_translate.snap_translate","com.screen.translate.google","com.niven.translator","com.gaminik.i18n","com.newmg.yurao.pro","com.microsoft.translator","at.nk.tools.iTranslate","com.google.android.apps.translate","com.niven.game","com.niven.comic","com.voice_camera_free_translate","com.language.translate.free.translator.voice.translation","com.niven.apptranslate","com.datacomprojects.scanandtranslate","com.tangdi.baiguotong","com.naver.labs.translator","com.google.ar.lens","com.ticktalk.translatevoice"]},{"rank":{"index":2,"lang":"en","country":"in","chineseCountryName":"印度","pkg":"com.spaceship.screen.textcopy"},"orders":["com.recognize_text.translate.screen","com.spaceship.screen.textcopy","com.tap_to_translate.snap_translate","com.google.android.apps.translate","com.gaminik.i18n","at.nk.tools.iTranslate","com.zaz.translate","com.ticktalk.translatevoice","com.deepl.mobiletranslator","ru.yandex.translate","com.sayhi.android.sayhitranslate","com.google.ar.lens","com.translate.talkingtranslator","com.niven.translator","com.screen.translate.google","com.newmg.yurao.pro","com.datacomprojects.scanandtranslate","com.niven.game","com.niven.comic","com.softissimo.reverso.context"]},{"rank":{"index":2,"lang":"id","country":"id","chineseCountryName":"印尼","pkg":"com.spaceship.screen.textcopy"},"orders":["com.recognize_text.translate.screen","com.spaceship.screen.textcopy","com.tap_to_translate.snap_translate","com.niven.translator","com.screen.translate.google","com.gaminik.i18n","com.niven.game","com.newmg.yurao.pro","com.niven.comic","at.nk.tools.iTranslate","com.niven.apptranslate","com.google.android.apps.translate","com.youdao.hindict"]},{"rank":{"index":2,"lang":"es-mx","country":"mx","chineseCountryName":"墨西哥","pkg":"com.spaceship.screen.textcopy"},"orders":["com.recognize_text.translate.screen","com.spaceship.screen.textcopy","com.tap_to_translate.snap_translate","com.gaminik.i18n","at.nk.tools.iTranslate","com.google.android.apps.translate","com.deepl.mobiletranslator","com.ticktalk.translatevoice","com.zaz.translate","com.softissimo.reverso.context","com.translate.talkingtranslator","com.sayhi.android.sayhitranslate","ru.yandex.translate","com.niven.translator","com.screen.translate.google","com.newmg.yurao.pro","com.niven.game","com.niven.comic","com.youdao.hindict","com.flitto.app"]}]