[{"rank":{"index":2,"lang":"en-us","country":"us","chineseCountryName":"美国","pkg":"com.spaceship.screen.textcopy"},"orders":["com.recognize_text.translate.screen","com.spaceship.screen.textcopy","com.niven.translator","com.tap_to_translate.snap_translate","com.newmg.yurao.pro","com.gaminik.i18n","com.screen.translate.google","com.eecorp.linguago","com.niven.apptranslate","com.galaxy.airviewdictionary","com.google.android.apps.translate","com.screen.translator.text.recognize","com.zaz.translate","com.deepl.mobiletranslator","com.niven.game","com.google.ar.lens","com.microsoft.translator","com.google.android.inputmethod.latin","com.mg.chat","com.immersivetranslate.browser"]},{"rank":{"index":3,"lang":"ru","country":"ru","chineseCountryName":"俄罗斯","pkg":"com.spaceship.screen.textcopy"},"orders":["com.recognize_text.translate.screen","com.niven.translator","com.spaceship.screen.textcopy","com.tap_to_translate.snap_translate","com.newmg.yurao.pro","com.galaxy.airviewdictionary","com.screen.translate.google","com.gaminik.i18n","com.niven.apptranslate","com.eecorp.linguago","screen.translator.voice.translate","com.screen.translator.text.recognize","com.google.android.apps.translate","com.newtranslate.google","com.zaz.translate","com.google.ar.lens","ru.yandex.translate","live.screentranslate.realtime","com.niven.game","com.google.android.tts"]},{"rank":{"index":3,"lang":"pt-br","country":"br","chineseCountryName":"巴西","pkg":"com.spaceship.screen.textcopy"},"orders":["com.recognize_text.translate.screen","com.niven.translator","com.spaceship.screen.textcopy","com.tap_to_translate.snap_translate","com.newmg.yurao.pro","com.gaminik.i18n","com.galaxy.airviewdictionary","com.screen.translate.google","com.eecorp.linguago","com.niven.apptranslate","com.newtranslate.google","com.screen.translator.text.recognize","screen.translator.voice.translate","com.google.android.apps.translate","com.eecorp.taptranslator","live.screentranslate.realtime","com.android.chrome","com.google.android.apps.maps","com.google.android.inputmethod.latin","com.google.android.apps.docs"]},{"rank":{"index":2,"lang":"fr","country":"fr","chineseCountryName":"法国","pkg":"com.spaceship.screen.textcopy"},"orders":["com.recognize_text.translate.screen","com.spaceship.screen.textcopy","com.tap_to_translate.snap_translate","com.niven.translator","com.newmg.yurao.pro","com.screen.translate.google","com.eecorp.linguago","com.galaxy.airviewdictionary","com.gaminik.i18n","com.niven.apptranslate","screen.translator.voice.translate","com.google.android.apps.translate","com.screen.translator.text.recognize","com.newtranslate.google","live.screentranslate.realtime","com.eecorp.taptranslator","com.zaz.translate","com.deepl.mobiletranslator","com.google.ar.lens","com.google.android.tts"]},{"rank":{"index":2,"lang":"en-gb","country":"gb","chineseCountryName":"英国","pkg":"com.spaceship.screen.textcopy"},"orders":["com.recognize_text.translate.screen","com.spaceship.screen.textcopy","com.niven.translator","com.tap_to_translate.snap_translate","com.newmg.yurao.pro","com.screen.translate.google","com.gaminik.i18n","com.galaxy.airviewdictionary","com.eecorp.linguago","com.niven.apptranslate","com.google.android.apps.translate","screen.translator.voice.translate","com.screen.translator.text.recognize","com.newtranslate.google","com.zaz.translate","com.deepl.mobiletranslator","live.screentranslate.realtime","com.eecorp.taptranslator","com.microsoft.translator","top.applocalize.translate"]},{"rank":{"index":3,"lang":"de","country":"de","chineseCountryName":"德国","pkg":"com.spaceship.screen.textcopy"},"orders":["com.recognize_text.translate.screen","com.niven.translator","com.spaceship.screen.textcopy","com.tap_to_translate.snap_translate","com.newmg.yurao.pro","com.screen.translate.google","com.gaminik.i18n","com.niven.apptranslate","com.eecorp.linguago","com.galaxy.airviewdictionary","com.google.android.apps.translate","com.screen.translator.text.recognize","com.deepl.mobiletranslator","com.zaz.translate","live.screentranslate.realtime","com.google.ar.lens","com.google.android.tts","com.niven.game","com.microsoft.translator","com.immersivetranslate.browser"]},{"rank":{"index":2,"lang":"it","country":"it","chineseCountryName":"意大利","pkg":"com.spaceship.screen.textcopy"},"orders":["com.recognize_text.translate.screen","com.spaceship.screen.textcopy","com.tap_to_translate.snap_translate","com.niven.translator","com.newmg.yurao.pro","com.screen.translate.google","com.galaxy.airviewdictionary","com.gaminik.i18n","com.eecorp.linguago","com.screen.translator.text.recognize","com.niven.apptranslate","com.google.android.apps.translate","screen.translator.voice.translate","com.newtranslate.google","com.eecorp.taptranslator","com.zaz.translate","live.screentranslate.realtime","com.deepl.mobiletranslator","com.google.ar.lens","com.google.android.tts"]},{"rank":{"index":3,"lang":"ja","country":"jp","chineseCountryName":"日本","pkg":"com.spaceship.screen.textcopy"},"orders":["com.recognize_text.translate.screen","com.tap_to_translate.snap_translate","com.spaceship.screen.textcopy","com.niven.translator","com.newmg.yurao.pro","com.eecorp.linguago","live.screentranslate.realtime","com.niven.apptranslate","com.gaminik.i18n","com.screen.translate.google"]},{"rank":{"index":3,"lang":"ko","country":"kr","chineseCountryName":"韩国","pkg":"com.spaceship.screen.textcopy"},"orders":["com.recognize_text.translate.screen","com.niven.translator","com.spaceship.screen.textcopy","com.tap_to_translate.snap_translate","com.newmg.yurao.pro","com.screen.translate.google","com.gaminik.i18n","com.galaxy.airviewdictionary","com.niven.apptranslate","com.eecorp.linguago","screen.translator.voice.translate","com.screen.translator.text.recognize","com.google.android.apps.translate","com.newtranslate.google","live.screentranslate.realtime","com.zaz.translate","com.eecorp.taptranslator","com.naver.labs.translator","com.google.ar.lens","com.deepl.mobiletranslator"]},{"rank":{"index":2,"lang":"zh-hk","country":"hk","chineseCountryName":"香港","pkg":"com.spaceship.screen.textcopy"},"orders":["com.recognize_text.translate.screen","com.spaceship.screen.textcopy","com.tap_to_translate.snap_translate","com.niven.translator","com.newmg.yurao.pro","com.screen.translate.google","com.galaxy.airviewdictionary","com.gaminik.i18n","com.niven.apptranslate","com.eecorp.linguago","com.google.android.apps.translate","screen.translator.voice.translate","com.newtranslate.google","com.zaz.translate","com.screen.translator.text.recognize","com.deepl.mobiletranslator","com.google.ar.lens","live.screentranslate.realtime","com.google.android.tts","com.naver.labs.translator"]},{"rank":{"index":2,"lang":"zh-tw","country":"tw","chineseCountryName":"台湾","pkg":"com.spaceship.screen.textcopy"},"orders":["com.recognize_text.translate.screen","com.spaceship.screen.textcopy","com.niven.translator","com.tap_to_translate.snap_translate","com.newmg.yurao.pro","com.screen.translate.google","com.galaxy.airviewdictionary","com.gaminik.i18n","com.eecorp.linguago","com.niven.apptranslate","com.google.android.apps.translate","screen.translator.voice.translate","com.newtranslate.google","com.screen.translator.text.recognize","com.zaz.translate","com.google.ar.lens","com.eecorp.taptranslator","live.screentranslate.realtime","com.deepl.mobiletranslator","com.google.android.tts"]},{"rank":{"index":0,"lang":"en","country":"in","chineseCountryName":"印度","pkg":"com.spaceship.screen.textcopy"},"orders":["com.recognize_text.translate.screen","com.tap_to_translate.snap_translate","com.gaminik.i18n"]},{"rank":{"index":3,"lang":"id","country":"id","chineseCountryName":"印尼","pkg":"com.spaceship.screen.textcopy"},"orders":["com.recognize_text.translate.screen","com.niven.translator","com.spaceship.screen.textcopy","com.tap_to_translate.snap_translate","com.gaminik.i18n","com.newmg.yurao.pro","com.screen.translate.google","com.galaxy.airviewdictionary","com.eecorp.linguago","com.niven.apptranslate","com.screen.translator.text.recognize","com.google.android.apps.translate","com.newtranslate.google","screen.translator.voice.translate","com.zaz.translate","com.deepl.mobiletranslator","com.niven.game","com.eecorp.taptranslator","live.screentranslate.realtime","com.google.ar.lens"]},{"rank":{"index":2,"lang":"es-mx","country":"mx","chineseCountryName":"墨西哥","pkg":"com.spaceship.screen.textcopy"},"orders":["com.recognize_text.translate.screen","com.spaceship.screen.textcopy","com.niven.translator","com.tap_to_translate.snap_translate","com.newmg.yurao.pro","com.screen.translate.google","com.galaxy.airviewdictionary","com.gaminik.i18n","com.eecorp.linguago","com.niven.apptranslate","com.google.android.apps.translate","com.screen.translator.text.recognize","com.newtranslate.google","screen.translator.voice.translate","live.screentranslate.realtime","com.eecorp.taptranslator","com.zaz.translate","com.google.ar.lens","com.deepl.mobiletranslator","com.google.android.tts"]}]