[{"rank":{"index":6,"lang":"en-us","country":"us","chineseCountryName":"美国","pkg":"com.spaceship.screen.textcopy"},"orders":["com.recognize_text.translate.screen","com.google.android.apps.translate","com.screen.translate.google","com.microsoft.translator","com.niven.translator","com.spaceship.screen.textcopy","com.gaminik.i18n","com.niven.game","com.tap_to_translate.snap_translate","at.nk.tools.iTranslate","com.niven.comic","com.translate.talkingtranslator","com.ticktalk.translatevoice","com.datacomprojects.scanandtranslate","com.naver.labs.translator","com.deepl.mobiletranslator","com.erudite.translator","com.royalappcode.translation.voice.language.chat.interpreter","com.zaz.translate","com.sayhi.android.sayhitranslate"]},{"rank":{"index":6,"lang":"ru","country":"ru","chineseCountryName":"俄罗斯","pkg":"com.spaceship.screen.textcopy"},"orders":["com.recognize_text.translate.screen","com.niven.translator","com.tap_to_translate.snap_translate","com.niven.game","com.screen.translate.google","com.spaceship.screen.textcopy","com.gaminik.i18n","ru.yandex.translate","com.microsoft.translator","com.niven.comic","com.google.android.apps.translate","com.deepl.mobiletranslator","com.datacomprojects.scanandtranslate","at.nk.tools.iTranslate","com.android.chrome","com.instagram.android","com.whatsapp","com.zhiliaoapp.musically","org.telegram.messenger","com.facebook.orca"]},{"rank":{"index":3,"lang":"pt-br","country":"br","chineseCountryName":"巴西","pkg":"com.spaceship.screen.textcopy"},"orders":["com.recognize_text.translate.screen","com.tap_to_translate.snap_translate","com.spaceship.screen.textcopy","com.niven.game","com.google.android.apps.translate","at.nk.tools.iTranslate","com.deepl.mobiletranslator","ru.yandex.translate","com.naver.labs.translator","com.sayhi.android.sayhitranslate","com.google.ar.lens","com.softissimo.reverso.context","com.niven.translator","com.gaminik.i18n","com.screen.translate.google","com.niven.comic","com.galaxy.airviewdictionary","com.youdao.hindict","com.newmg.yurao.pro","com.translate.talkingtranslator"]},{"rank":{"index":7,"lang":"fr","country":"fr","chineseCountryName":"法国","pkg":"com.spaceship.screen.textcopy"},"orders":["com.recognize_text.translate.screen","com.tap_to_translate.snap_translate","com.niven.game","com.gaminik.i18n","com.niven.translator","com.microsoft.translator","com.spaceship.screen.textcopy","com.screen.translate.google","com.google.android.apps.translate","com.niven.comic","at.nk.tools.iTranslate","com.datacomprojects.scanandtranslate","com.image.camera.translate.ai","com.deepl.mobiletranslator","com.erudite.translator","com.tangdi.baiguotong","com.newmg.yurao.pro","com.b1b.translator.voicetranslate.alllanguages.translator.app","com.ticktalk.translatevoice","camtranslator.voice.text.image.translate"]},{"rank":{"index":8,"lang":"en-gb","country":"gb","chineseCountryName":"英国","pkg":"com.spaceship.screen.textcopy"},"orders":["com.recognize_text.translate.screen","com.microsoft.translator","com.gaminik.i18n","com.screen.translate.google","com.google.android.apps.translate","com.niven.translator","com.niven.game","com.spaceship.screen.textcopy","com.tap_to_translate.snap_translate","com.niven.comic","at.nk.tools.iTranslate","com.datacomprojects.scanandtranslate","com.deepl.mobiletranslator","com.erudite.translator","com.zaz.translate","com.newmg.yurao.pro","com.ticktalk.translatevoice","com.royalappcode.translation.voice.language.chat.interpreter","com.tangdi.baiguotong","com.language.translate.free.translator.voice.translation"]},{"rank":{"index":8,"lang":"de","country":"de","chineseCountryName":"德国","pkg":"com.spaceship.screen.textcopy"},"orders":["com.recognize_text.translate.screen","com.tap_to_translate.snap_translate","com.microsoft.translator","com.screen.translate.google","com.niven.game","com.niven.translator","com.gaminik.i18n","com.spaceship.screen.textcopy","com.google.android.apps.translate","at.nk.tools.iTranslate","com.niven.comic","com.deepl.mobiletranslator","com.datacomprojects.scanandtranslate","com.image.camera.translate.ai","com.ticktalk.translatevoice","com.translate.talkingtranslator","com.erudite.translator","com.newmg.yurao.pro","com.softissimo.reverso.context","ru.yandex.translate"]},{"rank":{"index":2,"lang":"it","country":"it","chineseCountryName":"意大利","pkg":"com.spaceship.screen.textcopy"},"orders":["com.recognize_text.translate.screen","com.spaceship.screen.textcopy","com.tap_to_translate.snap_translate","com.screen.translate.google","com.niven.translator","com.niven.game","com.gaminik.i18n","com.microsoft.translator","com.google.android.apps.translate","at.nk.tools.iTranslate","com.niven.comic","com.datacomprojects.scanandtranslate","com.image.camera.translate.ai","com.erudite.translator","com.deepl.mobiletranslator","com.softissimo.reverso.context","camtranslator.voice.text.image.translate","com.newmg.yurao.pro","com.aldoo.pdftranslatorpro","com.translate.language.translator.voice.translation"]},{"rank":{"index":9,"lang":"ja","country":"jp","chineseCountryName":"日本","pkg":"com.spaceship.screen.textcopy"},"orders":["com.recognize_text.translate.screen","com.niven.game","com.niven.translator","com.gaminik.i18n","com.screen.translate.google","com.google.android.apps.translate","com.tap_to_translate.snap_translate","com.microsoft.translator","com.spaceship.screen.textcopy"]},{"rank":{"index":7,"lang":"ko","country":"kr","chineseCountryName":"韩国","pkg":"com.spaceship.screen.textcopy"},"orders":["com.recognize_text.translate.screen","com.tap_to_translate.snap_translate","com.gaminik.i18n","com.niven.translator","com.niven.game","com.screen.translate.google","com.spaceship.screen.textcopy","com.niven.comic","com.naver.labs.translator","com.google.android.apps.translate","com.microsoft.translator","at.nk.tools.iTranslate","com.newmg.yurao.pro","co.timekettle.livetranslator","com.deepl.mobiletranslator","com.image.camera.translate.ai","com.erudite.translator","com.whatsapp","com.facebook.orca","com.google.ar.lens"]},{"rank":{"index":10,"lang":"zh-hk","country":"hk","chineseCountryName":"香港","pkg":"com.spaceship.screen.textcopy"},"orders":["com.recognize_text.translate.screen","com.gaminik.i18n","com.niven.game","com.screen.translate.google","com.niven.translator","com.microsoft.translator","com.tap_to_translate.snap_translate","com.google.android.apps.translate","com.niven.comic","com.spaceship.screen.textcopy","at.nk.tools.iTranslate","com.tangdi.baiguotong","com.datacomprojects.scanandtranslate","com.naver.labs.translator","com.image.camera.translate.ai","com.newmg.yurao.pro","com.erudite.translator","com.deepl.mobiletranslator","com.gonext.chinesetranslator","com.translate.talkingtranslator"]},{"rank":{"index":8,"lang":"zh-tw","country":"tw","chineseCountryName":"台湾","pkg":"com.spaceship.screen.textcopy"},"orders":["com.recognize_text.translate.screen","com.niven.game","com.gaminik.i18n","com.screen.translate.google","com.niven.translator","com.microsoft.translator","com.tap_to_translate.snap_translate","com.spaceship.screen.textcopy","com.niven.comic","at.nk.tools.iTranslate","com.google.android.apps.translate","com.tangdi.baiguotong","com.datacomprojects.scanandtranslate","com.image.camera.translate.ai","com.naver.labs.translator","com.newmg.yurao.pro","com.erudite.translator","com.youdao.hindict","com.translate.talkingtranslator","com.language.translate.free.translator.voice.translation"]},{"rank":{"index":4,"lang":"en","country":"in","chineseCountryName":"印度","pkg":"com.spaceship.screen.textcopy"},"orders":["com.recognize_text.translate.screen","com.google.android.apps.translate","com.tap_to_translate.snap_translate","com.spaceship.screen.textcopy","com.niven.game","ru.yandex.translate","com.google.ar.lens","com.sayhi.android.sayhitranslate","com.ticktalk.translatevoice","com.deepl.mobiletranslator","com.naver.labs.translator","com.screen.translate.google","com.niven.translator","com.newmg.yurao.pro","com.zaz.translate","com.gaminik.i18n","com.datacomprojects.scanandtranslate","com.niven.comic","com.translate.talkingtranslator","com.softissimo.reverso.context"]},{"rank":{"index":6,"lang":"id","country":"id","chineseCountryName":"印尼","pkg":"com.spaceship.screen.textcopy"},"orders":["com.recognize_text.translate.screen","com.tap_to_translate.snap_translate","com.niven.translator","com.niven.game","com.gaminik.i18n","com.spaceship.screen.textcopy","com.screen.translate.google","com.niven.comic","com.youdao.hindict","com.google.android.apps.translate"]},{"rank":{"index":4,"lang":"es-mx","country":"mx","chineseCountryName":"墨西哥","pkg":"com.spaceship.screen.textcopy"},"orders":["com.recognize_text.translate.screen","com.tap_to_translate.snap_translate","com.niven.game","com.spaceship.screen.textcopy","at.nk.tools.iTranslate","com.google.android.apps.translate","ru.yandex.translate","com.deepl.mobiletranslator","com.ticktalk.translatevoice","com.naver.labs.translator","com.translate.talkingtranslator","com.google.ar.lens","com.niven.translator","com.gaminik.i18n","com.screen.translate.google","com.niven.comic","com.youdao.hindict","com.datacomprojects.scanandtranslate","com.newmg.yurao.pro","com.softissimo.reverso.context"]}]