[{"rank":{"index":2,"lang":"en-us","country":"us","chineseCountryName":"美国","pkg":"com.spaceship.screen.textcopy"},"orders":["com.recognize_text.translate.screen","com.spaceship.screen.textcopy","com.tap_to_translate.snap_translate","com.gaminik.i18n","com.mg.yurao.google","com.microsoft.translator","com.niven.game","com.google.android.apps.translate","com.niven.translator","com.niven.comic","com.eecorp.linguago","screen.translator.voice.translate","com.niven.apptranslate","com.sayhi.android.sayhitranslate","com.zaz.translate","com.newmg.yurao.pro","com.translate.talkingtranslator","com.naver.labs.translator","at.nk.tools.iTranslate","com.ydzlabs.chattranslator"]},{"rank":{"index":3,"lang":"ru","country":"ru","chineseCountryName":"俄罗斯","pkg":"com.spaceship.screen.textcopy"},"orders":["com.recognize_text.translate.screen","com.tap_to_translate.snap_translate","com.spaceship.screen.textcopy","com.gaminik.i18n","com.niven.game","com.niven.translator","com.mg.yurao.google","com.microsoft.translator","com.eecorp.linguago","com.google.android.apps.translate","com.niven.comic","screen.translator.voice.translate","com.niven.apptranslate","com.pidev.screentranslator","com.chat_translate.screen_translate","ru.yandex.translate","com.sayhi.android.sayhitranslate","com.deepl.mobiletranslator","us.zoom.videomeetings","com.appspell.screentranslator"]},{"rank":{"index":2,"lang":"pt-br","country":"br","chineseCountryName":"巴西","pkg":"com.spaceship.screen.textcopy"},"orders":["com.recognize_text.translate.screen","com.spaceship.screen.textcopy","com.gaminik.i18n","com.tap_to_translate.snap_translate","com.niven.game","com.mg.yurao.google","com.niven.translator","com.eecorp.linguago","com.niven.comic","screen.translator.voice.translate","com.niven.apptranslate","com.microsoft.translator","com.youdao.hindict","com.chat_translate.screen_translate","com.tranit.text.translate","com.pidev.screentranslator","com.google.android.apps.translate","com.android.chrome","com.google.android.apps.docs","com.discord"]},{"rank":{"index":2,"lang":"fr","country":"fr","chineseCountryName":"法国","pkg":"com.spaceship.screen.textcopy"},"orders":["com.recognize_text.translate.screen","com.spaceship.screen.textcopy","com.tap_to_translate.snap_translate","com.gaminik.i18n","com.niven.game","com.mg.yurao.google","com.niven.translator","com.niven.comic","com.eecorp.linguago","com.microsoft.translator","screen.translator.voice.translate","com.niven.apptranslate","com.tranit.text.translate","com.newmg.yurao.pro","com.google.android.apps.translate","com.zaz.translate","com.chat_translate.screen_translate","com.deepl.mobiletranslator","com.pidev.screentranslator","com.softissimo.reverso.context"]},{"rank":{"index":2,"lang":"en-gb","country":"gb","chineseCountryName":"英国","pkg":"com.spaceship.screen.textcopy"},"orders":["com.recognize_text.translate.screen","com.spaceship.screen.textcopy","com.tap_to_translate.snap_translate","com.gaminik.i18n","com.microsoft.translator","com.mg.yurao.google","com.niven.game","com.google.android.apps.translate","screen.translator.voice.translate","com.niven.comic","com.niven.translator","com.eecorp.linguago","com.niven.apptranslate","com.sayhi.android.sayhitranslate","com.zaz.translate","com.newmg.yurao.pro","at.nk.tools.iTranslate","com.tranit.text.translate","com.translate.talkingtranslator","com.ydzlabs.chattranslator"]},{"rank":{"index":2,"lang":"de","country":"de","chineseCountryName":"德国","pkg":"com.spaceship.screen.textcopy"},"orders":["com.recognize_text.translate.screen","com.spaceship.screen.textcopy","com.gaminik.i18n","com.mg.yurao.google","com.niven.game","com.tap_to_translate.snap_translate","com.niven.translator","com.niven.comic","com.eecorp.linguago","com.microsoft.translator","com.niven.apptranslate","screen.translator.voice.translate","com.newmg.yurao.pro","com.deepl.mobiletranslator","com.google.android.apps.translate","com.sayhi.android.sayhitranslate","com.chat_translate.screen_translate","com.zaz.translate","com.translate.talkingtranslator","ru.yandex.translate"]},{"rank":{"index":2,"lang":"it","country":"it","chineseCountryName":"意大利","pkg":"com.spaceship.screen.textcopy"},"orders":["com.recognize_text.translate.screen","com.spaceship.screen.textcopy","com.gaminik.i18n","screen.translator.voice.translate","com.niven.game","com.mg.yurao.google","com.tap_to_translate.snap_translate","com.eecorp.linguago","com.niven.comic","com.niven.translator","com.microsoft.translator","com.niven.apptranslate","com.chat_translate.screen_translate","com.zaz.translate","com.google.android.apps.translate","com.pidev.screentranslator","com.newmg.yurao.pro","com.translator.translation.screen.translate.voice.languages.text.translating","us.zoom.videomeetings","com.deepl.mobiletranslator"]},{"rank":{"index":3,"lang":"ja","country":"jp","chineseCountryName":"日本","pkg":"com.spaceship.screen.textcopy"},"orders":["com.recognize_text.translate.screen","com.gaminik.i18n","com.spaceship.screen.textcopy","com.niven.game","com.mg.yurao.google","com.tap_to_translate.snap_translate","com.eecorp.linguago","com.niven.comic","com.niven.translator","screen.translator.voice.translate","com.newmg.yurao.pro","com.chat_translate.screen_translate","com.niven.apptranslate","com.pidev.screentranslator","com.google.android.apps.translate","com.eecorp.taptranslator","us.zoom.videomeetings","com.deepl.mobiletranslator","com.naver.labs.translator","com.google.android.dialer"]},{"rank":{"index":2,"lang":"ko","country":"kr","chineseCountryName":"韩国","pkg":"com.spaceship.screen.textcopy"},"orders":["com.recognize_text.translate.screen","com.spaceship.screen.textcopy","com.tap_to_translate.snap_translate","com.gaminik.i18n","com.mg.yurao.google","com.niven.game","com.microsoft.translator","com.niven.translator","com.eecorp.linguago","com.google.android.apps.translate","com.niven.comic","com.naver.labs.translator","com.newmg.yurao.pro","com.niven.apptranslate","screen.translator.voice.translate","com.chat_translate.screen_translate","com.deepl.mobiletranslator","com.pidev.screentranslator","com.zaz.translate","com.translate.talkingtranslator"]},{"rank":{"index":2,"lang":"zh-hk","country":"hk","chineseCountryName":"香港","pkg":"com.spaceship.screen.textcopy"},"orders":["com.recognize_text.translate.screen","com.spaceship.screen.textcopy","com.tap_to_translate.snap_translate","com.mg.yurao.google","com.gaminik.i18n","com.niven.game","com.microsoft.translator","com.niven.translator","com.google.android.apps.translate","com.niven.comic","com.eecorp.linguago","screen.translator.voice.translate","com.niven.apptranslate","com.newmg.yurao.pro","com.zaz.translate","com.chat_translate.screen_translate","com.youdao.hindict","com.naver.labs.translator","at.nk.tools.iTranslate","com.pidev.screentranslator"]},{"rank":{"index":4,"lang":"zh-tw","country":"tw","chineseCountryName":"台湾","pkg":"com.spaceship.screen.textcopy"},"orders":["com.recognize_text.translate.screen","com.mg.yurao.google","com.tap_to_translate.snap_translate","com.spaceship.screen.textcopy","com.gaminik.i18n","com.niven.game","com.microsoft.translator","com.niven.translator","com.google.android.apps.translate","com.niven.comic","com.eecorp.linguago","com.niven.apptranslate","screen.translator.voice.translate","com.newmg.yurao.pro","com.zaz.translate","com.youdao.hindict","com.naver.labs.translator","com.sayhi.android.sayhitranslate","com.chat_translate.screen_translate","com.ydzlabs.chattranslator"]},{"rank":{"index":2,"lang":"en","country":"in","chineseCountryName":"印度","pkg":"com.spaceship.screen.textcopy"},"orders":["com.recognize_text.translate.screen","com.spaceship.screen.textcopy","com.tap_to_translate.snap_translate","screen.translator.voice.translate","com.niven.game","com.google.android.apps.translate","com.microsoft.translator","com.zaz.translate","com.eecorp.linguago","com.niven.comic","com.niven.translator","com.niven.apptranslate","com.newmg.yurao.pro","com.tranit.text.translate","com.chat_translate.screen_translate","com.pidev.screentranslator","translate.smartranit.language.text","com.naver.labs.translator","com.gaminik.i18n","com.mg.yurao.google"]},{"rank":{"index":2,"lang":"id","country":"id","chineseCountryName":"印尼","pkg":"com.spaceship.screen.textcopy"},"orders":["com.recognize_text.translate.screen","com.spaceship.screen.textcopy","com.gaminik.i18n","com.mg.yurao.google","com.eecorp.linguago","com.niven.game","com.tap_to_translate.snap_translate","com.niven.comic","com.newmg.yurao.pro","com.niven.translator","screen.translator.voice.translate"]},{"rank":{"index":3,"lang":"es-mx","country":"mx","chineseCountryName":"墨西哥","pkg":"com.spaceship.screen.textcopy"},"orders":["com.recognize_text.translate.screen","com.gaminik.i18n","com.spaceship.screen.textcopy","com.tap_to_translate.snap_translate","com.niven.game","com.mg.yurao.google","com.niven.translator","com.niven.comic","com.eecorp.linguago","com.youdao.hindict","com.niven.apptranslate","screen.translator.voice.translate","com.microsoft.translator","com.chat_translate.screen_translate","com.pidev.screentranslator","com.google.android.apps.translate","com.zaz.translate","com.tranit.text.translate","com.newmg.yurao.pro","at.nk.tools.iTranslate"]}]