[{"rank":{"index":2,"lang":"en-us","country":"us","chineseCountryName":"美国","pkg":"com.spaceship.screen.textcopy"},"orders":["com.recognize_text.translate.screen","com.spaceship.screen.textcopy","com.niven.translator","com.google.android.apps.translate","com.tap_to_translate.snap_translate","com.newmg.yurao.pro","com.gaminik.i18n","com.zaz.translate","com.deepl.mobiletranslator","com.immersivetranslate.browser","com.microsoft.translator","com.screen.translate.google","at.nk.tools.iTranslate","com.naver.labs.translator","com.niven.game","photo.translate.camera.translator","com.niven.apptranslate","com.fapp.translate.language.translator.fasttranslation","ru.yandex.translate","com.translate.talkingtranslator"]},{"rank":{"index":0,"lang":"ru","country":"ru","chineseCountryName":"俄罗斯","pkg":"com.spaceship.screen.textcopy"},"orders":["com.recognize_text.translate.screen","com.niven.translator","com.tap_to_translate.snap_translate","com.newmg.yurao.pro","com.gaminik.i18n","com.zaz.translate","com.niven.game","com.immersivetranslate.browser","com.google.android.apps.translate","com.screen.translate.google","com.deepl.mobiletranslator","photo.translate.camera.translator","com.niven.apptranslate","com.voice_camera_free_translate","ru.yandex.translate","at.nk.tools.iTranslate","com.microsoft.translator","com.audacityittranslator.translatetexttranslator","com.naver.labs.translator","live.screentranslate.realtime"]},{"rank":{"index":2,"lang":"pt-br","country":"br","chineseCountryName":"巴西","pkg":"com.spaceship.screen.textcopy"},"orders":["com.recognize_text.translate.screen","com.spaceship.screen.textcopy","com.niven.translator","com.tap_to_translate.snap_translate","com.gaminik.i18n","com.newmg.yurao.pro","com.google.android.apps.translate","com.immersivetranslate.browser","com.zaz.translate","com.screen.translate.google","com.niven.game","com.deepl.mobiletranslator","com.niven.apptranslate","at.nk.tools.iTranslate","com.voice_camera_free_translate","photo.translate.camera.translator","com.microsoft.translator","com.audacityittranslator.translatetexttranslator","com.eecorp.taptranslator","live.screentranslate.realtime"]},{"rank":{"index":2,"lang":"fr","country":"fr","chineseCountryName":"法国","pkg":"com.spaceship.screen.textcopy"},"orders":["com.recognize_text.translate.screen","com.spaceship.screen.textcopy","com.tap_to_translate.snap_translate","com.gaminik.i18n","com.niven.translator","com.newmg.yurao.pro","com.immersivetranslate.browser","com.zaz.translate","com.screen.translate.google","com.google.android.apps.translate","com.deepl.mobiletranslator","com.niven.apptranslate","com.microsoft.translator","com.fapp.translate.language.translator.fasttranslation","com.niven.game","com.audacityittranslator.translatetexttranslator","photo.translate.camera.translator","live.screentranslate.realtime","com.eecorp.taptranslator","com.screen.translator.text.recognize"]},{"rank":{"index":2,"lang":"en-gb","country":"gb","chineseCountryName":"英国","pkg":"com.spaceship.screen.textcopy"},"orders":["com.recognize_text.translate.screen","com.spaceship.screen.textcopy","com.tap_to_translate.snap_translate","com.niven.translator","com.google.android.apps.translate","com.newmg.yurao.pro","com.zaz.translate","com.gaminik.i18n","com.immersivetranslate.browser","com.deepl.mobiletranslator","com.microsoft.translator","at.nk.tools.iTranslate","photo.translate.camera.translator","com.screen.translate.google","com.fapp.translate.language.translator.fasttranslation","com.niven.game","com.niven.apptranslate","com.voice_camera_free_translate","com.naver.labs.translator","ru.yandex.translate"]},{"rank":{"index":2,"lang":"de","country":"de","chineseCountryName":"德国","pkg":"com.spaceship.screen.textcopy"},"orders":["com.recognize_text.translate.screen","com.spaceship.screen.textcopy","com.niven.translator","com.tap_to_translate.snap_translate","com.gaminik.i18n","com.newmg.yurao.pro","com.immersivetranslate.browser","com.zaz.translate","com.deepl.mobiletranslator","com.screen.translate.google","com.google.android.apps.translate","com.niven.apptranslate"]},{"rank":{"index":2,"lang":"it","country":"it","chineseCountryName":"意大利","pkg":"com.spaceship.screen.textcopy"},"orders":["com.recognize_text.translate.screen","com.spaceship.screen.textcopy","com.zaz.translate","com.newmg.yurao.pro","com.niven.translator","com.gaminik.i18n","com.tap_to_translate.snap_translate","com.immersivetranslate.browser","com.google.android.apps.translate","com.screen.translate.google","com.deepl.mobiletranslator","com.niven.apptranslate","com.niven.game","com.microsoft.translator","com.audacityittranslator.translatetexttranslator","at.nk.tools.iTranslate","live.screentranslate.realtime","com.eecorp.taptranslator","photo.translate.camera.translator","com.fapp.translate.language.translator.fasttranslation"]},{"rank":{"index":2,"lang":"ja","country":"jp","chineseCountryName":"日本","pkg":"com.spaceship.screen.textcopy"},"orders":["com.recognize_text.translate.screen","com.spaceship.screen.textcopy","com.tap_to_translate.snap_translate","com.niven.translator","com.newmg.yurao.pro","com.gaminik.i18n","com.immersivetranslate.browser","com.zaz.translate","com.deepl.mobiletranslator","com.google.android.apps.translate","com.naver.labs.translator","com.screen.translate.google","com.niven.game"]},{"rank":{"index":2,"lang":"ko","country":"kr","chineseCountryName":"韩国","pkg":"com.spaceship.screen.textcopy"},"orders":["com.recognize_text.translate.screen","com.spaceship.screen.textcopy","com.tap_to_translate.snap_translate","com.niven.translator","com.newmg.yurao.pro","com.gaminik.i18n","com.zaz.translate","com.immersivetranslate.browser","com.naver.labs.translator","com.screen.translate.google","com.niven.apptranslate","com.deepl.mobiletranslator","com.google.android.apps.translate","com.niven.game","com.microsoft.translator","at.nk.tools.iTranslate","com.google.ar.lens","live.screentranslate.realtime","com.eecorp.taptranslator","com.audacityittranslator.translatetexttranslator"]},{"rank":{"index":2,"lang":"zh-hk","country":"hk","chineseCountryName":"香港","pkg":"com.spaceship.screen.textcopy"},"orders":["com.recognize_text.translate.screen","com.spaceship.screen.textcopy","com.tap_to_translate.snap_translate","com.newmg.yurao.pro","com.niven.translator","com.gaminik.i18n","com.google.android.apps.translate","com.immersivetranslate.browser","com.zaz.translate","com.screen.translate.google","com.niven.apptranslate","com.niven.game","com.microsoft.translator","photo.translate.camera.translator","com.deepl.mobiletranslator","at.nk.tools.iTranslate","com.naver.labs.translator","com.voice_camera_free_translate","com.fapp.translate.language.translator.fasttranslation","com.audacityittranslator.translatetexttranslator"]},{"rank":{"index":2,"lang":"zh-tw","country":"tw","chineseCountryName":"台湾","pkg":"com.spaceship.screen.textcopy"},"orders":["com.recognize_text.translate.screen","com.spaceship.screen.textcopy","com.tap_to_translate.snap_translate","com.newmg.yurao.pro","com.gaminik.i18n","com.niven.translator","com.immersivetranslate.browser","com.google.android.apps.translate","com.zaz.translate","com.screen.translate.google","photo.translate.camera.translator","com.niven.game","com.microsoft.translator","com.niven.apptranslate","com.deepl.mobiletranslator","at.nk.tools.iTranslate","com.naver.labs.translator","com.voice_camera_free_translate","com.audacityittranslator.translatetexttranslator","com.fapp.translate.language.translator.fasttranslation"]},{"rank":{"index":2,"lang":"en","country":"in","chineseCountryName":"印度","pkg":"com.spaceship.screen.textcopy"},"orders":["com.recognize_text.translate.screen","com.spaceship.screen.textcopy","com.newmg.yurao.pro"]},{"rank":{"index":2,"lang":"id","country":"id","chineseCountryName":"印尼","pkg":"com.spaceship.screen.textcopy"},"orders":["com.recognize_text.translate.screen","com.spaceship.screen.textcopy","com.tap_to_translate.snap_translate","com.niven.translator","com.google.android.apps.translate","com.gaminik.i18n","com.newmg.yurao.pro","com.zaz.translate","com.immersivetranslate.browser","com.deepl.mobiletranslator","com.niven.game","com.screen.translate.google","com.naver.labs.translator"]},{"rank":{"index":1,"lang":"es-mx","country":"mx","chineseCountryName":"墨西哥","pkg":"com.spaceship.screen.textcopy"},"orders":["com.spaceship.screen.textcopy","com.recognize_text.translate.screen","com.niven.translator","com.tap_to_translate.snap_translate","com.gaminik.i18n","com.newmg.yurao.pro","com.immersivetranslate.browser","com.google.android.apps.translate","com.screen.translate.google","com.zaz.translate","com.deepl.mobiletranslator","com.niven.apptranslate","com.niven.game","com.microsoft.translator","at.nk.tools.iTranslate","live.screentranslate.realtime","com.audacityittranslator.translatetexttranslator","com.eecorp.taptranslator","com.google.ar.lens","com.fapp.translate.language.translator.fasttranslation"]}]