[{"rank":{"index":2,"lang":"en-us","country":"us","chineseCountryName":"美国","pkg":"com.spaceship.screen.textcopy"},"orders":["com.recognize_text.translate.screen","com.spaceship.screen.textcopy","com.tap_to_translate.snap_translate","com.google.android.apps.translate","com.newmg.yurao.pro","com.niven.translator","com.screen.translate.google","com.gaminik.i18n","com.microsoft.translator","com.niven.game","com.immersivetranslate.browser","com.niven.apptranslate","com.yoyodev.screentranslate","com.naver.labs.translator","com.deepl.mobiletranslator","com.zaz.translate","ru.yandex.translate","com.eecorp.linguago","link.zhidou.btranslator","com.voice_camera_free_translate"]},{"rank":{"index":0,"lang":"ru","country":"ru","chineseCountryName":"俄罗斯","pkg":"com.spaceship.screen.textcopy"},"orders":["com.recognize_text.translate.screen","com.niven.translator","com.tap_to_translate.snap_translate","com.newmg.yurao.pro","com.gaminik.i18n","com.screen.translate.google","com.niven.game","ru.yandex.translate","com.google.android.apps.translate","com.yoyodev.screentranslate","com.niven.apptranslate"]},{"rank":{"index":2,"lang":"pt-br","country":"br","chineseCountryName":"巴西","pkg":"com.spaceship.screen.textcopy"},"orders":["com.recognize_text.translate.screen","com.spaceship.screen.textcopy","com.tap_to_translate.snap_translate","com.gaminik.i18n","com.newmg.yurao.pro","com.google.android.apps.translate","com.deepl.mobiletranslator","com.zaz.translate","at.nk.tools.iTranslate","ru.yandex.translate","com.naver.labs.translator","com.datacomprojects.scanandtranslate","com.google.ar.lens","com.translate.talkingtranslator","com.ticktalk.translatevoice","com.niven.translator","com.screen.translate.google","com.niven.apptranslate","com.niven.game","com.softissimo.reverso.context"]},{"rank":{"index":2,"lang":"fr","country":"fr","chineseCountryName":"法国","pkg":"com.spaceship.screen.textcopy"},"orders":["com.recognize_text.translate.screen","com.spaceship.screen.textcopy","com.tap_to_translate.snap_translate","com.newmg.yurao.pro","com.niven.translator","com.gaminik.i18n","com.screen.translate.google","com.niven.apptranslate","com.google.android.apps.translate","com.microsoft.translator","com.niven.game","com.deepl.mobiletranslator","com.zaz.translate","com.immersivetranslate.browser","com.voice_camera_free_translate","com.yoyodev.screentranslate","ru.yandex.translate","com.eecorp.linguago","com.google.ar.lens","com.naver.labs.translator"]},{"rank":{"index":2,"lang":"en-gb","country":"gb","chineseCountryName":"英国","pkg":"com.spaceship.screen.textcopy"},"orders":["com.recognize_text.translate.screen","com.spaceship.screen.textcopy","com.newmg.yurao.pro","com.google.android.apps.translate","com.niven.translator","com.gaminik.i18n","com.screen.translate.google","com.tap_to_translate.snap_translate","com.microsoft.translator","com.niven.game","com.niven.apptranslate","com.immersivetranslate.browser","com.deepl.mobiletranslator","com.yoyodev.screentranslate","com.zaz.translate","com.paninitranslate","ru.yandex.translate","com.eecorp.linguago","at.nk.tools.iTranslate","com.tangdi.baiguotong"]},{"rank":{"index":2,"lang":"de","country":"de","chineseCountryName":"德国","pkg":"com.spaceship.screen.textcopy"},"orders":["com.recognize_text.translate.screen","com.spaceship.screen.textcopy","com.newmg.yurao.pro","com.niven.translator","com.screen.translate.google","com.gaminik.i18n","com.tap_to_translate.snap_translate","com.microsoft.translator","com.google.android.apps.translate","com.niven.apptranslate","com.immersivetranslate.browser","com.niven.game","com.deepl.mobiletranslator","ru.yandex.translate","com.zaz.translate","com.eecorp.linguago","com.yoyodev.screentranslate","com.microsoft.teams","com.google.ar.lens","com.tangdi.baiguotong"]},{"rank":{"index":2,"lang":"it","country":"it","chineseCountryName":"意大利","pkg":"com.spaceship.screen.textcopy"},"orders":["com.recognize_text.translate.screen","com.spaceship.screen.textcopy","com.tap_to_translate.snap_translate","com.niven.translator","com.gaminik.i18n","com.newmg.yurao.pro","com.screen.translate.google","com.niven.game","com.niven.apptranslate","com.google.android.apps.translate","com.microsoft.translator","com.immersivetranslate.browser","com.deepl.mobiletranslator","com.tangdi.baiguotong","com.voice_camera_free_translate","com.eecorp.linguago","com.yoyodev.screentranslate","com.zaz.translate","at.nk.tools.iTranslate","ru.yandex.translate"]},{"rank":{"index":2,"lang":"ja","country":"jp","chineseCountryName":"日本","pkg":"com.spaceship.screen.textcopy"},"orders":["com.recognize_text.translate.screen","com.spaceship.screen.textcopy","com.tap_to_translate.snap_translate","com.newmg.yurao.pro","com.gaminik.i18n","com.niven.translator","com.screen.translate.google","com.google.android.apps.translate","com.niven.game","com.immersivetranslate.browser","com.deepl.mobiletranslator","com.microsoft.translator"]},{"rank":{"index":3,"lang":"ko","country":"kr","chineseCountryName":"韩国","pkg":"com.spaceship.screen.textcopy"},"orders":["com.recognize_text.translate.screen","com.tap_to_translate.snap_translate","com.spaceship.screen.textcopy","com.newmg.yurao.pro","com.gaminik.i18n","com.niven.translator","com.screen.translate.google","com.niven.game","com.niven.apptranslate","com.naver.labs.translator","com.google.android.apps.translate","com.voice_camera_free_translate","com.immersivetranslate.browser","com.eecorp.linguago","com.microsoft.translator","com.deepl.mobiletranslator","com.openai.chatgpt","com.facebook.katana","com.microsoft.teams","com.facebook.orca"]},{"rank":{"index":2,"lang":"zh-hk","country":"hk","chineseCountryName":"香港","pkg":"com.spaceship.screen.textcopy"},"orders":["com.recognize_text.translate.screen","com.spaceship.screen.textcopy","com.newmg.yurao.pro","com.screen.translate.google","com.gaminik.i18n","com.niven.translator","com.tap_to_translate.snap_translate","com.google.android.apps.translate","com.niven.game","com.immersivetranslate.browser","com.niven.apptranslate","com.microsoft.translator","com.tangdi.baiguotong","com.yoyodev.screentranslate","com.eecorp.linguago","com.deepl.mobiletranslator","com.naver.labs.translator","com.datacomprojects.scanandtranslate","at.nk.tools.iTranslate","com.paninitranslate"]},{"rank":{"index":2,"lang":"zh-tw","country":"tw","chineseCountryName":"台湾","pkg":"com.spaceship.screen.textcopy"},"orders":["com.recognize_text.translate.screen","com.spaceship.screen.textcopy","com.screen.translate.google","com.newmg.yurao.pro","com.gaminik.i18n","com.niven.translator","com.tap_to_translate.snap_translate","com.niven.game","com.niven.apptranslate","com.immersivetranslate.browser","com.google.android.apps.translate","com.microsoft.translator","com.tangdi.baiguotong","com.naver.labs.translator","com.eecorp.linguago","com.deepl.mobiletranslator","com.facebook.katana","com.facebook.orca","com.openai.chatgpt","com.microsoft.teams"]},{"rank":{"index":2,"lang":"en","country":"in","chineseCountryName":"印度","pkg":"com.spaceship.screen.textcopy"},"orders":["com.recognize_text.translate.screen","com.spaceship.screen.textcopy","com.newmg.yurao.pro","com.google.android.apps.translate"]},{"rank":{"index":3,"lang":"id","country":"id","chineseCountryName":"印尼","pkg":"com.spaceship.screen.textcopy"},"orders":["com.recognize_text.translate.screen","com.tap_to_translate.snap_translate","com.spaceship.screen.textcopy","com.newmg.yurao.pro","com.niven.translator","com.screen.translate.google","com.gaminik.i18n","com.niven.game","com.niven.apptranslate","com.google.android.apps.translate","com.eecorp.linguago","com.immersivetranslate.browser","com.yoyodev.screentranslate"]},{"rank":{"index":2,"lang":"es-mx","country":"mx","chineseCountryName":"墨西哥","pkg":"com.spaceship.screen.textcopy"},"orders":["com.recognize_text.translate.screen","com.spaceship.screen.textcopy","com.tap_to_translate.snap_translate","com.newmg.yurao.pro","com.gaminik.i18n","com.google.android.apps.translate","com.deepl.mobiletranslator","com.zaz.translate","at.nk.tools.iTranslate","ru.yandex.translate","com.datacomprojects.scanandtranslate","com.naver.labs.translator","com.google.ar.lens","com.translate.talkingtranslator","com.niven.translator","com.screen.translate.google","com.niven.game","com.niven.apptranslate","com.newtranslate.google","com.softissimo.reverso.context"]}]