[{"rank":{"index":2,"lang":"en-us","country":"us","chineseCountryName":"美国","pkg":"com.spaceship.screen.textcopy"},"orders":["com.recognize_text.translate.screen","com.spaceship.screen.textcopy","com.tap_to_translate.snap_translate","com.newmg.yurao.pro","com.niven.translator","com.gaminik.i18n","com.screen.translate.google","com.microsoft.translator","com.galaxy.airviewdictionary","com.zaz.translate","at.nk.tools.iTranslate","com.eecorp.linguago","com.google.android.apps.translate","com.niven.apptranslate","com.niven.game","com.deepl.mobiletranslator"]},{"rank":{"index":2,"lang":"ru","country":"ru","chineseCountryName":"俄罗斯","pkg":"com.spaceship.screen.textcopy"},"orders":["com.recognize_text.translate.screen","com.spaceship.screen.textcopy","com.niven.translator","com.gaminik.i18n","com.tap_to_translate.snap_translate","com.newmg.yurao.pro","com.screen.translate.google","com.galaxy.airviewdictionary","com.niven.apptranslate","com.eecorp.linguago","com.niven.game","com.microsoft.translator","at.nk.tools.iTranslate","com.zaz.translate","com.deepl.mobiletranslator","live.screentranslate.realtime","ru.yandex.translate","com.google.android.apps.translate","photo.translate.camera.translator","top.applocalize.translate"]},{"rank":{"index":2,"lang":"pt-br","country":"br","chineseCountryName":"巴西","pkg":"com.spaceship.screen.textcopy"},"orders":["com.recognize_text.translate.screen","com.spaceship.screen.textcopy","com.gaminik.i18n","com.niven.translator","com.tap_to_translate.snap_translate","com.newmg.yurao.pro","com.screen.translate.google","com.galaxy.airviewdictionary","com.niven.apptranslate","com.niven.game","com.eecorp.linguago","at.nk.tools.iTranslate","com.zaz.translate","com.eecorp.taptranslator","com.microsoft.translator","live.screentranslate.realtime","com.fapp.translate.language.translator.fasttranslation","com.google.android.apps.translate","com.deepl.mobiletranslator","co.langlang.translator_for_wsp"]},{"rank":{"index":2,"lang":"fr","country":"fr","chineseCountryName":"法国","pkg":"com.spaceship.screen.textcopy"},"orders":["com.recognize_text.translate.screen","com.spaceship.screen.textcopy","com.gaminik.i18n","com.tap_to_translate.snap_translate","com.niven.translator","com.newmg.yurao.pro","com.eecorp.linguago","com.eecorp.taptranslator","com.niven.apptranslate","com.screen.translate.google","live.screentranslate.realtime","com.galaxy.airviewdictionary","com.niven.game","com.zaz.translate","com.google.android.apps.translate","screen.translator.voice.translate","com.deepl.mobiletranslator","com.microsoft.translator","com.google.ar.lens","com.immersivetranslate.browser"]},{"rank":{"index":2,"lang":"en-gb","country":"gb","chineseCountryName":"英国","pkg":"com.spaceship.screen.textcopy"},"orders":["com.recognize_text.translate.screen","com.spaceship.screen.textcopy","com.tap_to_translate.snap_translate","com.gaminik.i18n","com.niven.translator","com.microsoft.translator","com.newmg.yurao.pro","com.google.android.apps.translate","com.zaz.translate","at.nk.tools.iTranslate","com.deepl.mobiletranslator","com.screen.translate.google","com.galaxy.airviewdictionary","co.appnation.aivoicetranslator","com.inw.trulinco","com.fapp.translate.language.translator.fasttranslation","com.eecorp.linguago","com.niven.apptranslate","com.mobisystems.msdict.embedded.wireless.collins.ee","com.naver.labs.translator"]},{"rank":{"index":3,"lang":"de","country":"de","chineseCountryName":"德国","pkg":"com.spaceship.screen.textcopy"},"orders":["com.recognize_text.translate.screen","com.gaminik.i18n","com.spaceship.screen.textcopy","com.niven.translator","com.tap_to_translate.snap_translate","com.newmg.yurao.pro","com.screen.translate.google","com.eecorp.linguago","live.screentranslate.realtime","com.niven.apptranslate","com.eecorp.taptranslator","com.galaxy.airviewdictionary","com.google.android.apps.translate","com.zaz.translate","com.niven.game","com.immersivetranslate.browser","com.deepl.mobiletranslator","com.microsoft.translator","screen.translator.voice.translate","com.fapp.translate.language.translator.fasttranslation"]},{"rank":{"index":3,"lang":"it","country":"it","chineseCountryName":"意大利","pkg":"com.spaceship.screen.textcopy"},"orders":["com.recognize_text.translate.screen","com.gaminik.i18n","com.spaceship.screen.textcopy","com.tap_to_translate.snap_translate","com.niven.translator","com.newmg.yurao.pro","com.screen.translate.google","com.eecorp.linguago","com.eecorp.taptranslator","live.screentranslate.realtime","com.niven.apptranslate","com.galaxy.airviewdictionary","com.niven.game","com.zaz.translate","com.google.android.apps.translate","com.microsoft.translator","com.screen.translator.text.recognize","com.deepl.mobiletranslator","com.fapp.translate.language.translator.fasttranslation","com.google.ar.lens"]},{"rank":{"index":2,"lang":"ja","country":"jp","chineseCountryName":"日本","pkg":"com.spaceship.screen.textcopy"},"orders":["com.recognize_text.translate.screen","com.spaceship.screen.textcopy","com.gaminik.i18n","com.tap_to_translate.snap_translate","com.newmg.yurao.pro","com.niven.translator","com.screen.translate.google","com.eecorp.linguago","com.galaxy.airviewdictionary","com.niven.apptranslate","live.screentranslate.realtime"]},{"rank":{"index":1,"lang":"ko","country":"kr","chineseCountryName":"韩国","pkg":"com.spaceship.screen.textcopy"},"orders":["com.spaceship.screen.textcopy","com.recognize_text.translate.screen","com.gaminik.i18n","com.tap_to_translate.snap_translate","com.niven.translator","com.newmg.yurao.pro","com.screen.translate.google","com.niven.apptranslate","live.screentranslate.realtime","com.eecorp.linguago","com.galaxy.airviewdictionary","com.eecorp.taptranslator","com.naver.labs.translator","com.hive.lingonative","com.google.android.apps.translate","com.microsoft.translator","com.deepl.mobiletranslator","com.zaz.translate","com.immersivetranslate.browser","link.zhidou.btranslator"]},{"rank":{"index":2,"lang":"zh-hk","country":"hk","chineseCountryName":"香港","pkg":"com.spaceship.screen.textcopy"},"orders":["com.recognize_text.translate.screen","com.spaceship.screen.textcopy","com.tap_to_translate.snap_translate","com.newmg.yurao.pro","com.gaminik.i18n","com.niven.translator","com.screen.translate.google","com.niven.apptranslate","com.galaxy.airviewdictionary","com.eecorp.linguago","com.eecorp.taptranslator","at.nk.tools.iTranslate","com.microsoft.translator","com.zaz.translate","live.screentranslate.realtime","com.google.android.apps.translate","com.deepl.mobiletranslator","com.niven.game","com.naver.labs.translator","com.mobisystems.msdict.embedded.wireless.collins.ee"]},{"rank":{"index":2,"lang":"zh-tw","country":"tw","chineseCountryName":"台湾","pkg":"com.spaceship.screen.textcopy"},"orders":["com.recognize_text.translate.screen","com.spaceship.screen.textcopy","com.tap_to_translate.snap_translate","com.newmg.yurao.pro","com.gaminik.i18n","com.niven.translator","com.screen.translate.google","com.galaxy.airviewdictionary","com.niven.apptranslate","com.eecorp.linguago","at.nk.tools.iTranslate","com.eecorp.taptranslator","com.microsoft.translator","live.screentranslate.realtime","com.niven.game","com.zaz.translate","com.google.android.apps.translate","com.deepl.mobiletranslator","com.fapp.translate.language.translator.fasttranslation","com.naver.labs.translator"]},{"rank":{"index":2,"lang":"en","country":"in","chineseCountryName":"印度","pkg":"com.spaceship.screen.textcopy"},"orders":["com.recognize_text.translate.screen","com.spaceship.screen.textcopy","com.newmg.yurao.pro"]},{"rank":{"index":2,"lang":"id","country":"id","chineseCountryName":"印尼","pkg":"com.spaceship.screen.textcopy"},"orders":["com.recognize_text.translate.screen","com.spaceship.screen.textcopy","com.gaminik.i18n","com.tap_to_translate.snap_translate","com.niven.translator","com.newmg.yurao.pro","com.screen.translate.google","com.eecorp.linguago","com.niven.game","com.galaxy.airviewdictionary","com.niven.apptranslate","com.eecorp.taptranslator","at.nk.tools.iTranslate","com.microsoft.translator","com.zaz.translate","com.deepl.mobiletranslator","com.google.android.apps.translate","live.screentranslate.realtime","com.naver.labs.translator","com.fapp.translate.language.translator.fasttranslation"]},{"rank":{"index":2,"lang":"es-mx","country":"mx","chineseCountryName":"墨西哥","pkg":"com.spaceship.screen.textcopy"},"orders":["com.recognize_text.translate.screen","com.spaceship.screen.textcopy","com.gaminik.i18n","com.niven.translator","com.tap_to_translate.snap_translate","com.newmg.yurao.pro","com.screen.translate.google","com.eecorp.linguago","live.screentranslate.realtime","com.eecorp.taptranslator","com.niven.game","com.niven.apptranslate","com.google.android.apps.translate","com.galaxy.airviewdictionary","com.zaz.translate","com.microsoft.translator","com.deepl.mobiletranslator","com.google.ar.lens","com.fapp.translate.language.translator.fasttranslation","screen.translator.voice.translate"]}]