[{"rank":{"index":2,"lang":"en-us","country":"us","chineseCountryName":"美国","pkg":"com.spaceship.screen.textcopy"},"orders":["com.recognize_text.translate.screen","com.spaceship.screen.textcopy","com.gaminik.i18n","com.mg.yurao.google","com.microsoft.translator","screen.translator.voice.translate","com.tap_to_translate.snap_translate","com.google.android.apps.translate","com.niven.translator","com.niven.game","com.eecorp.linguago","com.niven.comic","com.newmg.yurao.pro","com.eecorp.taptranslator","at.nk.tools.iTranslate","com.translate.talkingtranslator","com.niven.apptranslate","com.sayhi.android.sayhitranslate","com.naver.labs.translator","com.zaz.translate"]},{"rank":{"index":2,"lang":"ru","country":"ru","chineseCountryName":"俄罗斯","pkg":"com.spaceship.screen.textcopy"},"orders":["com.recognize_text.translate.screen","com.spaceship.screen.textcopy","com.tap_to_translate.snap_translate","com.mg.yurao.google","com.gaminik.i18n","com.niven.translator","com.microsoft.translator","com.niven.game","com.google.android.apps.translate","com.niven.comic","com.eecorp.linguago","com.newmg.yurao.pro","ru.yandex.translate","com.niven.apptranslate","screen.translator.voice.translate","com.deepl.mobiletranslator","com.voice_camera_free_translate","com.pidev.screentranslator","com.kursx.smartbook","com.tangdi.baiguotong"]},{"rank":{"index":2,"lang":"pt-br","country":"br","chineseCountryName":"巴西","pkg":"com.spaceship.screen.textcopy"},"orders":["com.recognize_text.translate.screen","com.spaceship.screen.textcopy","com.tap_to_translate.snap_translate","com.mg.yurao.google","com.gaminik.i18n","com.niven.translator","com.niven.game","com.niven.comic","com.eecorp.linguago","com.newmg.yurao.pro","screen.translator.voice.translate","com.microsoft.translator","com.youdao.hindict","com.google.android.apps.translate","com.discord","com.google.android.apps.photos","com.android.chrome","com.google.android.apps.docs","us.zoom.videomeetings","com.google.android.apps.maps"]},{"rank":{"index":2,"lang":"fr","country":"fr","chineseCountryName":"法国","pkg":"com.spaceship.screen.textcopy"},"orders":["com.recognize_text.translate.screen","com.spaceship.screen.textcopy","com.mg.yurao.google","com.gaminik.i18n","screen.translator.voice.translate","com.tap_to_translate.snap_translate","com.niven.game","com.niven.translator","com.eecorp.linguago","com.niven.comic","com.newmg.yurao.pro","com.microsoft.translator","com.eecorp.taptranslator","com.niven.apptranslate","at.nk.tools.iTranslate","com.google.android.apps.translate","com.chat_translate.screen_translate","com.translate.talkingtranslator","com.deepl.mobiletranslator","com.discord"]},{"rank":{"index":2,"lang":"en-gb","country":"gb","chineseCountryName":"英国","pkg":"com.spaceship.screen.textcopy"},"orders":["com.recognize_text.translate.screen","com.spaceship.screen.textcopy","com.microsoft.translator","com.mg.yurao.google","com.gaminik.i18n","com.google.android.apps.translate","screen.translator.voice.translate","com.tap_to_translate.snap_translate","com.niven.translator","com.niven.game","com.niven.comic","at.nk.tools.iTranslate","com.zaz.translate","com.eecorp.linguago","com.newmg.yurao.pro","com.translate.talkingtranslator","com.sayhi.android.sayhitranslate","com.eecorp.taptranslator","com.naver.labs.translator","com.softissimo.reverso.context"]},{"rank":{"index":2,"lang":"de","country":"de","chineseCountryName":"德国","pkg":"com.spaceship.screen.textcopy"},"orders":["com.recognize_text.translate.screen","com.spaceship.screen.textcopy","com.mg.yurao.google","com.gaminik.i18n","com.eecorp.linguago","com.niven.translator","com.niven.game","com.microsoft.translator","com.newmg.yurao.pro","screen.translator.voice.translate","com.niven.comic","com.tap_to_translate.snap_translate","com.translate.talkingtranslator","at.nk.tools.iTranslate","com.google.android.apps.translate","com.deepl.mobiletranslator","com.niven.apptranslate","com.discord","com.translator.yellow","com.android.chrome"]},{"rank":{"index":2,"lang":"it","country":"it","chineseCountryName":"意大利","pkg":"com.spaceship.screen.textcopy"},"orders":["com.recognize_text.translate.screen","com.spaceship.screen.textcopy","screen.translator.voice.translate","com.gaminik.i18n","com.mg.yurao.google","com.niven.game","com.tap_to_translate.snap_translate","com.niven.translator","com.eecorp.linguago","com.niven.comic","com.microsoft.translator","com.newmg.yurao.pro","com.eecorp.taptranslator","com.niven.apptranslate","at.nk.tools.iTranslate","com.google.android.apps.translate","com.translate.talkingtranslator","com.zaz.translate","com.chat_translate.screen_translate","com.youdao.hindict"]},{"rank":{"index":2,"lang":"ja","country":"jp","chineseCountryName":"日本","pkg":"com.spaceship.screen.textcopy"},"orders":["com.recognize_text.translate.screen","com.spaceship.screen.textcopy","com.tap_to_translate.snap_translate","com.mg.yurao.google","com.eecorp.taptranslator","com.gaminik.i18n","com.niven.translator","com.niven.game","com.niven.comic","com.eecorp.linguago","com.newmg.yurao.pro","com.niven.apptranslate","screen.translator.voice.translate","com.google.android.apps.translate","com.naver.labs.translator","com.deepl.mobiletranslator","com.microsoft.translator","com.abbyy.mobile.textgrabber.full","com.chat_translate.screen_translate","com.youdao.hindict"]},{"rank":{"index":3,"lang":"ko","country":"kr","chineseCountryName":"韩国","pkg":"com.spaceship.screen.textcopy"},"orders":["com.recognize_text.translate.screen","com.mg.yurao.google","com.spaceship.screen.textcopy","com.tap_to_translate.snap_translate","com.microsoft.translator","com.gaminik.i18n","com.naver.labs.translator","com.niven.translator","com.google.android.apps.translate","com.niven.comic","com.niven.game","com.newmg.yurao.pro","at.nk.tools.iTranslate","com.eecorp.linguago","com.zaz.translate","com.translate.talkingtranslator","com.niven.apptranslate","com.eecorp.taptranslator","xbean.image.picture.translate.ocr","com.translate.language.translator.voice.translation"]},{"rank":{"index":2,"lang":"zh-hk","country":"hk","chineseCountryName":"香港","pkg":"com.spaceship.screen.textcopy"},"orders":["com.recognize_text.translate.screen","com.spaceship.screen.textcopy","com.mg.yurao.google","com.microsoft.translator","com.gaminik.i18n","com.tap_to_translate.snap_translate","com.google.android.apps.translate","com.niven.translator","com.niven.comic","com.niven.game","com.eecorp.linguago","com.newmg.yurao.pro","com.eecorp.taptranslator","com.zaz.translate","screen.translator.voice.translate","at.nk.tools.iTranslate","com.naver.labs.translator","free.language.translate.translator","com.abbyy.mobile.textgrabber.full","com.niven.apptranslate"]},{"rank":{"index":3,"lang":"zh-tw","country":"tw","chineseCountryName":"台湾","pkg":"com.spaceship.screen.textcopy"},"orders":["com.recognize_text.translate.screen","com.mg.yurao.google","com.spaceship.screen.textcopy","com.tap_to_translate.snap_translate","com.microsoft.translator","com.gaminik.i18n","com.niven.translator","com.niven.game","com.google.android.apps.translate","com.niven.comic","com.naver.labs.translator","com.translate.talkingtranslator","com.eecorp.linguago","com.newmg.yurao.pro","at.nk.tools.iTranslate","com.zaz.translate","com.niven.apptranslate","all.language.translate.translator","com.eecorp.taptranslator","screen.translator.voice.translate"]},{"rank":{"index":2,"lang":"en","country":"in","chineseCountryName":"印度","pkg":"com.spaceship.screen.textcopy"},"orders":["com.recognize_text.translate.screen","com.spaceship.screen.textcopy","screen.translator.voice.translate","com.newmg.yurao.pro","com.microsoft.translator","com.google.android.apps.translate","com.zaz.translate","com.tap_to_translate.snap_translate","com.niven.game","com.niven.comic","com.niven.translator","com.eecorp.linguago","com.tranit.text.translate","all.language.translate.translator","at.nk.tools.iTranslate","com.translate.talkingtranslator","com.languagetranslator.translatorapp.smartscanner.dictionary.translation.voicetranslator","translate.smartranit.language.text","com.mg.yurao.google","com.gaminik.i18n"]},{"rank":{"index":1,"lang":"id","country":"id","chineseCountryName":"印尼","pkg":"com.spaceship.screen.textcopy"},"orders":["com.spaceship.screen.textcopy","com.recognize_text.translate.screen","com.mg.yurao.google","com.gaminik.i18n","com.eecorp.linguago","com.tap_to_translate.snap_translate","com.niven.translator","com.niven.game","com.google.android.apps.translate","com.youdao.hindict","com.niven.comic","com.newmg.yurao.pro"]},{"rank":{"index":2,"lang":"es-mx","country":"mx","chineseCountryName":"墨西哥","pkg":"com.spaceship.screen.textcopy"},"orders":["com.recognize_text.translate.screen","com.spaceship.screen.textcopy","com.gaminik.i18n","com.tap_to_translate.snap_translate","com.mg.yurao.google","com.niven.translator","com.niven.game","com.niven.comic","com.microsoft.translator","com.eecorp.linguago","com.youdao.hindict","com.newmg.yurao.pro","com.niven.apptranslate","screen.translator.voice.translate","at.nk.tools.iTranslate","com.zaz.translate","com.google.android.apps.translate","com.translate.talkingtranslator","com.tranit.text.translate","all.language.translate.translator"]}]