[{"rank":{"index":2,"lang":"en-us","country":"us","chineseCountryName":"美国","pkg":"com.spaceship.screen.textcopy"},"orders":["com.recognize_text.translate.screen","com.spaceship.screen.textcopy","com.tap_to_translate.snap_translate","com.screen.translate.google","com.google.android.apps.translate","com.newmg.yurao.pro","com.microsoft.translator","com.gaminik.i18n","com.niven.translator","com.google.ar.lens","com.zaz.translate","com.deepl.mobiletranslator","at.nk.tools.iTranslate","com.newtranslate.google","com.niven.game","com.naver.labs.translator","ru.yandex.translate","com.niven.apptranslate","com.voice_camera_free_translate","live.screentranslate.realtime"]},{"rank":{"index":0,"lang":"ru","country":"ru","chineseCountryName":"俄罗斯","pkg":"com.spaceship.screen.textcopy"},"orders":["com.recognize_text.translate.screen","com.niven.translator","com.tap_to_translate.snap_translate","com.newmg.yurao.pro","com.gaminik.i18n","com.screen.translate.google","ru.yandex.translate","com.niven.game","com.microsoft.translator","com.google.android.apps.translate","com.deepl.mobiletranslator","com.google.ar.lens"]},{"rank":{"index":2,"lang":"pt-br","country":"br","chineseCountryName":"巴西","pkg":"com.spaceship.screen.textcopy"},"orders":["com.recognize_text.translate.screen","com.spaceship.screen.textcopy","com.tap_to_translate.snap_translate","com.newmg.yurao.pro","com.gaminik.i18n","com.google.android.apps.translate","com.microsoft.translator","com.zaz.translate","com.deepl.mobiletranslator","at.nk.tools.iTranslate","ru.yandex.translate","com.google.ar.lens","com.naver.labs.translator","com.translate.talkingtranslator","com.softissimo.reverso.context","com.sayhi.android.sayhitranslate","com.niven.translator","com.screen.translate.google","com.newtranslate.google","com.niven.apptranslate"]},{"rank":{"index":2,"lang":"fr","country":"fr","chineseCountryName":"法国","pkg":"com.spaceship.screen.textcopy"},"orders":["com.recognize_text.translate.screen","com.spaceship.screen.textcopy","com.tap_to_translate.snap_translate","com.screen.translate.google","com.niven.translator","com.newmg.yurao.pro","com.gaminik.i18n","com.google.android.apps.translate","com.google.ar.lens","com.microsoft.translator","com.newtranslate.google","com.deepl.mobiletranslator","com.niven.apptranslate","com.zaz.translate","com.niven.game","ru.yandex.translate","at.nk.tools.iTranslate","com.google.android.apps.tachyon","com.naver.labs.translator","com.instagram.android"]},{"rank":{"index":2,"lang":"en-gb","country":"gb","chineseCountryName":"英国","pkg":"com.spaceship.screen.textcopy"},"orders":["com.recognize_text.translate.screen","com.spaceship.screen.textcopy","com.google.android.apps.translate","com.screen.translate.google","com.newmg.yurao.pro","com.gaminik.i18n","com.google.ar.lens","com.tap_to_translate.snap_translate","com.microsoft.translator","com.niven.translator","com.newtranslate.google","com.zaz.translate","com.deepl.mobiletranslator","at.nk.tools.iTranslate","ru.yandex.translate","com.niven.game","com.niven.apptranslate","com.naver.labs.translator","com.datacomprojects.scanandtranslate","live.screentranslate.realtime"]},{"rank":{"index":2,"lang":"de","country":"de","chineseCountryName":"德国","pkg":"com.spaceship.screen.textcopy"},"orders":["com.recognize_text.translate.screen","com.spaceship.screen.textcopy","com.screen.translate.google","com.newmg.yurao.pro","com.gaminik.i18n","com.niven.translator","com.tap_to_translate.snap_translate","com.microsoft.translator","com.newtranslate.google","com.google.android.apps.translate","com.google.ar.lens","com.deepl.mobiletranslator","com.niven.game","com.niven.apptranslate","com.immersivetranslate.browser","ru.yandex.translate","at.nk.tools.iTranslate","com.zaz.translate","com.language.translate.free.translator.voice.translation","com.translate.talkingtranslator"]},{"rank":{"index":2,"lang":"it","country":"it","chineseCountryName":"意大利","pkg":"com.spaceship.screen.textcopy"},"orders":["com.recognize_text.translate.screen","com.spaceship.screen.textcopy","com.tap_to_translate.snap_translate","com.screen.translate.google","com.gaminik.i18n","com.newmg.yurao.pro","com.niven.translator","com.google.ar.lens","com.google.android.apps.translate","com.microsoft.translator","com.newtranslate.google","com.deepl.mobiletranslator","com.niven.game","com.niven.apptranslate","at.nk.tools.iTranslate","com.zaz.translate","ru.yandex.translate","com.datacomprojects.scanandtranslate","com.google.android.apps.tachyon","com.instagram.android"]},{"rank":{"index":2,"lang":"ja","country":"jp","chineseCountryName":"日本","pkg":"com.spaceship.screen.textcopy"},"orders":["com.recognize_text.translate.screen","com.spaceship.screen.textcopy","com.tap_to_translate.snap_translate","com.newmg.yurao.pro","com.gaminik.i18n","com.screen.translate.google","com.niven.translator","com.google.ar.lens","com.google.android.apps.translate","com.microsoft.translator","com.naver.labs.translator"]},{"rank":{"index":3,"lang":"ko","country":"kr","chineseCountryName":"韩国","pkg":"com.spaceship.screen.textcopy"},"orders":["com.recognize_text.translate.screen","com.tap_to_translate.snap_translate","com.spaceship.screen.textcopy","com.newmg.yurao.pro","com.gaminik.i18n","com.screen.translate.google","com.niven.translator","com.naver.labs.translator","com.google.android.apps.translate","com.newtranslate.google","com.google.ar.lens","com.microsoft.translator","com.niven.game","com.niven.apptranslate","com.immersivetranslate.browser","com.instagram.android","com.facebook.katana","com.facebook.orca","org.telegram.messenger","com.android.chrome"]},{"rank":{"index":2,"lang":"zh-hk","country":"hk","chineseCountryName":"香港","pkg":"com.spaceship.screen.textcopy"},"orders":["com.recognize_text.translate.screen","com.spaceship.screen.textcopy","com.newmg.yurao.pro","com.screen.translate.google","com.gaminik.i18n","com.niven.translator","com.tap_to_translate.snap_translate","com.google.android.apps.translate","com.microsoft.translator","com.google.ar.lens","com.newtranslate.google","com.naver.labs.translator","com.niven.game","com.niven.apptranslate","com.immersivetranslate.browser","com.zaz.translate","at.nk.tools.iTranslate","com.deepl.mobiletranslator","live.screentranslate.realtime","com.android.chrome"]},{"rank":{"index":2,"lang":"zh-tw","country":"tw","chineseCountryName":"台湾","pkg":"com.spaceship.screen.textcopy"},"orders":["com.recognize_text.translate.screen","com.spaceship.screen.textcopy","com.newmg.yurao.pro","com.gaminik.i18n","com.screen.translate.google","com.niven.translator","com.tap_to_translate.snap_translate","com.newtranslate.google","com.google.android.apps.translate","com.microsoft.translator","com.google.ar.lens","com.naver.labs.translator","com.niven.game","com.niven.apptranslate","com.immersivetranslate.browser","com.deepl.mobiletranslator","com.zaz.translate","live.screentranslate.realtime","at.nk.tools.iTranslate","com.instagram.android"]},{"rank":{"index":2,"lang":"en","country":"in","chineseCountryName":"印度","pkg":"com.spaceship.screen.textcopy"},"orders":["com.recognize_text.translate.screen","com.spaceship.screen.textcopy","com.newmg.yurao.pro","com.google.android.apps.translate"]},{"rank":{"index":2,"lang":"id","country":"id","chineseCountryName":"印尼","pkg":"com.spaceship.screen.textcopy"},"orders":["com.recognize_text.translate.screen","com.spaceship.screen.textcopy","com.tap_to_translate.snap_translate","com.screen.translate.google","com.niven.translator","com.newmg.yurao.pro","com.gaminik.i18n","com.niven.game","com.newtranslate.google","com.google.android.apps.translate"]},{"rank":{"index":2,"lang":"es-mx","country":"mx","chineseCountryName":"墨西哥","pkg":"com.spaceship.screen.textcopy"},"orders":["com.recognize_text.translate.screen","com.spaceship.screen.textcopy","com.tap_to_translate.snap_translate","com.newmg.yurao.pro","com.gaminik.i18n","com.google.android.apps.translate","com.microsoft.translator","at.nk.tools.iTranslate","com.deepl.mobiletranslator","com.google.ar.lens","com.zaz.translate","ru.yandex.translate","com.naver.labs.translator","com.translate.talkingtranslator","com.softissimo.reverso.context","com.sayhi.android.sayhitranslate","com.niven.translator","com.screen.translate.google","com.newtranslate.google","com.niven.game"]}]