[{"rank":{"index":2,"lang":"en-us","country":"us","chineseCountryName":"美国","pkg":"com.spaceship.screen.textcopy"},"orders":["com.recognize_text.translate.screen","com.spaceship.screen.textcopy","com.gaminik.i18n","com.newmg.yurao.pro","com.google.android.apps.translate","com.microsoft.translator","com.niven.translator","com.tap_to_translate.snap_translate","com.deepl.mobiletranslator","com.niven.game","com.immersivetranslate.browser","at.nk.tools.iTranslate","com.zaz.translate","com.eecorp.linguago","com.google.ar.lens","com.screen.translate.google","com.translate.talkingtranslator","com.niven.apptranslate","com.youdao.hindict","com.naver.labs.translator"]},{"rank":{"index":0,"lang":"ru","country":"ru","chineseCountryName":"俄罗斯","pkg":"com.spaceship.screen.textcopy"},"orders":["com.recognize_text.translate.screen","com.tap_to_translate.snap_translate","com.newmg.yurao.pro","com.google.android.apps.translate","com.niven.translator","com.microsoft.translator","ru.yandex.translate","com.gaminik.i18n","com.deepl.mobiletranslator","com.niven.game","com.google.ar.lens","com.immersivetranslate.browser","com.datacomprojects.scanandtranslate","at.nk.tools.iTranslate","com.screen.translate.google","com.niven.apptranslate","com.eecorp.linguago","com.promt.pmtappfree","com.zaz.translate","com.translate.talkingtranslator"]},{"rank":{"index":2,"lang":"pt-br","country":"br","chineseCountryName":"巴西","pkg":"com.spaceship.screen.textcopy"},"orders":["com.recognize_text.translate.screen","com.spaceship.screen.textcopy","com.gaminik.i18n","com.newmg.yurao.pro","com.google.android.apps.translate","com.microsoft.translator","com.niven.translator","com.tap_to_translate.snap_translate","com.niven.game","com.deepl.mobiletranslator","com.eecorp.linguago","at.nk.tools.iTranslate","com.niven.apptranslate","com.google.ar.lens","com.immersivetranslate.browser","com.screen.translate.google","com.zaz.translate","com.youdao.hindict","ru.yandex.translate","live.screentranslate.realtime"]},{"rank":{"index":2,"lang":"fr","country":"fr","chineseCountryName":"法国","pkg":"com.spaceship.screen.textcopy"},"orders":["com.recognize_text.translate.screen","com.spaceship.screen.textcopy","com.newmg.yurao.pro","com.tap_to_translate.snap_translate","com.microsoft.translator","com.gaminik.i18n","com.google.android.apps.translate","com.niven.translator","com.deepl.mobiletranslator","com.niven.game","com.google.ar.lens","com.zaz.translate","com.immersivetranslate.browser","com.eecorp.linguago","com.screen.translate.google","com.niven.apptranslate","at.nk.tools.iTranslate","com.translate.talkingtranslator","live.screentranslate.realtime","ru.yandex.translate"]},{"rank":{"index":2,"lang":"en-gb","country":"gb","chineseCountryName":"英国","pkg":"com.spaceship.screen.textcopy"},"orders":["com.recognize_text.translate.screen","com.spaceship.screen.textcopy","com.newmg.yurao.pro","com.microsoft.translator","com.google.android.apps.translate","com.gaminik.i18n","com.niven.translator","com.deepl.mobiletranslator","com.tap_to_translate.snap_translate","com.zaz.translate","com.google.ar.lens","at.nk.tools.iTranslate","com.niven.game","com.immersivetranslate.browser","com.eecorp.linguago","ru.yandex.translate","com.datacomprojects.scanandtranslate","com.translate.talkingtranslator","com.youdao.hindict","com.screen.translate.google"]},{"rank":{"index":2,"lang":"de","country":"de","chineseCountryName":"德国","pkg":"com.spaceship.screen.textcopy"},"orders":["com.recognize_text.translate.screen","com.spaceship.screen.textcopy","com.newmg.yurao.pro","com.gaminik.i18n","com.google.android.apps.translate","com.microsoft.translator","com.niven.translator","com.tap_to_translate.snap_translate","com.deepl.mobiletranslator","com.niven.game","com.google.ar.lens","com.immersivetranslate.browser","ru.yandex.translate","com.eecorp.linguago","com.screen.translate.google","com.zaz.translate","at.nk.tools.iTranslate","com.niven.apptranslate","com.tangdi.baiguotong","com.datacomprojects.scanandtranslate"]},{"rank":{"index":2,"lang":"it","country":"it","chineseCountryName":"意大利","pkg":"com.spaceship.screen.textcopy"},"orders":["com.recognize_text.translate.screen","com.spaceship.screen.textcopy","com.tap_to_translate.snap_translate","com.newmg.yurao.pro","com.niven.translator","com.microsoft.translator","com.gaminik.i18n","com.google.android.apps.translate","com.niven.game","com.deepl.mobiletranslator","com.google.ar.lens","com.eecorp.linguago","com.translate.talkingtranslator","com.immersivetranslate.browser"]},{"rank":{"index":2,"lang":"ja","country":"jp","chineseCountryName":"日本","pkg":"com.spaceship.screen.textcopy"},"orders":["com.recognize_text.translate.screen","com.spaceship.screen.textcopy","com.tap_to_translate.snap_translate","com.newmg.yurao.pro","com.google.android.apps.translate","com.microsoft.translator","com.deepl.mobiletranslator","com.gaminik.i18n","com.niven.translator","com.google.ar.lens","com.niven.game"]},{"rank":{"index":2,"lang":"ko","country":"kr","chineseCountryName":"韩国","pkg":"com.spaceship.screen.textcopy"},"orders":["com.recognize_text.translate.screen","com.spaceship.screen.textcopy","com.newmg.yurao.pro","com.google.android.apps.translate","com.tap_to_translate.snap_translate","com.microsoft.translator","com.gaminik.i18n","com.niven.translator","com.immersivetranslate.browser","com.naver.labs.translator","com.niven.game","com.deepl.mobiletranslator","com.google.ar.lens","com.eecorp.linguago","at.nk.tools.iTranslate","com.screen.translate.google","ru.yandex.translate","com.niven.apptranslate","com.datacomprojects.scanandtranslate","live.screentranslate.realtime"]},{"rank":{"index":2,"lang":"zh-hk","country":"hk","chineseCountryName":"香港","pkg":"com.spaceship.screen.textcopy"},"orders":["com.recognize_text.translate.screen","com.spaceship.screen.textcopy","com.microsoft.translator","com.gaminik.i18n","com.google.android.apps.translate","com.newmg.yurao.pro","com.niven.translator","com.tap_to_translate.snap_translate","com.immersivetranslate.browser","com.niven.game","com.deepl.mobiletranslator","com.google.ar.lens","at.nk.tools.iTranslate"]},{"rank":{"index":2,"lang":"zh-tw","country":"tw","chineseCountryName":"台湾","pkg":"com.spaceship.screen.textcopy"},"orders":["com.recognize_text.translate.screen","com.spaceship.screen.textcopy","com.microsoft.translator","com.newmg.yurao.pro","com.google.android.apps.translate","com.gaminik.i18n","com.niven.translator","com.immersivetranslate.browser","com.tap_to_translate.snap_translate","com.niven.game","com.deepl.mobiletranslator","com.naver.labs.translator","com.google.ar.lens","com.eecorp.linguago","at.nk.tools.iTranslate","com.screen.translate.google","com.zaz.translate","com.niven.apptranslate","com.datacomprojects.scanandtranslate","com.tangdi.baiguotong"]},{"rank":{"index":3,"lang":"en","country":"in","chineseCountryName":"印度","pkg":"com.spaceship.screen.textcopy"},"orders":["com.recognize_text.translate.screen","com.google.android.apps.translate","com.spaceship.screen.textcopy","com.newmg.yurao.pro"]},{"rank":{"index":2,"lang":"id","country":"id","chineseCountryName":"印尼","pkg":"com.spaceship.screen.textcopy"},"orders":["com.recognize_text.translate.screen","com.spaceship.screen.textcopy","com.gaminik.i18n","com.tap_to_translate.snap_translate","com.google.android.apps.translate","com.niven.translator","com.newmg.yurao.pro","com.youdao.hindict","com.microsoft.translator","com.niven.game","com.deepl.mobiletranslator","com.eecorp.linguago","com.screen.translate.google","at.nk.tools.iTranslate","com.google.ar.lens"]},{"rank":{"index":2,"lang":"es-mx","country":"mx","chineseCountryName":"墨西哥","pkg":"com.spaceship.screen.textcopy"},"orders":["com.recognize_text.translate.screen","com.spaceship.screen.textcopy","com.newmg.yurao.pro","com.gaminik.i18n","com.microsoft.translator","com.niven.translator","com.google.android.apps.translate","com.tap_to_translate.snap_translate","com.niven.game","com.google.ar.lens","com.deepl.mobiletranslator","com.eecorp.linguago","com.immersivetranslate.browser"]}]