[{"rank":{"index":2,"lang":"en-us","country":"us","chineseCountryName":"美国","pkg":"com.spaceship.screen.textcopy"},"orders":["com.recognize_text.translate.screen","com.spaceship.screen.textcopy","com.google.android.apps.translate","com.screen.translate.google","com.microsoft.translator","com.niven.translator","com.gaminik.i18n","com.niven.game","at.nk.tools.iTranslate","com.sayhi.android.sayhitranslate","com.zaz.translate","com.easytranslate.easytranslate","com.niven.comic","com.newmg.yurao.pro","com.datacomprojects.scanandtranslate","com.royalappcode.translation.voice.language.chat.interpreter","com.tangdi.baiguotong","com.naver.labs.translator","com.deepl.mobiletranslator","com.ticktalk.translatevoice"]},{"rank":{"index":2,"lang":"ru","country":"ru","chineseCountryName":"俄罗斯","pkg":"com.spaceship.screen.textcopy"},"orders":["com.recognize_text.translate.screen","com.spaceship.screen.textcopy","com.niven.translator","com.niven.game","com.gaminik.i18n","com.screen.translate.google","ru.yandex.translate","com.niven.comic","com.newmg.yurao.pro","com.tap_to_translate.snap_translate","com.google.android.apps.translate","com.microsoft.translator","com.facebook.orca","com.android.chrome","com.deepl.mobiletranslator","com.discord","com.google.android.dialer","com.screen.translator.text.recognize","com.google.android.apps.nbu.files","com.google.android.apps.photos"]},{"rank":{"index":2,"lang":"fr","country":"fr","chineseCountryName":"法国","pkg":"com.spaceship.screen.textcopy"},"orders":["com.recognize_text.translate.screen","com.spaceship.screen.textcopy","com.niven.game","com.screen.translate.google","com.gaminik.i18n","com.niven.translator","com.microsoft.translator","com.google.android.apps.translate","com.tap_to_translate.snap_translate","com.niven.comic","com.newmg.yurao.pro","com.zaz.translate","at.nk.tools.iTranslate","ru.yandex.translate","com.datacomprojects.scanandtranslate","com.deepl.mobiletranslator","com.sayhi.android.sayhitranslate","com.eecorp.taptranslator","com.screen.translator.text.recognize","com.image.camera.translate.ai"]},{"rank":{"index":2,"lang":"en-gb","country":"gb","chineseCountryName":"英国","pkg":"com.spaceship.screen.textcopy"},"orders":["com.recognize_text.translate.screen","com.spaceship.screen.textcopy","com.gaminik.i18n","com.google.android.apps.translate","com.microsoft.translator","com.screen.translate.google","com.niven.translator","com.niven.game","at.nk.tools.iTranslate","com.zaz.translate","com.niven.comic","com.newmg.yurao.pro","com.sayhi.android.sayhitranslate","com.easytranslate.easytranslate","ru.yandex.translate","com.tangdi.baiguotong","com.image.camera.translate.ai","com.deepl.mobiletranslator","com.royalappcode.translation.voice.language.chat.interpreter","com.screen.translator.text.recognize"]},{"rank":{"index":2,"lang":"de","country":"de","chineseCountryName":"德国","pkg":"com.spaceship.screen.textcopy"},"orders":["com.recognize_text.translate.screen","com.spaceship.screen.textcopy","com.gaminik.i18n","com.screen.translate.google","com.microsoft.translator","com.niven.translator","com.niven.game","com.google.android.apps.translate","com.niven.comic","at.nk.tools.iTranslate","com.deepl.mobiletranslator","com.sayhi.android.sayhitranslate","com.newmg.yurao.pro"]},{"rank":{"index":2,"lang":"it","country":"it","chineseCountryName":"意大利","pkg":"com.spaceship.screen.textcopy"},"orders":["com.recognize_text.translate.screen","com.spaceship.screen.textcopy","com.niven.game","com.screen.translate.google","com.gaminik.i18n","com.niven.translator","com.microsoft.translator","com.niven.comic","com.google.android.apps.translate","com.newmg.yurao.pro","at.nk.tools.iTranslate","com.screen.translator.text.recognize","com.eecorp.taptranslator","com.deepl.mobiletranslator","com.zaz.translate","com.image.camera.translate.ai","com.facebook.orca","com.sayhi.android.sayhitranslate","com.google.android.apps.photos","com.discord"]},{"rank":{"index":2,"lang":"ja","country":"jp","chineseCountryName":"日本","pkg":"com.spaceship.screen.textcopy"},"orders":["com.recognize_text.translate.screen","com.spaceship.screen.textcopy","com.gaminik.i18n","com.screen.translate.google","com.niven.translator","com.niven.game","com.niven.comic","com.microsoft.translator","com.google.android.apps.translate","com.newmg.yurao.pro","com.deepl.mobiletranslator","com.facebook.orca","com.naver.labs.translator","com.android.chrome","com.discord","com.amazon.kindle","com.duolingo","com.google.android.apps.maps","com.google.android.apps.nbu.files","com.google.ar.lens"]},{"rank":{"index":2,"lang":"ko","country":"kr","chineseCountryName":"韩国","pkg":"com.spaceship.screen.textcopy"},"orders":["com.recognize_text.translate.screen","com.spaceship.screen.textcopy","com.niven.game","com.screen.translate.google","com.gaminik.i18n","com.niven.translator","com.niven.comic","com.newmg.yurao.pro","com.google.android.apps.translate","com.naver.labs.translator","com.microsoft.translator","com.facebook.orca","com.discord","com.sec.android.app.sbrowser","com.android.chrome","us.zoom.videomeetings","com.duolingo","com.google.android.apps.photos","com.kakao.talk","com.ubercab"]},{"rank":{"index":2,"lang":"zh-hk","country":"hk","chineseCountryName":"香港","pkg":"com.spaceship.screen.textcopy"},"orders":["com.recognize_text.translate.screen","com.spaceship.screen.textcopy","com.screen.translate.google","com.niven.game","com.niven.translator","com.gaminik.i18n","com.microsoft.translator","com.google.android.apps.translate","at.nk.tools.iTranslate","com.niven.comic","com.naver.labs.translator","com.datacomprojects.scanandtranslate","com.newmg.yurao.pro","com.zaz.translate","com.sayhi.android.sayhitranslate","com.tap_to_translate.snap_translate","com.kursx.smartbook","com.deepl.mobiletranslator","com.image.camera.translate.ai","com.translate.talkingtranslator"]},{"rank":{"index":2,"lang":"zh-tw","country":"tw","chineseCountryName":"台湾","pkg":"com.spaceship.screen.textcopy"},"orders":["com.recognize_text.translate.screen","com.spaceship.screen.textcopy","com.screen.translate.google","com.niven.game","com.gaminik.i18n","com.niven.translator","com.microsoft.translator","com.google.android.apps.translate","com.niven.comic","at.nk.tools.iTranslate","com.newmg.yurao.pro","com.sayhi.android.sayhitranslate","com.tangdi.baiguotong","com.naver.labs.translator","com.zaz.translate","com.eecorp.taptranslator","com.screen.translator.text.recognize","ru.yandex.translate","com.datacomprojects.scanandtranslate","com.image.camera.translate.ai"]},{"rank":{"index":2,"lang":"en","country":"in","chineseCountryName":"印度","pkg":"com.spaceship.screen.textcopy"},"orders":["com.recognize_text.translate.screen","com.spaceship.screen.textcopy","com.google.android.apps.translate","com.newmg.yurao.pro","com.screen.translate.google","com.microsoft.translator","com.niven.game","com.niven.translator","com.gaminik.i18n","com.tap_to_translate.snap_translate","at.nk.tools.iTranslate","com.zaz.translate"]},{"rank":{"index":2,"lang":"id","country":"id","chineseCountryName":"印尼","pkg":"com.spaceship.screen.textcopy"},"orders":["com.recognize_text.translate.screen","com.spaceship.screen.textcopy","com.niven.game","com.gaminik.i18n","com.niven.translator","com.screen.translate.google","com.niven.comic","com.tap_to_translate.snap_translate","com.newmg.yurao.pro","com.google.android.apps.translate"]},{"rank":{"index":2,"lang":"es-mx","country":"mx","chineseCountryName":"墨西哥","pkg":"com.spaceship.screen.textcopy"},"orders":["com.recognize_text.translate.screen","com.spaceship.screen.textcopy","com.niven.game","com.tap_to_translate.snap_translate","com.microsoft.translator","com.google.android.apps.translate","com.gaminik.i18n","com.screen.translate.google","at.nk.tools.iTranslate","com.deepl.mobiletranslator","com.youdao.hindict","droom.sleepIfUCan","com.niven.comic","com.newmg.yurao.pro","ru.yandex.translate","com.sayhi.android.sayhitranslate","com.naver.labs.translator","com.niven.translator"]}]