[{"rank":{"index":2,"lang":"en-us","country":"us","chineseCountryName":"美国","pkg":"com.spaceship.screen.textcopy"},"orders":["com.recognize_text.translate.screen","com.spaceship.screen.textcopy","com.tap_to_translate.snap_translate","com.google.android.apps.translate","com.gaminik.i18n","com.screen.translate.google","com.niven.game","com.niven.translator","com.newmg.yurao.pro","com.deepl.mobiletranslator","com.microsoft.translator","com.naver.labs.translator","com.android.chrome","com.facebook.orca","com.google.android.apps.maps","com.google.android.dialer","com.duolingo","com.google.android.apps.photos","com.google.android.deskclock","com.discord"]},{"rank":{"index":2,"lang":"ru","country":"ru","chineseCountryName":"俄罗斯","pkg":"com.spaceship.screen.textcopy"},"orders":["com.recognize_text.translate.screen","com.spaceship.screen.textcopy","com.tap_to_translate.snap_translate","com.niven.translator","com.gaminik.i18n","com.niven.game","com.newmg.yurao.pro","com.google.android.apps.translate","com.screen.translate.google","com.facebook.orca","com.android.chrome","com.discord","com.deepl.mobiletranslator","us.zoom.videomeetings","com.truecaller","com.google.android.dialer","ru.yandex.translate","com.skype.raider","com.google.android.apps.photos","com.duolingo"]},{"rank":{"index":2,"lang":"fr","country":"fr","chineseCountryName":"法国","pkg":"com.spaceship.screen.textcopy"},"orders":["com.recognize_text.translate.screen","com.spaceship.screen.textcopy","com.tap_to_translate.snap_translate","com.gaminik.i18n","com.niven.game","com.niven.translator","com.screen.translate.google","com.google.android.apps.translate","com.newmg.yurao.pro","com.facebook.orca","com.discord","org.telegram.messenger","com.amazon.kindle","com.android.chrome","com.microsoft.office.outlook","com.truecaller","com.canva.editor","com.duolingo","com.skype.raider","com.google.android.apps.photos"]},{"rank":{"index":2,"lang":"en-gb","country":"gb","chineseCountryName":"英国","pkg":"com.spaceship.screen.textcopy"},"orders":["com.recognize_text.translate.screen","com.spaceship.screen.textcopy","com.gaminik.i18n","com.google.android.apps.translate","com.niven.game","com.niven.translator","com.screen.translate.google","com.tap_to_translate.snap_translate","com.newmg.yurao.pro","com.deepl.mobiletranslator","com.microsoft.translator","at.nk.tools.iTranslate","com.android.chrome","com.duolingo","com.netflix.mediaclient","com.facebook.orca","com.google.ar.lens","com.google.android.apps.maps","com.amazon.kindle","com.discord"]},{"rank":{"index":2,"lang":"de","country":"de","chineseCountryName":"德国","pkg":"com.spaceship.screen.textcopy"},"orders":["com.recognize_text.translate.screen","com.spaceship.screen.textcopy","com.tap_to_translate.snap_translate","com.gaminik.i18n","com.screen.translate.google","com.niven.translator","com.niven.game","com.google.android.apps.translate","com.newmg.yurao.pro","com.deepl.mobiletranslator","com.facebook.orca","com.discord","com.amazon.kindle","com.android.chrome","com.truecaller","com.skype.raider","com.microsoft.office.outlook","com.google.android.apps.photos","com.duolingo","com.google.android.apps.maps"]},{"rank":{"index":2,"lang":"it","country":"it","chineseCountryName":"意大利","pkg":"com.spaceship.screen.textcopy"},"orders":["com.recognize_text.translate.screen","com.spaceship.screen.textcopy","com.tap_to_translate.snap_translate","com.gaminik.i18n","com.screen.translate.google","com.niven.game","com.niven.translator","com.google.android.apps.translate","com.newmg.yurao.pro","com.facebook.orca","com.discord","com.amazon.kindle","com.duolingo","com.canva.editor","com.android.chrome","com.microsoft.office.outlook","com.skype.raider","com.google.android.apps.photos","com.truecaller","com.deepl.mobiletranslator"]},{"rank":{"index":2,"lang":"ja","country":"jp","chineseCountryName":"日本","pkg":"com.spaceship.screen.textcopy"},"orders":["com.recognize_text.translate.screen","com.spaceship.screen.textcopy","com.niven.game","com.gaminik.i18n","com.screen.translate.google","com.niven.translator","com.google.android.apps.translate","com.tap_to_translate.snap_translate","com.deepl.mobiletranslator","com.newmg.yurao.pro","com.facebook.orca","com.android.chrome","com.discord","com.google.android.apps.maps","com.amazon.kindle","com.naver.labs.translator","com.duolingo","com.google.android.deskclock","com.skype.raider","us.zoom.videomeetings"]},{"rank":{"index":2,"lang":"ko","country":"kr","chineseCountryName":"韩国","pkg":"com.spaceship.screen.textcopy"},"orders":["com.recognize_text.translate.screen","com.spaceship.screen.textcopy","com.tap_to_translate.snap_translate","com.gaminik.i18n","com.niven.game","com.niven.translator","com.newmg.yurao.pro","com.screen.translate.google","com.google.android.apps.translate","com.naver.labs.translator","com.deepl.mobiletranslator","com.microsoft.translator","com.facebook.orca","com.duolingo","com.discord","com.android.chrome","com.google.ar.lens","us.zoom.videomeetings","com.sec.android.app.sbrowser","com.skype.raider"]},{"rank":{"index":2,"lang":"zh-hk","country":"hk","chineseCountryName":"香港","pkg":"com.spaceship.screen.textcopy"},"orders":["com.recognize_text.translate.screen","com.spaceship.screen.textcopy","com.gaminik.i18n","com.screen.translate.google","com.tap_to_translate.snap_translate","com.newmg.yurao.pro","com.niven.game","com.niven.translator","com.google.android.apps.translate","com.facebook.orca","com.android.chrome","com.google.android.apps.maps","org.telegram.messenger","com.discord","com.duolingo","us.zoom.videomeetings","com.skype.raider","com.ubercab","com.sec.android.app.sbrowser","com.google.android.apps.photos"]},{"rank":{"index":2,"lang":"zh-tw","country":"tw","chineseCountryName":"台湾","pkg":"com.spaceship.screen.textcopy"},"orders":["com.recognize_text.translate.screen","com.spaceship.screen.textcopy","com.tap_to_translate.snap_translate","com.gaminik.i18n","com.screen.translate.google","com.niven.game","com.niven.translator","com.google.android.apps.translate","com.newmg.yurao.pro","com.facebook.orca","org.telegram.messenger","com.discord","com.android.chrome","com.google.android.apps.maps","com.skype.raider","com.duolingo","com.ubercab","com.openai.chatgpt","us.zoom.videomeetings","com.canva.editor"]},{"rank":{"index":4,"lang":"en","country":"in","chineseCountryName":"印度","pkg":"com.spaceship.screen.textcopy"},"orders":["com.recognize_text.translate.screen","com.google.android.apps.translate","com.tap_to_translate.snap_translate","com.spaceship.screen.textcopy","com.screen.translate.google","com.newmg.yurao.pro","com.niven.game","com.google.ar.core","com.niven.translator","com.google.android.deskclock","com.google.android.marvin.talkback","com.deepl.mobiletranslator","com.microsoft.translator","com.google.ar.lens","at.nk.tools.iTranslate","com.naver.labs.translator","ru.yandex.translate","com.google.android.apps.podcasts","com.google.android.apps.seekh","com.gaminik.i18n"]},{"rank":{"index":2,"lang":"id","country":"id","chineseCountryName":"印尼","pkg":"com.spaceship.screen.textcopy"},"orders":["com.recognize_text.translate.screen","com.spaceship.screen.textcopy","com.tap_to_translate.snap_translate","com.gaminik.i18n","com.niven.translator","com.screen.translate.google","com.niven.game","com.google.android.apps.translate","com.newmg.yurao.pro","com.android.chrome","com.facebook.orca","com.google.android.apps.maps","com.discord","com.canva.editor","com.google.android.apps.docs"]},{"rank":{"index":2,"lang":"es-mx","country":"mx","chineseCountryName":"墨西哥","pkg":"com.spaceship.screen.textcopy"},"orders":["com.recognize_text.translate.screen","com.spaceship.screen.textcopy","com.tap_to_translate.snap_translate","com.google.android.apps.translate","com.google.ar.core","com.niven.game","com.google.android.deskclock","com.google.android.marvin.talkback","com.deepl.mobiletranslator","com.niven.translator","com.screen.translate.google","com.google.android.apps.wearables.maestro.companion","com.google.android.apps.podcasts","at.nk.tools.iTranslate","com.youdao.hindict","com.naver.labs.translator","com.android.chrome","com.google.android.tts","ru.yandex.translate","com.gaminik.i18n"]}]