[{"rank":{"index":2,"lang":"en-us","country":"us","chineseCountryName":"美国","pkg":"com.spaceship.screen.textcopy"},"orders":["com.recognize_text.translate.screen","com.spaceship.screen.textcopy","com.tap_to_translate.snap_translate","com.google.android.apps.translate","com.gaminik.i18n","com.newmg.yurao.pro","com.microsoft.translator","com.niven.translator","com.screen.translate.google","com.immersivetranslate.browser","com.niven.game","com.deepl.mobiletranslator","at.nk.tools.iTranslate","com.niven.apptranslate","com.zaz.translate","com.naver.labs.translator","com.yoyodev.screentranslate","com.siv","com.google.ar.lens","com.voice_camera_free_translate"]},{"rank":{"index":0,"lang":"ru","country":"ru","chineseCountryName":"俄罗斯","pkg":"com.spaceship.screen.textcopy"},"orders":["com.recognize_text.translate.screen","com.niven.translator","com.tap_to_translate.snap_translate","com.newmg.yurao.pro","com.gaminik.i18n","com.screen.translate.google","com.niven.game","ru.yandex.translate","com.microsoft.translator","com.immersivetranslate.browser","com.deepl.mobiletranslator","com.google.android.apps.translate","com.niven.apptranslate","com.yoyodev.screentranslate","at.nk.tools.iTranslate","com.mg.chat","photo.translate.camera.translator","com.promt.pmtappfree","com.translate.talkingtranslator","com.naver.labs.translator"]},{"rank":{"index":2,"lang":"pt-br","country":"br","chineseCountryName":"巴西","pkg":"com.spaceship.screen.textcopy"},"orders":["com.recognize_text.translate.screen","com.spaceship.screen.textcopy","com.tap_to_translate.snap_translate","com.newmg.yurao.pro","com.gaminik.i18n","com.google.android.apps.translate","com.deepl.mobiletranslator","com.zaz.translate","at.nk.tools.iTranslate","ru.yandex.translate","com.youdao.hindict","com.naver.labs.translator","com.immersivetranslate.browser","com.niven.translator","com.screen.translate.google","com.niven.game","com.newtranslate.google","com.niven.apptranslate","screen.translator.voice.translate","com.translate.talkingtranslator"]},{"rank":{"index":2,"lang":"fr","country":"fr","chineseCountryName":"法国","pkg":"com.spaceship.screen.textcopy"},"orders":["com.recognize_text.translate.screen","com.spaceship.screen.textcopy","com.tap_to_translate.snap_translate","com.gaminik.i18n","com.newmg.yurao.pro","com.niven.translator","com.screen.translate.google","com.microsoft.translator","com.google.android.apps.translate","com.immersivetranslate.browser","com.deepl.mobiletranslator","com.yoyodev.screentranslate","com.niven.apptranslate","com.niven.game","com.zaz.translate","ru.yandex.translate","com.voice_camera_free_translate","com.eecorp.taptranslator","com.tangdi.baiguotong","com.siv"]},{"rank":{"index":2,"lang":"en-gb","country":"gb","chineseCountryName":"英国","pkg":"com.spaceship.screen.textcopy"},"orders":["com.recognize_text.translate.screen","com.spaceship.screen.textcopy","com.newmg.yurao.pro","com.google.android.apps.translate","com.microsoft.translator","com.screen.translate.google","com.gaminik.i18n","com.niven.translator","com.tap_to_translate.snap_translate","com.deepl.mobiletranslator","com.siv","com.immersivetranslate.browser","com.zaz.translate","com.tangdi.baiguotong","ru.yandex.translate","com.niven.game","com.google.ar.lens","com.yoyodev.screentranslate","com.niven.apptranslate","at.nk.tools.iTranslate"]},{"rank":{"index":2,"lang":"de","country":"de","chineseCountryName":"德国","pkg":"com.spaceship.screen.textcopy"},"orders":["com.recognize_text.translate.screen","com.spaceship.screen.textcopy","com.newmg.yurao.pro","com.screen.translate.google","com.niven.translator","com.gaminik.i18n","com.tap_to_translate.snap_translate","com.microsoft.translator","com.immersivetranslate.browser","com.google.android.apps.translate","com.deepl.mobiletranslator","com.niven.game","com.niven.apptranslate","com.yoyodev.screentranslate","com.zaz.translate","ru.yandex.translate","com.tangdi.baiguotong","com.eecorp.taptranslator","com.google.ar.lens","com.siv"]},{"rank":{"index":2,"lang":"it","country":"it","chineseCountryName":"意大利","pkg":"com.spaceship.screen.textcopy"},"orders":["com.recognize_text.translate.screen","com.spaceship.screen.textcopy","com.tap_to_translate.snap_translate","com.gaminik.i18n","com.newmg.yurao.pro","com.niven.translator","com.screen.translate.google","com.deepl.mobiletranslator","com.google.android.apps.translate","com.microsoft.translator","com.immersivetranslate.browser","com.niven.game","com.yoyodev.screentranslate","com.niven.apptranslate","com.tangdi.baiguotong","com.zaz.translate","com.kursx.smartbook","com.voice_camera_free_translate","com.siv","at.nk.tools.iTranslate"]},{"rank":{"index":2,"lang":"ja","country":"jp","chineseCountryName":"日本","pkg":"com.spaceship.screen.textcopy"},"orders":["com.recognize_text.translate.screen","com.spaceship.screen.textcopy","com.tap_to_translate.snap_translate","com.gaminik.i18n","com.newmg.yurao.pro","com.microsoft.translator","com.screen.translate.google","com.deepl.mobiletranslator","com.immersivetranslate.browser","com.niven.translator","com.google.android.apps.translate","com.google.ar.lens","com.niven.game","com.naver.labs.translator"]},{"rank":{"index":2,"lang":"ko","country":"kr","chineseCountryName":"韩国","pkg":"com.spaceship.screen.textcopy"},"orders":["com.recognize_text.translate.screen","com.spaceship.screen.textcopy","com.tap_to_translate.snap_translate","com.newmg.yurao.pro","com.gaminik.i18n","com.niven.translator","com.screen.translate.google","com.immersivetranslate.browser","com.microsoft.translator","com.google.android.apps.translate","com.naver.labs.translator","com.niven.apptranslate","com.niven.game","com.deepl.mobiletranslator","com.zaz.translate","com.voice_camera_free_translate","com.facebook.katana","com.openai.chatgpt","com.supercell.clashofclans","com.siv"]},{"rank":{"index":2,"lang":"zh-hk","country":"hk","chineseCountryName":"香港","pkg":"com.spaceship.screen.textcopy"},"orders":["com.recognize_text.translate.screen","com.spaceship.screen.textcopy","com.screen.translate.google","com.newmg.yurao.pro","com.gaminik.i18n","com.niven.translator","com.tap_to_translate.snap_translate","com.microsoft.translator","com.immersivetranslate.browser","com.yoyodev.screentranslate","com.niven.apptranslate","com.google.android.apps.translate","com.naver.labs.translator","com.niven.game","com.deepl.mobiletranslator","at.nk.tools.iTranslate","com.tangdi.baiguotong","com.google.ar.lens","com.eecorp.taptranslator","com.zaz.translate"]},{"rank":{"index":2,"lang":"zh-tw","country":"tw","chineseCountryName":"台湾","pkg":"com.spaceship.screen.textcopy"},"orders":["com.recognize_text.translate.screen","com.spaceship.screen.textcopy","com.newmg.yurao.pro","com.screen.translate.google","com.gaminik.i18n","com.niven.translator","com.tap_to_translate.snap_translate","com.microsoft.translator","com.google.android.apps.translate","com.immersivetranslate.browser","com.yoyodev.screentranslate","com.niven.apptranslate","com.niven.game","com.deepl.mobiletranslator","com.zaz.translate","com.naver.labs.translator","com.tangdi.baiguotong","com.facebook.katana","com.facebook.orca","com.microsoft.teams"]},{"rank":{"index":3,"lang":"en","country":"in","chineseCountryName":"印度","pkg":"com.spaceship.screen.textcopy"},"orders":["com.recognize_text.translate.screen","com.newmg.yurao.pro","com.spaceship.screen.textcopy","com.google.android.apps.translate","com.zaz.translate"]},{"rank":{"index":2,"lang":"id","country":"id","chineseCountryName":"印尼","pkg":"com.spaceship.screen.textcopy"},"orders":["com.recognize_text.translate.screen","com.spaceship.screen.textcopy","com.tap_to_translate.snap_translate","com.newmg.yurao.pro","com.gaminik.i18n","com.niven.translator","com.niven.game","com.screen.translate.google","com.google.android.apps.translate","com.immersivetranslate.browser","com.deepl.mobiletranslator","com.yoyodev.screentranslate","com.niven.apptranslate"]},{"rank":{"index":2,"lang":"es-mx","country":"mx","chineseCountryName":"墨西哥","pkg":"com.spaceship.screen.textcopy"},"orders":["com.recognize_text.translate.screen","com.spaceship.screen.textcopy","com.tap_to_translate.snap_translate","com.newmg.yurao.pro","com.gaminik.i18n","com.google.android.apps.translate","com.deepl.mobiletranslator","com.zaz.translate","at.nk.tools.iTranslate","com.youdao.hindict","ru.yandex.translate","com.naver.labs.translator","com.immersivetranslate.browser","com.translate.talkingtranslator","com.niven.translator","com.screen.translate.google","com.niven.game","com.yoyodev.screentranslate","screen.translator.voice.translate","com.niven.apptranslate"]}]