[{"rank":{"index":2,"lang":"en-us","country":"us","chineseCountryName":"美国","pkg":"com.spaceship.screen.textcopy"},"orders":["com.recognize_text.translate.screen","com.spaceship.screen.textcopy","com.gaminik.i18n","com.google.android.apps.translate","com.tap_to_translate.snap_translate","com.niven.translator","com.screen.translate.google","screen.translator.voice.translate","com.niven.comic","com.niven.game","com.newmg.yurao.pro","com.languagetranslator.translatorapp.smartscanner.dictionary.translation.voicetranslator","com.microsoft.translator","com.deepl.mobiletranslator","com.google.android.dialer","at.nk.tools.iTranslate","com.google.android.apps.photos","com.android.chrome","com.duolingo","com.google.android.apps.maps"]},{"rank":{"index":3,"lang":"ru","country":"ru","chineseCountryName":"俄罗斯","pkg":"com.spaceship.screen.textcopy"},"orders":["com.recognize_text.translate.screen","com.tap_to_translate.snap_translate","com.spaceship.screen.textcopy","com.gaminik.i18n","com.niven.translator","com.niven.game","com.screen.translate.google","com.niven.comic","ru.yandex.translate","com.newmg.yurao.pro","com.google.android.apps.translate","com.discord","us.zoom.videomeetings","com.android.chrome","com.google.android.dialer","com.facebook.orca","com.google.android.apps.photos","com.duolingo","com.google.android.apps.kids.familylink","com.truecaller"]},{"rank":{"index":2,"lang":"fr","country":"fr","chineseCountryName":"法国","pkg":"com.spaceship.screen.textcopy"},"orders":["com.recognize_text.translate.screen","com.spaceship.screen.textcopy","com.tap_to_translate.snap_translate","com.gaminik.i18n","com.niven.game","com.niven.translator","com.niven.comic","com.screen.translate.google","com.google.android.apps.translate","com.microsoft.translator","com.deepl.mobiletranslator","com.discord","com.facebook.orca","com.canva.editor","com.android.chrome","com.google.android.apps.photos","com.skype.raider","com.languagetranslator.translatorapp.smartscanner.dictionary.translation.voicetranslator","com.newmg.yurao.pro","us.zoom.videomeetings"]},{"rank":{"index":2,"lang":"en-gb","country":"gb","chineseCountryName":"英国","pkg":"com.spaceship.screen.textcopy"},"orders":["com.recognize_text.translate.screen","com.spaceship.screen.textcopy","com.gaminik.i18n","com.google.android.apps.translate","com.niven.comic","com.niven.translator","com.screen.translate.google","com.tap_to_translate.snap_translate","com.niven.game","screen.translator.voice.translate","com.languagetranslator.translatorapp.smartscanner.dictionary.translation.voicetranslator","com.microsoft.translator","com.deepl.mobiletranslator","com.newmg.yurao.pro","com.eecorp.linguago","com.duolingo","com.android.chrome","at.nk.tools.iTranslate","com.google.android.apps.photos","com.google.android.apps.maps"]},{"rank":{"index":2,"lang":"de","country":"de","chineseCountryName":"德国","pkg":"com.spaceship.screen.textcopy"},"orders":["com.recognize_text.translate.screen","com.spaceship.screen.textcopy","com.tap_to_translate.snap_translate","com.gaminik.i18n","com.niven.translator","com.niven.game","com.niven.comic","com.newmg.yurao.pro","com.screen.translate.google","com.google.android.apps.translate","com.deepl.mobiletranslator","com.niven.apptranslate","com.microsoft.translator","com.eecorp.linguago","screen.translator.voice.translate","at.nk.tools.iTranslate","ru.yandex.translate","com.languagetranslator.translatorapp.smartscanner.dictionary.translation.voicetranslator","camera.translator.realtime","com.datacomprojects.scanandtranslate"]},{"rank":{"index":2,"lang":"it","country":"it","chineseCountryName":"意大利","pkg":"com.spaceship.screen.textcopy"},"orders":["com.recognize_text.translate.screen","com.spaceship.screen.textcopy","com.gaminik.i18n","com.niven.comic","com.niven.game","com.niven.translator","com.tap_to_translate.snap_translate","com.screen.translate.google","com.google.android.apps.translate","com.eecorp.linguago","com.deepl.mobiletranslator","com.discord","com.canva.editor","com.microsoft.translator","com.facebook.orca","com.google.android.apps.photos","com.languagetranslator.translatorapp.smartscanner.dictionary.translation.voicetranslator","at.nk.tools.iTranslate","com.android.chrome","us.zoom.videomeetings"]},{"rank":{"index":2,"lang":"ja","country":"jp","chineseCountryName":"日本","pkg":"com.spaceship.screen.textcopy"},"orders":["com.recognize_text.translate.screen","com.spaceship.screen.textcopy","com.tap_to_translate.snap_translate","com.gaminik.i18n","com.niven.translator","com.google.android.apps.translate","com.niven.game","com.deepl.mobiletranslator","com.niven.apptranslate","com.screen.translate.google","com.newmg.yurao.pro","com.niven.comic","com.naver.labs.translator","com.android.chrome","com.facebook.orca","com.google.android.apps.maps","com.discord","com.google.android.apps.photos","us.zoom.videomeetings","com.google.android.apps.docs"]},{"rank":{"index":2,"lang":"ko","country":"kr","chineseCountryName":"韩国","pkg":"com.spaceship.screen.textcopy"},"orders":["com.recognize_text.translate.screen","com.spaceship.screen.textcopy","com.tap_to_translate.snap_translate","com.niven.comic","com.gaminik.i18n","com.niven.translator","com.niven.apptranslate","com.screen.translate.google","com.niven.game","com.naver.labs.translator","com.newmg.yurao.pro","com.google.android.apps.translate","screen.translator.voice.translate","com.facebook.orca","us.zoom.videomeetings","com.discord","com.android.chrome","com.google.android.apps.photos","com.google.android.apps.docs","com.deepl.mobiletranslator"]},{"rank":{"index":2,"lang":"zh-hk","country":"hk","chineseCountryName":"香港","pkg":"com.spaceship.screen.textcopy"},"orders":["com.recognize_text.translate.screen","com.spaceship.screen.textcopy","com.gaminik.i18n","com.tap_to_translate.snap_translate","com.niven.translator","com.screen.translate.google","com.niven.game","com.newmg.yurao.pro","com.niven.comic","com.google.android.apps.translate","screen.translator.voice.translate","com.microsoft.translator","com.android.chrome","us.zoom.videomeetings","com.niven.apptranslate","com.google.android.apps.maps","com.facebook.orca","com.discord","com.deepl.mobiletranslator","com.google.android.apps.photos"]},{"rank":{"index":4,"lang":"zh-tw","country":"tw","chineseCountryName":"台湾","pkg":"com.spaceship.screen.textcopy"},"orders":["com.recognize_text.translate.screen","com.tap_to_translate.snap_translate","com.gaminik.i18n","com.spaceship.screen.textcopy","com.niven.game","com.niven.comic","com.niven.translator","com.screen.translate.google","com.newmg.yurao.pro","com.google.android.apps.translate","com.niven.apptranslate","com.facebook.orca","com.discord","com.android.chrome","com.deepl.mobiletranslator","us.zoom.videomeetings","com.google.android.apps.maps","com.skype.raider","at.nk.tools.iTranslate","com.image.camera.translate.ai"]},{"rank":{"index":2,"lang":"en","country":"in","chineseCountryName":"印度","pkg":"com.spaceship.screen.textcopy"},"orders":["com.recognize_text.translate.screen","com.spaceship.screen.textcopy","com.newmg.yurao.pro","com.google.android.apps.translate","screen.translator.voice.translate","com.tap_to_translate.snap_translate","com.niven.translator","com.niven.comic","com.niven.game","com.screen.translate.google","com.eecorp.linguago","com.niven.apptranslate","com.languagetranslator.translatorapp.smartscanner.dictionary.translation.voicetranslator","com.zaz.translate","com.microsoft.translator","com.google.android.inputmethod.latin","com.deepl.mobiletranslator","com.android.chrome","com.google.android.apps.photos","com.gaminik.i18n"]},{"rank":{"index":2,"lang":"id","country":"id","chineseCountryName":"印尼","pkg":"com.spaceship.screen.textcopy"},"orders":["com.recognize_text.translate.screen","com.spaceship.screen.textcopy","com.gaminik.i18n","com.newmg.yurao.pro","com.tap_to_translate.snap_translate","com.niven.translator","com.google.android.apps.translate","com.niven.game","com.canva.editor","com.google.android.apps.docs","com.android.chrome","com.discord"]},{"rank":{"index":3,"lang":"es-mx","country":"mx","chineseCountryName":"墨西哥","pkg":"com.spaceship.screen.textcopy"},"orders":["com.recognize_text.translate.screen","com.tap_to_translate.snap_translate","com.spaceship.screen.textcopy","com.google.android.apps.translate","com.niven.comic","com.screen.translate.google","com.niven.game","com.youdao.hindict","com.microsoft.translator","at.nk.tools.iTranslate","com.zaz.translate","com.deepl.mobiletranslator","screen.translator.voice.translate","com.naver.labs.translator","ru.yandex.translate","com.google.ar.lens","com.duolingo","com.languagetranslator.translatorapp.smartscanner.dictionary.translation.voicetranslator","com.niven.translator","com.gaminik.i18n"]}]