[{"rank":{"index":7,"lang":"en-us","country":"us","chineseCountryName":"美国","pkg":"com.spaceship.screen.textcopy"},"orders":["com.recognize_text.translate.screen","com.google.android.apps.translate","com.screen.translate.google","com.microsoft.translator","com.niven.translator","com.gaminik.i18n","com.spaceship.screen.textcopy","com.niven.game","com.tap_to_translate.snap_translate","com.niven.comic","com.naver.labs.translator","at.nk.tools.iTranslate","com.deepl.mobiletranslator","com.ticktalk.translatevoice","com.sayhi.android.sayhitranslate","com.google.ar.lens","com.zaz.translate","com.translate.talkingtranslator","com.datacomprojects.scanandtranslate","com.b1b.translator.voicetranslate.alllanguages.translator.app"]},{"rank":{"index":6,"lang":"ru","country":"ru","chineseCountryName":"俄罗斯","pkg":"com.spaceship.screen.textcopy"},"orders":["com.recognize_text.translate.screen","com.niven.translator","com.tap_to_translate.snap_translate","com.niven.game","com.gaminik.i18n","com.spaceship.screen.textcopy","com.screen.translate.google","ru.yandex.translate","com.niven.comic","com.microsoft.translator","com.google.android.apps.translate","com.deepl.mobiletranslator","com.newmg.yurao.pro","com.google.ar.lens","com.whatsapp","com.android.chrome","com.datacomprojects.scanandtranslate","com.facebook.orca","com.discord","com.google.android.dialer"]},{"rank":{"index":3,"lang":"pt-br","country":"br","chineseCountryName":"巴西","pkg":"com.spaceship.screen.textcopy"},"orders":["com.recognize_text.translate.screen","com.tap_to_translate.snap_translate","com.spaceship.screen.textcopy","com.niven.game","com.gaminik.i18n","com.google.android.apps.translate","com.screen.translate.google","com.microsoft.translator","com.niven.comic","at.nk.tools.iTranslate","com.deepl.mobiletranslator","ru.yandex.translate","com.newmg.yurao.pro","com.naver.labs.translator","com.google.ar.lens","com.galaxy.airviewdictionary","com.sayhi.android.sayhitranslate","com.softissimo.reverso.context","com.youdao.hindict","com.translate.talkingtranslator"]},{"rank":{"index":8,"lang":"fr","country":"fr","chineseCountryName":"法国","pkg":"com.spaceship.screen.textcopy"},"orders":["com.recognize_text.translate.screen","com.tap_to_translate.snap_translate","com.niven.game","com.gaminik.i18n","com.niven.translator","com.microsoft.translator","com.screen.translate.google","com.spaceship.screen.textcopy","com.google.android.apps.translate","com.niven.comic","com.newmg.yurao.pro","com.deepl.mobiletranslator","at.nk.tools.iTranslate","com.zaz.translate","com.softissimo.reverso.context","com.datacomprojects.scanandtranslate","com.image.camera.translate.ai","com.b1b.translator.voicetranslate.alllanguages.translator.app","com.whatsapp","com.facebook.orca"]},{"rank":{"index":8,"lang":"en-gb","country":"gb","chineseCountryName":"英国","pkg":"com.spaceship.screen.textcopy"},"orders":["com.recognize_text.translate.screen","com.microsoft.translator","com.gaminik.i18n","com.screen.translate.google","com.google.android.apps.translate","com.niven.translator","com.niven.game","com.spaceship.screen.textcopy","com.tap_to_translate.snap_translate","com.niven.comic","at.nk.tools.iTranslate","com.zaz.translate","com.deepl.mobiletranslator","com.b1b.translator.voicetranslate.alllanguages.translator.app","com.sayhi.android.sayhitranslate","com.datacomprojects.scanandtranslate","com.ticktalk.translatevoice","com.newmg.yurao.pro","com.google.ar.lens","com.translate.language.translator.voice.translation"]},{"rank":{"index":9,"lang":"de","country":"de","chineseCountryName":"德国","pkg":"com.spaceship.screen.textcopy"},"orders":["com.recognize_text.translate.screen","com.tap_to_translate.snap_translate","com.screen.translate.google","com.microsoft.translator","com.niven.game","com.niven.translator","com.gaminik.i18n","com.google.android.apps.translate","com.spaceship.screen.textcopy","com.deepl.mobiletranslator","com.niven.comic","com.datacomprojects.scanandtranslate","at.nk.tools.iTranslate","com.ticktalk.translatevoice","com.image.camera.translate.ai","com.newmg.yurao.pro","com.translate.talkingtranslator","ru.yandex.translate","com.softissimo.reverso.context","com.b1b.translator.voicetranslate.alllanguages.translator.app"]},{"rank":{"index":6,"lang":"it","country":"it","chineseCountryName":"意大利","pkg":"com.spaceship.screen.textcopy"},"orders":["com.recognize_text.translate.screen","com.screen.translate.google","com.niven.translator","com.gaminik.i18n","com.niven.game","com.spaceship.screen.textcopy","com.microsoft.translator","com.niven.comic","com.google.android.apps.translate","com.datacomprojects.scanandtranslate","at.nk.tools.iTranslate","com.tap_to_translate.snap_translate","translate.photo.translator.all.language.voice.translation.free.app","com.deepl.mobiletranslator","free.translate.all.language.translator","com.languagetranslator.translatorapp.smartscanner.dictionary.translation.voicetranslator","com.eecorp.linguago","com.softissimo.reverso.context","com.zaz.translate","com.image.camera.translate.ai"]},{"rank":{"index":10,"lang":"ja","country":"jp","chineseCountryName":"日本","pkg":"com.spaceship.screen.textcopy"},"orders":["com.recognize_text.translate.screen","com.niven.game","com.gaminik.i18n","com.niven.translator","com.google.android.apps.translate","com.screen.translate.google","com.tap_to_translate.snap_translate","com.microsoft.translator","com.naver.labs.translator","com.spaceship.screen.textcopy","com.niven.comic","com.google.ar.lens","com.deepl.mobiletranslator","com.datacomprojects.scanandtranslate","com.b1b.translator.voicetranslate.alllanguages.translator.app","at.nk.tools.iTranslate","com.android.chrome","com.facebook.orca","com.youdao.hindict","com.whatsapp"]},{"rank":{"index":7,"lang":"ko","country":"kr","chineseCountryName":"韩国","pkg":"com.spaceship.screen.textcopy"},"orders":["com.recognize_text.translate.screen","com.tap_to_translate.snap_translate","com.gaminik.i18n","com.niven.translator","com.screen.translate.google","com.niven.game","com.spaceship.screen.textcopy","com.niven.comic","com.naver.labs.translator","com.google.android.apps.translate","com.microsoft.translator","com.newmg.yurao.pro","com.deepl.mobiletranslator","at.nk.tools.iTranslate","com.facebook.orca","com.google.ar.lens","com.whatsapp","com.discord","com.android.chrome","com.sec.android.app.sbrowser"]},{"rank":{"index":8,"lang":"zh-hk","country":"hk","chineseCountryName":"香港","pkg":"com.spaceship.screen.textcopy"},"orders":["com.recognize_text.translate.screen","com.niven.game","com.gaminik.i18n","com.screen.translate.google","com.niven.translator","com.microsoft.translator","com.google.android.apps.translate","com.spaceship.screen.textcopy","com.tap_to_translate.snap_translate","com.niven.comic","at.nk.tools.iTranslate","com.naver.labs.translator","com.image.camera.translate.ai","com.newmg.yurao.pro","com.datacomprojects.scanandtranslate","com.b1b.translator.voicetranslate.alllanguages.translator.app","com.translate.language.translator.voice.translation","com.deepl.mobiletranslator","com.translate.talkingtranslator","com.google.ar.lens"]},{"rank":{"index":8,"lang":"zh-tw","country":"tw","chineseCountryName":"台湾","pkg":"com.spaceship.screen.textcopy"},"orders":["com.recognize_text.translate.screen","com.tap_to_translate.snap_translate","com.niven.game","com.screen.translate.google","com.niven.translator","com.gaminik.i18n","com.microsoft.translator","com.spaceship.screen.textcopy","com.niven.comic","com.google.android.apps.translate","at.nk.tools.iTranslate","com.naver.labs.translator"]},{"rank":{"index":8,"lang":"en","country":"in","chineseCountryName":"印度","pkg":"com.spaceship.screen.textcopy"},"orders":["com.recognize_text.translate.screen","com.google.android.apps.translate","com.tap_to_translate.snap_translate","com.screen.translate.google","com.niven.translator","com.niven.game","com.zaz.translate","com.spaceship.screen.textcopy","com.gaminik.i18n","at.nk.tools.iTranslate","com.ticktalk.translatevoice","com.naver.labs.translator","com.sayhi.android.sayhitranslate","com.deepl.mobiletranslator","com.google.ar.lens","com.languagetranslator.translatorapp.smartscanner.dictionary.translation.voicetranslator","ru.yandex.translate","com.niven.comic","com.softissimo.reverso.context","com.microsoft.translator"]},{"rank":{"index":7,"lang":"id","country":"id","chineseCountryName":"印尼","pkg":"com.spaceship.screen.textcopy"},"orders":["com.recognize_text.translate.screen","com.tap_to_translate.snap_translate","com.niven.translator","com.niven.game","com.gaminik.i18n","com.screen.translate.google","com.spaceship.screen.textcopy","com.niven.comic","com.google.android.apps.translate","com.youdao.hindict","com.newmg.yurao.pro","com.naver.labs.translator","com.microsoft.translator","com.deepl.mobiletranslator","com.android.chrome","com.whatsapp"]},{"rank":{"index":4,"lang":"es-mx","country":"mx","chineseCountryName":"墨西哥","pkg":"com.spaceship.screen.textcopy"},"orders":["com.recognize_text.translate.screen","com.tap_to_translate.snap_translate","com.niven.game","com.spaceship.screen.textcopy","com.microsoft.translator","com.google.android.apps.translate","com.gaminik.i18n","com.screen.translate.google","at.nk.tools.iTranslate","com.niven.comic","com.youdao.hindict","com.deepl.mobiletranslator","ru.yandex.translate","com.naver.labs.translator","com.newmg.yurao.pro","com.google.ar.lens","com.sayhi.android.sayhitranslate","com.softissimo.reverso.context","com.translate.talkingtranslator","com.niven.translator"]}]