[{"rank":{"index":2,"lang":"en-us","country":"us","chineseCountryName":"美国","pkg":"com.spaceship.screen.textcopy"},"orders":["com.recognize_text.translate.screen","com.spaceship.screen.textcopy","com.niven.translator","com.gaminik.i18n","com.microsoft.translator","com.google.android.apps.translate","com.tap_to_translate.snap_translate","com.niven.game","com.niven.comic","at.nk.tools.iTranslate","com.naver.labs.translator","com.newmg.yurao.pro","com.zaz.translate","com.translate.talkingtranslator","com.screen.translate.google","com.deepl.mobiletranslator","com.sayhi.android.sayhitranslate","com.translate.language.translator.voice.translation","com.niven.apptranslate","com.google.ar.lens"]},{"rank":{"index":4,"lang":"ru","country":"ru","chineseCountryName":"俄罗斯","pkg":"com.spaceship.screen.textcopy"},"orders":["com.recognize_text.translate.screen","com.niven.translator","com.tap_to_translate.snap_translate","com.spaceship.screen.textcopy","com.microsoft.translator","com.niven.game","com.gaminik.i18n","com.google.android.apps.translate","ru.yandex.translate","com.niven.comic","com.deepl.mobiletranslator","at.nk.tools.iTranslate","com.screen.translate.google","com.datacomprojects.scanandtranslate","com.naver.labs.translator","com.translate.language.translator.voice.translation","com.zaz.translate","com.newmg.yurao.pro","com.niven.apptranslate","com.tangdi.baiguotong"]},{"rank":{"index":4,"lang":"pt-br","country":"br","chineseCountryName":"巴西","pkg":"com.spaceship.screen.textcopy"},"orders":["com.recognize_text.translate.screen","com.tap_to_translate.snap_translate","com.gaminik.i18n","com.spaceship.screen.textcopy","com.niven.game","com.niven.translator","com.niven.comic","com.microsoft.translator","com.screen.translate.google","com.google.android.apps.translate","com.youdao.hindict","com.newmg.yurao.pro","com.galaxy.airviewdictionary","at.nk.tools.iTranslate","com.niven.apptranslate","com.deepl.mobiletranslator","com.eecorp.taptranslator","com.translate.language.translator.voice.translation","com.audacityittranslator.translatetexttranslator","com.android.chrome"]},{"rank":{"index":6,"lang":"fr","country":"fr","chineseCountryName":"法国","pkg":"com.spaceship.screen.textcopy"},"orders":["com.recognize_text.translate.screen","com.tap_to_translate.snap_translate","com.niven.translator","com.niven.game","com.gaminik.i18n","com.spaceship.screen.textcopy","com.microsoft.translator","com.niven.comic","com.google.android.apps.translate","com.galaxy.airviewdictionary","com.newmg.yurao.pro","com.screen.translate.google","at.nk.tools.iTranslate","com.niven.apptranslate","com.screen.translator.text.recognize","com.audacityittranslator.translatetexttranslator","com.youdao.hindict","com.deepl.mobiletranslator","com.eecorp.taptranslator","com.language.translate.free.translator.voice.translation"]},{"rank":{"index":3,"lang":"en-gb","country":"gb","chineseCountryName":"英国","pkg":"com.spaceship.screen.textcopy"},"orders":["com.recognize_text.translate.screen","com.tap_to_translate.snap_translate","com.spaceship.screen.textcopy","com.gaminik.i18n","com.microsoft.translator","com.google.android.apps.translate","com.niven.translator","com.niven.game","com.niven.comic","at.nk.tools.iTranslate","com.zaz.translate","com.deepl.mobiletranslator","com.translate.talkingtranslator","com.ticktalk.translatevoice","com.newmg.yurao.pro","com.screen.translate.google","com.naver.labs.translator","com.translate.language.translator.voice.translation","com.b1b.translator.voicetranslate.alllanguages.translator.app","com.youdao.hindict"]},{"rank":{"index":2,"lang":"de","country":"de","chineseCountryName":"德国","pkg":"com.spaceship.screen.textcopy"},"orders":["com.recognize_text.translate.screen","com.spaceship.screen.textcopy","com.tap_to_translate.snap_translate","com.niven.translator","com.gaminik.i18n","com.microsoft.translator","com.niven.game","com.niven.comic","com.screen.translate.google","com.newmg.yurao.pro","com.google.android.apps.translate","at.nk.tools.iTranslate","com.deepl.mobiletranslator","com.audacityittranslator.translatetexttranslator","com.screen.translator.text.recognize","com.translate.talkingtranslator","com.niven.apptranslate","com.galaxy.airviewdictionary","ru.yandex.translate","com.eecorp.taptranslator"]},{"rank":{"index":2,"lang":"it","country":"it","chineseCountryName":"意大利","pkg":"com.spaceship.screen.textcopy"},"orders":["com.recognize_text.translate.screen","com.spaceship.screen.textcopy","com.niven.translator","com.gaminik.i18n","com.niven.game","com.tap_to_translate.snap_translate","com.microsoft.translator","com.niven.comic","com.google.android.apps.translate","com.galaxy.airviewdictionary","com.screen.translate.google","com.newmg.yurao.pro","at.nk.tools.iTranslate","com.deepl.mobiletranslator","com.screen.translator.text.recognize","com.niven.apptranslate","com.youdao.hindict","com.datacomprojects.scanandtranslate","com.b1b.translator.voicetranslate.alllanguages.translator.app","com.translate.language.translator.voice.translation"]},{"rank":{"index":4,"lang":"ja","country":"jp","chineseCountryName":"日本","pkg":"com.spaceship.screen.textcopy"},"orders":["com.recognize_text.translate.screen","com.tap_to_translate.snap_translate","com.niven.translator","com.spaceship.screen.textcopy","com.gaminik.i18n","com.niven.game","com.niven.comic","com.microsoft.translator","com.google.android.apps.translate","com.galaxy.airviewdictionary","com.naver.labs.translator","com.screen.translate.google","com.deepl.mobiletranslator","com.screen.translator.text.recognize","com.google.ar.lens","com.niven.apptranslate","com.newmg.yurao.pro","at.nk.tools.iTranslate","com.facebook.orca","com.android.chrome"]},{"rank":{"index":2,"lang":"ko","country":"kr","chineseCountryName":"韩国","pkg":"com.spaceship.screen.textcopy"},"orders":["com.recognize_text.translate.screen","com.spaceship.screen.textcopy","com.microsoft.translator","com.niven.translator","com.google.android.apps.translate","com.gaminik.i18n","com.naver.labs.translator","com.niven.game","com.tap_to_translate.snap_translate","com.niven.comic","at.nk.tools.iTranslate","com.deepl.mobiletranslator"]},{"rank":{"index":2,"lang":"zh-hk","country":"hk","chineseCountryName":"香港","pkg":"com.spaceship.screen.textcopy"},"orders":["com.recognize_text.translate.screen","com.spaceship.screen.textcopy","com.microsoft.translator","com.google.android.apps.translate","com.niven.translator","com.gaminik.i18n","com.niven.game","com.tap_to_translate.snap_translate","at.nk.tools.iTranslate","com.naver.labs.translator","com.niven.comic","com.zaz.translate","com.translate.language.translator.voice.translation","com.deepl.mobiletranslator","com.tangdi.baiguotong","com.language.translate.free.translator.voice.translation","com.youdao.hindict","com.newmg.yurao.pro","com.screen.translate.google","com.galaxy.airviewdictionary"]},{"rank":{"index":2,"lang":"zh-tw","country":"tw","chineseCountryName":"台湾","pkg":"com.spaceship.screen.textcopy"},"orders":["com.recognize_text.translate.screen","com.spaceship.screen.textcopy","com.tap_to_translate.snap_translate","com.microsoft.translator","com.google.android.apps.translate","com.niven.translator","com.gaminik.i18n","com.niven.game","com.niven.comic","at.nk.tools.iTranslate","com.naver.labs.translator","com.galaxy.airviewdictionary","com.youdao.hindict","com.translate.language.translator.voice.translation","com.tangdi.baiguotong","com.deepl.mobiletranslator","com.datacomprojects.scanandtranslate","com.screen.translate.google","com.newmg.yurao.pro","com.language.translate.free.translator.voice.translation"]},{"rank":{"index":4,"lang":"en","country":"in","chineseCountryName":"印度","pkg":"com.spaceship.screen.textcopy"},"orders":["com.recognize_text.translate.screen","com.tap_to_translate.snap_translate","com.google.android.apps.translate","com.spaceship.screen.textcopy","com.niven.translator","com.microsoft.translator"]},{"rank":{"index":4,"lang":"id","country":"id","chineseCountryName":"印尼","pkg":"com.spaceship.screen.textcopy"},"orders":["com.recognize_text.translate.screen","com.tap_to_translate.snap_translate","com.niven.translator","com.spaceship.screen.textcopy","com.gaminik.i18n","com.niven.game","com.niven.comic","com.youdao.hindict","com.screen.translate.google","com.newmg.yurao.pro","com.google.android.apps.translate","com.eecorp.taptranslator","com.naver.labs.translator","com.microsoft.translator","com.niven.apptranslate"]},{"rank":{"index":3,"lang":"es-mx","country":"mx","chineseCountryName":"墨西哥","pkg":"com.spaceship.screen.textcopy"},"orders":["com.recognize_text.translate.screen","com.niven.game","com.spaceship.screen.textcopy","com.niven.translator","com.gaminik.i18n","com.tap_to_translate.snap_translate","com.microsoft.translator","com.niven.comic","com.youdao.hindict","com.newmg.yurao.pro","at.nk.tools.iTranslate","com.screen.translate.google","com.google.android.apps.translate","com.deepl.mobiletranslator","com.niven.apptranslate","com.translate.language.translator.voice.translation","com.galaxy.airviewdictionary","com.language.translate.free.translator.voice.translation","com.audacityittranslator.translatetexttranslator","com.facebook.orca"]}]