[{"rank":{"index":2,"lang":"en-us","country":"us","chineseCountryName":"美国","pkg":"com.spaceship.screen.textcopy"},"orders":["com.recognize_text.translate.screen","com.spaceship.screen.textcopy","com.gaminik.i18n","com.google.android.apps.translate","com.microsoft.translator","com.niven.translator","com.tap_to_translate.snap_translate","com.niven.game","com.niven.comic","com.screen.translate.google","com.newmg.yurao.pro","com.naver.labs.translator","com.eecorp.linguago","screen.translator.voice.translate","com.mobisystems.msdict.embedded.wireless.collins.ee","com.niven.apptranslate","at.nk.tools.iTranslate","com.datacomprojects.scanandtranslate","com.deepl.mobiletranslator","com.languagetranslator.translatorapp.smartscanner.dictionary.translation.voicetranslator"]},{"rank":{"index":2,"lang":"ru","country":"ru","chineseCountryName":"俄罗斯","pkg":"com.spaceship.screen.textcopy"},"orders":["com.recognize_text.translate.screen","com.spaceship.screen.textcopy","com.tap_to_translate.snap_translate","com.gaminik.i18n","com.niven.translator","com.screen.translate.google","com.niven.apptranslate","com.newmg.yurao.pro","ru.yandex.translate","com.niven.game","com.google.android.apps.translate","screen.translator.voice.translate","com.niven.comic","com.eecorp.linguago","com.deepl.mobiletranslator","com.microsoft.translator","com.google.android.dialer","com.android.chrome","com.discord","com.chat_translate.screen_translate"]},{"rank":{"index":2,"lang":"fr","country":"fr","chineseCountryName":"法国","pkg":"com.spaceship.screen.textcopy"},"orders":["com.recognize_text.translate.screen","com.spaceship.screen.textcopy","com.tap_to_translate.snap_translate","com.gaminik.i18n","com.niven.translator","com.niven.game","com.screen.translate.google","com.google.android.apps.translate","com.newmg.yurao.pro","com.microsoft.translator","com.niven.comic","com.niven.apptranslate","com.eecorp.linguago","com.deepl.mobiletranslator","com.softissimo.reverso.context","screen.translator.voice.translate","com.languagetranslator.translatorapp.smartscanner.dictionary.translation.voicetranslator","com.android.chrome","com.google.android.apps.maps","com.facebook.orca"]},{"rank":{"index":2,"lang":"en-gb","country":"gb","chineseCountryName":"英国","pkg":"com.spaceship.screen.textcopy"},"orders":["com.recognize_text.translate.screen","com.spaceship.screen.textcopy","com.gaminik.i18n","com.google.android.apps.translate","com.niven.translator","screen.translator.voice.translate","com.tap_to_translate.snap_translate","com.niven.game","com.microsoft.translator","com.screen.translate.google","com.eecorp.linguago","com.niven.comic","com.mobisystems.msdict.embedded.wireless.collins.ee","com.datacomprojects.scanandtranslate","com.newmg.yurao.pro","com.niven.apptranslate","com.nordicwise.translator","com.deepl.mobiletranslator","at.nk.tools.iTranslate","com.languagetranslator.translatorapp.smartscanner.dictionary.translation.voicetranslator"]},{"rank":{"index":2,"lang":"de","country":"de","chineseCountryName":"德国","pkg":"com.spaceship.screen.textcopy"},"orders":["com.recognize_text.translate.screen","com.spaceship.screen.textcopy","com.gaminik.i18n","com.tap_to_translate.snap_translate","com.niven.translator","com.niven.game","com.screen.translate.google","com.microsoft.translator","com.newmg.yurao.pro","com.google.android.apps.translate","com.niven.apptranslate","com.deepl.mobiletranslator","com.eecorp.linguago","com.niven.comic","screen.translator.voice.translate","com.softissimo.reverso.context","com.nordicwise.translator","com.languagetranslator.translatorapp.smartscanner.dictionary.translation.voicetranslator","ru.yandex.translate","camera.translator.realtime"]},{"rank":{"index":2,"lang":"it","country":"it","chineseCountryName":"意大利","pkg":"com.spaceship.screen.textcopy"},"orders":["com.recognize_text.translate.screen","com.spaceship.screen.textcopy","com.gaminik.i18n","com.niven.game","com.niven.translator","com.tap_to_translate.snap_translate","com.screen.translate.google","com.niven.comic","com.niven.apptranslate","com.languagetranslator.translatorapp.smartscanner.dictionary.translation.voicetranslator","com.eecorp.linguago","screen.translator.voice.translate","com.google.android.apps.translate","com.microsoft.translator","com.softissimo.reverso.context","com.newmg.yurao.pro","free.translate.all.language.translator","at.nk.tools.iTranslate","com.deepl.mobiletranslator","camera.translator.realtime"]},{"rank":{"index":2,"lang":"ja","country":"jp","chineseCountryName":"日本","pkg":"com.spaceship.screen.textcopy"},"orders":["com.recognize_text.translate.screen","com.spaceship.screen.textcopy","com.tap_to_translate.snap_translate","com.gaminik.i18n","com.niven.apptranslate","com.niven.translator","com.niven.game","com.google.android.apps.translate","com.deepl.mobiletranslator","com.newmg.yurao.pro","screen.translator.voice.translate","com.screen.translate.google","com.niven.comic","com.naver.labs.translator","com.microsoft.translator","com.android.chrome","com.google.android.apps.maps","com.facebook.orca","com.discord","us.zoom.videomeetings"]},{"rank":{"index":2,"lang":"ko","country":"kr","chineseCountryName":"韩国","pkg":"com.spaceship.screen.textcopy"},"orders":["com.recognize_text.translate.screen","com.spaceship.screen.textcopy","com.gaminik.i18n","com.niven.game","com.tap_to_translate.snap_translate","com.niven.translator","com.screen.translate.google","com.niven.apptranslate","com.niven.comic","com.google.android.apps.translate","screen.translator.voice.translate","com.newmg.yurao.pro","com.naver.labs.translator","us.zoom.videomeetings","com.discord","com.android.chrome","com.facebook.orca","com.google.android.apps.docs","com.google.android.apps.photos","com.duolingo"]},{"rank":{"index":2,"lang":"zh-hk","country":"hk","chineseCountryName":"香港","pkg":"com.spaceship.screen.textcopy"},"orders":["com.recognize_text.translate.screen","com.spaceship.screen.textcopy","com.gaminik.i18n","com.tap_to_translate.snap_translate","com.screen.translate.google","com.niven.translator","com.niven.game","com.google.android.apps.translate","com.niven.apptranslate","com.newmg.yurao.pro","com.microsoft.translator","com.niven.comic","com.android.chrome","com.google.android.apps.maps","com.whatsapp","com.facebook.orca","com.discord","screen.translator.voice.translate","us.zoom.videomeetings","com.duolingo"]},{"rank":{"index":2,"lang":"zh-tw","country":"tw","chineseCountryName":"台湾","pkg":"com.spaceship.screen.textcopy"},"orders":["com.recognize_text.translate.screen","com.spaceship.screen.textcopy","com.tap_to_translate.snap_translate","com.gaminik.i18n","com.niven.game","com.niven.translator","com.screen.translate.google","com.niven.apptranslate","com.niven.comic","com.newmg.yurao.pro","com.google.android.apps.translate","com.eecorp.linguago","com.microsoft.translator","com.google.android.apps.maps","com.languagetranslator.translatorapp.smartscanner.dictionary.translation.voicetranslator","com.android.chrome","com.naver.labs.translator","com.facebook.orca","com.discord","free.translate.all.language.translator"]},{"rank":{"index":2,"lang":"en","country":"in","chineseCountryName":"印度","pkg":"com.spaceship.screen.textcopy"},"orders":["com.recognize_text.translate.screen","com.spaceship.screen.textcopy","com.google.android.apps.translate","screen.translator.voice.translate","com.newmg.yurao.pro","com.tap_to_translate.snap_translate","com.niven.translator","com.languagetranslator.translatorapp.smartscanner.dictionary.translation.voicetranslator","com.zaz.translate","free.translate.all.language.translator","com.microsoft.translator","com.tranit.text.translate","at.nk.tools.iTranslate","com.eecorp.linguago","com.screen.translate.google","com.niven.game","com.softissimo.reverso.context","com.datacomprojects.scanandtranslate","com.naver.labs.translator","com.gaminik.i18n"]},{"rank":{"index":2,"lang":"id","country":"id","chineseCountryName":"印尼","pkg":"com.spaceship.screen.textcopy"},"orders":["com.recognize_text.translate.screen","com.spaceship.screen.textcopy","com.tap_to_translate.snap_translate","com.gaminik.i18n","com.niven.translator","com.niven.game","com.newmg.yurao.pro","com.niven.comic","com.niven.apptranslate","com.screen.translate.google","com.google.android.apps.translate","com.youdao.hindict","com.eecorp.linguago"]},{"rank":{"index":2,"lang":"es-mx","country":"mx","chineseCountryName":"墨西哥","pkg":"com.spaceship.screen.textcopy"},"orders":["com.recognize_text.translate.screen","com.spaceship.screen.textcopy","com.tap_to_translate.snap_translate","com.google.android.apps.translate","com.niven.game","screen.translator.voice.translate","com.youdao.hindict","com.microsoft.translator","com.languagetranslator.translatorapp.smartscanner.dictionary.translation.voicetranslator","com.niven.comic","at.nk.tools.iTranslate","com.zaz.translate","com.screen.translate.google","free.translate.all.language.translator","com.newmg.yurao.pro","com.deepl.mobiletranslator","com.niven.apptranslate","ru.yandex.translate","com.niven.translator","com.gaminik.i18n"]}]