[{"rank":{"index":2,"lang":"en-us","country":"us","chineseCountryName":"美国","pkg":"com.spaceship.screen.textcopy"},"orders":["com.recognize_text.translate.screen","com.spaceship.screen.textcopy","com.google.android.apps.translate","com.niven.translator","com.microsoft.translator","com.screen.translate.google","com.gaminik.i18n","com.tap_to_translate.snap_translate","com.niven.game","com.translate.talkingtranslator","com.niven.comic","com.newmg.yurao.pro","com.translate.language.translator.voice.translation","com.deepl.mobiletranslator","com.mobisystems.msdict.embedded.wireless.collins.ee","com.erudite.translator","com.zaz.translate","com.naver.labs.translator","com.translatepost.voicetranslator.cameratranslator","com.google.ar.lens"]},{"rank":{"index":3,"lang":"ru","country":"ru","chineseCountryName":"俄罗斯","pkg":"com.spaceship.screen.textcopy"},"orders":["com.recognize_text.translate.screen","com.niven.translator","com.spaceship.screen.textcopy","com.tap_to_translate.snap_translate","com.niven.game","com.gaminik.i18n","com.screen.translate.google","com.niven.comic","com.newmg.yurao.pro","com.microsoft.translator","com.google.android.apps.translate","com.deepl.mobiletranslator","ru.yandex.translate","com.android.chrome","com.whatsapp","com.instagram.android","com.google.ar.lens","com.facebook.orca","org.telegram.messenger","com.activision.callofduty.shooter"]},{"rank":{"index":2,"lang":"pt-br","country":"br","chineseCountryName":"巴西","pkg":"com.spaceship.screen.textcopy"},"orders":["com.recognize_text.translate.screen","com.spaceship.screen.textcopy","com.tap_to_translate.snap_translate","com.niven.game","com.gaminik.i18n","com.google.android.apps.translate","com.zaz.translate","com.deepl.mobiletranslator","com.translate.talkingtranslator","com.tangdi.baiguotong","com.softissimo.reverso.context","com.google.ar.lens","com.sayhi.android.sayhitranslate","com.niven.translator","com.screen.translate.google","com.niven.comic","com.newmg.yurao.pro","com.galaxy.airviewdictionary","screen.translator.voice.translate","com.flitto.app"]},{"rank":{"index":2,"lang":"fr","country":"fr","chineseCountryName":"法国","pkg":"com.spaceship.screen.textcopy"},"orders":["com.recognize_text.translate.screen","com.spaceship.screen.textcopy","com.tap_to_translate.snap_translate","com.niven.game","com.niven.translator","com.gaminik.i18n","com.microsoft.translator","com.niven.comic","com.screen.translate.google","com.google.android.apps.translate","com.translate.talkingtranslator","com.newmg.yurao.pro","com.deepl.mobiletranslator","com.aldoo.pdftranslatorpro","com.datacomprojects.scanandtranslate","com.image.camera.translate.ai","com.translate.language.translator.voice.translation","com.zaz.translate","com.erudite.translator","com.tangdi.baiguotong"]},{"rank":{"index":2,"lang":"en-gb","country":"gb","chineseCountryName":"英国","pkg":"com.spaceship.screen.textcopy"},"orders":["com.recognize_text.translate.screen","com.spaceship.screen.textcopy","com.gaminik.i18n","com.google.android.apps.translate","com.microsoft.translator","com.screen.translate.google","com.niven.translator","com.niven.game","com.tap_to_translate.snap_translate","com.niven.comic","com.deepl.mobiletranslator","com.newmg.yurao.pro","com.translate.talkingtranslator","com.erudite.translator","com.mobisystems.msdict.embedded.wireless.collins.ee","com.translate.language.translator.voice.translation","com.zaz.translate","com.google.ar.lens","com.tangdi.baiguotong","com.aldoo.pdftranslatorpro"]},{"rank":{"index":2,"lang":"de","country":"de","chineseCountryName":"德国","pkg":"com.spaceship.screen.textcopy"},"orders":["com.recognize_text.translate.screen","com.spaceship.screen.textcopy","com.tap_to_translate.snap_translate","com.niven.translator","com.gaminik.i18n","com.screen.translate.google","com.niven.game","com.microsoft.translator","com.google.android.apps.translate","com.deepl.mobiletranslator","com.niven.comic","com.translate.talkingtranslator","com.newmg.yurao.pro","com.aldoo.pdftranslatorpro","com.erudite.translator","com.translate.language.translator.voice.translation","com.image.camera.translate.ai","com.datacomprojects.scanandtranslate","com.translatepost.voicetranslator.cameratranslator","com.tangdi.baiguotong"]},{"rank":{"index":2,"lang":"it","country":"it","chineseCountryName":"意大利","pkg":"com.spaceship.screen.textcopy"},"orders":["com.recognize_text.translate.screen","com.spaceship.screen.textcopy","com.tap_to_translate.snap_translate","com.niven.translator","com.gaminik.i18n","com.niven.game","com.screen.translate.google","com.microsoft.translator","com.niven.comic","com.google.android.apps.translate","com.deepl.mobiletranslator","com.aldoo.pdftranslatorpro","com.newmg.yurao.pro","com.image.camera.translate.ai","com.datacomprojects.scanandtranslate","com.erudite.translator","com.translate.talkingtranslator","com.tangdi.baiguotong","com.translate.language.translator.voice.translation","com.mobisystems.msdict.embedded.wireless.collins.ee"]},{"rank":{"index":2,"lang":"ja","country":"jp","chineseCountryName":"日本","pkg":"com.spaceship.screen.textcopy"},"orders":["com.recognize_text.translate.screen","com.spaceship.screen.textcopy","com.tap_to_translate.snap_translate","com.niven.translator","com.gaminik.i18n","com.niven.game","com.screen.translate.google","com.niven.comic","com.microsoft.translator","com.newmg.yurao.pro","com.google.android.apps.translate","com.deepl.mobiletranslator","com.naver.labs.translator","com.translate.talkingtranslator","com.tangdi.baiguotong","com.google.ar.lens","com.image.camera.translate.ai","com.flitto.app","com.erudite.translator","com.facebook.orca"]},{"rank":{"index":2,"lang":"ko","country":"kr","chineseCountryName":"韩国","pkg":"com.spaceship.screen.textcopy"},"orders":["com.recognize_text.translate.screen","com.spaceship.screen.textcopy","com.tap_to_translate.snap_translate","com.gaminik.i18n","com.niven.translator","com.niven.game","com.niven.comic","com.screen.translate.google","com.naver.labs.translator","com.google.android.apps.translate","com.newmg.yurao.pro","com.microsoft.translator","com.translate.talkingtranslator","com.deepl.mobiletranslator","com.flitto.app","com.translate.language.translator.voice.translation","com.erudite.translator","com.aldoo.pdftranslatorpro","com.image.camera.translate.ai","com.google.ar.lens"]},{"rank":{"index":2,"lang":"zh-hk","country":"hk","chineseCountryName":"香港","pkg":"com.spaceship.screen.textcopy"},"orders":["com.recognize_text.translate.screen","com.spaceship.screen.textcopy","com.gaminik.i18n","com.niven.translator","com.niven.game","com.screen.translate.google","com.tap_to_translate.snap_translate","com.microsoft.translator","com.niven.comic","com.google.android.apps.translate","com.newmg.yurao.pro","com.tangdi.baiguotong","com.deepl.mobiletranslator","com.translate.language.translator.voice.translation","com.translate.talkingtranslator","com.aldoo.pdftranslatorpro","com.mobisystems.msdict.embedded.wireless.collins.ee","com.erudite.translator","com.google.ar.lens","com.flitto.app"]},{"rank":{"index":2,"lang":"zh-tw","country":"tw","chineseCountryName":"台湾","pkg":"com.spaceship.screen.textcopy"},"orders":["com.recognize_text.translate.screen","com.spaceship.screen.textcopy","com.gaminik.i18n","com.niven.translator","com.screen.translate.google","com.niven.game","com.tap_to_translate.snap_translate","com.microsoft.translator","com.niven.comic","com.newmg.yurao.pro","com.google.android.apps.translate","com.translate.talkingtranslator","com.tangdi.baiguotong","com.aldoo.pdftranslatorpro","com.translate.language.translator.voice.translation","com.deepl.mobiletranslator","com.mobisystems.msdict.embedded.wireless.collins.ee","com.erudite.translator","com.naver.labs.translator","com.google.ar.lens"]},{"rank":{"index":2,"lang":"en","country":"in","chineseCountryName":"印度","pkg":"com.spaceship.screen.textcopy"},"orders":["com.recognize_text.translate.screen","com.spaceship.screen.textcopy","com.google.android.apps.translate","com.zaz.translate"]},{"rank":{"index":2,"lang":"id","country":"id","chineseCountryName":"印尼","pkg":"com.spaceship.screen.textcopy"},"orders":["com.recognize_text.translate.screen","com.spaceship.screen.textcopy","com.tap_to_translate.snap_translate","com.niven.translator","com.niven.game","com.gaminik.i18n","com.screen.translate.google","com.niven.comic","com.newmg.yurao.pro","com.google.android.apps.translate","com.youdao.hindict","com.microsoft.translator","com.deepl.mobiletranslator"]},{"rank":{"index":2,"lang":"es-mx","country":"mx","chineseCountryName":"墨西哥","pkg":"com.spaceship.screen.textcopy"},"orders":["com.recognize_text.translate.screen","com.spaceship.screen.textcopy","com.tap_to_translate.snap_translate","com.niven.game","com.gaminik.i18n","com.google.android.apps.translate","com.zaz.translate","com.translate.talkingtranslator","com.deepl.mobiletranslator","com.google.ar.lens","com.softissimo.reverso.context","at.nk.tools.iTranslate","com.niven.translator","com.screen.translate.google","com.niven.comic","com.newmg.yurao.pro","com.youdao.hindict","com.galaxy.airviewdictionary","screen.translator.voice.translate","com.tangdi.baiguotong"]}]