[{"rank":{"index":2,"lang":"en-us","country":"us","chineseCountryName":"美国","pkg":"com.spaceship.screen.textcopy"},"orders":["com.recognize_text.translate.screen","com.spaceship.screen.textcopy","com.tap_to_translate.snap_translate","com.niven.translator","com.screen.translate.google","com.gaminik.i18n","com.newmg.yurao.pro","com.niven.apptranslate","com.screen.translator.text.recognize","com.galaxy.airviewdictionary","com.niven.game","com.google.android.apps.translate","com.eecorp.linguago","com.yoyodev.screentranslate","com.hive.lingonative","com.deepl.mobiletranslator","live.screentranslate.realtime","com.zaz.translate","com.mg.chat","com.newtranslate.google"]},{"rank":{"index":3,"lang":"ru","country":"ru","chineseCountryName":"俄罗斯","pkg":"com.spaceship.screen.textcopy"},"orders":["com.recognize_text.translate.screen","com.niven.translator","com.spaceship.screen.textcopy","com.tap_to_translate.snap_translate","com.screen.translate.google","com.newmg.yurao.pro","com.galaxy.airviewdictionary","com.gaminik.i18n","com.eecorp.linguago","com.niven.apptranslate","com.screen.translator.text.recognize","com.flabs.screen.translate","ru.yandex.translate","com.google.android.apps.translate"]},{"rank":{"index":2,"lang":"pt-br","country":"br","chineseCountryName":"巴西","pkg":"com.spaceship.screen.textcopy"},"orders":["com.recognize_text.translate.screen","com.spaceship.screen.textcopy","com.niven.translator","com.tap_to_translate.snap_translate","com.gaminik.i18n","com.screen.translate.google","com.galaxy.airviewdictionary","com.niven.apptranslate","com.niven.game","com.newmg.yurao.pro","com.flabs.screen.translate","com.newtranslate.google","com.screen.translator.text.recognize","com.eecorp.linguago","com.google.android.apps.translate","com.niven.comic","com.deepl.mobiletranslator","com.eecorp.taptranslator","screen.translator.voice.translate","com.aldoo.pdftranslatorpro"]},{"rank":{"index":2,"lang":"fr","country":"fr","chineseCountryName":"法国","pkg":"com.spaceship.screen.textcopy"},"orders":["com.recognize_text.translate.screen","com.spaceship.screen.textcopy","com.tap_to_translate.snap_translate","com.niven.translator","com.screen.translate.google","com.galaxy.airviewdictionary","com.gaminik.i18n","com.niven.apptranslate","com.newtranslate.google","com.flabs.screen.translate","com.yoyodev.screentranslate","com.screen.translator.text.recognize","com.newmg.yurao.pro","com.google.android.apps.translate","screen.translator.voice.translate","com.eecorp.linguago","com.deepl.mobiletranslator","com.google.ar.lens","com.niven.game","com.eecorp.taptranslator"]},{"rank":{"index":2,"lang":"en-gb","country":"gb","chineseCountryName":"英国","pkg":"com.spaceship.screen.textcopy"},"orders":["com.recognize_text.translate.screen","com.spaceship.screen.textcopy","com.tap_to_translate.snap_translate","com.niven.translator","com.screen.translate.google","com.galaxy.airviewdictionary","com.gaminik.i18n","com.niven.apptranslate","com.screen.translator.text.recognize","com.google.android.apps.translate","com.newmg.yurao.pro","com.newtranslate.google","com.flabs.screen.translate","com.niven.game","screen.translator.voice.translate","com.yoyodev.screentranslate","com.hive.lingonative","com.eecorp.linguago","com.deepl.mobiletranslator","com.microsoft.translator"]},{"rank":{"index":2,"lang":"de","country":"de","chineseCountryName":"德国","pkg":"com.spaceship.screen.textcopy"},"orders":["com.recognize_text.translate.screen","com.spaceship.screen.textcopy","com.niven.translator","com.galaxy.airviewdictionary","com.screen.translate.google","com.tap_to_translate.snap_translate","com.gaminik.i18n","com.niven.apptranslate","com.flabs.screen.translate","com.google.android.apps.translate","com.screen.translator.text.recognize","com.deepl.mobiletranslator","com.yoyodev.screentranslate","com.newmg.yurao.pro","screen.translator.voice.translate","com.newtranslate.google","com.google.ar.lens","com.microsoft.translator","com.zaz.translate","ru.yandex.translate"]},{"rank":{"index":2,"lang":"it","country":"it","chineseCountryName":"意大利","pkg":"com.spaceship.screen.textcopy"},"orders":["com.recognize_text.translate.screen","com.spaceship.screen.textcopy","com.niven.translator","com.tap_to_translate.snap_translate","com.screen.translate.google","com.galaxy.airviewdictionary","com.flabs.screen.translate","com.niven.apptranslate","com.yoyodev.screentranslate","com.gaminik.i18n","screen.translator.voice.translate","com.newtranslate.google","com.newmg.yurao.pro","com.eecorp.taptranslator","com.google.android.apps.translate","com.deepl.mobiletranslator","live.screentranslate.realtime","com.google.ar.lens","com.translate.all.language.photo.screen","top.applocalize.translate"]},{"rank":{"index":3,"lang":"ja","country":"jp","chineseCountryName":"日本","pkg":"com.spaceship.screen.textcopy"},"orders":["com.recognize_text.translate.screen","com.tap_to_translate.snap_translate","com.spaceship.screen.textcopy","com.screen.translate.google","com.niven.translator","com.galaxy.airviewdictionary","com.gaminik.i18n","com.newmg.yurao.pro"]},{"rank":{"index":2,"lang":"ko","country":"kr","chineseCountryName":"韩国","pkg":"com.spaceship.screen.textcopy"},"orders":["com.recognize_text.translate.screen","com.spaceship.screen.textcopy","com.tap_to_translate.snap_translate","com.gaminik.i18n","com.niven.translator","com.screen.translate.google","com.galaxy.airviewdictionary","com.niven.apptranslate","com.newtranslate.google","com.flabs.screen.translate","com.newmg.yurao.pro","com.screen.translator.text.recognize","com.niven.game","screen.translator.voice.translate","com.google.android.apps.translate","com.eecorp.linguago","com.eecorp.taptranslator","com.deepl.mobiletranslator","com.translatepost.voicetranslator.cameratranslator","top.applocalize.translate"]},{"rank":{"index":2,"lang":"zh-hk","country":"hk","chineseCountryName":"香港","pkg":"com.spaceship.screen.textcopy"},"orders":["com.recognize_text.translate.screen","com.spaceship.screen.textcopy","com.tap_to_translate.snap_translate","com.niven.translator","com.screen.translate.google","com.gaminik.i18n","com.google.android.apps.translate","com.niven.apptranslate","com.newmg.yurao.pro","com.galaxy.airviewdictionary","com.google.ar.lens","com.google.android.tts","com.deepl.mobiletranslator","com.microsoft.translator","com.naver.labs.translator","com.zaz.translate","at.nk.tools.iTranslate","com.hive.lingonative","ru.yandex.translate","screen.translator.voice.translate"]},{"rank":{"index":2,"lang":"zh-tw","country":"tw","chineseCountryName":"台湾","pkg":"com.spaceship.screen.textcopy"},"orders":["com.recognize_text.translate.screen","com.spaceship.screen.textcopy","com.gaminik.i18n","com.tap_to_translate.snap_translate","com.niven.translator","com.google.android.apps.translate","com.screen.translate.google","com.android.chrome","com.google.ar.lens","com.google.android.tts","com.niven.apptranslate","com.naver.labs.translator","com.deepl.mobiletranslator","com.galaxy.airviewdictionary","com.microsoft.translator","com.newmg.yurao.pro","com.zaz.translate","com.flabs.screen.translate","ru.yandex.translate","com.translate.talkingtranslator"]},{"rank":{"index":0,"lang":"en","country":"in","chineseCountryName":"印度","pkg":"com.spaceship.screen.textcopy"},"orders":["com.recognize_text.translate.screen","com.tap_to_translate.snap_translate","com.gaminik.i18n"]},{"rank":{"index":2,"lang":"id","country":"id","chineseCountryName":"印尼","pkg":"com.spaceship.screen.textcopy"},"orders":["com.recognize_text.translate.screen","com.spaceship.screen.textcopy","com.niven.translator","com.tap_to_translate.snap_translate","com.gaminik.i18n","com.screen.translate.google","com.niven.apptranslate","com.newmg.yurao.pro","com.newtranslate.google","com.niven.game","com.galaxy.airviewdictionary","com.google.android.apps.translate"]},{"rank":{"index":2,"lang":"es-mx","country":"mx","chineseCountryName":"墨西哥","pkg":"com.spaceship.screen.textcopy"},"orders":["com.recognize_text.translate.screen","com.spaceship.screen.textcopy","com.niven.translator","com.tap_to_translate.snap_translate","com.screen.translate.google","com.newmg.yurao.pro","com.niven.apptranslate","com.gaminik.i18n","com.galaxy.airviewdictionary","com.flabs.screen.translate","com.niven.game","com.newtranslate.google","com.screen.translator.text.recognize","com.deepl.mobiletranslator","com.yoyodev.screentranslate","com.google.android.apps.translate","com.google.ar.lens","com.aldoo.pdftranslatorpro","com.eecorp.linguago","com.niven.comic"]}]