[{"rank":{"index":8,"lang":"en-us","country":"us","chineseCountryName":"美国","pkg":"com.spaceship.screen.textcopy"},"orders":["com.recognize_text.translate.screen","com.tap_to_translate.snap_translate","com.gaminik.i18n","com.mg.yurao.google","com.google.android.apps.translate","com.microsoft.translator","com.niven.translator","com.spaceship.screen.textcopy","com.niven.apptranslate","com.newmg.yurao.pro","screen.translator.voice.translate","com.niven.comic","com.zaz.translate","com.eecorp.linguago","com.naver.labs.translator","com.datacomprojects.scanandtranslate","com.niven.game","com.galaxy.airviewdictionary","com.tranit.text.translate","com.voice_camera_free_translate"]},{"rank":{"index":5,"lang":"ru","country":"ru","chineseCountryName":"俄罗斯","pkg":"com.spaceship.screen.textcopy"},"orders":["com.recognize_text.translate.screen","com.tap_to_translate.snap_translate","com.niven.translator","com.gaminik.i18n","com.spaceship.screen.textcopy","com.niven.apptranslate","screen.translator.voice.translate","com.microsoft.translator","com.eecorp.linguago","com.niven.comic","com.google.android.apps.translate","ru.yandex.translate","com.niven.game","com.chat_translate.screen_translate","com.deepl.mobiletranslator","com.naver.labs.translator","com.translator.translation.screen.translate.voice.languages.text.translating","at.nk.tools.iTranslate","com.zaz.translate","com.tranit.text.translate"]},{"rank":{"index":8,"lang":"pt-br","country":"br","chineseCountryName":"巴西","pkg":"com.spaceship.screen.textcopy"},"orders":["com.recognize_text.translate.screen","com.tap_to_translate.snap_translate","com.mg.yurao.google","com.gaminik.i18n","com.niven.translator","com.niven.comic","com.niven.apptranslate","com.spaceship.screen.textcopy","com.newmg.yurao.pro","com.galaxy.airviewdictionary","screen.translator.voice.translate","com.microsoft.translator","com.google.android.apps.translate","com.eecorp.linguago","com.tranit.text.translate","com.niven.game","com.zaz.translate","com.voice_camera_free_translate","com.youdao.hindict","ru.yandex.translate"]},{"rank":{"index":7,"lang":"fr","country":"fr","chineseCountryName":"法国","pkg":"com.spaceship.screen.textcopy"},"orders":["com.recognize_text.translate.screen","com.tap_to_translate.snap_translate","com.gaminik.i18n","com.mg.yurao.google","com.niven.translator","com.niven.apptranslate","com.spaceship.screen.textcopy","com.newmg.yurao.pro","screen.translator.voice.translate","com.niven.comic","com.eecorp.linguago","com.microsoft.translator","com.google.android.apps.translate","com.niven.game"]},{"rank":{"index":8,"lang":"en-gb","country":"gb","chineseCountryName":"英国","pkg":"com.spaceship.screen.textcopy"},"orders":["com.recognize_text.translate.screen","com.tap_to_translate.snap_translate","com.gaminik.i18n","com.google.android.apps.translate","com.mg.yurao.google","com.microsoft.translator","com.niven.translator","com.spaceship.screen.textcopy","screen.translator.voice.translate","com.niven.apptranslate","com.newmg.yurao.pro","com.niven.comic","com.zaz.translate","com.eecorp.linguago","com.datacomprojects.scanandtranslate","com.tranit.text.translate","com.naver.labs.translator","at.nk.tools.iTranslate","com.deepl.mobiletranslator","com.galaxy.airviewdictionary"]},{"rank":{"index":6,"lang":"de","country":"de","chineseCountryName":"德国","pkg":"com.spaceship.screen.textcopy"},"orders":["com.recognize_text.translate.screen","com.tap_to_translate.snap_translate","com.mg.yurao.google","com.gaminik.i18n","com.niven.translator","com.spaceship.screen.textcopy","com.niven.apptranslate","com.microsoft.translator","com.newmg.yurao.pro","com.google.android.apps.translate","com.niven.comic","screen.translator.voice.translate","com.eecorp.linguago","com.zaz.translate","com.tranit.text.translate","at.nk.tools.iTranslate","com.datacomprojects.scanandtranslate","com.voice_camera_free_translate","com.deepl.mobiletranslator","com.naver.labs.translator"]},{"rank":{"index":6,"lang":"it","country":"it","chineseCountryName":"意大利","pkg":"com.spaceship.screen.textcopy"},"orders":["com.recognize_text.translate.screen","com.tap_to_translate.snap_translate","com.niven.translator","com.mg.yurao.google","com.gaminik.i18n","com.spaceship.screen.textcopy","com.niven.apptranslate","com.newmg.yurao.pro","com.microsoft.translator","com.google.android.apps.translate","com.niven.comic","screen.translator.voice.translate","com.eecorp.linguago","com.zaz.translate","at.nk.tools.iTranslate","com.galaxy.airviewdictionary","com.niven.game","com.naver.labs.translator","com.datacomprojects.scanandtranslate","com.tranit.text.translate"]},{"rank":{"index":9,"lang":"ja","country":"jp","chineseCountryName":"日本","pkg":"com.spaceship.screen.textcopy"},"orders":["com.recognize_text.translate.screen","com.tap_to_translate.snap_translate","com.mg.yurao.google","com.gaminik.i18n","com.niven.translator","com.niven.apptranslate","com.newmg.yurao.pro","com.microsoft.translator","com.spaceship.screen.textcopy","com.google.android.apps.translate","com.naver.labs.translator","screen.translator.voice.translate","com.eecorp.linguago","com.datacomprojects.scanandtranslate","com.tranit.text.translate","com.abbyy.mobile.textgrabber.full","com.niven.comic","com.youdao.hindict","com.chat_translate.screen_translate","at.nk.tools.iTranslate"]},{"rank":{"index":6,"lang":"ko","country":"kr","chineseCountryName":"韩国","pkg":"com.spaceship.screen.textcopy"},"orders":["com.recognize_text.translate.screen","com.tap_to_translate.snap_translate","com.mg.yurao.google","com.gaminik.i18n","com.niven.translator","com.spaceship.screen.textcopy","com.niven.apptranslate","com.newmg.yurao.pro","screen.translator.voice.translate","com.naver.labs.translator","com.microsoft.translator","com.niven.comic","com.google.android.apps.translate","com.zaz.translate","com.eecorp.linguago","com.voice_camera_free_translate","com.datacomprojects.scanandtranslate","com.tranit.text.translate","com.youdao.hindict","at.nk.tools.iTranslate"]},{"rank":{"index":11,"lang":"zh-hk","country":"hk","chineseCountryName":"香港","pkg":"com.spaceship.screen.textcopy"},"orders":["com.recognize_text.translate.screen","com.tap_to_translate.snap_translate","com.mg.yurao.google","com.microsoft.translator","com.gaminik.i18n","com.newmg.yurao.pro","com.niven.translator","at.nk.tools.iTranslate","com.google.android.apps.translate","com.niven.comic","com.spaceship.screen.textcopy","com.datacomprojects.scanandtranslate","com.niven.apptranslate","com.naver.labs.translator","com.zaz.translate","com.tranit.text.translate","com.eecorp.linguago","com.voice_camera_free_translate","com.mg.subtitle.google","com.sayhi.android.sayhitranslate"]},{"rank":{"index":10,"lang":"zh-tw","country":"tw","chineseCountryName":"台湾","pkg":"com.spaceship.screen.textcopy"},"orders":["com.recognize_text.translate.screen","com.mg.yurao.google","com.tap_to_translate.snap_translate","com.gaminik.i18n","com.niven.translator","com.newmg.yurao.pro","com.google.android.apps.translate","com.niven.apptranslate","com.niven.comic","com.spaceship.screen.textcopy","com.microsoft.translator","com.eecorp.linguago","com.naver.labs.translator","com.voice_camera_free_translate","screen.translator.voice.translate","com.niven.game","com.zaz.translate","at.nk.tools.iTranslate","com.datacomprojects.scanandtranslate","com.deepl.mobiletranslator"]},{"rank":{"index":8,"lang":"en","country":"in","chineseCountryName":"印度","pkg":"com.spaceship.screen.textcopy"},"orders":["com.recognize_text.translate.screen","com.tap_to_translate.snap_translate","com.google.android.apps.translate","com.mg.yurao.google","com.gaminik.i18n","screen.translator.voice.translate","com.newmg.yurao.pro","com.spaceship.screen.textcopy","com.microsoft.translator","com.niven.translator","com.niven.apptranslate","com.zaz.translate","com.niven.comic"]},{"rank":{"index":6,"lang":"id","country":"id","chineseCountryName":"印尼","pkg":"com.spaceship.screen.textcopy"},"orders":["com.recognize_text.translate.screen","com.tap_to_translate.snap_translate","com.mg.yurao.google","com.gaminik.i18n","com.newmg.yurao.pro","com.spaceship.screen.textcopy","com.niven.translator","com.niven.apptranslate","com.google.android.apps.translate","com.naver.labs.translator","com.niven.comic","com.eecorp.linguago","com.microsoft.translator","screen.translator.voice.translate","com.youdao.hindict","com.tranit.text.translate","com.zaz.translate","com.niven.game"]},{"rank":{"index":6,"lang":"es-mx","country":"mx","chineseCountryName":"墨西哥","pkg":"com.spaceship.screen.textcopy"},"orders":["com.recognize_text.translate.screen","com.tap_to_translate.snap_translate","com.niven.translator","com.mg.yurao.google","com.gaminik.i18n","com.spaceship.screen.textcopy","com.niven.apptranslate","com.newmg.yurao.pro","com.niven.comic","com.microsoft.translator","screen.translator.voice.translate","com.google.android.apps.translate","com.youdao.hindict","com.eecorp.linguago","com.tranit.text.translate","at.nk.tools.iTranslate"]}]