[{"rank":{"index":2,"lang":"en-us","country":"us","chineseCountryName":"美国","pkg":"com.spaceship.screen.textcopy"},"orders":["com.recognize_text.translate.screen","com.spaceship.screen.textcopy","com.tap_to_translate.snap_translate","com.niven.translator","com.google.android.apps.translate","com.screen.translate.google","com.newmg.yurao.pro","com.gaminik.i18n","com.immersivetranslate.browser","com.deepl.mobiletranslator","com.microsoft.translator","com.fapp.translate.language.translator.fasttranslation","com.zaz.translate","at.nk.tools.iTranslate","com.naver.labs.translator","ru.yandex.translate","com.niven.apptranslate","com.voice_camera_free_translate","com.translate.talkingtranslator","com.niven.game"]},{"rank":{"index":0,"lang":"ru","country":"ru","chineseCountryName":"俄罗斯","pkg":"com.spaceship.screen.textcopy"},"orders":["com.recognize_text.translate.screen","com.niven.translator","com.tap_to_translate.snap_translate","com.newmg.yurao.pro","com.gaminik.i18n","com.screen.translate.google","ru.yandex.translate","com.deepl.mobiletranslator","com.immersivetranslate.browser","com.niven.game","com.google.android.apps.translate","com.voice_camera_free_translate","com.niven.apptranslate","com.zaz.translate","com.microsoft.translator","com.fapp.translate.language.translator.fasttranslation","at.nk.tools.iTranslate","com.translate.talkingtranslator","com.naver.labs.translator","com.google.ar.lens"]},{"rank":{"index":2,"lang":"pt-br","country":"br","chineseCountryName":"巴西","pkg":"com.spaceship.screen.textcopy"},"orders":["com.recognize_text.translate.screen","com.spaceship.screen.textcopy","com.tap_to_translate.snap_translate","com.newmg.yurao.pro","com.gaminik.i18n","com.zaz.translate","com.google.android.apps.translate","com.deepl.mobiletranslator","at.nk.tools.iTranslate","com.microsoft.translator","ru.yandex.translate","com.naver.labs.translator","com.immersivetranslate.browser","jp.go.nict.voicetra","com.google.ar.lens","com.tangdi.baiguotong","com.voice_camera_free_translate","com.google.android.apps.bard","com.android.chrome","com.google.android.inputmethod.latin"]},{"rank":{"index":3,"lang":"fr","country":"fr","chineseCountryName":"法国","pkg":"com.spaceship.screen.textcopy"},"orders":["com.recognize_text.translate.screen","com.tap_to_translate.snap_translate","com.spaceship.screen.textcopy","com.niven.translator","com.screen.translate.google","com.gaminik.i18n","com.newmg.yurao.pro","com.immersivetranslate.browser","com.google.android.apps.translate","com.fapp.translate.language.translator.fasttranslation","com.niven.apptranslate","com.deepl.mobiletranslator","com.zaz.translate","com.voice_camera_free_translate","com.microsoft.translator","com.niven.game","ru.yandex.translate","com.openai.chatgpt","com.netflix.mediaclient","com.microsoft.teams"]},{"rank":{"index":2,"lang":"en-gb","country":"gb","chineseCountryName":"英国","pkg":"com.spaceship.screen.textcopy"},"orders":["com.recognize_text.translate.screen","com.spaceship.screen.textcopy","com.google.android.apps.translate","com.niven.translator","com.screen.translate.google","com.tap_to_translate.snap_translate","com.gaminik.i18n","com.newmg.yurao.pro","com.zaz.translate","com.immersivetranslate.browser","com.microsoft.translator","com.deepl.mobiletranslator","com.fapp.translate.language.translator.fasttranslation","at.nk.tools.iTranslate","com.voice_camera_free_translate","com.niven.game","ru.yandex.translate","com.niven.apptranslate","com.naver.labs.translator","com.tangdi.baiguotong"]},{"rank":{"index":4,"lang":"de","country":"de","chineseCountryName":"德国","pkg":"com.spaceship.screen.textcopy"},"orders":["com.recognize_text.translate.screen","com.niven.translator","com.tap_to_translate.snap_translate","com.spaceship.screen.textcopy","com.screen.translate.google","com.gaminik.i18n","com.newmg.yurao.pro","com.immersivetranslate.browser","com.fapp.translate.language.translator.fasttranslation","com.deepl.mobiletranslator","com.google.android.apps.translate","com.microsoft.translator","com.niven.apptranslate","com.voice_camera_free_translate","com.zaz.translate","com.niven.game","ru.yandex.translate","at.nk.tools.iTranslate","com.translate.talkingtranslator","com.google.ar.lens"]},{"rank":{"index":2,"lang":"it","country":"it","chineseCountryName":"意大利","pkg":"com.spaceship.screen.textcopy"},"orders":["com.recognize_text.translate.screen","com.spaceship.screen.textcopy","com.tap_to_translate.snap_translate","com.niven.translator","com.screen.translate.google","com.gaminik.i18n","com.newmg.yurao.pro","com.immersivetranslate.browser","com.fapp.translate.language.translator.fasttranslation","com.google.android.apps.translate","com.deepl.mobiletranslator","com.zaz.translate","com.niven.apptranslate","com.voice_camera_free_translate","com.microsoft.translator","com.niven.game","at.nk.tools.iTranslate","ru.yandex.translate","com.openai.chatgpt","com.google.ar.lens"]},{"rank":{"index":2,"lang":"ja","country":"jp","chineseCountryName":"日本","pkg":"com.spaceship.screen.textcopy"},"orders":["com.recognize_text.translate.screen","com.spaceship.screen.textcopy","com.tap_to_translate.snap_translate","com.gaminik.i18n","com.newmg.yurao.pro","com.screen.translate.google","com.niven.translator","com.immersivetranslate.browser","com.fapp.translate.language.translator.fasttranslation"]},{"rank":{"index":2,"lang":"ko","country":"kr","chineseCountryName":"韩国","pkg":"com.spaceship.screen.textcopy"},"orders":["com.recognize_text.translate.screen","com.spaceship.screen.textcopy","com.niven.translator","com.tap_to_translate.snap_translate","com.gaminik.i18n","com.newmg.yurao.pro","com.screen.translate.google","com.immersivetranslate.browser","com.niven.apptranslate","com.fapp.translate.language.translator.fasttranslation","com.naver.labs.translator","com.google.android.apps.translate","com.voice_camera_free_translate","com.niven.game","com.deepl.mobiletranslator","com.microsoft.translator","com.openai.chatgpt","com.zaz.translate","com.translate.talkingtranslator","com.kakao.talk"]},{"rank":{"index":2,"lang":"zh-hk","country":"hk","chineseCountryName":"香港","pkg":"com.spaceship.screen.textcopy"},"orders":["com.recognize_text.translate.screen","com.spaceship.screen.textcopy","com.screen.translate.google","com.tap_to_translate.snap_translate","com.niven.translator","com.newmg.yurao.pro","com.gaminik.i18n","com.immersivetranslate.browser","com.google.android.apps.translate","com.fapp.translate.language.translator.fasttranslation","com.niven.apptranslate","com.zaz.translate","com.voice_camera_free_translate","com.microsoft.translator","com.deepl.mobiletranslator","com.naver.labs.translator","com.niven.game","at.nk.tools.iTranslate","com.google.ar.lens","ru.yandex.translate"]},{"rank":{"index":2,"lang":"zh-tw","country":"tw","chineseCountryName":"台湾","pkg":"com.spaceship.screen.textcopy"},"orders":["com.recognize_text.translate.screen","com.spaceship.screen.textcopy","com.niven.translator","com.screen.translate.google","com.newmg.yurao.pro","com.gaminik.i18n","com.tap_to_translate.snap_translate","com.immersivetranslate.browser","com.niven.apptranslate","com.fapp.translate.language.translator.fasttranslation","com.google.android.apps.translate","com.deepl.mobiletranslator","com.zaz.translate","com.microsoft.translator","com.openai.chatgpt","com.netflix.mediaclient","com.google.ar.lens","com.android.chrome","com.instagram.barcelona","com.naver.labs.translator"]},{"rank":{"index":2,"lang":"en","country":"in","chineseCountryName":"印度","pkg":"com.spaceship.screen.textcopy"},"orders":["com.recognize_text.translate.screen","com.spaceship.screen.textcopy","com.newmg.yurao.pro","com.google.android.apps.translate","com.zaz.translate"]},{"rank":{"index":2,"lang":"id","country":"id","chineseCountryName":"印尼","pkg":"com.spaceship.screen.textcopy"},"orders":["com.recognize_text.translate.screen","com.spaceship.screen.textcopy","com.tap_to_translate.snap_translate","com.niven.translator","com.screen.translate.google","com.gaminik.i18n","com.newmg.yurao.pro","com.fapp.translate.language.translator.fasttranslation","com.niven.game","com.google.android.apps.translate","com.immersivetranslate.browser","com.deepl.mobiletranslator","com.zaz.translate"]},{"rank":{"index":2,"lang":"es-mx","country":"mx","chineseCountryName":"墨西哥","pkg":"com.spaceship.screen.textcopy"},"orders":["com.recognize_text.translate.screen","com.spaceship.screen.textcopy","com.tap_to_translate.snap_translate","com.newmg.yurao.pro","com.gaminik.i18n","com.zaz.translate","com.google.android.apps.translate","com.deepl.mobiletranslator","at.nk.tools.iTranslate","com.microsoft.translator","ru.yandex.translate","com.immersivetranslate.browser","com.translate.talkingtranslator","com.naver.labs.translator","jp.go.nict.voicetra","com.google.ar.lens","com.voice_camera_free_translate","com.tangdi.baiguotong","com.google.android.apps.bard","com.aldoo.pdftranslatorpro"]}]