[{"rank":{"index":2,"lang":"en-us","country":"us","chineseCountryName":"美国","pkg":"com.spaceship.screen.textcopy"},"orders":["com.recognize_text.translate.screen","com.spaceship.screen.textcopy","com.gaminik.i18n","com.tap_to_translate.snap_translate","com.google.android.apps.translate","com.microsoft.translator","com.niven.translator","com.niven.game","com.niven.comic","com.newmg.yurao.pro","at.nk.tools.iTranslate","screen.translator.voice.translate","com.deepl.mobiletranslator","com.softissimo.reverso.context","com.niven.apptranslate","com.google.ar.lens","com.eecorp.linguago","com.naver.labs.translator","com.mobisystems.msdict.embedded.wireless.collins.ee","com.translate.talkingtranslator"]},{"rank":{"index":3,"lang":"ru","country":"ru","chineseCountryName":"俄罗斯","pkg":"com.spaceship.screen.textcopy"},"orders":["com.recognize_text.translate.screen","com.tap_to_translate.snap_translate","com.spaceship.screen.textcopy","com.gaminik.i18n","com.niven.translator","com.niven.game","com.newmg.yurao.pro","com.niven.comic","com.niven.apptranslate","ru.yandex.translate","com.deepl.mobiletranslator","com.eecorp.linguago","com.google.android.apps.translate","com.microsoft.translator","screen.translator.voice.translate","com.whatsapp","com.android.chrome","com.facebook.orca","com.discord","com.google.android.apps.photos"]},{"rank":{"index":2,"lang":"fr","country":"fr","chineseCountryName":"法国","pkg":"com.spaceship.screen.textcopy"},"orders":["com.recognize_text.translate.screen","com.spaceship.screen.textcopy","com.tap_to_translate.snap_translate","com.gaminik.i18n","com.niven.game","com.niven.translator","com.niven.comic","com.newmg.yurao.pro","com.niven.apptranslate","com.google.android.apps.translate","com.microsoft.translator","com.eecorp.linguago","com.facebook.orca","com.google.android.apps.photos","com.whatsapp","org.telegram.messenger","com.android.chrome","com.deepl.mobiletranslator","com.truecaller","com.discord"]},{"rank":{"index":2,"lang":"en-gb","country":"gb","chineseCountryName":"英国","pkg":"com.spaceship.screen.textcopy"},"orders":["com.recognize_text.translate.screen","com.spaceship.screen.textcopy","com.gaminik.i18n","com.tap_to_translate.snap_translate","com.google.android.apps.translate","com.microsoft.translator","com.niven.translator","com.niven.game","com.niven.comic","com.newmg.yurao.pro","screen.translator.voice.translate","com.eecorp.linguago","com.niven.apptranslate","com.deepl.mobiletranslator","at.nk.tools.iTranslate","com.softissimo.reverso.context","com.translator.yellow","com.mobisystems.msdict.embedded.wireless.collins.ee","com.android.chrome","com.google.android.apps.photos"]},{"rank":{"index":2,"lang":"de","country":"de","chineseCountryName":"德国","pkg":"com.spaceship.screen.textcopy"},"orders":["com.recognize_text.translate.screen","com.spaceship.screen.textcopy","com.gaminik.i18n","com.tap_to_translate.snap_translate","com.niven.game","com.niven.translator","com.niven.comic","com.microsoft.translator","com.newmg.yurao.pro","com.google.android.apps.translate","com.deepl.mobiletranslator","com.niven.apptranslate","com.eecorp.linguago","com.facebook.orca","com.whatsapp","com.softissimo.reverso.context","com.android.chrome","com.google.android.apps.photos","com.truecaller","com.discord"]},{"rank":{"index":2,"lang":"it","country":"it","chineseCountryName":"意大利","pkg":"com.spaceship.screen.textcopy"},"orders":["com.recognize_text.translate.screen","com.spaceship.screen.textcopy","com.niven.game","com.gaminik.i18n","com.tap_to_translate.snap_translate","com.niven.translator","com.niven.comic","com.niven.apptranslate","com.newmg.yurao.pro","com.microsoft.translator","com.google.android.apps.translate","com.eecorp.linguago","com.deepl.mobiletranslator","com.facebook.orca","com.whatsapp","com.google.android.apps.photos","com.softissimo.reverso.context","com.discord","com.android.chrome","com.google.android.dialer"]},{"rank":{"index":3,"lang":"ja","country":"jp","chineseCountryName":"日本","pkg":"com.spaceship.screen.textcopy"},"orders":["com.recognize_text.translate.screen","com.gaminik.i18n","com.spaceship.screen.textcopy","com.tap_to_translate.snap_translate","com.niven.game","com.niven.comic","com.niven.translator","com.niven.apptranslate","com.google.android.apps.translate","com.deepl.mobiletranslator","com.newmg.yurao.pro","com.naver.labs.translator","com.eecorp.linguago","com.microsoft.translator","com.google.ar.lens","com.android.chrome","com.facebook.orca","com.whatsapp","com.discord","com.google.android.apps.maps"]},{"rank":{"index":3,"lang":"ko","country":"kr","chineseCountryName":"韩国","pkg":"com.spaceship.screen.textcopy"},"orders":["com.recognize_text.translate.screen","com.tap_to_translate.snap_translate","com.spaceship.screen.textcopy","com.gaminik.i18n","com.niven.game","com.niven.comic","com.niven.translator","com.niven.apptranslate","com.newmg.yurao.pro","com.naver.labs.translator","com.google.android.apps.translate","com.eecorp.linguago","screen.translator.voice.translate","com.facebook.orca","com.android.chrome","com.microsoft.translator","com.google.android.apps.photos","com.whatsapp","com.discord","us.zoom.videomeetings"]},{"rank":{"index":2,"lang":"zh-hk","country":"hk","chineseCountryName":"香港","pkg":"com.spaceship.screen.textcopy"},"orders":["com.recognize_text.translate.screen","com.spaceship.screen.textcopy","com.gaminik.i18n","com.tap_to_translate.snap_translate","com.niven.game","com.newmg.yurao.pro","com.google.android.apps.translate","com.niven.translator","com.niven.comic","com.microsoft.translator","com.whatsapp","com.facebook.orca","com.android.chrome","com.google.android.apps.maps","org.telegram.messenger","us.zoom.videomeetings","com.discord","com.niven.apptranslate","com.google.android.apps.photos","com.naver.labs.translator"]},{"rank":{"index":4,"lang":"zh-tw","country":"tw","chineseCountryName":"台湾","pkg":"com.spaceship.screen.textcopy"},"orders":["com.recognize_text.translate.screen","com.gaminik.i18n","com.tap_to_translate.snap_translate","com.spaceship.screen.textcopy","com.niven.game","com.niven.translator","com.niven.comic","com.niven.apptranslate","com.newmg.yurao.pro","com.google.android.apps.translate","com.microsoft.translator","com.eecorp.linguago","com.naver.labs.translator","com.facebook.orca","com.android.chrome","org.telegram.messenger","com.whatsapp","com.discord","com.google.android.apps.maps","com.google.android.apps.photos"]},{"rank":{"index":2,"lang":"en","country":"in","chineseCountryName":"印度","pkg":"com.spaceship.screen.textcopy"},"orders":["com.recognize_text.translate.screen","com.spaceship.screen.textcopy","com.google.android.apps.translate","com.gaminik.i18n"]},{"rank":{"index":2,"lang":"id","country":"id","chineseCountryName":"印尼","pkg":"com.spaceship.screen.textcopy"},"orders":["com.recognize_text.translate.screen","com.spaceship.screen.textcopy","com.tap_to_translate.snap_translate","com.gaminik.i18n","com.niven.translator","com.niven.game","com.niven.comic","com.newmg.yurao.pro","com.niven.apptranslate","com.google.android.apps.translate"]},{"rank":{"index":3,"lang":"es-mx","country":"mx","chineseCountryName":"墨西哥","pkg":"com.spaceship.screen.textcopy"},"orders":["com.recognize_text.translate.screen","com.tap_to_translate.snap_translate","com.spaceship.screen.textcopy","com.niven.game","com.niven.translator","com.niven.comic","com.google.android.apps.translate","com.eecorp.linguago","com.niven.apptranslate","com.google.android.apps.photos","com.whatsapp","com.android.chrome","com.facebook.orca","com.microsoft.translator","com.google.android.apps.maps","com.canva.editor","com.discord","com.google.android.apps.docs","us.zoom.videomeetings","com.gaminik.i18n"]}]