[{"rank":{"index":6,"lang":"en-us","country":"us","chineseCountryName":"美国","pkg":"com.spaceship.screen.textcopy"},"orders":["com.recognize_text.translate.screen","com.google.android.apps.translate","com.screen.translate.google","com.microsoft.translator","com.niven.translator","com.spaceship.screen.textcopy","com.gaminik.i18n","com.niven.game","com.tap_to_translate.snap_translate","at.nk.tools.iTranslate","com.niven.comic","com.translate.talkingtranslator","com.google.ar.lens","com.sayhi.android.sayhitranslate","com.naver.labs.translator","com.zaz.translate","com.b1b.translator.voicetranslate.alllanguages.translator.app","com.deepl.mobiletranslator","com.royalappcode.translation.voice.language.chat.interpreter","com.ticktalk.translatevoice"]},{"rank":{"index":5,"lang":"ru","country":"ru","chineseCountryName":"俄罗斯","pkg":"com.spaceship.screen.textcopy"},"orders":["com.recognize_text.translate.screen","com.niven.translator","com.tap_to_translate.snap_translate","com.niven.game","com.spaceship.screen.textcopy","com.gaminik.i18n","com.screen.translate.google","com.niven.comic","ru.yandex.translate","com.microsoft.translator","com.google.android.apps.translate","com.newmg.yurao.pro","com.deepl.mobiletranslator","com.niven.apptranslate","com.android.chrome","at.nk.tools.iTranslate","com.facebook.orca","com.discord","com.google.android.dialer","com.duolingo"]},{"rank":{"index":3,"lang":"pt-br","country":"br","chineseCountryName":"巴西","pkg":"com.spaceship.screen.textcopy"},"orders":["com.recognize_text.translate.screen","com.tap_to_translate.snap_translate","com.spaceship.screen.textcopy","com.niven.game","com.gaminik.i18n","com.screen.translate.google","com.google.android.apps.translate","com.microsoft.translator","com.niven.comic","at.nk.tools.iTranslate","com.galaxy.airviewdictionary","com.deepl.mobiletranslator","com.newmg.yurao.pro","ru.yandex.translate","com.naver.labs.translator","com.sayhi.android.sayhitranslate","com.google.ar.lens","com.niven.apptranslate","com.youdao.hindict","com.translate.talkingtranslator"]},{"rank":{"index":4,"lang":"fr","country":"fr","chineseCountryName":"法国","pkg":"com.spaceship.screen.textcopy"},"orders":["com.recognize_text.translate.screen","com.tap_to_translate.snap_translate","com.niven.game","com.spaceship.screen.textcopy","com.niven.translator","com.gaminik.i18n","com.microsoft.translator","com.screen.translate.google","com.google.android.apps.translate","com.niven.comic","com.image.camera.translate.ai","com.newmg.yurao.pro","at.nk.tools.iTranslate","com.zaz.translate","com.deepl.mobiletranslator","com.datacomprojects.scanandtranslate","com.niven.apptranslate","com.b1b.translator.voicetranslate.alllanguages.translator.app","com.translate.talkingtranslator","com.tangdi.baiguotong"]},{"rank":{"index":8,"lang":"en-gb","country":"gb","chineseCountryName":"英国","pkg":"com.spaceship.screen.textcopy"},"orders":["com.recognize_text.translate.screen","com.google.android.apps.translate","com.gaminik.i18n","com.screen.translate.google","com.microsoft.translator","com.niven.translator","com.niven.game","com.spaceship.screen.textcopy","com.tap_to_translate.snap_translate","at.nk.tools.iTranslate","com.niven.comic","com.b1b.translator.voicetranslate.alllanguages.translator.app","com.sayhi.android.sayhitranslate","com.google.ar.lens","com.zaz.translate","com.datacomprojects.scanandtranslate","com.newmg.yurao.pro","com.image.camera.translate.ai","com.translate.talkingtranslator","com.language.translate.free.translator.voice.translation"]},{"rank":{"index":5,"lang":"de","country":"de","chineseCountryName":"德国","pkg":"com.spaceship.screen.textcopy"},"orders":["com.recognize_text.translate.screen","com.tap_to_translate.snap_translate","com.microsoft.translator","com.screen.translate.google","com.spaceship.screen.textcopy","com.niven.game","com.gaminik.i18n","com.google.android.apps.translate","com.niven.translator","com.niven.comic","com.deepl.mobiletranslator","at.nk.tools.iTranslate","com.translate.talkingtranslator","com.image.camera.translate.ai","com.newmg.yurao.pro","com.datacomprojects.scanandtranslate","com.sayhi.android.sayhitranslate","camtranslator.voice.text.image.translate","ru.yandex.translate","com.niven.apptranslate"]},{"rank":{"index":2,"lang":"it","country":"it","chineseCountryName":"意大利","pkg":"com.spaceship.screen.textcopy"},"orders":["com.recognize_text.translate.screen","com.spaceship.screen.textcopy","com.niven.game","com.gaminik.i18n","com.google.android.apps.translate","com.microsoft.translator","com.niven.translator","com.screen.translate.google"]},{"rank":{"index":8,"lang":"ja","country":"jp","chineseCountryName":"日本","pkg":"com.spaceship.screen.textcopy"},"orders":["com.recognize_text.translate.screen","com.niven.game","com.gaminik.i18n","com.niven.translator","com.screen.translate.google","com.google.android.apps.translate","com.microsoft.translator","com.spaceship.screen.textcopy","com.tap_to_translate.snap_translate","com.niven.comic","com.naver.labs.translator","com.deepl.mobiletranslator","com.google.ar.lens","com.datacomprojects.scanandtranslate","com.b1b.translator.voicetranslate.alllanguages.translator.app","at.nk.tools.iTranslate","com.newmg.yurao.pro","com.translate.talkingtranslator","com.niven.apptranslate","com.youdao.hindict"]},{"rank":{"index":7,"lang":"ko","country":"kr","chineseCountryName":"韩国","pkg":"com.spaceship.screen.textcopy"},"orders":["com.recognize_text.translate.screen","com.tap_to_translate.snap_translate","com.gaminik.i18n","com.niven.translator","com.niven.game","com.screen.translate.google","com.spaceship.screen.textcopy","com.niven.comic","com.naver.labs.translator","com.google.android.apps.translate","com.microsoft.translator","com.newmg.yurao.pro","com.deepl.mobiletranslator","com.niven.apptranslate","at.nk.tools.iTranslate","com.image.camera.translate.ai","com.google.ar.lens","com.facebook.orca","com.discord","com.duolingo"]},{"rank":{"index":6,"lang":"zh-hk","country":"hk","chineseCountryName":"香港","pkg":"com.spaceship.screen.textcopy"},"orders":["com.recognize_text.translate.screen","com.google.android.apps.translate","com.gaminik.i18n","com.screen.translate.google","com.niven.translator","com.spaceship.screen.textcopy","com.microsoft.translator","com.niven.game","com.tap_to_translate.snap_translate"]},{"rank":{"index":7,"lang":"zh-tw","country":"tw","chineseCountryName":"台湾","pkg":"com.spaceship.screen.textcopy"},"orders":["com.recognize_text.translate.screen","com.tap_to_translate.snap_translate","com.gaminik.i18n","com.screen.translate.google","com.niven.translator","com.niven.game","com.spaceship.screen.textcopy","com.microsoft.translator","com.google.android.apps.translate","com.niven.comic","at.nk.tools.iTranslate","com.newmg.yurao.pro","com.image.camera.translate.ai","com.translate.talkingtranslator","com.naver.labs.translator","com.tangdi.baiguotong","com.google.ar.lens","com.datacomprojects.scanandtranslate","com.deepl.mobiletranslator","com.niven.apptranslate"]},{"rank":{"index":5,"lang":"en","country":"in","chineseCountryName":"印度","pkg":"com.spaceship.screen.textcopy"},"orders":["com.recognize_text.translate.screen","com.google.android.apps.translate","com.screen.translate.google","com.tap_to_translate.snap_translate","com.spaceship.screen.textcopy","com.niven.translator","com.niven.game","com.gaminik.i18n","com.microsoft.translator","com.zaz.translate","com.newmg.yurao.pro","at.nk.tools.iTranslate","com.google.ar.lens"]},{"rank":{"index":6,"lang":"id","country":"id","chineseCountryName":"印尼","pkg":"com.spaceship.screen.textcopy"},"orders":["com.recognize_text.translate.screen","com.tap_to_translate.snap_translate","com.niven.translator","com.niven.game","com.gaminik.i18n","com.spaceship.screen.textcopy","com.screen.translate.google","com.niven.comic","com.google.android.apps.translate","com.youdao.hindict","com.newmg.yurao.pro"]},{"rank":{"index":4,"lang":"es-mx","country":"mx","chineseCountryName":"墨西哥","pkg":"com.spaceship.screen.textcopy"},"orders":["com.recognize_text.translate.screen","com.tap_to_translate.snap_translate","com.niven.game","com.spaceship.screen.textcopy","com.microsoft.translator","com.google.android.apps.translate","com.gaminik.i18n","at.nk.tools.iTranslate","com.screen.translate.google","com.niven.comic","com.deepl.mobiletranslator","com.newmg.yurao.pro","ru.yandex.translate","com.youdao.hindict","com.naver.labs.translator","com.sayhi.android.sayhitranslate","com.translate.talkingtranslator","com.niven.translator"]}]