[{"rank":{"index":2,"lang":"en-us","country":"us","chineseCountryName":"美国","pkg":"com.spaceship.screen.textcopy"},"orders":["com.recognize_text.translate.screen","com.spaceship.screen.textcopy","com.tap_to_translate.snap_translate","com.niven.translator","com.newmg.yurao.pro","com.gaminik.i18n","com.google.android.apps.translate","com.deepl.mobiletranslator","com.microsoft.translator","at.nk.tools.iTranslate"]},{"rank":{"index":2,"lang":"ru","country":"ru","chineseCountryName":"俄罗斯","pkg":"com.spaceship.screen.textcopy"},"orders":["com.recognize_text.translate.screen","com.spaceship.screen.textcopy","com.niven.translator","com.tap_to_translate.snap_translate","com.newmg.yurao.pro","com.gaminik.i18n","com.deepl.mobiletranslator","com.galaxy.airviewdictionary","com.screen.translate.google","com.microsoft.translator","com.google.android.apps.translate","ru.yandex.translate","at.nk.tools.iTranslate","com.eecorp.linguago","com.voice_camera_free_translate","com.niven.apptranslate","live.screentranslate.realtime","com.niven.game","com.immersivetranslate.browser","photo.translate.camera.translator"]},{"rank":{"index":2,"lang":"pt-br","country":"br","chineseCountryName":"巴西","pkg":"com.spaceship.screen.textcopy"},"orders":["com.recognize_text.translate.screen","com.spaceship.screen.textcopy","com.tap_to_translate.snap_translate","com.niven.translator","com.newmg.yurao.pro","com.gaminik.i18n","com.deepl.mobiletranslator","com.galaxy.airviewdictionary","com.microsoft.translator","com.screen.translate.google","com.google.android.apps.translate","at.nk.tools.iTranslate","com.immersivetranslate.browser","photo.translate.camera.translator"]},{"rank":{"index":2,"lang":"fr","country":"fr","chineseCountryName":"法国","pkg":"com.spaceship.screen.textcopy"},"orders":["com.recognize_text.translate.screen","com.spaceship.screen.textcopy","com.tap_to_translate.snap_translate","com.newmg.yurao.pro","com.niven.translator","com.gaminik.i18n","com.deepl.mobiletranslator","com.galaxy.airviewdictionary","com.microsoft.translator","com.screen.translate.google","com.google.android.apps.translate","com.eecorp.linguago","live.screentranslate.realtime","at.nk.tools.iTranslate","com.immersivetranslate.browser","com.niven.apptranslate","com.translate.talkingtranslator","photo.translate.camera.translator","com.fapp.translate.language.translator.fasttranslation","com.phototranslator.camera.voicetranslate.texttranslation"]},{"rank":{"index":2,"lang":"en-gb","country":"gb","chineseCountryName":"英国","pkg":"com.spaceship.screen.textcopy"},"orders":["com.recognize_text.translate.screen","com.spaceship.screen.textcopy","com.tap_to_translate.snap_translate","com.niven.translator","com.google.android.apps.translate","com.newmg.yurao.pro","com.gaminik.i18n","com.microsoft.translator","com.deepl.mobiletranslator","at.nk.tools.iTranslate","com.galaxy.airviewdictionary","com.immersivetranslate.browser","co.appnation.aivoicetranslator","photo.translate.camera.translator"]},{"rank":{"index":2,"lang":"de","country":"de","chineseCountryName":"德国","pkg":"com.spaceship.screen.textcopy"},"orders":["com.recognize_text.translate.screen","com.spaceship.screen.textcopy","com.niven.translator","com.tap_to_translate.snap_translate","com.newmg.yurao.pro","com.gaminik.i18n","com.deepl.mobiletranslator","com.screen.translate.google","com.galaxy.airviewdictionary","com.microsoft.translator","com.google.android.apps.translate","com.eecorp.linguago","com.immersivetranslate.browser","live.screentranslate.realtime","at.nk.tools.iTranslate"]},{"rank":{"index":2,"lang":"it","country":"it","chineseCountryName":"意大利","pkg":"com.spaceship.screen.textcopy"},"orders":["com.recognize_text.translate.screen","com.spaceship.screen.textcopy","com.tap_to_translate.snap_translate","com.newmg.yurao.pro","com.niven.translator","com.gaminik.i18n","com.deepl.mobiletranslator","com.microsoft.translator","com.galaxy.airviewdictionary","com.google.android.apps.translate","com.screen.translate.google","at.nk.tools.iTranslate","com.eecorp.linguago"]},{"rank":{"index":3,"lang":"ja","country":"jp","chineseCountryName":"日本","pkg":"com.spaceship.screen.textcopy"},"orders":["com.recognize_text.translate.screen","com.tap_to_translate.snap_translate","com.spaceship.screen.textcopy","com.newmg.yurao.pro","com.gaminik.i18n","com.niven.translator","com.deepl.mobiletranslator","com.galaxy.airviewdictionary","com.screen.translate.google","com.microsoft.translator","com.google.android.apps.translate","com.immersivetranslate.browser"]},{"rank":{"index":3,"lang":"ko","country":"kr","chineseCountryName":"韩国","pkg":"com.spaceship.screen.textcopy"},"orders":["com.recognize_text.translate.screen","com.tap_to_translate.snap_translate","com.spaceship.screen.textcopy","com.newmg.yurao.pro","com.niven.translator","com.gaminik.i18n","com.deepl.mobiletranslator","com.screen.translate.google","com.galaxy.airviewdictionary","com.immersivetranslate.browser","com.naver.labs.translator","com.niven.apptranslate","com.eecorp.linguago","com.google.android.apps.translate","com.microsoft.translator","live.screentranslate.realtime","at.nk.tools.iTranslate","photo.translate.camera.translator","com.phototranslator.camera.voicetranslate.texttranslation","link.zhidou.btranslator"]},{"rank":{"index":2,"lang":"zh-hk","country":"hk","chineseCountryName":"香港","pkg":"com.spaceship.screen.textcopy"},"orders":["com.recognize_text.translate.screen","com.spaceship.screen.textcopy","com.tap_to_translate.snap_translate","com.gaminik.i18n","com.newmg.yurao.pro","com.niven.translator","com.microsoft.translator","com.google.android.apps.translate","com.deepl.mobiletranslator","com.immersivetranslate.browser","com.galaxy.airviewdictionary","com.screen.translate.google","at.nk.tools.iTranslate","com.phototranslator.camera.voicetranslate.texttranslation","com.datacomprojects.scanandtranslate","photo.translate.camera.translator","com.naver.labs.translator","live.screentranslate.realtime","com.voice_camera_free_translate","co.appnation.aivoicetranslator"]},{"rank":{"index":2,"lang":"zh-tw","country":"tw","chineseCountryName":"台湾","pkg":"com.spaceship.screen.textcopy"},"orders":["com.recognize_text.translate.screen","com.spaceship.screen.textcopy","com.tap_to_translate.snap_translate","com.gaminik.i18n","com.niven.translator","com.newmg.yurao.pro","com.galaxy.airviewdictionary","com.deepl.mobiletranslator","com.screen.translate.google","com.microsoft.translator","com.google.android.apps.translate","at.nk.tools.iTranslate","com.immersivetranslate.browser"]},{"rank":{"index":2,"lang":"en","country":"in","chineseCountryName":"印度","pkg":"com.spaceship.screen.textcopy"},"orders":["com.recognize_text.translate.screen","com.spaceship.screen.textcopy","com.newmg.yurao.pro"]},{"rank":{"index":2,"lang":"id","country":"id","chineseCountryName":"印尼","pkg":"com.spaceship.screen.textcopy"},"orders":["com.recognize_text.translate.screen","com.spaceship.screen.textcopy","com.tap_to_translate.snap_translate","com.niven.translator","com.newmg.yurao.pro","com.gaminik.i18n","com.deepl.mobiletranslator","com.galaxy.airviewdictionary","com.google.android.apps.translate","com.screen.translate.google","com.niven.game","com.microsoft.translator","at.nk.tools.iTranslate","com.eecorp.linguago","com.niven.apptranslate","live.screentranslate.realtime","com.voice_camera_free_translate","com.immersivetranslate.browser","photo.translate.camera.translator","free.language.translate.translator"]},{"rank":{"index":1,"lang":"es-mx","country":"mx","chineseCountryName":"墨西哥","pkg":"com.spaceship.screen.textcopy"},"orders":["com.spaceship.screen.textcopy","com.recognize_text.translate.screen","com.tap_to_translate.snap_translate","com.niven.translator","com.newmg.yurao.pro","com.gaminik.i18n","com.deepl.mobiletranslator","com.galaxy.airviewdictionary","com.screen.translate.google","com.microsoft.translator","com.google.android.apps.translate","live.screentranslate.realtime","com.eecorp.linguago","com.phototranslator.camera.voicetranslate.texttranslation","com.immersivetranslate.browser","com.niven.apptranslate","at.nk.tools.iTranslate","photo.translate.camera.translator","co.appnation.aivoicetranslator","com.fapp.translate.language.translator.fasttranslation"]}]