[{"rank":{"index":2,"lang":"en-us","country":"us","chineseCountryName":"美国","pkg":"com.spaceship.screen.textcopy"},"orders":["com.recognize_text.translate.screen","com.spaceship.screen.textcopy","com.tap_to_translate.snap_translate","com.gaminik.i18n","com.microsoft.translator","com.google.android.apps.translate","com.mg.yurao.google","com.niven.game","com.niven.translator","com.naver.labs.translator","com.niven.comic","screen.translator.voice.translate","com.eecorp.linguago","com.tranit.text.translate","com.newmg.yurao.pro","com.niven.apptranslate","at.nk.tools.iTranslate","com.zaz.translate","com.translate.talkingtranslator","com.appgroup.app.arcamera"]},{"rank":{"index":3,"lang":"ru","country":"ru","chineseCountryName":"俄罗斯","pkg":"com.spaceship.screen.textcopy"},"orders":["com.recognize_text.translate.screen","com.tap_to_translate.snap_translate","com.spaceship.screen.textcopy","com.niven.game","com.microsoft.translator","com.niven.translator","com.gaminik.i18n","com.eecorp.linguago","com.niven.apptranslate","com.google.android.apps.translate","com.niven.comic","com.tranit.text.translate","screen.translator.voice.translate","com.pidev.screentranslator","ru.yandex.translate","com.appgroup.app.arcamera","at.nk.tools.iTranslate","com.simyasolutions.translate","com.zaz.translate","com.chat_translate.screen_translate"]},{"rank":{"index":2,"lang":"pt-br","country":"br","chineseCountryName":"巴西","pkg":"com.spaceship.screen.textcopy"},"orders":["com.recognize_text.translate.screen","com.spaceship.screen.textcopy","com.tap_to_translate.snap_translate","com.mg.yurao.google","com.niven.game","com.gaminik.i18n","com.niven.translator","com.niven.comic","com.eecorp.linguago","com.microsoft.translator","com.niven.apptranslate","com.tranit.text.translate","com.newmg.yurao.pro","com.zaz.translate","com.youdao.hindict","com.pidev.screentranslator","com.ydzlabs.chattranslator","at.nk.tools.iTranslate","com.google.android.apps.translate","screen.translator.voice.translate"]},{"rank":{"index":2,"lang":"fr","country":"fr","chineseCountryName":"法国","pkg":"com.spaceship.screen.textcopy"},"orders":["com.recognize_text.translate.screen","com.spaceship.screen.textcopy","com.tap_to_translate.snap_translate","com.mg.yurao.google","com.niven.game","screen.translator.voice.translate","com.gaminik.i18n","com.google.android.apps.translate","com.niven.translator","com.niven.comic","com.eecorp.linguago","com.microsoft.translator","com.niven.apptranslate","com.newmg.yurao.pro","com.eecorp.taptranslator","com.deepl.mobiletranslator","com.naver.labs.translator","com.zaz.translate","ru.yandex.translate","com.pidev.screentranslator"]},{"rank":{"index":2,"lang":"en-gb","country":"gb","chineseCountryName":"英国","pkg":"com.spaceship.screen.textcopy"},"orders":["com.recognize_text.translate.screen","com.spaceship.screen.textcopy","com.tap_to_translate.snap_translate","com.microsoft.translator","com.mg.yurao.google","screen.translator.voice.translate","com.niven.game","com.gaminik.i18n","com.niven.translator","com.google.android.apps.translate","com.eecorp.linguago","com.niven.comic","com.translator.yellow","com.niven.apptranslate","com.newmg.yurao.pro","com.tranit.text.translate","com.zaz.translate","com.naver.labs.translator","com.appgroup.app.arcamera","at.nk.tools.iTranslate"]},{"rank":{"index":2,"lang":"de","country":"de","chineseCountryName":"德国","pkg":"com.spaceship.screen.textcopy"},"orders":["com.recognize_text.translate.screen","com.spaceship.screen.textcopy","com.tap_to_translate.snap_translate","com.mg.yurao.google","com.niven.game","com.gaminik.i18n","com.niven.translator","com.google.android.apps.translate","com.microsoft.translator","com.niven.comic","com.eecorp.linguago","com.niven.apptranslate","screen.translator.voice.translate","com.newmg.yurao.pro","com.deepl.mobiletranslator","ru.yandex.translate","com.zaz.translate","com.pidev.screentranslator","at.nk.tools.iTranslate","com.tranit.text.translate"]},{"rank":{"index":2,"lang":"it","country":"it","chineseCountryName":"意大利","pkg":"com.spaceship.screen.textcopy"},"orders":["com.recognize_text.translate.screen","com.spaceship.screen.textcopy","com.gaminik.i18n","screen.translator.voice.translate","com.niven.game","com.mg.yurao.google","com.tap_to_translate.snap_translate","com.niven.translator","com.niven.comic","com.eecorp.linguago","com.microsoft.translator","com.niven.apptranslate","com.google.android.apps.translate","com.zaz.translate","com.eecorp.taptranslator","com.deepl.mobiletranslator","com.pidev.screentranslator","com.newmg.yurao.pro","at.nk.tools.iTranslate","com.chat_translate.screen_translate"]},{"rank":{"index":4,"lang":"ja","country":"jp","chineseCountryName":"日本","pkg":"com.spaceship.screen.textcopy"},"orders":["com.recognize_text.translate.screen","com.eecorp.taptranslator","com.tap_to_translate.snap_translate","com.spaceship.screen.textcopy","com.mg.yurao.google","com.gaminik.i18n","com.niven.game","com.niven.translator","com.eecorp.linguago","com.google.android.apps.translate","com.niven.comic","com.niven.apptranslate","screen.translator.voice.translate","com.microsoft.translator","com.naver.labs.translator","com.deepl.mobiletranslator","com.newmg.yurao.pro","com.pidev.screentranslator","at.nk.tools.iTranslate","com.chat_translate.screen_translate"]},{"rank":{"index":2,"lang":"ko","country":"kr","chineseCountryName":"韩国","pkg":"com.spaceship.screen.textcopy"},"orders":["com.recognize_text.translate.screen","com.spaceship.screen.textcopy","com.tap_to_translate.snap_translate","com.microsoft.translator","com.mg.yurao.google","com.niven.game","com.gaminik.i18n","com.niven.translator","com.naver.labs.translator","com.eecorp.linguago","com.newmg.yurao.pro","com.niven.apptranslate","com.google.android.apps.translate","com.niven.comic","com.tranit.text.translate","com.eecorp.taptranslator","at.nk.tools.iTranslate","screen.translator.voice.translate","com.pidev.screentranslator","com.simyasolutions.translate"]},{"rank":{"index":3,"lang":"zh-hk","country":"hk","chineseCountryName":"香港","pkg":"com.spaceship.screen.textcopy"},"orders":["com.recognize_text.translate.screen","com.mg.yurao.google","com.spaceship.screen.textcopy","com.google.android.apps.translate","com.microsoft.translator","com.tap_to_translate.snap_translate","com.gaminik.i18n","com.niven.game","com.niven.translator","com.niven.comic","com.eecorp.linguago","screen.translator.voice.translate","com.niven.apptranslate","com.galaxy.airviewdictionary","com.newmg.yurao.pro","com.naver.labs.translator","at.nk.tools.iTranslate","com.eecorp.taptranslator","com.zaz.translate","com.deepl.mobiletranslator"]},{"rank":{"index":9,"lang":"zh-tw","country":"tw","chineseCountryName":"台湾","pkg":"com.spaceship.screen.textcopy"},"orders":["com.recognize_text.translate.screen","com.tap_to_translate.snap_translate","com.mg.yurao.google","com.google.android.apps.translate","com.microsoft.translator","com.niven.game","com.gaminik.i18n","com.niven.translator","com.spaceship.screen.textcopy","com.niven.comic","com.eecorp.linguago","screen.translator.voice.translate","com.niven.apptranslate","com.galaxy.airviewdictionary","com.newmg.yurao.pro","com.naver.labs.translator","at.nk.tools.iTranslate","com.translator.translation.screen.translate.voice.languages.text.translating","com.eecorp.taptranslator","com.zaz.translate"]},{"rank":{"index":3,"lang":"en","country":"in","chineseCountryName":"印度","pkg":"com.spaceship.screen.textcopy"},"orders":["com.recognize_text.translate.screen","com.tap_to_translate.snap_translate","com.spaceship.screen.textcopy","com.google.android.apps.translate","screen.translator.voice.translate","com.mg.yurao.google","com.microsoft.translator","com.gaminik.i18n","com.niven.game","com.niven.translator"]},{"rank":{"index":2,"lang":"id","country":"id","chineseCountryName":"印尼","pkg":"com.spaceship.screen.textcopy"},"orders":["com.recognize_text.translate.screen","com.spaceship.screen.textcopy","com.gaminik.i18n","com.mg.yurao.google","com.niven.game","com.eecorp.linguago","com.tap_to_translate.snap_translate","com.niven.translator","com.newmg.yurao.pro","com.niven.apptranslate","com.niven.comic","com.microsoft.translator","com.pidev.screentranslator","com.youdao.hindict","com.google.android.apps.translate","com.naver.labs.translator","us.zoom.videomeetings","com.deepl.mobiletranslator","screen.translator.voice.translate","com.zaz.translate"]},{"rank":{"index":4,"lang":"es-mx","country":"mx","chineseCountryName":"墨西哥","pkg":"com.spaceship.screen.textcopy"},"orders":["com.recognize_text.translate.screen","com.tap_to_translate.snap_translate","com.gaminik.i18n","com.spaceship.screen.textcopy","com.mg.yurao.google","com.niven.game","com.niven.translator","com.niven.comic","com.eecorp.linguago","com.microsoft.translator","com.google.android.apps.translate","com.niven.apptranslate","screen.translator.voice.translate","com.youdao.hindict","com.newmg.yurao.pro","com.zaz.translate","at.nk.tools.iTranslate","com.deepl.mobiletranslator","com.translator.translation.screen.translate.voice.languages.text.translating","com.tranit.text.translate"]}]