[{"rank":{"index":2,"lang":"en-us","country":"us","chineseCountryName":"美国","pkg":"com.spaceship.screen.textcopy"},"orders":["com.recognize_text.translate.screen","com.spaceship.screen.textcopy","com.tap_to_translate.snap_translate","com.newmg.yurao.pro","com.niven.translator","com.gaminik.i18n","com.microsoft.translator","com.eecorp.linguago","com.screen.translate.google","com.galaxy.airviewdictionary","com.niven.apptranslate","com.zaz.translate","com.google.android.apps.translate","com.deepl.mobiletranslator","com.niven.game","com.eecorp.taptranslator","com.fapp.translate.language.translator.fasttranslation","free.language.translate.translator","live.screentranslate.realtime","com.immersivetranslate.browser"]},{"rank":{"index":2,"lang":"ru","country":"ru","chineseCountryName":"俄罗斯","pkg":"com.spaceship.screen.textcopy"},"orders":["com.recognize_text.translate.screen","com.spaceship.screen.textcopy","com.niven.translator","com.gaminik.i18n","com.newmg.yurao.pro","com.tap_to_translate.snap_translate","com.eecorp.linguago","com.screen.translate.google","com.niven.apptranslate","com.galaxy.airviewdictionary","com.microsoft.translator","com.niven.game","com.zaz.translate","live.screentranslate.realtime","ru.yandex.translate","com.google.android.apps.translate","link.zhidou.btranslator","com.immersivetranslate.browser","free.language.translate.translator","photo.translate.camera.translator"]},{"rank":{"index":2,"lang":"pt-br","country":"br","chineseCountryName":"巴西","pkg":"com.spaceship.screen.textcopy"},"orders":["com.recognize_text.translate.screen","com.spaceship.screen.textcopy","com.gaminik.i18n","com.niven.translator","com.tap_to_translate.snap_translate","com.newmg.yurao.pro","com.eecorp.linguago","com.screen.translate.google","com.niven.apptranslate","com.galaxy.airviewdictionary","com.niven.game","com.eecorp.taptranslator","com.zaz.translate","live.screentranslate.realtime","com.microsoft.translator","com.deepl.mobiletranslator","com.google.android.apps.translate","translate.speech.text.translation.voicetranslator","co.langlang.translator_for_wsp","com.fapp.translate.language.translator.fasttranslation"]},{"rank":{"index":2,"lang":"fr","country":"fr","chineseCountryName":"法国","pkg":"com.spaceship.screen.textcopy"},"orders":["com.recognize_text.translate.screen","com.spaceship.screen.textcopy","com.gaminik.i18n","com.tap_to_translate.snap_translate","com.niven.translator","com.newmg.yurao.pro","com.eecorp.linguago","com.niven.apptranslate","live.screentranslate.realtime","com.screen.translate.google","com.eecorp.taptranslator","com.galaxy.airviewdictionary","com.niven.game","com.zaz.translate","com.google.android.apps.translate","com.deepl.mobiletranslator","com.microsoft.translator","com.google.ar.lens","screen.translator.voice.translate","com.immersivetranslate.browser"]},{"rank":{"index":2,"lang":"en-gb","country":"gb","chineseCountryName":"英国","pkg":"com.spaceship.screen.textcopy"},"orders":["com.recognize_text.translate.screen","com.spaceship.screen.textcopy","com.niven.translator","com.newmg.yurao.pro","com.gaminik.i18n","com.tap_to_translate.snap_translate","com.microsoft.translator","com.screen.translate.google","com.eecorp.linguago","com.google.android.apps.translate","com.galaxy.airviewdictionary","com.zaz.translate","com.niven.apptranslate","com.deepl.mobiletranslator","com.fapp.translate.language.translator.fasttranslation","com.eecorp.taptranslator","live.screentranslate.realtime","com.niven.game","translate.speech.text.translation.voicetranslator","com.mobisystems.msdict.embedded.wireless.collins.ee"]},{"rank":{"index":3,"lang":"de","country":"de","chineseCountryName":"德国","pkg":"com.spaceship.screen.textcopy"},"orders":["com.recognize_text.translate.screen","com.gaminik.i18n","com.spaceship.screen.textcopy","com.tap_to_translate.snap_translate","com.niven.translator","com.newmg.yurao.pro","com.eecorp.linguago","com.screen.translate.google","com.niven.apptranslate","live.screentranslate.realtime","com.eecorp.taptranslator","com.galaxy.airviewdictionary","com.zaz.translate","com.google.android.apps.translate","com.immersivetranslate.browser","com.microsoft.translator","com.deepl.mobiletranslator","com.niven.game","com.fapp.translate.language.translator.fasttranslation","link.zhidou.btranslator"]},{"rank":{"index":2,"lang":"it","country":"it","chineseCountryName":"意大利","pkg":"com.spaceship.screen.textcopy"},"orders":["com.recognize_text.translate.screen","com.spaceship.screen.textcopy","com.gaminik.i18n","com.tap_to_translate.snap_translate","com.newmg.yurao.pro","com.niven.translator","com.eecorp.linguago","com.screen.translate.google","com.niven.apptranslate","com.eecorp.taptranslator","live.screentranslate.realtime","com.galaxy.airviewdictionary","com.niven.game","com.screen.translator.text.recognize","com.zaz.translate","com.google.android.apps.translate","link.zhidou.btranslator","com.microsoft.translator","com.deepl.mobiletranslator","com.google.ar.lens"]},{"rank":{"index":3,"lang":"ja","country":"jp","chineseCountryName":"日本","pkg":"com.spaceship.screen.textcopy"},"orders":["com.recognize_text.translate.screen","com.tap_to_translate.snap_translate","com.spaceship.screen.textcopy","com.gaminik.i18n","com.newmg.yurao.pro","com.niven.translator","com.eecorp.linguago","com.screen.translate.google","com.niven.apptranslate","com.galaxy.airviewdictionary"]},{"rank":{"index":2,"lang":"ko","country":"kr","chineseCountryName":"韩国","pkg":"com.spaceship.screen.textcopy"},"orders":["com.recognize_text.translate.screen","com.spaceship.screen.textcopy","com.gaminik.i18n","com.tap_to_translate.snap_translate","com.newmg.yurao.pro","com.niven.translator","com.niven.apptranslate","com.eecorp.linguago","com.screen.translate.google","live.screentranslate.realtime","com.galaxy.airviewdictionary","com.eecorp.taptranslator","com.naver.labs.translator","com.google.android.apps.translate","com.microsoft.translator","com.zaz.translate","com.deepl.mobiletranslator","com.immersivetranslate.browser","com.fapp.translate.language.translator.fasttranslation","com.google.ar.lens"]},{"rank":{"index":2,"lang":"zh-hk","country":"hk","chineseCountryName":"香港","pkg":"com.spaceship.screen.textcopy"},"orders":["com.recognize_text.translate.screen","com.spaceship.screen.textcopy","com.tap_to_translate.snap_translate","com.newmg.yurao.pro","com.gaminik.i18n","com.niven.translator","com.screen.translate.google","com.niven.apptranslate","com.eecorp.linguago","com.galaxy.airviewdictionary","com.microsoft.translator","com.eecorp.taptranslator","com.zaz.translate","live.screentranslate.realtime","com.google.android.apps.translate","com.deepl.mobiletranslator","com.niven.game","com.naver.labs.translator","com.fapp.translate.language.translator.fasttranslation","link.zhidou.btranslator"]},{"rank":{"index":2,"lang":"zh-tw","country":"tw","chineseCountryName":"台湾","pkg":"com.spaceship.screen.textcopy"},"orders":["com.recognize_text.translate.screen","com.spaceship.screen.textcopy","com.newmg.yurao.pro","com.tap_to_translate.snap_translate","com.gaminik.i18n","com.niven.translator","com.screen.translate.google","com.eecorp.linguago","com.niven.apptranslate","com.galaxy.airviewdictionary","com.microsoft.translator","com.eecorp.taptranslator","com.niven.game","live.screentranslate.realtime","com.zaz.translate","com.google.android.apps.translate","com.deepl.mobiletranslator","com.immersivetranslate.browser","com.naver.labs.translator","com.fapp.translate.language.translator.fasttranslation"]},{"rank":{"index":0,"lang":"en","country":"in","chineseCountryName":"印度","pkg":"com.spaceship.screen.textcopy"},"orders":["com.recognize_text.translate.screen","com.newmg.yurao.pro","com.tap_to_translate.snap_translate"]},{"rank":{"index":2,"lang":"id","country":"id","chineseCountryName":"印尼","pkg":"com.spaceship.screen.textcopy"},"orders":["com.recognize_text.translate.screen","com.spaceship.screen.textcopy","com.tap_to_translate.snap_translate","com.niven.translator","com.gaminik.i18n","com.newmg.yurao.pro","com.eecorp.linguago","com.screen.translate.google","com.niven.game","com.galaxy.airviewdictionary","com.niven.apptranslate","com.eecorp.taptranslator","com.microsoft.translator","com.deepl.mobiletranslator","com.zaz.translate","live.screentranslate.realtime","com.google.android.apps.translate","com.naver.labs.translator","at.nk.tools.iTranslate","com.fapp.translate.language.translator.fasttranslation"]},{"rank":{"index":2,"lang":"es-mx","country":"mx","chineseCountryName":"墨西哥","pkg":"com.spaceship.screen.textcopy"},"orders":["com.recognize_text.translate.screen","com.spaceship.screen.textcopy","com.gaminik.i18n","com.tap_to_translate.snap_translate","com.niven.translator","com.newmg.yurao.pro","com.eecorp.linguago","live.screentranslate.realtime","com.screen.translate.google","com.niven.apptranslate","com.eecorp.taptranslator","com.niven.game","com.zaz.translate","com.google.android.apps.translate","com.galaxy.airviewdictionary","com.microsoft.translator","com.deepl.mobiletranslator","com.google.ar.lens","link.zhidou.btranslator","com.fapp.translate.language.translator.fasttranslation"]}]