[{"rank":{"index":2,"lang":"en-us","country":"us","chineseCountryName":"美国","pkg":"com.spaceship.screen.textcopy"},"orders":["com.recognize_text.translate.screen","com.spaceship.screen.textcopy","com.tap_to_translate.snap_translate","com.google.android.apps.translate","com.niven.translator","com.microsoft.translator","com.deepl.mobiletranslator","com.newmg.yurao.pro","com.gaminik.i18n","com.youdao.hindict","com.zaz.translate","com.niven.game","com.immersivetranslate.browser","com.naver.labs.translator","at.nk.tools.iTranslate"]},{"rank":{"index":0,"lang":"ru","country":"ru","chineseCountryName":"俄罗斯","pkg":"com.spaceship.screen.textcopy"},"orders":["com.recognize_text.translate.screen","com.niven.translator","com.tap_to_translate.snap_translate","com.newmg.yurao.pro","com.google.android.apps.translate","com.deepl.mobiletranslator","com.microsoft.translator","com.niven.game","com.gaminik.i18n","ru.yandex.translate","com.zaz.translate","com.immersivetranslate.browser","at.nk.tools.iTranslate"]},{"rank":{"index":2,"lang":"pt-br","country":"br","chineseCountryName":"巴西","pkg":"com.spaceship.screen.textcopy"},"orders":["com.recognize_text.translate.screen","com.spaceship.screen.textcopy","com.tap_to_translate.snap_translate","com.newmg.yurao.pro","com.gaminik.i18n","com.deepl.mobiletranslator","com.microsoft.translator","com.niven.translator","com.niven.game","com.google.android.apps.translate","com.zaz.translate","com.immersivetranslate.browser","com.screen.translate.google","com.mg.chat","com.eecorp.taptranslator","com.niven.apptranslate","com.youdao.hindict","at.nk.tools.iTranslate","com.voice_camera_free_translate","co.koiapps.translateai"]},{"rank":{"index":2,"lang":"fr","country":"fr","chineseCountryName":"法国","pkg":"com.spaceship.screen.textcopy"},"orders":["com.recognize_text.translate.screen","com.spaceship.screen.textcopy","com.tap_to_translate.snap_translate","com.newmg.yurao.pro","com.niven.translator","com.gaminik.i18n","com.deepl.mobiletranslator","com.microsoft.translator","com.niven.game","com.google.android.apps.translate","com.zaz.translate","com.immersivetranslate.browser","com.screen.translate.google","com.eecorp.taptranslator","com.niven.apptranslate","com.mg.chat","com.audacityittranslator.translatetexttranslator","ru.yandex.translate","com.google.ar.lens","com.voice_camera_free_translate"]},{"rank":{"index":2,"lang":"en-gb","country":"gb","chineseCountryName":"英国","pkg":"com.spaceship.screen.textcopy"},"orders":["com.recognize_text.translate.screen","com.spaceship.screen.textcopy","com.newmg.yurao.pro","com.tap_to_translate.snap_translate","com.google.android.apps.translate","com.microsoft.translator","com.deepl.mobiletranslator","com.gaminik.i18n","com.niven.translator","com.zaz.translate","com.youdao.hindict","com.niven.game","at.nk.tools.iTranslate","com.immersivetranslate.browser","com.siv","ru.yandex.translate","com.screen.translate.google","com.naver.labs.translator","com.eecorp.taptranslator","com.screen.textspeech.translator"]},{"rank":{"index":2,"lang":"de","country":"de","chineseCountryName":"德国","pkg":"com.spaceship.screen.textcopy"},"orders":["com.recognize_text.translate.screen","com.spaceship.screen.textcopy","com.tap_to_translate.snap_translate","com.gaminik.i18n","com.newmg.yurao.pro","com.niven.translator","com.microsoft.translator","com.google.android.apps.translate","com.deepl.mobiletranslator","com.niven.game","com.immersivetranslate.browser","com.eecorp.taptranslator","com.screen.translate.google","com.translate.talkingtranslator"]},{"rank":{"index":2,"lang":"it","country":"it","chineseCountryName":"意大利","pkg":"com.spaceship.screen.textcopy"},"orders":["com.recognize_text.translate.screen","com.spaceship.screen.textcopy","com.tap_to_translate.snap_translate","com.newmg.yurao.pro","com.niven.translator","com.gaminik.i18n","com.deepl.mobiletranslator","com.microsoft.translator","com.niven.game","com.google.android.apps.translate","com.immersivetranslate.browser","com.zaz.translate","com.eecorp.taptranslator","com.screen.translate.google","com.niven.apptranslate","com.mg.chat","at.nk.tools.iTranslate","com.google.ar.lens","com.screen.textspeech.translator","com.siv"]},{"rank":{"index":3,"lang":"ja","country":"jp","chineseCountryName":"日本","pkg":"com.spaceship.screen.textcopy"},"orders":["com.recognize_text.translate.screen","com.tap_to_translate.snap_translate","com.spaceship.screen.textcopy","com.newmg.yurao.pro","com.gaminik.i18n","com.niven.translator","com.microsoft.translator","com.google.android.apps.translate","com.deepl.mobiletranslator","com.niven.game","com.screen.translate.google","com.niven.apptranslate","com.eecorp.taptranslator","com.naver.labs.translator","com.immersivetranslate.browser","com.translate.talkingtranslator","com.google.ar.lens","at.nk.tools.iTranslate","com.android.chrome","com.google.android.apps.maps"]},{"rank":{"index":2,"lang":"ko","country":"kr","chineseCountryName":"韩国","pkg":"com.spaceship.screen.textcopy"},"orders":["com.recognize_text.translate.screen","com.spaceship.screen.textcopy","com.tap_to_translate.snap_translate","com.newmg.yurao.pro","com.microsoft.translator","com.niven.translator","com.deepl.mobiletranslator","com.gaminik.i18n","com.google.android.apps.translate","com.niven.game","com.naver.labs.translator","com.zaz.translate","com.immersivetranslate.browser","com.screen.translate.google","com.niven.apptranslate","at.nk.tools.iTranslate","com.screen.textspeech.translator","com.eecorp.taptranslator","com.google.ar.lens","com.erudite.translator"]},{"rank":{"index":1,"lang":"zh-hk","country":"hk","chineseCountryName":"香港","pkg":"com.spaceship.screen.textcopy"},"orders":["com.spaceship.screen.textcopy","com.recognize_text.translate.screen","com.newmg.yurao.pro","com.tap_to_translate.snap_translate","com.google.android.apps.translate","com.microsoft.translator","com.deepl.mobiletranslator","com.gaminik.i18n","com.niven.translator","com.niven.game","com.immersivetranslate.browser","com.zaz.translate","at.nk.tools.iTranslate","com.screen.translate.google","com.google.ar.lens","com.screen.textspeech.translator","com.naver.labs.translator","com.youdao.hindict","com.niven.apptranslate","com.mg.chat"]},{"rank":{"index":2,"lang":"zh-tw","country":"tw","chineseCountryName":"台湾","pkg":"com.spaceship.screen.textcopy"},"orders":["com.recognize_text.translate.screen","com.spaceship.screen.textcopy","com.newmg.yurao.pro","com.microsoft.translator","com.google.android.apps.translate","com.deepl.mobiletranslator","com.niven.translator","com.gaminik.i18n","com.tap_to_translate.snap_translate","com.niven.game","com.immersivetranslate.browser","com.zaz.translate","at.nk.tools.iTranslate","com.naver.labs.translator","com.screen.translate.google","com.siv","ru.yandex.translate","com.erudite.translator","com.eecorp.taptranslator","com.niven.apptranslate"]},{"rank":{"index":3,"lang":"en","country":"in","chineseCountryName":"印度","pkg":"com.spaceship.screen.textcopy"},"orders":["com.recognize_text.translate.screen","com.google.android.apps.translate","com.spaceship.screen.textcopy","com.newmg.yurao.pro","com.zaz.translate"]},{"rank":{"index":3,"lang":"id","country":"id","chineseCountryName":"印尼","pkg":"com.spaceship.screen.textcopy"},"orders":["com.recognize_text.translate.screen","com.tap_to_translate.snap_translate","com.spaceship.screen.textcopy","com.niven.translator","com.newmg.yurao.pro","com.gaminik.i18n","com.deepl.mobiletranslator","com.niven.game","com.microsoft.translator","com.google.android.apps.translate","com.youdao.hindict","com.screen.translate.google","com.eecorp.taptranslator"]},{"rank":{"index":2,"lang":"es-mx","country":"mx","chineseCountryName":"墨西哥","pkg":"com.spaceship.screen.textcopy"},"orders":["com.recognize_text.translate.screen","com.spaceship.screen.textcopy","com.gaminik.i18n","com.niven.translator","com.newmg.yurao.pro","com.tap_to_translate.snap_translate","com.microsoft.translator","com.google.android.apps.translate","com.niven.game","com.deepl.mobiletranslator","com.zaz.translate","com.eecorp.taptranslator","com.screen.translate.google","com.immersivetranslate.browser","com.niven.apptranslate","com.screen.textspeech.translator","com.mg.chat","com.google.ar.lens","at.nk.tools.iTranslate","com.youdao.hindict"]}]