[{"rank":{"index":2,"lang":"en-us","country":"us","chineseCountryName":"美国","pkg":"com.spaceship.screen.textcopy"},"orders":["com.recognize_text.translate.screen","com.spaceship.screen.textcopy","com.niven.translator","com.google.android.apps.translate","com.tap_to_translate.snap_translate","com.gaminik.i18n","com.newmg.yurao.pro","com.zaz.translate","com.screen.translate.google","com.microsoft.translator","com.deepl.mobiletranslator","com.niven.game","com.immersivetranslate.browser","live.screentranslate.realtime","com.fapp.translate.language.translator.fasttranslation","com.eecorp.linguago","com.niven.apptranslate","photo.translate.camera.translator","com.naver.labs.translator","at.nk.tools.iTranslate"]},{"rank":{"index":3,"lang":"ru","country":"ru","chineseCountryName":"俄罗斯","pkg":"com.spaceship.screen.textcopy"},"orders":["com.recognize_text.translate.screen","com.niven.translator","com.spaceship.screen.textcopy","com.tap_to_translate.snap_translate","com.gaminik.i18n","com.newmg.yurao.pro","com.niven.game","com.zaz.translate","com.screen.translate.google","ru.yandex.translate","com.deepl.mobiletranslator","com.google.android.apps.translate","com.microsoft.translator","com.niven.apptranslate","live.screentranslate.realtime","com.voice_camera_free_translate","com.eecorp.linguago","photo.translate.camera.translator","com.immersivetranslate.browser","com.naver.labs.translator"]},{"rank":{"index":2,"lang":"pt-br","country":"br","chineseCountryName":"巴西","pkg":"com.spaceship.screen.textcopy"},"orders":["com.recognize_text.translate.screen","com.spaceship.screen.textcopy","com.niven.translator","com.tap_to_translate.snap_translate","com.gaminik.i18n","com.newmg.yurao.pro","com.screen.translate.google","com.niven.game","com.google.android.apps.translate","com.eecorp.linguago","live.screentranslate.realtime","com.zaz.translate","com.immersivetranslate.browser","com.voice_camera_free_translate","com.niven.apptranslate","com.microsoft.translator","com.deepl.mobiletranslator","photo.translate.camera.translator","ru.yandex.translate","com.fapp.translate.language.translator.fasttranslation"]},{"rank":{"index":2,"lang":"fr","country":"fr","chineseCountryName":"法国","pkg":"com.spaceship.screen.textcopy"},"orders":["com.recognize_text.translate.screen","com.spaceship.screen.textcopy","com.tap_to_translate.snap_translate","com.niven.translator","com.gaminik.i18n","com.newmg.yurao.pro","com.zaz.translate","com.screen.translate.google","com.google.android.apps.translate","com.niven.game","live.screentranslate.realtime","com.eecorp.linguago","com.immersivetranslate.browser","com.fapp.translate.language.translator.fasttranslation","com.deepl.mobiletranslator","com.microsoft.translator","com.niven.apptranslate","com.datacomprojects.scanandtranslate","photo.translate.camera.translator","com.naver.labs.translator"]},{"rank":{"index":2,"lang":"en-gb","country":"gb","chineseCountryName":"英国","pkg":"com.spaceship.screen.textcopy"},"orders":["com.recognize_text.translate.screen","com.spaceship.screen.textcopy","com.niven.translator","com.tap_to_translate.snap_translate","com.google.android.apps.translate","com.gaminik.i18n","com.zaz.translate","com.newmg.yurao.pro","com.microsoft.translator","com.screen.translate.google","com.niven.game","com.fapp.translate.language.translator.fasttranslation","live.screentranslate.realtime","com.deepl.mobiletranslator","com.eecorp.linguago","com.immersivetranslate.browser","com.voice_camera_free_translate","com.niven.apptranslate","ru.yandex.translate","com.naver.labs.translator"]},{"rank":{"index":2,"lang":"de","country":"de","chineseCountryName":"德国","pkg":"com.spaceship.screen.textcopy"},"orders":["com.recognize_text.translate.screen","com.spaceship.screen.textcopy","com.tap_to_translate.snap_translate","com.niven.translator","com.gaminik.i18n","com.newmg.yurao.pro","com.screen.translate.google","com.zaz.translate","com.niven.game","live.screentranslate.realtime","com.google.android.apps.translate","com.eecorp.linguago","com.voice_camera_free_translate","com.microsoft.translator","com.deepl.mobiletranslator","com.niven.apptranslate","com.immersivetranslate.browser","com.fapp.translate.language.translator.fasttranslation","ru.yandex.translate","at.nk.tools.iTranslate"]},{"rank":{"index":2,"lang":"it","country":"it","chineseCountryName":"意大利","pkg":"com.spaceship.screen.textcopy"},"orders":["com.recognize_text.translate.screen","com.spaceship.screen.textcopy","com.niven.translator","com.gaminik.i18n","com.tap_to_translate.snap_translate","com.screen.translate.google","com.newmg.yurao.pro","com.zaz.translate","com.eecorp.linguago","live.screentranslate.realtime","com.niven.game","com.google.android.apps.translate","com.niven.apptranslate","com.microsoft.translator"]},{"rank":{"index":2,"lang":"ja","country":"jp","chineseCountryName":"日本","pkg":"com.spaceship.screen.textcopy"},"orders":["com.recognize_text.translate.screen","com.spaceship.screen.textcopy","com.tap_to_translate.snap_translate","com.gaminik.i18n","com.niven.translator","com.newmg.yurao.pro","com.screen.translate.google","com.google.android.apps.translate","com.immersivetranslate.browser","com.eecorp.linguago","com.niven.game","com.deepl.mobiletranslator","com.microsoft.translator"]},{"rank":{"index":2,"lang":"ko","country":"kr","chineseCountryName":"韩国","pkg":"com.spaceship.screen.textcopy"},"orders":["com.recognize_text.translate.screen","com.spaceship.screen.textcopy","com.tap_to_translate.snap_translate","com.niven.translator","com.gaminik.i18n","com.newmg.yurao.pro","com.screen.translate.google","com.naver.labs.translator","live.screentranslate.realtime","com.eecorp.linguago","com.google.android.apps.translate","com.niven.game","com.microsoft.translator","com.zaz.translate","com.niven.apptranslate","com.immersivetranslate.browser","com.deepl.mobiletranslator","com.fapp.translate.language.translator.fasttranslation","com.android.chrome","com.openai.chatgpt"]},{"rank":{"index":2,"lang":"zh-hk","country":"hk","chineseCountryName":"香港","pkg":"com.spaceship.screen.textcopy"},"orders":["com.recognize_text.translate.screen","com.spaceship.screen.textcopy","com.tap_to_translate.snap_translate","com.gaminik.i18n","com.niven.translator","com.newmg.yurao.pro","com.screen.translate.google","com.google.android.apps.translate","com.niven.game","live.screentranslate.realtime","com.zaz.translate","com.eecorp.linguago","com.voice_camera_free_translate","com.microsoft.translator","com.immersivetranslate.browser","com.niven.apptranslate","com.inw.trulinco","photo.translate.camera.translator","com.naver.labs.translator","com.fapp.translate.language.translator.fasttranslation"]},{"rank":{"index":2,"lang":"zh-tw","country":"tw","chineseCountryName":"台湾","pkg":"com.spaceship.screen.textcopy"},"orders":["com.recognize_text.translate.screen","com.spaceship.screen.textcopy","com.tap_to_translate.snap_translate","com.gaminik.i18n","com.niven.translator","com.newmg.yurao.pro","com.screen.translate.google","com.google.android.apps.translate","com.niven.game","live.screentranslate.realtime","com.eecorp.linguago","com.voice_camera_free_translate","com.immersivetranslate.browser","com.zaz.translate","com.niven.apptranslate","com.microsoft.translator","com.deepl.mobiletranslator","com.naver.labs.translator","photo.translate.camera.translator","com.inw.trulinco"]},{"rank":{"index":2,"lang":"en","country":"in","chineseCountryName":"印度","pkg":"com.spaceship.screen.textcopy"},"orders":["com.recognize_text.translate.screen","com.spaceship.screen.textcopy","com.tap_to_translate.snap_translate"]},{"rank":{"index":2,"lang":"id","country":"id","chineseCountryName":"印尼","pkg":"com.spaceship.screen.textcopy"},"orders":["com.recognize_text.translate.screen","com.spaceship.screen.textcopy","com.tap_to_translate.snap_translate","com.niven.translator","com.gaminik.i18n","com.google.android.apps.translate","com.newmg.yurao.pro","com.niven.game","com.screen.translate.google","com.zaz.translate","com.eecorp.linguago","com.deepl.mobiletranslator","live.screentranslate.realtime","com.niven.apptranslate","com.microsoft.translator","com.naver.labs.translator","com.immersivetranslate.browser","photo.translate.camera.translator","com.fapp.translate.language.translator.fasttranslation","ru.yandex.translate"]},{"rank":{"index":1,"lang":"es-mx","country":"mx","chineseCountryName":"墨西哥","pkg":"com.spaceship.screen.textcopy"},"orders":["com.spaceship.screen.textcopy","com.recognize_text.translate.screen","com.tap_to_translate.snap_translate","com.niven.translator","com.gaminik.i18n","com.newmg.yurao.pro","com.screen.translate.google","com.google.android.apps.translate","com.niven.game","live.screentranslate.realtime","com.eecorp.linguago","com.microsoft.translator","com.zaz.translate","com.niven.apptranslate","com.deepl.mobiletranslator","com.immersivetranslate.browser","ru.yandex.translate","com.fapp.translate.language.translator.fasttranslation","com.android.chrome","com.openai.chatgpt"]}]