[{"rank":{"index":2,"lang":"en-us","country":"us","chineseCountryName":"美国","pkg":"com.spaceship.screen.textcopy"},"orders":["com.recognize_text.translate.screen","com.spaceship.screen.textcopy","com.screen.translate.google","com.yoyodev.screentranslate","com.niven.translator","com.tap_to_translate.snap_translate","com.galaxy.airviewdictionary","com.gaminik.i18n","com.aurasense.screentranslate","com.newmg.yurao.pro","com.newtranslate.google","com.google.android.apps.translate","com.deepl.mobiletranslator","com.niven.apptranslate","com.microsoft.translator"]},{"rank":{"index":3,"lang":"ru","country":"ru","chineseCountryName":"俄罗斯","pkg":"com.spaceship.screen.textcopy"},"orders":["com.recognize_text.translate.screen","com.niven.translator","com.spaceship.screen.textcopy","com.yoyodev.screentranslate","com.tap_to_translate.snap_translate","com.screen.translate.google","com.gaminik.i18n","com.galaxy.airviewdictionary","com.newtranslate.google","com.newmg.yurao.pro","ru.yandex.translate","com.niven.apptranslate"]},{"rank":{"index":2,"lang":"pt-br","country":"br","chineseCountryName":"巴西","pkg":"com.spaceship.screen.textcopy"},"orders":["com.recognize_text.translate.screen","com.spaceship.screen.textcopy","com.niven.translator","com.gaminik.i18n","com.screen.translate.google","com.tap_to_translate.snap_translate","com.galaxy.airviewdictionary","com.newtranslate.google","com.newmg.yurao.pro","com.esarikaya.screentranslate","com.niven.apptranslate","live.screentranslate.realtime","com.hive.lingonative","com.niven.game","screen.translator.voice.translate","com.google.android.apps.translate","com.screen.translator.live.translate.textcopy","com.deepl.mobiletranslator","com.chat_translate.screen_translate","com.screen.translator.text.recognize"]},{"rank":{"index":3,"lang":"fr","country":"fr","chineseCountryName":"法国","pkg":"com.spaceship.screen.textcopy"},"orders":["com.recognize_text.translate.screen","com.yoyodev.screentranslate","com.spaceship.screen.textcopy","com.screen.translate.google","com.tap_to_translate.snap_translate","com.niven.translator","com.galaxy.airviewdictionary","com.gaminik.i18n","com.aurasense.screentranslate","com.newtranslate.google","com.newmg.yurao.pro","com.esarikaya.screentranslate","com.niven.apptranslate","com.google.android.apps.translate","live.screentranslate.realtime","photo.translate.camera.translator","screen.translator.voice.translate","com.deepl.mobiletranslator","com.hive.lingonative","com.chat_translate.screen_translate"]},{"rank":{"index":3,"lang":"en-gb","country":"gb","chineseCountryName":"英国","pkg":"com.spaceship.screen.textcopy"},"orders":["com.recognize_text.translate.screen","com.screen.translate.google","com.spaceship.screen.textcopy","com.yoyodev.screentranslate","com.galaxy.airviewdictionary","com.tap_to_translate.snap_translate","com.niven.translator","com.aurasense.screentranslate","com.gaminik.i18n","com.newtranslate.google","com.newmg.yurao.pro","com.google.android.apps.translate","com.deepl.mobiletranslator","com.niven.apptranslate","com.esarikaya.screentranslate","com.microsoft.translator","screen.translator.voice.translate","at.nk.tools.iTranslate","com.niven.game","com.zaz.translate"]},{"rank":{"index":3,"lang":"de","country":"de","chineseCountryName":"德国","pkg":"com.spaceship.screen.textcopy"},"orders":["com.recognize_text.translate.screen","com.yoyodev.screentranslate","com.spaceship.screen.textcopy","com.screen.translate.google","com.niven.translator","com.gaminik.i18n","com.galaxy.airviewdictionary","com.tap_to_translate.snap_translate","com.aurasense.screentranslate","com.newtranslate.google","com.newmg.yurao.pro","com.niven.apptranslate","com.deepl.mobiletranslator","com.esarikaya.screentranslate","com.google.android.apps.translate","live.screentranslate.realtime","photo.translate.camera.translator","co.appnation.aivoicetranslator","com.hive.lingonative","screen.translator.voice.translate"]},{"rank":{"index":5,"lang":"it","country":"it","chineseCountryName":"意大利","pkg":"com.spaceship.screen.textcopy"},"orders":["com.recognize_text.translate.screen","com.yoyodev.screentranslate","com.screen.translate.google","com.gaminik.i18n","com.spaceship.screen.textcopy","com.tap_to_translate.snap_translate","com.galaxy.airviewdictionary","com.niven.translator","com.aurasense.screentranslate","com.newtranslate.google","com.newmg.yurao.pro","com.esarikaya.screentranslate","com.google.android.apps.translate","com.niven.apptranslate","live.screentranslate.realtime","com.deepl.mobiletranslator","photo.translate.camera.translator","screen.translator.voice.translate","com.screen.translator.text.recognize","com.screen.translator.live.translate.textcopy"]},{"rank":{"index":3,"lang":"ja","country":"jp","chineseCountryName":"日本","pkg":"com.spaceship.screen.textcopy"},"orders":["com.recognize_text.translate.screen","com.gaminik.i18n","com.spaceship.screen.textcopy","com.screen.translate.google","com.niven.translator","com.tap_to_translate.snap_translate","com.galaxy.airviewdictionary","com.aurasense.screentranslate","com.newtranslate.google","com.newmg.yurao.pro"]},{"rank":{"index":3,"lang":"ko","country":"kr","chineseCountryName":"韩国","pkg":"com.spaceship.screen.textcopy"},"orders":["com.recognize_text.translate.screen","com.gaminik.i18n","com.spaceship.screen.textcopy","com.screen.translate.google","com.galaxy.airviewdictionary","com.tap_to_translate.snap_translate","com.niven.translator","com.aurasense.screentranslate","com.newtranslate.google","com.newmg.yurao.pro","com.niven.apptranslate"]},{"rank":{"index":2,"lang":"zh-hk","country":"hk","chineseCountryName":"香港","pkg":"com.spaceship.screen.textcopy"},"orders":["com.recognize_text.translate.screen","com.spaceship.screen.textcopy","com.screen.translate.google","com.yoyodev.screentranslate","com.galaxy.airviewdictionary","com.gaminik.i18n","com.aurasense.screentranslate","com.tap_to_translate.snap_translate","com.newtranslate.google","com.niven.translator","com.newmg.yurao.pro","com.google.android.apps.translate","com.niven.apptranslate","com.deepl.mobiletranslator","com.microsoft.translator","com.esarikaya.screentranslate","com.niven.game","screen.translator.voice.translate","com.zaz.translate","at.nk.tools.iTranslate"]},{"rank":{"index":3,"lang":"zh-tw","country":"tw","chineseCountryName":"台湾","pkg":"com.spaceship.screen.textcopy"},"orders":["com.recognize_text.translate.screen","com.screen.translate.google","com.spaceship.screen.textcopy","com.yoyodev.screentranslate","com.galaxy.airviewdictionary","com.gaminik.i18n","com.aurasense.screentranslate","com.niven.translator","com.tap_to_translate.snap_translate","com.newtranslate.google","com.newmg.yurao.pro"]},{"rank":{"index":0,"lang":"en","country":"in","chineseCountryName":"印度","pkg":"com.spaceship.screen.textcopy"},"orders":["com.recognize_text.translate.screen","com.tap_to_translate.snap_translate","com.google.android.apps.translate","com.zaz.translate","at.nk.tools.iTranslate","com.addevice.translate","co.appnation.aivoicetranslator","com.galaxy.airviewdictionary","com.screen.translate.google","com.newmg.yurao.pro","com.yoyodev.screentranslate","com.niven.translator","com.newtranslate.google","screen.translator.voice.translate","com.aurasense.screentranslate","translate.speech.text.translation.voicetranslator","com.niven.apptranslate","ru.yandex.translate","com.esarikaya.screentranslate","com.niven.game"]},{"rank":{"index":2,"lang":"id","country":"id","chineseCountryName":"印尼","pkg":"com.spaceship.screen.textcopy"},"orders":["com.recognize_text.translate.screen","com.spaceship.screen.textcopy","com.tap_to_translate.snap_translate","com.niven.translator","com.yoyodev.screentranslate","com.screen.translate.google","com.galaxy.airviewdictionary","com.gaminik.i18n","com.aurasense.screentranslate","com.newtranslate.google","com.newmg.yurao.pro"]},{"rank":{"index":2,"lang":"es-mx","country":"mx","chineseCountryName":"墨西哥","pkg":"com.spaceship.screen.textcopy"},"orders":["com.recognize_text.translate.screen","com.spaceship.screen.textcopy","com.tap_to_translate.snap_translate","com.gaminik.i18n","com.google.android.apps.translate","photo.translate.camera.translator","com.galaxy.airviewdictionary","com.screen.translate.google","com.yoyodev.screentranslate","com.niven.translator","com.newmg.yurao.pro","com.newtranslate.google","screen.translator.voice.translate","com.aurasense.screentranslate","com.esarikaya.screentranslate","com.niven.apptranslate","com.zaz.translate","at.nk.tools.iTranslate","com.niven.game","ru.yandex.translate"]}]