[{"rank":{"index":2,"lang":"en-us","country":"us","chineseCountryName":"美国","pkg":"com.spaceship.screen.textcopy"},"orders":["com.recognize_text.translate.screen","com.spaceship.screen.textcopy","com.tap_to_translate.snap_translate","com.google.android.apps.translate","com.niven.translator","com.newmg.yurao.pro","com.microsoft.translator","com.gaminik.i18n","com.deepl.mobiletranslator","com.zaz.translate","com.naver.labs.translator","com.immersivetranslate.browser","at.nk.tools.iTranslate","com.niven.game","com.screen.translate.google","ru.yandex.translate","com.niven.apptranslate","com.voice_camera_free_translate","com.eecorp.linguago","com.translate.talkingtranslator"]},{"rank":{"index":0,"lang":"ru","country":"ru","chineseCountryName":"俄罗斯","pkg":"com.spaceship.screen.textcopy"},"orders":["com.recognize_text.translate.screen","com.niven.translator","com.tap_to_translate.snap_translate","com.newmg.yurao.pro","com.google.android.apps.translate","com.gaminik.i18n","com.deepl.mobiletranslator","com.microsoft.translator","com.niven.game","ru.yandex.translate","com.zaz.translate","com.immersivetranslate.browser","com.naver.labs.translator","com.niven.apptranslate","at.nk.tools.iTranslate","com.screen.translate.google","com.eecorp.linguago","com.voice_camera_free_translate","com.google.ar.lens","com.datacomprojects.scanandtranslate"]},{"rank":{"index":2,"lang":"pt-br","country":"br","chineseCountryName":"巴西","pkg":"com.spaceship.screen.textcopy"},"orders":["com.recognize_text.translate.screen","com.spaceship.screen.textcopy","com.tap_to_translate.snap_translate","com.niven.translator","com.google.android.apps.translate","com.gaminik.i18n","com.newmg.yurao.pro","com.microsoft.translator","com.deepl.mobiletranslator","com.immersivetranslate.browser","com.niven.game","at.nk.tools.iTranslate","com.niven.apptranslate","com.zaz.translate","com.screen.translate.google","com.voice_camera_free_translate","com.naver.labs.translator","com.eecorp.linguago","com.google.ar.lens","com.datacomprojects.scanandtranslate"]},{"rank":{"index":2,"lang":"fr","country":"fr","chineseCountryName":"法国","pkg":"com.spaceship.screen.textcopy"},"orders":["com.recognize_text.translate.screen","com.spaceship.screen.textcopy","com.tap_to_translate.snap_translate","com.niven.translator","com.newmg.yurao.pro","com.gaminik.i18n","com.google.android.apps.translate","com.immersivetranslate.browser","com.zaz.translate","com.eecorp.linguago","com.microsoft.translator","com.deepl.mobiletranslator","com.niven.game","com.screen.translate.google","com.niven.apptranslate","com.naver.labs.translator","at.nk.tools.iTranslate","ru.yandex.translate","live.screentranslate.realtime","com.eecorp.taptranslator"]},{"rank":{"index":2,"lang":"en-gb","country":"gb","chineseCountryName":"英国","pkg":"com.spaceship.screen.textcopy"},"orders":["com.recognize_text.translate.screen","com.spaceship.screen.textcopy","com.tap_to_translate.snap_translate","com.google.android.apps.translate","com.niven.translator","com.microsoft.translator","com.newmg.yurao.pro","com.deepl.mobiletranslator","com.zaz.translate","com.gaminik.i18n","com.immersivetranslate.browser","at.nk.tools.iTranslate","ru.yandex.translate","com.niven.game","com.naver.labs.translator"]},{"rank":{"index":2,"lang":"de","country":"de","chineseCountryName":"德国","pkg":"com.spaceship.screen.textcopy"},"orders":["com.recognize_text.translate.screen","com.spaceship.screen.textcopy","com.tap_to_translate.snap_translate","com.newmg.yurao.pro","com.niven.translator","com.gaminik.i18n","com.google.android.apps.translate","com.immersivetranslate.browser","com.deepl.mobiletranslator","com.microsoft.translator","com.niven.game","com.zaz.translate","at.nk.tools.iTranslate"]},{"rank":{"index":2,"lang":"it","country":"it","chineseCountryName":"意大利","pkg":"com.spaceship.screen.textcopy"},"orders":["com.recognize_text.translate.screen","com.spaceship.screen.textcopy","com.tap_to_translate.snap_translate","com.newmg.yurao.pro","com.niven.translator","com.gaminik.i18n","com.immersivetranslate.browser","com.niven.game","com.zaz.translate","com.google.android.apps.translate","com.microsoft.translator","at.nk.tools.iTranslate","com.voice_camera_free_translate","com.deepl.mobiletranslator","com.niven.apptranslate","com.screen.translate.google","com.eecorp.linguago","com.tangdi.baiguotong","com.naver.labs.translator","live.screentranslate.realtime"]},{"rank":{"index":3,"lang":"ja","country":"jp","chineseCountryName":"日本","pkg":"com.spaceship.screen.textcopy"},"orders":["com.recognize_text.translate.screen","com.tap_to_translate.snap_translate","com.spaceship.screen.textcopy","com.deepl.mobiletranslator","com.niven.translator","com.newmg.yurao.pro","com.gaminik.i18n","com.google.android.apps.translate","com.naver.labs.translator","com.microsoft.translator","com.immersivetranslate.browser","at.nk.tools.iTranslate"]},{"rank":{"index":3,"lang":"ko","country":"kr","chineseCountryName":"韩国","pkg":"com.spaceship.screen.textcopy"},"orders":["com.recognize_text.translate.screen","com.tap_to_translate.snap_translate","com.spaceship.screen.textcopy","com.newmg.yurao.pro","com.niven.translator","com.gaminik.i18n","com.naver.labs.translator","com.immersivetranslate.browser","com.screen.translate.google","com.niven.apptranslate","com.eecorp.linguago","com.niven.game","com.google.android.apps.translate","com.zaz.translate","com.deepl.mobiletranslator","com.microsoft.translator","at.nk.tools.iTranslate","live.screentranslate.realtime","com.translate.talkingtranslator","com.openai.chatgpt"]},{"rank":{"index":2,"lang":"zh-hk","country":"hk","chineseCountryName":"香港","pkg":"com.spaceship.screen.textcopy"},"orders":["com.recognize_text.translate.screen","com.spaceship.screen.textcopy","com.newmg.yurao.pro","com.niven.translator","com.gaminik.i18n","com.tap_to_translate.snap_translate","com.immersivetranslate.browser","com.google.android.apps.translate","com.naver.labs.translator","com.microsoft.translator","com.niven.game","com.zaz.translate","com.deepl.mobiletranslator","at.nk.tools.iTranslate","com.screen.translate.google","com.niven.apptranslate","com.eecorp.linguago","translate.voice.translator.camera.translation.free.all.language.app","com.tangdi.baiguotong","ru.yandex.translate"]},{"rank":{"index":2,"lang":"zh-tw","country":"tw","chineseCountryName":"台湾","pkg":"com.spaceship.screen.textcopy"},"orders":["com.recognize_text.translate.screen","com.spaceship.screen.textcopy","com.newmg.yurao.pro","com.tap_to_translate.snap_translate","com.niven.translator","com.gaminik.i18n","com.immersivetranslate.browser","com.google.android.apps.translate","com.microsoft.translator","com.naver.labs.translator","com.niven.game","com.deepl.mobiletranslator","com.zaz.translate","com.screen.translate.google","at.nk.tools.iTranslate","com.niven.apptranslate","com.voice_camera_free_translate","com.eecorp.linguago","com.translate.talkingtranslator","com.niven.comic"]},{"rank":{"index":2,"lang":"en","country":"in","chineseCountryName":"印度","pkg":"com.spaceship.screen.textcopy"},"orders":["com.recognize_text.translate.screen","com.spaceship.screen.textcopy","com.newmg.yurao.pro","com.google.android.apps.translate"]},{"rank":{"index":2,"lang":"id","country":"id","chineseCountryName":"印尼","pkg":"com.spaceship.screen.textcopy"},"orders":["com.recognize_text.translate.screen","com.spaceship.screen.textcopy","com.tap_to_translate.snap_translate","com.niven.translator","com.newmg.yurao.pro","com.gaminik.i18n","com.google.android.apps.translate","com.niven.game","com.deepl.mobiletranslator","com.immersivetranslate.browser","com.naver.labs.translator","at.nk.tools.iTranslate","com.microsoft.translator","com.niven.apptranslate","com.eecorp.linguago","com.screen.translate.google","com.zaz.translate","com.voice_camera_free_translate","com.aldoo.pdftranslatorpro","com.google.ar.lens"]},{"rank":{"index":1,"lang":"es-mx","country":"mx","chineseCountryName":"墨西哥","pkg":"com.spaceship.screen.textcopy"},"orders":["com.spaceship.screen.textcopy","com.recognize_text.translate.screen","com.tap_to_translate.snap_translate","com.niven.translator","com.newmg.yurao.pro","com.gaminik.i18n","com.google.android.apps.translate","com.niven.game","com.deepl.mobiletranslator","com.niven.apptranslate","com.immersivetranslate.browser","com.microsoft.translator","com.eecorp.linguago","com.screen.translate.google","at.nk.tools.iTranslate","com.zaz.translate","com.naver.labs.translator","com.openai.chatgpt","com.android.chrome","com.google.android.apps.chromecast.app"]}]