[{"rank":{"index":2,"lang":"en-us","country":"us","chineseCountryName":"美国","pkg":"com.spaceship.screen.textcopy"},"orders":["com.recognize_text.translate.screen","com.spaceship.screen.textcopy","com.tap_to_translate.snap_translate","com.gaminik.i18n","com.google.android.apps.translate","com.microsoft.translator","com.mg.yurao.google","com.niven.translator","com.niven.game","at.nk.tools.iTranslate","com.niven.comic","com.translate.talkingtranslator","screen.translator.voice.translate","com.zaz.translate","com.eecorp.linguago","com.newmg.yurao.pro","com.datacomprojects.scanandtranslate","com.niven.apptranslate","com.mobisystems.msdict.embedded.wireless.collins.ee","com.languagetranslator.translatorapp.smartscanner.dictionary.translation.voicetranslator"]},{"rank":{"index":2,"lang":"ru","country":"ru","chineseCountryName":"俄罗斯","pkg":"com.spaceship.screen.textcopy"},"orders":["com.recognize_text.translate.screen","com.spaceship.screen.textcopy","com.tap_to_translate.snap_translate","com.microsoft.translator","com.google.android.apps.translate","com.gaminik.i18n","com.niven.translator","com.mg.yurao.google","com.niven.game","com.niven.comic","com.zaz.translate","com.datacomprojects.scanandtranslate","at.nk.tools.iTranslate","com.eecorp.linguago","ru.yandex.translate","com.niven.apptranslate","com.newmg.yurao.pro","com.ticktalk.translatevoice","screen.translator.voice.translate","com.languagetranslator.translatorapp.smartscanner.dictionary.translation.voicetranslator"]},{"rank":{"index":2,"lang":"pt-br","country":"br","chineseCountryName":"巴西","pkg":"com.spaceship.screen.textcopy"},"orders":["com.recognize_text.translate.screen","com.spaceship.screen.textcopy","com.tap_to_translate.snap_translate","com.mg.yurao.google","com.gaminik.i18n","com.niven.translator","com.microsoft.translator","com.niven.game","com.niven.comic","com.eecorp.linguago","at.nk.tools.iTranslate","com.youdao.hindict","com.newmg.yurao.pro","com.niven.apptranslate","free.language.translate.translator","com.ticktalk.translatevoice","com.zaz.translate","com.languagetranslator.translatorapp.smartscanner.dictionary.translation.voicetranslator","com.google.android.apps.translate","screen.translator.voice.translate"]},{"rank":{"index":2,"lang":"fr","country":"fr","chineseCountryName":"法国","pkg":"com.spaceship.screen.textcopy"},"orders":["com.recognize_text.translate.screen","com.spaceship.screen.textcopy","com.mg.yurao.google","com.gaminik.i18n","com.microsoft.translator","com.tap_to_translate.snap_translate","screen.translator.voice.translate","com.niven.translator","com.niven.game","com.niven.comic","com.google.android.apps.translate","at.nk.tools.iTranslate","com.eecorp.linguago","com.zaz.translate","com.newmg.yurao.pro","com.niven.apptranslate","com.dftpdf.translate","com.eecorp.taptranslator","com.translator.yellow","com.datacomprojects.scanandtranslate"]},{"rank":{"index":2,"lang":"en-gb","country":"gb","chineseCountryName":"英国","pkg":"com.spaceship.screen.textcopy"},"orders":["com.recognize_text.translate.screen","com.spaceship.screen.textcopy","com.google.android.apps.translate","com.tap_to_translate.snap_translate","com.microsoft.translator","com.mg.yurao.google","com.gaminik.i18n","com.niven.translator","com.niven.comic","com.niven.game","at.nk.tools.iTranslate","screen.translator.voice.translate","com.zaz.translate","com.datacomprojects.scanandtranslate","com.aldoo.pdftranslatorpro","com.abbyy.mobile.textgrabber.full","com.newmg.yurao.pro","com.dftpdf.translate","com.translate.talkingtranslator","com.eecorp.linguago"]},{"rank":{"index":2,"lang":"de","country":"de","chineseCountryName":"德国","pkg":"com.spaceship.screen.textcopy"},"orders":["com.recognize_text.translate.screen","com.spaceship.screen.textcopy","com.mg.yurao.google","com.gaminik.i18n","com.microsoft.translator","com.tap_to_translate.snap_translate","com.niven.translator","com.niven.game","com.niven.comic","com.newmg.yurao.pro","com.google.android.apps.translate","com.eecorp.linguago","at.nk.tools.iTranslate"]},{"rank":{"index":2,"lang":"it","country":"it","chineseCountryName":"意大利","pkg":"com.spaceship.screen.textcopy"},"orders":["com.recognize_text.translate.screen","com.spaceship.screen.textcopy","com.gaminik.i18n","screen.translator.voice.translate","com.mg.yurao.google","com.microsoft.translator","com.tap_to_translate.snap_translate","com.niven.translator","com.niven.game","com.niven.comic","com.eecorp.linguago","at.nk.tools.iTranslate","com.newmg.yurao.pro","com.niven.apptranslate","com.eecorp.taptranslator","com.translator.yellow","com.languagetranslator.translatorapp.smartscanner.dictionary.translation.voicetranslator","com.google.android.apps.translate","com.dftpdf.translate","com.ticktalk.translatevoice"]},{"rank":{"index":2,"lang":"ja","country":"jp","chineseCountryName":"日本","pkg":"com.spaceship.screen.textcopy"},"orders":["com.recognize_text.translate.screen","com.spaceship.screen.textcopy","com.gaminik.i18n","com.mg.yurao.google","com.tap_to_translate.snap_translate","com.eecorp.taptranslator","com.niven.game","com.eecorp.linguago","com.niven.apptranslate","com.niven.translator","com.newmg.yurao.pro","com.niven.comic"]},{"rank":{"index":4,"lang":"ko","country":"kr","chineseCountryName":"韩国","pkg":"com.spaceship.screen.textcopy"},"orders":["com.recognize_text.translate.screen","com.mg.yurao.google","com.tap_to_translate.snap_translate","com.spaceship.screen.textcopy","com.google.android.apps.translate","com.microsoft.translator","com.gaminik.i18n","com.niven.translator","com.niven.comic","com.niven.game","com.naver.labs.translator","com.datacomprojects.scanandtranslate","at.nk.tools.iTranslate","com.abbyy.mobile.textgrabber.full","com.zaz.translate","com.newmg.yurao.pro","com.aldoo.pdftranslatorpro","com.youdao.hindict","com.languagetranslator.translatorapp.smartscanner.dictionary.translation.voicetranslator","com.ticktalk.translatevoice"]},{"rank":{"index":2,"lang":"zh-hk","country":"hk","chineseCountryName":"香港","pkg":"com.spaceship.screen.textcopy"},"orders":["com.recognize_text.translate.screen","com.spaceship.screen.textcopy","com.microsoft.translator","com.tap_to_translate.snap_translate","com.google.android.apps.translate","com.mg.yurao.google","com.gaminik.i18n","com.niven.translator","at.nk.tools.iTranslate","com.niven.comic","com.niven.game","com.zaz.translate","com.datacomprojects.scanandtranslate","com.tangdi.baiguotong","com.mg.subtitle.google","com.newmg.yurao.pro","com.languagetranslator.translatorapp.smartscanner.dictionary.translation.voicetranslator","com.translate.talkingtranslator","com.ticktalk.translatevoice","com.aldoo.pdftranslatorpro"]},{"rank":{"index":4,"lang":"zh-tw","country":"tw","chineseCountryName":"台湾","pkg":"com.spaceship.screen.textcopy"},"orders":["com.recognize_text.translate.screen","com.tap_to_translate.snap_translate","com.mg.yurao.google","com.spaceship.screen.textcopy","com.google.android.apps.translate","com.microsoft.translator","com.gaminik.i18n","com.niven.translator","com.niven.game","com.niven.comic","at.nk.tools.iTranslate","com.zaz.translate","com.datacomprojects.scanandtranslate","com.tangdi.baiguotong","com.newmg.yurao.pro","com.languagetranslator.translatorapp.smartscanner.dictionary.translation.voicetranslator","com.eecorp.linguago","camera.translator.realtime","com.translate.talkingtranslator","com.niven.apptranslate"]},{"rank":{"index":2,"lang":"en","country":"in","chineseCountryName":"印度","pkg":"com.spaceship.screen.textcopy"},"orders":["com.recognize_text.translate.screen","com.spaceship.screen.textcopy","com.google.android.apps.translate","com.microsoft.translator","screen.translator.voice.translate","com.gaminik.i18n","com.zaz.translate","com.tap_to_translate.snap_translate","com.niven.translator","com.niven.game","com.niven.comic","com.newmg.yurao.pro","at.nk.tools.iTranslate","com.eecorp.linguago","com.tranit.text.translate","com.languagetranslator.translatorapp.smartscanner.dictionary.translation.voicetranslator","com.datacomprojects.scanandtranslate","com.niven.apptranslate","com.aldoo.pdftranslatorpro","com.mg.yurao.google"]},{"rank":{"index":1,"lang":"id","country":"id","chineseCountryName":"印尼","pkg":"com.spaceship.screen.textcopy"},"orders":["com.spaceship.screen.textcopy","com.recognize_text.translate.screen","com.tap_to_translate.snap_translate","com.gaminik.i18n","com.mg.yurao.google","com.niven.translator","com.eecorp.linguago","com.newmg.yurao.pro","com.niven.comic","com.niven.apptranslate","com.niven.game","com.microsoft.translator","com.google.android.apps.translate"]},{"rank":{"index":2,"lang":"es-mx","country":"mx","chineseCountryName":"墨西哥","pkg":"com.spaceship.screen.textcopy"},"orders":["com.recognize_text.translate.screen","com.spaceship.screen.textcopy","com.gaminik.i18n","com.tap_to_translate.snap_translate","com.mg.yurao.google","com.niven.translator","com.microsoft.translator","com.niven.game","com.niven.comic","com.newmg.yurao.pro","com.eecorp.linguago","com.niven.apptranslate","at.nk.tools.iTranslate","com.zaz.translate","com.google.android.apps.translate"]}]