[{"rank":{"index":2,"lang":"en-us","country":"us","chineseCountryName":"美国","pkg":"com.spaceship.screen.textcopy"},"orders":["com.recognize_text.translate.screen","com.spaceship.screen.textcopy","com.newmg.yurao.pro","com.gaminik.i18n","com.google.android.apps.translate","com.microsoft.translator","com.niven.translator","com.tap_to_translate.snap_translate","com.deepl.mobiletranslator","com.niven.game","com.zaz.translate","com.eecorp.linguago","com.youdao.hindict","live.screentranslate.realtime","at.nk.tools.iTranslate","com.niven.apptranslate","com.naver.labs.translator","com.screen.translate.google","com.translate.talkingtranslator","com.google.ar.lens"]},{"rank":{"index":0,"lang":"ru","country":"ru","chineseCountryName":"俄罗斯","pkg":"com.spaceship.screen.textcopy"},"orders":["com.recognize_text.translate.screen","com.newmg.yurao.pro","com.tap_to_translate.snap_translate","com.google.android.apps.translate","com.niven.translator","com.microsoft.translator","com.gaminik.i18n","com.deepl.mobiletranslator","ru.yandex.translate","com.niven.game","com.zaz.translate","com.youdao.hindict","com.google.ar.lens","live.screentranslate.realtime","com.niven.apptranslate","com.eecorp.linguago","com.datacomprojects.scanandtranslate","com.immersivetranslate.browser","com.voice_camera_free_translate","com.screen.translate.google"]},{"rank":{"index":2,"lang":"pt-br","country":"br","chineseCountryName":"巴西","pkg":"com.spaceship.screen.textcopy"},"orders":["com.recognize_text.translate.screen","com.spaceship.screen.textcopy","com.gaminik.i18n","com.newmg.yurao.pro","com.microsoft.translator","com.google.android.apps.translate","com.niven.translator","com.tap_to_translate.snap_translate","com.youdao.hindict","com.deepl.mobiletranslator","com.niven.game","com.eecorp.linguago","live.screentranslate.realtime","com.zaz.translate","com.niven.apptranslate","com.screen.translate.google","top.applocalize.translate","com.google.ar.lens","com.eecorp.taptranslator","com.tangdi.baiguotong"]},{"rank":{"index":2,"lang":"fr","country":"fr","chineseCountryName":"法国","pkg":"com.spaceship.screen.textcopy"},"orders":["com.recognize_text.translate.screen","com.spaceship.screen.textcopy","com.newmg.yurao.pro","com.tap_to_translate.snap_translate","com.gaminik.i18n","com.microsoft.translator","com.google.android.apps.translate","com.niven.translator","com.deepl.mobiletranslator","com.niven.game","com.eecorp.linguago","live.screentranslate.realtime","com.google.ar.lens","com.niven.apptranslate","com.zaz.translate","com.screen.translate.google","top.applocalize.translate","com.eecorp.taptranslator","com.datacomprojects.scanandtranslate","com.naver.labs.translator"]},{"rank":{"index":2,"lang":"en-gb","country":"gb","chineseCountryName":"英国","pkg":"com.spaceship.screen.textcopy"},"orders":["com.recognize_text.translate.screen","com.spaceship.screen.textcopy","com.newmg.yurao.pro","com.gaminik.i18n","com.google.android.apps.translate","com.microsoft.translator","com.niven.translator","com.deepl.mobiletranslator","com.tap_to_translate.snap_translate","com.zaz.translate","com.niven.game","com.youdao.hindict","com.eecorp.linguago","live.screentranslate.realtime","at.nk.tools.iTranslate","com.google.ar.lens","com.naver.labs.translator","com.screen.translate.google","ru.yandex.translate","com.niven.apptranslate"]},{"rank":{"index":2,"lang":"de","country":"de","chineseCountryName":"德国","pkg":"com.spaceship.screen.textcopy"},"orders":["com.recognize_text.translate.screen","com.spaceship.screen.textcopy","com.newmg.yurao.pro","com.gaminik.i18n","com.google.android.apps.translate","com.microsoft.translator","com.niven.translator","com.deepl.mobiletranslator","com.tap_to_translate.snap_translate","com.niven.game","com.eecorp.linguago","com.google.ar.lens"]},{"rank":{"index":2,"lang":"it","country":"it","chineseCountryName":"意大利","pkg":"com.spaceship.screen.textcopy"},"orders":["com.recognize_text.translate.screen","com.spaceship.screen.textcopy","com.newmg.yurao.pro","com.gaminik.i18n","com.google.android.apps.translate","com.microsoft.translator","com.niven.translator","com.tap_to_translate.snap_translate","com.deepl.mobiletranslator","com.niven.game","com.eecorp.linguago","live.screentranslate.realtime","com.google.ar.lens"]},{"rank":{"index":2,"lang":"ja","country":"jp","chineseCountryName":"日本","pkg":"com.spaceship.screen.textcopy"},"orders":["com.recognize_text.translate.screen","com.spaceship.screen.textcopy","com.newmg.yurao.pro","com.gaminik.i18n","com.tap_to_translate.snap_translate","com.microsoft.translator","com.niven.translator","com.google.android.apps.translate","com.google.ar.lens","com.eecorp.linguago","com.screen.translate.google","com.deepl.mobiletranslator","com.naver.labs.translator","com.niven.game"]},{"rank":{"index":2,"lang":"ko","country":"kr","chineseCountryName":"韩国","pkg":"com.spaceship.screen.textcopy"},"orders":["com.recognize_text.translate.screen","com.spaceship.screen.textcopy","com.newmg.yurao.pro","com.google.android.apps.translate","com.tap_to_translate.snap_translate","com.microsoft.translator","com.gaminik.i18n","com.niven.translator","com.naver.labs.translator","com.niven.game","com.youdao.hindict","com.deepl.mobiletranslator","com.immersivetranslate.browser","com.eecorp.linguago","com.zaz.translate","live.screentranslate.realtime","com.screen.translate.google","com.google.ar.lens","com.niven.apptranslate","top.applocalize.translate"]},{"rank":{"index":2,"lang":"zh-hk","country":"hk","chineseCountryName":"香港","pkg":"com.spaceship.screen.textcopy"},"orders":["com.recognize_text.translate.screen","com.spaceship.screen.textcopy","com.newmg.yurao.pro","com.gaminik.i18n","com.google.android.apps.translate","com.microsoft.translator","com.niven.translator","com.tap_to_translate.snap_translate","com.niven.game","com.deepl.mobiletranslator","com.immersivetranslate.browser","com.eecorp.linguago","com.naver.labs.translator","com.google.ar.lens","com.zaz.translate","live.screentranslate.realtime","com.screen.translate.google","com.niven.apptranslate","at.nk.tools.iTranslate","top.applocalize.translate"]},{"rank":{"index":2,"lang":"zh-tw","country":"tw","chineseCountryName":"台湾","pkg":"com.spaceship.screen.textcopy"},"orders":["com.recognize_text.translate.screen","com.spaceship.screen.textcopy","com.newmg.yurao.pro","com.microsoft.translator","com.google.android.apps.translate","com.gaminik.i18n","com.niven.translator","com.tap_to_translate.snap_translate","com.niven.game","com.deepl.mobiletranslator","com.naver.labs.translator","com.immersivetranslate.browser"]},{"rank":{"index":3,"lang":"en","country":"in","chineseCountryName":"印度","pkg":"com.spaceship.screen.textcopy"},"orders":["com.recognize_text.translate.screen","com.google.android.apps.translate","com.spaceship.screen.textcopy","com.newmg.yurao.pro","com.zaz.translate"]},{"rank":{"index":2,"lang":"id","country":"id","chineseCountryName":"印尼","pkg":"com.spaceship.screen.textcopy"},"orders":["com.recognize_text.translate.screen","com.spaceship.screen.textcopy","com.gaminik.i18n","com.newmg.yurao.pro","com.youdao.hindict","com.niven.translator","com.google.android.apps.translate","com.tap_to_translate.snap_translate","com.niven.game","com.microsoft.translator","com.deepl.mobiletranslator","com.eecorp.linguago"]},{"rank":{"index":2,"lang":"es-mx","country":"mx","chineseCountryName":"墨西哥","pkg":"com.spaceship.screen.textcopy"},"orders":["com.recognize_text.translate.screen","com.spaceship.screen.textcopy","com.newmg.yurao.pro","com.gaminik.i18n","com.niven.translator","com.microsoft.translator","com.tap_to_translate.snap_translate","com.google.android.apps.translate","com.niven.game","com.deepl.mobiletranslator","com.eecorp.linguago","live.screentranslate.realtime"]}]