[{"rank":{"index":2,"lang":"en-us","country":"us","chineseCountryName":"美国","pkg":"com.spaceship.screen.textcopy"},"orders":["com.recognize_text.translate.screen","com.spaceship.screen.textcopy","com.tap_to_translate.snap_translate","com.google.android.apps.translate","com.niven.translator","com.microsoft.translator","com.deepl.mobiletranslator","com.newmg.yurao.pro","com.gaminik.i18n","com.youdao.hindict","ru.yandex.translate","com.zaz.translate","com.naver.labs.translator","com.immersivetranslate.browser","com.translate.talkingtranslator","com.niven.game","at.nk.tools.iTranslate","com.ticktalk.translatevoice","com.screen.translate.google","photo.translate.camera.translator"]},{"rank":{"index":0,"lang":"ru","country":"ru","chineseCountryName":"俄罗斯","pkg":"com.spaceship.screen.textcopy"},"orders":["com.recognize_text.translate.screen","com.niven.translator","com.tap_to_translate.snap_translate","com.newmg.yurao.pro","com.google.android.apps.translate","com.deepl.mobiletranslator","com.microsoft.translator","ru.yandex.translate","com.gaminik.i18n","com.niven.game","com.youdao.hindict","at.nk.tools.iTranslate","com.zaz.translate","com.immersivetranslate.browser","com.translate.talkingtranslator","com.softissimo.reverso.context","com.naver.labs.translator","photo.translate.camera.translator","com.google.ar.lens","com.datacomprojects.scanandtranslate"]},{"rank":{"index":2,"lang":"pt-br","country":"br","chineseCountryName":"巴西","pkg":"com.spaceship.screen.textcopy"},"orders":["com.recognize_text.translate.screen","com.spaceship.screen.textcopy","com.tap_to_translate.snap_translate","com.google.android.apps.translate","com.niven.translator","com.newmg.yurao.pro","com.microsoft.translator","com.gaminik.i18n","com.deepl.mobiletranslator","com.youdao.hindict","com.zaz.translate","com.niven.game","com.immersivetranslate.browser","at.nk.tools.iTranslate","ru.yandex.translate","photo.translate.camera.translator","com.tangdi.baiguotong","com.translate.talkingtranslator","com.ticktalk.translatevoice","co.koiapps.translateai"]},{"rank":{"index":3,"lang":"fr","country":"fr","chineseCountryName":"法国","pkg":"com.spaceship.screen.textcopy"},"orders":["com.recognize_text.translate.screen","com.tap_to_translate.snap_translate","com.spaceship.screen.textcopy","com.newmg.yurao.pro","com.microsoft.translator","com.google.android.apps.translate","com.niven.translator","com.gaminik.i18n","com.deepl.mobiletranslator","com.zaz.translate","ru.yandex.translate","com.immersivetranslate.browser","com.niven.game","at.nk.tools.iTranslate","photo.translate.camera.translator","com.translate.talkingtranslator","com.screen.translate.google","com.ticktalk.translatevoice","com.traductorweb","com.google.ar.lens"]},{"rank":{"index":2,"lang":"en-gb","country":"gb","chineseCountryName":"英国","pkg":"com.spaceship.screen.textcopy"},"orders":["com.recognize_text.translate.screen","com.spaceship.screen.textcopy","com.tap_to_translate.snap_translate","com.newmg.yurao.pro","com.google.android.apps.translate","com.deepl.mobiletranslator","com.microsoft.translator","com.youdao.hindict","com.gaminik.i18n","com.niven.translator","com.zaz.translate","ru.yandex.translate","com.naver.labs.translator","com.translate.talkingtranslator","at.nk.tools.iTranslate","com.immersivetranslate.browser","com.niven.game","com.softissimo.reverso.context","photo.translate.camera.translator","com.ticktalk.translatevoice"]},{"rank":{"index":2,"lang":"de","country":"de","chineseCountryName":"德国","pkg":"com.spaceship.screen.textcopy"},"orders":["com.recognize_text.translate.screen","com.spaceship.screen.textcopy","com.tap_to_translate.snap_translate","com.newmg.yurao.pro","com.niven.translator","com.gaminik.i18n","com.deepl.mobiletranslator","com.microsoft.translator","com.google.android.apps.translate","ru.yandex.translate","com.voice_camera_free_translate","com.immersivetranslate.browser","com.screen.translate.google","com.niven.game","com.niven.apptranslate","com.eecorp.taptranslator","com.translate.talkingtranslator","com.naver.labs.translator","com.zaz.translate","com.google.ar.lens"]},{"rank":{"index":2,"lang":"it","country":"it","chineseCountryName":"意大利","pkg":"com.spaceship.screen.textcopy"},"orders":["com.recognize_text.translate.screen","com.spaceship.screen.textcopy","com.tap_to_translate.snap_translate","com.newmg.yurao.pro","com.google.android.apps.translate","com.niven.translator","com.microsoft.translator","com.gaminik.i18n","com.deepl.mobiletranslator"]},{"rank":{"index":3,"lang":"ja","country":"jp","chineseCountryName":"日本","pkg":"com.spaceship.screen.textcopy"},"orders":["com.recognize_text.translate.screen","com.tap_to_translate.snap_translate","com.spaceship.screen.textcopy","com.newmg.yurao.pro","com.deepl.mobiletranslator","com.google.android.apps.translate","com.niven.translator","com.microsoft.translator","com.gaminik.i18n","com.google.ar.lens","com.immersivetranslate.browser","com.niven.game"]},{"rank":{"index":2,"lang":"ko","country":"kr","chineseCountryName":"韩国","pkg":"com.spaceship.screen.textcopy"},"orders":["com.recognize_text.translate.screen","com.spaceship.screen.textcopy","com.tap_to_translate.snap_translate","com.newmg.yurao.pro","com.google.android.apps.translate","com.microsoft.translator","com.deepl.mobiletranslator","com.niven.translator","com.naver.labs.translator","com.gaminik.i18n","com.youdao.hindict","ru.yandex.translate","com.zaz.translate","com.translate.talkingtranslator","com.immersivetranslate.browser","at.nk.tools.iTranslate","com.niven.game","com.softissimo.reverso.context","photo.translate.camera.translator","com.flitto.app"]},{"rank":{"index":2,"lang":"zh-hk","country":"hk","chineseCountryName":"香港","pkg":"com.spaceship.screen.textcopy"},"orders":["com.recognize_text.translate.screen","com.spaceship.screen.textcopy","com.google.android.apps.translate","com.microsoft.translator","com.tap_to_translate.snap_translate","com.deepl.mobiletranslator","com.newmg.yurao.pro","com.gaminik.i18n","com.niven.translator","com.youdao.hindict","ru.yandex.translate","com.immersivetranslate.browser","com.niven.game","at.nk.tools.iTranslate","com.naver.labs.translator","com.zaz.translate","photo.translate.camera.translator","com.translate.talkingtranslator","com.google.ar.lens","com.screen.translate.google"]},{"rank":{"index":3,"lang":"zh-tw","country":"tw","chineseCountryName":"台湾","pkg":"com.spaceship.screen.textcopy"},"orders":["com.recognize_text.translate.screen","com.google.android.apps.translate","com.spaceship.screen.textcopy","com.newmg.yurao.pro","com.microsoft.translator","com.deepl.mobiletranslator","com.youdao.hindict","com.niven.translator","com.gaminik.i18n","com.tap_to_translate.snap_translate","com.immersivetranslate.browser","ru.yandex.translate","com.naver.labs.translator","com.zaz.translate","at.nk.tools.iTranslate","com.niven.game","com.translate.talkingtranslator","com.softissimo.reverso.context","jp.go.nict.voicetra","com.google.ar.lens"]},{"rank":{"index":3,"lang":"en","country":"in","chineseCountryName":"印度","pkg":"com.spaceship.screen.textcopy"},"orders":["com.recognize_text.translate.screen","com.google.android.apps.translate","com.spaceship.screen.textcopy","com.newmg.yurao.pro","com.zaz.translate","com.deepl.mobiletranslator","com.microsoft.translator"]},{"rank":{"index":3,"lang":"id","country":"id","chineseCountryName":"印尼","pkg":"com.spaceship.screen.textcopy"},"orders":["com.recognize_text.translate.screen","com.tap_to_translate.snap_translate","com.spaceship.screen.textcopy","com.niven.translator","com.newmg.yurao.pro","com.google.android.apps.translate","com.gaminik.i18n","com.youdao.hindict","com.microsoft.translator","com.deepl.mobiletranslator","com.niven.game","com.zaz.translate","com.screen.translate.google","com.eecorp.taptranslator"]},{"rank":{"index":2,"lang":"es-mx","country":"mx","chineseCountryName":"墨西哥","pkg":"com.spaceship.screen.textcopy"},"orders":["com.recognize_text.translate.screen","com.spaceship.screen.textcopy","com.gaminik.i18n","com.niven.translator","com.google.android.apps.translate","com.newmg.yurao.pro","com.microsoft.translator","com.tap_to_translate.snap_translate","com.deepl.mobiletranslator","com.youdao.hindict","com.niven.game","com.zaz.translate","com.immersivetranslate.browser","at.nk.tools.iTranslate","ru.yandex.translate","photo.translate.camera.translator","com.screen.translate.google","com.mg.chat","com.google.ar.lens","com.niven.apptranslate"]}]