[{"rank":{"index":2,"lang":"en-us","country":"us","chineseCountryName":"美国","pkg":"com.spaceship.screen.textcopy"},"orders":["com.recognize_text.translate.screen","com.spaceship.screen.textcopy","com.microsoft.translator","com.gaminik.i18n","com.google.android.apps.translate","com.newmg.yurao.pro","com.niven.translator","com.tap_to_translate.snap_translate","com.naver.labs.translator","com.niven.game","com.zaz.translate","com.immersivetranslate.browser","com.eecorp.linguago","com.deepl.mobiletranslator"]},{"rank":{"index":0,"lang":"ru","country":"ru","chineseCountryName":"俄罗斯","pkg":"com.spaceship.screen.textcopy"},"orders":["com.recognize_text.translate.screen","com.tap_to_translate.snap_translate","com.niven.translator","com.newmg.yurao.pro","com.google.android.apps.translate","com.microsoft.translator","com.gaminik.i18n","com.niven.game","ru.yandex.translate","com.niven.apptranslate","com.immersivetranslate.browser","com.screen.translate.google","com.zaz.translate","com.eecorp.linguago","com.deepl.mobiletranslator","com.translate.talkingtranslator","com.datacomprojects.scanandtranslate","com.naver.labs.translator","at.nk.tools.iTranslate","com.mg.chat"]},{"rank":{"index":2,"lang":"pt-br","country":"br","chineseCountryName":"巴西","pkg":"com.spaceship.screen.textcopy"},"orders":["com.recognize_text.translate.screen","com.spaceship.screen.textcopy","com.newmg.yurao.pro","com.gaminik.i18n","com.niven.translator","com.tap_to_translate.snap_translate","com.microsoft.translator","com.niven.game","com.eecorp.linguago","com.niven.apptranslate","com.google.android.apps.translate","com.screen.translate.google","com.zaz.translate","com.eecorp.taptranslator","com.immersivetranslate.browser","com.deepl.mobiletranslator","com.mg.chat","com.google.ar.lens","com.android.chrome","com.google.android.apps.photos"]},{"rank":{"index":2,"lang":"fr","country":"fr","chineseCountryName":"法国","pkg":"com.spaceship.screen.textcopy"},"orders":["com.recognize_text.translate.screen","com.spaceship.screen.textcopy","com.newmg.yurao.pro","com.tap_to_translate.snap_translate","com.gaminik.i18n","com.microsoft.translator","com.niven.translator","com.eecorp.linguago","com.google.android.apps.translate","com.niven.apptranslate","com.screen.translate.google","com.zaz.translate","com.niven.game","com.eecorp.taptranslator","com.immersivetranslate.browser","com.deepl.mobiletranslator","com.google.ar.lens","com.translate.talkingtranslator","com.mg.chat","com.google.android.apps.photos"]},{"rank":{"index":2,"lang":"en-gb","country":"gb","chineseCountryName":"英国","pkg":"com.spaceship.screen.textcopy"},"orders":["com.recognize_text.translate.screen","com.spaceship.screen.textcopy","com.newmg.yurao.pro","com.tap_to_translate.snap_translate","com.microsoft.translator","com.google.android.apps.translate","com.gaminik.i18n","com.niven.translator","com.zaz.translate","com.niven.game","com.eecorp.linguago","com.immersivetranslate.browser","com.deepl.mobiletranslator","com.naver.labs.translator","com.screen.translate.google","com.niven.apptranslate","at.nk.tools.iTranslate","com.eecorp.taptranslator","ru.yandex.translate","com.mg.chat"]},{"rank":{"index":2,"lang":"de","country":"de","chineseCountryName":"德国","pkg":"com.spaceship.screen.textcopy"},"orders":["com.recognize_text.translate.screen","com.spaceship.screen.textcopy","com.newmg.yurao.pro","com.gaminik.i18n","com.niven.translator","com.microsoft.translator","com.tap_to_translate.snap_translate","com.google.android.apps.translate","com.eecorp.linguago","com.niven.game","com.screen.translate.google","com.niven.apptranslate","com.immersivetranslate.browser","com.eecorp.taptranslator","com.deepl.mobiletranslator","com.zaz.translate","com.mg.chat","ru.yandex.translate","com.translate.talkingtranslator","com.google.ar.lens"]},{"rank":{"index":2,"lang":"it","country":"it","chineseCountryName":"意大利","pkg":"com.spaceship.screen.textcopy"},"orders":["com.recognize_text.translate.screen","com.spaceship.screen.textcopy","com.newmg.yurao.pro","com.gaminik.i18n","com.microsoft.translator","com.tap_to_translate.snap_translate","com.niven.translator","com.google.android.apps.translate","com.niven.game","com.eecorp.linguago"]},{"rank":{"index":2,"lang":"ja","country":"jp","chineseCountryName":"日本","pkg":"com.spaceship.screen.textcopy"},"orders":["com.recognize_text.translate.screen","com.spaceship.screen.textcopy","com.newmg.yurao.pro","com.gaminik.i18n","com.tap_to_translate.snap_translate","com.microsoft.translator","com.niven.translator","com.niven.game","com.screen.translate.google","com.immersivetranslate.browser","com.eecorp.linguago","com.google.android.apps.translate","com.niven.apptranslate","com.eecorp.taptranslator","com.google.ar.lens","com.deepl.mobiletranslator","com.mg.chat","com.naver.labs.translator","top.applocalize.translate","com.google.android.apps.maps"]},{"rank":{"index":2,"lang":"ko","country":"kr","chineseCountryName":"韩国","pkg":"com.spaceship.screen.textcopy"},"orders":["com.recognize_text.translate.screen","com.spaceship.screen.textcopy","com.newmg.yurao.pro","com.google.android.apps.translate","com.tap_to_translate.snap_translate","com.microsoft.translator","com.naver.labs.translator","com.niven.translator","com.gaminik.i18n","com.niven.game","com.immersivetranslate.browser","com.eecorp.linguago","com.screen.translate.google","com.niven.apptranslate","com.eecorp.taptranslator","com.zaz.translate","com.flitto.app","com.deepl.mobiletranslator","com.translate.talkingtranslator","com.datacomprojects.scanandtranslate"]},{"rank":{"index":2,"lang":"zh-hk","country":"hk","chineseCountryName":"香港","pkg":"com.spaceship.screen.textcopy"},"orders":["com.recognize_text.translate.screen","com.spaceship.screen.textcopy","com.microsoft.translator","com.newmg.yurao.pro","com.google.android.apps.translate","com.gaminik.i18n","com.niven.translator","com.tap_to_translate.snap_translate","com.naver.labs.translator","com.immersivetranslate.browser","com.niven.game","com.eecorp.linguago","com.screen.translate.google","com.niven.apptranslate","at.nk.tools.iTranslate","com.eecorp.taptranslator","com.zaz.translate","com.mg.chat","com.datacomprojects.scanandtranslate","com.deepl.mobiletranslator"]},{"rank":{"index":2,"lang":"zh-tw","country":"tw","chineseCountryName":"台湾","pkg":"com.spaceship.screen.textcopy"},"orders":["com.recognize_text.translate.screen","com.spaceship.screen.textcopy","com.newmg.yurao.pro","com.microsoft.translator","com.google.android.apps.translate","com.niven.translator","com.gaminik.i18n","com.tap_to_translate.snap_translate","com.immersivetranslate.browser","com.naver.labs.translator","com.niven.game","com.eecorp.linguago","com.screen.translate.google","com.niven.apptranslate","com.eecorp.taptranslator","com.zaz.translate","at.nk.tools.iTranslate","com.mg.chat","com.deepl.mobiletranslator","com.translate.talkingtranslator"]},{"rank":{"index":3,"lang":"en","country":"in","chineseCountryName":"印度","pkg":"com.spaceship.screen.textcopy"},"orders":["com.recognize_text.translate.screen","com.google.android.apps.translate","com.spaceship.screen.textcopy","com.newmg.yurao.pro","com.zaz.translate"]},{"rank":{"index":1,"lang":"id","country":"id","chineseCountryName":"印尼","pkg":"com.spaceship.screen.textcopy"},"orders":["com.spaceship.screen.textcopy","com.recognize_text.translate.screen","com.tap_to_translate.snap_translate","com.newmg.yurao.pro","com.niven.translator","com.gaminik.i18n","com.microsoft.translator","com.google.android.apps.translate","com.niven.game","com.screen.translate.google","com.eecorp.linguago","com.niven.apptranslate"]},{"rank":{"index":2,"lang":"es-mx","country":"mx","chineseCountryName":"墨西哥","pkg":"com.spaceship.screen.textcopy"},"orders":["com.recognize_text.translate.screen","com.spaceship.screen.textcopy","com.newmg.yurao.pro","com.gaminik.i18n","com.microsoft.translator","com.niven.translator","com.tap_to_translate.snap_translate","com.google.android.apps.translate","com.niven.game","com.niven.apptranslate","com.eecorp.linguago","com.screen.translate.google","com.zaz.translate","com.immersivetranslate.browser","com.eecorp.taptranslator","com.mg.chat","com.deepl.mobiletranslator","com.google.ar.lens","at.nk.tools.iTranslate","com.google.android.apps.photos"]}]