[{"rank":{"index":2,"lang":"en-us","country":"us","chineseCountryName":"美国","pkg":"com.spaceship.screen.textcopy"},"orders":["com.recognize_text.translate.screen","com.spaceship.screen.textcopy","com.tap_to_translate.snap_translate","com.gaminik.i18n","com.google.android.apps.translate","com.niven.translator","com.niven.game","com.microsoft.translator","com.newmg.yurao.pro","com.niven.comic","com.niven.apptranslate","com.screen.translate.google","com.deepl.mobiletranslator","screen.translator.voice.translate","at.nk.tools.iTranslate","com.facebook.orca","com.siv","com.android.chrome","us.zoom.videomeetings","com.duolingo"]},{"rank":{"index":2,"lang":"ru","country":"ru","chineseCountryName":"俄罗斯","pkg":"com.spaceship.screen.textcopy"},"orders":["com.recognize_text.translate.screen","com.spaceship.screen.textcopy","com.tap_to_translate.snap_translate","com.gaminik.i18n","com.niven.translator","com.niven.game","com.newmg.yurao.pro","ru.yandex.translate","com.niven.comic","com.screen.translate.google","com.niven.apptranslate","com.google.android.apps.translate","us.zoom.videomeetings","com.facebook.orca","com.discord","com.microsoft.translator","com.android.chrome","com.google.android.apps.photos","com.microblink.photomath","com.duolingo"]},{"rank":{"index":2,"lang":"fr","country":"fr","chineseCountryName":"法国","pkg":"com.spaceship.screen.textcopy"},"orders":["com.recognize_text.translate.screen","com.spaceship.screen.textcopy","com.tap_to_translate.snap_translate","com.niven.game","com.gaminik.i18n","com.niven.translator","com.niven.comic","com.google.android.apps.translate","com.newmg.yurao.pro","com.niven.apptranslate","com.microsoft.translator","com.screen.translate.google","com.facebook.orca","com.deepl.mobiletranslator","com.discord","us.zoom.videomeetings","com.duolingo","com.canva.editor","com.android.chrome","com.google.android.apps.photos"]},{"rank":{"index":2,"lang":"en-gb","country":"gb","chineseCountryName":"英国","pkg":"com.spaceship.screen.textcopy"},"orders":["com.recognize_text.translate.screen","com.spaceship.screen.textcopy","com.gaminik.i18n","com.niven.game","com.google.android.apps.translate","com.tap_to_translate.snap_translate","com.niven.translator","com.microsoft.translator","com.niven.comic","com.newmg.yurao.pro","com.niven.apptranslate","at.nk.tools.iTranslate","com.screen.translate.google","com.deepl.mobiletranslator","com.datacomprojects.scanandtranslate","com.facebook.orca","com.duolingo","screen.translator.voice.translate","com.siv","com.google.ar.lens"]},{"rank":{"index":2,"lang":"de","country":"de","chineseCountryName":"德国","pkg":"com.spaceship.screen.textcopy"},"orders":["com.recognize_text.translate.screen","com.spaceship.screen.textcopy","com.tap_to_translate.snap_translate","com.niven.game","com.gaminik.i18n","com.niven.translator","com.google.android.apps.translate","com.microsoft.translator","com.niven.comic","com.deepl.mobiletranslator","com.newmg.yurao.pro","com.niven.apptranslate","at.nk.tools.iTranslate","com.screen.translate.google","com.youdao.hindict","com.translate.talkingtranslator","com.datacomprojects.scanandtranslate","screen.translator.voice.translate","ru.yandex.translate","com.eecorp.taptranslator"]},{"rank":{"index":2,"lang":"it","country":"it","chineseCountryName":"意大利","pkg":"com.spaceship.screen.textcopy"},"orders":["com.recognize_text.translate.screen","com.spaceship.screen.textcopy","com.niven.game","com.gaminik.i18n","com.tap_to_translate.snap_translate","com.niven.translator","com.niven.comic","com.google.android.apps.translate","com.newmg.yurao.pro","com.niven.apptranslate","com.microsoft.translator","com.screen.translate.google","com.deepl.mobiletranslator","at.nk.tools.iTranslate","com.facebook.orca","us.zoom.videomeetings","com.duolingo","com.discord","com.canva.editor","com.google.android.apps.photos"]},{"rank":{"index":2,"lang":"ja","country":"jp","chineseCountryName":"日本","pkg":"com.spaceship.screen.textcopy"},"orders":["com.recognize_text.translate.screen","com.spaceship.screen.textcopy","com.tap_to_translate.snap_translate","com.niven.game","com.gaminik.i18n","com.niven.translator","com.google.android.apps.translate","com.niven.apptranslate","com.niven.comic","com.microsoft.translator","com.newmg.yurao.pro","com.screen.translate.google","com.deepl.mobiletranslator","com.facebook.orca","com.google.ar.lens","us.zoom.videomeetings","com.android.chrome","com.google.android.apps.maps","com.discord","com.naver.labs.translator"]},{"rank":{"index":2,"lang":"ko","country":"kr","chineseCountryName":"韩国","pkg":"com.spaceship.screen.textcopy"},"orders":["com.recognize_text.translate.screen","com.spaceship.screen.textcopy","com.tap_to_translate.snap_translate","com.niven.game","com.gaminik.i18n","com.niven.translator","com.niven.comic","com.google.android.apps.translate","com.niven.apptranslate","com.newmg.yurao.pro","com.screen.translate.google","com.facebook.orca","us.zoom.videomeetings","com.discord","com.naver.labs.translator","com.microsoft.translator","com.android.chrome","com.twitter.android","com.duolingo","com.sec.android.app.sbrowser"]},{"rank":{"index":2,"lang":"zh-hk","country":"hk","chineseCountryName":"香港","pkg":"com.spaceship.screen.textcopy"},"orders":["com.recognize_text.translate.screen","com.spaceship.screen.textcopy","com.tap_to_translate.snap_translate","com.niven.game","com.gaminik.i18n","com.niven.translator","com.google.android.apps.translate","com.newmg.yurao.pro","com.niven.comic","com.microsoft.translator","com.niven.apptranslate","com.screen.translate.google","com.facebook.orca","com.android.chrome","com.google.android.apps.maps","us.zoom.videomeetings","com.duolingo","com.discord","at.nk.tools.iTranslate","com.twitter.android"]},{"rank":{"index":2,"lang":"zh-tw","country":"tw","chineseCountryName":"台湾","pkg":"com.spaceship.screen.textcopy"},"orders":["com.recognize_text.translate.screen","com.spaceship.screen.textcopy","com.tap_to_translate.snap_translate","com.niven.game","com.gaminik.i18n","com.niven.translator","com.niven.comic","com.google.android.apps.translate","com.newmg.yurao.pro","com.niven.apptranslate","com.screen.translate.google","com.microsoft.translator","com.facebook.orca","com.translate.talkingtranslator","com.discord","com.deepl.mobiletranslator","com.twitter.android","us.zoom.videomeetings","com.android.chrome","com.google.android.apps.maps"]},{"rank":{"index":3,"lang":"en","country":"in","chineseCountryName":"印度","pkg":"com.spaceship.screen.textcopy"},"orders":["com.recognize_text.translate.screen","com.tap_to_translate.snap_translate","com.spaceship.screen.textcopy","com.google.android.apps.translate","com.newmg.yurao.pro","com.niven.translator","com.niven.game","com.microsoft.translator","com.gaminik.i18n"]},{"rank":{"index":2,"lang":"id","country":"id","chineseCountryName":"印尼","pkg":"com.spaceship.screen.textcopy"},"orders":["com.recognize_text.translate.screen","com.spaceship.screen.textcopy","com.tap_to_translate.snap_translate","com.niven.game","com.gaminik.i18n","com.niven.translator","com.niven.comic","com.newmg.yurao.pro","com.niven.apptranslate","com.google.android.apps.translate"]},{"rank":{"index":3,"lang":"es-mx","country":"mx","chineseCountryName":"墨西哥","pkg":"com.spaceship.screen.textcopy"},"orders":["com.recognize_text.translate.screen","com.tap_to_translate.snap_translate","com.spaceship.screen.textcopy","com.niven.game","com.niven.translator","com.google.android.apps.translate","com.youdao.hindict","com.microsoft.translator","com.niven.comic","at.nk.tools.iTranslate","com.deepl.mobiletranslator","com.newmg.yurao.pro","com.niven.apptranslate","com.duolingo","com.datacomprojects.scanandtranslate","ru.yandex.translate","com.google.ar.lens","com.google.android.marvin.talkback","com.zaz.translate","com.gaminik.i18n"]}]