[{"rank":{"index":2,"lang":"en-us","country":"us","chineseCountryName":"美国","pkg":"com.spaceship.screen.textcopy"},"orders":["com.recognize_text.translate.screen","com.spaceship.screen.textcopy","com.niven.translator","com.google.android.apps.translate","com.tap_to_translate.snap_translate","com.gaminik.i18n","com.newmg.yurao.pro","com.microsoft.translator","com.zaz.translate","com.deepl.mobiletranslator","com.screen.translate.google","at.nk.tools.iTranslate","com.niven.game","live.screentranslate.realtime","com.eecorp.linguago","com.immersivetranslate.browser","com.fapp.translate.language.translator.fasttranslation","photo.translate.camera.translator","com.niven.apptranslate","com.voice.ai.deep.translate"]},{"rank":{"index":2,"lang":"ru","country":"ru","chineseCountryName":"俄罗斯","pkg":"com.spaceship.screen.textcopy"},"orders":["com.recognize_text.translate.screen","com.spaceship.screen.textcopy","com.niven.translator","com.tap_to_translate.snap_translate","com.gaminik.i18n","com.newmg.yurao.pro","com.zaz.translate","com.screen.translate.google","com.deepl.mobiletranslator","com.niven.game","com.eecorp.linguago","live.screentranslate.realtime","com.google.android.apps.translate","com.microsoft.translator","ru.yandex.translate","com.voice_camera_free_translate","com.niven.apptranslate","com.immersivetranslate.browser","photo.translate.camera.translator","at.nk.tools.iTranslate"]},{"rank":{"index":2,"lang":"pt-br","country":"br","chineseCountryName":"巴西","pkg":"com.spaceship.screen.textcopy"},"orders":["com.recognize_text.translate.screen","com.spaceship.screen.textcopy","com.niven.translator","com.tap_to_translate.snap_translate","com.gaminik.i18n","com.newmg.yurao.pro","com.screen.translate.google","com.niven.game","live.screentranslate.realtime","com.eecorp.linguago","com.microsoft.translator","com.google.android.apps.translate","com.deepl.mobiletranslator","com.zaz.translate","com.immersivetranslate.browser","com.voice_camera_free_translate","at.nk.tools.iTranslate","com.niven.apptranslate","photo.translate.camera.translator","com.fapp.translate.language.translator.fasttranslation"]},{"rank":{"index":2,"lang":"fr","country":"fr","chineseCountryName":"法国","pkg":"com.spaceship.screen.textcopy"},"orders":["com.recognize_text.translate.screen","com.spaceship.screen.textcopy","com.tap_to_translate.snap_translate","com.niven.translator","com.gaminik.i18n","com.newmg.yurao.pro","com.google.android.apps.translate","com.zaz.translate","com.microsoft.translator","com.screen.translate.google","com.deepl.mobiletranslator","com.eecorp.linguago","live.screentranslate.realtime","com.fapp.translate.language.translator.fasttranslation","com.niven.game","com.immersivetranslate.browser","at.nk.tools.iTranslate","photo.translate.camera.translator","co.langlang.translator_for_wsp","com.niven.apptranslate"]},{"rank":{"index":2,"lang":"en-gb","country":"gb","chineseCountryName":"英国","pkg":"com.spaceship.screen.textcopy"},"orders":["com.recognize_text.translate.screen","com.spaceship.screen.textcopy","com.niven.translator","com.tap_to_translate.snap_translate","com.google.android.apps.translate","com.newmg.yurao.pro","com.microsoft.translator","com.gaminik.i18n","com.zaz.translate","com.deepl.mobiletranslator","live.screentranslate.realtime"]},{"rank":{"index":2,"lang":"de","country":"de","chineseCountryName":"德国","pkg":"com.spaceship.screen.textcopy"},"orders":["com.recognize_text.translate.screen","com.spaceship.screen.textcopy","com.niven.translator","com.tap_to_translate.snap_translate","com.gaminik.i18n","com.newmg.yurao.pro","com.screen.translate.google","com.google.android.apps.translate","live.screentranslate.realtime","com.zaz.translate","com.deepl.mobiletranslator","com.eecorp.linguago","com.microsoft.translator","com.niven.game","com.voice_camera_free_translate","com.immersivetranslate.browser","com.niven.apptranslate","com.fapp.translate.language.translator.fasttranslation","at.nk.tools.iTranslate","com.translate.talkingtranslator"]},{"rank":{"index":2,"lang":"it","country":"it","chineseCountryName":"意大利","pkg":"com.spaceship.screen.textcopy"},"orders":["com.recognize_text.translate.screen","com.spaceship.screen.textcopy","com.niven.translator","com.gaminik.i18n","com.tap_to_translate.snap_translate","com.newmg.yurao.pro","com.zaz.translate","com.google.android.apps.translate","com.screen.translate.google","live.screentranslate.realtime","com.microsoft.translator","com.eecorp.linguago","com.deepl.mobiletranslator","com.voice_camera_free_translate","com.niven.game","com.immersivetranslate.browser","com.fapp.translate.language.translator.fasttranslation","at.nk.tools.iTranslate","photo.translate.camera.translator","com.niven.apptranslate"]},{"rank":{"index":2,"lang":"ja","country":"jp","chineseCountryName":"日本","pkg":"com.spaceship.screen.textcopy"},"orders":["com.recognize_text.translate.screen","com.spaceship.screen.textcopy","com.tap_to_translate.snap_translate","com.gaminik.i18n","com.newmg.yurao.pro","com.niven.translator","com.microsoft.translator","com.screen.translate.google","com.google.android.apps.translate","com.deepl.mobiletranslator"]},{"rank":{"index":2,"lang":"ko","country":"kr","chineseCountryName":"韩国","pkg":"com.spaceship.screen.textcopy"},"orders":["com.recognize_text.translate.screen","com.spaceship.screen.textcopy","com.tap_to_translate.snap_translate","com.niven.translator","com.gaminik.i18n","com.newmg.yurao.pro","com.screen.translate.google","live.screentranslate.realtime","com.microsoft.translator","com.naver.labs.translator","com.google.android.apps.translate","com.zaz.translate","com.eecorp.linguago","com.deepl.mobiletranslator","com.niven.game","com.niven.apptranslate","com.fapp.translate.language.translator.fasttranslation","com.immersivetranslate.browser","at.nk.tools.iTranslate","com.voice.ai.deep.translate"]},{"rank":{"index":2,"lang":"zh-hk","country":"hk","chineseCountryName":"香港","pkg":"com.spaceship.screen.textcopy"},"orders":["com.recognize_text.translate.screen","com.spaceship.screen.textcopy","com.tap_to_translate.snap_translate","com.gaminik.i18n","com.niven.translator","com.newmg.yurao.pro","com.google.android.apps.translate","com.screen.translate.google","com.microsoft.translator","com.zaz.translate","live.screentranslate.realtime","com.eecorp.linguago","com.voice_camera_free_translate","com.niven.game","at.nk.tools.iTranslate","com.deepl.mobiletranslator","com.niven.apptranslate","com.immersivetranslate.browser","photo.translate.camera.translator","com.fapp.translate.language.translator.fasttranslation"]},{"rank":{"index":3,"lang":"zh-tw","country":"tw","chineseCountryName":"台湾","pkg":"com.spaceship.screen.textcopy"},"orders":["com.recognize_text.translate.screen","com.tap_to_translate.snap_translate","com.spaceship.screen.textcopy","com.gaminik.i18n","com.niven.translator","com.newmg.yurao.pro","live.screentranslate.realtime","com.screen.translate.google","com.google.android.apps.translate","com.eecorp.linguago","com.microsoft.translator","com.voice_camera_free_translate","com.zaz.translate","com.niven.game","com.deepl.mobiletranslator","at.nk.tools.iTranslate","com.immersivetranslate.browser","com.niven.apptranslate","com.fapp.translate.language.translator.fasttranslation","photo.translate.camera.translator"]},{"rank":{"index":2,"lang":"en","country":"in","chineseCountryName":"印度","pkg":"com.spaceship.screen.textcopy"},"orders":["com.recognize_text.translate.screen","com.spaceship.screen.textcopy","com.newmg.yurao.pro"]},{"rank":{"index":2,"lang":"id","country":"id","chineseCountryName":"印尼","pkg":"com.spaceship.screen.textcopy"},"orders":["com.recognize_text.translate.screen","com.spaceship.screen.textcopy","com.tap_to_translate.snap_translate","com.niven.translator","com.gaminik.i18n","com.newmg.yurao.pro","com.niven.game","com.google.android.apps.translate","com.screen.translate.google","com.zaz.translate","com.eecorp.linguago","com.deepl.mobiletranslator","live.screentranslate.realtime","com.microsoft.translator","at.nk.tools.iTranslate","photo.translate.camera.translator","com.naver.labs.translator","com.niven.apptranslate","com.immersivetranslate.browser","com.fapp.translate.language.translator.fasttranslation"]},{"rank":{"index":1,"lang":"es-mx","country":"mx","chineseCountryName":"墨西哥","pkg":"com.spaceship.screen.textcopy"},"orders":["com.spaceship.screen.textcopy","com.recognize_text.translate.screen","com.tap_to_translate.snap_translate","com.niven.translator","com.gaminik.i18n","com.newmg.yurao.pro","live.screentranslate.realtime","com.google.android.apps.translate","com.screen.translate.google","com.microsoft.translator","com.eecorp.linguago","com.zaz.translate","com.niven.game","com.deepl.mobiletranslator","com.immersivetranslate.browser","at.nk.tools.iTranslate","com.niven.apptranslate","com.fapp.translate.language.translator.fasttranslation","com.translate.talkingtranslator","ru.yandex.translate"]}]