[{"rank":{"index":2,"lang":"en-us","country":"us","chineseCountryName":"美国","pkg":"com.spaceship.screen.textcopy"},"orders":["com.recognize_text.translate.screen","com.spaceship.screen.textcopy","com.tap_to_translate.snap_translate","com.niven.translator","com.newmg.yurao.pro","com.gaminik.i18n","com.screen.translate.google","com.niven.apptranslate","live.screentranslate.realtime","com.google.android.apps.translate","com.hive.lingonative","com.niven.game","com.galaxy.airviewdictionary","translate.speech.text.translation.voicetranslator","com.deepl.mobiletranslator","com.eecorp.linguago","com.screen.translator.text.recognize","com.screen.translator.live.translate.textcopy","at.nk.tools.iTranslate","com.zaz.translate"]},{"rank":{"index":4,"lang":"ru","country":"ru","chineseCountryName":"俄罗斯","pkg":"com.spaceship.screen.textcopy"},"orders":["com.recognize_text.translate.screen","com.niven.translator","com.tap_to_translate.snap_translate","com.spaceship.screen.textcopy","com.newmg.yurao.pro","com.gaminik.i18n","com.screen.translate.google","com.niven.apptranslate","com.hive.lingonative","live.screentranslate.realtime","com.galaxy.airviewdictionary","com.screen.translator.text.recognize","com.niven.game","com.eecorp.linguago","com.newtranslate.google","com.zaz.translate","com.google.android.apps.translate","com.screen.translator.live.translate.textcopy","ru.yandex.translate","com.microsoft.translator"]},{"rank":{"index":2,"lang":"pt-br","country":"br","chineseCountryName":"巴西","pkg":"com.spaceship.screen.textcopy"},"orders":["com.recognize_text.translate.screen","com.spaceship.screen.textcopy","com.tap_to_translate.snap_translate","com.gaminik.i18n","com.niven.translator","com.newmg.yurao.pro","com.google.android.apps.translate","at.nk.tools.iTranslate","com.fapp.translate.language.translator.fasttranslation","photo.translate.camera.translator","com.niven.game","ru.yandex.translate","co.appnation.aivoicetranslator","com.screen.translate.google","com.microsoft.translator","com.niven.apptranslate","live.screentranslate.realtime","com.transgull.translator","com.mg.chat","com.datacomprojects.scanandtranslate"]},{"rank":{"index":2,"lang":"fr","country":"fr","chineseCountryName":"法国","pkg":"com.spaceship.screen.textcopy"},"orders":["com.recognize_text.translate.screen","com.spaceship.screen.textcopy","com.tap_to_translate.snap_translate","com.google.android.apps.translate","com.gaminik.i18n","com.niven.translator","com.newmg.yurao.pro","at.nk.tools.iTranslate","ru.yandex.translate","com.fapp.translate.language.translator.fasttranslation","com.zaz.translate","com.aurasense.screentranslate","photo.translate.camera.translator","co.appnation.aivoicetranslator","com.transgull.translator","com.live.translator.ai","com.niven.game","com.microsoft.translator","com.screen.translate.google","com.yoyodev.screentranslate"]},{"rank":{"index":2,"lang":"en-gb","country":"gb","chineseCountryName":"英国","pkg":"com.spaceship.screen.textcopy"},"orders":["com.recognize_text.translate.screen","com.spaceship.screen.textcopy","com.niven.translator","com.tap_to_translate.snap_translate","com.newmg.yurao.pro","com.gaminik.i18n","com.screen.translate.google","com.google.android.apps.translate","com.niven.apptranslate","com.hive.lingonative","live.screentranslate.realtime","com.niven.game","com.deepl.mobiletranslator","translate.speech.text.translation.voicetranslator","at.nk.tools.iTranslate","com.galaxy.airviewdictionary","com.zaz.translate","com.eecorp.linguago","com.screen.translator.live.translate.textcopy","com.screen.translator.text.recognize"]},{"rank":{"index":2,"lang":"de","country":"de","chineseCountryName":"德国","pkg":"com.spaceship.screen.textcopy"},"orders":["com.recognize_text.translate.screen","com.spaceship.screen.textcopy","com.tap_to_translate.snap_translate","com.niven.translator","com.newmg.yurao.pro","com.google.android.apps.translate","com.gaminik.i18n","com.zaz.translate","ru.yandex.translate","com.microsoft.translator","at.nk.tools.iTranslate","com.transgull.translator","com.fapp.translate.language.translator.fasttranslation","co.appnation.aivoicetranslator"]},{"rank":{"index":2,"lang":"it","country":"it","chineseCountryName":"意大利","pkg":"com.spaceship.screen.textcopy"},"orders":["com.recognize_text.translate.screen","com.spaceship.screen.textcopy","com.tap_to_translate.snap_translate","com.gaminik.i18n","com.google.android.apps.translate","com.niven.translator","com.newmg.yurao.pro","at.nk.tools.iTranslate"]},{"rank":{"index":3,"lang":"ja","country":"jp","chineseCountryName":"日本","pkg":"com.spaceship.screen.textcopy"},"orders":["com.recognize_text.translate.screen","com.tap_to_translate.snap_translate","com.spaceship.screen.textcopy","com.gaminik.i18n","com.newmg.yurao.pro","com.niven.translator","com.niven.apptranslate","com.screen.translate.google","com.hive.lingonative","live.screentranslate.realtime"]},{"rank":{"index":2,"lang":"ko","country":"kr","chineseCountryName":"韩国","pkg":"com.spaceship.screen.textcopy"},"orders":["com.recognize_text.translate.screen","com.spaceship.screen.textcopy","com.tap_to_translate.snap_translate","com.niven.translator","com.newmg.yurao.pro","com.gaminik.i18n","com.screen.translate.google","com.niven.apptranslate","com.hive.lingonative","live.screentranslate.realtime"]},{"rank":{"index":2,"lang":"zh-hk","country":"hk","chineseCountryName":"香港","pkg":"com.spaceship.screen.textcopy"},"orders":["com.recognize_text.translate.screen","com.spaceship.screen.textcopy","com.tap_to_translate.snap_translate","com.newmg.yurao.pro","com.niven.translator","com.gaminik.i18n","com.zaz.translate","com.google.android.apps.translate","com.screen.translate.google","com.deepl.mobiletranslator","com.microsoft.translator","com.niven.apptranslate","translate.speech.text.translation.voicetranslator","at.nk.tools.iTranslate"]},{"rank":{"index":2,"lang":"zh-tw","country":"tw","chineseCountryName":"台湾","pkg":"com.spaceship.screen.textcopy"},"orders":["com.recognize_text.translate.screen","com.spaceship.screen.textcopy","com.google.android.apps.translate","com.newmg.yurao.pro","com.gaminik.i18n","at.nk.tools.iTranslate","com.tap_to_translate.snap_translate","com.aurasense.screentranslate","com.niven.translator","com.zaz.translate","com.fapp.translate.language.translator.fasttranslation","ru.yandex.translate","com.microsoft.translator","photo.translate.camera.translator","co.appnation.aivoicetranslator"]},{"rank":{"index":0,"lang":"en","country":"in","chineseCountryName":"印度","pkg":"com.spaceship.screen.textcopy"},"orders":["com.recognize_text.translate.screen","com.tap_to_translate.snap_translate","com.gaminik.i18n"]},{"rank":{"index":2,"lang":"id","country":"id","chineseCountryName":"印尼","pkg":"com.spaceship.screen.textcopy"},"orders":["com.recognize_text.translate.screen","com.spaceship.screen.textcopy","com.tap_to_translate.snap_translate","com.niven.translator","com.gaminik.i18n","com.newmg.yurao.pro","com.screen.translate.google","com.niven.apptranslate","com.hive.lingonative","com.niven.game","live.screentranslate.realtime","com.galaxy.airviewdictionary","com.eecorp.linguago","com.screen.translator.live.translate.textcopy","com.deepl.mobiletranslator","com.google.android.apps.translate","com.screen.translator.text.recognize","com.newtranslate.google","translate.speech.text.translation.voicetranslator","com.aurasense.screentranslate"]},{"rank":{"index":2,"lang":"es-mx","country":"mx","chineseCountryName":"墨西哥","pkg":"com.spaceship.screen.textcopy"},"orders":["com.recognize_text.translate.screen","com.spaceship.screen.textcopy","com.tap_to_translate.snap_translate","com.niven.translator","com.newmg.yurao.pro","com.gaminik.i18n","com.niven.apptranslate","com.screen.translate.google","com.hive.lingonative","live.screentranslate.realtime","com.niven.game","com.eecorp.linguago","com.galaxy.airviewdictionary","com.screen.translator.live.translate.textcopy","com.screen.translator.text.recognize","com.google.android.apps.translate","com.zaz.translate","com.newtranslate.google","link.zhidou.btranslator","com.google.ar.lens"]}]