[{"rank":{"index":2,"lang":"en-us","country":"us","chineseCountryName":"美国","pkg":"com.spaceship.screen.textcopy"},"orders":["com.recognize_text.translate.screen","com.spaceship.screen.textcopy","com.google.android.apps.translate","com.screen.translate.google","com.gaminik.i18n","com.niven.translator","com.microsoft.translator","com.niven.game","com.newmg.yurao.pro","at.nk.tools.iTranslate","com.niven.comic","com.sayhi.android.sayhitranslate","com.deepl.mobiletranslator","com.zaz.translate","com.naver.labs.translator","com.easytranslate.easytranslate","com.translate.talkingtranslator","com.google.ar.lens","com.translate.language.translator.voice.translation","com.datacomprojects.scanandtranslate"]},{"rank":{"index":2,"lang":"ru","country":"ru","chineseCountryName":"俄罗斯","pkg":"com.spaceship.screen.textcopy"},"orders":["com.recognize_text.translate.screen","com.spaceship.screen.textcopy","com.gaminik.i18n","com.niven.translator","com.niven.game","com.screen.translate.google","ru.yandex.translate","com.newmg.yurao.pro","com.niven.comic","com.tap_to_translate.snap_translate","com.microsoft.translator","com.deepl.mobiletranslator","com.google.android.apps.translate","com.niven.apptranslate","com.facebook.orca","com.android.chrome","com.discord","com.google.android.apps.nbu.files","com.google.android.dialer","com.google.android.apps.photos"]},{"rank":{"index":2,"lang":"fr","country":"fr","chineseCountryName":"法国","pkg":"com.spaceship.screen.textcopy"},"orders":["com.recognize_text.translate.screen","com.spaceship.screen.textcopy","com.gaminik.i18n","com.niven.translator","com.niven.game","com.screen.translate.google","com.newmg.yurao.pro","com.niven.comic","com.google.android.apps.translate","com.microsoft.translator","com.niven.apptranslate","com.facebook.orca","com.tap_to_translate.snap_translate","com.discord","com.android.chrome","com.google.android.apps.photos","com.microsoft.office.outlook","com.deepl.mobiletranslator","com.google.android.calendar","com.duolingo"]},{"rank":{"index":2,"lang":"en-gb","country":"gb","chineseCountryName":"英国","pkg":"com.spaceship.screen.textcopy"},"orders":["com.recognize_text.translate.screen","com.spaceship.screen.textcopy","com.gaminik.i18n","com.screen.translate.google","com.google.android.apps.translate","com.niven.translator","com.microsoft.translator","com.niven.game","com.newmg.yurao.pro","at.nk.tools.iTranslate","com.niven.comic","com.zaz.translate","com.sayhi.android.sayhitranslate","com.deepl.mobiletranslator","ru.yandex.translate","com.google.ar.lens","com.facebook.orca","com.niven.apptranslate","com.naver.labs.translator","com.image.camera.translate.ai"]},{"rank":{"index":2,"lang":"de","country":"de","chineseCountryName":"德国","pkg":"com.spaceship.screen.textcopy"},"orders":["com.recognize_text.translate.screen","com.spaceship.screen.textcopy","com.gaminik.i18n","com.screen.translate.google","com.niven.translator","com.niven.game","com.microsoft.translator","com.google.android.apps.translate","com.niven.comic","com.newmg.yurao.pro","ru.yandex.translate","com.deepl.mobiletranslator","at.nk.tools.iTranslate","com.translate.talkingtranslator","com.niven.apptranslate","com.facebook.orca","com.eecorp.taptranslator","com.sayhi.android.sayhitranslate","com.discord","com.android.chrome"]},{"rank":{"index":2,"lang":"it","country":"it","chineseCountryName":"意大利","pkg":"com.spaceship.screen.textcopy"},"orders":["com.recognize_text.translate.screen","com.spaceship.screen.textcopy","com.gaminik.i18n","com.niven.game","com.niven.translator","com.screen.translate.google","com.newmg.yurao.pro","com.google.android.apps.translate","com.microsoft.translator","com.niven.comic","com.niven.apptranslate","com.facebook.orca","com.discord","com.google.android.apps.photos","com.microsoft.office.outlook","com.amazon.kindle","com.android.chrome","com.canva.editor","com.google.android.apps.maps","com.duolingo"]},{"rank":{"index":2,"lang":"ja","country":"jp","chineseCountryName":"日本","pkg":"com.spaceship.screen.textcopy"},"orders":["com.recognize_text.translate.screen","com.spaceship.screen.textcopy","com.gaminik.i18n","com.screen.translate.google","com.niven.translator","com.niven.game","com.google.android.apps.translate","com.microsoft.translator","com.niven.comic","com.newmg.yurao.pro","com.naver.labs.translator","com.deepl.mobiletranslator","com.facebook.orca","com.android.chrome","com.discord","com.google.android.apps.nbu.files","com.google.android.apps.maps","com.amazon.kindle","com.google.ar.lens","com.duolingo"]},{"rank":{"index":2,"lang":"ko","country":"kr","chineseCountryName":"韩国","pkg":"com.spaceship.screen.textcopy"},"orders":["com.recognize_text.translate.screen","com.spaceship.screen.textcopy","com.gaminik.i18n","com.niven.game","com.niven.translator","com.screen.translate.google","com.niven.comic","com.newmg.yurao.pro","com.naver.labs.translator","com.google.android.apps.translate","com.facebook.orca","com.microsoft.translator","com.niven.apptranslate","com.discord","com.deepl.mobiletranslator","com.android.chrome","com.sec.android.app.sbrowser","com.duolingo","us.zoom.videomeetings","com.google.android.apps.photos"]},{"rank":{"index":2,"lang":"zh-hk","country":"hk","chineseCountryName":"香港","pkg":"com.spaceship.screen.textcopy"},"orders":["com.recognize_text.translate.screen","com.spaceship.screen.textcopy","com.gaminik.i18n","com.niven.translator","com.screen.translate.google","com.niven.game","com.google.android.apps.translate","com.microsoft.translator","com.newmg.yurao.pro","com.facebook.orca","com.android.chrome","com.google.android.apps.maps","com.google.android.apps.messaging","com.discord","com.niven.apptranslate","at.nk.tools.iTranslate","com.naver.labs.translator","com.google.ar.lens","com.duolingo","com.google.android.apps.photos"]},{"rank":{"index":2,"lang":"zh-tw","country":"tw","chineseCountryName":"台湾","pkg":"com.spaceship.screen.textcopy"},"orders":["com.recognize_text.translate.screen","com.spaceship.screen.textcopy","com.gaminik.i18n","com.niven.translator","com.niven.game","com.screen.translate.google","com.newmg.yurao.pro","com.microsoft.translator","com.google.android.apps.translate","com.niven.comic","com.naver.labs.translator","com.niven.apptranslate","com.facebook.orca","com.discord","com.android.chrome","com.google.android.apps.maps","com.google.ar.lens","com.skype.raider","com.google.android.apps.photos","com.duolingo"]},{"rank":{"index":2,"lang":"en","country":"in","chineseCountryName":"印度","pkg":"com.spaceship.screen.textcopy"},"orders":["com.recognize_text.translate.screen","com.spaceship.screen.textcopy","com.google.android.apps.translate","com.screen.translate.google","com.newmg.yurao.pro","com.niven.translator","com.microsoft.translator","com.niven.game","com.zaz.translate","com.naver.labs.translator","at.nk.tools.iTranslate","com.tap_to_translate.snap_translate","com.google.ar.lens","ru.yandex.translate","com.deepl.mobiletranslator","com.gaminik.i18n"]},{"rank":{"index":2,"lang":"id","country":"id","chineseCountryName":"印尼","pkg":"com.spaceship.screen.textcopy"},"orders":["com.recognize_text.translate.screen","com.spaceship.screen.textcopy","com.gaminik.i18n","com.niven.translator","com.niven.game","com.screen.translate.google","com.niven.comic","com.google.android.apps.translate","com.newmg.yurao.pro","com.tap_to_translate.snap_translate","com.facebook.orca","com.android.chrome"]},{"rank":{"index":2,"lang":"es-mx","country":"mx","chineseCountryName":"墨西哥","pkg":"com.spaceship.screen.textcopy"},"orders":["com.recognize_text.translate.screen","com.spaceship.screen.textcopy","com.niven.game","com.google.android.apps.translate","com.screen.translate.google","com.tap_to_translate.snap_translate","com.microsoft.translator","at.nk.tools.iTranslate","com.deepl.mobiletranslator","com.youdao.hindict","com.naver.labs.translator","com.microblink.photomath","com.niven.apptranslate","ru.yandex.translate","com.niven.comic","com.newmg.yurao.pro","com.amazon.dee.app","com.google.ar.lens","com.gaminik.i18n","com.niven.translator"]}]