[{"rank":{"index":2,"lang":"en-us","country":"us","chineseCountryName":"美国","pkg":"com.spaceship.screen.textcopy"},"orders":["com.recognize_text.translate.screen","com.spaceship.screen.textcopy","com.microsoft.translator","com.newmg.yurao.pro","com.google.android.apps.translate","com.deepl.mobiletranslator","com.niven.translator","com.gaminik.i18n","ru.yandex.translate","com.tap_to_translate.snap_translate","com.naver.labs.translator","com.google.ar.lens","at.nk.tools.iTranslate","com.zaz.translate","com.niven.game","com.screen.translate.google","com.eecorp.linguago","com.translate.talkingtranslator","com.niven.apptranslate","com.datacomprojects.scanandtranslate"]},{"rank":{"index":0,"lang":"ru","country":"ru","chineseCountryName":"俄罗斯","pkg":"com.spaceship.screen.textcopy"},"orders":["com.recognize_text.translate.screen","com.gaminik.i18n","com.newmg.yurao.pro","ru.yandex.translate","com.niven.translator","com.deepl.mobiletranslator","com.microsoft.translator","com.tap_to_translate.snap_translate","com.google.android.apps.translate","com.niven.game","com.niven.apptranslate","com.screen.translate.google","com.eecorp.linguago","com.google.ar.lens","com.naver.labs.translator","com.translate.talkingtranslator","com.language.translate.free.translator.voice.translation","com.datacomprojects.scanandtranslate","com.whatsapp","com.immersivetranslate.browser"]},{"rank":{"index":2,"lang":"pt-br","country":"br","chineseCountryName":"巴西","pkg":"com.spaceship.screen.textcopy"},"orders":["com.recognize_text.translate.screen","com.spaceship.screen.textcopy","com.newmg.yurao.pro","com.tap_to_translate.snap_translate","com.gaminik.i18n","com.google.android.apps.translate","com.deepl.mobiletranslator","ru.yandex.translate","com.zaz.translate","at.nk.tools.iTranslate","com.google.ar.lens","com.softissimo.reverso.context","com.naver.labs.translator","com.translate.talkingtranslator","com.kursx.smartbook","com.niven.translator","com.niven.game","com.niven.apptranslate","com.screen.translate.google","screen.translator.voice.translate"]},{"rank":{"index":2,"lang":"fr","country":"fr","chineseCountryName":"法国","pkg":"com.spaceship.screen.textcopy"},"orders":["com.recognize_text.translate.screen","com.spaceship.screen.textcopy","com.gaminik.i18n","com.newmg.yurao.pro","com.tap_to_translate.snap_translate","com.microsoft.translator","com.google.android.apps.translate","com.niven.translator","com.deepl.mobiletranslator","com.google.ar.lens","ru.yandex.translate","com.niven.apptranslate","com.zaz.translate","com.naver.labs.translator","com.screen.translate.google","com.eecorp.linguago","com.niven.game","com.google.android.apps.tachyon","com.facebook.katana","com.instagram.android"]},{"rank":{"index":2,"lang":"en-gb","country":"gb","chineseCountryName":"英国","pkg":"com.spaceship.screen.textcopy"},"orders":["com.recognize_text.translate.screen","com.spaceship.screen.textcopy","com.microsoft.translator","com.newmg.yurao.pro","com.google.android.apps.translate","com.deepl.mobiletranslator","ru.yandex.translate","com.gaminik.i18n","com.niven.translator","com.naver.labs.translator","com.google.ar.lens","com.tap_to_translate.snap_translate","at.nk.tools.iTranslate","com.zaz.translate","com.niven.game","com.softissimo.reverso.context","com.datacomprojects.scanandtranslate","com.eecorp.linguago","com.screen.translate.google","com.translate.talkingtranslator"]},{"rank":{"index":2,"lang":"de","country":"de","chineseCountryName":"德国","pkg":"com.spaceship.screen.textcopy"},"orders":["com.recognize_text.translate.screen","com.spaceship.screen.textcopy","com.newmg.yurao.pro","com.gaminik.i18n","com.microsoft.translator","com.niven.translator","com.deepl.mobiletranslator","com.google.android.apps.translate","com.tap_to_translate.snap_translate","ru.yandex.translate","com.google.ar.lens","com.niven.game","com.screen.translate.google","com.niven.apptranslate","com.eecorp.linguago","com.google.android.apps.tachyon","com.immersivetranslate.browser","com.facebook.katana","com.facebook.orca","com.android.chrome"]},{"rank":{"index":2,"lang":"it","country":"it","chineseCountryName":"意大利","pkg":"com.spaceship.screen.textcopy"},"orders":["com.recognize_text.translate.screen","com.spaceship.screen.textcopy","com.newmg.yurao.pro","com.gaminik.i18n","com.microsoft.translator","com.tap_to_translate.snap_translate","com.google.android.apps.translate","com.niven.translator","com.deepl.mobiletranslator","com.niven.game","com.google.ar.lens","ru.yandex.translate","com.niven.apptranslate","com.eecorp.linguago","com.screen.translate.google","com.language.translate.free.translator.voice.translation","com.google.android.apps.tachyon","com.facebook.orca","com.immersivetranslate.browser","com.facebook.katana"]},{"rank":{"index":2,"lang":"ja","country":"jp","chineseCountryName":"日本","pkg":"com.spaceship.screen.textcopy"},"orders":["com.recognize_text.translate.screen","com.spaceship.screen.textcopy","com.tap_to_translate.snap_translate","com.deepl.mobiletranslator","com.newmg.yurao.pro","com.gaminik.i18n","com.niven.translator","com.screen.translate.google","com.microsoft.translator","com.google.android.apps.translate","com.naver.labs.translator","com.google.ar.lens","ru.yandex.translate","com.immersivetranslate.browser","com.niven.game","com.eecorp.linguago","com.niven.apptranslate","at.nk.tools.iTranslate","com.android.chrome","com.facebook.katana"]},{"rank":{"index":2,"lang":"ko","country":"kr","chineseCountryName":"韩国","pkg":"com.spaceship.screen.textcopy"},"orders":["com.recognize_text.translate.screen","com.spaceship.screen.textcopy","com.gaminik.i18n","com.newmg.yurao.pro","com.tap_to_translate.snap_translate","com.niven.translator","com.microsoft.translator","com.naver.labs.translator","com.google.android.apps.translate","com.niven.apptranslate","com.eecorp.linguago","com.screen.translate.google","com.niven.game","com.google.ar.lens","com.deepl.mobiletranslator","com.facebook.katana","com.facebook.orca","com.instagram.android","org.telegram.messenger","com.android.chrome"]},{"rank":{"index":2,"lang":"zh-hk","country":"hk","chineseCountryName":"香港","pkg":"com.spaceship.screen.textcopy"},"orders":["com.recognize_text.translate.screen","com.spaceship.screen.textcopy","com.newmg.yurao.pro","com.gaminik.i18n","com.microsoft.translator","com.tap_to_translate.snap_translate","com.niven.translator","com.google.android.apps.translate","com.naver.labs.translator","com.google.ar.lens","com.screen.translate.google","com.deepl.mobiletranslator","com.eecorp.linguago","com.niven.game","ru.yandex.translate","com.niven.apptranslate","com.immersivetranslate.browser","at.nk.tools.iTranslate","com.android.chrome","com.google.android.apps.maps"]},{"rank":{"index":2,"lang":"zh-tw","country":"tw","chineseCountryName":"台湾","pkg":"com.spaceship.screen.textcopy"},"orders":["com.recognize_text.translate.screen","com.spaceship.screen.textcopy","com.newmg.yurao.pro","com.gaminik.i18n","com.microsoft.translator","com.tap_to_translate.snap_translate","com.google.android.apps.translate","com.niven.translator","com.deepl.mobiletranslator","com.naver.labs.translator","com.eecorp.linguago","ru.yandex.translate","com.screen.translate.google","com.niven.game","com.google.ar.lens","com.niven.apptranslate","at.nk.tools.iTranslate","com.zaz.translate","com.immersivetranslate.browser","com.facebook.orca"]},{"rank":{"index":3,"lang":"en","country":"in","chineseCountryName":"印度","pkg":"com.spaceship.screen.textcopy"},"orders":["com.recognize_text.translate.screen","com.google.android.apps.translate","com.spaceship.screen.textcopy","com.newmg.yurao.pro"]},{"rank":{"index":2,"lang":"id","country":"id","chineseCountryName":"印尼","pkg":"com.spaceship.screen.textcopy"},"orders":["com.recognize_text.translate.screen","com.spaceship.screen.textcopy","com.tap_to_translate.snap_translate","com.gaminik.i18n","com.newmg.yurao.pro","com.niven.translator","com.deepl.mobiletranslator","com.niven.game","com.google.android.apps.translate","com.microsoft.translator","com.niven.apptranslate"]},{"rank":{"index":2,"lang":"es-mx","country":"mx","chineseCountryName":"墨西哥","pkg":"com.spaceship.screen.textcopy"},"orders":["com.recognize_text.translate.screen","com.spaceship.screen.textcopy","com.newmg.yurao.pro","com.tap_to_translate.snap_translate","com.gaminik.i18n","com.google.android.apps.translate","com.deepl.mobiletranslator","com.zaz.translate","ru.yandex.translate","com.google.ar.lens","at.nk.tools.iTranslate","com.naver.labs.translator","com.softissimo.reverso.context","com.translate.talkingtranslator","jp.go.nict.voicetra","com.ticktalk.translatevoice","com.niven.translator","com.niven.game","screen.translator.voice.translate","com.niven.apptranslate"]}]