[{"rank":{"index":2,"lang":"en-us","country":"us","chineseCountryName":"美国","pkg":"com.spaceship.screen.textcopy"},"orders":["com.recognize_text.translate.screen","com.spaceship.screen.textcopy","com.tap_to_translate.snap_translate","com.google.android.apps.translate","com.niven.translator","com.screen.translate.google","com.microsoft.translator","com.gaminik.i18n","com.newmg.yurao.pro","at.nk.tools.iTranslate","com.google.ar.lens","com.translate.talkingtranslator","com.deepl.mobiletranslator","com.niven.game","com.language.translate.free.translator.voice.translation","com.translate.language.translator.voice.translation","com.naver.labs.translator","com.datacomprojects.scanandtranslate","com.niven.comic","com.threedev.android.apps.translate.voice.translator.languagetranslator"]},{"rank":{"index":2,"lang":"ru","country":"ru","chineseCountryName":"俄罗斯","pkg":"com.spaceship.screen.textcopy"},"orders":["com.recognize_text.translate.screen","com.spaceship.screen.textcopy","com.niven.translator","com.tap_to_translate.snap_translate","com.gaminik.i18n","com.newmg.yurao.pro","com.niven.game","com.screen.translate.google","ru.yandex.translate","com.niven.comic","com.google.android.apps.translate","com.microsoft.translator","com.niven.apptranslate","com.deepl.mobiletranslator","com.voice_camera_free_translate","at.nk.tools.iTranslate","com.translate.talkingtranslator","com.language.translate.free.translator.voice.translation","com.android.chrome","com.whatsapp"]},{"rank":{"index":2,"lang":"pt-br","country":"br","chineseCountryName":"巴西","pkg":"com.spaceship.screen.textcopy"},"orders":["com.recognize_text.translate.screen","com.spaceship.screen.textcopy","com.tap_to_translate.snap_translate","com.gaminik.i18n","com.microsoft.translator","com.google.android.apps.translate","com.deepl.mobiletranslator","com.zaz.translate","com.translate.language.translator.voice.translation","com.translate.talkingtranslator","ru.yandex.translate","com.google.ar.lens","com.ticktalk.translatevoice","com.niven.translator","com.newmg.yurao.pro","com.screen.translate.google","com.niven.game","com.niven.comic","com.niven.apptranslate","com.naver.labs.translator"]},{"rank":{"index":3,"lang":"fr","country":"fr","chineseCountryName":"法国","pkg":"com.spaceship.screen.textcopy"},"orders":["com.recognize_text.translate.screen","com.tap_to_translate.snap_translate","com.spaceship.screen.textcopy","com.niven.translator","com.screen.translate.google","com.gaminik.i18n","com.newmg.yurao.pro","com.microsoft.translator","com.google.android.apps.translate","com.niven.game","at.nk.tools.iTranslate","com.deepl.mobiletranslator","com.niven.comic","com.niven.apptranslate","com.translate.talkingtranslator","com.language.translate.free.translator.voice.translation","com.voice_camera_free_translate","com.datacomprojects.scanandtranslate","com.google.ar.lens","com.ticktalk.translatevoice"]},{"rank":{"index":2,"lang":"en-gb","country":"gb","chineseCountryName":"英国","pkg":"com.spaceship.screen.textcopy"},"orders":["com.recognize_text.translate.screen","com.spaceship.screen.textcopy","com.tap_to_translate.snap_translate","com.google.android.apps.translate","com.screen.translate.google","com.niven.translator","com.gaminik.i18n","com.newmg.yurao.pro","com.microsoft.translator","at.nk.tools.iTranslate","com.google.ar.lens","com.niven.game","com.language.translate.free.translator.voice.translation","com.datacomprojects.scanandtranslate","com.deepl.mobiletranslator","com.niven.comic","com.niven.apptranslate","com.threedev.android.apps.translate.voice.translator.languagetranslator","com.translate.language.translator.voice.translation","com.translate.talkingtranslator"]},{"rank":{"index":2,"lang":"de","country":"de","chineseCountryName":"德国","pkg":"com.spaceship.screen.textcopy"},"orders":["com.recognize_text.translate.screen","com.spaceship.screen.textcopy","com.tap_to_translate.snap_translate","com.niven.translator","com.screen.translate.google","com.gaminik.i18n","com.microsoft.translator","com.newmg.yurao.pro","com.google.android.apps.translate","at.nk.tools.iTranslate","com.deepl.mobiletranslator","com.niven.game","com.language.translate.free.translator.voice.translation","com.datacomprojects.scanandtranslate","com.niven.comic","com.translate.talkingtranslator","com.niven.apptranslate","ru.yandex.translate","com.sayhi.android.sayhitranslate","com.voice_camera_free_translate"]},{"rank":{"index":2,"lang":"it","country":"it","chineseCountryName":"意大利","pkg":"com.spaceship.screen.textcopy"},"orders":["com.recognize_text.translate.screen","com.spaceship.screen.textcopy","com.gaminik.i18n","com.niven.translator","com.newmg.yurao.pro","com.tap_to_translate.snap_translate","com.microsoft.translator","com.screen.translate.google","com.niven.game","at.nk.tools.iTranslate","com.google.android.apps.translate","com.deepl.mobiletranslator","com.niven.comic","com.language.translate.free.translator.voice.translation","com.datacomprojects.scanandtranslate","com.niven.apptranslate","com.translate.language.translator.voice.translation","com.ticktalk.translatevoice","com.translate.talkingtranslator","com.google.ar.lens"]},{"rank":{"index":2,"lang":"ja","country":"jp","chineseCountryName":"日本","pkg":"com.spaceship.screen.textcopy"},"orders":["com.recognize_text.translate.screen","com.spaceship.screen.textcopy","com.tap_to_translate.snap_translate","com.niven.translator","com.gaminik.i18n","com.microsoft.translator","com.screen.translate.google","com.newmg.yurao.pro","com.google.android.apps.translate","at.nk.tools.iTranslate","com.deepl.mobiletranslator"]},{"rank":{"index":2,"lang":"ko","country":"kr","chineseCountryName":"韩国","pkg":"com.spaceship.screen.textcopy"},"orders":["com.recognize_text.translate.screen","com.spaceship.screen.textcopy","com.tap_to_translate.snap_translate","com.niven.translator","com.gaminik.i18n","com.newmg.yurao.pro","com.screen.translate.google","com.niven.game","com.microsoft.translator","com.niven.comic","com.google.android.apps.translate","com.naver.labs.translator","com.niven.apptranslate","com.deepl.mobiletranslator","at.nk.tools.iTranslate","com.language.translate.free.translator.voice.translation","com.google.ar.lens","com.voice_camera_free_translate","com.facebook.katana","com.facebook.orca"]},{"rank":{"index":2,"lang":"zh-hk","country":"hk","chineseCountryName":"香港","pkg":"com.spaceship.screen.textcopy"},"orders":["com.recognize_text.translate.screen","com.spaceship.screen.textcopy","com.gaminik.i18n","com.niven.translator","com.screen.translate.google","com.newmg.yurao.pro","com.tap_to_translate.snap_translate","com.microsoft.translator","com.google.android.apps.translate","com.niven.game","com.niven.comic","at.nk.tools.iTranslate","com.niven.apptranslate","com.language.translate.free.translator.voice.translation","com.google.ar.lens","com.deepl.mobiletranslator","com.naver.labs.translator","com.datacomprojects.scanandtranslate","com.android.chrome","com.translate.talkingtranslator"]},{"rank":{"index":2,"lang":"zh-tw","country":"tw","chineseCountryName":"台湾","pkg":"com.spaceship.screen.textcopy"},"orders":["com.recognize_text.translate.screen","com.spaceship.screen.textcopy","com.tap_to_translate.snap_translate","com.niven.translator","com.screen.translate.google","com.gaminik.i18n","com.newmg.yurao.pro","com.microsoft.translator","com.niven.game","com.google.android.apps.translate","at.nk.tools.iTranslate","com.niven.comic","com.niven.apptranslate","com.voice_camera_free_translate","com.language.translate.free.translator.voice.translation","com.naver.labs.translator","com.deepl.mobiletranslator","com.translate.talkingtranslator","com.google.ar.lens","com.facebook.katana"]},{"rank":{"index":2,"lang":"en","country":"in","chineseCountryName":"印度","pkg":"com.spaceship.screen.textcopy"},"orders":["com.recognize_text.translate.screen","com.spaceship.screen.textcopy","com.tap_to_translate.snap_translate","com.google.android.apps.translate","com.gaminik.i18n","com.zaz.translate","com.deepl.mobiletranslator","com.ticktalk.translatevoice","ru.yandex.translate","com.translate.talkingtranslator","com.sayhi.android.sayhitranslate","com.google.ar.lens","com.newmg.yurao.pro","com.screen.translate.google","com.niven.translator","com.niven.game","com.niven.comic","translate.speech.text.translation.voicetranslator","com.languagetranslator.translatorapp.smartscanner.dictionary.translation.voicetranslator","com.datacomprojects.scanandtranslate"]},{"rank":{"index":2,"lang":"id","country":"id","chineseCountryName":"印尼","pkg":"com.spaceship.screen.textcopy"},"orders":["com.recognize_text.translate.screen","com.spaceship.screen.textcopy","com.tap_to_translate.snap_translate","com.niven.translator","com.gaminik.i18n","com.niven.game","com.newmg.yurao.pro","com.screen.translate.google","com.niven.comic","com.google.android.apps.translate","com.niven.apptranslate","com.youdao.hindict","at.nk.tools.iTranslate","com.microsoft.translator","com.deepl.mobiletranslator"]},{"rank":{"index":2,"lang":"es-mx","country":"mx","chineseCountryName":"墨西哥","pkg":"com.spaceship.screen.textcopy"},"orders":["com.recognize_text.translate.screen","com.spaceship.screen.textcopy","com.tap_to_translate.snap_translate","com.gaminik.i18n","com.microsoft.translator","com.google.android.apps.translate","com.deepl.mobiletranslator","com.zaz.translate","com.translate.talkingtranslator","ru.yandex.translate","com.ticktalk.translatevoice","com.google.ar.lens","com.softissimo.reverso.context","com.sayhi.android.sayhitranslate","com.niven.translator","com.newmg.yurao.pro","com.screen.translate.google","com.niven.game","com.niven.comic","com.niven.apptranslate"]}]