[{"rank":{"index":2,"lang":"en-us","country":"us","chineseCountryName":"美国","pkg":"com.spaceship.screen.textcopy"},"orders":["com.recognize_text.translate.screen","com.spaceship.screen.textcopy","com.screen.translate.google","com.niven.translator","com.tap_to_translate.snap_translate","com.gaminik.i18n","com.newmg.yurao.pro","com.galaxy.airviewdictionary","com.aurasense.screentranslate","com.yoyodev.screentranslate","com.niven.apptranslate","com.newtranslate.google","com.eecorp.linguago","com.niven.game","com.google.android.apps.translate","live.screentranslate.realtime","com.screen.translator.live.translate.textcopy","translate.speech.text.translation.voicetranslator","at.nk.tools.iTranslate","com.deepl.mobiletranslator"]},{"rank":{"index":3,"lang":"ru","country":"ru","chineseCountryName":"俄罗斯","pkg":"com.spaceship.screen.textcopy"},"orders":["com.recognize_text.translate.screen","com.niven.translator","com.spaceship.screen.textcopy","com.tap_to_translate.snap_translate","com.screen.translate.google","com.gaminik.i18n","com.galaxy.airviewdictionary","com.yoyodev.screentranslate","com.niven.apptranslate"]},{"rank":{"index":2,"lang":"pt-br","country":"br","chineseCountryName":"巴西","pkg":"com.spaceship.screen.textcopy"},"orders":["com.recognize_text.translate.screen","com.spaceship.screen.textcopy","com.niven.translator","com.screen.translate.google","com.gaminik.i18n","com.galaxy.airviewdictionary","com.tap_to_translate.snap_translate","com.newtranslate.google","com.niven.apptranslate","com.newmg.yurao.pro","com.niven.game","com.eecorp.linguago","live.screentranslate.realtime","com.flabs.screen.translate","com.hive.lingonative","com.chat.translator.screen.translate.language","com.google.android.apps.translate","com.screen.translator.text.recognize","translate.speech.text.translation.voicetranslator","com.niven.comic"]},{"rank":{"index":3,"lang":"fr","country":"fr","chineseCountryName":"法国","pkg":"com.spaceship.screen.textcopy"},"orders":["com.recognize_text.translate.screen","com.tap_to_translate.snap_translate","com.spaceship.screen.textcopy","com.screen.translate.google","com.niven.translator","com.galaxy.airviewdictionary","com.newtranslate.google","com.yoyodev.screentranslate","com.gaminik.i18n","com.niven.apptranslate","com.flabs.screen.translate","com.eecorp.linguago","com.newmg.yurao.pro","live.screentranslate.realtime","screen.translator.voice.translate","com.hive.lingonative","com.niven.game","com.google.android.apps.translate","com.screen.translator.text.recognize","com.screen.translator.live.translate.textcopy"]},{"rank":{"index":2,"lang":"en-gb","country":"gb","chineseCountryName":"英国","pkg":"com.spaceship.screen.textcopy"},"orders":["com.recognize_text.translate.screen","com.spaceship.screen.textcopy","com.screen.translate.google","com.galaxy.airviewdictionary","com.newtranslate.google","com.niven.translator","com.tap_to_translate.snap_translate","com.yoyodev.screentranslate","com.gaminik.i18n","com.niven.apptranslate","com.aurasense.screentranslate","com.newmg.yurao.pro","com.screen.translator.text.recognize","com.eecorp.linguago","com.flabs.screen.translate","screen.translator.voice.translate","com.google.android.apps.translate","com.translatepost.voicetranslator.cameratranslator","com.hive.lingonative","com.niven.game"]},{"rank":{"index":7,"lang":"de","country":"de","chineseCountryName":"德国","pkg":"com.spaceship.screen.textcopy"},"orders":["com.recognize_text.translate.screen","com.niven.translator","com.screen.translate.google","com.galaxy.airviewdictionary","com.newtranslate.google","com.tap_to_translate.snap_translate","com.spaceship.screen.textcopy","com.yoyodev.screentranslate","com.gaminik.i18n","com.niven.apptranslate","com.newmg.yurao.pro","com.eecorp.linguago","com.google.android.apps.translate","live.screentranslate.realtime","com.deepl.mobiletranslator","com.flabs.screen.translate","com.niven.game","com.microsoft.translator","com.hive.lingonative","screen.translator.voice.translate"]},{"rank":{"index":6,"lang":"it","country":"it","chineseCountryName":"意大利","pkg":"com.spaceship.screen.textcopy"},"orders":["com.recognize_text.translate.screen","com.tap_to_translate.snap_translate","com.screen.translate.google","com.niven.translator","com.galaxy.airviewdictionary","com.spaceship.screen.textcopy","com.newtranslate.google","com.yoyodev.screentranslate","com.gaminik.i18n","com.newmg.yurao.pro","com.niven.apptranslate","com.eecorp.linguago"]},{"rank":{"index":5,"lang":"ja","country":"jp","chineseCountryName":"日本","pkg":"com.spaceship.screen.textcopy"},"orders":["com.recognize_text.translate.screen","com.screen.translate.google","com.tap_to_translate.snap_translate","com.gaminik.i18n","com.spaceship.screen.textcopy","com.niven.translator","com.galaxy.airviewdictionary","com.newtranslate.google","com.niven.apptranslate","com.newmg.yurao.pro","live.screentranslate.realtime","com.eecorp.linguago","com.niven.game"]},{"rank":{"index":2,"lang":"ko","country":"kr","chineseCountryName":"韩国","pkg":"com.spaceship.screen.textcopy"},"orders":["com.recognize_text.translate.screen","com.spaceship.screen.textcopy","com.screen.translate.google","com.tap_to_translate.snap_translate","com.galaxy.airviewdictionary","com.niven.translator","com.newtranslate.google","com.gaminik.i18n","com.niven.apptranslate","com.newmg.yurao.pro","live.screentranslate.realtime","com.flabs.screen.translate","com.eecorp.linguago","com.niven.game","com.hive.lingonative"]},{"rank":{"index":4,"lang":"zh-hk","country":"hk","chineseCountryName":"香港","pkg":"com.spaceship.screen.textcopy"},"orders":["com.recognize_text.translate.screen","com.galaxy.airviewdictionary","com.newtranslate.google","com.spaceship.screen.textcopy","com.screen.translate.google","com.niven.translator","com.tap_to_translate.snap_translate","com.niven.apptranslate","com.gaminik.i18n","com.google.android.apps.translate","com.newmg.yurao.pro","screen.translator.voice.translate","com.aurasense.screentranslate","com.yoyodev.screentranslate","com.eecorp.linguago","com.deepl.mobiletranslator","com.naver.labs.translator","com.google.ar.lens","com.translatepost.voicetranslator.cameratranslator","com.microsoft.translator"]},{"rank":{"index":6,"lang":"zh-tw","country":"tw","chineseCountryName":"台湾","pkg":"com.spaceship.screen.textcopy"},"orders":["com.recognize_text.translate.screen","com.screen.translate.google","com.galaxy.airviewdictionary","com.niven.translator","com.newtranslate.google","com.spaceship.screen.textcopy","com.tap_to_translate.snap_translate","com.gaminik.i18n","com.niven.apptranslate","com.yoyodev.screentranslate","com.newmg.yurao.pro","com.aurasense.screentranslate","com.eecorp.linguago","com.google.android.apps.translate","com.flabs.screen.translate","live.screentranslate.realtime","com.siv","screen.translator.voice.translate","com.deepl.mobiletranslator","at.nk.tools.iTranslate"]},{"rank":{"index":0,"lang":"en","country":"in","chineseCountryName":"印度","pkg":"com.spaceship.screen.textcopy"},"orders":["com.recognize_text.translate.screen","com.tap_to_translate.snap_translate","com.gaminik.i18n","com.google.android.apps.translate","com.zaz.translate","at.nk.tools.iTranslate","com.deepl.mobiletranslator","com.google.ar.lens","com.naver.labs.translator","photo.translate.camera.translator","co.appnation.aivoicetranslator","com.galaxy.airviewdictionary","com.screen.translate.google","com.niven.translator","com.newtranslate.google","com.yoyodev.screentranslate","com.newmg.yurao.pro","com.niven.apptranslate","screen.translator.voice.translate","com.aurasense.screentranslate"]},{"rank":{"index":2,"lang":"id","country":"id","chineseCountryName":"印尼","pkg":"com.spaceship.screen.textcopy"},"orders":["com.recognize_text.translate.screen","com.spaceship.screen.textcopy","com.niven.translator","com.screen.translate.google","com.galaxy.airviewdictionary","com.tap_to_translate.snap_translate","com.newtranslate.google","com.yoyodev.screentranslate","com.gaminik.i18n","com.niven.apptranslate","com.newmg.yurao.pro","com.niven.game","com.eecorp.linguago"]},{"rank":{"index":12,"lang":"es-mx","country":"mx","chineseCountryName":"墨西哥","pkg":"com.spaceship.screen.textcopy"},"orders":["com.recognize_text.translate.screen","com.tap_to_translate.snap_translate","com.gaminik.i18n","com.google.android.apps.translate","com.deepl.mobiletranslator","at.nk.tools.iTranslate","com.zaz.translate","com.siv","com.google.ar.lens","link.zhidou.btranslator","photo.translate.camera.translator","com.spaceship.screen.textcopy","com.niven.translator","com.galaxy.airviewdictionary","com.screen.translate.google","com.newtranslate.google","com.newmg.yurao.pro","com.yoyodev.screentranslate","com.niven.apptranslate","com.niven.game"]}]