[{"rank":{"index":1,"lang":"en-us","country":"us","chineseCountryName":"美国","pkg":"com.spaceship.screen.textcopy"},"orders":["com.spaceship.screen.textcopy","com.recognize_text.translate.screen","com.microsoft.translator","com.newmg.yurao.pro","com.google.android.apps.translate","com.gaminik.i18n","com.niven.translator","com.niven.game","at.nk.tools.iTranslate","com.sayhi.android.sayhitranslate","com.zaz.translate","com.youdao.hindict","com.easytranslate.easytranslate","com.translate.language.translator.voice.translation","com.eecorp.taptranslator","com.niven.comic","com.naver.labs.translator","com.translate.talkingtranslator","com.deepl.mobiletranslator","com.softissimo.reverso.context"]},{"rank":{"index":2,"lang":"ru","country":"ru","chineseCountryName":"俄罗斯","pkg":"com.spaceship.screen.textcopy"},"orders":["com.recognize_text.translate.screen","com.spaceship.screen.textcopy","com.niven.translator","com.gaminik.i18n","com.microsoft.translator","com.google.android.apps.translate","com.niven.game","ru.yandex.translate","at.nk.tools.iTranslate","com.youdao.hindict","com.zaz.translate","com.newmg.yurao.pro","com.niven.comic","com.translate.language.translator.voice.translation","com.deepl.mobiletranslator","com.promt.pmtappfree","com.softissimo.reverso.context","com.sayhi.android.sayhitranslate","com.google.ar.lens","com.tap_to_translate.snap_translate"]},{"rank":{"index":1,"lang":"pt-br","country":"br","chineseCountryName":"巴西","pkg":"com.spaceship.screen.textcopy"},"orders":["com.spaceship.screen.textcopy","com.recognize_text.translate.screen","com.niven.game","com.gaminik.i18n","com.niven.translator","com.microsoft.translator","com.niven.comic","com.google.android.apps.translate","com.youdao.hindict","com.newmg.yurao.pro","com.eecorp.taptranslator","com.image.camera.translate.ai","at.nk.tools.iTranslate","com.translate.language.translator.voice.translation","com.galaxy.airviewdictionary","com.springwalk.lingotube","com.sayhi.android.sayhitranslate","com.zaz.translate","com.tap_to_translate.snap_translate","com.deepl.mobiletranslator"]},{"rank":{"index":2,"lang":"fr","country":"fr","chineseCountryName":"法国","pkg":"com.spaceship.screen.textcopy"},"orders":["com.recognize_text.translate.screen","com.spaceship.screen.textcopy","com.niven.game","com.gaminik.i18n","com.niven.translator","com.microsoft.translator","com.google.android.apps.translate","com.niven.comic","com.image.camera.translate.ai","com.sayhi.android.sayhitranslate","com.zaz.translate","at.nk.tools.iTranslate","com.newmg.yurao.pro","com.vidby.meetup","com.youdao.hindict","com.translate.language.translator.voice.translation","com.eecorp.taptranslator","com.galaxy.airviewdictionary","com.deepl.mobiletranslator","com.softissimo.reverso.context"]},{"rank":{"index":2,"lang":"en-gb","country":"gb","chineseCountryName":"英国","pkg":"com.spaceship.screen.textcopy"},"orders":["com.recognize_text.translate.screen","com.spaceship.screen.textcopy","com.google.android.apps.translate","com.microsoft.translator","com.gaminik.i18n","com.niven.translator","com.niven.game","at.nk.tools.iTranslate","com.zaz.translate","com.youdao.hindict","com.sayhi.android.sayhitranslate","com.deepl.mobiletranslator","com.easytranslate.easytranslate","com.softissimo.reverso.context","com.translate.language.translator.voice.translation","com.google.ar.lens","com.niven.comic","com.image.camera.translate.ai","com.datacomprojects.scanandtranslate","com.all.languages.translator.voice.translation"]},{"rank":{"index":2,"lang":"de","country":"de","chineseCountryName":"德国","pkg":"com.spaceship.screen.textcopy"},"orders":["com.recognize_text.translate.screen","com.spaceship.screen.textcopy","com.gaminik.i18n","com.newmg.yurao.pro","com.niven.translator","com.microsoft.translator","com.niven.game","com.sayhi.android.sayhitranslate","com.google.android.apps.translate","com.niven.comic","com.zaz.translate","com.image.camera.translate.ai","com.deepl.mobiletranslator","com.youdao.hindict","com.vidby.meetup","at.nk.tools.iTranslate","com.eecorp.taptranslator","com.translate.talkingtranslator","com.translate.language.translator.voice.translation","com.promt.pmtappfree"]},{"rank":{"index":1,"lang":"it","country":"it","chineseCountryName":"意大利","pkg":"com.spaceship.screen.textcopy"},"orders":["com.spaceship.screen.textcopy","com.recognize_text.translate.screen","com.gaminik.i18n","com.niven.translator","com.niven.game","screen.translator.voice.translate","com.microsoft.translator","com.google.android.apps.translate","at.nk.tools.iTranslate","com.zaz.translate","com.niven.comic","com.image.camera.translate.ai","com.youdao.hindict","com.sayhi.android.sayhitranslate","com.newmg.yurao.pro","com.aldoo.pdftranslatorpro","com.translate.language.translator.voice.translation","com.google.ar.lens","com.deepl.mobiletranslator","com.softissimo.reverso.context"]},{"rank":{"index":1,"lang":"ja","country":"jp","chineseCountryName":"日本","pkg":"com.spaceship.screen.textcopy"},"orders":["com.spaceship.screen.textcopy","com.recognize_text.translate.screen","com.gaminik.i18n","com.niven.translator","com.niven.game","com.microsoft.translator","com.google.android.apps.translate","com.deepl.mobiletranslator","com.niven.comic","com.naver.labs.translator","com.newmg.yurao.pro","com.google.ar.lens","com.translate.language.translator.voice.translation","com.eecorp.taptranslator"]},{"rank":{"index":1,"lang":"ko","country":"kr","chineseCountryName":"韩国","pkg":"com.spaceship.screen.textcopy"},"orders":["com.spaceship.screen.textcopy","com.recognize_text.translate.screen","com.microsoft.translator","com.google.android.apps.translate","com.gaminik.i18n","com.naver.labs.translator","com.niven.game","com.niven.translator","at.nk.tools.iTranslate","com.deepl.mobiletranslator","com.google.ar.lens","com.youdao.hindict","com.zaz.translate","com.tap_to_translate.snap_translate","com.sayhi.android.sayhitranslate","com.niven.comic","com.translate.language.translator.voice.translation","com.springwalk.lingotube","com.translate.talkingtranslator","com.easytranslate.easytranslate"]},{"rank":{"index":1,"lang":"zh-hk","country":"hk","chineseCountryName":"香港","pkg":"com.spaceship.screen.textcopy"},"orders":["com.spaceship.screen.textcopy","com.recognize_text.translate.screen","com.microsoft.translator","com.google.android.apps.translate","com.gaminik.i18n","com.niven.translator","com.niven.game","at.nk.tools.iTranslate","com.youdao.hindict","com.google.ar.lens","com.zaz.translate","com.deepl.mobiletranslator","com.sayhi.android.sayhitranslate","com.translate.language.translator.voice.translation","com.translate.talkingtranslator","com.niven.comic","com.easytranslate.easytranslate","com.image.camera.translate.ai","com.naver.labs.translator","com.mazii.dictionary"]},{"rank":{"index":1,"lang":"zh-tw","country":"tw","chineseCountryName":"台湾","pkg":"com.spaceship.screen.textcopy"},"orders":["com.spaceship.screen.textcopy","com.recognize_text.translate.screen","com.microsoft.translator","com.google.android.apps.translate","com.gaminik.i18n","com.niven.game","com.niven.translator","at.nk.tools.iTranslate","com.youdao.hindict","com.naver.labs.translator","com.sayhi.android.sayhitranslate","com.zaz.translate","com.google.ar.lens","com.translate.talkingtranslator","com.translate.language.translator.voice.translation","com.easytranslate.easytranslate","com.niven.comic","com.tangdi.baiguotong","com.deepl.mobiletranslator","com.softissimo.reverso.context"]},{"rank":{"index":2,"lang":"en","country":"in","chineseCountryName":"印度","pkg":"com.spaceship.screen.textcopy"},"orders":["com.recognize_text.translate.screen","com.spaceship.screen.textcopy","com.google.android.apps.translate","com.microsoft.translator","com.zaz.translate","com.niven.game","at.nk.tools.iTranslate","com.gaminik.i18n"]},{"rank":{"index":1,"lang":"id","country":"id","chineseCountryName":"印尼","pkg":"com.spaceship.screen.textcopy"},"orders":["com.spaceship.screen.textcopy","com.recognize_text.translate.screen","com.gaminik.i18n","com.niven.translator","com.niven.game","com.youdao.hindict","com.niven.comic","com.newmg.yurao.pro","com.eecorp.taptranslator","com.microsoft.translator","at.nk.tools.iTranslate","com.google.android.apps.translate","com.aldoo.pdftranslatorpro"]},{"rank":{"index":1,"lang":"es-mx","country":"mx","chineseCountryName":"墨西哥","pkg":"com.spaceship.screen.textcopy"},"orders":["com.spaceship.screen.textcopy","com.recognize_text.translate.screen","com.gaminik.i18n","com.niven.translator","com.niven.game","com.youdao.hindict","com.microsoft.translator","com.niven.comic","com.google.android.apps.translate","at.nk.tools.iTranslate","com.aldoo.pdftranslatorpro","com.newmg.yurao.pro","com.eecorp.taptranslator","com.translate.language.translator.voice.translation","com.sayhi.android.sayhitranslate","com.deepl.mobiletranslator","com.zaz.translate","com.image.camera.translate.ai","com.all.languages.translator.voice.translation","com.galaxy.airviewdictionary"]}]