[{"rank":{"index":2,"lang":"en-us","country":"us","chineseCountryName":"美国","pkg":"com.spaceship.screen.textcopy"},"orders":["com.recognize_text.translate.screen","com.spaceship.screen.textcopy","com.tap_to_translate.snap_translate","com.niven.translator","com.google.android.apps.translate","com.screen.translate.google","com.gaminik.i18n","com.newmg.yurao.pro","com.microsoft.translator","com.deepl.mobiletranslator","com.immersivetranslate.browser","at.nk.tools.iTranslate","com.fapp.translate.language.translator.fasttranslation","com.niven.game","link.zhidou.btranslator","com.naver.labs.translator","com.niven.apptranslate","photo.translate.camera.translator","com.voice.ai.deep.translate","com.voice_camera_free_translate"]},{"rank":{"index":4,"lang":"ru","country":"ru","chineseCountryName":"俄罗斯","pkg":"com.spaceship.screen.textcopy"},"orders":["com.recognize_text.translate.screen","com.niven.translator","com.tap_to_translate.snap_translate","com.spaceship.screen.textcopy","com.gaminik.i18n","com.screen.translate.google","com.newmg.yurao.pro","ru.yandex.translate","com.niven.game","com.google.android.apps.translate","com.deepl.mobiletranslator","com.immersivetranslate.browser"]},{"rank":{"index":2,"lang":"pt-br","country":"br","chineseCountryName":"巴西","pkg":"com.spaceship.screen.textcopy"},"orders":["com.recognize_text.translate.screen","com.spaceship.screen.textcopy","com.tap_to_translate.snap_translate","com.gaminik.i18n","com.newmg.yurao.pro","com.google.android.apps.translate","com.microsoft.translator","com.zaz.translate","at.nk.tools.iTranslate","com.datacomprojects.scanandtranslate","ru.yandex.translate","com.immersivetranslate.browser","com.naver.labs.translator","com.voice_camera_free_translate","photo.translate.camera.translator","link.zhidou.btranslator","com.niven.translator","com.screen.translate.google","com.fapp.translate.language.translator.fasttranslation","com.niven.game"]},{"rank":{"index":2,"lang":"fr","country":"fr","chineseCountryName":"法国","pkg":"com.spaceship.screen.textcopy"},"orders":["com.recognize_text.translate.screen","com.spaceship.screen.textcopy","com.tap_to_translate.snap_translate","com.niven.translator","com.screen.translate.google","com.gaminik.i18n","com.newmg.yurao.pro","com.google.android.apps.translate","com.fapp.translate.language.translator.fasttranslation","com.immersivetranslate.browser","com.voice_camera_free_translate","com.deepl.mobiletranslator","com.niven.apptranslate","live.screentranslate.realtime","com.microsoft.translator","com.eecorp.linguago","com.datacomprojects.scanandtranslate","com.zaz.translate","com.niven.game","photo.translate.camera.translator"]},{"rank":{"index":2,"lang":"en-gb","country":"gb","chineseCountryName":"英国","pkg":"com.spaceship.screen.textcopy"},"orders":["com.recognize_text.translate.screen","com.spaceship.screen.textcopy","com.niven.translator","com.google.android.apps.translate","com.screen.translate.google","com.gaminik.i18n","com.tap_to_translate.snap_translate","com.newmg.yurao.pro","com.microsoft.translator","com.fapp.translate.language.translator.fasttranslation","com.immersivetranslate.browser","com.deepl.mobiletranslator","at.nk.tools.iTranslate","com.zaz.translate","com.voice.ai.deep.translate","com.niven.game","com.eecorp.linguago","com.niven.apptranslate","com.naver.labs.translator","ru.yandex.translate"]},{"rank":{"index":4,"lang":"de","country":"de","chineseCountryName":"德国","pkg":"com.spaceship.screen.textcopy"},"orders":["com.recognize_text.translate.screen","com.niven.translator","com.tap_to_translate.snap_translate","com.spaceship.screen.textcopy","com.screen.translate.google","com.gaminik.i18n","com.newmg.yurao.pro","com.google.android.apps.translate","com.immersivetranslate.browser","com.deepl.mobiletranslator","com.fapp.translate.language.translator.fasttranslation","com.niven.apptranslate","com.eecorp.linguago","com.microsoft.translator","com.niven.game","com.voice_camera_free_translate","at.nk.tools.iTranslate","live.screentranslate.realtime","com.zaz.translate","link.zhidou.btranslator"]},{"rank":{"index":2,"lang":"it","country":"it","chineseCountryName":"意大利","pkg":"com.spaceship.screen.textcopy"},"orders":["com.recognize_text.translate.screen","com.spaceship.screen.textcopy","com.tap_to_translate.snap_translate","com.niven.translator","com.screen.translate.google","com.gaminik.i18n","com.newmg.yurao.pro","com.google.android.apps.translate","com.immersivetranslate.browser","com.fapp.translate.language.translator.fasttranslation","com.deepl.mobiletranslator","com.niven.apptranslate","com.microsoft.translator","com.voice_camera_free_translate","com.eecorp.linguago","com.niven.game","com.zaz.translate","at.nk.tools.iTranslate","photo.translate.camera.translator","com.datacomprojects.scanandtranslate"]},{"rank":{"index":2,"lang":"ja","country":"jp","chineseCountryName":"日本","pkg":"com.spaceship.screen.textcopy"},"orders":["com.recognize_text.translate.screen","com.spaceship.screen.textcopy","com.tap_to_translate.snap_translate","com.niven.translator","com.screen.translate.google","com.gaminik.i18n","com.newmg.yurao.pro","com.immersivetranslate.browser","com.google.android.apps.translate","com.fapp.translate.language.translator.fasttranslation"]},{"rank":{"index":2,"lang":"ko","country":"kr","chineseCountryName":"韩国","pkg":"com.spaceship.screen.textcopy"},"orders":["com.recognize_text.translate.screen","com.spaceship.screen.textcopy","com.tap_to_translate.snap_translate","com.niven.translator","com.screen.translate.google","com.gaminik.i18n","com.newmg.yurao.pro","com.google.android.apps.translate","com.immersivetranslate.browser","com.naver.labs.translator","com.fapp.translate.language.translator.fasttranslation","com.niven.apptranslate"]},{"rank":{"index":2,"lang":"zh-hk","country":"hk","chineseCountryName":"香港","pkg":"com.spaceship.screen.textcopy"},"orders":["com.recognize_text.translate.screen","com.spaceship.screen.textcopy","com.screen.translate.google","com.tap_to_translate.snap_translate","com.niven.translator","com.gaminik.i18n","com.google.android.apps.translate","com.newmg.yurao.pro","com.immersivetranslate.browser","com.fapp.translate.language.translator.fasttranslation","com.microsoft.translator","com.voice_camera_free_translate","com.niven.apptranslate","at.nk.tools.iTranslate","com.deepl.mobiletranslator","com.naver.labs.translator","com.niven.game","ru.yandex.translate","com.zaz.translate","com.eecorp.linguago"]},{"rank":{"index":2,"lang":"zh-tw","country":"tw","chineseCountryName":"台湾","pkg":"com.spaceship.screen.textcopy"},"orders":["com.recognize_text.translate.screen","com.spaceship.screen.textcopy","com.niven.translator","com.gaminik.i18n","com.screen.translate.google","com.newmg.yurao.pro","com.tap_to_translate.snap_translate","com.google.android.apps.translate","com.immersivetranslate.browser","com.fapp.translate.language.translator.fasttranslation","com.niven.apptranslate","com.microsoft.translator","at.nk.tools.iTranslate","com.deepl.mobiletranslator","link.zhidou.btranslator","live.screentranslate.realtime","com.naver.labs.translator","com.zaz.translate","com.eecorp.linguago","photo.translate.camera.translator"]},{"rank":{"index":2,"lang":"en","country":"in","chineseCountryName":"印度","pkg":"com.spaceship.screen.textcopy"},"orders":["com.recognize_text.translate.screen","com.spaceship.screen.textcopy","com.newmg.yurao.pro","com.google.android.apps.translate"]},{"rank":{"index":3,"lang":"id","country":"id","chineseCountryName":"印尼","pkg":"com.spaceship.screen.textcopy"},"orders":["com.recognize_text.translate.screen","com.tap_to_translate.snap_translate","com.spaceship.screen.textcopy","com.niven.translator","com.screen.translate.google","com.gaminik.i18n","com.newmg.yurao.pro","com.google.android.apps.translate","com.fapp.translate.language.translator.fasttranslation","com.niven.game","com.niven.apptranslate"]},{"rank":{"index":2,"lang":"es-mx","country":"mx","chineseCountryName":"墨西哥","pkg":"com.spaceship.screen.textcopy"},"orders":["com.recognize_text.translate.screen","com.spaceship.screen.textcopy","com.tap_to_translate.snap_translate","com.gaminik.i18n","com.newmg.yurao.pro","com.google.android.apps.translate","at.nk.tools.iTranslate","com.zaz.translate","com.microsoft.translator","com.datacomprojects.scanandtranslate","ru.yandex.translate","com.naver.labs.translator","com.immersivetranslate.browser","com.google.ar.lens","com.voice_camera_free_translate","link.zhidou.btranslator","photo.translate.camera.translator","com.aldoo.pdftranslatorpro","co.timekettle.livetranslator","com.niven.translator"]}]