[{"rank":{"index":2,"lang":"en-us","country":"us","chineseCountryName":"美国","pkg":"com.spaceship.screen.textcopy"},"orders":["com.recognize_text.translate.screen","com.spaceship.screen.textcopy","com.newmg.yurao.pro","com.gaminik.i18n","com.google.android.apps.translate","com.microsoft.translator","com.niven.translator","com.deepl.mobiletranslator","com.tap_to_translate.snap_translate","ru.yandex.translate","com.screen.translate.google","com.naver.labs.translator","com.zaz.translate","com.niven.game","com.immersivetranslate.browser","com.niven.apptranslate","com.google.ar.lens","com.translate.talkingtranslator","com.eecorp.linguago","com.mg.chat"]},{"rank":{"index":0,"lang":"ru","country":"ru","chineseCountryName":"俄罗斯","pkg":"com.spaceship.screen.textcopy"},"orders":["com.recognize_text.translate.screen","com.newmg.yurao.pro","com.gaminik.i18n","com.tap_to_translate.snap_translate","com.niven.translator","ru.yandex.translate","com.google.android.apps.translate","com.microsoft.translator","com.screen.translate.google","com.immersivetranslate.browser","com.niven.game","com.niven.apptranslate","com.deepl.mobiletranslator","com.mg.chat","com.whatsapp","com.eecorp.linguago","com.facebook.katana","com.google.ar.lens","com.instagram.android","com.android.chrome"]},{"rank":{"index":2,"lang":"pt-br","country":"br","chineseCountryName":"巴西","pkg":"com.spaceship.screen.textcopy"},"orders":["com.recognize_text.translate.screen","com.spaceship.screen.textcopy","com.newmg.yurao.pro","com.tap_to_translate.snap_translate","com.gaminik.i18n","com.google.android.apps.translate","com.zaz.translate","ru.yandex.translate","com.deepl.mobiletranslator","at.nk.tools.iTranslate","com.datacomprojects.scanandtranslate","com.google.ar.lens","com.naver.labs.translator","com.translate.talkingtranslator","com.ticktalk.translatevoice","com.niven.translator","com.screen.translate.google","com.niven.apptranslate","screen.translator.voice.translate","com.galaxy.airviewdictionary"]},{"rank":{"index":2,"lang":"fr","country":"fr","chineseCountryName":"法国","pkg":"com.spaceship.screen.textcopy"},"orders":["com.recognize_text.translate.screen","com.spaceship.screen.textcopy","com.tap_to_translate.snap_translate","com.newmg.yurao.pro","com.niven.translator","com.gaminik.i18n","com.screen.translate.google","com.google.android.apps.translate","com.microsoft.translator","com.niven.apptranslate","ru.yandex.translate","com.deepl.mobiletranslator","com.zaz.translate","com.immersivetranslate.browser","com.niven.game","com.google.ar.lens","com.facebook.katana","com.facebook.orca","com.google.android.apps.tachyon","com.instagram.android"]},{"rank":{"index":2,"lang":"en-gb","country":"gb","chineseCountryName":"英国","pkg":"com.spaceship.screen.textcopy"},"orders":["com.recognize_text.translate.screen","com.spaceship.screen.textcopy","com.newmg.yurao.pro","com.gaminik.i18n","com.google.android.apps.translate","com.microsoft.translator","com.niven.translator","com.tap_to_translate.snap_translate","com.deepl.mobiletranslator","ru.yandex.translate","com.screen.translate.google","com.zaz.translate","com.google.ar.lens","com.niven.apptranslate","com.immersivetranslate.browser","com.niven.game","com.naver.labs.translator","com.eecorp.linguago","com.mg.chat","com.facebook.katana"]},{"rank":{"index":2,"lang":"de","country":"de","chineseCountryName":"德国","pkg":"com.spaceship.screen.textcopy"},"orders":["com.recognize_text.translate.screen","com.spaceship.screen.textcopy","com.newmg.yurao.pro","com.gaminik.i18n","com.niven.translator","com.tap_to_translate.snap_translate","com.google.android.apps.translate","com.microsoft.translator","com.screen.translate.google","com.deepl.mobiletranslator","com.niven.apptranslate","com.immersivetranslate.browser","ru.yandex.translate","com.zaz.translate","com.niven.game","com.google.ar.lens","com.facebook.katana","com.google.android.apps.tachyon","com.facebook.orca","com.instagram.android"]},{"rank":{"index":2,"lang":"it","country":"it","chineseCountryName":"意大利","pkg":"com.spaceship.screen.textcopy"},"orders":["com.recognize_text.translate.screen","com.spaceship.screen.textcopy","com.newmg.yurao.pro","com.tap_to_translate.snap_translate","com.gaminik.i18n","com.google.android.apps.translate","com.microsoft.translator","com.niven.translator","com.niven.game","com.deepl.mobiletranslator","com.immersivetranslate.browser","com.screen.translate.google","com.niven.apptranslate","ru.yandex.translate","com.zaz.translate","com.google.ar.lens","com.facebook.katana","com.facebook.orca","com.instagram.android","com.google.android.apps.tachyon"]},{"rank":{"index":2,"lang":"ja","country":"jp","chineseCountryName":"日本","pkg":"com.spaceship.screen.textcopy"},"orders":["com.recognize_text.translate.screen","com.spaceship.screen.textcopy","com.newmg.yurao.pro","com.tap_to_translate.snap_translate","com.gaminik.i18n","com.google.android.apps.translate","com.niven.translator","com.microsoft.translator","com.immersivetranslate.browser","com.screen.translate.google","com.deepl.mobiletranslator","com.google.ar.lens","com.niven.apptranslate","com.naver.labs.translator","com.niven.game","ru.yandex.translate","com.eecorp.linguago","com.facebook.katana","com.instagram.android","com.facebook.orca"]},{"rank":{"index":2,"lang":"ko","country":"kr","chineseCountryName":"韩国","pkg":"com.spaceship.screen.textcopy"},"orders":["com.recognize_text.translate.screen","com.spaceship.screen.textcopy","com.newmg.yurao.pro","com.gaminik.i18n","com.tap_to_translate.snap_translate","com.niven.translator","com.google.android.apps.translate","com.naver.labs.translator","com.niven.apptranslate","com.immersivetranslate.browser","com.screen.translate.google","com.microsoft.translator","com.facebook.katana","com.instagram.android","com.facebook.orca","com.niven.game","org.telegram.messenger","com.google.android.apps.messaging","com.android.chrome","com.sec.android.app.sbrowser"]},{"rank":{"index":2,"lang":"zh-hk","country":"hk","chineseCountryName":"香港","pkg":"com.spaceship.screen.textcopy"},"orders":["com.recognize_text.translate.screen","com.spaceship.screen.textcopy","com.newmg.yurao.pro","com.gaminik.i18n","com.tap_to_translate.snap_translate","com.google.android.apps.translate","com.niven.translator","com.microsoft.translator","com.screen.translate.google","com.niven.apptranslate","com.naver.labs.translator","com.niven.game","com.immersivetranslate.browser","ru.yandex.translate","com.deepl.mobiletranslator","com.google.ar.lens","com.google.android.apps.maps","com.facebook.katana","com.android.chrome","com.instagram.android"]},{"rank":{"index":2,"lang":"zh-tw","country":"tw","chineseCountryName":"台湾","pkg":"com.spaceship.screen.textcopy"},"orders":["com.recognize_text.translate.screen","com.spaceship.screen.textcopy","com.newmg.yurao.pro","com.gaminik.i18n","com.tap_to_translate.snap_translate","com.niven.translator","com.google.android.apps.translate","com.microsoft.translator","com.screen.translate.google","com.niven.apptranslate","com.immersivetranslate.browser","com.naver.labs.translator","ru.yandex.translate","com.niven.game","com.facebook.katana","com.deepl.mobiletranslator","com.facebook.orca","com.instagram.android","com.google.ar.lens","org.telegram.messenger"]},{"rank":{"index":2,"lang":"en","country":"in","chineseCountryName":"印度","pkg":"com.spaceship.screen.textcopy"},"orders":["com.recognize_text.translate.screen","com.spaceship.screen.textcopy","com.google.android.apps.translate","com.newmg.yurao.pro","com.gaminik.i18n","com.zaz.translate"]},{"rank":{"index":2,"lang":"id","country":"id","chineseCountryName":"印尼","pkg":"com.spaceship.screen.textcopy"},"orders":["com.recognize_text.translate.screen","com.spaceship.screen.textcopy","com.tap_to_translate.snap_translate","com.newmg.yurao.pro","com.niven.translator","com.gaminik.i18n","com.google.android.apps.translate","com.niven.game","com.screen.translate.google"]},{"rank":{"index":2,"lang":"es-mx","country":"mx","chineseCountryName":"墨西哥","pkg":"com.spaceship.screen.textcopy"},"orders":["com.recognize_text.translate.screen","com.spaceship.screen.textcopy","com.newmg.yurao.pro","com.tap_to_translate.snap_translate","com.gaminik.i18n","com.google.android.apps.translate","com.zaz.translate","com.deepl.mobiletranslator","ru.yandex.translate","at.nk.tools.iTranslate","com.datacomprojects.scanandtranslate","com.google.ar.lens","com.translate.talkingtranslator","com.naver.labs.translator","com.ticktalk.translatevoice","com.niven.translator","com.screen.translate.google","com.niven.apptranslate","screen.translator.voice.translate","com.softissimo.reverso.context"]}]