[{"rank":{"index":2,"lang":"en-us","country":"us","chineseCountryName":"美国","pkg":"com.spaceship.screen.textcopy"},"orders":["com.recognize_text.translate.screen","com.spaceship.screen.textcopy","com.google.android.apps.translate","com.gaminik.i18n","com.tap_to_translate.snap_translate","com.niven.translator","com.screen.translate.google","com.niven.game","com.microsoft.translator","at.nk.tools.iTranslate","com.newmg.yurao.pro","com.niven.comic","com.android.chrome","com.ticktalk.translatevoice","com.google.android.dialer","com.google.android.apps.maps","com.facebook.orca","com.google.android.apps.photos","com.google.android.deskclock","us.zoom.videomeetings"]},{"rank":{"index":2,"lang":"ru","country":"ru","chineseCountryName":"俄罗斯","pkg":"com.spaceship.screen.textcopy"},"orders":["com.recognize_text.translate.screen","com.spaceship.screen.textcopy","com.tap_to_translate.snap_translate","com.gaminik.i18n","com.niven.translator","com.niven.game","com.newmg.yurao.pro","com.google.android.apps.translate","ru.yandex.translate","com.niven.apptranslate","com.screen.translate.google","com.niven.comic","us.zoom.videomeetings","com.facebook.orca","com.android.chrome","com.discord","com.google.android.dialer","com.google.android.apps.photos","com.truecaller","com.twitter.android"]},{"rank":{"index":2,"lang":"fr","country":"fr","chineseCountryName":"法国","pkg":"com.spaceship.screen.textcopy"},"orders":["com.recognize_text.translate.screen","com.spaceship.screen.textcopy","com.tap_to_translate.snap_translate","com.niven.game","com.gaminik.i18n","com.niven.translator","com.niven.comic","com.google.android.apps.translate","com.microsoft.translator","com.facebook.orca","us.zoom.videomeetings","com.android.chrome","com.google.android.apps.photos","com.discord","com.twitter.android","com.skype.raider","com.google.android.apps.maps","com.truecaller","com.newmg.yurao.pro","com.microsoft.office.outlook"]},{"rank":{"index":2,"lang":"en-gb","country":"gb","chineseCountryName":"英国","pkg":"com.spaceship.screen.textcopy"},"orders":["com.recognize_text.translate.screen","com.spaceship.screen.textcopy","com.gaminik.i18n","com.google.android.apps.translate","com.niven.game","com.niven.translator","com.screen.translate.google","at.nk.tools.iTranslate","com.microsoft.translator","com.tap_to_translate.snap_translate","com.niven.comic","com.newmg.yurao.pro","com.niven.apptranslate","com.ticktalk.translatevoice","com.facebook.orca","com.android.chrome","us.zoom.videomeetings","com.google.android.apps.maps","com.google.android.apps.photos","com.discord"]},{"rank":{"index":2,"lang":"de","country":"de","chineseCountryName":"德国","pkg":"com.spaceship.screen.textcopy"},"orders":["com.recognize_text.translate.screen","com.spaceship.screen.textcopy","com.gaminik.i18n","com.niven.game","com.niven.apptranslate","com.niven.translator","com.niven.comic","com.tap_to_translate.snap_translate","com.microsoft.translator","com.google.android.apps.translate","com.newmg.yurao.pro","at.nk.tools.iTranslate","com.facebook.orca","us.zoom.videomeetings","com.deepl.mobiletranslator","com.google.android.apps.photos","com.android.chrome","com.discord","com.skype.raider","com.twitter.android"]},{"rank":{"index":2,"lang":"it","country":"it","chineseCountryName":"意大利","pkg":"com.spaceship.screen.textcopy"},"orders":["com.recognize_text.translate.screen","com.spaceship.screen.textcopy","com.gaminik.i18n","com.niven.game","com.niven.translator","com.niven.comic","com.tap_to_translate.snap_translate","com.niven.apptranslate","com.google.android.apps.translate","com.microsoft.translator","com.facebook.orca","us.zoom.videomeetings","com.newmg.yurao.pro","com.google.android.apps.photos","com.discord","com.skype.raider","com.android.chrome","com.google.android.apps.maps","com.twitter.android","com.google.android.dialer"]},{"rank":{"index":2,"lang":"ja","country":"jp","chineseCountryName":"日本","pkg":"com.spaceship.screen.textcopy"},"orders":["com.recognize_text.translate.screen","com.spaceship.screen.textcopy","com.gaminik.i18n","com.niven.apptranslate","com.niven.game","com.niven.translator","com.google.android.apps.translate","com.tap_to_translate.snap_translate","com.niven.comic","com.facebook.orca","com.android.chrome","com.microsoft.translator","us.zoom.videomeetings","com.google.android.apps.maps","com.discord","com.twitter.android","com.amazon.kindle","com.google.android.deskclock","com.skype.raider","com.duolingo"]},{"rank":{"index":2,"lang":"ko","country":"kr","chineseCountryName":"韩国","pkg":"com.spaceship.screen.textcopy"},"orders":["com.recognize_text.translate.screen","com.spaceship.screen.textcopy","com.tap_to_translate.snap_translate","com.gaminik.i18n","com.niven.game","com.niven.apptranslate","com.niven.comic","com.google.android.apps.translate","com.niven.translator","com.facebook.orca","us.zoom.videomeetings","com.android.chrome","com.discord","com.twitter.android","com.naver.labs.translator","com.google.android.apps.photos","com.duolingo","com.google.android.apps.docs","com.sec.android.app.sbrowser","com.supercell.clashroyale"]},{"rank":{"index":2,"lang":"zh-hk","country":"hk","chineseCountryName":"香港","pkg":"com.spaceship.screen.textcopy"},"orders":["com.recognize_text.translate.screen","com.spaceship.screen.textcopy","com.gaminik.i18n","com.niven.game","com.google.android.apps.translate","com.niven.translator","com.niven.comic","com.tap_to_translate.snap_translate","com.screen.translate.google","com.facebook.orca","com.android.chrome","com.google.android.apps.maps","com.niven.apptranslate","com.newmg.yurao.pro","com.twitter.android","us.zoom.videomeetings","com.discord","com.google.android.apps.photos","com.microsoft.translator","com.skype.raider"]},{"rank":{"index":2,"lang":"zh-tw","country":"tw","chineseCountryName":"台湾","pkg":"com.spaceship.screen.textcopy"},"orders":["com.recognize_text.translate.screen","com.spaceship.screen.textcopy","com.niven.game","com.gaminik.i18n","com.tap_to_translate.snap_translate","com.niven.translator","com.niven.comic","com.google.android.apps.translate","com.niven.apptranslate","com.facebook.orca","com.newmg.yurao.pro","com.android.chrome","com.twitter.android","com.google.android.apps.maps","com.discord","us.zoom.videomeetings","com.skype.raider","com.google.android.apps.photos","com.microsoft.translator","com.duolingo"]},{"rank":{"index":3,"lang":"en","country":"in","chineseCountryName":"印度","pkg":"com.spaceship.screen.textcopy"},"orders":["com.recognize_text.translate.screen","com.google.android.apps.translate","com.spaceship.screen.textcopy","com.tap_to_translate.snap_translate","at.nk.tools.iTranslate","com.newmg.yurao.pro","com.microsoft.translator","com.niven.game","com.ticktalk.translatevoice","com.zaz.translate","ru.yandex.translate","com.google.android.marvin.talkback","com.niven.translator","com.naver.labs.translator","com.translate.talkingtranslator","com.google.ar.lens","com.deepl.mobiletranslator","com.softissimo.reverso.context","com.sayhi.android.sayhitranslate","com.gaminik.i18n"]},{"rank":{"index":2,"lang":"id","country":"id","chineseCountryName":"印尼","pkg":"com.spaceship.screen.textcopy"},"orders":["com.recognize_text.translate.screen","com.spaceship.screen.textcopy","com.tap_to_translate.snap_translate","com.gaminik.i18n","com.niven.game","com.niven.translator","com.google.android.apps.translate","com.niven.comic","com.android.chrome","us.zoom.videomeetings","com.facebook.orca","com.google.android.apps.docs"]},{"rank":{"index":2,"lang":"es-mx","country":"mx","chineseCountryName":"墨西哥","pkg":"com.spaceship.screen.textcopy"},"orders":["com.recognize_text.translate.screen","com.spaceship.screen.textcopy","com.tap_to_translate.snap_translate","com.niven.game","com.google.android.apps.translate","com.gaminik.i18n","com.microsoft.translator","com.youdao.hindict","com.niven.translator","at.nk.tools.iTranslate","com.niven.comic","com.deepl.mobiletranslator","ru.yandex.translate","com.ticktalk.translatevoice","com.naver.labs.translator","com.google.android.marvin.talkback","com.translate.talkingtranslator","com.softissimo.reverso.context","com.google.ar.lens","com.sayhi.android.sayhitranslate"]}]