[{"rank":{"index":2,"lang":"en-us","country":"us","chineseCountryName":"美国","pkg":"com.spaceship.screen.textcopy"},"orders":["com.recognize_text.translate.screen","com.spaceship.screen.textcopy","com.tap_to_translate.snap_translate","com.google.android.apps.translate","com.screen.translate.google","com.newmg.yurao.pro","com.microsoft.translator","com.gaminik.i18n","com.niven.translator","com.deepl.mobiletranslator","com.immersivetranslate.browser","com.niven.game","com.zaz.translate","at.nk.tools.iTranslate","com.naver.labs.translator","ru.yandex.translate","com.siv","com.heapsol.spanishenglishtranslator","com.datacomprojects.scanandtranslate","com.tangdi.baiguotong"]},{"rank":{"index":0,"lang":"ru","country":"ru","chineseCountryName":"俄罗斯","pkg":"com.spaceship.screen.textcopy"},"orders":["com.recognize_text.translate.screen","com.tap_to_translate.snap_translate","com.newmg.yurao.pro","com.niven.translator","com.gaminik.i18n","com.screen.translate.google","com.niven.game","ru.yandex.translate","com.google.android.apps.translate","com.microsoft.translator","com.immersivetranslate.browser","com.deepl.mobiletranslator","com.zaz.translate"]},{"rank":{"index":2,"lang":"pt-br","country":"br","chineseCountryName":"巴西","pkg":"com.spaceship.screen.textcopy"},"orders":["com.recognize_text.translate.screen","com.spaceship.screen.textcopy","com.tap_to_translate.snap_translate","com.newmg.yurao.pro","com.gaminik.i18n","com.google.android.apps.translate","com.deepl.mobiletranslator","com.zaz.translate","at.nk.tools.iTranslate","ru.yandex.translate","com.kursx.smartbook","com.immersivetranslate.browser","com.softissimo.reverso.context","com.naver.labs.translator","com.niven.translator","com.screen.translate.google","com.niven.game","com.datacomprojects.scanandtranslate","com.newtranslate.google","com.google.ar.lens"]},{"rank":{"index":2,"lang":"fr","country":"fr","chineseCountryName":"法国","pkg":"com.spaceship.screen.textcopy"},"orders":["com.recognize_text.translate.screen","com.spaceship.screen.textcopy","com.tap_to_translate.snap_translate","com.newmg.yurao.pro","com.gaminik.i18n","com.niven.translator","com.screen.translate.google","com.microsoft.translator","com.deepl.mobiletranslator","com.immersivetranslate.browser","com.niven.game","com.google.android.apps.translate","com.niven.apptranslate","com.zaz.translate","ru.yandex.translate","com.datacomprojects.scanandtranslate","com.kursx.smartbook","com.siv","at.nk.tools.iTranslate","com.eecorp.taptranslator"]},{"rank":{"index":2,"lang":"en-gb","country":"gb","chineseCountryName":"英国","pkg":"com.spaceship.screen.textcopy"},"orders":["com.recognize_text.translate.screen","com.spaceship.screen.textcopy","com.newmg.yurao.pro","com.google.android.apps.translate","com.screen.translate.google","com.microsoft.translator","com.gaminik.i18n","com.tap_to_translate.snap_translate","com.niven.translator","com.immersivetranslate.browser","com.niven.game","com.deepl.mobiletranslator","at.nk.tools.iTranslate","com.zaz.translate","com.naver.labs.translator","com.niven.apptranslate","com.tangdi.baiguotong","ru.yandex.translate","com.siv","com.google.ar.lens"]},{"rank":{"index":2,"lang":"de","country":"de","chineseCountryName":"德国","pkg":"com.spaceship.screen.textcopy"},"orders":["com.recognize_text.translate.screen","com.spaceship.screen.textcopy","com.newmg.yurao.pro","com.screen.translate.google","com.niven.translator","com.gaminik.i18n","com.microsoft.translator","com.tap_to_translate.snap_translate","com.deepl.mobiletranslator","com.immersivetranslate.browser","com.google.android.apps.translate","com.niven.game","com.zaz.translate","com.niven.apptranslate","ru.yandex.translate","com.google.ar.lens","com.tangdi.baiguotong","at.nk.tools.iTranslate","com.datacomprojects.scanandtranslate","com.mg.chat"]},{"rank":{"index":2,"lang":"it","country":"it","chineseCountryName":"意大利","pkg":"com.spaceship.screen.textcopy"},"orders":["com.recognize_text.translate.screen","com.spaceship.screen.textcopy","com.tap_to_translate.snap_translate","com.newmg.yurao.pro","com.gaminik.i18n","com.niven.translator","com.screen.translate.google","com.microsoft.translator","com.deepl.mobiletranslator","com.immersivetranslate.browser","com.niven.game","com.google.android.apps.translate","com.zaz.translate","com.datacomprojects.scanandtranslate","com.niven.apptranslate","com.siv","com.google.ar.lens","com.kursx.smartbook","com.tangdi.baiguotong","at.nk.tools.iTranslate"]},{"rank":{"index":3,"lang":"ja","country":"jp","chineseCountryName":"日本","pkg":"com.spaceship.screen.textcopy"},"orders":["com.recognize_text.translate.screen","com.tap_to_translate.snap_translate","com.spaceship.screen.textcopy","com.newmg.yurao.pro","com.gaminik.i18n","com.screen.translate.google","com.deepl.mobiletranslator","com.google.android.apps.translate","com.microsoft.translator","com.niven.translator","com.immersivetranslate.browser","com.google.ar.lens","com.niven.game","com.naver.labs.translator","com.niven.apptranslate","com.zaz.translate","com.openai.chatgpt","at.nk.tools.iTranslate","com.android.chrome","com.instagram.android"]},{"rank":{"index":2,"lang":"ko","country":"kr","chineseCountryName":"韩国","pkg":"com.spaceship.screen.textcopy"},"orders":["com.recognize_text.translate.screen","com.spaceship.screen.textcopy","com.tap_to_translate.snap_translate","com.newmg.yurao.pro","com.gaminik.i18n","com.niven.translator","com.screen.translate.google","com.google.android.apps.translate","com.immersivetranslate.browser","com.microsoft.translator","com.naver.labs.translator","com.niven.apptranslate","com.niven.game","com.facebook.katana","com.instagram.android","com.deepl.mobiletranslator","com.facebook.orca","com.openai.chatgpt","com.android.chrome","org.telegram.messenger"]},{"rank":{"index":2,"lang":"zh-hk","country":"hk","chineseCountryName":"香港","pkg":"com.spaceship.screen.textcopy"},"orders":["com.recognize_text.translate.screen","com.spaceship.screen.textcopy","com.tap_to_translate.snap_translate","com.screen.translate.google","com.newmg.yurao.pro","com.gaminik.i18n","com.microsoft.translator","com.niven.translator","com.immersivetranslate.browser","com.google.android.apps.translate","com.deepl.mobiletranslator","com.niven.game","com.zaz.translate","com.naver.labs.translator","com.niven.apptranslate","com.tangdi.baiguotong","com.google.ar.lens","ru.yandex.translate","at.nk.tools.iTranslate","com.wooask.zx"]},{"rank":{"index":2,"lang":"zh-tw","country":"tw","chineseCountryName":"台湾","pkg":"com.spaceship.screen.textcopy"},"orders":["com.recognize_text.translate.screen","com.spaceship.screen.textcopy","com.newmg.yurao.pro","com.screen.translate.google","com.gaminik.i18n","com.niven.translator","com.microsoft.translator","com.tap_to_translate.snap_translate","com.immersivetranslate.browser","com.google.android.apps.translate","com.niven.game","com.zaz.translate","com.deepl.mobiletranslator","com.niven.apptranslate","com.google.ar.lens","com.naver.labs.translator","com.tangdi.baiguotong","ru.yandex.translate","at.nk.tools.iTranslate","com.siv"]},{"rank":{"index":2,"lang":"en","country":"in","chineseCountryName":"印度","pkg":"com.spaceship.screen.textcopy"},"orders":["com.recognize_text.translate.screen","com.spaceship.screen.textcopy","com.newmg.yurao.pro","com.google.android.apps.translate"]},{"rank":{"index":3,"lang":"id","country":"id","chineseCountryName":"印尼","pkg":"com.spaceship.screen.textcopy"},"orders":["com.recognize_text.translate.screen","com.tap_to_translate.snap_translate","com.spaceship.screen.textcopy","com.niven.translator","com.screen.translate.google","com.newmg.yurao.pro","com.gaminik.i18n","com.niven.game","com.google.android.apps.translate","com.immersivetranslate.browser","com.niven.apptranslate","com.deepl.mobiletranslator","com.microsoft.translator"]},{"rank":{"index":2,"lang":"es-mx","country":"mx","chineseCountryName":"墨西哥","pkg":"com.spaceship.screen.textcopy"},"orders":["com.recognize_text.translate.screen","com.spaceship.screen.textcopy","com.newmg.yurao.pro","com.tap_to_translate.snap_translate","com.gaminik.i18n","com.google.android.apps.translate","com.zaz.translate","at.nk.tools.iTranslate","ru.yandex.translate","com.immersivetranslate.browser","com.softissimo.reverso.context","com.heapsol.spanishenglishtranslator","com.naver.labs.translator","com.translate.talkingtranslator","com.google.ar.lens","com.niven.translator","com.screen.translate.google","com.niven.game","com.kursx.smartbook","com.youdao.hindict"]}]