[{"rank":{"index":2,"lang":"en-us","country":"us","chineseCountryName":"美国","pkg":"com.spaceship.screen.textcopy"},"orders":["com.recognize_text.translate.screen","com.spaceship.screen.textcopy","com.tap_to_translate.snap_translate","com.gaminik.i18n","com.google.android.apps.translate","com.microsoft.translator","screen.translator.voice.translate","com.niven.translator","com.newmg.yurao.pro","com.eecorp.taptranslator","com.android.chrome","com.niven.game","com.google.android.apps.photos","us.zoom.videomeetings","com.google.android.apps.maps","com.google.android.apps.docs","com.google.android.apps.youtube.creator","com.discord","com.duolingo","com.truecaller"]},{"rank":{"index":2,"lang":"ru","country":"ru","chineseCountryName":"俄罗斯","pkg":"com.spaceship.screen.textcopy"},"orders":["com.recognize_text.translate.screen","com.spaceship.screen.textcopy","com.tap_to_translate.snap_translate","com.gaminik.i18n","com.niven.translator","com.google.android.apps.translate","com.niven.game","com.newmg.yurao.pro","com.microsoft.translator","ru.yandex.translate","com.android.chrome","us.zoom.videomeetings","com.discord","com.duolingo","com.google.android.apps.youtube.creator","org.videolan.vlc","com.google.android.apps.photos","com.skype.raider","com.truecaller","com.google.android.apps.maps"]},{"rank":{"index":2,"lang":"pt-br","country":"br","chineseCountryName":"巴西","pkg":"com.spaceship.screen.textcopy"},"orders":["com.recognize_text.translate.screen","com.spaceship.screen.textcopy","com.gaminik.i18n","screen.translator.voice.translate","com.tap_to_translate.snap_translate","com.niven.translator","com.google.android.apps.translate","com.android.chrome","us.zoom.videomeetings","com.google.android.apps.docs","com.google.android.apps.maps","com.google.android.apps.photos","com.discord","com.google.android.apps.youtube.creator","com.microsoft.office.outlook","com.skype.raider","com.google.android.apps.searchlite","com.adobe.reader","org.videolan.vlc","com.google.android.inputmethod.latin"]},{"rank":{"index":2,"lang":"fr","country":"fr","chineseCountryName":"法国","pkg":"com.spaceship.screen.textcopy"},"orders":["com.recognize_text.translate.screen","com.spaceship.screen.textcopy","com.gaminik.i18n","com.tap_to_translate.snap_translate","com.google.android.apps.translate","screen.translator.voice.translate","com.discord","us.zoom.videomeetings","com.google.android.apps.photos","com.microsoft.translator","com.android.chrome","com.microsoft.office.outlook","com.google.android.apps.maps","com.skype.raider","com.truecaller","com.google.android.apps.youtube.creator","org.videolan.vlc","com.duolingo","com.google.android.apps.docs","com.sec.android.app.sbrowser"]},{"rank":{"index":2,"lang":"en-gb","country":"gb","chineseCountryName":"英国","pkg":"com.spaceship.screen.textcopy"},"orders":["com.recognize_text.translate.screen","com.spaceship.screen.textcopy","com.tap_to_translate.snap_translate","com.gaminik.i18n","com.google.android.apps.translate","com.microsoft.translator","screen.translator.voice.translate","com.niven.translator","at.nk.tools.iTranslate","com.newmg.yurao.pro","com.android.chrome","com.niven.game","com.eecorp.taptranslator","com.google.android.apps.youtube.creator","us.zoom.videomeetings","com.google.android.apps.photos","com.google.android.apps.maps","com.discord","com.duolingo","com.truecaller"]},{"rank":{"index":2,"lang":"de","country":"de","chineseCountryName":"德国","pkg":"com.spaceship.screen.textcopy"},"orders":["com.recognize_text.translate.screen","com.spaceship.screen.textcopy","com.gaminik.i18n","com.tap_to_translate.snap_translate","com.google.android.apps.translate","com.microsoft.translator","com.niven.translator","com.newmg.yurao.pro","us.zoom.videomeetings","com.discord","com.android.chrome","com.google.android.apps.photos","com.microsoft.office.outlook","com.google.android.apps.maps","com.niven.game","com.skype.raider","com.truecaller","com.google.android.apps.youtube.creator","org.videolan.vlc","com.deepl.mobiletranslator"]},{"rank":{"index":2,"lang":"it","country":"it","chineseCountryName":"意大利","pkg":"com.spaceship.screen.textcopy"},"orders":["com.recognize_text.translate.screen","com.spaceship.screen.textcopy","screen.translator.voice.translate","com.gaminik.i18n","com.tap_to_translate.snap_translate","com.google.android.apps.translate","us.zoom.videomeetings","com.discord","com.google.android.apps.photos","com.android.chrome","com.microsoft.office.outlook","com.microsoft.translator","com.google.android.apps.maps","com.skype.raider","com.duolingo","org.videolan.vlc","com.google.android.apps.youtube.creator","com.sec.android.app.sbrowser","com.adobe.reader","com.google.android.apps.docs"]},{"rank":{"index":1,"lang":"ja","country":"jp","chineseCountryName":"日本","pkg":"com.spaceship.screen.textcopy"},"orders":["com.spaceship.screen.textcopy","com.recognize_text.translate.screen","com.gaminik.i18n","com.tap_to_translate.snap_translate","com.google.android.apps.translate","com.deepl.mobiletranslator","com.microsoft.translator","com.android.chrome","com.discord","us.zoom.videomeetings","com.naver.labs.translator","com.google.android.apps.maps","com.niven.translator","com.duolingo","com.skype.raider","com.newmg.yurao.pro","org.videolan.vlc","com.microsoft.office.outlook","com.google.android.apps.docs","com.google.android.apps.photos"]},{"rank":{"index":2,"lang":"ko","country":"kr","chineseCountryName":"韩国","pkg":"com.spaceship.screen.textcopy"},"orders":["com.recognize_text.translate.screen","com.spaceship.screen.textcopy","com.tap_to_translate.snap_translate","com.gaminik.i18n","com.google.android.apps.translate","com.newmg.yurao.pro","com.niven.game","com.niven.translator","com.naver.labs.translator","com.microsoft.translator","us.zoom.videomeetings","com.eecorp.taptranslator","com.android.chrome","com.discord","com.google.android.apps.youtube.creator","com.sec.android.app.sbrowser","com.duolingo","com.google.android.apps.photos","com.nhn.android.search","com.google.android.apps.docs"]},{"rank":{"index":2,"lang":"zh-hk","country":"hk","chineseCountryName":"香港","pkg":"com.spaceship.screen.textcopy"},"orders":["com.recognize_text.translate.screen","com.spaceship.screen.textcopy","com.gaminik.i18n","com.tap_to_translate.snap_translate","com.google.android.apps.translate","com.microsoft.translator","com.newmg.yurao.pro","com.niven.game","com.niven.translator","com.android.chrome","com.google.android.apps.maps","com.discord","us.zoom.videomeetings","com.skype.raider","com.google.android.apps.photos","com.sec.android.app.sbrowser","com.duolingo","at.nk.tools.iTranslate","com.microsoft.office.outlook","com.google.ar.lens"]},{"rank":{"index":2,"lang":"zh-tw","country":"tw","chineseCountryName":"台湾","pkg":"com.spaceship.screen.textcopy"},"orders":["com.recognize_text.translate.screen","com.spaceship.screen.textcopy","com.gaminik.i18n","com.tap_to_translate.snap_translate","com.google.android.apps.translate","com.niven.game","com.niven.translator","com.newmg.yurao.pro","at.nk.tools.iTranslate","com.microsoft.translator","com.android.chrome","com.discord","com.google.android.apps.maps","us.zoom.videomeetings","com.skype.raider","com.duolingo","com.google.android.apps.photos","com.sec.android.app.sbrowser","com.naver.labs.translator","com.google.ar.lens"]},{"rank":{"index":2,"lang":"en","country":"in","chineseCountryName":"印度","pkg":"com.spaceship.screen.textcopy"},"orders":["com.recognize_text.translate.screen","com.spaceship.screen.textcopy","com.tap_to_translate.snap_translate","com.google.android.apps.translate"]},{"rank":{"index":1,"lang":"id","country":"id","chineseCountryName":"印尼","pkg":"com.spaceship.screen.textcopy"},"orders":["com.spaceship.screen.textcopy","com.recognize_text.translate.screen","com.gaminik.i18n","com.tap_to_translate.snap_translate","com.google.android.apps.translate","com.newmg.yurao.pro","com.android.chrome","us.zoom.videomeetings","com.google.android.apps.docs","com.google.android.apps.maps","com.google.android.apps.photos","com.naver.labs.translator","com.discord","com.google.android.apps.youtube.creator"]},{"rank":{"index":2,"lang":"es-mx","country":"mx","chineseCountryName":"墨西哥","pkg":"com.spaceship.screen.textcopy"},"orders":["com.recognize_text.translate.screen","com.spaceship.screen.textcopy","com.gaminik.i18n","com.tap_to_translate.snap_translate","com.google.android.apps.translate","com.niven.translator","com.google.android.apps.docs","com.google.android.apps.photos","us.zoom.videomeetings","com.discord","com.google.android.apps.maps","com.android.chrome","com.microsoft.translator","com.microsoft.office.outlook","com.skype.raider","com.google.android.apps.youtube.creator","com.adobe.reader","org.videolan.vlc","com.sec.android.app.sbrowser","com.truecaller"]}]