[{"rank":{"index":1,"lang":"en-us","country":"us","chineseCountryName":"美国","pkg":"com.spaceship.screen.textcopy"},"orders":["com.spaceship.screen.textcopy","com.recognize_text.translate.screen","com.microsoft.translator","com.google.android.apps.translate","com.newmg.yurao.pro","com.niven.translator","com.gaminik.i18n","com.niven.game","com.screen.translator.text.recognize","at.nk.tools.iTranslate","com.sayhi.android.sayhitranslate","com.eecorp.taptranslator","com.naver.labs.translator","com.niven.comic","com.zaz.translate","com.screen.translate.google","com.deepl.mobiletranslator","com.translate.talkingtranslator","com.royalappcode.translation.voice.language.chat.interpreter","com.easytranslate.easytranslate"]},{"rank":{"index":2,"lang":"ru","country":"ru","chineseCountryName":"俄罗斯","pkg":"com.spaceship.screen.textcopy"},"orders":["com.recognize_text.translate.screen","com.spaceship.screen.textcopy","com.niven.translator","com.niven.game","com.microsoft.translator","com.gaminik.i18n","com.screen.translate.google","com.niven.comic","ru.yandex.translate","com.google.android.apps.translate","com.eecorp.linguago","at.nk.tools.iTranslate","com.zaz.translate","com.newmg.yurao.pro","com.deepl.mobiletranslator","com.naver.labs.translator","all.language.translate.translator","com.image.camera.translate.ai","com.languagetranslator.translatorapp.smartscanner.dictionary.translation.voicetranslator","com.duolingo"]},{"rank":{"index":2,"lang":"pt-br","country":"br","chineseCountryName":"巴西","pkg":"com.spaceship.screen.textcopy"},"orders":["com.recognize_text.translate.screen","com.spaceship.screen.textcopy","com.niven.translator","com.niven.game","com.gaminik.i18n","com.screen.translator.text.recognize","com.niven.comic","com.microsoft.translator","com.eecorp.taptranslator","com.newmg.yurao.pro","com.google.android.apps.translate","com.image.camera.translate.ai","at.nk.tools.iTranslate","com.screen.translate.google","com.google.android.apps.photos","com.android.chrome","com.deepl.mobiletranslator","com.discord","com.google.android.apps.maps","com.tap_to_translate.snap_translate"]},{"rank":{"index":2,"lang":"fr","country":"fr","chineseCountryName":"法国","pkg":"com.spaceship.screen.textcopy"},"orders":["com.recognize_text.translate.screen","com.spaceship.screen.textcopy","com.niven.translator","com.niven.game","com.gaminik.i18n","com.screen.translator.text.recognize","com.microsoft.translator","com.niven.comic","com.google.android.apps.translate","at.nk.tools.iTranslate","com.zaz.translate","com.newmg.yurao.pro","com.screen.translate.google","com.image.camera.translate.ai","com.eecorp.taptranslator","com.galaxy.airviewdictionary","com.deepl.mobiletranslator","com.tap_to_translate.snap_translate","com.sayhi.android.sayhitranslate","com.tranit.text.translate"]},{"rank":{"index":2,"lang":"en-gb","country":"gb","chineseCountryName":"英国","pkg":"com.spaceship.screen.textcopy"},"orders":["com.recognize_text.translate.screen","com.spaceship.screen.textcopy","com.google.android.apps.translate","com.microsoft.translator","com.screen.translator.text.recognize","com.gaminik.i18n","com.niven.translator","com.niven.game","at.nk.tools.iTranslate","com.zaz.translate","com.sayhi.android.sayhitranslate","com.galaxy.airviewdictionary","com.deepl.mobiletranslator","com.naver.labs.translator","com.niven.comic","com.newmg.yurao.pro","com.easytranslate.easytranslate","com.image.camera.translate.ai","com.screen.translate.google","com.royalappcode.translation.voice.language.chat.interpreter"]},{"rank":{"index":1,"lang":"de","country":"de","chineseCountryName":"德国","pkg":"com.spaceship.screen.textcopy"},"orders":["com.spaceship.screen.textcopy","com.recognize_text.translate.screen","com.niven.translator","com.gaminik.i18n","com.niven.game","com.screen.translator.text.recognize","com.microsoft.translator","com.newmg.yurao.pro","com.eecorp.taptranslator","com.niven.comic","com.screen.translate.google","com.google.android.apps.translate","com.deepl.mobiletranslator","com.galaxy.airviewdictionary","com.image.camera.translate.ai","at.nk.tools.iTranslate","com.discord","com.google.android.apps.photos","com.android.chrome","com.duolingo"]},{"rank":{"index":1,"lang":"it","country":"it","chineseCountryName":"意大利","pkg":"com.spaceship.screen.textcopy"},"orders":["com.spaceship.screen.textcopy","com.niven.translator","com.recognize_text.translate.screen","com.niven.game","com.gaminik.i18n","com.screen.translator.text.recognize","com.microsoft.translator","com.google.android.apps.translate","com.niven.comic","com.newmg.yurao.pro","com.image.camera.translate.ai","com.screen.translate.google","com.eecorp.taptranslator","at.nk.tools.iTranslate","com.galaxy.airviewdictionary","screen.translator.voice.translate","com.deepl.mobiletranslator","com.discord","com.google.android.apps.photos","com.aldoo.pdftranslatorpro"]},{"rank":{"index":1,"lang":"ja","country":"jp","chineseCountryName":"日本","pkg":"com.spaceship.screen.textcopy"},"orders":["com.spaceship.screen.textcopy","com.gaminik.i18n","com.niven.game","com.recognize_text.translate.screen","com.niven.translator","com.microsoft.translator","com.screen.translator.text.recognize","com.newmg.yurao.pro","com.google.android.apps.translate","com.deepl.mobiletranslator","com.niven.comic","com.screen.translate.google","com.naver.labs.translator","com.eecorp.taptranslator","com.discord","at.nk.tools.iTranslate","com.google.ar.lens","com.android.chrome","com.duolingo","com.google.android.apps.maps"]},{"rank":{"index":1,"lang":"ko","country":"kr","chineseCountryName":"韩国","pkg":"com.spaceship.screen.textcopy"},"orders":["com.spaceship.screen.textcopy","com.recognize_text.translate.screen","com.microsoft.translator","com.google.android.apps.translate","com.niven.game","com.gaminik.i18n","com.niven.translator","com.naver.labs.translator","com.screen.translator.text.recognize","at.nk.tools.iTranslate","com.tap_to_translate.snap_translate","com.niven.comic","com.deepl.mobiletranslator","com.newmg.yurao.pro","com.zaz.translate","com.screen.translate.google","com.sayhi.android.sayhitranslate","com.royalappcode.translation.voice.language.chat.interpreter","com.flitto.app","com.image.camera.translate.ai"]},{"rank":{"index":1,"lang":"zh-hk","country":"hk","chineseCountryName":"香港","pkg":"com.spaceship.screen.textcopy"},"orders":["com.spaceship.screen.textcopy","com.recognize_text.translate.screen","com.microsoft.translator","com.google.android.apps.translate","com.gaminik.i18n","com.niven.translator","com.niven.game","com.screen.translator.text.recognize","at.nk.tools.iTranslate","com.niven.comic","com.newmg.yurao.pro","com.naver.labs.translator"]},{"rank":{"index":1,"lang":"zh-tw","country":"tw","chineseCountryName":"台湾","pkg":"com.spaceship.screen.textcopy"},"orders":["com.spaceship.screen.textcopy","com.recognize_text.translate.screen","com.microsoft.translator","com.google.android.apps.translate","com.gaminik.i18n","com.niven.game","com.niven.translator","com.screen.translator.text.recognize","at.nk.tools.iTranslate","com.niven.comic","com.naver.labs.translator","com.newmg.yurao.pro","com.screen.translate.google","com.deepl.mobiletranslator","com.image.camera.translate.ai","com.sayhi.android.sayhitranslate","com.youdao.hindict","com.eecorp.taptranslator","com.translate.talkingtranslator","com.zaz.translate"]},{"rank":{"index":2,"lang":"en","country":"in","chineseCountryName":"印度","pkg":"com.spaceship.screen.textcopy"},"orders":["com.recognize_text.translate.screen","com.spaceship.screen.textcopy","com.google.android.apps.translate","com.microsoft.translator","com.newmg.yurao.pro"]},{"rank":{"index":1,"lang":"id","country":"id","chineseCountryName":"印尼","pkg":"com.spaceship.screen.textcopy"},"orders":["com.spaceship.screen.textcopy","com.recognize_text.translate.screen","com.niven.translator","com.gaminik.i18n","com.screen.translator.text.recognize","com.niven.game","com.niven.comic","com.galaxy.airviewdictionary","com.newmg.yurao.pro","com.google.android.apps.translate"]},{"rank":{"index":2,"lang":"es-mx","country":"mx","chineseCountryName":"墨西哥","pkg":"com.spaceship.screen.textcopy"},"orders":["com.recognize_text.translate.screen","com.spaceship.screen.textcopy","com.niven.translator","com.niven.game","com.gaminik.i18n","com.microsoft.translator","com.screen.translator.text.recognize","com.niven.comic","at.nk.tools.iTranslate","com.google.android.apps.translate","com.newmg.yurao.pro","com.screen.translate.google","com.youdao.hindict","com.deepl.mobiletranslator","com.zaz.translate","com.eecorp.taptranslator","com.image.camera.translate.ai","com.aldoo.pdftranslatorpro","com.tangdi.baiguotong","com.sayhi.android.sayhitranslate"]}]