[{"rank":{"index":2,"lang":"en-us","country":"us","chineseCountryName":"美国","pkg":"com.spaceship.screen.textcopy"},"orders":["com.recognize_text.translate.screen","com.spaceship.screen.textcopy","com.tap_to_translate.snap_translate","com.screen.translate.google","com.google.android.apps.translate","com.niven.translator","com.microsoft.translator","com.gaminik.i18n","com.newmg.yurao.pro","at.nk.tools.iTranslate","com.language.translate.free.translator.voice.translation","com.google.ar.lens","com.deepl.mobiletranslator","com.translate.talkingtranslator","com.naver.labs.translator","com.sayhi.android.sayhitranslate","com.niven.comic","com.zaz.translate","com.translate.language.translator.voice.translation","translate.all.language.translator.cameratranslator"]},{"rank":{"index":3,"lang":"ru","country":"ru","chineseCountryName":"俄罗斯","pkg":"com.spaceship.screen.textcopy"},"orders":["com.recognize_text.translate.screen","com.niven.translator","com.spaceship.screen.textcopy","com.tap_to_translate.snap_translate","com.screen.translate.google","com.gaminik.i18n","com.newmg.yurao.pro","ru.yandex.translate","com.microsoft.translator","com.niven.comic","com.google.android.apps.translate","com.language.translate.free.translator.voice.translation","com.deepl.mobiletranslator","com.niven.apptranslate","at.nk.tools.iTranslate","com.voice_camera_free_translate","com.translate.language.translator.voice.translation","com.whatsapp","com.android.chrome","com.translate.talkingtranslator"]},{"rank":{"index":2,"lang":"pt-br","country":"br","chineseCountryName":"巴西","pkg":"com.spaceship.screen.textcopy"},"orders":["com.recognize_text.translate.screen","com.spaceship.screen.textcopy","com.tap_to_translate.snap_translate","com.gaminik.i18n","com.google.android.apps.translate","at.nk.tools.iTranslate","com.deepl.mobiletranslator","com.zaz.translate","ru.yandex.translate","com.translate.talkingtranslator","com.softissimo.reverso.context","com.translate.language.translator.voice.translation","com.google.ar.lens","com.niven.translator","com.newmg.yurao.pro","com.screen.translate.google","com.niven.comic","com.galaxy.airviewdictionary","com.niven.apptranslate","com.naver.labs.translator"]},{"rank":{"index":3,"lang":"fr","country":"fr","chineseCountryName":"法国","pkg":"com.spaceship.screen.textcopy"},"orders":["com.recognize_text.translate.screen","com.tap_to_translate.snap_translate","com.spaceship.screen.textcopy","com.niven.translator","com.screen.translate.google","com.gaminik.i18n","com.newmg.yurao.pro","com.microsoft.translator","com.niven.comic","com.google.android.apps.translate","com.language.translate.free.translator.voice.translation","at.nk.tools.iTranslate","com.niven.apptranslate","com.deepl.mobiletranslator","com.translate.talkingtranslator","com.google.ar.lens","com.softissimo.reverso.context","com.voice_camera_free_translate","com.google.android.apps.tachyon","com.zaz.translate"]},{"rank":{"index":2,"lang":"en-gb","country":"gb","chineseCountryName":"英国","pkg":"com.spaceship.screen.textcopy"},"orders":["com.recognize_text.translate.screen","com.spaceship.screen.textcopy","com.tap_to_translate.snap_translate","com.screen.translate.google","com.google.android.apps.translate","com.niven.translator","com.gaminik.i18n","com.microsoft.translator","com.newmg.yurao.pro","com.language.translate.free.translator.voice.translation","at.nk.tools.iTranslate","com.google.ar.lens","com.niven.comic","com.deepl.mobiletranslator","com.datacomprojects.scanandtranslate","com.sayhi.android.sayhitranslate","com.zaz.translate","com.translate.talkingtranslator","com.naver.labs.translator","translate.all.language.translator.cameratranslator"]},{"rank":{"index":2,"lang":"de","country":"de","chineseCountryName":"德国","pkg":"com.spaceship.screen.textcopy"},"orders":["com.recognize_text.translate.screen","com.spaceship.screen.textcopy","com.tap_to_translate.snap_translate","com.screen.translate.google","com.niven.translator","com.gaminik.i18n","com.newmg.yurao.pro","com.microsoft.translator","com.language.translate.free.translator.voice.translation","com.google.android.apps.translate","com.deepl.mobiletranslator","at.nk.tools.iTranslate","com.niven.comic","com.datacomprojects.scanandtranslate","com.niven.apptranslate","com.sayhi.android.sayhitranslate","com.softissimo.reverso.context","com.translate.talkingtranslator","com.google.ar.lens","com.zaz.translate"]},{"rank":{"index":2,"lang":"it","country":"it","chineseCountryName":"意大利","pkg":"com.spaceship.screen.textcopy"},"orders":["com.recognize_text.translate.screen","com.spaceship.screen.textcopy","com.tap_to_translate.snap_translate","com.screen.translate.google","com.niven.translator","com.gaminik.i18n","com.newmg.yurao.pro","com.microsoft.translator","com.language.translate.free.translator.voice.translation","com.niven.comic","com.google.android.apps.translate","at.nk.tools.iTranslate","com.niven.apptranslate","com.deepl.mobiletranslator","com.google.ar.lens","com.google.android.apps.tachyon","com.instagram.android","com.datacomprojects.scanandtranslate","com.facebook.katana","com.facebook.orca"]},{"rank":{"index":3,"lang":"ja","country":"jp","chineseCountryName":"日本","pkg":"com.spaceship.screen.textcopy"},"orders":["com.recognize_text.translate.screen","com.tap_to_translate.snap_translate","com.spaceship.screen.textcopy","com.niven.translator","com.screen.translate.google","com.gaminik.i18n","com.newmg.yurao.pro","com.microsoft.translator","com.google.android.apps.translate","com.language.translate.free.translator.voice.translation","com.deepl.mobiletranslator","at.nk.tools.iTranslate"]},{"rank":{"index":3,"lang":"ko","country":"kr","chineseCountryName":"韩国","pkg":"com.spaceship.screen.textcopy"},"orders":["com.recognize_text.translate.screen","com.tap_to_translate.snap_translate","com.spaceship.screen.textcopy","com.niven.translator","com.screen.translate.google","com.gaminik.i18n","com.newmg.yurao.pro","com.niven.comic","com.microsoft.translator","com.naver.labs.translator","com.google.android.apps.translate","com.language.translate.free.translator.voice.translation","com.niven.apptranslate","at.nk.tools.iTranslate","com.instagram.android","com.flitto.app","com.google.ar.lens","com.deepl.mobiletranslator","com.facebook.katana","com.facebook.orca"]},{"rank":{"index":2,"lang":"zh-hk","country":"hk","chineseCountryName":"香港","pkg":"com.spaceship.screen.textcopy"},"orders":["com.recognize_text.translate.screen","com.spaceship.screen.textcopy","com.gaminik.i18n","com.screen.translate.google","com.niven.translator","com.newmg.yurao.pro","com.tap_to_translate.snap_translate","com.microsoft.translator","com.google.android.apps.translate","com.language.translate.free.translator.voice.translation","at.nk.tools.iTranslate","com.niven.comic","com.deepl.mobiletranslator","com.naver.labs.translator","com.niven.apptranslate","com.google.ar.lens","com.zaz.translate","com.android.chrome","com.google.android.apps.maps","com.facebook.katana"]},{"rank":{"index":2,"lang":"zh-tw","country":"tw","chineseCountryName":"台湾","pkg":"com.spaceship.screen.textcopy"},"orders":["com.recognize_text.translate.screen","com.spaceship.screen.textcopy","com.tap_to_translate.snap_translate","com.screen.translate.google","com.niven.translator","com.gaminik.i18n","com.newmg.yurao.pro","com.microsoft.translator","at.nk.tools.iTranslate","com.google.android.apps.translate","com.language.translate.free.translator.voice.translation","com.niven.comic","com.niven.apptranslate","com.naver.labs.translator","com.voice_camera_free_translate","com.google.ar.lens","com.translate.talkingtranslator","com.deepl.mobiletranslator","com.facebook.katana","com.instagram.android"]},{"rank":{"index":2,"lang":"en","country":"in","chineseCountryName":"印度","pkg":"com.spaceship.screen.textcopy"},"orders":["com.recognize_text.translate.screen","com.spaceship.screen.textcopy","com.tap_to_translate.snap_translate","com.google.android.apps.translate","com.zaz.translate","com.gaminik.i18n","at.nk.tools.iTranslate","com.deepl.mobiletranslator","translate.all.language.translator.cameratranslator","com.language.translate.free.translator.voice.translation","ru.yandex.translate","com.translate.talkingtranslator","com.sayhi.android.sayhitranslate","com.naver.labs.translator","com.niven.translator","com.newmg.yurao.pro","com.screen.translate.google","screen.translator.voice.translate","com.niven.comic","com.softissimo.reverso.context"]},{"rank":{"index":3,"lang":"id","country":"id","chineseCountryName":"印尼","pkg":"com.spaceship.screen.textcopy"},"orders":["com.recognize_text.translate.screen","com.tap_to_translate.snap_translate","com.spaceship.screen.textcopy","com.niven.translator","com.screen.translate.google","com.gaminik.i18n","com.newmg.yurao.pro","com.niven.comic","com.google.android.apps.translate","com.language.translate.free.translator.voice.translation","com.youdao.hindict","com.microsoft.translator","com.deepl.mobiletranslator"]},{"rank":{"index":2,"lang":"es-mx","country":"mx","chineseCountryName":"墨西哥","pkg":"com.spaceship.screen.textcopy"},"orders":["com.recognize_text.translate.screen","com.spaceship.screen.textcopy","com.tap_to_translate.snap_translate","com.gaminik.i18n","at.nk.tools.iTranslate","com.google.android.apps.translate","com.zaz.translate","com.deepl.mobiletranslator","com.translate.talkingtranslator","com.softissimo.reverso.context","com.sayhi.android.sayhitranslate","translate.all.language.translator.cameratranslator","com.google.ar.lens","com.naver.labs.translator","ru.yandex.translate","com.niven.translator","com.newmg.yurao.pro","com.screen.translate.google","com.niven.comic","com.youdao.hindict"]}]