[{"rank":{"index":2,"lang":"en-us","country":"us","chineseCountryName":"美国","pkg":"com.spaceship.screen.textcopy"},"orders":["com.recognize_text.translate.screen","com.spaceship.screen.textcopy","com.niven.translator","com.microsoft.translator","com.gaminik.i18n","com.google.android.apps.translate","com.niven.game","com.tap_to_translate.snap_translate","com.newmg.yurao.pro","com.niven.comic","at.nk.tools.iTranslate","com.screen.translate.google","com.galaxy.airviewdictionary","com.naver.labs.translator","com.eecorp.taptranslator","com.niven.apptranslate","com.tangdi.baiguotong","com.translate.talkingtranslator","com.audacityittranslator.translatetexttranslator","com.sayhi.android.sayhitranslate"]},{"rank":{"index":2,"lang":"ru","country":"ru","chineseCountryName":"俄罗斯","pkg":"com.spaceship.screen.textcopy"},"orders":["com.recognize_text.translate.screen","com.spaceship.screen.textcopy","com.niven.translator","com.tap_to_translate.snap_translate","com.microsoft.translator","com.niven.game","com.gaminik.i18n","com.niven.comic","com.google.android.apps.translate","com.newmg.yurao.pro","com.screen.translate.google","at.nk.tools.iTranslate","ru.yandex.translate","com.niven.apptranslate","com.deepl.mobiletranslator","com.galaxy.airviewdictionary","com.youdao.hindict","com.translate.language.translator.voice.translation","com.naver.labs.translator","com.android.chrome"]},{"rank":{"index":2,"lang":"pt-br","country":"br","chineseCountryName":"巴西","pkg":"com.spaceship.screen.textcopy"},"orders":["com.recognize_text.translate.screen","com.spaceship.screen.textcopy","com.tap_to_translate.snap_translate","com.niven.translator","com.niven.game","com.gaminik.i18n","com.niven.comic","com.galaxy.airviewdictionary","com.microsoft.translator","com.newmg.yurao.pro","com.screen.translate.google","com.google.android.apps.translate","at.nk.tools.iTranslate","com.niven.apptranslate","com.eecorp.taptranslator","com.youdao.hindict","com.android.chrome","com.facebook.orca","com.google.android.apps.photos","com.google.android.apps.maps"]},{"rank":{"index":2,"lang":"fr","country":"fr","chineseCountryName":"法国","pkg":"com.spaceship.screen.textcopy"},"orders":["com.recognize_text.translate.screen","com.spaceship.screen.textcopy","com.tap_to_translate.snap_translate","com.niven.translator","com.gaminik.i18n","com.niven.game","com.microsoft.translator","com.niven.comic","com.google.android.apps.translate","com.newmg.yurao.pro","com.facebook.orca","com.tangdi.baiguotong","com.discord","com.microsoft.office.outlook","com.google.android.apps.photos","com.screen.translate.google","com.android.chrome","com.skype.raider","at.nk.tools.iTranslate","com.duolingo"]},{"rank":{"index":2,"lang":"en-gb","country":"gb","chineseCountryName":"英国","pkg":"com.spaceship.screen.textcopy"},"orders":["com.recognize_text.translate.screen","com.spaceship.screen.textcopy","com.gaminik.i18n","com.microsoft.translator","com.google.android.apps.translate","com.niven.translator","com.tap_to_translate.snap_translate","com.niven.game","com.niven.comic","at.nk.tools.iTranslate","com.newmg.yurao.pro","com.galaxy.airviewdictionary","com.screen.translate.google","com.b1b.translator.voicetranslate.alllanguages.translator.app","com.tangdi.baiguotong","com.audacityittranslator.translatetexttranslator","com.niven.apptranslate","com.zaz.translate","com.youdao.hindict","com.sayhi.android.sayhitranslate"]},{"rank":{"index":2,"lang":"de","country":"de","chineseCountryName":"德国","pkg":"com.spaceship.screen.textcopy"},"orders":["com.recognize_text.translate.screen","com.spaceship.screen.textcopy","com.niven.translator","com.gaminik.i18n","com.microsoft.translator","com.niven.game","com.tap_to_translate.snap_translate","com.niven.comic","com.newmg.yurao.pro","com.screen.translate.google","com.google.android.apps.translate","com.galaxy.airviewdictionary","at.nk.tools.iTranslate","com.niven.apptranslate","com.audacityittranslator.translatetexttranslator","com.deepl.mobiletranslator","com.tangdi.baiguotong","com.translate.talkingtranslator","com.facebook.orca","com.eecorp.taptranslator"]},{"rank":{"index":2,"lang":"it","country":"it","chineseCountryName":"意大利","pkg":"com.spaceship.screen.textcopy"},"orders":["com.recognize_text.translate.screen","com.spaceship.screen.textcopy","com.niven.translator","com.gaminik.i18n","com.niven.game","com.tap_to_translate.snap_translate","com.microsoft.translator","com.niven.comic","com.google.android.apps.translate","com.newmg.yurao.pro","com.galaxy.airviewdictionary","com.screen.translate.google","screen.translator.voice.translate","at.nk.tools.iTranslate","com.niven.apptranslate","com.facebook.orca","com.deepl.mobiletranslator","com.tangdi.baiguotong","com.google.ar.lens","com.discord"]},{"rank":{"index":1,"lang":"ja","country":"jp","chineseCountryName":"日本","pkg":"com.spaceship.screen.textcopy"},"orders":["com.spaceship.screen.textcopy","com.recognize_text.translate.screen","com.niven.translator","com.gaminik.i18n","com.niven.game","com.microsoft.translator","com.tap_to_translate.snap_translate","com.niven.comic","com.google.android.apps.translate","com.newmg.yurao.pro","com.deepl.mobiletranslator","com.naver.labs.translator"]},{"rank":{"index":2,"lang":"ko","country":"kr","chineseCountryName":"韩国","pkg":"com.spaceship.screen.textcopy"},"orders":["com.recognize_text.translate.screen","com.spaceship.screen.textcopy","com.microsoft.translator","com.niven.translator","com.gaminik.i18n","com.tap_to_translate.snap_translate","com.niven.game","com.google.android.apps.translate","com.niven.comic","com.naver.labs.translator","com.newmg.yurao.pro","com.galaxy.airviewdictionary","com.screen.translate.google","at.nk.tools.iTranslate","com.eecorp.taptranslator","com.b1b.translator.voicetranslate.alllanguages.translator.app","com.facebook.orca","com.audacityittranslator.translatetexttranslator","com.discord","com.niven.apptranslate"]},{"rank":{"index":2,"lang":"zh-hk","country":"hk","chineseCountryName":"香港","pkg":"com.spaceship.screen.textcopy"},"orders":["com.recognize_text.translate.screen","com.spaceship.screen.textcopy","com.gaminik.i18n","com.microsoft.translator","com.niven.translator","com.niven.game","com.google.android.apps.translate","com.niven.comic","com.tap_to_translate.snap_translate","at.nk.tools.iTranslate","com.tangdi.baiguotong","com.newmg.yurao.pro","com.galaxy.airviewdictionary","com.screen.translate.google","com.b1b.translator.voicetranslate.alllanguages.translator.app","com.audacityittranslator.translatetexttranslator","com.facebook.orca","com.android.chrome","com.naver.labs.translator","com.translate.language.translator.voice.translation"]},{"rank":{"index":2,"lang":"zh-tw","country":"tw","chineseCountryName":"台湾","pkg":"com.spaceship.screen.textcopy"},"orders":["com.recognize_text.translate.screen","com.spaceship.screen.textcopy","com.microsoft.translator","com.gaminik.i18n","com.niven.translator","com.niven.game","com.tap_to_translate.snap_translate","com.google.android.apps.translate","com.niven.comic","at.nk.tools.iTranslate","com.tangdi.baiguotong","com.youdao.hindict","com.newmg.yurao.pro","com.galaxy.airviewdictionary","com.screen.translate.google","com.naver.labs.translator","com.translate.language.translator.voice.translation","com.niven.apptranslate","com.audacityittranslator.translatetexttranslator","com.translate.talkingtranslator"]},{"rank":{"index":2,"lang":"en","country":"in","chineseCountryName":"印度","pkg":"com.spaceship.screen.textcopy"},"orders":["com.recognize_text.translate.screen","com.spaceship.screen.textcopy","com.google.android.apps.translate","com.tap_to_translate.snap_translate","com.newmg.yurao.pro","com.niven.translator","com.gaminik.i18n","com.microsoft.translator"]},{"rank":{"index":2,"lang":"id","country":"id","chineseCountryName":"印尼","pkg":"com.spaceship.screen.textcopy"},"orders":["com.recognize_text.translate.screen","com.spaceship.screen.textcopy","com.niven.translator","com.tap_to_translate.snap_translate","com.gaminik.i18n","com.niven.game","com.niven.comic","com.youdao.hindict","com.newmg.yurao.pro","com.screen.translate.google","com.google.android.apps.translate"]},{"rank":{"index":2,"lang":"es-mx","country":"mx","chineseCountryName":"墨西哥","pkg":"com.spaceship.screen.textcopy"},"orders":["com.recognize_text.translate.screen","com.spaceship.screen.textcopy","com.niven.translator","com.gaminik.i18n","com.niven.game","com.niven.comic","com.tap_to_translate.snap_translate","com.microsoft.translator","com.google.android.apps.translate","com.newmg.yurao.pro","com.facebook.orca","com.discord","com.android.chrome","com.google.android.apps.photos","com.microsoft.office.officehubrow","com.google.android.apps.maps","at.nk.tools.iTranslate","com.microsoft.office.outlook","us.zoom.videomeetings","com.screen.translate.google"]}]