[{"rank":{"index":2,"lang":"en-us","country":"us","chineseCountryName":"美国","pkg":"com.spaceship.screen.textcopy"},"orders":["com.recognize_text.translate.screen","com.spaceship.screen.textcopy","com.tap_to_translate.snap_translate","com.google.android.apps.translate","com.microsoft.translator","com.niven.translator","com.newmg.yurao.pro","com.gaminik.i18n","com.zaz.translate","com.immersivetranslate.browser","com.naver.labs.translator","com.niven.game","com.deepl.mobiletranslator","com.niven.apptranslate"]},{"rank":{"index":0,"lang":"ru","country":"ru","chineseCountryName":"俄罗斯","pkg":"com.spaceship.screen.textcopy"},"orders":["com.recognize_text.translate.screen","com.niven.translator","com.tap_to_translate.snap_translate","com.newmg.yurao.pro","com.google.android.apps.translate","com.microsoft.translator","com.gaminik.i18n","com.niven.game","ru.yandex.translate","com.deepl.mobiletranslator","com.zaz.translate","com.immersivetranslate.browser","com.niven.apptranslate","at.nk.tools.iTranslate","com.youdao.hindict","com.naver.labs.translator","com.eecorp.linguago","com.screen.translate.google","com.tangdi.baiguotong","com.voice_camera_free_translate"]},{"rank":{"index":2,"lang":"pt-br","country":"br","chineseCountryName":"巴西","pkg":"com.spaceship.screen.textcopy"},"orders":["com.recognize_text.translate.screen","com.spaceship.screen.textcopy","com.tap_to_translate.snap_translate","com.microsoft.translator","com.niven.translator","com.gaminik.i18n","com.newmg.yurao.pro","com.google.android.apps.translate","com.niven.game","com.immersivetranslate.browser","com.deepl.mobiletranslator","com.niven.apptranslate","com.zaz.translate","at.nk.tools.iTranslate","com.eecorp.linguago","com.screen.translate.google","com.voice_camera_free_translate","ru.yandex.translate","com.naver.labs.translator","com.tangdi.baiguotong"]},{"rank":{"index":3,"lang":"fr","country":"fr","chineseCountryName":"法国","pkg":"com.spaceship.screen.textcopy"},"orders":["com.recognize_text.translate.screen","com.tap_to_translate.snap_translate","com.spaceship.screen.textcopy","com.niven.translator","com.newmg.yurao.pro","com.gaminik.i18n","com.microsoft.translator","com.google.android.apps.translate","com.niven.apptranslate","com.zaz.translate","com.eecorp.linguago","com.deepl.mobiletranslator","com.niven.game","com.screen.translate.google","at.nk.tools.iTranslate","com.immersivetranslate.browser","ru.yandex.translate","com.voice_camera_free_translate","com.eecorp.taptranslator","com.openai.chatgpt"]},{"rank":{"index":2,"lang":"en-gb","country":"gb","chineseCountryName":"英国","pkg":"com.spaceship.screen.textcopy"},"orders":["com.recognize_text.translate.screen","com.spaceship.screen.textcopy","com.tap_to_translate.snap_translate","com.google.android.apps.translate","com.microsoft.translator","com.newmg.yurao.pro","com.niven.translator","com.zaz.translate","com.gaminik.i18n","com.mobisystems.msdict.embedded.wireless.collins.ee","com.deepl.mobiletranslator","com.youdao.hindict","com.immersivetranslate.browser","at.nk.tools.iTranslate"]},{"rank":{"index":2,"lang":"de","country":"de","chineseCountryName":"德国","pkg":"com.spaceship.screen.textcopy"},"orders":["com.recognize_text.translate.screen","com.spaceship.screen.textcopy","com.tap_to_translate.snap_translate","com.newmg.yurao.pro","com.gaminik.i18n","com.microsoft.translator","com.niven.translator","com.google.android.apps.translate","com.zaz.translate","com.niven.game","com.immersivetranslate.browser","com.deepl.mobiletranslator"]},{"rank":{"index":2,"lang":"it","country":"it","chineseCountryName":"意大利","pkg":"com.spaceship.screen.textcopy"},"orders":["com.recognize_text.translate.screen","com.spaceship.screen.textcopy","com.tap_to_translate.snap_translate","com.niven.translator","com.newmg.yurao.pro","com.gaminik.i18n","com.microsoft.translator","com.google.android.apps.translate","com.zaz.translate","com.deepl.mobiletranslator","com.niven.game","at.nk.tools.iTranslate","com.immersivetranslate.browser","com.niven.apptranslate","com.screen.translate.google","com.eecorp.linguago","ru.yandex.translate","com.tangdi.baiguotong","com.voice_camera_free_translate","com.mobisystems.msdict.embedded.wireless.collins.ee"]},{"rank":{"index":3,"lang":"ja","country":"jp","chineseCountryName":"日本","pkg":"com.spaceship.screen.textcopy"},"orders":["com.recognize_text.translate.screen","com.tap_to_translate.snap_translate","com.spaceship.screen.textcopy","com.newmg.yurao.pro","com.niven.translator","com.gaminik.i18n","com.microsoft.translator","com.google.android.apps.translate","com.deepl.mobiletranslator","com.naver.labs.translator","com.niven.apptranslate","com.niven.game","com.immersivetranslate.browser"]},{"rank":{"index":3,"lang":"ko","country":"kr","chineseCountryName":"韩国","pkg":"com.spaceship.screen.textcopy"},"orders":["com.recognize_text.translate.screen","com.tap_to_translate.snap_translate","com.spaceship.screen.textcopy","com.newmg.yurao.pro","com.niven.translator","com.gaminik.i18n","com.microsoft.translator","com.naver.labs.translator","com.zaz.translate","com.immersivetranslate.browser","com.google.android.apps.translate","com.niven.game","com.niven.apptranslate","com.eecorp.linguago","com.screen.translate.google","at.nk.tools.iTranslate","com.deepl.mobiletranslator","com.youdao.hindict","ru.yandex.translate","com.openai.chatgpt"]},{"rank":{"index":2,"lang":"zh-hk","country":"hk","chineseCountryName":"香港","pkg":"com.spaceship.screen.textcopy"},"orders":["com.recognize_text.translate.screen","com.spaceship.screen.textcopy","com.microsoft.translator","com.google.android.apps.translate","com.niven.translator","com.tap_to_translate.snap_translate","com.newmg.yurao.pro","com.gaminik.i18n","com.zaz.translate","com.immersivetranslate.browser","at.nk.tools.iTranslate","com.naver.labs.translator","com.niven.game","com.niven.apptranslate","com.tangdi.baiguotong","com.deepl.mobiletranslator","com.eecorp.linguago","com.screen.translate.google","ru.yandex.translate","com.datacomprojects.scanandtranslate"]},{"rank":{"index":2,"lang":"zh-tw","country":"tw","chineseCountryName":"台湾","pkg":"com.spaceship.screen.textcopy"},"orders":["com.recognize_text.translate.screen","com.spaceship.screen.textcopy","com.newmg.yurao.pro","com.google.android.apps.translate","com.tap_to_translate.snap_translate","com.microsoft.translator","com.niven.translator","com.gaminik.i18n","com.immersivetranslate.browser","com.zaz.translate","com.niven.game","com.naver.labs.translator","at.nk.tools.iTranslate","com.youdao.hindict","com.niven.apptranslate","com.tangdi.baiguotong","com.deepl.mobiletranslator","com.eecorp.linguago","com.screen.translate.google","ru.yandex.translate"]},{"rank":{"index":2,"lang":"en","country":"in","chineseCountryName":"印度","pkg":"com.spaceship.screen.textcopy"},"orders":["com.recognize_text.translate.screen","com.spaceship.screen.textcopy","com.google.android.apps.translate","com.newmg.yurao.pro"]},{"rank":{"index":3,"lang":"id","country":"id","chineseCountryName":"印尼","pkg":"com.spaceship.screen.textcopy"},"orders":["com.recognize_text.translate.screen","com.tap_to_translate.snap_translate","com.spaceship.screen.textcopy","com.newmg.yurao.pro","com.gaminik.i18n","com.niven.translator","com.google.android.apps.translate","com.microsoft.translator","com.niven.game","com.niven.apptranslate","com.screen.translate.google","com.eecorp.linguago","com.zaz.translate","com.deepl.mobiletranslator","com.naver.labs.translator","at.nk.tools.iTranslate","com.eecorp.taptranslator","com.immersivetranslate.browser","com.voice_camera_free_translate","com.niven.comic"]},{"rank":{"index":2,"lang":"es-mx","country":"mx","chineseCountryName":"墨西哥","pkg":"com.spaceship.screen.textcopy"},"orders":["com.recognize_text.translate.screen","com.spaceship.screen.textcopy","com.tap_to_translate.snap_translate","com.newmg.yurao.pro","com.gaminik.i18n","com.niven.translator","com.microsoft.translator","com.google.android.apps.translate","com.niven.game","com.niven.apptranslate","at.nk.tools.iTranslate","com.zaz.translate","com.deepl.mobiletranslator","com.eecorp.linguago","com.screen.translate.google","com.immersivetranslate.browser","ru.yandex.translate","com.tangdi.baiguotong","com.google.ar.lens","com.eecorp.taptranslator"]}]