[{"rank":{"index":2,"lang":"en-us","country":"us","chineseCountryName":"美国","pkg":"com.spaceship.screen.textcopy"},"orders":["com.recognize_text.translate.screen","com.spaceship.screen.textcopy","com.niven.translator","com.tap_to_translate.snap_translate","com.microsoft.translator","com.google.android.apps.translate","com.gaminik.i18n","com.niven.game","com.zaz.translate","at.nk.tools.iTranslate","com.translate.talkingtranslator","com.newmg.yurao.pro","com.language.translate.free.translator.voice.translation","com.niven.comic","com.google.ar.lens","com.translate.language.translator.voice.translation","com.deepl.mobiletranslator","com.screen.translate.google","com.datacomprojects.scanandtranslate","com.sayhi.android.sayhitranslate"]},{"rank":{"index":2,"lang":"ru","country":"ru","chineseCountryName":"俄罗斯","pkg":"com.spaceship.screen.textcopy"},"orders":["com.recognize_text.translate.screen","com.spaceship.screen.textcopy","com.niven.translator","com.tap_to_translate.snap_translate","com.microsoft.translator","com.niven.game","com.gaminik.i18n","com.newmg.yurao.pro","com.google.android.apps.translate","com.datacomprojects.scanandtranslate","ru.yandex.translate","at.nk.tools.iTranslate","com.zaz.translate","com.deepl.mobiletranslator","com.niven.comic","com.language.translate.free.translator.voice.translation","com.screen.translate.google","com.google.ar.lens","com.tangdi.baiguotong","com.translate.talkingtranslator"]},{"rank":{"index":2,"lang":"pt-br","country":"br","chineseCountryName":"巴西","pkg":"com.spaceship.screen.textcopy"},"orders":["com.recognize_text.translate.screen","com.spaceship.screen.textcopy","com.tap_to_translate.snap_translate","com.niven.translator","com.microsoft.translator","com.niven.game","com.gaminik.i18n","com.niven.comic","at.nk.tools.iTranslate","com.newmg.yurao.pro","com.translate.language.translator.voice.translation","com.screen.translate.google","com.zaz.translate","com.language.translate.free.translator.voice.translation","com.google.android.apps.translate","com.deepl.mobiletranslator","com.niven.apptranslate","com.eecorp.taptranslator","com.youdao.hindict","com.screen.translator.text.recognize"]},{"rank":{"index":2,"lang":"fr","country":"fr","chineseCountryName":"法国","pkg":"com.spaceship.screen.textcopy"},"orders":["com.recognize_text.translate.screen","com.spaceship.screen.textcopy","com.tap_to_translate.snap_translate","com.microsoft.translator","com.niven.translator","com.gaminik.i18n","com.niven.game","at.nk.tools.iTranslate","com.zaz.translate","com.google.android.apps.translate","com.translate.talkingtranslator","com.newmg.yurao.pro","com.niven.comic","com.deepl.mobiletranslator","com.language.translate.free.translator.voice.translation","com.datacomprojects.scanandtranslate","com.translate.language.translator.voice.translation","com.screen.translate.google","com.google.ar.lens","com.tangdi.baiguotong"]},{"rank":{"index":2,"lang":"en-gb","country":"gb","chineseCountryName":"英国","pkg":"com.spaceship.screen.textcopy"},"orders":["com.recognize_text.translate.screen","com.spaceship.screen.textcopy","com.tap_to_translate.snap_translate","com.gaminik.i18n","com.microsoft.translator","com.google.android.apps.translate","com.niven.translator","at.nk.tools.iTranslate","com.niven.game","com.zaz.translate","com.translate.talkingtranslator","com.newmg.yurao.pro","com.niven.comic","com.language.translate.free.translator.voice.translation","com.google.ar.lens","com.screen.translate.google","com.deepl.mobiletranslator","com.translate.language.translator.voice.translation","com.datacomprojects.scanandtranslate","com.sayhi.android.sayhitranslate"]},{"rank":{"index":2,"lang":"de","country":"de","chineseCountryName":"德国","pkg":"com.spaceship.screen.textcopy"},"orders":["com.recognize_text.translate.screen","com.spaceship.screen.textcopy","com.tap_to_translate.snap_translate","com.microsoft.translator","com.niven.translator","com.gaminik.i18n","com.niven.game","at.nk.tools.iTranslate","com.deepl.mobiletranslator","com.translate.talkingtranslator","com.google.android.apps.translate","com.zaz.translate","com.newmg.yurao.pro","com.niven.comic","com.language.translate.free.translator.voice.translation","com.screen.translate.google","com.tangdi.baiguotong","com.translate.language.translator.voice.translation","com.google.ar.lens","com.datacomprojects.scanandtranslate"]},{"rank":{"index":2,"lang":"it","country":"it","chineseCountryName":"意大利","pkg":"com.spaceship.screen.textcopy"},"orders":["com.recognize_text.translate.screen","com.spaceship.screen.textcopy","com.niven.game","com.tap_to_translate.snap_translate","com.microsoft.translator","com.niven.translator","com.gaminik.i18n","at.nk.tools.iTranslate","com.zaz.translate","com.niven.comic","com.newmg.yurao.pro","com.language.translate.free.translator.voice.translation","com.google.android.apps.translate","com.screen.translate.google","com.deepl.mobiletranslator","com.translate.talkingtranslator","com.translate.language.translator.voice.translation","com.google.ar.lens","com.datacomprojects.scanandtranslate","com.tangdi.baiguotong"]},{"rank":{"index":2,"lang":"ja","country":"jp","chineseCountryName":"日本","pkg":"com.spaceship.screen.textcopy"},"orders":["com.recognize_text.translate.screen","com.spaceship.screen.textcopy","com.tap_to_translate.snap_translate","com.niven.game","com.gaminik.i18n","com.microsoft.translator","com.niven.translator","com.newmg.yurao.pro","com.niven.comic","at.nk.tools.iTranslate","com.deepl.mobiletranslator","com.screen.translate.google","com.language.translate.free.translator.voice.translation","com.google.android.apps.translate"]},{"rank":{"index":2,"lang":"ko","country":"kr","chineseCountryName":"韩国","pkg":"com.spaceship.screen.textcopy"},"orders":["com.recognize_text.translate.screen","com.spaceship.screen.textcopy","com.tap_to_translate.snap_translate","com.microsoft.translator","com.google.android.apps.translate","com.niven.translator","com.gaminik.i18n","com.niven.game","at.nk.tools.iTranslate","com.zaz.translate","com.deepl.mobiletranslator","com.naver.labs.translator","com.google.ar.lens","com.newmg.yurao.pro","com.language.translate.free.translator.voice.translation","com.niven.comic","com.translate.talkingtranslator","com.flitto.app","com.datacomprojects.scanandtranslate","com.screen.translate.google"]},{"rank":{"index":1,"lang":"zh-hk","country":"hk","chineseCountryName":"香港","pkg":"com.spaceship.screen.textcopy"},"orders":["com.spaceship.screen.textcopy","com.recognize_text.translate.screen","com.microsoft.translator","com.tap_to_translate.snap_translate","com.google.android.apps.translate","com.niven.translator","com.gaminik.i18n","at.nk.tools.iTranslate","com.niven.game","com.zaz.translate","com.newmg.yurao.pro","com.translate.talkingtranslator","com.niven.comic","com.screen.translate.google","com.deepl.mobiletranslator","com.language.translate.free.translator.voice.translation","com.google.ar.lens","com.tangdi.baiguotong","com.datacomprojects.scanandtranslate","com.translate.language.translator.voice.translation"]},{"rank":{"index":2,"lang":"zh-tw","country":"tw","chineseCountryName":"台湾","pkg":"com.spaceship.screen.textcopy"},"orders":["com.recognize_text.translate.screen","com.spaceship.screen.textcopy","com.microsoft.translator","com.tap_to_translate.snap_translate","com.google.android.apps.translate","com.niven.translator","com.gaminik.i18n","at.nk.tools.iTranslate","com.niven.game","com.translate.talkingtranslator","com.zaz.translate","com.google.ar.lens","com.newmg.yurao.pro","com.deepl.mobiletranslator","com.language.translate.free.translator.voice.translation","com.niven.comic","com.tangdi.baiguotong","com.screen.translate.google","com.datacomprojects.scanandtranslate","com.translate.language.translator.voice.translation"]},{"rank":{"index":2,"lang":"en","country":"in","chineseCountryName":"印度","pkg":"com.spaceship.screen.textcopy"},"orders":["com.recognize_text.translate.screen","com.spaceship.screen.textcopy","com.tap_to_translate.snap_translate"]},{"rank":{"index":2,"lang":"id","country":"id","chineseCountryName":"印尼","pkg":"com.spaceship.screen.textcopy"},"orders":["com.recognize_text.translate.screen","com.spaceship.screen.textcopy","com.tap_to_translate.snap_translate","com.niven.translator","com.niven.game","com.gaminik.i18n","com.microsoft.translator","com.niven.comic","com.screen.translate.google","com.newmg.yurao.pro","at.nk.tools.iTranslate","com.deepl.mobiletranslator"]},{"rank":{"index":2,"lang":"es-mx","country":"mx","chineseCountryName":"墨西哥","pkg":"com.spaceship.screen.textcopy"},"orders":["com.recognize_text.translate.screen","com.spaceship.screen.textcopy","com.niven.translator","com.microsoft.translator","com.tap_to_translate.snap_translate","com.gaminik.i18n","com.niven.game","at.nk.tools.iTranslate","com.niven.comic","com.newmg.yurao.pro","com.google.android.apps.translate","com.zaz.translate","com.language.translate.free.translator.voice.translation","com.screen.translate.google","com.aldoo.pdftranslatorpro","com.youdao.hindict","com.google.ar.lens","com.deepl.mobiletranslator","com.niven.apptranslate","com.translate.language.translator.voice.translation"]}]