[{"rank":{"index":2,"lang":"en-us","country":"us","chineseCountryName":"美国","pkg":"com.spaceship.screen.textcopy"},"orders":["com.recognize_text.translate.screen","com.spaceship.screen.textcopy","com.tap_to_translate.snap_translate","com.google.android.apps.translate","com.newmg.yurao.pro","com.gaminik.i18n","com.niven.translator","com.niven.game","com.niven.comic","com.microsoft.translator","com.niven.apptranslate","com.datacomprojects.scanandtranslate","com.screen.translate.google","com.translate.talkingtranslator","com.facebook.orca","com.naver.labs.translator","com.sayhi.android.sayhitranslate","com.google.android.apps.photos","com.google.android.apps.maps","com.ticktalk.translatevoice"]},{"rank":{"index":2,"lang":"ru","country":"ru","chineseCountryName":"俄罗斯","pkg":"com.spaceship.screen.textcopy"},"orders":["com.recognize_text.translate.screen","com.spaceship.screen.textcopy","com.tap_to_translate.snap_translate","com.gaminik.i18n","com.niven.translator","com.niven.game","com.newmg.yurao.pro","com.niven.comic","com.niven.apptranslate","ru.yandex.translate","com.screen.translate.google","com.google.android.apps.translate","com.facebook.orca","com.discord","us.zoom.videomeetings","com.android.chrome","com.google.android.dialer","com.camerasideas.instashot","com.lenovo.anyshare.gps","com.google.android.apps.photos"]},{"rank":{"index":2,"lang":"fr","country":"fr","chineseCountryName":"法国","pkg":"com.spaceship.screen.textcopy"},"orders":["com.recognize_text.translate.screen","com.spaceship.screen.textcopy","com.tap_to_translate.snap_translate","com.niven.game","com.gaminik.i18n","com.niven.translator","com.niven.comic","com.newmg.yurao.pro","com.niven.apptranslate","com.google.android.apps.translate","com.screen.translate.google","com.facebook.orca","com.translate.talkingtranslator","com.discord","com.microsoft.translator","com.deepl.mobiletranslator","com.google.android.apps.photos","com.twitter.android","us.zoom.videomeetings","com.skype.raider"]},{"rank":{"index":2,"lang":"en-gb","country":"gb","chineseCountryName":"英国","pkg":"com.spaceship.screen.textcopy"},"orders":["com.recognize_text.translate.screen","com.spaceship.screen.textcopy","com.gaminik.i18n","com.google.android.apps.translate","com.newmg.yurao.pro","com.niven.translator","com.niven.game","com.tap_to_translate.snap_translate","com.niven.comic","com.niven.apptranslate","com.microsoft.translator","com.datacomprojects.scanandtranslate","com.screen.translate.google","com.google.android.apps.photos","com.facebook.orca","com.google.android.apps.maps","com.skype.raider","us.zoom.videomeetings","com.android.chrome","com.duolingo"]},{"rank":{"index":2,"lang":"de","country":"de","chineseCountryName":"德国","pkg":"com.spaceship.screen.textcopy"},"orders":["com.recognize_text.translate.screen","com.spaceship.screen.textcopy","com.tap_to_translate.snap_translate","com.gaminik.i18n","com.niven.game","com.niven.translator","com.google.android.apps.translate","com.microsoft.translator","com.niven.comic","com.newmg.yurao.pro","com.deepl.mobiletranslator","com.niven.apptranslate","com.youdao.hindict","com.translate.talkingtranslator","com.datacomprojects.scanandtranslate","com.softissimo.reverso.context","com.flitto.app","at.nk.tools.iTranslate","com.screen.translate.google","com.erudite.translator"]},{"rank":{"index":2,"lang":"it","country":"it","chineseCountryName":"意大利","pkg":"com.spaceship.screen.textcopy"},"orders":["com.recognize_text.translate.screen","com.spaceship.screen.textcopy","com.niven.game","com.gaminik.i18n","com.niven.translator","com.tap_to_translate.snap_translate","com.niven.comic","com.newmg.yurao.pro","com.niven.apptranslate","com.google.android.apps.translate","com.translate.talkingtranslator","com.microsoft.translator","com.screen.translate.google","com.softissimo.reverso.context","com.deepl.mobiletranslator","com.facebook.orca","com.ticktalk.translatevoice","com.discord","com.google.android.apps.photos","com.flitto.app"]},{"rank":{"index":2,"lang":"ja","country":"jp","chineseCountryName":"日本","pkg":"com.spaceship.screen.textcopy"},"orders":["com.recognize_text.translate.screen","com.spaceship.screen.textcopy","com.niven.game","com.gaminik.i18n","com.niven.apptranslate","com.niven.translator","com.tap_to_translate.snap_translate","com.newmg.yurao.pro","com.niven.comic","com.google.android.apps.translate","com.facebook.orca","com.naver.labs.translator","com.google.ar.lens","com.screen.translate.google","com.twitter.android","com.discord","com.android.chrome","com.google.android.apps.maps","us.zoom.videomeetings","com.deepl.mobiletranslator"]},{"rank":{"index":2,"lang":"ko","country":"kr","chineseCountryName":"韩国","pkg":"com.spaceship.screen.textcopy"},"orders":["com.recognize_text.translate.screen","com.spaceship.screen.textcopy","com.tap_to_translate.snap_translate","com.gaminik.i18n","com.niven.game","com.niven.apptranslate","com.niven.translator","com.niven.comic","com.newmg.yurao.pro","com.google.android.apps.translate","com.naver.labs.translator","com.facebook.orca","com.twitter.android","com.discord","us.zoom.videomeetings","com.android.chrome","com.google.android.apps.photos","com.screen.translate.google","com.duolingo","com.google.android.apps.docs"]},{"rank":{"index":2,"lang":"zh-hk","country":"hk","chineseCountryName":"香港","pkg":"com.spaceship.screen.textcopy"},"orders":["com.recognize_text.translate.screen","com.spaceship.screen.textcopy","com.gaminik.i18n","com.newmg.yurao.pro","com.niven.game","com.niven.translator","com.tap_to_translate.snap_translate","com.niven.comic","com.google.android.apps.translate","com.facebook.orca","com.android.chrome","com.google.android.apps.maps","com.discord","com.twitter.android","us.zoom.videomeetings","com.screen.translate.google","com.duolingo","com.google.android.apps.photos","com.skype.raider","com.microsoft.translator"]},{"rank":{"index":2,"lang":"zh-tw","country":"tw","chineseCountryName":"台湾","pkg":"com.spaceship.screen.textcopy"},"orders":["com.recognize_text.translate.screen","com.spaceship.screen.textcopy","com.gaminik.i18n","com.tap_to_translate.snap_translate","com.niven.game","com.niven.translator","com.newmg.yurao.pro","com.niven.comic","com.google.android.apps.translate","com.niven.apptranslate","com.screen.translate.google","com.facebook.orca","com.discord","com.android.chrome","com.twitter.android","com.google.android.apps.maps","com.ticktalk.translatevoice","com.translate.talkingtranslator","com.skype.raider","com.google.android.apps.docs.editors.sheets"]},{"rank":{"index":3,"lang":"en","country":"in","chineseCountryName":"印度","pkg":"com.spaceship.screen.textcopy"},"orders":["com.recognize_text.translate.screen","com.tap_to_translate.snap_translate","com.spaceship.screen.textcopy","com.google.android.apps.translate","com.newmg.yurao.pro","com.gaminik.i18n"]},{"rank":{"index":2,"lang":"id","country":"id","chineseCountryName":"印尼","pkg":"com.spaceship.screen.textcopy"},"orders":["com.recognize_text.translate.screen","com.spaceship.screen.textcopy","com.tap_to_translate.snap_translate","com.gaminik.i18n","com.newmg.yurao.pro","com.niven.translator","com.niven.game","com.niven.comic","com.youdao.hindict","com.google.android.apps.translate","com.niven.apptranslate","com.naver.labs.translator","com.screen.translate.google"]},{"rank":{"index":3,"lang":"es-mx","country":"mx","chineseCountryName":"墨西哥","pkg":"com.spaceship.screen.textcopy"},"orders":["com.recognize_text.translate.screen","com.tap_to_translate.snap_translate","com.spaceship.screen.textcopy","com.google.android.apps.translate","com.niven.game","com.niven.translator","com.youdao.hindict","com.microsoft.translator","com.niven.comic","at.nk.tools.iTranslate","com.ticktalk.translatevoice","com.deepl.mobiletranslator","com.translate.talkingtranslator","com.naver.labs.translator","ru.yandex.translate","com.google.ar.lens","com.newmg.yurao.pro","com.google.android.marvin.talkback","com.softissimo.reverso.context","com.gaminik.i18n"]}]