[{"rank":{"index":2,"lang":"en-us","country":"us","chineseCountryName":"美国","pkg":"com.spaceship.screen.textcopy"},"orders":["com.recognize_text.translate.screen","com.spaceship.screen.textcopy","com.google.android.apps.translate","com.screen.translate.google","com.niven.translator","com.gaminik.i18n","com.niven.game","com.microsoft.translator","com.newmg.yurao.pro","at.nk.tools.iTranslate","com.niven.comic","com.translate.language.translator.voice.translation","com.zaz.translate","com.deepl.mobiletranslator","com.sayhi.android.sayhitranslate","ru.yandex.translate","com.eecorp.taptranslator","com.translate.talkingtranslator","com.naver.labs.translator","com.facebook.orca"]},{"rank":{"index":2,"lang":"ru","country":"ru","chineseCountryName":"俄罗斯","pkg":"com.spaceship.screen.textcopy"},"orders":["com.recognize_text.translate.screen","com.spaceship.screen.textcopy","com.gaminik.i18n","com.niven.translator","com.niven.game","com.screen.translate.google","ru.yandex.translate","com.newmg.yurao.pro","com.niven.comic","com.google.android.apps.translate","com.deepl.mobiletranslator","com.android.chrome","com.facebook.orca","com.duolingo","com.discord","com.google.android.apps.nbu.files","com.microsoft.translator","com.google.android.dialer","us.zoom.videomeetings","com.google.android.apps.photos"]},{"rank":{"index":2,"lang":"fr","country":"fr","chineseCountryName":"法国","pkg":"com.spaceship.screen.textcopy"},"orders":["com.recognize_text.translate.screen","com.spaceship.screen.textcopy","com.niven.game","com.gaminik.i18n","com.screen.translate.google","com.niven.translator","com.niven.comic","com.google.android.apps.translate","com.newmg.yurao.pro","com.zaz.translate","ru.yandex.translate","com.microsoft.translator","com.image.camera.translate.ai","com.deepl.mobiletranslator","com.tap_to_translate.snap_translate","com.duolingo","at.nk.tools.iTranslate","com.facebook.orca","com.eecorp.taptranslator","com.android.chrome"]},{"rank":{"index":2,"lang":"en-gb","country":"gb","chineseCountryName":"英国","pkg":"com.spaceship.screen.textcopy"},"orders":["com.recognize_text.translate.screen","com.spaceship.screen.textcopy","com.gaminik.i18n","com.google.android.apps.translate","com.screen.translate.google","com.niven.translator","com.microsoft.translator","com.niven.game","at.nk.tools.iTranslate","com.newmg.yurao.pro","com.zaz.translate","ru.yandex.translate","com.niven.comic","com.translate.language.translator.voice.translation","com.deepl.mobiletranslator","com.eecorp.taptranslator","com.sayhi.android.sayhitranslate","com.duolingo","com.facebook.orca","com.android.chrome"]},{"rank":{"index":2,"lang":"de","country":"de","chineseCountryName":"德国","pkg":"com.spaceship.screen.textcopy"},"orders":["com.recognize_text.translate.screen","com.spaceship.screen.textcopy","com.niven.game","com.gaminik.i18n","com.screen.translate.google","com.niven.translator","com.google.android.apps.translate","com.newmg.yurao.pro","com.niven.comic","com.microsoft.translator","ru.yandex.translate","com.deepl.mobiletranslator","com.zaz.translate","at.nk.tools.iTranslate","com.facebook.orca","com.eecorp.taptranslator","com.flabs.screen.translate","com.discord","com.android.chrome","com.duolingo"]},{"rank":{"index":2,"lang":"it","country":"it","chineseCountryName":"意大利","pkg":"com.spaceship.screen.textcopy"},"orders":["com.recognize_text.translate.screen","com.spaceship.screen.textcopy","com.niven.game","com.gaminik.i18n","com.screen.translate.google","com.niven.translator","com.newmg.yurao.pro","com.niven.comic","com.google.android.apps.translate","com.microsoft.translator","com.deepl.mobiletranslator","com.facebook.orca","com.flabs.screen.translate","com.duolingo","com.eecorp.taptranslator","com.discord","com.google.android.apps.photos","com.google.android.apps.maps","com.canva.editor","com.android.chrome"]},{"rank":{"index":2,"lang":"ja","country":"jp","chineseCountryName":"日本","pkg":"com.spaceship.screen.textcopy"},"orders":["com.recognize_text.translate.screen","com.spaceship.screen.textcopy","com.niven.game","com.gaminik.i18n","com.niven.translator","com.screen.translate.google","com.niven.comic","com.google.android.apps.translate","com.newmg.yurao.pro","com.deepl.mobiletranslator","com.facebook.orca","com.android.chrome","com.microsoft.translator","com.discord","com.google.android.apps.maps","com.google.android.apps.nbu.files","com.naver.labs.translator","com.amazon.kindle","com.duolingo","us.zoom.videomeetings"]},{"rank":{"index":2,"lang":"ko","country":"kr","chineseCountryName":"韩国","pkg":"com.spaceship.screen.textcopy"},"orders":["com.recognize_text.translate.screen","com.spaceship.screen.textcopy","com.niven.game","com.gaminik.i18n","com.screen.translate.google","com.niven.translator","com.tap_to_translate.snap_translate","com.niven.comic","com.google.android.apps.translate","com.newmg.yurao.pro","com.naver.labs.translator","com.flabs.screen.translate","ru.yandex.translate","com.microsoft.translator","com.deepl.mobiletranslator","com.niven.apptranslate","com.eecorp.taptranslator","com.languagetranslator.translatorapp.smartscanner.dictionary.translation.voicetranslator","com.duolingo","at.nk.tools.iTranslate"]},{"rank":{"index":2,"lang":"zh-hk","country":"hk","chineseCountryName":"香港","pkg":"com.spaceship.screen.textcopy"},"orders":["com.recognize_text.translate.screen","com.spaceship.screen.textcopy","com.niven.game","com.gaminik.i18n","com.screen.translate.google","com.niven.translator","com.google.android.apps.translate","com.niven.comic","com.newmg.yurao.pro","com.microsoft.translator","at.nk.tools.iTranslate","com.zaz.translate","com.android.chrome","com.eecorp.taptranslator","com.facebook.orca","com.google.android.apps.maps","com.image.camera.translate.ai","com.naver.labs.translator","com.deepl.mobiletranslator","com.duolingo"]},{"rank":{"index":2,"lang":"zh-tw","country":"tw","chineseCountryName":"台湾","pkg":"com.spaceship.screen.textcopy"},"orders":["com.recognize_text.translate.screen","com.spaceship.screen.textcopy","com.niven.game","com.gaminik.i18n","com.screen.translate.google","com.niven.translator","com.google.android.apps.translate","com.newmg.yurao.pro","com.niven.comic","com.microsoft.translator","at.nk.tools.iTranslate","com.zaz.translate","com.naver.labs.translator","com.facebook.orca","com.android.chrome","com.google.android.apps.maps","com.discord","com.duolingo","ru.yandex.translate","com.deepl.mobiletranslator"]},{"rank":{"index":2,"lang":"en","country":"in","chineseCountryName":"印度","pkg":"com.spaceship.screen.textcopy"},"orders":["com.recognize_text.translate.screen","com.spaceship.screen.textcopy","com.google.android.apps.translate","com.screen.translate.google","com.newmg.yurao.pro","com.zaz.translate","com.niven.translator","com.niven.game","com.tap_to_translate.snap_translate","com.microsoft.translator","at.nk.tools.iTranslate","com.naver.labs.translator","com.deepl.mobiletranslator","ru.yandex.translate","com.google.ar.lens","com.sayhi.android.sayhitranslate","com.gaminik.i18n"]},{"rank":{"index":2,"lang":"id","country":"id","chineseCountryName":"印尼","pkg":"com.spaceship.screen.textcopy"},"orders":["com.recognize_text.translate.screen","com.spaceship.screen.textcopy","com.niven.game","com.gaminik.i18n","com.niven.translator","com.screen.translate.google","com.niven.comic","com.newmg.yurao.pro","com.google.android.apps.translate","com.tap_to_translate.snap_translate"]},{"rank":{"index":2,"lang":"es-mx","country":"mx","chineseCountryName":"墨西哥","pkg":"com.spaceship.screen.textcopy"},"orders":["com.recognize_text.translate.screen","com.spaceship.screen.textcopy","com.niven.game","com.screen.translate.google","com.tap_to_translate.snap_translate","com.google.android.apps.translate","droom.sleepIfUCan","at.nk.tools.iTranslate","com.zaz.translate","com.microsoft.translator","com.deepl.mobiletranslator","ru.yandex.translate","com.niven.comic","com.youdao.hindict","com.naver.labs.translator","com.newmg.yurao.pro","com.microblink.photomath","com.gaminik.i18n","com.niven.translator"]}]