[{"rank":{"index":2,"lang":"en-us","country":"us","chineseCountryName":"美国","pkg":"com.spaceship.screen.textcopy"},"orders":["com.recognize_text.translate.screen","com.spaceship.screen.textcopy","com.screen.translate.google","com.galaxy.airviewdictionary","com.niven.translator","com.tap_to_translate.snap_translate","com.gaminik.i18n","com.yoyodev.screentranslate","com.newmg.yurao.pro","com.newtranslate.google","com.niven.apptranslate","com.aurasense.screentranslate","com.screen.translator.text.recognize","com.eecorp.linguago","com.niven.game","com.google.android.apps.translate","live.screentranslate.realtime","com.mg.chat","com.deepl.mobiletranslator","com.zaz.translate"]},{"rank":{"index":3,"lang":"ru","country":"ru","chineseCountryName":"俄罗斯","pkg":"com.spaceship.screen.textcopy"},"orders":["com.recognize_text.translate.screen","com.niven.translator","com.spaceship.screen.textcopy","com.screen.translate.google","com.galaxy.airviewdictionary","com.tap_to_translate.snap_translate","com.gaminik.i18n","com.niven.apptranslate","com.yoyodev.screentranslate","com.screen.translator.text.recognize","com.newmg.yurao.pro","com.eecorp.linguago","com.niven.game","com.newtranslate.google","live.screentranslate.realtime","com.google.android.apps.translate","ru.yandex.translate","com.immersivetranslate.browser","com.zaz.translate","com.niven.comic"]},{"rank":{"index":2,"lang":"pt-br","country":"br","chineseCountryName":"巴西","pkg":"com.spaceship.screen.textcopy"},"orders":["com.recognize_text.translate.screen","com.spaceship.screen.textcopy","com.galaxy.airviewdictionary","com.niven.translator","com.screen.translate.google","com.tap_to_translate.snap_translate","com.newtranslate.google","com.niven.apptranslate","com.gaminik.i18n","com.eecorp.linguago","com.screen.translator.text.recognize","com.niven.game","com.flabs.screen.translate","com.newmg.yurao.pro","screen.translator.voice.translate","live.screentranslate.realtime","com.google.android.apps.translate","com.niven.comic","com.eecorp.taptranslator","com.immersivetranslate.browser"]},{"rank":{"index":2,"lang":"fr","country":"fr","chineseCountryName":"法国","pkg":"com.spaceship.screen.textcopy"},"orders":["com.recognize_text.translate.screen","com.spaceship.screen.textcopy","com.screen.translate.google","com.tap_to_translate.snap_translate","com.galaxy.airviewdictionary","com.niven.translator","com.yoyodev.screentranslate","com.newtranslate.google","com.niven.apptranslate","com.gaminik.i18n","com.eecorp.linguago","com.screen.translator.text.recognize","com.flabs.screen.translate","com.niven.game","screen.translator.voice.translate","com.newmg.yurao.pro","com.niven.comic","com.google.android.apps.translate","live.screentranslate.realtime","com.eecorp.taptranslator"]},{"rank":{"index":2,"lang":"en-gb","country":"gb","chineseCountryName":"英国","pkg":"com.spaceship.screen.textcopy"},"orders":["com.recognize_text.translate.screen","com.spaceship.screen.textcopy","com.screen.translate.google","com.galaxy.airviewdictionary","com.newtranslate.google","com.tap_to_translate.snap_translate","com.niven.translator","com.yoyodev.screentranslate","com.gaminik.i18n","com.niven.apptranslate","com.aurasense.screentranslate","com.screen.translator.text.recognize","com.eecorp.linguago","com.newmg.yurao.pro","com.niven.game","com.flabs.screen.translate","screen.translator.voice.translate","com.google.android.apps.translate","com.niven.comic","com.deepl.mobiletranslator"]},{"rank":{"index":4,"lang":"de","country":"de","chineseCountryName":"德国","pkg":"com.spaceship.screen.textcopy"},"orders":["com.recognize_text.translate.screen","com.galaxy.airviewdictionary","com.screen.translate.google","com.spaceship.screen.textcopy","com.yoyodev.screentranslate","com.tap_to_translate.snap_translate","com.newtranslate.google","com.niven.translator","com.gaminik.i18n","com.niven.apptranslate","com.eecorp.linguago","com.screen.translator.text.recognize","com.newmg.yurao.pro","com.niven.game","com.google.android.apps.translate","com.flabs.screen.translate","com.deepl.mobiletranslator","screen.translator.voice.translate","live.screentranslate.realtime","com.google.ar.lens"]},{"rank":{"index":2,"lang":"it","country":"it","chineseCountryName":"意大利","pkg":"com.spaceship.screen.textcopy"},"orders":["com.recognize_text.translate.screen","com.spaceship.screen.textcopy","com.screen.translate.google","com.tap_to_translate.snap_translate","com.galaxy.airviewdictionary","com.yoyodev.screentranslate","com.newtranslate.google","com.niven.translator","com.screen.translator.text.recognize","com.eecorp.linguago","com.niven.apptranslate","com.gaminik.i18n","com.newmg.yurao.pro","com.flabs.screen.translate","screen.translator.voice.translate","com.niven.game","com.google.android.apps.translate","com.eecorp.taptranslator","com.niven.comic","com.deepl.mobiletranslator"]},{"rank":{"index":2,"lang":"ja","country":"jp","chineseCountryName":"日本","pkg":"com.spaceship.screen.textcopy"},"orders":["com.recognize_text.translate.screen","com.spaceship.screen.textcopy","com.screen.translate.google","com.tap_to_translate.snap_translate","com.galaxy.airviewdictionary","com.niven.translator","com.gaminik.i18n","com.niven.apptranslate","com.newmg.yurao.pro","com.screen.translator.text.recognize"]},{"rank":{"index":4,"lang":"ko","country":"kr","chineseCountryName":"韩国","pkg":"com.spaceship.screen.textcopy"},"orders":["com.recognize_text.translate.screen","com.galaxy.airviewdictionary","com.screen.translate.google","com.spaceship.screen.textcopy","com.newtranslate.google","com.tap_to_translate.snap_translate","com.niven.apptranslate","com.gaminik.i18n","com.niven.translator","com.flabs.screen.translate","com.screen.translator.text.recognize","screen.translator.voice.translate","com.eecorp.linguago"]},{"rank":{"index":4,"lang":"zh-hk","country":"hk","chineseCountryName":"香港","pkg":"com.spaceship.screen.textcopy"},"orders":["com.recognize_text.translate.screen","com.galaxy.airviewdictionary","com.screen.translate.google","com.spaceship.screen.textcopy","com.tap_to_translate.snap_translate","com.niven.translator","com.newtranslate.google","com.yoyodev.screentranslate","com.niven.apptranslate","com.google.android.apps.translate","com.aurasense.screentranslate","com.gaminik.i18n","com.eecorp.linguago","com.newmg.yurao.pro","com.screen.translator.text.recognize","com.niven.game","com.deepl.mobiletranslator","com.google.ar.lens","com.naver.labs.translator","com.microsoft.translator"]},{"rank":{"index":4,"lang":"zh-tw","country":"tw","chineseCountryName":"台湾","pkg":"com.spaceship.screen.textcopy"},"orders":["com.recognize_text.translate.screen","com.galaxy.airviewdictionary","com.screen.translate.google","com.spaceship.screen.textcopy","com.tap_to_translate.snap_translate","com.newtranslate.google","com.gaminik.i18n","com.niven.apptranslate","com.yoyodev.screentranslate","com.niven.translator","com.google.android.apps.translate"]},{"rank":{"index":0,"lang":"en","country":"in","chineseCountryName":"印度","pkg":"com.spaceship.screen.textcopy"},"orders":["com.recognize_text.translate.screen","com.tap_to_translate.snap_translate","com.gaminik.i18n","com.google.android.apps.translate","com.zaz.translate","at.nk.tools.iTranslate","ru.yandex.translate","com.google.ar.lens","com.immersivetranslate.browser","co.langlang.translator_for_wsp","com.siv","link.zhidou.btranslator","co.appnation.aivoicetranslator","com.galaxy.airviewdictionary","com.screen.translate.google","com.newtranslate.google","com.yoyodev.screentranslate","com.niven.translator","screen.translator.voice.translate","com.niven.apptranslate"]},{"rank":{"index":2,"lang":"id","country":"id","chineseCountryName":"印尼","pkg":"com.spaceship.screen.textcopy"},"orders":["com.recognize_text.translate.screen","com.spaceship.screen.textcopy","com.tap_to_translate.snap_translate","com.niven.translator","com.screen.translate.google","com.galaxy.airviewdictionary","com.newtranslate.google","com.niven.apptranslate","com.gaminik.i18n","com.yoyodev.screentranslate","com.screen.translator.text.recognize","com.niven.game","com.eecorp.linguago","com.newmg.yurao.pro","com.flabs.screen.translate","com.google.android.apps.translate"]},{"rank":{"index":12,"lang":"es-mx","country":"mx","chineseCountryName":"墨西哥","pkg":"com.spaceship.screen.textcopy"},"orders":["com.recognize_text.translate.screen","com.tap_to_translate.snap_translate","com.gaminik.i18n","com.google.android.apps.translate","com.zaz.translate","ru.yandex.translate","com.google.ar.lens","com.immersivetranslate.browser","link.zhidou.btranslator","com.siv","co.langlang.translator_for_wsp","com.spaceship.screen.textcopy","com.galaxy.airviewdictionary","com.niven.translator","com.screen.translate.google","com.newtranslate.google","com.newmg.yurao.pro","com.yoyodev.screentranslate","screen.translator.voice.translate","com.niven.game"]}]