[{"rank":{"index":2,"lang":"en-us","country":"us","chineseCountryName":"美国","pkg":"com.spaceship.screen.textcopy"},"orders":["com.recognize_text.translate.screen","com.spaceship.screen.textcopy","com.tap_to_translate.snap_translate","com.google.android.apps.translate","com.screen.translate.google","com.niven.translator","com.microsoft.translator","com.gaminik.i18n","com.newmg.yurao.pro","at.nk.tools.iTranslate","com.google.ar.lens","com.translate.language.translator.voice.translation","com.translate.talkingtranslator","com.sayhi.android.sayhitranslate","com.deepl.mobiletranslator","com.datacomprojects.scanandtranslate","com.niven.game","com.naver.labs.translator","com.language.translate.free.translator.voice.translation","com.wooask.zx"]},{"rank":{"index":2,"lang":"ru","country":"ru","chineseCountryName":"俄罗斯","pkg":"com.spaceship.screen.textcopy"},"orders":["com.recognize_text.translate.screen","com.spaceship.screen.textcopy","com.niven.translator","com.tap_to_translate.snap_translate","com.gaminik.i18n","com.newmg.yurao.pro","com.screen.translate.google","ru.yandex.translate","com.microsoft.translator","com.niven.game","com.google.android.apps.translate","com.deepl.mobiletranslator","com.niven.apptranslate","com.niven.comic","com.datacomprojects.scanandtranslate","com.google.ar.lens","com.whatsapp","com.android.chrome","com.facebook.katana","com.instagram.android"]},{"rank":{"index":2,"lang":"pt-br","country":"br","chineseCountryName":"巴西","pkg":"com.spaceship.screen.textcopy"},"orders":["com.recognize_text.translate.screen","com.spaceship.screen.textcopy","com.tap_to_translate.snap_translate","com.gaminik.i18n","com.microsoft.translator","com.google.android.apps.translate","com.deepl.mobiletranslator","com.zaz.translate","ru.yandex.translate","com.datacomprojects.scanandtranslate","com.translate.language.translator.voice.translation","com.softissimo.reverso.context","com.google.ar.lens","com.translate.talkingtranslator","com.naver.labs.translator","com.niven.translator","com.screen.translate.google","com.newmg.yurao.pro","com.niven.game","com.galaxy.airviewdictionary"]},{"rank":{"index":2,"lang":"fr","country":"fr","chineseCountryName":"法国","pkg":"com.spaceship.screen.textcopy"},"orders":["com.recognize_text.translate.screen","com.spaceship.screen.textcopy","com.tap_to_translate.snap_translate","com.niven.translator","com.screen.translate.google","com.gaminik.i18n","com.newmg.yurao.pro","com.microsoft.translator","com.google.android.apps.translate","at.nk.tools.iTranslate","com.datacomprojects.scanandtranslate","com.deepl.mobiletranslator","com.niven.game","com.voice_camera_free_translate","ru.yandex.translate","com.niven.apptranslate","com.niven.comic","com.translate.language.translator.voice.translation","com.google.ar.lens","com.translate.talkingtranslator"]},{"rank":{"index":2,"lang":"en-gb","country":"gb","chineseCountryName":"英国","pkg":"com.spaceship.screen.textcopy"},"orders":["com.recognize_text.translate.screen","com.spaceship.screen.textcopy","com.tap_to_translate.snap_translate","com.google.android.apps.translate","com.screen.translate.google","com.microsoft.translator","com.niven.translator","com.gaminik.i18n","com.newmg.yurao.pro","com.google.ar.lens","at.nk.tools.iTranslate","com.datacomprojects.scanandtranslate","com.deepl.mobiletranslator","com.niven.game","com.translate.language.translator.voice.translation","com.language.translate.free.translator.voice.translation","com.sayhi.android.sayhitranslate","com.wooask.zx","com.niven.comic","ru.yandex.translate"]},{"rank":{"index":2,"lang":"de","country":"de","chineseCountryName":"德国","pkg":"com.spaceship.screen.textcopy"},"orders":["com.recognize_text.translate.screen","com.spaceship.screen.textcopy","com.screen.translate.google","com.microsoft.translator","com.google.android.apps.translate","com.niven.translator","com.gaminik.i18n","com.tap_to_translate.snap_translate","com.newmg.yurao.pro","com.datacomprojects.scanandtranslate","at.nk.tools.iTranslate","com.deepl.mobiletranslator","com.niven.game","com.translate.talkingtranslator","com.language.translate.free.translator.voice.translation","ru.yandex.translate","com.sayhi.android.sayhitranslate","com.wooask.zx","com.niven.comic","com.translate.language.translator.voice.translation"]},{"rank":{"index":2,"lang":"it","country":"it","chineseCountryName":"意大利","pkg":"com.spaceship.screen.textcopy"},"orders":["com.recognize_text.translate.screen","com.spaceship.screen.textcopy","com.gaminik.i18n","com.niven.translator","com.newmg.yurao.pro","com.microsoft.translator","com.screen.translate.google","com.tap_to_translate.snap_translate","com.google.android.apps.translate","at.nk.tools.iTranslate","com.datacomprojects.scanandtranslate","com.niven.game","com.niven.comic","com.language.translate.free.translator.voice.translation","com.deepl.mobiletranslator","com.niven.apptranslate","com.paninitranslate","com.google.ar.lens","com.translate.language.translator.voice.translation","com.softissimo.reverso.context"]},{"rank":{"index":2,"lang":"ja","country":"jp","chineseCountryName":"日本","pkg":"com.spaceship.screen.textcopy"},"orders":["com.recognize_text.translate.screen","com.spaceship.screen.textcopy","com.tap_to_translate.snap_translate","com.niven.translator","com.screen.translate.google","com.gaminik.i18n","com.microsoft.translator","com.newmg.yurao.pro","com.google.ar.lens","com.google.android.apps.translate","com.niven.game","com.deepl.mobiletranslator","at.nk.tools.iTranslate"]},{"rank":{"index":2,"lang":"ko","country":"kr","chineseCountryName":"韩国","pkg":"com.spaceship.screen.textcopy"},"orders":["com.recognize_text.translate.screen","com.spaceship.screen.textcopy","com.tap_to_translate.snap_translate","com.niven.translator","com.gaminik.i18n","com.screen.translate.google","com.newmg.yurao.pro","com.microsoft.translator","com.google.android.apps.translate","com.niven.game","com.naver.labs.translator","com.niven.comic","com.voice_camera_free_translate","at.nk.tools.iTranslate","com.niven.apptranslate","com.deepl.mobiletranslator","com.language.translate.free.translator.voice.translation","com.translate.language.translator.voice.translation","com.google.ar.lens","com.translate.talkingtranslator"]},{"rank":{"index":2,"lang":"zh-hk","country":"hk","chineseCountryName":"香港","pkg":"com.spaceship.screen.textcopy"},"orders":["com.recognize_text.translate.screen","com.spaceship.screen.textcopy","com.gaminik.i18n","com.screen.translate.google","com.niven.translator","com.microsoft.translator","com.newmg.yurao.pro","com.google.android.apps.translate","com.tap_to_translate.snap_translate","at.nk.tools.iTranslate","com.google.ar.lens","com.immersivetranslate.browser","com.niven.game","com.deepl.mobiletranslator","com.datacomprojects.scanandtranslate","com.niven.comic","com.wooask.zx","com.language.translate.free.translator.voice.translation","com.niven.apptranslate","com.tangdi.baiguotong"]},{"rank":{"index":2,"lang":"zh-tw","country":"tw","chineseCountryName":"台湾","pkg":"com.spaceship.screen.textcopy"},"orders":["com.recognize_text.translate.screen","com.spaceship.screen.textcopy","com.tap_to_translate.snap_translate","com.screen.translate.google","com.niven.translator","com.gaminik.i18n","com.newmg.yurao.pro","com.microsoft.translator","com.google.android.apps.translate","com.niven.game","at.nk.tools.iTranslate","com.niven.comic","com.voice_camera_free_translate","com.niven.apptranslate","com.translate.talkingtranslator","com.language.translate.free.translator.voice.translation","com.google.ar.lens","com.datacomprojects.scanandtranslate","com.naver.labs.translator","com.translate.language.translator.voice.translation"]},{"rank":{"index":2,"lang":"en","country":"in","chineseCountryName":"印度","pkg":"com.spaceship.screen.textcopy"},"orders":["com.recognize_text.translate.screen","com.spaceship.screen.textcopy","com.tap_to_translate.snap_translate","com.google.android.apps.translate","com.microsoft.translator","com.gaminik.i18n","com.zaz.translate","at.nk.tools.iTranslate","com.datacomprojects.scanandtranslate","com.deepl.mobiletranslator","com.google.ar.lens","com.sayhi.android.sayhitranslate","ru.yandex.translate","com.translate.talkingtranslator","com.naver.labs.translator","com.softissimo.reverso.context","com.niven.translator","com.newmg.yurao.pro","com.screen.translate.google","screen.translator.voice.translate"]},{"rank":{"index":2,"lang":"id","country":"id","chineseCountryName":"印尼","pkg":"com.spaceship.screen.textcopy"},"orders":["com.recognize_text.translate.screen","com.spaceship.screen.textcopy","com.tap_to_translate.snap_translate","com.niven.translator","com.screen.translate.google","com.gaminik.i18n","com.newmg.yurao.pro","com.niven.game","com.google.android.apps.translate","com.microsoft.translator","com.niven.comic","com.deepl.mobiletranslator"]},{"rank":{"index":2,"lang":"es-mx","country":"mx","chineseCountryName":"墨西哥","pkg":"com.spaceship.screen.textcopy"},"orders":["com.recognize_text.translate.screen","com.spaceship.screen.textcopy","com.tap_to_translate.snap_translate","com.microsoft.translator","com.gaminik.i18n","com.google.android.apps.translate","com.deepl.mobiletranslator","com.datacomprojects.scanandtranslate","com.zaz.translate","ru.yandex.translate","com.softissimo.reverso.context","com.sayhi.android.sayhitranslate","com.translate.talkingtranslator","com.google.ar.lens","com.niven.translator","com.newmg.yurao.pro","com.screen.translate.google","com.youdao.hindict","com.niven.game","com.naver.labs.translator"]}]