[{"rank":{"index":2,"lang":"en-us","country":"us","chineseCountryName":"美国","pkg":"com.spaceship.screen.textcopy"},"orders":["com.recognize_text.translate.screen","com.spaceship.screen.textcopy","com.tap_to_translate.snap_translate","com.google.android.apps.translate","com.screen.translate.google","com.niven.translator","com.microsoft.translator","com.gaminik.i18n","com.niven.game","com.newmg.yurao.pro","at.nk.tools.iTranslate","com.niven.comic","com.translate.talkingtranslator","com.language.translate.free.translator.voice.translation","com.google.ar.lens","com.deepl.mobiletranslator","com.datacomprojects.scanandtranslate","com.erudite.translator","com.sayhi.android.sayhitranslate","com.translate.language.translator.voice.translation"]},{"rank":{"index":2,"lang":"ru","country":"ru","chineseCountryName":"俄罗斯","pkg":"com.spaceship.screen.textcopy"},"orders":["com.recognize_text.translate.screen","com.spaceship.screen.textcopy","com.niven.translator","com.tap_to_translate.snap_translate","com.screen.translate.google","com.gaminik.i18n","com.niven.game","com.newmg.yurao.pro","com.niven.comic","ru.yandex.translate","com.language.translate.free.translator.voice.translation","com.microsoft.translator","com.niven.apptranslate","com.voice_camera_free_translate","com.google.android.apps.translate","com.ticktalk.translatevoice","com.deepl.mobiletranslator","com.datacomprojects.scanandtranslate","com.translate.language.translator.voice.translation","at.nk.tools.iTranslate"]},{"rank":{"index":2,"lang":"pt-br","country":"br","chineseCountryName":"巴西","pkg":"com.spaceship.screen.textcopy"},"orders":["com.recognize_text.translate.screen","com.spaceship.screen.textcopy","com.tap_to_translate.snap_translate","com.gaminik.i18n","com.niven.game","com.microsoft.translator","com.google.android.apps.translate","at.nk.tools.iTranslate","com.deepl.mobiletranslator","com.zaz.translate","com.translate.talkingtranslator","com.sayhi.android.sayhitranslate","ru.yandex.translate","com.softissimo.reverso.context","com.niven.translator","com.screen.translate.google","com.newmg.yurao.pro","com.niven.comic","com.galaxy.airviewdictionary","com.niven.apptranslate"]},{"rank":{"index":3,"lang":"fr","country":"fr","chineseCountryName":"法国","pkg":"com.spaceship.screen.textcopy"},"orders":["com.recognize_text.translate.screen","com.tap_to_translate.snap_translate","com.spaceship.screen.textcopy","com.niven.translator","com.gaminik.i18n","com.niven.game","com.screen.translate.google","com.newmg.yurao.pro","com.niven.comic","com.google.android.apps.translate","com.microsoft.translator","com.datacomprojects.scanandtranslate","com.language.translate.free.translator.voice.translation","com.translate.talkingtranslator","com.niven.apptranslate","com.deepl.mobiletranslator","com.voice_camera_free_translate","com.google.ar.lens","com.ticktalk.translatevoice","at.nk.tools.iTranslate"]},{"rank":{"index":2,"lang":"en-gb","country":"gb","chineseCountryName":"英国","pkg":"com.spaceship.screen.textcopy"},"orders":["com.recognize_text.translate.screen","com.spaceship.screen.textcopy","com.google.android.apps.translate","com.screen.translate.google","com.microsoft.translator","com.niven.translator","com.gaminik.i18n","com.niven.game","com.tap_to_translate.snap_translate","com.newmg.yurao.pro","com.niven.comic","com.google.ar.lens","com.language.translate.free.translator.voice.translation","com.deepl.mobiletranslator","at.nk.tools.iTranslate","com.datacomprojects.scanandtranslate","com.translate.talkingtranslator","com.zaz.translate","com.erudite.translator","com.sayhi.android.sayhitranslate"]},{"rank":{"index":2,"lang":"de","country":"de","chineseCountryName":"德国","pkg":"com.spaceship.screen.textcopy"},"orders":["com.recognize_text.translate.screen","com.spaceship.screen.textcopy","com.screen.translate.google","com.tap_to_translate.snap_translate","com.gaminik.i18n","com.niven.translator","com.niven.game","com.microsoft.translator","com.newmg.yurao.pro","com.google.android.apps.translate","com.niven.comic","com.language.translate.free.translator.voice.translation","com.deepl.mobiletranslator","com.niven.apptranslate","com.datacomprojects.scanandtranslate","at.nk.tools.iTranslate","com.translate.talkingtranslator","com.google.ar.lens","com.ticktalk.translatevoice","com.erudite.translator"]},{"rank":{"index":2,"lang":"it","country":"it","chineseCountryName":"意大利","pkg":"com.spaceship.screen.textcopy"},"orders":["com.recognize_text.translate.screen","com.spaceship.screen.textcopy","com.niven.game","com.screen.translate.google","com.niven.translator","com.gaminik.i18n","com.tap_to_translate.snap_translate","com.newmg.yurao.pro","com.niven.comic","com.microsoft.translator","com.language.translate.free.translator.voice.translation","com.google.android.apps.translate","com.niven.apptranslate","com.datacomprojects.scanandtranslate","com.ticktalk.translatevoice","at.nk.tools.iTranslate","com.deepl.mobiletranslator","com.erudite.translator","com.translate.talkingtranslator","com.translate.language.translator.voice.translation"]},{"rank":{"index":2,"lang":"ja","country":"jp","chineseCountryName":"日本","pkg":"com.spaceship.screen.textcopy"},"orders":["com.recognize_text.translate.screen","com.spaceship.screen.textcopy","com.tap_to_translate.snap_translate","com.niven.translator","com.gaminik.i18n","com.niven.game","com.screen.translate.google","com.newmg.yurao.pro","com.microsoft.translator","com.google.android.apps.translate"]},{"rank":{"index":2,"lang":"ko","country":"kr","chineseCountryName":"韩国","pkg":"com.spaceship.screen.textcopy"},"orders":["com.recognize_text.translate.screen","com.spaceship.screen.textcopy","com.tap_to_translate.snap_translate","com.niven.translator","com.screen.translate.google","com.gaminik.i18n","com.niven.game","com.newmg.yurao.pro","com.niven.comic","com.microsoft.translator","com.google.android.apps.translate","com.niven.apptranslate","com.naver.labs.translator","com.language.translate.free.translator.voice.translation","com.voice_camera_free_translate","com.translate.talkingtranslator","com.deepl.mobiletranslator","com.google.ar.lens","at.nk.tools.iTranslate","com.facebook.katana"]},{"rank":{"index":2,"lang":"zh-hk","country":"hk","chineseCountryName":"香港","pkg":"com.spaceship.screen.textcopy"},"orders":["com.recognize_text.translate.screen","com.spaceship.screen.textcopy","com.gaminik.i18n","com.screen.translate.google","com.niven.translator","com.niven.game","com.newmg.yurao.pro","com.google.android.apps.translate","com.tap_to_translate.snap_translate","com.niven.comic","com.microsoft.translator","com.language.translate.free.translator.voice.translation","at.nk.tools.iTranslate","com.niven.apptranslate","com.zaz.translate","com.google.ar.lens","com.datacomprojects.scanandtranslate","com.translate.talkingtranslator","com.deepl.mobiletranslator","com.erudite.translator"]},{"rank":{"index":2,"lang":"zh-tw","country":"tw","chineseCountryName":"台湾","pkg":"com.spaceship.screen.textcopy"},"orders":["com.recognize_text.translate.screen","com.spaceship.screen.textcopy","com.gaminik.i18n","com.screen.translate.google","com.niven.translator","com.niven.game","com.newmg.yurao.pro","com.tap_to_translate.snap_translate","com.niven.comic","com.google.android.apps.translate","com.microsoft.translator","com.language.translate.free.translator.voice.translation","at.nk.tools.iTranslate","com.niven.apptranslate","com.translate.talkingtranslator","com.google.ar.lens","com.zaz.translate","com.erudite.translator","com.naver.labs.translator","com.ticktalk.translatevoice"]},{"rank":{"index":2,"lang":"en","country":"in","chineseCountryName":"印度","pkg":"com.spaceship.screen.textcopy"},"orders":["com.recognize_text.translate.screen","com.spaceship.screen.textcopy","com.google.android.apps.translate","com.zaz.translate"]},{"rank":{"index":2,"lang":"id","country":"id","chineseCountryName":"印尼","pkg":"com.spaceship.screen.textcopy"},"orders":["com.recognize_text.translate.screen","com.spaceship.screen.textcopy","com.tap_to_translate.snap_translate","com.niven.translator","com.screen.translate.google","com.niven.game","com.gaminik.i18n","com.newmg.yurao.pro","com.niven.comic","com.niven.apptranslate","com.google.android.apps.translate","com.youdao.hindict","com.language.translate.free.translator.voice.translation","com.deepl.mobiletranslator","com.microsoft.translator"]},{"rank":{"index":2,"lang":"es-mx","country":"mx","chineseCountryName":"墨西哥","pkg":"com.spaceship.screen.textcopy"},"orders":["com.recognize_text.translate.screen","com.spaceship.screen.textcopy","com.tap_to_translate.snap_translate","com.niven.game","com.gaminik.i18n","com.microsoft.translator","com.google.android.apps.translate","at.nk.tools.iTranslate","com.zaz.translate","com.deepl.mobiletranslator","com.ticktalk.translatevoice","com.translate.talkingtranslator","com.sayhi.android.sayhitranslate","com.google.ar.lens","ru.yandex.translate","com.niven.translator","com.newmg.yurao.pro","com.screen.translate.google","com.niven.comic","com.niven.apptranslate"]}]