[{"rank":{"index":5,"lang":"en-us","country":"us","chineseCountryName":"美国","pkg":"com.spaceship.screen.textcopy"},"orders":["com.recognize_text.translate.screen","com.tap_to_translate.snap_translate","com.gaminik.i18n","com.google.android.apps.translate","com.spaceship.screen.textcopy","screen.translator.voice.translate","com.niven.translator","com.mg.yurao.google","com.microsoft.translator","com.niven.game","com.niven.apptranslate","com.niven.comic","com.eecorp.linguago","com.naver.labs.translator","com.newmg.yurao.pro","com.galaxy.airviewdictionary","com.deepl.mobiletranslator","com.tranit.text.translate","com.zaz.translate","at.nk.tools.iTranslate"]},{"rank":{"index":7,"lang":"ru","country":"ru","chineseCountryName":"俄罗斯","pkg":"com.spaceship.screen.textcopy"},"orders":["com.recognize_text.translate.screen","com.tap_to_translate.snap_translate","com.niven.translator","com.gaminik.i18n","com.microsoft.translator","com.google.android.apps.translate","com.spaceship.screen.textcopy","screen.translator.voice.translate","com.niven.game","com.eecorp.linguago","com.niven.apptranslate","com.niven.comic","com.galaxy.airviewdictionary","com.naver.labs.translator","com.deepl.mobiletranslator","com.pidev.screentranslator","ru.yandex.translate","com.appspell.screentranslator","com.tranit.text.translate","com.chat_translate.screen_translate"]},{"rank":{"index":6,"lang":"pt-br","country":"br","chineseCountryName":"巴西","pkg":"com.spaceship.screen.textcopy"},"orders":["com.recognize_text.translate.screen","com.tap_to_translate.snap_translate","com.gaminik.i18n","com.niven.translator","com.mg.yurao.google","com.spaceship.screen.textcopy","com.niven.comic","com.niven.game","screen.translator.voice.translate","com.eecorp.linguago","com.galaxy.airviewdictionary","com.niven.apptranslate","com.newmg.yurao.pro","com.microsoft.translator","com.google.android.apps.translate","com.translator.translation.screen.translate.voice.languages.text.translating","com.tranit.text.translate","com.youdao.hindict","com.pidev.screentranslator","com.appspell.screentranslator"]},{"rank":{"index":7,"lang":"fr","country":"fr","chineseCountryName":"法国","pkg":"com.spaceship.screen.textcopy"},"orders":["com.recognize_text.translate.screen","com.tap_to_translate.snap_translate","screen.translator.voice.translate","com.niven.translator","com.gaminik.i18n","com.mg.yurao.google","com.spaceship.screen.textcopy","com.google.android.apps.translate","com.niven.game","com.microsoft.translator","com.eecorp.linguago","com.niven.comic","com.niven.apptranslate","com.galaxy.airviewdictionary","com.newmg.yurao.pro","com.zaz.translate","com.tranit.text.translate","com.chat_translate.screen_translate","com.naver.labs.translator","com.pidev.screentranslator"]},{"rank":{"index":3,"lang":"en-gb","country":"gb","chineseCountryName":"英国","pkg":"com.spaceship.screen.textcopy"},"orders":["com.recognize_text.translate.screen","com.tap_to_translate.snap_translate","com.spaceship.screen.textcopy","screen.translator.voice.translate","com.google.android.apps.translate","com.microsoft.translator","com.niven.translator","com.gaminik.i18n","com.mg.yurao.google","com.niven.apptranslate","com.niven.game","com.eecorp.linguago","com.niven.comic","com.newmg.yurao.pro","com.galaxy.airviewdictionary","com.deepl.mobiletranslator","com.naver.labs.translator","com.tranit.text.translate","com.zaz.translate","com.sayhi.android.sayhitranslate"]},{"rank":{"index":3,"lang":"de","country":"de","chineseCountryName":"德国","pkg":"com.spaceship.screen.textcopy"},"orders":["com.recognize_text.translate.screen","com.tap_to_translate.snap_translate","com.spaceship.screen.textcopy","com.niven.translator","com.mg.yurao.google","com.niven.game","com.microsoft.translator","com.gaminik.i18n","com.google.android.apps.translate","com.newmg.yurao.pro","screen.translator.voice.translate","com.niven.comic","com.eecorp.linguago","com.niven.apptranslate","com.tranit.text.translate","com.deepl.mobiletranslator","ru.yandex.translate","com.zaz.translate","com.chat_translate.screen_translate","com.appspell.screentranslator"]},{"rank":{"index":3,"lang":"it","country":"it","chineseCountryName":"意大利","pkg":"com.spaceship.screen.textcopy"},"orders":["com.recognize_text.translate.screen","com.tap_to_translate.snap_translate","com.spaceship.screen.textcopy","com.niven.translator","screen.translator.voice.translate","com.gaminik.i18n","com.mg.yurao.google","com.niven.game","com.eecorp.linguago","com.microsoft.translator","com.niven.comic","com.niven.apptranslate","com.newmg.yurao.pro","com.google.android.apps.translate","com.translator.translation.screen.translate.voice.languages.text.translating","com.galaxy.airviewdictionary","com.appspell.screentranslator","com.pidev.screentranslator","com.tranit.text.translate","com.chat_translate.screen_translate"]},{"rank":{"index":6,"lang":"ja","country":"jp","chineseCountryName":"日本","pkg":"com.spaceship.screen.textcopy"},"orders":["com.recognize_text.translate.screen","com.tap_to_translate.snap_translate","com.gaminik.i18n","com.niven.translator","com.mg.yurao.google","com.spaceship.screen.textcopy","com.niven.game","com.eecorp.linguago","screen.translator.voice.translate","com.niven.apptranslate","com.microsoft.translator","com.naver.labs.translator","com.newmg.yurao.pro","com.google.android.apps.translate","com.tranit.text.translate","com.galaxy.airviewdictionary","com.niven.comic","com.deepl.mobiletranslator","com.appspell.screentranslator","com.pidev.screentranslator"]},{"rank":{"index":3,"lang":"ko","country":"kr","chineseCountryName":"韩国","pkg":"com.spaceship.screen.textcopy"},"orders":["com.recognize_text.translate.screen","com.tap_to_translate.snap_translate","com.spaceship.screen.textcopy","com.mg.yurao.google","com.niven.translator","com.microsoft.translator","com.gaminik.i18n","com.google.android.apps.translate","screen.translator.voice.translate","com.niven.apptranslate","com.naver.labs.translator","com.niven.game","com.eecorp.linguago","com.niven.comic","com.newmg.yurao.pro","com.galaxy.airviewdictionary","com.deepl.mobiletranslator","com.tranit.text.translate","com.zaz.translate","com.pidev.screentranslator"]},{"rank":{"index":3,"lang":"zh-hk","country":"hk","chineseCountryName":"香港","pkg":"com.spaceship.screen.textcopy"},"orders":["com.recognize_text.translate.screen","com.tap_to_translate.snap_translate","com.spaceship.screen.textcopy","com.mg.yurao.google","com.microsoft.translator","com.gaminik.i18n","com.google.android.apps.translate","com.niven.translator","screen.translator.voice.translate","com.eecorp.linguago","com.niven.apptranslate","com.newmg.yurao.pro","com.niven.game","com.naver.labs.translator","com.niven.comic","com.galaxy.airviewdictionary","com.deepl.mobiletranslator","at.nk.tools.iTranslate","com.zaz.translate","com.pidev.screentranslator"]},{"rank":{"index":8,"lang":"zh-tw","country":"tw","chineseCountryName":"台湾","pkg":"com.spaceship.screen.textcopy"},"orders":["com.recognize_text.translate.screen","com.tap_to_translate.snap_translate","com.mg.yurao.google","com.gaminik.i18n","com.microsoft.translator","com.niven.translator","com.google.android.apps.translate","com.spaceship.screen.textcopy","screen.translator.voice.translate","com.niven.apptranslate","com.niven.game","com.niven.comic","com.eecorp.linguago","com.naver.labs.translator","com.newmg.yurao.pro","com.galaxy.airviewdictionary","com.deepl.mobiletranslator","com.tranit.text.translate","com.zaz.translate","at.nk.tools.iTranslate"]},{"rank":{"index":5,"lang":"en","country":"in","chineseCountryName":"印度","pkg":"com.spaceship.screen.textcopy"},"orders":["com.recognize_text.translate.screen","com.tap_to_translate.snap_translate","com.google.android.apps.translate","screen.translator.voice.translate","com.spaceship.screen.textcopy","com.niven.translator","com.microsoft.translator","com.gaminik.i18n","com.mg.yurao.google","com.zaz.translate","com.niven.game","com.niven.apptranslate","com.eecorp.linguago","com.tranit.text.translate","com.niven.comic"]},{"rank":{"index":5,"lang":"id","country":"id","chineseCountryName":"印尼","pkg":"com.spaceship.screen.textcopy"},"orders":["com.recognize_text.translate.screen","com.tap_to_translate.snap_translate","com.mg.yurao.google","com.gaminik.i18n","com.spaceship.screen.textcopy","com.niven.translator","com.eecorp.linguago","com.newmg.yurao.pro","com.niven.game","com.niven.comic","com.niven.apptranslate","com.microsoft.translator","screen.translator.voice.translate","com.naver.labs.translator","com.google.android.apps.translate","com.pidev.screentranslator","com.youdao.hindict","com.galaxy.airviewdictionary","com.tranit.text.translate","com.chat_translate.screen_translate"]},{"rank":{"index":5,"lang":"es-mx","country":"mx","chineseCountryName":"墨西哥","pkg":"com.spaceship.screen.textcopy"},"orders":["com.recognize_text.translate.screen","com.tap_to_translate.snap_translate","com.niven.translator","com.gaminik.i18n","com.spaceship.screen.textcopy","screen.translator.voice.translate","com.mg.yurao.google","com.niven.game","com.niven.comic","com.microsoft.translator","com.google.android.apps.translate","com.eecorp.linguago","com.translator.translation.screen.translate.voice.languages.text.translating","com.niven.apptranslate","com.newmg.yurao.pro","com.tranit.text.translate","com.youdao.hindict","com.galaxy.airviewdictionary","com.pidev.screentranslator","at.nk.tools.iTranslate"]}]