[{"rank":{"index":2,"lang":"en-us","country":"us","chineseCountryName":"美国","pkg":"com.spaceship.screen.textcopy"},"orders":["com.recognize_text.translate.screen","com.spaceship.screen.textcopy","com.gaminik.i18n","com.mg.yurao.google","com.google.android.apps.translate","com.microsoft.translator","com.niven.game","com.niven.translator","com.tap_to_translate.snap_translate","com.niven.comic","com.newmg.yurao.pro","com.translator.yellow","com.eecorp.linguago","com.niven.apptranslate","screen.translator.voice.translate","ru.yandex.translate","com.translate.app","all.language.translate.translator","com.abbyy.mobile.textgrabber.full","at.nk.tools.iTranslate"]},{"rank":{"index":4,"lang":"ru","country":"ru","chineseCountryName":"俄罗斯","pkg":"com.spaceship.screen.textcopy"},"orders":["com.recognize_text.translate.screen","com.tap_to_translate.snap_translate","com.gaminik.i18n","com.spaceship.screen.textcopy","com.niven.translator","com.niven.game","com.niven.comic","com.eecorp.linguago","com.niven.apptranslate","ru.yandex.translate","screen.translator.voice.translate","com.pidev.screentranslator","com.microsoft.translator","com.google.android.apps.translate","com.deepl.mobiletranslator","us.zoom.videomeetings","com.chat_translate.screen_translate","com.tangdi.baiguotong","org.thunderdog.challegram","com.datacomprojects.scanandtranslate"]},{"rank":{"index":2,"lang":"fr","country":"fr","chineseCountryName":"法国","pkg":"com.spaceship.screen.textcopy"},"orders":["com.recognize_text.translate.screen","com.spaceship.screen.textcopy","com.mg.yurao.google","com.gaminik.i18n","com.niven.game","com.tap_to_translate.snap_translate","com.niven.comic","com.niven.translator","com.newmg.yurao.pro","com.niven.apptranslate","com.translator.yellow","com.eecorp.linguago","com.microsoft.translator","screen.translator.voice.translate","com.google.android.apps.translate","ru.yandex.translate","com.deepl.mobiletranslator","com.tangdi.baiguotong","at.nk.tools.iTranslate","us.zoom.videomeetings"]},{"rank":{"index":2,"lang":"en-gb","country":"gb","chineseCountryName":"英国","pkg":"com.spaceship.screen.textcopy"},"orders":["com.recognize_text.translate.screen","com.spaceship.screen.textcopy","com.mg.yurao.google","com.gaminik.i18n","com.google.android.apps.translate","com.niven.game","com.microsoft.translator","com.niven.translator","com.translator.yellow","com.niven.comic","com.tap_to_translate.snap_translate","com.niven.apptranslate","screen.translator.voice.translate","com.newmg.yurao.pro","com.eecorp.linguago","com.translate.app","all.language.translate.translator","at.nk.tools.iTranslate","ru.yandex.translate","com.kursx.smartbook"]},{"rank":{"index":2,"lang":"de","country":"de","chineseCountryName":"德国","pkg":"com.spaceship.screen.textcopy"},"orders":["com.recognize_text.translate.screen","com.spaceship.screen.textcopy","com.mg.yurao.google","com.gaminik.i18n","com.niven.game","com.tap_to_translate.snap_translate","com.niven.translator","com.niven.comic","com.microsoft.translator","com.google.android.apps.translate","com.niven.apptranslate","com.newmg.yurao.pro","screen.translator.voice.translate","com.eecorp.linguago","com.deepl.mobiletranslator","ru.yandex.translate","com.zaz.translate","at.nk.tools.iTranslate","com.youdao.hindict","com.kursx.smartbook"]},{"rank":{"index":4,"lang":"it","country":"it","chineseCountryName":"意大利","pkg":"com.spaceship.screen.textcopy"},"orders":["com.recognize_text.translate.screen","com.niven.game","com.gaminik.i18n","com.spaceship.screen.textcopy","com.mg.yurao.google","com.niven.translator","com.tap_to_translate.snap_translate","com.niven.comic","com.microsoft.translator","com.google.android.apps.translate","com.niven.apptranslate","com.newmg.yurao.pro","com.eecorp.linguago","screen.translator.voice.translate","com.deepl.mobiletranslator","at.nk.tools.iTranslate","com.zaz.translate","ru.yandex.translate","com.pidev.screentranslator","com.kursx.smartbook"]},{"rank":{"index":4,"lang":"ja","country":"jp","chineseCountryName":"日本","pkg":"com.spaceship.screen.textcopy"},"orders":["com.recognize_text.translate.screen","com.mg.yurao.google","com.gaminik.i18n","com.spaceship.screen.textcopy","com.niven.game","com.tap_to_translate.snap_translate","com.niven.translator","com.niven.comic","com.niven.apptranslate","com.eecorp.linguago","com.newmg.yurao.pro","screen.translator.voice.translate","com.google.android.apps.translate","com.microsoft.translator","com.appgroup.app.arcamera","com.deepl.mobiletranslator","com.naver.labs.translator","com.yomiwa.yomiwa","com.pidev.screentranslator","com.mg.chat"]},{"rank":{"index":4,"lang":"ko","country":"kr","chineseCountryName":"韩国","pkg":"com.spaceship.screen.textcopy"},"orders":["com.recognize_text.translate.screen","com.mg.yurao.google","com.tap_to_translate.snap_translate","com.spaceship.screen.textcopy","com.niven.game","com.gaminik.i18n","com.niven.translator","com.niven.comic","com.niven.apptranslate","com.newmg.yurao.pro","com.google.android.apps.translate","com.eecorp.linguago","com.naver.labs.translator","com.microsoft.translator","screen.translator.voice.translate","com.deepl.mobiletranslator","com.zaz.translate","com.youdao.hindict","at.nk.tools.iTranslate","ru.yandex.translate"]},{"rank":{"index":4,"lang":"zh-tw","country":"tw","chineseCountryName":"台湾","pkg":"com.spaceship.screen.textcopy"},"orders":["com.recognize_text.translate.screen","com.mg.yurao.google","com.gaminik.i18n","com.spaceship.screen.textcopy","com.niven.game","com.tap_to_translate.snap_translate","com.niven.comic","com.newmg.yurao.pro","com.niven.translator","com.niven.apptranslate","com.microsoft.translator","com.google.android.apps.translate","com.eecorp.linguago","screen.translator.voice.translate","all.language.translate.translator","at.nk.tools.iTranslate","com.voice_camera_free_translate","com.tangdi.baiguotong","com.zaz.translate","com.mg.subtitle.google"]},{"rank":{"index":6,"lang":"en","country":"in","chineseCountryName":"印度","pkg":"com.spaceship.screen.textcopy"},"orders":["com.recognize_text.translate.screen","com.google.android.apps.translate","com.tap_to_translate.snap_translate","com.gaminik.i18n","com.niven.game","com.spaceship.screen.textcopy","com.niven.translator","screen.translator.voice.translate","com.newmg.yurao.pro","com.microsoft.translator","com.niven.comic","com.zaz.translate","com.niven.apptranslate","com.eecorp.linguago","com.pidev.screentranslator","ru.yandex.translate","com.tranit.text.translate","com.datacomprojects.scanandtranslate","at.nk.tools.iTranslate","com.mg.yurao.google"]},{"rank":{"index":2,"lang":"id","country":"id","chineseCountryName":"印尼","pkg":"com.spaceship.screen.textcopy"},"orders":["com.recognize_text.translate.screen","com.spaceship.screen.textcopy","com.mg.yurao.google","com.gaminik.i18n","com.niven.game","com.tap_to_translate.snap_translate","com.niven.translator","com.niven.comic","com.newmg.yurao.pro","com.eecorp.linguago","com.niven.apptranslate","com.google.android.apps.translate"]},{"rank":{"index":3,"lang":"es-mx","country":"mx","chineseCountryName":"墨西哥","pkg":"com.spaceship.screen.textcopy"},"orders":["com.recognize_text.translate.screen","com.tap_to_translate.snap_translate","com.spaceship.screen.textcopy","com.gaminik.i18n","com.niven.game","com.niven.translator","com.niven.comic","com.niven.apptranslate","com.eecorp.linguago","com.microsoft.translator","com.newmg.yurao.pro","com.google.android.apps.translate","com.youdao.hindict","screen.translator.voice.translate","at.nk.tools.iTranslate","ru.yandex.translate","com.deepl.mobiletranslator","com.zaz.translate","com.pidev.screentranslator","com.mg.yurao.google"]}]