[{"rank":{"index":2,"lang":"en-us","country":"us","chineseCountryName":"美国","pkg":"com.spaceship.screen.textcopy"},"orders":["com.recognize_text.translate.screen","com.spaceship.screen.textcopy","com.niven.translator","com.tap_to_translate.snap_translate","com.microsoft.translator","com.google.android.apps.translate","com.gaminik.i18n","com.newmg.yurao.pro","at.nk.tools.iTranslate","com.language.translate.free.translator.voice.translation","com.niven.game","com.niven.comic","com.screen.translate.google","com.translate.talkingtranslator","com.eecorp.linguago","com.google.ar.lens","com.deepl.mobiletranslator","com.youdao.hindict","com.wooask.zx","com.niven.apptranslate"]},{"rank":{"index":2,"lang":"ru","country":"ru","chineseCountryName":"俄罗斯","pkg":"com.spaceship.screen.textcopy"},"orders":["com.recognize_text.translate.screen","com.spaceship.screen.textcopy","com.niven.translator","com.tap_to_translate.snap_translate","com.microsoft.translator","com.newmg.yurao.pro","com.gaminik.i18n","com.niven.game","com.google.android.apps.translate","ru.yandex.translate","at.nk.tools.iTranslate","com.datacomprojects.scanandtranslate","com.language.translate.free.translator.voice.translation","com.niven.comic","com.screen.translate.google","com.eecorp.linguago","com.wooask.zx","com.google.ar.lens","com.deepl.mobiletranslator","com.youdao.hindict"]},{"rank":{"index":2,"lang":"pt-br","country":"br","chineseCountryName":"巴西","pkg":"com.spaceship.screen.textcopy"},"orders":["com.recognize_text.translate.screen","com.spaceship.screen.textcopy","com.tap_to_translate.snap_translate","com.niven.translator","com.gaminik.i18n","com.newmg.yurao.pro","com.niven.game","com.microsoft.translator","com.niven.comic","at.nk.tools.iTranslate","com.eecorp.linguago","com.google.android.apps.translate","com.screen.translate.google","com.niven.apptranslate","com.translate.language.translator.voice.translation","com.voice_camera_free_translate","com.youdao.hindict","com.tangdi.baiguotong","com.language.translate.free.translator.voice.translation","com.android.chrome"]},{"rank":{"index":2,"lang":"fr","country":"fr","chineseCountryName":"法国","pkg":"com.spaceship.screen.textcopy"},"orders":["com.recognize_text.translate.screen","com.spaceship.screen.textcopy","com.tap_to_translate.snap_translate","com.niven.translator","com.gaminik.i18n","com.microsoft.translator","com.newmg.yurao.pro","at.nk.tools.iTranslate","com.google.android.apps.translate","com.niven.game","com.niven.comic","com.language.translate.free.translator.voice.translation","com.eecorp.linguago","com.screen.translate.google","com.niven.apptranslate","com.youdao.hindict","com.tangdi.baiguotong","com.translate.talkingtranslator","com.google.ar.lens","com.voice_camera_free_translate"]},{"rank":{"index":2,"lang":"en-gb","country":"gb","chineseCountryName":"英国","pkg":"com.spaceship.screen.textcopy"},"orders":["com.recognize_text.translate.screen","com.spaceship.screen.textcopy","com.tap_to_translate.snap_translate","com.microsoft.translator","com.google.android.apps.translate","com.niven.translator","com.gaminik.i18n","com.newmg.yurao.pro","at.nk.tools.iTranslate","com.niven.game","com.language.translate.free.translator.voice.translation","com.google.ar.lens","com.niven.comic","com.eecorp.linguago","com.translate.talkingtranslator","com.wooask.zx","com.deepl.mobiletranslator","com.screen.translate.google","com.youdao.hindict","com.datacomprojects.scanandtranslate"]},{"rank":{"index":2,"lang":"de","country":"de","chineseCountryName":"德国","pkg":"com.spaceship.screen.textcopy"},"orders":["com.recognize_text.translate.screen","com.spaceship.screen.textcopy","com.tap_to_translate.snap_translate","com.microsoft.translator","com.niven.translator","com.gaminik.i18n","com.newmg.yurao.pro","com.google.android.apps.translate","at.nk.tools.iTranslate","com.niven.game","com.language.translate.free.translator.voice.translation","com.niven.comic","com.deepl.mobiletranslator","com.eecorp.linguago","com.screen.translate.google","com.tangdi.baiguotong","com.translate.talkingtranslator","com.niven.apptranslate","com.wooask.zx","com.datacomprojects.scanandtranslate"]},{"rank":{"index":2,"lang":"it","country":"it","chineseCountryName":"意大利","pkg":"com.spaceship.screen.textcopy"},"orders":["com.recognize_text.translate.screen","com.spaceship.screen.textcopy","com.tap_to_translate.snap_translate","com.gaminik.i18n","com.niven.translator","com.microsoft.translator","com.newmg.yurao.pro","com.niven.game","at.nk.tools.iTranslate","com.google.android.apps.translate","com.niven.comic","com.eecorp.linguago","com.screen.translate.google","com.language.translate.free.translator.voice.translation"]},{"rank":{"index":2,"lang":"ja","country":"jp","chineseCountryName":"日本","pkg":"com.spaceship.screen.textcopy"},"orders":["com.recognize_text.translate.screen","com.spaceship.screen.textcopy","com.tap_to_translate.snap_translate","com.niven.translator","com.microsoft.translator","com.gaminik.i18n","com.newmg.yurao.pro","com.niven.game","at.nk.tools.iTranslate","com.google.ar.lens","com.niven.comic","com.google.android.apps.translate","com.deepl.mobiletranslator"]},{"rank":{"index":2,"lang":"ko","country":"kr","chineseCountryName":"韩国","pkg":"com.spaceship.screen.textcopy"},"orders":["com.recognize_text.translate.screen","com.spaceship.screen.textcopy","com.tap_to_translate.snap_translate","com.microsoft.translator","com.newmg.yurao.pro","com.google.android.apps.translate","com.niven.translator","com.gaminik.i18n","at.nk.tools.iTranslate","com.niven.game","com.language.translate.free.translator.voice.translation","com.naver.labs.translator","com.google.ar.lens","com.niven.comic","com.translate.talkingtranslator","com.eecorp.linguago","com.screen.translate.google","com.wooask.zx","com.deepl.mobiletranslator","com.youdao.hindict"]},{"rank":{"index":2,"lang":"zh-hk","country":"hk","chineseCountryName":"香港","pkg":"com.spaceship.screen.textcopy"},"orders":["com.recognize_text.translate.screen","com.spaceship.screen.textcopy","com.microsoft.translator","com.tap_to_translate.snap_translate","com.newmg.yurao.pro","com.google.android.apps.translate","com.gaminik.i18n","com.niven.translator","at.nk.tools.iTranslate","com.niven.game","com.screen.translate.google","com.language.translate.free.translator.voice.translation","com.google.ar.lens","com.wooask.zx","com.translate.talkingtranslator","com.niven.comic","com.deepl.mobiletranslator","com.youdao.hindict","com.tangdi.baiguotong","com.eecorp.linguago"]},{"rank":{"index":2,"lang":"zh-tw","country":"tw","chineseCountryName":"台湾","pkg":"com.spaceship.screen.textcopy"},"orders":["com.recognize_text.translate.screen","com.spaceship.screen.textcopy","com.tap_to_translate.snap_translate","com.gaminik.i18n","com.microsoft.translator","com.niven.translator","com.google.android.apps.translate","com.newmg.yurao.pro","at.nk.tools.iTranslate","com.niven.game","com.translate.talkingtranslator","com.language.translate.free.translator.voice.translation","com.youdao.hindict","com.niven.comic","com.google.ar.lens","com.tangdi.baiguotong","com.screen.translate.google","com.eecorp.linguago","com.wooask.zx","com.deepl.mobiletranslator"]},{"rank":{"index":2,"lang":"en","country":"in","chineseCountryName":"印度","pkg":"com.spaceship.screen.textcopy"},"orders":["com.recognize_text.translate.screen","com.spaceship.screen.textcopy","com.tap_to_translate.snap_translate"]},{"rank":{"index":2,"lang":"id","country":"id","chineseCountryName":"印尼","pkg":"com.spaceship.screen.textcopy"},"orders":["com.recognize_text.translate.screen","com.spaceship.screen.textcopy","com.tap_to_translate.snap_translate","com.niven.translator","com.gaminik.i18n","com.newmg.yurao.pro","com.niven.game","com.niven.comic","com.screen.translate.google","com.youdao.hindict","com.eecorp.linguago","com.microsoft.translator","at.nk.tools.iTranslate","com.google.android.apps.translate"]},{"rank":{"index":2,"lang":"es-mx","country":"mx","chineseCountryName":"墨西哥","pkg":"com.spaceship.screen.textcopy"},"orders":["com.recognize_text.translate.screen","com.spaceship.screen.textcopy","com.niven.translator","com.tap_to_translate.snap_translate","com.gaminik.i18n","com.newmg.yurao.pro","com.microsoft.translator","com.niven.game","at.nk.tools.iTranslate","com.niven.comic","com.google.android.apps.translate","com.eecorp.linguago","com.youdao.hindict","com.screen.translate.google","com.niven.apptranslate","com.language.translate.free.translator.voice.translation","com.google.ar.lens","com.voice_camera_free_translate","com.android.chrome","com.google.android.apps.photos"]}]