[{"rank":{"index":2,"lang":"en-us","country":"us","chineseCountryName":"美国","pkg":"com.spaceship.screen.textcopy"},"orders":["com.recognize_text.translate.screen","com.spaceship.screen.textcopy","com.niven.translator","com.microsoft.translator","com.tap_to_translate.snap_translate","com.google.android.apps.translate","com.gaminik.i18n","com.niven.game","at.nk.tools.iTranslate","com.niven.comic","com.naver.labs.translator","com.zaz.translate","com.sayhi.android.sayhitranslate","com.newmg.yurao.pro","com.tangdi.baiguotong","com.deepl.mobiletranslator","com.translate.talkingtranslator","com.google.ar.lens","com.screen.translate.google","com.language.translate.free.translator.voice.translation"]},{"rank":{"index":3,"lang":"ru","country":"ru","chineseCountryName":"俄罗斯","pkg":"com.spaceship.screen.textcopy"},"orders":["com.recognize_text.translate.screen","com.niven.translator","com.spaceship.screen.textcopy","com.tap_to_translate.snap_translate","com.niven.game","com.microsoft.translator","com.gaminik.i18n","com.google.android.apps.translate","ru.yandex.translate","at.nk.tools.iTranslate","com.niven.comic","com.deepl.mobiletranslator","com.datacomprojects.scanandtranslate","com.screen.translate.google","com.zaz.translate","com.naver.labs.translator","com.tangdi.baiguotong","com.newmg.yurao.pro","com.b1b.translator.voicetranslate.alllanguages.translator.app","com.google.ar.lens"]},{"rank":{"index":4,"lang":"pt-br","country":"br","chineseCountryName":"巴西","pkg":"com.spaceship.screen.textcopy"},"orders":["com.recognize_text.translate.screen","com.tap_to_translate.snap_translate","com.niven.translator","com.spaceship.screen.textcopy","com.gaminik.i18n","com.niven.game","com.niven.comic","com.screen.translate.google","com.eecorp.linguago","translate.photo.translator.all.language.voice.translation.free.app","com.youdao.hindict","com.microsoft.translator","at.nk.tools.iTranslate","com.languagetranslator.translatorapp.smartscanner.dictionary.translation.voicetranslator","all.language.translate.translator","com.google.android.apps.translate","com.voice_camera_free_translate","com.tangdi.baiguotong","com.eecorp.taptranslator","com.language.translate.free.translator.voice.translation"]},{"rank":{"index":3,"lang":"fr","country":"fr","chineseCountryName":"法国","pkg":"com.spaceship.screen.textcopy"},"orders":["com.recognize_text.translate.screen","com.tap_to_translate.snap_translate","com.spaceship.screen.textcopy","com.niven.game","com.niven.translator","com.gaminik.i18n","com.microsoft.translator","com.niven.comic","at.nk.tools.iTranslate","com.google.android.apps.translate","com.tangdi.baiguotong","com.newmg.yurao.pro","com.deepl.mobiletranslator","com.language.translate.free.translator.voice.translation","com.screen.translate.google","com.zaz.translate","com.b1b.translator.voicetranslate.alllanguages.translator.app","com.image.camera.translate.ai","camtranslator.voice.text.image.translate","com.audacityittranslator.translatetexttranslator"]},{"rank":{"index":3,"lang":"en-gb","country":"gb","chineseCountryName":"英国","pkg":"com.spaceship.screen.textcopy"},"orders":["com.recognize_text.translate.screen","com.tap_to_translate.snap_translate","com.spaceship.screen.textcopy","com.gaminik.i18n","com.google.android.apps.translate","com.microsoft.translator","com.niven.translator","com.niven.game","at.nk.tools.iTranslate","com.zaz.translate","com.niven.comic","com.tangdi.baiguotong","com.sayhi.android.sayhitranslate","com.naver.labs.translator","com.deepl.mobiletranslator","com.newmg.yurao.pro","com.b1b.translator.voicetranslate.alllanguages.translator.app","com.image.camera.translate.ai","com.screen.translate.google","com.language.translate.free.translator.voice.translation"]},{"rank":{"index":2,"lang":"de","country":"de","chineseCountryName":"德国","pkg":"com.spaceship.screen.textcopy"},"orders":["com.recognize_text.translate.screen","com.spaceship.screen.textcopy","com.tap_to_translate.snap_translate","com.niven.translator","com.microsoft.translator","com.niven.game","com.gaminik.i18n","at.nk.tools.iTranslate","com.niven.comic","com.google.android.apps.translate","com.deepl.mobiletranslator","com.tangdi.baiguotong","com.sayhi.android.sayhitranslate","com.image.camera.translate.ai","com.screen.translate.google","com.translate.talkingtranslator","com.language.translate.free.translator.voice.translation","com.newmg.yurao.pro","com.b1b.translator.voicetranslate.alllanguages.translator.app","com.naver.labs.translator"]},{"rank":{"index":3,"lang":"it","country":"it","chineseCountryName":"意大利","pkg":"com.spaceship.screen.textcopy"},"orders":["com.recognize_text.translate.screen","com.tap_to_translate.snap_translate","com.spaceship.screen.textcopy","com.niven.translator","com.niven.game","com.gaminik.i18n","com.microsoft.translator","com.niven.comic","com.google.android.apps.translate","at.nk.tools.iTranslate","com.tangdi.baiguotong","com.image.camera.translate.ai","com.deepl.mobiletranslator","com.google.ar.lens"]},{"rank":{"index":5,"lang":"ja","country":"jp","chineseCountryName":"日本","pkg":"com.spaceship.screen.textcopy"},"orders":["com.recognize_text.translate.screen","com.gaminik.i18n","com.niven.game","com.niven.translator","com.spaceship.screen.textcopy","com.tap_to_translate.snap_translate","com.microsoft.translator","com.niven.comic","com.naver.labs.translator","com.google.android.apps.translate","com.tangdi.baiguotong","com.deepl.mobiletranslator","com.google.ar.lens","com.screen.translate.google","com.zaz.translate","at.nk.tools.iTranslate","com.newmg.yurao.pro","com.youdao.hindict","com.facebook.orca","com.android.chrome"]},{"rank":{"index":2,"lang":"ko","country":"kr","chineseCountryName":"韩国","pkg":"com.spaceship.screen.textcopy"},"orders":["com.recognize_text.translate.screen","com.spaceship.screen.textcopy","com.tap_to_translate.snap_translate","com.microsoft.translator","com.google.android.apps.translate","com.niven.translator","com.naver.labs.translator","com.niven.game","com.gaminik.i18n","at.nk.tools.iTranslate","com.niven.comic","com.deepl.mobiletranslator","com.b1b.translator.voicetranslate.alllanguages.translator.app","com.zaz.translate","com.datacomprojects.scanandtranslate","com.sayhi.android.sayhitranslate","com.newmg.yurao.pro","com.google.ar.lens","com.translate.talkingtranslator","com.screen.translate.google"]},{"rank":{"index":2,"lang":"zh-hk","country":"hk","chineseCountryName":"香港","pkg":"com.spaceship.screen.textcopy"},"orders":["com.recognize_text.translate.screen","com.spaceship.screen.textcopy","com.microsoft.translator","com.tap_to_translate.snap_translate","com.niven.translator","com.gaminik.i18n","com.google.android.apps.translate","com.niven.game","at.nk.tools.iTranslate","com.niven.comic","com.tangdi.baiguotong","com.naver.labs.translator","com.zaz.translate","com.image.camera.translate.ai","com.newmg.yurao.pro","com.b1b.translator.voicetranslate.alllanguages.translator.app","com.deepl.mobiletranslator","com.screen.translate.google","com.google.ar.lens","com.datacomprojects.scanandtranslate"]},{"rank":{"index":2,"lang":"zh-tw","country":"tw","chineseCountryName":"台湾","pkg":"com.spaceship.screen.textcopy"},"orders":["com.recognize_text.translate.screen","com.spaceship.screen.textcopy","com.tap_to_translate.snap_translate","com.microsoft.translator","com.niven.translator","com.gaminik.i18n","com.google.android.apps.translate","com.niven.game","at.nk.tools.iTranslate","com.tangdi.baiguotong","com.niven.comic","com.naver.labs.translator","com.zaz.translate","com.youdao.hindict","com.deepl.mobiletranslator","com.image.camera.translate.ai","com.voice_camera_free_translate","com.newmg.yurao.pro","com.datacomprojects.scanandtranslate","com.translate.language.translator.voice.translation"]},{"rank":{"index":4,"lang":"en","country":"in","chineseCountryName":"印度","pkg":"com.spaceship.screen.textcopy"},"orders":["com.recognize_text.translate.screen","com.tap_to_translate.snap_translate","com.google.android.apps.translate","com.spaceship.screen.textcopy","com.niven.game","com.deepl.mobiletranslator","com.sayhi.android.sayhitranslate","com.naver.labs.translator","ru.yandex.translate","com.translate.talkingtranslator","com.niven.translator","com.newmg.yurao.pro","com.zaz.translate","com.galaxy.airviewdictionary","com.gaminik.i18n","screen.translator.voice.translate","com.screen.translator.text.recognize","com.niven.comic","com.ydzlabs.chattranslator","com.google.ar.lens"]},{"rank":{"index":4,"lang":"id","country":"id","chineseCountryName":"印尼","pkg":"com.spaceship.screen.textcopy"},"orders":["com.recognize_text.translate.screen","com.tap_to_translate.snap_translate","com.niven.translator","com.spaceship.screen.textcopy","com.niven.game","com.gaminik.i18n","com.niven.comic","com.youdao.hindict","at.nk.tools.iTranslate","com.naver.labs.translator"]},{"rank":{"index":2,"lang":"es-mx","country":"mx","chineseCountryName":"墨西哥","pkg":"com.spaceship.screen.textcopy"},"orders":["com.recognize_text.translate.screen","com.spaceship.screen.textcopy","com.niven.translator","com.niven.game","com.gaminik.i18n","com.tap_to_translate.snap_translate","com.microsoft.translator","com.niven.comic","at.nk.tools.iTranslate","com.tangdi.baiguotong","com.google.android.apps.translate","com.youdao.hindict","com.deepl.mobiletranslator","com.newmg.yurao.pro","com.language.translate.free.translator.voice.translation","com.screen.translate.google","com.b1b.translator.voicetranslate.alllanguages.translator.app","com.galaxy.airviewdictionary","com.screen.translator.text.recognize","com.naver.labs.translator"]}]