[{"rank":{"index":2,"lang":"en-us","country":"us","chineseCountryName":"美国","pkg":"com.spaceship.screen.textcopy"},"orders":["com.recognize_text.translate.screen","com.spaceship.screen.textcopy","com.niven.translator","com.tap_to_translate.snap_translate","com.google.android.apps.translate","com.gaminik.i18n","com.newmg.yurao.pro","com.aurasense.screentranslate","com.microsoft.translator","com.screen.translate.google","com.yoyodev.screentranslate","com.zaz.translate","com.deepl.mobiletranslator","at.nk.tools.iTranslate","com.naver.labs.translator"]},{"rank":{"index":2,"lang":"ru","country":"ru","chineseCountryName":"俄罗斯","pkg":"com.spaceship.screen.textcopy"},"orders":["com.recognize_text.translate.screen","com.spaceship.screen.textcopy","com.niven.translator","com.tap_to_translate.snap_translate","com.gaminik.i18n","com.newmg.yurao.pro","com.yoyodev.screentranslate","com.screen.translate.google","com.google.android.apps.translate","com.microsoft.translator","com.eecorp.linguago","com.galaxy.airviewdictionary","com.niven.game","com.zaz.translate","live.screentranslate.realtime","com.niven.apptranslate","ru.yandex.translate","photo.translate.camera.translator"]},{"rank":{"index":2,"lang":"pt-br","country":"br","chineseCountryName":"巴西","pkg":"com.spaceship.screen.textcopy"},"orders":["com.recognize_text.translate.screen","com.spaceship.screen.textcopy","com.tap_to_translate.snap_translate","com.niven.translator","com.gaminik.i18n","com.newmg.yurao.pro","com.google.android.apps.translate","com.screen.translate.google","com.niven.game","live.screentranslate.realtime","com.eecorp.linguago","com.galaxy.airviewdictionary","com.microsoft.translator","com.zaz.translate","at.nk.tools.iTranslate","co.appnation.aivoicetranslator","com.niven.apptranslate","com.deepl.mobiletranslator","photo.translate.camera.translator","ru.yandex.translate"]},{"rank":{"index":2,"lang":"fr","country":"fr","chineseCountryName":"法国","pkg":"com.spaceship.screen.textcopy"},"orders":["com.recognize_text.translate.screen","com.spaceship.screen.textcopy","com.tap_to_translate.snap_translate","com.niven.translator","com.gaminik.i18n","com.aurasense.screentranslate","com.newmg.yurao.pro","com.yoyodev.screentranslate","com.screen.translate.google","com.google.android.apps.translate","live.screentranslate.realtime","com.zaz.translate","com.eecorp.linguago","com.niven.apptranslate","com.galaxy.airviewdictionary","co.appnation.aivoicetranslator","link.zhidou.btranslator","com.deepl.mobiletranslator","com.chat_translate.screen_translate","com.hive.lingonative"]},{"rank":{"index":2,"lang":"en-gb","country":"gb","chineseCountryName":"英国","pkg":"com.spaceship.screen.textcopy"},"orders":["com.recognize_text.translate.screen","com.spaceship.screen.textcopy","com.tap_to_translate.snap_translate","com.niven.translator","com.gaminik.i18n","com.aurasense.screentranslate","com.google.android.apps.translate","com.newmg.yurao.pro","com.microsoft.translator","com.screen.translate.google","com.yoyodev.screentranslate","com.deepl.mobiletranslator","com.zaz.translate","com.eecorp.linguago","at.nk.tools.iTranslate","com.galaxy.airviewdictionary","live.screentranslate.realtime","com.niven.apptranslate","com.niven.game","photo.translate.camera.translator"]},{"rank":{"index":2,"lang":"de","country":"de","chineseCountryName":"德国","pkg":"com.spaceship.screen.textcopy"},"orders":["com.recognize_text.translate.screen","com.spaceship.screen.textcopy","com.niven.translator","com.tap_to_translate.snap_translate","com.gaminik.i18n","com.newmg.yurao.pro","com.aurasense.screentranslate","com.yoyodev.screentranslate","com.screen.translate.google","live.screentranslate.realtime","com.eecorp.linguago","com.galaxy.airviewdictionary","com.google.android.apps.translate","com.niven.apptranslate","co.appnation.aivoicetranslator","com.digtial_bytes.voice.translator.dictionary.languages.cameratranslator","com.zaz.translate","com.eecorp.taptranslator","com.hive.lingonative","photo.translate.camera.translator"]},{"rank":{"index":2,"lang":"it","country":"it","chineseCountryName":"意大利","pkg":"com.spaceship.screen.textcopy"},"orders":["com.recognize_text.translate.screen","com.spaceship.screen.textcopy","com.gaminik.i18n","com.tap_to_translate.snap_translate","com.niven.translator","com.newmg.yurao.pro","com.aurasense.screentranslate","com.screen.translate.google","com.yoyodev.screentranslate","live.screentranslate.realtime","com.google.android.apps.translate","co.appnation.aivoicetranslator","com.eecorp.linguago","com.galaxy.airviewdictionary","photo.translate.camera.translator","com.niven.apptranslate","com.microsoft.translator","com.deepl.mobiletranslator","link.zhidou.btranslator","com.digtial_bytes.voice.translator.dictionary.languages.cameratranslator"]},{"rank":{"index":2,"lang":"ja","country":"jp","chineseCountryName":"日本","pkg":"com.spaceship.screen.textcopy"},"orders":["com.recognize_text.translate.screen","com.spaceship.screen.textcopy","com.tap_to_translate.snap_translate","com.gaminik.i18n","com.newmg.yurao.pro","com.niven.translator","com.aurasense.screentranslate","com.screen.translate.google","com.niven.apptranslate","com.eecorp.linguago","live.screentranslate.realtime","com.galaxy.airviewdictionary"]},{"rank":{"index":2,"lang":"ko","country":"kr","chineseCountryName":"韩国","pkg":"com.spaceship.screen.textcopy"},"orders":["com.recognize_text.translate.screen","com.spaceship.screen.textcopy","com.gaminik.i18n","com.tap_to_translate.snap_translate","com.niven.translator","com.newmg.yurao.pro","com.aurasense.screentranslate","com.screen.translate.google","live.screentranslate.realtime","com.eecorp.linguago","com.galaxy.airviewdictionary","com.niven.apptranslate","co.appnation.aivoicetranslator"]},{"rank":{"index":2,"lang":"zh-hk","country":"hk","chineseCountryName":"香港","pkg":"com.spaceship.screen.textcopy"},"orders":["com.recognize_text.translate.screen","com.spaceship.screen.textcopy","com.tap_to_translate.snap_translate","com.gaminik.i18n","com.newmg.yurao.pro","com.aurasense.screentranslate","com.niven.translator","com.screen.translate.google","com.google.android.apps.translate","com.galaxy.airviewdictionary","com.yoyodev.screentranslate","com.eecorp.linguago","com.zaz.translate","live.screentranslate.realtime","com.niven.apptranslate","com.microsoft.translator","com.naver.labs.translator","at.nk.tools.iTranslate","com.niven.game","com.deepl.mobiletranslator"]},{"rank":{"index":2,"lang":"zh-tw","country":"tw","chineseCountryName":"台湾","pkg":"com.spaceship.screen.textcopy"},"orders":["com.recognize_text.translate.screen","com.spaceship.screen.textcopy","com.tap_to_translate.snap_translate","com.gaminik.i18n","com.newmg.yurao.pro","com.aurasense.screentranslate","com.niven.translator","com.google.android.apps.translate","com.screen.translate.google","com.galaxy.airviewdictionary","com.zaz.translate","com.niven.apptranslate","com.microsoft.translator","com.yoyodev.screentranslate","com.eecorp.linguago","live.screentranslate.realtime","com.naver.labs.translator","com.niven.game","at.nk.tools.iTranslate","com.deepl.mobiletranslator"]},{"rank":{"index":0,"lang":"en","country":"in","chineseCountryName":"印度","pkg":"com.spaceship.screen.textcopy"},"orders":["com.recognize_text.translate.screen","com.google.android.apps.translate","com.tap_to_translate.snap_translate","com.zaz.translate","at.nk.tools.iTranslate","ru.yandex.translate","photo.translate.camera.translator","link.zhidou.btranslator","co.appnation.aivoicetranslator","com.newmg.yurao.pro","com.niven.translator","screen.translator.voice.translate","com.aurasense.screentranslate","com.galaxy.airviewdictionary","com.screen.translate.google","translate.speech.text.translation.voicetranslator","com.naver.labs.translator","com.softissimo.reverso.context","com.yoyodev.screentranslate","com.digtial_bytes.voice.translator.dictionary.languages.cameratranslator"]},{"rank":{"index":2,"lang":"id","country":"id","chineseCountryName":"印尼","pkg":"com.spaceship.screen.textcopy"},"orders":["com.recognize_text.translate.screen","com.spaceship.screen.textcopy","com.niven.translator","com.tap_to_translate.snap_translate","com.gaminik.i18n","com.aurasense.screentranslate","com.newmg.yurao.pro","com.google.android.apps.translate","com.screen.translate.google","com.yoyodev.screentranslate","com.eecorp.linguago","com.niven.game","com.deepl.mobiletranslator","com.zaz.translate","live.screentranslate.realtime","com.galaxy.airviewdictionary","com.niven.apptranslate","com.naver.labs.translator","com.microsoft.translator","at.nk.tools.iTranslate"]},{"rank":{"index":2,"lang":"es-mx","country":"mx","chineseCountryName":"墨西哥","pkg":"com.spaceship.screen.textcopy"},"orders":["com.recognize_text.translate.screen","com.spaceship.screen.textcopy","com.niven.translator","com.tap_to_translate.snap_translate","com.gaminik.i18n","com.newmg.yurao.pro","com.screen.translate.google","com.yoyodev.screentranslate","com.aurasense.screentranslate","live.screentranslate.realtime","com.eecorp.linguago","com.google.android.apps.translate","com.galaxy.airviewdictionary","com.niven.game","com.niven.apptranslate","at.nk.tools.iTranslate","com.zaz.translate","com.digtial_bytes.voice.translator.dictionary.languages.cameratranslator","co.appnation.aivoicetranslator","com.microsoft.translator"]}]