[{"rank":{"index":7,"lang":"en-us","country":"us","chineseCountryName":"美国","pkg":"com.spaceship.screen.textcopy"},"orders":["com.recognize_text.translate.screen","com.tap_to_translate.snap_translate","com.google.android.apps.translate","com.screen.translate.google","com.niven.translator","com.microsoft.translator","com.spaceship.screen.textcopy","com.gaminik.i18n","com.niven.game","com.sayhi.android.sayhitranslate","at.nk.tools.iTranslate","com.niven.comic","com.deepl.mobiletranslator","com.google.ar.lens","com.naver.labs.translator","com.translate.talkingtranslator","com.image.camera.translate.ai","com.royalappcode.translation.voice.language.chat.interpreter","com.datacomprojects.scanandtranslate","com.zaz.translate"]},{"rank":{"index":5,"lang":"ru","country":"ru","chineseCountryName":"俄罗斯","pkg":"com.spaceship.screen.textcopy"},"orders":["com.recognize_text.translate.screen","com.niven.translator","com.tap_to_translate.snap_translate","com.niven.game","com.spaceship.screen.textcopy","com.gaminik.i18n","com.screen.translate.google","ru.yandex.translate","com.niven.comic","com.microsoft.translator","com.google.android.apps.translate","com.datacomprojects.scanandtranslate","com.deepl.mobiletranslator","com.image.camera.translate.ai","at.nk.tools.iTranslate","com.newmg.yurao.pro","com.whatsapp","com.instagram.android","com.google.ar.lens","com.android.chrome"]},{"rank":{"index":3,"lang":"pt-br","country":"br","chineseCountryName":"巴西","pkg":"com.spaceship.screen.textcopy"},"orders":["com.recognize_text.translate.screen","com.tap_to_translate.snap_translate","com.spaceship.screen.textcopy","com.niven.game","com.google.android.apps.translate","com.deepl.mobiletranslator","ru.yandex.translate","com.sayhi.android.sayhitranslate","com.google.ar.lens","com.naver.labs.translator","com.niven.translator","com.gaminik.i18n","com.screen.translate.google","com.niven.comic","com.youdao.hindict","com.newmg.yurao.pro","com.galaxy.airviewdictionary","screen.translator.voice.translate","com.softissimo.reverso.context","com.translate.talkingtranslator"]},{"rank":{"index":4,"lang":"fr","country":"fr","chineseCountryName":"法国","pkg":"com.spaceship.screen.textcopy"},"orders":["com.recognize_text.translate.screen","com.tap_to_translate.snap_translate","com.niven.game","com.spaceship.screen.textcopy","com.niven.translator","com.gaminik.i18n","com.screen.translate.google","com.microsoft.translator","com.niven.comic","com.image.camera.translate.ai","com.google.android.apps.translate","at.nk.tools.iTranslate","com.deepl.mobiletranslator","com.datacomprojects.scanandtranslate","com.sayhi.android.sayhitranslate","com.b1b.translator.voicetranslate.alllanguages.translator.app","camtranslator.voice.text.image.translate","ru.yandex.translate","com.newmg.yurao.pro","com.softissimo.reverso.context"]},{"rank":{"index":8,"lang":"en-gb","country":"gb","chineseCountryName":"英国","pkg":"com.spaceship.screen.textcopy"},"orders":["com.recognize_text.translate.screen","com.gaminik.i18n","com.google.android.apps.translate","com.screen.translate.google","com.niven.translator","com.microsoft.translator","com.niven.game","com.spaceship.screen.textcopy","com.tap_to_translate.snap_translate","at.nk.tools.iTranslate","com.sayhi.android.sayhitranslate","com.niven.comic","com.image.camera.translate.ai","com.deepl.mobiletranslator","com.datacomprojects.scanandtranslate","com.google.ar.lens","com.b1b.translator.voicetranslate.alllanguages.translator.app","com.zaz.translate","com.newmg.yurao.pro","com.naver.labs.translator"]},{"rank":{"index":7,"lang":"de","country":"de","chineseCountryName":"德国","pkg":"com.spaceship.screen.textcopy"},"orders":["com.recognize_text.translate.screen","com.tap_to_translate.snap_translate","com.niven.game","com.gaminik.i18n","com.microsoft.translator","com.screen.translate.google","com.spaceship.screen.textcopy","com.niven.translator","com.google.android.apps.translate","com.deepl.mobiletranslator","com.niven.comic","com.image.camera.translate.ai","com.sayhi.android.sayhitranslate","at.nk.tools.iTranslate","com.datacomprojects.scanandtranslate","ru.yandex.translate","camtranslator.voice.text.image.translate","com.translate.talkingtranslator","com.newmg.yurao.pro","com.softissimo.reverso.context"]},{"rank":{"index":2,"lang":"it","country":"it","chineseCountryName":"意大利","pkg":"com.spaceship.screen.textcopy"},"orders":["com.recognize_text.translate.screen","com.spaceship.screen.textcopy","com.tap_to_translate.snap_translate","com.niven.translator","com.niven.game","com.screen.translate.google","com.gaminik.i18n","com.microsoft.translator","com.image.camera.translate.ai","com.google.android.apps.translate","com.niven.comic","com.datacomprojects.scanandtranslate","at.nk.tools.iTranslate","com.deepl.mobiletranslator","com.softissimo.reverso.context","camtranslator.voice.text.image.translate","com.b1b.translator.voicetranslate.alllanguages.translator.app","com.sayhi.android.sayhitranslate","com.newmg.yurao.pro","com.google.ar.lens"]},{"rank":{"index":7,"lang":"ja","country":"jp","chineseCountryName":"日本","pkg":"com.spaceship.screen.textcopy"},"orders":["com.recognize_text.translate.screen","com.niven.game","com.niven.translator","com.tap_to_translate.snap_translate","com.gaminik.i18n","com.screen.translate.google","com.spaceship.screen.textcopy","com.microsoft.translator","com.google.android.apps.translate"]},{"rank":{"index":5,"lang":"ko","country":"kr","chineseCountryName":"韩国","pkg":"com.spaceship.screen.textcopy"},"orders":["com.recognize_text.translate.screen","com.tap_to_translate.snap_translate","com.gaminik.i18n","com.niven.translator","com.spaceship.screen.textcopy","com.niven.game","com.screen.translate.google","com.naver.labs.translator","com.niven.comic","com.google.android.apps.translate","com.image.camera.translate.ai","com.microsoft.translator","com.deepl.mobiletranslator","com.google.ar.lens","com.newmg.yurao.pro","at.nk.tools.iTranslate","com.b1b.translator.voicetranslate.alllanguages.translator.app","com.facebook.orca","com.whatsapp","org.telegram.messenger"]},{"rank":{"index":7,"lang":"zh-hk","country":"hk","chineseCountryName":"香港","pkg":"com.spaceship.screen.textcopy"},"orders":["com.recognize_text.translate.screen","com.gaminik.i18n","com.niven.game","com.screen.translate.google","com.niven.translator","com.microsoft.translator","com.spaceship.screen.textcopy","com.tap_to_translate.snap_translate","com.google.android.apps.translate","com.niven.comic","com.image.camera.translate.ai","com.tangdi.baiguotong","at.nk.tools.iTranslate","com.naver.labs.translator","com.deepl.mobiletranslator","com.datacomprojects.scanandtranslate","com.sayhi.android.sayhitranslate","com.google.ar.lens","com.newmg.yurao.pro","com.b1b.translator.voicetranslate.alllanguages.translator.app"]},{"rank":{"index":7,"lang":"zh-tw","country":"tw","chineseCountryName":"台湾","pkg":"com.spaceship.screen.textcopy"},"orders":["com.recognize_text.translate.screen","com.tap_to_translate.snap_translate","com.gaminik.i18n","com.niven.translator","com.screen.translate.google","com.niven.game","com.spaceship.screen.textcopy","com.microsoft.translator","com.niven.comic","com.google.android.apps.translate","com.image.camera.translate.ai","at.nk.tools.iTranslate","com.tangdi.baiguotong","com.voice_camera_free_translate","com.deepl.mobiletranslator","com.newmg.yurao.pro","com.naver.labs.translator","com.datacomprojects.scanandtranslate","com.youdao.hindict","com.google.ar.lens"]},{"rank":{"index":3,"lang":"en","country":"in","chineseCountryName":"印度","pkg":"com.spaceship.screen.textcopy"},"orders":["com.recognize_text.translate.screen","com.tap_to_translate.snap_translate","com.spaceship.screen.textcopy","com.niven.game","com.sayhi.android.sayhitranslate","com.google.ar.lens","ru.yandex.translate","com.deepl.mobiletranslator","com.naver.labs.translator","com.softissimo.reverso.context","com.screen.translate.google","com.niven.translator","com.gaminik.i18n","com.zaz.translate","com.newmg.yurao.pro","com.niven.comic","screen.translator.voice.translate","com.galaxy.airviewdictionary","com.ticktalk.translatevoice","camtranslator.voice.text.image.translate"]},{"rank":{"index":6,"lang":"id","country":"id","chineseCountryName":"印尼","pkg":"com.spaceship.screen.textcopy"},"orders":["com.recognize_text.translate.screen","com.tap_to_translate.snap_translate","com.niven.translator","com.niven.game","com.gaminik.i18n","com.spaceship.screen.textcopy","com.screen.translate.google","com.niven.comic","com.youdao.hindict"]},{"rank":{"index":3,"lang":"es-mx","country":"mx","chineseCountryName":"墨西哥","pkg":"com.spaceship.screen.textcopy"},"orders":["com.recognize_text.translate.screen","com.tap_to_translate.snap_translate","com.spaceship.screen.textcopy","com.niven.game","com.google.android.apps.translate","com.deepl.mobiletranslator","ru.yandex.translate","com.google.ar.lens","com.sayhi.android.sayhitranslate","com.naver.labs.translator","com.niven.translator","com.gaminik.i18n","com.screen.translate.google","com.youdao.hindict","com.niven.comic","camtranslator.voice.text.image.translate","com.datacomprojects.scanandtranslate","com.image.camera.translate.ai","com.softissimo.reverso.context","com.translate.talkingtranslator"]}]