[{"rank":{"index":2,"lang":"en-us","country":"us","chineseCountryName":"美国","pkg":"com.spaceship.screen.textcopy"},"orders":["com.recognize_text.translate.screen","com.spaceship.screen.textcopy","com.screen.translate.google","com.yoyodev.screentranslate","com.gaminik.i18n","com.google.android.apps.translate","com.niven.translator","com.galaxy.airviewdictionary","com.aurasense.screentranslate","com.newmg.yurao.pro","com.tap_to_translate.snap_translate","com.hive.lingonative","com.deepl.mobiletranslator","com.zaz.translate","com.newtranslate.google","com.microsoft.translator","com.esarikaya.screentranslate","ru.yandex.translate","at.nk.tools.iTranslate","com.niven.game"]},{"rank":{"index":3,"lang":"ru","country":"ru","chineseCountryName":"俄罗斯","pkg":"com.spaceship.screen.textcopy"},"orders":["com.recognize_text.translate.screen","com.niven.translator","com.spaceship.screen.textcopy","com.yoyodev.screentranslate","com.screen.translate.google","com.gaminik.i18n","com.tap_to_translate.snap_translate","com.galaxy.airviewdictionary","com.newmg.yurao.pro","com.newtranslate.google","ru.yandex.translate","com.google.android.apps.translate","live.screentranslate.realtime"]},{"rank":{"index":2,"lang":"pt-br","country":"br","chineseCountryName":"巴西","pkg":"com.spaceship.screen.textcopy"},"orders":["com.recognize_text.translate.screen","com.spaceship.screen.textcopy","com.gaminik.i18n","com.screen.translate.google","com.niven.translator","com.galaxy.airviewdictionary","com.tap_to_translate.snap_translate","com.newtranslate.google","com.newmg.yurao.pro","com.hive.lingonative","com.esarikaya.screentranslate","com.google.android.apps.translate","com.niven.game","com.deepl.mobiletranslator","com.niven.apptranslate","co.appnation.aivoicetranslator","at.nk.tools.iTranslate","live.screentranslate.realtime","com.screen.translator.text.recognize","com.zaz.translate"]},{"rank":{"index":3,"lang":"fr","country":"fr","chineseCountryName":"法国","pkg":"com.spaceship.screen.textcopy"},"orders":["com.recognize_text.translate.screen","com.yoyodev.screentranslate","com.spaceship.screen.textcopy","com.screen.translate.google","com.gaminik.i18n","com.niven.translator","com.galaxy.airviewdictionary","com.tap_to_translate.snap_translate","com.aurasense.screentranslate","com.newmg.yurao.pro","com.newtranslate.google","com.google.android.apps.translate","com.deepl.mobiletranslator","com.hive.lingonative","com.esarikaya.screentranslate","photo.translate.camera.translator","link.zhidou.btranslator","com.zaz.translate","com.niven.game","co.appnation.aivoicetranslator"]},{"rank":{"index":2,"lang":"en-gb","country":"gb","chineseCountryName":"英国","pkg":"com.spaceship.screen.textcopy"},"orders":["com.recognize_text.translate.screen","com.spaceship.screen.textcopy","com.screen.translate.google","com.yoyodev.screentranslate","com.gaminik.i18n","com.niven.translator","com.aurasense.screentranslate","com.galaxy.airviewdictionary","com.tap_to_translate.snap_translate","com.google.android.apps.translate","com.newmg.yurao.pro","com.deepl.mobiletranslator","com.hive.lingonative","com.newtranslate.google","com.zaz.translate","at.nk.tools.iTranslate","com.niven.game","link.zhidou.btranslator","photo.translate.camera.translator","com.microsoft.translator"]},{"rank":{"index":4,"lang":"de","country":"de","chineseCountryName":"德国","pkg":"com.spaceship.screen.textcopy"},"orders":["com.recognize_text.translate.screen","com.gaminik.i18n","com.yoyodev.screentranslate","com.spaceship.screen.textcopy","com.screen.translate.google","com.niven.translator","com.galaxy.airviewdictionary","com.tap_to_translate.snap_translate","com.aurasense.screentranslate","com.newmg.yurao.pro","com.deepl.mobiletranslator","com.google.android.apps.translate","com.newtranslate.google","com.hive.lingonative","link.zhidou.btranslator","com.zaz.translate","com.esarikaya.screentranslate","com.niven.game","photo.translate.camera.translator","com.microsoft.translator"]},{"rank":{"index":2,"lang":"it","country":"it","chineseCountryName":"意大利","pkg":"com.spaceship.screen.textcopy"},"orders":["com.recognize_text.translate.screen","com.spaceship.screen.textcopy","com.yoyodev.screentranslate","com.screen.translate.google","com.gaminik.i18n","com.tap_to_translate.snap_translate","com.niven.translator","com.galaxy.airviewdictionary","com.aurasense.screentranslate","com.newmg.yurao.pro","com.google.android.apps.translate","com.newtranslate.google","com.esarikaya.screentranslate","com.deepl.mobiletranslator","link.zhidou.btranslator","photo.translate.camera.translator","com.niven.game","com.microsoft.translator","com.zaz.translate","co.appnation.aivoicetranslator"]},{"rank":{"index":4,"lang":"ja","country":"jp","chineseCountryName":"日本","pkg":"com.spaceship.screen.textcopy"},"orders":["com.recognize_text.translate.screen","com.gaminik.i18n","com.tap_to_translate.snap_translate","com.spaceship.screen.textcopy","com.screen.translate.google","com.niven.translator","com.aurasense.screentranslate","com.galaxy.airviewdictionary","com.newmg.yurao.pro","com.google.android.apps.translate","com.newtranslate.google","com.hive.lingonative"]},{"rank":{"index":2,"lang":"ko","country":"kr","chineseCountryName":"韩国","pkg":"com.spaceship.screen.textcopy"},"orders":["com.recognize_text.translate.screen","com.spaceship.screen.textcopy","com.gaminik.i18n","com.screen.translate.google","com.galaxy.airviewdictionary","com.aurasense.screentranslate","com.niven.translator","com.tap_to_translate.snap_translate","com.newmg.yurao.pro","com.newtranslate.google","com.google.android.apps.translate","com.hive.lingonative","com.deepl.mobiletranslator","com.esarikaya.screentranslate","com.zaz.translate","link.zhidou.btranslator","com.niven.game","at.nk.tools.iTranslate","com.microsoft.translator","co.appnation.aivoicetranslator"]},{"rank":{"index":2,"lang":"zh-hk","country":"hk","chineseCountryName":"香港","pkg":"com.spaceship.screen.textcopy"},"orders":["com.recognize_text.translate.screen","com.spaceship.screen.textcopy","com.yoyodev.screentranslate","com.screen.translate.google","com.aurasense.screentranslate","com.gaminik.i18n","com.galaxy.airviewdictionary","com.niven.translator","com.newmg.yurao.pro","com.google.android.apps.translate","com.tap_to_translate.snap_translate","com.hive.lingonative","com.deepl.mobiletranslator","com.zaz.translate","com.newtranslate.google","at.nk.tools.iTranslate","com.microsoft.translator","com.esarikaya.screentranslate","com.niven.game","link.zhidou.btranslator"]},{"rank":{"index":2,"lang":"zh-tw","country":"tw","chineseCountryName":"台湾","pkg":"com.spaceship.screen.textcopy"},"orders":["com.recognize_text.translate.screen","com.spaceship.screen.textcopy","com.screen.translate.google","com.yoyodev.screentranslate","com.gaminik.i18n","com.aurasense.screentranslate","com.niven.translator","com.galaxy.airviewdictionary","com.newmg.yurao.pro","com.tap_to_translate.snap_translate","com.google.android.apps.translate","com.deepl.mobiletranslator","com.newtranslate.google","com.zaz.translate","com.esarikaya.screentranslate","at.nk.tools.iTranslate","co.appnation.aivoicetranslator","com.microsoft.translator","photo.translate.camera.translator","com.niven.game"]},{"rank":{"index":0,"lang":"en","country":"in","chineseCountryName":"印度","pkg":"com.spaceship.screen.textcopy"},"orders":["com.recognize_text.translate.screen","com.google.android.apps.translate","com.gaminik.i18n","com.tap_to_translate.snap_translate","com.galaxy.airviewdictionary","com.screen.translate.google","com.niven.translator","com.yoyodev.screentranslate","com.newmg.yurao.pro","com.newtranslate.google","com.aurasense.screentranslate","screen.translator.voice.translate","at.nk.tools.iTranslate","com.microsoft.translator","translate.speech.text.translation.voicetranslator","com.esarikaya.screentranslate","com.niven.apptranslate","ru.yandex.translate","com.screen.translator.text.recognize","com.hive.lingonative"]},{"rank":{"index":2,"lang":"id","country":"id","chineseCountryName":"印尼","pkg":"com.spaceship.screen.textcopy"},"orders":["com.recognize_text.translate.screen","com.spaceship.screen.textcopy","com.yoyodev.screentranslate","com.niven.translator","com.gaminik.i18n","com.screen.translate.google","com.tap_to_translate.snap_translate","com.aurasense.screentranslate","com.galaxy.airviewdictionary","com.newmg.yurao.pro","com.hive.lingonative","com.newtranslate.google"]},{"rank":{"index":2,"lang":"es-mx","country":"mx","chineseCountryName":"墨西哥","pkg":"com.spaceship.screen.textcopy"},"orders":["com.recognize_text.translate.screen","com.spaceship.screen.textcopy","com.gaminik.i18n","com.tap_to_translate.snap_translate","com.google.android.apps.translate","com.zaz.translate","com.galaxy.airviewdictionary","com.screen.translate.google","com.yoyodev.screentranslate","com.niven.translator","com.newtranslate.google","com.newmg.yurao.pro","com.aurasense.screentranslate","screen.translator.voice.translate","com.microsoft.translator","com.esarikaya.screentranslate","at.nk.tools.iTranslate","com.niven.apptranslate","com.hive.lingonative","ru.yandex.translate"]}]