[{"rank":{"index":2,"lang":"en-us","country":"us","chineseCountryName":"美国","pkg":"com.spaceship.screen.textcopy"},"orders":["com.recognize_text.translate.screen","com.spaceship.screen.textcopy","com.niven.translator","com.microsoft.translator","com.gaminik.i18n","com.google.android.apps.translate","com.tap_to_translate.snap_translate","com.niven.game","com.newmg.yurao.pro","com.niven.comic","com.galaxy.airviewdictionary","at.nk.tools.iTranslate","com.screen.translate.google","com.naver.labs.translator","com.eecorp.taptranslator","com.niven.apptranslate","com.tangdi.baiguotong","com.audacityittranslator.translatetexttranslator","com.translate.language.translator.voice.translation","com.translate.talkingtranslator"]},{"rank":{"index":2,"lang":"ru","country":"ru","chineseCountryName":"俄罗斯","pkg":"com.spaceship.screen.textcopy"},"orders":["com.recognize_text.translate.screen","com.spaceship.screen.textcopy","com.tap_to_translate.snap_translate","com.niven.translator","com.gaminik.i18n","com.niven.game","com.microsoft.translator","com.newmg.yurao.pro","com.niven.comic","com.screen.translate.google","com.google.android.apps.translate","ru.yandex.translate","com.galaxy.airviewdictionary","com.android.chrome","at.nk.tools.iTranslate","com.facebook.orca","com.discord","com.google.android.apps.photos","com.duolingo","com.skype.raider"]},{"rank":{"index":2,"lang":"pt-br","country":"br","chineseCountryName":"巴西","pkg":"com.spaceship.screen.textcopy"},"orders":["com.recognize_text.translate.screen","com.spaceship.screen.textcopy","com.tap_to_translate.snap_translate","com.niven.translator","com.gaminik.i18n","com.niven.game","com.niven.comic","com.galaxy.airviewdictionary","com.newmg.yurao.pro","com.google.android.apps.translate","com.microsoft.translator","com.facebook.orca","com.android.chrome","com.discord","com.eecorp.taptranslator","com.google.android.apps.maps","com.google.android.apps.photos","com.screen.translate.google","com.google.android.apps.youtube.creator","com.microsoft.office.outlook"]},{"rank":{"index":2,"lang":"fr","country":"fr","chineseCountryName":"法国","pkg":"com.spaceship.screen.textcopy"},"orders":["com.recognize_text.translate.screen","com.spaceship.screen.textcopy","com.tap_to_translate.snap_translate","com.niven.translator","com.gaminik.i18n","com.niven.game","com.microsoft.translator","com.niven.comic","com.google.android.apps.translate","com.tangdi.baiguotong","com.facebook.orca","com.discord","com.newmg.yurao.pro","com.microsoft.office.outlook","com.android.chrome","com.google.android.apps.photos","com.skype.raider","com.duolingo","com.google.android.calendar","com.canva.editor"]},{"rank":{"index":2,"lang":"en-gb","country":"gb","chineseCountryName":"英国","pkg":"com.spaceship.screen.textcopy"},"orders":["com.recognize_text.translate.screen","com.spaceship.screen.textcopy","com.gaminik.i18n","com.tap_to_translate.snap_translate","com.microsoft.translator","com.google.android.apps.translate","com.niven.translator","com.niven.game","com.niven.comic","at.nk.tools.iTranslate","com.newmg.yurao.pro","com.screen.translate.google","com.tangdi.baiguotong","com.audacityittranslator.translatetexttranslator","com.b1b.translator.voicetranslate.alllanguages.translator.app","com.zaz.translate","com.niven.apptranslate","com.datacomprojects.scanandtranslate","com.eecorp.taptranslator","com.youdao.hindict"]},{"rank":{"index":2,"lang":"de","country":"de","chineseCountryName":"德国","pkg":"com.spaceship.screen.textcopy"},"orders":["com.recognize_text.translate.screen","com.spaceship.screen.textcopy","com.gaminik.i18n","com.niven.translator","com.tap_to_translate.snap_translate","com.microsoft.translator","com.niven.game","com.niven.comic","com.google.android.apps.translate","com.newmg.yurao.pro","com.screen.translate.google","com.audacityittranslator.translatetexttranslator","com.facebook.orca","com.discord","com.android.chrome","at.nk.tools.iTranslate","com.deepl.mobiletranslator","com.tangdi.baiguotong","com.google.android.apps.photos","com.eecorp.taptranslator"]},{"rank":{"index":2,"lang":"it","country":"it","chineseCountryName":"意大利","pkg":"com.spaceship.screen.textcopy"},"orders":["com.recognize_text.translate.screen","com.spaceship.screen.textcopy","com.niven.translator","com.gaminik.i18n","com.niven.game","com.tap_to_translate.snap_translate","com.microsoft.translator","com.niven.comic","com.google.android.apps.translate","com.newmg.yurao.pro","screen.translator.voice.translate","com.facebook.orca","com.screen.translate.google","com.discord","com.microsoft.office.outlook","com.google.android.apps.photos","com.skype.raider","at.nk.tools.iTranslate","com.sec.android.app.sbrowser","us.zoom.videomeetings"]},{"rank":{"index":1,"lang":"ja","country":"jp","chineseCountryName":"日本","pkg":"com.spaceship.screen.textcopy"},"orders":["com.spaceship.screen.textcopy","com.recognize_text.translate.screen","com.niven.translator","com.gaminik.i18n","com.niven.game","com.tap_to_translate.snap_translate","com.microsoft.translator","com.niven.comic","com.newmg.yurao.pro","com.galaxy.airviewdictionary","com.google.android.apps.translate","com.screen.translate.google","com.naver.labs.translator","com.deepl.mobiletranslator","com.tangdi.baiguotong","com.facebook.orca","com.discord","at.nk.tools.iTranslate","com.android.chrome","com.google.ar.lens"]},{"rank":{"index":1,"lang":"ko","country":"kr","chineseCountryName":"韩国","pkg":"com.spaceship.screen.textcopy"},"orders":["com.spaceship.screen.textcopy","com.recognize_text.translate.screen","com.tap_to_translate.snap_translate","com.niven.translator","com.gaminik.i18n","com.niven.game","com.microsoft.translator","com.naver.labs.translator","com.niven.comic","com.newmg.yurao.pro","com.google.android.apps.translate","com.galaxy.airviewdictionary","com.screen.translate.google","com.eecorp.taptranslator","com.facebook.orca","at.nk.tools.iTranslate","com.discord","com.android.chrome","com.sec.android.app.sbrowser","com.duolingo"]},{"rank":{"index":2,"lang":"zh-hk","country":"hk","chineseCountryName":"香港","pkg":"com.spaceship.screen.textcopy"},"orders":["com.recognize_text.translate.screen","com.spaceship.screen.textcopy","com.gaminik.i18n","com.microsoft.translator","com.niven.translator","com.niven.game","com.google.android.apps.translate","com.tap_to_translate.snap_translate","com.niven.comic","com.tangdi.baiguotong","com.newmg.yurao.pro","at.nk.tools.iTranslate","com.galaxy.airviewdictionary","com.screen.translate.google","com.b1b.translator.voicetranslate.alllanguages.translator.app","com.audacityittranslator.translatetexttranslator","com.facebook.orca","com.android.chrome","com.translate.language.translator.voice.translation","com.naver.labs.translator"]},{"rank":{"index":2,"lang":"zh-tw","country":"tw","chineseCountryName":"台湾","pkg":"com.spaceship.screen.textcopy"},"orders":["com.recognize_text.translate.screen","com.spaceship.screen.textcopy","com.gaminik.i18n","com.niven.translator","com.microsoft.translator","com.niven.game","com.tap_to_translate.snap_translate","com.tangdi.baiguotong","com.niven.comic","com.newmg.yurao.pro","at.nk.tools.iTranslate","com.google.android.apps.translate","com.galaxy.airviewdictionary","com.screen.translate.google","com.facebook.orca","com.youdao.hindict","com.discord","com.android.chrome","com.google.android.apps.maps","com.naver.labs.translator"]},{"rank":{"index":2,"lang":"en","country":"in","chineseCountryName":"印度","pkg":"com.spaceship.screen.textcopy"},"orders":["com.recognize_text.translate.screen","com.spaceship.screen.textcopy","com.tap_to_translate.snap_translate","com.google.android.apps.translate","com.newmg.yurao.pro","com.niven.translator","com.gaminik.i18n","com.microsoft.translator"]},{"rank":{"index":2,"lang":"id","country":"id","chineseCountryName":"印尼","pkg":"com.spaceship.screen.textcopy"},"orders":["com.recognize_text.translate.screen","com.spaceship.screen.textcopy","com.niven.translator","com.tap_to_translate.snap_translate","com.gaminik.i18n","com.niven.game","com.niven.comic","com.youdao.hindict","com.newmg.yurao.pro","com.screen.translate.google","com.google.android.apps.translate"]},{"rank":{"index":2,"lang":"es-mx","country":"mx","chineseCountryName":"墨西哥","pkg":"com.spaceship.screen.textcopy"},"orders":["com.recognize_text.translate.screen","com.spaceship.screen.textcopy","com.niven.translator","com.gaminik.i18n","com.niven.game","com.tap_to_translate.snap_translate","com.niven.comic","com.microsoft.translator","com.newmg.yurao.pro","com.youdao.hindict","com.screen.translate.google","at.nk.tools.iTranslate","com.google.android.apps.translate","com.niven.apptranslate","com.tangdi.baiguotong","com.android.chrome","com.facebook.orca","com.google.android.apps.photos","com.discord","com.google.android.apps.maps"]}]