[{"rank":{"index":2,"lang":"en-us","country":"us","chineseCountryName":"美国","pkg":"com.spaceship.screen.textcopy"},"orders":["com.recognize_text.translate.screen","com.spaceship.screen.textcopy","com.screen.translate.google","com.gaminik.i18n","com.niven.translator","com.tap_to_translate.snap_translate","com.galaxy.airviewdictionary","com.newmg.yurao.pro","com.yoyodev.screentranslate","com.newtranslate.google","com.aurasense.screentranslate","com.google.android.apps.translate","com.niven.apptranslate","com.niven.game","translate.speech.text.translation.voicetranslator","at.nk.tools.iTranslate","ru.yandex.translate","com.microsoft.translator","com.deepl.mobiletranslator","com.mg.chat"]},{"rank":{"index":4,"lang":"ru","country":"ru","chineseCountryName":"俄罗斯","pkg":"com.spaceship.screen.textcopy"},"orders":["com.recognize_text.translate.screen","com.niven.translator","com.tap_to_translate.snap_translate","com.spaceship.screen.textcopy","ru.yandex.translate","com.screen.translate.google","com.gaminik.i18n","com.microsoft.translator","at.nk.tools.iTranslate","com.yoyodev.screentranslate","com.newmg.yurao.pro","photo.translate.camera.translator","co.appnation.aivoicetranslator","com.fapp.translate.language.translator.fasttranslation","com.transgull.translator"]},{"rank":{"index":2,"lang":"pt-br","country":"br","chineseCountryName":"巴西","pkg":"com.spaceship.screen.textcopy"},"orders":["com.recognize_text.translate.screen","com.spaceship.screen.textcopy","com.gaminik.i18n","com.niven.translator","com.tap_to_translate.snap_translate","com.screen.translate.google","at.nk.tools.iTranslate","com.google.android.apps.translate","com.microsoft.translator","com.galaxy.airviewdictionary","ru.yandex.translate","com.newmg.yurao.pro","com.newtranslate.google","com.fapp.translate.language.translator.fasttranslation","co.appnation.aivoicetranslator","photo.translate.camera.translator","com.niven.game","com.transgull.translator","com.zaz.translate","com.kursx.smartbook"]},{"rank":{"index":2,"lang":"fr","country":"fr","chineseCountryName":"法国","pkg":"com.spaceship.screen.textcopy"},"orders":["com.recognize_text.translate.screen","com.spaceship.screen.textcopy","com.tap_to_translate.snap_translate","com.gaminik.i18n","com.screen.translate.google","com.yoyodev.screentranslate","com.niven.translator","com.newmg.yurao.pro","com.aurasense.screentranslate","photo.translate.camera.translator","com.galaxy.airviewdictionary","com.niven.game","at.nk.tools.iTranslate","com.fapp.translate.language.translator.fasttranslation","com.microsoft.translator","co.appnation.aivoicetranslator","ru.yandex.translate","com.newtranslate.google","com.niven.apptranslate","live.screentranslate.realtime"]},{"rank":{"index":2,"lang":"en-gb","country":"gb","chineseCountryName":"英国","pkg":"com.spaceship.screen.textcopy"},"orders":["com.recognize_text.translate.screen","com.spaceship.screen.textcopy","com.screen.translate.google","com.galaxy.airviewdictionary","com.tap_to_translate.snap_translate","com.niven.translator","com.newtranslate.google","com.gaminik.i18n","com.yoyodev.screentranslate","com.google.android.apps.translate","com.newmg.yurao.pro","com.aurasense.screentranslate","com.niven.apptranslate","com.flabs.screen.translate","ru.yandex.translate","com.niven.game","com.screen.translator.text.recognize","com.microsoft.translator","at.nk.tools.iTranslate","screen.translator.voice.translate"]},{"rank":{"index":4,"lang":"de","country":"de","chineseCountryName":"德国","pkg":"com.spaceship.screen.textcopy"},"orders":["com.recognize_text.translate.screen","com.niven.translator","com.screen.translate.google","com.spaceship.screen.textcopy","com.gaminik.i18n","com.galaxy.airviewdictionary","com.tap_to_translate.snap_translate","com.newtranslate.google","com.yoyodev.screentranslate","com.niven.apptranslate","com.newmg.yurao.pro","com.hive.lingonative","com.flabs.screen.translate","com.google.android.apps.translate","com.deepl.mobiletranslator","screen.translator.voice.translate","ru.yandex.translate","com.niven.game","sami.pro.com.Translate","com.eecorp.linguago"]},{"rank":{"index":4,"lang":"it","country":"it","chineseCountryName":"意大利","pkg":"com.spaceship.screen.textcopy"},"orders":["com.recognize_text.translate.screen","com.tap_to_translate.snap_translate","com.gaminik.i18n","com.spaceship.screen.textcopy","com.screen.translate.google","com.yoyodev.screentranslate","com.google.android.apps.translate","com.microsoft.translator","com.niven.translator","ru.yandex.translate","at.nk.tools.iTranslate","com.zaz.translate","com.transgull.translator","com.newmg.yurao.pro","co.appnation.aivoicetranslator"]},{"rank":{"index":5,"lang":"ja","country":"jp","chineseCountryName":"日本","pkg":"com.spaceship.screen.textcopy"},"orders":["com.recognize_text.translate.screen","com.gaminik.i18n","com.tap_to_translate.snap_translate","com.screen.translate.google","com.spaceship.screen.textcopy","com.galaxy.airviewdictionary","com.niven.translator","com.newtranslate.google","com.newmg.yurao.pro","com.niven.apptranslate","com.aurasense.screentranslate"]},{"rank":{"index":3,"lang":"ko","country":"kr","chineseCountryName":"韩国","pkg":"com.spaceship.screen.textcopy"},"orders":["com.recognize_text.translate.screen","com.gaminik.i18n","com.spaceship.screen.textcopy","com.screen.translate.google","com.niven.translator","com.tap_to_translate.snap_translate","com.microsoft.translator","com.aurasense.screentranslate","at.nk.tools.iTranslate","ru.yandex.translate","com.newmg.yurao.pro"]},{"rank":{"index":2,"lang":"zh-hk","country":"hk","chineseCountryName":"香港","pkg":"com.spaceship.screen.textcopy"},"orders":["com.recognize_text.translate.screen","com.spaceship.screen.textcopy","com.gaminik.i18n","com.screen.translate.google","com.yoyodev.screentranslate","com.niven.translator","com.tap_to_translate.snap_translate","com.aurasense.screentranslate","at.nk.tools.iTranslate","com.newmg.yurao.pro","com.galaxy.airviewdictionary","photo.translate.camera.translator","ru.yandex.translate","com.microsoft.translator","com.fapp.translate.language.translator.fasttranslation","co.appnation.aivoicetranslator","com.niven.apptranslate","com.newtranslate.google","com.mg.chat","live.screentranslate.realtime"]},{"rank":{"index":2,"lang":"zh-tw","country":"tw","chineseCountryName":"台湾","pkg":"com.spaceship.screen.textcopy"},"orders":["com.recognize_text.translate.screen","com.spaceship.screen.textcopy","com.screen.translate.google","com.gaminik.i18n","com.niven.translator","com.microsoft.translator","ru.yandex.translate","com.yoyodev.screentranslate","at.nk.tools.iTranslate","com.zaz.translate","com.newmg.yurao.pro"]},{"rank":{"index":0,"lang":"en","country":"in","chineseCountryName":"印度","pkg":"com.spaceship.screen.textcopy"},"orders":["com.recognize_text.translate.screen","com.gaminik.i18n","com.google.android.apps.translate","at.nk.tools.iTranslate"]},{"rank":{"index":3,"lang":"id","country":"id","chineseCountryName":"印尼","pkg":"com.spaceship.screen.textcopy"},"orders":["com.recognize_text.translate.screen","com.tap_to_translate.snap_translate","com.spaceship.screen.textcopy","com.gaminik.i18n","com.niven.translator","com.screen.translate.google","com.yoyodev.screentranslate","at.nk.tools.iTranslate","com.google.android.apps.translate","com.microsoft.translator","com.newmg.yurao.pro","com.aurasense.screentranslate","com.zaz.translate","photo.translate.camera.translator"]},{"rank":{"index":15,"lang":"es-mx","country":"mx","chineseCountryName":"墨西哥","pkg":"com.spaceship.screen.textcopy"},"orders":["com.recognize_text.translate.screen","com.tap_to_translate.snap_translate","com.gaminik.i18n","com.google.android.apps.translate","com.deepl.mobiletranslator","ru.yandex.translate","com.zaz.translate","at.nk.tools.iTranslate","com.google.ar.lens","link.zhidou.btranslator","com.siv","co.langlang.translator_for_wsp","com.tangdi.baiguotong","com.google.android.tts","com.spaceship.screen.textcopy","com.galaxy.airviewdictionary","com.niven.translator","com.screen.translate.google","com.newtranslate.google","com.newmg.yurao.pro"]}]