[{"rank":{"index":2,"lang":"en-us","country":"us","chineseCountryName":"美国","pkg":"com.spaceship.screen.textcopy"},"orders":["com.recognize_text.translate.screen","com.spaceship.screen.textcopy","com.tap_to_translate.snap_translate","com.google.android.apps.translate","com.screen.translate.google","com.niven.translator","com.microsoft.translator","com.gaminik.i18n","com.newmg.yurao.pro","at.nk.tools.iTranslate","com.niven.game","com.google.ar.lens","com.translate.language.translator.voice.translation","com.translate.talkingtranslator","com.naver.labs.translator","com.niven.comic","com.datacomprojects.scanandtranslate","com.deepl.mobiletranslator","com.sayhi.android.sayhitranslate","com.niven.apptranslate"]},{"rank":{"index":3,"lang":"ru","country":"ru","chineseCountryName":"俄罗斯","pkg":"com.spaceship.screen.textcopy"},"orders":["com.recognize_text.translate.screen","com.niven.translator","com.spaceship.screen.textcopy","com.tap_to_translate.snap_translate","com.gaminik.i18n","com.niven.game","com.newmg.yurao.pro","com.screen.translate.google","ru.yandex.translate","com.niven.comic","com.google.android.apps.translate","com.microsoft.translator","com.niven.apptranslate","com.voice_camera_free_translate","com.datacomprojects.scanandtranslate","com.deepl.mobiletranslator","com.translate.language.translator.voice.translation","at.nk.tools.iTranslate","com.whatsapp","com.android.chrome"]},{"rank":{"index":2,"lang":"pt-br","country":"br","chineseCountryName":"巴西","pkg":"com.spaceship.screen.textcopy"},"orders":["com.recognize_text.translate.screen","com.spaceship.screen.textcopy","com.tap_to_translate.snap_translate","com.gaminik.i18n","com.google.android.apps.translate","at.nk.tools.iTranslate","com.deepl.mobiletranslator","com.zaz.translate","ru.yandex.translate","com.translate.language.translator.voice.translation","com.naver.labs.translator","com.translate.talkingtranslator","com.softissimo.reverso.context","com.niven.translator","com.newmg.yurao.pro","com.niven.game","com.screen.translate.google","com.niven.comic","com.niven.apptranslate","com.google.ar.lens"]},{"rank":{"index":3,"lang":"fr","country":"fr","chineseCountryName":"法国","pkg":"com.spaceship.screen.textcopy"},"orders":["com.recognize_text.translate.screen","com.tap_to_translate.snap_translate","com.spaceship.screen.textcopy","com.niven.translator","com.screen.translate.google","com.gaminik.i18n","com.newmg.yurao.pro","com.niven.game","com.microsoft.translator","com.google.android.apps.translate","com.niven.comic","at.nk.tools.iTranslate","com.datacomprojects.scanandtranslate","com.niven.apptranslate","com.voice_camera_free_translate","com.deepl.mobiletranslator","com.google.ar.lens","com.translate.talkingtranslator","com.softissimo.reverso.context","com.translate.language.translator.voice.translation"]},{"rank":{"index":2,"lang":"en-gb","country":"gb","chineseCountryName":"英国","pkg":"com.spaceship.screen.textcopy"},"orders":["com.recognize_text.translate.screen","com.spaceship.screen.textcopy","com.tap_to_translate.snap_translate","com.google.android.apps.translate","com.screen.translate.google","com.niven.translator","com.microsoft.translator","com.gaminik.i18n","com.newmg.yurao.pro","at.nk.tools.iTranslate","com.niven.game","com.google.ar.lens","com.datacomprojects.scanandtranslate","com.niven.comic","com.deepl.mobiletranslator","com.niven.apptranslate","com.translate.language.translator.voice.translation","com.language.translate.free.translator.voice.translation","com.sayhi.android.sayhitranslate","com.naver.labs.translator"]},{"rank":{"index":2,"lang":"de","country":"de","chineseCountryName":"德国","pkg":"com.spaceship.screen.textcopy"},"orders":["com.recognize_text.translate.screen","com.spaceship.screen.textcopy","com.tap_to_translate.snap_translate","com.niven.translator","com.screen.translate.google","com.gaminik.i18n","com.microsoft.translator","com.newmg.yurao.pro","com.niven.game","com.google.android.apps.translate","at.nk.tools.iTranslate","com.niven.comic","com.datacomprojects.scanandtranslate","com.deepl.mobiletranslator","com.niven.apptranslate","com.language.translate.free.translator.voice.translation","com.voice_camera_free_translate","com.google.ar.lens","com.translate.language.translator.voice.translation","ru.yandex.translate"]},{"rank":{"index":2,"lang":"it","country":"it","chineseCountryName":"意大利","pkg":"com.spaceship.screen.textcopy"},"orders":["com.recognize_text.translate.screen","com.spaceship.screen.textcopy","com.tap_to_translate.snap_translate","com.gaminik.i18n","com.niven.translator","com.newmg.yurao.pro","com.niven.game","com.screen.translate.google","com.microsoft.translator","com.niven.comic","at.nk.tools.iTranslate","com.google.android.apps.translate","com.datacomprojects.scanandtranslate","com.niven.apptranslate","com.translate.language.translator.voice.translation","com.deepl.mobiletranslator","com.aldoo.pdftranslatorpro","com.language.translate.free.translator.voice.translation","com.softissimo.reverso.context","com.google.ar.lens"]},{"rank":{"index":2,"lang":"ja","country":"jp","chineseCountryName":"日本","pkg":"com.spaceship.screen.textcopy"},"orders":["com.recognize_text.translate.screen","com.spaceship.screen.textcopy","com.tap_to_translate.snap_translate","com.niven.translator","com.gaminik.i18n","com.screen.translate.google","com.newmg.yurao.pro","com.niven.game","com.microsoft.translator","com.google.android.apps.translate","com.niven.comic","at.nk.tools.iTranslate","com.deepl.mobiletranslator"]},{"rank":{"index":3,"lang":"ko","country":"kr","chineseCountryName":"韩国","pkg":"com.spaceship.screen.textcopy"},"orders":["com.recognize_text.translate.screen","com.tap_to_translate.snap_translate","com.spaceship.screen.textcopy","com.niven.translator","com.gaminik.i18n","com.screen.translate.google","com.newmg.yurao.pro","com.niven.game","com.niven.comic","com.microsoft.translator","com.google.android.apps.translate","com.naver.labs.translator","com.niven.apptranslate","at.nk.tools.iTranslate","com.voice_camera_free_translate","com.google.ar.lens","com.facebook.katana","com.instagram.android","com.facebook.orca","org.telegram.messenger"]},{"rank":{"index":2,"lang":"zh-hk","country":"hk","chineseCountryName":"香港","pkg":"com.spaceship.screen.textcopy"},"orders":["com.recognize_text.translate.screen","com.spaceship.screen.textcopy","com.gaminik.i18n","com.screen.translate.google","com.niven.translator","com.newmg.yurao.pro","com.tap_to_translate.snap_translate","com.microsoft.translator","com.niven.game","com.google.android.apps.translate","com.niven.comic","at.nk.tools.iTranslate","com.niven.apptranslate","com.google.ar.lens","com.naver.labs.translator","com.deepl.mobiletranslator","com.immersivetranslate.browser","com.android.chrome","com.language.translate.free.translator.voice.translation","com.datacomprojects.scanandtranslate"]},{"rank":{"index":2,"lang":"zh-tw","country":"tw","chineseCountryName":"台湾","pkg":"com.spaceship.screen.textcopy"},"orders":["com.recognize_text.translate.screen","com.spaceship.screen.textcopy","com.tap_to_translate.snap_translate","com.niven.translator","com.screen.translate.google","com.gaminik.i18n","com.newmg.yurao.pro","com.niven.game","com.microsoft.translator","com.google.android.apps.translate","at.nk.tools.iTranslate","com.niven.comic","com.niven.apptranslate","com.voice_camera_free_translate","com.naver.labs.translator","com.language.translate.free.translator.voice.translation","com.tangdi.baiguotong","com.google.ar.lens","com.datacomprojects.scanandtranslate","com.immersivetranslate.browser"]},{"rank":{"index":2,"lang":"en","country":"in","chineseCountryName":"印度","pkg":"com.spaceship.screen.textcopy"},"orders":["com.recognize_text.translate.screen","com.spaceship.screen.textcopy","com.tap_to_translate.snap_translate","com.google.android.apps.translate","com.gaminik.i18n","com.zaz.translate","com.google.ar.lens","com.deepl.mobiletranslator","ru.yandex.translate","com.sayhi.android.sayhitranslate","com.softissimo.reverso.context","com.translate.talkingtranslator","com.newmg.yurao.pro","com.screen.translate.google","com.niven.translator","com.niven.game","com.niven.comic","screen.translator.voice.translate","com.galaxy.airviewdictionary","com.naver.labs.translator"]},{"rank":{"index":2,"lang":"id","country":"id","chineseCountryName":"印尼","pkg":"com.spaceship.screen.textcopy"},"orders":["com.recognize_text.translate.screen","com.spaceship.screen.textcopy","com.tap_to_translate.snap_translate","com.niven.translator","com.screen.translate.google","com.gaminik.i18n","com.niven.game","com.newmg.yurao.pro","com.niven.comic","com.aldoo.pdftranslatorpro"]},{"rank":{"index":2,"lang":"es-mx","country":"mx","chineseCountryName":"墨西哥","pkg":"com.spaceship.screen.textcopy"},"orders":["com.recognize_text.translate.screen","com.spaceship.screen.textcopy","com.tap_to_translate.snap_translate","com.gaminik.i18n","at.nk.tools.iTranslate","com.google.android.apps.translate","com.zaz.translate","com.deepl.mobiletranslator","ru.yandex.translate","com.translate.talkingtranslator","com.google.ar.lens","com.naver.labs.translator","com.softissimo.reverso.context","com.niven.translator","com.newmg.yurao.pro","com.niven.game","com.screen.translate.google","com.niven.comic","com.niven.apptranslate","com.sayhi.android.sayhitranslate"]}]