[{"rank":{"index":2,"lang":"en-us","country":"us","chineseCountryName":"美国","pkg":"com.spaceship.screen.textcopy"},"orders":["com.recognize_text.translate.screen","com.spaceship.screen.textcopy","com.tap_to_translate.snap_translate","com.google.android.apps.translate","com.microsoft.translator","com.niven.translator","com.newmg.yurao.pro","com.gaminik.i18n","screen.translator.voice.translate","com.niven.game","com.zaz.translate","com.deepl.mobiletranslator","com.immersivetranslate.browser","com.screen.translate.google","com.niven.apptranslate","com.naver.labs.translator","com.eecorp.taptranslator","at.nk.tools.iTranslate","com.mobisystems.msdict.embedded.wireless.collins.ee","com.voice_camera_free_translate"]},{"rank":{"index":0,"lang":"ru","country":"ru","chineseCountryName":"俄罗斯","pkg":"com.spaceship.screen.textcopy"},"orders":["com.recognize_text.translate.screen","com.niven.translator","com.tap_to_translate.snap_translate","com.newmg.yurao.pro","com.microsoft.translator","com.google.android.apps.translate","com.gaminik.i18n","com.niven.game","com.deepl.mobiletranslator","ru.yandex.translate","com.niven.apptranslate","com.immersivetranslate.browser","com.screen.translate.google","photo.translate.camera.translator","com.zaz.translate","com.voice_camera_free_translate","com.google.ar.lens","at.nk.tools.iTranslate","com.datacomprojects.scanandtranslate","com.promt.pmtappfree"]},{"rank":{"index":2,"lang":"pt-br","country":"br","chineseCountryName":"巴西","pkg":"com.spaceship.screen.textcopy"},"orders":["com.recognize_text.translate.screen","com.spaceship.screen.textcopy","com.tap_to_translate.snap_translate","com.gaminik.i18n","com.newmg.yurao.pro","com.niven.translator","com.microsoft.translator","com.niven.game","com.google.android.apps.translate","com.immersivetranslate.browser","com.niven.apptranslate","com.screen.translate.google","com.eecorp.taptranslator","com.deepl.mobiletranslator","com.voice_camera_free_translate","com.zaz.translate","com.android.chrome","com.openai.chatgpt","at.nk.tools.iTranslate","photo.translate.camera.translator"]},{"rank":{"index":3,"lang":"fr","country":"fr","chineseCountryName":"法国","pkg":"com.spaceship.screen.textcopy"},"orders":["com.recognize_text.translate.screen","com.tap_to_translate.snap_translate","com.spaceship.screen.textcopy","com.gaminik.i18n","com.newmg.yurao.pro","com.niven.translator","com.microsoft.translator","com.google.android.apps.translate","com.niven.game","com.deepl.mobiletranslator","com.screen.translate.google","com.immersivetranslate.browser","com.niven.apptranslate","com.eecorp.taptranslator","com.zaz.translate","screen.translator.voice.translate","com.voice_camera_free_translate","com.google.ar.lens","com.openai.chatgpt","com.android.chrome"]},{"rank":{"index":2,"lang":"en-gb","country":"gb","chineseCountryName":"英国","pkg":"com.spaceship.screen.textcopy"},"orders":["com.recognize_text.translate.screen","com.spaceship.screen.textcopy","com.tap_to_translate.snap_translate","com.newmg.yurao.pro","com.niven.translator","com.gaminik.i18n","com.microsoft.translator","com.google.android.apps.translate","com.immersivetranslate.browser","com.niven.game","com.zaz.translate","com.niven.apptranslate","com.screen.translate.google","com.deepl.mobiletranslator","at.nk.tools.iTranslate","com.eecorp.taptranslator","com.voice_camera_free_translate","com.naver.labs.translator","screen.translator.voice.translate","com.siv"]},{"rank":{"index":2,"lang":"de","country":"de","chineseCountryName":"德国","pkg":"com.spaceship.screen.textcopy"},"orders":["com.recognize_text.translate.screen","com.spaceship.screen.textcopy","com.tap_to_translate.snap_translate","com.gaminik.i18n","com.newmg.yurao.pro","com.niven.translator","com.microsoft.translator","com.google.android.apps.translate","com.deepl.mobiletranslator","com.immersivetranslate.browser","com.niven.game","com.screen.translate.google","com.niven.apptranslate","com.eecorp.taptranslator","com.zaz.translate","com.google.ar.lens","com.voice_camera_free_translate","ru.yandex.translate","com.android.chrome","com.openai.chatgpt"]},{"rank":{"index":2,"lang":"it","country":"it","chineseCountryName":"意大利","pkg":"com.spaceship.screen.textcopy"},"orders":["com.recognize_text.translate.screen","com.spaceship.screen.textcopy","com.tap_to_translate.snap_translate","com.newmg.yurao.pro","com.niven.translator","com.gaminik.i18n","com.microsoft.translator","com.google.android.apps.translate","com.deepl.mobiletranslator","com.screen.translate.google","com.niven.game","com.immersivetranslate.browser","com.eecorp.taptranslator","com.niven.apptranslate","com.zaz.translate","com.voice_camera_free_translate","com.google.ar.lens","com.kursx.smartbook","com.openai.chatgpt","com.google.android.apps.maps"]},{"rank":{"index":3,"lang":"ja","country":"jp","chineseCountryName":"日本","pkg":"com.spaceship.screen.textcopy"},"orders":["com.recognize_text.translate.screen","com.tap_to_translate.snap_translate","com.spaceship.screen.textcopy","com.newmg.yurao.pro","com.gaminik.i18n","com.niven.translator","com.deepl.mobiletranslator","com.microsoft.translator","com.immersivetranslate.browser","com.google.android.apps.translate","com.niven.game","com.google.ar.lens","com.screen.translate.google","com.niven.apptranslate","com.naver.labs.translator","com.eecorp.taptranslator","com.google.android.apps.maps","com.android.chrome","com.translate.talkingtranslator","com.openai.chatgpt"]},{"rank":{"index":3,"lang":"ko","country":"kr","chineseCountryName":"韩国","pkg":"com.spaceship.screen.textcopy"},"orders":["com.recognize_text.translate.screen","com.tap_to_translate.snap_translate","com.spaceship.screen.textcopy","com.newmg.yurao.pro","com.niven.translator","com.gaminik.i18n","com.microsoft.translator","com.google.android.apps.translate","com.naver.labs.translator","com.screen.translate.google","com.niven.apptranslate","com.niven.game","com.immersivetranslate.browser","com.deepl.mobiletranslator","com.eecorp.taptranslator","com.zaz.translate","com.google.ar.lens","at.nk.tools.iTranslate","com.translate.talkingtranslator","com.openai.chatgpt"]},{"rank":{"index":2,"lang":"zh-hk","country":"hk","chineseCountryName":"香港","pkg":"com.spaceship.screen.textcopy"},"orders":["com.recognize_text.translate.screen","com.spaceship.screen.textcopy","com.tap_to_translate.snap_translate","com.newmg.yurao.pro","com.gaminik.i18n","com.microsoft.translator","com.niven.translator","com.google.android.apps.translate","com.screen.translate.google","com.niven.apptranslate","com.niven.game","com.deepl.mobiletranslator","com.immersivetranslate.browser","com.zaz.translate","com.eecorp.taptranslator","com.naver.labs.translator","com.voice_camera_free_translate","com.google.ar.lens","at.nk.tools.iTranslate","com.google.android.apps.maps"]},{"rank":{"index":2,"lang":"zh-tw","country":"tw","chineseCountryName":"台湾","pkg":"com.spaceship.screen.textcopy"},"orders":["com.recognize_text.translate.screen","com.spaceship.screen.textcopy","com.newmg.yurao.pro","com.tap_to_translate.snap_translate","com.niven.translator","com.gaminik.i18n","com.microsoft.translator","com.immersivetranslate.browser","com.niven.game","com.niven.apptranslate","com.screen.translate.google","com.google.android.apps.translate","com.eecorp.taptranslator","com.naver.labs.translator","at.nk.tools.iTranslate","com.deepl.mobiletranslator","com.zaz.translate","com.google.ar.lens","live.screentranslate.realtime","com.android.chrome"]},{"rank":{"index":2,"lang":"en","country":"in","chineseCountryName":"印度","pkg":"com.spaceship.screen.textcopy"},"orders":["com.recognize_text.translate.screen","com.spaceship.screen.textcopy","com.newmg.yurao.pro"]},{"rank":{"index":1,"lang":"id","country":"id","chineseCountryName":"印尼","pkg":"com.spaceship.screen.textcopy"},"orders":["com.spaceship.screen.textcopy","com.recognize_text.translate.screen","com.tap_to_translate.snap_translate","com.newmg.yurao.pro","com.gaminik.i18n","com.niven.translator","com.niven.game","com.screen.translate.google","com.google.android.apps.translate","com.eecorp.taptranslator","com.niven.apptranslate","com.microsoft.translator","com.deepl.mobiletranslator","com.immersivetranslate.browser","com.youdao.hindict"]},{"rank":{"index":2,"lang":"es-mx","country":"mx","chineseCountryName":"墨西哥","pkg":"com.spaceship.screen.textcopy"},"orders":["com.recognize_text.translate.screen","com.spaceship.screen.textcopy","com.tap_to_translate.snap_translate","com.gaminik.i18n","com.newmg.yurao.pro","com.niven.translator","com.microsoft.translator","com.google.android.apps.translate","com.niven.game","com.deepl.mobiletranslator","com.screen.translate.google","com.niven.apptranslate","com.immersivetranslate.browser","com.eecorp.taptranslator","com.zaz.translate","com.voice_camera_free_translate","com.google.ar.lens","at.nk.tools.iTranslate","com.youdao.hindict","com.android.chrome"]}]