[{"rank":{"index":2,"lang":"en-us","country":"us","chineseCountryName":"美国","pkg":"com.spaceship.screen.textcopy"},"orders":["com.recognize_text.translate.screen","com.spaceship.screen.textcopy","com.tap_to_translate.snap_translate","com.niven.translator","com.google.android.apps.translate","com.screen.translate.google","com.newmg.yurao.pro","com.gaminik.i18n","com.immersivetranslate.browser","com.microsoft.translator","com.deepl.mobiletranslator","com.fapp.translate.language.translator.fasttranslation","com.voice_camera_free_translate","com.niven.apptranslate","com.niven.game","at.nk.tools.iTranslate","photo.translate.camera.translator","com.google.ar.lens","com.translate.talkingtranslator","link.zhidou.btranslator"]},{"rank":{"index":0,"lang":"ru","country":"ru","chineseCountryName":"俄罗斯","pkg":"com.spaceship.screen.textcopy"},"orders":["com.recognize_text.translate.screen","com.niven.translator","com.tap_to_translate.snap_translate","com.gaminik.i18n","com.newmg.yurao.pro","com.screen.translate.google","com.immersivetranslate.browser","com.google.android.apps.translate","com.voice_camera_free_translate","ru.yandex.translate","com.deepl.mobiletranslator","com.niven.game","com.niven.apptranslate","com.zaz.translate","com.microsoft.translator","com.fapp.translate.language.translator.fasttranslation","com.google.ar.lens","live.screentranslate.realtime","at.nk.tools.iTranslate","com.activision.callofduty.shooter"]},{"rank":{"index":2,"lang":"pt-br","country":"br","chineseCountryName":"巴西","pkg":"com.spaceship.screen.textcopy"},"orders":["com.recognize_text.translate.screen","com.spaceship.screen.textcopy","com.tap_to_translate.snap_translate","com.niven.translator","com.screen.translate.google","com.gaminik.i18n","com.newmg.yurao.pro","com.immersivetranslate.browser","com.niven.apptranslate","com.voice_camera_free_translate","com.google.android.apps.translate","com.niven.game","com.deepl.mobiletranslator","com.fapp.translate.language.translator.fasttranslation","com.microsoft.translator","com.zaz.translate","com.openai.chatgpt","com.amazon.kindle","com.microsoft.teams","com.android.chrome"]},{"rank":{"index":2,"lang":"fr","country":"fr","chineseCountryName":"法国","pkg":"com.spaceship.screen.textcopy"},"orders":["com.recognize_text.translate.screen","com.spaceship.screen.textcopy","com.tap_to_translate.snap_translate","com.niven.translator","com.screen.translate.google","com.gaminik.i18n","com.newmg.yurao.pro","com.immersivetranslate.browser","com.google.android.apps.translate","com.voice_camera_free_translate","com.fapp.translate.language.translator.fasttranslation","com.niven.apptranslate","com.deepl.mobiletranslator","com.microsoft.translator","com.niven.game","com.zaz.translate","com.datacomprojects.scanandtranslate","com.openai.chatgpt","com.microsoft.teams","com.facebook.orca"]},{"rank":{"index":2,"lang":"en-gb","country":"gb","chineseCountryName":"英国","pkg":"com.spaceship.screen.textcopy"},"orders":["com.recognize_text.translate.screen","com.spaceship.screen.textcopy","com.google.android.apps.translate","com.niven.translator","com.screen.translate.google","com.newmg.yurao.pro","com.gaminik.i18n","com.tap_to_translate.snap_translate","com.immersivetranslate.browser","com.microsoft.translator","com.fapp.translate.language.translator.fasttranslation","com.zaz.translate","com.deepl.mobiletranslator","com.niven.apptranslate","at.nk.tools.iTranslate","com.niven.game","photo.translate.camera.translator","ru.yandex.translate","link.zhidou.btranslator","com.google.ar.lens"]},{"rank":{"index":4,"lang":"de","country":"de","chineseCountryName":"德国","pkg":"com.spaceship.screen.textcopy"},"orders":["com.recognize_text.translate.screen","com.niven.translator","com.tap_to_translate.snap_translate","com.spaceship.screen.textcopy","com.screen.translate.google","com.gaminik.i18n","com.newmg.yurao.pro","com.immersivetranslate.browser","com.google.android.apps.translate","com.deepl.mobiletranslator","com.niven.apptranslate","com.fapp.translate.language.translator.fasttranslation","com.voice_camera_free_translate","com.microsoft.translator","com.niven.game","com.openai.chatgpt","ru.yandex.translate","com.zaz.translate","com.microsoft.teams","com.android.chrome"]},{"rank":{"index":2,"lang":"it","country":"it","chineseCountryName":"意大利","pkg":"com.spaceship.screen.textcopy"},"orders":["com.recognize_text.translate.screen","com.spaceship.screen.textcopy","com.tap_to_translate.snap_translate","com.niven.translator","com.screen.translate.google","com.gaminik.i18n","com.newmg.yurao.pro","com.immersivetranslate.browser","com.google.android.apps.translate","com.voice_camera_free_translate","com.fapp.translate.language.translator.fasttranslation","com.deepl.mobiletranslator","com.niven.apptranslate","com.microsoft.translator","com.niven.game","com.zaz.translate","com.openai.chatgpt","com.microsoft.teams","com.tencent.mm","com.facebook.orca"]},{"rank":{"index":2,"lang":"ja","country":"jp","chineseCountryName":"日本","pkg":"com.spaceship.screen.textcopy"},"orders":["com.recognize_text.translate.screen","com.spaceship.screen.textcopy","com.niven.translator","com.tap_to_translate.snap_translate","com.gaminik.i18n","com.newmg.yurao.pro","com.screen.translate.google","com.immersivetranslate.browser","com.google.android.apps.translate"]},{"rank":{"index":2,"lang":"ko","country":"kr","chineseCountryName":"韩国","pkg":"com.spaceship.screen.textcopy"},"orders":["com.recognize_text.translate.screen","com.spaceship.screen.textcopy","com.tap_to_translate.snap_translate","com.niven.translator","com.gaminik.i18n","com.screen.translate.google","com.newmg.yurao.pro","com.immersivetranslate.browser","com.google.android.apps.translate","com.voice_camera_free_translate","com.niven.apptranslate","com.naver.labs.translator","com.fapp.translate.language.translator.fasttranslation","com.microsoft.translator","com.deepl.mobiletranslator","com.niven.game","com.openai.chatgpt","com.zaz.translate","com.kakao.talk","com.android.chrome"]},{"rank":{"index":2,"lang":"zh-hk","country":"hk","chineseCountryName":"香港","pkg":"com.spaceship.screen.textcopy"},"orders":["com.recognize_text.translate.screen","com.spaceship.screen.textcopy","com.screen.translate.google","com.niven.translator","com.newmg.yurao.pro","com.gaminik.i18n","com.tap_to_translate.snap_translate","com.immersivetranslate.browser","com.google.android.apps.translate","com.fapp.translate.language.translator.fasttranslation","com.niven.apptranslate","com.niven.game","com.deepl.mobiletranslator","at.nk.tools.iTranslate","com.microsoft.translator","com.zaz.translate","com.naver.labs.translator","com.google.ar.lens","com.inw.trulinco","com.android.chrome"]},{"rank":{"index":2,"lang":"zh-tw","country":"tw","chineseCountryName":"台湾","pkg":"com.spaceship.screen.textcopy"},"orders":["com.recognize_text.translate.screen","com.spaceship.screen.textcopy","com.niven.translator","com.screen.translate.google","com.gaminik.i18n","com.newmg.yurao.pro","com.tap_to_translate.snap_translate","com.immersivetranslate.browser","com.fapp.translate.language.translator.fasttranslation","com.google.android.apps.translate","com.niven.apptranslate","com.microsoft.translator","com.naver.labs.translator","com.deepl.mobiletranslator","com.openai.chatgpt","com.zaz.translate","com.android.chrome","com.instagram.barcelona","com.facebook.orca","com.google.ar.lens"]},{"rank":{"index":2,"lang":"en","country":"in","chineseCountryName":"印度","pkg":"com.spaceship.screen.textcopy"},"orders":["com.recognize_text.translate.screen","com.spaceship.screen.textcopy","com.newmg.yurao.pro","com.google.android.apps.translate"]},{"rank":{"index":3,"lang":"id","country":"id","chineseCountryName":"印尼","pkg":"com.spaceship.screen.textcopy"},"orders":["com.recognize_text.translate.screen","com.tap_to_translate.snap_translate","com.spaceship.screen.textcopy","com.niven.translator","com.screen.translate.google","com.gaminik.i18n","com.newmg.yurao.pro","com.google.android.apps.translate","com.immersivetranslate.browser","com.niven.apptranslate"]},{"rank":{"index":2,"lang":"es-mx","country":"mx","chineseCountryName":"墨西哥","pkg":"com.spaceship.screen.textcopy"},"orders":["com.recognize_text.translate.screen","com.spaceship.screen.textcopy","com.tap_to_translate.snap_translate","com.niven.translator","com.gaminik.i18n","com.screen.translate.google","com.newmg.yurao.pro","com.immersivetranslate.browser","com.voice_camera_free_translate","com.google.android.apps.translate","com.niven.apptranslate","com.deepl.mobiletranslator","com.niven.game","com.microsoft.translator","com.fapp.translate.language.translator.fasttranslation","com.zaz.translate","com.openai.chatgpt","com.microsoft.teams","com.amazon.kindle","com.google.android.apps.chromecast.app"]}]