[{"rank":{"index":2,"lang":"en-us","country":"us","chineseCountryName":"美国","pkg":"com.spaceship.screen.textcopy"},"orders":["com.recognize_text.translate.screen","com.spaceship.screen.textcopy","com.tap_to_translate.snap_translate","com.google.android.apps.translate","com.screen.translate.google","com.microsoft.translator","com.newmg.yurao.pro","com.gaminik.i18n","com.niven.translator","at.nk.tools.iTranslate","com.translate.talkingtranslator","com.translate.language.translator.voice.translation","com.google.ar.lens","com.deepl.mobiletranslator","com.naver.labs.translator","com.language.translate.free.translator.voice.translation","com.sayhi.android.sayhitranslate","com.voice_camera_free_translate","ru.yandex.translate","com.niven.game"]},{"rank":{"index":0,"lang":"ru","country":"ru","chineseCountryName":"俄罗斯","pkg":"com.spaceship.screen.textcopy"},"orders":["com.recognize_text.translate.screen","com.tap_to_translate.snap_translate","com.niven.translator","com.newmg.yurao.pro","com.gaminik.i18n","com.screen.translate.google","ru.yandex.translate","com.niven.game","com.microsoft.translator","com.google.android.apps.translate","com.deepl.mobiletranslator","com.niven.apptranslate","com.voice_camera_free_translate","com.language.translate.free.translator.voice.translation","at.nk.tools.iTranslate","com.google.ar.lens","com.translate.talkingtranslator","com.whatsapp","com.android.chrome","com.datacomprojects.scanandtranslate"]},{"rank":{"index":2,"lang":"pt-br","country":"br","chineseCountryName":"巴西","pkg":"com.spaceship.screen.textcopy"},"orders":["com.recognize_text.translate.screen","com.spaceship.screen.textcopy","com.tap_to_translate.snap_translate","com.gaminik.i18n","com.google.android.apps.translate","com.microsoft.translator","com.translate.language.translator.voice.translation","com.deepl.mobiletranslator","com.zaz.translate","ru.yandex.translate","com.translate.talkingtranslator","com.softissimo.reverso.context","com.google.ar.lens","com.niven.translator","com.newmg.yurao.pro","com.screen.translate.google","com.niven.game","com.niven.apptranslate","com.galaxy.airviewdictionary","com.sayhi.android.sayhitranslate"]},{"rank":{"index":3,"lang":"fr","country":"fr","chineseCountryName":"法国","pkg":"com.spaceship.screen.textcopy"},"orders":["com.recognize_text.translate.screen","com.tap_to_translate.snap_translate","com.spaceship.screen.textcopy","com.screen.translate.google","com.niven.translator","com.gaminik.i18n","com.newmg.yurao.pro","com.microsoft.translator","com.google.android.apps.translate","at.nk.tools.iTranslate","com.translate.talkingtranslator","com.voice_camera_free_translate","com.niven.game","com.translate.language.translator.voice.translation","com.datacomprojects.scanandtranslate","com.deepl.mobiletranslator","com.niven.apptranslate","camtranslator.voice.text.image.translate","com.google.ar.lens","com.language.translate.free.translator.voice.translation"]},{"rank":{"index":2,"lang":"en-gb","country":"gb","chineseCountryName":"英国","pkg":"com.spaceship.screen.textcopy"},"orders":["com.recognize_text.translate.screen","com.spaceship.screen.textcopy","com.tap_to_translate.snap_translate","com.google.android.apps.translate","com.screen.translate.google","com.microsoft.translator","com.newmg.yurao.pro","com.gaminik.i18n","com.niven.translator","at.nk.tools.iTranslate","com.translate.language.translator.voice.translation","com.google.ar.lens","com.datacomprojects.scanandtranslate","com.language.translate.free.translator.voice.translation","com.deepl.mobiletranslator","com.translate.talkingtranslator","com.voice_camera_free_translate","com.niven.game","com.naver.labs.translator","ru.yandex.translate"]},{"rank":{"index":2,"lang":"de","country":"de","chineseCountryName":"德国","pkg":"com.spaceship.screen.textcopy"},"orders":["com.recognize_text.translate.screen","com.spaceship.screen.textcopy","com.tap_to_translate.snap_translate","com.screen.translate.google","com.niven.translator","com.gaminik.i18n","com.microsoft.translator","com.newmg.yurao.pro","com.google.android.apps.translate","at.nk.tools.iTranslate","com.deepl.mobiletranslator","com.translate.talkingtranslator","com.niven.game","com.translate.language.translator.voice.translation","com.language.translate.free.translator.voice.translation","com.datacomprojects.scanandtranslate","com.voice_camera_free_translate","com.niven.apptranslate","camtranslator.voice.text.image.translate","com.sayhi.android.sayhitranslate"]},{"rank":{"index":2,"lang":"it","country":"it","chineseCountryName":"意大利","pkg":"com.spaceship.screen.textcopy"},"orders":["com.recognize_text.translate.screen","com.spaceship.screen.textcopy","com.tap_to_translate.snap_translate","com.gaminik.i18n","com.newmg.yurao.pro","com.screen.translate.google","com.microsoft.translator","com.niven.translator","at.nk.tools.iTranslate","com.niven.game","com.google.android.apps.translate","com.translate.language.translator.voice.translation","com.language.translate.free.translator.voice.translation","com.datacomprojects.scanandtranslate","camtranslator.voice.text.image.translate","com.deepl.mobiletranslator","com.voice_camera_free_translate","com.translate.talkingtranslator","com.niven.apptranslate","com.softissimo.reverso.context"]},{"rank":{"index":2,"lang":"ja","country":"jp","chineseCountryName":"日本","pkg":"com.spaceship.screen.textcopy"},"orders":["com.recognize_text.translate.screen","com.spaceship.screen.textcopy","com.tap_to_translate.snap_translate","com.microsoft.translator","com.gaminik.i18n","com.newmg.yurao.pro","com.niven.translator","com.screen.translate.google","com.google.android.apps.translate","at.nk.tools.iTranslate","com.deepl.mobiletranslator","com.naver.labs.translator","com.translate.talkingtranslator","com.translate.language.translator.voice.translation"]},{"rank":{"index":2,"lang":"ko","country":"kr","chineseCountryName":"韩国","pkg":"com.spaceship.screen.textcopy"},"orders":["com.recognize_text.translate.screen","com.spaceship.screen.textcopy","com.tap_to_translate.snap_translate","com.gaminik.i18n","com.newmg.yurao.pro","com.screen.translate.google","com.niven.translator","com.microsoft.translator","com.niven.game","com.google.android.apps.translate","com.naver.labs.translator","at.nk.tools.iTranslate","com.voice_camera_free_translate","com.translate.talkingtranslator","com.language.translate.free.translator.voice.translation","com.niven.apptranslate","com.deepl.mobiletranslator","com.translate.language.translator.voice.translation","com.flitto.app","com.niven.comic"]},{"rank":{"index":2,"lang":"zh-hk","country":"hk","chineseCountryName":"香港","pkg":"com.spaceship.screen.textcopy"},"orders":["com.recognize_text.translate.screen","com.spaceship.screen.textcopy","com.gaminik.i18n","com.screen.translate.google","com.newmg.yurao.pro","com.niven.translator","com.microsoft.translator","com.tap_to_translate.snap_translate","com.google.android.apps.translate","at.nk.tools.iTranslate","com.naver.labs.translator","com.niven.game","com.language.translate.free.translator.voice.translation","com.deepl.mobiletranslator","com.niven.apptranslate","com.google.ar.lens","com.translate.talkingtranslator","com.tangdi.baiguotong","com.datacomprojects.scanandtranslate","com.wooask.zx"]},{"rank":{"index":2,"lang":"zh-tw","country":"tw","chineseCountryName":"台湾","pkg":"com.spaceship.screen.textcopy"},"orders":["com.recognize_text.translate.screen","com.spaceship.screen.textcopy","com.tap_to_translate.snap_translate","com.screen.translate.google","com.gaminik.i18n","com.newmg.yurao.pro","com.niven.translator","com.microsoft.translator","com.google.android.apps.translate","at.nk.tools.iTranslate","com.niven.game","com.translate.talkingtranslator","com.voice_camera_free_translate","com.language.translate.free.translator.voice.translation","com.naver.labs.translator","com.niven.apptranslate","com.tangdi.baiguotong","com.google.ar.lens","com.translate.language.translator.voice.translation","photo.translate.camera.translator"]},{"rank":{"index":2,"lang":"en","country":"in","chineseCountryName":"印度","pkg":"com.spaceship.screen.textcopy"},"orders":["com.recognize_text.translate.screen","com.spaceship.screen.textcopy","com.tap_to_translate.snap_translate","com.google.android.apps.translate","com.microsoft.translator","com.gaminik.i18n","com.zaz.translate","com.deepl.mobiletranslator","ru.yandex.translate","com.translate.talkingtranslator","com.sayhi.android.sayhitranslate","com.naver.labs.translator","com.google.ar.lens","com.softissimo.reverso.context","com.newmg.yurao.pro","com.screen.translate.google","com.niven.translator","com.datacomprojects.scanandtranslate","translate.speech.text.translation.voicetranslator","com.niven.apptranslate"]},{"rank":{"index":2,"lang":"id","country":"id","chineseCountryName":"印尼","pkg":"com.spaceship.screen.textcopy"},"orders":["com.recognize_text.translate.screen","com.spaceship.screen.textcopy","com.tap_to_translate.snap_translate","com.gaminik.i18n","com.newmg.yurao.pro","com.niven.translator","com.screen.translate.google","com.niven.game","com.youdao.hindict","com.google.android.apps.translate","at.nk.tools.iTranslate","com.microsoft.translator","com.deepl.mobiletranslator","com.niven.apptranslate","com.niven.comic"]},{"rank":{"index":2,"lang":"es-mx","country":"mx","chineseCountryName":"墨西哥","pkg":"com.spaceship.screen.textcopy"},"orders":["com.recognize_text.translate.screen","com.spaceship.screen.textcopy","com.tap_to_translate.snap_translate","com.gaminik.i18n","com.microsoft.translator","com.google.android.apps.translate","com.deepl.mobiletranslator","com.zaz.translate","com.translate.talkingtranslator","ru.yandex.translate","com.softissimo.reverso.context","com.sayhi.android.sayhitranslate","com.naver.labs.translator","com.newmg.yurao.pro","com.niven.translator","com.screen.translate.google","com.youdao.hindict","com.niven.game","com.niven.apptranslate","com.google.ar.lens"]}]