[{"rank":{"index":2,"lang":"en-us","country":"us","chineseCountryName":"美国","pkg":"com.spaceship.screen.textcopy"},"orders":["com.recognize_text.translate.screen","com.spaceship.screen.textcopy","com.mg.yurao.google","com.tap_to_translate.snap_translate","com.google.android.apps.translate","com.gaminik.i18n","com.microsoft.translator","com.niven.translator","com.niven.game","com.niven.comic","com.newmg.yurao.pro","screen.translator.voice.translate","com.niven.apptranslate","com.eecorp.linguago","com.zaz.translate","com.translate.talkingtranslator","com.naver.labs.translator","at.nk.tools.iTranslate","com.sayhi.android.sayhitranslate","com.eecorp.taptranslator"]},{"rank":{"index":3,"lang":"ru","country":"ru","chineseCountryName":"俄罗斯","pkg":"com.spaceship.screen.textcopy"},"orders":["com.recognize_text.translate.screen","com.tap_to_translate.snap_translate","com.spaceship.screen.textcopy","com.gaminik.i18n","com.mg.yurao.google","com.niven.translator","com.niven.game","com.newmg.yurao.pro","com.niven.comic","ru.yandex.translate","com.eecorp.linguago","com.niven.apptranslate","screen.translator.voice.translate","com.google.android.apps.translate","com.microsoft.translator","com.datacomprojects.scanandtranslate","com.pidev.screentranslator","com.deepl.mobiletranslator","com.android.chrome","com.discord"]},{"rank":{"index":2,"lang":"fr","country":"fr","chineseCountryName":"法国","pkg":"com.spaceship.screen.textcopy"},"orders":["com.recognize_text.translate.screen","com.spaceship.screen.textcopy","com.tap_to_translate.snap_translate","com.mg.yurao.google","com.gaminik.i18n","com.niven.game","com.newmg.yurao.pro","com.niven.translator","com.niven.comic","com.google.android.apps.translate","com.niven.apptranslate","com.microsoft.translator","com.whatsapp","com.facebook.orca","com.google.android.apps.photos","us.zoom.videomeetings","org.telegram.messenger","com.android.chrome","com.discord","com.microsoft.office.outlook"]},{"rank":{"index":3,"lang":"en-gb","country":"gb","chineseCountryName":"英国","pkg":"com.spaceship.screen.textcopy"},"orders":["com.recognize_text.translate.screen","com.mg.yurao.google","com.spaceship.screen.textcopy","com.google.android.apps.translate","com.gaminik.i18n","screen.translator.voice.translate","com.niven.translator","com.tap_to_translate.snap_translate","com.niven.game","com.newmg.yurao.pro","com.microsoft.translator","com.niven.comic","com.niven.apptranslate","com.eecorp.linguago","com.eecorp.taptranslator","com.datacomprojects.scanandtranslate","com.zaz.translate","com.abbyy.mobile.textgrabber.full","com.deepl.mobiletranslator","com.webcatalog.translatium"]},{"rank":{"index":2,"lang":"de","country":"de","chineseCountryName":"德国","pkg":"com.spaceship.screen.textcopy"},"orders":["com.recognize_text.translate.screen","com.spaceship.screen.textcopy","com.mg.yurao.google","com.gaminik.i18n","com.tap_to_translate.snap_translate","com.niven.translator","com.niven.game","com.niven.comic","com.newmg.yurao.pro","com.google.android.apps.translate","com.niven.apptranslate","com.microsoft.translator","screen.translator.voice.translate","com.deepl.mobiletranslator","com.eecorp.linguago","com.facebook.orca","com.google.android.apps.photos","com.android.chrome","com.whatsapp","com.kursx.smartbook"]},{"rank":{"index":2,"lang":"it","country":"it","chineseCountryName":"意大利","pkg":"com.spaceship.screen.textcopy"},"orders":["com.recognize_text.translate.screen","com.spaceship.screen.textcopy","com.niven.game","com.gaminik.i18n","com.mg.yurao.google","com.tap_to_translate.snap_translate","com.niven.translator","com.niven.comic","com.newmg.yurao.pro","com.google.android.apps.translate","com.niven.apptranslate","com.microsoft.translator","com.softissimo.reverso.context","screen.translator.voice.translate","com.kursx.smartbook","com.deepl.mobiletranslator","com.eecorp.linguago","com.mobisystems.msdict.embedded.wireless.collins.ee","com.zaz.translate","com.translator.yellow"]},{"rank":{"index":4,"lang":"ja","country":"jp","chineseCountryName":"日本","pkg":"com.spaceship.screen.textcopy"},"orders":["com.recognize_text.translate.screen","com.mg.yurao.google","com.gaminik.i18n","com.spaceship.screen.textcopy","com.niven.game","com.tap_to_translate.snap_translate","com.niven.translator","com.niven.comic","com.newmg.yurao.pro","com.niven.apptranslate","com.google.android.apps.translate","com.eecorp.linguago","com.naver.labs.translator","com.android.chrome","com.facebook.orca","com.deepl.mobiletranslator","com.discord","screen.translator.voice.translate","com.whatsapp","us.zoom.videomeetings"]},{"rank":{"index":4,"lang":"ko","country":"kr","chineseCountryName":"韩国","pkg":"com.spaceship.screen.textcopy"},"orders":["com.recognize_text.translate.screen","com.mg.yurao.google","com.tap_to_translate.snap_translate","com.spaceship.screen.textcopy","com.gaminik.i18n","com.google.android.apps.translate","com.niven.game","com.niven.translator","com.niven.comic","com.newmg.yurao.pro","com.niven.apptranslate","com.naver.labs.translator","com.eecorp.linguago","screen.translator.voice.translate","com.zaz.translate","at.nk.tools.iTranslate","com.microsoft.translator","camera.translator.realtime","com.mg.chat","com.translate.talkingtranslator"]},{"rank":{"index":3,"lang":"zh-hk","country":"hk","chineseCountryName":"香港","pkg":"com.spaceship.screen.textcopy"},"orders":["com.recognize_text.translate.screen","com.mg.yurao.google","com.spaceship.screen.textcopy","com.gaminik.i18n","com.tap_to_translate.snap_translate","com.niven.translator","com.niven.game","com.niven.comic","com.google.android.apps.translate","com.newmg.yurao.pro","com.niven.apptranslate","com.zaz.translate","screen.translator.voice.translate","com.microsoft.translator","com.eecorp.linguago","com.mg.subtitle.google","com.kursx.smartbook","com.mg.chat","xbean.image.picture.translate.ocr","camera.translator.realtime"]},{"rank":{"index":3,"lang":"zh-tw","country":"tw","chineseCountryName":"台湾","pkg":"com.spaceship.screen.textcopy"},"orders":["com.recognize_text.translate.screen","com.mg.yurao.google","com.spaceship.screen.textcopy","com.tap_to_translate.snap_translate","com.gaminik.i18n","com.niven.translator","com.niven.game","com.niven.comic","com.newmg.yurao.pro","com.niven.apptranslate","com.google.android.apps.translate","com.zaz.translate","screen.translator.voice.translate","com.abbyy.mobile.textgrabber.full","com.eecorp.linguago","com.google.android.apps.maps","com.google.android.apps.photos","com.mg.subtitle.google","com.eecorp.taptranslator","com.datacomprojects.scanandtranslate"]},{"rank":{"index":2,"lang":"en","country":"in","chineseCountryName":"印度","pkg":"com.spaceship.screen.textcopy"},"orders":["com.recognize_text.translate.screen","com.spaceship.screen.textcopy","com.google.android.apps.translate","com.newmg.yurao.pro","com.tap_to_translate.snap_translate","com.niven.translator","com.zaz.translate","com.niven.game","com.niven.comic","screen.translator.voice.translate","com.eecorp.linguago","com.mg.chat","com.google.ar.lens","com.kursx.smartbook","com.microsoft.translator","com.niven.apptranslate","com.google.android.apps.photos","com.google.android.inputmethod.latin","com.mg.yurao.google","com.gaminik.i18n"]},{"rank":{"index":2,"lang":"id","country":"id","chineseCountryName":"印尼","pkg":"com.spaceship.screen.textcopy"},"orders":["com.recognize_text.translate.screen","com.spaceship.screen.textcopy","com.tap_to_translate.snap_translate","com.mg.yurao.google","com.gaminik.i18n","com.niven.translator","com.newmg.yurao.pro","com.niven.game","com.niven.comic","com.google.android.apps.translate"]},{"rank":{"index":2,"lang":"es-mx","country":"mx","chineseCountryName":"墨西哥","pkg":"com.spaceship.screen.textcopy"},"orders":["com.recognize_text.translate.screen","com.spaceship.screen.textcopy","com.tap_to_translate.snap_translate","com.niven.translator","com.google.android.apps.translate","com.niven.comic","com.niven.game","com.newmg.yurao.pro","com.zaz.translate","com.microsoft.translator","com.niven.apptranslate","com.youdao.hindict","com.abbyy.mobile.textgrabber.full","screen.translator.voice.translate","com.eecorp.linguago","com.deepl.mobiletranslator","at.nk.tools.iTranslate","com.android.chrome","com.gaminik.i18n","com.mg.yurao.google"]}]