[{"rank":{"index":1,"lang":"en-us","country":"us","chineseCountryName":"美国","pkg":"com.spaceship.screen.textcopy"},"orders":["com.spaceship.screen.textcopy","com.recognize_text.translate.screen","com.microsoft.translator","com.newmg.yurao.pro","com.gaminik.i18n","com.niven.translator","com.google.android.apps.translate","com.niven.game","com.eecorp.taptranslator","at.nk.tools.iTranslate"]},{"rank":{"index":2,"lang":"ru","country":"ru","chineseCountryName":"俄罗斯","pkg":"com.spaceship.screen.textcopy"},"orders":["com.recognize_text.translate.screen","com.spaceship.screen.textcopy","com.niven.translator","com.gaminik.i18n","com.microsoft.translator","com.niven.game","com.google.android.apps.translate","ru.yandex.translate","com.newmg.yurao.pro","com.deepl.mobiletranslator","com.flabs.screen.translate","com.niven.comic","com.galaxy.airviewdictionary","com.screen.translate.google","at.nk.tools.iTranslate","com.naver.labs.translator","com.youdao.hindict","com.translate.language.translator.voice.translation","com.image.camera.translate.ai","com.tangdi.baiguotong"]},{"rank":{"index":2,"lang":"pt-br","country":"br","chineseCountryName":"巴西","pkg":"com.spaceship.screen.textcopy"},"orders":["com.recognize_text.translate.screen","com.spaceship.screen.textcopy","com.gaminik.i18n","com.niven.translator","com.niven.game","com.microsoft.translator","com.niven.comic","com.flabs.screen.translate","com.eecorp.taptranslator","com.newmg.yurao.pro","com.galaxy.airviewdictionary","com.google.android.apps.translate","at.nk.tools.iTranslate","com.screen.translate.google","com.youdao.hindict","com.deepl.mobiletranslator","com.image.camera.translate.ai","com.android.chrome","com.google.android.apps.photos","com.google.android.apps.maps"]},{"rank":{"index":2,"lang":"fr","country":"fr","chineseCountryName":"法国","pkg":"com.spaceship.screen.textcopy"},"orders":["com.recognize_text.translate.screen","com.spaceship.screen.textcopy","com.gaminik.i18n","com.niven.translator","com.microsoft.translator","com.niven.game","com.flabs.screen.translate","com.google.android.apps.translate","com.niven.comic","com.newmg.yurao.pro","com.galaxy.airviewdictionary","at.nk.tools.iTranslate","com.eecorp.taptranslator","com.image.camera.translate.ai","com.zaz.translate","com.screen.translate.google","com.deepl.mobiletranslator","com.tranit.text.translate","com.youdao.hindict","com.tap_to_translate.snap_translate"]},{"rank":{"index":2,"lang":"en-gb","country":"gb","chineseCountryName":"英国","pkg":"com.spaceship.screen.textcopy"},"orders":["com.recognize_text.translate.screen","com.spaceship.screen.textcopy","com.microsoft.translator","com.google.android.apps.translate","com.gaminik.i18n","com.niven.translator","com.niven.game","at.nk.tools.iTranslate","com.zaz.translate","com.newmg.yurao.pro","com.galaxy.airviewdictionary","com.deepl.mobiletranslator","com.image.camera.translate.ai","com.youdao.hindict","com.naver.labs.translator","com.flabs.screen.translate","com.eecorp.taptranslator","com.translate.language.translator.voice.translation","com.niven.comic","com.easytranslate.easytranslate"]},{"rank":{"index":1,"lang":"de","country":"de","chineseCountryName":"德国","pkg":"com.spaceship.screen.textcopy"},"orders":["com.spaceship.screen.textcopy","com.recognize_text.translate.screen","com.gaminik.i18n","com.newmg.yurao.pro","com.niven.translator","com.niven.game","com.microsoft.translator","com.eecorp.taptranslator","com.galaxy.airviewdictionary","com.flabs.screen.translate","com.google.android.apps.translate","com.niven.comic","com.deepl.mobiletranslator","com.screen.translate.google","com.image.camera.translate.ai","at.nk.tools.iTranslate","com.zaz.translate","com.discord","com.android.chrome","com.skype.raider"]},{"rank":{"index":1,"lang":"it","country":"it","chineseCountryName":"意大利","pkg":"com.spaceship.screen.textcopy"},"orders":["com.spaceship.screen.textcopy","com.recognize_text.translate.screen","com.gaminik.i18n","com.niven.translator","com.niven.game","com.microsoft.translator","com.newmg.yurao.pro","com.flabs.screen.translate","com.eecorp.taptranslator","com.google.android.apps.translate","com.galaxy.airviewdictionary","screen.translator.voice.translate","com.niven.comic","com.screen.translate.google","com.deepl.mobiletranslator","at.nk.tools.iTranslate","com.image.camera.translate.ai","com.intsig.camscanner","com.softissimo.reverso.context","com.discord"]},{"rank":{"index":1,"lang":"ja","country":"jp","chineseCountryName":"日本","pkg":"com.spaceship.screen.textcopy"},"orders":["com.spaceship.screen.textcopy","com.recognize_text.translate.screen","com.gaminik.i18n","com.niven.translator","com.niven.game","com.microsoft.translator","com.galaxy.airviewdictionary","com.newmg.yurao.pro","com.google.android.apps.translate","com.deepl.mobiletranslator","com.naver.labs.translator","com.niven.comic","com.screen.translate.google","com.discord","com.android.chrome","com.google.android.apps.maps","com.duolingo","com.eecorp.taptranslator","us.zoom.videomeetings","com.skype.raider"]},{"rank":{"index":1,"lang":"ko","country":"kr","chineseCountryName":"韩国","pkg":"com.spaceship.screen.textcopy"},"orders":["com.spaceship.screen.textcopy","com.recognize_text.translate.screen","com.gaminik.i18n","com.microsoft.translator","com.google.android.apps.translate","com.niven.translator","com.naver.labs.translator","com.niven.game","com.newmg.yurao.pro","com.niven.comic","com.galaxy.airviewdictionary","com.deepl.mobiletranslator","at.nk.tools.iTranslate","com.flabs.screen.translate","com.image.camera.translate.ai","com.eecorp.taptranslator","com.screen.translate.google","com.translate.language.translator.voice.translation","com.zaz.translate","com.easytranslate.easytranslate"]},{"rank":{"index":1,"lang":"zh-hk","country":"hk","chineseCountryName":"香港","pkg":"com.spaceship.screen.textcopy"},"orders":["com.spaceship.screen.textcopy","com.recognize_text.translate.screen","com.microsoft.translator","com.gaminik.i18n","com.google.android.apps.translate","com.niven.translator","com.niven.game","at.nk.tools.iTranslate","com.naver.labs.translator","com.deepl.mobiletranslator","com.zaz.translate","com.tangdi.baiguotong","com.newmg.yurao.pro","com.niven.comic","com.image.camera.translate.ai","com.youdao.hindict","com.flabs.screen.translate","com.siv","com.galaxy.airviewdictionary","com.translate.language.translator.voice.translation"]},{"rank":{"index":2,"lang":"zh-tw","country":"tw","chineseCountryName":"台湾","pkg":"com.spaceship.screen.textcopy"},"orders":["com.recognize_text.translate.screen","com.spaceship.screen.textcopy","com.microsoft.translator","com.google.android.apps.translate","com.gaminik.i18n","com.niven.translator","com.naver.labs.translator","com.niven.game","at.nk.tools.iTranslate","com.deepl.mobiletranslator","com.youdao.hindict","com.tangdi.baiguotong"]},{"rank":{"index":2,"lang":"en","country":"in","chineseCountryName":"印度","pkg":"com.spaceship.screen.textcopy"},"orders":["com.recognize_text.translate.screen","com.spaceship.screen.textcopy","com.google.android.apps.translate","com.microsoft.translator","com.newmg.yurao.pro","com.gaminik.i18n"]},{"rank":{"index":1,"lang":"id","country":"id","chineseCountryName":"印尼","pkg":"com.spaceship.screen.textcopy"},"orders":["com.spaceship.screen.textcopy","com.recognize_text.translate.screen","com.gaminik.i18n","com.niven.translator","com.niven.game","com.youdao.hindict","com.niven.comic","com.eecorp.taptranslator","com.galaxy.airviewdictionary","com.newmg.yurao.pro","com.microsoft.translator","com.flabs.screen.translate","com.google.android.apps.translate"]},{"rank":{"index":1,"lang":"es-mx","country":"mx","chineseCountryName":"墨西哥","pkg":"com.spaceship.screen.textcopy"},"orders":["com.spaceship.screen.textcopy","com.recognize_text.translate.screen","com.gaminik.i18n","com.niven.translator","com.niven.game","com.microsoft.translator","com.niven.comic","com.flabs.screen.translate","com.newmg.yurao.pro","at.nk.tools.iTranslate","com.eecorp.taptranslator","com.google.android.apps.translate","com.galaxy.airviewdictionary","com.deepl.mobiletranslator","com.screen.translate.google","com.youdao.hindict","com.zaz.translate","com.naver.labs.translator","com.google.android.apps.photos","com.android.chrome"]}]