[{"rank":{"index":2,"lang":"en-us","country":"us","chineseCountryName":"美国","pkg":"com.spaceship.screen.textcopy"},"orders":["com.recognize_text.translate.screen","com.spaceship.screen.textcopy","com.gaminik.i18n","com.newmg.yurao.pro","com.google.android.apps.translate","com.microsoft.translator","com.niven.translator","com.deepl.mobiletranslator","com.tap_to_translate.snap_translate","com.zaz.translate","com.youdao.hindict","at.nk.tools.iTranslate","com.niven.game","com.immersivetranslate.browser","com.screen.translate.google","com.google.ar.lens","com.translate.talkingtranslator","com.eecorp.linguago","ru.yandex.translate","com.tangdi.baiguotong"]},{"rank":{"index":0,"lang":"ru","country":"ru","chineseCountryName":"俄罗斯","pkg":"com.spaceship.screen.textcopy"},"orders":["com.recognize_text.translate.screen","com.newmg.yurao.pro","com.tap_to_translate.snap_translate","com.google.android.apps.translate","com.niven.translator","com.microsoft.translator","ru.yandex.translate","com.deepl.mobiletranslator","com.gaminik.i18n","com.niven.game","com.google.ar.lens","com.zaz.translate","com.youdao.hindict","com.immersivetranslate.browser","com.translate.talkingtranslator","at.nk.tools.iTranslate","com.datacomprojects.scanandtranslate","com.screen.translate.google","live.screentranslate.realtime","com.tangdi.baiguotong"]},{"rank":{"index":2,"lang":"pt-br","country":"br","chineseCountryName":"巴西","pkg":"com.spaceship.screen.textcopy"},"orders":["com.recognize_text.translate.screen","com.spaceship.screen.textcopy","com.newmg.yurao.pro","com.gaminik.i18n","com.google.android.apps.translate","com.niven.translator","com.microsoft.translator","com.tap_to_translate.snap_translate","com.niven.game","com.deepl.mobiletranslator","com.zaz.translate","at.nk.tools.iTranslate","com.google.ar.lens","ru.yandex.translate","com.immersivetranslate.browser","com.eecorp.linguago","com.youdao.hindict","com.paninitranslate","com.tangdi.baiguotong","live.screentranslate.realtime"]},{"rank":{"index":2,"lang":"fr","country":"fr","chineseCountryName":"法国","pkg":"com.spaceship.screen.textcopy"},"orders":["com.recognize_text.translate.screen","com.spaceship.screen.textcopy","com.tap_to_translate.snap_translate","com.newmg.yurao.pro","com.google.android.apps.translate","com.niven.translator","com.gaminik.i18n","com.microsoft.translator","com.zaz.translate","com.google.ar.lens","com.niven.game","com.deepl.mobiletranslator","com.immersivetranslate.browser","com.eecorp.linguago","com.screen.translate.google","com.tangdi.baiguotong","ru.yandex.translate","live.screentranslate.realtime","com.translate.talkingtranslator","at.nk.tools.iTranslate"]},{"rank":{"index":2,"lang":"en-gb","country":"gb","chineseCountryName":"英国","pkg":"com.spaceship.screen.textcopy"},"orders":["com.recognize_text.translate.screen","com.spaceship.screen.textcopy","com.newmg.yurao.pro","com.microsoft.translator","com.google.android.apps.translate","com.gaminik.i18n","com.zaz.translate","com.niven.translator","com.deepl.mobiletranslator","com.youdao.hindict","ru.yandex.translate","com.tap_to_translate.snap_translate","at.nk.tools.iTranslate","com.google.ar.lens","com.immersivetranslate.browser","com.niven.game","com.translate.talkingtranslator","com.tangdi.baiguotong","live.screentranslate.realtime","com.eecorp.linguago"]},{"rank":{"index":2,"lang":"de","country":"de","chineseCountryName":"德国","pkg":"com.spaceship.screen.textcopy"},"orders":["com.recognize_text.translate.screen","com.spaceship.screen.textcopy","com.newmg.yurao.pro","com.gaminik.i18n","com.google.android.apps.translate","com.microsoft.translator","com.niven.translator","com.deepl.mobiletranslator","com.tap_to_translate.snap_translate","ru.yandex.translate","com.zaz.translate","com.niven.game","com.google.ar.lens","com.immersivetranslate.browser","com.eecorp.linguago","com.tangdi.baiguotong","at.nk.tools.iTranslate","com.screen.translate.google","com.translate.talkingtranslator","com.traductorweb"]},{"rank":{"index":2,"lang":"it","country":"it","chineseCountryName":"意大利","pkg":"com.spaceship.screen.textcopy"},"orders":["com.recognize_text.translate.screen","com.spaceship.screen.textcopy","com.newmg.yurao.pro","com.gaminik.i18n","com.google.android.apps.translate","com.microsoft.translator","com.tap_to_translate.snap_translate","com.niven.translator","com.immersivetranslate.browser","com.google.ar.lens","com.niven.game","com.deepl.mobiletranslator","com.zaz.translate","com.tangdi.baiguotong"]},{"rank":{"index":2,"lang":"ja","country":"jp","chineseCountryName":"日本","pkg":"com.spaceship.screen.textcopy"},"orders":["com.recognize_text.translate.screen","com.spaceship.screen.textcopy","com.newmg.yurao.pro","com.gaminik.i18n","com.tap_to_translate.snap_translate","com.microsoft.translator","com.google.android.apps.translate","com.niven.translator","com.google.ar.lens","com.screen.translate.google"]},{"rank":{"index":2,"lang":"ko","country":"kr","chineseCountryName":"韩国","pkg":"com.spaceship.screen.textcopy"},"orders":["com.recognize_text.translate.screen","com.spaceship.screen.textcopy","com.newmg.yurao.pro","com.google.android.apps.translate","com.tap_to_translate.snap_translate","com.microsoft.translator","com.gaminik.i18n","com.niven.translator","com.naver.labs.translator","com.immersivetranslate.browser","com.deepl.mobiletranslator","com.niven.game","com.zaz.translate","com.screen.translate.google","com.eecorp.linguago","com.google.ar.lens","at.nk.tools.iTranslate","live.screentranslate.realtime","ru.yandex.translate","com.niven.apptranslate"]},{"rank":{"index":1,"lang":"zh-hk","country":"hk","chineseCountryName":"香港","pkg":"com.spaceship.screen.textcopy"},"orders":["com.spaceship.screen.textcopy","com.recognize_text.translate.screen","com.newmg.yurao.pro","com.gaminik.i18n","com.google.android.apps.translate","com.microsoft.translator","com.niven.translator","com.tap_to_translate.snap_translate","com.deepl.mobiletranslator","com.zaz.translate","com.immersivetranslate.browser","com.google.ar.lens","com.niven.game","com.eecorp.linguago","com.screen.translate.google","com.naver.labs.translator","ru.yandex.translate","at.nk.tools.iTranslate","com.tangdi.baiguotong","live.screentranslate.realtime"]},{"rank":{"index":2,"lang":"zh-tw","country":"tw","chineseCountryName":"台湾","pkg":"com.spaceship.screen.textcopy"},"orders":["com.recognize_text.translate.screen","com.spaceship.screen.textcopy","com.microsoft.translator","com.newmg.yurao.pro","com.google.android.apps.translate","com.gaminik.i18n","com.niven.translator","com.tap_to_translate.snap_translate","com.deepl.mobiletranslator","com.immersivetranslate.browser","com.niven.game","com.zaz.translate","com.naver.labs.translator","com.google.ar.lens","com.screen.translate.google","at.nk.tools.iTranslate","com.eecorp.linguago","com.tangdi.baiguotong","live.screentranslate.realtime","ru.yandex.translate"]},{"rank":{"index":3,"lang":"en","country":"in","chineseCountryName":"印度","pkg":"com.spaceship.screen.textcopy"},"orders":["com.recognize_text.translate.screen","com.google.android.apps.translate","com.spaceship.screen.textcopy","com.newmg.yurao.pro","com.zaz.translate"]},{"rank":{"index":1,"lang":"id","country":"id","chineseCountryName":"印尼","pkg":"com.spaceship.screen.textcopy"},"orders":["com.spaceship.screen.textcopy","com.recognize_text.translate.screen","com.newmg.yurao.pro","com.gaminik.i18n","com.niven.translator","com.google.android.apps.translate","com.tap_to_translate.snap_translate","com.niven.game","com.microsoft.translator","com.youdao.hindict","com.zaz.translate"]},{"rank":{"index":1,"lang":"es-mx","country":"mx","chineseCountryName":"墨西哥","pkg":"com.spaceship.screen.textcopy"},"orders":["com.spaceship.screen.textcopy","com.recognize_text.translate.screen","com.newmg.yurao.pro","com.google.android.apps.translate","com.gaminik.i18n","com.microsoft.translator","com.niven.translator","com.tap_to_translate.snap_translate","com.niven.game","com.google.ar.lens","com.deepl.mobiletranslator"]}]