[{"rank":{"index":2,"lang":"en-us","country":"us","chineseCountryName":"美国","pkg":"com.spaceship.screen.textcopy"},"orders":["com.recognize_text.translate.screen","com.spaceship.screen.textcopy","com.tap_to_translate.snap_translate","com.screen.translate.google","com.google.android.apps.translate","com.newmg.yurao.pro","com.microsoft.translator","com.niven.translator","com.gaminik.i18n","com.google.ar.lens","com.deepl.mobiletranslator","at.nk.tools.iTranslate","com.naver.labs.translator","ru.yandex.translate","com.newtranslate.google","com.niven.game","com.zaz.translate","com.niven.apptranslate","com.sayhi.android.sayhitranslate","com.immersivetranslate.browser"]},{"rank":{"index":0,"lang":"ru","country":"ru","chineseCountryName":"俄罗斯","pkg":"com.spaceship.screen.textcopy"},"orders":["com.recognize_text.translate.screen","com.niven.translator","com.tap_to_translate.snap_translate","com.newmg.yurao.pro","com.gaminik.i18n","com.screen.translate.google","ru.yandex.translate","com.niven.game","com.google.android.apps.translate","com.microsoft.translator","com.deepl.mobiletranslator","com.newtranslate.google","com.niven.apptranslate","com.google.ar.lens","com.voice_camera_free_translate","com.eecorp.linguago","at.nk.tools.iTranslate","com.translate.talkingtranslator","com.immersivetranslate.browser","com.zaz.translate"]},{"rank":{"index":2,"lang":"pt-br","country":"br","chineseCountryName":"巴西","pkg":"com.spaceship.screen.textcopy"},"orders":["com.recognize_text.translate.screen","com.spaceship.screen.textcopy","com.tap_to_translate.snap_translate","com.newmg.yurao.pro","com.gaminik.i18n","com.google.android.apps.translate","com.microsoft.translator","com.deepl.mobiletranslator","ru.yandex.translate","at.nk.tools.iTranslate","com.zaz.translate","com.google.ar.lens","com.naver.labs.translator","com.translate.talkingtranslator","com.sayhi.android.sayhitranslate","com.softissimo.reverso.context","com.niven.translator","com.screen.translate.google","com.newtranslate.google","com.niven.game"]},{"rank":{"index":2,"lang":"fr","country":"fr","chineseCountryName":"法国","pkg":"com.spaceship.screen.textcopy"},"orders":["com.recognize_text.translate.screen","com.spaceship.screen.textcopy","com.tap_to_translate.snap_translate","com.screen.translate.google","com.niven.translator","com.newmg.yurao.pro","com.gaminik.i18n","com.google.android.apps.translate","com.microsoft.translator","com.niven.game","com.google.ar.lens","com.deepl.mobiletranslator","com.niven.apptranslate","com.ticktalk.translatevoice","ru.yandex.translate","com.newtranslate.google","at.nk.tools.iTranslate","com.naver.labs.translator","com.immersivetranslate.browser","com.eecorp.linguago"]},{"rank":{"index":2,"lang":"en-gb","country":"gb","chineseCountryName":"英国","pkg":"com.spaceship.screen.textcopy"},"orders":["com.recognize_text.translate.screen","com.spaceship.screen.textcopy","com.google.android.apps.translate","com.screen.translate.google","com.newmg.yurao.pro","com.gaminik.i18n","com.microsoft.translator","com.newtranslate.google","com.niven.translator","com.tap_to_translate.snap_translate","com.google.ar.lens","at.nk.tools.iTranslate","com.deepl.mobiletranslator","ru.yandex.translate","com.zaz.translate","com.niven.game","com.naver.labs.translator","com.niven.apptranslate","com.eecorp.linguago","com.immersivetranslate.browser"]},{"rank":{"index":2,"lang":"de","country":"de","chineseCountryName":"德国","pkg":"com.spaceship.screen.textcopy"},"orders":["com.recognize_text.translate.screen","com.spaceship.screen.textcopy","com.tap_to_translate.snap_translate","com.newmg.yurao.pro","com.gaminik.i18n","com.screen.translate.google","com.microsoft.translator","com.niven.translator","com.google.android.apps.translate","com.niven.game","com.deepl.mobiletranslator","com.google.ar.lens","ru.yandex.translate","com.niven.apptranslate","com.newtranslate.google","at.nk.tools.iTranslate","com.immersivetranslate.browser","com.google.android.apps.tachyon","com.ticktalk.translatevoice","com.eecorp.linguago"]},{"rank":{"index":2,"lang":"it","country":"it","chineseCountryName":"意大利","pkg":"com.spaceship.screen.textcopy"},"orders":["com.recognize_text.translate.screen","com.spaceship.screen.textcopy","com.tap_to_translate.snap_translate","com.screen.translate.google","com.gaminik.i18n","com.niven.translator","com.newmg.yurao.pro","com.google.android.apps.translate","com.microsoft.translator","com.niven.game","com.deepl.mobiletranslator","com.google.ar.lens","at.nk.tools.iTranslate","ru.yandex.translate","com.niven.apptranslate","com.ticktalk.translatevoice","com.newtranslate.google","com.eecorp.linguago","com.translate.language.translator.voice.translation","com.google.android.apps.tachyon"]},{"rank":{"index":2,"lang":"ja","country":"jp","chineseCountryName":"日本","pkg":"com.spaceship.screen.textcopy"},"orders":["com.recognize_text.translate.screen","com.spaceship.screen.textcopy","com.tap_to_translate.snap_translate","com.newmg.yurao.pro","com.gaminik.i18n","com.niven.translator","com.screen.translate.google","com.microsoft.translator","com.google.android.apps.translate","com.naver.labs.translator","com.google.ar.lens","com.deepl.mobiletranslator","com.niven.game","com.newtranslate.google","com.immersivetranslate.browser","com.niven.apptranslate","com.eecorp.linguago","ru.yandex.translate","at.nk.tools.iTranslate","com.facebook.katana"]},{"rank":{"index":2,"lang":"ko","country":"kr","chineseCountryName":"韩国","pkg":"com.spaceship.screen.textcopy"},"orders":["com.recognize_text.translate.screen","com.spaceship.screen.textcopy","com.tap_to_translate.snap_translate","com.newmg.yurao.pro","com.gaminik.i18n","com.screen.translate.google","com.niven.translator","com.naver.labs.translator","com.microsoft.translator","com.niven.game","com.google.android.apps.translate","com.niven.apptranslate","com.google.ar.lens","com.immersivetranslate.browser","com.deepl.mobiletranslator","com.newtranslate.google","com.eecorp.linguago","com.instagram.android","com.facebook.katana","com.facebook.orca"]},{"rank":{"index":2,"lang":"zh-hk","country":"hk","chineseCountryName":"香港","pkg":"com.spaceship.screen.textcopy"},"orders":["com.recognize_text.translate.screen","com.spaceship.screen.textcopy","com.newmg.yurao.pro","com.screen.translate.google","com.gaminik.i18n","com.niven.translator","com.tap_to_translate.snap_translate","com.microsoft.translator","com.newtranslate.google","com.google.android.apps.translate","com.google.ar.lens","com.naver.labs.translator","com.niven.game","com.deepl.mobiletranslator","com.niven.apptranslate","com.immersivetranslate.browser","ru.yandex.translate","com.android.chrome","at.nk.tools.iTranslate","com.google.android.apps.maps"]},{"rank":{"index":2,"lang":"zh-tw","country":"tw","chineseCountryName":"台湾","pkg":"com.spaceship.screen.textcopy"},"orders":["com.recognize_text.translate.screen","com.spaceship.screen.textcopy","com.newmg.yurao.pro","com.screen.translate.google","com.gaminik.i18n","com.niven.translator","com.tap_to_translate.snap_translate","com.newtranslate.google","com.google.android.apps.translate","com.microsoft.translator","com.naver.labs.translator","com.google.ar.lens","com.niven.game","com.niven.apptranslate","com.deepl.mobiletranslator","com.eecorp.linguago","com.facebook.katana","com.instagram.android","com.facebook.orca","org.telegram.messenger"]},{"rank":{"index":2,"lang":"en","country":"in","chineseCountryName":"印度","pkg":"com.spaceship.screen.textcopy"},"orders":["com.recognize_text.translate.screen","com.spaceship.screen.textcopy","com.google.android.apps.translate","com.newmg.yurao.pro"]},{"rank":{"index":2,"lang":"id","country":"id","chineseCountryName":"印尼","pkg":"com.spaceship.screen.textcopy"},"orders":["com.recognize_text.translate.screen","com.spaceship.screen.textcopy","com.tap_to_translate.snap_translate","com.newmg.yurao.pro","com.gaminik.i18n","com.niven.translator","com.screen.translate.google","com.niven.game","com.google.android.apps.translate","com.deepl.mobiletranslator","com.microsoft.translator","com.naver.labs.translator"]},{"rank":{"index":2,"lang":"es-mx","country":"mx","chineseCountryName":"墨西哥","pkg":"com.spaceship.screen.textcopy"},"orders":["com.recognize_text.translate.screen","com.spaceship.screen.textcopy","com.tap_to_translate.snap_translate","com.newmg.yurao.pro","com.gaminik.i18n","com.microsoft.translator","com.google.android.apps.translate","com.deepl.mobiletranslator","at.nk.tools.iTranslate","com.google.ar.lens","ru.yandex.translate","com.zaz.translate","com.naver.labs.translator","com.translate.talkingtranslator","com.ticktalk.translatevoice","com.sayhi.android.sayhitranslate","com.niven.translator","com.screen.translate.google","com.newtranslate.google","com.niven.game"]}]