[{"rank":{"index":2,"lang":"en-us","country":"us","chineseCountryName":"美国","pkg":"com.spaceship.screen.textcopy"},"orders":["com.recognize_text.translate.screen","com.spaceship.screen.textcopy","com.screen.translate.google","com.gaminik.i18n","com.google.android.apps.translate","com.niven.translator","com.tap_to_translate.snap_translate","com.microsoft.translator","ru.yandex.translate","com.newmg.yurao.pro","com.yoyodev.screentranslate","at.nk.tools.iTranslate","com.aurasense.screentranslate","com.galaxy.airviewdictionary","co.appnation.aivoicetranslator","photo.translate.camera.translator","com.zaz.translate","com.live.translator.ai","com.fapp.translate.language.translator.fasttranslation","com.deepl.mobiletranslator"]},{"rank":{"index":4,"lang":"ru","country":"ru","chineseCountryName":"俄罗斯","pkg":"com.spaceship.screen.textcopy"},"orders":["com.recognize_text.translate.screen","com.niven.translator","com.tap_to_translate.snap_translate","com.spaceship.screen.textcopy","ru.yandex.translate","com.screen.translate.google","com.gaminik.i18n","com.microsoft.translator","com.yoyodev.screentranslate","at.nk.tools.iTranslate","co.appnation.aivoicetranslator","com.newmg.yurao.pro","com.transgull.translator"]},{"rank":{"index":2,"lang":"pt-br","country":"br","chineseCountryName":"巴西","pkg":"com.spaceship.screen.textcopy"},"orders":["com.recognize_text.translate.screen","com.spaceship.screen.textcopy","com.tap_to_translate.snap_translate","com.gaminik.i18n","com.niven.translator","at.nk.tools.iTranslate","com.google.android.apps.translate","com.galaxy.airviewdictionary","com.screen.translate.google","com.microsoft.translator","com.newmg.yurao.pro","ru.yandex.translate","com.zaz.translate","co.appnation.aivoicetranslator","com.fapp.translate.language.translator.fasttranslation","com.niven.game","photo.translate.camera.translator","com.transgull.translator","com.kursx.smartbook","com.deepl.mobiletranslator"]},{"rank":{"index":2,"lang":"fr","country":"fr","chineseCountryName":"法国","pkg":"com.spaceship.screen.textcopy"},"orders":["com.recognize_text.translate.screen","com.spaceship.screen.textcopy","com.gaminik.i18n","com.tap_to_translate.snap_translate","com.niven.translator","com.screen.translate.google","com.yoyodev.screentranslate","com.newmg.yurao.pro","com.aurasense.screentranslate","com.galaxy.airviewdictionary","com.niven.game","com.fapp.translate.language.translator.fasttranslation","photo.translate.camera.translator","at.nk.tools.iTranslate","co.appnation.aivoicetranslator","com.microsoft.translator","com.newtranslate.google","com.niven.apptranslate","live.screentranslate.realtime","com.mg.chat"]},{"rank":{"index":2,"lang":"en-gb","country":"gb","chineseCountryName":"英国","pkg":"com.spaceship.screen.textcopy"},"orders":["com.recognize_text.translate.screen","com.spaceship.screen.textcopy","com.screen.translate.google","com.galaxy.airviewdictionary","com.niven.translator","com.tap_to_translate.snap_translate","com.gaminik.i18n","com.newtranslate.google","com.newmg.yurao.pro","com.yoyodev.screentranslate","com.aurasense.screentranslate","com.google.android.apps.translate","com.niven.apptranslate","com.deepl.mobiletranslator","com.microsoft.translator","ru.yandex.translate","com.hive.lingonative","com.niven.game","com.screen.translator.text.recognize","com.google.ar.lens"]},{"rank":{"index":4,"lang":"de","country":"de","chineseCountryName":"德国","pkg":"com.spaceship.screen.textcopy"},"orders":["com.recognize_text.translate.screen","com.galaxy.airviewdictionary","com.screen.translate.google","com.spaceship.screen.textcopy","com.tap_to_translate.snap_translate","com.newtranslate.google","com.yoyodev.screentranslate","com.niven.translator","com.gaminik.i18n","com.hive.lingonative","com.niven.apptranslate","com.newmg.yurao.pro","com.eecorp.linguago","com.google.android.apps.translate","com.deepl.mobiletranslator","live.screentranslate.realtime","com.flabs.screen.translate","com.aurasense.screentranslate","screen.translator.voice.translate","com.microsoft.translator"]},{"rank":{"index":3,"lang":"it","country":"it","chineseCountryName":"意大利","pkg":"com.spaceship.screen.textcopy"},"orders":["com.recognize_text.translate.screen","com.tap_to_translate.snap_translate","com.spaceship.screen.textcopy","com.gaminik.i18n","com.screen.translate.google","com.yoyodev.screentranslate","com.niven.translator","com.newmg.yurao.pro","com.aurasense.screentranslate","co.appnation.aivoicetranslator","com.microsoft.translator","at.nk.tools.iTranslate","com.google.android.apps.translate"]},{"rank":{"index":4,"lang":"ja","country":"jp","chineseCountryName":"日本","pkg":"com.spaceship.screen.textcopy"},"orders":["com.recognize_text.translate.screen","com.tap_to_translate.snap_translate","com.gaminik.i18n","com.spaceship.screen.textcopy","com.screen.translate.google","com.galaxy.airviewdictionary","com.niven.translator","com.newmg.yurao.pro"]},{"rank":{"index":2,"lang":"ko","country":"kr","chineseCountryName":"韩国","pkg":"com.spaceship.screen.textcopy"},"orders":["com.recognize_text.translate.screen","com.spaceship.screen.textcopy","com.screen.translate.google","com.galaxy.airviewdictionary","com.tap_to_translate.snap_translate","com.newtranslate.google","com.gaminik.i18n","com.niven.apptranslate","com.niven.translator","com.hive.lingonative","com.flabs.screen.translate","com.aurasense.screentranslate","com.newmg.yurao.pro"]},{"rank":{"index":2,"lang":"zh-hk","country":"hk","chineseCountryName":"香港","pkg":"com.spaceship.screen.textcopy"},"orders":["com.recognize_text.translate.screen","com.spaceship.screen.textcopy","com.screen.translate.google","com.niven.translator","com.gaminik.i18n","com.tap_to_translate.snap_translate","com.yoyodev.screentranslate","com.galaxy.airviewdictionary","at.nk.tools.iTranslate","com.newmg.yurao.pro","ru.yandex.translate","com.aurasense.screentranslate","com.transgull.translator","photo.translate.camera.translator","com.niven.game","com.newtranslate.google","com.microsoft.translator","co.appnation.aivoicetranslator","com.zaz.translate","com.fapp.translate.language.translator.fasttranslation"]},{"rank":{"index":4,"lang":"zh-tw","country":"tw","chineseCountryName":"台湾","pkg":"com.spaceship.screen.textcopy"},"orders":["com.recognize_text.translate.screen","com.screen.translate.google","com.galaxy.airviewdictionary","com.spaceship.screen.textcopy","com.newtranslate.google","com.tap_to_translate.snap_translate","com.gaminik.i18n","com.yoyodev.screentranslate","com.niven.translator","com.niven.apptranslate","com.aurasense.screentranslate","com.google.android.apps.translate","com.newmg.yurao.pro","com.hive.lingonative","screen.translator.voice.translate","com.flabs.screen.translate","com.deepl.mobiletranslator","com.android.chrome","com.naver.labs.translator","com.eecorp.linguago"]},{"rank":{"index":0,"lang":"en","country":"in","chineseCountryName":"印度","pkg":"com.spaceship.screen.textcopy"},"orders":["com.recognize_text.translate.screen","com.gaminik.i18n","com.tap_to_translate.snap_translate","com.google.android.apps.translate","at.nk.tools.iTranslate","com.zaz.translate","ru.yandex.translate","photo.translate.camera.translator","co.appnation.aivoicetranslator","com.niven.translator","com.screen.translate.google","com.galaxy.airviewdictionary","com.newmg.yurao.pro","com.yoyodev.screentranslate","com.newtranslate.google","com.fapp.translate.language.translator.fasttranslation","com.aurasense.screentranslate","com.niven.game","translate.speech.text.translation.voicetranslator","com.kursx.smartbook"]},{"rank":{"index":2,"lang":"id","country":"id","chineseCountryName":"印尼","pkg":"com.spaceship.screen.textcopy"},"orders":["com.recognize_text.translate.screen","com.spaceship.screen.textcopy","com.tap_to_translate.snap_translate","com.gaminik.i18n","com.niven.translator","com.yoyodev.screentranslate","at.nk.tools.iTranslate","com.screen.translate.google","com.google.android.apps.translate","com.microsoft.translator","com.newmg.yurao.pro","com.aurasense.screentranslate","com.zaz.translate","com.niven.game","com.fapp.translate.language.translator.fasttranslation","co.appnation.aivoicetranslator"]},{"rank":{"index":13,"lang":"es-mx","country":"mx","chineseCountryName":"墨西哥","pkg":"com.spaceship.screen.textcopy"},"orders":["com.recognize_text.translate.screen","com.tap_to_translate.snap_translate","com.gaminik.i18n","at.nk.tools.iTranslate","com.google.android.apps.translate","com.microsoft.translator","ru.yandex.translate","com.zaz.translate","com.deepl.mobiletranslator","photo.translate.camera.translator","co.appnation.aivoicetranslator","com.transgull.translator","com.spaceship.screen.textcopy","com.niven.translator","com.screen.translate.google","com.galaxy.airviewdictionary","com.yoyodev.screentranslate","com.newmg.yurao.pro","com.fapp.translate.language.translator.fasttranslation","com.kursx.smartbook"]}]