[{"rank":{"index":2,"lang":"en-us","country":"us","chineseCountryName":"美国","pkg":"com.spaceship.screen.textcopy"},"orders":["com.recognize_text.translate.screen","com.spaceship.screen.textcopy","com.tap_to_translate.snap_translate","com.google.android.apps.translate","com.niven.translator","com.newmg.yurao.pro","com.microsoft.translator","com.gaminik.i18n","com.zaz.translate","com.deepl.mobiletranslator","com.immersivetranslate.browser","com.mobisystems.msdict.embedded.wireless.collins.ee","com.niven.game","at.nk.tools.iTranslate","com.naver.labs.translator","com.voice_camera_free_translate","photo.translate.camera.translator","com.screen.translate.google","ru.yandex.translate","com.niven.apptranslate"]},{"rank":{"index":0,"lang":"ru","country":"ru","chineseCountryName":"俄罗斯","pkg":"com.spaceship.screen.textcopy"},"orders":["com.recognize_text.translate.screen","com.niven.translator","com.tap_to_translate.snap_translate","com.newmg.yurao.pro","com.gaminik.i18n","com.google.android.apps.translate","com.niven.game","com.microsoft.translator","com.deepl.mobiletranslator","ru.yandex.translate","com.immersivetranslate.browser","at.nk.tools.iTranslate","photo.translate.camera.translator","com.zaz.translate","com.niven.apptranslate","com.voice_camera_free_translate","com.image.translator","com.naver.labs.translator","com.screen.translate.google","com.eecorp.linguago"]},{"rank":{"index":2,"lang":"pt-br","country":"br","chineseCountryName":"巴西","pkg":"com.spaceship.screen.textcopy"},"orders":["com.recognize_text.translate.screen","com.spaceship.screen.textcopy","com.tap_to_translate.snap_translate","com.niven.translator","com.gaminik.i18n","com.newmg.yurao.pro","com.google.android.apps.translate","com.microsoft.translator","com.niven.game","com.immersivetranslate.browser","com.deepl.mobiletranslator","photo.translate.camera.translator","at.nk.tools.iTranslate","com.voice_camera_free_translate","com.niven.apptranslate","com.screen.translate.google","com.image.translator","com.eecorp.linguago","com.zaz.translate","com.naver.labs.translator"]},{"rank":{"index":2,"lang":"fr","country":"fr","chineseCountryName":"法国","pkg":"com.spaceship.screen.textcopy"},"orders":["com.recognize_text.translate.screen","com.spaceship.screen.textcopy","com.tap_to_translate.snap_translate","com.niven.translator","com.newmg.yurao.pro","com.gaminik.i18n","com.immersivetranslate.browser","com.niven.game","com.zaz.translate","com.google.android.apps.translate","com.deepl.mobiletranslator","com.microsoft.translator","com.niven.apptranslate","com.screen.translate.google","com.eecorp.linguago","photo.translate.camera.translator","at.nk.tools.iTranslate","live.screentranslate.realtime","com.mg.chat","com.naver.labs.translator"]},{"rank":{"index":2,"lang":"en-gb","country":"gb","chineseCountryName":"英国","pkg":"com.spaceship.screen.textcopy"},"orders":["com.recognize_text.translate.screen","com.spaceship.screen.textcopy","com.tap_to_translate.snap_translate","com.newmg.yurao.pro","com.google.android.apps.translate","com.niven.translator","com.microsoft.translator","com.gaminik.i18n","com.zaz.translate","com.immersivetranslate.browser","com.niven.game","com.deepl.mobiletranslator","at.nk.tools.iTranslate","com.voice_camera_free_translate","photo.translate.camera.translator","com.niven.apptranslate","ru.yandex.translate","com.screen.translate.google","com.eecorp.linguago","com.naver.labs.translator"]},{"rank":{"index":2,"lang":"de","country":"de","chineseCountryName":"德国","pkg":"com.spaceship.screen.textcopy"},"orders":["com.recognize_text.translate.screen","com.spaceship.screen.textcopy","com.newmg.yurao.pro","com.tap_to_translate.snap_translate","com.niven.translator","com.gaminik.i18n","com.google.android.apps.translate","com.zaz.translate","com.immersivetranslate.browser","com.deepl.mobiletranslator","com.niven.game","com.microsoft.translator","at.nk.tools.iTranslate"]},{"rank":{"index":2,"lang":"it","country":"it","chineseCountryName":"意大利","pkg":"com.spaceship.screen.textcopy"},"orders":["com.recognize_text.translate.screen","com.spaceship.screen.textcopy","com.tap_to_translate.snap_translate","com.newmg.yurao.pro","com.gaminik.i18n","com.niven.translator","com.zaz.translate","com.immersivetranslate.browser","com.niven.game","com.deepl.mobiletranslator","com.google.android.apps.translate","com.microsoft.translator"]},{"rank":{"index":2,"lang":"ja","country":"jp","chineseCountryName":"日本","pkg":"com.spaceship.screen.textcopy"},"orders":["com.recognize_text.translate.screen","com.spaceship.screen.textcopy","com.tap_to_translate.snap_translate","com.newmg.yurao.pro","com.niven.translator","com.gaminik.i18n","com.naver.labs.translator","com.deepl.mobiletranslator","com.niven.game","com.google.android.apps.translate","com.immersivetranslate.browser"]},{"rank":{"index":2,"lang":"ko","country":"kr","chineseCountryName":"韩国","pkg":"com.spaceship.screen.textcopy"},"orders":["com.recognize_text.translate.screen","com.spaceship.screen.textcopy","com.newmg.yurao.pro","com.tap_to_translate.snap_translate","com.gaminik.i18n","com.niven.translator","com.naver.labs.translator","com.immersivetranslate.browser","com.niven.game","com.niven.apptranslate","com.google.android.apps.translate","com.screen.translate.google","com.eecorp.linguago","com.zaz.translate","com.deepl.mobiletranslator","com.microsoft.translator","photo.translate.camera.translator","live.screentranslate.realtime","at.nk.tools.iTranslate","co.timekettle.livetranslator"]},{"rank":{"index":2,"lang":"zh-hk","country":"hk","chineseCountryName":"香港","pkg":"com.spaceship.screen.textcopy"},"orders":["com.recognize_text.translate.screen","com.spaceship.screen.textcopy","com.newmg.yurao.pro","com.gaminik.i18n","com.niven.translator","com.google.android.apps.translate","com.tap_to_translate.snap_translate","com.immersivetranslate.browser","com.microsoft.translator","com.niven.game","com.naver.labs.translator","at.nk.tools.iTranslate","com.screen.translate.google","com.zaz.translate","com.niven.apptranslate","com.deepl.mobiletranslator","com.eecorp.linguago","live.screentranslate.realtime","photo.translate.camera.translator","com.google.ar.lens"]},{"rank":{"index":2,"lang":"zh-tw","country":"tw","chineseCountryName":"台湾","pkg":"com.spaceship.screen.textcopy"},"orders":["com.recognize_text.translate.screen","com.spaceship.screen.textcopy","com.newmg.yurao.pro","com.tap_to_translate.snap_translate","com.niven.translator","com.gaminik.i18n","com.immersivetranslate.browser","com.google.android.apps.translate","com.microsoft.translator","com.niven.game","com.naver.labs.translator","com.deepl.mobiletranslator","at.nk.tools.iTranslate"]},{"rank":{"index":2,"lang":"en","country":"in","chineseCountryName":"印度","pkg":"com.spaceship.screen.textcopy"},"orders":["com.recognize_text.translate.screen","com.spaceship.screen.textcopy","com.newmg.yurao.pro"]},{"rank":{"index":2,"lang":"id","country":"id","chineseCountryName":"印尼","pkg":"com.spaceship.screen.textcopy"},"orders":["com.recognize_text.translate.screen","com.spaceship.screen.textcopy","com.tap_to_translate.snap_translate","com.newmg.yurao.pro","com.niven.translator","com.gaminik.i18n","com.google.android.apps.translate","com.niven.game","com.immersivetranslate.browser","com.deepl.mobiletranslator","at.nk.tools.iTranslate","com.microsoft.translator","com.naver.labs.translator","com.niven.apptranslate"]},{"rank":{"index":1,"lang":"es-mx","country":"mx","chineseCountryName":"墨西哥","pkg":"com.spaceship.screen.textcopy"},"orders":["com.spaceship.screen.textcopy","com.recognize_text.translate.screen","com.tap_to_translate.snap_translate","com.niven.translator","com.newmg.yurao.pro","com.gaminik.i18n","com.google.android.apps.translate","com.niven.game","com.immersivetranslate.browser","at.nk.tools.iTranslate","com.voice_camera_free_translate","com.microsoft.translator","com.deepl.mobiletranslator","com.niven.apptranslate","com.screen.translate.google","photo.translate.camera.translator","com.zaz.translate","com.eecorp.linguago","live.screentranslate.realtime","com.mg.chat"]}]