[{"rank":{"index":2,"lang":"en-us","country":"us","chineseCountryName":"美国","pkg":"com.spaceship.screen.textcopy"},"orders":["com.recognize_text.translate.screen","com.spaceship.screen.textcopy","com.tap_to_translate.snap_translate","com.gaminik.i18n","com.microsoft.translator","com.google.android.apps.translate","com.niven.translator","com.newmg.yurao.pro","com.niven.game","com.galaxy.airviewdictionary","com.eecorp.taptranslator","at.nk.tools.iTranslate","screen.translator.voice.translate","com.screen.translate.google","com.niven.comic","com.niven.apptranslate","com.android.chrome","us.zoom.videomeetings","com.google.android.apps.maps","com.google.android.apps.photos"]},{"rank":{"index":2,"lang":"ru","country":"ru","chineseCountryName":"俄罗斯","pkg":"com.spaceship.screen.textcopy"},"orders":["com.recognize_text.translate.screen","com.spaceship.screen.textcopy","com.tap_to_translate.snap_translate","com.gaminik.i18n","com.niven.translator","com.niven.game","com.newmg.yurao.pro","com.microsoft.translator","com.google.android.apps.translate","com.galaxy.airviewdictionary","com.niven.comic","com.niven.apptranslate","ru.yandex.translate","com.screen.translate.google","screen.translator.voice.translate","at.nk.tools.iTranslate","com.android.chrome","us.zoom.videomeetings","com.discord","com.duolingo"]},{"rank":{"index":2,"lang":"pt-br","country":"br","chineseCountryName":"巴西","pkg":"com.spaceship.screen.textcopy"},"orders":["com.recognize_text.translate.screen","com.spaceship.screen.textcopy","com.tap_to_translate.snap_translate","com.gaminik.i18n","com.niven.translator","com.niven.game","com.galaxy.airviewdictionary","com.newmg.yurao.pro","com.niven.comic","com.eecorp.taptranslator","com.niven.apptranslate","com.google.android.apps.translate","us.zoom.videomeetings","com.android.chrome","com.google.android.apps.photos","com.google.android.apps.maps","com.google.android.apps.docs","com.discord","screen.translator.voice.translate","com.skype.raider"]},{"rank":{"index":2,"lang":"fr","country":"fr","chineseCountryName":"法国","pkg":"com.spaceship.screen.textcopy"},"orders":["com.recognize_text.translate.screen","com.spaceship.screen.textcopy","com.gaminik.i18n","com.tap_to_translate.snap_translate","com.niven.translator","com.niven.game","com.galaxy.airviewdictionary","screen.translator.voice.translate","com.newmg.yurao.pro","com.microsoft.translator","com.niven.comic","com.eecorp.taptranslator","com.google.android.apps.translate","com.niven.apptranslate","com.screen.translate.google","us.zoom.videomeetings","com.discord","com.android.chrome","at.nk.tools.iTranslate","com.microsoft.office.outlook"]},{"rank":{"index":2,"lang":"en-gb","country":"gb","chineseCountryName":"英国","pkg":"com.spaceship.screen.textcopy"},"orders":["com.recognize_text.translate.screen","com.spaceship.screen.textcopy","com.tap_to_translate.snap_translate","com.gaminik.i18n","com.google.android.apps.translate","com.microsoft.translator","com.niven.translator","com.niven.game","com.galaxy.airviewdictionary","at.nk.tools.iTranslate","com.eecorp.taptranslator","com.newmg.yurao.pro","com.niven.apptranslate","com.niven.comic","com.screen.translate.google","com.zaz.translate","screen.translator.voice.translate","com.android.chrome","com.google.android.apps.maps","us.zoom.videomeetings"]},{"rank":{"index":2,"lang":"de","country":"de","chineseCountryName":"德国","pkg":"com.spaceship.screen.textcopy"},"orders":["com.recognize_text.translate.screen","com.spaceship.screen.textcopy","com.gaminik.i18n","com.tap_to_translate.snap_translate","com.newmg.yurao.pro","com.niven.translator","com.niven.game","com.galaxy.airviewdictionary","com.microsoft.translator","com.google.android.apps.translate","com.niven.comic","us.zoom.videomeetings","com.eecorp.taptranslator","com.discord","com.android.chrome","com.google.android.apps.photos","com.screen.translate.google","com.google.android.apps.maps","com.microsoft.office.outlook","com.truecaller"]},{"rank":{"index":2,"lang":"it","country":"it","chineseCountryName":"意大利","pkg":"com.spaceship.screen.textcopy"},"orders":["com.recognize_text.translate.screen","com.spaceship.screen.textcopy","com.gaminik.i18n","screen.translator.voice.translate","com.tap_to_translate.snap_translate","com.niven.translator","com.niven.game","com.galaxy.airviewdictionary","com.microsoft.translator","com.newmg.yurao.pro","com.google.android.apps.translate","com.niven.apptranslate","com.eecorp.taptranslator","com.screen.translate.google","com.niven.comic","at.nk.tools.iTranslate","us.zoom.videomeetings","com.discord","com.google.android.apps.photos","com.android.chrome"]},{"rank":{"index":2,"lang":"ja","country":"jp","chineseCountryName":"日本","pkg":"com.spaceship.screen.textcopy"},"orders":["com.recognize_text.translate.screen","com.spaceship.screen.textcopy","com.gaminik.i18n","com.niven.game","com.niven.translator","com.tap_to_translate.snap_translate","com.galaxy.airviewdictionary","com.newmg.yurao.pro","com.microsoft.translator","com.google.android.apps.translate","com.screen.translate.google","com.niven.comic","com.deepl.mobiletranslator","us.zoom.videomeetings","com.discord","com.naver.labs.translator","com.android.chrome","com.google.android.apps.maps","com.niven.apptranslate","com.google.ar.lens"]},{"rank":{"index":2,"lang":"ko","country":"kr","chineseCountryName":"韩国","pkg":"com.spaceship.screen.textcopy"},"orders":["com.recognize_text.translate.screen","com.spaceship.screen.textcopy","com.tap_to_translate.snap_translate","com.gaminik.i18n","com.microsoft.translator","com.niven.game","com.google.android.apps.translate","com.niven.translator","com.galaxy.airviewdictionary","com.newmg.yurao.pro","com.niven.comic","com.naver.labs.translator","at.nk.tools.iTranslate","com.niven.apptranslate","com.eecorp.taptranslator","com.screen.translate.google","com.zaz.translate","us.zoom.videomeetings","com.android.chrome","com.discord"]},{"rank":{"index":2,"lang":"zh-hk","country":"hk","chineseCountryName":"香港","pkg":"com.spaceship.screen.textcopy"},"orders":["com.recognize_text.translate.screen","com.spaceship.screen.textcopy","com.tap_to_translate.snap_translate","com.gaminik.i18n","com.microsoft.translator","com.google.android.apps.translate","com.niven.game","com.niven.translator","at.nk.tools.iTranslate","com.galaxy.airviewdictionary","com.newmg.yurao.pro","com.niven.comic","com.zaz.translate","com.niven.apptranslate","com.screen.translate.google","com.eecorp.taptranslator","com.naver.labs.translator","com.datacomprojects.scanandtranslate","jp.go.nict.voicetra","com.android.chrome"]},{"rank":{"index":2,"lang":"zh-tw","country":"tw","chineseCountryName":"台湾","pkg":"com.spaceship.screen.textcopy"},"orders":["com.recognize_text.translate.screen","com.spaceship.screen.textcopy","com.tap_to_translate.snap_translate","com.gaminik.i18n","com.google.android.apps.translate","com.microsoft.translator","com.niven.game","com.niven.translator","com.galaxy.airviewdictionary","com.niven.comic","at.nk.tools.iTranslate","com.newmg.yurao.pro","com.niven.apptranslate","com.eecorp.taptranslator","com.screen.translate.google","com.youdao.hindict","com.naver.labs.translator","com.zaz.translate","com.datacomprojects.scanandtranslate","com.appspell.screentranslator"]},{"rank":{"index":2,"lang":"en","country":"in","chineseCountryName":"印度","pkg":"com.spaceship.screen.textcopy"},"orders":["com.recognize_text.translate.screen","com.spaceship.screen.textcopy","com.google.android.apps.translate","com.tap_to_translate.snap_translate","com.microsoft.translator","com.niven.game","com.gaminik.i18n"]},{"rank":{"index":1,"lang":"id","country":"id","chineseCountryName":"印尼","pkg":"com.spaceship.screen.textcopy"},"orders":["com.spaceship.screen.textcopy","com.recognize_text.translate.screen","com.tap_to_translate.snap_translate","com.gaminik.i18n","com.niven.game","com.niven.translator","com.galaxy.airviewdictionary","com.newmg.yurao.pro","com.niven.comic","com.google.android.apps.translate","com.eecorp.taptranslator"]},{"rank":{"index":2,"lang":"es-mx","country":"mx","chineseCountryName":"墨西哥","pkg":"com.spaceship.screen.textcopy"},"orders":["com.recognize_text.translate.screen","com.spaceship.screen.textcopy","com.gaminik.i18n","com.niven.translator","com.tap_to_translate.snap_translate","com.niven.game","com.galaxy.airviewdictionary","com.niven.comic","com.newmg.yurao.pro","com.microsoft.translator","com.google.android.apps.translate","com.niven.apptranslate","us.zoom.videomeetings","com.android.chrome","com.screen.translate.google","com.google.android.apps.photos","com.google.android.apps.maps","com.google.android.apps.docs","com.discord","com.microsoft.office.outlook"]}]