[{"rank":{"index":2,"lang":"en-us","country":"us","chineseCountryName":"美国","pkg":"com.spaceship.screen.textcopy"},"orders":["com.recognize_text.translate.screen","com.spaceship.screen.textcopy","com.google.android.apps.translate","com.tap_to_translate.snap_translate","com.gaminik.i18n","com.microsoft.translator","com.niven.translator","com.newmg.yurao.pro","com.deepl.mobiletranslator","com.translate.talkingtranslator","com.google.android.apps.maps","com.android.chrome","com.google.android.dialer","com.google.android.apps.photos","com.niven.game","com.facebook.orca","us.zoom.videomeetings","com.softissimo.reverso.context","com.ubercab","com.discord"]},{"rank":{"index":2,"lang":"ru","country":"ru","chineseCountryName":"俄罗斯","pkg":"com.spaceship.screen.textcopy"},"orders":["com.recognize_text.translate.screen","com.spaceship.screen.textcopy","com.tap_to_translate.snap_translate","com.gaminik.i18n","com.niven.translator","com.newmg.yurao.pro","ru.yandex.translate","com.google.android.apps.translate","com.niven.game","com.deepl.mobiletranslator","com.niven.apptranslate","com.microsoft.translator","com.niven.comic","com.facebook.orca","us.zoom.videomeetings","com.android.chrome","com.discord","com.google.android.dialer","com.google.android.apps.photos","com.truecaller"]},{"rank":{"index":2,"lang":"fr","country":"fr","chineseCountryName":"法国","pkg":"com.spaceship.screen.textcopy"},"orders":["com.recognize_text.translate.screen","com.spaceship.screen.textcopy","com.tap_to_translate.snap_translate","com.gaminik.i18n","com.niven.translator","com.google.android.apps.translate","com.niven.game","com.newmg.yurao.pro","com.microsoft.translator","com.deepl.mobiletranslator","com.niven.apptranslate","com.facebook.orca","com.niven.comic","com.google.android.apps.photos","com.discord","us.zoom.videomeetings","com.android.chrome","com.google.android.apps.maps","com.truecaller","com.microsoft.office.outlook"]},{"rank":{"index":2,"lang":"en-gb","country":"gb","chineseCountryName":"英国","pkg":"com.spaceship.screen.textcopy"},"orders":["com.recognize_text.translate.screen","com.spaceship.screen.textcopy","com.google.android.apps.translate","com.tap_to_translate.snap_translate","com.gaminik.i18n","com.microsoft.translator","com.niven.translator","com.deepl.mobiletranslator","com.newmg.yurao.pro","com.niven.game","com.facebook.orca","com.google.android.apps.maps","com.datacomprojects.scanandtranslate","com.android.chrome","com.google.android.apps.photos","us.zoom.videomeetings","com.discord","com.truecaller","com.softissimo.reverso.context","com.microsoft.office.outlook"]},{"rank":{"index":2,"lang":"de","country":"de","chineseCountryName":"德国","pkg":"com.spaceship.screen.textcopy"},"orders":["com.recognize_text.translate.screen","com.spaceship.screen.textcopy","com.tap_to_translate.snap_translate","com.gaminik.i18n","com.niven.apptranslate","com.niven.translator","com.google.android.apps.translate","com.deepl.mobiletranslator","com.newmg.yurao.pro","com.microsoft.translator","com.niven.game","com.translate.talkingtranslator","com.facebook.orca","us.zoom.videomeetings","com.google.android.apps.photos","com.niven.comic","com.google.android.apps.maps","com.softissimo.reverso.context","com.discord","com.android.chrome"]},{"rank":{"index":2,"lang":"it","country":"it","chineseCountryName":"意大利","pkg":"com.spaceship.screen.textcopy"},"orders":["com.recognize_text.translate.screen","com.spaceship.screen.textcopy","com.tap_to_translate.snap_translate","com.gaminik.i18n","com.niven.translator","com.google.android.apps.translate","com.niven.game","com.microsoft.translator","com.newmg.yurao.pro","com.niven.apptranslate","com.facebook.orca","com.deepl.mobiletranslator","com.google.android.apps.photos","us.zoom.videomeetings","com.discord","com.google.android.apps.maps","com.google.android.dialer","com.android.chrome","com.skype.raider","com.microsoft.office.outlook"]},{"rank":{"index":2,"lang":"ja","country":"jp","chineseCountryName":"日本","pkg":"com.spaceship.screen.textcopy"},"orders":["com.recognize_text.translate.screen","com.spaceship.screen.textcopy","com.gaminik.i18n","com.niven.apptranslate","com.niven.translator","com.tap_to_translate.snap_translate","com.niven.game","com.google.android.apps.translate","com.deepl.mobiletranslator","com.newmg.yurao.pro","com.microsoft.translator","com.naver.labs.translator","com.niven.comic","com.facebook.orca","com.android.chrome","com.google.android.apps.maps","us.zoom.videomeetings","com.discord","com.google.ar.lens","com.amazon.kindle"]},{"rank":{"index":2,"lang":"ko","country":"kr","chineseCountryName":"韩国","pkg":"com.spaceship.screen.textcopy"},"orders":["com.recognize_text.translate.screen","com.spaceship.screen.textcopy","com.tap_to_translate.snap_translate","com.gaminik.i18n","com.niven.apptranslate","com.google.android.apps.translate","com.niven.game","com.niven.translator","com.newmg.yurao.pro","com.naver.labs.translator","com.niven.comic","com.deepl.mobiletranslator","com.facebook.orca","us.zoom.videomeetings","com.discord","com.android.chrome","com.google.android.apps.photos","com.sec.android.app.sbrowser","com.google.android.apps.docs","com.duolingo"]},{"rank":{"index":2,"lang":"zh-hk","country":"hk","chineseCountryName":"香港","pkg":"com.spaceship.screen.textcopy"},"orders":["com.recognize_text.translate.screen","com.spaceship.screen.textcopy","com.gaminik.i18n","com.tap_to_translate.snap_translate","com.google.android.apps.translate","com.niven.translator","com.newmg.yurao.pro","com.google.android.apps.maps","com.facebook.orca","com.android.chrome","com.niven.game","com.discord","us.zoom.videomeetings","com.niven.apptranslate","com.twitter.android","com.google.android.apps.photos","com.ubercab","com.duolingo","com.skype.raider","com.microsoft.translator"]},{"rank":{"index":2,"lang":"zh-tw","country":"tw","chineseCountryName":"台湾","pkg":"com.spaceship.screen.textcopy"},"orders":["com.recognize_text.translate.screen","com.spaceship.screen.textcopy","com.tap_to_translate.snap_translate","com.gaminik.i18n","com.niven.translator","com.google.android.apps.translate","com.newmg.yurao.pro","com.niven.apptranslate","com.facebook.orca","com.niven.game","com.google.android.apps.maps","com.discord","com.android.chrome","com.google.android.apps.photos","us.zoom.videomeetings","com.skype.raider","com.microsoft.translator","com.ubercab","com.duolingo","com.translate.talkingtranslator"]},{"rank":{"index":2,"lang":"en","country":"in","chineseCountryName":"印度","pkg":"com.spaceship.screen.textcopy"},"orders":["com.recognize_text.translate.screen","com.spaceship.screen.textcopy","com.google.android.apps.translate","com.tap_to_translate.snap_translate","com.newmg.yurao.pro","com.niven.translator","com.zaz.translate","com.microsoft.translator","com.google.ar.lens","at.nk.tools.iTranslate","com.datacomprojects.scanandtranslate","com.google.android.inputmethod.latin","com.duolingo","com.google.android.marvin.talkback","com.naver.labs.translator","com.gaminik.i18n"]},{"rank":{"index":2,"lang":"id","country":"id","chineseCountryName":"印尼","pkg":"com.spaceship.screen.textcopy"},"orders":["com.recognize_text.translate.screen","com.spaceship.screen.textcopy","com.tap_to_translate.snap_translate","com.gaminik.i18n","com.google.android.apps.translate","com.niven.translator","com.newmg.yurao.pro","com.niven.game"]},{"rank":{"index":2,"lang":"es-mx","country":"mx","chineseCountryName":"墨西哥","pkg":"com.spaceship.screen.textcopy"},"orders":["com.recognize_text.translate.screen","com.spaceship.screen.textcopy","com.tap_to_translate.snap_translate","com.google.android.apps.translate","com.microsoft.translator","com.gaminik.i18n","com.youdao.hindict","com.deepl.mobiletranslator","com.niven.game","at.nk.tools.iTranslate","com.zaz.translate","com.google.ar.lens","com.niven.comic","com.naver.labs.translator","com.duolingo","com.google.android.marvin.talkback","com.intsig.camscanner","com.google.android.apps.maps","ru.yandex.translate","com.niven.translator"]}]