[{"rank":{"index":2,"lang":"en-us","country":"us","chineseCountryName":"美国","pkg":"com.spaceship.screen.textcopy"},"orders":["com.recognize_text.translate.screen","com.spaceship.screen.textcopy","com.niven.translator","com.google.android.apps.translate","com.tap_to_translate.snap_translate","com.newmg.yurao.pro","com.gaminik.i18n","com.zaz.translate","com.deepl.mobiletranslator","com.immersivetranslate.browser","com.microsoft.translator","com.screen.translate.google","com.niven.game","com.niven.apptranslate","com.fapp.translate.language.translator.fasttranslation","at.nk.tools.iTranslate","com.eecorp.linguago","com.naver.labs.translator","com.mg.chat","com.ggxfj.mp"]},{"rank":{"index":0,"lang":"ru","country":"ru","chineseCountryName":"俄罗斯","pkg":"com.spaceship.screen.textcopy"},"orders":["com.recognize_text.translate.screen","com.niven.translator","com.tap_to_translate.snap_translate","com.newmg.yurao.pro","com.gaminik.i18n","com.zaz.translate","com.niven.game","com.deepl.mobiletranslator","com.immersivetranslate.browser","com.google.android.apps.translate","com.screen.translate.google","com.niven.apptranslate","com.voice_camera_free_translate","ru.yandex.translate","com.microsoft.translator","com.eecorp.linguago","at.nk.tools.iTranslate","photo.translate.camera.translator","com.mg.chat","com.datacomprojects.scanandtranslate"]},{"rank":{"index":2,"lang":"pt-br","country":"br","chineseCountryName":"巴西","pkg":"com.spaceship.screen.textcopy"},"orders":["com.recognize_text.translate.screen","com.spaceship.screen.textcopy","com.niven.translator","com.tap_to_translate.snap_translate","com.gaminik.i18n","com.newmg.yurao.pro","com.zaz.translate","com.niven.game","com.google.android.apps.translate","com.screen.translate.google","com.immersivetranslate.browser","com.deepl.mobiletranslator"]},{"rank":{"index":2,"lang":"fr","country":"fr","chineseCountryName":"法国","pkg":"com.spaceship.screen.textcopy"},"orders":["com.recognize_text.translate.screen","com.spaceship.screen.textcopy","com.tap_to_translate.snap_translate","com.gaminik.i18n","com.niven.translator","com.newmg.yurao.pro","com.zaz.translate","com.google.android.apps.translate","com.immersivetranslate.browser","com.deepl.mobiletranslator","com.screen.translate.google","com.niven.game","com.fapp.translate.language.translator.fasttranslation","com.niven.apptranslate","com.microsoft.translator","com.eecorp.linguago","live.screentranslate.realtime","com.mg.chat","com.audacityittranslator.translatetexttranslator","com.eecorp.taptranslator"]},{"rank":{"index":2,"lang":"en-gb","country":"gb","chineseCountryName":"英国","pkg":"com.spaceship.screen.textcopy"},"orders":["com.recognize_text.translate.screen","com.spaceship.screen.textcopy","com.tap_to_translate.snap_translate","com.niven.translator","com.google.android.apps.translate","com.newmg.yurao.pro","com.zaz.translate","com.gaminik.i18n","com.deepl.mobiletranslator","com.immersivetranslate.browser","com.niven.game","com.microsoft.translator","com.fapp.translate.language.translator.fasttranslation","com.screen.translate.google"]},{"rank":{"index":2,"lang":"de","country":"de","chineseCountryName":"德国","pkg":"com.spaceship.screen.textcopy"},"orders":["com.recognize_text.translate.screen","com.spaceship.screen.textcopy","com.tap_to_translate.snap_translate","com.niven.translator","com.gaminik.i18n","com.newmg.yurao.pro","com.zaz.translate","com.deepl.mobiletranslator","com.immersivetranslate.browser","com.screen.translate.google","com.google.android.apps.translate","com.niven.game","com.niven.apptranslate","com.eecorp.linguago","com.voice_camera_free_translate","com.fapp.translate.language.translator.fasttranslation","com.microsoft.translator","live.screentranslate.realtime","com.eecorp.taptranslator","com.audacityittranslator.translatetexttranslator"]},{"rank":{"index":2,"lang":"it","country":"it","chineseCountryName":"意大利","pkg":"com.spaceship.screen.textcopy"},"orders":["com.recognize_text.translate.screen","com.spaceship.screen.textcopy","com.zaz.translate","com.newmg.yurao.pro","com.tap_to_translate.snap_translate","com.niven.translator","com.gaminik.i18n","com.google.android.apps.translate","com.immersivetranslate.browser","com.screen.translate.google","com.deepl.mobiletranslator","com.niven.game","com.eecorp.linguago","com.niven.apptranslate","com.voice_camera_free_translate","com.microsoft.translator","com.fapp.translate.language.translator.fasttranslation","live.screentranslate.realtime","com.audacityittranslator.translatetexttranslator","at.nk.tools.iTranslate"]},{"rank":{"index":2,"lang":"ja","country":"jp","chineseCountryName":"日本","pkg":"com.spaceship.screen.textcopy"},"orders":["com.recognize_text.translate.screen","com.spaceship.screen.textcopy","com.tap_to_translate.snap_translate","com.niven.translator","com.newmg.yurao.pro","com.gaminik.i18n","com.zaz.translate","com.deepl.mobiletranslator","com.immersivetranslate.browser","com.google.android.apps.translate","com.naver.labs.translator","com.screen.translate.google","com.fapp.translate.language.translator.fasttranslation"]},{"rank":{"index":2,"lang":"ko","country":"kr","chineseCountryName":"韩国","pkg":"com.spaceship.screen.textcopy"},"orders":["com.recognize_text.translate.screen","com.spaceship.screen.textcopy","com.tap_to_translate.snap_translate","com.niven.translator","com.newmg.yurao.pro","com.gaminik.i18n","com.zaz.translate","com.naver.labs.translator","com.screen.translate.google","com.immersivetranslate.browser","com.niven.apptranslate","com.google.android.apps.translate","com.deepl.mobiletranslator","com.eecorp.linguago","com.niven.game","com.microsoft.translator","live.screentranslate.realtime","com.fapp.translate.language.translator.fasttranslation","at.nk.tools.iTranslate","com.eecorp.taptranslator"]},{"rank":{"index":2,"lang":"zh-hk","country":"hk","chineseCountryName":"香港","pkg":"com.spaceship.screen.textcopy"},"orders":["com.recognize_text.translate.screen","com.spaceship.screen.textcopy","com.tap_to_translate.snap_translate","com.niven.translator","com.newmg.yurao.pro","com.gaminik.i18n","com.google.android.apps.translate","com.zaz.translate","com.immersivetranslate.browser","com.screen.translate.google","com.niven.game","com.niven.apptranslate","com.microsoft.translator","com.fapp.translate.language.translator.fasttranslation","com.deepl.mobiletranslator","com.voice_camera_free_translate","com.eecorp.linguago","photo.translate.camera.translator","at.nk.tools.iTranslate","live.screentranslate.realtime"]},{"rank":{"index":2,"lang":"zh-tw","country":"tw","chineseCountryName":"台湾","pkg":"com.spaceship.screen.textcopy"},"orders":["com.recognize_text.translate.screen","com.spaceship.screen.textcopy","com.tap_to_translate.snap_translate","com.newmg.yurao.pro","com.gaminik.i18n","com.niven.translator","com.immersivetranslate.browser","com.zaz.translate","com.niven.game","com.screen.translate.google","com.google.android.apps.translate","com.niven.apptranslate","com.eecorp.linguago","com.deepl.mobiletranslator","com.voice_camera_free_translate","com.microsoft.translator","com.fapp.translate.language.translator.fasttranslation","live.screentranslate.realtime","at.nk.tools.iTranslate","com.naver.labs.translator"]},{"rank":{"index":2,"lang":"en","country":"in","chineseCountryName":"印度","pkg":"com.spaceship.screen.textcopy"},"orders":["com.recognize_text.translate.screen","com.spaceship.screen.textcopy","com.newmg.yurao.pro"]},{"rank":{"index":2,"lang":"id","country":"id","chineseCountryName":"印尼","pkg":"com.spaceship.screen.textcopy"},"orders":["com.recognize_text.translate.screen","com.spaceship.screen.textcopy","com.tap_to_translate.snap_translate","com.niven.translator","com.gaminik.i18n","com.newmg.yurao.pro","com.google.android.apps.translate","com.zaz.translate","com.niven.game","com.deepl.mobiletranslator","com.screen.translate.google","com.eecorp.linguago","com.niven.apptranslate","com.immersivetranslate.browser","com.fapp.translate.language.translator.fasttranslation","at.nk.tools.iTranslate","com.naver.labs.translator","com.microsoft.translator","live.screentranslate.realtime","com.eecorp.taptranslator"]},{"rank":{"index":1,"lang":"es-mx","country":"mx","chineseCountryName":"墨西哥","pkg":"com.spaceship.screen.textcopy"},"orders":["com.spaceship.screen.textcopy","com.recognize_text.translate.screen","com.niven.translator","com.tap_to_translate.snap_translate","com.newmg.yurao.pro","com.gaminik.i18n","com.google.android.apps.translate","com.zaz.translate","com.deepl.mobiletranslator","com.immersivetranslate.browser","com.screen.translate.google","com.niven.game","com.niven.apptranslate","com.eecorp.linguago","com.microsoft.translator","com.fapp.translate.language.translator.fasttranslation","at.nk.tools.iTranslate","live.screentranslate.realtime","com.mg.chat","com.eecorp.taptranslator"]}]