[{"rank":{"index":10,"lang":"en-us","country":"us","chineseCountryName":"美国","pkg":"com.spaceship.screen.textcopy"},"orders":["com.recognize_text.translate.screen","com.tap_to_translate.snap_translate","com.gaminik.i18n","com.google.android.apps.translate","com.mg.yurao.google","com.microsoft.translator","com.niven.translator","com.newmg.yurao.pro","com.niven.apptranslate","com.spaceship.screen.textcopy","screen.translator.voice.translate","com.naver.labs.translator","com.zaz.translate","com.eecorp.linguago","com.galaxy.airviewdictionary","com.voice_camera_free_translate","com.tranit.text.translate","com.deepl.mobiletranslator","com.niven.game","at.nk.tools.iTranslate"]},{"rank":{"index":9,"lang":"ru","country":"ru","chineseCountryName":"俄罗斯","pkg":"com.spaceship.screen.textcopy"},"orders":["com.recognize_text.translate.screen","com.tap_to_translate.snap_translate","com.niven.translator","com.gaminik.i18n","com.niven.apptranslate","com.microsoft.translator","screen.translator.voice.translate","com.eecorp.linguago","com.spaceship.screen.textcopy","com.google.android.apps.translate","ru.yandex.translate","com.chat_translate.screen_translate","com.deepl.mobiletranslator","com.niven.game","translator.text.all.languagetranslator.voice.translation","com.zaz.translate","com.naver.labs.translator","com.niven.comic","at.nk.tools.iTranslate","com.translator.translation.screen.translate.voice.languages.text.translating"]},{"rank":{"index":9,"lang":"pt-br","country":"br","chineseCountryName":"巴西","pkg":"com.spaceship.screen.textcopy"},"orders":["com.recognize_text.translate.screen","com.tap_to_translate.snap_translate","com.mg.yurao.google","com.niven.translator","com.gaminik.i18n","com.niven.apptranslate","com.newmg.yurao.pro","com.galaxy.airviewdictionary","com.spaceship.screen.textcopy","com.microsoft.translator","screen.translator.voice.translate","com.eecorp.linguago","com.google.android.apps.translate","com.voice_camera_free_translate","com.tranit.text.translate","com.niven.game","com.niven.comic","com.zaz.translate","com.chat_translate.screen_translate","com.youdao.hindict"]},{"rank":{"index":7,"lang":"fr","country":"fr","chineseCountryName":"法国","pkg":"com.spaceship.screen.textcopy"},"orders":["com.recognize_text.translate.screen","com.tap_to_translate.snap_translate","com.mg.yurao.google","com.gaminik.i18n","com.niven.translator","com.niven.apptranslate","com.spaceship.screen.textcopy","com.newmg.yurao.pro","screen.translator.voice.translate","com.google.android.apps.translate","com.eecorp.linguago","com.microsoft.translator","com.galaxy.airviewdictionary","com.voice_camera_free_translate","com.naver.labs.translator","com.zaz.translate","com.niven.comic","com.niven.game","at.nk.tools.iTranslate","com.youdao.hindict"]},{"rank":{"index":10,"lang":"en-gb","country":"gb","chineseCountryName":"英国","pkg":"com.spaceship.screen.textcopy"},"orders":["com.recognize_text.translate.screen","com.tap_to_translate.snap_translate","com.google.android.apps.translate","com.gaminik.i18n","com.microsoft.translator","com.newmg.yurao.pro","com.mg.yurao.google","com.niven.translator","com.niven.apptranslate","com.spaceship.screen.textcopy","com.tranit.text.translate","com.abbyy.mobile.textgrabber.full","screen.translator.voice.translate","com.zaz.translate","at.nk.tools.iTranslate","com.eecorp.linguago","com.naver.labs.translator","com.simyasolutions.translate","com.niven.comic","com.datacomprojects.scanandtranslate"]},{"rank":{"index":8,"lang":"de","country":"de","chineseCountryName":"德国","pkg":"com.spaceship.screen.textcopy"},"orders":["com.recognize_text.translate.screen","com.mg.yurao.google","com.tap_to_translate.snap_translate","com.niven.translator","com.newmg.yurao.pro","com.gaminik.i18n","com.google.android.apps.translate","com.spaceship.screen.textcopy","com.microsoft.translator","com.niven.apptranslate","com.deepl.mobiletranslator","screen.translator.voice.translate","com.eecorp.linguago","com.zaz.translate","at.nk.tools.iTranslate","com.voice_camera_free_translate","com.tranit.text.translate","ru.yandex.translate","com.naver.labs.translator","com.niven.game"]},{"rank":{"index":5,"lang":"it","country":"it","chineseCountryName":"意大利","pkg":"com.spaceship.screen.textcopy"},"orders":["com.recognize_text.translate.screen","com.tap_to_translate.snap_translate","com.niven.translator","com.mg.yurao.google","com.spaceship.screen.textcopy","com.gaminik.i18n","com.niven.apptranslate","com.google.android.apps.translate","com.newmg.yurao.pro","com.microsoft.translator","screen.translator.voice.translate","com.eecorp.linguago","com.zaz.translate","com.galaxy.airviewdictionary","at.nk.tools.iTranslate","com.voice_camera_free_translate","com.niven.comic","com.deepl.mobiletranslator","com.abbyy.mobile.textgrabber.full","com.tranit.text.translate"]},{"rank":{"index":12,"lang":"ja","country":"jp","chineseCountryName":"日本","pkg":"com.spaceship.screen.textcopy"},"orders":["com.recognize_text.translate.screen","com.tap_to_translate.snap_translate","com.mg.yurao.google","com.niven.translator","com.gaminik.i18n","com.microsoft.translator","com.niven.apptranslate","com.newmg.yurao.pro","com.eecorp.linguago","com.google.android.apps.translate","screen.translator.voice.translate","com.spaceship.screen.textcopy","com.naver.labs.translator","com.tranit.text.translate","com.abbyy.mobile.textgrabber.full","com.chat_translate.screen_translate","com.galaxy.airviewdictionary","com.youdao.hindict","com.datacomprojects.scanandtranslate","com.deepl.mobiletranslator"]},{"rank":{"index":7,"lang":"ko","country":"kr","chineseCountryName":"韩国","pkg":"com.spaceship.screen.textcopy"},"orders":["com.recognize_text.translate.screen","com.tap_to_translate.snap_translate","com.niven.translator","com.mg.yurao.google","com.gaminik.i18n","com.niven.apptranslate","com.spaceship.screen.textcopy","com.newmg.yurao.pro","com.microsoft.translator","com.google.android.apps.translate","com.eecorp.linguago","screen.translator.voice.translate","com.naver.labs.translator","com.zaz.translate","com.voice_camera_free_translate","com.niven.comic","com.datacomprojects.scanandtranslate","com.youdao.hindict","com.chat_translate.screen_translate","com.tranit.text.translate"]},{"rank":{"index":10,"lang":"zh-hk","country":"hk","chineseCountryName":"香港","pkg":"com.spaceship.screen.textcopy"},"orders":["com.recognize_text.translate.screen","com.tap_to_translate.snap_translate","com.mg.yurao.google","com.newmg.yurao.pro","com.niven.translator","com.google.android.apps.translate","com.gaminik.i18n","com.niven.apptranslate","com.microsoft.translator","com.spaceship.screen.textcopy","com.naver.labs.translator","com.eecorp.linguago","com.voice_camera_free_translate","screen.translator.voice.translate","com.zaz.translate","at.nk.tools.iTranslate","com.deepl.mobiletranslator","com.niven.comic","com.niven.game","com.tranit.text.translate"]},{"rank":{"index":11,"lang":"zh-tw","country":"tw","chineseCountryName":"台湾","pkg":"com.spaceship.screen.textcopy"},"orders":["com.recognize_text.translate.screen","com.mg.yurao.google","com.tap_to_translate.snap_translate","com.niven.translator","com.gaminik.i18n","com.google.android.apps.translate","com.newmg.yurao.pro","com.niven.apptranslate","com.microsoft.translator","com.naver.labs.translator","com.spaceship.screen.textcopy","com.eecorp.linguago","com.voice_camera_free_translate","com.zaz.translate","screen.translator.voice.translate","at.nk.tools.iTranslate","com.deepl.mobiletranslator","com.niven.comic","com.niven.game","com.youdao.hindict"]},{"rank":{"index":10,"lang":"en","country":"in","chineseCountryName":"印度","pkg":"com.spaceship.screen.textcopy"},"orders":["com.recognize_text.translate.screen","com.google.android.apps.translate","com.tap_to_translate.snap_translate","com.mg.yurao.google","com.newmg.yurao.pro","com.gaminik.i18n","screen.translator.voice.translate","com.niven.translator","com.microsoft.translator","com.spaceship.screen.textcopy","com.niven.apptranslate","com.zaz.translate","com.eecorp.linguago","com.tranit.text.translate"]},{"rank":{"index":7,"lang":"id","country":"id","chineseCountryName":"印尼","pkg":"com.spaceship.screen.textcopy"},"orders":["com.recognize_text.translate.screen","com.tap_to_translate.snap_translate","com.mg.yurao.google","com.gaminik.i18n","com.newmg.yurao.pro","com.niven.translator","com.spaceship.screen.textcopy","com.niven.apptranslate","com.google.android.apps.translate","com.microsoft.translator","com.eecorp.linguago","com.naver.labs.translator","screen.translator.voice.translate"]},{"rank":{"index":6,"lang":"es-mx","country":"mx","chineseCountryName":"墨西哥","pkg":"com.spaceship.screen.textcopy"},"orders":["com.recognize_text.translate.screen","com.tap_to_translate.snap_translate","com.niven.translator","com.mg.yurao.google","com.gaminik.i18n","com.spaceship.screen.textcopy","com.newmg.yurao.pro","com.niven.apptranslate","com.microsoft.translator","com.google.android.apps.translate","screen.translator.voice.translate","com.youdao.hindict"]}]