[{"rank":{"index":2,"lang":"en-us","country":"us","chineseCountryName":"美国","pkg":"com.spaceship.screen.textcopy"},"orders":["com.recognize_text.translate.screen","com.spaceship.screen.textcopy","com.gaminik.i18n","com.niven.translator","com.hc.texttranslator.screentranslator.chattranslator","com.tap_to_translate.snap_translate","com.newmg.yurao.pro","com.screen.translate.google","com.google.android.apps.translate","com.aurasense.screentranslate","com.galaxy.airviewdictionary","com.yoyodev.screentranslate","com.microsoft.translator","com.naver.labs.translator","com.eecorp.linguago","at.nk.tools.iTranslate","com.deepl.mobiletranslator","com.niven.game","com.eecorp.taptranslator","screen.translator.voice.translate"]},{"rank":{"index":2,"lang":"ru","country":"ru","chineseCountryName":"俄罗斯","pkg":"com.spaceship.screen.textcopy"},"orders":["com.recognize_text.translate.screen","com.spaceship.screen.textcopy","com.niven.translator","com.tap_to_translate.snap_translate","com.gaminik.i18n","com.hc.texttranslator.screentranslator.chattranslator","com.newmg.yurao.pro","com.screen.translate.google","com.yoyodev.screentranslate","com.galaxy.airviewdictionary","com.microsoft.translator","com.niven.game","com.eecorp.linguago","com.naver.labs.translator","com.google.android.apps.translate","ru.yandex.translate","com.subtitle.voice","at.nk.tools.iTranslate","com.screen.translator.text.recognize","com.transgull.translator"]},{"rank":{"index":2,"lang":"pt-br","country":"br","chineseCountryName":"巴西","pkg":"com.spaceship.screen.textcopy"},"orders":["com.recognize_text.translate.screen","com.spaceship.screen.textcopy","com.niven.translator","com.gaminik.i18n","com.hc.texttranslator.screentranslator.chattranslator","com.tap_to_translate.snap_translate","com.newmg.yurao.pro","com.screen.translate.google","com.galaxy.airviewdictionary","com.niven.game","at.nk.tools.iTranslate","com.eecorp.linguago","com.google.android.apps.translate","com.paninitranslate","com.microsoft.translator","com.eecorp.taptranslator","com.deepl.mobiletranslator","link.zhidou.btranslator","co.timekettle.livetranslator","com.transgull.translator"]},{"rank":{"index":2,"lang":"fr","country":"fr","chineseCountryName":"法国","pkg":"com.spaceship.screen.textcopy"},"orders":["com.recognize_text.translate.screen","com.spaceship.screen.textcopy","com.niven.translator","com.hc.texttranslator.screentranslator.chattranslator","com.tap_to_translate.snap_translate","com.gaminik.i18n","com.newmg.yurao.pro","com.yoyodev.screentranslate","com.screen.translate.google","com.aurasense.screentranslate","com.eecorp.linguago","com.eecorp.taptranslator","live.screentranslate.realtime","com.galaxy.airviewdictionary","com.deepl.mobiletranslator","com.microsoft.translator","com.hive.lingonative","com.google.android.apps.translate","com.niven.game","com.fortuna.screentranslator"]},{"rank":{"index":2,"lang":"en-gb","country":"gb","chineseCountryName":"英国","pkg":"com.spaceship.screen.textcopy"},"orders":["com.recognize_text.translate.screen","com.spaceship.screen.textcopy","com.niven.translator","com.tap_to_translate.snap_translate","com.hc.texttranslator.screentranslator.chattranslator","com.gaminik.i18n","com.newmg.yurao.pro","com.screen.translate.google","com.aurasense.screentranslate","com.google.android.apps.translate","com.galaxy.airviewdictionary","com.yoyodev.screentranslate","com.microsoft.translator","at.nk.tools.iTranslate","com.deepl.mobiletranslator","com.eecorp.linguago","screen.translator.voice.translate","com.niven.game","com.zaz.translate","com.naver.labs.translator"]},{"rank":{"index":2,"lang":"de","country":"de","chineseCountryName":"德国","pkg":"com.spaceship.screen.textcopy"},"orders":["com.recognize_text.translate.screen","com.spaceship.screen.textcopy","com.gaminik.i18n","com.niven.translator","com.tap_to_translate.snap_translate","com.hc.texttranslator.screentranslator.chattranslator","com.newmg.yurao.pro","com.yoyodev.screentranslate","com.screen.translate.google","com.aurasense.screentranslate","com.galaxy.airviewdictionary","com.eecorp.linguago","live.screentranslate.realtime","com.microsoft.translator","com.hive.lingonative","com.deepl.mobiletranslator","com.google.android.apps.translate","at.nk.tools.iTranslate","com.eecorp.taptranslator","link.zhidou.btranslator"]},{"rank":{"index":5,"lang":"it","country":"it","chineseCountryName":"意大利","pkg":"com.spaceship.screen.textcopy"},"orders":["com.recognize_text.translate.screen","com.hc.texttranslator.screentranslator.chattranslator","com.gaminik.i18n","com.tap_to_translate.snap_translate","com.spaceship.screen.textcopy","com.newmg.yurao.pro","com.yoyodev.screentranslate","com.screen.translate.google","com.niven.translator","com.eecorp.linguago","com.galaxy.airviewdictionary","live.screentranslate.realtime","com.paninitranslate","com.aurasense.screentranslate","com.microsoft.translator","com.eecorp.taptranslator","com.hive.lingonative","com.screen.translator.text.recognize","com.google.android.apps.translate","com.deepl.mobiletranslator"]},{"rank":{"index":3,"lang":"ja","country":"jp","chineseCountryName":"日本","pkg":"com.spaceship.screen.textcopy"},"orders":["com.recognize_text.translate.screen","com.gaminik.i18n","com.spaceship.screen.textcopy","com.tap_to_translate.snap_translate","com.hc.texttranslator.screentranslator.chattranslator","com.niven.translator","com.newmg.yurao.pro","com.screen.translate.google","com.galaxy.airviewdictionary","com.naver.labs.translator","com.google.android.apps.translate","com.eecorp.linguago","com.aurasense.screentranslate","com.deepl.mobiletranslator","com.microsoft.translator"]},{"rank":{"index":2,"lang":"ko","country":"kr","chineseCountryName":"韩国","pkg":"com.spaceship.screen.textcopy"},"orders":["com.recognize_text.translate.screen","com.spaceship.screen.textcopy","com.gaminik.i18n","com.tap_to_translate.snap_translate","com.hc.texttranslator.screentranslator.chattranslator","com.newmg.yurao.pro","com.niven.translator","com.screen.translate.google","com.naver.labs.translator","live.screentranslate.realtime","com.galaxy.airviewdictionary","com.gyaser.screen.translator","com.aurasense.screentranslate","com.digtial_bytes.voice.translator.dictionary.languages.cameratranslator","com.eecorp.linguago"]},{"rank":{"index":2,"lang":"zh-hk","country":"hk","chineseCountryName":"香港","pkg":"com.spaceship.screen.textcopy"},"orders":["com.recognize_text.translate.screen","com.spaceship.screen.textcopy","com.tap_to_translate.snap_translate","com.niven.translator","com.hc.texttranslator.screentranslator.chattranslator","com.gaminik.i18n","com.screen.translate.google","com.newmg.yurao.pro","com.aurasense.screentranslate","com.galaxy.airviewdictionary","screen.translator.voice.translate","com.gyaser.screen.translator","com.digtial_bytes.voice.translator.dictionary.languages.cameratranslator","com.naver.labs.translator","com.microsoft.translator","com.eecorp.linguago","com.google.android.apps.translate","com.deepl.mobiletranslator","com.eecorp.taptranslator","com.yoyodev.screentranslate"]},{"rank":{"index":2,"lang":"zh-tw","country":"tw","chineseCountryName":"台湾","pkg":"com.spaceship.screen.textcopy"},"orders":["com.recognize_text.translate.screen","com.spaceship.screen.textcopy","com.hc.texttranslator.screentranslator.chattranslator","com.tap_to_translate.snap_translate","com.gaminik.i18n","com.newmg.yurao.pro","com.screen.translate.google","com.niven.translator","com.aurasense.screentranslate","com.galaxy.airviewdictionary","com.naver.labs.translator","com.google.android.apps.translate","com.microsoft.translator","at.nk.tools.iTranslate","com.eecorp.linguago","com.yoyodev.screentranslate","com.deepl.mobiletranslator","com.niven.game","screen.translator.voice.translate","com.eecorp.taptranslator"]},{"rank":{"index":0,"lang":"en","country":"in","chineseCountryName":"印度","pkg":"com.spaceship.screen.textcopy"},"orders":["com.recognize_text.translate.screen","com.niven.translator","com.tap_to_translate.snap_translate","com.hc.texttranslator.screentranslator.chattranslator","com.gaminik.i18n","com.newmg.yurao.pro","com.aurasense.screentranslate","com.screen.translate.google","com.yoyodev.screentranslate","com.galaxy.airviewdictionary","com.google.android.apps.translate","com.eecorp.linguago","com.microsoft.translator","at.nk.tools.iTranslate","screen.translator.voice.translate","com.niven.game","com.zaz.translate","com.eecorp.taptranslator","com.addevice.translate","com.deepl.mobiletranslator"]},{"rank":{"index":2,"lang":"id","country":"id","chineseCountryName":"印尼","pkg":"com.spaceship.screen.textcopy"},"orders":["com.recognize_text.translate.screen","com.spaceship.screen.textcopy","com.gaminik.i18n","com.niven.translator","com.tap_to_translate.snap_translate","com.hc.texttranslator.screentranslator.chattranslator","com.aurasense.screentranslate","com.newmg.yurao.pro","com.screen.translate.google","com.yoyodev.screentranslate","com.niven.game","com.galaxy.airviewdictionary","com.eecorp.linguago","com.deepl.mobiletranslator","com.naver.labs.translator","at.nk.tools.iTranslate","com.google.android.apps.translate","com.eecorp.taptranslator","com.microsoft.translator","co.timekettle.livetranslator"]},{"rank":{"index":2,"lang":"es-mx","country":"mx","chineseCountryName":"墨西哥","pkg":"com.spaceship.screen.textcopy"},"orders":["com.recognize_text.translate.screen","com.spaceship.screen.textcopy","com.niven.translator","com.gaminik.i18n","com.hc.texttranslator.screentranslator.chattranslator","com.tap_to_translate.snap_translate","com.newmg.yurao.pro","com.yoyodev.screentranslate","com.screen.translate.google","com.niven.game","com.eecorp.linguago","com.galaxy.airviewdictionary","com.microsoft.translator","com.aurasense.screentranslate","live.screentranslate.realtime","at.nk.tools.iTranslate","com.deepl.mobiletranslator","com.google.android.apps.translate","link.zhidou.btranslator","com.hive.lingonative"]}]