[{"rank":{"index":2,"lang":"en-us","country":"us","chineseCountryName":"美国","pkg":"com.spaceship.screen.textcopy"},"orders":["com.recognize_text.translate.screen","com.spaceship.screen.textcopy","com.microsoft.translator","com.gaminik.i18n","com.google.android.apps.translate","com.newmg.yurao.pro","com.deepl.mobiletranslator","com.niven.translator","com.tap_to_translate.snap_translate","com.zaz.translate","com.niven.game","com.youdao.hindict","com.translate.talkingtranslator","com.eecorp.linguago","at.nk.tools.iTranslate","com.screen.translate.google","com.naver.labs.translator","com.datacomprojects.scanandtranslate","com.niven.apptranslate","com.eecorp.taptranslator"]},{"rank":{"index":0,"lang":"ru","country":"ru","chineseCountryName":"俄罗斯","pkg":"com.spaceship.screen.textcopy"},"orders":["com.recognize_text.translate.screen","com.tap_to_translate.snap_translate","com.newmg.yurao.pro","com.microsoft.translator","com.niven.translator","com.deepl.mobiletranslator","com.google.android.apps.translate","com.gaminik.i18n","ru.yandex.translate","com.zaz.translate","com.niven.game","com.datacomprojects.scanandtranslate","com.translate.talkingtranslator","at.nk.tools.iTranslate","com.google.ar.lens","com.youdao.hindict","com.niven.apptranslate","com.screen.translate.google","com.eecorp.linguago","com.immersivetranslate.browser"]},{"rank":{"index":2,"lang":"pt-br","country":"br","chineseCountryName":"巴西","pkg":"com.spaceship.screen.textcopy"},"orders":["com.recognize_text.translate.screen","com.spaceship.screen.textcopy","com.newmg.yurao.pro","com.gaminik.i18n","com.niven.translator","com.tap_to_translate.snap_translate","com.microsoft.translator","com.google.android.apps.translate","com.deepl.mobiletranslator","com.niven.game","com.eecorp.linguago","com.zaz.translate","com.screen.translate.google","com.niven.apptranslate","com.eecorp.taptranslator","com.google.ar.lens","at.nk.tools.iTranslate","com.immersivetranslate.browser","com.youdao.hindict","com.tangdi.baiguotong"]},{"rank":{"index":2,"lang":"fr","country":"fr","chineseCountryName":"法国","pkg":"com.spaceship.screen.textcopy"},"orders":["com.recognize_text.translate.screen","com.spaceship.screen.textcopy","com.newmg.yurao.pro","com.tap_to_translate.snap_translate","com.gaminik.i18n","com.microsoft.translator","com.niven.translator","com.google.android.apps.translate","com.zaz.translate","com.eecorp.linguago","com.screen.translate.google","com.niven.apptranslate","com.deepl.mobiletranslator","com.eecorp.taptranslator","com.niven.game","com.google.ar.lens","com.translate.talkingtranslator","at.nk.tools.iTranslate","com.immersivetranslate.browser","com.voice_camera_free_translate"]},{"rank":{"index":2,"lang":"en-gb","country":"gb","chineseCountryName":"英国","pkg":"com.spaceship.screen.textcopy"},"orders":["com.recognize_text.translate.screen","com.spaceship.screen.textcopy","com.microsoft.translator","com.newmg.yurao.pro","com.google.android.apps.translate","com.gaminik.i18n","com.deepl.mobiletranslator","com.zaz.translate","com.niven.translator","com.tap_to_translate.snap_translate","com.youdao.hindict","at.nk.tools.iTranslate","com.niven.game","com.google.ar.lens","com.eecorp.linguago","ru.yandex.translate","com.datacomprojects.scanandtranslate","com.translate.talkingtranslator","com.naver.labs.translator","com.eecorp.taptranslator"]},{"rank":{"index":2,"lang":"de","country":"de","chineseCountryName":"德国","pkg":"com.spaceship.screen.textcopy"},"orders":["com.recognize_text.translate.screen","com.spaceship.screen.textcopy","com.newmg.yurao.pro","com.gaminik.i18n","com.microsoft.translator","com.niven.translator","com.google.android.apps.translate","com.tap_to_translate.snap_translate","com.deepl.mobiletranslator","com.zaz.translate","com.niven.game","com.eecorp.linguago"]},{"rank":{"index":2,"lang":"it","country":"it","chineseCountryName":"意大利","pkg":"com.spaceship.screen.textcopy"},"orders":["com.recognize_text.translate.screen","com.spaceship.screen.textcopy","com.newmg.yurao.pro","com.gaminik.i18n","com.microsoft.translator","com.tap_to_translate.snap_translate","com.google.android.apps.translate","com.niven.translator","com.zaz.translate","com.eecorp.linguago","com.eecorp.taptranslator","com.niven.game","com.deepl.mobiletranslator","com.screen.translate.google"]},{"rank":{"index":2,"lang":"ja","country":"jp","chineseCountryName":"日本","pkg":"com.spaceship.screen.textcopy"},"orders":["com.recognize_text.translate.screen","com.spaceship.screen.textcopy","com.newmg.yurao.pro","com.gaminik.i18n","com.tap_to_translate.snap_translate","com.niven.translator","com.microsoft.translator","com.google.ar.lens","com.deepl.mobiletranslator","com.google.android.apps.translate","com.eecorp.linguago","com.screen.translate.google","com.niven.apptranslate","com.naver.labs.translator","com.eecorp.taptranslator","com.niven.game","com.immersivetranslate.browser","com.google.android.apps.maps","com.android.chrome","com.duolingo"]},{"rank":{"index":2,"lang":"ko","country":"kr","chineseCountryName":"韩国","pkg":"com.spaceship.screen.textcopy"},"orders":["com.recognize_text.translate.screen","com.spaceship.screen.textcopy","com.newmg.yurao.pro","com.tap_to_translate.snap_translate","com.microsoft.translator","com.google.android.apps.translate","com.niven.translator","com.gaminik.i18n","com.deepl.mobiletranslator","com.naver.labs.translator","com.zaz.translate","com.niven.game","com.gyaser.screen.translator","com.eecorp.linguago","com.screen.translate.google","com.niven.apptranslate","com.translate.talkingtranslator","com.google.ar.lens","at.nk.tools.iTranslate","com.immersivetranslate.browser"]},{"rank":{"index":2,"lang":"zh-hk","country":"hk","chineseCountryName":"香港","pkg":"com.spaceship.screen.textcopy"},"orders":["com.recognize_text.translate.screen","com.spaceship.screen.textcopy","com.microsoft.translator","com.newmg.yurao.pro","com.google.android.apps.translate","com.gaminik.i18n","com.niven.translator","com.tap_to_translate.snap_translate","com.deepl.mobiletranslator","com.zaz.translate","com.niven.game","com.google.ar.lens","com.immersivetranslate.browser","com.naver.labs.translator"]},{"rank":{"index":2,"lang":"zh-tw","country":"tw","chineseCountryName":"台湾","pkg":"com.spaceship.screen.textcopy"},"orders":["com.recognize_text.translate.screen","com.spaceship.screen.textcopy","com.newmg.yurao.pro","com.gaminik.i18n","com.microsoft.translator","com.niven.translator","com.google.android.apps.translate","com.tap_to_translate.snap_translate","com.deepl.mobiletranslator","com.immersivetranslate.browser","com.niven.game","com.zaz.translate","com.eecorp.linguago","com.screen.translate.google","com.youdao.hindict","com.naver.labs.translator","com.niven.apptranslate","com.eecorp.taptranslator","at.nk.tools.iTranslate","com.translate.talkingtranslator"]},{"rank":{"index":3,"lang":"en","country":"in","chineseCountryName":"印度","pkg":"com.spaceship.screen.textcopy"},"orders":["com.recognize_text.translate.screen","com.google.android.apps.translate","com.spaceship.screen.textcopy","com.newmg.yurao.pro","com.zaz.translate"]},{"rank":{"index":1,"lang":"id","country":"id","chineseCountryName":"印尼","pkg":"com.spaceship.screen.textcopy"},"orders":["com.spaceship.screen.textcopy","com.tap_to_translate.snap_translate","com.recognize_text.translate.screen","com.gaminik.i18n","com.niven.translator","com.newmg.yurao.pro","com.google.android.apps.translate","com.youdao.hindict","com.microsoft.translator","com.deepl.mobiletranslator","com.niven.game","com.eecorp.linguago","com.screen.translate.google","com.eecorp.taptranslator"]},{"rank":{"index":2,"lang":"es-mx","country":"mx","chineseCountryName":"墨西哥","pkg":"com.spaceship.screen.textcopy"},"orders":["com.recognize_text.translate.screen","com.spaceship.screen.textcopy","com.newmg.yurao.pro","com.gaminik.i18n","com.niven.translator","com.tap_to_translate.snap_translate","com.microsoft.translator","com.google.android.apps.translate","com.eecorp.linguago","com.niven.game","com.niven.apptranslate","com.screen.translate.google","com.eecorp.taptranslator","com.deepl.mobiletranslator","com.zaz.translate","at.nk.tools.iTranslate","com.google.ar.lens","com.youdao.hindict","ru.yandex.translate","com.android.chrome"]}]