[{"rank":{"index":2,"lang":"en-us","country":"us","chineseCountryName":"美国","pkg":"com.spaceship.screen.textcopy"},"orders":["com.recognize_text.translate.screen","com.spaceship.screen.textcopy","com.niven.translator","com.tap_to_translate.snap_translate","com.microsoft.translator","com.gaminik.i18n","com.google.android.apps.translate","com.niven.game","com.newmg.yurao.pro","com.zaz.translate","com.niven.comic","com.language.translate.free.translator.voice.translation","com.naver.labs.translator","com.screen.translate.google","com.mobisystems.msdict.embedded.wireless.collins.ee","com.sayhi.android.sayhitranslate","com.translate.talkingtranslator","com.tangdi.baiguotong","com.niven.apptranslate","com.translate.language.translator.voice.translation"]},{"rank":{"index":2,"lang":"ru","country":"ru","chineseCountryName":"俄罗斯","pkg":"com.spaceship.screen.textcopy"},"orders":["com.recognize_text.translate.screen","com.spaceship.screen.textcopy","com.niven.translator","com.tap_to_translate.snap_translate","com.microsoft.translator","com.newmg.yurao.pro","com.niven.game","com.gaminik.i18n","ru.yandex.translate","com.google.android.apps.translate","com.deepl.mobiletranslator","com.niven.comic","com.language.translate.free.translator.voice.translation","com.kursx.smartbook","com.screen.translate.google","com.tangdi.baiguotong","com.erudite.translator","com.naver.labs.translator","com.zaz.translate","com.promt.pmtappfree"]},{"rank":{"index":2,"lang":"pt-br","country":"br","chineseCountryName":"巴西","pkg":"com.spaceship.screen.textcopy"},"orders":["com.recognize_text.translate.screen","com.spaceship.screen.textcopy","com.tap_to_translate.snap_translate","com.niven.game","com.gaminik.i18n","com.niven.translator","com.niven.comic","com.microsoft.translator","com.newmg.yurao.pro","com.screen.translate.google","com.language.translate.free.translator.voice.translation","com.niven.apptranslate","com.google.android.apps.translate","com.zaz.translate","com.tangdi.baiguotong","com.languagetranslator.translatorapp.smartscanner.dictionary.translation.voicetranslator","com.deepl.mobiletranslator","com.audacityittranslator.translatetexttranslator","com.aldoo.pdftranslatorpro","com.softissimo.reverso.context"]},{"rank":{"index":2,"lang":"fr","country":"fr","chineseCountryName":"法国","pkg":"com.spaceship.screen.textcopy"},"orders":["com.recognize_text.translate.screen","com.spaceship.screen.textcopy","com.tap_to_translate.snap_translate","com.niven.translator","com.microsoft.translator","com.gaminik.i18n","com.niven.game","com.newmg.yurao.pro","com.tangdi.baiguotong","com.niven.comic","com.language.translate.free.translator.voice.translation","com.deepl.mobiletranslator","com.google.android.apps.translate","com.zaz.translate","com.screen.translate.google","com.niven.apptranslate","com.naver.labs.translator","com.softissimo.reverso.context","com.languagetranslator.translatorapp.smartscanner.dictionary.translation.voicetranslator","co.timekettle.livetranslator"]},{"rank":{"index":2,"lang":"en-gb","country":"gb","chineseCountryName":"英国","pkg":"com.spaceship.screen.textcopy"},"orders":["com.recognize_text.translate.screen","com.spaceship.screen.textcopy","com.tap_to_translate.snap_translate","com.microsoft.translator","com.niven.translator","com.google.android.apps.translate","com.gaminik.i18n","com.niven.game","com.zaz.translate","com.newmg.yurao.pro","com.niven.comic","com.language.translate.free.translator.voice.translation","com.naver.labs.translator","com.deepl.mobiletranslator","com.screen.translate.google","com.tangdi.baiguotong","com.sayhi.android.sayhitranslate","com.languagetranslator.translatorapp.smartscanner.dictionary.translation.voicetranslator","com.mobisystems.msdict.embedded.wireless.collins.ee","com.niven.apptranslate"]},{"rank":{"index":2,"lang":"de","country":"de","chineseCountryName":"德国","pkg":"com.spaceship.screen.textcopy"},"orders":["com.recognize_text.translate.screen","com.spaceship.screen.textcopy","com.tap_to_translate.snap_translate","com.microsoft.translator","com.gaminik.i18n","com.niven.translator","com.niven.game","com.deepl.mobiletranslator","com.newmg.yurao.pro","com.google.android.apps.translate","com.niven.comic","com.language.translate.free.translator.voice.translation","com.tangdi.baiguotong","com.screen.translate.google","com.translate.talkingtranslator","com.zaz.translate","com.translate.language.translator.voice.translation","com.niven.apptranslate","co.timekettle.livetranslator","com.sayhi.android.sayhitranslate"]},{"rank":{"index":2,"lang":"it","country":"it","chineseCountryName":"意大利","pkg":"com.spaceship.screen.textcopy"},"orders":["com.recognize_text.translate.screen","com.spaceship.screen.textcopy","com.tap_to_translate.snap_translate","com.gaminik.i18n","com.niven.translator","com.niven.game","com.microsoft.translator","com.tangdi.baiguotong","com.niven.comic","com.newmg.yurao.pro","com.language.translate.free.translator.voice.translation","com.google.android.apps.translate","com.deepl.mobiletranslator"]},{"rank":{"index":2,"lang":"ja","country":"jp","chineseCountryName":"日本","pkg":"com.spaceship.screen.textcopy"},"orders":["com.recognize_text.translate.screen","com.spaceship.screen.textcopy","com.tap_to_translate.snap_translate","com.gaminik.i18n","com.niven.game","com.microsoft.translator","com.deepl.mobiletranslator","com.niven.translator","com.naver.labs.translator","com.newmg.yurao.pro","com.niven.comic","com.screen.translate.google","com.google.android.apps.translate"]},{"rank":{"index":2,"lang":"ko","country":"kr","chineseCountryName":"韩国","pkg":"com.spaceship.screen.textcopy"},"orders":["com.recognize_text.translate.screen","com.spaceship.screen.textcopy","com.tap_to_translate.snap_translate","com.microsoft.translator","com.naver.labs.translator","com.gaminik.i18n","com.niven.translator","com.google.android.apps.translate","com.niven.game","com.zaz.translate","com.niven.comic","com.newmg.yurao.pro","com.deepl.mobiletranslator","com.language.translate.free.translator.voice.translation","com.screen.translate.google","com.niven.apptranslate","com.flitto.app","co.timekettle.livetranslator","com.translate.language.translator.voice.translation","jp.go.nict.voicetra"]},{"rank":{"index":2,"lang":"zh-hk","country":"hk","chineseCountryName":"香港","pkg":"com.spaceship.screen.textcopy"},"orders":["com.recognize_text.translate.screen","com.spaceship.screen.textcopy","com.tap_to_translate.snap_translate","com.microsoft.translator","com.gaminik.i18n","com.google.android.apps.translate","com.niven.translator","com.niven.game","com.naver.labs.translator","com.tangdi.baiguotong","com.niven.comic","com.newmg.yurao.pro","com.language.translate.free.translator.voice.translation","jp.go.nict.voicetra","com.zaz.translate","com.screen.translate.google","com.deepl.mobiletranslator","co.timekettle.livetranslator","com.translate.language.translator.voice.translation","com.niven.apptranslate"]},{"rank":{"index":2,"lang":"zh-tw","country":"tw","chineseCountryName":"台湾","pkg":"com.spaceship.screen.textcopy"},"orders":["com.recognize_text.translate.screen","com.spaceship.screen.textcopy","com.tap_to_translate.snap_translate","com.gaminik.i18n","com.microsoft.translator","com.niven.translator","com.google.android.apps.translate","com.niven.game","com.naver.labs.translator","com.language.translate.free.translator.voice.translation","com.tangdi.baiguotong","com.niven.comic","com.newmg.yurao.pro","com.zaz.translate","jp.go.nict.voicetra","com.deepl.mobiletranslator","com.screen.translate.google","com.translate.language.translator.voice.translation","com.translate.talkingtranslator","com.niven.apptranslate"]},{"rank":{"index":2,"lang":"en","country":"in","chineseCountryName":"印度","pkg":"com.spaceship.screen.textcopy"},"orders":["com.recognize_text.translate.screen","com.spaceship.screen.textcopy","com.tap_to_translate.snap_translate"]},{"rank":{"index":2,"lang":"id","country":"id","chineseCountryName":"印尼","pkg":"com.spaceship.screen.textcopy"},"orders":["com.recognize_text.translate.screen","com.spaceship.screen.textcopy","com.tap_to_translate.snap_translate","com.niven.translator","com.niven.game","com.gaminik.i18n","com.microsoft.translator","com.niven.comic","com.newmg.yurao.pro","com.youdao.hindict","com.google.android.apps.translate"]},{"rank":{"index":2,"lang":"es-mx","country":"mx","chineseCountryName":"墨西哥","pkg":"com.spaceship.screen.textcopy"},"orders":["com.recognize_text.translate.screen","com.spaceship.screen.textcopy","com.tap_to_translate.snap_translate","com.niven.game","com.gaminik.i18n","com.microsoft.translator","com.niven.translator","com.niven.comic","com.newmg.yurao.pro","com.language.translate.free.translator.voice.translation","com.tangdi.baiguotong","com.google.android.apps.translate","com.screen.translate.google","com.niven.apptranslate","com.aldoo.pdftranslatorpro","com.deepl.mobiletranslator","com.zaz.translate","translate.all.language.translator.cameratranslator","com.audacityittranslator.translatetexttranslator","com.youdao.hindict"]}]