[{"rank":{"index":2,"lang":"en-us","country":"us","chineseCountryName":"美国","pkg":"com.spaceship.screen.textcopy"},"orders":["com.recognize_text.translate.screen","com.spaceship.screen.textcopy","com.tap_to_translate.snap_translate","com.google.android.apps.translate","com.niven.translator","com.microsoft.translator","com.deepl.mobiletranslator","com.newmg.yurao.pro","com.gaminik.i18n","com.youdao.hindict","com.zaz.translate","com.niven.game","com.immersivetranslate.browser","com.naver.labs.translator","com.screen.textspeech.translator","at.nk.tools.iTranslate","com.screen.translate.google","ru.yandex.translate","com.siv","com.mg.chat"]},{"rank":{"index":0,"lang":"ru","country":"ru","chineseCountryName":"俄罗斯","pkg":"com.spaceship.screen.textcopy"},"orders":["com.recognize_text.translate.screen","com.niven.translator","com.tap_to_translate.snap_translate","com.newmg.yurao.pro","com.google.android.apps.translate","com.microsoft.translator","com.gaminik.i18n","com.niven.game","com.deepl.mobiletranslator","ru.yandex.translate","com.zaz.translate","at.nk.tools.iTranslate","com.translate.talkingtranslator","com.immersivetranslate.browser","com.screen.textspeech.translator"]},{"rank":{"index":2,"lang":"pt-br","country":"br","chineseCountryName":"巴西","pkg":"com.spaceship.screen.textcopy"},"orders":["com.recognize_text.translate.screen","com.spaceship.screen.textcopy","com.tap_to_translate.snap_translate","com.newmg.yurao.pro","com.gaminik.i18n","com.deepl.mobiletranslator","com.microsoft.translator","com.niven.translator","com.niven.game","com.google.android.apps.translate","com.zaz.translate","com.immersivetranslate.browser","com.screen.translate.google","com.mg.chat","com.eecorp.taptranslator","com.niven.apptranslate","com.screen.textspeech.translator","at.nk.tools.iTranslate","com.youdao.hindict","com.voice_camera_free_translate"]},{"rank":{"index":2,"lang":"fr","country":"fr","chineseCountryName":"法国","pkg":"com.spaceship.screen.textcopy"},"orders":["com.recognize_text.translate.screen","com.spaceship.screen.textcopy","com.tap_to_translate.snap_translate","com.newmg.yurao.pro","com.niven.translator","com.gaminik.i18n","com.deepl.mobiletranslator","com.microsoft.translator","com.niven.game","com.google.android.apps.translate","com.zaz.translate","com.immersivetranslate.browser","com.screen.translate.google","com.eecorp.taptranslator","com.mg.chat","com.niven.apptranslate","com.screen.textspeech.translator","com.audacityittranslator.translatetexttranslator","ru.yandex.translate","com.google.ar.lens"]},{"rank":{"index":2,"lang":"en-gb","country":"gb","chineseCountryName":"英国","pkg":"com.spaceship.screen.textcopy"},"orders":["com.recognize_text.translate.screen","com.spaceship.screen.textcopy","com.tap_to_translate.snap_translate","com.newmg.yurao.pro","com.google.android.apps.translate","com.microsoft.translator","com.deepl.mobiletranslator","com.gaminik.i18n","com.niven.translator","com.youdao.hindict","com.zaz.translate","com.niven.game","at.nk.tools.iTranslate","com.immersivetranslate.browser","com.screen.textspeech.translator","com.siv","ru.yandex.translate","com.naver.labs.translator","com.eecorp.taptranslator","com.screen.translate.google"]},{"rank":{"index":2,"lang":"de","country":"de","chineseCountryName":"德国","pkg":"com.spaceship.screen.textcopy"},"orders":["com.recognize_text.translate.screen","com.spaceship.screen.textcopy","com.tap_to_translate.snap_translate","com.newmg.yurao.pro","com.gaminik.i18n","com.microsoft.translator","com.deepl.mobiletranslator","com.niven.translator","com.google.android.apps.translate","com.immersivetranslate.browser","com.niven.game","com.zaz.translate","com.screen.translate.google","com.eecorp.taptranslator"]},{"rank":{"index":2,"lang":"it","country":"it","chineseCountryName":"意大利","pkg":"com.spaceship.screen.textcopy"},"orders":["com.recognize_text.translate.screen","com.spaceship.screen.textcopy","com.tap_to_translate.snap_translate","com.newmg.yurao.pro","com.niven.translator","com.deepl.mobiletranslator","com.gaminik.i18n","com.microsoft.translator","com.niven.game","com.google.android.apps.translate","com.immersivetranslate.browser","com.zaz.translate","com.eecorp.taptranslator","com.screen.translate.google","com.mg.chat","com.niven.apptranslate","at.nk.tools.iTranslate","com.google.ar.lens","com.softissimo.reverso.context","com.siv"]},{"rank":{"index":3,"lang":"ja","country":"jp","chineseCountryName":"日本","pkg":"com.spaceship.screen.textcopy"},"orders":["com.recognize_text.translate.screen","com.tap_to_translate.snap_translate","com.spaceship.screen.textcopy","com.newmg.yurao.pro","com.niven.translator","com.deepl.mobiletranslator","com.gaminik.i18n","com.niven.game","com.microsoft.translator","com.immersivetranslate.browser","com.google.android.apps.translate","com.screen.translate.google","com.screen.textspeech.translator","com.eecorp.taptranslator","com.naver.labs.translator","com.niven.apptranslate","com.ozzmo.aitranslate","com.google.ar.lens","com.mg.chat","com.openai.chatgpt"]},{"rank":{"index":2,"lang":"ko","country":"kr","chineseCountryName":"韩国","pkg":"com.spaceship.screen.textcopy"},"orders":["com.recognize_text.translate.screen","com.spaceship.screen.textcopy","com.tap_to_translate.snap_translate","com.newmg.yurao.pro","com.microsoft.translator","com.niven.translator","com.deepl.mobiletranslator","com.gaminik.i18n","com.google.android.apps.translate","com.niven.game","com.naver.labs.translator","com.screen.textspeech.translator","com.zaz.translate","com.immersivetranslate.browser","com.screen.translate.google","at.nk.tools.iTranslate","com.niven.apptranslate","com.eecorp.taptranslator","com.google.ar.lens","ru.yandex.translate"]},{"rank":{"index":2,"lang":"zh-hk","country":"hk","chineseCountryName":"香港","pkg":"com.spaceship.screen.textcopy"},"orders":["com.recognize_text.translate.screen","com.spaceship.screen.textcopy","com.tap_to_translate.snap_translate","com.newmg.yurao.pro","com.google.android.apps.translate","com.microsoft.translator","com.deepl.mobiletranslator","com.gaminik.i18n","com.niven.translator","com.niven.game","com.immersivetranslate.browser","com.zaz.translate","com.screen.textspeech.translator","at.nk.tools.iTranslate","com.screen.translate.google","com.youdao.hindict","com.google.ar.lens","com.naver.labs.translator","com.mg.chat","ru.yandex.translate"]},{"rank":{"index":2,"lang":"zh-tw","country":"tw","chineseCountryName":"台湾","pkg":"com.spaceship.screen.textcopy"},"orders":["com.recognize_text.translate.screen","com.spaceship.screen.textcopy","com.newmg.yurao.pro","com.google.android.apps.translate","com.tap_to_translate.snap_translate","com.microsoft.translator","com.deepl.mobiletranslator","com.gaminik.i18n","com.niven.translator","com.niven.game","com.immersivetranslate.browser","com.zaz.translate","com.screen.textspeech.translator","at.nk.tools.iTranslate","com.naver.labs.translator","com.screen.translate.google","com.siv","ru.yandex.translate","com.mg.chat","com.erudite.translator"]},{"rank":{"index":3,"lang":"en","country":"in","chineseCountryName":"印度","pkg":"com.spaceship.screen.textcopy"},"orders":["com.recognize_text.translate.screen","com.google.android.apps.translate","com.spaceship.screen.textcopy","com.newmg.yurao.pro","com.zaz.translate"]},{"rank":{"index":3,"lang":"id","country":"id","chineseCountryName":"印尼","pkg":"com.spaceship.screen.textcopy"},"orders":["com.recognize_text.translate.screen","com.tap_to_translate.snap_translate","com.spaceship.screen.textcopy","com.newmg.yurao.pro","com.niven.translator","com.gaminik.i18n","com.deepl.mobiletranslator","com.niven.game","com.microsoft.translator","com.google.android.apps.translate","com.youdao.hindict","com.screen.translate.google","com.eecorp.taptranslator"]},{"rank":{"index":2,"lang":"es-mx","country":"mx","chineseCountryName":"墨西哥","pkg":"com.spaceship.screen.textcopy"},"orders":["com.recognize_text.translate.screen","com.spaceship.screen.textcopy","com.deepl.mobiletranslator","com.gaminik.i18n","com.newmg.yurao.pro","com.tap_to_translate.snap_translate","com.microsoft.translator","com.niven.translator","com.google.android.apps.translate","com.niven.game","com.zaz.translate"]}]