[{"rank":{"index":2,"lang":"en-us","country":"us","chineseCountryName":"美国","pkg":"com.spaceship.screen.textcopy"},"orders":["com.recognize_text.translate.screen","com.spaceship.screen.textcopy","com.gaminik.i18n","com.microsoft.translator","com.mg.yurao.google","screen.translator.voice.translate","com.google.android.apps.translate","com.tap_to_translate.snap_translate","com.niven.game","com.niven.translator","at.nk.tools.iTranslate","com.eecorp.linguago","com.translate.talkingtranslator","com.newmg.yurao.pro","com.niven.comic","com.naver.labs.translator","com.niven.apptranslate","com.deepl.mobiletranslator","com.translator.yellow","com.eecorp.taptranslator"]},{"rank":{"index":2,"lang":"ru","country":"ru","chineseCountryName":"俄罗斯","pkg":"com.spaceship.screen.textcopy"},"orders":["com.recognize_text.translate.screen","com.spaceship.screen.textcopy","com.tap_to_translate.snap_translate","com.gaminik.i18n","com.microsoft.translator","com.mg.yurao.google","com.niven.translator","com.niven.game","com.google.android.apps.translate","com.niven.comic","com.eecorp.linguago","screen.translator.voice.translate","com.niven.apptranslate","com.newmg.yurao.pro","ru.yandex.translate","at.nk.tools.iTranslate","com.deepl.mobiletranslator","com.naver.labs.translator","com.pidev.screentranslator","com.chat_translate.screen_translate"]},{"rank":{"index":2,"lang":"pt-br","country":"br","chineseCountryName":"巴西","pkg":"com.spaceship.screen.textcopy"},"orders":["com.recognize_text.translate.screen","com.spaceship.screen.textcopy","com.tap_to_translate.snap_translate","com.gaminik.i18n","com.mg.yurao.google","com.niven.game","com.niven.translator","com.niven.comic","com.eecorp.linguago","com.newmg.yurao.pro","com.microsoft.translator","screen.translator.voice.translate","com.niven.apptranslate","com.google.android.apps.translate","com.android.chrome","com.pidev.screentranslator","com.translate.talkingtranslator","at.nk.tools.iTranslate","com.deepl.mobiletranslator","com.google.android.apps.photos"]},{"rank":{"index":2,"lang":"fr","country":"fr","chineseCountryName":"法国","pkg":"com.spaceship.screen.textcopy"},"orders":["com.recognize_text.translate.screen","com.spaceship.screen.textcopy","com.tap_to_translate.snap_translate","com.mg.yurao.google","com.gaminik.i18n","com.niven.game","com.niven.translator","com.niven.comic","com.eecorp.linguago","com.microsoft.translator","screen.translator.voice.translate","com.newmg.yurao.pro","com.niven.apptranslate","com.eecorp.taptranslator","com.google.android.apps.translate","com.translate.talkingtranslator","com.chat_translate.screen_translate","com.deepl.mobiletranslator","at.nk.tools.iTranslate","com.pidev.screentranslator"]},{"rank":{"index":2,"lang":"en-gb","country":"gb","chineseCountryName":"英国","pkg":"com.spaceship.screen.textcopy"},"orders":["com.recognize_text.translate.screen","com.spaceship.screen.textcopy","com.microsoft.translator","com.mg.yurao.google","com.gaminik.i18n","com.google.android.apps.translate","screen.translator.voice.translate","com.niven.game","com.tap_to_translate.snap_translate","com.niven.translator","at.nk.tools.iTranslate","com.niven.comic","com.eecorp.linguago","com.newmg.yurao.pro","com.niven.apptranslate","com.translate.talkingtranslator","com.deepl.mobiletranslator","com.translator.yellow","com.mobisystems.msdict.embedded.wireless.collins.ee","all.language.translate.translator"]},{"rank":{"index":2,"lang":"de","country":"de","chineseCountryName":"德国","pkg":"com.spaceship.screen.textcopy"},"orders":["com.recognize_text.translate.screen","com.spaceship.screen.textcopy","com.mg.yurao.google","com.gaminik.i18n","com.niven.game","com.niven.translator","com.microsoft.translator","com.niven.comic","com.eecorp.linguago","com.tap_to_translate.snap_translate","com.newmg.yurao.pro","com.translate.talkingtranslator","screen.translator.voice.translate","com.deepl.mobiletranslator","com.google.android.apps.translate","com.niven.apptranslate","at.nk.tools.iTranslate","com.chat_translate.screen_translate","com.translator.yellow","com.android.chrome"]},{"rank":{"index":2,"lang":"it","country":"it","chineseCountryName":"意大利","pkg":"com.spaceship.screen.textcopy"},"orders":["com.recognize_text.translate.screen","com.spaceship.screen.textcopy","com.gaminik.i18n","screen.translator.voice.translate","com.niven.game","com.mg.yurao.google","com.tap_to_translate.snap_translate","com.niven.translator","com.niven.comic","com.eecorp.linguago","com.microsoft.translator","com.newmg.yurao.pro","com.niven.apptranslate","com.google.android.apps.translate","com.eecorp.taptranslator","com.chat_translate.screen_translate","com.translate.talkingtranslator","at.nk.tools.iTranslate","com.pidev.screentranslator","com.copy.paste.ocr.screen.text.copypastetrial"]},{"rank":{"index":2,"lang":"ja","country":"jp","chineseCountryName":"日本","pkg":"com.spaceship.screen.textcopy"},"orders":["com.recognize_text.translate.screen","com.spaceship.screen.textcopy","com.gaminik.i18n","com.mg.yurao.google","com.niven.game","com.eecorp.taptranslator","com.tap_to_translate.snap_translate","com.niven.translator","com.eecorp.linguago","com.newmg.yurao.pro","com.niven.comic"]},{"rank":{"index":3,"lang":"ko","country":"kr","chineseCountryName":"韩国","pkg":"com.spaceship.screen.textcopy"},"orders":["com.recognize_text.translate.screen","com.mg.yurao.google","com.spaceship.screen.textcopy","com.tap_to_translate.snap_translate","com.microsoft.translator","com.gaminik.i18n","com.google.android.apps.translate","com.niven.game","com.naver.labs.translator","com.niven.translator","com.niven.comic","at.nk.tools.iTranslate","com.newmg.yurao.pro","com.eecorp.linguago","com.niven.apptranslate","com.deepl.mobiletranslator","com.translate.talkingtranslator","screen.translator.voice.translate","com.youdao.hindict","camera.translator.realtime"]},{"rank":{"index":2,"lang":"zh-hk","country":"hk","chineseCountryName":"香港","pkg":"com.spaceship.screen.textcopy"},"orders":["com.recognize_text.translate.screen","com.spaceship.screen.textcopy","com.mg.yurao.google","com.microsoft.translator","com.gaminik.i18n","com.google.android.apps.translate","com.niven.game","com.tap_to_translate.snap_translate","com.niven.translator","com.niven.comic","com.newmg.yurao.pro","com.eecorp.linguago","at.nk.tools.iTranslate","com.naver.labs.translator","screen.translator.voice.translate","com.niven.apptranslate","xbean.image.picture.translate.ocr","camera.translator.realtime","com.translate.talkingtranslator","com.eecorp.taptranslator"]},{"rank":{"index":3,"lang":"zh-tw","country":"tw","chineseCountryName":"台湾","pkg":"com.spaceship.screen.textcopy"},"orders":["com.recognize_text.translate.screen","com.mg.yurao.google","com.spaceship.screen.textcopy","com.gaminik.i18n","com.microsoft.translator","com.niven.game","com.tap_to_translate.snap_translate","com.google.android.apps.translate","com.niven.translator","com.niven.comic","com.eecorp.linguago","com.newmg.yurao.pro","at.nk.tools.iTranslate","com.niven.apptranslate","screen.translator.voice.translate","com.naver.labs.translator","com.translate.talkingtranslator","xbean.image.picture.translate.ocr","com.eecorp.taptranslator","camera.translator.realtime"]},{"rank":{"index":2,"lang":"en","country":"in","chineseCountryName":"印度","pkg":"com.spaceship.screen.textcopy"},"orders":["com.recognize_text.translate.screen","com.spaceship.screen.textcopy","com.google.android.apps.translate","screen.translator.voice.translate","com.microsoft.translator","com.mg.yurao.google","com.gaminik.i18n","com.newmg.yurao.pro","com.tap_to_translate.snap_translate","com.niven.game","com.zaz.translate","com.eecorp.linguago","at.nk.tools.iTranslate","com.niven.translator","com.softissimo.reverso.context","com.niven.comic","com.translate.talkingtranslator","com.naver.labs.translator","translate.smartranit.language.text","com.niven.apptranslate"]},{"rank":{"index":1,"lang":"id","country":"id","chineseCountryName":"印尼","pkg":"com.spaceship.screen.textcopy"},"orders":["com.spaceship.screen.textcopy","com.recognize_text.translate.screen","com.gaminik.i18n","com.mg.yurao.google","com.eecorp.linguago","com.tap_to_translate.snap_translate","com.niven.game","com.newmg.yurao.pro","com.niven.translator","com.google.android.apps.translate","com.niven.comic","com.android.chrome","com.translate.talkingtranslator","com.deepl.mobiletranslator"]},{"rank":{"index":2,"lang":"es-mx","country":"mx","chineseCountryName":"墨西哥","pkg":"com.spaceship.screen.textcopy"},"orders":["com.recognize_text.translate.screen","com.spaceship.screen.textcopy","com.gaminik.i18n","com.tap_to_translate.snap_translate","com.mg.yurao.google","com.niven.game","com.niven.translator","com.niven.comic","com.microsoft.translator","com.eecorp.linguago","com.newmg.yurao.pro","com.google.android.apps.translate","screen.translator.voice.translate","com.youdao.hindict","com.intsig.camscanner","com.niven.apptranslate","com.android.chrome","at.nk.tools.iTranslate","com.google.android.apps.photos","com.deepl.mobiletranslator"]}]