[{"rank":{"index":2,"lang":"en-us","country":"us","chineseCountryName":"美国","pkg":"com.spaceship.screen.textcopy"},"orders":["com.recognize_text.translate.screen","com.spaceship.screen.textcopy","com.gaminik.i18n","com.google.android.apps.translate","com.niven.game","com.screen.translate.google","com.niven.translator","com.newmg.yurao.pro","com.tangdi.baiguotong","com.paninitranslate","at.nk.tools.iTranslate","com.microsoft.translator","com.deepl.mobiletranslator","com.sayhi.android.sayhitranslate","com.android.chrome","com.google.android.dialer","com.facebook.orca","com.google.android.apps.photos","com.google.android.apps.maps","com.google.android.deskclock"]},{"rank":{"index":1,"lang":"ru","country":"ru","chineseCountryName":"俄罗斯","pkg":"com.spaceship.screen.textcopy"},"orders":["com.spaceship.screen.textcopy","com.niven.game","com.niven.translator","com.gaminik.i18n","com.recognize_text.translate.screen","com.newmg.yurao.pro","com.screen.translate.google","ru.yandex.translate","com.google.android.apps.translate","com.tangdi.baiguotong","com.simplemobiletools.draw.pro","com.facebook.orca","com.android.chrome","com.deepl.mobiletranslator","com.discord","com.niven.apptranslate","com.google.android.dialer","com.google.android.apps.photos","com.skype.raider","com.truecaller"]},{"rank":{"index":2,"lang":"fr","country":"fr","chineseCountryName":"法国","pkg":"com.spaceship.screen.textcopy"},"orders":["com.recognize_text.translate.screen","com.spaceship.screen.textcopy","com.niven.game","com.gaminik.i18n","com.niven.translator","com.screen.translate.google","com.newmg.yurao.pro","com.google.android.apps.translate","com.tangdi.baiguotong","com.facebook.orca","com.deepl.mobiletranslator","com.discord","com.microsoft.office.outlook","com.google.android.apps.photos","com.google.android.calendar","com.android.chrome","com.amazon.kindle","com.canva.editor","com.microsoft.translator","com.skype.raider"]},{"rank":{"index":2,"lang":"en-gb","country":"gb","chineseCountryName":"英国","pkg":"com.spaceship.screen.textcopy"},"orders":["com.recognize_text.translate.screen","com.spaceship.screen.textcopy","com.gaminik.i18n","com.google.android.apps.translate","com.niven.game","com.screen.translate.google","com.niven.translator","com.newmg.yurao.pro","at.nk.tools.iTranslate","com.deepl.mobiletranslator","com.microsoft.translator","com.tangdi.baiguotong","com.zaz.translate","com.sayhi.android.sayhitranslate","com.niven.apptranslate","com.google.ar.lens","com.facebook.orca","com.niven.comic","com.google.android.apps.maps","com.amazon.kindle"]},{"rank":{"index":2,"lang":"de","country":"de","chineseCountryName":"德国","pkg":"com.spaceship.screen.textcopy"},"orders":["com.recognize_text.translate.screen","com.spaceship.screen.textcopy","com.gaminik.i18n","com.newmg.yurao.pro","com.niven.game","com.screen.translate.google","com.niven.translator","com.google.android.apps.translate","com.deepl.mobiletranslator","com.tangdi.baiguotong","com.microsoft.translator","com.facebook.orca","com.sayhi.android.sayhitranslate","com.discord","com.amazon.kindle","com.android.chrome","com.google.android.apps.photos","com.google.android.apps.maps","com.google.android.calendar","com.microsoft.office.outlook"]},{"rank":{"index":2,"lang":"it","country":"it","chineseCountryName":"意大利","pkg":"com.spaceship.screen.textcopy"},"orders":["com.recognize_text.translate.screen","com.spaceship.screen.textcopy","com.niven.game","com.gaminik.i18n","com.screen.translate.google","com.niven.translator","com.newmg.yurao.pro","com.google.android.apps.translate","com.tangdi.baiguotong","com.deepl.mobiletranslator","at.nk.tools.iTranslate","com.microsoft.translator","com.facebook.orca","com.amazon.kindle","com.niven.apptranslate","com.google.android.apps.photos","com.discord","com.canva.editor","com.google.android.calendar","com.google.android.apps.maps"]},{"rank":{"index":2,"lang":"ja","country":"jp","chineseCountryName":"日本","pkg":"com.spaceship.screen.textcopy"},"orders":["com.recognize_text.translate.screen","com.spaceship.screen.textcopy","com.gaminik.i18n","com.niven.game","com.google.android.apps.translate","com.screen.translate.google","com.niven.translator","com.tangdi.baiguotong","com.newmg.yurao.pro","com.deepl.mobiletranslator","at.nk.tools.iTranslate","com.google.ar.lens","com.microsoft.translator","com.royalappcode.translation.voice.language.chat.interpreter","com.naver.labs.translator","ru.yandex.translate","com.zaz.translate","com.google.android.deskclock","com.ticktalk.translatevoice","com.translate.talkingtranslator"]},{"rank":{"index":1,"lang":"ko","country":"kr","chineseCountryName":"韩国","pkg":"com.spaceship.screen.textcopy"},"orders":["com.spaceship.screen.textcopy","com.recognize_text.translate.screen","com.niven.game","com.gaminik.i18n","com.niven.translator","com.google.android.apps.translate","com.newmg.yurao.pro","com.screen.translate.google","com.facebook.orca","at.nk.tools.iTranslate","com.discord","com.naver.labs.translator","com.android.chrome","com.sec.android.app.sbrowser","us.zoom.videomeetings","com.google.android.apps.photos","com.duolingo","com.deepl.mobiletranslator","com.ubercab","com.canva.editor"]},{"rank":{"index":1,"lang":"zh-hk","country":"hk","chineseCountryName":"香港","pkg":"com.spaceship.screen.textcopy"},"orders":["com.spaceship.screen.textcopy","com.recognize_text.translate.screen","com.niven.game","com.gaminik.i18n","com.screen.translate.google","com.niven.translator","com.google.android.apps.translate","com.newmg.yurao.pro","at.nk.tools.iTranslate","com.tangdi.baiguotong","com.google.android.apps.maps","com.android.chrome","com.facebook.orca","com.microsoft.translator","com.zaz.translate","com.discord","com.deepl.mobiletranslator","com.duolingo","com.skype.raider","com.google.android.apps.photos"]},{"rank":{"index":1,"lang":"zh-tw","country":"tw","chineseCountryName":"台湾","pkg":"com.spaceship.screen.textcopy"},"orders":["com.spaceship.screen.textcopy","com.recognize_text.translate.screen","com.niven.game","com.gaminik.i18n","com.niven.translator","com.google.android.apps.translate","com.newmg.yurao.pro","com.screen.translate.google","com.facebook.orca","com.tangdi.baiguotong","com.discord","com.google.android.apps.maps","com.android.chrome","com.skype.raider","com.duolingo","com.google.android.apps.photos","com.ubercab","com.openai.chatgpt","com.sec.android.app.sbrowser","com.canva.editor"]},{"rank":{"index":2,"lang":"en","country":"in","chineseCountryName":"印度","pkg":"com.spaceship.screen.textcopy"},"orders":["com.recognize_text.translate.screen","com.spaceship.screen.textcopy","com.google.android.apps.translate","com.niven.game","com.newmg.yurao.pro","com.screen.translate.google","com.microblink.photomath","com.niven.translator","com.tap_to_translate.snap_translate","com.microsoft.translator","at.nk.tools.iTranslate","com.google.android.apps.docs","com.deepl.mobiletranslator","com.duckduckgo.mobile.android","com.azure.authenticator","com.google.android.deskclock","com.naver.labs.translator","com.android.chrome","com.microsoft.office.word","com.gaminik.i18n"]},{"rank":{"index":1,"lang":"id","country":"id","chineseCountryName":"印尼","pkg":"com.spaceship.screen.textcopy"},"orders":["com.spaceship.screen.textcopy","com.recognize_text.translate.screen","com.gaminik.i18n","com.niven.translator","com.niven.game","com.screen.translate.google","com.newmg.yurao.pro","com.google.android.apps.translate"]},{"rank":{"index":2,"lang":"es-mx","country":"mx","chineseCountryName":"墨西哥","pkg":"com.spaceship.screen.textcopy"},"orders":["com.recognize_text.translate.screen","com.spaceship.screen.textcopy","com.niven.game","com.google.android.apps.translate","com.microblink.photomath","com.niven.translator","com.tap_to_translate.snap_translate","com.tangdi.baiguotong","com.youdao.hindict","com.deepl.mobiletranslator","com.screen.translate.google","at.nk.tools.iTranslate","com.microsoft.translator","com.duckduckgo.mobile.android","com.google.android.apps.docs","com.microsoft.office.word","com.newmg.yurao.pro","com.naver.labs.translator","com.google.android.deskclock","com.gaminik.i18n"]}]