[{"rank":{"index":2,"lang":"en-us","country":"us","chineseCountryName":"美国","pkg":"com.spaceship.screen.textcopy"},"orders":["com.recognize_text.translate.screen","com.spaceship.screen.textcopy","com.tap_to_translate.snap_translate","com.google.android.apps.translate","com.screen.translate.google","com.deepl.mobiletranslator","com.microsoft.translator","com.newmg.yurao.pro","com.niven.translator","com.gaminik.i18n","com.zaz.translate","ru.yandex.translate","com.naver.labs.translator","com.immersivetranslate.browser","at.nk.tools.iTranslate","com.translate.talkingtranslator","com.google.ar.lens","com.niven.game","photo.translate.camera.translator","com.voice_camera_free_translate"]},{"rank":{"index":0,"lang":"ru","country":"ru","chineseCountryName":"俄罗斯","pkg":"com.spaceship.screen.textcopy"},"orders":["com.recognize_text.translate.screen","com.newmg.yurao.pro","com.niven.translator","com.tap_to_translate.snap_translate","com.gaminik.i18n","com.deepl.mobiletranslator","ru.yandex.translate","com.google.android.apps.translate","com.microsoft.translator"]},{"rank":{"index":2,"lang":"pt-br","country":"br","chineseCountryName":"巴西","pkg":"com.spaceship.screen.textcopy"},"orders":["com.recognize_text.translate.screen","com.spaceship.screen.textcopy","com.tap_to_translate.snap_translate","com.newmg.yurao.pro","com.gaminik.i18n","com.microsoft.translator","com.google.android.apps.translate","com.zaz.translate","com.deepl.mobiletranslator","ru.yandex.translate","at.nk.tools.iTranslate","com.immersivetranslate.browser","com.google.ar.lens","com.naver.labs.translator","com.translate.talkingtranslator","com.kursx.smartbook","com.softissimo.reverso.context","com.niven.translator","com.screen.translate.google","com.niven.game"]},{"rank":{"index":2,"lang":"fr","country":"fr","chineseCountryName":"法国","pkg":"com.spaceship.screen.textcopy"},"orders":["com.recognize_text.translate.screen","com.spaceship.screen.textcopy","com.tap_to_translate.snap_translate","com.google.android.apps.translate","com.gaminik.i18n","com.deepl.mobiletranslator","com.newmg.yurao.pro","com.microsoft.translator","com.niven.translator","com.screen.translate.google","ru.yandex.translate","com.zaz.translate","com.immersivetranslate.browser","at.nk.tools.iTranslate","com.niven.apptranslate","com.google.ar.lens","com.translate.talkingtranslator","com.mg.chat","com.niven.game"]},{"rank":{"index":2,"lang":"en-gb","country":"gb","chineseCountryName":"英国","pkg":"com.spaceship.screen.textcopy"},"orders":["com.recognize_text.translate.screen","com.spaceship.screen.textcopy","com.newmg.yurao.pro","com.google.android.apps.translate","com.screen.translate.google","com.deepl.mobiletranslator","com.microsoft.translator","com.gaminik.i18n","com.zaz.translate","com.niven.translator","ru.yandex.translate","com.tap_to_translate.snap_translate","com.immersivetranslate.browser","at.nk.tools.iTranslate","com.google.ar.lens","com.naver.labs.translator","com.niven.game","com.translate.talkingtranslator","photo.translate.camera.translator","com.eecorp.linguago"]},{"rank":{"index":2,"lang":"de","country":"de","chineseCountryName":"德国","pkg":"com.spaceship.screen.textcopy"},"orders":["com.recognize_text.translate.screen","com.spaceship.screen.textcopy","com.deepl.mobiletranslator","com.google.android.apps.translate","com.newmg.yurao.pro","com.gaminik.i18n","com.microsoft.translator","com.tap_to_translate.snap_translate","com.screen.translate.google","com.niven.translator","ru.yandex.translate","com.immersivetranslate.browser","com.niven.game","com.zaz.translate","at.nk.tools.iTranslate","com.niven.apptranslate","com.translate.talkingtranslator","com.google.ar.lens","com.eecorp.linguago","com.mg.chat"]},{"rank":{"index":2,"lang":"it","country":"it","chineseCountryName":"意大利","pkg":"com.spaceship.screen.textcopy"},"orders":["com.recognize_text.translate.screen","com.spaceship.screen.textcopy","com.tap_to_translate.snap_translate","com.deepl.mobiletranslator","com.google.android.apps.translate","com.newmg.yurao.pro","com.gaminik.i18n","com.niven.translator","com.microsoft.translator"]},{"rank":{"index":2,"lang":"ja","country":"jp","chineseCountryName":"日本","pkg":"com.spaceship.screen.textcopy"},"orders":["com.recognize_text.translate.screen","com.spaceship.screen.textcopy","com.tap_to_translate.snap_translate","com.newmg.yurao.pro","com.gaminik.i18n","com.niven.translator","com.google.android.apps.translate","com.deepl.mobiletranslator","com.screen.translate.google","com.microsoft.translator","com.immersivetranslate.browser","com.niven.game","com.zaz.translate","ru.yandex.translate","com.google.ar.lens","com.naver.labs.translator","com.niven.apptranslate","at.nk.tools.iTranslate","com.eecorp.linguago","com.voice_camera_free_translate"]},{"rank":{"index":3,"lang":"ko","country":"kr","chineseCountryName":"韩国","pkg":"com.spaceship.screen.textcopy"},"orders":["com.recognize_text.translate.screen","com.tap_to_translate.snap_translate","com.spaceship.screen.textcopy","com.newmg.yurao.pro","com.niven.translator","com.gaminik.i18n","com.screen.translate.google","com.deepl.mobiletranslator","com.microsoft.translator","com.google.android.apps.translate","com.immersivetranslate.browser","com.naver.labs.translator","com.niven.game","com.zaz.translate","com.niven.apptranslate","ru.yandex.translate","com.translate.talkingtranslator","at.nk.tools.iTranslate","com.voice_camera_free_translate","com.eecorp.linguago"]},{"rank":{"index":2,"lang":"zh-hk","country":"hk","chineseCountryName":"香港","pkg":"com.spaceship.screen.textcopy"},"orders":["com.recognize_text.translate.screen","com.spaceship.screen.textcopy","com.tap_to_translate.snap_translate","com.newmg.yurao.pro","com.screen.translate.google","com.google.android.apps.translate","com.gaminik.i18n","com.microsoft.translator","com.niven.translator","com.deepl.mobiletranslator","com.immersivetranslate.browser","ru.yandex.translate","com.niven.game","at.nk.tools.iTranslate","com.naver.labs.translator","com.zaz.translate","com.niven.apptranslate","photo.translate.camera.translator","com.google.ar.lens","com.mg.chat"]},{"rank":{"index":2,"lang":"zh-tw","country":"tw","chineseCountryName":"台湾","pkg":"com.spaceship.screen.textcopy"},"orders":["com.recognize_text.translate.screen","com.spaceship.screen.textcopy","com.newmg.yurao.pro","com.google.android.apps.translate","com.screen.translate.google","com.gaminik.i18n","com.microsoft.translator","com.niven.translator","com.deepl.mobiletranslator"]},{"rank":{"index":3,"lang":"en","country":"in","chineseCountryName":"印度","pkg":"com.spaceship.screen.textcopy"},"orders":["com.recognize_text.translate.screen","com.google.android.apps.translate","com.spaceship.screen.textcopy","com.newmg.yurao.pro","com.zaz.translate","com.gaminik.i18n","com.deepl.mobiletranslator","com.microsoft.translator"]},{"rank":{"index":3,"lang":"id","country":"id","chineseCountryName":"印尼","pkg":"com.spaceship.screen.textcopy"},"orders":["com.recognize_text.translate.screen","com.tap_to_translate.snap_translate","com.spaceship.screen.textcopy","com.gaminik.i18n","com.newmg.yurao.pro","com.niven.translator","com.google.android.apps.translate","com.niven.game","com.screen.translate.google","com.deepl.mobiletranslator","com.microsoft.translator","com.immersivetranslate.browser"]},{"rank":{"index":2,"lang":"es-mx","country":"mx","chineseCountryName":"墨西哥","pkg":"com.spaceship.screen.textcopy"},"orders":["com.recognize_text.translate.screen","com.spaceship.screen.textcopy","com.newmg.yurao.pro","com.google.android.apps.translate"]}]