[{"rank":{"index":2,"lang":"en-us","country":"us","chineseCountryName":"美国","pkg":"com.spaceship.screen.textcopy"},"orders":["com.recognize_text.translate.screen","com.spaceship.screen.textcopy","com.niven.translator","com.newmg.yurao.pro","com.screen.translate.google","com.galaxy.airviewdictionary","com.eecorp.linguago","com.tap_to_translate.snap_translate","com.niven.apptranslate","com.gaminik.i18n","com.screen.translator.text.recognize","com.google.android.apps.translate","com.microsoft.translator","com.niven.game","com.newtranslate.google","at.nk.tools.iTranslate","com.zaz.translate","com.google.android.googlequicksearchbox","com.google.ar.lens","com.deepl.mobiletranslator"]},{"rank":{"index":5,"lang":"ru","country":"ru","chineseCountryName":"俄罗斯","pkg":"com.spaceship.screen.textcopy"},"orders":["com.recognize_text.translate.screen","com.niven.translator","com.newmg.yurao.pro","com.tap_to_translate.snap_translate","com.spaceship.screen.textcopy","com.galaxy.airviewdictionary","com.screen.translate.google","ru.yandex.translate","com.google.android.apps.translate","com.eecorp.linguago","com.microsoft.translator","com.gaminik.i18n","com.android.chrome","com.google.ar.lens","com.niven.apptranslate","com.google.android.tts","com.zaz.translate","at.nk.tools.iTranslate","com.naver.labs.translator","com.immersivetranslate.browser"]},{"rank":{"index":2,"lang":"pt-br","country":"br","chineseCountryName":"巴西","pkg":"com.spaceship.screen.textcopy"},"orders":["com.recognize_text.translate.screen","com.spaceship.screen.textcopy","com.tap_to_translate.snap_translate","com.galaxy.airviewdictionary","com.niven.translator","com.newmg.yurao.pro","com.eecorp.linguago","com.google.android.apps.translate","com.screen.translate.google","com.android.chrome","com.newtranslate.google","com.gaminik.i18n","com.google.android.apps.maps","com.google.android.inputmethod.latin","com.google.android.apps.docs","com.niven.game","com.deepl.mobiletranslator","com.canva.editor","com.google.ar.lens","com.duolingo"]},{"rank":{"index":2,"lang":"fr","country":"fr","chineseCountryName":"法国","pkg":"com.spaceship.screen.textcopy"},"orders":["com.recognize_text.translate.screen","com.spaceship.screen.textcopy","com.tap_to_translate.snap_translate","com.galaxy.airviewdictionary","com.screen.translate.google","com.niven.translator","com.google.android.apps.translate","com.newmg.yurao.pro","com.eecorp.linguago","com.google.ar.lens","com.gaminik.i18n","com.deepl.mobiletranslator","com.microsoft.translator","com.niven.apptranslate","com.newtranslate.google","com.naver.labs.translator","com.zaz.translate","screen.translator.voice.translate","ru.yandex.translate","live.screentranslate.realtime"]},{"rank":{"index":2,"lang":"en-gb","country":"gb","chineseCountryName":"英国","pkg":"com.spaceship.screen.textcopy"},"orders":["com.recognize_text.translate.screen","com.spaceship.screen.textcopy","com.galaxy.airviewdictionary","com.google.android.apps.translate","com.niven.translator","com.newmg.yurao.pro","com.tap_to_translate.snap_translate","com.eecorp.linguago","com.newtranslate.google","com.niven.apptranslate","com.screen.translate.google","com.microsoft.translator","screen.translator.voice.translate","com.google.ar.lens","com.gaminik.i18n","com.google.android.inputmethod.latin","com.google.android.googlequicksearchbox","com.google.android.tts","com.deepl.mobiletranslator","com.zaz.translate"]},{"rank":{"index":2,"lang":"de","country":"de","chineseCountryName":"德国","pkg":"com.spaceship.screen.textcopy"},"orders":["com.recognize_text.translate.screen","com.spaceship.screen.textcopy","com.google.android.apps.translate","com.galaxy.airviewdictionary","com.niven.translator","com.tap_to_translate.snap_translate","com.newmg.yurao.pro","com.google.ar.lens","com.deepl.mobiletranslator","com.microsoft.translator","com.zaz.translate","com.gaminik.i18n","ru.yandex.translate","com.screen.translate.google","com.eecorp.linguago","com.softissimo.reverso.context","at.nk.tools.iTranslate","link.zhidou.btranslator","com.kursx.smartbook","com.immersivetranslate.browser"]},{"rank":{"index":2,"lang":"it","country":"it","chineseCountryName":"意大利","pkg":"com.spaceship.screen.textcopy"},"orders":["com.recognize_text.translate.screen","com.spaceship.screen.textcopy","com.tap_to_translate.snap_translate","com.newmg.yurao.pro","com.google.android.apps.translate","com.niven.translator","com.galaxy.airviewdictionary","com.deepl.mobiletranslator","com.screen.translate.google","com.google.ar.lens","com.google.android.tts","com.microsoft.translator","com.gaminik.i18n","com.zaz.translate","com.translate.talkingtranslator"]},{"rank":{"index":2,"lang":"ja","country":"jp","chineseCountryName":"日本","pkg":"com.spaceship.screen.textcopy"},"orders":["com.recognize_text.translate.screen","com.spaceship.screen.textcopy","com.tap_to_translate.snap_translate","com.newmg.yurao.pro","com.gaminik.i18n","com.screen.translate.google","com.niven.translator","com.eecorp.linguago","com.niven.apptranslate","com.screen.translator.text.recognize","com.galaxy.airviewdictionary","com.niven.game","com.immersivetranslate.browser","com.google.android.apps.translate","com.naver.labs.translator","com.translate.talkingtranslator","com.microsoft.translator","live.screentranslate.realtime","com.deepl.mobiletranslator","com.google.ar.lens"]},{"rank":{"index":2,"lang":"ko","country":"kr","chineseCountryName":"韩国","pkg":"com.spaceship.screen.textcopy"},"orders":["com.recognize_text.translate.screen","com.spaceship.screen.textcopy","com.niven.translator","com.newmg.yurao.pro","com.tap_to_translate.snap_translate","com.screen.translate.google","com.galaxy.airviewdictionary","com.google.android.apps.translate","com.newtranslate.google","com.android.chrome","com.naver.labs.translator","com.gaminik.i18n","com.deepl.mobiletranslator","com.google.ar.lens","com.google.android.tts","com.niven.apptranslate","com.zaz.translate","com.flabs.screen.translate","com.translate.talkingtranslator","com.microsoft.translator"]},{"rank":{"index":2,"lang":"zh-hk","country":"hk","chineseCountryName":"香港","pkg":"com.spaceship.screen.textcopy"},"orders":["com.recognize_text.translate.screen","com.spaceship.screen.textcopy","com.galaxy.airviewdictionary","com.newmg.yurao.pro","com.google.android.apps.translate","com.tap_to_translate.snap_translate","com.newtranslate.google","com.microsoft.translator","com.google.ar.lens","com.niven.translator","com.niven.apptranslate","com.gaminik.i18n","com.deepl.mobiletranslator","com.naver.labs.translator","com.screen.translate.google","com.zaz.translate","com.eecorp.linguago","at.nk.tools.iTranslate","screen.translator.voice.translate","ru.yandex.translate"]},{"rank":{"index":2,"lang":"zh-tw","country":"tw","chineseCountryName":"台湾","pkg":"com.spaceship.screen.textcopy"},"orders":["com.recognize_text.translate.screen","com.spaceship.screen.textcopy","com.google.android.apps.translate","com.android.chrome","com.galaxy.airviewdictionary","com.google.ar.lens","com.google.android.tts","com.naver.labs.translator","com.newmg.yurao.pro","com.deepl.mobiletranslator","com.microsoft.translator","com.tap_to_translate.snap_translate","com.gaminik.i18n","com.zaz.translate","ru.yandex.translate","com.hecorat.screenrecorder.free","com.niven.translator"]},{"rank":{"index":0,"lang":"en","country":"in","chineseCountryName":"印度","pkg":"com.spaceship.screen.textcopy"},"orders":["com.recognize_text.translate.screen","com.galaxy.airviewdictionary","com.google.android.apps.translate","com.eecorp.linguago","com.newtranslate.google","com.newmg.yurao.pro","com.tap_to_translate.snap_translate","com.niven.apptranslate","com.screen.translate.google","screen.translator.voice.translate","com.niven.translator","com.gaminik.i18n","com.google.android.inputmethod.latin","com.zaz.translate","com.google.ar.lens","com.screen.translator.text.recognize","com.google.android.googlequicksearchbox","com.google.android.tts","top.applocalize.translate","com.deepl.mobiletranslator"]},{"rank":{"index":2,"lang":"id","country":"id","chineseCountryName":"印尼","pkg":"com.spaceship.screen.textcopy"},"orders":["com.recognize_text.translate.screen","com.spaceship.screen.textcopy","com.tap_to_translate.snap_translate","com.newmg.yurao.pro","com.niven.apptranslate","com.niven.translator","com.gaminik.i18n","com.eecorp.linguago","com.galaxy.airviewdictionary","com.google.android.apps.translate","com.deepl.mobiletranslator","com.google.ar.lens","com.naver.labs.translator","com.google.android.tts"]},{"rank":{"index":2,"lang":"es-mx","country":"mx","chineseCountryName":"墨西哥","pkg":"com.spaceship.screen.textcopy"},"orders":["com.recognize_text.translate.screen","com.spaceship.screen.textcopy","com.tap_to_translate.snap_translate","com.newmg.yurao.pro","com.galaxy.airviewdictionary","com.niven.translator","com.screen.translate.google","com.newtranslate.google","com.google.android.apps.translate","com.niven.apptranslate","com.eecorp.linguago","screen.translator.voice.translate","com.google.ar.lens","com.screen.translator.text.recognize","com.gaminik.i18n","com.deepl.mobiletranslator","com.microsoft.translator","com.google.android.tts","com.niven.game","com.zaz.translate"]}]