[{"rank":{"index":2,"lang":"en-us","country":"us","chineseCountryName":"美国","pkg":"com.spaceship.screen.textcopy"},"orders":["com.recognize_text.translate.screen","com.spaceship.screen.textcopy","com.screen.translate.google","com.google.android.apps.translate","com.microsoft.translator","com.niven.translator","com.gaminik.i18n","com.niven.game","com.flabs.screen.translate","com.newmg.yurao.pro","com.niven.comic","at.nk.tools.iTranslate","com.deepl.mobiletranslator","com.zaz.translate","com.naver.labs.translator","com.sayhi.android.sayhitranslate","com.easytranslate.easytranslate","com.facebook.orca","com.android.chrome","com.google.ar.lens"]},{"rank":{"index":2,"lang":"ru","country":"ru","chineseCountryName":"俄罗斯","pkg":"com.spaceship.screen.textcopy"},"orders":["com.recognize_text.translate.screen","com.spaceship.screen.textcopy","com.niven.translator","com.niven.game","com.screen.translate.google","com.gaminik.i18n","com.newmg.yurao.pro","com.niven.comic","ru.yandex.translate","com.google.android.apps.translate","com.microsoft.translator","com.flabs.screen.translate","com.deepl.mobiletranslator","com.android.chrome","com.facebook.orca","com.discord","com.google.android.apps.nbu.files","com.truecaller","com.google.android.apps.photos","com.google.android.dialer"]},{"rank":{"index":2,"lang":"fr","country":"fr","chineseCountryName":"法国","pkg":"com.spaceship.screen.textcopy"},"orders":["com.recognize_text.translate.screen","com.spaceship.screen.textcopy","com.screen.translate.google","com.gaminik.i18n","com.niven.translator","com.niven.game","com.google.android.apps.translate","com.microsoft.translator","com.newmg.yurao.pro","com.niven.comic","com.facebook.orca","com.deepl.mobiletranslator","com.android.chrome","com.discord","com.google.android.apps.photos","com.google.android.calendar","com.canva.editor","com.microsoft.office.outlook","com.skype.raider","com.google.android.apps.maps"]},{"rank":{"index":2,"lang":"en-gb","country":"gb","chineseCountryName":"英国","pkg":"com.spaceship.screen.textcopy"},"orders":["com.recognize_text.translate.screen","com.spaceship.screen.textcopy","com.gaminik.i18n","com.google.android.apps.translate","com.screen.translate.google","com.microsoft.translator","com.niven.translator","com.niven.game","com.newmg.yurao.pro","com.flabs.screen.translate","com.niven.comic","com.zaz.translate","at.nk.tools.iTranslate","com.deepl.mobiletranslator","com.facebook.orca","com.android.chrome","com.screen.translator.text.recognize","com.discord","com.google.android.apps.maps","com.ubercab"]},{"rank":{"index":2,"lang":"de","country":"de","chineseCountryName":"德国","pkg":"com.spaceship.screen.textcopy"},"orders":["com.recognize_text.translate.screen","com.spaceship.screen.textcopy","com.gaminik.i18n","com.screen.translate.google","com.niven.translator","com.niven.game","com.microsoft.translator","com.google.android.apps.translate","com.newmg.yurao.pro","com.niven.comic","com.deepl.mobiletranslator","com.flabs.screen.translate","at.nk.tools.iTranslate","ru.yandex.translate","com.screen.translator.text.recognize","com.facebook.orca","com.android.chrome","com.discord","com.google.android.apps.photos","com.google.android.calendar"]},{"rank":{"index":2,"lang":"it","country":"it","chineseCountryName":"意大利","pkg":"com.spaceship.screen.textcopy"},"orders":["com.recognize_text.translate.screen","com.spaceship.screen.textcopy","com.niven.game","com.screen.translate.google","com.niven.translator","com.gaminik.i18n","com.google.android.apps.translate","com.newmg.yurao.pro","com.microsoft.translator","com.niven.comic","com.facebook.orca","com.screen.translator.text.recognize","com.discord","com.google.android.apps.photos","com.deepl.mobiletranslator","com.canva.editor","com.android.chrome","com.google.android.apps.docs","com.microsoft.office.outlook","com.skype.raider"]},{"rank":{"index":2,"lang":"ja","country":"jp","chineseCountryName":"日本","pkg":"com.spaceship.screen.textcopy"},"orders":["com.recognize_text.translate.screen","com.spaceship.screen.textcopy","com.gaminik.i18n","com.screen.translate.google","com.niven.translator","com.niven.game","com.microsoft.translator","com.google.android.apps.translate","com.niven.comic","com.deepl.mobiletranslator","com.naver.labs.translator","com.facebook.orca","com.android.chrome","com.google.android.apps.maps","com.discord","com.google.android.apps.nbu.files","com.amazon.kindle","com.google.ar.lens","com.duolingo","com.google.android.calendar"]},{"rank":{"index":2,"lang":"ko","country":"kr","chineseCountryName":"韩国","pkg":"com.spaceship.screen.textcopy"},"orders":["com.recognize_text.translate.screen","com.spaceship.screen.textcopy","com.niven.translator","com.gaminik.i18n","com.niven.game","com.screen.translate.google","com.google.android.apps.translate","com.naver.labs.translator","com.niven.comic","com.newmg.yurao.pro","com.microsoft.translator","com.facebook.orca","com.deepl.mobiletranslator","com.discord","com.android.chrome","com.sec.android.app.sbrowser","us.zoom.videomeetings","com.openai.chatgpt","com.google.android.apps.photos","com.duolingo"]},{"rank":{"index":2,"lang":"zh-hk","country":"hk","chineseCountryName":"香港","pkg":"com.spaceship.screen.textcopy"},"orders":["com.recognize_text.translate.screen","com.spaceship.screen.textcopy","com.screen.translate.google","com.niven.translator","com.gaminik.i18n","com.niven.game","com.google.android.apps.translate","com.microsoft.translator","com.newmg.yurao.pro","at.nk.tools.iTranslate","com.niven.comic","com.facebook.orca","com.android.chrome","com.google.android.apps.maps","com.screen.translator.text.recognize","com.discord","com.naver.labs.translator","com.deepl.mobiletranslator","com.google.ar.lens","com.google.android.apps.photos"]},{"rank":{"index":2,"lang":"zh-tw","country":"tw","chineseCountryName":"台湾","pkg":"com.spaceship.screen.textcopy"},"orders":["com.recognize_text.translate.screen","com.spaceship.screen.textcopy","com.screen.translate.google","com.niven.translator","com.niven.game","com.gaminik.i18n","com.google.android.apps.translate","com.microsoft.translator","com.newmg.yurao.pro","at.nk.tools.iTranslate","com.niven.comic","com.facebook.orca","com.google.android.apps.maps","com.discord","com.android.chrome","com.google.ar.lens","com.naver.labs.translator","com.google.android.apps.photos","com.sec.android.app.sbrowser","com.skype.raider"]},{"rank":{"index":2,"lang":"en","country":"in","chineseCountryName":"印度","pkg":"com.spaceship.screen.textcopy"},"orders":["com.recognize_text.translate.screen","com.spaceship.screen.textcopy","com.google.android.apps.translate","com.newmg.yurao.pro","com.screen.translate.google","com.niven.translator","com.niven.game","com.microsoft.translator","com.gaminik.i18n","com.zaz.translate","at.nk.tools.iTranslate","com.naver.labs.translator","com.tap_to_translate.snap_translate","com.google.ar.lens","com.deepl.mobiletranslator","ru.yandex.translate","com.softissimo.reverso.context","com.amazon.dee.app","com.sayhi.android.sayhitranslate","com.azure.authenticator"]},{"rank":{"index":2,"lang":"id","country":"id","chineseCountryName":"印尼","pkg":"com.spaceship.screen.textcopy"},"orders":["com.recognize_text.translate.screen","com.spaceship.screen.textcopy","com.niven.game","com.gaminik.i18n","com.niven.translator","com.screen.translate.google","com.niven.comic","com.google.android.apps.translate","com.newmg.yurao.pro","com.tap_to_translate.snap_translate","com.android.chrome","com.facebook.orca"]},{"rank":{"index":2,"lang":"es-mx","country":"mx","chineseCountryName":"墨西哥","pkg":"com.spaceship.screen.textcopy"},"orders":["com.recognize_text.translate.screen","com.spaceship.screen.textcopy","com.niven.game","com.google.android.apps.translate","com.gaminik.i18n","com.screen.translate.google","com.tap_to_translate.snap_translate","at.nk.tools.iTranslate","com.microsoft.translator","com.deepl.mobiletranslator","com.youdao.hindict","com.naver.labs.translator","com.microblink.photomath","ru.yandex.translate","com.niven.comic","com.softissimo.reverso.context","com.amazon.dee.app","com.google.ar.lens","com.niven.translator"]}]