[{"rank":{"index":2,"lang":"en-us","country":"us","chineseCountryName":"美国","pkg":"com.spaceship.screen.textcopy"},"orders":["com.recognize_text.translate.screen","com.spaceship.screen.textcopy","com.tap_to_translate.snap_translate","com.gaminik.i18n","com.microsoft.translator","com.mg.yurao.google","com.google.android.apps.translate","com.niven.game","com.niven.translator","com.niven.comic","screen.translator.voice.translate","at.nk.tools.iTranslate","com.eecorp.linguago","com.newmg.yurao.pro","com.niven.apptranslate","com.translate.talkingtranslator","com.eecorp.taptranslator","com.sayhi.android.sayhitranslate","com.deepl.mobiletranslator","com.naver.labs.translator"]},{"rank":{"index":3,"lang":"ru","country":"ru","chineseCountryName":"俄罗斯","pkg":"com.spaceship.screen.textcopy"},"orders":["com.recognize_text.translate.screen","com.tap_to_translate.snap_translate","com.spaceship.screen.textcopy","com.gaminik.i18n","com.niven.translator","com.microsoft.translator","com.niven.game","com.mg.yurao.google","com.google.android.apps.translate","com.niven.comic","com.eecorp.linguago","com.niven.apptranslate","ru.yandex.translate","at.nk.tools.iTranslate","com.newmg.yurao.pro","com.sayhi.android.sayhitranslate","com.translate.talkingtranslator","com.datacomprojects.scanandtranslate","com.deepl.mobiletranslator","com.naver.labs.translator"]},{"rank":{"index":2,"lang":"pt-br","country":"br","chineseCountryName":"巴西","pkg":"com.spaceship.screen.textcopy"},"orders":["com.recognize_text.translate.screen","com.spaceship.screen.textcopy","com.tap_to_translate.snap_translate","com.gaminik.i18n","com.niven.game","com.niven.translator","com.mg.yurao.google","com.niven.comic","at.nk.tools.iTranslate","com.eecorp.linguago","com.niven.apptranslate","com.microsoft.translator","com.newmg.yurao.pro","com.youdao.hindict","com.google.android.apps.translate","screen.translator.voice.translate","com.sayhi.android.sayhitranslate","com.tangdi.baiguotong","com.tranit.text.translate","com.zaz.translate"]},{"rank":{"index":2,"lang":"fr","country":"fr","chineseCountryName":"法国","pkg":"com.spaceship.screen.textcopy"},"orders":["com.recognize_text.translate.screen","com.spaceship.screen.textcopy","com.tap_to_translate.snap_translate","com.gaminik.i18n","com.mg.yurao.google","com.niven.game","com.niven.translator","com.niven.comic","com.eecorp.linguago","com.niven.apptranslate","at.nk.tools.iTranslate","com.microsoft.translator","com.newmg.yurao.pro","screen.translator.voice.translate","com.google.android.apps.translate","com.eecorp.taptranslator","com.translate.talkingtranslator","com.translator.yellow","com.zaz.translate","com.datacomprojects.scanandtranslate"]},{"rank":{"index":2,"lang":"en-gb","country":"gb","chineseCountryName":"英国","pkg":"com.spaceship.screen.textcopy"},"orders":["com.recognize_text.translate.screen","com.spaceship.screen.textcopy","com.tap_to_translate.snap_translate","com.microsoft.translator","com.gaminik.i18n","com.google.android.apps.translate","com.mg.yurao.google","com.niven.game","screen.translator.voice.translate","com.niven.translator","com.niven.comic","at.nk.tools.iTranslate","com.eecorp.linguago","com.niven.apptranslate","com.translator.yellow","com.zaz.translate","com.translate.talkingtranslator","com.tranit.text.translate","com.sayhi.android.sayhitranslate","com.newmg.yurao.pro"]},{"rank":{"index":2,"lang":"de","country":"de","chineseCountryName":"德国","pkg":"com.spaceship.screen.textcopy"},"orders":["com.recognize_text.translate.screen","com.spaceship.screen.textcopy","com.gaminik.i18n","com.mg.yurao.google","com.niven.game","com.tap_to_translate.snap_translate","com.niven.translator","com.niven.comic","com.microsoft.translator","com.eecorp.linguago","com.niven.apptranslate","at.nk.tools.iTranslate","com.newmg.yurao.pro","com.sayhi.android.sayhitranslate","com.translate.talkingtranslator","com.deepl.mobiletranslator","com.google.android.apps.translate","com.eecorp.taptranslator","com.aldoo.pdftranslatorpro","ru.yandex.translate"]},{"rank":{"index":2,"lang":"it","country":"it","chineseCountryName":"意大利","pkg":"com.spaceship.screen.textcopy"},"orders":["com.recognize_text.translate.screen","com.spaceship.screen.textcopy","com.gaminik.i18n","screen.translator.voice.translate","com.niven.game","com.tap_to_translate.snap_translate","com.mg.yurao.google","com.niven.translator","com.niven.comic","at.nk.tools.iTranslate","com.microsoft.translator","com.eecorp.linguago","com.niven.apptranslate","com.newmg.yurao.pro","com.google.android.apps.translate","com.deepl.mobiletranslator","com.tangdi.baiguotong","com.eecorp.taptranslator","com.zaz.translate","com.kursx.smartbook"]},{"rank":{"index":2,"lang":"ja","country":"jp","chineseCountryName":"日本","pkg":"com.spaceship.screen.textcopy"},"orders":["com.recognize_text.translate.screen","com.spaceship.screen.textcopy","com.gaminik.i18n","com.mg.yurao.google","com.tap_to_translate.snap_translate","com.niven.game","com.eecorp.taptranslator","com.niven.apptranslate","com.eecorp.linguago","com.newmg.yurao.pro","com.niven.translator","com.niven.comic","com.mg.subtitle.google","com.google.android.apps.translate"]},{"rank":{"index":4,"lang":"ko","country":"kr","chineseCountryName":"韩国","pkg":"com.spaceship.screen.textcopy"},"orders":["com.recognize_text.translate.screen","com.tap_to_translate.snap_translate","com.mg.yurao.google","com.spaceship.screen.textcopy","com.gaminik.i18n","com.microsoft.translator","com.niven.game","com.google.android.apps.translate","com.niven.translator","com.naver.labs.translator","at.nk.tools.iTranslate","com.niven.comic","com.translate.talkingtranslator","com.flitto.app","com.eecorp.linguago","com.newmg.yurao.pro","com.niven.apptranslate","com.sayhi.android.sayhitranslate","com.deepl.mobiletranslator","com.mobisystems.msdict.embedded.wireless.collins.ee"]},{"rank":{"index":2,"lang":"zh-hk","country":"hk","chineseCountryName":"香港","pkg":"com.spaceship.screen.textcopy"},"orders":["com.recognize_text.translate.screen","com.spaceship.screen.textcopy","com.tap_to_translate.snap_translate","com.microsoft.translator","com.mg.yurao.google","com.gaminik.i18n","com.google.android.apps.translate","com.niven.game","com.niven.translator","at.nk.tools.iTranslate","com.niven.comic","com.translate.talkingtranslator","com.eecorp.linguago","com.niven.apptranslate","com.newmg.yurao.pro","com.naver.labs.translator","com.tangdi.baiguotong","com.tranit.text.translate","com.mg.subtitle.google","com.zaz.translate"]},{"rank":{"index":7,"lang":"zh-tw","country":"tw","chineseCountryName":"台湾","pkg":"com.spaceship.screen.textcopy"},"orders":["com.recognize_text.translate.screen","com.tap_to_translate.snap_translate","com.mg.yurao.google","com.microsoft.translator","com.gaminik.i18n","com.niven.game","com.spaceship.screen.textcopy","com.google.android.apps.translate","com.niven.translator","at.nk.tools.iTranslate","com.niven.comic","com.translate.talkingtranslator","com.eecorp.linguago","com.niven.apptranslate","com.sayhi.android.sayhitranslate","com.newmg.yurao.pro","com.naver.labs.translator","com.tangdi.baiguotong","com.flitto.app","com.datacomprojects.scanandtranslate"]},{"rank":{"index":2,"lang":"en","country":"in","chineseCountryName":"印度","pkg":"com.spaceship.screen.textcopy"},"orders":["com.recognize_text.translate.screen","com.spaceship.screen.textcopy","com.tap_to_translate.snap_translate","com.google.android.apps.translate","com.microsoft.translator","screen.translator.voice.translate","com.mg.yurao.google","com.niven.game","com.niven.translator","com.zaz.translate","com.niven.comic","com.eecorp.linguago","com.niven.apptranslate","at.nk.tools.iTranslate","com.newmg.yurao.pro","com.tranit.text.translate","translate.smartranit.language.text","com.sayhi.android.sayhitranslate","all.language.translate.translator","com.gaminik.i18n"]},{"rank":{"index":1,"lang":"id","country":"id","chineseCountryName":"印尼","pkg":"com.spaceship.screen.textcopy"},"orders":["com.spaceship.screen.textcopy","com.recognize_text.translate.screen","com.gaminik.i18n","com.tap_to_translate.snap_translate","com.mg.yurao.google","com.niven.game","com.niven.translator","com.eecorp.linguago","com.niven.comic","com.newmg.yurao.pro","com.niven.apptranslate","com.youdao.hindict","at.nk.tools.iTranslate","com.google.android.apps.translate","com.deepl.mobiletranslator","com.naver.labs.translator"]},{"rank":{"index":2,"lang":"es-mx","country":"mx","chineseCountryName":"墨西哥","pkg":"com.spaceship.screen.textcopy"},"orders":["com.recognize_text.translate.screen","com.spaceship.screen.textcopy","com.gaminik.i18n","com.tap_to_translate.snap_translate","com.niven.translator","com.niven.game","com.mg.yurao.google","com.niven.comic","at.nk.tools.iTranslate","com.eecorp.linguago","com.niven.apptranslate","com.microsoft.translator","com.youdao.hindict","com.google.android.apps.translate","com.newmg.yurao.pro","com.aldoo.pdftranslatorpro","com.deepl.mobiletranslator","com.sayhi.android.sayhitranslate","com.zaz.translate","com.translate.talkingtranslator"]}]