[{"rank":{"index":2,"lang":"en-us","country":"us","chineseCountryName":"美国","pkg":"com.spaceship.screen.textcopy"},"orders":["com.recognize_text.translate.screen","com.spaceship.screen.textcopy","com.microsoft.translator","com.newmg.yurao.pro","com.google.android.apps.translate","com.niven.translator","com.gaminik.i18n","com.tap_to_translate.snap_translate","com.niven.game","com.zaz.translate","com.translate.language.translator.voice.translation","at.nk.tools.iTranslate"]},{"rank":{"index":2,"lang":"ru","country":"ru","chineseCountryName":"俄罗斯","pkg":"com.spaceship.screen.textcopy"},"orders":["com.recognize_text.translate.screen","com.spaceship.screen.textcopy","com.niven.translator","com.tap_to_translate.snap_translate","com.niven.game","com.microsoft.translator","com.gaminik.i18n","com.google.android.apps.translate","com.newmg.yurao.pro","ru.yandex.translate","com.screen.translate.google","com.niven.comic","com.screen.translator.text.recognize","com.zaz.translate","com.translate.language.translator.voice.translation","at.nk.tools.iTranslate","com.galaxy.airviewdictionary","com.youdao.hindict","com.audacityittranslator.translatetexttranslator","com.android.chrome"]},{"rank":{"index":2,"lang":"pt-br","country":"br","chineseCountryName":"巴西","pkg":"com.spaceship.screen.textcopy"},"orders":["com.recognize_text.translate.screen","com.spaceship.screen.textcopy","com.tap_to_translate.snap_translate","com.niven.game","com.gaminik.i18n","com.niven.translator","com.niven.comic","com.newmg.yurao.pro","com.screen.translator.text.recognize","com.microsoft.translator","com.eecorp.taptranslator","com.google.android.apps.translate","com.screen.translate.google","com.youdao.hindict","com.galaxy.airviewdictionary","com.android.chrome","com.google.android.apps.photos","com.discord","com.google.android.apps.maps","at.nk.tools.iTranslate"]},{"rank":{"index":2,"lang":"fr","country":"fr","chineseCountryName":"法国","pkg":"com.spaceship.screen.textcopy"},"orders":["com.recognize_text.translate.screen","com.spaceship.screen.textcopy","com.tap_to_translate.snap_translate","com.niven.translator","com.niven.game","com.gaminik.i18n","com.microsoft.translator","com.screen.translator.text.recognize","com.niven.comic","com.newmg.yurao.pro","com.google.android.apps.translate","com.eecorp.taptranslator","at.nk.tools.iTranslate","com.zaz.translate","com.screen.translate.google","com.galaxy.airviewdictionary","com.discord","com.android.chrome","com.google.android.apps.photos","com.audacityittranslator.translatetexttranslator"]},{"rank":{"index":2,"lang":"en-gb","country":"gb","chineseCountryName":"英国","pkg":"com.spaceship.screen.textcopy"},"orders":["com.recognize_text.translate.screen","com.spaceship.screen.textcopy","com.tap_to_translate.snap_translate","com.microsoft.translator","com.google.android.apps.translate","com.gaminik.i18n","com.niven.translator","com.niven.game","com.zaz.translate","com.newmg.yurao.pro","at.nk.tools.iTranslate","com.galaxy.airviewdictionary","com.translate.language.translator.voice.translation","com.niven.comic","com.screen.translator.text.recognize","com.screen.translate.google","com.eecorp.taptranslator","com.mobisystems.msdict.embedded.wireless.collins.ee","com.audacityittranslator.translatetexttranslator","com.youdao.hindict"]},{"rank":{"index":2,"lang":"de","country":"de","chineseCountryName":"德国","pkg":"com.spaceship.screen.textcopy"},"orders":["com.recognize_text.translate.screen","com.spaceship.screen.textcopy","com.tap_to_translate.snap_translate","com.niven.translator","com.gaminik.i18n","com.microsoft.translator","com.niven.game","com.newmg.yurao.pro","com.screen.translator.text.recognize","com.niven.comic","com.google.android.apps.translate","com.galaxy.airviewdictionary","at.nk.tools.iTranslate","com.eecorp.taptranslator","com.screen.translate.google","com.zaz.translate","com.translate.talkingtranslator","com.deepl.mobiletranslator","com.image.camera.translate.ai","com.audacityittranslator.translatetexttranslator"]},{"rank":{"index":2,"lang":"it","country":"it","chineseCountryName":"意大利","pkg":"com.spaceship.screen.textcopy"},"orders":["com.recognize_text.translate.screen","com.spaceship.screen.textcopy","com.tap_to_translate.snap_translate","com.niven.translator","com.niven.game","com.gaminik.i18n","com.microsoft.translator","com.newmg.yurao.pro","com.screen.translator.text.recognize","com.niven.comic","com.eecorp.taptranslator","com.google.android.apps.translate","com.screen.translate.google","com.galaxy.airviewdictionary","screen.translator.voice.translate","com.zaz.translate","com.audacityittranslator.translatetexttranslator","at.nk.tools.iTranslate","com.image.camera.translate.ai","com.discord"]},{"rank":{"index":2,"lang":"ja","country":"jp","chineseCountryName":"日本","pkg":"com.spaceship.screen.textcopy"},"orders":["com.recognize_text.translate.screen","com.spaceship.screen.textcopy","com.tap_to_translate.snap_translate","com.gaminik.i18n","com.niven.translator","com.niven.game","com.microsoft.translator","com.screen.translator.text.recognize","com.niven.comic","com.newmg.yurao.pro","com.google.android.apps.translate","com.screen.translate.google","com.deepl.mobiletranslator","com.galaxy.airviewdictionary","com.eecorp.taptranslator","com.youdao.hindict","com.naver.labs.translator","com.discord","at.nk.tools.iTranslate","com.translate.talkingtranslator"]},{"rank":{"index":2,"lang":"ko","country":"kr","chineseCountryName":"韩国","pkg":"com.spaceship.screen.textcopy"},"orders":["com.recognize_text.translate.screen","com.spaceship.screen.textcopy","com.tap_to_translate.snap_translate","com.microsoft.translator","com.google.android.apps.translate","com.gaminik.i18n","com.niven.game","com.niven.translator","com.naver.labs.translator","com.screen.translator.text.recognize","com.niven.comic","at.nk.tools.iTranslate","com.newmg.yurao.pro","com.zaz.translate","com.youdao.hindict","com.screen.translate.google","com.galaxy.airviewdictionary","com.translate.language.translator.voice.translation","com.translate.talkingtranslator","com.mobisystems.msdict.embedded.wireless.collins.ee"]},{"rank":{"index":2,"lang":"zh-hk","country":"hk","chineseCountryName":"香港","pkg":"com.spaceship.screen.textcopy"},"orders":["com.recognize_text.translate.screen","com.spaceship.screen.textcopy","com.tap_to_translate.snap_translate","com.microsoft.translator","com.google.android.apps.translate","com.gaminik.i18n","com.niven.translator","com.niven.game","com.translate.language.translator.voice.translation","com.newmg.yurao.pro","at.nk.tools.iTranslate","com.niven.comic","com.screen.translator.text.recognize","com.screen.translate.google","com.translate.talkingtranslator","com.galaxy.airviewdictionary","com.zaz.translate","com.tangdi.baiguotong","com.eecorp.taptranslator","com.mobisystems.msdict.embedded.wireless.collins.ee"]},{"rank":{"index":2,"lang":"zh-tw","country":"tw","chineseCountryName":"台湾","pkg":"com.spaceship.screen.textcopy"},"orders":["com.recognize_text.translate.screen","com.spaceship.screen.textcopy","com.gaminik.i18n","com.niven.translator","com.microsoft.translator","com.niven.game","com.google.android.apps.translate","com.niven.comic","com.screen.translate.google","at.nk.tools.iTranslate","com.eecorp.linguago","com.translate.language.translator.voice.translation","com.tap_to_translate.snap_translate","com.datacomprojects.scanandtranslate","com.youdao.hindict","com.translate.talkingtranslator","com.image.camera.translate.ai","all.language.translate.translator","com.zaz.translate","com.mobisystems.msdict.embedded.wireless.collins.ee"]},{"rank":{"index":2,"lang":"en","country":"in","chineseCountryName":"印度","pkg":"com.spaceship.screen.textcopy"},"orders":["com.recognize_text.translate.screen","com.spaceship.screen.textcopy","com.tap_to_translate.snap_translate","com.google.android.apps.translate","com.newmg.yurao.pro","com.niven.translator","com.niven.game","com.microsoft.translator"]},{"rank":{"index":2,"lang":"id","country":"id","chineseCountryName":"印尼","pkg":"com.spaceship.screen.textcopy"},"orders":["com.recognize_text.translate.screen","com.spaceship.screen.textcopy","com.tap_to_translate.snap_translate","com.gaminik.i18n","com.niven.game","com.niven.translator","com.youdao.hindict","com.newmg.yurao.pro","com.niven.comic"]},{"rank":{"index":2,"lang":"es-mx","country":"mx","chineseCountryName":"墨西哥","pkg":"com.spaceship.screen.textcopy"},"orders":["com.recognize_text.translate.screen","com.spaceship.screen.textcopy","com.niven.translator","com.gaminik.i18n","com.niven.game","com.tap_to_translate.snap_translate","com.niven.comic","com.screen.translator.text.recognize","com.newmg.yurao.pro","com.microsoft.translator","com.youdao.hindict","com.google.android.apps.translate","at.nk.tools.iTranslate","com.eecorp.taptranslator","com.screen.translate.google","com.android.chrome","com.google.android.apps.photos","com.discord","com.galaxy.airviewdictionary","com.google.android.apps.maps"]}]