[{"rank":{"index":2,"lang":"en-us","country":"us","chineseCountryName":"美国","pkg":"com.spaceship.screen.textcopy"},"orders":["com.recognize_text.translate.screen","com.spaceship.screen.textcopy","com.tap_to_translate.snap_translate","com.google.android.apps.translate","com.screen.translate.google","com.niven.translator","com.gaminik.i18n","com.microsoft.translator","com.niven.game","com.translate.language.translator.voice.translation","com.translate.talkingtranslator","com.niven.comic","at.nk.tools.iTranslate","com.sayhi.android.sayhitranslate","com.zaz.translate","com.newmg.yurao.pro","com.deepl.mobiletranslator","com.mobisystems.msdict.embedded.wireless.collins.ee","com.google.ar.lens","com.siv"]},{"rank":{"index":2,"lang":"ru","country":"ru","chineseCountryName":"俄罗斯","pkg":"com.spaceship.screen.textcopy"},"orders":["com.recognize_text.translate.screen","com.spaceship.screen.textcopy","com.niven.translator","com.tap_to_translate.snap_translate","com.screen.translate.google","com.niven.game","com.gaminik.i18n","ru.yandex.translate","com.newmg.yurao.pro","com.niven.comic","com.microsoft.translator","com.google.android.apps.translate","com.niven.apptranslate","com.deepl.mobiletranslator","com.android.chrome","com.facebook.orca","com.datacomprojects.scanandtranslate","com.discord","com.google.android.apps.nbu.files","com.google.android.dialer"]},{"rank":{"index":2,"lang":"fr","country":"fr","chineseCountryName":"法国","pkg":"com.spaceship.screen.textcopy"},"orders":["com.recognize_text.translate.screen","com.spaceship.screen.textcopy","com.tap_to_translate.snap_translate","com.niven.translator","com.gaminik.i18n","com.niven.game","com.screen.translate.google","com.niven.comic","com.microsoft.translator","com.google.android.apps.translate","com.image.camera.translate.ai","com.newmg.yurao.pro","com.translate.language.translator.voice.translation","com.zaz.translate","com.niven.apptranslate","com.deepl.mobiletranslator","com.audacityittranslator.translatetexttranslator","org.telegram.messenger","com.facebook.orca","com.softissimo.reverso.context"]},{"rank":{"index":2,"lang":"en-gb","country":"gb","chineseCountryName":"英国","pkg":"com.spaceship.screen.textcopy"},"orders":["com.recognize_text.translate.screen","com.spaceship.screen.textcopy","com.gaminik.i18n","com.google.android.apps.translate","com.microsoft.translator","com.screen.translate.google","com.niven.translator","com.niven.game","com.tap_to_translate.snap_translate","com.niven.comic","com.translate.language.translator.voice.translation","com.zaz.translate","com.newmg.yurao.pro","at.nk.tools.iTranslate","com.niven.apptranslate","com.translate.talkingtranslator","com.deepl.mobiletranslator","com.sayhi.android.sayhitranslate","com.image.camera.translate.ai","com.eecorp.taptranslator"]},{"rank":{"index":2,"lang":"de","country":"de","chineseCountryName":"德国","pkg":"com.spaceship.screen.textcopy"},"orders":["com.recognize_text.translate.screen","com.spaceship.screen.textcopy","com.tap_to_translate.snap_translate","com.niven.translator","com.gaminik.i18n","com.niven.game","com.screen.translate.google","com.microsoft.translator","com.niven.comic","com.google.android.apps.translate","com.image.camera.translate.ai","com.translate.language.translator.voice.translation","com.newmg.yurao.pro","com.deepl.mobiletranslator","com.translate.talkingtranslator","at.nk.tools.iTranslate","com.niven.apptranslate","com.audacityittranslator.translatetexttranslator","ru.yandex.translate","com.softissimo.reverso.context"]},{"rank":{"index":2,"lang":"it","country":"it","chineseCountryName":"意大利","pkg":"com.spaceship.screen.textcopy"},"orders":["com.recognize_text.translate.screen","com.spaceship.screen.textcopy","com.niven.game","com.screen.translate.google","com.gaminik.i18n","com.niven.translator","com.tap_to_translate.snap_translate","com.microsoft.translator","com.google.android.apps.translate","com.niven.comic","com.image.camera.translate.ai","com.newmg.yurao.pro","com.datacomprojects.scanandtranslate","com.deepl.mobiletranslator","at.nk.tools.iTranslate","com.translate.language.translator.voice.translation","com.zaz.translate","com.youdao.hindict","com.niven.apptranslate","com.softissimo.reverso.context"]},{"rank":{"index":2,"lang":"ja","country":"jp","chineseCountryName":"日本","pkg":"com.spaceship.screen.textcopy"},"orders":["com.recognize_text.translate.screen","com.spaceship.screen.textcopy","com.gaminik.i18n","com.niven.translator","com.screen.translate.google","com.niven.game","com.tap_to_translate.snap_translate","com.microsoft.translator","com.niven.comic","com.translate.language.translator.voice.translation","com.google.android.apps.translate","com.deepl.mobiletranslator","com.naver.labs.translator","com.facebook.orca","at.nk.tools.iTranslate","com.google.ar.lens","com.niven.apptranslate","com.android.chrome","com.newmg.yurao.pro","com.discord"]},{"rank":{"index":2,"lang":"ko","country":"kr","chineseCountryName":"韩国","pkg":"com.spaceship.screen.textcopy"},"orders":["com.recognize_text.translate.screen","com.spaceship.screen.textcopy","com.tap_to_translate.snap_translate","com.gaminik.i18n","com.niven.translator","com.niven.game","com.screen.translate.google","com.naver.labs.translator","com.niven.comic","com.microsoft.translator","com.google.android.apps.translate","com.newmg.yurao.pro","com.niven.apptranslate","com.deepl.mobiletranslator","com.youdao.hindict","com.facebook.orca","com.image.camera.translate.ai","com.translate.language.translator.voice.translation","com.eecorp.taptranslator","com.nhn.android.naverdic"]},{"rank":{"index":2,"lang":"zh-hk","country":"hk","chineseCountryName":"香港","pkg":"com.spaceship.screen.textcopy"},"orders":["com.recognize_text.translate.screen","com.spaceship.screen.textcopy","com.screen.translate.google","com.niven.translator","com.gaminik.i18n","com.niven.game","com.tap_to_translate.snap_translate","com.microsoft.translator","com.niven.comic","com.translate.language.translator.voice.translation","com.google.android.apps.translate","com.image.camera.translate.ai","at.nk.tools.iTranslate","com.newmg.yurao.pro","com.translate.talkingtranslator","com.datacomprojects.scanandtranslate","com.naver.labs.translator","com.audacityittranslator.translatetexttranslator","com.deepl.mobiletranslator","com.android.chrome"]},{"rank":{"index":2,"lang":"zh-tw","country":"tw","chineseCountryName":"台湾","pkg":"com.spaceship.screen.textcopy"},"orders":["com.recognize_text.translate.screen","com.spaceship.screen.textcopy","com.screen.translate.google","com.gaminik.i18n","com.niven.translator","com.niven.game","com.tap_to_translate.snap_translate","com.microsoft.translator","com.niven.comic","com.translate.language.translator.voice.translation","com.google.android.apps.translate","com.image.camera.translate.ai","com.newmg.yurao.pro","com.naver.labs.translator","at.nk.tools.iTranslate","com.youdao.hindict","com.niven.apptranslate","com.datacomprojects.scanandtranslate","com.deepl.mobiletranslator","com.translate.talkingtranslator"]},{"rank":{"index":2,"lang":"en","country":"in","chineseCountryName":"印度","pkg":"com.spaceship.screen.textcopy"},"orders":["com.recognize_text.translate.screen","com.spaceship.screen.textcopy","com.google.android.apps.translate","com.tap_to_translate.snap_translate","com.newmg.yurao.pro","com.screen.translate.google","com.niven.translator","com.zaz.translate","com.microsoft.translator","com.niven.game","com.gaminik.i18n","at.nk.tools.iTranslate","com.deepl.mobiletranslator","com.softissimo.reverso.context","com.naver.labs.translator","ru.yandex.translate","com.google.ar.lens"]},{"rank":{"index":2,"lang":"id","country":"id","chineseCountryName":"印尼","pkg":"com.spaceship.screen.textcopy"},"orders":["com.recognize_text.translate.screen","com.spaceship.screen.textcopy","com.tap_to_translate.snap_translate","com.gaminik.i18n","com.niven.translator","com.niven.game","com.screen.translate.google","com.niven.comic","com.youdao.hindict","com.google.android.apps.translate","com.newmg.yurao.pro","com.android.chrome","com.facebook.orca"]},{"rank":{"index":2,"lang":"es-mx","country":"mx","chineseCountryName":"墨西哥","pkg":"com.spaceship.screen.textcopy"},"orders":["com.recognize_text.translate.screen","com.spaceship.screen.textcopy","com.tap_to_translate.snap_translate","com.niven.game","com.google.android.apps.translate","com.gaminik.i18n","com.youdao.hindict","com.microsoft.translator","com.screen.translate.google","at.nk.tools.iTranslate","com.niven.comic","com.deepl.mobiletranslator","com.naver.labs.translator","ru.yandex.translate","com.zaz.translate","com.newmg.yurao.pro","com.softissimo.reverso.context","com.google.android.marvin.talkback","com.translate.talkingtranslator","com.niven.translator"]}]