[{"rank":{"index":2,"lang":"en-us","country":"us","chineseCountryName":"美国","pkg":"com.spaceship.screen.textcopy"},"orders":["com.recognize_text.translate.screen","com.spaceship.screen.textcopy","com.niven.translator","com.google.android.apps.translate","com.screen.translate.google","com.tap_to_translate.snap_translate","com.galaxy.airviewdictionary","com.newmg.yurao.pro","com.gaminik.i18n","com.deepl.mobiletranslator","com.microsoft.translator","com.immersivetranslate.browser","at.nk.tools.iTranslate","com.translate.talkingtranslator","photo.translate.camera.translator","com.datacomprojects.scanandtranslate","ru.yandex.translate","co.appnation.aivoicetranslator","com.fapp.translate.language.translator.fasttranslation","com.niven.game"]},{"rank":{"index":4,"lang":"ru","country":"ru","chineseCountryName":"俄罗斯","pkg":"com.spaceship.screen.textcopy"},"orders":["com.recognize_text.translate.screen","com.niven.translator","com.tap_to_translate.snap_translate","com.spaceship.screen.textcopy","com.gaminik.i18n","com.newmg.yurao.pro","com.screen.translate.google","com.galaxy.airviewdictionary","ru.yandex.translate","com.deepl.mobiletranslator","com.microsoft.translator","com.niven.game","com.immersivetranslate.browser"]},{"rank":{"index":2,"lang":"pt-br","country":"br","chineseCountryName":"巴西","pkg":"com.spaceship.screen.textcopy"},"orders":["com.recognize_text.translate.screen","com.spaceship.screen.textcopy","com.niven.translator","com.tap_to_translate.snap_translate","com.gaminik.i18n","com.galaxy.airviewdictionary","com.screen.translate.google","com.newmg.yurao.pro","com.deepl.mobiletranslator","com.immersivetranslate.browser","com.google.android.apps.translate","at.nk.tools.iTranslate","com.niven.apptranslate","com.microsoft.translator","com.niven.game","com.fapp.translate.language.translator.fasttranslation","photo.translate.camera.translator","ru.yandex.translate","com.eecorp.linguago","com.datacomprojects.scanandtranslate"]},{"rank":{"index":2,"lang":"fr","country":"fr","chineseCountryName":"法国","pkg":"com.spaceship.screen.textcopy"},"orders":["com.recognize_text.translate.screen","com.spaceship.screen.textcopy","com.tap_to_translate.snap_translate","com.niven.translator","com.screen.translate.google","com.gaminik.i18n","com.galaxy.airviewdictionary","com.newmg.yurao.pro","com.deepl.mobiletranslator","com.immersivetranslate.browser","com.google.android.apps.translate","com.voice_camera_free_translate","com.niven.apptranslate","com.datacomprojects.scanandtranslate","com.fapp.translate.language.translator.fasttranslation","at.nk.tools.iTranslate","com.microsoft.translator","ru.yandex.translate","live.screentranslate.realtime","link.zhidou.btranslator"]},{"rank":{"index":2,"lang":"en-gb","country":"gb","chineseCountryName":"英国","pkg":"com.spaceship.screen.textcopy"},"orders":["com.recognize_text.translate.screen","com.spaceship.screen.textcopy","com.niven.translator","com.screen.translate.google","com.galaxy.airviewdictionary","com.google.android.apps.translate","com.gaminik.i18n","com.newmg.yurao.pro","com.tap_to_translate.snap_translate","com.deepl.mobiletranslator","com.microsoft.translator","at.nk.tools.iTranslate","com.immersivetranslate.browser","com.fapp.translate.language.translator.fasttranslation","photo.translate.camera.translator","com.datacomprojects.scanandtranslate","co.appnation.aivoicetranslator","ru.yandex.translate","com.niven.game","com.phototranslator.camera.voicetranslate.texttranslation"]},{"rank":{"index":6,"lang":"de","country":"de","chineseCountryName":"德国","pkg":"com.spaceship.screen.textcopy"},"orders":["com.recognize_text.translate.screen","com.tap_to_translate.snap_translate","com.niven.translator","com.galaxy.airviewdictionary","com.screen.translate.google","com.spaceship.screen.textcopy","com.gaminik.i18n","com.newmg.yurao.pro","com.deepl.mobiletranslator","com.immersivetranslate.browser","com.google.android.apps.translate","at.nk.tools.iTranslate","com.microsoft.translator","com.fapp.translate.language.translator.fasttranslation"]},{"rank":{"index":2,"lang":"it","country":"it","chineseCountryName":"意大利","pkg":"com.spaceship.screen.textcopy"},"orders":["com.recognize_text.translate.screen","com.spaceship.screen.textcopy","com.niven.translator","com.galaxy.airviewdictionary","com.tap_to_translate.snap_translate","com.screen.translate.google","com.gaminik.i18n","com.newmg.yurao.pro","com.deepl.mobiletranslator","com.google.android.apps.translate","com.microsoft.translator","com.immersivetranslate.browser"]},{"rank":{"index":3,"lang":"ja","country":"jp","chineseCountryName":"日本","pkg":"com.spaceship.screen.textcopy"},"orders":["com.recognize_text.translate.screen","com.tap_to_translate.snap_translate","com.spaceship.screen.textcopy","com.niven.translator","com.gaminik.i18n","com.galaxy.airviewdictionary","com.deepl.mobiletranslator","com.screen.translate.google","com.newmg.yurao.pro","com.immersivetranslate.browser","com.google.android.apps.translate","com.microsoft.translator","at.nk.tools.iTranslate","com.translate.talkingtranslator"]},{"rank":{"index":4,"lang":"ko","country":"kr","chineseCountryName":"韩国","pkg":"com.spaceship.screen.textcopy"},"orders":["com.recognize_text.translate.screen","com.tap_to_translate.snap_translate","com.niven.translator","com.spaceship.screen.textcopy","com.gaminik.i18n","com.newmg.yurao.pro","com.screen.translate.google","com.galaxy.airviewdictionary","com.immersivetranslate.browser","com.deepl.mobiletranslator","com.google.android.apps.translate","com.niven.apptranslate","com.naver.labs.translator"]},{"rank":{"index":2,"lang":"zh-hk","country":"hk","chineseCountryName":"香港","pkg":"com.spaceship.screen.textcopy"},"orders":["com.recognize_text.translate.screen","com.spaceship.screen.textcopy","com.tap_to_translate.snap_translate","com.screen.translate.google","com.niven.translator","com.gaminik.i18n","com.galaxy.airviewdictionary","com.newmg.yurao.pro","com.google.android.apps.translate","com.deepl.mobiletranslator","com.immersivetranslate.browser","com.voice_camera_free_translate","com.microsoft.translator","at.nk.tools.iTranslate","com.niven.apptranslate","ru.yandex.translate","com.fapp.translate.language.translator.fasttranslation","com.datacomprojects.scanandtranslate","photo.translate.camera.translator","com.niven.game"]},{"rank":{"index":5,"lang":"zh-tw","country":"tw","chineseCountryName":"台湾","pkg":"com.spaceship.screen.textcopy"},"orders":["com.recognize_text.translate.screen","com.niven.translator","com.galaxy.airviewdictionary","com.screen.translate.google","com.spaceship.screen.textcopy","com.newmg.yurao.pro","com.gaminik.i18n","com.tap_to_translate.snap_translate","com.deepl.mobiletranslator","com.google.android.apps.translate","com.immersivetranslate.browser","at.nk.tools.iTranslate","com.microsoft.translator","com.niven.apptranslate","com.fapp.translate.language.translator.fasttranslation","ru.yandex.translate","com.translate.talkingtranslator","com.microsoft.teams","com.naver.labs.translator","com.datacomprojects.scanandtranslate"]},{"rank":{"index":2,"lang":"en","country":"in","chineseCountryName":"印度","pkg":"com.spaceship.screen.textcopy"},"orders":["com.recognize_text.translate.screen","com.spaceship.screen.textcopy","com.newmg.yurao.pro","com.google.android.apps.translate"]},{"rank":{"index":2,"lang":"id","country":"id","chineseCountryName":"印尼","pkg":"com.spaceship.screen.textcopy"},"orders":["com.recognize_text.translate.screen","com.spaceship.screen.textcopy","com.tap_to_translate.snap_translate","com.niven.translator","com.screen.translate.google","com.gaminik.i18n","com.newmg.yurao.pro","com.galaxy.airviewdictionary","com.deepl.mobiletranslator","com.google.android.apps.translate","at.nk.tools.iTranslate","com.immersivetranslate.browser","com.niven.apptranslate","com.fapp.translate.language.translator.fasttranslation"]},{"rank":{"index":2,"lang":"es-mx","country":"mx","chineseCountryName":"墨西哥","pkg":"com.spaceship.screen.textcopy"},"orders":["com.recognize_text.translate.screen","com.spaceship.screen.textcopy","com.tap_to_translate.snap_translate","com.niven.translator","com.galaxy.airviewdictionary","com.gaminik.i18n","com.newmg.yurao.pro","com.screen.translate.google","com.deepl.mobiletranslator","com.google.android.apps.translate","com.voice_camera_free_translate","com.immersivetranslate.browser","com.niven.apptranslate","com.microsoft.translator","at.nk.tools.iTranslate","com.niven.game","com.fapp.translate.language.translator.fasttranslation","com.datacomprojects.scanandtranslate","com.eecorp.linguago","ru.yandex.translate"]}]