[{"rank":{"index":2,"lang":"en-us","country":"us","chineseCountryName":"美国","pkg":"com.spaceship.screen.textcopy"},"orders":["com.recognize_text.translate.screen","com.spaceship.screen.textcopy","com.google.android.apps.translate","com.microsoft.translator","com.screen.translate.google","com.niven.translator","com.gaminik.i18n","com.niven.game","at.nk.tools.iTranslate","com.newmg.yurao.pro","com.zaz.translate","com.screen.translator.text.recognize","com.niven.comic","com.deepl.mobiletranslator","com.naver.labs.translator","com.translate.language.translator.voice.translation","com.sayhi.android.sayhitranslate","com.google.ar.lens","com.easytranslate.easytranslate","com.royalappcode.translation.voice.language.chat.interpreter"]},{"rank":{"index":2,"lang":"ru","country":"ru","chineseCountryName":"俄罗斯","pkg":"com.spaceship.screen.textcopy"},"orders":["com.recognize_text.translate.screen","com.spaceship.screen.textcopy","com.niven.translator","com.niven.game","com.gaminik.i18n","com.screen.translate.google","ru.yandex.translate","com.niven.comic","com.newmg.yurao.pro","com.microsoft.translator","com.screen.translator.text.recognize","com.google.android.apps.translate","com.deepl.mobiletranslator","com.android.chrome","com.facebook.orca","com.discord","com.tap_to_translate.snap_translate","com.google.android.dialer","com.google.android.apps.photos","com.google.android.apps.nbu.files"]},{"rank":{"index":2,"lang":"fr","country":"fr","chineseCountryName":"法国","pkg":"com.spaceship.screen.textcopy"},"orders":["com.recognize_text.translate.screen","com.spaceship.screen.textcopy","com.screen.translate.google","com.niven.translator","com.niven.game","com.gaminik.i18n","com.microsoft.translator","com.google.android.apps.translate","com.screen.translator.text.recognize","com.newmg.yurao.pro","com.niven.comic","com.facebook.orca","com.discord","com.android.chrome","com.google.android.apps.photos","com.deepl.mobiletranslator","com.microsoft.office.outlook","com.google.android.calendar","com.skype.raider","com.truecaller"]},{"rank":{"index":2,"lang":"en-gb","country":"gb","chineseCountryName":"英国","pkg":"com.spaceship.screen.textcopy"},"orders":["com.recognize_text.translate.screen","com.spaceship.screen.textcopy","com.gaminik.i18n","com.google.android.apps.translate","com.microsoft.translator","com.screen.translate.google","com.niven.translator","com.niven.game","at.nk.tools.iTranslate","com.newmg.yurao.pro","com.zaz.translate","com.screen.translator.text.recognize","com.deepl.mobiletranslator","com.niven.comic","com.image.camera.translate.ai","com.naver.labs.translator","com.royalappcode.translation.voice.language.chat.interpreter","ru.yandex.translate","com.facebook.orca","com.google.ar.lens"]},{"rank":{"index":2,"lang":"de","country":"de","chineseCountryName":"德国","pkg":"com.spaceship.screen.textcopy"},"orders":["com.recognize_text.translate.screen","com.spaceship.screen.textcopy","com.gaminik.i18n","com.screen.translate.google","com.niven.translator","com.niven.game","com.microsoft.translator","com.google.android.apps.translate","com.screen.translator.text.recognize","com.newmg.yurao.pro","com.niven.comic","com.deepl.mobiletranslator","at.nk.tools.iTranslate","com.image.camera.translate.ai","com.facebook.orca","com.discord","com.android.chrome","ru.yandex.translate","com.skype.raider","com.google.android.apps.photos"]},{"rank":{"index":2,"lang":"it","country":"it","chineseCountryName":"意大利","pkg":"com.spaceship.screen.textcopy"},"orders":["com.recognize_text.translate.screen","com.spaceship.screen.textcopy","com.niven.game","com.niven.translator","com.screen.translate.google","com.gaminik.i18n","com.microsoft.translator","com.google.android.apps.translate","com.screen.translator.text.recognize","com.niven.comic","com.newmg.yurao.pro","com.deepl.mobiletranslator","at.nk.tools.iTranslate","com.zaz.translate","com.image.camera.translate.ai","com.eecorp.taptranslator","com.softissimo.reverso.context","com.facebook.orca","com.google.android.dialer","com.google.android.apps.maps"]},{"rank":{"index":2,"lang":"ja","country":"jp","chineseCountryName":"日本","pkg":"com.spaceship.screen.textcopy"},"orders":["com.recognize_text.translate.screen","com.spaceship.screen.textcopy","com.gaminik.i18n","com.niven.translator","com.screen.translate.google","com.niven.game","com.microsoft.translator","com.google.android.apps.translate","com.screen.translator.text.recognize","com.niven.comic","com.facebook.orca","com.naver.labs.translator","com.deepl.mobiletranslator","com.android.chrome","com.discord","com.google.android.apps.maps","com.amazon.kindle","com.duolingo","com.google.android.apps.nbu.files","us.zoom.videomeetings"]},{"rank":{"index":2,"lang":"ko","country":"kr","chineseCountryName":"韩国","pkg":"com.spaceship.screen.textcopy"},"orders":["com.recognize_text.translate.screen","com.spaceship.screen.textcopy","com.gaminik.i18n","com.niven.translator","com.niven.game","com.screen.translate.google","com.google.android.apps.translate","com.microsoft.translator","com.newmg.yurao.pro","com.naver.labs.translator","com.niven.comic","com.facebook.orca","com.screen.translator.text.recognize","com.discord","com.android.chrome","com.deepl.mobiletranslator","com.sec.android.app.sbrowser","us.zoom.videomeetings","com.google.android.apps.photos","com.openai.chatgpt"]},{"rank":{"index":2,"lang":"zh-hk","country":"hk","chineseCountryName":"香港","pkg":"com.spaceship.screen.textcopy"},"orders":["com.recognize_text.translate.screen","com.spaceship.screen.textcopy","com.gaminik.i18n","com.screen.translate.google","com.niven.translator","com.niven.game","com.microsoft.translator","com.google.android.apps.translate","at.nk.tools.iTranslate","com.screen.translator.text.recognize","com.newmg.yurao.pro","com.niven.comic","com.zaz.translate","com.naver.labs.translator","com.image.camera.translate.ai","com.android.chrome","com.deepl.mobiletranslator","com.facebook.orca","com.google.android.apps.maps","com.google.ar.lens"]},{"rank":{"index":2,"lang":"zh-tw","country":"tw","chineseCountryName":"台湾","pkg":"com.spaceship.screen.textcopy"},"orders":["com.recognize_text.translate.screen","com.spaceship.screen.textcopy","com.niven.game","com.screen.translate.google","com.niven.translator","com.microsoft.translator","com.gaminik.i18n","com.google.android.apps.translate","com.niven.comic","com.screen.translator.text.recognize","com.naver.labs.translator","com.newmg.yurao.pro","at.nk.tools.iTranslate","com.zaz.translate","com.deepl.mobiletranslator","com.google.ar.lens","com.image.camera.translate.ai","com.google.android.apps.maps","com.eecorp.taptranslator","ru.yandex.translate"]},{"rank":{"index":2,"lang":"en","country":"in","chineseCountryName":"印度","pkg":"com.spaceship.screen.textcopy"},"orders":["com.recognize_text.translate.screen","com.spaceship.screen.textcopy","com.google.android.apps.translate","com.screen.translate.google","com.newmg.yurao.pro","com.microsoft.translator","com.niven.translator","com.niven.game","com.gaminik.i18n","com.zaz.translate","at.nk.tools.iTranslate","com.tap_to_translate.snap_translate","com.naver.labs.translator","com.deepl.mobiletranslator","ru.yandex.translate","com.google.ar.lens"]},{"rank":{"index":2,"lang":"id","country":"id","chineseCountryName":"印尼","pkg":"com.spaceship.screen.textcopy"},"orders":["com.recognize_text.translate.screen","com.spaceship.screen.textcopy","com.niven.game","com.niven.translator","com.gaminik.i18n","com.screen.translate.google","com.niven.comic","com.google.android.apps.translate","com.screen.translator.text.recognize","com.newmg.yurao.pro","com.android.chrome"]},{"rank":{"index":2,"lang":"es-mx","country":"mx","chineseCountryName":"墨西哥","pkg":"com.spaceship.screen.textcopy"},"orders":["com.recognize_text.translate.screen","com.spaceship.screen.textcopy","com.niven.game","com.google.android.apps.translate","com.gaminik.i18n","com.screen.translate.google","com.tap_to_translate.snap_translate","at.nk.tools.iTranslate","com.deepl.mobiletranslator","com.niven.comic","com.microblink.photomath","com.naver.labs.translator","com.youdao.hindict","com.niven.translator","com.microsoft.translator"]}]