[{"rank":{"index":2,"lang":"en-us","country":"us","chineseCountryName":"美国","pkg":"com.spaceship.screen.textcopy"},"orders":["com.recognize_text.translate.screen","com.spaceship.screen.textcopy","com.tap_to_translate.snap_translate","com.niven.translator","com.google.android.apps.translate","com.screen.translate.google","com.newmg.yurao.pro","com.gaminik.i18n","com.immersivetranslate.browser","com.deepl.mobiletranslator","com.microsoft.translator","com.zaz.translate","com.fapp.translate.language.translator.fasttranslation","at.nk.tools.iTranslate","com.niven.game","com.naver.labs.translator","com.niven.apptranslate","com.voice_camera_free_translate","ru.yandex.translate","com.google.ar.lens"]},{"rank":{"index":0,"lang":"ru","country":"ru","chineseCountryName":"俄罗斯","pkg":"com.spaceship.screen.textcopy"},"orders":["com.recognize_text.translate.screen","com.niven.translator","com.tap_to_translate.snap_translate","com.newmg.yurao.pro","com.gaminik.i18n","com.screen.translate.google","com.niven.game","ru.yandex.translate","com.immersivetranslate.browser","com.google.android.apps.translate","com.zaz.translate","com.deepl.mobiletranslator"]},{"rank":{"index":2,"lang":"pt-br","country":"br","chineseCountryName":"巴西","pkg":"com.spaceship.screen.textcopy"},"orders":["com.recognize_text.translate.screen","com.spaceship.screen.textcopy","com.tap_to_translate.snap_translate","com.newmg.yurao.pro","com.gaminik.i18n","com.zaz.translate","com.google.android.apps.translate","at.nk.tools.iTranslate","com.microsoft.translator","com.deepl.mobiletranslator","com.immersivetranslate.browser","ru.yandex.translate","photo.translate.camera.translator","com.tangdi.baiguotong","com.voice_camera_free_translate","com.niven.translator","com.screen.translate.google","com.fapp.translate.language.translator.fasttranslation","com.niven.game","com.niven.apptranslate"]},{"rank":{"index":3,"lang":"fr","country":"fr","chineseCountryName":"法国","pkg":"com.spaceship.screen.textcopy"},"orders":["com.recognize_text.translate.screen","com.tap_to_translate.snap_translate","com.spaceship.screen.textcopy","com.niven.translator","com.screen.translate.google","com.newmg.yurao.pro","com.gaminik.i18n","com.immersivetranslate.browser","com.google.android.apps.translate","com.fapp.translate.language.translator.fasttranslation","com.deepl.mobiletranslator","com.microsoft.translator","com.zaz.translate","com.niven.game","com.niven.apptranslate","com.voice_camera_free_translate","ru.yandex.translate","at.nk.tools.iTranslate","photo.translate.camera.translator","com.google.ar.lens"]},{"rank":{"index":2,"lang":"en-gb","country":"gb","chineseCountryName":"英国","pkg":"com.spaceship.screen.textcopy"},"orders":["com.recognize_text.translate.screen","com.spaceship.screen.textcopy","com.niven.translator","com.google.android.apps.translate","com.screen.translate.google","com.tap_to_translate.snap_translate","com.newmg.yurao.pro","com.gaminik.i18n","com.immersivetranslate.browser","com.zaz.translate","com.deepl.mobiletranslator","com.microsoft.translator","com.fapp.translate.language.translator.fasttranslation","com.niven.game","com.niven.apptranslate","at.nk.tools.iTranslate","ru.yandex.translate","com.voice_camera_free_translate","com.naver.labs.translator","com.google.ar.lens"]},{"rank":{"index":3,"lang":"de","country":"de","chineseCountryName":"德国","pkg":"com.spaceship.screen.textcopy"},"orders":["com.recognize_text.translate.screen","com.niven.translator","com.spaceship.screen.textcopy","com.tap_to_translate.snap_translate","com.screen.translate.google","com.newmg.yurao.pro","com.gaminik.i18n","com.immersivetranslate.browser","com.fapp.translate.language.translator.fasttranslation","com.zaz.translate","com.google.android.apps.translate","com.deepl.mobiletranslator","com.microsoft.translator","com.niven.game","com.niven.apptranslate","at.nk.tools.iTranslate","ru.yandex.translate","com.voice_camera_free_translate","photo.translate.camera.translator","com.eecorp.linguago"]},{"rank":{"index":2,"lang":"it","country":"it","chineseCountryName":"意大利","pkg":"com.spaceship.screen.textcopy"},"orders":["com.recognize_text.translate.screen","com.spaceship.screen.textcopy","com.tap_to_translate.snap_translate","com.niven.translator","com.screen.translate.google","com.gaminik.i18n","com.newmg.yurao.pro","com.immersivetranslate.browser","com.google.android.apps.translate","com.fapp.translate.language.translator.fasttranslation","com.zaz.translate","com.deepl.mobiletranslator","com.microsoft.translator","com.niven.apptranslate","com.niven.game","at.nk.tools.iTranslate","com.voice_camera_free_translate","camtranslator.voice.text.image.translate","ru.yandex.translate","com.google.ar.lens"]},{"rank":{"index":2,"lang":"ja","country":"jp","chineseCountryName":"日本","pkg":"com.spaceship.screen.textcopy"},"orders":["com.recognize_text.translate.screen","com.spaceship.screen.textcopy","com.tap_to_translate.snap_translate","com.niven.translator","com.newmg.yurao.pro","com.gaminik.i18n","com.screen.translate.google","com.immersivetranslate.browser","com.zaz.translate","com.google.android.apps.translate","com.deepl.mobiletranslator"]},{"rank":{"index":2,"lang":"ko","country":"kr","chineseCountryName":"韩国","pkg":"com.spaceship.screen.textcopy"},"orders":["com.recognize_text.translate.screen","com.spaceship.screen.textcopy","com.niven.translator","com.tap_to_translate.snap_translate","com.gaminik.i18n","com.newmg.yurao.pro","com.screen.translate.google","com.immersivetranslate.browser","com.zaz.translate","com.google.android.apps.translate","com.fapp.translate.language.translator.fasttranslation","com.naver.labs.translator","com.niven.apptranslate","com.niven.game","com.deepl.mobiletranslator","com.voice_camera_free_translate","com.microsoft.translator","at.nk.tools.iTranslate","com.eecorp.linguago","com.openai.chatgpt"]},{"rank":{"index":2,"lang":"zh-hk","country":"hk","chineseCountryName":"香港","pkg":"com.spaceship.screen.textcopy"},"orders":["com.recognize_text.translate.screen","com.spaceship.screen.textcopy","com.screen.translate.google","com.tap_to_translate.snap_translate","com.niven.translator","com.gaminik.i18n","com.newmg.yurao.pro","com.google.android.apps.translate","com.immersivetranslate.browser","com.zaz.translate","com.fapp.translate.language.translator.fasttranslation","com.microsoft.translator","com.deepl.mobiletranslator","com.niven.apptranslate","com.voice_camera_free_translate","com.niven.game","com.naver.labs.translator","at.nk.tools.iTranslate","com.google.ar.lens","ru.yandex.translate"]},{"rank":{"index":2,"lang":"zh-tw","country":"tw","chineseCountryName":"台湾","pkg":"com.spaceship.screen.textcopy"},"orders":["com.recognize_text.translate.screen","com.spaceship.screen.textcopy","com.screen.translate.google","com.niven.translator","com.newmg.yurao.pro","com.gaminik.i18n","com.immersivetranslate.browser","com.tap_to_translate.snap_translate","com.google.android.apps.translate","com.fapp.translate.language.translator.fasttranslation","com.zaz.translate","com.niven.apptranslate","com.niven.game","com.deepl.mobiletranslator","com.google.ar.lens","com.naver.labs.translator","com.microsoft.translator","com.openai.chatgpt","com.netflix.mediaclient","com.instagram.barcelona"]},{"rank":{"index":3,"lang":"en","country":"in","chineseCountryName":"印度","pkg":"com.spaceship.screen.textcopy"},"orders":["com.recognize_text.translate.screen","com.newmg.yurao.pro","com.spaceship.screen.textcopy","com.google.android.apps.translate","com.zaz.translate"]},{"rank":{"index":3,"lang":"id","country":"id","chineseCountryName":"印尼","pkg":"com.spaceship.screen.textcopy"},"orders":["com.recognize_text.translate.screen","com.tap_to_translate.snap_translate","com.spaceship.screen.textcopy","com.niven.translator","com.screen.translate.google","com.newmg.yurao.pro","com.gaminik.i18n","com.google.android.apps.translate","com.fapp.translate.language.translator.fasttranslation","com.niven.game","com.immersivetranslate.browser","com.zaz.translate","com.niven.apptranslate","com.deepl.mobiletranslator"]},{"rank":{"index":2,"lang":"es-mx","country":"mx","chineseCountryName":"墨西哥","pkg":"com.spaceship.screen.textcopy"},"orders":["com.recognize_text.translate.screen","com.spaceship.screen.textcopy","com.tap_to_translate.snap_translate","com.newmg.yurao.pro","com.gaminik.i18n","com.google.android.apps.translate","com.zaz.translate","com.microsoft.translator","at.nk.tools.iTranslate","com.deepl.mobiletranslator","com.immersivetranslate.browser","ru.yandex.translate","com.google.ar.lens","photo.translate.camera.translator","com.voice_camera_free_translate","com.aldoo.pdftranslatorpro","com.niven.translator","com.screen.translate.google","com.fapp.translate.language.translator.fasttranslation","com.niven.game"]}]