[{"rank":{"index":2,"lang":"en-us","country":"us","chineseCountryName":"美国","pkg":"com.spaceship.screen.textcopy"},"orders":["com.recognize_text.translate.screen","com.spaceship.screen.textcopy","com.gaminik.i18n","com.google.android.apps.translate","com.screen.translate.google","com.niven.translator","com.niven.game","com.newmg.yurao.pro","com.deepl.mobiletranslator","com.microsoft.translator","com.tangdi.baiguotong","com.google.android.apps.photos","com.android.chrome","com.google.android.deskclock","com.facebook.orca","com.google.android.apps.maps","com.google.android.dialer","com.google.android.keep","com.google.android.calendar","com.discord"]},{"rank":{"index":1,"lang":"ru","country":"ru","chineseCountryName":"俄罗斯","pkg":"com.spaceship.screen.textcopy"},"orders":["com.spaceship.screen.textcopy","com.niven.translator","com.gaminik.i18n","com.niven.game","com.newmg.yurao.pro","com.screen.translate.google","com.recognize_text.translate.screen","com.google.android.apps.translate","ru.yandex.translate","com.deepl.mobiletranslator","com.facebook.orca","com.android.chrome","com.discord","com.skype.raider","com.google.android.dialer","us.zoom.videomeetings","com.google.android.deskclock","com.google.android.apps.photos","com.google.ar.core","com.google.android.apps.kids.familylink"]},{"rank":{"index":2,"lang":"fr","country":"fr","chineseCountryName":"法国","pkg":"com.spaceship.screen.textcopy"},"orders":["com.recognize_text.translate.screen","com.spaceship.screen.textcopy","com.gaminik.i18n","com.newmg.yurao.pro","com.niven.game","com.niven.translator","com.screen.translate.google","com.google.android.apps.translate","com.discord","com.facebook.orca","com.google.android.apps.photos","com.amazon.kindle","com.android.chrome","com.skype.raider","com.microsoft.office.outlook","com.deepl.mobiletranslator","us.zoom.videomeetings","com.canva.editor","com.google.android.calendar","com.ubercab"]},{"rank":{"index":2,"lang":"en-gb","country":"gb","chineseCountryName":"英国","pkg":"com.spaceship.screen.textcopy"},"orders":["com.recognize_text.translate.screen","com.spaceship.screen.textcopy","com.gaminik.i18n","com.google.android.apps.translate","com.niven.game","com.niven.translator","com.screen.translate.google","com.newmg.yurao.pro","com.deepl.mobiletranslator","com.microsoft.translator","at.nk.tools.iTranslate","com.google.ar.lens","com.google.android.inputmethod.latin","com.facebook.orca","com.android.chrome","com.google.android.apps.photos","com.duolingo","com.amazon.kindle","com.ubercab","com.niven.apptranslate"]},{"rank":{"index":2,"lang":"de","country":"de","chineseCountryName":"德国","pkg":"com.spaceship.screen.textcopy"},"orders":["com.recognize_text.translate.screen","com.spaceship.screen.textcopy","com.gaminik.i18n","com.newmg.yurao.pro","com.screen.translate.google","com.google.android.apps.translate","com.niven.game","com.niven.translator","com.deepl.mobiletranslator","com.discord","com.facebook.orca","com.microsoft.translator","com.amazon.kindle","com.android.chrome","com.google.android.apps.photos","us.zoom.videomeetings","com.skype.raider","com.truecaller","com.google.android.apps.maps","com.adobe.reader"]},{"rank":{"index":2,"lang":"it","country":"it","chineseCountryName":"意大利","pkg":"com.spaceship.screen.textcopy"},"orders":["com.recognize_text.translate.screen","com.spaceship.screen.textcopy","com.gaminik.i18n","com.newmg.yurao.pro","com.niven.game","com.screen.translate.google","com.niven.translator","com.google.android.apps.translate","com.deepl.mobiletranslator","com.facebook.orca","com.discord","com.google.android.apps.photos","com.amazon.kindle","us.zoom.videomeetings","com.android.chrome","com.canva.editor","com.skype.raider","com.microsoft.office.outlook","com.microsoft.office.officehubrow","com.adobe.reader"]},{"rank":{"index":1,"lang":"ja","country":"jp","chineseCountryName":"日本","pkg":"com.spaceship.screen.textcopy"},"orders":["com.spaceship.screen.textcopy","com.gaminik.i18n","com.recognize_text.translate.screen","com.screen.translate.google","com.niven.game","com.google.android.apps.translate","com.niven.translator","com.deepl.mobiletranslator","com.newmg.yurao.pro","com.tangdi.baiguotong","com.facebook.orca","com.android.chrome","com.naver.labs.translator","com.discord","com.google.android.apps.maps","com.google.android.deskclock","com.amazon.kindle","at.nk.tools.iTranslate","com.skype.raider","com.google.android.calendar"]},{"rank":{"index":1,"lang":"ko","country":"kr","chineseCountryName":"韩国","pkg":"com.spaceship.screen.textcopy"},"orders":["com.spaceship.screen.textcopy","com.recognize_text.translate.screen","com.niven.game","com.gaminik.i18n","com.niven.translator","com.screen.translate.google","com.newmg.yurao.pro","com.google.android.apps.translate","com.niven.apptranslate","com.facebook.orca","com.discord","com.naver.labs.translator","us.zoom.videomeetings","com.android.chrome","com.sec.android.app.sbrowser","com.ubercab","com.google.android.apps.photos","com.google.android.apps.youtube.creator","com.google.ar.core","com.duolingo"]},{"rank":{"index":1,"lang":"zh-hk","country":"hk","chineseCountryName":"香港","pkg":"com.spaceship.screen.textcopy"},"orders":["com.spaceship.screen.textcopy","com.gaminik.i18n","com.recognize_text.translate.screen","com.niven.game","com.niven.translator","com.screen.translate.google","com.google.android.apps.translate","com.newmg.yurao.pro","com.android.chrome","com.facebook.orca","com.deepl.mobiletranslator","com.google.android.apps.maps","com.discord","us.zoom.videomeetings","com.skype.raider","com.google.android.apps.photos","com.ubercab","com.sec.android.app.sbrowser","com.naver.labs.translator","com.duolingo"]},{"rank":{"index":1,"lang":"zh-tw","country":"tw","chineseCountryName":"台湾","pkg":"com.spaceship.screen.textcopy"},"orders":["com.spaceship.screen.textcopy","com.recognize_text.translate.screen","com.newmg.yurao.pro","com.gaminik.i18n","com.niven.game","com.screen.translate.google","com.niven.translator","com.google.android.apps.translate","com.facebook.orca","com.discord","com.google.android.apps.maps","com.android.chrome","com.skype.raider","com.naver.labs.translator","com.ubercab","us.zoom.videomeetings","com.google.android.apps.photos","com.duolingo","com.canva.editor","com.openai.chatgpt"]},{"rank":{"index":3,"lang":"en","country":"in","chineseCountryName":"印度","pkg":"com.spaceship.screen.textcopy"},"orders":["com.recognize_text.translate.screen","com.google.android.apps.translate","com.spaceship.screen.textcopy","com.niven.game","com.newmg.yurao.pro","com.niven.translator","com.screen.translate.google","com.microblink.photomath","com.zaz.translate","com.tap_to_translate.snap_translate","com.microsoft.translator","at.nk.tools.iTranslate","com.naver.labs.translator","com.google.android.apps.docs","com.duckduckgo.mobile.android","com.deepl.mobiletranslator","com.google.android.deskclock","ru.yandex.translate","com.azure.authenticator","com.gaminik.i18n"]},{"rank":{"index":1,"lang":"id","country":"id","chineseCountryName":"印尼","pkg":"com.spaceship.screen.textcopy"},"orders":["com.spaceship.screen.textcopy","com.recognize_text.translate.screen","com.gaminik.i18n","com.newmg.yurao.pro","com.niven.translator","com.screen.translate.google","com.niven.game","com.google.android.apps.translate","com.facebook.orca","com.android.chrome","com.tokopedia.tkpd"]},{"rank":{"index":2,"lang":"es-mx","country":"mx","chineseCountryName":"墨西哥","pkg":"com.spaceship.screen.textcopy"},"orders":["com.recognize_text.translate.screen","com.spaceship.screen.textcopy","com.niven.game","com.google.android.apps.translate","com.microblink.photomath","com.niven.translator","com.tap_to_translate.snap_translate","com.deepl.mobiletranslator","com.youdao.hindict","com.google.android.apps.docs","com.duckduckgo.mobile.android","com.naver.labs.translator","com.microsoft.office.word","com.microsoft.translator","com.google.android.deskclock","us.zoom.videomeetings","com.microsoft.emmx","com.android.chrome","com.azure.authenticator","com.gaminik.i18n"]}]