[{"rank":{"index":1,"lang":"en-us","country":"us","chineseCountryName":"美国","pkg":"com.spaceship.screen.textcopy"},"orders":["com.spaceship.screen.textcopy","com.recognize_text.translate.screen","com.tap_to_translate.snap_translate","com.gaminik.i18n","com.microsoft.translator","com.google.android.apps.translate","com.niven.translator","screen.translator.voice.translate","com.niven.game","com.niven.comic","com.newmg.yurao.pro","com.eecorp.linguago","com.eecorp.taptranslator","com.screen.translate.google","com.naver.labs.translator","com.zaz.translate","at.nk.tools.iTranslate","com.niven.apptranslate","com.mobisystems.msdict.embedded.wireless.collins.ee","com.translate.talkingtranslator"]},{"rank":{"index":2,"lang":"ru","country":"ru","chineseCountryName":"俄罗斯","pkg":"com.spaceship.screen.textcopy"},"orders":["com.recognize_text.translate.screen","com.spaceship.screen.textcopy","com.tap_to_translate.snap_translate","com.gaminik.i18n","com.niven.translator","com.microsoft.translator","com.niven.game","com.google.android.apps.translate","com.newmg.yurao.pro","com.screen.translate.google","com.niven.comic","ru.yandex.translate","com.niven.apptranslate","com.ticktalk.translatevoice","com.youdao.hindict","at.nk.tools.iTranslate","com.deepl.mobiletranslator","com.duolingo","com.zaz.translate","us.zoom.videomeetings"]},{"rank":{"index":2,"lang":"pt-br","country":"br","chineseCountryName":"巴西","pkg":"com.spaceship.screen.textcopy"},"orders":["com.recognize_text.translate.screen","com.spaceship.screen.textcopy","com.tap_to_translate.snap_translate","com.gaminik.i18n","com.niven.game","com.niven.translator","com.newmg.yurao.pro","com.niven.comic","com.youdao.hindict","com.google.android.apps.translate","com.microsoft.translator","com.android.chrome","com.screen.translate.google","us.zoom.videomeetings","com.google.android.apps.docs","com.google.android.apps.maps","com.google.android.apps.photos","com.microsoft.office.outlook","com.adobe.reader","com.discord"]},{"rank":{"index":2,"lang":"fr","country":"fr","chineseCountryName":"法国","pkg":"com.spaceship.screen.textcopy"},"orders":["com.recognize_text.translate.screen","com.spaceship.screen.textcopy","com.gaminik.i18n","com.newmg.yurao.pro","com.tap_to_translate.snap_translate","screen.translator.voice.translate","com.niven.game","com.microsoft.translator","com.screen.translate.google","com.niven.translator","com.google.android.apps.translate","com.youdao.hindict","com.niven.comic","com.deepl.mobiletranslator","com.discord","com.duolingo","us.zoom.videomeetings","com.microsoft.office.outlook","com.android.chrome","com.google.android.apps.photos"]},{"rank":{"index":2,"lang":"en-gb","country":"gb","chineseCountryName":"英国","pkg":"com.spaceship.screen.textcopy"},"orders":["com.recognize_text.translate.screen","com.spaceship.screen.textcopy","com.tap_to_translate.snap_translate","com.microsoft.translator","com.gaminik.i18n","com.google.android.apps.translate","com.niven.game","com.newmg.yurao.pro","com.screen.translate.google","com.niven.translator","com.youdao.hindict","com.niven.comic","at.nk.tools.iTranslate","screen.translator.voice.translate","com.zaz.translate","com.deepl.mobiletranslator","com.naver.labs.translator","com.eecorp.taptranslator","com.softissimo.reverso.context","com.translate.talkingtranslator"]},{"rank":{"index":2,"lang":"de","country":"de","chineseCountryName":"德国","pkg":"com.spaceship.screen.textcopy"},"orders":["com.recognize_text.translate.screen","com.spaceship.screen.textcopy","com.gaminik.i18n","com.tap_to_translate.snap_translate","com.newmg.yurao.pro","com.microsoft.translator","com.niven.game","com.screen.translate.google","com.niven.translator","com.google.android.apps.translate","com.deepl.mobiletranslator","com.niven.comic","com.youdao.hindict","com.translate.talkingtranslator","us.zoom.videomeetings","com.microsoft.office.outlook","com.discord","com.softissimo.reverso.context","com.android.chrome","com.google.android.apps.photos"]},{"rank":{"index":2,"lang":"it","country":"it","chineseCountryName":"意大利","pkg":"com.spaceship.screen.textcopy"},"orders":["com.recognize_text.translate.screen","com.spaceship.screen.textcopy","screen.translator.voice.translate","com.gaminik.i18n","com.tap_to_translate.snap_translate","com.niven.translator","com.niven.game","com.niven.comic","com.microsoft.translator","com.eecorp.linguago","com.newmg.yurao.pro","com.screen.translate.google","com.eecorp.taptranslator","com.google.android.apps.translate","com.youdao.hindict","com.chat_translate.screen_translate","com.deepl.mobiletranslator","com.google.android.apps.photos","com.adobe.reader","com.discord"]},{"rank":{"index":2,"lang":"ja","country":"jp","chineseCountryName":"日本","pkg":"com.spaceship.screen.textcopy"},"orders":["com.recognize_text.translate.screen","com.spaceship.screen.textcopy","com.gaminik.i18n","com.niven.game","com.tap_to_translate.snap_translate","com.niven.translator","com.newmg.yurao.pro","com.deepl.mobiletranslator","screen.translator.voice.translate","com.niven.apptranslate","com.niven.comic","com.eecorp.linguago","com.google.android.apps.translate","com.naver.labs.translator","com.eecorp.taptranslator","com.microsoft.translator","com.translate.talkingtranslator","com.android.chrome","com.discord","com.duolingo"]},{"rank":{"index":2,"lang":"ko","country":"kr","chineseCountryName":"韩国","pkg":"com.spaceship.screen.textcopy"},"orders":["com.recognize_text.translate.screen","com.spaceship.screen.textcopy","com.tap_to_translate.snap_translate","com.gaminik.i18n","com.newmg.yurao.pro","com.microsoft.translator","com.niven.translator","com.google.android.apps.translate","com.niven.game","com.niven.comic","com.naver.labs.translator","com.eecorp.linguago","com.screen.translate.google","com.eecorp.taptranslator","com.zaz.translate","com.youdao.hindict","screen.translator.voice.translate","at.nk.tools.iTranslate","com.deepl.mobiletranslator","com.niven.apptranslate"]},{"rank":{"index":2,"lang":"zh-hk","country":"hk","chineseCountryName":"香港","pkg":"com.spaceship.screen.textcopy"},"orders":["com.recognize_text.translate.screen","com.spaceship.screen.textcopy","com.tap_to_translate.snap_translate","com.microsoft.translator","com.gaminik.i18n","com.google.android.apps.translate","com.niven.translator","com.niven.game","com.niven.comic","com.newmg.yurao.pro","com.eecorp.linguago","com.youdao.hindict","com.mg.subtitle.google","com.niven.apptranslate","com.screen.translate.google","com.zaz.translate","at.nk.tools.iTranslate","com.mg.chat","com.naver.labs.translator","com.deepl.mobiletranslator"]},{"rank":{"index":3,"lang":"zh-tw","country":"tw","chineseCountryName":"台湾","pkg":"com.spaceship.screen.textcopy"},"orders":["com.recognize_text.translate.screen","com.tap_to_translate.snap_translate","com.spaceship.screen.textcopy","com.gaminik.i18n","com.microsoft.translator","com.niven.game","com.google.android.apps.translate","com.screen.translate.google","com.niven.comic","com.newmg.yurao.pro","com.niven.translator","at.nk.tools.iTranslate","com.youdao.hindict","com.naver.labs.translator","com.deepl.mobiletranslator","com.eecorp.taptranslator","com.translate.talkingtranslator","com.zaz.translate","com.niven.apptranslate","jp.go.nict.voicetra"]},{"rank":{"index":2,"lang":"en","country":"in","chineseCountryName":"印度","pkg":"com.spaceship.screen.textcopy"},"orders":["com.recognize_text.translate.screen","com.spaceship.screen.textcopy","com.google.android.apps.translate","com.microsoft.translator","com.niven.game","com.gaminik.i18n"]},{"rank":{"index":1,"lang":"id","country":"id","chineseCountryName":"印尼","pkg":"com.spaceship.screen.textcopy"},"orders":["com.spaceship.screen.textcopy","com.recognize_text.translate.screen","com.tap_to_translate.snap_translate","com.gaminik.i18n","com.niven.game","com.newmg.yurao.pro","com.youdao.hindict","com.google.android.apps.translate"]},{"rank":{"index":2,"lang":"es-mx","country":"mx","chineseCountryName":"墨西哥","pkg":"com.spaceship.screen.textcopy"},"orders":["com.recognize_text.translate.screen","com.spaceship.screen.textcopy","com.tap_to_translate.snap_translate","com.gaminik.i18n","com.niven.translator","com.niven.game","com.niven.comic","com.newmg.yurao.pro","com.youdao.hindict","com.eecorp.linguago","com.google.android.apps.translate","com.microsoft.translator","screen.translator.voice.translate","com.screen.translate.google","com.android.chrome","com.google.android.apps.photos","com.google.android.apps.docs","com.discord","com.google.android.apps.maps","us.zoom.videomeetings"]}]