[{"rank":{"index":2,"lang":"en-us","country":"us","chineseCountryName":"美国","pkg":"com.spaceship.screen.textcopy"},"orders":["com.recognize_text.translate.screen","com.spaceship.screen.textcopy","com.tap_to_translate.snap_translate","com.gaminik.i18n","com.microsoft.translator","com.google.android.apps.translate","com.niven.translator","screen.translator.voice.translate","com.niven.game","com.newmg.yurao.pro","at.nk.tools.iTranslate","com.eecorp.taptranslator","com.screen.translate.google","com.niven.comic","com.niven.apptranslate","com.eecorp.linguago","com.deepl.mobiletranslator","us.zoom.videomeetings","com.translate.talkingtranslator","com.google.android.apps.maps"]},{"rank":{"index":2,"lang":"ru","country":"ru","chineseCountryName":"俄罗斯","pkg":"com.spaceship.screen.textcopy"},"orders":["com.recognize_text.translate.screen","com.spaceship.screen.textcopy","com.tap_to_translate.snap_translate","com.gaminik.i18n","com.niven.translator","com.niven.game","com.newmg.yurao.pro","ru.yandex.translate","com.microsoft.translator","com.google.android.apps.translate","com.niven.apptranslate","com.niven.comic","com.screen.translate.google","com.eecorp.linguago","at.nk.tools.iTranslate","screen.translator.voice.translate","com.galaxy.airviewdictionary","us.zoom.videomeetings","com.android.chrome","com.discord"]},{"rank":{"index":2,"lang":"pt-br","country":"br","chineseCountryName":"巴西","pkg":"com.spaceship.screen.textcopy"},"orders":["com.recognize_text.translate.screen","com.spaceship.screen.textcopy","com.tap_to_translate.snap_translate","com.gaminik.i18n","com.niven.translator","com.niven.game","com.niven.comic","com.newmg.yurao.pro","com.niven.apptranslate","com.google.android.apps.translate","screen.translator.voice.translate","com.eecorp.taptranslator","com.google.android.apps.photos","com.google.android.apps.maps","com.eecorp.linguago","com.android.chrome","com.google.android.apps.docs","us.zoom.videomeetings","com.discord","com.microsoft.translator"]},{"rank":{"index":2,"lang":"fr","country":"fr","chineseCountryName":"法国","pkg":"com.spaceship.screen.textcopy"},"orders":["com.recognize_text.translate.screen","com.spaceship.screen.textcopy","com.tap_to_translate.snap_translate","com.gaminik.i18n","com.niven.game","com.niven.translator","screen.translator.voice.translate","com.microsoft.translator","com.niven.comic","com.newmg.yurao.pro","com.niven.apptranslate","com.google.android.apps.translate","com.eecorp.taptranslator","com.screen.translate.google","com.eecorp.linguago","com.galaxy.airviewdictionary","at.nk.tools.iTranslate","com.deepl.mobiletranslator","us.zoom.videomeetings","com.discord"]},{"rank":{"index":2,"lang":"en-gb","country":"gb","chineseCountryName":"英国","pkg":"com.spaceship.screen.textcopy"},"orders":["com.recognize_text.translate.screen","com.spaceship.screen.textcopy","com.tap_to_translate.snap_translate","com.gaminik.i18n","com.microsoft.translator","com.google.android.apps.translate","com.niven.game","com.niven.translator","at.nk.tools.iTranslate","com.newmg.yurao.pro","screen.translator.voice.translate","com.niven.comic","com.niven.apptranslate","com.screen.translate.google","com.eecorp.taptranslator","com.eecorp.linguago","com.zaz.translate","us.zoom.videomeetings","com.google.android.apps.maps","com.galaxy.airviewdictionary"]},{"rank":{"index":2,"lang":"de","country":"de","chineseCountryName":"德国","pkg":"com.spaceship.screen.textcopy"},"orders":["com.recognize_text.translate.screen","com.spaceship.screen.textcopy","com.gaminik.i18n","com.newmg.yurao.pro","com.niven.translator","com.tap_to_translate.snap_translate","com.niven.game","com.eecorp.linguago","com.microsoft.translator","com.google.android.apps.translate","com.niven.apptranslate","com.niven.comic","com.eecorp.taptranslator","com.deepl.mobiletranslator","us.zoom.videomeetings","com.discord","com.android.chrome","com.screen.translate.google","com.google.android.apps.maps","com.google.android.apps.photos"]},{"rank":{"index":2,"lang":"it","country":"it","chineseCountryName":"意大利","pkg":"com.spaceship.screen.textcopy"},"orders":["com.recognize_text.translate.screen","com.spaceship.screen.textcopy","com.gaminik.i18n","screen.translator.voice.translate","com.niven.translator","com.niven.game","com.tap_to_translate.snap_translate","com.microsoft.translator","com.newmg.yurao.pro","com.google.android.apps.translate","com.niven.apptranslate","com.screen.translate.google","com.niven.comic","com.eecorp.linguago","us.zoom.videomeetings","com.discord","com.google.android.apps.photos","com.eecorp.taptranslator","com.microsoft.office.outlook","com.android.chrome"]},{"rank":{"index":1,"lang":"ja","country":"jp","chineseCountryName":"日本","pkg":"com.spaceship.screen.textcopy"},"orders":["com.spaceship.screen.textcopy","com.recognize_text.translate.screen","com.tap_to_translate.snap_translate","com.gaminik.i18n","com.niven.translator","com.niven.game","com.google.android.apps.translate","screen.translator.voice.translate","com.newmg.yurao.pro","com.microsoft.translator","com.niven.apptranslate","com.android.chrome","com.google.android.apps.maps","us.zoom.videomeetings","com.discord","com.deepl.mobiletranslator","com.niven.comic","com.google.ar.lens","com.microsoft.office.outlook","com.google.android.apps.photos"]},{"rank":{"index":2,"lang":"ko","country":"kr","chineseCountryName":"韩国","pkg":"com.spaceship.screen.textcopy"},"orders":["com.recognize_text.translate.screen","com.spaceship.screen.textcopy","com.tap_to_translate.snap_translate","com.gaminik.i18n","com.google.android.apps.translate","com.niven.translator","com.niven.game","com.microsoft.translator","com.newmg.yurao.pro","com.niven.apptranslate","com.niven.comic","com.screen.translate.google","com.naver.labs.translator","com.eecorp.linguago","at.nk.tools.iTranslate","com.galaxy.airviewdictionary","us.zoom.videomeetings","com.discord","com.android.chrome","com.eecorp.taptranslator"]},{"rank":{"index":2,"lang":"zh-hk","country":"hk","chineseCountryName":"香港","pkg":"com.spaceship.screen.textcopy"},"orders":["com.recognize_text.translate.screen","com.spaceship.screen.textcopy","com.tap_to_translate.snap_translate","com.gaminik.i18n","com.microsoft.translator","com.niven.game","com.niven.translator","com.google.android.apps.translate","com.newmg.yurao.pro","at.nk.tools.iTranslate","com.niven.comic","com.screen.translate.google","com.niven.apptranslate","com.eecorp.linguago","com.tangdi.baiguotong","com.android.chrome","com.galaxy.airviewdictionary","com.google.android.apps.maps","us.zoom.videomeetings","com.discord"]},{"rank":{"index":2,"lang":"zh-tw","country":"tw","chineseCountryName":"台湾","pkg":"com.spaceship.screen.textcopy"},"orders":["com.recognize_text.translate.screen","com.spaceship.screen.textcopy","com.tap_to_translate.snap_translate","com.gaminik.i18n","com.niven.game","com.niven.translator","com.microsoft.translator","com.google.android.apps.translate","com.niven.comic","com.newmg.yurao.pro","com.niven.apptranslate","com.screen.translate.google","at.nk.tools.iTranslate","com.eecorp.linguago","com.galaxy.airviewdictionary","com.discord","com.android.chrome","com.google.android.apps.maps","com.eecorp.taptranslator","com.duolingo"]},{"rank":{"index":2,"lang":"en","country":"in","chineseCountryName":"印度","pkg":"com.spaceship.screen.textcopy"},"orders":["com.recognize_text.translate.screen","com.spaceship.screen.textcopy","com.tap_to_translate.snap_translate","com.google.android.apps.translate","com.gaminik.i18n"]},{"rank":{"index":1,"lang":"id","country":"id","chineseCountryName":"印尼","pkg":"com.spaceship.screen.textcopy"},"orders":["com.spaceship.screen.textcopy","com.recognize_text.translate.screen","com.tap_to_translate.snap_translate","com.gaminik.i18n","com.niven.game","com.niven.translator","com.newmg.yurao.pro","com.niven.comic","com.youdao.hindict","com.niven.apptranslate"]},{"rank":{"index":2,"lang":"es-mx","country":"mx","chineseCountryName":"墨西哥","pkg":"com.spaceship.screen.textcopy"},"orders":["com.recognize_text.translate.screen","com.spaceship.screen.textcopy","com.gaminik.i18n","com.tap_to_translate.snap_translate","com.niven.game","com.niven.translator","com.niven.comic","com.newmg.yurao.pro","com.google.android.apps.translate","com.microsoft.translator","us.zoom.videomeetings","com.google.android.apps.photos","com.google.android.apps.maps","com.youdao.hindict","com.android.chrome","com.discord","com.google.android.apps.docs","com.niven.apptranslate","com.microsoft.office.outlook","com.skype.raider"]}]