[{"rank":{"index":2,"lang":"en-us","country":"us","chineseCountryName":"美国","pkg":"com.spaceship.screen.textcopy"},"orders":["com.recognize_text.translate.screen","com.spaceship.screen.textcopy","com.niven.translator","com.tap_to_translate.snap_translate","com.google.android.apps.translate","com.gaminik.i18n","com.newmg.yurao.pro","com.microsoft.translator","com.screen.translate.google","com.deepl.mobiletranslator","com.galaxy.airviewdictionary","com.zaz.translate","com.eecorp.linguago","com.immersivetranslate.browser","com.fapp.translate.language.translator.fasttranslation","com.niven.apptranslate","photo.translate.camera.translator","com.niven.game","live.screentranslate.realtime","at.nk.tools.iTranslate"]},{"rank":{"index":2,"lang":"ru","country":"ru","chineseCountryName":"俄罗斯","pkg":"com.spaceship.screen.textcopy"},"orders":["com.recognize_text.translate.screen","com.spaceship.screen.textcopy","com.niven.translator","com.tap_to_translate.snap_translate","com.newmg.yurao.pro","com.gaminik.i18n","com.microsoft.translator","com.galaxy.airviewdictionary","com.eecorp.linguago","com.google.android.apps.translate","com.screen.translate.google","com.zaz.translate","ru.yandex.translate","com.deepl.mobiletranslator","com.niven.game","com.niven.apptranslate","photo.translate.camera.translator","com.voice_camera_free_translate","live.screentranslate.realtime","com.immersivetranslate.browser"]},{"rank":{"index":2,"lang":"pt-br","country":"br","chineseCountryName":"巴西","pkg":"com.spaceship.screen.textcopy"},"orders":["com.recognize_text.translate.screen","com.spaceship.screen.textcopy","com.tap_to_translate.snap_translate","com.niven.translator","com.gaminik.i18n","com.newmg.yurao.pro","com.galaxy.airviewdictionary","com.eecorp.linguago","com.screen.translate.google","com.microsoft.translator","com.google.android.apps.translate","com.niven.game","live.screentranslate.realtime","photo.translate.camera.translator","com.voice_camera_free_translate","com.immersivetranslate.browser","com.deepl.mobiletranslator","com.niven.apptranslate","com.fapp.translate.language.translator.fasttranslation","com.zaz.translate"]},{"rank":{"index":2,"lang":"fr","country":"fr","chineseCountryName":"法国","pkg":"com.spaceship.screen.textcopy"},"orders":["com.recognize_text.translate.screen","com.spaceship.screen.textcopy","com.tap_to_translate.snap_translate","com.niven.translator","com.gaminik.i18n","com.newmg.yurao.pro","com.galaxy.airviewdictionary","com.microsoft.translator","com.eecorp.linguago","com.zaz.translate","com.screen.translate.google","com.immersivetranslate.browser","com.google.android.apps.translate","com.deepl.mobiletranslator","live.screentranslate.realtime","com.fapp.translate.language.translator.fasttranslation","link.zhidou.btranslator","photo.translate.camera.translator","com.niven.game","com.niven.apptranslate"]},{"rank":{"index":2,"lang":"en-gb","country":"gb","chineseCountryName":"英国","pkg":"com.spaceship.screen.textcopy"},"orders":["com.recognize_text.translate.screen","com.spaceship.screen.textcopy","com.tap_to_translate.snap_translate","com.niven.translator","com.google.android.apps.translate","com.microsoft.translator","com.newmg.yurao.pro","com.gaminik.i18n","com.zaz.translate","com.galaxy.airviewdictionary","com.fapp.translate.language.translator.fasttranslation","com.immersivetranslate.browser","com.eecorp.linguago","com.deepl.mobiletranslator","screen.translator.voice.translate","photo.translate.camera.translator","com.screen.translate.google","com.niven.game","live.screentranslate.realtime","com.voice_camera_free_translate"]},{"rank":{"index":2,"lang":"de","country":"de","chineseCountryName":"德国","pkg":"com.spaceship.screen.textcopy"},"orders":["com.recognize_text.translate.screen","com.spaceship.screen.textcopy","com.niven.translator","com.tap_to_translate.snap_translate","com.gaminik.i18n","com.newmg.yurao.pro","com.screen.translate.google","com.eecorp.linguago","com.microsoft.translator","com.galaxy.airviewdictionary","live.screentranslate.realtime","com.immersivetranslate.browser","com.google.android.apps.translate","com.voice_camera_free_translate","com.deepl.mobiletranslator","com.zaz.translate","com.niven.apptranslate","com.fapp.translate.language.translator.fasttranslation","com.niven.game","com.hive.lingonative"]},{"rank":{"index":2,"lang":"it","country":"it","chineseCountryName":"意大利","pkg":"com.spaceship.screen.textcopy"},"orders":["com.recognize_text.translate.screen","com.spaceship.screen.textcopy","com.tap_to_translate.snap_translate","com.gaminik.i18n","com.niven.translator","com.newmg.yurao.pro","com.galaxy.airviewdictionary","com.eecorp.linguago","com.screen.translate.google","com.google.android.apps.translate","live.screentranslate.realtime","com.microsoft.translator","com.voice_camera_free_translate","com.zaz.translate","com.deepl.mobiletranslator","com.immersivetranslate.browser","com.fapp.translate.language.translator.fasttranslation","com.niven.apptranslate","link.zhidou.btranslator","com.openai.chatgpt"]},{"rank":{"index":2,"lang":"ja","country":"jp","chineseCountryName":"日本","pkg":"com.spaceship.screen.textcopy"},"orders":["com.recognize_text.translate.screen","com.spaceship.screen.textcopy","com.tap_to_translate.snap_translate","com.gaminik.i18n","com.niven.translator","com.newmg.yurao.pro","com.galaxy.airviewdictionary","com.screen.translate.google","com.eecorp.linguago","com.google.android.apps.translate"]},{"rank":{"index":2,"lang":"ko","country":"kr","chineseCountryName":"韩国","pkg":"com.spaceship.screen.textcopy"},"orders":["com.recognize_text.translate.screen","com.spaceship.screen.textcopy","com.tap_to_translate.snap_translate","com.gaminik.i18n","com.niven.translator","com.newmg.yurao.pro","com.galaxy.airviewdictionary","com.screen.translate.google","com.eecorp.linguago","com.naver.labs.translator","live.screentranslate.realtime","com.niven.apptranslate","com.microsoft.translator","com.google.android.apps.translate","com.deepl.mobiletranslator","com.fapp.translate.language.translator.fasttranslation","com.immersivetranslate.browser","link.zhidou.btranslator","com.zaz.translate","com.openai.chatgpt"]},{"rank":{"index":2,"lang":"zh-hk","country":"hk","chineseCountryName":"香港","pkg":"com.spaceship.screen.textcopy"},"orders":["com.recognize_text.translate.screen","com.spaceship.screen.textcopy","com.tap_to_translate.snap_translate","com.gaminik.i18n","com.niven.translator","com.newmg.yurao.pro","com.galaxy.airviewdictionary","com.microsoft.translator","com.google.android.apps.translate","com.screen.translate.google","com.eecorp.linguago","com.niven.apptranslate","com.voice_camera_free_translate","live.screentranslate.realtime","photo.translate.camera.translator","com.zaz.translate","com.fapp.translate.language.translator.fasttranslation","com.deepl.mobiletranslator","com.naver.labs.translator","com.niven.game"]},{"rank":{"index":2,"lang":"zh-tw","country":"tw","chineseCountryName":"台湾","pkg":"com.spaceship.screen.textcopy"},"orders":["com.recognize_text.translate.screen","com.spaceship.screen.textcopy","com.tap_to_translate.snap_translate","com.gaminik.i18n","com.niven.translator","com.newmg.yurao.pro","com.galaxy.airviewdictionary","com.microsoft.translator","com.eecorp.linguago","com.google.android.apps.translate","com.screen.translate.google","live.screentranslate.realtime","com.voice_camera_free_translate","com.niven.apptranslate","photo.translate.camera.translator","com.niven.game","com.fapp.translate.language.translator.fasttranslation","com.deepl.mobiletranslator","com.zaz.translate","com.immersivetranslate.browser"]},{"rank":{"index":2,"lang":"en","country":"in","chineseCountryName":"印度","pkg":"com.spaceship.screen.textcopy"},"orders":["com.recognize_text.translate.screen","com.spaceship.screen.textcopy","com.newmg.yurao.pro"]},{"rank":{"index":2,"lang":"id","country":"id","chineseCountryName":"印尼","pkg":"com.spaceship.screen.textcopy"},"orders":["com.recognize_text.translate.screen","com.spaceship.screen.textcopy","com.tap_to_translate.snap_translate","com.niven.translator","com.gaminik.i18n","com.newmg.yurao.pro","com.galaxy.airviewdictionary","com.eecorp.linguago","com.google.android.apps.translate","com.niven.game","com.microsoft.translator","com.screen.translate.google","com.deepl.mobiletranslator","photo.translate.camera.translator","live.screentranslate.realtime","com.zaz.translate","com.niven.apptranslate","com.fapp.translate.language.translator.fasttranslation","com.naver.labs.translator","com.immersivetranslate.browser"]},{"rank":{"index":1,"lang":"es-mx","country":"mx","chineseCountryName":"墨西哥","pkg":"com.spaceship.screen.textcopy"},"orders":["com.spaceship.screen.textcopy","com.recognize_text.translate.screen","com.tap_to_translate.snap_translate","com.niven.translator","com.gaminik.i18n","com.newmg.yurao.pro","com.galaxy.airviewdictionary","com.eecorp.linguago","live.screentranslate.realtime","com.microsoft.translator","com.google.android.apps.translate","com.screen.translate.google","com.niven.apptranslate","com.deepl.mobiletranslator","com.niven.game","com.zaz.translate","com.fapp.translate.language.translator.fasttranslation","com.immersivetranslate.browser","link.zhidou.btranslator","at.nk.tools.iTranslate"]}]