[{"rank":{"index":3,"lang":"en-us","country":"us","chineseCountryName":"美国","pkg":"com.spaceship.screen.textcopy"},"orders":["com.recognize_text.translate.screen","com.google.android.apps.translate","com.spaceship.screen.textcopy","com.newmg.yurao.pro","com.microsoft.translator","com.gaminik.i18n","com.youdao.hindict","com.deepl.mobiletranslator","com.niven.translator","com.zaz.translate","com.tap_to_translate.snap_translate","ru.yandex.translate","com.google.ar.lens","com.niven.game","at.nk.tools.iTranslate","com.naver.labs.translator","com.screen.translate.google","com.datacomprojects.scanandtranslate","photo.translate.camera.translator","com.translate.talkingtranslator"]},{"rank":{"index":0,"lang":"ru","country":"ru","chineseCountryName":"俄罗斯","pkg":"com.spaceship.screen.textcopy"},"orders":["com.recognize_text.translate.screen","com.niven.translator","com.tap_to_translate.snap_translate","com.newmg.yurao.pro","ru.yandex.translate","com.google.android.apps.translate","com.gaminik.i18n","com.niven.game","com.deepl.mobiletranslator","com.microsoft.translator","com.screen.translate.google"]},{"rank":{"index":2,"lang":"pt-br","country":"br","chineseCountryName":"巴西","pkg":"com.spaceship.screen.textcopy"},"orders":["com.recognize_text.translate.screen","com.spaceship.screen.textcopy","com.newmg.yurao.pro","com.tap_to_translate.snap_translate","com.gaminik.i18n","com.google.android.apps.translate","com.deepl.mobiletranslator","ru.yandex.translate","com.zaz.translate","at.nk.tools.iTranslate","com.google.ar.lens","com.softissimo.reverso.context","com.translate.talkingtranslator","com.naver.labs.translator","com.niven.translator","com.youdao.hindict","com.niven.game","com.screen.translate.google","screen.translator.voice.translate","com.ydzlabs.chattranslator"]},{"rank":{"index":2,"lang":"fr","country":"fr","chineseCountryName":"法国","pkg":"com.spaceship.screen.textcopy"},"orders":["com.recognize_text.translate.screen","com.spaceship.screen.textcopy","com.newmg.yurao.pro","com.gaminik.i18n","com.google.android.apps.translate","com.niven.translator","com.microsoft.translator","com.tap_to_translate.snap_translate","com.deepl.mobiletranslator","com.zaz.translate","ru.yandex.translate","com.niven.game","com.screen.translate.google","com.google.ar.lens","com.datacomprojects.scanandtranslate","at.nk.tools.iTranslate","com.niven.apptranslate","com.eecorp.linguago","com.translate.talkingtranslator","camtranslator.voice.text.image.translate"]},{"rank":{"index":2,"lang":"en-gb","country":"gb","chineseCountryName":"英国","pkg":"com.spaceship.screen.textcopy"},"orders":["com.recognize_text.translate.screen","com.spaceship.screen.textcopy","com.newmg.yurao.pro","com.gaminik.i18n","com.google.android.apps.translate","com.microsoft.translator","com.niven.translator","com.deepl.mobiletranslator","com.youdao.hindict","com.zaz.translate","ru.yandex.translate","com.tap_to_translate.snap_translate","com.google.ar.lens","com.niven.game","photo.translate.camera.translator","com.datacomprojects.scanandtranslate","at.nk.tools.iTranslate","com.screen.translate.google","com.naver.labs.translator","com.eecorp.linguago"]},{"rank":{"index":2,"lang":"de","country":"de","chineseCountryName":"德国","pkg":"com.spaceship.screen.textcopy"},"orders":["com.recognize_text.translate.screen","com.spaceship.screen.textcopy","com.newmg.yurao.pro","com.gaminik.i18n","com.google.android.apps.translate","com.microsoft.translator","com.niven.translator","com.deepl.mobiletranslator","com.tap_to_translate.snap_translate","ru.yandex.translate","com.niven.game","com.youdao.hindict","com.zaz.translate","com.screen.translate.google","com.google.ar.lens","photo.translate.camera.translator","at.nk.tools.iTranslate","com.datacomprojects.scanandtranslate","com.niven.apptranslate","com.eecorp.linguago"]},{"rank":{"index":2,"lang":"it","country":"it","chineseCountryName":"意大利","pkg":"com.spaceship.screen.textcopy"},"orders":["com.recognize_text.translate.screen","com.spaceship.screen.textcopy","com.gaminik.i18n","com.newmg.yurao.pro","com.google.android.apps.translate","com.microsoft.translator","com.niven.translator","com.tap_to_translate.snap_translate","com.deepl.mobiletranslator","com.niven.game","ru.yandex.translate","com.youdao.hindict","com.zaz.translate","com.google.ar.lens"]},{"rank":{"index":2,"lang":"ja","country":"jp","chineseCountryName":"日本","pkg":"com.spaceship.screen.textcopy"},"orders":["com.recognize_text.translate.screen","com.spaceship.screen.textcopy","com.gaminik.i18n","com.newmg.yurao.pro","com.google.android.apps.translate","com.deepl.mobiletranslator","com.tap_to_translate.snap_translate","com.microsoft.translator","com.google.ar.lens","com.niven.translator","com.youdao.hindict","com.niven.game","ru.yandex.translate","com.naver.labs.translator"]},{"rank":{"index":2,"lang":"ko","country":"kr","chineseCountryName":"韩国","pkg":"com.spaceship.screen.textcopy"},"orders":["com.recognize_text.translate.screen","com.spaceship.screen.textcopy","com.newmg.yurao.pro","com.gaminik.i18n","com.niven.translator","com.google.android.apps.translate","com.tap_to_translate.snap_translate","com.microsoft.translator","com.niven.game","com.naver.labs.translator","com.youdao.hindict","com.immersivetranslate.browser","com.deepl.mobiletranslator","com.zaz.translate","ru.yandex.translate","com.screen.translate.google","com.eecorp.linguago","com.translate.talkingtranslator","com.niven.apptranslate","at.nk.tools.iTranslate"]},{"rank":{"index":2,"lang":"zh-hk","country":"hk","chineseCountryName":"香港","pkg":"com.spaceship.screen.textcopy"},"orders":["com.recognize_text.translate.screen","com.spaceship.screen.textcopy","com.newmg.yurao.pro","com.gaminik.i18n","com.google.android.apps.translate","com.microsoft.translator","com.niven.translator","com.tap_to_translate.snap_translate","com.niven.game","com.zaz.translate","com.deepl.mobiletranslator","com.immersivetranslate.browser","ru.yandex.translate"]},{"rank":{"index":2,"lang":"zh-tw","country":"tw","chineseCountryName":"台湾","pkg":"com.spaceship.screen.textcopy"},"orders":["com.recognize_text.translate.screen","com.spaceship.screen.textcopy","com.newmg.yurao.pro","com.gaminik.i18n","com.google.android.apps.translate","com.niven.translator","com.tap_to_translate.snap_translate","com.microsoft.translator","com.niven.game","com.zaz.translate","com.screen.translate.google","com.deepl.mobiletranslator","ru.yandex.translate","com.naver.labs.translator","com.google.ar.lens","live.screentranslate.realtime","com.eecorp.linguago","com.niven.apptranslate","com.youdao.hindict","com.immersivetranslate.browser"]},{"rank":{"index":3,"lang":"en","country":"in","chineseCountryName":"印度","pkg":"com.spaceship.screen.textcopy"},"orders":["com.recognize_text.translate.screen","com.google.android.apps.translate","com.spaceship.screen.textcopy","com.newmg.yurao.pro","com.zaz.translate","com.gaminik.i18n","com.microsoft.translator"]},{"rank":{"index":2,"lang":"id","country":"id","chineseCountryName":"印尼","pkg":"com.spaceship.screen.textcopy"},"orders":["com.recognize_text.translate.screen","com.spaceship.screen.textcopy","com.tap_to_translate.snap_translate","com.gaminik.i18n","com.youdao.hindict","com.google.android.apps.translate","com.niven.translator","com.newmg.yurao.pro","com.deepl.mobiletranslator","com.niven.game","com.microsoft.translator","com.screen.translate.google","com.naver.labs.translator"]},{"rank":{"index":2,"lang":"es-mx","country":"mx","chineseCountryName":"墨西哥","pkg":"com.spaceship.screen.textcopy"},"orders":["com.recognize_text.translate.screen","com.spaceship.screen.textcopy","com.google.android.apps.translate","com.newmg.yurao.pro"]}]