[{"rank":{"index":4,"lang":"en-us","country":"us","chineseCountryName":"美国","pkg":"com.spaceship.screen.textcopy"},"orders":["com.recognize_text.translate.screen","com.tap_to_translate.snap_translate","com.gaminik.i18n","com.spaceship.screen.textcopy","screen.translator.voice.translate","com.google.android.apps.translate","com.microsoft.translator","com.mg.yurao.google","com.eecorp.linguago","com.niven.translator","com.niven.game","com.niven.comic","com.niven.apptranslate","com.newmg.yurao.pro","com.naver.labs.translator","com.deepl.mobiletranslator","com.zaz.translate","com.galaxy.airviewdictionary","com.eecorp.taptranslator","com.pidev.screentranslator"]},{"rank":{"index":3,"lang":"ru","country":"ru","chineseCountryName":"俄罗斯","pkg":"com.spaceship.screen.textcopy"},"orders":["com.recognize_text.translate.screen","com.tap_to_translate.snap_translate","com.spaceship.screen.textcopy","com.niven.translator","com.gaminik.i18n","com.microsoft.translator","com.google.android.apps.translate","com.niven.game","screen.translator.voice.translate","com.eecorp.linguago","com.niven.comic","com.niven.apptranslate","com.pidev.screentranslator","com.deepl.mobiletranslator","com.galaxy.airviewdictionary","com.naver.labs.translator","com.zaz.translate","ru.yandex.translate","com.chat_translate.screen_translate","com.weekway.screen_translation"]},{"rank":{"index":4,"lang":"pt-br","country":"br","chineseCountryName":"巴西","pkg":"com.spaceship.screen.textcopy"},"orders":["com.recognize_text.translate.screen","com.tap_to_translate.snap_translate","com.gaminik.i18n","com.spaceship.screen.textcopy","com.mg.yurao.google","com.niven.game","com.niven.translator","com.niven.comic","com.eecorp.linguago","com.niven.apptranslate","screen.translator.voice.translate","com.newmg.yurao.pro","com.microsoft.translator","com.google.android.apps.translate","com.pidev.screentranslator","com.zaz.translate","com.galaxy.airviewdictionary","com.youdao.hindict","com.tranit.text.translate","com.deepl.mobiletranslator"]},{"rank":{"index":3,"lang":"fr","country":"fr","chineseCountryName":"法国","pkg":"com.spaceship.screen.textcopy"},"orders":["com.recognize_text.translate.screen","com.tap_to_translate.snap_translate","com.spaceship.screen.textcopy","com.gaminik.i18n","com.mg.yurao.google","screen.translator.voice.translate","com.niven.game","com.google.android.apps.translate","com.niven.translator","com.niven.comic","com.eecorp.linguago","com.niven.apptranslate","com.microsoft.translator","com.newmg.yurao.pro","com.zaz.translate","com.naver.labs.translator","com.pidev.screentranslator","com.eecorp.taptranslator","com.chat_translate.screen_translate","com.tranit.text.translate"]},{"rank":{"index":2,"lang":"en-gb","country":"gb","chineseCountryName":"英国","pkg":"com.spaceship.screen.textcopy"},"orders":["com.recognize_text.translate.screen","com.spaceship.screen.textcopy","com.tap_to_translate.snap_translate","screen.translator.voice.translate","com.gaminik.i18n","com.google.android.apps.translate","com.microsoft.translator","com.mg.yurao.google","com.eecorp.linguago","com.niven.translator","com.niven.game","com.niven.comic","com.niven.apptranslate","com.newmg.yurao.pro","com.galaxy.airviewdictionary","com.naver.labs.translator","com.deepl.mobiletranslator","com.zaz.translate","at.nk.tools.iTranslate","com.pidev.screentranslator"]},{"rank":{"index":2,"lang":"de","country":"de","chineseCountryName":"德国","pkg":"com.spaceship.screen.textcopy"},"orders":["com.recognize_text.translate.screen","com.spaceship.screen.textcopy","com.tap_to_translate.snap_translate","com.mg.yurao.google","com.gaminik.i18n","com.niven.game","com.microsoft.translator","com.eecorp.linguago","com.niven.comic","com.niven.translator","screen.translator.voice.translate","com.google.android.apps.translate","com.niven.apptranslate","com.newmg.yurao.pro","com.zaz.translate","com.pidev.screentranslator","com.chat_translate.screen_translate","com.deepl.mobiletranslator","com.tranit.text.translate","at.nk.tools.iTranslate"]},{"rank":{"index":2,"lang":"it","country":"it","chineseCountryName":"意大利","pkg":"com.spaceship.screen.textcopy"},"orders":["com.recognize_text.translate.screen","com.spaceship.screen.textcopy","com.tap_to_translate.snap_translate","screen.translator.voice.translate","com.gaminik.i18n","com.niven.game","com.niven.translator","com.mg.yurao.google","com.eecorp.linguago","com.niven.comic","com.microsoft.translator","com.niven.apptranslate","com.newmg.yurao.pro","com.google.android.apps.translate","com.zaz.translate","com.pidev.screentranslator","com.eecorp.taptranslator","at.nk.tools.iTranslate","com.chat_translate.screen_translate","com.naver.labs.translator"]},{"rank":{"index":3,"lang":"ja","country":"jp","chineseCountryName":"日本","pkg":"com.spaceship.screen.textcopy"},"orders":["com.recognize_text.translate.screen","com.tap_to_translate.snap_translate","com.spaceship.screen.textcopy","com.gaminik.i18n","com.mg.yurao.google","com.niven.translator","com.niven.game","com.eecorp.linguago","com.niven.apptranslate"]},{"rank":{"index":3,"lang":"ko","country":"kr","chineseCountryName":"韩国","pkg":"com.spaceship.screen.textcopy"},"orders":["com.recognize_text.translate.screen","com.tap_to_translate.snap_translate","com.spaceship.screen.textcopy","com.mg.yurao.google","com.gaminik.i18n","com.microsoft.translator","com.google.android.apps.translate","com.niven.translator","screen.translator.voice.translate","com.niven.comic","com.niven.game","com.newmg.yurao.pro","com.eecorp.linguago","com.naver.labs.translator","com.niven.apptranslate","com.deepl.mobiletranslator","com.galaxy.airviewdictionary","com.zaz.translate","com.pidev.screentranslator","at.nk.tools.iTranslate"]},{"rank":{"index":3,"lang":"zh-hk","country":"hk","chineseCountryName":"香港","pkg":"com.spaceship.screen.textcopy"},"orders":["com.recognize_text.translate.screen","com.tap_to_translate.snap_translate","com.spaceship.screen.textcopy","com.mg.yurao.google","com.gaminik.i18n","com.microsoft.translator","com.google.android.apps.translate","com.niven.game","com.niven.comic","com.niven.translator","screen.translator.voice.translate","com.eecorp.linguago","com.newmg.yurao.pro","com.niven.apptranslate","com.naver.labs.translator","com.deepl.mobiletranslator","com.galaxy.airviewdictionary","com.zaz.translate","at.nk.tools.iTranslate","com.pidev.screentranslator"]},{"rank":{"index":4,"lang":"zh-tw","country":"tw","chineseCountryName":"台湾","pkg":"com.spaceship.screen.textcopy"},"orders":["com.recognize_text.translate.screen","com.tap_to_translate.snap_translate","com.mg.yurao.google","com.spaceship.screen.textcopy","com.gaminik.i18n","com.google.android.apps.translate","com.microsoft.translator","com.niven.translator","screen.translator.voice.translate","com.niven.game","com.niven.comic","com.eecorp.linguago","com.niven.apptranslate","com.newmg.yurao.pro","com.naver.labs.translator","com.deepl.mobiletranslator","com.zaz.translate","com.galaxy.airviewdictionary","at.nk.tools.iTranslate","com.pidev.screentranslator"]},{"rank":{"index":4,"lang":"en","country":"in","chineseCountryName":"印度","pkg":"com.spaceship.screen.textcopy"},"orders":["com.recognize_text.translate.screen","com.tap_to_translate.snap_translate","com.google.android.apps.translate","com.spaceship.screen.textcopy","screen.translator.voice.translate","com.gaminik.i18n","com.mg.yurao.google","com.microsoft.translator","com.zaz.translate","com.niven.translator","com.niven.game","com.niven.comic","com.eecorp.linguago","com.niven.apptranslate","com.newmg.yurao.pro"]},{"rank":{"index":5,"lang":"id","country":"id","chineseCountryName":"印尼","pkg":"com.spaceship.screen.textcopy"},"orders":["com.recognize_text.translate.screen","com.gaminik.i18n","com.mg.yurao.google","com.tap_to_translate.snap_translate","com.spaceship.screen.textcopy","com.eecorp.linguago","com.newmg.yurao.pro","com.niven.game","com.google.android.apps.translate","com.niven.comic","com.niven.translator","com.microsoft.translator","com.niven.apptranslate","com.pidev.screentranslator","screen.translator.voice.translate","com.naver.labs.translator","com.zaz.translate","com.youdao.hindict","com.chat_translate.screen_translate","ru.yandex.translate"]},{"rank":{"index":4,"lang":"es-mx","country":"mx","chineseCountryName":"墨西哥","pkg":"com.spaceship.screen.textcopy"},"orders":["com.recognize_text.translate.screen","com.tap_to_translate.snap_translate","com.gaminik.i18n","com.spaceship.screen.textcopy","com.niven.translator","com.niven.game","com.mg.yurao.google","com.niven.comic","com.microsoft.translator","screen.translator.voice.translate","com.eecorp.linguago","com.google.android.apps.translate","com.niven.apptranslate","com.newmg.yurao.pro","com.zaz.translate","com.translator.translation.screen.translate.voice.languages.text.translating","com.youdao.hindict","com.pidev.screentranslator","com.tranit.text.translate","at.nk.tools.iTranslate"]}]