[{"rank":{"index":2,"lang":"en-us","country":"us","chineseCountryName":"美国","pkg":"com.spaceship.screen.textcopy"},"orders":["com.recognize_text.translate.screen","com.spaceship.screen.textcopy","com.gaminik.i18n","com.tap_to_translate.snap_translate","com.niven.translator","com.newmg.yurao.pro","com.google.android.apps.translate","com.screen.translate.google","com.screen.translator.text.recognize","com.niven.game","com.aurasense.screentranslate","at.nk.tools.iTranslate","com.eecorp.linguago","com.niven.apptranslate","com.yoyodev.screentranslate","com.galaxy.airviewdictionary","live.screentranslate.realtime","com.deepl.mobiletranslator","link.zhidou.btranslator","com.zaz.translate"]},{"rank":{"index":4,"lang":"ru","country":"ru","chineseCountryName":"俄罗斯","pkg":"com.spaceship.screen.textcopy"},"orders":["com.recognize_text.translate.screen","com.niven.translator","com.tap_to_translate.snap_translate","com.spaceship.screen.textcopy","com.gaminik.i18n","com.newmg.yurao.pro","ru.yandex.translate","com.screen.translate.google","com.screen.translator.text.recognize","com.niven.apptranslate","com.niven.game","com.google.android.apps.translate"]},{"rank":{"index":2,"lang":"pt-br","country":"br","chineseCountryName":"巴西","pkg":"com.spaceship.screen.textcopy"},"orders":["com.recognize_text.translate.screen","com.spaceship.screen.textcopy","com.tap_to_translate.snap_translate","com.niven.translator","com.gaminik.i18n","com.newmg.yurao.pro","com.niven.game","com.niven.apptranslate","com.screen.translate.google","com.eecorp.linguago","com.screen.translator.text.recognize","com.galaxy.airviewdictionary","live.screentranslate.realtime","com.google.android.apps.translate","com.immersivetranslate.browser","com.google.ar.lens","com.newtranslate.google","ru.yandex.translate","com.ggxfj.mp","com.microsoft.translator"]},{"rank":{"index":2,"lang":"fr","country":"fr","chineseCountryName":"法国","pkg":"com.spaceship.screen.textcopy"},"orders":["com.recognize_text.translate.screen","com.spaceship.screen.textcopy","com.tap_to_translate.snap_translate","com.gaminik.i18n","com.niven.translator","com.screen.translate.google","com.newmg.yurao.pro","com.niven.apptranslate","com.screen.translator.text.recognize","com.galaxy.airviewdictionary","com.eecorp.linguago","live.screentranslate.realtime","com.google.android.apps.translate","com.aurasense.screentranslate","com.niven.game","com.yoyodev.screentranslate","com.immersivetranslate.browser","com.google.ar.lens","com.deepl.mobiletranslator","com.hive.lingonative"]},{"rank":{"index":2,"lang":"en-gb","country":"gb","chineseCountryName":"英国","pkg":"com.spaceship.screen.textcopy"},"orders":["com.recognize_text.translate.screen","com.spaceship.screen.textcopy","com.google.android.apps.translate","com.tap_to_translate.snap_translate","com.gaminik.i18n","com.niven.translator","com.newmg.yurao.pro","com.screen.translate.google","com.niven.game","at.nk.tools.iTranslate","com.microsoft.translator","com.niven.apptranslate","com.screen.translator.text.recognize","com.aurasense.screentranslate","com.eecorp.linguago","com.galaxy.airviewdictionary","com.siv","live.screentranslate.realtime","com.zaz.translate","link.zhidou.btranslator"]},{"rank":{"index":2,"lang":"de","country":"de","chineseCountryName":"德国","pkg":"com.spaceship.screen.textcopy"},"orders":["com.recognize_text.translate.screen","com.spaceship.screen.textcopy","com.niven.translator","com.newmg.yurao.pro","com.gaminik.i18n","com.screen.translate.google","com.tap_to_translate.snap_translate","com.niven.apptranslate","com.screen.translator.text.recognize","com.eecorp.linguago","com.galaxy.airviewdictionary","com.aurasense.screentranslate","live.screentranslate.realtime","com.google.android.apps.translate","com.niven.game","com.yoyodev.screentranslate","com.siv","com.deepl.mobiletranslator","com.immersivetranslate.browser","com.screencastomatic.app"]},{"rank":{"index":2,"lang":"it","country":"it","chineseCountryName":"意大利","pkg":"com.spaceship.screen.textcopy"},"orders":["com.recognize_text.translate.screen","com.spaceship.screen.textcopy","com.tap_to_translate.snap_translate","com.niven.translator","com.newmg.yurao.pro","com.gaminik.i18n","com.screen.translate.google","com.niven.apptranslate","com.eecorp.linguago","com.google.android.apps.translate","com.screen.translator.text.recognize","com.aurasense.screentranslate","live.screentranslate.realtime","com.niven.game","com.galaxy.airviewdictionary","com.yoyodev.screentranslate","com.zaz.translate","link.zhidou.btranslator","com.siv","co.timekettle.livetranslator"]},{"rank":{"index":2,"lang":"ja","country":"jp","chineseCountryName":"日本","pkg":"com.spaceship.screen.textcopy"},"orders":["com.recognize_text.translate.screen","com.spaceship.screen.textcopy","com.tap_to_translate.snap_translate","com.gaminik.i18n","com.niven.translator","com.screen.translate.google","com.newmg.yurao.pro","com.niven.apptranslate","com.eecorp.linguago"]},{"rank":{"index":2,"lang":"ko","country":"kr","chineseCountryName":"韩国","pkg":"com.spaceship.screen.textcopy"},"orders":["com.recognize_text.translate.screen","com.spaceship.screen.textcopy","com.tap_to_translate.snap_translate","com.gaminik.i18n","com.niven.translator","com.newmg.yurao.pro","com.screen.translate.google","com.niven.apptranslate","com.screen.translator.text.recognize","com.eecorp.linguago","com.niven.game","com.galaxy.airviewdictionary","live.screentranslate.realtime","com.google.android.apps.translate","com.immersivetranslate.browser","com.deepl.mobiletranslator","com.zaz.translate","com.naver.labs.translator","com.google.ar.lens","co.timekettle.livetranslator"]},{"rank":{"index":2,"lang":"zh-hk","country":"hk","chineseCountryName":"香港","pkg":"com.spaceship.screen.textcopy"},"orders":["com.recognize_text.translate.screen","com.spaceship.screen.textcopy","com.tap_to_translate.snap_translate","com.niven.translator","com.newmg.yurao.pro","com.google.android.apps.translate","com.gaminik.i18n","com.screen.translate.google","com.aurasense.screentranslate","com.niven.apptranslate","com.screen.translator.text.recognize","com.niven.game","com.eecorp.linguago","com.microsoft.translator","com.deepl.mobiletranslator","live.screentranslate.realtime","ru.yandex.translate","com.galaxy.airviewdictionary","com.google.ar.lens","com.zaz.translate"]},{"rank":{"index":2,"lang":"zh-tw","country":"tw","chineseCountryName":"台湾","pkg":"com.spaceship.screen.textcopy"},"orders":["com.recognize_text.translate.screen","com.spaceship.screen.textcopy","com.tap_to_translate.snap_translate","com.niven.translator","com.gaminik.i18n","com.screen.translate.google","com.niven.apptranslate","com.newmg.yurao.pro","com.galaxy.airviewdictionary","com.eecorp.linguago","com.google.android.apps.translate","com.screen.translator.text.recognize","com.google.ar.lens","com.newtranslate.google","com.android.chrome","com.deepl.mobiletranslator","screen.translator.voice.translate","com.flabs.screen.translate","com.microsoft.translator","com.eecorp.taptranslator"]},{"rank":{"index":0,"lang":"en","country":"in","chineseCountryName":"印度","pkg":"com.spaceship.screen.textcopy"},"orders":["com.recognize_text.translate.screen","com.gaminik.i18n","com.google.android.apps.translate"]},{"rank":{"index":2,"lang":"id","country":"id","chineseCountryName":"印尼","pkg":"com.spaceship.screen.textcopy"},"orders":["com.recognize_text.translate.screen","com.spaceship.screen.textcopy","com.tap_to_translate.snap_translate","com.niven.translator","com.gaminik.i18n","com.newmg.yurao.pro","com.niven.game","com.screen.translate.google","com.niven.apptranslate","com.eecorp.linguago","com.google.android.apps.translate","live.screentranslate.realtime","com.screen.translator.text.recognize"]},{"rank":{"index":2,"lang":"es-mx","country":"mx","chineseCountryName":"墨西哥","pkg":"com.spaceship.screen.textcopy"},"orders":["com.recognize_text.translate.screen","com.spaceship.screen.textcopy","com.tap_to_translate.snap_translate"]}]