[{"rank":{"index":2,"lang":"en-us","country":"us","chineseCountryName":"美国","pkg":"com.spaceship.screen.textcopy"},"orders":["com.recognize_text.translate.screen","com.spaceship.screen.textcopy","com.gaminik.i18n","com.tap_to_translate.snap_translate","com.microsoft.translator","com.google.android.apps.translate","com.niven.game","com.newmg.yurao.pro","com.niven.translator","com.naver.labs.translator","com.niven.comic","screen.translator.voice.translate","com.niven.apptranslate","com.eecorp.taptranslator","at.nk.tools.iTranslate","com.translate.talkingtranslator","com.deepl.mobiletranslator","com.youdao.hindict","com.duolingo","com.zaz.translate"]},{"rank":{"index":2,"lang":"ru","country":"ru","chineseCountryName":"俄罗斯","pkg":"com.spaceship.screen.textcopy"},"orders":["com.recognize_text.translate.screen","com.spaceship.screen.textcopy","com.tap_to_translate.snap_translate","com.gaminik.i18n","com.niven.translator","com.microsoft.translator","com.google.android.apps.translate","com.niven.game","com.niven.comic","com.eecorp.linguago","com.newmg.yurao.pro","com.niven.apptranslate","com.youdao.hindict","screen.translator.voice.translate","com.deepl.mobiletranslator","com.mg.chat","com.zaz.translate","com.ticktalk.translatevoice","at.nk.tools.iTranslate","com.datacomprojects.scanandtranslate"]},{"rank":{"index":2,"lang":"pt-br","country":"br","chineseCountryName":"巴西","pkg":"com.spaceship.screen.textcopy"},"orders":["com.recognize_text.translate.screen","com.spaceship.screen.textcopy","com.tap_to_translate.snap_translate","com.gaminik.i18n","com.niven.game","com.niven.translator","com.newmg.yurao.pro","com.niven.comic","com.microsoft.translator","com.youdao.hindict","com.google.android.apps.translate","com.niven.apptranslate","com.android.chrome","us.zoom.videomeetings","com.google.android.apps.docs","com.google.android.apps.photos","com.google.android.apps.maps","com.discord","com.microsoft.office.outlook","com.skype.raider"]},{"rank":{"index":2,"lang":"fr","country":"fr","chineseCountryName":"法国","pkg":"com.spaceship.screen.textcopy"},"orders":["com.recognize_text.translate.screen","com.spaceship.screen.textcopy","com.gaminik.i18n","com.tap_to_translate.snap_translate","screen.translator.voice.translate","com.niven.game","com.niven.translator","com.newmg.yurao.pro","com.eecorp.linguago","com.niven.comic","com.microsoft.translator","com.eecorp.taptranslator","com.google.android.apps.translate","com.youdao.hindict","com.chat_translate.screen_translate","com.niven.apptranslate","com.deepl.mobiletranslator","com.duolingo","com.discord","com.android.chrome"]},{"rank":{"index":2,"lang":"en-gb","country":"gb","chineseCountryName":"英国","pkg":"com.spaceship.screen.textcopy"},"orders":["com.recognize_text.translate.screen","com.spaceship.screen.textcopy","com.tap_to_translate.snap_translate","com.microsoft.translator","com.gaminik.i18n","com.google.android.apps.translate","com.niven.game","com.newmg.yurao.pro","com.niven.translator","com.youdao.hindict","at.nk.tools.iTranslate","screen.translator.voice.translate","com.niven.comic","com.niven.apptranslate","com.naver.labs.translator","com.eecorp.taptranslator","com.deepl.mobiletranslator","com.zaz.translate","com.sayhi.android.sayhitranslate","com.softissimo.reverso.context"]},{"rank":{"index":2,"lang":"de","country":"de","chineseCountryName":"德国","pkg":"com.spaceship.screen.textcopy"},"orders":["com.recognize_text.translate.screen","com.spaceship.screen.textcopy","com.gaminik.i18n","com.tap_to_translate.snap_translate","com.microsoft.translator","com.niven.game","com.niven.translator","com.newmg.yurao.pro","com.niven.comic","com.google.android.apps.translate","com.niven.apptranslate","com.deepl.mobiletranslator","com.youdao.hindict","at.nk.tools.iTranslate","com.translate.talkingtranslator","com.eecorp.taptranslator","com.kursx.smartbook","screen.translator.voice.translate","com.eecorp.linguago","com.sayhi.android.sayhitranslate"]},{"rank":{"index":2,"lang":"it","country":"it","chineseCountryName":"意大利","pkg":"com.spaceship.screen.textcopy"},"orders":["com.recognize_text.translate.screen","com.spaceship.screen.textcopy","com.gaminik.i18n","com.niven.game","com.tap_to_translate.snap_translate","screen.translator.voice.translate","com.newmg.yurao.pro","com.microsoft.translator","com.niven.translator","com.niven.comic","com.eecorp.taptranslator","com.google.android.apps.translate","com.deepl.mobiletranslator","us.zoom.videomeetings","com.intsig.camscanner","com.google.android.apps.photos","com.discord","com.adobe.reader","com.android.chrome","com.google.android.apps.maps"]},{"rank":{"index":2,"lang":"ja","country":"jp","chineseCountryName":"日本","pkg":"com.spaceship.screen.textcopy"},"orders":["com.recognize_text.translate.screen","com.spaceship.screen.textcopy","com.gaminik.i18n","com.niven.game","com.niven.translator","com.tap_to_translate.snap_translate","com.eecorp.taptranslator","com.niven.apptranslate","com.newmg.yurao.pro","com.eecorp.linguago","screen.translator.voice.translate","com.niven.comic","com.deepl.mobiletranslator","com.naver.labs.translator","com.microsoft.translator","com.google.android.apps.translate","com.android.chrome","com.duolingo","com.translate.talkingtranslator","com.discord"]},{"rank":{"index":2,"lang":"ko","country":"kr","chineseCountryName":"韩国","pkg":"com.spaceship.screen.textcopy"},"orders":["com.recognize_text.translate.screen","com.spaceship.screen.textcopy","com.tap_to_translate.snap_translate","com.gaminik.i18n","com.microsoft.translator","com.google.android.apps.translate","com.niven.game","com.naver.labs.translator","com.newmg.yurao.pro","com.niven.translator","com.niven.comic","com.niven.apptranslate","at.nk.tools.iTranslate","com.deepl.mobiletranslator","com.youdao.hindict","com.eecorp.taptranslator","com.zaz.translate","com.flitto.app","com.translate.language.translator.voice.translation","com.translate.talkingtranslator"]},{"rank":{"index":2,"lang":"zh-hk","country":"hk","chineseCountryName":"香港","pkg":"com.spaceship.screen.textcopy"},"orders":["com.recognize_text.translate.screen","com.spaceship.screen.textcopy","com.gaminik.i18n","com.microsoft.translator","com.tap_to_translate.snap_translate","com.google.android.apps.translate","com.niven.game","com.newmg.yurao.pro","com.niven.translator","com.niven.comic","com.naver.labs.translator","com.niven.apptranslate","at.nk.tools.iTranslate","com.deepl.mobiletranslator","com.eecorp.taptranslator","com.translate.language.translator.voice.translation","com.youdao.hindict","com.zaz.translate","jp.go.nict.voicetra","com.ticktalk.translatevoice"]},{"rank":{"index":2,"lang":"zh-tw","country":"tw","chineseCountryName":"台湾","pkg":"com.spaceship.screen.textcopy"},"orders":["com.recognize_text.translate.screen","com.spaceship.screen.textcopy","com.tap_to_translate.snap_translate","com.gaminik.i18n","com.microsoft.translator","com.niven.game","com.niven.translator","com.niven.comic","com.google.android.apps.translate","com.eecorp.linguago","com.newmg.yurao.pro","com.naver.labs.translator","com.eecorp.taptranslator","com.niven.apptranslate","com.mg.chat","screen.translator.voice.translate","com.youdao.hindict","at.nk.tools.iTranslate","com.deepl.mobiletranslator","com.zaz.translate"]},{"rank":{"index":0,"lang":"en","country":"in","chineseCountryName":"印度","pkg":"com.spaceship.screen.textcopy"},"orders":["com.recognize_text.translate.screen","com.google.android.apps.translate","com.microsoft.translator","com.zaz.translate","com.naver.labs.translator","com.duolingo","at.nk.tools.iTranslate","com.android.chrome","com.google.android.inputmethod.latin","com.google.android.apps.docs","com.google.android.apps.photos","com.translate.talkingtranslator","com.deepl.mobiletranslator","us.zoom.videomeetings","com.google.android.apps.maps","com.adobe.scan.android","com.truecaller","com.discord","com.mobisystems.msdict.embedded.wireless.collins.ee","com.adobe.reader"]},{"rank":{"index":1,"lang":"id","country":"id","chineseCountryName":"印尼","pkg":"com.spaceship.screen.textcopy"},"orders":["com.spaceship.screen.textcopy","com.recognize_text.translate.screen","com.tap_to_translate.snap_translate","com.gaminik.i18n","com.niven.game","com.google.android.apps.translate","com.youdao.hindict","us.zoom.videomeetings","com.android.chrome","com.google.android.apps.maps","com.google.android.apps.photos","com.google.android.apps.docs","com.discord"]},{"rank":{"index":2,"lang":"es-mx","country":"mx","chineseCountryName":"墨西哥","pkg":"com.spaceship.screen.textcopy"},"orders":["com.recognize_text.translate.screen","com.spaceship.screen.textcopy","com.gaminik.i18n","com.tap_to_translate.snap_translate","com.niven.translator","com.niven.game","com.niven.comic","com.youdao.hindict","com.newmg.yurao.pro","com.eecorp.linguago","com.microsoft.translator","com.niven.apptranslate","screen.translator.voice.translate","com.google.android.apps.translate","com.chat_translate.screen_translate","com.deepl.mobiletranslator","com.duolingo","com.android.chrome","com.google.android.apps.photos","at.nk.tools.iTranslate"]}]