[{"rank":{"index":2,"lang":"en-us","country":"us","chineseCountryName":"美国","pkg":"com.spaceship.screen.textcopy"},"orders":["com.recognize_text.translate.screen","com.spaceship.screen.textcopy","com.tap_to_translate.snap_translate","com.gaminik.i18n","com.google.android.apps.translate","com.niven.translator","com.niven.game","com.microsoft.translator","com.niven.comic","com.newmg.yurao.pro","com.screen.translate.google","com.deepl.mobiletranslator","com.niven.apptranslate","screen.translator.voice.translate","com.facebook.orca","com.android.chrome","com.google.android.dialer","us.zoom.videomeetings","at.nk.tools.iTranslate","com.google.android.apps.maps"]},{"rank":{"index":2,"lang":"ru","country":"ru","chineseCountryName":"俄罗斯","pkg":"com.spaceship.screen.textcopy"},"orders":["com.recognize_text.translate.screen","com.spaceship.screen.textcopy","com.tap_to_translate.snap_translate","com.gaminik.i18n","com.niven.translator","com.niven.game","com.newmg.yurao.pro","com.niven.apptranslate","ru.yandex.translate","com.screen.translate.google","com.niven.comic","com.google.android.apps.translate","us.zoom.videomeetings","com.discord","com.android.chrome","com.facebook.orca","com.google.android.dialer","com.google.android.apps.photos","com.skype.raider","com.camerasideas.instashot"]},{"rank":{"index":2,"lang":"fr","country":"fr","chineseCountryName":"法国","pkg":"com.spaceship.screen.textcopy"},"orders":["com.recognize_text.translate.screen","com.spaceship.screen.textcopy","com.tap_to_translate.snap_translate","com.niven.game","com.gaminik.i18n","com.niven.translator","com.google.android.apps.translate","com.niven.comic","com.niven.apptranslate","com.microsoft.translator","com.newmg.yurao.pro","com.screen.translate.google","com.facebook.orca","us.zoom.videomeetings","com.deepl.mobiletranslator","com.discord","com.android.chrome","com.microsoft.office.outlook","com.google.android.apps.photos","com.amazon.kindle"]},{"rank":{"index":2,"lang":"en-gb","country":"gb","chineseCountryName":"英国","pkg":"com.spaceship.screen.textcopy"},"orders":["com.recognize_text.translate.screen","com.spaceship.screen.textcopy","com.gaminik.i18n","com.niven.game","com.google.android.apps.translate","com.microsoft.translator","com.tap_to_translate.snap_translate","com.niven.translator","com.niven.comic","com.niven.apptranslate","com.newmg.yurao.pro","com.screen.translate.google","com.deepl.mobiletranslator","at.nk.tools.iTranslate","com.facebook.orca","us.zoom.videomeetings","com.android.chrome","com.duolingo","com.google.android.apps.maps","com.softissimo.reverso.context"]},{"rank":{"index":2,"lang":"de","country":"de","chineseCountryName":"德国","pkg":"com.spaceship.screen.textcopy"},"orders":["com.recognize_text.translate.screen","com.spaceship.screen.textcopy","com.niven.game","com.gaminik.i18n","com.tap_to_translate.snap_translate","com.niven.translator","com.microsoft.translator","com.google.android.apps.translate","com.niven.comic","com.newmg.yurao.pro","com.niven.apptranslate","com.deepl.mobiletranslator","com.screen.translate.google","com.facebook.orca","us.zoom.videomeetings","com.discord","com.android.chrome","com.amazon.kindle","com.microsoft.office.outlook","com.google.android.apps.photos"]},{"rank":{"index":2,"lang":"it","country":"it","chineseCountryName":"意大利","pkg":"com.spaceship.screen.textcopy"},"orders":["com.recognize_text.translate.screen","com.spaceship.screen.textcopy","com.gaminik.i18n","com.niven.game","com.tap_to_translate.snap_translate","com.niven.translator","com.google.android.apps.translate","com.niven.comic","com.niven.apptranslate","com.newmg.yurao.pro","com.microsoft.translator","com.screen.translate.google","com.deepl.mobiletranslator","com.softissimo.reverso.context","com.facebook.orca","us.zoom.videomeetings","com.duolingo","com.discord","com.android.chrome","com.amazon.kindle"]},{"rank":{"index":2,"lang":"ja","country":"jp","chineseCountryName":"日本","pkg":"com.spaceship.screen.textcopy"},"orders":["com.recognize_text.translate.screen","com.spaceship.screen.textcopy","com.tap_to_translate.snap_translate","com.gaminik.i18n","com.niven.game","com.niven.translator","com.google.android.apps.translate","com.niven.comic","com.newmg.yurao.pro","com.niven.apptranslate","com.microsoft.translator","com.google.ar.lens","com.deepl.mobiletranslator","com.screen.translate.google","com.naver.labs.translator","com.youdao.hindict","com.facebook.orca","com.android.chrome","us.zoom.videomeetings","com.google.android.apps.maps"]},{"rank":{"index":2,"lang":"ko","country":"kr","chineseCountryName":"韩国","pkg":"com.spaceship.screen.textcopy"},"orders":["com.recognize_text.translate.screen","com.spaceship.screen.textcopy","com.tap_to_translate.snap_translate","com.niven.game","com.gaminik.i18n","com.niven.translator","com.google.android.apps.translate","com.niven.apptranslate","com.newmg.yurao.pro","com.screen.translate.google","com.facebook.orca","com.naver.labs.translator","us.zoom.videomeetings","com.discord","com.niven.comic","com.android.chrome","com.twitter.android","com.duolingo","com.sec.android.app.sbrowser","com.supercell.clashroyale"]},{"rank":{"index":2,"lang":"zh-hk","country":"hk","chineseCountryName":"香港","pkg":"com.spaceship.screen.textcopy"},"orders":["com.recognize_text.translate.screen","com.spaceship.screen.textcopy","com.gaminik.i18n","com.tap_to_translate.snap_translate","com.niven.game","com.niven.translator","com.google.android.apps.translate","com.niven.comic","com.microsoft.translator","com.niven.apptranslate","com.newmg.yurao.pro","com.screen.translate.google","com.android.chrome","com.facebook.orca","com.google.android.apps.maps","us.zoom.videomeetings","com.discord","com.deepl.mobiletranslator","com.twitter.android","com.duolingo"]},{"rank":{"index":2,"lang":"zh-tw","country":"tw","chineseCountryName":"台湾","pkg":"com.spaceship.screen.textcopy"},"orders":["com.recognize_text.translate.screen","com.spaceship.screen.textcopy","com.tap_to_translate.snap_translate","com.niven.game","com.gaminik.i18n","com.niven.translator","com.google.android.apps.translate","com.niven.comic","com.niven.apptranslate","com.microsoft.translator","com.newmg.yurao.pro","com.screen.translate.google","com.facebook.orca","com.discord","com.android.chrome","com.google.android.apps.maps","us.zoom.videomeetings","com.twitter.android","com.duolingo","com.skype.raider"]},{"rank":{"index":2,"lang":"id","country":"id","chineseCountryName":"印尼","pkg":"com.spaceship.screen.textcopy"},"orders":["com.recognize_text.translate.screen","com.spaceship.screen.textcopy","com.tap_to_translate.snap_translate","com.niven.game","com.gaminik.i18n","com.niven.translator","com.niven.comic","com.newmg.yurao.pro","com.google.android.apps.translate","com.niven.apptranslate","com.youdao.hindict"]}]