[{"rank":{"index":2,"lang":"en-us","country":"us","chineseCountryName":"美国","pkg":"com.spaceship.screen.textcopy"},"orders":["com.recognize_text.translate.screen","com.spaceship.screen.textcopy","com.newmg.yurao.pro","com.gaminik.i18n","com.google.android.apps.translate","com.microsoft.translator","com.niven.translator","com.deepl.mobiletranslator","com.zaz.translate","com.tap_to_translate.snap_translate","com.screen.translate.google","ru.yandex.translate","com.google.ar.lens","at.nk.tools.iTranslate","com.youdao.hindict","com.niven.game","com.naver.labs.translator","com.immersivetranslate.browser","com.eecorp.linguago","com.niven.apptranslate"]},{"rank":{"index":0,"lang":"ru","country":"ru","chineseCountryName":"俄罗斯","pkg":"com.spaceship.screen.textcopy"},"orders":["com.recognize_text.translate.screen","com.newmg.yurao.pro","com.tap_to_translate.snap_translate","com.gaminik.i18n","ru.yandex.translate","com.niven.translator","com.google.android.apps.translate","com.niven.game","com.microsoft.translator","com.deepl.mobiletranslator","com.screen.translate.google","com.niven.apptranslate","com.google.ar.lens","com.immersivetranslate.browser","com.eecorp.linguago","com.voice_camera_free_translate","com.zaz.translate","live.screentranslate.realtime","com.android.chrome","photo.translate.camera.translator"]},{"rank":{"index":2,"lang":"pt-br","country":"br","chineseCountryName":"巴西","pkg":"com.spaceship.screen.textcopy"},"orders":["com.recognize_text.translate.screen","com.spaceship.screen.textcopy","com.newmg.yurao.pro","com.tap_to_translate.snap_translate","com.gaminik.i18n","com.google.android.apps.translate","com.deepl.mobiletranslator","com.zaz.translate","at.nk.tools.iTranslate","ru.yandex.translate","com.google.ar.lens","com.softissimo.reverso.context","com.naver.labs.translator","com.translate.talkingtranslator","com.niven.translator","com.youdao.hindict","com.niven.game","com.galaxy.airviewdictionary","com.screen.translate.google","screen.translator.voice.translate"]},{"rank":{"index":2,"lang":"fr","country":"fr","chineseCountryName":"法国","pkg":"com.spaceship.screen.textcopy"},"orders":["com.recognize_text.translate.screen","com.spaceship.screen.textcopy","com.newmg.yurao.pro","com.tap_to_translate.snap_translate","com.gaminik.i18n","com.niven.translator","com.google.android.apps.translate","com.microsoft.translator","com.deepl.mobiletranslator","com.screen.translate.google","com.google.ar.lens","com.niven.apptranslate","com.zaz.translate","com.niven.game","com.eecorp.linguago","com.immersivetranslate.browser","com.naver.labs.translator","at.nk.tools.iTranslate","ru.yandex.translate","com.tangdi.baiguotong"]},{"rank":{"index":2,"lang":"en-gb","country":"gb","chineseCountryName":"英国","pkg":"com.spaceship.screen.textcopy"},"orders":["com.recognize_text.translate.screen","com.spaceship.screen.textcopy","com.newmg.yurao.pro","com.gaminik.i18n","com.google.android.apps.translate","com.microsoft.translator","com.niven.translator","com.deepl.mobiletranslator","com.tap_to_translate.snap_translate","com.zaz.translate","com.google.ar.lens","com.screen.translate.google","ru.yandex.translate","at.nk.tools.iTranslate","com.youdao.hindict","com.immersivetranslate.browser","com.niven.game","com.niven.apptranslate","com.eecorp.linguago","com.naver.labs.translator"]},{"rank":{"index":2,"lang":"de","country":"de","chineseCountryName":"德国","pkg":"com.spaceship.screen.textcopy"},"orders":["com.recognize_text.translate.screen","com.spaceship.screen.textcopy","com.newmg.yurao.pro","com.gaminik.i18n","com.niven.translator","com.google.android.apps.translate","com.microsoft.translator","com.tap_to_translate.snap_translate","com.deepl.mobiletranslator","com.screen.translate.google","com.niven.game","com.immersivetranslate.browser","com.google.ar.lens","ru.yandex.translate","com.zaz.translate","com.niven.apptranslate","com.eecorp.linguago","photo.translate.camera.translator","at.nk.tools.iTranslate","com.softissimo.reverso.context"]},{"rank":{"index":2,"lang":"it","country":"it","chineseCountryName":"意大利","pkg":"com.spaceship.screen.textcopy"},"orders":["com.recognize_text.translate.screen","com.spaceship.screen.textcopy","com.gaminik.i18n","com.newmg.yurao.pro","com.google.android.apps.translate","com.tap_to_translate.snap_translate","com.niven.translator","com.microsoft.translator","com.deepl.mobiletranslator","com.niven.game","com.screen.translate.google","com.google.ar.lens","com.immersivetranslate.browser","com.niven.apptranslate","com.zaz.translate","ru.yandex.translate","com.tangdi.baiguotong","com.eecorp.linguago","com.softissimo.reverso.context","at.nk.tools.iTranslate"]},{"rank":{"index":2,"lang":"ja","country":"jp","chineseCountryName":"日本","pkg":"com.spaceship.screen.textcopy"},"orders":["com.recognize_text.translate.screen","com.spaceship.screen.textcopy","com.newmg.yurao.pro","com.tap_to_translate.snap_translate","com.gaminik.i18n","com.deepl.mobiletranslator","com.microsoft.translator","com.google.android.apps.translate","com.google.ar.lens","com.niven.translator","com.screen.translate.google","com.niven.game","com.naver.labs.translator","com.immersivetranslate.browser"]},{"rank":{"index":2,"lang":"ko","country":"kr","chineseCountryName":"韩国","pkg":"com.spaceship.screen.textcopy"},"orders":["com.recognize_text.translate.screen","com.spaceship.screen.textcopy","com.newmg.yurao.pro","com.tap_to_translate.snap_translate","com.gaminik.i18n","com.niven.translator","com.google.android.apps.translate","com.naver.labs.translator","com.microsoft.translator","com.screen.translate.google","com.niven.game","com.immersivetranslate.browser","com.niven.apptranslate","com.eecorp.linguago","com.deepl.mobiletranslator","com.zaz.translate","com.google.ar.lens","com.facebook.katana","com.instagram.android","com.facebook.orca"]},{"rank":{"index":2,"lang":"zh-hk","country":"hk","chineseCountryName":"香港","pkg":"com.spaceship.screen.textcopy"},"orders":["com.recognize_text.translate.screen","com.spaceship.screen.textcopy","com.newmg.yurao.pro","com.gaminik.i18n","com.tap_to_translate.snap_translate","com.microsoft.translator","com.google.android.apps.translate","com.niven.translator","com.immersivetranslate.browser","com.screen.translate.google","com.niven.game","com.google.ar.lens","com.naver.labs.translator","com.niven.apptranslate","com.deepl.mobiletranslator","com.zaz.translate","com.eecorp.linguago","photo.translate.camera.translator","ru.yandex.translate","at.nk.tools.iTranslate"]},{"rank":{"index":2,"lang":"zh-tw","country":"tw","chineseCountryName":"台湾","pkg":"com.spaceship.screen.textcopy"},"orders":["com.recognize_text.translate.screen","com.spaceship.screen.textcopy","com.newmg.yurao.pro","com.gaminik.i18n","com.tap_to_translate.snap_translate","com.niven.translator","com.google.android.apps.translate","com.screen.translate.google","com.niven.game","com.microsoft.translator","com.immersivetranslate.browser","com.naver.labs.translator","com.niven.apptranslate","com.eecorp.linguago","com.google.ar.lens","com.deepl.mobiletranslator","live.screentranslate.realtime","com.zaz.translate","com.facebook.katana","com.instagram.android"]},{"rank":{"index":3,"lang":"en","country":"in","chineseCountryName":"印度","pkg":"com.spaceship.screen.textcopy"},"orders":["com.recognize_text.translate.screen","com.google.android.apps.translate","com.spaceship.screen.textcopy","com.newmg.yurao.pro"]},{"rank":{"index":2,"lang":"id","country":"id","chineseCountryName":"印尼","pkg":"com.spaceship.screen.textcopy"},"orders":["com.recognize_text.translate.screen","com.spaceship.screen.textcopy","com.tap_to_translate.snap_translate","com.niven.translator","com.youdao.hindict","com.gaminik.i18n","com.newmg.yurao.pro","com.google.android.apps.translate","com.deepl.mobiletranslator","com.niven.game","com.screen.translate.google","com.microsoft.translator","com.zaz.translate"]},{"rank":{"index":2,"lang":"es-mx","country":"mx","chineseCountryName":"墨西哥","pkg":"com.spaceship.screen.textcopy"},"orders":["com.recognize_text.translate.screen","com.spaceship.screen.textcopy","com.newmg.yurao.pro","com.tap_to_translate.snap_translate","com.google.android.apps.translate","com.gaminik.i18n","com.zaz.translate","com.deepl.mobiletranslator","at.nk.tools.iTranslate","ru.yandex.translate","com.google.ar.lens","com.softissimo.reverso.context","com.naver.labs.translator","com.translate.talkingtranslator","com.niven.translator","com.youdao.hindict","com.niven.game","com.screen.translate.google","com.niven.apptranslate","com.galaxy.airviewdictionary"]}]