[{"rank":{"index":2,"lang":"en-us","country":"us","chineseCountryName":"美国","pkg":"com.spaceship.screen.textcopy"},"orders":["com.recognize_text.translate.screen","com.spaceship.screen.textcopy","com.tap_to_translate.snap_translate","com.google.android.apps.translate","com.gaminik.i18n","com.screen.translate.google","com.newmg.yurao.pro","com.niven.translator","com.microsoft.translator","com.immersivetranslate.browser","com.niven.game","link.zhidou.btranslator","com.deepl.mobiletranslator","com.voice_camera_free_translate","com.naver.labs.translator","com.niven.apptranslate","com.zaz.translate","ru.yandex.translate","com.eecorp.linguago","com.yoyodev.screentranslate"]},{"rank":{"index":0,"lang":"ru","country":"ru","chineseCountryName":"俄罗斯","pkg":"com.spaceship.screen.textcopy"},"orders":["com.recognize_text.translate.screen","com.tap_to_translate.snap_translate","com.niven.translator","com.newmg.yurao.pro","com.gaminik.i18n","ru.yandex.translate","com.screen.translate.google","com.niven.game","com.google.android.apps.translate","com.microsoft.translator"]},{"rank":{"index":2,"lang":"pt-br","country":"br","chineseCountryName":"巴西","pkg":"com.spaceship.screen.textcopy"},"orders":["com.recognize_text.translate.screen","com.spaceship.screen.textcopy","com.tap_to_translate.snap_translate","com.newmg.yurao.pro","com.gaminik.i18n","com.google.android.apps.translate","com.deepl.mobiletranslator","com.zaz.translate","at.nk.tools.iTranslate","ru.yandex.translate","com.naver.labs.translator","com.immersivetranslate.browser","com.translate.talkingtranslator","com.ticktalk.translatevoice","com.niven.translator","com.screen.translate.google","com.niven.game","com.niven.apptranslate","com.newtranslate.google","com.google.ar.lens"]},{"rank":{"index":2,"lang":"fr","country":"fr","chineseCountryName":"法国","pkg":"com.spaceship.screen.textcopy"},"orders":["com.recognize_text.translate.screen","com.spaceship.screen.textcopy","com.tap_to_translate.snap_translate","com.newmg.yurao.pro","com.gaminik.i18n","com.niven.translator","com.screen.translate.google","com.microsoft.translator","com.google.android.apps.translate","com.zaz.translate","com.niven.game","com.niven.apptranslate","com.deepl.mobiletranslator","ru.yandex.translate","at.nk.tools.iTranslate","com.immersivetranslate.browser","com.voice_camera_free_translate","com.google.ar.lens","com.datacomprojects.scanandtranslate","com.naver.labs.translator"]},{"rank":{"index":2,"lang":"en-gb","country":"gb","chineseCountryName":"英国","pkg":"com.spaceship.screen.textcopy"},"orders":["com.recognize_text.translate.screen","com.spaceship.screen.textcopy","com.newmg.yurao.pro","com.gaminik.i18n","com.screen.translate.google","com.niven.translator","com.tap_to_translate.snap_translate","com.google.android.apps.translate","com.immersivetranslate.browser","com.microsoft.translator","com.niven.game","com.deepl.mobiletranslator","com.zaz.translate","link.zhidou.btranslator","com.niven.apptranslate","ru.yandex.translate","com.naver.labs.translator","com.siv","com.paninitranslate","com.eecorp.linguago"]},{"rank":{"index":2,"lang":"de","country":"de","chineseCountryName":"德国","pkg":"com.spaceship.screen.textcopy"},"orders":["com.recognize_text.translate.screen","com.spaceship.screen.textcopy","com.newmg.yurao.pro","com.gaminik.i18n","com.niven.translator","com.screen.translate.google","com.microsoft.translator","com.tap_to_translate.snap_translate","com.google.android.apps.translate","com.niven.game","com.deepl.mobiletranslator","com.zaz.translate","at.nk.tools.iTranslate","ru.yandex.translate","com.niven.apptranslate","com.immersivetranslate.browser","com.tangdi.baiguotong","com.ticktalk.translatevoice","com.google.ar.lens","link.zhidou.btranslator"]},{"rank":{"index":2,"lang":"it","country":"it","chineseCountryName":"意大利","pkg":"com.spaceship.screen.textcopy"},"orders":["com.recognize_text.translate.screen","com.spaceship.screen.textcopy","com.tap_to_translate.snap_translate","com.gaminik.i18n","com.newmg.yurao.pro","com.niven.translator","com.screen.translate.google","com.microsoft.translator","com.google.android.apps.translate","com.niven.game","at.nk.tools.iTranslate","com.deepl.mobiletranslator","ru.yandex.translate","com.datacomprojects.scanandtranslate","com.immersivetranslate.browser","com.niven.apptranslate","com.zaz.translate","com.ticktalk.translatevoice","com.tangdi.baiguotong","com.voice_camera_free_translate"]},{"rank":{"index":2,"lang":"ja","country":"jp","chineseCountryName":"日本","pkg":"com.spaceship.screen.textcopy"},"orders":["com.recognize_text.translate.screen","com.spaceship.screen.textcopy","com.tap_to_translate.snap_translate","com.gaminik.i18n","com.newmg.yurao.pro","com.screen.translate.google","com.microsoft.translator","com.google.android.apps.translate","com.niven.translator","com.naver.labs.translator","com.immersivetranslate.browser","com.niven.game","com.deepl.mobiletranslator","at.nk.tools.iTranslate","com.niven.apptranslate","com.google.ar.lens","com.voice_camera_free_translate","com.zaz.translate","link.zhidou.btranslator","com.datacomprojects.scanandtranslate"]},{"rank":{"index":3,"lang":"ko","country":"kr","chineseCountryName":"韩国","pkg":"com.spaceship.screen.textcopy"},"orders":["com.recognize_text.translate.screen","com.tap_to_translate.snap_translate","com.spaceship.screen.textcopy","com.newmg.yurao.pro","com.niven.translator","com.gaminik.i18n","com.screen.translate.google","com.google.android.apps.translate","com.niven.game","com.naver.labs.translator","com.niven.apptranslate","com.voice_camera_free_translate","com.microsoft.translator","com.immersivetranslate.browser","at.nk.tools.iTranslate","com.zaz.translate","com.deepl.mobiletranslator","com.openai.chatgpt","com.eecorp.taptranslator","com.facebook.katana"]},{"rank":{"index":2,"lang":"zh-hk","country":"hk","chineseCountryName":"香港","pkg":"com.spaceship.screen.textcopy"},"orders":["com.recognize_text.translate.screen","com.spaceship.screen.textcopy","com.tap_to_translate.snap_translate","com.screen.translate.google","com.newmg.yurao.pro","com.gaminik.i18n","com.niven.translator","com.niven.game","com.google.android.apps.translate","com.microsoft.translator","at.nk.tools.iTranslate","com.niven.apptranslate","com.immersivetranslate.browser","com.zaz.translate","com.naver.labs.translator","com.voice_camera_free_translate","com.deepl.mobiletranslator","com.tangdi.baiguotong","com.google.ar.lens","jp.naver.line.android"]},{"rank":{"index":2,"lang":"zh-tw","country":"tw","chineseCountryName":"台湾","pkg":"com.spaceship.screen.textcopy"},"orders":["com.recognize_text.translate.screen","com.spaceship.screen.textcopy","com.newmg.yurao.pro","com.gaminik.i18n","com.screen.translate.google","com.niven.translator","com.tap_to_translate.snap_translate","com.niven.game","com.immersivetranslate.browser","com.google.android.apps.translate","com.microsoft.translator","com.niven.apptranslate","at.nk.tools.iTranslate","com.naver.labs.translator","com.zaz.translate","com.tangdi.baiguotong","com.eecorp.taptranslator","com.deepl.mobiletranslator","com.translate.talkingtranslator","com.google.ar.lens"]},{"rank":{"index":2,"lang":"en","country":"in","chineseCountryName":"印度","pkg":"com.spaceship.screen.textcopy"},"orders":["com.recognize_text.translate.screen","com.spaceship.screen.textcopy","com.newmg.yurao.pro","com.google.android.apps.translate"]},{"rank":{"index":3,"lang":"id","country":"id","chineseCountryName":"印尼","pkg":"com.spaceship.screen.textcopy"},"orders":["com.recognize_text.translate.screen","com.tap_to_translate.snap_translate","com.spaceship.screen.textcopy","com.niven.translator","com.newmg.yurao.pro","com.screen.translate.google","com.gaminik.i18n","com.niven.game","com.google.android.apps.translate","com.niven.apptranslate","at.nk.tools.iTranslate","com.deepl.mobiletranslator","com.microsoft.translator","com.naver.labs.translator"]},{"rank":{"index":2,"lang":"es-mx","country":"mx","chineseCountryName":"墨西哥","pkg":"com.spaceship.screen.textcopy"},"orders":["com.recognize_text.translate.screen","com.spaceship.screen.textcopy","com.tap_to_translate.snap_translate","com.newmg.yurao.pro","com.gaminik.i18n","com.google.android.apps.translate","at.nk.tools.iTranslate","com.zaz.translate","com.deepl.mobiletranslator","ru.yandex.translate","com.naver.labs.translator","com.ticktalk.translatevoice","com.translate.talkingtranslator","com.google.ar.lens","com.softissimo.reverso.context","com.niven.translator","com.screen.translate.google","com.niven.game","com.niven.apptranslate","com.newtranslate.google"]}]