[{"rank":{"index":2,"lang":"en-us","country":"us","chineseCountryName":"美国","pkg":"com.spaceship.screen.textcopy"},"orders":["com.recognize_text.translate.screen","com.spaceship.screen.textcopy","com.gaminik.i18n","com.google.android.apps.translate","com.mg.yurao.google","com.microsoft.translator","com.tap_to_translate.snap_translate","com.niven.game","com.niven.translator","com.niven.comic","com.newmg.yurao.pro","com.naver.labs.translator","com.niven.apptranslate","screen.translator.voice.translate","com.eecorp.linguago","at.nk.tools.iTranslate","com.zaz.translate","com.translate.talkingtranslator","ru.yandex.translate","com.deepl.mobiletranslator"]},{"rank":{"index":6,"lang":"ru","country":"ru","chineseCountryName":"俄罗斯","pkg":"com.spaceship.screen.textcopy"},"orders":["com.recognize_text.translate.screen","com.tap_to_translate.snap_translate","com.gaminik.i18n","com.niven.game","com.niven.translator","com.spaceship.screen.textcopy","com.niven.comic","com.niven.apptranslate","com.eecorp.linguago","ru.yandex.translate","com.pidev.screentranslator","screen.translator.voice.translate","com.google.android.apps.translate","com.microsoft.translator","com.deepl.mobiletranslator","com.chat_translate.screen_translate","us.zoom.videomeetings","com.zaz.translate","com.duolingo","at.nk.tools.iTranslate"]},{"rank":{"index":2,"lang":"fr","country":"fr","chineseCountryName":"法国","pkg":"com.spaceship.screen.textcopy"},"orders":["com.recognize_text.translate.screen","com.spaceship.screen.textcopy","com.tap_to_translate.snap_translate","com.niven.game","com.mg.yurao.google","com.gaminik.i18n","com.niven.translator","com.niven.comic","com.translator.yellow","com.newmg.yurao.pro","com.niven.apptranslate","com.eecorp.linguago","com.microsoft.translator","com.google.android.apps.translate","screen.translator.voice.translate","com.zaz.translate","at.nk.tools.iTranslate","ru.yandex.translate","com.aldoo.pdftranslatorpro","com.mg.chat"]},{"rank":{"index":3,"lang":"en-gb","country":"gb","chineseCountryName":"英国","pkg":"com.spaceship.screen.textcopy"},"orders":["com.recognize_text.translate.screen","com.mg.yurao.google","com.spaceship.screen.textcopy","com.tap_to_translate.snap_translate","com.google.android.apps.translate","com.microsoft.translator","com.niven.game","com.gaminik.i18n","com.niven.translator","com.translator.yellow","com.niven.comic","at.nk.tools.iTranslate","com.newmg.yurao.pro","com.translate.app","com.eecorp.linguago","com.niven.apptranslate","com.zaz.translate","screen.translator.voice.translate","free.language.translate.translator","com.tranit.text.translate"]},{"rank":{"index":2,"lang":"de","country":"de","chineseCountryName":"德国","pkg":"com.spaceship.screen.textcopy"},"orders":["com.recognize_text.translate.screen","com.spaceship.screen.textcopy","com.gaminik.i18n","com.mg.yurao.google","com.niven.game","com.tap_to_translate.snap_translate","com.niven.translator","com.niven.comic","com.microsoft.translator","com.translator.yellow","com.newmg.yurao.pro","com.niven.apptranslate","com.eecorp.linguago","com.google.android.apps.translate","at.nk.tools.iTranslate","com.zaz.translate","com.mg.chat","screen.translator.voice.translate","com.translate.app","all.language.translate.translator"]},{"rank":{"index":4,"lang":"it","country":"it","chineseCountryName":"意大利","pkg":"com.spaceship.screen.textcopy"},"orders":["com.recognize_text.translate.screen","com.niven.game","com.gaminik.i18n","com.spaceship.screen.textcopy","com.mg.yurao.google","com.niven.translator","com.tap_to_translate.snap_translate","com.niven.comic","com.microsoft.translator","com.niven.apptranslate","com.google.android.apps.translate","com.newmg.yurao.pro","com.eecorp.linguago","at.nk.tools.iTranslate","com.deepl.mobiletranslator","screen.translator.voice.translate","com.zaz.translate","com.pidev.screentranslator","ru.yandex.translate","com.kursx.smartbook"]},{"rank":{"index":7,"lang":"ja","country":"jp","chineseCountryName":"日本","pkg":"com.spaceship.screen.textcopy"},"orders":["com.recognize_text.translate.screen","com.mg.yurao.google","com.tap_to_translate.snap_translate","com.gaminik.i18n","com.niven.game","com.niven.translator","com.spaceship.screen.textcopy","com.niven.comic","com.google.android.apps.translate","com.naver.labs.translator","com.niven.apptranslate","com.newmg.yurao.pro","com.eecorp.linguago","com.microsoft.translator"]},{"rank":{"index":5,"lang":"ko","country":"kr","chineseCountryName":"韩国","pkg":"com.spaceship.screen.textcopy"},"orders":["com.recognize_text.translate.screen","com.mg.yurao.google","com.tap_to_translate.snap_translate","com.niven.game","com.spaceship.screen.textcopy","com.gaminik.i18n","com.niven.translator","com.niven.comic","com.newmg.yurao.pro","com.niven.apptranslate","com.eecorp.linguago","com.naver.labs.translator","screen.translator.voice.translate","com.google.android.apps.translate","com.microsoft.translator","at.nk.tools.iTranslate","us.zoom.videomeetings","com.copy.paste.ocr.screen.text.copypastetrial","com.zaz.translate","com.pidev.screentranslator"]},{"rank":{"index":9,"lang":"zh-hk","country":"hk","chineseCountryName":"香港","pkg":"com.spaceship.screen.textcopy"},"orders":["com.recognize_text.translate.screen","com.tap_to_translate.snap_translate","com.mg.yurao.google","com.gaminik.i18n","com.niven.game","com.niven.translator","com.google.android.apps.translate","com.niven.comic","com.spaceship.screen.textcopy","com.newmg.yurao.pro","com.niven.apptranslate","com.microsoft.translator","com.naver.labs.translator","com.eecorp.linguago","screen.translator.voice.translate","at.nk.tools.iTranslate","com.zaz.translate","com.deepl.mobiletranslator","com.tranit.text.translate","com.pidev.screentranslator"]},{"rank":{"index":7,"lang":"zh-tw","country":"tw","chineseCountryName":"台湾","pkg":"com.spaceship.screen.textcopy"},"orders":["com.recognize_text.translate.screen","com.mg.yurao.google","com.gaminik.i18n","com.tap_to_translate.snap_translate","com.niven.game","com.niven.translator","com.spaceship.screen.textcopy","com.niven.comic","com.newmg.yurao.pro","com.niven.apptranslate","com.microsoft.translator","at.nk.tools.iTranslate","com.eecorp.linguago","com.zaz.translate","com.google.android.apps.translate","screen.translator.voice.translate","com.pidev.screentranslator","com.tranit.text.translate","com.copy.paste.ocr.screen.text.copypastetrial","com.aldoo.pdftranslatorpro"]},{"rank":{"index":10,"lang":"en","country":"in","chineseCountryName":"印度","pkg":"com.spaceship.screen.textcopy"},"orders":["com.recognize_text.translate.screen","com.gaminik.i18n","com.tap_to_translate.snap_translate","com.google.android.apps.translate","com.niven.game","screen.translator.voice.translate","com.microsoft.translator","com.niven.translator","com.zaz.translate","com.spaceship.screen.textcopy","com.niven.comic","com.newmg.yurao.pro","com.eecorp.linguago","com.tranit.text.translate","com.niven.apptranslate","at.nk.tools.iTranslate","com.talpa.translate","com.kursx.smartbook","com.pidev.screentranslator","com.mg.yurao.google"]},{"rank":{"index":5,"lang":"id","country":"id","chineseCountryName":"印尼","pkg":"com.spaceship.screen.textcopy"},"orders":["com.recognize_text.translate.screen","com.tap_to_translate.snap_translate","com.mg.yurao.google","com.gaminik.i18n","com.spaceship.screen.textcopy","com.niven.game","com.niven.translator","com.niven.comic","com.newmg.yurao.pro","com.niven.apptranslate","com.eecorp.linguago","com.google.android.apps.translate"]},{"rank":{"index":4,"lang":"es-mx","country":"mx","chineseCountryName":"墨西哥","pkg":"com.spaceship.screen.textcopy"},"orders":["com.recognize_text.translate.screen","com.tap_to_translate.snap_translate","com.gaminik.i18n","com.spaceship.screen.textcopy","com.niven.game","com.niven.translator","com.niven.comic","at.nk.tools.iTranslate","com.microsoft.translator","com.zaz.translate","com.newmg.yurao.pro","com.niven.apptranslate","com.google.android.apps.translate","com.youdao.hindict","com.eecorp.linguago","com.talpa.translate","ru.yandex.translate","com.naver.labs.translator","com.flitto.app","com.mg.yurao.google"]}]