[{"rank":{"index":2,"lang":"en-us","country":"us","chineseCountryName":"美国","pkg":"com.spaceship.screen.textcopy"},"orders":["com.recognize_text.translate.screen","com.spaceship.screen.textcopy","com.newmg.yurao.pro","com.gaminik.i18n","com.google.android.apps.translate","com.microsoft.translator","com.niven.translator","com.tap_to_translate.snap_translate","com.zaz.translate","com.google.ar.lens","com.screen.translate.google","ru.yandex.translate","com.deepl.mobiletranslator","at.nk.tools.iTranslate","com.niven.game","com.niven.apptranslate","com.naver.labs.translator","com.eecorp.linguago","com.translate.talkingtranslator","com.android.chrome"]},{"rank":{"index":0,"lang":"ru","country":"ru","chineseCountryName":"俄罗斯","pkg":"com.spaceship.screen.textcopy"},"orders":["com.recognize_text.translate.screen","com.newmg.yurao.pro","com.gaminik.i18n","ru.yandex.translate","com.niven.translator","com.tap_to_translate.snap_translate","com.niven.game","com.google.android.apps.translate","com.microsoft.translator","com.screen.translate.google","com.zaz.translate","com.niven.apptranslate","com.deepl.mobiletranslator","com.google.ar.lens","com.eecorp.linguago","com.whatsapp","com.instagram.android","com.facebook.katana","com.android.chrome","com.facebook.orca"]},{"rank":{"index":2,"lang":"pt-br","country":"br","chineseCountryName":"巴西","pkg":"com.spaceship.screen.textcopy"},"orders":["com.recognize_text.translate.screen","com.spaceship.screen.textcopy","com.newmg.yurao.pro","com.tap_to_translate.snap_translate","com.gaminik.i18n","com.google.android.apps.translate","com.zaz.translate","ru.yandex.translate","com.deepl.mobiletranslator","at.nk.tools.iTranslate","com.google.ar.lens","com.translate.talkingtranslator","com.naver.labs.translator","com.softissimo.reverso.context","com.niven.translator","com.niven.game","com.screen.translate.google","com.niven.apptranslate","screen.translator.voice.translate","com.translator.translation.screen.translate.voice.languages.text.translating"]},{"rank":{"index":2,"lang":"fr","country":"fr","chineseCountryName":"法国","pkg":"com.spaceship.screen.textcopy"},"orders":["com.recognize_text.translate.screen","com.spaceship.screen.textcopy","com.gaminik.i18n","com.tap_to_translate.snap_translate","com.newmg.yurao.pro","com.google.android.apps.translate","com.niven.translator","com.microsoft.translator","com.screen.translate.google","com.zaz.translate","com.google.ar.lens","com.niven.apptranslate","com.deepl.mobiletranslator","ru.yandex.translate","com.niven.game","com.google.android.apps.tachyon","com.facebook.katana","com.instagram.android","com.facebook.orca","com.android.chrome"]},{"rank":{"index":2,"lang":"en-gb","country":"gb","chineseCountryName":"英国","pkg":"com.spaceship.screen.textcopy"},"orders":["com.recognize_text.translate.screen","com.spaceship.screen.textcopy","com.tap_to_translate.snap_translate","com.screen.translate.google","com.google.android.apps.translate","com.newmg.yurao.pro","com.gaminik.i18n","com.niven.translator","com.microsoft.translator","com.zaz.translate","ru.yandex.translate","com.google.ar.lens","at.nk.tools.iTranslate","com.eecorp.linguago","com.niven.game","com.niven.apptranslate","com.deepl.mobiletranslator","com.datacomprojects.scanandtranslate","com.naver.labs.translator","com.immersivetranslate.browser"]},{"rank":{"index":2,"lang":"de","country":"de","chineseCountryName":"德国","pkg":"com.spaceship.screen.textcopy"},"orders":["com.recognize_text.translate.screen","com.spaceship.screen.textcopy","com.gaminik.i18n","com.newmg.yurao.pro","com.google.android.apps.translate","com.microsoft.translator","com.tap_to_translate.snap_translate","com.niven.translator","ru.yandex.translate","com.screen.translate.google","com.zaz.translate","com.google.ar.lens","com.deepl.mobiletranslator","com.niven.apptranslate","com.niven.game","com.google.android.apps.tachyon","at.nk.tools.iTranslate","com.android.chrome","com.facebook.katana","com.instagram.android"]},{"rank":{"index":2,"lang":"it","country":"it","chineseCountryName":"意大利","pkg":"com.spaceship.screen.textcopy"},"orders":["com.recognize_text.translate.screen","com.spaceship.screen.textcopy","com.gaminik.i18n","com.newmg.yurao.pro","com.tap_to_translate.snap_translate","com.google.android.apps.translate","com.niven.translator","com.microsoft.translator","com.screen.translate.google","com.google.ar.lens","com.niven.game","ru.yandex.translate","com.zaz.translate","com.deepl.mobiletranslator","com.niven.apptranslate","com.google.android.apps.tachyon","com.eecorp.linguago","com.facebook.orca","com.instagram.android","com.traductorweb"]},{"rank":{"index":2,"lang":"ja","country":"jp","chineseCountryName":"日本","pkg":"com.spaceship.screen.textcopy"},"orders":["com.recognize_text.translate.screen","com.spaceship.screen.textcopy","com.newmg.yurao.pro","com.gaminik.i18n","com.microsoft.translator","com.tap_to_translate.snap_translate","com.google.android.apps.translate","com.niven.translator","com.google.ar.lens","com.screen.translate.google","com.deepl.mobiletranslator","com.naver.labs.translator","ru.yandex.translate","com.niven.game","at.nk.tools.iTranslate","com.facebook.katana","com.google.android.apps.maps","com.eecorp.linguago","com.facebook.orca","com.instagram.android"]},{"rank":{"index":2,"lang":"ko","country":"kr","chineseCountryName":"韩国","pkg":"com.spaceship.screen.textcopy"},"orders":["com.recognize_text.translate.screen","com.spaceship.screen.textcopy","com.gaminik.i18n","com.tap_to_translate.snap_translate","com.newmg.yurao.pro","com.niven.translator","com.google.android.apps.translate","com.screen.translate.google","com.microsoft.translator","com.niven.game","com.naver.labs.translator","com.niven.apptranslate","com.google.ar.lens","com.zaz.translate","ru.yandex.translate","com.immersivetranslate.browser","com.facebook.katana","com.eecorp.linguago","com.instagram.android","com.facebook.orca"]},{"rank":{"index":1,"lang":"zh-hk","country":"hk","chineseCountryName":"香港","pkg":"com.spaceship.screen.textcopy"},"orders":["com.spaceship.screen.textcopy","com.recognize_text.translate.screen","com.gaminik.i18n","com.newmg.yurao.pro","com.microsoft.translator","com.tap_to_translate.snap_translate","com.niven.translator","com.google.android.apps.translate","com.screen.translate.google","com.google.ar.lens","com.zaz.translate","com.niven.game","com.niven.apptranslate","ru.yandex.translate","com.immersivetranslate.browser","com.naver.labs.translator","com.google.android.apps.maps","com.android.chrome","com.facebook.katana","com.facebook.orca"]},{"rank":{"index":2,"lang":"zh-tw","country":"tw","chineseCountryName":"台湾","pkg":"com.spaceship.screen.textcopy"},"orders":["com.recognize_text.translate.screen","com.spaceship.screen.textcopy","com.newmg.yurao.pro","com.gaminik.i18n","com.tap_to_translate.snap_translate","com.niven.translator","com.microsoft.translator","com.screen.translate.google","com.google.android.apps.translate","com.zaz.translate","com.google.ar.lens","com.niven.apptranslate","com.niven.game","com.naver.labs.translator","com.eecorp.linguago","ru.yandex.translate","com.facebook.katana","com.facebook.orca","com.instagram.android","com.google.android.apps.maps"]},{"rank":{"index":2,"lang":"en","country":"in","chineseCountryName":"印度","pkg":"com.spaceship.screen.textcopy"},"orders":["com.recognize_text.translate.screen","com.spaceship.screen.textcopy","com.newmg.yurao.pro","com.google.android.apps.translate","com.gaminik.i18n","com.zaz.translate"]},{"rank":{"index":2,"lang":"id","country":"id","chineseCountryName":"印尼","pkg":"com.spaceship.screen.textcopy"},"orders":["com.recognize_text.translate.screen","com.spaceship.screen.textcopy","com.gaminik.i18n","com.tap_to_translate.snap_translate","com.niven.translator","com.newmg.yurao.pro","com.niven.game","com.google.android.apps.translate","com.screen.translate.google","com.zaz.translate","com.deepl.mobiletranslator","com.microsoft.translator"]},{"rank":{"index":2,"lang":"es-mx","country":"mx","chineseCountryName":"墨西哥","pkg":"com.spaceship.screen.textcopy"},"orders":["com.recognize_text.translate.screen","com.spaceship.screen.textcopy","com.newmg.yurao.pro","com.tap_to_translate.snap_translate","com.gaminik.i18n","com.google.android.apps.translate","com.zaz.translate","ru.yandex.translate","at.nk.tools.iTranslate","com.deepl.mobiletranslator","com.google.ar.lens","com.translate.talkingtranslator","com.naver.labs.translator","com.softissimo.reverso.context","com.ticktalk.translatevoice","com.niven.translator","com.niven.game","com.screen.translate.google","screen.translator.voice.translate","com.translator.translation.screen.translate.voice.languages.text.translating"]}]