[{"rank":{"index":2,"lang":"en-us","country":"us","chineseCountryName":"美国","pkg":"com.spaceship.screen.textcopy"},"orders":["com.recognize_text.translate.screen","com.spaceship.screen.textcopy","com.tap_to_translate.snap_translate","com.mg.yurao.google","com.google.android.apps.translate","com.gaminik.i18n","com.niven.game","com.microsoft.translator","com.niven.translator","com.niven.comic","screen.translator.voice.translate","com.eecorp.linguago","com.niven.apptranslate","com.datacomprojects.scanandtranslate","com.translate.talkingtranslator","com.deepl.mobiletranslator","com.translator.yellow","com.newmg.yurao.pro","com.zaz.translate","at.nk.tools.iTranslate"]},{"rank":{"index":7,"lang":"ru","country":"ru","chineseCountryName":"俄罗斯","pkg":"com.spaceship.screen.textcopy"},"orders":["com.recognize_text.translate.screen","com.tap_to_translate.snap_translate","com.gaminik.i18n","com.mg.yurao.google","com.niven.game","com.niven.translator","com.spaceship.screen.textcopy","com.niven.comic","com.newmg.yurao.pro","com.eecorp.linguago","com.niven.apptranslate","ru.yandex.translate","com.google.android.apps.translate","screen.translator.voice.translate","com.deepl.mobiletranslator","com.pidev.screentranslator","us.zoom.videomeetings","com.chat_translate.screen_translate","com.microsoft.translator","org.thunderdog.challegram"]},{"rank":{"index":2,"lang":"fr","country":"fr","chineseCountryName":"法国","pkg":"com.spaceship.screen.textcopy"},"orders":["com.recognize_text.translate.screen","com.spaceship.screen.textcopy","com.tap_to_translate.snap_translate","com.gaminik.i18n","com.mg.yurao.google","com.niven.game","com.niven.translator","com.niven.comic","com.google.android.apps.translate","com.newmg.yurao.pro","com.eecorp.linguago","com.niven.apptranslate","com.translator.yellow","com.microsoft.translator","screen.translator.voice.translate","com.deepl.mobiletranslator","us.zoom.videomeetings","com.softissimo.reverso.context","com.zaz.translate","com.translate.talkingtranslator"]},{"rank":{"index":2,"lang":"en-gb","country":"gb","chineseCountryName":"英国","pkg":"com.spaceship.screen.textcopy"},"orders":["com.recognize_text.translate.screen","com.spaceship.screen.textcopy","com.mg.yurao.google","com.tap_to_translate.snap_translate","com.google.android.apps.translate","com.gaminik.i18n","com.niven.game","com.niven.translator","com.niven.comic","com.microsoft.translator","com.translator.yellow","com.eecorp.linguago","com.niven.apptranslate","screen.translator.voice.translate","com.datacomprojects.scanandtranslate","com.newmg.yurao.pro","com.translate.app","com.android.chrome","com.google.android.dialer","com.zaz.translate"]},{"rank":{"index":2,"lang":"de","country":"de","chineseCountryName":"德国","pkg":"com.spaceship.screen.textcopy"},"orders":["com.recognize_text.translate.screen","com.spaceship.screen.textcopy","com.mg.yurao.google","com.tap_to_translate.snap_translate","com.gaminik.i18n","com.niven.game","com.niven.translator","com.niven.comic","com.niven.apptranslate","com.eecorp.linguago","com.microsoft.translator","com.newmg.yurao.pro","com.google.android.apps.translate","com.deepl.mobiletranslator","com.translator.yellow","screen.translator.voice.translate","at.nk.tools.iTranslate","us.zoom.videomeetings","ru.yandex.translate","com.datacomprojects.scanandtranslate"]},{"rank":{"index":2,"lang":"it","country":"it","chineseCountryName":"意大利","pkg":"com.spaceship.screen.textcopy"},"orders":["com.recognize_text.translate.screen","com.spaceship.screen.textcopy","com.niven.game","com.gaminik.i18n","com.mg.yurao.google","com.niven.translator","com.tap_to_translate.snap_translate","com.niven.comic"]},{"rank":{"index":4,"lang":"ja","country":"jp","chineseCountryName":"日本","pkg":"com.spaceship.screen.textcopy"},"orders":["com.recognize_text.translate.screen","com.mg.yurao.google","com.gaminik.i18n","com.spaceship.screen.textcopy","com.niven.game","com.tap_to_translate.snap_translate","com.niven.translator","com.niven.comic","com.niven.apptranslate","com.eecorp.linguago","com.google.android.apps.translate","com.newmg.yurao.pro","us.zoom.videomeetings","com.deepl.mobiletranslator","com.naver.labs.translator","com.microsoft.translator","com.youdao.hindict","screen.translator.voice.translate","com.google.android.tts","ru.yandex.translate"]},{"rank":{"index":4,"lang":"ko","country":"kr","chineseCountryName":"韩国","pkg":"com.spaceship.screen.textcopy"},"orders":["com.recognize_text.translate.screen","com.mg.yurao.google","com.tap_to_translate.snap_translate","com.spaceship.screen.textcopy","com.gaminik.i18n","com.niven.game","com.niven.translator","com.niven.comic","com.niven.apptranslate","com.newmg.yurao.pro","com.eecorp.linguago","com.google.android.apps.translate","com.naver.labs.translator","screen.translator.voice.translate","com.microsoft.translator","com.deepl.mobiletranslator","com.eecorp.taptranslator","us.zoom.videomeetings","at.nk.tools.iTranslate","com.youdao.hindict"]},{"rank":{"index":3,"lang":"zh-hk","country":"hk","chineseCountryName":"香港","pkg":"com.spaceship.screen.textcopy"},"orders":["com.recognize_text.translate.screen","com.mg.yurao.google","com.spaceship.screen.textcopy","com.gaminik.i18n","com.niven.game","com.tap_to_translate.snap_translate","com.niven.translator","com.niven.comic","com.niven.apptranslate","com.newmg.yurao.pro","com.eecorp.linguago","com.google.android.apps.translate","at.nk.tools.iTranslate","screen.translator.voice.translate","com.microsoft.translator","camera.translator.realtime","all.language.translate.translator","com.deepl.mobiletranslator","com.mg.subtitle.google","free.language.translate.translator"]},{"rank":{"index":6,"lang":"zh-tw","country":"tw","chineseCountryName":"台湾","pkg":"com.spaceship.screen.textcopy"},"orders":["com.recognize_text.translate.screen","com.mg.yurao.google","com.gaminik.i18n","com.tap_to_translate.snap_translate","com.niven.game","com.spaceship.screen.textcopy","com.niven.translator","com.niven.comic","com.newmg.yurao.pro","com.eecorp.linguago","com.niven.apptranslate","com.google.android.apps.translate","at.nk.tools.iTranslate","screen.translator.voice.translate","com.microsoft.translator","free.language.translate.translator","all.language.translate.translator","com.eecorp.taptranslator","com.deepl.mobiletranslator","com.mg.subtitle.google"]},{"rank":{"index":2,"lang":"en","country":"in","chineseCountryName":"印度","pkg":"com.spaceship.screen.textcopy"},"orders":["com.recognize_text.translate.screen","com.spaceship.screen.textcopy","com.tap_to_translate.snap_translate","com.google.android.apps.translate","com.niven.game","screen.translator.voice.translate","com.niven.translator","com.niven.comic","com.newmg.yurao.pro","com.eecorp.linguago","com.zaz.translate","com.niven.apptranslate","com.microsoft.translator","com.android.chrome","free.language.translate.translator","translate.smartranit.language.text","com.google.android.inputmethod.latin","com.datacomprojects.scanandtranslate","com.mg.yurao.google","com.gaminik.i18n"]},{"rank":{"index":2,"lang":"id","country":"id","chineseCountryName":"印尼","pkg":"com.spaceship.screen.textcopy"},"orders":["com.recognize_text.translate.screen","com.spaceship.screen.textcopy","com.tap_to_translate.snap_translate","com.gaminik.i18n","com.mg.yurao.google","com.niven.translator","com.niven.game","com.niven.comic","com.newmg.yurao.pro","com.eecorp.linguago"]},{"rank":{"index":2,"lang":"es-mx","country":"mx","chineseCountryName":"墨西哥","pkg":"com.spaceship.screen.textcopy"},"orders":["com.recognize_text.translate.screen","com.spaceship.screen.textcopy","com.tap_to_translate.snap_translate","com.niven.game","com.niven.translator","com.niven.comic","com.niven.apptranslate","com.eecorp.linguago","com.newmg.yurao.pro","com.google.android.apps.translate","com.microsoft.translator","com.youdao.hindict","us.zoom.videomeetings","com.deepl.mobiletranslator","free.language.translate.translator","com.zaz.translate","at.nk.tools.iTranslate","screen.translator.voice.translate","com.gaminik.i18n","com.mg.yurao.google"]}]