[{"rank":{"index":2,"lang":"en-us","country":"us","chineseCountryName":"美国","pkg":"com.spaceship.screen.textcopy"},"orders":["com.recognize_text.translate.screen","com.spaceship.screen.textcopy","com.gaminik.i18n","com.niven.translator","com.newmg.yurao.pro","com.google.android.apps.translate","com.hc.texttranslator.screentranslator.chattranslator","com.microsoft.translator","com.tap_to_translate.snap_translate","com.aurasense.screentranslate","at.nk.tools.iTranslate","com.naver.labs.translator","com.yoyodev.screentranslate","com.deepl.mobiletranslator","com.zaz.translate","com.screen.translate.google","com.eecorp.linguago","live.screentranslate.realtime","com.screen.translator.text.recognize","ru.yandex.translate"]},{"rank":{"index":3,"lang":"ru","country":"ru","chineseCountryName":"俄罗斯","pkg":"com.spaceship.screen.textcopy"},"orders":["com.recognize_text.translate.screen","com.niven.translator","com.spaceship.screen.textcopy","com.tap_to_translate.snap_translate","com.gaminik.i18n","com.hc.texttranslator.screentranslator.chattranslator","com.newmg.yurao.pro","com.yoyodev.screentranslate","com.microsoft.translator","com.screen.translate.google","com.google.android.apps.translate","com.zaz.translate","at.nk.tools.iTranslate","com.eecorp.linguago","com.screen.translator.text.recognize","live.screentranslate.realtime","com.galaxy.airviewdictionary","ru.yandex.translate","com.hive.lingonative","com.niven.apptranslate"]},{"rank":{"index":2,"lang":"pt-br","country":"br","chineseCountryName":"巴西","pkg":"com.spaceship.screen.textcopy"},"orders":["com.recognize_text.translate.screen","com.spaceship.screen.textcopy","com.niven.translator","com.tap_to_translate.snap_translate","com.gaminik.i18n","com.hc.texttranslator.screentranslator.chattranslator","com.newmg.yurao.pro","com.screen.translate.google","com.microsoft.translator","at.nk.tools.iTranslate","live.screentranslate.realtime","com.paninitranslate","com.eecorp.linguago","com.google.android.apps.translate","com.galaxy.airviewdictionary","com.screen.translator.text.recognize","com.deepl.mobiletranslator","com.hive.lingonative","com.eecorp.taptranslator","com.niven.apptranslate"]},{"rank":{"index":2,"lang":"fr","country":"fr","chineseCountryName":"法国","pkg":"com.spaceship.screen.textcopy"},"orders":["com.recognize_text.translate.screen","com.spaceship.screen.textcopy","com.tap_to_translate.snap_translate","com.niven.translator","com.hc.texttranslator.screentranslator.chattranslator","com.gaminik.i18n","com.newmg.yurao.pro","com.aurasense.screentranslate","com.yoyodev.screentranslate","com.screen.translate.google","live.screentranslate.realtime","com.eecorp.linguago","com.microsoft.translator","com.hive.lingonative","com.screen.translator.text.recognize","com.galaxy.airviewdictionary","com.eecorp.taptranslator","com.niven.apptranslate","photo.translate.camera.translator","at.nk.tools.iTranslate"]},{"rank":{"index":2,"lang":"en-gb","country":"gb","chineseCountryName":"英国","pkg":"com.spaceship.screen.textcopy"},"orders":["com.recognize_text.translate.screen","com.spaceship.screen.textcopy","com.microsoft.translator","com.google.android.apps.translate","com.hc.texttranslator.screentranslator.chattranslator","com.niven.translator","com.tap_to_translate.snap_translate","com.gaminik.i18n","com.aurasense.screentranslate","com.deepl.mobiletranslator","com.newmg.yurao.pro","at.nk.tools.iTranslate","com.zaz.translate","com.yoyodev.screentranslate","ru.yandex.translate","com.naver.labs.translator","com.transgull.translator","live.screentranslate.realtime","com.screen.translate.google","com.eecorp.linguago"]},{"rank":{"index":2,"lang":"de","country":"de","chineseCountryName":"德国","pkg":"com.spaceship.screen.textcopy"},"orders":["com.recognize_text.translate.screen","com.spaceship.screen.textcopy","com.niven.translator","com.tap_to_translate.snap_translate","com.gaminik.i18n","com.hc.texttranslator.screentranslator.chattranslator","com.newmg.yurao.pro","com.aurasense.screentranslate","com.yoyodev.screentranslate","com.screen.translate.google","com.microsoft.translator","live.screentranslate.realtime","com.eecorp.linguago","com.hive.lingonative","com.screen.translator.text.recognize","at.nk.tools.iTranslate","com.galaxy.airviewdictionary","com.deepl.mobiletranslator","com.zaz.translate","com.eecorp.taptranslator"]},{"rank":{"index":2,"lang":"it","country":"it","chineseCountryName":"意大利","pkg":"com.spaceship.screen.textcopy"},"orders":["com.recognize_text.translate.screen","com.spaceship.screen.textcopy","com.hc.texttranslator.screentranslator.chattranslator","com.niven.translator","com.gaminik.i18n","com.tap_to_translate.snap_translate","com.newmg.yurao.pro","com.aurasense.screentranslate","com.yoyodev.screentranslate","com.screen.translate.google","com.microsoft.translator","live.screentranslate.realtime","com.eecorp.linguago","com.paninitranslate","com.screen.translator.text.recognize","com.hive.lingonative","at.nk.tools.iTranslate","com.galaxy.airviewdictionary","com.niven.apptranslate","link.zhidou.btranslator"]},{"rank":{"index":2,"lang":"ja","country":"jp","chineseCountryName":"日本","pkg":"com.spaceship.screen.textcopy"},"orders":["com.recognize_text.translate.screen","com.spaceship.screen.textcopy","com.hc.texttranslator.screentranslator.chattranslator","com.tap_to_translate.snap_translate","com.gaminik.i18n","com.niven.translator","com.newmg.yurao.pro","com.aurasense.screentranslate","com.screen.translate.google","com.eecorp.linguago","live.screentranslate.realtime","com.galaxy.airviewdictionary","com.microsoft.translator","com.screen.translator.text.recognize","com.niven.apptranslate","com.hive.lingonative","com.eecorp.taptranslator","com.google.android.apps.translate","com.gyaser.screen.translator","com.naver.labs.translator"]},{"rank":{"index":2,"lang":"ko","country":"kr","chineseCountryName":"韩国","pkg":"com.spaceship.screen.textcopy"},"orders":["com.recognize_text.translate.screen","com.spaceship.screen.textcopy","com.gaminik.i18n","com.tap_to_translate.snap_translate","com.niven.translator","com.hc.texttranslator.screentranslator.chattranslator","com.newmg.yurao.pro","com.aurasense.screentranslate","com.screen.translate.google","com.microsoft.translator","live.screentranslate.realtime","com.eecorp.linguago","com.naver.labs.translator","com.screen.translator.text.recognize","com.niven.apptranslate","at.nk.tools.iTranslate","com.galaxy.airviewdictionary","com.hive.lingonative","com.google.android.apps.translate","com.deepl.mobiletranslator"]},{"rank":{"index":2,"lang":"zh-hk","country":"hk","chineseCountryName":"香港","pkg":"com.spaceship.screen.textcopy"},"orders":["com.recognize_text.translate.screen","com.spaceship.screen.textcopy","com.tap_to_translate.snap_translate","com.gaminik.i18n","com.hc.texttranslator.screentranslator.chattranslator","com.newmg.yurao.pro","com.aurasense.screentranslate","com.niven.translator","com.microsoft.translator","com.google.android.apps.translate","at.nk.tools.iTranslate","com.screen.translate.google","com.deepl.mobiletranslator","com.yoyodev.screentranslate","com.naver.labs.translator","com.eecorp.linguago","live.screentranslate.realtime","com.screen.translator.text.recognize","com.zaz.translate","com.galaxy.airviewdictionary"]},{"rank":{"index":2,"lang":"zh-tw","country":"tw","chineseCountryName":"台湾","pkg":"com.spaceship.screen.textcopy"},"orders":["com.recognize_text.translate.screen","com.spaceship.screen.textcopy","com.gaminik.i18n","com.tap_to_translate.snap_translate","com.hc.texttranslator.screentranslator.chattranslator","com.aurasense.screentranslate","com.newmg.yurao.pro","com.niven.translator","com.microsoft.translator","com.screen.translate.google","at.nk.tools.iTranslate","com.google.android.apps.translate","com.yoyodev.screentranslate","live.screentranslate.realtime","com.eecorp.linguago","com.deepl.mobiletranslator","com.screen.translator.text.recognize","com.naver.labs.translator","com.galaxy.airviewdictionary","com.niven.apptranslate"]},{"rank":{"index":0,"lang":"en","country":"in","chineseCountryName":"印度","pkg":"com.spaceship.screen.textcopy"},"orders":["com.recognize_text.translate.screen","com.tap_to_translate.snap_translate","com.gaminik.i18n","com.hc.texttranslator.screentranslator.chattranslator","com.niven.translator","com.newmg.yurao.pro","com.google.android.apps.translate","com.aurasense.screentranslate","com.microsoft.translator","com.screen.translate.google","com.yoyodev.screentranslate","com.zaz.translate","at.nk.tools.iTranslate","com.eecorp.linguago","live.screentranslate.realtime","translate.speech.text.translation.voicetranslator","com.screen.translator.text.recognize","com.galaxy.airviewdictionary","com.deepl.mobiletranslator","com.addevice.translate"]},{"rank":{"index":2,"lang":"id","country":"id","chineseCountryName":"印尼","pkg":"com.spaceship.screen.textcopy"},"orders":["com.recognize_text.translate.screen","com.spaceship.screen.textcopy","com.niven.translator","com.tap_to_translate.snap_translate","com.gaminik.i18n","com.hc.texttranslator.screentranslator.chattranslator","com.aurasense.screentranslate","com.newmg.yurao.pro","com.yoyodev.screentranslate","com.screen.translate.google","com.deepl.mobiletranslator","com.google.android.apps.translate","com.microsoft.translator","at.nk.tools.iTranslate","com.eecorp.linguago","live.screentranslate.realtime","com.galaxy.airviewdictionary","com.screen.translator.text.recognize","com.hive.lingonative","com.naver.labs.translator"]},{"rank":{"index":2,"lang":"es-mx","country":"mx","chineseCountryName":"墨西哥","pkg":"com.spaceship.screen.textcopy"},"orders":["com.recognize_text.translate.screen","com.spaceship.screen.textcopy","com.hc.texttranslator.screentranslator.chattranslator","com.niven.translator","com.gaminik.i18n","com.aurasense.screentranslate","com.tap_to_translate.snap_translate","com.newmg.yurao.pro","com.google.android.apps.translate","com.yoyodev.screentranslate","com.screen.translate.google","live.screentranslate.realtime","com.eecorp.linguago","com.microsoft.translator","com.screen.translator.text.recognize","com.hive.lingonative","com.niven.apptranslate","com.galaxy.airviewdictionary","com.eecorp.taptranslator","ru.yandex.translate"]}]