[{"rank":{"index":2,"lang":"en-us","country":"us","chineseCountryName":"美国","pkg":"com.spaceship.screen.textcopy"},"orders":["com.recognize_text.translate.screen","com.spaceship.screen.textcopy","com.tap_to_translate.snap_translate","com.niven.translator","com.microsoft.translator","com.newmg.yurao.pro","com.google.android.apps.translate","com.gaminik.i18n","com.niven.game","com.eecorp.taptranslator","com.niven.comic","at.nk.tools.iTranslate","com.screen.translate.google","com.screen.translator.text.recognize","com.zaz.translate","com.audacityittranslator.translatetexttranslator","com.translate.talkingtranslator","com.translate.language.translator.voice.translation","com.android.chrome","com.naver.labs.translator"]},{"rank":{"index":2,"lang":"ru","country":"ru","chineseCountryName":"俄罗斯","pkg":"com.spaceship.screen.textcopy"},"orders":["com.recognize_text.translate.screen","com.spaceship.screen.textcopy","com.tap_to_translate.snap_translate","com.niven.translator","com.niven.game","com.gaminik.i18n","com.microsoft.translator","com.newmg.yurao.pro","com.screen.translate.google","com.screen.translator.text.recognize","com.niven.comic","com.google.android.apps.translate","ru.yandex.translate","at.nk.tools.iTranslate","com.audacityittranslator.translatetexttranslator","com.translate.language.translator.voice.translation","com.galaxy.airviewdictionary","com.android.chrome","com.zaz.translate","com.deepl.mobiletranslator"]},{"rank":{"index":2,"lang":"pt-br","country":"br","chineseCountryName":"巴西","pkg":"com.spaceship.screen.textcopy"},"orders":["com.recognize_text.translate.screen","com.spaceship.screen.textcopy","com.tap_to_translate.snap_translate","com.niven.translator","com.gaminik.i18n","com.niven.game","com.niven.comic","com.newmg.yurao.pro","com.screen.translator.text.recognize","com.eecorp.taptranslator","com.google.android.apps.translate","com.screen.translate.google","com.microsoft.translator","com.android.chrome","com.galaxy.airviewdictionary","com.google.android.apps.photos","at.nk.tools.iTranslate","com.discord","com.google.android.apps.maps","com.google.android.apps.youtube.creator"]},{"rank":{"index":2,"lang":"fr","country":"fr","chineseCountryName":"法国","pkg":"com.spaceship.screen.textcopy"},"orders":["com.recognize_text.translate.screen","com.spaceship.screen.textcopy","com.tap_to_translate.snap_translate","com.niven.translator","com.gaminik.i18n","com.niven.game","com.microsoft.translator","com.niven.comic","com.screen.translator.text.recognize","com.newmg.yurao.pro","com.google.android.apps.translate","com.galaxy.airviewdictionary","com.eecorp.taptranslator","at.nk.tools.iTranslate","com.discord","com.android.chrome","com.screen.translate.google","com.microsoft.office.outlook","com.google.android.apps.photos","com.skype.raider"]},{"rank":{"index":2,"lang":"en-gb","country":"gb","chineseCountryName":"英国","pkg":"com.spaceship.screen.textcopy"},"orders":["com.recognize_text.translate.screen","com.spaceship.screen.textcopy","com.tap_to_translate.snap_translate","com.microsoft.translator","com.google.android.apps.translate","com.niven.translator","com.gaminik.i18n","com.niven.game","com.newmg.yurao.pro","at.nk.tools.iTranslate","com.niven.comic","com.zaz.translate","com.galaxy.airviewdictionary","com.screen.translator.text.recognize","com.screen.translate.google","com.eecorp.taptranslator","com.audacityittranslator.translatetexttranslator","com.translate.language.translator.voice.translation","com.siv","com.android.chrome"]},{"rank":{"index":2,"lang":"de","country":"de","chineseCountryName":"德国","pkg":"com.spaceship.screen.textcopy"},"orders":["com.recognize_text.translate.screen","com.spaceship.screen.textcopy","com.tap_to_translate.snap_translate","com.gaminik.i18n","com.niven.translator","com.niven.game","com.microsoft.translator","com.newmg.yurao.pro","com.eecorp.taptranslator","com.google.android.apps.translate","com.niven.comic","com.screen.translator.text.recognize","com.screen.translate.google","at.nk.tools.iTranslate","com.android.chrome","com.discord","com.deepl.mobiletranslator","com.google.android.apps.photos","com.sec.android.app.sbrowser","com.skype.raider"]},{"rank":{"index":2,"lang":"it","country":"it","chineseCountryName":"意大利","pkg":"com.spaceship.screen.textcopy"},"orders":["com.recognize_text.translate.screen","com.spaceship.screen.textcopy","com.tap_to_translate.snap_translate","com.niven.translator","com.gaminik.i18n","com.niven.game","com.screen.translator.text.recognize","com.newmg.yurao.pro","screen.translator.voice.translate","com.niven.comic","com.eecorp.taptranslator","com.microsoft.translator","com.screen.translate.google","com.google.android.apps.translate","com.galaxy.airviewdictionary","com.discord","com.audacityittranslator.translatetexttranslator","at.nk.tools.iTranslate","com.google.android.apps.photos","com.microsoft.office.outlook"]},{"rank":{"index":2,"lang":"ja","country":"jp","chineseCountryName":"日本","pkg":"com.spaceship.screen.textcopy"},"orders":["com.recognize_text.translate.screen","com.spaceship.screen.textcopy","com.tap_to_translate.snap_translate","com.gaminik.i18n","com.niven.translator","com.niven.game","com.microsoft.translator","com.niven.comic","com.newmg.yurao.pro","com.google.android.apps.translate","com.galaxy.airviewdictionary","com.deepl.mobiletranslator","com.eecorp.taptranslator","com.screen.translate.google","com.naver.labs.translator","com.android.chrome","com.discord","com.screen.translator.text.recognize","at.nk.tools.iTranslate","com.google.android.apps.maps"]},{"rank":{"index":2,"lang":"ko","country":"kr","chineseCountryName":"韩国","pkg":"com.spaceship.screen.textcopy"},"orders":["com.recognize_text.translate.screen","com.spaceship.screen.textcopy","com.tap_to_translate.snap_translate","com.microsoft.translator","com.gaminik.i18n","com.niven.game","com.niven.translator","com.google.android.apps.translate","com.naver.labs.translator","com.newmg.yurao.pro","com.screen.translator.text.recognize","com.niven.comic","at.nk.tools.iTranslate","com.screen.translate.google","com.galaxy.airviewdictionary","com.eecorp.taptranslator","com.translate.language.translator.voice.translation","com.audacityittranslator.translatetexttranslator","com.youdao.hindict","com.deepl.mobiletranslator"]},{"rank":{"index":2,"lang":"zh-hk","country":"hk","chineseCountryName":"香港","pkg":"com.spaceship.screen.textcopy"},"orders":["com.recognize_text.translate.screen","com.spaceship.screen.textcopy","com.tap_to_translate.snap_translate","com.microsoft.translator","com.google.android.apps.translate","com.gaminik.i18n","com.niven.game","com.niven.translator","at.nk.tools.iTranslate","com.screen.translator.text.recognize","com.niven.comic","com.translate.language.translator.voice.translation","com.newmg.yurao.pro","com.naver.labs.translator","com.galaxy.airviewdictionary","com.youdao.hindict","com.screen.translate.google","com.deepl.mobiletranslator","com.zaz.translate","com.translate.talkingtranslator"]},{"rank":{"index":2,"lang":"zh-tw","country":"tw","chineseCountryName":"台湾","pkg":"com.spaceship.screen.textcopy"},"orders":["com.recognize_text.translate.screen","com.spaceship.screen.textcopy","com.tap_to_translate.snap_translate","com.microsoft.translator","com.gaminik.i18n","com.niven.translator","com.niven.game","com.google.android.apps.translate","at.nk.tools.iTranslate","com.newmg.yurao.pro","com.niven.comic","com.screen.translate.google","com.screen.translator.text.recognize","com.galaxy.airviewdictionary","com.translate.language.translator.voice.translation","com.eecorp.taptranslator","com.naver.labs.translator","com.youdao.hindict","com.discord","com.translate.talkingtranslator"]},{"rank":{"index":2,"lang":"en","country":"in","chineseCountryName":"印度","pkg":"com.spaceship.screen.textcopy"},"orders":["com.recognize_text.translate.screen","com.spaceship.screen.textcopy","com.google.android.apps.translate","com.tap_to_translate.snap_translate","com.niven.game","com.newmg.yurao.pro","com.microsoft.translator","com.niven.translator"]},{"rank":{"index":2,"lang":"id","country":"id","chineseCountryName":"印尼","pkg":"com.spaceship.screen.textcopy"},"orders":["com.recognize_text.translate.screen","com.spaceship.screen.textcopy","com.tap_to_translate.snap_translate","com.gaminik.i18n","com.niven.game","com.niven.translator","com.newmg.yurao.pro","com.niven.comic","com.eecorp.taptranslator","com.youdao.hindict"]},{"rank":{"index":2,"lang":"es-mx","country":"mx","chineseCountryName":"墨西哥","pkg":"com.spaceship.screen.textcopy"},"orders":["com.recognize_text.translate.screen","com.spaceship.screen.textcopy","com.niven.translator","com.gaminik.i18n","com.niven.game","com.tap_to_translate.snap_translate","com.niven.comic","com.screen.translator.text.recognize","com.newmg.yurao.pro","com.google.android.apps.translate","at.nk.tools.iTranslate","com.eecorp.taptranslator","com.microsoft.translator","com.android.chrome","com.google.android.apps.photos","com.google.android.apps.maps","com.discord","com.microsoft.office.outlook","com.duolingo","com.skype.raider"]}]