[{"rank":{"index":2,"lang":"en-us","country":"us","chineseCountryName":"美国","pkg":"com.spaceship.screen.textcopy"},"orders":["com.recognize_text.translate.screen","com.spaceship.screen.textcopy","com.tap_to_translate.snap_translate","com.google.android.apps.translate","com.screen.translate.google","com.niven.translator","com.microsoft.translator","com.gaminik.i18n","com.niven.game","com.newmg.yurao.pro","com.niven.comic","com.deepl.mobiletranslator","at.nk.tools.iTranslate","com.google.ar.lens","com.zaz.translate","com.translate.talkingtranslator","com.language.translate.free.translator.voice.translation","com.niven.apptranslate","com.translate.language.translator.voice.translation","com.sayhi.android.sayhitranslate"]},{"rank":{"index":2,"lang":"ru","country":"ru","chineseCountryName":"俄罗斯","pkg":"com.spaceship.screen.textcopy"},"orders":["com.recognize_text.translate.screen","com.spaceship.screen.textcopy","com.niven.translator","com.tap_to_translate.snap_translate","com.gaminik.i18n","com.niven.game","com.screen.translate.google","com.newmg.yurao.pro","com.niven.comic","ru.yandex.translate","com.microsoft.translator","com.niven.apptranslate","com.google.android.apps.translate","com.voice_camera_free_translate","com.language.translate.free.translator.voice.translation","com.deepl.mobiletranslator","com.datacomprojects.scanandtranslate","com.android.chrome","com.instagram.android","com.wooask.zx"]},{"rank":{"index":2,"lang":"pt-br","country":"br","chineseCountryName":"巴西","pkg":"com.spaceship.screen.textcopy"},"orders":["com.recognize_text.translate.screen","com.spaceship.screen.textcopy","com.tap_to_translate.snap_translate","com.niven.game","com.gaminik.i18n","com.google.android.apps.translate","at.nk.tools.iTranslate","com.deepl.mobiletranslator","com.zaz.translate","ru.yandex.translate","com.google.ar.lens","com.translate.talkingtranslator","com.softissimo.reverso.context","com.niven.translator","com.newmg.yurao.pro","com.screen.translate.google","com.niven.comic","com.galaxy.airviewdictionary","com.niven.apptranslate","com.naver.labs.translator"]},{"rank":{"index":3,"lang":"fr","country":"fr","chineseCountryName":"法国","pkg":"com.spaceship.screen.textcopy"},"orders":["com.recognize_text.translate.screen","com.tap_to_translate.snap_translate","com.spaceship.screen.textcopy","com.niven.translator","com.screen.translate.google","com.gaminik.i18n","com.niven.game","com.newmg.yurao.pro","com.niven.comic","com.microsoft.translator","com.google.android.apps.translate","com.niven.apptranslate","com.deepl.mobiletranslator","at.nk.tools.iTranslate","com.zaz.translate","com.language.translate.free.translator.voice.translation","com.google.ar.lens","com.voice_camera_free_translate","com.instagram.android","com.facebook.katana"]},{"rank":{"index":2,"lang":"en-gb","country":"gb","chineseCountryName":"英国","pkg":"com.spaceship.screen.textcopy"},"orders":["com.recognize_text.translate.screen","com.spaceship.screen.textcopy","com.tap_to_translate.snap_translate","com.screen.translate.google","com.google.android.apps.translate","com.niven.translator","com.gaminik.i18n","com.microsoft.translator","com.niven.game","com.newmg.yurao.pro","com.niven.comic","com.google.ar.lens","com.deepl.mobiletranslator","at.nk.tools.iTranslate","com.zaz.translate","com.language.translate.free.translator.voice.translation","com.niven.apptranslate","com.datacomprojects.scanandtranslate","com.naver.labs.translator","com.sayhi.android.sayhitranslate"]},{"rank":{"index":2,"lang":"de","country":"de","chineseCountryName":"德国","pkg":"com.spaceship.screen.textcopy"},"orders":["com.recognize_text.translate.screen","com.spaceship.screen.textcopy","com.tap_to_translate.snap_translate","com.screen.translate.google","com.niven.translator","com.gaminik.i18n","com.microsoft.translator","com.niven.game","com.newmg.yurao.pro","com.niven.comic","com.google.android.apps.translate","com.deepl.mobiletranslator","com.niven.apptranslate","com.language.translate.free.translator.voice.translation","at.nk.tools.iTranslate","ru.yandex.translate","com.google.ar.lens","com.zaz.translate","com.translapp.screen.translator","com.translate.talkingtranslator"]},{"rank":{"index":2,"lang":"it","country":"it","chineseCountryName":"意大利","pkg":"com.spaceship.screen.textcopy"},"orders":["com.recognize_text.translate.screen","com.spaceship.screen.textcopy","com.tap_to_translate.snap_translate","com.screen.translate.google","com.niven.translator","com.niven.game","com.gaminik.i18n","com.newmg.yurao.pro","com.niven.comic","com.microsoft.translator","com.google.android.apps.translate","com.deepl.mobiletranslator","at.nk.tools.iTranslate","com.niven.apptranslate","com.language.translate.free.translator.voice.translation","com.google.ar.lens","com.zaz.translate","com.softissimo.reverso.context","com.instagram.android","com.datacomprojects.scanandtranslate"]},{"rank":{"index":2,"lang":"ja","country":"jp","chineseCountryName":"日本","pkg":"com.spaceship.screen.textcopy"},"orders":["com.recognize_text.translate.screen","com.spaceship.screen.textcopy","com.tap_to_translate.snap_translate","com.niven.translator","com.screen.translate.google","com.gaminik.i18n","com.niven.game","com.newmg.yurao.pro","com.microsoft.translator","com.niven.comic","com.google.android.apps.translate","com.deepl.mobiletranslator","com.language.translate.free.translator.voice.translation","at.nk.tools.iTranslate","com.naver.labs.translator"]},{"rank":{"index":3,"lang":"ko","country":"kr","chineseCountryName":"韩国","pkg":"com.spaceship.screen.textcopy"},"orders":["com.recognize_text.translate.screen","com.tap_to_translate.snap_translate","com.spaceship.screen.textcopy","com.niven.translator","com.screen.translate.google","com.gaminik.i18n","com.niven.game","com.newmg.yurao.pro","com.niven.comic","com.microsoft.translator","com.naver.labs.translator","com.google.android.apps.translate","com.niven.apptranslate","com.google.ar.lens","com.facebook.katana","at.nk.tools.iTranslate","com.instagram.android","com.facebook.orca","com.deepl.mobiletranslator","com.voice_camera_free_translate"]},{"rank":{"index":2,"lang":"zh-hk","country":"hk","chineseCountryName":"香港","pkg":"com.spaceship.screen.textcopy"},"orders":["com.recognize_text.translate.screen","com.spaceship.screen.textcopy","com.gaminik.i18n","com.screen.translate.google","com.niven.translator","com.niven.game","com.tap_to_translate.snap_translate","com.newmg.yurao.pro","com.microsoft.translator","com.niven.comic","com.google.android.apps.translate","at.nk.tools.iTranslate","com.zaz.translate","com.language.translate.free.translator.voice.translation","com.deepl.mobiletranslator","com.niven.apptranslate","com.google.ar.lens","com.naver.labs.translator","com.aldoo.pdftranslatorpro","com.tangdi.baiguotong"]},{"rank":{"index":2,"lang":"zh-tw","country":"tw","chineseCountryName":"台湾","pkg":"com.spaceship.screen.textcopy"},"orders":["com.recognize_text.translate.screen","com.spaceship.screen.textcopy","com.tap_to_translate.snap_translate","com.screen.translate.google","com.niven.translator","com.gaminik.i18n","com.niven.game","com.newmg.yurao.pro","com.microsoft.translator","com.niven.comic","com.google.android.apps.translate","at.nk.tools.iTranslate","com.language.translate.free.translator.voice.translation","com.niven.apptranslate","com.voice_camera_free_translate","com.aldoo.pdftranslatorpro","com.naver.labs.translator","com.google.ar.lens","com.deepl.mobiletranslator","com.tangdi.baiguotong"]},{"rank":{"index":2,"lang":"en","country":"in","chineseCountryName":"印度","pkg":"com.spaceship.screen.textcopy"},"orders":["com.recognize_text.translate.screen","com.spaceship.screen.textcopy","com.tap_to_translate.snap_translate","com.google.android.apps.translate","com.gaminik.i18n","com.niven.game","com.microsoft.translator","at.nk.tools.iTranslate","com.deepl.mobiletranslator","ru.yandex.translate","com.language.translate.free.translator.voice.translation","com.translate.talkingtranslator","com.sayhi.android.sayhitranslate","com.google.ar.lens","com.screen.translate.google","com.newmg.yurao.pro","com.niven.translator","com.niven.comic","screen.translator.voice.translate","com.naver.labs.translator"]},{"rank":{"index":2,"lang":"id","country":"id","chineseCountryName":"印尼","pkg":"com.spaceship.screen.textcopy"},"orders":["com.recognize_text.translate.screen","com.spaceship.screen.textcopy","com.tap_to_translate.snap_translate","com.niven.translator","com.screen.translate.google","com.niven.game","com.gaminik.i18n","com.newmg.yurao.pro","com.niven.comic","com.google.android.apps.translate"]},{"rank":{"index":2,"lang":"es-mx","country":"mx","chineseCountryName":"墨西哥","pkg":"com.spaceship.screen.textcopy"},"orders":["com.recognize_text.translate.screen","com.spaceship.screen.textcopy","com.tap_to_translate.snap_translate","com.niven.game","com.gaminik.i18n","com.google.android.apps.translate","at.nk.tools.iTranslate","com.deepl.mobiletranslator","com.zaz.translate","ru.yandex.translate","com.softissimo.reverso.context","com.google.ar.lens","com.translate.talkingtranslator","com.naver.labs.translator","com.sayhi.android.sayhitranslate","com.niven.translator","com.newmg.yurao.pro","com.screen.translate.google","com.niven.comic","com.niven.apptranslate"]}]