[{"rank":{"index":2,"lang":"en-us","country":"us","chineseCountryName":"美国","pkg":"com.spaceship.screen.textcopy"},"orders":["com.recognize_text.translate.screen","com.spaceship.screen.textcopy","com.tap_to_translate.snap_translate","com.newmg.yurao.pro","com.niven.translator","com.gaminik.i18n","com.screen.translate.google","com.galaxy.airviewdictionary","at.nk.tools.iTranslate","com.deepl.mobiletranslator","com.google.android.apps.translate","com.microsoft.translator","com.datacomprojects.scanandtranslate","com.niven.apptranslate","com.eecorp.linguago","com.hive.lingonative"]},{"rank":{"index":2,"lang":"ru","country":"ru","chineseCountryName":"俄罗斯","pkg":"com.spaceship.screen.textcopy"},"orders":["com.recognize_text.translate.screen","com.spaceship.screen.textcopy","com.niven.translator","com.gaminik.i18n","com.tap_to_translate.snap_translate","com.newmg.yurao.pro","com.galaxy.airviewdictionary","com.screen.translate.google","com.niven.apptranslate","at.nk.tools.iTranslate","com.eecorp.linguago","com.datacomprojects.scanandtranslate","com.deepl.mobiletranslator","com.hive.lingonative","com.microsoft.translator","com.voice_camera_free_translate","com.google.android.apps.translate","ru.yandex.translate","com.niven.game","com.simyasolutions.translate"]},{"rank":{"index":1,"lang":"pt-br","country":"br","chineseCountryName":"巴西","pkg":"com.spaceship.screen.textcopy"},"orders":["com.spaceship.screen.textcopy","com.recognize_text.translate.screen","com.tap_to_translate.snap_translate","com.gaminik.i18n","com.niven.translator","com.newmg.yurao.pro","com.galaxy.airviewdictionary","at.nk.tools.iTranslate","com.screen.translate.google","com.niven.apptranslate","com.eecorp.linguago","com.microsoft.translator","com.deepl.mobiletranslator","com.datacomprojects.scanandtranslate","com.voice_camera_free_translate","com.eecorp.taptranslator","com.hive.lingonative","com.google.android.apps.translate","com.simyasolutions.translate","translate.speech.text.translation.voicetranslator"]},{"rank":{"index":2,"lang":"fr","country":"fr","chineseCountryName":"法国","pkg":"com.spaceship.screen.textcopy"},"orders":["com.recognize_text.translate.screen","com.spaceship.screen.textcopy","com.tap_to_translate.snap_translate","com.gaminik.i18n","com.niven.translator","com.newmg.yurao.pro","com.eecorp.linguago","com.galaxy.airviewdictionary","com.datacomprojects.scanandtranslate","at.nk.tools.iTranslate","com.screen.translate.google","com.niven.apptranslate","com.eecorp.taptranslator","live.screentranslate.realtime","com.microsoft.translator","com.deepl.mobiletranslator","com.google.android.apps.translate","com.simyasolutions.translate","screen.translator.voice.translate","com.naver.labs.translator"]},{"rank":{"index":2,"lang":"en-gb","country":"gb","chineseCountryName":"英国","pkg":"com.spaceship.screen.textcopy"},"orders":["com.recognize_text.translate.screen","com.spaceship.screen.textcopy","com.tap_to_translate.snap_translate","com.niven.translator","com.gaminik.i18n","com.newmg.yurao.pro","at.nk.tools.iTranslate","com.google.android.apps.translate","com.galaxy.airviewdictionary","com.microsoft.translator","com.deepl.mobiletranslator","com.screen.translate.google","com.datacomprojects.scanandtranslate","com.niven.apptranslate"]},{"rank":{"index":3,"lang":"de","country":"de","chineseCountryName":"德国","pkg":"com.spaceship.screen.textcopy"},"orders":["com.recognize_text.translate.screen","com.gaminik.i18n","com.spaceship.screen.textcopy","com.niven.translator","com.tap_to_translate.snap_translate","com.newmg.yurao.pro","com.screen.translate.google","com.galaxy.airviewdictionary","com.niven.apptranslate","com.eecorp.linguago","com.hive.lingonative","live.screentranslate.realtime","at.nk.tools.iTranslate","com.datacomprojects.scanandtranslate","com.eecorp.taptranslator","com.voice_camera_free_translate","com.deepl.mobiletranslator","com.microsoft.translator","com.google.android.apps.translate","com.immersivetranslate.browser"]},{"rank":{"index":3,"lang":"it","country":"it","chineseCountryName":"意大利","pkg":"com.spaceship.screen.textcopy"},"orders":["com.recognize_text.translate.screen","com.gaminik.i18n","com.spaceship.screen.textcopy","com.tap_to_translate.snap_translate","com.newmg.yurao.pro","com.niven.translator","com.screen.translate.google","at.nk.tools.iTranslate","com.galaxy.airviewdictionary","com.hive.lingonative","com.eecorp.taptranslator","com.eecorp.linguago","com.datacomprojects.scanandtranslate","com.voice_camera_free_translate","com.niven.apptranslate","com.microsoft.translator","live.screentranslate.realtime","com.google.android.apps.translate","com.deepl.mobiletranslator","co.appnation.aivoicetranslator"]},{"rank":{"index":4,"lang":"ja","country":"jp","chineseCountryName":"日本","pkg":"com.spaceship.screen.textcopy"},"orders":["com.recognize_text.translate.screen","com.tap_to_translate.snap_translate","com.gaminik.i18n","com.spaceship.screen.textcopy","com.newmg.yurao.pro","com.niven.translator","com.galaxy.airviewdictionary","com.screen.translate.google","com.eecorp.linguago","com.niven.apptranslate"]},{"rank":{"index":2,"lang":"ko","country":"kr","chineseCountryName":"韩国","pkg":"com.spaceship.screen.textcopy"},"orders":["com.recognize_text.translate.screen","com.spaceship.screen.textcopy","com.gaminik.i18n","com.tap_to_translate.snap_translate","com.newmg.yurao.pro","com.niven.translator","com.niven.apptranslate","com.galaxy.airviewdictionary","com.screen.translate.google","com.hive.lingonative","com.eecorp.linguago","at.nk.tools.iTranslate","live.screentranslate.realtime","com.microsoft.translator","com.eecorp.taptranslator","com.datacomprojects.scanandtranslate","com.deepl.mobiletranslator","com.google.android.apps.translate","co.appnation.aivoicetranslator","com.naver.labs.translator"]},{"rank":{"index":2,"lang":"zh-hk","country":"hk","chineseCountryName":"香港","pkg":"com.spaceship.screen.textcopy"},"orders":["com.recognize_text.translate.screen","com.spaceship.screen.textcopy","com.tap_to_translate.snap_translate","com.gaminik.i18n","com.newmg.yurao.pro","com.niven.translator","com.galaxy.airviewdictionary","com.screen.translate.google","at.nk.tools.iTranslate","com.niven.apptranslate","com.eecorp.linguago","com.datacomprojects.scanandtranslate","com.deepl.mobiletranslator","com.voice_camera_free_translate","com.microsoft.translator","com.eecorp.taptranslator","com.hive.lingonative","com.google.android.apps.translate","live.screentranslate.realtime","com.simyasolutions.translate"]},{"rank":{"index":2,"lang":"zh-tw","country":"tw","chineseCountryName":"台湾","pkg":"com.spaceship.screen.textcopy"},"orders":["com.recognize_text.translate.screen","com.spaceship.screen.textcopy","com.tap_to_translate.snap_translate","com.newmg.yurao.pro","com.gaminik.i18n","com.niven.translator","com.galaxy.airviewdictionary","at.nk.tools.iTranslate","com.screen.translate.google","com.niven.apptranslate","com.datacomprojects.scanandtranslate","com.eecorp.linguago","com.deepl.mobiletranslator","com.microsoft.translator","com.hive.lingonative","com.eecorp.taptranslator","com.voice_camera_free_translate","com.google.android.apps.translate","live.screentranslate.realtime","com.simyasolutions.translate"]},{"rank":{"index":2,"lang":"en","country":"in","chineseCountryName":"印度","pkg":"com.spaceship.screen.textcopy"},"orders":["com.recognize_text.translate.screen","com.spaceship.screen.textcopy","com.newmg.yurao.pro"]},{"rank":{"index":1,"lang":"id","country":"id","chineseCountryName":"印尼","pkg":"com.spaceship.screen.textcopy"},"orders":["com.spaceship.screen.textcopy","com.recognize_text.translate.screen","com.tap_to_translate.snap_translate","com.gaminik.i18n","com.niven.translator","com.newmg.yurao.pro","com.screen.translate.google","com.galaxy.airviewdictionary","at.nk.tools.iTranslate","com.eecorp.linguago","com.niven.apptranslate","com.deepl.mobiletranslator","com.datacomprojects.scanandtranslate","com.eecorp.taptranslator","com.niven.game","com.google.android.apps.translate","com.voice_camera_free_translate","com.hive.lingonative","com.microsoft.translator","translate.speech.text.translation.voicetranslator"]},{"rank":{"index":2,"lang":"es-mx","country":"mx","chineseCountryName":"墨西哥","pkg":"com.spaceship.screen.textcopy"},"orders":["com.recognize_text.translate.screen","com.spaceship.screen.textcopy","com.gaminik.i18n","com.tap_to_translate.snap_translate","com.niven.translator","com.newmg.yurao.pro","com.screen.translate.google","com.galaxy.airviewdictionary","at.nk.tools.iTranslate","com.niven.apptranslate","com.eecorp.linguago","live.screentranslate.realtime","com.hive.lingonative","com.eecorp.taptranslator","com.microsoft.translator","com.datacomprojects.scanandtranslate","com.google.android.apps.translate","com.deepl.mobiletranslator","com.immersivetranslate.browser","translate.speech.text.translation.voicetranslator"]}]