[{"rank":{"index":2,"lang":"en-us","country":"us","chineseCountryName":"美国","pkg":"com.spaceship.screen.textcopy"},"orders":["com.recognize_text.translate.screen","com.spaceship.screen.textcopy","com.tap_to_translate.snap_translate","com.google.android.apps.translate","com.gaminik.i18n","com.microsoft.translator","com.niven.translator","com.niven.game","com.niven.comic","com.newmg.yurao.pro","com.mobisystems.msdict.embedded.wireless.collins.ee","com.niven.apptranslate","screen.translator.voice.translate","com.zaz.translate","com.youdao.hindict","com.deepl.mobiletranslator","com.languagetranslator.translatorapp.smartscanner.dictionary.translation.voicetranslator","com.nordicwise.translator","com.naver.labs.translator","com.translate.talkingtranslator"]},{"rank":{"index":3,"lang":"ru","country":"ru","chineseCountryName":"俄罗斯","pkg":"com.spaceship.screen.textcopy"},"orders":["com.recognize_text.translate.screen","com.tap_to_translate.snap_translate","com.spaceship.screen.textcopy","com.gaminik.i18n","com.niven.translator","com.niven.game","com.niven.comic","com.newmg.yurao.pro","ru.yandex.translate","com.niven.apptranslate","com.google.android.apps.translate","com.screen.translate.google","com.eecorp.linguago","screen.translator.voice.translate","com.ticktalk.translatevoice","com.microsoft.translator","com.deepl.mobiletranslator","com.translate.all.speech.text.language.translator","com.mg.chat","com.datacomprojects.scanandtranslate"]},{"rank":{"index":2,"lang":"fr","country":"fr","chineseCountryName":"法国","pkg":"com.spaceship.screen.textcopy"},"orders":["com.recognize_text.translate.screen","com.spaceship.screen.textcopy","com.tap_to_translate.snap_translate","com.gaminik.i18n","com.niven.game","com.newmg.yurao.pro","com.niven.translator","com.google.android.apps.translate","com.screen.translate.google","com.microsoft.translator","com.niven.comic","com.niven.apptranslate","com.deepl.mobiletranslator","com.youdao.hindict","at.nk.tools.iTranslate","com.whatsapp","com.facebook.orca","us.zoom.videomeetings","com.duolingo","com.softissimo.reverso.context"]},{"rank":{"index":2,"lang":"en-gb","country":"gb","chineseCountryName":"英国","pkg":"com.spaceship.screen.textcopy"},"orders":["com.recognize_text.translate.screen","com.spaceship.screen.textcopy","com.google.android.apps.translate","com.gaminik.i18n","com.microsoft.translator","com.tap_to_translate.snap_translate","com.niven.game","com.newmg.yurao.pro","com.niven.translator","com.niven.comic","com.youdao.hindict","com.screen.translate.google","com.niven.apptranslate","com.zaz.translate","com.datacomprojects.scanandtranslate","com.deepl.mobiletranslator","com.flitto.app","at.nk.tools.iTranslate","xbean.image.picture.translate.ocr","com.naver.labs.translator"]},{"rank":{"index":2,"lang":"de","country":"de","chineseCountryName":"德国","pkg":"com.spaceship.screen.textcopy"},"orders":["com.recognize_text.translate.screen","com.spaceship.screen.textcopy","com.tap_to_translate.snap_translate","com.gaminik.i18n","com.niven.game","com.microsoft.translator","com.screen.translate.google","com.google.android.apps.translate","com.deepl.mobiletranslator","com.niven.translator","com.newmg.yurao.pro","com.niven.comic","com.youdao.hindict","com.niven.apptranslate","com.whatsapp","com.facebook.orca","us.zoom.videomeetings","at.nk.tools.iTranslate","com.translate.talkingtranslator","com.google.android.apps.photos"]},{"rank":{"index":2,"lang":"it","country":"it","chineseCountryName":"意大利","pkg":"com.spaceship.screen.textcopy"},"orders":["com.recognize_text.translate.screen","com.spaceship.screen.textcopy","com.niven.game","com.tap_to_translate.snap_translate","com.gaminik.i18n","com.niven.translator","com.niven.comic","com.newmg.yurao.pro","com.niven.apptranslate","com.google.android.apps.translate","com.microsoft.translator","com.screen.translate.google","com.deepl.mobiletranslator","com.whatsapp","com.facebook.orca","com.canva.editor","com.duolingo","com.discord","us.zoom.videomeetings","com.google.android.apps.photos"]},{"rank":{"index":2,"lang":"ja","country":"jp","chineseCountryName":"日本","pkg":"com.spaceship.screen.textcopy"},"orders":["com.recognize_text.translate.screen","com.spaceship.screen.textcopy","com.gaminik.i18n","com.niven.game","com.tap_to_translate.snap_translate","com.niven.apptranslate","com.google.android.apps.translate","com.deepl.mobiletranslator","com.niven.translator","com.niven.comic","com.newmg.yurao.pro","com.screen.translate.google","com.naver.labs.translator","com.microsoft.translator","com.facebook.orca","com.whatsapp","com.datacomprojects.scanandtranslate","us.zoom.videomeetings","com.android.chrome","com.google.android.apps.maps"]},{"rank":{"index":2,"lang":"ko","country":"kr","chineseCountryName":"韩国","pkg":"com.spaceship.screen.textcopy"},"orders":["com.recognize_text.translate.screen","com.spaceship.screen.textcopy","com.tap_to_translate.snap_translate","com.gaminik.i18n","com.niven.apptranslate","com.niven.game","com.niven.comic","com.niven.translator","com.newmg.yurao.pro","com.screen.translate.google","com.google.android.apps.translate","com.naver.labs.translator","com.whatsapp","com.facebook.orca","us.zoom.videomeetings","com.discord","com.android.chrome","com.duolingo","com.google.android.apps.photos","com.canva.editor"]},{"rank":{"index":3,"lang":"zh-hk","country":"hk","chineseCountryName":"香港","pkg":"com.spaceship.screen.textcopy"},"orders":["com.recognize_text.translate.screen","com.gaminik.i18n","com.spaceship.screen.textcopy","com.tap_to_translate.snap_translate","com.niven.translator","com.niven.game","com.newmg.yurao.pro","com.screen.translate.google","com.google.android.apps.translate","com.niven.comic","com.niven.apptranslate","com.microsoft.translator","com.whatsapp","com.facebook.orca","com.android.chrome","com.google.android.apps.maps","com.discord","us.zoom.videomeetings","com.deepl.mobiletranslator","screen.translator.voice.translate"]},{"rank":{"index":3,"lang":"zh-tw","country":"tw","chineseCountryName":"台湾","pkg":"com.spaceship.screen.textcopy"},"orders":["com.recognize_text.translate.screen","com.gaminik.i18n","com.spaceship.screen.textcopy","com.tap_to_translate.snap_translate","com.niven.game","com.screen.translate.google","com.niven.comic","com.newmg.yurao.pro","com.niven.translator","com.google.android.apps.translate","com.microsoft.translator","com.niven.apptranslate","com.facebook.orca","com.whatsapp","com.naver.labs.translator","com.deepl.mobiletranslator","com.youdao.hindict","com.google.android.apps.maps","com.discord","com.android.chrome"]},{"rank":{"index":2,"lang":"id","country":"id","chineseCountryName":"印尼","pkg":"com.spaceship.screen.textcopy"},"orders":["com.recognize_text.translate.screen","com.spaceship.screen.textcopy","com.tap_to_translate.snap_translate","com.gaminik.i18n","com.niven.translator","com.niven.game","com.niven.comic","com.newmg.yurao.pro","com.youdao.hindict","com.google.android.apps.translate","com.whatsapp"]},{"rank":{"index":2,"lang":"es-mx","country":"mx","chineseCountryName":"墨西哥","pkg":"com.spaceship.screen.textcopy"},"orders":["com.recognize_text.translate.screen","com.spaceship.screen.textcopy","com.tap_to_translate.snap_translate","com.youdao.hindict","com.google.android.apps.translate","com.niven.game","com.niven.comic","com.microsoft.translator","com.zaz.translate","at.nk.tools.iTranslate","com.deepl.mobiletranslator","com.newmg.yurao.pro","com.duolingo","free.language.translate.translator","com.naver.labs.translator","com.google.ar.lens","ru.yandex.translate","com.google.android.apps.maps","com.niven.translator","com.gaminik.i18n"]}]