[{"rank":{"index":2,"lang":"en-us","country":"us","chineseCountryName":"美国","pkg":"com.spaceship.screen.textcopy"},"orders":["com.recognize_text.translate.screen","com.spaceship.screen.textcopy","com.mg.yurao.google","com.google.android.apps.translate","com.gaminik.i18n","com.microsoft.translator","com.niven.translator","com.tap_to_translate.snap_translate","com.niven.game","com.niven.comic","com.niven.apptranslate","com.mobisystems.msdict.embedded.wireless.collins.ee","com.deepl.mobiletranslator","com.translate.talkingtranslator","screen.translator.voice.translate","com.newmg.yurao.pro","com.google.android.dialer","com.naver.labs.translator","com.datacomprojects.scanandtranslate","com.android.chrome"]},{"rank":{"index":2,"lang":"ru","country":"ru","chineseCountryName":"俄罗斯","pkg":"com.spaceship.screen.textcopy"},"orders":["com.recognize_text.translate.screen","com.spaceship.screen.textcopy","com.tap_to_translate.snap_translate","com.gaminik.i18n","com.mg.yurao.google","com.niven.translator","com.niven.game","com.newmg.yurao.pro","com.niven.apptranslate","com.niven.comic","com.google.android.apps.translate","ru.yandex.translate","com.microsoft.translator","com.deepl.mobiletranslator","com.eecorp.linguago","screen.translator.voice.translate","com.android.chrome","com.discord","com.datacomprojects.scanandtranslate","com.google.android.dialer"]},{"rank":{"index":2,"lang":"fr","country":"fr","chineseCountryName":"法国","pkg":"com.spaceship.screen.textcopy"},"orders":["com.recognize_text.translate.screen","com.spaceship.screen.textcopy","com.tap_to_translate.snap_translate","com.mg.yurao.google","com.gaminik.i18n","com.niven.game","com.niven.translator","com.niven.comic","com.google.android.apps.translate","com.newmg.yurao.pro","com.niven.apptranslate","com.microsoft.translator","com.whatsapp","com.android.chrome","com.google.android.apps.photos","screen.translator.voice.translate","com.discord","com.google.android.dialer","com.google.android.apps.maps","us.zoom.videomeetings"]},{"rank":{"index":2,"lang":"en-gb","country":"gb","chineseCountryName":"英国","pkg":"com.spaceship.screen.textcopy"},"orders":["com.recognize_text.translate.screen","com.spaceship.screen.textcopy","com.mg.yurao.google","com.google.android.apps.translate","com.gaminik.i18n","com.niven.translator","com.microsoft.translator","com.niven.game","com.tap_to_translate.snap_translate","com.niven.comic","screen.translator.voice.translate","com.newmg.yurao.pro","com.niven.apptranslate","com.eecorp.linguago","com.datacomprojects.scanandtranslate","com.deepl.mobiletranslator","xbean.image.picture.translate.ocr","com.android.chrome","com.google.android.apps.photos","com.google.android.apps.maps"]},{"rank":{"index":2,"lang":"de","country":"de","chineseCountryName":"德国","pkg":"com.spaceship.screen.textcopy"},"orders":["com.recognize_text.translate.screen","com.spaceship.screen.textcopy","com.mg.yurao.google","com.gaminik.i18n","com.niven.game","com.niven.translator","com.niven.comic","com.tap_to_translate.snap_translate","com.niven.apptranslate","com.google.android.apps.translate","com.microsoft.translator","com.newmg.yurao.pro","com.deepl.mobiletranslator","com.datacomprojects.scanandtranslate","com.android.chrome","com.whatsapp","com.google.android.apps.photos","com.discord","us.zoom.videomeetings","com.google.android.apps.maps"]},{"rank":{"index":2,"lang":"it","country":"it","chineseCountryName":"意大利","pkg":"com.spaceship.screen.textcopy"},"orders":["com.recognize_text.translate.screen","com.spaceship.screen.textcopy","com.niven.game","com.gaminik.i18n","com.mg.yurao.google","com.niven.translator","com.niven.comic","com.tap_to_translate.snap_translate","com.niven.apptranslate","com.microsoft.translator","com.newmg.yurao.pro","com.google.android.apps.translate","com.deepl.mobiletranslator","at.nk.tools.iTranslate","com.eecorp.linguago","screen.translator.voice.translate","com.discord","com.whatsapp","com.android.chrome","com.google.android.dialer"]},{"rank":{"index":4,"lang":"ja","country":"jp","chineseCountryName":"日本","pkg":"com.spaceship.screen.textcopy"},"orders":["com.recognize_text.translate.screen","com.mg.yurao.google","com.gaminik.i18n","com.spaceship.screen.textcopy","com.niven.game","com.niven.translator","com.niven.apptranslate","com.tap_to_translate.snap_translate","com.niven.comic","com.newmg.yurao.pro","com.google.android.apps.translate","com.deepl.mobiletranslator","com.microsoft.translator","com.android.chrome","com.discord","com.whatsapp","com.google.android.apps.maps","us.zoom.videomeetings","com.google.android.apps.docs","com.naver.labs.translator"]},{"rank":{"index":3,"lang":"ko","country":"kr","chineseCountryName":"韩国","pkg":"com.spaceship.screen.textcopy"},"orders":["com.recognize_text.translate.screen","com.mg.yurao.google","com.spaceship.screen.textcopy","com.gaminik.i18n","com.tap_to_translate.snap_translate","com.niven.game","com.niven.translator","com.niven.apptranslate","com.niven.comic","com.newmg.yurao.pro","com.google.android.apps.translate","com.naver.labs.translator","us.zoom.videomeetings","com.discord","com.microsoft.translator","com.whatsapp","com.deepl.mobiletranslator","com.android.chrome","com.eecorp.linguago","com.duolingo"]},{"rank":{"index":4,"lang":"zh-hk","country":"hk","chineseCountryName":"香港","pkg":"com.spaceship.screen.textcopy"},"orders":["com.recognize_text.translate.screen","com.mg.yurao.google","com.gaminik.i18n","com.spaceship.screen.textcopy","com.niven.translator","com.niven.game","com.tap_to_translate.snap_translate","com.niven.comic","com.newmg.yurao.pro","com.niven.apptranslate","com.google.android.apps.translate","com.eecorp.linguago","com.microsoft.translator","com.android.chrome","com.google.android.apps.maps","com.mobisystems.msdict.embedded.wireless.collins.ee","com.whatsapp","com.discord","us.zoom.videomeetings","com.google.android.apps.photos"]},{"rank":{"index":4,"lang":"zh-tw","country":"tw","chineseCountryName":"台湾","pkg":"com.spaceship.screen.textcopy"},"orders":["com.recognize_text.translate.screen","com.mg.yurao.google","com.gaminik.i18n","com.spaceship.screen.textcopy","com.niven.game","com.tap_to_translate.snap_translate","com.niven.translator","com.niven.apptranslate","com.niven.comic","com.newmg.yurao.pro","com.google.android.apps.translate","com.eecorp.linguago","com.whatsapp","com.android.chrome","com.discord","com.google.android.apps.maps","com.microsoft.translator","com.google.android.apps.photos","us.zoom.videomeetings","com.canva.editor"]},{"rank":{"index":2,"lang":"en","country":"in","chineseCountryName":"印度","pkg":"com.spaceship.screen.textcopy"},"orders":["com.recognize_text.translate.screen","com.spaceship.screen.textcopy","com.google.android.apps.translate","com.tap_to_translate.snap_translate","screen.translator.voice.translate","com.niven.translator","com.niven.game","com.newmg.yurao.pro","com.niven.comic","com.microsoft.translator","com.zaz.translate","com.eecorp.linguago","com.niven.apptranslate","com.google.android.dialer","com.whatsapp","com.android.chrome","com.google.android.apps.photos","com.google.android.apps.docs","com.mg.yurao.google","com.gaminik.i18n"]},{"rank":{"index":2,"lang":"id","country":"id","chineseCountryName":"印尼","pkg":"com.spaceship.screen.textcopy"},"orders":["com.recognize_text.translate.screen","com.spaceship.screen.textcopy","com.tap_to_translate.snap_translate","com.gaminik.i18n","com.mg.yurao.google","com.niven.translator","com.niven.game","com.niven.comic","com.niven.apptranslate"]},{"rank":{"index":2,"lang":"es-mx","country":"mx","chineseCountryName":"墨西哥","pkg":"com.spaceship.screen.textcopy"},"orders":["com.recognize_text.translate.screen","com.spaceship.screen.textcopy","com.tap_to_translate.snap_translate","com.niven.translator","com.niven.game","com.niven.comic","com.niven.apptranslate","com.google.android.apps.translate","com.newmg.yurao.pro","com.microsoft.translator","com.eecorp.linguago","com.youdao.hindict","screen.translator.voice.translate","com.google.android.apps.photos","at.nk.tools.iTranslate","com.android.chrome","com.google.android.apps.maps","com.google.android.apps.docs","com.gaminik.i18n","com.mg.yurao.google"]}]