[{"rank":{"index":2,"lang":"en-us","country":"us","chineseCountryName":"美国","pkg":"com.spaceship.screen.textcopy"},"orders":["com.recognize_text.translate.screen","com.spaceship.screen.textcopy","com.tap_to_translate.snap_translate","com.niven.translator","com.screen.translate.google","com.google.android.apps.translate","com.gaminik.i18n","com.galaxy.airviewdictionary","com.newmg.yurao.pro","com.immersivetranslate.browser","com.microsoft.translator","com.fapp.translate.language.translator.fasttranslation","at.nk.tools.iTranslate","com.voice_camera_free_translate","photo.translate.camera.translator","com.zaz.translate","com.niven.apptranslate","com.naver.labs.translator","com.niven.game","com.deepl.mobiletranslator"]},{"rank":{"index":4,"lang":"ru","country":"ru","chineseCountryName":"俄罗斯","pkg":"com.spaceship.screen.textcopy"},"orders":["com.recognize_text.translate.screen","com.niven.translator","com.tap_to_translate.snap_translate","com.spaceship.screen.textcopy","com.gaminik.i18n","com.galaxy.airviewdictionary","com.screen.translate.google","com.newmg.yurao.pro","ru.yandex.translate","com.niven.game","com.google.android.apps.translate"]},{"rank":{"index":2,"lang":"pt-br","country":"br","chineseCountryName":"巴西","pkg":"com.spaceship.screen.textcopy"},"orders":["com.recognize_text.translate.screen","com.spaceship.screen.textcopy","com.niven.translator","com.tap_to_translate.snap_translate","com.gaminik.i18n","com.galaxy.airviewdictionary","com.screen.translate.google","com.newmg.yurao.pro","com.niven.game","com.immersivetranslate.browser","com.voice_camera_free_translate","com.google.android.apps.translate","com.niven.apptranslate","com.deepl.mobiletranslator","com.fapp.translate.language.translator.fasttranslation","com.eecorp.linguago","com.zaz.translate","com.microsoft.translator","com.microsoft.teams","com.amazon.kindle"]},{"rank":{"index":2,"lang":"fr","country":"fr","chineseCountryName":"法国","pkg":"com.spaceship.screen.textcopy"},"orders":["com.recognize_text.translate.screen","com.spaceship.screen.textcopy","com.tap_to_translate.snap_translate","com.niven.translator","com.galaxy.airviewdictionary","com.gaminik.i18n","com.screen.translate.google","com.newmg.yurao.pro","com.google.android.apps.translate","com.immersivetranslate.browser","com.fapp.translate.language.translator.fasttranslation","com.voice_camera_free_translate","com.niven.apptranslate","com.niven.game","com.zaz.translate","com.deepl.mobiletranslator","com.microsoft.translator","photo.translate.camera.translator","link.zhidou.btranslator","com.naver.labs.translator"]},{"rank":{"index":2,"lang":"en-gb","country":"gb","chineseCountryName":"英国","pkg":"com.spaceship.screen.textcopy"},"orders":["com.recognize_text.translate.screen","com.spaceship.screen.textcopy","com.niven.translator","com.galaxy.airviewdictionary","com.screen.translate.google","com.google.android.apps.translate","com.gaminik.i18n","com.tap_to_translate.snap_translate","com.newmg.yurao.pro","com.immersivetranslate.browser","com.microsoft.translator","com.fapp.translate.language.translator.fasttranslation","com.zaz.translate","at.nk.tools.iTranslate","com.niven.apptranslate","com.naver.labs.translator","photo.translate.camera.translator","com.niven.game","com.inw.trulinco","link.zhidou.btranslator"]},{"rank":{"index":4,"lang":"de","country":"de","chineseCountryName":"德国","pkg":"com.spaceship.screen.textcopy"},"orders":["com.recognize_text.translate.screen","com.tap_to_translate.snap_translate","com.niven.translator","com.spaceship.screen.textcopy","com.gaminik.i18n","com.galaxy.airviewdictionary","com.screen.translate.google","com.immersivetranslate.browser","com.newmg.yurao.pro","com.google.android.apps.translate","com.niven.apptranslate","com.voice_camera_free_translate","com.fapp.translate.language.translator.fasttranslation","com.deepl.mobiletranslator","com.niven.game","com.zaz.translate","com.microsoft.translator","ru.yandex.translate","photo.translate.camera.translator","com.eecorp.linguago"]},{"rank":{"index":2,"lang":"it","country":"it","chineseCountryName":"意大利","pkg":"com.spaceship.screen.textcopy"},"orders":["com.recognize_text.translate.screen","com.spaceship.screen.textcopy","com.niven.translator","com.tap_to_translate.snap_translate","com.galaxy.airviewdictionary","com.gaminik.i18n","com.screen.translate.google","com.immersivetranslate.browser","com.newmg.yurao.pro","com.google.android.apps.translate","com.voice_camera_free_translate","com.microsoft.translator","com.fapp.translate.language.translator.fasttranslation","com.niven.apptranslate","com.deepl.mobiletranslator","com.niven.game","com.eecorp.linguago","link.zhidou.btranslator","photo.translate.camera.translator","com.zaz.translate"]},{"rank":{"index":3,"lang":"ja","country":"jp","chineseCountryName":"日本","pkg":"com.spaceship.screen.textcopy"},"orders":["com.recognize_text.translate.screen","com.tap_to_translate.snap_translate","com.spaceship.screen.textcopy","com.niven.translator","com.gaminik.i18n","com.galaxy.airviewdictionary","com.screen.translate.google","com.google.android.apps.translate","com.newmg.yurao.pro","com.immersivetranslate.browser","com.niven.game","com.naver.labs.translator","com.zaz.translate"]},{"rank":{"index":2,"lang":"ko","country":"kr","chineseCountryName":"韩国","pkg":"com.spaceship.screen.textcopy"},"orders":["com.recognize_text.translate.screen","com.spaceship.screen.textcopy","com.tap_to_translate.snap_translate","com.niven.translator","com.gaminik.i18n","com.galaxy.airviewdictionary","com.screen.translate.google","com.newmg.yurao.pro","com.niven.apptranslate","com.google.android.apps.translate","com.naver.labs.translator","com.immersivetranslate.browser","com.niven.game","com.fapp.translate.language.translator.fasttranslation","com.voice_camera_free_translate","com.eecorp.linguago","com.microsoft.translator","com.zaz.translate","com.openai.chatgpt","link.zhidou.btranslator"]},{"rank":{"index":2,"lang":"zh-hk","country":"hk","chineseCountryName":"香港","pkg":"com.spaceship.screen.textcopy"},"orders":["com.recognize_text.translate.screen","com.spaceship.screen.textcopy","com.tap_to_translate.snap_translate","com.screen.translate.google","com.niven.translator","com.galaxy.airviewdictionary","com.gaminik.i18n","com.google.android.apps.translate","com.newmg.yurao.pro","com.immersivetranslate.browser","com.voice_camera_free_translate","com.microsoft.translator","com.fapp.translate.language.translator.fasttranslation","com.niven.apptranslate","com.zaz.translate","at.nk.tools.iTranslate","com.niven.game","photo.translate.camera.translator","ru.yandex.translate","com.naver.labs.translator"]},{"rank":{"index":2,"lang":"zh-tw","country":"tw","chineseCountryName":"台湾","pkg":"com.spaceship.screen.textcopy"},"orders":["com.recognize_text.translate.screen","com.spaceship.screen.textcopy","com.niven.translator","com.galaxy.airviewdictionary","com.screen.translate.google","com.gaminik.i18n","com.tap_to_translate.snap_translate","com.newmg.yurao.pro","com.immersivetranslate.browser","com.google.android.apps.translate","com.niven.apptranslate","com.fapp.translate.language.translator.fasttranslation","com.niven.game","com.zaz.translate","com.microsoft.translator","link.zhidou.btranslator","com.naver.labs.translator","com.openai.chatgpt","at.nk.tools.iTranslate","com.deepl.mobiletranslator"]},{"rank":{"index":2,"lang":"en","country":"in","chineseCountryName":"印度","pkg":"com.spaceship.screen.textcopy"},"orders":["com.recognize_text.translate.screen","com.spaceship.screen.textcopy","com.google.android.apps.translate","com.newmg.yurao.pro"]},{"rank":{"index":2,"lang":"id","country":"id","chineseCountryName":"印尼","pkg":"com.spaceship.screen.textcopy"},"orders":["com.recognize_text.translate.screen","com.spaceship.screen.textcopy","com.tap_to_translate.snap_translate","com.niven.translator","com.galaxy.airviewdictionary","com.gaminik.i18n","com.screen.translate.google","com.newmg.yurao.pro","com.niven.game","com.google.android.apps.translate","com.niven.apptranslate","com.voice_camera_free_translate","com.immersivetranslate.browser","com.fapp.translate.language.translator.fasttranslation","com.deepl.mobiletranslator","com.naver.labs.translator","com.zaz.translate"]},{"rank":{"index":2,"lang":"es-mx","country":"mx","chineseCountryName":"墨西哥","pkg":"com.spaceship.screen.textcopy"},"orders":["com.recognize_text.translate.screen","com.spaceship.screen.textcopy","com.tap_to_translate.snap_translate","com.gaminik.i18n","com.newmg.yurao.pro","com.google.android.apps.translate","com.zaz.translate","com.microsoft.translator","at.nk.tools.iTranslate","ru.yandex.translate","com.naver.labs.translator","com.immersivetranslate.browser","com.voice_camera_free_translate","link.zhidou.btranslator","com.deepl.mobiletranslator","photo.translate.camera.translator","com.google.ar.lens","com.wooask.zx","co.timekettle.livetranslator","com.niven.translator"]}]