[{"rank":{"index":2,"lang":"en-us","country":"us","chineseCountryName":"美国","pkg":"com.spaceship.screen.textcopy"},"orders":["com.recognize_text.translate.screen","com.spaceship.screen.textcopy","com.tap_to_translate.snap_translate","com.gaminik.i18n","com.microsoft.translator","com.mg.yurao.google","com.google.android.apps.translate","com.niven.game","com.niven.translator","com.eecorp.linguago","com.translator.yellow","screen.translator.voice.translate","at.nk.tools.iTranslate","com.niven.comic","com.newmg.yurao.pro","com.translate.app","com.niven.apptranslate","com.naver.labs.translator","com.eecorp.taptranslator","com.zaz.translate"]},{"rank":{"index":3,"lang":"ru","country":"ru","chineseCountryName":"俄罗斯","pkg":"com.spaceship.screen.textcopy"},"orders":["com.recognize_text.translate.screen","com.tap_to_translate.snap_translate","com.spaceship.screen.textcopy","com.google.android.apps.translate","com.microsoft.translator","com.niven.translator","com.gaminik.i18n","com.niven.game","com.niven.comic","com.eecorp.linguago","screen.translator.voice.translate","com.niven.apptranslate","ru.yandex.translate","com.galaxy.airviewdictionary","com.deepl.mobiletranslator","com.naver.labs.translator","com.pidev.screentranslator","com.zaz.translate","at.nk.tools.iTranslate","com.sayhi.android.sayhitranslate"]},{"rank":{"index":3,"lang":"pt-br","country":"br","chineseCountryName":"巴西","pkg":"com.spaceship.screen.textcopy"},"orders":["com.recognize_text.translate.screen","com.tap_to_translate.snap_translate","com.spaceship.screen.textcopy","com.gaminik.i18n","com.mg.yurao.google","com.niven.game","com.niven.translator","com.niven.comic","com.eecorp.linguago","com.niven.apptranslate","com.google.android.apps.translate","screen.translator.voice.translate","com.microsoft.translator","com.youdao.hindict","com.newmg.yurao.pro","com.deepl.mobiletranslator","com.zaz.translate","at.nk.tools.iTranslate","com.pidev.screentranslator","com.tranit.text.translate"]},{"rank":{"index":2,"lang":"fr","country":"fr","chineseCountryName":"法国","pkg":"com.spaceship.screen.textcopy"},"orders":["com.recognize_text.translate.screen","com.spaceship.screen.textcopy","com.tap_to_translate.snap_translate","com.gaminik.i18n","com.mg.yurao.google","com.niven.game","com.niven.translator","com.niven.comic","com.translator.yellow","com.microsoft.translator","com.eecorp.linguago","com.newmg.yurao.pro","com.translate.app","screen.translator.voice.translate","com.niven.apptranslate","at.nk.tools.iTranslate","com.google.android.apps.translate","com.tangdi.baiguotong","com.pidev.screentranslator","com.eecorp.taptranslator"]},{"rank":{"index":2,"lang":"en-gb","country":"gb","chineseCountryName":"英国","pkg":"com.spaceship.screen.textcopy"},"orders":["com.recognize_text.translate.screen","com.spaceship.screen.textcopy","com.tap_to_translate.snap_translate","com.microsoft.translator","com.google.android.apps.translate","com.mg.yurao.google","com.gaminik.i18n","com.niven.game","screen.translator.voice.translate","com.translator.yellow","com.niven.translator","com.niven.comic","com.eecorp.linguago","at.nk.tools.iTranslate","com.translate.app","com.newmg.yurao.pro","com.niven.apptranslate","com.zaz.translate","com.sayhi.android.sayhitranslate","com.naver.labs.translator"]},{"rank":{"index":2,"lang":"de","country":"de","chineseCountryName":"德国","pkg":"com.spaceship.screen.textcopy"},"orders":["com.recognize_text.translate.screen","com.spaceship.screen.textcopy","com.tap_to_translate.snap_translate","com.mg.yurao.google","com.niven.game","com.gaminik.i18n","com.niven.translator","com.microsoft.translator","com.niven.comic","com.eecorp.linguago","com.translator.yellow","com.newmg.yurao.pro","com.niven.apptranslate","com.translate.app","screen.translator.voice.translate","com.google.android.apps.translate","at.nk.tools.iTranslate","com.copy.paste.ocr.screen.text.copypastetrial","com.zaz.translate","com.pidev.screentranslator"]},{"rank":{"index":2,"lang":"it","country":"it","chineseCountryName":"意大利","pkg":"com.spaceship.screen.textcopy"},"orders":["com.recognize_text.translate.screen","com.spaceship.screen.textcopy","com.tap_to_translate.snap_translate","com.niven.game","screen.translator.voice.translate","com.gaminik.i18n","com.mg.yurao.google","com.niven.translator","com.niven.comic","com.eecorp.linguago","com.microsoft.translator","com.niven.apptranslate","com.google.android.apps.translate","com.zaz.translate","com.newmg.yurao.pro","com.eecorp.taptranslator","com.deepl.mobiletranslator","at.nk.tools.iTranslate","com.pidev.screentranslator","com.translator.translation.screen.translate.voice.languages.text.translating"]},{"rank":{"index":3,"lang":"ja","country":"jp","chineseCountryName":"日本","pkg":"com.spaceship.screen.textcopy"},"orders":["com.recognize_text.translate.screen","com.gaminik.i18n","com.spaceship.screen.textcopy","com.mg.yurao.google","com.eecorp.taptranslator","com.tap_to_translate.snap_translate","com.niven.game","com.eecorp.linguago","com.niven.translator","com.newmg.yurao.pro","com.niven.apptranslate","com.niven.comic","screen.translator.voice.translate","com.microsoft.translator","com.google.android.apps.translate","com.pidev.screentranslator","com.chat_translate.screen_translate","com.deepl.mobiletranslator","com.naver.labs.translator","at.nk.tools.iTranslate"]},{"rank":{"index":3,"lang":"ko","country":"kr","chineseCountryName":"韩国","pkg":"com.spaceship.screen.textcopy"},"orders":["com.recognize_text.translate.screen","com.tap_to_translate.snap_translate","com.spaceship.screen.textcopy","com.mg.yurao.google","com.microsoft.translator","com.gaminik.i18n","com.niven.game","com.google.android.apps.translate","com.niven.translator","com.niven.comic","com.newmg.yurao.pro","com.eecorp.linguago","at.nk.tools.iTranslate","com.naver.labs.translator","com.niven.apptranslate","screen.translator.voice.translate","com.flitto.app","com.eecorp.taptranslator","com.zaz.translate","com.translate.talkingtranslator"]},{"rank":{"index":5,"lang":"zh-hk","country":"hk","chineseCountryName":"香港","pkg":"com.spaceship.screen.textcopy"},"orders":["com.recognize_text.translate.screen","com.tap_to_translate.snap_translate","com.mg.yurao.google","com.google.android.apps.translate","com.spaceship.screen.textcopy","com.microsoft.translator","com.gaminik.i18n","com.niven.game","com.niven.translator","com.niven.comic","com.eecorp.linguago","screen.translator.voice.translate","com.niven.apptranslate","com.newmg.yurao.pro","com.naver.labs.translator","at.nk.tools.iTranslate","com.galaxy.airviewdictionary","com.eecorp.taptranslator","com.zaz.translate","com.deepl.mobiletranslator"]},{"rank":{"index":8,"lang":"zh-tw","country":"tw","chineseCountryName":"台湾","pkg":"com.spaceship.screen.textcopy"},"orders":["com.recognize_text.translate.screen","com.tap_to_translate.snap_translate","com.mg.yurao.google","com.gaminik.i18n","com.microsoft.translator","com.google.android.apps.translate","com.niven.game","com.spaceship.screen.textcopy","com.niven.translator","com.niven.comic","com.eecorp.linguago","screen.translator.voice.translate","com.niven.apptranslate","com.newmg.yurao.pro","com.naver.labs.translator","at.nk.tools.iTranslate","com.zaz.translate","com.galaxy.airviewdictionary","com.deepl.mobiletranslator","com.translator.translation.screen.translate.voice.languages.text.translating"]},{"rank":{"index":3,"lang":"en","country":"in","chineseCountryName":"印度","pkg":"com.spaceship.screen.textcopy"},"orders":["com.recognize_text.translate.screen","com.tap_to_translate.snap_translate","com.spaceship.screen.textcopy","com.google.android.apps.translate","com.microsoft.translator","com.niven.game","com.gaminik.i18n","com.zaz.translate","screen.translator.voice.translate","com.niven.translator","com.eecorp.linguago","com.newmg.yurao.pro","com.niven.comic","at.nk.tools.iTranslate","com.tranit.text.translate","com.niven.apptranslate","com.talpa.translate","com.pidev.screentranslator","com.mg.yurao.google"]},{"rank":{"index":3,"lang":"id","country":"id","chineseCountryName":"印尼","pkg":"com.spaceship.screen.textcopy"},"orders":["com.recognize_text.translate.screen","com.gaminik.i18n","com.spaceship.screen.textcopy","com.tap_to_translate.snap_translate","com.mg.yurao.google","com.niven.game","com.niven.translator","com.eecorp.linguago","com.google.android.apps.translate","com.niven.comic","com.microsoft.translator","com.newmg.yurao.pro","com.niven.apptranslate","screen.translator.voice.translate","com.naver.labs.translator","com.youdao.hindict"]},{"rank":{"index":4,"lang":"es-mx","country":"mx","chineseCountryName":"墨西哥","pkg":"com.spaceship.screen.textcopy"},"orders":["com.recognize_text.translate.screen","com.gaminik.i18n","com.tap_to_translate.snap_translate","com.spaceship.screen.textcopy","com.mg.yurao.google","com.niven.game","com.niven.translator","com.niven.comic","com.eecorp.linguago","com.microsoft.translator","at.nk.tools.iTranslate","com.niven.apptranslate","com.newmg.yurao.pro","screen.translator.voice.translate","com.translator.translation.screen.translate.voice.languages.text.translating","com.zaz.translate","com.pidev.screentranslator","com.google.android.apps.translate","com.aldoo.pdftranslatorpro","com.chat_translate.screen_translate"]}]