[{"rank":{"index":2,"lang":"en-us","country":"us","chineseCountryName":"美国","pkg":"com.spaceship.screen.textcopy"},"orders":["com.recognize_text.translate.screen","com.spaceship.screen.textcopy","com.tap_to_translate.snap_translate","com.google.android.apps.translate","com.screen.translate.google","com.niven.translator","com.newmg.yurao.pro","com.microsoft.translator","com.gaminik.i18n","com.immersivetranslate.browser","com.deepl.mobiletranslator","com.zaz.translate","com.naver.labs.translator","at.nk.tools.iTranslate","com.niven.game","ru.yandex.translate","com.fapp.translate.language.translator.fasttranslation","com.voice_camera_free_translate","translate.voice.translator.camera.translation.free.all.language.app","com.translate.talkingtranslator"]},{"rank":{"index":0,"lang":"ru","country":"ru","chineseCountryName":"俄罗斯","pkg":"com.spaceship.screen.textcopy"},"orders":["com.recognize_text.translate.screen","com.tap_to_translate.snap_translate","com.niven.translator","com.newmg.yurao.pro","com.gaminik.i18n","ru.yandex.translate","com.screen.translate.google","com.niven.game","com.deepl.mobiletranslator","com.google.android.apps.translate","com.immersivetranslate.browser","com.microsoft.translator","com.mg.chat"]},{"rank":{"index":2,"lang":"pt-br","country":"br","chineseCountryName":"巴西","pkg":"com.spaceship.screen.textcopy"},"orders":["com.recognize_text.translate.screen","com.spaceship.screen.textcopy","com.tap_to_translate.snap_translate","com.gaminik.i18n","com.newmg.yurao.pro","com.google.android.apps.translate","at.nk.tools.iTranslate","com.deepl.mobiletranslator","com.zaz.translate","ru.yandex.translate","com.datacomprojects.scanandtranslate","com.immersivetranslate.browser","translate.voice.translator.camera.translation.free.all.language.app","com.naver.labs.translator","com.translate.talkingtranslator","com.niven.translator","com.screen.translate.google","com.niven.game","com.fapp.translate.language.translator.fasttranslation","com.softissimo.reverso.context"]},{"rank":{"index":3,"lang":"fr","country":"fr","chineseCountryName":"法国","pkg":"com.spaceship.screen.textcopy"},"orders":["com.recognize_text.translate.screen","com.tap_to_translate.snap_translate","com.spaceship.screen.textcopy","com.niven.translator","com.gaminik.i18n","com.newmg.yurao.pro","com.screen.translate.google","com.immersivetranslate.browser","com.google.android.apps.translate","com.microsoft.translator","com.voice_camera_free_translate","com.niven.apptranslate","com.deepl.mobiletranslator","com.niven.game","com.zaz.translate","ru.yandex.translate","at.nk.tools.iTranslate","com.fapp.translate.language.translator.fasttranslation","com.google.ar.lens","com.datacomprojects.scanandtranslate"]},{"rank":{"index":2,"lang":"en-gb","country":"gb","chineseCountryName":"英国","pkg":"com.spaceship.screen.textcopy"},"orders":["com.recognize_text.translate.screen","com.spaceship.screen.textcopy","com.newmg.yurao.pro","com.google.android.apps.translate","com.screen.translate.google","com.niven.translator","com.gaminik.i18n","com.tap_to_translate.snap_translate","com.microsoft.translator","com.zaz.translate","com.deepl.mobiletranslator","com.immersivetranslate.browser","at.nk.tools.iTranslate","ru.yandex.translate","com.fapp.translate.language.translator.fasttranslation","com.niven.game","com.google.ar.lens","com.niven.apptranslate","translate.voice.translator.camera.translation.free.all.language.app","photo.translate.camera.translator"]},{"rank":{"index":2,"lang":"de","country":"de","chineseCountryName":"德国","pkg":"com.spaceship.screen.textcopy"},"orders":["com.recognize_text.translate.screen","com.spaceship.screen.textcopy","com.tap_to_translate.snap_translate","com.screen.translate.google","com.niven.translator","com.newmg.yurao.pro","com.gaminik.i18n","com.immersivetranslate.browser","com.google.android.apps.translate","com.microsoft.translator","com.deepl.mobiletranslator","com.niven.game","com.voice_camera_free_translate","com.niven.apptranslate","ru.yandex.translate","com.zaz.translate","at.nk.tools.iTranslate","com.fapp.translate.language.translator.fasttranslation","com.translate.all.language.photo.screen","com.softissimo.reverso.context"]},{"rank":{"index":2,"lang":"it","country":"it","chineseCountryName":"意大利","pkg":"com.spaceship.screen.textcopy"},"orders":["com.recognize_text.translate.screen","com.spaceship.screen.textcopy","com.tap_to_translate.snap_translate","com.niven.translator","com.screen.translate.google","com.gaminik.i18n","com.newmg.yurao.pro","com.google.android.apps.translate","com.immersivetranslate.browser","com.microsoft.translator","com.deepl.mobiletranslator","com.voice_camera_free_translate","com.niven.game","com.niven.apptranslate","com.zaz.translate","at.nk.tools.iTranslate","com.fapp.translate.language.translator.fasttranslation","ru.yandex.translate","com.datacomprojects.scanandtranslate","photo.translate.camera.translator"]},{"rank":{"index":3,"lang":"ja","country":"jp","chineseCountryName":"日本","pkg":"com.spaceship.screen.textcopy"},"orders":["com.recognize_text.translate.screen","com.tap_to_translate.snap_translate","com.spaceship.screen.textcopy","com.gaminik.i18n","com.newmg.yurao.pro","com.niven.translator","com.immersivetranslate.browser","com.screen.translate.google","com.google.android.apps.translate","com.niven.game","com.microsoft.translator","com.deepl.mobiletranslator","com.niven.apptranslate","com.naver.labs.translator","com.voice_camera_free_translate","com.google.ar.lens","com.zaz.translate","at.nk.tools.iTranslate","ru.yandex.translate","co.timekettle.livetranslator"]},{"rank":{"index":2,"lang":"ko","country":"kr","chineseCountryName":"韩国","pkg":"com.spaceship.screen.textcopy"},"orders":["com.recognize_text.translate.screen","com.spaceship.screen.textcopy","com.tap_to_translate.snap_translate","com.newmg.yurao.pro","com.gaminik.i18n","com.niven.translator","com.screen.translate.google","com.immersivetranslate.browser","com.google.android.apps.translate","com.microsoft.translator","com.naver.labs.translator","com.niven.game","com.niven.apptranslate","com.voice_camera_free_translate","com.deepl.mobiletranslator","at.nk.tools.iTranslate","com.fapp.translate.language.translator.fasttranslation","com.zaz.translate","ru.yandex.translate","com.translate.talkingtranslator"]},{"rank":{"index":2,"lang":"zh-hk","country":"hk","chineseCountryName":"香港","pkg":"com.spaceship.screen.textcopy"},"orders":["com.recognize_text.translate.screen","com.spaceship.screen.textcopy","com.screen.translate.google","com.gaminik.i18n","com.newmg.yurao.pro","com.google.android.apps.translate","com.niven.translator","com.immersivetranslate.browser","com.microsoft.translator","com.tap_to_translate.snap_translate","com.deepl.mobiletranslator","com.niven.game","com.naver.labs.translator","at.nk.tools.iTranslate","com.niven.apptranslate","com.zaz.translate","com.fapp.translate.language.translator.fasttranslation","ru.yandex.translate","com.google.ar.lens","translate.voice.translator.camera.translation.free.all.language.app"]},{"rank":{"index":2,"lang":"zh-tw","country":"tw","chineseCountryName":"台湾","pkg":"com.spaceship.screen.textcopy"},"orders":["com.recognize_text.translate.screen","com.spaceship.screen.textcopy","com.screen.translate.google","com.newmg.yurao.pro","com.gaminik.i18n","com.niven.translator","com.immersivetranslate.browser","com.tap_to_translate.snap_translate","com.google.android.apps.translate","com.microsoft.translator","com.niven.game","com.niven.apptranslate","com.deepl.mobiletranslator","com.zaz.translate","com.naver.labs.translator","at.nk.tools.iTranslate","com.fapp.translate.language.translator.fasttranslation","ru.yandex.translate","com.translate.talkingtranslator","com.google.ar.lens"]},{"rank":{"index":3,"lang":"en","country":"in","chineseCountryName":"印度","pkg":"com.spaceship.screen.textcopy"},"orders":["com.recognize_text.translate.screen","com.newmg.yurao.pro","com.spaceship.screen.textcopy","com.google.android.apps.translate","com.zaz.translate"]},{"rank":{"index":3,"lang":"id","country":"id","chineseCountryName":"印尼","pkg":"com.spaceship.screen.textcopy"},"orders":["com.recognize_text.translate.screen","com.tap_to_translate.snap_translate","com.spaceship.screen.textcopy","com.niven.translator","com.newmg.yurao.pro","com.screen.translate.google","com.gaminik.i18n","com.google.android.apps.translate","com.immersivetranslate.browser","com.niven.game","com.deepl.mobiletranslator","com.microsoft.translator","at.nk.tools.iTranslate","com.niven.apptranslate","com.zaz.translate"]},{"rank":{"index":2,"lang":"es-mx","country":"mx","chineseCountryName":"墨西哥","pkg":"com.spaceship.screen.textcopy"},"orders":["com.recognize_text.translate.screen","com.spaceship.screen.textcopy","com.tap_to_translate.snap_translate","com.newmg.yurao.pro","com.gaminik.i18n","com.google.android.apps.translate","at.nk.tools.iTranslate","com.deepl.mobiletranslator","com.zaz.translate","ru.yandex.translate","com.datacomprojects.scanandtranslate","translate.voice.translator.camera.translation.free.all.language.app","com.translate.talkingtranslator","com.immersivetranslate.browser","com.naver.labs.translator","com.softissimo.reverso.context","com.niven.translator","com.screen.translate.google","com.niven.game","com.google.ar.lens"]}]