[{"rank":{"index":2,"lang":"en-us","country":"us","chineseCountryName":"美国","pkg":"com.spaceship.screen.textcopy"},"orders":["com.recognize_text.translate.screen","com.spaceship.screen.textcopy","com.google.android.apps.translate","com.mg.yurao.google","com.gaminik.i18n","com.microsoft.translator","com.niven.game","com.tap_to_translate.snap_translate","com.niven.translator","com.niven.comic","at.nk.tools.iTranslate","com.newmg.yurao.pro","com.translate.talkingtranslator","com.eecorp.linguago","com.niven.apptranslate","com.youdao.hindict","com.languagetranslator.translatorapp.smartscanner.dictionary.translation.voicetranslator","com.naver.labs.translator","com.datacomprojects.scanandtranslate","screen.translator.voice.translate"]},{"rank":{"index":4,"lang":"ru","country":"ru","chineseCountryName":"俄罗斯","pkg":"com.spaceship.screen.textcopy"},"orders":["com.recognize_text.translate.screen","com.tap_to_translate.snap_translate","com.gaminik.i18n","com.spaceship.screen.textcopy","com.mg.yurao.google","com.niven.game","com.niven.translator","com.niven.comic","com.niven.apptranslate","com.newmg.yurao.pro","com.eecorp.linguago","ru.yandex.translate","screen.translator.voice.translate","com.google.android.apps.translate","com.pidev.screentranslator","com.deepl.mobiletranslator","com.datacomprojects.scanandtranslate","us.zoom.videomeetings","com.microsoft.translator","com.naver.labs.translator"]},{"rank":{"index":2,"lang":"fr","country":"fr","chineseCountryName":"法国","pkg":"com.spaceship.screen.textcopy"},"orders":["com.recognize_text.translate.screen","com.spaceship.screen.textcopy","com.tap_to_translate.snap_translate","com.gaminik.i18n","com.mg.yurao.google","com.niven.game","com.niven.translator","com.niven.comic","com.niven.apptranslate","com.newmg.yurao.pro","com.eecorp.linguago","screen.translator.voice.translate","at.nk.tools.iTranslate","com.google.android.apps.translate","com.translator.yellow","com.datacomprojects.scanandtranslate","com.microsoft.translator","com.deepl.mobiletranslator","us.zoom.videomeetings","com.translate.talkingtranslator"]},{"rank":{"index":2,"lang":"en-gb","country":"gb","chineseCountryName":"英国","pkg":"com.spaceship.screen.textcopy"},"orders":["com.recognize_text.translate.screen","com.spaceship.screen.textcopy","com.mg.yurao.google","com.tap_to_translate.snap_translate","com.google.android.apps.translate","com.gaminik.i18n","com.niven.game","com.niven.translator","com.niven.comic","com.microsoft.translator","com.niven.apptranslate","com.eecorp.linguago","com.newmg.yurao.pro","screen.translator.voice.translate","at.nk.tools.iTranslate","com.languagetranslator.translatorapp.smartscanner.dictionary.translation.voicetranslator","com.datacomprojects.scanandtranslate","com.zaz.translate","ru.yandex.translate","com.youdao.hindict"]},{"rank":{"index":2,"lang":"de","country":"de","chineseCountryName":"德国","pkg":"com.spaceship.screen.textcopy"},"orders":["com.recognize_text.translate.screen","com.spaceship.screen.textcopy","com.mg.yurao.google","com.tap_to_translate.snap_translate","com.gaminik.i18n","com.niven.game","com.niven.translator","com.niven.comic","com.niven.apptranslate","com.eecorp.linguago","screen.translator.voice.translate","com.microsoft.translator","com.google.android.apps.translate","com.deepl.mobiletranslator","at.nk.tools.iTranslate","com.newmg.yurao.pro","ru.yandex.translate","com.translate.talkingtranslator","com.translator.translation.screen.translate.voice.languages.text.translating","us.zoom.videomeetings"]},{"rank":{"index":2,"lang":"it","country":"it","chineseCountryName":"意大利","pkg":"com.spaceship.screen.textcopy"},"orders":["com.recognize_text.translate.screen","com.spaceship.screen.textcopy","com.niven.game","com.gaminik.i18n","com.mg.yurao.google","com.niven.translator","com.tap_to_translate.snap_translate","com.niven.comic","com.niven.apptranslate","com.google.android.apps.translate","com.eecorp.linguago"]},{"rank":{"index":4,"lang":"ja","country":"jp","chineseCountryName":"日本","pkg":"com.spaceship.screen.textcopy"},"orders":["com.recognize_text.translate.screen","com.mg.yurao.google","com.gaminik.i18n","com.spaceship.screen.textcopy","com.niven.game","com.tap_to_translate.snap_translate","com.niven.translator","com.niven.comic","com.newmg.yurao.pro","com.niven.apptranslate","com.eecorp.linguago","com.google.android.apps.translate"]},{"rank":{"index":4,"lang":"ko","country":"kr","chineseCountryName":"韩国","pkg":"com.spaceship.screen.textcopy"},"orders":["com.recognize_text.translate.screen","com.mg.yurao.google","com.tap_to_translate.snap_translate","com.spaceship.screen.textcopy","com.gaminik.i18n","com.niven.game","com.niven.comic","com.niven.apptranslate","com.niven.translator","com.newmg.yurao.pro","com.eecorp.linguago","com.naver.labs.translator","com.google.android.apps.translate","at.nk.tools.iTranslate","us.zoom.videomeetings","screen.translator.voice.translate","com.abbyy.mobile.textgrabber.full","com.deepl.mobiletranslator","com.microsoft.translator","com.google.ar.lens"]},{"rank":{"index":2,"lang":"zh-hk","country":"hk","chineseCountryName":"香港","pkg":"com.spaceship.screen.textcopy"},"orders":["com.recognize_text.translate.screen","com.spaceship.screen.textcopy","com.mg.yurao.google","com.tap_to_translate.snap_translate","com.gaminik.i18n","com.niven.game","com.niven.translator","com.niven.comic","com.google.android.apps.translate","com.niven.apptranslate","com.eecorp.linguago","com.newmg.yurao.pro","at.nk.tools.iTranslate","screen.translator.voice.translate","com.microsoft.translator","com.zaz.translate","com.datacomprojects.scanandtranslate","com.tangdi.baiguotong","camera.translator.realtime","com.mg.subtitle.google"]},{"rank":{"index":6,"lang":"zh-tw","country":"tw","chineseCountryName":"台湾","pkg":"com.spaceship.screen.textcopy"},"orders":["com.recognize_text.translate.screen","com.mg.yurao.google","com.tap_to_translate.snap_translate","com.gaminik.i18n","com.niven.game","com.spaceship.screen.textcopy","com.niven.translator","com.niven.comic","com.google.android.apps.translate","com.niven.apptranslate","com.newmg.yurao.pro","com.eecorp.linguago","com.mg.subtitle.google","com.languagetranslator.translatorapp.smartscanner.dictionary.translation.voicetranslator","at.nk.tools.iTranslate","screen.translator.voice.translate","com.zaz.translate","com.tangdi.baiguotong","com.youdao.hindict","com.translate_subtitles.video_translate"]},{"rank":{"index":2,"lang":"en","country":"in","chineseCountryName":"印度","pkg":"com.spaceship.screen.textcopy"},"orders":["com.recognize_text.translate.screen","com.spaceship.screen.textcopy","com.gaminik.i18n","com.newmg.yurao.pro","com.niven.game","screen.translator.voice.translate","com.tap_to_translate.snap_translate","com.niven.translator","com.niven.comic","com.zaz.translate","com.eecorp.linguago","com.niven.apptranslate","com.microsoft.translator","com.languagetranslator.translatorapp.smartscanner.dictionary.translation.voicetranslator","translate.smartranit.language.text","free.translate.all.language.translator.voicetranslator","com.datacomprojects.scanandtranslate","com.tranit.text.translate","com.mg.yurao.google","com.google.android.apps.translate"]},{"rank":{"index":2,"lang":"id","country":"id","chineseCountryName":"印尼","pkg":"com.spaceship.screen.textcopy"},"orders":["com.recognize_text.translate.screen","com.spaceship.screen.textcopy","com.tap_to_translate.snap_translate","com.gaminik.i18n","com.mg.yurao.google","com.niven.game","com.niven.translator","com.niven.apptranslate","com.niven.comic","com.newmg.yurao.pro","com.eecorp.linguago","com.google.android.apps.translate","com.android.chrome"]},{"rank":{"index":2,"lang":"es-mx","country":"mx","chineseCountryName":"墨西哥","pkg":"com.spaceship.screen.textcopy"},"orders":["com.recognize_text.translate.screen","com.spaceship.screen.textcopy","com.tap_to_translate.snap_translate","com.niven.game","com.niven.translator","com.niven.comic","com.niven.apptranslate","com.eecorp.linguago","com.google.android.apps.translate","screen.translator.voice.translate","com.youdao.hindict","com.newmg.yurao.pro","com.microsoft.translator","us.zoom.videomeetings","com.deepl.mobiletranslator","at.nk.tools.iTranslate","com.gaminik.i18n","com.mg.yurao.google"]}]