[{"rank":{"index":2,"lang":"en-us","country":"us","chineseCountryName":"美国","pkg":"com.spaceship.screen.textcopy"},"orders":["com.recognize_text.translate.screen","com.spaceship.screen.textcopy","com.tap_to_translate.snap_translate","com.screen.translate.google","com.google.android.apps.translate","com.microsoft.translator","com.newmg.yurao.pro","com.gaminik.i18n","com.niven.translator","at.nk.tools.iTranslate","com.google.ar.lens","com.deepl.mobiletranslator","com.niven.game","com.heapsol.spanishenglishtranslator","com.sayhi.android.sayhitranslate","com.naver.labs.translator","com.datacomprojects.scanandtranslate","ru.yandex.translate","com.translate.talkingtranslator","com.ticktalk.translatevoice"]},{"rank":{"index":0,"lang":"ru","country":"ru","chineseCountryName":"俄罗斯","pkg":"com.spaceship.screen.textcopy"},"orders":["com.recognize_text.translate.screen","com.tap_to_translate.snap_translate","com.niven.translator","com.newmg.yurao.pro","com.gaminik.i18n","com.screen.translate.google","ru.yandex.translate","com.niven.game","com.google.android.apps.translate","com.microsoft.translator","com.datacomprojects.scanandtranslate","com.niven.apptranslate","com.deepl.mobiletranslator","com.voice_camera_free_translate","com.traductorweb","at.nk.tools.iTranslate","photo.translate.camera.translator","com.translate.talkingtranslator","com.immersivetranslate.browser","com.tangdi.baiguotong"]},{"rank":{"index":2,"lang":"pt-br","country":"br","chineseCountryName":"巴西","pkg":"com.spaceship.screen.textcopy"},"orders":["com.recognize_text.translate.screen","com.spaceship.screen.textcopy","com.tap_to_translate.snap_translate","com.gaminik.i18n","com.google.android.apps.translate","com.microsoft.translator","com.deepl.mobiletranslator","com.zaz.translate","ru.yandex.translate","com.google.ar.lens","com.translate.language.translator.voice.translation","com.naver.labs.translator","com.softissimo.reverso.context","com.ticktalk.translatevoice","com.niven.translator","com.screen.translate.google","com.newmg.yurao.pro","com.niven.game","com.niven.apptranslate","com.datacomprojects.scanandtranslate"]},{"rank":{"index":2,"lang":"fr","country":"fr","chineseCountryName":"法国","pkg":"com.spaceship.screen.textcopy"},"orders":["com.recognize_text.translate.screen","com.spaceship.screen.textcopy","com.tap_to_translate.snap_translate","com.screen.translate.google","com.niven.translator","com.gaminik.i18n","com.newmg.yurao.pro","com.google.android.apps.translate","com.microsoft.translator","com.deepl.mobiletranslator","com.datacomprojects.scanandtranslate","com.niven.game","at.nk.tools.iTranslate","ru.yandex.translate","com.google.ar.lens","com.translate.talkingtranslator","com.niven.apptranslate","com.tangdi.baiguotong","camtranslator.voice.text.image.translate","com.softissimo.reverso.context"]},{"rank":{"index":2,"lang":"en-gb","country":"gb","chineseCountryName":"英国","pkg":"com.spaceship.screen.textcopy"},"orders":["com.recognize_text.translate.screen","com.spaceship.screen.textcopy","com.google.android.apps.translate","com.microsoft.translator","com.newmg.yurao.pro","com.screen.translate.google","com.gaminik.i18n","com.tap_to_translate.snap_translate","com.niven.translator","com.google.ar.lens","at.nk.tools.iTranslate","com.deepl.mobiletranslator","ru.yandex.translate","com.sayhi.android.sayhitranslate","com.siv","com.niven.game","com.datacomprojects.scanandtranslate","com.naver.labs.translator","com.translate.talkingtranslator","com.heapsol.spanishenglishtranslator"]},{"rank":{"index":2,"lang":"de","country":"de","chineseCountryName":"德国","pkg":"com.spaceship.screen.textcopy"},"orders":["com.recognize_text.translate.screen","com.spaceship.screen.textcopy","com.tap_to_translate.snap_translate","com.screen.translate.google","com.niven.translator","com.gaminik.i18n","com.newmg.yurao.pro","com.google.android.apps.translate","com.microsoft.translator","com.niven.game","com.deepl.mobiletranslator","com.datacomprojects.scanandtranslate","ru.yandex.translate","com.niven.apptranslate","com.voice_camera_free_translate","at.nk.tools.iTranslate","com.sayhi.android.sayhitranslate","com.tangdi.baiguotong","com.immersivetranslate.browser","com.google.ar.lens"]},{"rank":{"index":2,"lang":"it","country":"it","chineseCountryName":"意大利","pkg":"com.spaceship.screen.textcopy"},"orders":["com.recognize_text.translate.screen","com.spaceship.screen.textcopy","com.tap_to_translate.snap_translate","com.screen.translate.google","com.gaminik.i18n","com.niven.translator","com.newmg.yurao.pro","com.google.android.apps.translate","com.microsoft.translator","com.niven.game","com.datacomprojects.scanandtranslate","com.deepl.mobiletranslator","at.nk.tools.iTranslate","camtranslator.voice.text.image.translate","com.google.ar.lens","com.tangdi.baiguotong","ru.yandex.translate","com.softissimo.reverso.context","com.dddev.all.language.translate.voice.translator","com.translate.talkingtranslator"]},{"rank":{"index":2,"lang":"ja","country":"jp","chineseCountryName":"日本","pkg":"com.spaceship.screen.textcopy"},"orders":["com.recognize_text.translate.screen","com.spaceship.screen.textcopy","com.tap_to_translate.snap_translate","com.gaminik.i18n","com.newmg.yurao.pro","com.screen.translate.google","com.niven.translator","com.google.android.apps.translate","com.google.ar.lens","com.microsoft.translator","com.deepl.mobiletranslator","com.niven.game","com.datacomprojects.scanandtranslate","com.naver.labs.translator","com.niven.apptranslate","com.immersivetranslate.browser","at.nk.tools.iTranslate","com.sayhi.android.sayhitranslate","com.translate.talkingtranslator","com.instagram.android"]},{"rank":{"index":2,"lang":"ko","country":"kr","chineseCountryName":"韩国","pkg":"com.spaceship.screen.textcopy"},"orders":["com.recognize_text.translate.screen","com.spaceship.screen.textcopy","com.tap_to_translate.snap_translate","com.gaminik.i18n","com.newmg.yurao.pro","com.screen.translate.google","com.niven.translator","com.google.android.apps.translate","com.naver.labs.translator","com.niven.game","com.microsoft.translator","com.deepl.mobiletranslator","at.nk.tools.iTranslate","com.datacomprojects.scanandtranslate","com.zaz.translate","com.niven.apptranslate","com.google.ar.lens","com.voice_camera_free_translate","com.immersivetranslate.browser","com.translator.all.language.translate.camera.voice"]},{"rank":{"index":2,"lang":"zh-hk","country":"hk","chineseCountryName":"香港","pkg":"com.spaceship.screen.textcopy"},"orders":["com.recognize_text.translate.screen","com.spaceship.screen.textcopy","com.gaminik.i18n","com.screen.translate.google","com.newmg.yurao.pro","com.niven.translator","com.google.android.apps.translate","com.tap_to_translate.snap_translate","com.microsoft.translator","com.niven.game","at.nk.tools.iTranslate","com.google.ar.lens","com.datacomprojects.scanandtranslate","com.deepl.mobiletranslator","com.tangdi.baiguotong","com.naver.labs.translator","com.immersivetranslate.browser","com.niven.apptranslate","com.dddev.all.language.translate.voice.translator","com.android.chrome"]},{"rank":{"index":2,"lang":"zh-tw","country":"tw","chineseCountryName":"台湾","pkg":"com.spaceship.screen.textcopy"},"orders":["com.recognize_text.translate.screen","com.spaceship.screen.textcopy","com.newmg.yurao.pro","com.screen.translate.google","com.gaminik.i18n","com.tap_to_translate.snap_translate","com.niven.translator","com.google.android.apps.translate","com.microsoft.translator","com.niven.game","at.nk.tools.iTranslate","com.naver.labs.translator","com.google.ar.lens","com.datacomprojects.scanandtranslate","com.deepl.mobiletranslator","com.niven.apptranslate","com.tangdi.baiguotong","com.immersivetranslate.browser","com.translate.talkingtranslator","photo.translate.camera.translator"]},{"rank":{"index":2,"lang":"en","country":"in","chineseCountryName":"印度","pkg":"com.spaceship.screen.textcopy"},"orders":["com.recognize_text.translate.screen","com.spaceship.screen.textcopy","com.google.android.apps.translate","com.tap_to_translate.snap_translate","com.gaminik.i18n","com.microsoft.translator","com.zaz.translate","com.google.ar.lens","com.deepl.mobiletranslator","ru.yandex.translate","com.ticktalk.translatevoice","com.naver.labs.translator","com.sayhi.android.sayhitranslate","com.newmg.yurao.pro","com.niven.translator","com.screen.translate.google","camtranslator.voice.text.image.translate","com.datacomprojects.scanandtranslate","com.languagetranslator.translatorapp.smartscanner.dictionary.translation.voicetranslator","com.softissimo.reverso.context"]},{"rank":{"index":2,"lang":"id","country":"id","chineseCountryName":"印尼","pkg":"com.spaceship.screen.textcopy"},"orders":["com.recognize_text.translate.screen","com.spaceship.screen.textcopy","com.tap_to_translate.snap_translate","com.gaminik.i18n","com.newmg.yurao.pro","com.niven.translator","com.screen.translate.google","com.niven.game","com.google.android.apps.translate","com.youdao.hindict"]},{"rank":{"index":2,"lang":"es-mx","country":"mx","chineseCountryName":"墨西哥","pkg":"com.spaceship.screen.textcopy"},"orders":["com.recognize_text.translate.screen","com.spaceship.screen.textcopy","com.tap_to_translate.snap_translate","com.gaminik.i18n","com.google.android.apps.translate","com.microsoft.translator","com.deepl.mobiletranslator","ru.yandex.translate","com.zaz.translate","com.google.ar.lens","com.ticktalk.translatevoice","com.naver.labs.translator","com.sayhi.android.sayhitranslate","com.softissimo.reverso.context","com.newmg.yurao.pro","com.niven.translator","com.screen.translate.google","com.niven.game","camtranslator.voice.text.image.translate","free.translate.all.language.translator"]}]