[{"rank":{"index":2,"lang":"en-us","country":"us","chineseCountryName":"美国","pkg":"com.spaceship.screen.textcopy"},"orders":["com.recognize_text.translate.screen","com.spaceship.screen.textcopy","com.tap_to_translate.snap_translate","com.gaminik.i18n","com.google.android.apps.translate","com.microsoft.translator","com.niven.translator","com.niven.game","com.niven.comic","com.newmg.yurao.pro","com.niven.apptranslate","com.youdao.hindict","com.mobisystems.msdict.embedded.wireless.collins.ee","screen.translator.voice.translate","com.deepl.mobiletranslator","com.naver.labs.translator","all.language.translate.translator","com.zaz.translate","com.translate.talkingtranslator","com.eecorp.linguago"]},{"rank":{"index":2,"lang":"ru","country":"ru","chineseCountryName":"俄罗斯","pkg":"com.spaceship.screen.textcopy"},"orders":["com.recognize_text.translate.screen","com.spaceship.screen.textcopy","com.tap_to_translate.snap_translate","com.gaminik.i18n","com.niven.game","com.niven.translator","com.screen.translate.google","com.newmg.yurao.pro","com.niven.comic","com.niven.apptranslate","com.google.android.apps.translate","com.microsoft.translator","com.ticktalk.translatevoice","com.deepl.mobiletranslator","ru.yandex.translate","com.whatsapp","com.youdao.hindict","com.translate.language.translator.voice.translation","com.facebook.orca","com.google.android.dialer"]},{"rank":{"index":2,"lang":"fr","country":"fr","chineseCountryName":"法国","pkg":"com.spaceship.screen.textcopy"},"orders":["com.recognize_text.translate.screen","com.spaceship.screen.textcopy","com.tap_to_translate.snap_translate","com.gaminik.i18n","com.niven.game","com.niven.translator","com.niven.comic","com.newmg.yurao.pro","com.niven.apptranslate","com.microsoft.translator","com.google.android.apps.translate","com.youdao.hindict","com.deepl.mobiletranslator","com.eecorp.linguago","com.whatsapp","com.facebook.orca","com.duolingo","screen.translator.voice.translate","com.canva.editor","com.android.chrome"]},{"rank":{"index":2,"lang":"en-gb","country":"gb","chineseCountryName":"英国","pkg":"com.spaceship.screen.textcopy"},"orders":["com.recognize_text.translate.screen","com.spaceship.screen.textcopy","com.gaminik.i18n","com.google.android.apps.translate","com.microsoft.translator","screen.translator.voice.translate","com.tap_to_translate.snap_translate","com.niven.translator","com.niven.game","com.niven.comic","com.newmg.yurao.pro","com.youdao.hindict","com.niven.apptranslate","com.zaz.translate","com.eecorp.linguago","com.deepl.mobiletranslator","com.mobisystems.msdict.embedded.wireless.collins.ee","com.flitto.app","com.eecorp.taptranslator","all.language.translate.translator"]},{"rank":{"index":2,"lang":"de","country":"de","chineseCountryName":"德国","pkg":"com.spaceship.screen.textcopy"},"orders":["com.recognize_text.translate.screen","com.spaceship.screen.textcopy","com.gaminik.i18n","com.niven.game","com.microsoft.translator","com.tap_to_translate.snap_translate","com.niven.comic","com.niven.translator","com.newmg.yurao.pro","com.deepl.mobiletranslator","com.google.android.apps.translate","com.niven.apptranslate","com.youdao.hindict","com.whatsapp","com.eecorp.linguago","com.facebook.orca","com.canva.editor","all.language.translate.translator","com.android.chrome","com.google.android.apps.photos"]},{"rank":{"index":2,"lang":"it","country":"it","chineseCountryName":"意大利","pkg":"com.spaceship.screen.textcopy"},"orders":["com.recognize_text.translate.screen","com.spaceship.screen.textcopy","com.niven.game","com.gaminik.i18n","com.tap_to_translate.snap_translate","com.screen.translate.google","com.niven.translator","com.microsoft.translator","com.newmg.yurao.pro","com.niven.comic","com.niven.apptranslate","com.google.android.apps.translate","com.deepl.mobiletranslator","com.youdao.hindict","at.nk.tools.iTranslate","com.softissimo.reverso.context","com.whatsapp","com.facebook.orca","com.kursx.smartbook","com.google.ar.lens"]},{"rank":{"index":2,"lang":"ja","country":"jp","chineseCountryName":"日本","pkg":"com.spaceship.screen.textcopy"},"orders":["com.recognize_text.translate.screen","com.spaceship.screen.textcopy","com.gaminik.i18n","com.niven.game","com.niven.comic","com.tap_to_translate.snap_translate","com.niven.translator","com.niven.apptranslate","com.newmg.yurao.pro","com.deepl.mobiletranslator","com.google.android.apps.translate","com.naver.labs.translator","com.youdao.hindict","com.eecorp.linguago","com.microsoft.translator","com.whatsapp","com.android.chrome","com.facebook.orca","com.duolingo","com.discord"]},{"rank":{"index":2,"lang":"ko","country":"kr","chineseCountryName":"韩国","pkg":"com.spaceship.screen.textcopy"},"orders":["com.recognize_text.translate.screen","com.spaceship.screen.textcopy","com.tap_to_translate.snap_translate","com.niven.game","com.gaminik.i18n","com.niven.comic","com.niven.apptranslate","com.niven.translator","com.newmg.yurao.pro","com.naver.labs.translator","com.google.android.apps.translate","com.screen.translate.google","com.whatsapp","com.facebook.orca","us.zoom.videomeetings","com.discord","com.android.chrome","com.duolingo","com.deepl.mobiletranslator","com.google.android.apps.photos"]},{"rank":{"index":3,"lang":"zh-hk","country":"hk","chineseCountryName":"香港","pkg":"com.spaceship.screen.textcopy"},"orders":["com.recognize_text.translate.screen","com.gaminik.i18n","com.spaceship.screen.textcopy","com.tap_to_translate.snap_translate","com.niven.game","com.niven.translator","com.niven.comic","com.newmg.yurao.pro","com.microsoft.translator","com.google.android.apps.translate","com.screen.translate.google","com.niven.apptranslate","com.whatsapp","com.facebook.orca","com.android.chrome","com.google.android.apps.maps","com.deepl.mobiletranslator","com.discord","com.naver.labs.translator","us.zoom.videomeetings"]},{"rank":{"index":3,"lang":"zh-tw","country":"tw","chineseCountryName":"台湾","pkg":"com.spaceship.screen.textcopy"},"orders":["com.recognize_text.translate.screen","com.gaminik.i18n","com.spaceship.screen.textcopy","com.niven.game","com.tap_to_translate.snap_translate","com.screen.translate.google","com.newmg.yurao.pro","com.niven.comic","com.google.android.apps.translate","com.microsoft.translator","com.niven.translator","com.niven.apptranslate","com.naver.labs.translator","com.facebook.orca","com.whatsapp","com.deepl.mobiletranslator","com.youdao.hindict","com.android.chrome","com.google.android.apps.maps","com.discord"]},{"rank":{"index":2,"lang":"en","country":"in","chineseCountryName":"印度","pkg":"com.spaceship.screen.textcopy"},"orders":["com.recognize_text.translate.screen","com.spaceship.screen.textcopy","com.newmg.yurao.pro","com.google.android.apps.translate","com.niven.game","com.gaminik.i18n"]},{"rank":{"index":2,"lang":"id","country":"id","chineseCountryName":"印尼","pkg":"com.spaceship.screen.textcopy"},"orders":["com.recognize_text.translate.screen","com.spaceship.screen.textcopy","com.tap_to_translate.snap_translate","com.gaminik.i18n","com.niven.translator","com.niven.game","com.niven.comic","com.newmg.yurao.pro","com.youdao.hindict"]},{"rank":{"index":2,"lang":"es-mx","country":"mx","chineseCountryName":"墨西哥","pkg":"com.spaceship.screen.textcopy"},"orders":["com.recognize_text.translate.screen","com.spaceship.screen.textcopy","com.tap_to_translate.snap_translate","com.niven.game","com.niven.translator","com.youdao.hindict","com.google.android.apps.translate","com.niven.comic","com.microsoft.translator","com.deepl.mobiletranslator","com.android.chrome","com.google.android.apps.docs","com.naver.labs.translator","com.newmg.yurao.pro","com.zaz.translate","all.language.translate.translator","at.nk.tools.iTranslate","com.google.android.deskclock","ru.yandex.translate","com.gaminik.i18n"]}]