[{"rank":{"index":2,"lang":"en-us","country":"us","chineseCountryName":"美国","pkg":"com.spaceship.screen.textcopy"},"orders":["com.recognize_text.translate.screen","com.spaceship.screen.textcopy","com.tap_to_translate.snap_translate","com.gaminik.i18n","com.google.android.apps.translate","com.niven.translator","com.microsoft.translator","com.niven.game","com.newmg.yurao.pro","com.android.chrome","com.google.android.dialer","at.nk.tools.iTranslate","com.facebook.orca","us.zoom.videomeetings","com.google.android.apps.photos","com.google.android.apps.maps","com.ubercab","com.deepl.mobiletranslator","com.discord","com.google.android.apps.searchlite"]},{"rank":{"index":2,"lang":"ru","country":"ru","chineseCountryName":"俄罗斯","pkg":"com.spaceship.screen.textcopy"},"orders":["com.recognize_text.translate.screen","com.spaceship.screen.textcopy","com.tap_to_translate.snap_translate","com.gaminik.i18n","com.niven.translator","com.niven.game","com.newmg.yurao.pro","ru.yandex.translate","com.google.android.apps.translate","com.niven.apptranslate","com.deepl.mobiletranslator","com.niven.comic","us.zoom.videomeetings","com.discord","com.microsoft.translator","com.datacomprojects.scanandtranslate","com.google.android.dialer","com.facebook.orca","com.android.chrome","com.google.android.apps.photos"]},{"rank":{"index":2,"lang":"fr","country":"fr","chineseCountryName":"法国","pkg":"com.spaceship.screen.textcopy"},"orders":["com.recognize_text.translate.screen","com.spaceship.screen.textcopy","com.tap_to_translate.snap_translate","com.gaminik.i18n","com.niven.game","com.google.android.apps.translate","com.niven.translator","com.newmg.yurao.pro","com.niven.comic","com.deepl.mobiletranslator","com.niven.apptranslate","us.zoom.videomeetings","com.discord","com.facebook.orca","com.microsoft.translator","com.google.android.apps.photos","com.android.chrome","com.microsoft.office.outlook","com.truecaller","com.google.android.apps.youtube.creator"]},{"rank":{"index":2,"lang":"en-gb","country":"gb","chineseCountryName":"英国","pkg":"com.spaceship.screen.textcopy"},"orders":["com.recognize_text.translate.screen","com.spaceship.screen.textcopy","com.gaminik.i18n","com.tap_to_translate.snap_translate","com.google.android.apps.translate","com.niven.translator","com.microsoft.translator","com.niven.game","com.newmg.yurao.pro","at.nk.tools.iTranslate","com.deepl.mobiletranslator","com.android.chrome","com.facebook.orca","us.zoom.videomeetings","com.google.android.apps.maps","com.google.android.apps.photos","com.duolingo","com.datacomprojects.scanandtranslate","com.truecaller","com.discord"]},{"rank":{"index":2,"lang":"de","country":"de","chineseCountryName":"德国","pkg":"com.spaceship.screen.textcopy"},"orders":["com.recognize_text.translate.screen","com.spaceship.screen.textcopy","com.gaminik.i18n","com.tap_to_translate.snap_translate","com.google.android.apps.translate","com.niven.game","com.niven.translator","com.newmg.yurao.pro","com.deepl.mobiletranslator","com.microsoft.translator","com.niven.apptranslate","com.facebook.orca","us.zoom.videomeetings","com.android.chrome","com.discord","com.amazon.kindle","com.google.android.apps.photos","com.truecaller","com.google.android.apps.maps","com.google.android.apps.youtube.creator"]},{"rank":{"index":2,"lang":"it","country":"it","chineseCountryName":"意大利","pkg":"com.spaceship.screen.textcopy"},"orders":["com.recognize_text.translate.screen","com.spaceship.screen.textcopy","com.gaminik.i18n","com.tap_to_translate.snap_translate","com.niven.game","com.google.android.apps.translate","com.niven.translator","com.microsoft.translator","at.nk.tools.iTranslate","com.niven.comic","com.niven.apptranslate","com.deepl.mobiletranslator","us.zoom.videomeetings","com.facebook.orca","com.discord","com.google.android.apps.photos","com.amazon.kindle","com.skype.raider","com.android.chrome","com.softissimo.reverso.context"]},{"rank":{"index":2,"lang":"ja","country":"jp","chineseCountryName":"日本","pkg":"com.spaceship.screen.textcopy"},"orders":["com.recognize_text.translate.screen","com.spaceship.screen.textcopy","com.gaminik.i18n","com.tap_to_translate.snap_translate","com.google.android.apps.translate","com.niven.game","com.niven.translator","com.newmg.yurao.pro","com.niven.apptranslate","com.deepl.mobiletranslator","com.niven.comic","com.naver.labs.translator","com.microsoft.translator","com.android.chrome","com.google.ar.lens","com.facebook.orca","us.zoom.videomeetings","com.google.android.apps.maps","com.amazon.kindle","com.google.android.dialer"]},{"rank":{"index":2,"lang":"ko","country":"kr","chineseCountryName":"韩国","pkg":"com.spaceship.screen.textcopy"},"orders":["com.recognize_text.translate.screen","com.spaceship.screen.textcopy","com.gaminik.i18n","com.tap_to_translate.snap_translate","com.niven.game","com.google.android.apps.translate","com.niven.comic","com.niven.apptranslate","com.newmg.yurao.pro","com.niven.translator","com.deepl.mobiletranslator","com.naver.labs.translator","com.appspell.screentranslator","com.facebook.orca","com.discord","at.nk.tools.iTranslate","us.zoom.videomeetings","com.android.chrome","com.google.android.apps.photos","com.google.android.apps.docs"]},{"rank":{"index":2,"lang":"zh-hk","country":"hk","chineseCountryName":"香港","pkg":"com.spaceship.screen.textcopy"},"orders":["com.recognize_text.translate.screen","com.spaceship.screen.textcopy","com.gaminik.i18n","com.tap_to_translate.snap_translate","com.google.android.apps.translate","com.niven.translator","com.niven.game","com.newmg.yurao.pro","com.android.chrome","com.facebook.orca","com.google.android.apps.maps","us.zoom.videomeetings","com.discord","com.microsoft.translator","com.skype.raider","com.twitter.android","com.google.android.apps.photos","com.microsoft.office.outlook","com.sec.android.app.sbrowser","com.duolingo"]},{"rank":{"index":2,"lang":"zh-tw","country":"tw","chineseCountryName":"台湾","pkg":"com.spaceship.screen.textcopy"},"orders":["com.recognize_text.translate.screen","com.spaceship.screen.textcopy","com.gaminik.i18n","com.tap_to_translate.snap_translate","com.niven.translator","com.niven.game","com.google.android.apps.translate","com.newmg.yurao.pro","com.deepl.mobiletranslator","com.discord","com.facebook.orca","com.niven.apptranslate","us.zoom.videomeetings","com.google.android.apps.maps","com.microsoft.translator","com.android.chrome","com.skype.raider","com.google.android.apps.photos","com.niven.comic","com.ubercab"]},{"rank":{"index":2,"lang":"en","country":"in","chineseCountryName":"印度","pkg":"com.spaceship.screen.textcopy"},"orders":["com.recognize_text.translate.screen","com.spaceship.screen.textcopy","com.tap_to_translate.snap_translate","com.google.android.apps.translate","com.newmg.yurao.pro","com.zaz.translate","com.microsoft.translator","com.niven.translator","at.nk.tools.iTranslate","com.datacomprojects.scanandtranslate","com.google.ar.lens","com.gaminik.i18n"]},{"rank":{"index":2,"lang":"id","country":"id","chineseCountryName":"印尼","pkg":"com.spaceship.screen.textcopy"},"orders":["com.recognize_text.translate.screen","com.spaceship.screen.textcopy","com.tap_to_translate.snap_translate","com.gaminik.i18n","com.google.android.apps.translate","com.niven.translator","com.niven.game","com.newmg.yurao.pro","com.android.chrome"]},{"rank":{"index":2,"lang":"es-mx","country":"mx","chineseCountryName":"墨西哥","pkg":"com.spaceship.screen.textcopy"},"orders":["com.recognize_text.translate.screen","com.spaceship.screen.textcopy","com.tap_to_translate.snap_translate","com.google.android.apps.translate","com.niven.translator","com.youdao.hindict","com.niven.game","com.microsoft.translator","com.deepl.mobiletranslator","at.nk.tools.iTranslate","com.google.ar.lens","com.zaz.translate","com.google.android.marvin.talkback","com.duolingo","com.naver.labs.translator","com.niven.comic","com.ticktalk.translatevoice","ru.yandex.translate","com.intsig.camscanner","com.gaminik.i18n"]}]