[{"rank":{"index":2,"lang":"en-us","country":"us","chineseCountryName":"美国","pkg":"com.spaceship.screen.textcopy"},"orders":["com.recognize_text.translate.screen","com.spaceship.screen.textcopy","com.tap_to_translate.snap_translate","com.niven.translator","com.newmg.yurao.pro","com.gaminik.i18n","com.screen.translate.google","com.eecorp.linguago","com.screen.translator.text.recognize","com.niven.apptranslate","live.screentranslate.realtime","com.galaxy.airviewdictionary","com.zaz.translate","com.google.android.apps.translate","com.chat.translator.screen.translate.language","com.translate.screen.translator.text.translation.onscreen","com.niven.game","com.microsoft.translator","screen.translator.voice.translate","com.deepl.mobiletranslator"]},{"rank":{"index":3,"lang":"ru","country":"ru","chineseCountryName":"俄罗斯","pkg":"com.spaceship.screen.textcopy"},"orders":["com.recognize_text.translate.screen","com.niven.translator","com.spaceship.screen.textcopy","com.tap_to_translate.snap_translate","com.newmg.yurao.pro","com.gaminik.i18n","com.screen.translate.google","com.eecorp.linguago","com.niven.apptranslate","com.screen.translator.text.recognize","com.galaxy.airviewdictionary","live.screentranslate.realtime","com.zaz.translate","com.google.android.apps.translate","com.niven.game","com.chat.translator.screen.translate.language","com.google.ar.lens","screen.translator.voice.translate","com.microsoft.translator","ru.yandex.translate"]},{"rank":{"index":2,"lang":"pt-br","country":"br","chineseCountryName":"巴西","pkg":"com.spaceship.screen.textcopy"},"orders":["com.recognize_text.translate.screen","com.spaceship.screen.textcopy","com.niven.translator","com.tap_to_translate.snap_translate","com.newmg.yurao.pro","com.gaminik.i18n","com.screen.translate.google","com.screen.translator.text.recognize","com.niven.apptranslate","com.eecorp.linguago","live.screentranslate.realtime","com.galaxy.airviewdictionary","com.google.android.apps.translate","com.chat.translator.screen.translate.language","com.android.chrome","com.niven.game","com.zaz.translate","com.google.android.apps.maps","com.google.android.inputmethod.latin","com.google.android.apps.docs"]},{"rank":{"index":3,"lang":"fr","country":"fr","chineseCountryName":"法国","pkg":"com.spaceship.screen.textcopy"},"orders":["com.recognize_text.translate.screen","com.tap_to_translate.snap_translate","com.spaceship.screen.textcopy","com.newmg.yurao.pro","com.niven.translator","com.eecorp.linguago","com.screen.translate.google","com.gaminik.i18n","com.screen.translator.text.recognize","live.screentranslate.realtime","com.niven.apptranslate","com.galaxy.airviewdictionary","com.google.android.apps.translate","com.zaz.translate","screen.translator.voice.translate","com.deepl.mobiletranslator","com.google.ar.lens","com.google.android.tts","com.microsoft.translator","com.chat.translator.screen.translate.language"]},{"rank":{"index":2,"lang":"en-gb","country":"gb","chineseCountryName":"英国","pkg":"com.spaceship.screen.textcopy"},"orders":["com.recognize_text.translate.screen","com.spaceship.screen.textcopy","com.tap_to_translate.snap_translate","com.niven.translator","com.newmg.yurao.pro","com.gaminik.i18n","com.eecorp.linguago","com.screen.translate.google","com.screen.translator.text.recognize","live.screentranslate.realtime","com.niven.apptranslate","com.zaz.translate","com.google.android.apps.translate","com.galaxy.airviewdictionary","screen.translator.voice.translate","com.chat.translator.screen.translate.language","at.nk.tools.iTranslate","com.microsoft.translator","com.deepl.mobiletranslator","com.niven.game"]},{"rank":{"index":5,"lang":"de","country":"de","chineseCountryName":"德国","pkg":"com.spaceship.screen.textcopy"},"orders":["com.recognize_text.translate.screen","com.tap_to_translate.snap_translate","com.niven.translator","com.newmg.yurao.pro","com.spaceship.screen.textcopy","com.gaminik.i18n","com.eecorp.linguago","com.screen.translate.google","com.screen.translator.text.recognize","com.niven.apptranslate","live.screentranslate.realtime","com.galaxy.airviewdictionary","com.chat_translate.screen_translate","com.zaz.translate","com.google.android.apps.translate","com.chat.translator.screen.translate.language","screen.translator.voice.translate","com.deepl.mobiletranslator","com.niven.game","com.microsoft.translator"]},{"rank":{"index":3,"lang":"it","country":"it","chineseCountryName":"意大利","pkg":"com.spaceship.screen.textcopy"},"orders":["com.recognize_text.translate.screen","com.tap_to_translate.snap_translate","com.spaceship.screen.textcopy","com.newmg.yurao.pro","com.niven.translator","com.gaminik.i18n","com.screen.translate.google","com.eecorp.linguago","com.niven.apptranslate","live.screentranslate.realtime","com.screen.translator.text.recognize","com.galaxy.airviewdictionary","com.chat.translator.screen.translate.language","com.zaz.translate","com.google.android.apps.translate","com.microsoft.translator","com.deepl.mobiletranslator","screen.translator.voice.translate","com.google.ar.lens","com.translate.screen.translator.text.translation.onscreen"]},{"rank":{"index":3,"lang":"ja","country":"jp","chineseCountryName":"日本","pkg":"com.spaceship.screen.textcopy"},"orders":["com.recognize_text.translate.screen","com.tap_to_translate.snap_translate","com.spaceship.screen.textcopy","com.newmg.yurao.pro","com.niven.translator","com.gaminik.i18n","com.eecorp.linguago","com.honso.ai.felotranslator","com.zaz.translate"]},{"rank":{"index":2,"lang":"ko","country":"kr","chineseCountryName":"韩国","pkg":"com.spaceship.screen.textcopy"},"orders":["com.recognize_text.translate.screen","com.spaceship.screen.textcopy","com.newmg.yurao.pro","com.tap_to_translate.snap_translate","com.niven.translator","com.gaminik.i18n","com.screen.translate.google","com.screen.translator.text.recognize","com.eecorp.linguago","com.niven.apptranslate","com.galaxy.airviewdictionary","live.screentranslate.realtime","com.zaz.translate","com.naver.labs.translator","com.google.android.apps.translate","com.chat.translator.screen.translate.language","com.translate.screen.translator.text.translation.onscreen","com.deepl.mobiletranslator","com.microsoft.translator","com.google.ar.lens"]},{"rank":{"index":2,"lang":"zh-hk","country":"hk","chineseCountryName":"香港","pkg":"com.spaceship.screen.textcopy"},"orders":["com.recognize_text.translate.screen","com.spaceship.screen.textcopy","com.tap_to_translate.snap_translate","com.newmg.yurao.pro","com.niven.translator","com.gaminik.i18n","com.eecorp.linguago","com.screen.translate.google","com.niven.apptranslate","com.screen.translator.text.recognize","live.screentranslate.realtime","com.galaxy.airviewdictionary","com.google.android.apps.translate","com.zaz.translate","com.chat.translator.screen.translate.language","com.microsoft.translator","com.deepl.mobiletranslator","com.google.ar.lens","screen.translator.voice.translate","com.google.android.tts"]},{"rank":{"index":2,"lang":"zh-tw","country":"tw","chineseCountryName":"台湾","pkg":"com.spaceship.screen.textcopy"},"orders":["com.recognize_text.translate.screen","com.spaceship.screen.textcopy","com.newmg.yurao.pro","com.tap_to_translate.snap_translate","com.niven.translator","com.gaminik.i18n","com.screen.translate.google","com.eecorp.linguago","live.screentranslate.realtime","com.niven.apptranslate","com.galaxy.airviewdictionary","com.screen.translator.text.recognize","com.google.android.apps.translate","com.zaz.translate","com.chat.translator.screen.translate.language","com.google.ar.lens","com.microsoft.translator","com.google.android.tts","com.deepl.mobiletranslator","screen.translator.voice.translate"]},{"rank":{"index":0,"lang":"en","country":"in","chineseCountryName":"印度","pkg":"com.spaceship.screen.textcopy"},"orders":["com.recognize_text.translate.screen","com.newmg.yurao.pro","com.tap_to_translate.snap_translate"]},{"rank":{"index":3,"lang":"id","country":"id","chineseCountryName":"印尼","pkg":"com.spaceship.screen.textcopy"},"orders":["com.recognize_text.translate.screen","com.tap_to_translate.snap_translate","com.spaceship.screen.textcopy","com.niven.translator","com.newmg.yurao.pro","com.gaminik.i18n","com.screen.translate.google","com.eecorp.linguago","com.screen.translator.text.recognize","com.niven.apptranslate","com.galaxy.airviewdictionary","live.screentranslate.realtime","com.google.android.apps.translate","com.niven.game","com.zaz.translate","com.deepl.mobiletranslator","com.google.ar.lens","com.google.android.tts","com.naver.labs.translator","com.microsoft.translator"]},{"rank":{"index":2,"lang":"es-mx","country":"mx","chineseCountryName":"墨西哥","pkg":"com.spaceship.screen.textcopy"},"orders":["com.recognize_text.translate.screen","com.spaceship.screen.textcopy","com.tap_to_translate.snap_translate","com.niven.translator","com.newmg.yurao.pro","com.gaminik.i18n","com.screen.translator.text.recognize","com.screen.translate.google","com.eecorp.linguago","com.niven.apptranslate","com.galaxy.airviewdictionary","live.screentranslate.realtime","com.chat.translator.screen.translate.language","com.google.android.apps.translate","com.zaz.translate","com.microsoft.translator","com.deepl.mobiletranslator","com.google.ar.lens","com.flabs.screen.translate","screen.translator.voice.translate"]}]