[{"rank":{"index":10,"lang":"en-us","country":"us","chineseCountryName":"美国","pkg":"com.spaceship.screen.textcopy"},"orders":["com.recognize_text.translate.screen","com.tap_to_translate.snap_translate","com.gaminik.i18n","com.mg.yurao.google","com.google.android.apps.translate","com.microsoft.translator","com.niven.translator","com.niven.apptranslate","com.newmg.yurao.pro","com.spaceship.screen.textcopy","screen.translator.voice.translate","com.naver.labs.translator","com.zaz.translate","com.eecorp.linguago","com.deepl.mobiletranslator","com.datacomprojects.scanandtranslate","at.nk.tools.iTranslate","com.tranit.text.translate","com.voice_camera_free_translate","com.translate.talkingtranslator"]},{"rank":{"index":9,"lang":"ru","country":"ru","chineseCountryName":"俄罗斯","pkg":"com.spaceship.screen.textcopy"},"orders":["com.recognize_text.translate.screen","com.tap_to_translate.snap_translate","com.niven.translator","com.gaminik.i18n","com.niven.apptranslate","com.microsoft.translator","screen.translator.voice.translate","com.eecorp.linguago","com.spaceship.screen.textcopy","com.google.android.apps.translate","ru.yandex.translate","com.chat_translate.screen_translate","com.zaz.translate","com.tranit.text.translate","com.niven.game","com.niven.comic","com.deepl.mobiletranslator","com.naver.labs.translator","com.voice_camera_free_translate","com.datacomprojects.scanandtranslate"]},{"rank":{"index":9,"lang":"pt-br","country":"br","chineseCountryName":"巴西","pkg":"com.spaceship.screen.textcopy"},"orders":["com.recognize_text.translate.screen","com.tap_to_translate.snap_translate","com.mg.yurao.google","com.niven.translator","com.gaminik.i18n","com.niven.apptranslate","com.newmg.yurao.pro","com.galaxy.airviewdictionary","com.spaceship.screen.textcopy","com.microsoft.translator","screen.translator.voice.translate","com.eecorp.linguago","com.google.android.apps.translate","com.tranit.text.translate","com.zaz.translate","com.voice_camera_free_translate","com.youdao.hindict","com.niven.comic","ru.yandex.translate","com.niven.game"]},{"rank":{"index":7,"lang":"fr","country":"fr","chineseCountryName":"法国","pkg":"com.spaceship.screen.textcopy"},"orders":["com.recognize_text.translate.screen","com.tap_to_translate.snap_translate","com.gaminik.i18n","com.mg.yurao.google","com.niven.translator","com.niven.apptranslate","com.spaceship.screen.textcopy","com.newmg.yurao.pro","com.microsoft.translator","screen.translator.voice.translate","com.eecorp.linguago"]},{"rank":{"index":11,"lang":"en-gb","country":"gb","chineseCountryName":"英国","pkg":"com.spaceship.screen.textcopy"},"orders":["com.recognize_text.translate.screen","com.tap_to_translate.snap_translate","com.google.android.apps.translate","com.microsoft.translator","com.gaminik.i18n","com.niven.translator","com.mg.yurao.google","com.newmg.yurao.pro","com.niven.apptranslate","screen.translator.voice.translate","com.spaceship.screen.textcopy","com.zaz.translate","com.naver.labs.translator","com.deepl.mobiletranslator","com.eecorp.linguago","com.tranit.text.translate","at.nk.tools.iTranslate","com.datacomprojects.scanandtranslate","com.voice_camera_free_translate","com.translate.talkingtranslator"]},{"rank":{"index":6,"lang":"de","country":"de","chineseCountryName":"德国","pkg":"com.spaceship.screen.textcopy"},"orders":["com.recognize_text.translate.screen","com.mg.yurao.google","com.tap_to_translate.snap_translate","com.niven.translator","com.gaminik.i18n","com.spaceship.screen.textcopy","com.newmg.yurao.pro","com.niven.apptranslate","com.microsoft.translator","com.google.android.apps.translate","screen.translator.voice.translate","com.eecorp.linguago","com.deepl.mobiletranslator","com.tranit.text.translate","com.voice_camera_free_translate","com.zaz.translate","com.datacomprojects.scanandtranslate","com.niven.comic","at.nk.tools.iTranslate","com.naver.labs.translator"]},{"rank":{"index":7,"lang":"it","country":"it","chineseCountryName":"意大利","pkg":"com.spaceship.screen.textcopy"},"orders":["com.recognize_text.translate.screen","com.tap_to_translate.snap_translate","com.niven.translator","com.mg.yurao.google","com.gaminik.i18n","com.niven.apptranslate","com.spaceship.screen.textcopy","com.newmg.yurao.pro","com.microsoft.translator","com.google.android.apps.translate","com.eecorp.linguago","screen.translator.voice.translate","com.zaz.translate","at.nk.tools.iTranslate","com.niven.comic","com.voice_camera_free_translate","com.datacomprojects.scanandtranslate","com.deepl.mobiletranslator","com.naver.labs.translator","ru.yandex.translate"]},{"rank":{"index":9,"lang":"ja","country":"jp","chineseCountryName":"日本","pkg":"com.spaceship.screen.textcopy"},"orders":["com.recognize_text.translate.screen","com.tap_to_translate.snap_translate","com.mg.yurao.google","com.gaminik.i18n","com.niven.translator","com.microsoft.translator","com.niven.apptranslate","com.newmg.yurao.pro","com.spaceship.screen.textcopy","com.google.android.apps.translate","com.eecorp.linguago","com.naver.labs.translator","screen.translator.voice.translate","com.tranit.text.translate","com.datacomprojects.scanandtranslate","com.youdao.hindict","com.abbyy.mobile.textgrabber.full","com.chat_translate.screen_translate","com.deepl.mobiletranslator","com.galaxy.airviewdictionary"]},{"rank":{"index":6,"lang":"ko","country":"kr","chineseCountryName":"韩国","pkg":"com.spaceship.screen.textcopy"},"orders":["com.recognize_text.translate.screen","com.tap_to_translate.snap_translate","com.gaminik.i18n","com.mg.yurao.google","com.niven.translator","com.spaceship.screen.textcopy","com.niven.apptranslate","com.newmg.yurao.pro","com.microsoft.translator","com.naver.labs.translator","com.eecorp.linguago","com.google.android.apps.translate","screen.translator.voice.translate","com.niven.comic","com.tranit.text.translate","com.zaz.translate","com.datacomprojects.scanandtranslate","com.deepl.mobiletranslator","com.niven.game","com.translate.talkingtranslator"]},{"rank":{"index":9,"lang":"zh-hk","country":"hk","chineseCountryName":"香港","pkg":"com.spaceship.screen.textcopy"},"orders":["com.recognize_text.translate.screen","com.tap_to_translate.snap_translate","com.mg.yurao.google","com.niven.translator","com.newmg.yurao.pro","com.gaminik.i18n","com.google.android.apps.translate","com.niven.apptranslate","com.spaceship.screen.textcopy","com.microsoft.translator","com.naver.labs.translator","com.eecorp.linguago","com.voice_camera_free_translate","com.zaz.translate","com.deepl.mobiletranslator","at.nk.tools.iTranslate","screen.translator.voice.translate","com.tranit.text.translate","com.niven.comic","com.niven.game"]},{"rank":{"index":12,"lang":"zh-tw","country":"tw","chineseCountryName":"台湾","pkg":"com.spaceship.screen.textcopy"},"orders":["com.recognize_text.translate.screen","com.mg.yurao.google","com.tap_to_translate.snap_translate","com.niven.translator","com.gaminik.i18n","com.google.android.apps.translate","com.newmg.yurao.pro","com.niven.apptranslate","com.microsoft.translator","com.naver.labs.translator","com.eecorp.linguago","com.spaceship.screen.textcopy","com.voice_camera_free_translate","com.deepl.mobiletranslator","com.zaz.translate","at.nk.tools.iTranslate","com.niven.comic","com.niven.game","screen.translator.voice.translate","com.datacomprojects.scanandtranslate"]},{"rank":{"index":11,"lang":"en","country":"in","chineseCountryName":"印度","pkg":"com.spaceship.screen.textcopy"},"orders":["com.recognize_text.translate.screen","com.google.android.apps.translate","com.tap_to_translate.snap_translate","com.mg.yurao.google","com.gaminik.i18n","com.niven.translator","com.microsoft.translator","com.newmg.yurao.pro","screen.translator.voice.translate","com.niven.apptranslate","com.spaceship.screen.textcopy","com.zaz.translate","com.tranit.text.translate","com.eecorp.linguago","com.datacomprojects.scanandtranslate"]},{"rank":{"index":8,"lang":"id","country":"id","chineseCountryName":"印尼","pkg":"com.spaceship.screen.textcopy"},"orders":["com.recognize_text.translate.screen","com.tap_to_translate.snap_translate","com.mg.yurao.google","com.gaminik.i18n","com.newmg.yurao.pro","com.niven.translator","com.google.android.apps.translate","com.spaceship.screen.textcopy","com.microsoft.translator","com.niven.apptranslate","com.naver.labs.translator","com.eecorp.linguago","com.abbyy.mobile.textgrabber.full","screen.translator.voice.translate","at.nk.tools.iTranslate","com.zaz.translate","ru.yandex.translate","com.youdao.hindict","com.tranit.text.translate","com.datacomprojects.scanandtranslate"]},{"rank":{"index":7,"lang":"es-mx","country":"mx","chineseCountryName":"墨西哥","pkg":"com.spaceship.screen.textcopy"},"orders":["com.recognize_text.translate.screen","com.tap_to_translate.snap_translate","com.niven.translator","com.mg.yurao.google","com.gaminik.i18n","com.newmg.yurao.pro","com.spaceship.screen.textcopy","com.niven.apptranslate","com.microsoft.translator","com.google.android.apps.translate","screen.translator.voice.translate","com.youdao.hindict"]}]