[{"rank":{"index":2,"lang":"en-us","country":"us","chineseCountryName":"美国","pkg":"com.spaceship.screen.textcopy"},"orders":["com.recognize_text.translate.screen","com.spaceship.screen.textcopy","com.screen.translate.google","com.yoyodev.screentranslate","com.google.android.apps.translate","com.niven.translator","com.tap_to_translate.snap_translate","com.gaminik.i18n","com.aurasense.screentranslate","com.galaxy.airviewdictionary","com.newmg.yurao.pro","com.newtranslate.google","com.deepl.mobiletranslator","com.niven.game","at.nk.tools.iTranslate","com.zaz.translate","com.niven.apptranslate","com.esarikaya.screentranslate","com.mg.chat","com.microsoft.translator"]},{"rank":{"index":4,"lang":"ru","country":"ru","chineseCountryName":"俄罗斯","pkg":"com.spaceship.screen.textcopy"},"orders":["com.recognize_text.translate.screen","com.niven.translator","com.yoyodev.screentranslate","com.spaceship.screen.textcopy","com.tap_to_translate.snap_translate","com.screen.translate.google","com.gaminik.i18n","com.galaxy.airviewdictionary","ru.yandex.translate","com.newtranslate.google","com.newmg.yurao.pro"]},{"rank":{"index":2,"lang":"pt-br","country":"br","chineseCountryName":"巴西","pkg":"com.spaceship.screen.textcopy"},"orders":["com.recognize_text.translate.screen","com.spaceship.screen.textcopy","com.niven.translator","com.screen.translate.google","com.gaminik.i18n","com.tap_to_translate.snap_translate","com.galaxy.airviewdictionary","com.newtranslate.google","com.newmg.yurao.pro","com.esarikaya.screentranslate","com.niven.game","com.niven.apptranslate","live.screentranslate.realtime","com.google.android.apps.translate","com.deepl.mobiletranslator","ru.yandex.translate","photo.translate.camera.translator","screen.translator.voice.translate","at.nk.tools.iTranslate","translate.speech.text.translation.voicetranslator"]},{"rank":{"index":4,"lang":"fr","country":"fr","chineseCountryName":"法国","pkg":"com.spaceship.screen.textcopy"},"orders":["com.recognize_text.translate.screen","com.yoyodev.screentranslate","com.screen.translate.google","com.spaceship.screen.textcopy","com.niven.translator","com.tap_to_translate.snap_translate","com.galaxy.airviewdictionary","com.aurasense.screentranslate","com.gaminik.i18n","com.newmg.yurao.pro","com.newtranslate.google","com.esarikaya.screentranslate","com.google.android.apps.translate","com.niven.apptranslate","live.screentranslate.realtime","photo.translate.camera.translator","com.deepl.mobiletranslator","com.niven.game","screen.translator.voice.translate","com.hive.lingonative"]},{"rank":{"index":2,"lang":"en-gb","country":"gb","chineseCountryName":"英国","pkg":"com.spaceship.screen.textcopy"},"orders":["com.recognize_text.translate.screen","com.spaceship.screen.textcopy","com.screen.translate.google","com.yoyodev.screentranslate","com.niven.translator","com.gaminik.i18n","com.galaxy.airviewdictionary","com.aurasense.screentranslate","com.google.android.apps.translate","com.tap_to_translate.snap_translate","com.newmg.yurao.pro","com.newtranslate.google","com.deepl.mobiletranslator","com.zaz.translate","com.niven.game","com.niven.apptranslate","translate.speech.text.translation.voicetranslator","com.microsoft.translator","ru.yandex.translate","com.esarikaya.screentranslate"]},{"rank":{"index":3,"lang":"de","country":"de","chineseCountryName":"德国","pkg":"com.spaceship.screen.textcopy"},"orders":["com.recognize_text.translate.screen","com.yoyodev.screentranslate","com.spaceship.screen.textcopy","com.screen.translate.google","com.gaminik.i18n","com.niven.translator","com.galaxy.airviewdictionary","com.tap_to_translate.snap_translate","com.aurasense.screentranslate","com.newtranslate.google","com.newmg.yurao.pro","com.google.android.apps.translate","com.deepl.mobiletranslator","com.esarikaya.screentranslate","com.hive.lingonative","live.screentranslate.realtime","com.niven.apptranslate","photo.translate.camera.translator","com.niven.game","co.appnation.aivoicetranslator"]},{"rank":{"index":3,"lang":"it","country":"it","chineseCountryName":"意大利","pkg":"com.spaceship.screen.textcopy"},"orders":["com.recognize_text.translate.screen","com.yoyodev.screentranslate","com.spaceship.screen.textcopy","com.screen.translate.google","com.gaminik.i18n","com.tap_to_translate.snap_translate","com.galaxy.airviewdictionary","com.niven.translator","com.aurasense.screentranslate","com.newmg.yurao.pro","com.newtranslate.google","com.esarikaya.screentranslate","com.google.android.apps.translate","com.niven.apptranslate","live.screentranslate.realtime","com.deepl.mobiletranslator","com.niven.game","com.hive.lingonative","photo.translate.camera.translator","com.microsoft.translator"]},{"rank":{"index":3,"lang":"ja","country":"jp","chineseCountryName":"日本","pkg":"com.spaceship.screen.textcopy"},"orders":["com.recognize_text.translate.screen","com.screen.translate.google","com.spaceship.screen.textcopy","com.gaminik.i18n","com.tap_to_translate.snap_translate","com.niven.translator","com.galaxy.airviewdictionary","com.aurasense.screentranslate","com.newtranslate.google","com.newmg.yurao.pro"]},{"rank":{"index":4,"lang":"ko","country":"kr","chineseCountryName":"韩国","pkg":"com.spaceship.screen.textcopy"},"orders":["com.recognize_text.translate.screen","com.gaminik.i18n","com.screen.translate.google","com.spaceship.screen.textcopy","com.galaxy.airviewdictionary","com.tap_to_translate.snap_translate","com.niven.translator","com.aurasense.screentranslate","com.newtranslate.google","com.newmg.yurao.pro"]},{"rank":{"index":2,"lang":"zh-hk","country":"hk","chineseCountryName":"香港","pkg":"com.spaceship.screen.textcopy"},"orders":["com.recognize_text.translate.screen","com.spaceship.screen.textcopy","com.screen.translate.google","com.yoyodev.screentranslate","com.gaminik.i18n","com.galaxy.airviewdictionary","com.aurasense.screentranslate","com.google.android.apps.translate","com.tap_to_translate.snap_translate","com.niven.translator","com.newmg.yurao.pro","com.newtranslate.google","com.deepl.mobiletranslator","com.niven.game","com.niven.apptranslate","com.esarikaya.screentranslate","com.zaz.translate","translate.speech.text.translation.voicetranslator","ru.yandex.translate","com.mg.chat"]},{"rank":{"index":4,"lang":"zh-tw","country":"tw","chineseCountryName":"台湾","pkg":"com.spaceship.screen.textcopy"},"orders":["com.recognize_text.translate.screen","com.screen.translate.google","com.yoyodev.screentranslate","com.spaceship.screen.textcopy","com.gaminik.i18n","com.galaxy.airviewdictionary","com.aurasense.screentranslate","com.niven.translator","com.tap_to_translate.snap_translate","com.newtranslate.google","com.newmg.yurao.pro","com.esarikaya.screentranslate","com.niven.apptranslate","com.deepl.mobiletranslator","com.google.android.apps.translate","com.niven.game","live.screentranslate.realtime","photo.translate.camera.translator","co.appnation.aivoicetranslator","at.nk.tools.iTranslate"]},{"rank":{"index":0,"lang":"en","country":"in","chineseCountryName":"印度","pkg":"com.spaceship.screen.textcopy"},"orders":["com.recognize_text.translate.screen","com.google.android.apps.translate","com.tap_to_translate.snap_translate","com.zaz.translate","ru.yandex.translate","com.microsoft.translator","photo.translate.camera.translator","co.appnation.aivoicetranslator","com.galaxy.airviewdictionary","com.screen.translate.google","com.yoyodev.screentranslate","com.newmg.yurao.pro","com.niven.translator","com.newtranslate.google","com.aurasense.screentranslate","translate.speech.text.translation.voicetranslator","screen.translator.voice.translate","at.nk.tools.iTranslate","com.esarikaya.screentranslate","com.niven.game"]},{"rank":{"index":3,"lang":"id","country":"id","chineseCountryName":"印尼","pkg":"com.spaceship.screen.textcopy"},"orders":["com.recognize_text.translate.screen","com.tap_to_translate.snap_translate","com.spaceship.screen.textcopy","com.niven.translator","com.yoyodev.screentranslate","com.gaminik.i18n","com.screen.translate.google","com.aurasense.screentranslate","com.galaxy.airviewdictionary","com.newtranslate.google","com.newmg.yurao.pro","com.deepl.mobiletranslator"]},{"rank":{"index":2,"lang":"es-mx","country":"mx","chineseCountryName":"墨西哥","pkg":"com.spaceship.screen.textcopy"},"orders":["com.recognize_text.translate.screen","com.spaceship.screen.textcopy","com.yoyodev.screentranslate","com.tap_to_translate.snap_translate","com.screen.translate.google","com.gaminik.i18n","com.galaxy.airviewdictionary","com.niven.translator","com.newmg.yurao.pro","com.aurasense.screentranslate","com.newtranslate.google","com.google.android.apps.translate"]}]