[{"rank":{"index":2,"lang":"en-us","country":"us","chineseCountryName":"美国","pkg":"com.spaceship.screen.textcopy"},"orders":["com.recognize_text.translate.screen","com.spaceship.screen.textcopy","com.tap_to_translate.snap_translate","com.niven.translator","com.google.android.apps.translate","com.screen.translate.google","com.gaminik.i18n","com.newmg.yurao.pro","com.microsoft.translator","com.immersivetranslate.browser","com.deepl.mobiletranslator","com.niven.game","com.fapp.translate.language.translator.fasttranslation","com.zaz.translate","ru.yandex.translate","photo.translate.camera.translator","com.galaxy.airviewdictionary","at.nk.tools.iTranslate","link.zhidou.btranslator","com.naver.labs.translator"]},{"rank":{"index":4,"lang":"ru","country":"ru","chineseCountryName":"俄罗斯","pkg":"com.spaceship.screen.textcopy"},"orders":["com.recognize_text.translate.screen","com.niven.translator","com.tap_to_translate.snap_translate","com.spaceship.screen.textcopy","com.gaminik.i18n","com.screen.translate.google","com.newmg.yurao.pro","ru.yandex.translate","com.google.android.apps.translate","com.immersivetranslate.browser","com.niven.game","com.deepl.mobiletranslator","com.zaz.translate"]},{"rank":{"index":2,"lang":"pt-br","country":"br","chineseCountryName":"巴西","pkg":"com.spaceship.screen.textcopy"},"orders":["com.recognize_text.translate.screen","com.spaceship.screen.textcopy","com.niven.translator","com.tap_to_translate.snap_translate","com.gaminik.i18n","com.screen.translate.google","com.newmg.yurao.pro","com.immersivetranslate.browser","com.niven.game","com.google.android.apps.translate","com.galaxy.airviewdictionary","com.voice_camera_free_translate","com.niven.apptranslate","com.deepl.mobiletranslator","com.eecorp.linguago","com.zaz.translate","com.fapp.translate.language.translator.fasttranslation","com.microsoft.translator","live.screentranslate.realtime","co.timekettle.livetranslator"]},{"rank":{"index":2,"lang":"fr","country":"fr","chineseCountryName":"法国","pkg":"com.spaceship.screen.textcopy"},"orders":["com.recognize_text.translate.screen","com.spaceship.screen.textcopy","com.tap_to_translate.snap_translate","com.niven.translator","com.screen.translate.google","com.gaminik.i18n","com.newmg.yurao.pro","com.immersivetranslate.browser","com.google.android.apps.translate","com.galaxy.airviewdictionary","com.voice_camera_free_translate","com.niven.game","com.deepl.mobiletranslator","com.zaz.translate","com.niven.apptranslate","com.fapp.translate.language.translator.fasttranslation","live.screentranslate.realtime","com.datacomprojects.scanandtranslate","com.eecorp.linguago","com.microsoft.translator"]},{"rank":{"index":2,"lang":"en-gb","country":"gb","chineseCountryName":"英国","pkg":"com.spaceship.screen.textcopy"},"orders":["com.recognize_text.translate.screen","com.spaceship.screen.textcopy","com.niven.translator","com.google.android.apps.translate","com.screen.translate.google","com.tap_to_translate.snap_translate","com.gaminik.i18n","com.newmg.yurao.pro","com.microsoft.translator","com.immersivetranslate.browser","com.zaz.translate","com.fapp.translate.language.translator.fasttranslation","com.deepl.mobiletranslator","com.niven.game","ru.yandex.translate","com.galaxy.airviewdictionary","com.voice_camera_free_translate","com.eecorp.linguago","com.voice.ai.deep.translate","at.nk.tools.iTranslate"]},{"rank":{"index":4,"lang":"de","country":"de","chineseCountryName":"德国","pkg":"com.spaceship.screen.textcopy"},"orders":["com.recognize_text.translate.screen","com.niven.translator","com.tap_to_translate.snap_translate","com.spaceship.screen.textcopy","com.gaminik.i18n","com.screen.translate.google","com.newmg.yurao.pro","com.immersivetranslate.browser","com.google.android.apps.translate","com.deepl.mobiletranslator","com.niven.game","com.fapp.translate.language.translator.fasttranslation","com.galaxy.airviewdictionary","com.eecorp.linguago","com.microsoft.translator","com.niven.apptranslate","com.zaz.translate","com.voice_camera_free_translate","ru.yandex.translate","live.screentranslate.realtime"]},{"rank":{"index":2,"lang":"it","country":"it","chineseCountryName":"意大利","pkg":"com.spaceship.screen.textcopy"},"orders":["com.recognize_text.translate.screen","com.spaceship.screen.textcopy","com.tap_to_translate.snap_translate","com.niven.translator","com.screen.translate.google","com.gaminik.i18n","com.newmg.yurao.pro","com.immersivetranslate.browser","com.google.android.apps.translate","com.deepl.mobiletranslator","com.fapp.translate.language.translator.fasttranslation","com.galaxy.airviewdictionary","com.niven.game","com.zaz.translate","com.eecorp.linguago","com.voice_camera_free_translate","com.microsoft.translator","com.niven.apptranslate","link.zhidou.btranslator","ru.yandex.translate"]},{"rank":{"index":2,"lang":"ja","country":"jp","chineseCountryName":"日本","pkg":"com.spaceship.screen.textcopy"},"orders":["com.recognize_text.translate.screen","com.spaceship.screen.textcopy","com.tap_to_translate.snap_translate","com.niven.translator","com.screen.translate.google","com.gaminik.i18n","com.newmg.yurao.pro","com.immersivetranslate.browser","com.google.android.apps.translate"]},{"rank":{"index":2,"lang":"ko","country":"kr","chineseCountryName":"韩国","pkg":"com.spaceship.screen.textcopy"},"orders":["com.recognize_text.translate.screen","com.spaceship.screen.textcopy","com.tap_to_translate.snap_translate","com.niven.translator","com.gaminik.i18n","com.screen.translate.google","com.newmg.yurao.pro","com.google.android.apps.translate","com.immersivetranslate.browser","com.naver.labs.translator","com.niven.game","com.fapp.translate.language.translator.fasttranslation","com.galaxy.airviewdictionary","com.niven.apptranslate","com.voice_camera_free_translate","com.microsoft.translator","com.deepl.mobiletranslator","com.zaz.translate","com.openai.chatgpt","photo.translate.camera.translator"]},{"rank":{"index":2,"lang":"zh-hk","country":"hk","chineseCountryName":"香港","pkg":"com.spaceship.screen.textcopy"},"orders":["com.recognize_text.translate.screen","com.spaceship.screen.textcopy","com.tap_to_translate.snap_translate","com.screen.translate.google","com.niven.translator","com.gaminik.i18n","com.google.android.apps.translate","com.newmg.yurao.pro","com.immersivetranslate.browser","com.microsoft.translator","com.zaz.translate","com.niven.game","com.fapp.translate.language.translator.fasttranslation","com.galaxy.airviewdictionary","com.deepl.mobiletranslator","com.voice_camera_free_translate","ru.yandex.translate","com.eecorp.linguago","photo.translate.camera.translator","com.niven.apptranslate"]},{"rank":{"index":2,"lang":"zh-tw","country":"tw","chineseCountryName":"台湾","pkg":"com.spaceship.screen.textcopy"},"orders":["com.recognize_text.translate.screen","com.spaceship.screen.textcopy","com.gaminik.i18n","com.screen.translate.google","com.niven.translator","com.newmg.yurao.pro","com.tap_to_translate.snap_translate","com.immersivetranslate.browser","com.google.android.apps.translate","com.fapp.translate.language.translator.fasttranslation","com.niven.game","com.microsoft.translator","com.zaz.translate","com.galaxy.airviewdictionary","com.niven.apptranslate","com.deepl.mobiletranslator","live.screentranslate.realtime","photo.translate.camera.translator","link.zhidou.btranslator","com.naver.labs.translator"]},{"rank":{"index":2,"lang":"en","country":"in","chineseCountryName":"印度","pkg":"com.spaceship.screen.textcopy"},"orders":["com.recognize_text.translate.screen","com.spaceship.screen.textcopy","com.newmg.yurao.pro","com.google.android.apps.translate"]},{"rank":{"index":3,"lang":"id","country":"id","chineseCountryName":"印尼","pkg":"com.spaceship.screen.textcopy"},"orders":["com.recognize_text.translate.screen","com.tap_to_translate.snap_translate","com.spaceship.screen.textcopy","com.niven.translator","com.screen.translate.google","com.gaminik.i18n","com.newmg.yurao.pro","com.google.android.apps.translate","com.niven.game","com.immersivetranslate.browser","com.fapp.translate.language.translator.fasttranslation","com.deepl.mobiletranslator","com.galaxy.airviewdictionary","com.eecorp.linguago","com.niven.apptranslate","com.naver.labs.translator","com.zaz.translate"]},{"rank":{"index":2,"lang":"es-mx","country":"mx","chineseCountryName":"墨西哥","pkg":"com.spaceship.screen.textcopy"},"orders":["com.recognize_text.translate.screen","com.spaceship.screen.textcopy","com.tap_to_translate.snap_translate","com.gaminik.i18n","com.newmg.yurao.pro","com.google.android.apps.translate","com.deepl.mobiletranslator","com.zaz.translate","com.microsoft.translator","at.nk.tools.iTranslate","ru.yandex.translate","com.naver.labs.translator","com.immersivetranslate.browser","jp.go.nict.voicetra","com.google.ar.lens","photo.translate.camera.translator","link.zhidou.btranslator","com.voice_camera_free_translate","co.timekettle.livetranslator","com.aldoo.pdftranslatorpro"]}]