[{"rank":{"index":2,"lang":"en-us","country":"us","chineseCountryName":"美国","pkg":"com.spaceship.screen.textcopy"},"orders":["com.recognize_text.translate.screen","com.spaceship.screen.textcopy","com.tap_to_translate.snap_translate","com.google.android.apps.translate","com.microsoft.translator","com.niven.translator","com.newmg.yurao.pro","com.gaminik.i18n","com.immersivetranslate.browser","com.naver.labs.translator","com.deepl.mobiletranslator","com.niven.apptranslate","com.eecorp.linguago","com.niven.game"]},{"rank":{"index":0,"lang":"ru","country":"ru","chineseCountryName":"俄罗斯","pkg":"com.spaceship.screen.textcopy"},"orders":["com.recognize_text.translate.screen","com.niven.translator","com.tap_to_translate.snap_translate","com.newmg.yurao.pro","com.gaminik.i18n","com.microsoft.translator","com.google.android.apps.translate","ru.yandex.translate","com.niven.game","com.deepl.mobiletranslator","com.niven.apptranslate","com.immersivetranslate.browser","com.eecorp.linguago","com.screen.translate.google","com.zaz.translate","com.voice_camera_free_translate","com.naver.labs.translator","photo.translate.camera.translator","com.mg.chat","at.nk.tools.iTranslate"]},{"rank":{"index":2,"lang":"pt-br","country":"br","chineseCountryName":"巴西","pkg":"com.spaceship.screen.textcopy"},"orders":["com.recognize_text.translate.screen","com.spaceship.screen.textcopy","com.tap_to_translate.snap_translate","com.niven.translator","com.newmg.yurao.pro","com.gaminik.i18n","com.microsoft.translator","com.google.android.apps.translate","com.immersivetranslate.browser","com.niven.apptranslate","com.niven.game","com.eecorp.linguago","com.deepl.mobiletranslator","com.screen.translate.google","com.voice_camera_free_translate","ru.yandex.translate","at.nk.tools.iTranslate","com.youdao.hindict","com.naver.labs.translator","com.eecorp.taptranslator"]},{"rank":{"index":3,"lang":"fr","country":"fr","chineseCountryName":"法国","pkg":"com.spaceship.screen.textcopy"},"orders":["com.recognize_text.translate.screen","com.tap_to_translate.snap_translate","com.spaceship.screen.textcopy","com.niven.translator","com.newmg.yurao.pro","com.gaminik.i18n","com.microsoft.translator","com.eecorp.linguago","com.google.android.apps.translate","com.niven.apptranslate","com.screen.translate.google","com.niven.game","com.immersivetranslate.browser","com.deepl.mobiletranslator","com.eecorp.taptranslator","ru.yandex.translate","com.voice_camera_free_translate","com.zaz.translate","com.google.ar.lens","com.openai.chatgpt"]},{"rank":{"index":2,"lang":"en-gb","country":"gb","chineseCountryName":"英国","pkg":"com.spaceship.screen.textcopy"},"orders":["com.recognize_text.translate.screen","com.spaceship.screen.textcopy","com.tap_to_translate.snap_translate","com.newmg.yurao.pro","com.google.android.apps.translate","com.microsoft.translator","com.niven.translator","com.gaminik.i18n","com.immersivetranslate.browser","com.deepl.mobiletranslator","com.zaz.translate","com.niven.apptranslate","ru.yandex.translate","at.nk.tools.iTranslate","com.eecorp.linguago","com.voice_camera_free_translate","com.niven.game","com.naver.labs.translator","com.youdao.hindict","com.screen.translate.google"]},{"rank":{"index":2,"lang":"de","country":"de","chineseCountryName":"德国","pkg":"com.spaceship.screen.textcopy"},"orders":["com.recognize_text.translate.screen","com.spaceship.screen.textcopy","com.tap_to_translate.snap_translate","com.newmg.yurao.pro","com.niven.translator","com.gaminik.i18n","com.microsoft.translator","com.google.android.apps.translate","com.immersivetranslate.browser","com.niven.apptranslate","com.eecorp.linguago","com.deepl.mobiletranslator"]},{"rank":{"index":2,"lang":"it","country":"it","chineseCountryName":"意大利","pkg":"com.spaceship.screen.textcopy"},"orders":["com.recognize_text.translate.screen","com.spaceship.screen.textcopy","com.tap_to_translate.snap_translate","com.niven.translator","com.newmg.yurao.pro","com.gaminik.i18n","com.microsoft.translator","com.google.android.apps.translate","com.immersivetranslate.browser","com.niven.apptranslate","com.eecorp.linguago","com.niven.game","com.screen.translate.google","com.deepl.mobiletranslator","com.voice_camera_free_translate","com.tangdi.baiguotong","com.eecorp.taptranslator","com.zaz.translate","ru.yandex.translate","com.google.ar.lens"]},{"rank":{"index":3,"lang":"ja","country":"jp","chineseCountryName":"日本","pkg":"com.spaceship.screen.textcopy"},"orders":["com.recognize_text.translate.screen","com.tap_to_translate.snap_translate","com.spaceship.screen.textcopy","com.newmg.yurao.pro","com.niven.translator","com.gaminik.i18n","com.microsoft.translator","com.deepl.mobiletranslator","com.niven.game","com.naver.labs.translator","com.niven.apptranslate","com.google.android.apps.translate","com.eecorp.linguago","com.immersivetranslate.browser","com.screen.translate.google","com.google.ar.lens","com.eecorp.taptranslator","at.nk.tools.iTranslate","com.openai.chatgpt","com.android.chrome"]},{"rank":{"index":3,"lang":"ko","country":"kr","chineseCountryName":"韩国","pkg":"com.spaceship.screen.textcopy"},"orders":["com.recognize_text.translate.screen","com.tap_to_translate.snap_translate","com.spaceship.screen.textcopy","com.newmg.yurao.pro","com.niven.translator","com.gaminik.i18n","com.immersivetranslate.browser","com.naver.labs.translator","com.microsoft.translator","com.eecorp.linguago","com.niven.apptranslate","com.screen.translate.google","com.google.android.apps.translate","com.niven.game","com.deepl.mobiletranslator","com.eecorp.taptranslator","com.zaz.translate","com.openai.chatgpt","com.google.ar.lens","ru.yandex.translate"]},{"rank":{"index":1,"lang":"zh-hk","country":"hk","chineseCountryName":"香港","pkg":"com.spaceship.screen.textcopy"},"orders":["com.spaceship.screen.textcopy","com.recognize_text.translate.screen","com.newmg.yurao.pro","com.google.android.apps.translate","com.microsoft.translator","com.niven.translator","com.gaminik.i18n","com.tap_to_translate.snap_translate","com.immersivetranslate.browser","com.naver.labs.translator","com.deepl.mobiletranslator","com.niven.apptranslate","com.eecorp.linguago","com.niven.game","com.screen.translate.google","com.zaz.translate","at.nk.tools.iTranslate","ru.yandex.translate","com.tangdi.baiguotong","com.google.ar.lens"]},{"rank":{"index":2,"lang":"zh-tw","country":"tw","chineseCountryName":"台湾","pkg":"com.spaceship.screen.textcopy"},"orders":["com.recognize_text.translate.screen","com.spaceship.screen.textcopy","com.newmg.yurao.pro","com.tap_to_translate.snap_translate","com.microsoft.translator","com.niven.translator","com.gaminik.i18n","com.immersivetranslate.browser","com.google.android.apps.translate","com.naver.labs.translator","com.niven.apptranslate","com.eecorp.linguago","com.niven.game","com.screen.translate.google","com.deepl.mobiletranslator","at.nk.tools.iTranslate","com.tangdi.baiguotong","com.zaz.translate","ru.yandex.translate","com.eecorp.taptranslator"]},{"rank":{"index":2,"lang":"en","country":"in","chineseCountryName":"印度","pkg":"com.spaceship.screen.textcopy"},"orders":["com.recognize_text.translate.screen","com.spaceship.screen.textcopy","com.newmg.yurao.pro","com.google.android.apps.translate"]},{"rank":{"index":3,"lang":"id","country":"id","chineseCountryName":"印尼","pkg":"com.spaceship.screen.textcopy"},"orders":["com.recognize_text.translate.screen","com.tap_to_translate.snap_translate","com.spaceship.screen.textcopy","com.newmg.yurao.pro","com.gaminik.i18n","com.niven.translator","com.microsoft.translator","com.google.android.apps.translate","com.niven.apptranslate","com.niven.game","com.eecorp.linguago","com.screen.translate.google","com.naver.labs.translator","com.deepl.mobiletranslator","com.immersivetranslate.browser","com.eecorp.taptranslator","com.youdao.hindict","com.voice_camera_free_translate","com.zaz.translate","com.niven.comic"]},{"rank":{"index":2,"lang":"es-mx","country":"mx","chineseCountryName":"墨西哥","pkg":"com.spaceship.screen.textcopy"},"orders":["com.recognize_text.translate.screen","com.spaceship.screen.textcopy","com.newmg.yurao.pro","com.tap_to_translate.snap_translate","com.niven.translator","com.gaminik.i18n","com.microsoft.translator","com.niven.apptranslate","com.google.android.apps.translate","com.eecorp.linguago","com.niven.game","com.immersivetranslate.browser","com.screen.translate.google","com.deepl.mobiletranslator","com.eecorp.taptranslator","com.google.ar.lens","ru.yandex.translate","com.openai.chatgpt","com.android.chrome","com.google.android.apps.photos"]}]