[{"rank":{"index":2,"lang":"en-us","country":"us","chineseCountryName":"美国","pkg":"com.spaceship.screen.textcopy"},"orders":["com.recognize_text.translate.screen","com.spaceship.screen.textcopy","com.niven.translator","com.microsoft.translator","com.gaminik.i18n","com.google.android.apps.translate","com.niven.game","com.tap_to_translate.snap_translate","at.nk.tools.iTranslate","com.newmg.yurao.pro","com.niven.comic","com.zaz.translate","com.eecorp.taptranslator","com.screen.translate.google","com.screen.translator.text.recognize","com.galaxy.airviewdictionary","com.audacityittranslator.translatetexttranslator","com.translate.language.translator.voice.translation","com.sayhi.android.sayhitranslate","com.language.translate.free.translator.voice.translation"]},{"rank":{"index":2,"lang":"ru","country":"ru","chineseCountryName":"俄罗斯","pkg":"com.spaceship.screen.textcopy"},"orders":["com.recognize_text.translate.screen","com.spaceship.screen.textcopy","com.niven.translator","com.tap_to_translate.snap_translate","com.microsoft.translator","com.niven.game","com.gaminik.i18n","com.google.android.apps.translate","at.nk.tools.iTranslate","com.niven.comic","com.newmg.yurao.pro","com.screen.translate.google","com.zaz.translate","ru.yandex.translate","com.screen.translator.text.recognize","com.translate.language.translator.voice.translation","com.niven.apptranslate","com.audacityittranslator.translatetexttranslator","com.voice_camera_free_translate","com.youdao.hindict"]},{"rank":{"index":2,"lang":"pt-br","country":"br","chineseCountryName":"巴西","pkg":"com.spaceship.screen.textcopy"},"orders":["com.recognize_text.translate.screen","com.spaceship.screen.textcopy","com.tap_to_translate.snap_translate","com.niven.translator","com.niven.game","com.gaminik.i18n","com.microsoft.translator","com.screen.translator.text.recognize","com.niven.comic","com.youdao.hindict","at.nk.tools.iTranslate","com.newmg.yurao.pro","com.google.android.apps.translate","com.screen.translate.google","com.zaz.translate","com.voice_camera_free_translate","com.audacityittranslator.translatetexttranslator","com.niven.apptranslate","com.eecorp.taptranslator","com.translate.language.translator.voice.translation"]},{"rank":{"index":2,"lang":"fr","country":"fr","chineseCountryName":"法国","pkg":"com.spaceship.screen.textcopy"},"orders":["com.recognize_text.translate.screen","com.spaceship.screen.textcopy","com.niven.translator","com.gaminik.i18n","com.tap_to_translate.snap_translate","com.niven.game","com.microsoft.translator","com.screen.translator.text.recognize","com.niven.comic","at.nk.tools.iTranslate","com.newmg.yurao.pro","com.google.android.apps.translate","com.audacityittranslator.translatetexttranslator","com.zaz.translate","com.screen.translate.google","com.galaxy.airviewdictionary","com.tangdi.baiguotong","com.eecorp.taptranslator","com.niven.apptranslate","com.facebook.orca"]},{"rank":{"index":2,"lang":"en-gb","country":"gb","chineseCountryName":"英国","pkg":"com.spaceship.screen.textcopy"},"orders":["com.recognize_text.translate.screen","com.spaceship.screen.textcopy","com.gaminik.i18n","com.microsoft.translator","com.google.android.apps.translate","com.tap_to_translate.snap_translate","com.niven.translator","com.niven.game","at.nk.tools.iTranslate","com.zaz.translate","com.screen.translator.text.recognize","com.niven.comic","com.youdao.hindict","com.sayhi.android.sayhitranslate","com.translate.language.translator.voice.translation","com.newmg.yurao.pro","com.language.translate.free.translator.voice.translation","com.translate.talkingtranslator","com.audacityittranslator.translatetexttranslator","com.screen.translate.google"]},{"rank":{"index":2,"lang":"de","country":"de","chineseCountryName":"德国","pkg":"com.spaceship.screen.textcopy"},"orders":["com.recognize_text.translate.screen","com.spaceship.screen.textcopy","com.niven.translator","com.gaminik.i18n","com.microsoft.translator","com.niven.game","com.tap_to_translate.snap_translate","com.screen.translator.text.recognize","com.niven.comic","at.nk.tools.iTranslate","com.audacityittranslator.translatetexttranslator","com.newmg.yurao.pro","com.galaxy.airviewdictionary","com.screen.translate.google","com.google.android.apps.translate","com.translate.talkingtranslator","com.deepl.mobiletranslator","com.niven.apptranslate","com.tangdi.baiguotong","com.image.camera.translate.ai"]},{"rank":{"index":2,"lang":"it","country":"it","chineseCountryName":"意大利","pkg":"com.spaceship.screen.textcopy"},"orders":["com.recognize_text.translate.screen","com.spaceship.screen.textcopy","com.niven.translator","com.gaminik.i18n","com.niven.game","com.tap_to_translate.snap_translate","com.microsoft.translator","com.screen.translator.text.recognize","com.niven.comic","at.nk.tools.iTranslate","com.newmg.yurao.pro","com.galaxy.airviewdictionary","com.audacityittranslator.translatetexttranslator","com.google.android.apps.translate","com.screen.translate.google","com.youdao.hindict","com.tangdi.baiguotong","com.niven.apptranslate","com.aldoo.pdftranslatorpro","com.eecorp.taptranslator"]},{"rank":{"index":2,"lang":"ja","country":"jp","chineseCountryName":"日本","pkg":"com.spaceship.screen.textcopy"},"orders":["com.recognize_text.translate.screen","com.spaceship.screen.textcopy","com.niven.translator","com.gaminik.i18n","com.microsoft.translator","com.tap_to_translate.snap_translate","com.niven.game","com.screen.translator.text.recognize","com.niven.comic","com.deepl.mobiletranslator","at.nk.tools.iTranslate","com.newmg.yurao.pro","com.tangdi.baiguotong","com.google.android.apps.translate","com.galaxy.airviewdictionary","com.screen.translate.google","com.naver.labs.translator","com.google.ar.lens","com.niven.apptranslate","com.youdao.hindict"]},{"rank":{"index":1,"lang":"ko","country":"kr","chineseCountryName":"韩国","pkg":"com.spaceship.screen.textcopy"},"orders":["com.spaceship.screen.textcopy","com.recognize_text.translate.screen","com.tap_to_translate.snap_translate","com.microsoft.translator","com.gaminik.i18n","com.niven.translator","com.niven.game","com.google.android.apps.translate","at.nk.tools.iTranslate","com.naver.labs.translator","com.niven.comic","com.screen.translator.text.recognize","com.newmg.yurao.pro","com.zaz.translate","com.translate.language.translator.voice.translation","com.screen.translate.google","com.eecorp.taptranslator","com.audacityittranslator.translatetexttranslator","com.translate.talkingtranslator","com.language.translate.free.translator.voice.translation"]},{"rank":{"index":2,"lang":"zh-hk","country":"hk","chineseCountryName":"香港","pkg":"com.spaceship.screen.textcopy"},"orders":["com.recognize_text.translate.screen","com.spaceship.screen.textcopy","com.microsoft.translator","com.gaminik.i18n","com.niven.translator","com.niven.game","com.google.android.apps.translate","com.tap_to_translate.snap_translate","at.nk.tools.iTranslate","com.niven.comic","com.screen.translator.text.recognize","com.tangdi.baiguotong","com.zaz.translate","com.translate.language.translator.voice.translation","com.newmg.yurao.pro","com.youdao.hindict","com.language.translate.free.translator.voice.translation","com.screen.translate.google","com.galaxy.airviewdictionary","com.image.camera.translate.ai"]},{"rank":{"index":2,"lang":"zh-tw","country":"tw","chineseCountryName":"台湾","pkg":"com.spaceship.screen.textcopy"},"orders":["com.recognize_text.translate.screen","com.spaceship.screen.textcopy","com.microsoft.translator","com.gaminik.i18n","com.niven.translator","com.niven.game","com.tap_to_translate.snap_translate","com.screen.translator.text.recognize","com.galaxy.airviewdictionary","at.nk.tools.iTranslate","com.niven.comic","com.translate.language.translator.voice.translation","com.newmg.yurao.pro","com.tangdi.baiguotong","com.youdao.hindict","com.screen.translate.google","com.audacityittranslator.translatetexttranslator","com.google.android.apps.translate","com.niven.apptranslate","com.eecorp.taptranslator"]},{"rank":{"index":2,"lang":"en","country":"in","chineseCountryName":"印度","pkg":"com.spaceship.screen.textcopy"},"orders":["com.recognize_text.translate.screen","com.spaceship.screen.textcopy","com.tap_to_translate.snap_translate","com.google.android.apps.translate","com.niven.translator","com.newmg.yurao.pro","com.zaz.translate","at.nk.tools.iTranslate","com.niven.game","com.gaminik.i18n","com.microsoft.translator"]},{"rank":{"index":2,"lang":"id","country":"id","chineseCountryName":"印尼","pkg":"com.spaceship.screen.textcopy"},"orders":["com.recognize_text.translate.screen","com.spaceship.screen.textcopy","com.tap_to_translate.snap_translate","com.niven.translator","com.gaminik.i18n","com.niven.game","com.youdao.hindict","com.niven.comic","com.microsoft.translator","com.newmg.yurao.pro","at.nk.tools.iTranslate"]},{"rank":{"index":2,"lang":"es-mx","country":"mx","chineseCountryName":"墨西哥","pkg":"com.spaceship.screen.textcopy"},"orders":["com.recognize_text.translate.screen","com.spaceship.screen.textcopy","com.niven.translator","com.gaminik.i18n","com.niven.game","com.tap_to_translate.snap_translate","com.microsoft.translator","com.niven.comic","at.nk.tools.iTranslate"]}]