[{"rank":{"index":2,"lang":"en-us","country":"us","chineseCountryName":"美国","pkg":"com.spaceship.screen.textcopy"},"orders":["com.recognize_text.translate.screen","com.spaceship.screen.textcopy","com.tap_to_translate.snap_translate","com.google.android.apps.translate","com.screen.translate.google","com.microsoft.translator","com.newmg.yurao.pro","com.gaminik.i18n","com.niven.translator","com.translate.talkingtranslator","at.nk.tools.iTranslate","com.google.ar.lens","com.datacomprojects.scanandtranslate","com.deepl.mobiletranslator","com.translate.language.translator.voice.translation","com.language.translate.free.translator.voice.translation","com.sayhi.android.sayhitranslate","com.niven.game","com.zaz.translate","com.erudite.translator"]},{"rank":{"index":0,"lang":"ru","country":"ru","chineseCountryName":"俄罗斯","pkg":"com.spaceship.screen.textcopy"},"orders":["com.recognize_text.translate.screen","com.tap_to_translate.snap_translate","com.niven.translator","com.gaminik.i18n","com.newmg.yurao.pro","com.screen.translate.google","ru.yandex.translate","com.google.android.apps.translate","com.niven.game","com.microsoft.translator","com.niven.apptranslate","com.deepl.mobiletranslator","com.voice_camera_free_translate","com.android.chrome","com.whatsapp","com.instagram.android","com.facebook.katana","com.translate.talkingtranslator","com.google.ar.lens","com.dts.freefireth"]},{"rank":{"index":2,"lang":"pt-br","country":"br","chineseCountryName":"巴西","pkg":"com.spaceship.screen.textcopy"},"orders":["com.recognize_text.translate.screen","com.spaceship.screen.textcopy","com.tap_to_translate.snap_translate","com.gaminik.i18n","com.google.android.apps.translate","com.microsoft.translator","com.zaz.translate","com.deepl.mobiletranslator","ru.yandex.translate","com.translate.talkingtranslator","com.sayhi.android.sayhitranslate","com.translate.language.translator.voice.translation","com.google.ar.lens","com.softissimo.reverso.context","com.niven.translator","com.newmg.yurao.pro","com.screen.translate.google","com.niven.game","com.niven.apptranslate","com.galaxy.airviewdictionary"]},{"rank":{"index":2,"lang":"fr","country":"fr","chineseCountryName":"法国","pkg":"com.spaceship.screen.textcopy"},"orders":["com.recognize_text.translate.screen","com.spaceship.screen.textcopy","com.tap_to_translate.snap_translate","com.screen.translate.google","com.gaminik.i18n","com.niven.translator","com.newmg.yurao.pro","com.google.android.apps.translate","com.microsoft.translator","com.datacomprojects.scanandtranslate","at.nk.tools.iTranslate","com.translate.talkingtranslator","com.niven.game","com.voice_camera_free_translate","com.deepl.mobiletranslator","com.zaz.translate","com.google.ar.lens","camtranslator.voice.text.image.translate","com.niven.apptranslate","com.b1b.translator.voicetranslate.alllanguages.translator.app"]},{"rank":{"index":2,"lang":"en-gb","country":"gb","chineseCountryName":"英国","pkg":"com.spaceship.screen.textcopy"},"orders":["com.recognize_text.translate.screen","com.spaceship.screen.textcopy","com.tap_to_translate.snap_translate","com.google.android.apps.translate","com.screen.translate.google","com.microsoft.translator","com.newmg.yurao.pro","com.gaminik.i18n","com.niven.translator","com.google.ar.lens","at.nk.tools.iTranslate","com.datacomprojects.scanandtranslate","com.deepl.mobiletranslator","com.translate.talkingtranslator","com.zaz.translate","com.language.translate.free.translator.voice.translation","com.niven.game","com.voice_camera_free_translate","com.sayhi.android.sayhitranslate","ru.yandex.translate"]},{"rank":{"index":2,"lang":"de","country":"de","chineseCountryName":"德国","pkg":"com.spaceship.screen.textcopy"},"orders":["com.recognize_text.translate.screen","com.spaceship.screen.textcopy","com.tap_to_translate.snap_translate","com.screen.translate.google","com.niven.translator","com.gaminik.i18n","com.newmg.yurao.pro","com.microsoft.translator","com.google.android.apps.translate","com.datacomprojects.scanandtranslate","at.nk.tools.iTranslate","com.deepl.mobiletranslator","com.niven.game","com.translate.talkingtranslator","com.language.translate.free.translator.voice.translation","com.google.ar.lens","ru.yandex.translate","camtranslator.voice.text.image.translate","com.b1b.translator.voicetranslate.alllanguages.translator.app","com.voice_camera_free_translate"]},{"rank":{"index":2,"lang":"it","country":"it","chineseCountryName":"意大利","pkg":"com.spaceship.screen.textcopy"},"orders":["com.recognize_text.translate.screen","com.spaceship.screen.textcopy","com.tap_to_translate.snap_translate","com.gaminik.i18n","com.newmg.yurao.pro","com.screen.translate.google","com.niven.translator","com.microsoft.translator","com.google.android.apps.translate"]},{"rank":{"index":2,"lang":"ja","country":"jp","chineseCountryName":"日本","pkg":"com.spaceship.screen.textcopy"},"orders":["com.recognize_text.translate.screen","com.spaceship.screen.textcopy","com.tap_to_translate.snap_translate","com.gaminik.i18n","com.newmg.yurao.pro","com.screen.translate.google","com.microsoft.translator","com.niven.translator","com.google.android.apps.translate","at.nk.tools.iTranslate","com.datacomprojects.scanandtranslate","com.google.ar.lens","com.deepl.mobiletranslator","com.translate.talkingtranslator"]},{"rank":{"index":2,"lang":"ko","country":"kr","chineseCountryName":"韩国","pkg":"com.spaceship.screen.textcopy"},"orders":["com.recognize_text.translate.screen","com.spaceship.screen.textcopy","com.tap_to_translate.snap_translate","com.gaminik.i18n","com.newmg.yurao.pro","com.screen.translate.google","com.niven.translator","com.microsoft.translator","com.google.android.apps.translate","com.niven.game","at.nk.tools.iTranslate","com.voice_camera_free_translate","com.naver.labs.translator","com.deepl.mobiletranslator","com.niven.comic","com.translate.talkingtranslator","com.google.ar.lens","com.niven.apptranslate","com.language.translate.free.translator.voice.translation","com.flitto.app"]},{"rank":{"index":2,"lang":"zh-hk","country":"hk","chineseCountryName":"香港","pkg":"com.spaceship.screen.textcopy"},"orders":["com.recognize_text.translate.screen","com.spaceship.screen.textcopy","com.gaminik.i18n","com.screen.translate.google","com.newmg.yurao.pro","com.niven.translator","com.google.android.apps.translate","com.tap_to_translate.snap_translate","com.microsoft.translator","at.nk.tools.iTranslate","com.google.ar.lens","com.datacomprojects.scanandtranslate","com.language.translate.free.translator.voice.translation","com.niven.game","com.tangdi.baiguotong","com.deepl.mobiletranslator","com.immersivetranslate.browser","com.niven.apptranslate","com.translate.talkingtranslator","com.naver.labs.translator"]},{"rank":{"index":3,"lang":"zh-tw","country":"tw","chineseCountryName":"台湾","pkg":"com.spaceship.screen.textcopy"},"orders":["com.recognize_text.translate.screen","com.screen.translate.google","com.spaceship.screen.textcopy","com.newmg.yurao.pro","com.niven.translator","com.gaminik.i18n","com.niven.game","com.google.android.apps.translate","com.microsoft.translator","translate.speech.text.translation.voicetranslator","free.translate.all.language.translator","com.mg.subtitle.google","at.nk.tools.iTranslate","com.tap_to_translate.snap_translate","com.royalappcode.translation.voice.language.chat.interpreter","com.niven.comic","com.datacomprojects.scanandtranslate","com.tangdi.baiguotong","com.erudite.translator","com.translate.talkingtranslator"]},{"rank":{"index":2,"lang":"en","country":"in","chineseCountryName":"印度","pkg":"com.spaceship.screen.textcopy"},"orders":["com.recognize_text.translate.screen","com.spaceship.screen.textcopy","com.tap_to_translate.snap_translate","com.google.android.apps.translate","com.gaminik.i18n","com.zaz.translate","at.nk.tools.iTranslate","com.deepl.mobiletranslator","com.translate.talkingtranslator","ru.yandex.translate","com.sayhi.android.sayhitranslate","com.google.ar.lens","com.ticktalk.translatevoice","com.newmg.yurao.pro","com.screen.translate.google","com.niven.translator","translate.speech.text.translation.voicetranslator","com.datacomprojects.scanandtranslate","com.languagetranslator.translatorapp.smartscanner.dictionary.translation.voicetranslator","com.softissimo.reverso.context"]},{"rank":{"index":2,"lang":"id","country":"id","chineseCountryName":"印尼","pkg":"com.spaceship.screen.textcopy"},"orders":["com.recognize_text.translate.screen","com.spaceship.screen.textcopy","com.tap_to_translate.snap_translate","com.screen.translate.google","com.niven.translator","com.gaminik.i18n","com.newmg.yurao.pro","com.niven.game","com.google.android.apps.translate","com.microsoft.translator","com.youdao.hindict","at.nk.tools.iTranslate","com.niven.comic","com.niven.apptranslate"]},{"rank":{"index":2,"lang":"es-mx","country":"mx","chineseCountryName":"墨西哥","pkg":"com.spaceship.screen.textcopy"},"orders":["com.recognize_text.translate.screen","com.spaceship.screen.textcopy","com.tap_to_translate.snap_translate","com.gaminik.i18n","com.google.android.apps.translate","com.microsoft.translator","com.zaz.translate","com.deepl.mobiletranslator","com.translate.talkingtranslator","ru.yandex.translate","com.sayhi.android.sayhitranslate","com.google.ar.lens","com.newmg.yurao.pro","com.niven.translator","com.screen.translate.google","camtranslator.voice.text.image.translate","com.datacomprojects.scanandtranslate","translate.speech.text.translation.voicetranslator","com.youdao.hindict","com.niven.game"]}]