[{"rank":{"index":2,"lang":"en-us","country":"us","chineseCountryName":"美国","pkg":"com.spaceship.screen.textcopy"},"orders":["com.recognize_text.translate.screen","com.spaceship.screen.textcopy","com.tap_to_translate.snap_translate","com.google.android.apps.translate","com.microsoft.translator","com.niven.translator","com.newmg.yurao.pro","com.gaminik.i18n","com.mobisystems.msdict.embedded.wireless.collins.ee","com.deepl.mobiletranslator","screen.translator.voice.translate","com.immersivetranslate.browser","com.zaz.translate","com.naver.labs.translator","at.nk.tools.iTranslate","com.youdao.hindict","ru.yandex.translate","com.niven.game","link.zhidou.btranslator","com.niven.apptranslate"]},{"rank":{"index":0,"lang":"ru","country":"ru","chineseCountryName":"俄罗斯","pkg":"com.spaceship.screen.textcopy"},"orders":["com.recognize_text.translate.screen","com.niven.translator","com.tap_to_translate.snap_translate","com.newmg.yurao.pro","com.google.android.apps.translate","com.deepl.mobiletranslator","com.microsoft.translator","ru.yandex.translate","com.gaminik.i18n","com.niven.game","com.immersivetranslate.browser","com.zaz.translate","at.nk.tools.iTranslate","com.naver.labs.translator","com.youdao.hindict","com.tangdi.baiguotong","com.niven.apptranslate","com.datacomprojects.scanandtranslate","link.zhidou.btranslator","com.screen.translate.google"]},{"rank":{"index":2,"lang":"pt-br","country":"br","chineseCountryName":"巴西","pkg":"com.spaceship.screen.textcopy"},"orders":["com.recognize_text.translate.screen","com.spaceship.screen.textcopy","com.tap_to_translate.snap_translate","com.google.android.apps.translate","com.niven.translator","com.microsoft.translator","com.gaminik.i18n","com.deepl.mobiletranslator","com.newmg.yurao.pro","com.immersivetranslate.browser","at.nk.tools.iTranslate","com.youdao.hindict","com.tangdi.baiguotong","com.zaz.translate","com.niven.game"]},{"rank":{"index":2,"lang":"fr","country":"fr","chineseCountryName":"法国","pkg":"com.spaceship.screen.textcopy"},"orders":["com.recognize_text.translate.screen","com.spaceship.screen.textcopy","com.tap_to_translate.snap_translate","com.niven.translator","com.newmg.yurao.pro","com.gaminik.i18n","com.microsoft.translator","com.google.android.apps.translate","com.deepl.mobiletranslator","com.immersivetranslate.browser","com.zaz.translate","at.nk.tools.iTranslate","com.niven.apptranslate","com.eecorp.linguago","com.voice_camera_free_translate","com.naver.labs.translator","ru.yandex.translate","com.tangdi.baiguotong","com.screen.translate.google","com.niven.game"]},{"rank":{"index":2,"lang":"en-gb","country":"gb","chineseCountryName":"英国","pkg":"com.spaceship.screen.textcopy"},"orders":["com.recognize_text.translate.screen","com.spaceship.screen.textcopy","com.tap_to_translate.snap_translate","com.google.android.apps.translate","com.microsoft.translator","com.newmg.yurao.pro","com.deepl.mobiletranslator","com.niven.translator","com.mobisystems.msdict.embedded.wireless.collins.ee","com.zaz.translate","com.gaminik.i18n","com.immersivetranslate.browser","com.youdao.hindict","com.naver.labs.translator","at.nk.tools.iTranslate"]},{"rank":{"index":2,"lang":"de","country":"de","chineseCountryName":"德国","pkg":"com.spaceship.screen.textcopy"},"orders":["com.recognize_text.translate.screen","com.spaceship.screen.textcopy","com.newmg.yurao.pro","com.tap_to_translate.snap_translate","com.gaminik.i18n","com.microsoft.translator","com.google.android.apps.translate","com.niven.translator","com.immersivetranslate.browser","com.deepl.mobiletranslator","at.nk.tools.iTranslate","com.zaz.translate","ru.yandex.translate","com.niven.apptranslate","com.niven.game","com.tangdi.baiguotong","com.voice_camera_free_translate","com.eecorp.linguago","co.timekettle.livetranslator","link.zhidou.btranslator"]},{"rank":{"index":2,"lang":"it","country":"it","chineseCountryName":"意大利","pkg":"com.spaceship.screen.textcopy"},"orders":["com.recognize_text.translate.screen","com.spaceship.screen.textcopy","com.tap_to_translate.snap_translate","com.niven.translator","com.newmg.yurao.pro","com.gaminik.i18n","com.google.android.apps.translate","com.immersivetranslate.browser","com.microsoft.translator","com.deepl.mobiletranslator","com.tangdi.baiguotong","com.zaz.translate","at.nk.tools.iTranslate","co.timekettle.livetranslator","com.niven.apptranslate","com.niven.game","com.voice_camera_free_translate","com.eecorp.linguago","com.screen.translate.google","ru.yandex.translate"]},{"rank":{"index":2,"lang":"ja","country":"jp","chineseCountryName":"日本","pkg":"com.spaceship.screen.textcopy"},"orders":["com.recognize_text.translate.screen","com.spaceship.screen.textcopy","com.tap_to_translate.snap_translate","com.newmg.yurao.pro","com.niven.translator","com.deepl.mobiletranslator","com.microsoft.translator","com.gaminik.i18n","com.google.android.apps.translate","com.naver.labs.translator","com.immersivetranslate.browser","com.niven.game","at.nk.tools.iTranslate","com.niven.apptranslate"]},{"rank":{"index":2,"lang":"ko","country":"kr","chineseCountryName":"韩国","pkg":"com.spaceship.screen.textcopy"},"orders":["com.recognize_text.translate.screen","com.spaceship.screen.textcopy","com.tap_to_translate.snap_translate","com.newmg.yurao.pro","com.niven.translator","com.gaminik.i18n","com.microsoft.translator","com.immersivetranslate.browser","com.naver.labs.translator","com.deepl.mobiletranslator","com.google.android.apps.translate","com.niven.apptranslate","com.zaz.translate","at.nk.tools.iTranslate","com.niven.game","com.eecorp.linguago","com.screen.translate.google","link.zhidou.btranslator","com.eecorp.taptranslator","com.wooask.zx"]},{"rank":{"index":2,"lang":"zh-hk","country":"hk","chineseCountryName":"香港","pkg":"com.spaceship.screen.textcopy"},"orders":["com.recognize_text.translate.screen","com.spaceship.screen.textcopy","com.newmg.yurao.pro","com.google.android.apps.translate","com.niven.translator","com.microsoft.translator","com.deepl.mobiletranslator","com.gaminik.i18n","com.immersivetranslate.browser","com.tap_to_translate.snap_translate","com.naver.labs.translator","at.nk.tools.iTranslate","com.zaz.translate","com.tangdi.baiguotong","com.youdao.hindict","ru.yandex.translate","com.niven.game","com.datacomprojects.scanandtranslate","com.niven.apptranslate","link.zhidou.btranslator"]},{"rank":{"index":2,"lang":"zh-tw","country":"tw","chineseCountryName":"台湾","pkg":"com.spaceship.screen.textcopy"},"orders":["com.recognize_text.translate.screen","com.spaceship.screen.textcopy","com.microsoft.translator","com.google.android.apps.translate","com.tap_to_translate.snap_translate","com.newmg.yurao.pro","com.niven.translator","com.gaminik.i18n","com.naver.labs.translator","com.immersivetranslate.browser","com.deepl.mobiletranslator","at.nk.tools.iTranslate","com.tangdi.baiguotong","com.zaz.translate"]},{"rank":{"index":2,"lang":"en","country":"in","chineseCountryName":"印度","pkg":"com.spaceship.screen.textcopy"},"orders":["com.recognize_text.translate.screen","com.spaceship.screen.textcopy","com.newmg.yurao.pro","com.google.android.apps.translate"]},{"rank":{"index":3,"lang":"id","country":"id","chineseCountryName":"印尼","pkg":"com.spaceship.screen.textcopy"},"orders":["com.recognize_text.translate.screen","com.tap_to_translate.snap_translate","com.spaceship.screen.textcopy","com.google.android.apps.translate","com.microsoft.translator","com.gaminik.i18n","com.newmg.yurao.pro","com.niven.translator","com.deepl.mobiletranslator","com.naver.labs.translator","com.niven.game","com.immersivetranslate.browser","at.nk.tools.iTranslate","com.niven.apptranslate"]},{"rank":{"index":2,"lang":"es-mx","country":"mx","chineseCountryName":"墨西哥","pkg":"com.spaceship.screen.textcopy"},"orders":["com.recognize_text.translate.screen","com.spaceship.screen.textcopy","com.newmg.yurao.pro","com.tap_to_translate.snap_translate","com.gaminik.i18n","com.niven.translator","com.microsoft.translator","com.google.android.apps.translate","com.deepl.mobiletranslator","com.immersivetranslate.browser","at.nk.tools.iTranslate","com.niven.apptranslate","com.niven.game","com.tangdi.baiguotong","com.eecorp.linguago","link.zhidou.btranslator","com.screen.translate.google","com.zaz.translate","com.eecorp.taptranslator","ru.yandex.translate"]}]