[{"rank":{"index":2,"lang":"en-us","country":"us","chineseCountryName":"美国","pkg":"com.spaceship.screen.textcopy"},"orders":["com.recognize_text.translate.screen","com.spaceship.screen.textcopy","com.tap_to_translate.snap_translate","com.google.android.apps.translate","com.screen.translate.google","com.niven.translator","com.microsoft.translator","com.gaminik.i18n","com.niven.game","com.newmg.yurao.pro","com.google.ar.lens","com.naver.labs.translator","com.niven.comic","com.sayhi.android.sayhitranslate","com.deepl.mobiletranslator","com.zaz.translate","com.translate.talkingtranslator","com.datacomprojects.scanandtranslate","com.mobisystems.msdict.embedded.wireless.collins.ee","com.tangdi.baiguotong"]},{"rank":{"index":3,"lang":"ru","country":"ru","chineseCountryName":"俄罗斯","pkg":"com.spaceship.screen.textcopy"},"orders":["com.recognize_text.translate.screen","com.niven.translator","com.spaceship.screen.textcopy","com.tap_to_translate.snap_translate","com.niven.game","com.gaminik.i18n","ru.yandex.translate","com.microsoft.translator"]},{"rank":{"index":2,"lang":"pt-br","country":"br","chineseCountryName":"巴西","pkg":"com.spaceship.screen.textcopy"},"orders":["com.recognize_text.translate.screen","com.spaceship.screen.textcopy","com.tap_to_translate.snap_translate","com.niven.game","com.gaminik.i18n","com.microsoft.translator","com.google.android.apps.translate","com.softissimo.reverso.context","com.zaz.translate","com.deepl.mobiletranslator","ru.yandex.translate","com.naver.labs.translator","com.translate.talkingtranslator","com.sayhi.android.sayhitranslate","com.google.ar.lens","com.niven.translator","com.screen.translate.google","com.niven.comic","com.newmg.yurao.pro","com.galaxy.airviewdictionary"]},{"rank":{"index":3,"lang":"fr","country":"fr","chineseCountryName":"法国","pkg":"com.spaceship.screen.textcopy"},"orders":["com.recognize_text.translate.screen","com.tap_to_translate.snap_translate","com.spaceship.screen.textcopy","com.niven.game","com.niven.translator","com.microsoft.translator","com.gaminik.i18n","com.google.android.apps.translate","com.screen.translate.google","com.niven.comic","com.zaz.translate","com.newmg.yurao.pro","com.tangdi.baiguotong","com.translate.talkingtranslator","com.deepl.mobiletranslator","com.softissimo.reverso.context","com.language.translate.free.translator.voice.translation","com.google.ar.lens","com.datacomprojects.scanandtranslate","com.image.camera.translate.ai"]},{"rank":{"index":2,"lang":"en-gb","country":"gb","chineseCountryName":"英国","pkg":"com.spaceship.screen.textcopy"},"orders":["com.recognize_text.translate.screen","com.spaceship.screen.textcopy","com.microsoft.translator","com.google.android.apps.translate","com.screen.translate.google","com.gaminik.i18n","com.niven.translator","com.niven.game","com.tap_to_translate.snap_translate","com.zaz.translate","com.google.ar.lens","com.niven.comic","com.newmg.yurao.pro","com.sayhi.android.sayhitranslate","com.deepl.mobiletranslator","com.datacomprojects.scanandtranslate","com.naver.labs.translator","com.softissimo.reverso.context","com.language.translate.free.translator.voice.translation","com.mobisystems.msdict.embedded.wireless.collins.ee"]},{"rank":{"index":2,"lang":"de","country":"de","chineseCountryName":"德国","pkg":"com.spaceship.screen.textcopy"},"orders":["com.recognize_text.translate.screen","com.spaceship.screen.textcopy","com.tap_to_translate.snap_translate","com.microsoft.translator","com.niven.translator","com.screen.translate.google","com.gaminik.i18n","com.niven.game","com.google.android.apps.translate","com.deepl.mobiletranslator","com.niven.comic","com.newmg.yurao.pro","com.translate.talkingtranslator","com.zaz.translate","com.language.translate.free.translator.voice.translation","ru.yandex.translate","com.tangdi.baiguotong","com.image.camera.translate.ai","com.google.ar.lens","com.erudite.translator"]},{"rank":{"index":2,"lang":"it","country":"it","chineseCountryName":"意大利","pkg":"com.spaceship.screen.textcopy"},"orders":["com.recognize_text.translate.screen","com.spaceship.screen.textcopy","com.tap_to_translate.snap_translate","com.screen.translate.google","com.niven.translator","com.gaminik.i18n","com.microsoft.translator","com.niven.game","com.google.android.apps.translate","com.niven.comic","com.newmg.yurao.pro","com.tangdi.baiguotong","com.zaz.translate","com.deepl.mobiletranslator","com.softissimo.reverso.context","com.language.translate.free.translator.voice.translation","com.image.camera.translate.ai","com.datacomprojects.scanandtranslate","com.google.ar.lens","com.aldoo.pdftranslatorpro"]},{"rank":{"index":2,"lang":"ja","country":"jp","chineseCountryName":"日本","pkg":"com.spaceship.screen.textcopy"},"orders":["com.recognize_text.translate.screen","com.spaceship.screen.textcopy","com.niven.translator","com.tap_to_translate.snap_translate","com.microsoft.translator","com.niven.game","com.gaminik.i18n","com.google.android.apps.translate"]},{"rank":{"index":2,"lang":"ko","country":"kr","chineseCountryName":"韩国","pkg":"com.spaceship.screen.textcopy"},"orders":["com.recognize_text.translate.screen","com.spaceship.screen.textcopy","com.tap_to_translate.snap_translate","com.gaminik.i18n","com.niven.translator","com.naver.labs.translator","com.niven.game","com.screen.translate.google","com.microsoft.translator","com.google.android.apps.translate","com.niven.comic","com.newmg.yurao.pro","com.deepl.mobiletranslator","co.timekettle.livetranslator","com.zaz.translate","com.translate.talkingtranslator","com.google.ar.lens","com.flitto.app","com.translate.language.translator.voice.translation","com.voice_camera_free_translate"]},{"rank":{"index":2,"lang":"zh-hk","country":"hk","chineseCountryName":"香港","pkg":"com.spaceship.screen.textcopy"},"orders":["com.recognize_text.translate.screen","com.spaceship.screen.textcopy","com.gaminik.i18n","com.niven.translator","com.niven.game","com.tap_to_translate.snap_translate","com.screen.translate.google","com.microsoft.translator","com.google.android.apps.translate","com.niven.comic","com.newmg.yurao.pro","com.tangdi.baiguotong","com.google.ar.lens","com.naver.labs.translator","com.deepl.mobiletranslator","com.zaz.translate","com.translate.talkingtranslator","com.datacomprojects.scanandtranslate","com.android.chrome","com.image.camera.translate.ai"]},{"rank":{"index":2,"lang":"zh-tw","country":"tw","chineseCountryName":"台湾","pkg":"com.spaceship.screen.textcopy"},"orders":["com.recognize_text.translate.screen","com.spaceship.screen.textcopy","com.tap_to_translate.snap_translate","com.niven.translator","com.screen.translate.google","com.gaminik.i18n","com.niven.game","com.microsoft.translator","com.google.android.apps.translate","com.niven.comic","com.newmg.yurao.pro","com.naver.labs.translator","com.tangdi.baiguotong","com.google.ar.lens","com.translate.talkingtranslator","com.zaz.translate","com.language.translate.free.translator.voice.translation","com.deepl.mobiletranslator","com.voice_camera_free_translate","camtranslator.voice.text.image.translate"]},{"rank":{"index":2,"lang":"en","country":"in","chineseCountryName":"印度","pkg":"com.spaceship.screen.textcopy"},"orders":["com.recognize_text.translate.screen","com.spaceship.screen.textcopy","com.google.android.apps.translate","com.zaz.translate"]},{"rank":{"index":2,"lang":"id","country":"id","chineseCountryName":"印尼","pkg":"com.spaceship.screen.textcopy"},"orders":["com.recognize_text.translate.screen","com.spaceship.screen.textcopy","com.tap_to_translate.snap_translate","com.niven.translator","com.niven.game","com.gaminik.i18n","com.screen.translate.google","com.newmg.yurao.pro","com.niven.comic","com.google.android.apps.translate","com.youdao.hindict","com.microsoft.translator","com.zaz.translate","com.naver.labs.translator","com.deepl.mobiletranslator"]},{"rank":{"index":2,"lang":"es-mx","country":"mx","chineseCountryName":"墨西哥","pkg":"com.spaceship.screen.textcopy"},"orders":["com.recognize_text.translate.screen","com.spaceship.screen.textcopy","com.tap_to_translate.snap_translate","com.microsoft.translator","com.google.android.apps.translate","com.niven.game","com.gaminik.i18n","com.zaz.translate","com.deepl.mobiletranslator","com.softissimo.reverso.context","com.google.ar.lens","ru.yandex.translate","com.sayhi.android.sayhitranslate","com.translate.talkingtranslator","com.niven.translator","com.screen.translate.google","com.newmg.yurao.pro","com.youdao.hindict","com.niven.comic","camtranslator.voice.text.image.translate"]}]