[{"rank":{"index":2,"lang":"en-us","country":"us","chineseCountryName":"美国","pkg":"com.spaceship.screen.textcopy"},"orders":["com.recognize_text.translate.screen","com.spaceship.screen.textcopy","com.niven.translator","com.tap_to_translate.snap_translate","com.microsoft.translator","com.gaminik.i18n","com.google.android.apps.translate","com.niven.game","com.newmg.yurao.pro","com.niven.comic","com.zaz.translate","com.translate.talkingtranslator","com.translate.language.translator.voice.translation","com.deepl.mobiletranslator","com.naver.labs.translator","com.screen.translate.google","com.galaxy.airviewdictionary","com.android.chrome","com.niven.apptranslate","com.facebook.orca"]},{"rank":{"index":3,"lang":"ru","country":"ru","chineseCountryName":"俄罗斯","pkg":"com.spaceship.screen.textcopy"},"orders":["com.recognize_text.translate.screen","com.niven.translator","com.spaceship.screen.textcopy","com.tap_to_translate.snap_translate","com.niven.game","com.microsoft.translator","com.gaminik.i18n","com.google.android.apps.translate","com.niven.comic","com.newmg.yurao.pro","ru.yandex.translate","com.deepl.mobiletranslator","com.zaz.translate","com.screen.translate.google","com.translate.language.translator.voice.translation","com.galaxy.airviewdictionary","com.translate.talkingtranslator","com.datacomprojects.scanandtranslate","com.android.chrome","com.niven.apptranslate"]},{"rank":{"index":2,"lang":"pt-br","country":"br","chineseCountryName":"巴西","pkg":"com.spaceship.screen.textcopy"},"orders":["com.recognize_text.translate.screen","com.spaceship.screen.textcopy","com.tap_to_translate.snap_translate","com.gaminik.i18n","com.niven.game","com.niven.translator","com.niven.comic","com.newmg.yurao.pro","com.microsoft.translator","com.google.android.apps.translate","com.zaz.translate","com.galaxy.airviewdictionary","com.deepl.mobiletranslator","com.screen.translate.google","com.android.chrome","com.facebook.orca","com.google.android.apps.photos","com.google.android.apps.maps","com.google.android.apps.youtube.creator","com.discord"]},{"rank":{"index":2,"lang":"fr","country":"fr","chineseCountryName":"法国","pkg":"com.spaceship.screen.textcopy"},"orders":["com.recognize_text.translate.screen","com.spaceship.screen.textcopy","com.tap_to_translate.snap_translate","com.niven.translator","com.gaminik.i18n","com.niven.game","com.microsoft.translator","com.newmg.yurao.pro","com.niven.comic","com.zaz.translate","com.google.android.apps.translate","com.translate.talkingtranslator","com.deepl.mobiletranslator","com.translate.language.translator.voice.translation","com.galaxy.airviewdictionary","com.screen.translate.google","com.facebook.orca","com.android.chrome","com.tangdi.baiguotong","com.niven.apptranslate"]},{"rank":{"index":2,"lang":"en-gb","country":"gb","chineseCountryName":"英国","pkg":"com.spaceship.screen.textcopy"},"orders":["com.recognize_text.translate.screen","com.spaceship.screen.textcopy","com.tap_to_translate.snap_translate","com.gaminik.i18n","com.niven.translator","com.microsoft.translator","com.google.android.apps.translate","com.niven.game","com.zaz.translate","com.newmg.yurao.pro","com.niven.comic","com.deepl.mobiletranslator","com.screen.translate.google","com.translate.language.translator.voice.translation","com.translate.talkingtranslator","com.galaxy.airviewdictionary","com.naver.labs.translator","com.facebook.orca","com.android.chrome","com.duolingo"]},{"rank":{"index":2,"lang":"de","country":"de","chineseCountryName":"德国","pkg":"com.spaceship.screen.textcopy"},"orders":["com.recognize_text.translate.screen","com.spaceship.screen.textcopy","com.tap_to_translate.snap_translate","com.gaminik.i18n","com.microsoft.translator","com.niven.translator","com.niven.game","com.newmg.yurao.pro","com.niven.comic","com.deepl.mobiletranslator","com.google.android.apps.translate","com.translate.talkingtranslator","com.screen.translate.google","com.zaz.translate","com.translate.language.translator.voice.translation","com.galaxy.airviewdictionary","com.facebook.orca","com.android.chrome","com.niven.apptranslate","com.google.ar.lens"]},{"rank":{"index":2,"lang":"it","country":"it","chineseCountryName":"意大利","pkg":"com.spaceship.screen.textcopy"},"orders":["com.recognize_text.translate.screen","com.spaceship.screen.textcopy","com.tap_to_translate.snap_translate","com.niven.translator","com.gaminik.i18n","com.niven.game","com.microsoft.translator","com.niven.comic","com.newmg.yurao.pro","com.galaxy.airviewdictionary","com.google.android.apps.translate","com.zaz.translate","com.deepl.mobiletranslator","com.translate.talkingtranslator","com.screen.translate.google","com.translate.language.translator.voice.translation","com.datacomprojects.scanandtranslate","com.google.ar.lens","com.facebook.orca","camtranslator.voice.text.image.translate"]},{"rank":{"index":2,"lang":"ja","country":"jp","chineseCountryName":"日本","pkg":"com.spaceship.screen.textcopy"},"orders":["com.recognize_text.translate.screen","com.spaceship.screen.textcopy","com.tap_to_translate.snap_translate","com.gaminik.i18n","com.niven.translator","com.niven.game","com.microsoft.translator","com.newmg.yurao.pro","com.niven.comic","com.deepl.mobiletranslator","com.google.android.apps.translate","com.naver.labs.translator"]},{"rank":{"index":2,"lang":"ko","country":"kr","chineseCountryName":"韩国","pkg":"com.spaceship.screen.textcopy"},"orders":["com.recognize_text.translate.screen","com.spaceship.screen.textcopy","com.niven.translator","com.tap_to_translate.snap_translate","com.gaminik.i18n","com.microsoft.translator","com.niven.game","com.niven.comic","com.google.android.apps.translate","com.screen.translate.google","com.naver.labs.translator","com.newmg.yurao.pro","com.zaz.translate","com.deepl.mobiletranslator","com.languagetranslator.translatorapp.smartscanner.dictionary.translation.voicetranslator","translate.photo.translator.all.language.voice.translation.free.app","com.translate.language.translator.voice.translation","com.flitto.app","com.datacomprojects.scanandtranslate","com.translate.talkingtranslator"]},{"rank":{"index":2,"lang":"zh-hk","country":"hk","chineseCountryName":"香港","pkg":"com.spaceship.screen.textcopy"},"orders":["com.recognize_text.translate.screen","com.spaceship.screen.textcopy","com.gaminik.i18n","com.microsoft.translator","com.niven.translator","com.tap_to_translate.snap_translate","com.google.android.apps.translate","com.niven.game","com.niven.comic","com.newmg.yurao.pro","com.galaxy.airviewdictionary","com.zaz.translate","com.tangdi.baiguotong","com.deepl.mobiletranslator","com.naver.labs.translator","com.translate.language.translator.voice.translation","com.screen.translate.google","com.translate.talkingtranslator","com.flitto.app","com.android.chrome"]},{"rank":{"index":2,"lang":"zh-tw","country":"tw","chineseCountryName":"台湾","pkg":"com.spaceship.screen.textcopy"},"orders":["com.recognize_text.translate.screen","com.spaceship.screen.textcopy","com.tap_to_translate.snap_translate","com.microsoft.translator","com.niven.translator","com.gaminik.i18n","com.niven.game","com.google.android.apps.translate","com.niven.comic","com.newmg.yurao.pro","com.galaxy.airviewdictionary","com.zaz.translate","com.translate.talkingtranslator","com.naver.labs.translator","com.translate.language.translator.voice.translation","com.tangdi.baiguotong","com.deepl.mobiletranslator","com.screen.translate.google","com.voice_camera_free_translate","com.facebook.orca"]},{"rank":{"index":2,"lang":"en","country":"in","chineseCountryName":"印度","pkg":"com.spaceship.screen.textcopy"},"orders":["com.recognize_text.translate.screen","com.spaceship.screen.textcopy","com.tap_to_translate.snap_translate","com.google.android.apps.translate","com.zaz.translate","com.gaminik.i18n","com.niven.game","com.translate.talkingtranslator","com.deepl.mobiletranslator","at.nk.tools.iTranslate","com.naver.labs.translator","com.softissimo.reverso.context","com.flitto.app","com.sayhi.android.sayhitranslate","com.niven.translator","com.newmg.yurao.pro","com.galaxy.airviewdictionary","screen.translator.voice.translate","com.niven.comic","com.google.ar.lens"]},{"rank":{"index":2,"lang":"id","country":"id","chineseCountryName":"印尼","pkg":"com.spaceship.screen.textcopy"},"orders":["com.recognize_text.translate.screen","com.spaceship.screen.textcopy","com.niven.translator","com.tap_to_translate.snap_translate","com.gaminik.i18n","com.niven.game","com.newmg.yurao.pro","com.niven.comic","com.google.android.apps.translate","com.microsoft.translator","com.zaz.translate","com.screen.translate.google","com.deepl.mobiletranslator","com.youdao.hindict","com.naver.labs.translator"]},{"rank":{"index":2,"lang":"es-mx","country":"mx","chineseCountryName":"墨西哥","pkg":"com.spaceship.screen.textcopy"},"orders":["com.recognize_text.translate.screen","com.spaceship.screen.textcopy","com.gaminik.i18n","com.niven.game","com.niven.translator","com.tap_to_translate.snap_translate","com.microsoft.translator","com.niven.comic","com.newmg.yurao.pro","com.google.android.apps.translate","com.zaz.translate","com.galaxy.airviewdictionary","com.android.chrome","com.deepl.mobiletranslator","com.facebook.orca","com.screen.translate.google","com.google.android.apps.photos","com.google.android.apps.maps","com.ubercab","com.discord"]}]