[{"rank":{"index":2,"lang":"en-us","country":"us","chineseCountryName":"美国","pkg":"com.spaceship.screen.textcopy"},"orders":["com.recognize_text.translate.screen","com.spaceship.screen.textcopy","com.google.android.apps.translate","com.niven.translator","com.gaminik.i18n","com.microsoft.translator","com.screen.translate.google","com.niven.game","com.flabs.screen.translate","at.nk.tools.iTranslate","com.deepl.mobiletranslator","com.naver.labs.translator","com.newmg.yurao.pro","com.niven.comic","com.screen.translator.text.recognize","com.tap_to_translate.snap_translate","com.sayhi.android.sayhitranslate","com.zaz.translate","com.easytranslate.easytranslate","ru.yandex.translate"]},{"rank":{"index":2,"lang":"ru","country":"ru","chineseCountryName":"俄罗斯","pkg":"com.spaceship.screen.textcopy"},"orders":["com.recognize_text.translate.screen","com.spaceship.screen.textcopy","com.niven.translator","com.niven.game","com.gaminik.i18n","com.screen.translate.google","com.flabs.screen.translate","ru.yandex.translate","com.newmg.yurao.pro","com.screen.translator.text.recognize","com.niven.comic","com.microsoft.translator","com.google.android.apps.translate","com.deepl.mobiletranslator","com.tap_to_translate.snap_translate","com.facebook.orca","com.android.chrome","com.discord","com.google.android.apps.photos","com.google.android.apps.nbu.files"]},{"rank":{"index":2,"lang":"fr","country":"fr","chineseCountryName":"法国","pkg":"com.spaceship.screen.textcopy"},"orders":["com.recognize_text.translate.screen","com.spaceship.screen.textcopy","com.niven.game","com.screen.translate.google","com.niven.translator","com.gaminik.i18n","com.google.android.apps.translate","com.flabs.screen.translate","com.niven.comic","com.microsoft.translator","com.newmg.yurao.pro","ru.yandex.translate","com.deepl.mobiletranslator","com.tap_to_translate.snap_translate","com.facebook.orca","com.discord","com.android.chrome","com.google.android.apps.photos","com.zaz.translate","com.google.android.calendar"]},{"rank":{"index":2,"lang":"en-gb","country":"gb","chineseCountryName":"英国","pkg":"com.spaceship.screen.textcopy"},"orders":["com.recognize_text.translate.screen","com.spaceship.screen.textcopy","com.gaminik.i18n","com.google.android.apps.translate","com.screen.translate.google","com.niven.translator","com.microsoft.translator","com.niven.game","com.flabs.screen.translate","com.screen.translator.text.recognize","com.newmg.yurao.pro","at.nk.tools.iTranslate","com.niven.comic","com.deepl.mobiletranslator","com.zaz.translate","ru.yandex.translate","com.naver.labs.translator","com.image.camera.translate.ai","com.easytranslate.easytranslate","com.facebook.orca"]},{"rank":{"index":2,"lang":"de","country":"de","chineseCountryName":"德国","pkg":"com.spaceship.screen.textcopy"},"orders":["com.recognize_text.translate.screen","com.spaceship.screen.textcopy","com.gaminik.i18n","com.niven.game","com.screen.translate.google","com.niven.translator","com.microsoft.translator","com.google.android.apps.translate","com.newmg.yurao.pro","com.screen.translator.text.recognize","com.deepl.mobiletranslator","com.niven.comic","ru.yandex.translate","com.facebook.orca","com.discord","com.android.chrome","com.google.android.apps.photos","com.flabs.screen.translate","com.google.android.calendar","com.amazon.kindle"]},{"rank":{"index":2,"lang":"it","country":"it","chineseCountryName":"意大利","pkg":"com.spaceship.screen.textcopy"},"orders":["com.recognize_text.translate.screen","com.spaceship.screen.textcopy","com.niven.game","com.gaminik.i18n","com.niven.translator","com.screen.translate.google","com.google.android.apps.translate","com.niven.comic","com.microsoft.translator","com.newmg.yurao.pro","com.screen.translator.text.recognize","com.deepl.mobiletranslator","com.facebook.orca","com.softissimo.reverso.context","com.discord","com.google.android.apps.photos","com.canva.editor","com.microsoft.office.outlook","at.nk.tools.iTranslate","com.skype.raider"]},{"rank":{"index":2,"lang":"ja","country":"jp","chineseCountryName":"日本","pkg":"com.spaceship.screen.textcopy"},"orders":["com.recognize_text.translate.screen","com.spaceship.screen.textcopy","com.niven.game","com.gaminik.i18n","com.niven.translator","com.screen.translate.google","com.google.android.apps.translate","com.deepl.mobiletranslator","com.niven.comic","com.microsoft.translator","com.naver.labs.translator","com.screen.translator.text.recognize","com.newmg.yurao.pro","com.facebook.orca","com.google.ar.lens","com.android.chrome","com.discord","com.google.android.apps.maps","com.amazon.kindle","com.google.android.apps.nbu.files"]},{"rank":{"index":2,"lang":"ko","country":"kr","chineseCountryName":"韩国","pkg":"com.spaceship.screen.textcopy"},"orders":["com.recognize_text.translate.screen","com.spaceship.screen.textcopy","com.niven.translator","com.screen.translate.google","com.niven.game","com.gaminik.i18n","com.google.android.apps.translate","com.naver.labs.translator","com.newmg.yurao.pro","com.niven.comic","com.microsoft.translator","com.deepl.mobiletranslator","com.facebook.orca","com.discord","com.android.chrome","com.sec.android.app.sbrowser","us.zoom.videomeetings","com.google.android.apps.photos","com.google.android.apps.youtube.creator","com.duolingo"]},{"rank":{"index":2,"lang":"zh-hk","country":"hk","chineseCountryName":"香港","pkg":"com.spaceship.screen.textcopy"},"orders":["com.recognize_text.translate.screen","com.spaceship.screen.textcopy","com.screen.translate.google","com.niven.translator","com.niven.game","com.gaminik.i18n","com.google.android.apps.translate","com.microsoft.translator","com.newmg.yurao.pro","com.niven.comic","com.naver.labs.translator","com.screen.translator.text.recognize","com.deepl.mobiletranslator","at.nk.tools.iTranslate","com.image.camera.translate.ai","ru.yandex.translate","com.facebook.orca","com.android.chrome","com.google.android.apps.maps","com.flabs.screen.translate"]},{"rank":{"index":2,"lang":"zh-tw","country":"tw","chineseCountryName":"台湾","pkg":"com.spaceship.screen.textcopy"},"orders":["com.recognize_text.translate.screen","com.spaceship.screen.textcopy","com.screen.translate.google","com.niven.translator","com.niven.game","com.gaminik.i18n","com.google.android.apps.translate","com.microsoft.translator","com.newmg.yurao.pro","com.niven.comic","com.screen.translator.text.recognize","com.naver.labs.translator","com.deepl.mobiletranslator","com.facebook.orca","at.nk.tools.iTranslate","com.discord","com.google.android.apps.maps","com.android.chrome","ru.yandex.translate","com.google.ar.lens"]},{"rank":{"index":2,"lang":"en","country":"in","chineseCountryName":"印度","pkg":"com.spaceship.screen.textcopy"},"orders":["com.recognize_text.translate.screen","com.spaceship.screen.textcopy","com.google.android.apps.translate","com.niven.game","com.newmg.yurao.pro","com.niven.translator","com.screen.translate.google","com.microsoft.translator","com.tap_to_translate.snap_translate","com.gaminik.i18n","com.zaz.translate","at.nk.tools.iTranslate","com.naver.labs.translator","ru.yandex.translate","com.deepl.mobiletranslator","com.flabs.screen.translate","com.google.ar.lens"]},{"rank":{"index":2,"lang":"id","country":"id","chineseCountryName":"印尼","pkg":"com.spaceship.screen.textcopy"},"orders":["com.recognize_text.translate.screen","com.spaceship.screen.textcopy","com.niven.game","com.gaminik.i18n","com.niven.translator","com.screen.translate.google","com.niven.comic","com.newmg.yurao.pro","com.google.android.apps.translate","com.screen.translator.text.recognize"]},{"rank":{"index":2,"lang":"es-mx","country":"mx","chineseCountryName":"墨西哥","pkg":"com.spaceship.screen.textcopy"},"orders":["com.recognize_text.translate.screen","com.spaceship.screen.textcopy","com.niven.game","com.google.android.apps.translate","com.gaminik.i18n","com.microsoft.translator","com.screen.translate.google","com.tap_to_translate.snap_translate","com.deepl.mobiletranslator","at.nk.tools.iTranslate","com.naver.labs.translator","ru.yandex.translate","com.youdao.hindict","com.microblink.photomath","com.niven.translator"]}]