[{"rank":{"index":2,"lang":"en-us","country":"us","chineseCountryName":"美国","pkg":"com.spaceship.screen.textcopy"},"orders":["com.recognize_text.translate.screen","com.spaceship.screen.textcopy","com.gaminik.i18n","com.microsoft.translator","com.tap_to_translate.snap_translate","screen.translator.voice.translate","com.google.android.apps.translate","com.niven.game","com.niven.translator","com.niven.comic","com.eecorp.linguago","com.newmg.yurao.pro","com.eecorp.taptranslator","com.niven.apptranslate","com.naver.labs.translator","com.chat_translate.screen_translate","com.translate.talkingtranslator","com.zaz.translate","at.nk.tools.iTranslate","com.deepl.mobiletranslator"]},{"rank":{"index":2,"lang":"ru","country":"ru","chineseCountryName":"俄罗斯","pkg":"com.spaceship.screen.textcopy"},"orders":["com.recognize_text.translate.screen","com.spaceship.screen.textcopy","com.tap_to_translate.snap_translate","com.gaminik.i18n","com.niven.translator","com.microsoft.translator","com.niven.game","com.niven.comic","com.google.android.apps.translate","com.eecorp.linguago","com.newmg.yurao.pro","com.niven.apptranslate","screen.translator.voice.translate","com.deepl.mobiletranslator","com.youdao.hindict","com.chat_translate.screen_translate","com.ticktalk.translatevoice","com.mg.chat","com.zaz.translate","ru.yandex.translate"]},{"rank":{"index":2,"lang":"pt-br","country":"br","chineseCountryName":"巴西","pkg":"com.spaceship.screen.textcopy"},"orders":["com.recognize_text.translate.screen","com.spaceship.screen.textcopy","com.tap_to_translate.snap_translate","com.gaminik.i18n","com.niven.translator","com.niven.game","com.niven.comic","com.eecorp.linguago","com.newmg.yurao.pro","com.youdao.hindict","com.microsoft.translator","com.niven.apptranslate","com.google.android.apps.translate","screen.translator.voice.translate","com.android.chrome","com.google.android.apps.docs","com.google.android.apps.photos","com.google.android.apps.maps","com.discord","us.zoom.videomeetings"]},{"rank":{"index":2,"lang":"fr","country":"fr","chineseCountryName":"法国","pkg":"com.spaceship.screen.textcopy"},"orders":["com.recognize_text.translate.screen","com.spaceship.screen.textcopy","com.gaminik.i18n","com.tap_to_translate.snap_translate","com.niven.game","com.newmg.yurao.pro","com.microsoft.translator","com.niven.translator","com.niven.comic","com.screen.translate.google","com.google.android.apps.translate","screen.translator.voice.translate","com.eecorp.taptranslator","com.youdao.hindict","com.deepl.mobiletranslator","com.niven.apptranslate","us.zoom.videomeetings","com.discord","com.duolingo","com.intsig.camscanner"]},{"rank":{"index":2,"lang":"en-gb","country":"gb","chineseCountryName":"英国","pkg":"com.spaceship.screen.textcopy"},"orders":["com.recognize_text.translate.screen","com.spaceship.screen.textcopy","com.tap_to_translate.snap_translate","com.microsoft.translator","com.gaminik.i18n","screen.translator.voice.translate","com.google.android.apps.translate","com.niven.translator","com.niven.game","com.niven.comic","com.eecorp.linguago","com.newmg.yurao.pro","com.youdao.hindict","com.eecorp.taptranslator","com.niven.apptranslate","com.zaz.translate","at.nk.tools.iTranslate","com.mg.chat","com.sayhi.android.sayhitranslate","com.deepl.mobiletranslator"]},{"rank":{"index":2,"lang":"de","country":"de","chineseCountryName":"德国","pkg":"com.spaceship.screen.textcopy"},"orders":["com.recognize_text.translate.screen","com.spaceship.screen.textcopy","com.gaminik.i18n","com.niven.game","com.tap_to_translate.snap_translate","com.microsoft.translator","com.newmg.yurao.pro","com.niven.translator","com.niven.comic","com.deepl.mobiletranslator","com.google.android.apps.translate","com.screen.translate.google","com.niven.apptranslate","us.zoom.videomeetings","com.youdao.hindict","com.discord","com.android.chrome","com.google.android.apps.photos","com.translate.talkingtranslator","com.skype.raider"]},{"rank":{"index":2,"lang":"it","country":"it","chineseCountryName":"意大利","pkg":"com.spaceship.screen.textcopy"},"orders":["com.recognize_text.translate.screen","com.spaceship.screen.textcopy","com.gaminik.i18n","com.tap_to_translate.snap_translate","com.niven.game","screen.translator.voice.translate","com.microsoft.translator","com.niven.translator","com.niven.comic","com.screen.translate.google","com.newmg.yurao.pro","com.google.android.apps.translate","com.niven.apptranslate","com.youdao.hindict","com.deepl.mobiletranslator","com.eecorp.taptranslator","at.nk.tools.iTranslate","com.kursx.smartbook","com.chat_translate.screen_translate","com.google.ar.lens"]},{"rank":{"index":2,"lang":"ja","country":"jp","chineseCountryName":"日本","pkg":"com.spaceship.screen.textcopy"},"orders":["com.recognize_text.translate.screen","com.spaceship.screen.textcopy","com.gaminik.i18n","com.niven.game","com.tap_to_translate.snap_translate","com.newmg.yurao.pro","com.niven.apptranslate","com.niven.translator","com.eecorp.taptranslator","com.naver.labs.translator","com.deepl.mobiletranslator","com.google.android.apps.translate","com.microsoft.translator","com.niven.comic","us.zoom.videomeetings","com.android.chrome","com.translate.talkingtranslator","com.discord","com.google.android.apps.maps","com.duolingo"]},{"rank":{"index":2,"lang":"ko","country":"kr","chineseCountryName":"韩国","pkg":"com.spaceship.screen.textcopy"},"orders":["com.recognize_text.translate.screen","com.spaceship.screen.textcopy","com.tap_to_translate.snap_translate","com.gaminik.i18n","com.microsoft.translator","com.niven.game","com.google.android.apps.translate","com.naver.labs.translator","com.newmg.yurao.pro","com.niven.translator","com.niven.comic","com.screen.translate.google","com.niven.apptranslate","com.deepl.mobiletranslator","at.nk.tools.iTranslate","com.youdao.hindict","com.zaz.translate","com.eecorp.taptranslator","com.flitto.app","com.translate.language.translator.voice.translation"]},{"rank":{"index":2,"lang":"zh-hk","country":"hk","chineseCountryName":"香港","pkg":"com.spaceship.screen.textcopy"},"orders":["com.recognize_text.translate.screen","com.spaceship.screen.textcopy","com.gaminik.i18n","com.tap_to_translate.snap_translate","com.microsoft.translator","com.niven.game","com.google.android.apps.translate","com.screen.translate.google","com.niven.comic","com.newmg.yurao.pro","com.niven.translator","com.niven.apptranslate","com.naver.labs.translator","at.nk.tools.iTranslate","com.deepl.mobiletranslator","com.eecorp.taptranslator","com.zaz.translate","com.translate.language.translator.voice.translation","com.youdao.hindict","jp.go.nict.voicetra"]},{"rank":{"index":2,"lang":"zh-tw","country":"tw","chineseCountryName":"台湾","pkg":"com.spaceship.screen.textcopy"},"orders":["com.recognize_text.translate.screen","com.spaceship.screen.textcopy","com.gaminik.i18n","com.tap_to_translate.snap_translate","com.microsoft.translator","com.niven.game","com.niven.translator","com.niven.comic","com.google.android.apps.translate","com.newmg.yurao.pro","com.eecorp.linguago","com.naver.labs.translator","com.eecorp.taptranslator","com.niven.apptranslate","com.mg.chat","com.youdao.hindict","screen.translator.voice.translate","com.deepl.mobiletranslator","at.nk.tools.iTranslate","com.translate.talkingtranslator"]},{"rank":{"index":2,"lang":"en","country":"in","chineseCountryName":"印度","pkg":"com.spaceship.screen.textcopy"},"orders":["com.recognize_text.translate.screen","com.spaceship.screen.textcopy","com.google.android.apps.translate","com.microsoft.translator","screen.translator.voice.translate","com.zaz.translate","com.newmg.yurao.pro","com.tap_to_translate.snap_translate","com.niven.game","com.eecorp.linguago","com.niven.translator","com.niven.comic","com.naver.labs.translator","at.nk.tools.iTranslate","com.translate.talkingtranslator","com.deepl.mobiletranslator","com.mobisystems.msdict.embedded.wireless.collins.ee","com.talpa.translate","all.language.translate.translator","com.gaminik.i18n"]},{"rank":{"index":1,"lang":"id","country":"id","chineseCountryName":"印尼","pkg":"com.spaceship.screen.textcopy"},"orders":["com.spaceship.screen.textcopy","com.recognize_text.translate.screen","com.tap_to_translate.snap_translate","com.gaminik.i18n","com.niven.game","com.google.android.apps.translate","com.youdao.hindict","us.zoom.videomeetings","com.android.chrome","com.google.android.apps.maps","com.naver.labs.translator","com.google.android.apps.docs","com.google.android.apps.photos","com.discord"]},{"rank":{"index":2,"lang":"es-mx","country":"mx","chineseCountryName":"墨西哥","pkg":"com.spaceship.screen.textcopy"},"orders":["com.recognize_text.translate.screen","com.spaceship.screen.textcopy","com.gaminik.i18n","com.niven.game","com.tap_to_translate.snap_translate","com.niven.translator","com.niven.comic","com.newmg.yurao.pro","com.youdao.hindict","com.screen.translate.google","com.microsoft.translator","com.google.android.apps.translate","us.zoom.videomeetings","com.android.chrome","com.google.android.apps.photos","com.google.android.apps.maps","com.discord","com.google.android.apps.docs","com.ubercab","com.duolingo"]}]