[{"rank":{"index":2,"lang":"en-us","country":"us","chineseCountryName":"美国","pkg":"com.spaceship.screen.textcopy"},"orders":["com.recognize_text.translate.screen","com.spaceship.screen.textcopy","com.screen.translate.google","com.google.android.apps.translate","com.niven.translator","com.microsoft.translator","com.gaminik.i18n","com.niven.game","com.tap_to_translate.snap_translate","com.translate.talkingtranslator","at.nk.tools.iTranslate","com.sayhi.android.sayhitranslate","com.ticktalk.translatevoice","com.niven.comic","com.google.ar.lens","com.deepl.mobiletranslator","com.heapsol.spanishenglishtranslator","com.image.camera.translate.ai","com.language.translate.free.translator.voice.translation","com.translate.language.translator.voice.translation"]},{"rank":{"index":2,"lang":"ru","country":"ru","chineseCountryName":"俄罗斯","pkg":"com.spaceship.screen.textcopy"},"orders":["com.recognize_text.translate.screen","com.spaceship.screen.textcopy","com.niven.translator","com.tap_to_translate.snap_translate","com.niven.game","com.screen.translate.google","com.gaminik.i18n","ru.yandex.translate","com.microsoft.translator","com.newmg.yurao.pro","com.niven.comic","com.google.android.apps.translate","com.niven.apptranslate","com.deepl.mobiletranslator","com.android.chrome","com.facebook.orca","com.discord","com.microsoft.office.word","com.duolingo","com.google.android.dialer"]},{"rank":{"index":2,"lang":"fr","country":"fr","chineseCountryName":"法国","pkg":"com.spaceship.screen.textcopy"},"orders":["com.recognize_text.translate.screen","com.spaceship.screen.textcopy","com.tap_to_translate.snap_translate","com.niven.translator","com.gaminik.i18n","com.screen.translate.google","com.niven.game","com.microsoft.translator","com.niven.comic","com.image.camera.translate.ai","com.google.android.apps.translate","com.newmg.yurao.pro","com.deepl.mobiletranslator","com.niven.apptranslate","at.nk.tools.iTranslate","com.tangdi.baiguotong","com.voice_camera_free_translate","com.softissimo.reverso.context","com.datacomprojects.scanandtranslate","com.aldoo.pdftranslatorpro"]},{"rank":{"index":2,"lang":"en-gb","country":"gb","chineseCountryName":"英国","pkg":"com.spaceship.screen.textcopy"},"orders":["com.recognize_text.translate.screen","com.spaceship.screen.textcopy","com.gaminik.i18n","com.microsoft.translator","com.google.android.apps.translate","com.screen.translate.google","com.niven.translator","com.niven.game","com.tap_to_translate.snap_translate","com.niven.comic","at.nk.tools.iTranslate","com.sayhi.android.sayhitranslate","com.image.camera.translate.ai","com.newmg.yurao.pro","com.language.translate.free.translator.voice.translation","com.translate.talkingtranslator","com.datacomprojects.scanandtranslate","com.deepl.mobiletranslator","com.ticktalk.translatevoice","com.translate.language.translator.voice.translation"]},{"rank":{"index":2,"lang":"de","country":"de","chineseCountryName":"德国","pkg":"com.spaceship.screen.textcopy"},"orders":["com.recognize_text.translate.screen","com.spaceship.screen.textcopy","com.tap_to_translate.snap_translate","com.niven.translator","com.gaminik.i18n","com.screen.translate.google","com.microsoft.translator","com.niven.game","com.google.android.apps.translate","com.niven.comic","com.image.camera.translate.ai","com.deepl.mobiletranslator","com.translate.talkingtranslator","at.nk.tools.iTranslate","com.newmg.yurao.pro","com.softissimo.reverso.context","com.datacomprojects.scanandtranslate","ru.yandex.translate","com.niven.apptranslate","com.erudite.translator"]},{"rank":{"index":2,"lang":"it","country":"it","chineseCountryName":"意大利","pkg":"com.spaceship.screen.textcopy"},"orders":["com.recognize_text.translate.screen","com.spaceship.screen.textcopy","com.niven.game","com.screen.translate.google","com.niven.translator","com.gaminik.i18n","com.tap_to_translate.snap_translate","com.microsoft.translator","com.image.camera.translate.ai","com.niven.comic","com.google.android.apps.translate","com.newmg.yurao.pro","com.datacomprojects.scanandtranslate","at.nk.tools.iTranslate","com.niven.apptranslate","com.deepl.mobiletranslator","com.softissimo.reverso.context","com.audacityittranslator.translatetexttranslator","com.translate.language.translator.voice.translation","com.aldoo.pdftranslatorpro"]},{"rank":{"index":2,"lang":"ja","country":"jp","chineseCountryName":"日本","pkg":"com.spaceship.screen.textcopy"},"orders":["com.recognize_text.translate.screen","com.spaceship.screen.textcopy","com.gaminik.i18n","com.niven.game","com.microsoft.translator","com.niven.translator","com.screen.translate.google","com.tap_to_translate.snap_translate","com.google.android.apps.translate","com.deepl.mobiletranslator","com.google.ar.lens","com.niven.comic","com.naver.labs.translator","com.datacomprojects.scanandtranslate","at.nk.tools.iTranslate","com.sayhi.android.sayhitranslate","com.facebook.orca","com.niven.apptranslate","com.android.chrome","com.translate.talkingtranslator"]},{"rank":{"index":2,"lang":"ko","country":"kr","chineseCountryName":"韩国","pkg":"com.spaceship.screen.textcopy"},"orders":["com.recognize_text.translate.screen","com.spaceship.screen.textcopy","com.tap_to_translate.snap_translate","com.gaminik.i18n","com.niven.translator","com.niven.game","com.screen.translate.google","com.niven.comic","com.microsoft.translator","com.newmg.yurao.pro","com.naver.labs.translator","com.google.android.apps.translate","com.image.camera.translate.ai","com.niven.apptranslate","com.audacityittranslator.translatetexttranslator","com.facebook.orca","com.duolingo","com.discord","com.deepl.mobiletranslator","com.openai.chatgpt"]},{"rank":{"index":2,"lang":"zh-hk","country":"hk","chineseCountryName":"香港","pkg":"com.spaceship.screen.textcopy"},"orders":["com.recognize_text.translate.screen","com.spaceship.screen.textcopy","com.gaminik.i18n","com.screen.translate.google","com.niven.translator","com.niven.game","com.microsoft.translator","com.tap_to_translate.snap_translate","com.google.android.apps.translate","com.image.camera.translate.ai","com.niven.comic","at.nk.tools.iTranslate","com.tangdi.baiguotong","com.newmg.yurao.pro","com.datacomprojects.scanandtranslate","com.translate.talkingtranslator","com.translate.language.translator.voice.translation","com.google.ar.lens","com.audacityittranslator.translatetexttranslator","com.deepl.mobiletranslator"]},{"rank":{"index":2,"lang":"zh-tw","country":"tw","chineseCountryName":"台湾","pkg":"com.spaceship.screen.textcopy"},"orders":["com.recognize_text.translate.screen","com.spaceship.screen.textcopy","com.gaminik.i18n","com.screen.translate.google","com.niven.translator","com.niven.game","com.microsoft.translator","com.tap_to_translate.snap_translate","com.image.camera.translate.ai","com.niven.comic","com.google.android.apps.translate","at.nk.tools.iTranslate","com.tangdi.baiguotong","com.newmg.yurao.pro","com.datacomprojects.scanandtranslate","com.youdao.hindict","com.niven.apptranslate","com.translate.language.translator.voice.translation","com.audacityittranslator.translatetexttranslator","com.translate.talkingtranslator"]},{"rank":{"index":2,"lang":"en","country":"in","chineseCountryName":"印度","pkg":"com.spaceship.screen.textcopy"},"orders":["com.recognize_text.translate.screen","com.spaceship.screen.textcopy","com.google.android.apps.translate","com.tap_to_translate.snap_translate","com.zaz.translate","com.niven.translator","com.newmg.yurao.pro","com.screen.translate.google","com.niven.game","com.gaminik.i18n","at.nk.tools.iTranslate","com.google.ar.lens","com.sayhi.android.sayhitranslate","com.softissimo.reverso.context","com.deepl.mobiletranslator","com.ticktalk.translatevoice","com.translate.talkingtranslator","ru.yandex.translate","com.microsoft.translator"]},{"rank":{"index":2,"lang":"id","country":"id","chineseCountryName":"印尼","pkg":"com.spaceship.screen.textcopy"},"orders":["com.recognize_text.translate.screen","com.spaceship.screen.textcopy","com.tap_to_translate.snap_translate","com.niven.translator","com.screen.translate.google","com.niven.game","com.gaminik.i18n","com.niven.comic","com.youdao.hindict","com.google.android.apps.translate","com.newmg.yurao.pro"]},{"rank":{"index":2,"lang":"es-mx","country":"mx","chineseCountryName":"墨西哥","pkg":"com.spaceship.screen.textcopy"},"orders":["com.recognize_text.translate.screen","com.spaceship.screen.textcopy","com.tap_to_translate.snap_translate","com.niven.game","com.microsoft.translator","com.gaminik.i18n","com.google.android.apps.translate","com.screen.translate.google","at.nk.tools.iTranslate","com.niven.comic","com.deepl.mobiletranslator","ru.yandex.translate","com.youdao.hindict","com.naver.labs.translator","com.newmg.yurao.pro","com.translate.talkingtranslator","com.sayhi.android.sayhitranslate","com.google.ar.lens","com.softissimo.reverso.context","com.niven.translator"]}]