[{"rank":{"index":2,"lang":"en-us","country":"us","chineseCountryName":"美国","pkg":"com.spaceship.screen.textcopy"},"orders":["com.recognize_text.translate.screen","com.spaceship.screen.textcopy","com.niven.translator","com.google.android.apps.translate","com.tap_to_translate.snap_translate","com.gaminik.i18n","com.newmg.yurao.pro","com.microsoft.translator","com.zaz.translate","com.deepl.mobiletranslator","com.screen.translate.google","com.immersivetranslate.browser","live.screentranslate.realtime","com.eecorp.linguago","photo.translate.camera.translator","com.naver.labs.translator","com.niven.game","com.niven.apptranslate","at.nk.tools.iTranslate","com.translate.talkingtranslator"]},{"rank":{"index":3,"lang":"ru","country":"ru","chineseCountryName":"俄罗斯","pkg":"com.spaceship.screen.textcopy"},"orders":["com.recognize_text.translate.screen","com.niven.translator","com.spaceship.screen.textcopy","com.tap_to_translate.snap_translate","com.newmg.yurao.pro","com.gaminik.i18n","com.zaz.translate","com.deepl.mobiletranslator","com.screen.translate.google","com.google.android.apps.translate","com.microsoft.translator","ru.yandex.translate","com.niven.game","live.screentranslate.realtime","photo.translate.camera.translator","com.voice_camera_free_translate","com.eecorp.linguago","com.niven.apptranslate","com.immersivetranslate.browser","com.naver.labs.translator"]},{"rank":{"index":2,"lang":"pt-br","country":"br","chineseCountryName":"巴西","pkg":"com.spaceship.screen.textcopy"},"orders":["com.recognize_text.translate.screen","com.spaceship.screen.textcopy","com.niven.translator","com.tap_to_translate.snap_translate","com.gaminik.i18n","com.newmg.yurao.pro","com.zaz.translate","com.google.android.apps.translate","com.screen.translate.google","com.eecorp.linguago","com.microsoft.translator","live.screentranslate.realtime","com.niven.game","com.deepl.mobiletranslator","com.voice_camera_free_translate","photo.translate.camera.translator","com.immersivetranslate.browser","com.niven.apptranslate","com.naver.labs.translator","ru.yandex.translate"]},{"rank":{"index":2,"lang":"fr","country":"fr","chineseCountryName":"法国","pkg":"com.spaceship.screen.textcopy"},"orders":["com.recognize_text.translate.screen","com.spaceship.screen.textcopy","com.tap_to_translate.snap_translate","com.niven.translator","com.gaminik.i18n","com.newmg.yurao.pro","com.zaz.translate","com.screen.translate.google","com.eecorp.linguago","live.screentranslate.realtime","com.google.android.apps.translate","com.deepl.mobiletranslator","com.immersivetranslate.browser","com.microsoft.translator","com.niven.game","com.niven.apptranslate","com.fapp.translate.language.translator.fasttranslation","com.naver.labs.translator","photo.translate.camera.translator","com.datacomprojects.scanandtranslate"]},{"rank":{"index":2,"lang":"en-gb","country":"gb","chineseCountryName":"英国","pkg":"com.spaceship.screen.textcopy"},"orders":["com.recognize_text.translate.screen","com.spaceship.screen.textcopy","com.niven.translator","com.tap_to_translate.snap_translate","com.google.android.apps.translate","com.zaz.translate","com.newmg.yurao.pro","com.microsoft.translator","com.gaminik.i18n","com.deepl.mobiletranslator","com.immersivetranslate.browser","com.naver.labs.translator","com.screen.translate.google"]},{"rank":{"index":2,"lang":"de","country":"de","chineseCountryName":"德国","pkg":"com.spaceship.screen.textcopy"},"orders":["com.recognize_text.translate.screen","com.spaceship.screen.textcopy","com.niven.translator","com.tap_to_translate.snap_translate","com.gaminik.i18n","com.newmg.yurao.pro","com.screen.translate.google","com.zaz.translate","com.eecorp.linguago","live.screentranslate.realtime","com.google.android.apps.translate","com.voice_camera_free_translate","com.deepl.mobiletranslator","com.immersivetranslate.browser","com.niven.apptranslate","com.niven.game","com.microsoft.translator","com.openai.chatgpt","com.naver.labs.translator","com.android.chrome"]},{"rank":{"index":2,"lang":"it","country":"it","chineseCountryName":"意大利","pkg":"com.spaceship.screen.textcopy"},"orders":["com.recognize_text.translate.screen","com.spaceship.screen.textcopy","com.niven.translator","com.tap_to_translate.snap_translate","com.gaminik.i18n","com.newmg.yurao.pro","com.zaz.translate","com.screen.translate.google","com.google.android.apps.translate","com.eecorp.linguago","live.screentranslate.realtime","com.voice_camera_free_translate","com.deepl.mobiletranslator","com.immersivetranslate.browser","com.microsoft.translator","com.openai.chatgpt","photo.translate.camera.translator","com.niven.apptranslate","com.android.chrome","com.niven.game"]},{"rank":{"index":2,"lang":"ja","country":"jp","chineseCountryName":"日本","pkg":"com.spaceship.screen.textcopy"},"orders":["com.recognize_text.translate.screen","com.spaceship.screen.textcopy","com.tap_to_translate.snap_translate","com.gaminik.i18n","com.niven.translator","com.newmg.yurao.pro","com.screen.translate.google","com.google.android.apps.translate","com.zaz.translate","com.eecorp.linguago","com.naver.labs.translator","com.immersivetranslate.browser","com.deepl.mobiletranslator","com.microsoft.translator","com.google.ar.lens"]},{"rank":{"index":2,"lang":"ko","country":"kr","chineseCountryName":"韩国","pkg":"com.spaceship.screen.textcopy"},"orders":["com.recognize_text.translate.screen","com.spaceship.screen.textcopy","com.tap_to_translate.snap_translate","com.niven.translator","com.newmg.yurao.pro","com.gaminik.i18n","com.zaz.translate","com.screen.translate.google","com.naver.labs.translator","live.screentranslate.realtime","com.eecorp.linguago","com.google.android.apps.translate","com.deepl.mobiletranslator","com.niven.apptranslate","com.immersivetranslate.browser","com.microsoft.translator","com.openai.chatgpt","com.android.chrome","com.google.ar.lens","photo.translate.camera.translator"]},{"rank":{"index":2,"lang":"zh-hk","country":"hk","chineseCountryName":"香港","pkg":"com.spaceship.screen.textcopy"},"orders":["com.recognize_text.translate.screen","com.spaceship.screen.textcopy","com.tap_to_translate.snap_translate","com.gaminik.i18n","com.niven.translator","com.newmg.yurao.pro","com.screen.translate.google","com.zaz.translate","com.google.android.apps.translate","live.screentranslate.realtime","com.eecorp.linguago","com.microsoft.translator","com.voice_camera_free_translate","com.niven.apptranslate","com.deepl.mobiletranslator","com.naver.labs.translator","com.immersivetranslate.browser","com.niven.game","photo.translate.camera.translator","at.nk.tools.iTranslate"]},{"rank":{"index":3,"lang":"zh-tw","country":"tw","chineseCountryName":"台湾","pkg":"com.spaceship.screen.textcopy"},"orders":["com.recognize_text.translate.screen","com.tap_to_translate.snap_translate","com.spaceship.screen.textcopy","com.gaminik.i18n","com.niven.translator","com.newmg.yurao.pro","com.zaz.translate","com.screen.translate.google","com.google.android.apps.translate","live.screentranslate.realtime","com.eecorp.linguago","com.microsoft.translator","com.voice_camera_free_translate","com.deepl.mobiletranslator","com.niven.game","com.immersivetranslate.browser","com.naver.labs.translator","com.niven.apptranslate","photo.translate.camera.translator","at.nk.tools.iTranslate"]},{"rank":{"index":2,"lang":"en","country":"in","chineseCountryName":"印度","pkg":"com.spaceship.screen.textcopy"},"orders":["com.recognize_text.translate.screen","com.spaceship.screen.textcopy","com.newmg.yurao.pro"]},{"rank":{"index":2,"lang":"id","country":"id","chineseCountryName":"印尼","pkg":"com.spaceship.screen.textcopy"},"orders":["com.recognize_text.translate.screen","com.spaceship.screen.textcopy","com.tap_to_translate.snap_translate","com.niven.translator","com.gaminik.i18n","com.newmg.yurao.pro","com.google.android.apps.translate","com.zaz.translate","com.screen.translate.google","com.eecorp.linguago","com.deepl.mobiletranslator","com.niven.game","live.screentranslate.realtime","com.microsoft.translator","com.naver.labs.translator","photo.translate.camera.translator","com.niven.apptranslate","com.fapp.translate.language.translator.fasttranslation","com.immersivetranslate.browser","at.nk.tools.iTranslate"]},{"rank":{"index":1,"lang":"es-mx","country":"mx","chineseCountryName":"墨西哥","pkg":"com.spaceship.screen.textcopy"},"orders":["com.spaceship.screen.textcopy","com.recognize_text.translate.screen","com.tap_to_translate.snap_translate","com.niven.translator","com.gaminik.i18n","com.newmg.yurao.pro","com.zaz.translate","live.screentranslate.realtime","com.screen.translate.google","com.eecorp.linguago","com.google.android.apps.translate","com.deepl.mobiletranslator","com.niven.apptranslate","com.immersivetranslate.browser","com.microsoft.translator","com.niven.game","com.openai.chatgpt","com.android.chrome","com.facebook.orca","at.nk.tools.iTranslate"]}]