[{"rank":{"index":2,"lang":"en-us","country":"us","chineseCountryName":"美国","pkg":"com.spaceship.screen.textcopy"},"orders":["com.recognize_text.translate.screen","com.spaceship.screen.textcopy","com.tap_to_translate.snap_translate","com.gaminik.i18n","com.microsoft.translator","com.mg.yurao.google","com.google.android.apps.translate","com.niven.game","com.niven.translator","com.eecorp.linguago","com.niven.apptranslate","com.niven.comic","com.newmg.yurao.pro","screen.translator.voice.translate","com.zaz.translate","com.sayhi.android.sayhitranslate","at.nk.tools.iTranslate","com.tranit.text.translate","com.naver.labs.translator","com.ydzlabs.chattranslator"]},{"rank":{"index":3,"lang":"ru","country":"ru","chineseCountryName":"俄罗斯","pkg":"com.spaceship.screen.textcopy"},"orders":["com.recognize_text.translate.screen","com.tap_to_translate.snap_translate","com.spaceship.screen.textcopy","com.gaminik.i18n","com.niven.translator","com.niven.game","com.microsoft.translator","com.eecorp.linguago","com.google.android.apps.translate","com.niven.comic","screen.translator.voice.translate","com.niven.apptranslate","com.pidev.screentranslator","ru.yandex.translate","com.chat_translate.screen_translate","com.tranit.text.translate","com.sayhi.android.sayhitranslate","com.deepl.mobiletranslator","com.weekway.screen_translation","com.youdao.hindict"]},{"rank":{"index":2,"lang":"pt-br","country":"br","chineseCountryName":"巴西","pkg":"com.spaceship.screen.textcopy"},"orders":["com.recognize_text.translate.screen","com.spaceship.screen.textcopy","com.tap_to_translate.snap_translate","com.gaminik.i18n","com.niven.game","com.mg.yurao.google","com.niven.translator","com.eecorp.linguago","com.niven.comic","screen.translator.voice.translate","com.niven.apptranslate","com.tranit.text.translate","com.microsoft.translator","com.youdao.hindict","com.pidev.screentranslator","com.google.android.apps.translate","com.chat_translate.screen_translate","com.zaz.translate","com.android.chrome","at.nk.tools.iTranslate"]},{"rank":{"index":2,"lang":"fr","country":"fr","chineseCountryName":"法国","pkg":"com.spaceship.screen.textcopy"},"orders":["com.recognize_text.translate.screen","com.spaceship.screen.textcopy","com.gaminik.i18n","com.niven.game","com.mg.yurao.google","com.eecorp.linguago","com.tap_to_translate.snap_translate","com.niven.comic","screen.translator.voice.translate","com.niven.translator","com.microsoft.translator","com.niven.apptranslate","com.google.android.apps.translate","com.pidev.screentranslator","com.chat_translate.screen_translate","com.tranit.text.translate","com.zaz.translate","com.newmg.yurao.pro","at.nk.tools.iTranslate","us.zoom.videomeetings"]},{"rank":{"index":2,"lang":"en-gb","country":"gb","chineseCountryName":"英国","pkg":"com.spaceship.screen.textcopy"},"orders":["com.recognize_text.translate.screen","com.spaceship.screen.textcopy","com.tap_to_translate.snap_translate","com.gaminik.i18n","com.microsoft.translator","com.mg.yurao.google","com.google.android.apps.translate","com.niven.game","screen.translator.voice.translate","com.niven.translator","com.niven.comic","com.eecorp.linguago","com.zaz.translate","com.niven.apptranslate","com.sayhi.android.sayhitranslate","com.tranit.text.translate","com.newmg.yurao.pro","at.nk.tools.iTranslate","com.translator.yellow","com.youdao.hindict"]},{"rank":{"index":2,"lang":"de","country":"de","chineseCountryName":"德国","pkg":"com.spaceship.screen.textcopy"},"orders":["com.recognize_text.translate.screen","com.spaceship.screen.textcopy","com.mg.yurao.google","com.gaminik.i18n","com.niven.game","com.tap_to_translate.snap_translate","com.niven.translator","com.niven.comic","com.eecorp.linguago","com.microsoft.translator","com.niven.apptranslate","screen.translator.voice.translate","com.newmg.yurao.pro","com.zaz.translate","com.google.android.apps.translate","com.deepl.mobiletranslator","com.sayhi.android.sayhitranslate","com.pidev.screentranslator","ru.yandex.translate","com.translate.talkingtranslator"]},{"rank":{"index":2,"lang":"it","country":"it","chineseCountryName":"意大利","pkg":"com.spaceship.screen.textcopy"},"orders":["com.recognize_text.translate.screen","com.spaceship.screen.textcopy","com.gaminik.i18n","com.niven.game","screen.translator.voice.translate","com.mg.yurao.google","com.tap_to_translate.snap_translate","com.eecorp.linguago","com.niven.comic","com.niven.translator","com.microsoft.translator","com.zaz.translate","com.niven.apptranslate","com.pidev.screentranslator","com.google.android.apps.translate","com.chat_translate.screen_translate","com.newmg.yurao.pro","com.translator.translation.screen.translate.voice.languages.text.translating","us.zoom.videomeetings","com.deepl.mobiletranslator"]},{"rank":{"index":3,"lang":"ja","country":"jp","chineseCountryName":"日本","pkg":"com.spaceship.screen.textcopy"},"orders":["com.recognize_text.translate.screen","com.tap_to_translate.snap_translate","com.spaceship.screen.textcopy","com.gaminik.i18n","com.mg.yurao.google","com.niven.game","com.eecorp.linguago","com.niven.translator","com.niven.comic","screen.translator.voice.translate","com.newmg.yurao.pro","com.pidev.screentranslator","com.niven.apptranslate","com.chat_translate.screen_translate","com.google.android.apps.translate","us.zoom.videomeetings","com.eecorp.taptranslator","com.deepl.mobiletranslator","com.google.android.dialer","com.naver.labs.translator"]},{"rank":{"index":3,"lang":"ko","country":"kr","chineseCountryName":"韩国","pkg":"com.spaceship.screen.textcopy"},"orders":["com.recognize_text.translate.screen","com.tap_to_translate.snap_translate","com.spaceship.screen.textcopy","com.gaminik.i18n","com.mg.yurao.google","com.niven.game","com.microsoft.translator","com.niven.translator","com.eecorp.linguago","com.google.android.apps.translate","com.niven.comic","com.naver.labs.translator","screen.translator.voice.translate","com.newmg.yurao.pro","com.niven.apptranslate","com.zaz.translate","com.pidev.screentranslator","com.deepl.mobiletranslator","com.chat_translate.screen_translate","at.nk.tools.iTranslate"]},{"rank":{"index":2,"lang":"zh-hk","country":"hk","chineseCountryName":"香港","pkg":"com.spaceship.screen.textcopy"},"orders":["com.recognize_text.translate.screen","com.spaceship.screen.textcopy","com.tap_to_translate.snap_translate","com.gaminik.i18n","com.mg.yurao.google","com.niven.game","com.microsoft.translator","com.google.android.apps.translate","com.niven.translator","com.eecorp.linguago","com.niven.comic","screen.translator.voice.translate","com.newmg.yurao.pro","com.zaz.translate","com.niven.apptranslate","com.youdao.hindict","com.pidev.screentranslator","at.nk.tools.iTranslate","com.naver.labs.translator","com.chat_translate.screen_translate"]},{"rank":{"index":5,"lang":"zh-tw","country":"tw","chineseCountryName":"台湾","pkg":"com.spaceship.screen.textcopy"},"orders":["com.recognize_text.translate.screen","com.mg.yurao.google","com.tap_to_translate.snap_translate","com.gaminik.i18n","com.spaceship.screen.textcopy","com.niven.game","com.microsoft.translator","com.niven.translator","com.google.android.apps.translate","com.niven.comic","com.eecorp.linguago","com.zaz.translate","com.niven.apptranslate","screen.translator.voice.translate","com.newmg.yurao.pro","com.youdao.hindict","com.tranit.text.translate","com.pidev.screentranslator","com.sayhi.android.sayhitranslate","com.naver.labs.translator"]},{"rank":{"index":3,"lang":"en","country":"in","chineseCountryName":"印度","pkg":"com.spaceship.screen.textcopy"},"orders":["com.recognize_text.translate.screen","com.tap_to_translate.snap_translate","com.spaceship.screen.textcopy","com.google.android.apps.translate","screen.translator.voice.translate","com.microsoft.translator","com.zaz.translate","com.mg.yurao.google","com.gaminik.i18n","com.niven.translator","com.niven.game","com.tranit.text.translate","com.eecorp.linguago","com.niven.comic","at.nk.tools.iTranslate","com.ydzlabs.chattranslator","com.newmg.yurao.pro","com.niven.apptranslate","com.talpa.translate","com.naver.labs.translator"]},{"rank":{"index":2,"lang":"id","country":"id","chineseCountryName":"印尼","pkg":"com.spaceship.screen.textcopy"},"orders":["com.recognize_text.translate.screen","com.spaceship.screen.textcopy","com.gaminik.i18n","com.eecorp.linguago","com.mg.yurao.google","com.tap_to_translate.snap_translate","com.niven.game","com.niven.comic","com.newmg.yurao.pro","com.niven.translator","com.pidev.screentranslator","screen.translator.voice.translate","com.google.android.apps.translate","com.youdao.hindict","com.chat_translate.screen_translate","com.niven.apptranslate","com.softissimo.reverso.context","us.zoom.videomeetings","com.naver.labs.translator","com.deepl.mobiletranslator"]},{"rank":{"index":3,"lang":"es-mx","country":"mx","chineseCountryName":"墨西哥","pkg":"com.spaceship.screen.textcopy"},"orders":["com.recognize_text.translate.screen","com.gaminik.i18n","com.spaceship.screen.textcopy","com.tap_to_translate.snap_translate","com.niven.game","com.mg.yurao.google","com.niven.translator","com.niven.comic","com.eecorp.linguago","com.youdao.hindict","com.niven.apptranslate","com.microsoft.translator","screen.translator.voice.translate","com.pidev.screentranslator","com.zaz.translate","com.tranit.text.translate","com.google.android.apps.translate","at.nk.tools.iTranslate","com.chat_translate.screen_translate","com.translator.translation.screen.translate.voice.languages.text.translating"]}]