[{"rank":{"index":2,"lang":"en-us","country":"us","chineseCountryName":"美国","pkg":"com.spaceship.screen.textcopy"},"orders":["com.recognize_text.translate.screen","com.spaceship.screen.textcopy","com.microsoft.translator","com.gaminik.i18n","com.newmg.yurao.pro","com.google.android.apps.translate","com.niven.game","com.tap_to_translate.snap_translate","com.niven.translator","at.nk.tools.iTranslate","com.eecorp.taptranslator","com.niven.comic","com.niven.apptranslate","com.deepl.mobiletranslator","com.galaxy.airviewdictionary","com.google.ar.lens","com.easytranslate.easytranslate","com.translate.talkingtranslator","com.softissimo.reverso.context","com.siv"]},{"rank":{"index":2,"lang":"ru","country":"ru","chineseCountryName":"俄罗斯","pkg":"com.spaceship.screen.textcopy"},"orders":["com.recognize_text.translate.screen","com.spaceship.screen.textcopy","com.tap_to_translate.snap_translate","com.gaminik.i18n","com.niven.translator","com.niven.game","com.microsoft.translator","com.google.android.apps.translate","com.newmg.yurao.pro","com.niven.comic","at.nk.tools.iTranslate","com.niven.apptranslate","ru.yandex.translate","com.deepl.mobiletranslator","com.softissimo.reverso.context","com.google.ar.lens","com.screen.translate.google","com.google.android.inputmethod.latin","com.translate.language.translator.voice.translation","com.kursx.smartbook"]},{"rank":{"index":2,"lang":"pt-br","country":"br","chineseCountryName":"巴西","pkg":"com.spaceship.screen.textcopy"},"orders":["com.recognize_text.translate.screen","com.spaceship.screen.textcopy","com.tap_to_translate.snap_translate","com.gaminik.i18n","com.niven.translator","com.niven.game","com.niven.comic","com.niven.apptranslate","com.newmg.yurao.pro","com.google.android.apps.translate","com.eecorp.taptranslator","com.microsoft.translator","com.translate.language.translator.voice.translation","com.youdao.hindict","at.nk.tools.iTranslate","com.galaxy.airviewdictionary","com.screen.translate.google","com.google.android.apps.photos","com.softissimo.reverso.context","com.skype.raider"]},{"rank":{"index":2,"lang":"fr","country":"fr","chineseCountryName":"法国","pkg":"com.spaceship.screen.textcopy"},"orders":["com.recognize_text.translate.screen","com.spaceship.screen.textcopy","com.gaminik.i18n","com.niven.game","com.niven.translator","com.tap_to_translate.snap_translate","com.microsoft.translator","com.niven.comic","com.newmg.yurao.pro","com.google.android.apps.translate","com.eecorp.taptranslator","com.niven.apptranslate","at.nk.tools.iTranslate","screen.translator.voice.translate","com.google.android.apps.photos","com.microsoft.office.outlook","com.intsig.camscanner","com.discord","com.softissimo.reverso.context","com.canva.editor"]},{"rank":{"index":2,"lang":"en-gb","country":"gb","chineseCountryName":"英国","pkg":"com.spaceship.screen.textcopy"},"orders":["com.recognize_text.translate.screen","com.spaceship.screen.textcopy","com.tap_to_translate.snap_translate","com.google.android.apps.translate","com.microsoft.translator","com.gaminik.i18n","com.niven.game","com.niven.translator","at.nk.tools.iTranslate","com.newmg.yurao.pro","com.niven.comic","com.eecorp.taptranslator","com.niven.apptranslate","com.galaxy.airviewdictionary","translate.all.language.translator.cameratranslator","com.softissimo.reverso.context","com.google.ar.lens","com.deepl.mobiletranslator","com.siv","com.youdao.hindict"]},{"rank":{"index":2,"lang":"de","country":"de","chineseCountryName":"德国","pkg":"com.spaceship.screen.textcopy"},"orders":["com.recognize_text.translate.screen","com.spaceship.screen.textcopy","com.gaminik.i18n","com.newmg.yurao.pro","com.niven.game","com.niven.translator","com.microsoft.translator","com.tap_to_translate.snap_translate","com.google.android.apps.translate","com.niven.comic","at.nk.tools.iTranslate","com.eecorp.taptranslator","com.deepl.mobiletranslator","com.niven.apptranslate","com.galaxy.airviewdictionary","com.softissimo.reverso.context","com.translate.talkingtranslator","com.microsoft.office.outlook","com.google.android.apps.photos","ru.yandex.translate"]},{"rank":{"index":2,"lang":"it","country":"it","chineseCountryName":"意大利","pkg":"com.spaceship.screen.textcopy"},"orders":["com.recognize_text.translate.screen","com.spaceship.screen.textcopy","com.gaminik.i18n","com.tap_to_translate.snap_translate","screen.translator.voice.translate","com.niven.game","com.niven.translator","com.newmg.yurao.pro","com.microsoft.translator","com.google.android.apps.translate","com.eecorp.taptranslator","com.niven.comic","at.nk.tools.iTranslate","com.galaxy.airviewdictionary","com.niven.apptranslate","com.screen.translate.google","com.eecorp.linguago","com.google.android.apps.photos","com.intsig.camscanner","com.softissimo.reverso.context"]},{"rank":{"index":2,"lang":"ja","country":"jp","chineseCountryName":"日本","pkg":"com.spaceship.screen.textcopy"},"orders":["com.recognize_text.translate.screen","com.spaceship.screen.textcopy","com.gaminik.i18n","com.niven.game","com.niven.translator","com.microsoft.translator","com.google.android.apps.translate","com.tap_to_translate.snap_translate","com.newmg.yurao.pro","com.niven.comic","com.google.ar.lens","com.niven.apptranslate","com.discord","com.deepl.mobiletranslator","com.android.chrome","com.google.android.apps.maps","at.nk.tools.iTranslate","com.naver.labs.translator","com.google.android.deskclock","com.skype.raider"]},{"rank":{"index":2,"lang":"ko","country":"kr","chineseCountryName":"韩国","pkg":"com.spaceship.screen.textcopy"},"orders":["com.recognize_text.translate.screen","com.spaceship.screen.textcopy","com.gaminik.i18n","com.tap_to_translate.snap_translate","com.microsoft.translator","com.google.android.apps.translate","com.niven.game","com.niven.translator","com.newmg.yurao.pro","com.niven.comic","at.nk.tools.iTranslate","com.niven.apptranslate","com.naver.labs.translator","com.eecorp.taptranslator","com.google.ar.lens","com.deepl.mobiletranslator","com.google.android.inputmethod.latin","translate.all.language.translator.cameratranslator","com.screen.translate.google","com.siv"]},{"rank":{"index":2,"lang":"zh-hk","country":"hk","chineseCountryName":"香港","pkg":"com.spaceship.screen.textcopy"},"orders":["com.recognize_text.translate.screen","com.spaceship.screen.textcopy","com.tap_to_translate.snap_translate","com.gaminik.i18n","com.microsoft.translator","com.google.android.apps.translate","com.niven.game","com.niven.translator","at.nk.tools.iTranslate","com.niven.comic","com.newmg.yurao.pro","com.niven.apptranslate","com.tangdi.baiguotong","com.eecorp.taptranslator","com.galaxy.airviewdictionary","com.google.ar.lens","com.youdao.hindict","translate.all.language.translator.cameratranslator","com.screen.translate.google","com.softissimo.reverso.context"]},{"rank":{"index":2,"lang":"zh-tw","country":"tw","chineseCountryName":"台湾","pkg":"com.spaceship.screen.textcopy"},"orders":["com.recognize_text.translate.screen","com.spaceship.screen.textcopy","com.niven.game","com.microsoft.translator","com.gaminik.i18n","com.google.android.apps.translate","com.niven.translator","at.nk.tools.iTranslate","com.tap_to_translate.snap_translate","com.niven.comic","com.newmg.yurao.pro","com.niven.apptranslate","com.youdao.hindict","com.galaxy.airviewdictionary","com.eecorp.taptranslator","com.tangdi.baiguotong","com.google.ar.lens","com.deepl.mobiletranslator","translate.all.language.translator.cameratranslator","com.siv"]},{"rank":{"index":2,"lang":"en","country":"in","chineseCountryName":"印度","pkg":"com.spaceship.screen.textcopy"},"orders":["com.recognize_text.translate.screen","com.spaceship.screen.textcopy","com.google.android.apps.translate","com.tap_to_translate.snap_translate","com.microsoft.translator","com.niven.game","at.nk.tools.iTranslate","com.zaz.translate","com.niven.translator","com.gaminik.i18n"]},{"rank":{"index":1,"lang":"id","country":"id","chineseCountryName":"印尼","pkg":"com.spaceship.screen.textcopy"},"orders":["com.spaceship.screen.textcopy","com.recognize_text.translate.screen","com.gaminik.i18n","com.tap_to_translate.snap_translate","com.niven.game","com.niven.translator","com.niven.comic","com.newmg.yurao.pro","com.youdao.hindict","com.niven.apptranslate","com.eecorp.taptranslator","com.google.android.apps.translate"]},{"rank":{"index":2,"lang":"es-mx","country":"mx","chineseCountryName":"墨西哥","pkg":"com.spaceship.screen.textcopy"},"orders":["com.recognize_text.translate.screen","com.spaceship.screen.textcopy","com.gaminik.i18n","com.niven.game","com.niven.translator","com.niven.comic","com.tap_to_translate.snap_translate","com.newmg.yurao.pro","com.google.android.apps.translate","com.microsoft.translator","com.niven.apptranslate","com.galaxy.airviewdictionary","com.eecorp.taptranslator","at.nk.tools.iTranslate","com.google.android.apps.photos","com.youdao.hindict","com.android.chrome","com.google.android.apps.docs","com.google.android.apps.maps","com.discord"]}]