[{"rank":{"index":2,"lang":"en-us","country":"us","chineseCountryName":"美国","pkg":"com.spaceship.screen.textcopy"},"orders":["com.recognize_text.translate.screen","com.spaceship.screen.textcopy","com.tap_to_translate.snap_translate","com.gaminik.i18n","com.newmg.yurao.pro","com.google.android.apps.translate","com.microsoft.translator","com.niven.game","com.niven.translator","com.tangdi.baiguotong","com.naver.labs.translator","com.paninitranslate","com.deepl.mobiletranslator","at.nk.tools.iTranslate","com.zaz.translate","com.sayhi.android.sayhitranslate","com.google.android.deskclock","com.gonext.chinesetranslator","com.android.chrome","com.simplemobiletools.draw.pro"]},{"rank":{"index":2,"lang":"ru","country":"ru","chineseCountryName":"俄罗斯","pkg":"com.spaceship.screen.textcopy"},"orders":["com.recognize_text.translate.screen","com.spaceship.screen.textcopy","com.tap_to_translate.snap_translate","com.gaminik.i18n","com.google.android.apps.translate","com.niven.translator","com.niven.game","com.microsoft.translator","ru.yandex.translate","com.newmg.yurao.pro","com.simplemobiletools.draw.pro","com.tangdi.baiguotong","com.zaz.translate","com.deepl.mobiletranslator","com.naver.labs.translator","at.nk.tools.iTranslate","com.google.android.deskclock","com.softissimo.reverso.context","com.google.ar.lens","com.niven.comic"]},{"rank":{"index":2,"lang":"pt-br","country":"br","chineseCountryName":"巴西","pkg":"com.spaceship.screen.textcopy"},"orders":["com.recognize_text.translate.screen","com.spaceship.screen.textcopy","com.tap_to_translate.snap_translate","com.gaminik.i18n","com.niven.translator","com.niven.game","com.newmg.yurao.pro","com.google.android.apps.translate","com.google.android.deskclock","com.microsoft.translator","com.android.chrome","com.google.android.apps.photos","com.simplemobiletools.draw.pro","com.google.android.apps.maps","com.google.android.apps.docs","com.skype.raider","com.google.android.apps.youtube.creator","com.microsoft.office.outlook","com.discord","com.galaxy.airviewdictionary"]},{"rank":{"index":2,"lang":"fr","country":"fr","chineseCountryName":"法国","pkg":"com.spaceship.screen.textcopy"},"orders":["com.recognize_text.translate.screen","com.spaceship.screen.textcopy","com.gaminik.i18n","com.niven.translator","com.tap_to_translate.snap_translate","screen.translator.voice.translate","com.niven.game","com.newmg.yurao.pro","com.subtitle.google","com.screen.translate.google","com.galaxy.airviewdictionary","com.google.android.apps.translate","com.ydzlabs.chattranslator","com.google.android.apps.photos","com.android.chrome","com.google.android.deskclock","com.canva.editor","com.microsoft.translator","com.truecaller","com.microsoft.office.outlook"]},{"rank":{"index":2,"lang":"en-gb","country":"gb","chineseCountryName":"英国","pkg":"com.spaceship.screen.textcopy"},"orders":["com.recognize_text.translate.screen","com.spaceship.screen.textcopy","com.tap_to_translate.snap_translate","com.google.android.apps.translate","com.gaminik.i18n","com.microsoft.translator","com.niven.game","com.niven.translator","com.zaz.translate","com.newmg.yurao.pro","com.tangdi.baiguotong","com.simplemobiletools.draw.pro","com.deepl.mobiletranslator","com.naver.labs.translator","com.google.android.deskclock","com.paninitranslate","com.android.chrome","at.nk.tools.iTranslate","com.google.android.apps.photos","com.google.android.apps.maps"]},{"rank":{"index":2,"lang":"de","country":"de","chineseCountryName":"德国","pkg":"com.spaceship.screen.textcopy"},"orders":["com.recognize_text.translate.screen","com.spaceship.screen.textcopy","com.gaminik.i18n","com.newmg.yurao.pro","com.niven.translator","com.niven.game","com.tap_to_translate.snap_translate","com.google.android.apps.translate","com.microsoft.translator","com.android.chrome","com.google.android.apps.photos","com.discord","com.deepl.mobiletranslator","com.skype.raider","com.google.android.deskclock","com.truecaller","com.google.android.apps.maps","com.microsoft.office.outlook","com.openai.chatgpt","com.sec.android.app.sbrowser"]},{"rank":{"index":2,"lang":"it","country":"it","chineseCountryName":"意大利","pkg":"com.spaceship.screen.textcopy"},"orders":["com.recognize_text.translate.screen","com.spaceship.screen.textcopy","com.tap_to_translate.snap_translate","com.gaminik.i18n","screen.translator.voice.translate","com.niven.game","com.niven.translator","com.google.android.apps.translate","com.newmg.yurao.pro","com.microsoft.translator","com.deepl.mobiletranslator","com.screen.translate.google","com.zaz.translate","com.tangdi.baiguotong","com.simplemobiletools.draw.pro","com.niven.apptranslate","com.google.android.deskclock","com.galaxy.airviewdictionary","com.ydzlabs.chattranslator","camtranslator.voice.text.image.translate"]},{"rank":{"index":2,"lang":"ja","country":"jp","chineseCountryName":"日本","pkg":"com.spaceship.screen.textcopy"},"orders":["com.recognize_text.translate.screen","com.spaceship.screen.textcopy","com.gaminik.i18n","com.niven.game","com.galaxy.airviewdictionary","com.tap_to_translate.snap_translate","com.google.android.apps.translate","com.deepl.mobiletranslator","com.niven.translator","com.android.chrome","com.discord","com.google.android.apps.maps","com.newmg.yurao.pro","com.google.android.deskclock","com.naver.labs.translator","com.microsoft.translator","com.duolingo","com.skype.raider","com.google.android.apps.photos","us.zoom.videomeetings"]},{"rank":{"index":2,"lang":"ko","country":"kr","chineseCountryName":"韩国","pkg":"com.spaceship.screen.textcopy"},"orders":["com.recognize_text.translate.screen","com.spaceship.screen.textcopy","com.gaminik.i18n","com.tap_to_translate.snap_translate","com.microsoft.translator","com.google.android.apps.translate","com.niven.game","com.niven.translator","com.newmg.yurao.pro","com.zaz.translate","com.simplemobiletools.draw.pro","com.naver.labs.translator","com.deepl.mobiletranslator","at.nk.tools.iTranslate","com.paninitranslate","com.google.android.deskclock","com.sec.android.app.sbrowser","com.google.android.inputmethod.latin","com.duolingo","com.android.chrome"]},{"rank":{"index":2,"lang":"zh-hk","country":"hk","chineseCountryName":"香港","pkg":"com.spaceship.screen.textcopy"},"orders":["com.recognize_text.translate.screen","com.spaceship.screen.textcopy","com.tap_to_translate.snap_translate","com.gaminik.i18n","com.microsoft.translator","com.google.android.apps.translate","com.niven.game","com.niven.translator","com.zaz.translate","com.newmg.yurao.pro","com.tangdi.baiguotong","com.naver.labs.translator","com.deepl.mobiletranslator","com.sayhi.android.sayhitranslate","ru.yandex.translate","at.nk.tools.iTranslate","com.gonext.chinesetranslator","com.niven.comic","com.paninitranslate","com.simplemobiletools.draw.pro"]},{"rank":{"index":2,"lang":"zh-tw","country":"tw","chineseCountryName":"台湾","pkg":"com.spaceship.screen.textcopy"},"orders":["com.recognize_text.translate.screen","com.spaceship.screen.textcopy","com.tap_to_translate.snap_translate","com.gaminik.i18n","com.niven.game","com.google.android.apps.translate","com.niven.translator","com.microsoft.translator","com.newmg.yurao.pro","com.tangdi.baiguotong","com.simplemobiletools.draw.pro","com.zaz.translate","com.paninitranslate","com.naver.labs.translator","com.gonext.chinesetranslator","com.google.ar.lens","com.skype.raider","com.android.chrome","com.deepl.mobiletranslator","com.google.android.apps.maps"]},{"rank":{"index":1,"lang":"id","country":"id","chineseCountryName":"印尼","pkg":"com.spaceship.screen.textcopy"},"orders":["com.spaceship.screen.textcopy","com.recognize_text.translate.screen","com.gaminik.i18n","com.tap_to_translate.snap_translate","com.niven.translator","com.niven.game","com.newmg.yurao.pro","com.google.android.apps.translate","com.android.chrome","com.google.android.apps.maps","com.google.android.apps.photos"]},{"rank":{"index":2,"lang":"es-mx","country":"mx","chineseCountryName":"墨西哥","pkg":"com.spaceship.screen.textcopy"},"orders":["com.recognize_text.translate.screen","com.spaceship.screen.textcopy","com.gaminik.i18n","com.niven.translator","com.niven.game","com.google.android.apps.translate","com.tap_to_translate.snap_translate","com.google.android.deskclock","com.newmg.yurao.pro","com.android.chrome","com.google.android.apps.photos","com.google.android.apps.maps","com.google.android.apps.docs","com.discord","com.skype.raider","com.microsoft.office.outlook","com.simplemobiletools.draw.pro","com.truecaller","com.intsig.camscanner","com.openai.chatgpt"]}]