[{"rank":{"index":2,"lang":"en-us","country":"us","chineseCountryName":"美国","pkg":"com.spaceship.screen.textcopy"},"orders":["com.recognize_text.translate.screen","com.spaceship.screen.textcopy","com.tap_to_translate.snap_translate","com.google.android.apps.translate","com.microsoft.translator","com.niven.translator","com.gaminik.i18n","com.newmg.yurao.pro","at.nk.tools.iTranslate","com.zaz.translate","com.screen.translate.google","com.niven.game","live.screentranslate.realtime","com.google.ar.lens","com.deepl.mobiletranslator","com.immersivetranslate.browser","com.datacomprojects.scanandtranslate","com.naver.labs.translator","com.niven.apptranslate","com.eecorp.linguago"]},{"rank":{"index":0,"lang":"ru","country":"ru","chineseCountryName":"俄罗斯","pkg":"com.spaceship.screen.textcopy"},"orders":["com.recognize_text.translate.screen","com.niven.translator","com.tap_to_translate.snap_translate","com.newmg.yurao.pro","com.microsoft.translator","com.google.android.apps.translate","com.gaminik.i18n","com.niven.game","ru.yandex.translate","com.google.ar.lens","com.deepl.mobiletranslator","at.nk.tools.iTranslate","live.screentranslate.realtime","com.datacomprojects.scanandtranslate","com.screen.translate.google","com.zaz.translate","com.niven.apptranslate","com.immersivetranslate.browser","com.eecorp.linguago","com.naver.labs.translator"]},{"rank":{"index":2,"lang":"pt-br","country":"br","chineseCountryName":"巴西","pkg":"com.spaceship.screen.textcopy"},"orders":["com.recognize_text.translate.screen","com.spaceship.screen.textcopy","com.tap_to_translate.snap_translate","com.gaminik.i18n","com.newmg.yurao.pro","com.niven.translator","com.microsoft.translator","com.niven.game","com.google.android.apps.translate","live.screentranslate.realtime","at.nk.tools.iTranslate","com.zaz.translate","com.screen.translate.google","com.google.ar.lens","com.niven.apptranslate","com.eecorp.linguago","com.deepl.mobiletranslator","com.voice_camera_free_translate","com.immersivetranslate.browser","camtranslator.voice.text.image.translate"]},{"rank":{"index":2,"lang":"fr","country":"fr","chineseCountryName":"法国","pkg":"com.spaceship.screen.textcopy"},"orders":["com.recognize_text.translate.screen","com.spaceship.screen.textcopy","com.tap_to_translate.snap_translate","com.newmg.yurao.pro","com.gaminik.i18n","com.microsoft.translator","com.niven.translator","com.google.android.apps.translate","live.screentranslate.realtime","com.niven.game","com.zaz.translate","com.google.ar.lens","at.nk.tools.iTranslate","com.deepl.mobiletranslator","com.screen.translate.google","com.datacomprojects.scanandtranslate","com.immersivetranslate.browser","com.eecorp.linguago","com.niven.apptranslate","com.ticktalk.translatevoice"]},{"rank":{"index":2,"lang":"en-gb","country":"gb","chineseCountryName":"英国","pkg":"com.spaceship.screen.textcopy"},"orders":["com.recognize_text.translate.screen","com.spaceship.screen.textcopy","com.newmg.yurao.pro","com.google.android.apps.translate","com.microsoft.translator","com.niven.translator","com.tap_to_translate.snap_translate","com.gaminik.i18n","com.zaz.translate","live.screentranslate.realtime","at.nk.tools.iTranslate","com.google.ar.lens","com.niven.game","com.deepl.mobiletranslator","com.immersivetranslate.browser","com.datacomprojects.scanandtranslate","com.screen.translate.google","com.naver.labs.translator","com.ticktalk.translatevoice","camtranslator.voice.text.image.translate"]},{"rank":{"index":2,"lang":"de","country":"de","chineseCountryName":"德国","pkg":"com.spaceship.screen.textcopy"},"orders":["com.recognize_text.translate.screen","com.spaceship.screen.textcopy","com.tap_to_translate.snap_translate","com.newmg.yurao.pro","com.microsoft.translator","com.niven.translator","com.google.android.apps.translate","com.gaminik.i18n","com.deepl.mobiletranslator","com.niven.game","at.nk.tools.iTranslate","com.immersivetranslate.browser","com.zaz.translate","com.google.ar.lens","com.screen.translate.google","com.datacomprojects.scanandtranslate","live.screentranslate.realtime","com.ticktalk.translatevoice","camtranslator.voice.text.image.translate","com.eecorp.linguago"]},{"rank":{"index":2,"lang":"it","country":"it","chineseCountryName":"意大利","pkg":"com.spaceship.screen.textcopy"},"orders":["com.recognize_text.translate.screen","com.spaceship.screen.textcopy","com.tap_to_translate.snap_translate","com.newmg.yurao.pro","com.niven.translator","com.gaminik.i18n","com.microsoft.translator","com.google.android.apps.translate","com.niven.game","com.deepl.mobiletranslator","at.nk.tools.iTranslate","com.google.ar.lens"]},{"rank":{"index":2,"lang":"ja","country":"jp","chineseCountryName":"日本","pkg":"com.spaceship.screen.textcopy"},"orders":["com.recognize_text.translate.screen","com.spaceship.screen.textcopy","com.tap_to_translate.snap_translate","com.newmg.yurao.pro","com.niven.translator","com.gaminik.i18n","com.microsoft.translator","com.deepl.mobiletranslator","com.niven.game","com.screen.translate.google","com.naver.labs.translator","com.google.android.apps.translate"]},{"rank":{"index":2,"lang":"ko","country":"kr","chineseCountryName":"韩国","pkg":"com.spaceship.screen.textcopy"},"orders":["com.recognize_text.translate.screen","com.spaceship.screen.textcopy","com.newmg.yurao.pro","com.tap_to_translate.snap_translate","com.microsoft.translator","com.google.android.apps.translate","com.niven.translator","com.gaminik.i18n","com.naver.labs.translator","com.niven.game","live.screentranslate.realtime","com.google.ar.lens","com.screen.translate.google","at.nk.tools.iTranslate","com.eecorp.linguago","com.immersivetranslate.browser","com.niven.apptranslate","com.deepl.mobiletranslator","com.zaz.translate","ru.yandex.translate"]},{"rank":{"index":2,"lang":"zh-hk","country":"hk","chineseCountryName":"香港","pkg":"com.spaceship.screen.textcopy"},"orders":["com.recognize_text.translate.screen","com.spaceship.screen.textcopy","com.newmg.yurao.pro","com.microsoft.translator","com.google.android.apps.translate","com.tap_to_translate.snap_translate","com.gaminik.i18n","com.niven.translator","com.immersivetranslate.browser","com.google.ar.lens","at.nk.tools.iTranslate","com.niven.game","live.screentranslate.realtime","com.screen.translate.google","com.naver.labs.translator","com.zaz.translate","com.deepl.mobiletranslator","com.datacomprojects.scanandtranslate","com.eecorp.linguago","com.niven.apptranslate"]},{"rank":{"index":2,"lang":"zh-tw","country":"tw","chineseCountryName":"台湾","pkg":"com.spaceship.screen.textcopy"},"orders":["com.recognize_text.translate.screen","com.spaceship.screen.textcopy","com.newmg.yurao.pro","com.microsoft.translator","com.google.android.apps.translate","com.gaminik.i18n","com.niven.translator","com.tap_to_translate.snap_translate","com.immersivetranslate.browser","com.niven.game","live.screentranslate.realtime","at.nk.tools.iTranslate","com.google.ar.lens","com.naver.labs.translator","com.screen.translate.google","com.deepl.mobiletranslator","com.zaz.translate","com.eecorp.linguago","com.niven.apptranslate","com.ticktalk.translatevoice"]},{"rank":{"index":2,"lang":"en","country":"in","chineseCountryName":"印度","pkg":"com.spaceship.screen.textcopy"},"orders":["com.recognize_text.translate.screen","com.spaceship.screen.textcopy","com.tap_to_translate.snap_translate"]},{"rank":{"index":2,"lang":"id","country":"id","chineseCountryName":"印尼","pkg":"com.spaceship.screen.textcopy"},"orders":["com.recognize_text.translate.screen","com.spaceship.screen.textcopy","com.tap_to_translate.snap_translate","com.niven.translator","com.newmg.yurao.pro","com.gaminik.i18n","com.niven.game","com.google.android.apps.translate","com.microsoft.translator","com.screen.translate.google","com.deepl.mobiletranslator","at.nk.tools.iTranslate","live.screentranslate.realtime"]},{"rank":{"index":2,"lang":"es-mx","country":"mx","chineseCountryName":"墨西哥","pkg":"com.spaceship.screen.textcopy"},"orders":["com.recognize_text.translate.screen","com.spaceship.screen.textcopy","com.tap_to_translate.snap_translate","com.newmg.yurao.pro","com.gaminik.i18n","com.microsoft.translator","com.niven.translator","com.niven.game","com.google.android.apps.translate","live.screentranslate.realtime","at.nk.tools.iTranslate","com.deepl.mobiletranslator","com.screen.translate.google","com.google.ar.lens","com.eecorp.linguago","com.niven.apptranslate","com.immersivetranslate.browser","com.zaz.translate","com.voice_camera_free_translate","com.ticktalk.translatevoice"]}]