[{"rank":{"index":2,"lang":"en-us","country":"us","chineseCountryName":"美国","pkg":"com.spaceship.screen.textcopy"},"orders":["com.recognize_text.translate.screen","com.spaceship.screen.textcopy","com.niven.translator","com.tap_to_translate.snap_translate","com.microsoft.translator","com.google.android.apps.translate","com.gaminik.i18n","com.niven.game","com.zaz.translate","com.newmg.yurao.pro","com.niven.comic","com.language.translate.free.translator.voice.translation","com.translate.talkingtranslator","com.screen.translate.google","com.naver.labs.translator","com.deepl.mobiletranslator","com.mobisystems.msdict.embedded.wireless.collins.ee","com.languagetranslator.translatorapp.smartscanner.dictionary.translation.voicetranslator","jp.go.nict.voicetra","com.sayhi.android.sayhitranslate"]},{"rank":{"index":2,"lang":"ru","country":"ru","chineseCountryName":"俄罗斯","pkg":"com.spaceship.screen.textcopy"},"orders":["com.recognize_text.translate.screen","com.spaceship.screen.textcopy","com.niven.translator","com.tap_to_translate.snap_translate","com.microsoft.translator","com.niven.game","com.gaminik.i18n","ru.yandex.translate","com.google.android.apps.translate","com.newmg.yurao.pro","com.deepl.mobiletranslator","com.niven.comic","com.zaz.translate","com.screen.translate.google","com.language.translate.free.translator.voice.translation","com.datacomprojects.scanandtranslate","com.kursx.smartbook","com.erudite.translator","com.youdao.hindict","com.google.ar.lens"]},{"rank":{"index":2,"lang":"pt-br","country":"br","chineseCountryName":"巴西","pkg":"com.spaceship.screen.textcopy"},"orders":["com.recognize_text.translate.screen","com.spaceship.screen.textcopy","com.tap_to_translate.snap_translate","com.gaminik.i18n","com.niven.game","com.niven.translator","com.microsoft.translator","com.niven.comic","com.newmg.yurao.pro","com.google.android.apps.translate","com.deepl.mobiletranslator","com.language.translate.free.translator.voice.translation","com.zaz.translate","com.screen.translate.google","com.youdao.hindict","translate.all.language.translator.cameratranslator","com.aldoo.pdftranslatorpro","com.languagetranslator.translatorapp.smartscanner.dictionary.translation.voicetranslator","com.softissimo.reverso.context","com.audacityittranslator.translatetexttranslator"]},{"rank":{"index":3,"lang":"fr","country":"fr","chineseCountryName":"法国","pkg":"com.spaceship.screen.textcopy"},"orders":["com.recognize_text.translate.screen","com.tap_to_translate.snap_translate","com.spaceship.screen.textcopy","com.niven.translator","com.gaminik.i18n","com.microsoft.translator","com.niven.game","com.newmg.yurao.pro","com.zaz.translate","com.niven.comic","com.google.android.apps.translate","com.language.translate.free.translator.voice.translation","com.deepl.mobiletranslator","com.screen.translate.google","com.translate.talkingtranslator","com.tangdi.baiguotong","translate.all.language.translator.cameratranslator","com.languagetranslator.translatorapp.smartscanner.dictionary.translation.voicetranslator","com.audacityittranslator.translatetexttranslator","camtranslator.voice.text.image.translate"]},{"rank":{"index":2,"lang":"en-gb","country":"gb","chineseCountryName":"英国","pkg":"com.spaceship.screen.textcopy"},"orders":["com.recognize_text.translate.screen","com.spaceship.screen.textcopy","com.tap_to_translate.snap_translate","com.microsoft.translator","com.niven.translator","com.google.android.apps.translate","com.gaminik.i18n","com.niven.game","com.zaz.translate","com.newmg.yurao.pro","com.niven.comic","com.deepl.mobiletranslator","com.language.translate.free.translator.voice.translation","com.mobisystems.msdict.embedded.wireless.collins.ee","com.naver.labs.translator","com.google.ar.lens","com.languagetranslator.translatorapp.smartscanner.dictionary.translation.voicetranslator","com.translate.talkingtranslator","com.screen.translate.google","com.sayhi.android.sayhitranslate"]},{"rank":{"index":2,"lang":"de","country":"de","chineseCountryName":"德国","pkg":"com.spaceship.screen.textcopy"},"orders":["com.recognize_text.translate.screen","com.spaceship.screen.textcopy","com.tap_to_translate.snap_translate","com.microsoft.translator","com.gaminik.i18n","com.niven.translator","com.niven.game","com.deepl.mobiletranslator","com.zaz.translate","com.google.android.apps.translate","com.niven.comic","com.newmg.yurao.pro","com.translate.talkingtranslator","com.screen.translate.google","com.language.translate.free.translator.voice.translation","translate.all.language.translator.cameratranslator","ru.yandex.translate","com.tangdi.baiguotong","com.mobisystems.msdict.embedded.wireless.collins.ee","com.sayhi.android.sayhitranslate"]},{"rank":{"index":2,"lang":"it","country":"it","chineseCountryName":"意大利","pkg":"com.spaceship.screen.textcopy"},"orders":["com.recognize_text.translate.screen","com.spaceship.screen.textcopy","com.tap_to_translate.snap_translate","com.gaminik.i18n","com.niven.translator","com.niven.game","com.microsoft.translator","com.zaz.translate","com.niven.comic","com.newmg.yurao.pro","com.google.android.apps.translate","com.deepl.mobiletranslator","com.language.translate.free.translator.voice.translation","com.tangdi.baiguotong","com.screen.translate.google","com.translate.talkingtranslator","com.datacomprojects.scanandtranslate","com.softissimo.reverso.context","camtranslator.voice.text.image.translate","com.google.ar.lens"]},{"rank":{"index":2,"lang":"ja","country":"jp","chineseCountryName":"日本","pkg":"com.spaceship.screen.textcopy"},"orders":["com.recognize_text.translate.screen","com.spaceship.screen.textcopy","com.tap_to_translate.snap_translate","com.gaminik.i18n","com.microsoft.translator","com.niven.game","com.niven.translator","com.deepl.mobiletranslator","com.naver.labs.translator","com.newmg.yurao.pro","com.niven.comic","com.google.android.apps.translate","com.tangdi.baiguotong","com.zaz.translate","com.language.translate.free.translator.voice.translation","com.screen.translate.google","jp.go.nict.voicetra","com.translate.talkingtranslator","com.google.ar.lens"]},{"rank":{"index":2,"lang":"ko","country":"kr","chineseCountryName":"韩国","pkg":"com.spaceship.screen.textcopy"},"orders":["com.recognize_text.translate.screen","com.spaceship.screen.textcopy","com.tap_to_translate.snap_translate","com.microsoft.translator","com.niven.translator","com.gaminik.i18n","com.naver.labs.translator","com.google.android.apps.translate","com.niven.game","com.deepl.mobiletranslator","com.zaz.translate","com.newmg.yurao.pro","com.niven.comic","com.language.translate.free.translator.voice.translation","com.flitto.app","com.youdao.hindict","com.translate.talkingtranslator","com.google.ar.lens","translate.all.language.translator.cameratranslator","com.languagetranslator.translatorapp.smartscanner.dictionary.translation.voicetranslator"]},{"rank":{"index":2,"lang":"zh-hk","country":"hk","chineseCountryName":"香港","pkg":"com.spaceship.screen.textcopy"},"orders":["com.recognize_text.translate.screen","com.spaceship.screen.textcopy","com.gaminik.i18n","com.microsoft.translator","com.tap_to_translate.snap_translate","com.google.android.apps.translate","com.niven.translator","com.niven.game","com.zaz.translate","com.niven.comic","com.naver.labs.translator","com.deepl.mobiletranslator","com.newmg.yurao.pro","com.tangdi.baiguotong","com.language.translate.free.translator.voice.translation","com.screen.translate.google","com.datacomprojects.scanandtranslate","jp.go.nict.voicetra","translate.all.language.translator.cameratranslator","com.translate.talkingtranslator"]},{"rank":{"index":2,"lang":"zh-tw","country":"tw","chineseCountryName":"台湾","pkg":"com.spaceship.screen.textcopy"},"orders":["com.recognize_text.translate.screen","com.spaceship.screen.textcopy","com.tap_to_translate.snap_translate","com.gaminik.i18n","com.microsoft.translator","com.niven.translator","com.google.android.apps.translate","com.niven.game","com.zaz.translate","com.naver.labs.translator","com.deepl.mobiletranslator","com.niven.comic","com.newmg.yurao.pro","com.language.translate.free.translator.voice.translation","com.tangdi.baiguotong","com.translate.talkingtranslator","com.youdao.hindict","com.datacomprojects.scanandtranslate","jp.go.nict.voicetra","translate.all.language.translator.cameratranslator"]},{"rank":{"index":2,"lang":"en","country":"in","chineseCountryName":"印度","pkg":"com.spaceship.screen.textcopy"},"orders":["com.recognize_text.translate.screen","com.spaceship.screen.textcopy","com.tap_to_translate.snap_translate"]},{"rank":{"index":2,"lang":"id","country":"id","chineseCountryName":"印尼","pkg":"com.spaceship.screen.textcopy"},"orders":["com.recognize_text.translate.screen","com.spaceship.screen.textcopy","com.tap_to_translate.snap_translate","com.niven.translator","com.gaminik.i18n","com.niven.game","com.newmg.yurao.pro","com.youdao.hindict","com.niven.comic","com.microsoft.translator","com.zaz.translate"]},{"rank":{"index":2,"lang":"es-mx","country":"mx","chineseCountryName":"墨西哥","pkg":"com.spaceship.screen.textcopy"},"orders":["com.recognize_text.translate.screen","com.spaceship.screen.textcopy","com.tap_to_translate.snap_translate","com.niven.game","com.gaminik.i18n","com.niven.translator","com.microsoft.translator","com.niven.comic","com.newmg.yurao.pro","com.zaz.translate","com.google.android.apps.translate","com.aldoo.pdftranslatorpro","com.screen.translate.google","com.language.translate.free.translator.voice.translation","com.deepl.mobiletranslator","translate.all.language.translator.cameratranslator","com.youdao.hindict","camtranslator.voice.text.image.translate","com.audacityittranslator.translatetexttranslator","com.tangdi.baiguotong"]}]