[{"rank":{"index":2,"lang":"en-us","country":"us","chineseCountryName":"美国","pkg":"com.spaceship.screen.textcopy"},"orders":["com.recognize_text.translate.screen","com.spaceship.screen.textcopy","com.screen.translate.google","com.google.android.apps.translate","com.gaminik.i18n","com.yoyodev.screentranslate","com.niven.translator","com.tap_to_translate.snap_translate","at.nk.tools.iTranslate","com.microsoft.translator","com.newmg.yurao.pro","com.aurasense.screentranslate","ru.yandex.translate","photo.translate.camera.translator","com.fapp.translate.language.translator.fasttranslation","co.appnation.aivoicetranslator","com.niven.game","translate.speech.text.translation.voicetranslator","com.zaz.translate","com.galaxy.airviewdictionary"]},{"rank":{"index":4,"lang":"ru","country":"ru","chineseCountryName":"俄罗斯","pkg":"com.spaceship.screen.textcopy"},"orders":["com.recognize_text.translate.screen","com.niven.translator","com.tap_to_translate.snap_translate","com.spaceship.screen.textcopy","ru.yandex.translate","com.yoyodev.screentranslate","com.gaminik.i18n","com.microsoft.translator","com.screen.translate.google","com.newmg.yurao.pro"]},{"rank":{"index":2,"lang":"pt-br","country":"br","chineseCountryName":"巴西","pkg":"com.spaceship.screen.textcopy"},"orders":["com.recognize_text.translate.screen","com.spaceship.screen.textcopy","com.gaminik.i18n","com.niven.translator","com.screen.translate.google","com.tap_to_translate.snap_translate","at.nk.tools.iTranslate","com.google.android.apps.translate","com.microsoft.translator","com.newmg.yurao.pro","ru.yandex.translate","com.newtranslate.google","com.fapp.translate.language.translator.fasttranslation","com.zaz.translate","co.appnation.aivoicetranslator","photo.translate.camera.translator","com.niven.game","com.galaxy.airviewdictionary","com.kursx.smartbook","translate.speech.text.translation.voicetranslator"]},{"rank":{"index":2,"lang":"fr","country":"fr","chineseCountryName":"法国","pkg":"com.spaceship.screen.textcopy"},"orders":["com.recognize_text.translate.screen","com.spaceship.screen.textcopy","com.gaminik.i18n","com.tap_to_translate.snap_translate","com.niven.translator","com.yoyodev.screentranslate","com.screen.translate.google","com.newmg.yurao.pro","com.aurasense.screentranslate","com.galaxy.airviewdictionary","com.niven.game","com.fapp.translate.language.translator.fasttranslation","com.newtranslate.google","photo.translate.camera.translator","com.niven.apptranslate","at.nk.tools.iTranslate","live.screentranslate.realtime","co.appnation.aivoicetranslator","com.microsoft.translator","com.mg.chat"]},{"rank":{"index":9,"lang":"en-gb","country":"gb","chineseCountryName":"英国","pkg":"com.spaceship.screen.textcopy"},"orders":["com.recognize_text.translate.screen","com.gaminik.i18n","com.tap_to_translate.snap_translate","at.nk.tools.iTranslate","com.google.android.apps.translate","ru.yandex.translate","photo.translate.camera.translator","co.appnation.aivoicetranslator","com.spaceship.screen.textcopy","com.screen.translate.google","com.galaxy.airviewdictionary","com.niven.translator","com.yoyodev.screentranslate","com.newmg.yurao.pro","com.newtranslate.google","com.fapp.translate.language.translator.fasttranslation","com.aurasense.screentranslate","translate.speech.text.translation.voicetranslator","com.niven.game","com.zaz.translate"]},{"rank":{"index":3,"lang":"de","country":"de","chineseCountryName":"德国","pkg":"com.spaceship.screen.textcopy"},"orders":["com.recognize_text.translate.screen","com.gaminik.i18n","com.spaceship.screen.textcopy","com.niven.translator","com.screen.translate.google","com.google.android.apps.translate","at.nk.tools.iTranslate","com.yoyodev.screentranslate","com.microsoft.translator","com.tap_to_translate.snap_translate","com.newmg.yurao.pro","ru.yandex.translate","com.zaz.translate","com.aurasense.screentranslate","com.galaxy.airviewdictionary","co.appnation.aivoicetranslator","photo.translate.camera.translator","com.youdao.hindict","com.transgull.translator","com.niven.game"]},{"rank":{"index":2,"lang":"it","country":"it","chineseCountryName":"意大利","pkg":"com.spaceship.screen.textcopy"},"orders":["com.recognize_text.translate.screen","com.spaceship.screen.textcopy","com.tap_to_translate.snap_translate","com.gaminik.i18n","com.yoyodev.screentranslate","com.screen.translate.google","com.niven.translator","com.newmg.yurao.pro","com.aurasense.screentranslate","com.google.android.apps.translate","at.nk.tools.iTranslate","com.fapp.translate.language.translator.fasttranslation","photo.translate.camera.translator","co.appnation.aivoicetranslator","com.microsoft.translator"]},{"rank":{"index":3,"lang":"ja","country":"jp","chineseCountryName":"日本","pkg":"com.spaceship.screen.textcopy"},"orders":["com.recognize_text.translate.screen","com.tap_to_translate.snap_translate","com.spaceship.screen.textcopy","com.gaminik.i18n","com.google.android.apps.translate","com.screen.translate.google","com.microsoft.translator","at.nk.tools.iTranslate","com.niven.translator","ru.yandex.translate","com.zaz.translate"]},{"rank":{"index":2,"lang":"ko","country":"kr","chineseCountryName":"韩国","pkg":"com.spaceship.screen.textcopy"},"orders":["com.recognize_text.translate.screen","com.spaceship.screen.textcopy","com.gaminik.i18n","com.screen.translate.google","com.niven.translator","com.tap_to_translate.snap_translate","com.galaxy.airviewdictionary","com.aurasense.screentranslate","com.newmg.yurao.pro","at.nk.tools.iTranslate","com.microsoft.translator"]},{"rank":{"index":8,"lang":"zh-hk","country":"hk","chineseCountryName":"香港","pkg":"com.spaceship.screen.textcopy"},"orders":["com.recognize_text.translate.screen","com.gaminik.i18n","com.tap_to_translate.snap_translate","at.nk.tools.iTranslate","ru.yandex.translate","photo.translate.camera.translator","co.appnation.aivoicetranslator","com.spaceship.screen.textcopy","com.niven.translator","com.screen.translate.google","com.galaxy.airviewdictionary","com.yoyodev.screentranslate","com.newmg.yurao.pro","com.newtranslate.google","com.fapp.translate.language.translator.fasttranslation","com.microsoft.translator","com.aurasense.screentranslate","com.google.android.apps.translate","com.zaz.translate","com.niven.game"]},{"rank":{"index":2,"lang":"zh-tw","country":"tw","chineseCountryName":"台湾","pkg":"com.spaceship.screen.textcopy"},"orders":["com.recognize_text.translate.screen","com.spaceship.screen.textcopy","com.screen.translate.google","com.gaminik.i18n","com.yoyodev.screentranslate","com.niven.translator","com.galaxy.airviewdictionary","com.aurasense.screentranslate","com.newmg.yurao.pro"]},{"rank":{"index":0,"lang":"en","country":"in","chineseCountryName":"印度","pkg":"com.spaceship.screen.textcopy"},"orders":["com.recognize_text.translate.screen","com.gaminik.i18n","com.google.android.apps.translate","com.tap_to_translate.snap_translate","at.nk.tools.iTranslate","com.zaz.translate","photo.translate.camera.translator","co.appnation.aivoicetranslator","com.niven.translator","com.screen.translate.google","com.galaxy.airviewdictionary","com.newmg.yurao.pro","com.yoyodev.screentranslate","com.newtranslate.google","com.fapp.translate.language.translator.fasttranslation","ru.yandex.translate","com.aurasense.screentranslate","translate.speech.text.translation.voicetranslator","com.niven.game","com.niven.apptranslate"]},{"rank":{"index":3,"lang":"id","country":"id","chineseCountryName":"印尼","pkg":"com.spaceship.screen.textcopy"},"orders":["com.recognize_text.translate.screen","com.tap_to_translate.snap_translate","com.spaceship.screen.textcopy","com.gaminik.i18n","com.niven.translator","com.yoyodev.screentranslate","com.screen.translate.google","com.google.android.apps.translate","com.newmg.yurao.pro","com.aurasense.screentranslate","at.nk.tools.iTranslate","com.microsoft.translator","com.zaz.translate","com.fapp.translate.language.translator.fasttranslation","com.niven.game"]},{"rank":{"index":12,"lang":"es-mx","country":"mx","chineseCountryName":"墨西哥","pkg":"com.spaceship.screen.textcopy"},"orders":["com.recognize_text.translate.screen","com.gaminik.i18n","com.tap_to_translate.snap_translate","at.nk.tools.iTranslate","com.google.android.apps.translate","com.zaz.translate","ru.yandex.translate","com.deepl.mobiletranslator","com.youdao.hindict","photo.translate.camera.translator","co.appnation.aivoicetranslator","com.spaceship.screen.textcopy","com.niven.translator","com.galaxy.airviewdictionary","com.screen.translate.google","com.yoyodev.screentranslate","com.newmg.yurao.pro","com.fapp.translate.language.translator.fasttranslation","com.newtranslate.google","translate.speech.text.translation.voicetranslator"]}]