[{"rank":{"index":3,"lang":"en-us","country":"us","chineseCountryName":"美国","pkg":"com.spaceship.screen.textcopy"},"orders":["com.recognize_text.translate.screen","com.google.android.apps.translate","com.spaceship.screen.textcopy","com.newmg.yurao.pro","com.microsoft.translator","com.gaminik.i18n","com.niven.translator","com.deepl.mobiletranslator","com.tap_to_translate.snap_translate","com.google.ar.lens","com.zaz.translate","ru.yandex.translate","com.naver.labs.translator","com.niven.game"]},{"rank":{"index":0,"lang":"ru","country":"ru","chineseCountryName":"俄罗斯","pkg":"com.spaceship.screen.textcopy"},"orders":["com.recognize_text.translate.screen","com.gaminik.i18n","com.newmg.yurao.pro","ru.yandex.translate","com.google.android.apps.translate","com.niven.translator","com.tap_to_translate.snap_translate","com.niven.game","com.microsoft.translator","com.deepl.mobiletranslator","com.eecorp.linguago","com.niven.apptranslate"]},{"rank":{"index":2,"lang":"pt-br","country":"br","chineseCountryName":"巴西","pkg":"com.spaceship.screen.textcopy"},"orders":["com.recognize_text.translate.screen","com.spaceship.screen.textcopy","com.newmg.yurao.pro","com.tap_to_translate.snap_translate","com.gaminik.i18n","com.google.android.apps.translate","com.microsoft.translator","com.deepl.mobiletranslator","com.zaz.translate","ru.yandex.translate","at.nk.tools.iTranslate","com.google.ar.lens","com.naver.labs.translator","com.translate.talkingtranslator","com.softissimo.reverso.context","com.niven.translator","com.niven.game","com.youdao.hindict","com.screen.translate.google","com.galaxy.airviewdictionary"]},{"rank":{"index":2,"lang":"fr","country":"fr","chineseCountryName":"法国","pkg":"com.spaceship.screen.textcopy"},"orders":["com.recognize_text.translate.screen","com.spaceship.screen.textcopy","com.gaminik.i18n","com.newmg.yurao.pro","com.google.android.apps.translate","com.tap_to_translate.snap_translate","com.microsoft.translator","com.deepl.mobiletranslator","com.niven.translator","com.niven.game","ru.yandex.translate","com.google.ar.lens","com.eecorp.linguago","com.screen.translate.google","com.niven.apptranslate","com.zaz.translate","com.naver.labs.translator","com.translate.talkingtranslator","top.applocalize.translate","com.eecorp.taptranslator"]},{"rank":{"index":3,"lang":"en-gb","country":"gb","chineseCountryName":"英国","pkg":"com.spaceship.screen.textcopy"},"orders":["com.recognize_text.translate.screen","com.google.android.apps.translate","com.spaceship.screen.textcopy","com.newmg.yurao.pro","com.microsoft.translator","com.gaminik.i18n","com.deepl.mobiletranslator","com.niven.translator","com.tap_to_translate.snap_translate","com.google.ar.lens","com.zaz.translate","ru.yandex.translate","com.niven.game","com.eecorp.linguago","com.screen.translate.google","com.naver.labs.translator","at.nk.tools.iTranslate","com.youdao.hindict","com.niven.apptranslate","com.translate.talkingtranslator"]},{"rank":{"index":2,"lang":"de","country":"de","chineseCountryName":"德国","pkg":"com.spaceship.screen.textcopy"},"orders":["com.recognize_text.translate.screen","com.spaceship.screen.textcopy","com.newmg.yurao.pro","com.gaminik.i18n","com.google.android.apps.translate","com.microsoft.translator","com.deepl.mobiletranslator","com.niven.translator","com.tap_to_translate.snap_translate","ru.yandex.translate","com.niven.game","com.google.ar.lens","com.screen.translate.google","com.eecorp.linguago","com.niven.apptranslate","top.applocalize.translate","com.zaz.translate","com.translate.talkingtranslator","com.google.android.apps.tachyon","com.eecorp.taptranslator"]},{"rank":{"index":2,"lang":"it","country":"it","chineseCountryName":"意大利","pkg":"com.spaceship.screen.textcopy"},"orders":["com.recognize_text.translate.screen","com.spaceship.screen.textcopy","com.gaminik.i18n","com.newmg.yurao.pro","com.google.android.apps.translate","com.microsoft.translator","com.tap_to_translate.snap_translate","com.deepl.mobiletranslator","com.niven.game","com.niven.translator","ru.yandex.translate","com.google.ar.lens","com.eecorp.linguago"]},{"rank":{"index":2,"lang":"ja","country":"jp","chineseCountryName":"日本","pkg":"com.spaceship.screen.textcopy"},"orders":["com.recognize_text.translate.screen","com.spaceship.screen.textcopy","com.newmg.yurao.pro","com.gaminik.i18n","com.tap_to_translate.snap_translate","com.google.android.apps.translate","com.microsoft.translator","com.google.ar.lens","com.niven.translator","com.deepl.mobiletranslator","com.naver.labs.translator","com.eecorp.linguago"]},{"rank":{"index":2,"lang":"ko","country":"kr","chineseCountryName":"韩国","pkg":"com.spaceship.screen.textcopy"},"orders":["com.recognize_text.translate.screen","com.spaceship.screen.textcopy","com.newmg.yurao.pro","com.gaminik.i18n","com.tap_to_translate.snap_translate","com.google.android.apps.translate","com.microsoft.translator","com.naver.labs.translator","com.niven.translator","com.niven.game","com.eecorp.linguago","com.deepl.mobiletranslator","com.niven.apptranslate","com.immersivetranslate.browser","com.screen.translate.google","com.google.ar.lens","com.eecorp.taptranslator","ru.yandex.translate","com.facebook.katana","com.instagram.android"]},{"rank":{"index":1,"lang":"zh-hk","country":"hk","chineseCountryName":"香港","pkg":"com.spaceship.screen.textcopy"},"orders":["com.spaceship.screen.textcopy","com.recognize_text.translate.screen","com.newmg.yurao.pro","com.gaminik.i18n","com.niven.translator","com.microsoft.translator","com.google.android.apps.translate","com.tap_to_translate.snap_translate","com.deepl.mobiletranslator","com.niven.game","com.eecorp.linguago","com.naver.labs.translator","com.google.ar.lens","com.screen.translate.google","com.niven.apptranslate","ru.yandex.translate","com.immersivetranslate.browser","com.eecorp.taptranslator","top.applocalize.translate","com.google.android.apps.maps"]},{"rank":{"index":2,"lang":"zh-tw","country":"tw","chineseCountryName":"台湾","pkg":"com.spaceship.screen.textcopy"},"orders":["com.recognize_text.translate.screen","com.spaceship.screen.textcopy","com.newmg.yurao.pro","com.gaminik.i18n","com.niven.translator","com.google.android.apps.translate","com.microsoft.translator","com.tap_to_translate.snap_translate","com.niven.game","com.deepl.mobiletranslator","com.eecorp.linguago","com.naver.labs.translator","com.screen.translate.google","com.niven.apptranslate","ru.yandex.translate","com.google.ar.lens","com.eecorp.taptranslator","top.applocalize.translate","com.translate.talkingtranslator","com.facebook.katana"]},{"rank":{"index":3,"lang":"en","country":"in","chineseCountryName":"印度","pkg":"com.spaceship.screen.textcopy"},"orders":["com.recognize_text.translate.screen","com.google.android.apps.translate","com.spaceship.screen.textcopy","com.newmg.yurao.pro"]},{"rank":{"index":2,"lang":"id","country":"id","chineseCountryName":"印尼","pkg":"com.spaceship.screen.textcopy"},"orders":["com.recognize_text.translate.screen","com.spaceship.screen.textcopy","com.gaminik.i18n","com.tap_to_translate.snap_translate","com.youdao.hindict","com.newmg.yurao.pro","com.niven.translator","com.google.android.apps.translate","com.niven.game","com.deepl.mobiletranslator","com.microsoft.translator","com.naver.labs.translator","com.eecorp.linguago"]},{"rank":{"index":2,"lang":"es-mx","country":"mx","chineseCountryName":"墨西哥","pkg":"com.spaceship.screen.textcopy"},"orders":["com.recognize_text.translate.screen","com.spaceship.screen.textcopy","com.tap_to_translate.snap_translate","com.newmg.yurao.pro","com.google.android.apps.translate","com.microsoft.translator","com.gaminik.i18n","com.deepl.mobiletranslator","ru.yandex.translate","com.zaz.translate","at.nk.tools.iTranslate","com.google.ar.lens","com.translate.talkingtranslator","com.naver.labs.translator","com.niven.translator","com.youdao.hindict","com.screen.translate.google","com.niven.game","com.newtranslate.google","free.translate.all.language.translator"]}]