[{"rank":{"index":2,"lang":"en-us","country":"us","chineseCountryName":"美国","pkg":"com.spaceship.screen.textcopy"},"orders":["com.recognize_text.translate.screen","com.spaceship.screen.textcopy","com.tap_to_translate.snap_translate","com.niven.translator","com.microsoft.translator","com.google.android.apps.translate","com.gaminik.i18n","com.niven.game","com.newmg.yurao.pro","com.zaz.translate","com.sayhi.android.sayhitranslate","com.niven.comic","com.translate.talkingtranslator","com.naver.labs.translator","com.language.translate.free.translator.voice.translation","com.tangdi.baiguotong","com.deepl.mobiletranslator","jp.go.nict.voicetra","com.translate.language.translator.voice.translation","com.datacomprojects.scanandtranslate"]},{"rank":{"index":2,"lang":"ru","country":"ru","chineseCountryName":"俄罗斯","pkg":"com.spaceship.screen.textcopy"},"orders":["com.recognize_text.translate.screen","com.spaceship.screen.textcopy","com.niven.translator","com.tap_to_translate.snap_translate","com.microsoft.translator","com.google.android.apps.translate","com.niven.game","com.gaminik.i18n","ru.yandex.translate","com.datacomprojects.scanandtranslate","com.deepl.mobiletranslator","com.newmg.yurao.pro","com.niven.comic","com.tangdi.baiguotong","com.translate.language.translator.voice.translation","com.erudite.translator","com.zaz.translate","com.language.translate.free.translator.voice.translation","com.kursx.smartbook","com.sayhi.android.sayhitranslate"]},{"rank":{"index":2,"lang":"pt-br","country":"br","chineseCountryName":"巴西","pkg":"com.spaceship.screen.textcopy"},"orders":["com.recognize_text.translate.screen","com.spaceship.screen.textcopy","com.tap_to_translate.snap_translate","com.gaminik.i18n","com.niven.game","com.niven.translator","com.microsoft.translator","com.niven.comic","com.newmg.yurao.pro","com.google.android.apps.translate","com.zaz.translate","com.deepl.mobiletranslator","com.language.translate.free.translator.voice.translation","com.youdao.hindict","com.screen.translate.google","translate.all.language.translator.cameratranslator","com.tangdi.baiguotong","com.softissimo.reverso.context","com.aldoo.pdftranslatorpro","com.voice_camera_free_translate"]},{"rank":{"index":2,"lang":"fr","country":"fr","chineseCountryName":"法国","pkg":"com.spaceship.screen.textcopy"},"orders":["com.recognize_text.translate.screen","com.spaceship.screen.textcopy","com.tap_to_translate.snap_translate","com.gaminik.i18n","com.microsoft.translator","com.niven.translator","com.niven.game","com.newmg.yurao.pro","com.niven.comic","com.google.android.apps.translate","com.zaz.translate","com.language.translate.free.translator.voice.translation","com.tangdi.baiguotong","com.translate.talkingtranslator","com.voice_camera_free_translate","com.translate.language.translator.voice.translation","com.deepl.mobiletranslator","translate.all.language.translator.cameratranslator","com.screen.translate.google","com.datacomprojects.scanandtranslate"]},{"rank":{"index":2,"lang":"en-gb","country":"gb","chineseCountryName":"英国","pkg":"com.spaceship.screen.textcopy"},"orders":["com.recognize_text.translate.screen","com.spaceship.screen.textcopy","com.tap_to_translate.snap_translate","com.gaminik.i18n","com.microsoft.translator","com.google.android.apps.translate","com.niven.translator","com.niven.game","com.zaz.translate","com.newmg.yurao.pro","com.niven.comic","com.sayhi.android.sayhitranslate","com.tangdi.baiguotong","com.deepl.mobiletranslator","com.translate.language.translator.voice.translation","com.language.translate.free.translator.voice.translation","jp.go.nict.voicetra","com.mobisystems.msdict.embedded.wireless.collins.ee","com.translate.talkingtranslator","translate.all.language.translator.cameratranslator"]},{"rank":{"index":2,"lang":"de","country":"de","chineseCountryName":"德国","pkg":"com.spaceship.screen.textcopy"},"orders":["com.recognize_text.translate.screen","com.spaceship.screen.textcopy","com.tap_to_translate.snap_translate","com.microsoft.translator","com.gaminik.i18n","com.niven.translator","com.niven.game","com.translate.talkingtranslator","com.google.android.apps.translate","com.niven.comic","com.deepl.mobiletranslator","com.newmg.yurao.pro","com.language.translate.free.translator.voice.translation","com.zaz.translate","com.translate.language.translator.voice.translation","com.screen.translate.google","com.tangdi.baiguotong","com.sayhi.android.sayhitranslate","com.voice_camera_free_translate","com.image.camera.translate.ai"]},{"rank":{"index":2,"lang":"it","country":"it","chineseCountryName":"意大利","pkg":"com.spaceship.screen.textcopy"},"orders":["com.recognize_text.translate.screen","com.spaceship.screen.textcopy","com.tap_to_translate.snap_translate","com.gaminik.i18n","com.niven.translator","com.microsoft.translator","com.niven.game","com.niven.comic","com.tangdi.baiguotong","com.newmg.yurao.pro","com.google.android.apps.translate","com.language.translate.free.translator.voice.translation","com.zaz.translate","translate.all.language.translator.cameratranslator","com.translate.talkingtranslator","com.image.camera.translate.ai","com.translate.language.translator.voice.translation","com.deepl.mobiletranslator","com.screen.translate.google","com.datacomprojects.scanandtranslate"]},{"rank":{"index":2,"lang":"ja","country":"jp","chineseCountryName":"日本","pkg":"com.spaceship.screen.textcopy"},"orders":["com.recognize_text.translate.screen","com.spaceship.screen.textcopy","com.tap_to_translate.snap_translate","com.gaminik.i18n","com.niven.game","com.niven.translator","com.microsoft.translator","com.deepl.mobiletranslator","com.niven.comic","com.newmg.yurao.pro","com.naver.labs.translator","com.google.android.apps.translate"]},{"rank":{"index":2,"lang":"ko","country":"kr","chineseCountryName":"韩国","pkg":"com.spaceship.screen.textcopy"},"orders":["com.recognize_text.translate.screen","com.spaceship.screen.textcopy","com.tap_to_translate.snap_translate","com.microsoft.translator","com.google.android.apps.translate","com.naver.labs.translator","com.gaminik.i18n","com.niven.translator","com.niven.game","com.deepl.mobiletranslator","com.zaz.translate","com.niven.comic","com.newmg.yurao.pro","com.flitto.app","com.translate.language.translator.voice.translation","com.translate.talkingtranslator","com.datacomprojects.scanandtranslate","jp.go.nict.voicetra","com.language.translate.free.translator.voice.translation","com.sayhi.android.sayhitranslate"]},{"rank":{"index":2,"lang":"zh-hk","country":"hk","chineseCountryName":"香港","pkg":"com.spaceship.screen.textcopy"},"orders":["com.recognize_text.translate.screen","com.spaceship.screen.textcopy","com.microsoft.translator","com.google.android.apps.translate","com.tap_to_translate.snap_translate","com.gaminik.i18n","com.niven.translator","com.niven.game","com.tangdi.baiguotong","com.translate.language.translator.voice.translation","com.niven.comic","com.deepl.mobiletranslator","jp.go.nict.voicetra","com.zaz.translate","com.datacomprojects.scanandtranslate","com.naver.labs.translator","com.newmg.yurao.pro","com.language.translate.free.translator.voice.translation","translate.all.language.translator.cameratranslator","com.sayhi.android.sayhitranslate"]},{"rank":{"index":2,"lang":"zh-tw","country":"tw","chineseCountryName":"台湾","pkg":"com.spaceship.screen.textcopy"},"orders":["com.recognize_text.translate.screen","com.spaceship.screen.textcopy","com.tap_to_translate.snap_translate","com.microsoft.translator","com.google.android.apps.translate","com.gaminik.i18n","com.niven.translator","com.niven.game","com.tangdi.baiguotong","com.zaz.translate","com.naver.labs.translator","com.niven.comic","com.newmg.yurao.pro","com.datacomprojects.scanandtranslate","com.translate.language.translator.voice.translation","jp.go.nict.voicetra","com.language.translate.free.translator.voice.translation","com.translate.talkingtranslator","com.deepl.mobiletranslator","translate.all.language.translator.cameratranslator"]},{"rank":{"index":2,"lang":"en","country":"in","chineseCountryName":"印度","pkg":"com.spaceship.screen.textcopy"},"orders":["com.recognize_text.translate.screen","com.spaceship.screen.textcopy","com.tap_to_translate.snap_translate","com.google.android.apps.translate","com.microsoft.translator","com.zaz.translate","com.gaminik.i18n","com.niven.game","com.sayhi.android.sayhitranslate","ru.yandex.translate","com.deepl.mobiletranslator","com.softissimo.reverso.context","at.nk.tools.iTranslate","com.newmg.yurao.pro","com.niven.translator","com.galaxy.airviewdictionary","screen.translator.voice.translate","com.datacomprojects.scanandtranslate","translate.all.language.translator.cameratranslator","com.niven.comic"]},{"rank":{"index":2,"lang":"id","country":"id","chineseCountryName":"印尼","pkg":"com.spaceship.screen.textcopy"},"orders":["com.recognize_text.translate.screen","com.spaceship.screen.textcopy","com.tap_to_translate.snap_translate","com.niven.translator","com.gaminik.i18n","com.niven.game","com.microsoft.translator","com.newmg.yurao.pro","com.youdao.hindict","com.niven.comic","com.google.android.apps.translate","com.deepl.mobiletranslator","com.zaz.translate"]},{"rank":{"index":2,"lang":"es-mx","country":"mx","chineseCountryName":"墨西哥","pkg":"com.spaceship.screen.textcopy"},"orders":["com.recognize_text.translate.screen","com.spaceship.screen.textcopy","com.tap_to_translate.snap_translate","com.gaminik.i18n","com.niven.game","com.microsoft.translator","com.niven.translator","com.niven.comic","com.newmg.yurao.pro","com.aldoo.pdftranslatorpro","com.google.android.apps.translate","com.zaz.translate","com.youdao.hindict","com.language.translate.free.translator.voice.translation","com.tangdi.baiguotong","translate.all.language.translator.cameratranslator","com.voice_camera_free_translate","com.screen.translate.google","com.image.camera.translate.ai","com.deepl.mobiletranslator"]}]