[{"rank":{"index":2,"lang":"en-us","country":"us","chineseCountryName":"美国","pkg":"com.spaceship.screen.textcopy"},"orders":["com.recognize_text.translate.screen","com.spaceship.screen.textcopy","com.tap_to_translate.snap_translate","com.google.android.apps.translate","com.niven.translator","com.microsoft.translator","com.screen.translate.google","com.gaminik.i18n","com.newmg.yurao.pro","at.nk.tools.iTranslate","com.translate.talkingtranslator","com.niven.game","com.google.ar.lens","com.deepl.mobiletranslator","com.niven.comic","com.language.translate.free.translator.voice.translation","com.sayhi.android.sayhitranslate","com.niven.apptranslate","com.youdao.hindict","com.tangdi.baiguotong"]},{"rank":{"index":2,"lang":"ru","country":"ru","chineseCountryName":"俄罗斯","pkg":"com.spaceship.screen.textcopy"},"orders":["com.recognize_text.translate.screen","com.spaceship.screen.textcopy","com.niven.translator","com.tap_to_translate.snap_translate","com.gaminik.i18n","com.newmg.yurao.pro","com.niven.game","com.screen.translate.google","ru.yandex.translate","com.niven.comic","com.niven.apptranslate","com.google.android.apps.translate","com.voice_camera_free_translate","com.microsoft.translator","com.deepl.mobiletranslator","com.eecorp.linguago","at.nk.tools.iTranslate","com.whatsapp","com.instagram.android","com.android.chrome"]},{"rank":{"index":2,"lang":"pt-br","country":"br","chineseCountryName":"巴西","pkg":"com.spaceship.screen.textcopy"},"orders":["com.recognize_text.translate.screen","com.spaceship.screen.textcopy","com.tap_to_translate.snap_translate","com.gaminik.i18n","com.google.android.apps.translate","at.nk.tools.iTranslate","com.deepl.mobiletranslator","com.zaz.translate","com.datacomprojects.scanandtranslate","com.translate.talkingtranslator","ru.yandex.translate","com.niven.translator","com.newmg.yurao.pro","com.screen.translate.google","com.niven.game","com.niven.comic","com.niven.apptranslate","com.youdao.hindict","com.galaxy.airviewdictionary","com.softissimo.reverso.context"]},{"rank":{"index":3,"lang":"fr","country":"fr","chineseCountryName":"法国","pkg":"com.spaceship.screen.textcopy"},"orders":["com.recognize_text.translate.screen","com.tap_to_translate.snap_translate","com.spaceship.screen.textcopy","com.niven.translator","com.gaminik.i18n","com.screen.translate.google","com.newmg.yurao.pro","com.microsoft.translator","com.niven.game","com.google.android.apps.translate","com.niven.comic","com.niven.apptranslate","at.nk.tools.iTranslate","com.zaz.translate","com.deepl.mobiletranslator","com.voice_camera_free_translate","com.softissimo.reverso.context","com.language.translate.free.translator.voice.translation","com.datacomprojects.scanandtranslate","com.youdao.hindict"]},{"rank":{"index":2,"lang":"en-gb","country":"gb","chineseCountryName":"英国","pkg":"com.spaceship.screen.textcopy"},"orders":["com.recognize_text.translate.screen","com.spaceship.screen.textcopy","com.tap_to_translate.snap_translate","com.google.android.apps.translate","com.niven.translator","com.screen.translate.google","com.gaminik.i18n","com.microsoft.translator","com.newmg.yurao.pro","at.nk.tools.iTranslate","com.google.ar.lens","com.niven.game","com.niven.comic","com.datacomprojects.scanandtranslate","com.deepl.mobiletranslator","com.niven.apptranslate","com.language.translate.free.translator.voice.translation","com.youdao.hindict","com.translate.talkingtranslator","com.wooask.zx"]},{"rank":{"index":2,"lang":"de","country":"de","chineseCountryName":"德国","pkg":"com.spaceship.screen.textcopy"},"orders":["com.recognize_text.translate.screen","com.spaceship.screen.textcopy","com.tap_to_translate.snap_translate","com.niven.translator","com.screen.translate.google","com.gaminik.i18n","com.microsoft.translator","com.newmg.yurao.pro","com.google.android.apps.translate","com.niven.game","at.nk.tools.iTranslate","com.deepl.mobiletranslator","com.niven.comic","com.niven.apptranslate","com.language.translate.free.translator.voice.translation","com.datacomprojects.scanandtranslate","com.tangdi.baiguotong","com.wooask.zx","com.translate.talkingtranslator","com.voice_camera_free_translate"]},{"rank":{"index":2,"lang":"it","country":"it","chineseCountryName":"意大利","pkg":"com.spaceship.screen.textcopy"},"orders":["com.recognize_text.translate.screen","com.spaceship.screen.textcopy","com.gaminik.i18n","com.niven.translator","com.newmg.yurao.pro","com.tap_to_translate.snap_translate","com.screen.translate.google","com.niven.game","com.microsoft.translator","com.google.android.apps.translate","at.nk.tools.iTranslate","com.niven.comic","com.niven.apptranslate","com.deepl.mobiletranslator","com.datacomprojects.scanandtranslate","com.language.translate.free.translator.voice.translation","com.google.ar.lens","com.softissimo.reverso.context","com.tangdi.baiguotong","com.facebook.katana"]},{"rank":{"index":2,"lang":"ja","country":"jp","chineseCountryName":"日本","pkg":"com.spaceship.screen.textcopy"},"orders":["com.recognize_text.translate.screen","com.spaceship.screen.textcopy","com.tap_to_translate.snap_translate","com.niven.translator","com.gaminik.i18n","com.screen.translate.google","com.microsoft.translator","com.newmg.yurao.pro","com.google.android.apps.translate","com.niven.game","at.nk.tools.iTranslate","com.deepl.mobiletranslator","com.google.ar.lens","com.niven.comic"]},{"rank":{"index":2,"lang":"ko","country":"kr","chineseCountryName":"韩国","pkg":"com.spaceship.screen.textcopy"},"orders":["com.recognize_text.translate.screen","com.spaceship.screen.textcopy","com.tap_to_translate.snap_translate","com.gaminik.i18n","com.niven.translator","com.newmg.yurao.pro","com.screen.translate.google","com.niven.game","com.niven.comic","com.microsoft.translator","com.niven.apptranslate","com.google.android.apps.translate","com.naver.labs.translator","com.voice_camera_free_translate","at.nk.tools.iTranslate","com.deepl.mobiletranslator","com.language.translate.free.translator.voice.translation","com.flitto.app","com.google.ar.lens","com.translate.talkingtranslator"]},{"rank":{"index":2,"lang":"zh-hk","country":"hk","chineseCountryName":"香港","pkg":"com.spaceship.screen.textcopy"},"orders":["com.recognize_text.translate.screen","com.spaceship.screen.textcopy","com.gaminik.i18n","com.niven.translator","com.screen.translate.google","com.newmg.yurao.pro","com.tap_to_translate.snap_translate","com.microsoft.translator","com.google.android.apps.translate","com.niven.game","com.niven.comic","at.nk.tools.iTranslate","com.niven.apptranslate","com.google.ar.lens","com.deepl.mobiletranslator","com.tangdi.baiguotong","com.naver.labs.translator","com.wooask.zx","com.language.translate.free.translator.voice.translation","com.android.chrome"]},{"rank":{"index":2,"lang":"zh-tw","country":"tw","chineseCountryName":"台湾","pkg":"com.spaceship.screen.textcopy"},"orders":["com.recognize_text.translate.screen","com.spaceship.screen.textcopy","com.tap_to_translate.snap_translate","com.niven.translator","com.gaminik.i18n","com.screen.translate.google","com.newmg.yurao.pro","com.microsoft.translator","com.niven.game","com.google.android.apps.translate","com.niven.comic","com.niven.apptranslate","at.nk.tools.iTranslate","com.voice_camera_free_translate","com.google.ar.lens","com.tangdi.baiguotong","com.naver.labs.translator","com.language.translate.free.translator.voice.translation","com.translate.talkingtranslator","com.facebook.katana"]},{"rank":{"index":2,"lang":"en","country":"in","chineseCountryName":"印度","pkg":"com.spaceship.screen.textcopy"},"orders":["com.recognize_text.translate.screen","com.spaceship.screen.textcopy","com.tap_to_translate.snap_translate","com.google.android.apps.translate","com.gaminik.i18n","com.zaz.translate","at.nk.tools.iTranslate","com.datacomprojects.scanandtranslate","com.deepl.mobiletranslator","com.translate.talkingtranslator","ru.yandex.translate","com.google.ar.lens","com.softissimo.reverso.context","com.newmg.yurao.pro","com.niven.translator","com.screen.translate.google","com.niven.game","com.niven.comic","screen.translator.voice.translate","com.sayhi.android.sayhitranslate"]},{"rank":{"index":2,"lang":"id","country":"id","chineseCountryName":"印尼","pkg":"com.spaceship.screen.textcopy"},"orders":["com.recognize_text.translate.screen","com.spaceship.screen.textcopy","com.tap_to_translate.snap_translate","com.niven.translator","com.gaminik.i18n","com.niven.game","com.newmg.yurao.pro","com.screen.translate.google","com.youdao.hindict","com.niven.comic"]},{"rank":{"index":2,"lang":"es-mx","country":"mx","chineseCountryName":"墨西哥","pkg":"com.spaceship.screen.textcopy"},"orders":["com.recognize_text.translate.screen","com.spaceship.screen.textcopy","com.tap_to_translate.snap_translate","com.gaminik.i18n","at.nk.tools.iTranslate","com.google.android.apps.translate","com.zaz.translate","com.deepl.mobiletranslator","com.datacomprojects.scanandtranslate","com.translate.talkingtranslator","ru.yandex.translate","com.softissimo.reverso.context","com.niven.translator","com.newmg.yurao.pro","com.screen.translate.google","com.niven.game","com.niven.comic","com.youdao.hindict","com.niven.apptranslate","com.google.ar.lens"]}]