[{"rank":{"index":2,"lang":"en-us","country":"us","chineseCountryName":"美国","pkg":"com.spaceship.screen.textcopy"},"orders":["com.recognize_text.translate.screen","com.spaceship.screen.textcopy","com.tap_to_translate.snap_translate","com.google.android.apps.translate","com.screen.translate.google","com.microsoft.translator","com.newmg.yurao.pro","com.gaminik.i18n","com.niven.translator","com.zaz.translate","com.immersivetranslate.browser","com.naver.labs.translator","com.deepl.mobiletranslator","com.niven.game","com.youdao.hindict","at.nk.tools.iTranslate","ru.yandex.translate","com.mobisystems.msdict.embedded.wireless.collins.ee","com.tangdi.baiguotong","com.niven.apptranslate"]},{"rank":{"index":0,"lang":"ru","country":"ru","chineseCountryName":"俄罗斯","pkg":"com.spaceship.screen.textcopy"},"orders":["com.recognize_text.translate.screen","com.newmg.yurao.pro","com.tap_to_translate.snap_translate","com.google.android.apps.translate","com.niven.translator","ru.yandex.translate","com.gaminik.i18n","com.microsoft.translator","com.screen.translate.google","com.zaz.translate"]},{"rank":{"index":2,"lang":"pt-br","country":"br","chineseCountryName":"巴西","pkg":"com.spaceship.screen.textcopy"},"orders":["com.recognize_text.translate.screen","com.spaceship.screen.textcopy","com.tap_to_translate.snap_translate","com.newmg.yurao.pro","com.gaminik.i18n","com.google.android.apps.translate","com.zaz.translate","com.deepl.mobiletranslator","ru.yandex.translate","at.nk.tools.iTranslate","com.naver.labs.translator","com.immersivetranslate.browser","com.google.ar.lens","com.translate.talkingtranslator","com.niven.translator","com.screen.translate.google","com.niven.game","com.newtranslate.google","com.niven.apptranslate","com.softissimo.reverso.context"]},{"rank":{"index":2,"lang":"fr","country":"fr","chineseCountryName":"法国","pkg":"com.spaceship.screen.textcopy"},"orders":["com.recognize_text.translate.screen","com.spaceship.screen.textcopy","com.tap_to_translate.snap_translate","com.newmg.yurao.pro","com.niven.translator","com.gaminik.i18n","com.screen.translate.google","com.microsoft.translator","com.google.android.apps.translate","com.zaz.translate","com.immersivetranslate.browser","com.deepl.mobiletranslator","com.niven.apptranslate","com.niven.game","ru.yandex.translate","com.mg.chat","com.voice_camera_free_translate","com.google.ar.lens","at.nk.tools.iTranslate","com.datacomprojects.scanandtranslate"]},{"rank":{"index":2,"lang":"en-gb","country":"gb","chineseCountryName":"英国","pkg":"com.spaceship.screen.textcopy"},"orders":["com.recognize_text.translate.screen","com.spaceship.screen.textcopy","com.newmg.yurao.pro","com.google.android.apps.translate","com.screen.translate.google","com.gaminik.i18n","com.microsoft.translator","com.niven.translator","com.tap_to_translate.snap_translate","com.zaz.translate","com.immersivetranslate.browser","com.siv","com.niven.game","com.deepl.mobiletranslator","at.nk.tools.iTranslate","com.tangdi.baiguotong","com.google.ar.lens","com.niven.apptranslate","ru.yandex.translate","com.naver.labs.translator"]},{"rank":{"index":2,"lang":"de","country":"de","chineseCountryName":"德国","pkg":"com.spaceship.screen.textcopy"},"orders":["com.recognize_text.translate.screen","com.spaceship.screen.textcopy","com.newmg.yurao.pro","com.screen.translate.google","com.gaminik.i18n","com.niven.translator","com.tap_to_translate.snap_translate","com.microsoft.translator","com.google.android.apps.translate","com.immersivetranslate.browser","com.deepl.mobiletranslator","com.zaz.translate","com.niven.apptranslate","ru.yandex.translate","com.niven.game","com.google.ar.lens","at.nk.tools.iTranslate","com.android.chrome","com.google.android.apps.tachyon","com.facebook.katana"]},{"rank":{"index":2,"lang":"it","country":"it","chineseCountryName":"意大利","pkg":"com.spaceship.screen.textcopy"},"orders":["com.recognize_text.translate.screen","com.spaceship.screen.textcopy","com.tap_to_translate.snap_translate","com.gaminik.i18n","com.newmg.yurao.pro","com.niven.translator","com.screen.translate.google","com.google.android.apps.translate","com.microsoft.translator","com.zaz.translate","com.immersivetranslate.browser","com.deepl.mobiletranslator","com.niven.apptranslate","com.niven.game","at.nk.tools.iTranslate","com.google.ar.lens","com.datacomprojects.scanandtranslate","ru.yandex.translate","com.tangdi.baiguotong","com.kursx.smartbook"]},{"rank":{"index":2,"lang":"ja","country":"jp","chineseCountryName":"日本","pkg":"com.spaceship.screen.textcopy"},"orders":["com.recognize_text.translate.screen","com.spaceship.screen.textcopy","com.tap_to_translate.snap_translate","com.newmg.yurao.pro","com.gaminik.i18n","com.screen.translate.google","com.microsoft.translator","com.google.android.apps.translate","com.niven.translator","com.deepl.mobiletranslator","com.immersivetranslate.browser","com.niven.apptranslate","com.naver.labs.translator","com.zaz.translate","com.google.ar.lens","com.niven.game","com.translate.talkingtranslator","at.nk.tools.iTranslate","com.android.chrome","com.facebook.katana"]},{"rank":{"index":2,"lang":"ko","country":"kr","chineseCountryName":"韩国","pkg":"com.spaceship.screen.textcopy"},"orders":["com.recognize_text.translate.screen","com.spaceship.screen.textcopy","com.tap_to_translate.snap_translate","com.niven.translator","com.screen.translate.google","com.newmg.yurao.pro","com.gaminik.i18n","com.google.android.apps.translate","com.naver.labs.translator","com.immersivetranslate.browser","com.microsoft.translator","com.niven.apptranslate","com.niven.game","com.zaz.translate","com.deepl.mobiletranslator","at.nk.tools.iTranslate","com.voice_camera_free_translate","ru.yandex.translate","com.openai.chatgpt","com.facebook.katana"]},{"rank":{"index":2,"lang":"zh-hk","country":"hk","chineseCountryName":"香港","pkg":"com.spaceship.screen.textcopy"},"orders":["com.recognize_text.translate.screen","com.spaceship.screen.textcopy","com.tap_to_translate.snap_translate","com.google.android.apps.translate","com.screen.translate.google","com.newmg.yurao.pro","com.gaminik.i18n","com.microsoft.translator","com.niven.translator","com.immersivetranslate.browser","com.niven.game","com.zaz.translate","com.niven.apptranslate","com.tangdi.baiguotong","com.deepl.mobiletranslator","com.siv","com.google.ar.lens","ru.yandex.translate","at.nk.tools.iTranslate","com.voice_camera_free_translate"]},{"rank":{"index":2,"lang":"zh-tw","country":"tw","chineseCountryName":"台湾","pkg":"com.spaceship.screen.textcopy"},"orders":["com.recognize_text.translate.screen","com.spaceship.screen.textcopy","com.newmg.yurao.pro","com.screen.translate.google","com.gaminik.i18n","com.niven.translator","com.tap_to_translate.snap_translate","com.microsoft.translator","com.google.android.apps.translate","com.immersivetranslate.browser","com.zaz.translate","com.niven.apptranslate","com.niven.game","com.deepl.mobiletranslator","com.naver.labs.translator","com.tangdi.baiguotong","at.nk.tools.iTranslate","com.mg.chat","ru.yandex.translate","com.google.ar.lens"]},{"rank":{"index":3,"lang":"en","country":"in","chineseCountryName":"印度","pkg":"com.spaceship.screen.textcopy"},"orders":["com.recognize_text.translate.screen","com.google.android.apps.translate","com.spaceship.screen.textcopy","com.newmg.yurao.pro","com.zaz.translate"]},{"rank":{"index":3,"lang":"id","country":"id","chineseCountryName":"印尼","pkg":"com.spaceship.screen.textcopy"},"orders":["com.recognize_text.translate.screen","com.tap_to_translate.snap_translate","com.spaceship.screen.textcopy","com.niven.translator","com.screen.translate.google","com.newmg.yurao.pro","com.gaminik.i18n","com.niven.game","com.google.android.apps.translate","com.niven.apptranslate","com.immersivetranslate.browser","com.deepl.mobiletranslator","com.microsoft.translator"]},{"rank":{"index":2,"lang":"es-mx","country":"mx","chineseCountryName":"墨西哥","pkg":"com.spaceship.screen.textcopy"},"orders":["com.recognize_text.translate.screen","com.spaceship.screen.textcopy","com.tap_to_translate.snap_translate","com.newmg.yurao.pro","com.google.android.apps.translate","com.gaminik.i18n","com.zaz.translate","com.deepl.mobiletranslator","at.nk.tools.iTranslate","ru.yandex.translate","com.naver.labs.translator","com.immersivetranslate.browser","com.translate.talkingtranslator","com.google.ar.lens","com.softissimo.reverso.context","com.niven.translator","com.screen.translate.google","com.niven.game","com.newtranslate.google","com.ydzlabs.chattranslator"]}]