[{"rank":{"index":2,"lang":"en-us","country":"us","chineseCountryName":"美国","pkg":"com.spaceship.screen.textcopy"},"orders":["com.recognize_text.translate.screen","com.spaceship.screen.textcopy","com.niven.translator","com.tap_to_translate.snap_translate","com.microsoft.translator","com.google.android.apps.translate","com.gaminik.i18n","com.niven.game","com.newmg.yurao.pro","com.niven.comic","com.zaz.translate","com.translate.talkingtranslator","com.deepl.mobiletranslator","com.translatepost.voicetranslator.cameratranslator","com.naver.labs.translator","com.screen.translate.google","com.translate.language.translator.voice.translation","translate.all.language.translator.cameratranslator","com.language.translate.free.translator.voice.translation","com.youdao.hindict"]},{"rank":{"index":3,"lang":"ru","country":"ru","chineseCountryName":"俄罗斯","pkg":"com.spaceship.screen.textcopy"},"orders":["com.recognize_text.translate.screen","com.niven.translator","com.spaceship.screen.textcopy","com.tap_to_translate.snap_translate","com.microsoft.translator","com.niven.game","com.gaminik.i18n","com.google.android.apps.translate","com.niven.comic","com.newmg.yurao.pro","ru.yandex.translate","com.deepl.mobiletranslator","com.zaz.translate","com.screen.translate.google","com.datacomprojects.scanandtranslate","com.translate.talkingtranslator","com.naver.labs.translator","com.erudite.translator","at.nk.tools.iTranslate","com.translatepost.voicetranslator.cameratranslator"]},{"rank":{"index":2,"lang":"pt-br","country":"br","chineseCountryName":"巴西","pkg":"com.spaceship.screen.textcopy"},"orders":["com.recognize_text.translate.screen","com.spaceship.screen.textcopy","com.tap_to_translate.snap_translate","com.gaminik.i18n","com.niven.game","com.niven.translator","com.niven.comic","com.newmg.yurao.pro","com.microsoft.translator","com.google.android.apps.translate","com.screen.translate.google","com.zaz.translate","translate.all.language.translator.cameratranslator","com.android.chrome","com.translatepost.voicetranslator.cameratranslator","com.youdao.hindict","com.deepl.mobiletranslator","com.facebook.orca","com.language.translate.free.translator.voice.translation","com.galaxy.airviewdictionary"]},{"rank":{"index":2,"lang":"fr","country":"fr","chineseCountryName":"法国","pkg":"com.spaceship.screen.textcopy"},"orders":["com.recognize_text.translate.screen","com.spaceship.screen.textcopy","com.tap_to_translate.snap_translate","com.gaminik.i18n","com.microsoft.translator","com.niven.translator","com.niven.game","com.newmg.yurao.pro","com.zaz.translate","com.niven.comic","com.google.android.apps.translate","com.translate.talkingtranslator","com.translatepost.voicetranslator.cameratranslator","com.deepl.mobiletranslator","com.translate.language.translator.voice.translation","translate.all.language.translator.cameratranslator","com.language.translate.free.translator.voice.translation","com.screen.translate.google","com.datacomprojects.scanandtranslate","com.flitto.app"]},{"rank":{"index":2,"lang":"en-gb","country":"gb","chineseCountryName":"英国","pkg":"com.spaceship.screen.textcopy"},"orders":["com.recognize_text.translate.screen","com.spaceship.screen.textcopy","com.tap_to_translate.snap_translate","com.gaminik.i18n","com.microsoft.translator","com.niven.translator","com.google.android.apps.translate","com.niven.game","com.newmg.yurao.pro","com.zaz.translate","com.niven.comic","com.deepl.mobiletranslator","com.translatepost.voicetranslator.cameratranslator","com.screen.translate.google","com.language.translate.free.translator.voice.translation","com.translate.language.translator.voice.translation","com.naver.labs.translator","translate.all.language.translator.cameratranslator","com.erudite.translator","com.youdao.hindict"]},{"rank":{"index":2,"lang":"de","country":"de","chineseCountryName":"德国","pkg":"com.spaceship.screen.textcopy"},"orders":["com.recognize_text.translate.screen","com.spaceship.screen.textcopy","com.tap_to_translate.snap_translate","com.microsoft.translator","com.gaminik.i18n","com.niven.translator","com.niven.game","com.newmg.yurao.pro","com.niven.comic","com.google.android.apps.translate","com.deepl.mobiletranslator","com.translate.talkingtranslator","com.zaz.translate","com.screen.translate.google","com.translatepost.voicetranslator.cameratranslator","com.language.translate.free.translator.voice.translation","com.translate.language.translator.voice.translation","translate.all.language.translator.cameratranslator","com.dftpdf.translate","com.flitto.app"]},{"rank":{"index":2,"lang":"it","country":"it","chineseCountryName":"意大利","pkg":"com.spaceship.screen.textcopy"},"orders":["com.recognize_text.translate.screen","com.spaceship.screen.textcopy","com.gaminik.i18n","com.niven.translator","com.niven.game","com.tap_to_translate.snap_translate","com.microsoft.translator","com.newmg.yurao.pro","com.niven.comic","com.google.android.apps.translate","com.zaz.translate","com.deepl.mobiletranslator","translate.all.language.translator.cameratranslator","com.aldoo.pdftranslatorpro","com.translatepost.voicetranslator.cameratranslator","com.galaxy.airviewdictionary","com.google.ar.lens","com.screen.translate.google","com.language.translate.free.translator.voice.translation","com.translate.language.translator.voice.translation"]},{"rank":{"index":2,"lang":"ja","country":"jp","chineseCountryName":"日本","pkg":"com.spaceship.screen.textcopy"},"orders":["com.recognize_text.translate.screen","com.spaceship.screen.textcopy","com.tap_to_translate.snap_translate","com.gaminik.i18n","com.niven.translator","com.niven.game","com.newmg.yurao.pro","com.deepl.mobiletranslator","com.niven.comic","com.microsoft.translator","com.google.android.apps.translate","com.screen.translate.google","com.naver.labs.translator","com.google.ar.lens","com.zaz.translate","com.translate.talkingtranslator","com.flitto.app","com.facebook.orca","com.android.chrome","com.discord"]},{"rank":{"index":2,"lang":"ko","country":"kr","chineseCountryName":"韩国","pkg":"com.spaceship.screen.textcopy"},"orders":["com.recognize_text.translate.screen","com.spaceship.screen.textcopy","com.tap_to_translate.snap_translate","com.microsoft.translator","com.gaminik.i18n","com.google.android.apps.translate","com.niven.translator","com.niven.game","com.naver.labs.translator","com.newmg.yurao.pro","com.niven.comic","com.deepl.mobiletranslator","com.zaz.translate","com.flitto.app","com.translate.language.translator.voice.translation","com.translatepost.voicetranslator.cameratranslator","com.translate.talkingtranslator","com.screen.translate.google","com.youdao.hindict","com.galaxy.airviewdictionary"]},{"rank":{"index":2,"lang":"zh-hk","country":"hk","chineseCountryName":"香港","pkg":"com.spaceship.screen.textcopy"},"orders":["com.recognize_text.translate.screen","com.spaceship.screen.textcopy","com.microsoft.translator","com.google.android.apps.translate","com.niven.translator","com.gaminik.i18n","com.tap_to_translate.snap_translate","com.niven.game","com.niven.comic","com.newmg.yurao.pro","com.zaz.translate","com.naver.labs.translator","com.deepl.mobiletranslator","com.translate.language.translator.voice.translation","com.screen.translate.google","com.translatepost.voicetranslator.cameratranslator","com.google.ar.lens","com.language.translate.free.translator.voice.translation","com.translate.talkingtranslator","com.flitto.app"]},{"rank":{"index":2,"lang":"zh-tw","country":"tw","chineseCountryName":"台湾","pkg":"com.spaceship.screen.textcopy"},"orders":["com.recognize_text.translate.screen","com.spaceship.screen.textcopy","com.tap_to_translate.snap_translate","com.microsoft.translator","com.gaminik.i18n","com.niven.translator","com.google.android.apps.translate","com.niven.game","com.newmg.yurao.pro","com.niven.comic","com.naver.labs.translator","com.deepl.mobiletranslator","com.zaz.translate","com.translatepost.voicetranslator.cameratranslator","com.translate.language.translator.voice.translation","com.voice_camera_free_translate","com.youdao.hindict","com.screen.translate.google","com.translate.talkingtranslator","com.galaxy.airviewdictionary"]},{"rank":{"index":2,"lang":"en","country":"in","chineseCountryName":"印度","pkg":"com.spaceship.screen.textcopy"},"orders":["com.recognize_text.translate.screen","com.spaceship.screen.textcopy","com.niven.translator","com.tap_to_translate.snap_translate","com.google.android.apps.translate","com.zaz.translate","com.gaminik.i18n","com.datacomprojects.scanandtranslate","com.languagetranslator.translatorapp.smartscanner.dictionary.translation.voicetranslator","com.talpa.translate","all.language.translate.translator","com.royalappcode.translation.voice.language.chat.interpreter","com.newmg.yurao.pro","screen.translator.voice.translate","com.galaxy.airviewdictionary","com.niven.game","translate.speech.text.translation.voicetranslator","com.niven.comic","com.screen.translate.google","com.language.translate.all.voice.translator"]},{"rank":{"index":2,"lang":"id","country":"id","chineseCountryName":"印尼","pkg":"com.spaceship.screen.textcopy"},"orders":["com.recognize_text.translate.screen","com.spaceship.screen.textcopy","com.tap_to_translate.snap_translate","com.niven.translator","com.gaminik.i18n","com.niven.game","com.newmg.yurao.pro","com.youdao.hindict","com.microsoft.translator","com.niven.comic","com.google.android.apps.translate","com.zaz.translate"]},{"rank":{"index":2,"lang":"es-mx","country":"mx","chineseCountryName":"墨西哥","pkg":"com.spaceship.screen.textcopy"},"orders":["com.recognize_text.translate.screen","com.spaceship.screen.textcopy","com.gaminik.i18n","com.niven.game","com.microsoft.translator","com.niven.translator","com.tap_to_translate.snap_translate","com.niven.comic","com.newmg.yurao.pro","com.zaz.translate","com.google.android.apps.translate","translate.all.language.translator.cameratranslator","com.youdao.hindict","com.translate.talkingtranslator","com.screen.translate.google","com.deepl.mobiletranslator","com.language.translate.free.translator.voice.translation","com.translate.language.translator.voice.translation","com.google.ar.lens","com.translatepost.voicetranslator.cameratranslator"]}]