[{"rank":{"index":2,"lang":"en-us","country":"us","chineseCountryName":"美国","pkg":"com.spaceship.screen.textcopy"},"orders":["com.recognize_text.translate.screen","com.spaceship.screen.textcopy","com.tap_to_translate.snap_translate","com.gaminik.i18n","com.microsoft.translator","com.google.android.apps.translate","com.niven.translator","screen.translator.voice.translate","com.niven.game","com.newmg.yurao.pro","com.eecorp.taptranslator","com.niven.comic","at.nk.tools.iTranslate","com.niven.apptranslate","com.naver.labs.translator","com.deepl.mobiletranslator","com.translate.talkingtranslator","com.screen.translate.google","com.youdao.hindict","ru.yandex.translate"]},{"rank":{"index":2,"lang":"ru","country":"ru","chineseCountryName":"俄罗斯","pkg":"com.spaceship.screen.textcopy"},"orders":["com.recognize_text.translate.screen","com.spaceship.screen.textcopy","com.tap_to_translate.snap_translate","com.gaminik.i18n","com.niven.translator","com.niven.game","com.newmg.yurao.pro","ru.yandex.translate","com.microsoft.translator","com.google.android.apps.translate","com.niven.comic","com.niven.apptranslate","com.screen.translate.google","com.deepl.mobiletranslator","com.softissimo.reverso.context","screen.translator.voice.translate","at.nk.tools.iTranslate","com.naver.labs.translator","com.eecorp.linguago","us.zoom.videomeetings"]},{"rank":{"index":2,"lang":"pt-br","country":"br","chineseCountryName":"巴西","pkg":"com.spaceship.screen.textcopy"},"orders":["com.recognize_text.translate.screen","com.spaceship.screen.textcopy","com.tap_to_translate.snap_translate","com.gaminik.i18n","com.niven.translator","com.niven.game","screen.translator.voice.translate","com.niven.comic","com.newmg.yurao.pro","com.google.android.apps.translate","com.niven.apptranslate","com.eecorp.taptranslator","com.microsoft.translator","com.android.chrome","us.zoom.videomeetings","com.google.android.apps.photos","com.discord","com.google.android.apps.maps","com.google.android.apps.docs","com.microsoft.office.outlook"]},{"rank":{"index":2,"lang":"fr","country":"fr","chineseCountryName":"法国","pkg":"com.spaceship.screen.textcopy"},"orders":["com.recognize_text.translate.screen","com.spaceship.screen.textcopy","com.tap_to_translate.snap_translate","com.gaminik.i18n","com.niven.game","com.niven.translator","screen.translator.voice.translate","com.microsoft.translator","com.newmg.yurao.pro","com.niven.comic","com.google.android.apps.translate","com.eecorp.taptranslator","com.niven.apptranslate","us.zoom.videomeetings","com.discord","com.screen.translate.google","com.microsoft.office.outlook","com.android.chrome","com.truecaller","com.google.android.apps.photos"]},{"rank":{"index":2,"lang":"en-gb","country":"gb","chineseCountryName":"英国","pkg":"com.spaceship.screen.textcopy"},"orders":["com.recognize_text.translate.screen","com.spaceship.screen.textcopy","com.tap_to_translate.snap_translate","com.gaminik.i18n","com.microsoft.translator","com.google.android.apps.translate","com.niven.game","com.niven.translator","com.newmg.yurao.pro","com.niven.comic","at.nk.tools.iTranslate","com.eecorp.taptranslator","screen.translator.voice.translate","com.niven.apptranslate","com.youdao.hindict","com.screen.translate.google","com.deepl.mobiletranslator","com.eecorp.linguago","us.zoom.videomeetings","com.sayhi.android.sayhitranslate"]},{"rank":{"index":2,"lang":"de","country":"de","chineseCountryName":"德国","pkg":"com.spaceship.screen.textcopy"},"orders":["com.recognize_text.translate.screen","com.spaceship.screen.textcopy","com.tap_to_translate.snap_translate","com.gaminik.i18n","com.newmg.yurao.pro","com.niven.translator","com.niven.game","com.microsoft.translator","com.google.android.apps.translate","com.niven.comic","com.eecorp.taptranslator","com.niven.apptranslate","com.deepl.mobiletranslator","at.nk.tools.iTranslate","com.translate.talkingtranslator","com.eecorp.linguago","us.zoom.videomeetings","com.screen.translate.google","com.discord","com.android.chrome"]},{"rank":{"index":2,"lang":"it","country":"it","chineseCountryName":"意大利","pkg":"com.spaceship.screen.textcopy"},"orders":["com.recognize_text.translate.screen","com.spaceship.screen.textcopy","com.tap_to_translate.snap_translate","com.gaminik.i18n","screen.translator.voice.translate","com.niven.translator","com.niven.game","com.microsoft.translator","com.newmg.yurao.pro","com.google.android.apps.translate","com.niven.comic","com.niven.apptranslate","com.eecorp.taptranslator","com.screen.translate.google","at.nk.tools.iTranslate","us.zoom.videomeetings","com.deepl.mobiletranslator","com.discord","com.android.chrome","com.microsoft.office.outlook"]},{"rank":{"index":1,"lang":"ja","country":"jp","chineseCountryName":"日本","pkg":"com.spaceship.screen.textcopy"},"orders":["com.spaceship.screen.textcopy","com.recognize_text.translate.screen","com.tap_to_translate.snap_translate","com.gaminik.i18n","com.newmg.yurao.pro","com.niven.translator","com.google.android.apps.translate","com.niven.game","com.microsoft.translator","com.google.ar.lens","us.zoom.videomeetings","com.discord","com.android.chrome","com.google.android.apps.maps","com.naver.labs.translator","com.duolingo","com.microsoft.office.outlook","com.skype.raider","com.google.android.apps.photos","com.google.android.apps.docs"]},{"rank":{"index":2,"lang":"ko","country":"kr","chineseCountryName":"韩国","pkg":"com.spaceship.screen.textcopy"},"orders":["com.recognize_text.translate.screen","com.spaceship.screen.textcopy","com.tap_to_translate.snap_translate","com.gaminik.i18n","com.google.android.apps.translate","com.microsoft.translator","com.niven.game","com.niven.translator","com.naver.labs.translator","com.niven.comic","com.newmg.yurao.pro","com.niven.apptranslate","com.youdao.hindict","at.nk.tools.iTranslate","com.eecorp.taptranslator","com.deepl.mobiletranslator","com.screen.translate.google","ru.yandex.translate","com.google.android.marvin.talkback","com.translate.talkingtranslator"]},{"rank":{"index":2,"lang":"zh-hk","country":"hk","chineseCountryName":"香港","pkg":"com.spaceship.screen.textcopy"},"orders":["com.recognize_text.translate.screen","com.spaceship.screen.textcopy","com.tap_to_translate.snap_translate","com.gaminik.i18n","com.microsoft.translator","com.google.android.apps.translate","com.niven.game","com.niven.translator","com.newmg.yurao.pro","com.niven.comic","at.nk.tools.iTranslate","com.niven.apptranslate","com.screen.translate.google","com.eecorp.taptranslator","com.deepl.mobiletranslator","com.naver.labs.translator","com.translate.talkingtranslator","com.android.chrome","com.softissimo.reverso.context","ru.yandex.translate"]},{"rank":{"index":2,"lang":"zh-tw","country":"tw","chineseCountryName":"台湾","pkg":"com.spaceship.screen.textcopy"},"orders":["com.recognize_text.translate.screen","com.spaceship.screen.textcopy","com.tap_to_translate.snap_translate","com.gaminik.i18n","com.google.android.apps.translate","com.niven.game","com.microsoft.translator","com.niven.translator","com.niven.comic","com.newmg.yurao.pro","com.youdao.hindict","at.nk.tools.iTranslate","com.niven.apptranslate","com.naver.labs.translator","com.screen.translate.google","com.translate.talkingtranslator","com.eecorp.taptranslator","screen.translator.voice.translate","com.duolingo","com.discord"]},{"rank":{"index":1,"lang":"id","country":"id","chineseCountryName":"印尼","pkg":"com.spaceship.screen.textcopy"},"orders":["com.spaceship.screen.textcopy","com.recognize_text.translate.screen","com.tap_to_translate.snap_translate","com.gaminik.i18n","com.niven.game","com.niven.translator","com.newmg.yurao.pro","com.niven.comic","com.youdao.hindict","com.google.android.apps.translate","com.niven.apptranslate","com.microsoft.translator"]},{"rank":{"index":2,"lang":"es-mx","country":"mx","chineseCountryName":"墨西哥","pkg":"com.spaceship.screen.textcopy"},"orders":["com.recognize_text.translate.screen","com.spaceship.screen.textcopy","com.gaminik.i18n","com.tap_to_translate.snap_translate","com.niven.game","com.niven.translator","com.niven.comic","com.newmg.yurao.pro","com.microsoft.translator","com.google.android.apps.translate","com.niven.apptranslate","com.eecorp.taptranslator","us.zoom.videomeetings","com.discord","com.android.chrome","com.google.android.apps.photos","com.google.android.apps.maps","com.google.android.apps.docs","com.microsoft.office.outlook","com.intsig.camscanner"]}]