[{"rank":{"index":3,"lang":"en-us","country":"us","chineseCountryName":"美国","pkg":"com.spaceship.screen.textcopy"},"orders":["com.recognize_text.translate.screen","com.tap_to_translate.snap_translate","com.spaceship.screen.textcopy","com.gaminik.i18n","com.google.android.apps.translate","com.microsoft.translator","com.mg.yurao.google","com.niven.translator","com.niven.game","screen.translator.voice.translate","com.eecorp.linguago","com.niven.comic","com.niven.apptranslate","com.naver.labs.translator","com.eecorp.taptranslator","ru.yandex.translate","com.sayhi.android.sayhitranslate","com.newmg.yurao.pro","com.deepl.mobiletranslator","com.galaxy.airviewdictionary"]},{"rank":{"index":3,"lang":"ru","country":"ru","chineseCountryName":"俄罗斯","pkg":"com.spaceship.screen.textcopy"},"orders":["com.recognize_text.translate.screen","com.tap_to_translate.snap_translate","com.spaceship.screen.textcopy","com.niven.game","com.gaminik.i18n","com.niven.translator","com.microsoft.translator","com.google.android.apps.translate","com.eecorp.linguago","com.niven.comic","ru.yandex.translate","com.niven.apptranslate","com.pidev.screentranslator","screen.translator.voice.translate","com.datacomprojects.scanandtranslate","com.zaz.translate","com.kursx.smartbook","com.ydzlabs.chattranslator","com.chat_translate.screen_translate","com.naver.labs.translator"]},{"rank":{"index":3,"lang":"pt-br","country":"br","chineseCountryName":"巴西","pkg":"com.spaceship.screen.textcopy"},"orders":["com.recognize_text.translate.screen","com.tap_to_translate.snap_translate","com.spaceship.screen.textcopy","com.gaminik.i18n","com.mg.yurao.google","com.niven.game","com.niven.translator","com.niven.comic","com.eecorp.linguago","com.niven.apptranslate","com.google.android.apps.translate","screen.translator.voice.translate","com.microsoft.translator","com.youdao.hindict","com.pidev.screentranslator","com.newmg.yurao.pro","com.zaz.translate","com.deepl.mobiletranslator","com.tranit.text.translate","com.galaxy.airviewdictionary"]},{"rank":{"index":2,"lang":"fr","country":"fr","chineseCountryName":"法国","pkg":"com.spaceship.screen.textcopy"},"orders":["com.recognize_text.translate.screen","com.spaceship.screen.textcopy","com.tap_to_translate.snap_translate","com.gaminik.i18n","com.mg.yurao.google","com.niven.game","com.niven.translator","com.niven.comic","com.google.android.apps.translate","com.eecorp.linguago","screen.translator.voice.translate","com.niven.apptranslate","com.microsoft.translator","com.newmg.yurao.pro","com.zaz.translate","com.naver.labs.translator","com.eecorp.taptranslator","com.pidev.screentranslator","at.nk.tools.iTranslate","ru.yandex.translate"]},{"rank":{"index":2,"lang":"en-gb","country":"gb","chineseCountryName":"英国","pkg":"com.spaceship.screen.textcopy"},"orders":["com.recognize_text.translate.screen","com.spaceship.screen.textcopy","com.tap_to_translate.snap_translate","com.google.android.apps.translate","com.microsoft.translator","screen.translator.voice.translate","com.gaminik.i18n","com.mg.yurao.google","com.niven.translator","com.niven.game","com.niven.comic","com.eecorp.linguago","com.niven.apptranslate","com.naver.labs.translator","com.sayhi.android.sayhitranslate","at.nk.tools.iTranslate","com.zaz.translate","com.eecorp.taptranslator","com.galaxy.airviewdictionary","com.newmg.yurao.pro"]},{"rank":{"index":2,"lang":"de","country":"de","chineseCountryName":"德国","pkg":"com.spaceship.screen.textcopy"},"orders":["com.recognize_text.translate.screen","com.spaceship.screen.textcopy","com.gaminik.i18n","com.mg.yurao.google","com.niven.game","com.tap_to_translate.snap_translate","com.niven.translator","com.niven.comic","com.eecorp.linguago","com.microsoft.translator","com.niven.apptranslate","screen.translator.voice.translate","com.newmg.yurao.pro","com.translator.yellow","com.pidev.screentranslator","com.eecorp.taptranslator","com.fasttanslator.appm","com.google.android.apps.translate","com.translator.translation.screen.translate.voice.languages.text.translating","com.translate.talkingtranslator"]},{"rank":{"index":2,"lang":"it","country":"it","chineseCountryName":"意大利","pkg":"com.spaceship.screen.textcopy"},"orders":["com.recognize_text.translate.screen","com.spaceship.screen.textcopy","com.gaminik.i18n","screen.translator.voice.translate","com.niven.game","com.tap_to_translate.snap_translate","com.mg.yurao.google","com.niven.translator","com.niven.comic","com.eecorp.linguago","com.microsoft.translator","com.niven.apptranslate","com.google.android.apps.translate","com.zaz.translate","com.eecorp.taptranslator","com.pidev.screentranslator","com.deepl.mobiletranslator","at.nk.tools.iTranslate","com.newmg.yurao.pro","com.translator.translation.screen.translate.voice.languages.text.translating"]},{"rank":{"index":3,"lang":"ja","country":"jp","chineseCountryName":"日本","pkg":"com.spaceship.screen.textcopy"},"orders":["com.recognize_text.translate.screen","com.gaminik.i18n","com.spaceship.screen.textcopy","com.eecorp.taptranslator","com.mg.yurao.google","com.niven.game","com.eecorp.linguago","com.tap_to_translate.snap_translate","com.niven.translator","com.pidev.screentranslator","com.niven.apptranslate","com.niven.comic","com.microsoft.translator","com.google.android.apps.translate","com.naver.labs.translator","screen.translator.voice.translate","com.newmg.yurao.pro","us.zoom.videomeetings","com.copy.paste.ocr.screen.text.copypastetrial","com.deepl.mobiletranslator"]},{"rank":{"index":2,"lang":"ko","country":"kr","chineseCountryName":"韩国","pkg":"com.spaceship.screen.textcopy"},"orders":["com.recognize_text.translate.screen","com.spaceship.screen.textcopy","com.tap_to_translate.snap_translate","com.gaminik.i18n","com.mg.yurao.google","com.niven.game","com.niven.translator","com.microsoft.translator","com.eecorp.linguago","com.google.android.apps.translate","com.niven.comic","com.naver.labs.translator","com.newmg.yurao.pro","com.niven.apptranslate","com.eecorp.taptranslator","com.pidev.screentranslator","screen.translator.voice.translate","at.nk.tools.iTranslate","com.zaz.translate","com.datacomprojects.scanandtranslate"]},{"rank":{"index":2,"lang":"zh-hk","country":"hk","chineseCountryName":"香港","pkg":"com.spaceship.screen.textcopy"},"orders":["com.recognize_text.translate.screen","com.spaceship.screen.textcopy","com.gaminik.i18n","com.mg.yurao.google","com.niven.game","com.microsoft.translator","com.tap_to_translate.snap_translate","com.google.android.apps.translate","com.niven.translator","com.eecorp.linguago","com.niven.comic","com.niven.apptranslate","com.newmg.yurao.pro","screen.translator.voice.translate","com.pidev.screentranslator","com.eecorp.taptranslator","com.zaz.translate","at.nk.tools.iTranslate","com.naver.labs.translator","com.datacomprojects.scanandtranslate"]},{"rank":{"index":6,"lang":"zh-tw","country":"tw","chineseCountryName":"台湾","pkg":"com.spaceship.screen.textcopy"},"orders":["com.recognize_text.translate.screen","com.mg.yurao.google","com.tap_to_translate.snap_translate","com.gaminik.i18n","com.niven.game","com.spaceship.screen.textcopy","com.niven.translator","com.eecorp.linguago","com.niven.comic","com.google.android.apps.translate","com.microsoft.translator","screen.translator.voice.translate","com.niven.apptranslate","com.pidev.screentranslator","com.eecorp.taptranslator","com.newmg.yurao.pro","com.zaz.translate","com.translator.translation.screen.translate.voice.languages.text.translating","com.naver.labs.translator","at.nk.tools.iTranslate"]},{"rank":{"index":2,"lang":"en","country":"in","chineseCountryName":"印度","pkg":"com.spaceship.screen.textcopy"},"orders":["com.recognize_text.translate.screen","com.spaceship.screen.textcopy","com.tap_to_translate.snap_translate","screen.translator.voice.translate","com.niven.game","com.gaminik.i18n","com.google.android.apps.translate","com.niven.translator","com.eecorp.linguago","com.zaz.translate","com.microsoft.translator","com.niven.comic","com.newmg.yurao.pro","com.niven.apptranslate","com.pidev.screentranslator","com.tranit.text.translate","us.zoom.videomeetings","com.google.android.dialer","com.mg.yurao.google"]},{"rank":{"index":3,"lang":"id","country":"id","chineseCountryName":"印尼","pkg":"com.spaceship.screen.textcopy"},"orders":["com.recognize_text.translate.screen","com.gaminik.i18n","com.spaceship.screen.textcopy","com.tap_to_translate.snap_translate","com.mg.yurao.google","com.eecorp.linguago","com.niven.game","com.niven.translator","com.google.android.apps.translate","com.niven.comic","com.microsoft.translator","com.newmg.yurao.pro","com.niven.apptranslate","screen.translator.voice.translate","com.youdao.hindict","com.naver.labs.translator","com.pidev.screentranslator","com.zaz.translate","ru.yandex.translate","com.deepl.mobiletranslator"]},{"rank":{"index":4,"lang":"es-mx","country":"mx","chineseCountryName":"墨西哥","pkg":"com.spaceship.screen.textcopy"},"orders":["com.recognize_text.translate.screen","com.tap_to_translate.snap_translate","com.gaminik.i18n","com.spaceship.screen.textcopy","com.mg.yurao.google","com.niven.game","com.niven.translator","com.niven.comic","com.eecorp.linguago","screen.translator.voice.translate","com.microsoft.translator","com.niven.apptranslate","com.google.android.apps.translate","com.youdao.hindict","com.zaz.translate","at.nk.tools.iTranslate","com.pidev.screentranslator","com.translator.translation.screen.translate.voice.languages.text.translating","com.newmg.yurao.pro","com.deepl.mobiletranslator"]}]