[{"rank":{"index":4,"lang":"en-us","country":"us","chineseCountryName":"美国","pkg":"com.spaceship.screen.textcopy"},"orders":["com.recognize_text.translate.screen","com.gaminik.i18n","com.mg.yurao.google","com.spaceship.screen.textcopy","com.tap_to_translate.snap_translate","com.google.android.apps.translate","com.microsoft.translator","com.niven.translator","com.niven.comic","com.niven.game","com.newmg.yurao.pro","com.niven.apptranslate","screen.translator.voice.translate","com.naver.labs.translator","com.eecorp.linguago","com.zaz.translate","com.deepl.mobiletranslator","at.nk.tools.iTranslate","com.sayhi.android.sayhitranslate","ru.yandex.translate"]},{"rank":{"index":5,"lang":"ru","country":"ru","chineseCountryName":"俄罗斯","pkg":"com.spaceship.screen.textcopy"},"orders":["com.recognize_text.translate.screen","com.tap_to_translate.snap_translate","com.gaminik.i18n","com.niven.translator","com.spaceship.screen.textcopy","com.niven.game","com.niven.comic","com.niven.apptranslate","com.eecorp.linguago","screen.translator.voice.translate","com.microsoft.translator","com.google.android.apps.translate","ru.yandex.translate","com.naver.labs.translator","com.deepl.mobiletranslator","com.pidev.screentranslator","com.zaz.translate","at.nk.tools.iTranslate","com.datacomprojects.scanandtranslate","com.tranit.text.translate"]},{"rank":{"index":5,"lang":"pt-br","country":"br","chineseCountryName":"巴西","pkg":"com.spaceship.screen.textcopy"},"orders":["com.recognize_text.translate.screen","com.tap_to_translate.snap_translate","com.mg.yurao.google","com.gaminik.i18n","com.spaceship.screen.textcopy","com.niven.game","com.niven.comic","com.niven.translator","com.niven.apptranslate","com.eecorp.linguago","com.newmg.yurao.pro","com.microsoft.translator","com.google.android.apps.translate","com.zaz.translate","screen.translator.voice.translate","com.youdao.hindict","ru.yandex.translate","at.nk.tools.iTranslate","com.deepl.mobiletranslator","com.naver.labs.translator"]},{"rank":{"index":2,"lang":"fr","country":"fr","chineseCountryName":"法国","pkg":"com.spaceship.screen.textcopy"},"orders":["com.recognize_text.translate.screen","com.spaceship.screen.textcopy","com.tap_to_translate.snap_translate","com.mg.yurao.google","com.gaminik.i18n","com.niven.game","com.niven.comic","com.niven.translator","com.newmg.yurao.pro","com.google.android.apps.translate","com.niven.apptranslate","com.microsoft.translator","screen.translator.voice.translate","com.naver.labs.translator","com.eecorp.linguago","at.nk.tools.iTranslate","ru.yandex.translate","com.deepl.mobiletranslator","com.zaz.translate","com.youdao.hindict"]},{"rank":{"index":7,"lang":"en-gb","country":"gb","chineseCountryName":"英国","pkg":"com.spaceship.screen.textcopy"},"orders":["com.recognize_text.translate.screen","com.google.android.apps.translate","com.mg.yurao.google","com.tap_to_translate.snap_translate","com.gaminik.i18n","com.microsoft.translator","com.spaceship.screen.textcopy","com.niven.translator","com.niven.game","com.niven.comic","com.newmg.yurao.pro","com.niven.apptranslate","screen.translator.voice.translate","com.naver.labs.translator","com.eecorp.linguago","com.deepl.mobiletranslator","com.zaz.translate","at.nk.tools.iTranslate","ru.yandex.translate","com.datacomprojects.scanandtranslate"]},{"rank":{"index":5,"lang":"de","country":"de","chineseCountryName":"德国","pkg":"com.spaceship.screen.textcopy"},"orders":["com.recognize_text.translate.screen","com.mg.yurao.google","com.gaminik.i18n","com.tap_to_translate.snap_translate","com.spaceship.screen.textcopy","com.niven.comic","com.niven.game","com.niven.apptranslate","com.niven.translator","com.google.android.apps.translate","com.newmg.yurao.pro","com.microsoft.translator","com.eecorp.linguago","screen.translator.voice.translate","com.zaz.translate","com.deepl.mobiletranslator","com.youdao.hindict","at.nk.tools.iTranslate","ru.yandex.translate","com.naver.labs.translator"]},{"rank":{"index":5,"lang":"it","country":"it","chineseCountryName":"意大利","pkg":"com.spaceship.screen.textcopy"},"orders":["com.recognize_text.translate.screen","com.niven.game","com.gaminik.i18n","com.tap_to_translate.snap_translate","com.spaceship.screen.textcopy","com.mg.yurao.google","com.niven.translator","com.niven.comic","com.niven.apptranslate","com.microsoft.translator","com.newmg.yurao.pro","com.google.android.apps.translate","com.eecorp.linguago","screen.translator.voice.translate","com.zaz.translate","at.nk.tools.iTranslate","com.deepl.mobiletranslator","ru.yandex.translate","com.naver.labs.translator","com.youdao.hindict"]},{"rank":{"index":6,"lang":"ja","country":"jp","chineseCountryName":"日本","pkg":"com.spaceship.screen.textcopy"},"orders":["com.recognize_text.translate.screen","com.gaminik.i18n","com.tap_to_translate.snap_translate","com.mg.yurao.google","com.niven.game","com.spaceship.screen.textcopy","com.niven.comic","com.niven.apptranslate","com.niven.translator","com.newmg.yurao.pro","com.google.android.apps.translate","com.microsoft.translator","com.naver.labs.translator","com.eecorp.linguago"]},{"rank":{"index":5,"lang":"ko","country":"kr","chineseCountryName":"韩国","pkg":"com.spaceship.screen.textcopy"},"orders":["com.recognize_text.translate.screen","com.tap_to_translate.snap_translate","com.mg.yurao.google","com.gaminik.i18n","com.spaceship.screen.textcopy","com.niven.game","com.niven.comic","com.niven.translator","com.niven.apptranslate","com.newmg.yurao.pro","com.google.android.apps.translate","com.microsoft.translator","com.naver.labs.translator","com.eecorp.linguago","screen.translator.voice.translate","com.zaz.translate","com.youdao.hindict","com.deepl.mobiletranslator","at.nk.tools.iTranslate","ru.yandex.translate"]},{"rank":{"index":9,"lang":"zh-hk","country":"hk","chineseCountryName":"香港","pkg":"com.spaceship.screen.textcopy"},"orders":["com.recognize_text.translate.screen","com.tap_to_translate.snap_translate","com.mg.yurao.google","com.gaminik.i18n","com.google.android.apps.translate","com.niven.game","com.niven.comic","com.niven.translator","com.spaceship.screen.textcopy","com.microsoft.translator","com.newmg.yurao.pro","com.niven.apptranslate","com.naver.labs.translator","com.eecorp.linguago","com.zaz.translate","com.youdao.hindict","at.nk.tools.iTranslate","screen.translator.voice.translate","com.deepl.mobiletranslator","ru.yandex.translate"]},{"rank":{"index":9,"lang":"zh-tw","country":"tw","chineseCountryName":"台湾","pkg":"com.spaceship.screen.textcopy"},"orders":["com.recognize_text.translate.screen","com.mg.yurao.google","com.tap_to_translate.snap_translate","com.gaminik.i18n","com.google.android.apps.translate","com.niven.game","com.niven.comic","com.niven.translator","com.spaceship.screen.textcopy","com.niven.apptranslate","com.microsoft.translator","com.newmg.yurao.pro","com.naver.labs.translator","com.zaz.translate","com.deepl.mobiletranslator","com.eecorp.linguago","com.youdao.hindict","at.nk.tools.iTranslate","ru.yandex.translate","screen.translator.voice.translate"]},{"rank":{"index":8,"lang":"en","country":"in","chineseCountryName":"印度","pkg":"com.spaceship.screen.textcopy"},"orders":["com.recognize_text.translate.screen","com.mg.yurao.google","com.google.android.apps.translate","com.gaminik.i18n","com.tap_to_translate.snap_translate","com.newmg.yurao.pro","com.microsoft.translator","com.spaceship.screen.textcopy","screen.translator.voice.translate","com.niven.comic","com.niven.game","com.niven.translator","com.zaz.translate","com.niven.apptranslate","com.eecorp.linguago","com.sayhi.android.sayhitranslate","com.datacomprojects.scanandtranslate","com.pidev.screentranslator","at.nk.tools.iTranslate","com.naver.labs.translator"]},{"rank":{"index":5,"lang":"id","country":"id","chineseCountryName":"印尼","pkg":"com.spaceship.screen.textcopy"},"orders":["com.recognize_text.translate.screen","com.tap_to_translate.snap_translate","com.gaminik.i18n","com.mg.yurao.google","com.spaceship.screen.textcopy","com.google.android.apps.translate","com.newmg.yurao.pro","com.niven.translator","com.niven.comic","com.niven.game","com.eecorp.linguago"]},{"rank":{"index":4,"lang":"es-mx","country":"mx","chineseCountryName":"墨西哥","pkg":"com.spaceship.screen.textcopy"},"orders":["com.recognize_text.translate.screen","com.tap_to_translate.snap_translate","com.gaminik.i18n","com.spaceship.screen.textcopy","com.mg.yurao.google","com.niven.translator","com.niven.comic","com.niven.game","com.google.android.apps.translate","com.niven.apptranslate","com.newmg.yurao.pro","com.microsoft.translator","com.eecorp.linguago","com.youdao.hindict","com.zaz.translate","screen.translator.voice.translate","ru.yandex.translate","at.nk.tools.iTranslate","com.naver.labs.translator","com.deepl.mobiletranslator"]}]