[{"rank":{"index":6,"lang":"en-us","country":"us","chineseCountryName":"美国","pkg":"com.spaceship.screen.textcopy"},"orders":["com.recognize_text.translate.screen","com.tap_to_translate.snap_translate","com.niven.translator","com.microsoft.translator","com.google.android.apps.translate","com.spaceship.screen.textcopy","com.gaminik.i18n","com.niven.game","at.nk.tools.iTranslate","com.zaz.translate","com.niven.comic","com.naver.labs.translator","com.sayhi.android.sayhitranslate","com.tangdi.baiguotong","com.newmg.yurao.pro","com.translate.talkingtranslator","com.deepl.mobiletranslator","com.screen.translate.google","com.screen.translator.text.recognize","com.language.translate.free.translator.voice.translation"]},{"rank":{"index":4,"lang":"ru","country":"ru","chineseCountryName":"俄罗斯","pkg":"com.spaceship.screen.textcopy"},"orders":["com.recognize_text.translate.screen","com.niven.translator","com.tap_to_translate.snap_translate","com.spaceship.screen.textcopy","com.microsoft.translator","com.niven.game","com.google.android.apps.translate","com.gaminik.i18n","at.nk.tools.iTranslate","ru.yandex.translate","com.deepl.mobiletranslator","com.niven.comic","com.tangdi.baiguotong","com.zaz.translate","com.datacomprojects.scanandtranslate","com.naver.labs.translator","com.screen.translate.google","com.wooask.zx","com.translate.language.translator.voice.translation","com.promt.pmtappfree"]},{"rank":{"index":3,"lang":"pt-br","country":"br","chineseCountryName":"巴西","pkg":"com.spaceship.screen.textcopy"},"orders":["com.recognize_text.translate.screen","com.tap_to_translate.snap_translate","com.spaceship.screen.textcopy","com.gaminik.i18n","com.niven.game","com.niven.translator","com.niven.comic","com.microsoft.translator","at.nk.tools.iTranslate","com.google.android.apps.translate","com.screen.translate.google","com.tangdi.baiguotong","com.newmg.yurao.pro","com.youdao.hindict","com.zaz.translate","com.android.chrome","com.deepl.mobiletranslator","com.facebook.orca","com.google.android.apps.photos","com.google.android.apps.youtube.creator"]},{"rank":{"index":6,"lang":"fr","country":"fr","chineseCountryName":"法国","pkg":"com.spaceship.screen.textcopy"},"orders":["com.recognize_text.translate.screen","com.tap_to_translate.snap_translate","com.niven.game","com.niven.translator","com.gaminik.i18n","com.spaceship.screen.textcopy","com.microsoft.translator","com.niven.comic","at.nk.tools.iTranslate","com.google.android.apps.translate","com.zaz.translate","com.tangdi.baiguotong","com.newmg.yurao.pro","com.screen.translate.google","com.deepl.mobiletranslator","com.audacityittranslator.translatetexttranslator","com.language.translate.free.translator.voice.translation","com.naver.labs.translator","com.facebook.orca","com.translate.talkingtranslator"]},{"rank":{"index":3,"lang":"en-gb","country":"gb","chineseCountryName":"英国","pkg":"com.spaceship.screen.textcopy"},"orders":["com.recognize_text.translate.screen","com.tap_to_translate.snap_translate","com.spaceship.screen.textcopy","com.microsoft.translator","com.google.android.apps.translate","com.niven.translator","com.gaminik.i18n","com.niven.game","at.nk.tools.iTranslate","com.zaz.translate","com.sayhi.android.sayhitranslate","com.niven.comic","com.tangdi.baiguotong","com.deepl.mobiletranslator","com.naver.labs.translator","com.language.translate.free.translator.voice.translation","com.newmg.yurao.pro","com.screen.translate.google","com.wooask.zx","com.youdao.hindict"]},{"rank":{"index":3,"lang":"de","country":"de","chineseCountryName":"德国","pkg":"com.spaceship.screen.textcopy"},"orders":["com.recognize_text.translate.screen","com.tap_to_translate.snap_translate","com.spaceship.screen.textcopy","com.niven.translator","com.microsoft.translator","com.gaminik.i18n","com.niven.game","at.nk.tools.iTranslate","com.google.android.apps.translate","com.niven.comic","com.deepl.mobiletranslator","com.translate.talkingtranslator","com.tangdi.baiguotong"]},{"rank":{"index":2,"lang":"it","country":"it","chineseCountryName":"意大利","pkg":"com.spaceship.screen.textcopy"},"orders":["com.recognize_text.translate.screen","com.spaceship.screen.textcopy","com.tap_to_translate.snap_translate","com.niven.translator","com.niven.game","com.gaminik.i18n","com.microsoft.translator","at.nk.tools.iTranslate","com.niven.comic","com.tangdi.baiguotong","com.google.android.apps.translate","com.zaz.translate","com.image.camera.translate.ai","com.newmg.yurao.pro","com.deepl.mobiletranslator","com.datacomprojects.scanandtranslate","com.screen.translate.google","com.translate.talkingtranslator","com.b1b.translator.voicetranslate.alllanguages.translator.app","com.voice_camera_free_translate"]},{"rank":{"index":3,"lang":"ja","country":"jp","chineseCountryName":"日本","pkg":"com.spaceship.screen.textcopy"},"orders":["com.recognize_text.translate.screen","com.gaminik.i18n","com.spaceship.screen.textcopy","com.niven.game","com.microsoft.translator","com.niven.translator","com.tap_to_translate.snap_translate","at.nk.tools.iTranslate","com.niven.comic","com.google.android.apps.translate","com.tangdi.baiguotong","com.naver.labs.translator","com.deepl.mobiletranslator","com.translate.talkingtranslator","com.zaz.translate","com.screen.translate.google","com.newmg.yurao.pro","com.google.ar.lens","jp.go.nict.voicetra","com.language.translate.free.translator.voice.translation"]},{"rank":{"index":5,"lang":"ko","country":"kr","chineseCountryName":"韩国","pkg":"com.spaceship.screen.textcopy"},"orders":["com.recognize_text.translate.screen","com.tap_to_translate.snap_translate","com.microsoft.translator","com.google.android.apps.translate","com.spaceship.screen.textcopy","com.niven.translator","com.naver.labs.translator","com.niven.game","com.gaminik.i18n","at.nk.tools.iTranslate","com.niven.comic","com.zaz.translate","com.deepl.mobiletranslator","com.sayhi.android.sayhitranslate","com.translate.talkingtranslator","com.b1b.translator.voicetranslate.alllanguages.translator.app","com.screen.translate.google","com.datacomprojects.scanandtranslate","com.newmg.yurao.pro","com.royalappcode.translation.voice.language.chat.interpreter"]},{"rank":{"index":5,"lang":"zh-hk","country":"hk","chineseCountryName":"香港","pkg":"com.spaceship.screen.textcopy"},"orders":["com.recognize_text.translate.screen","com.microsoft.translator","com.tap_to_translate.snap_translate","com.niven.translator","com.spaceship.screen.textcopy","com.gaminik.i18n","com.niven.game","com.google.android.apps.translate","at.nk.tools.iTranslate","com.niven.comic","com.tangdi.baiguotong","com.naver.labs.translator","com.zaz.translate","com.sayhi.android.sayhitranslate","com.screen.translate.google","com.galaxy.airviewdictionary","com.newmg.yurao.pro","com.image.camera.translate.ai","com.deepl.mobiletranslator","com.screen.translator.text.recognize"]},{"rank":{"index":4,"lang":"zh-tw","country":"tw","chineseCountryName":"台湾","pkg":"com.spaceship.screen.textcopy"},"orders":["com.recognize_text.translate.screen","com.tap_to_translate.snap_translate","com.microsoft.translator","com.spaceship.screen.textcopy","com.niven.translator","com.google.android.apps.translate","com.gaminik.i18n","com.niven.game","at.nk.tools.iTranslate","com.tangdi.baiguotong","com.niven.comic","com.naver.labs.translator","com.zaz.translate","com.sayhi.android.sayhitranslate","com.youdao.hindict","com.deepl.mobiletranslator","com.translate.talkingtranslator","jp.go.nict.voicetra","com.newmg.yurao.pro","com.datacomprojects.scanandtranslate"]},{"rank":{"index":4,"lang":"en","country":"in","chineseCountryName":"印度","pkg":"com.spaceship.screen.textcopy"},"orders":["com.recognize_text.translate.screen","com.google.android.apps.translate","com.tap_to_translate.snap_translate","com.spaceship.screen.textcopy","com.niven.game","com.sayhi.android.sayhitranslate","com.deepl.mobiletranslator","com.naver.labs.translator","ru.yandex.translate","com.translate.talkingtranslator","com.niven.translator","com.zaz.translate","com.newmg.yurao.pro","com.galaxy.airviewdictionary","com.gaminik.i18n","com.screen.translator.text.recognize","screen.translator.voice.translate","com.niven.comic","com.ticktalk.translatevoice","com.softissimo.reverso.context"]},{"rank":{"index":4,"lang":"id","country":"id","chineseCountryName":"印尼","pkg":"com.spaceship.screen.textcopy"},"orders":["com.recognize_text.translate.screen","com.niven.translator","com.tap_to_translate.snap_translate","com.spaceship.screen.textcopy","com.niven.game","com.gaminik.i18n","at.nk.tools.iTranslate","com.niven.comic","com.youdao.hindict","com.microsoft.translator","com.google.android.apps.translate","com.zaz.translate"]},{"rank":{"index":5,"lang":"es-mx","country":"mx","chineseCountryName":"墨西哥","pkg":"com.spaceship.screen.textcopy"},"orders":["com.recognize_text.translate.screen","com.tap_to_translate.snap_translate","com.niven.game","com.gaminik.i18n","com.spaceship.screen.textcopy","com.niven.translator","at.nk.tools.iTranslate","com.microsoft.translator","com.niven.comic","com.google.android.apps.translate","com.tangdi.baiguotong","com.youdao.hindict","com.newmg.yurao.pro","com.screen.translate.google","com.zaz.translate","com.deepl.mobiletranslator","com.wooask.zx","com.audacityittranslator.translatetexttranslator","com.android.chrome","com.facebook.orca"]}]