[{"rank":{"index":2,"lang":"en-us","country":"us","chineseCountryName":"美国","pkg":"com.spaceship.screen.textcopy"},"orders":["com.recognize_text.translate.screen","com.spaceship.screen.textcopy","com.gaminik.i18n","com.tap_to_translate.snap_translate","com.microsoft.translator","com.mg.yurao.google","com.google.android.apps.translate","com.niven.game","com.niven.translator","com.zaz.translate","screen.translator.voice.translate","com.niven.comic","com.newmg.yurao.pro","com.translate.language.translator.voice.translation","com.translate.talkingtranslator","com.mobisystems.msdict.embedded.wireless.collins.ee","com.eecorp.linguago","com.niven.apptranslate","at.nk.tools.iTranslate","com.ydzlabs.chattranslator"]},{"rank":{"index":2,"lang":"ru","country":"ru","chineseCountryName":"俄罗斯","pkg":"com.spaceship.screen.textcopy"},"orders":["com.recognize_text.translate.screen","com.spaceship.screen.textcopy","com.tap_to_translate.snap_translate","com.gaminik.i18n","com.microsoft.translator","com.niven.translator","com.mg.yurao.google","com.niven.game","com.google.android.apps.translate","com.niven.comic","com.newmg.yurao.pro","ru.yandex.translate","com.eecorp.linguago","screen.translator.voice.translate","com.niven.apptranslate","com.translate.language.translator.voice.translation","com.ydzlabs.chattranslator","jp.go.nict.voicetra","com.zaz.translate","com.translate.talkingtranslator"]},{"rank":{"index":2,"lang":"pt-br","country":"br","chineseCountryName":"巴西","pkg":"com.spaceship.screen.textcopy"},"orders":["com.recognize_text.translate.screen","com.spaceship.screen.textcopy","com.tap_to_translate.snap_translate","com.gaminik.i18n","com.mg.yurao.google","com.niven.game","com.niven.translator","com.eecorp.linguago","com.niven.comic","com.google.android.apps.translate","screen.translator.voice.translate","com.google.android.apps.docs","com.android.chrome","com.google.android.apps.photos","com.microsoft.translator","com.discord","com.microsoft.office.outlook","com.niven.apptranslate","us.zoom.videomeetings","com.google.android.apps.meetings"]},{"rank":{"index":2,"lang":"fr","country":"fr","chineseCountryName":"法国","pkg":"com.spaceship.screen.textcopy"},"orders":["com.recognize_text.translate.screen","com.spaceship.screen.textcopy","com.gaminik.i18n","com.mg.yurao.google","com.niven.game","screen.translator.voice.translate","com.tap_to_translate.snap_translate","com.microsoft.translator","com.niven.translator","com.eecorp.linguago","com.google.android.apps.translate","com.niven.comic","com.chat_translate.screen_translate","us.zoom.videomeetings","com.translate.talkingtranslator","com.copy.paste.ocr.screen.text.copypastetrial","at.nk.tools.iTranslate","com.zaz.translate","com.niven.apptranslate","org.thunderdog.challegram"]},{"rank":{"index":2,"lang":"en-gb","country":"gb","chineseCountryName":"英国","pkg":"com.spaceship.screen.textcopy"},"orders":["com.recognize_text.translate.screen","com.spaceship.screen.textcopy","com.tap_to_translate.snap_translate","com.microsoft.translator","com.mg.yurao.google","com.gaminik.i18n","com.google.android.apps.translate","com.niven.game","com.niven.translator","com.zaz.translate","screen.translator.voice.translate","com.niven.comic","jp.go.nict.voicetra","com.newmg.yurao.pro","com.eecorp.linguago","com.translate.language.translator.voice.translation","com.translate.talkingtranslator","com.niven.apptranslate","at.nk.tools.iTranslate","com.ydzlabs.chattranslator"]},{"rank":{"index":2,"lang":"de","country":"de","chineseCountryName":"德国","pkg":"com.spaceship.screen.textcopy"},"orders":["com.recognize_text.translate.screen","com.spaceship.screen.textcopy","com.mg.yurao.google","com.gaminik.i18n","com.niven.game","com.microsoft.translator","com.tap_to_translate.snap_translate","com.niven.translator","com.niven.comic","com.newmg.yurao.pro","com.eecorp.linguago","screen.translator.voice.translate","com.translate.talkingtranslator","com.google.android.apps.translate","com.niven.apptranslate","com.zaz.translate","com.translate.language.translator.voice.translation","ru.yandex.translate","at.nk.tools.iTranslate","com.chat_translate.screen_translate"]},{"rank":{"index":2,"lang":"it","country":"it","chineseCountryName":"意大利","pkg":"com.spaceship.screen.textcopy"},"orders":["com.recognize_text.translate.screen","com.spaceship.screen.textcopy","com.gaminik.i18n","com.niven.game","screen.translator.voice.translate","com.mg.yurao.google","com.niven.translator","com.tap_to_translate.snap_translate","com.microsoft.translator","com.eecorp.linguago","com.niven.comic","com.niven.apptranslate","com.eecorp.taptranslator","com.google.android.apps.translate","com.translate.language.translator.voice.translation","com.chat_translate.screen_translate","us.zoom.videomeetings","at.nk.tools.iTranslate","com.pidev.screentranslator","com.translate.talkingtranslator"]},{"rank":{"index":2,"lang":"ja","country":"jp","chineseCountryName":"日本","pkg":"com.spaceship.screen.textcopy"},"orders":["com.recognize_text.translate.screen","com.spaceship.screen.textcopy","com.tap_to_translate.snap_translate","com.gaminik.i18n","com.mg.yurao.google","com.niven.game","com.niven.translator","com.niven.comic","com.microsoft.translator"]},{"rank":{"index":3,"lang":"ko","country":"kr","chineseCountryName":"韩国","pkg":"com.spaceship.screen.textcopy"},"orders":["com.recognize_text.translate.screen","com.mg.yurao.google","com.spaceship.screen.textcopy","com.tap_to_translate.snap_translate","com.microsoft.translator","com.gaminik.i18n","com.niven.game","com.google.android.apps.translate","com.niven.translator","com.newmg.yurao.pro","com.niven.comic","com.naver.labs.translator","com.translate.language.translator.voice.translation","com.eecorp.linguago","com.translate.talkingtranslator","at.nk.tools.iTranslate","com.niven.apptranslate","com.ydzlabs.chattranslator","com.zaz.translate","screen.translator.voice.translate"]},{"rank":{"index":2,"lang":"zh-hk","country":"hk","chineseCountryName":"香港","pkg":"com.spaceship.screen.textcopy"},"orders":["com.recognize_text.translate.screen","com.spaceship.screen.textcopy","com.mg.yurao.google","com.microsoft.translator","com.gaminik.i18n","com.tap_to_translate.snap_translate","com.niven.game","com.niven.translator","com.google.android.apps.translate","com.zaz.translate","com.niven.comic","com.translate.language.translator.voice.translation","com.newmg.yurao.pro","jp.go.nict.voicetra","com.eecorp.linguago","screen.translator.voice.translate","com.ydzlabs.chattranslator","com.translate.talkingtranslator","com.niven.apptranslate","xbean.image.picture.translate.ocr"]},{"rank":{"index":4,"lang":"zh-tw","country":"tw","chineseCountryName":"台湾","pkg":"com.spaceship.screen.textcopy"},"orders":["com.recognize_text.translate.screen","com.mg.yurao.google","com.tap_to_translate.snap_translate","com.spaceship.screen.textcopy","com.microsoft.translator","com.gaminik.i18n","com.niven.game","com.google.android.apps.translate","com.niven.translator","com.niven.comic","jp.go.nict.voicetra","com.translate.talkingtranslator","com.translate.language.translator.voice.translation","com.newmg.yurao.pro","com.zaz.translate","com.eecorp.linguago","at.nk.tools.iTranslate","com.mobisystems.msdict.embedded.wireless.collins.ee","com.niven.apptranslate","xbean.image.picture.translate.ocr"]},{"rank":{"index":0,"lang":"en","country":"in","chineseCountryName":"印度","pkg":"com.spaceship.screen.textcopy"},"orders":["com.recognize_text.translate.screen","com.microsoft.translator","com.google.android.apps.translate","com.zaz.translate","com.translate.talkingtranslator","at.nk.tools.iTranslate","com.mobisystems.msdict.embedded.wireless.collins.ee","ru.yandex.translate","com.android.chrome","com.google.android.inputmethod.latin"]},{"rank":{"index":1,"lang":"id","country":"id","chineseCountryName":"印尼","pkg":"com.spaceship.screen.textcopy"},"orders":["com.spaceship.screen.textcopy","com.recognize_text.translate.screen","com.gaminik.i18n","com.tap_to_translate.snap_translate","com.mg.yurao.google","com.niven.game","com.eecorp.linguago","com.niven.translator","com.niven.apptranslate","com.niven.comic","com.google.android.apps.translate"]},{"rank":{"index":2,"lang":"es-mx","country":"mx","chineseCountryName":"墨西哥","pkg":"com.spaceship.screen.textcopy"},"orders":["com.recognize_text.translate.screen","com.spaceship.screen.textcopy","com.tap_to_translate.snap_translate","com.gaminik.i18n","com.mg.yurao.google","com.niven.game","com.niven.translator","com.niven.comic","com.microsoft.translator","com.google.android.apps.translate","com.eecorp.linguago","us.zoom.videomeetings","com.zaz.translate","com.youdao.hindict","org.thunderdog.challegram","com.niven.apptranslate","com.deepl.mobiletranslator","screen.translator.voice.translate","com.naver.labs.translator","at.nk.tools.iTranslate"]}]