[{"rank":{"index":2,"lang":"en-us","country":"us","chineseCountryName":"美国","pkg":"com.spaceship.screen.textcopy"},"orders":["com.recognize_text.translate.screen","com.spaceship.screen.textcopy","com.screen.translate.google","com.google.android.apps.translate","com.niven.translator","com.tap_to_translate.snap_translate","com.gaminik.i18n","com.microsoft.translator","com.niven.game","com.translate.language.translator.voice.translation","com.niven.comic","com.translate.talkingtranslator","at.nk.tools.iTranslate","com.zaz.translate","com.newmg.yurao.pro","com.niven.apptranslate","com.sayhi.android.sayhitranslate","com.deepl.mobiletranslator","com.google.ar.lens","com.ticktalk.translatevoice"]},{"rank":{"index":2,"lang":"ru","country":"ru","chineseCountryName":"俄罗斯","pkg":"com.spaceship.screen.textcopy"},"orders":["com.recognize_text.translate.screen","com.spaceship.screen.textcopy","com.niven.translator","com.tap_to_translate.snap_translate","com.niven.game","com.screen.translate.google","com.gaminik.i18n","ru.yandex.translate","com.niven.comic","com.microsoft.translator","com.newmg.yurao.pro","com.google.android.apps.translate","com.niven.apptranslate","com.deepl.mobiletranslator","com.translate.language.translator.voice.translation","com.android.chrome","com.facebook.orca","com.datacomprojects.scanandtranslate","com.discord","com.google.android.dialer"]},{"rank":{"index":2,"lang":"fr","country":"fr","chineseCountryName":"法国","pkg":"com.spaceship.screen.textcopy"},"orders":["com.recognize_text.translate.screen","com.spaceship.screen.textcopy","com.tap_to_translate.snap_translate","com.niven.translator","com.gaminik.i18n","com.niven.game","com.screen.translate.google","com.niven.comic","com.microsoft.translator","com.image.camera.translate.ai","com.newmg.yurao.pro","com.google.android.apps.translate","com.translate.language.translator.voice.translation","com.deepl.mobiletranslator","com.zaz.translate","com.niven.apptranslate","at.nk.tools.iTranslate","com.datacomprojects.scanandtranslate","com.facebook.orca","com.softissimo.reverso.context"]},{"rank":{"index":2,"lang":"en-gb","country":"gb","chineseCountryName":"英国","pkg":"com.spaceship.screen.textcopy"},"orders":["com.recognize_text.translate.screen","com.spaceship.screen.textcopy","com.gaminik.i18n","com.google.android.apps.translate","com.screen.translate.google","com.microsoft.translator","com.niven.translator","com.niven.game","com.tap_to_translate.snap_translate","com.translate.language.translator.voice.translation","com.niven.comic","com.zaz.translate","com.newmg.yurao.pro","at.nk.tools.iTranslate","com.deepl.mobiletranslator","com.sayhi.android.sayhitranslate","com.google.ar.lens","com.image.camera.translate.ai","com.datacomprojects.scanandtranslate","com.niven.apptranslate"]},{"rank":{"index":2,"lang":"de","country":"de","chineseCountryName":"德国","pkg":"com.spaceship.screen.textcopy"},"orders":["com.recognize_text.translate.screen","com.spaceship.screen.textcopy","com.tap_to_translate.snap_translate","com.niven.translator","com.gaminik.i18n","com.niven.game","com.screen.translate.google","com.microsoft.translator","com.niven.comic","com.google.android.apps.translate","com.image.camera.translate.ai","com.newmg.yurao.pro","com.translate.language.translator.voice.translation","com.deepl.mobiletranslator","com.translate.talkingtranslator","at.nk.tools.iTranslate","com.niven.apptranslate","ru.yandex.translate","com.datacomprojects.scanandtranslate","com.softissimo.reverso.context"]},{"rank":{"index":2,"lang":"ja","country":"jp","chineseCountryName":"日本","pkg":"com.spaceship.screen.textcopy"},"orders":["com.recognize_text.translate.screen","com.spaceship.screen.textcopy","com.gaminik.i18n","com.niven.game","com.tap_to_translate.snap_translate","com.niven.translator","com.microsoft.translator","com.screen.translate.google","com.niven.comic","com.deepl.mobiletranslator","com.translate.language.translator.voice.translation","com.google.android.apps.translate","com.naver.labs.translator","com.newmg.yurao.pro","com.niven.apptranslate","com.google.ar.lens","com.facebook.orca","com.android.chrome","com.discord","at.nk.tools.iTranslate"]},{"rank":{"index":2,"lang":"ko","country":"kr","chineseCountryName":"韩国","pkg":"com.spaceship.screen.textcopy"},"orders":["com.recognize_text.translate.screen","com.spaceship.screen.textcopy","com.tap_to_translate.snap_translate","com.gaminik.i18n","com.niven.translator","com.niven.game","com.screen.translate.google","com.niven.comic","com.naver.labs.translator","com.newmg.yurao.pro","com.microsoft.translator","com.google.android.apps.translate","com.facebook.orca","com.niven.apptranslate","com.sec.android.app.sbrowser","com.duolingo","com.discord","com.openai.chatgpt","com.android.chrome","us.zoom.videomeetings"]},{"rank":{"index":2,"lang":"zh-hk","country":"hk","chineseCountryName":"香港","pkg":"com.spaceship.screen.textcopy"},"orders":["com.recognize_text.translate.screen","com.spaceship.screen.textcopy","com.gaminik.i18n","com.screen.translate.google","com.niven.translator","com.niven.game","com.tap_to_translate.snap_translate","com.microsoft.translator","com.niven.comic","com.translate.language.translator.voice.translation","com.google.android.apps.translate","com.image.camera.translate.ai","at.nk.tools.iTranslate","com.newmg.yurao.pro","com.datacomprojects.scanandtranslate","com.translate.talkingtranslator","com.naver.labs.translator","com.deepl.mobiletranslator","com.android.chrome","com.google.android.apps.maps"]},{"rank":{"index":2,"lang":"zh-tw","country":"tw","chineseCountryName":"台湾","pkg":"com.spaceship.screen.textcopy"},"orders":["com.recognize_text.translate.screen","com.spaceship.screen.textcopy","com.gaminik.i18n","com.screen.translate.google","com.niven.translator","com.niven.game","com.tap_to_translate.snap_translate","com.microsoft.translator","com.niven.comic","com.translate.language.translator.voice.translation","com.google.android.apps.translate","com.image.camera.translate.ai","com.newmg.yurao.pro","com.naver.labs.translator","at.nk.tools.iTranslate","com.datacomprojects.scanandtranslate","com.niven.apptranslate","com.deepl.mobiletranslator","com.facebook.orca","com.translate.talkingtranslator"]},{"rank":{"index":2,"lang":"en","country":"in","chineseCountryName":"印度","pkg":"com.spaceship.screen.textcopy"},"orders":["com.recognize_text.translate.screen","com.spaceship.screen.textcopy","com.google.android.apps.translate","com.tap_to_translate.snap_translate","com.newmg.yurao.pro","com.screen.translate.google","com.zaz.translate","com.niven.translator","com.niven.game","com.microsoft.translator","com.gaminik.i18n","at.nk.tools.iTranslate","com.deepl.mobiletranslator","com.softissimo.reverso.context"]},{"rank":{"index":2,"lang":"id","country":"id","chineseCountryName":"印尼","pkg":"com.spaceship.screen.textcopy"},"orders":["com.recognize_text.translate.screen","com.spaceship.screen.textcopy","com.tap_to_translate.snap_translate","com.gaminik.i18n","com.niven.translator","com.niven.game","com.screen.translate.google","com.niven.comic","com.youdao.hindict","com.newmg.yurao.pro","com.google.android.apps.translate"]},{"rank":{"index":2,"lang":"es-mx","country":"mx","chineseCountryName":"墨西哥","pkg":"com.spaceship.screen.textcopy"},"orders":["com.recognize_text.translate.screen","com.spaceship.screen.textcopy","com.tap_to_translate.snap_translate","com.niven.game","com.gaminik.i18n","com.microsoft.translator","com.google.android.apps.translate","com.screen.translate.google","at.nk.tools.iTranslate","com.niven.comic","com.deepl.mobiletranslator","com.naver.labs.translator","ru.yandex.translate","com.newmg.yurao.pro","com.zaz.translate","com.softissimo.reverso.context","com.google.android.marvin.talkback","com.translate.talkingtranslator","com.youdao.hindict","com.niven.translator"]}]