[{"rank":{"index":2,"lang":"en-us","country":"us","chineseCountryName":"美国","pkg":"com.spaceship.screen.textcopy"},"orders":["com.recognize_text.translate.screen","com.spaceship.screen.textcopy","com.google.android.apps.translate","com.microsoft.translator","com.screen.translate.google","com.niven.translator","com.gaminik.i18n","com.niven.game","at.nk.tools.iTranslate","com.niven.comic","com.sayhi.android.sayhitranslate","com.newmg.yurao.pro","com.zaz.translate","com.translate.talkingtranslator","com.easytranslate.easytranslate","com.royalappcode.translation.voice.language.chat.interpreter","com.naver.labs.translator","com.deepl.mobiletranslator","com.mobisystems.msdict.embedded.wireless.collins.ee","com.image.camera.translate.ai"]},{"rank":{"index":2,"lang":"ru","country":"ru","chineseCountryName":"俄罗斯","pkg":"com.spaceship.screen.textcopy"},"orders":["com.recognize_text.translate.screen","com.spaceship.screen.textcopy","com.niven.translator","com.niven.game","com.screen.translate.google","com.gaminik.i18n","ru.yandex.translate","com.tap_to_translate.snap_translate","com.niven.comic","com.newmg.yurao.pro","com.microsoft.translator","com.google.android.apps.translate","com.deepl.mobiletranslator","com.niven.apptranslate","com.facebook.orca","com.android.chrome","com.discord","com.google.android.dialer","com.google.android.apps.photos","com.google.android.apps.nbu.files"]},{"rank":{"index":2,"lang":"fr","country":"fr","chineseCountryName":"法国","pkg":"com.spaceship.screen.textcopy"},"orders":["com.recognize_text.translate.screen","com.spaceship.screen.textcopy","com.gaminik.i18n","com.niven.game","com.screen.translate.google","com.niven.translator","com.microsoft.translator","com.niven.comic","com.google.android.apps.translate","at.nk.tools.iTranslate","com.newmg.yurao.pro","com.image.camera.translate.ai","com.zaz.translate","com.screen.translator.text.recognize","com.deepl.mobiletranslator","com.facebook.orca","com.google.android.apps.youtube.music","com.google.android.apps.tachyon","com.google.android.apps.photos","ru.yandex.translate"]},{"rank":{"index":2,"lang":"en-gb","country":"gb","chineseCountryName":"英国","pkg":"com.spaceship.screen.textcopy"},"orders":["com.recognize_text.translate.screen","com.spaceship.screen.textcopy","com.google.android.apps.translate","com.microsoft.translator","com.screen.translate.google","com.gaminik.i18n","com.niven.translator","com.niven.game","at.nk.tools.iTranslate","com.zaz.translate","com.niven.comic","com.sayhi.android.sayhitranslate","com.deepl.mobiletranslator","com.newmg.yurao.pro","ru.yandex.translate","com.royalappcode.translation.voice.language.chat.interpreter","com.easytranslate.easytranslate","com.erudite.translator","com.image.camera.translate.ai","com.softissimo.reverso.context"]},{"rank":{"index":2,"lang":"de","country":"de","chineseCountryName":"德国","pkg":"com.spaceship.screen.textcopy"},"orders":["com.recognize_text.translate.screen","com.spaceship.screen.textcopy","com.gaminik.i18n","com.screen.translate.google","com.niven.translator","com.niven.game","com.microsoft.translator","com.google.android.apps.translate","com.niven.comic","at.nk.tools.iTranslate","com.deepl.mobiletranslator","com.newmg.yurao.pro","ru.yandex.translate","com.image.camera.translate.ai","com.tap_to_translate.snap_translate","com.translate.talkingtranslator","com.sayhi.android.sayhitranslate","com.royalappcode.translation.voice.language.chat.interpreter","com.zaz.translate","com.erudite.translator"]},{"rank":{"index":2,"lang":"it","country":"it","chineseCountryName":"意大利","pkg":"com.spaceship.screen.textcopy"},"orders":["com.recognize_text.translate.screen","com.spaceship.screen.textcopy","com.niven.game","com.screen.translate.google","com.gaminik.i18n","com.niven.translator","com.microsoft.translator","com.google.android.apps.translate","com.niven.comic","at.nk.tools.iTranslate","com.image.camera.translate.ai","com.newmg.yurao.pro","com.deepl.mobiletranslator","com.screen.translator.text.recognize","com.softissimo.reverso.context","com.eecorp.taptranslator","ru.yandex.translate","com.facebook.orca","com.google.android.apps.photos","com.tangdi.baiguotong"]},{"rank":{"index":2,"lang":"ja","country":"jp","chineseCountryName":"日本","pkg":"com.spaceship.screen.textcopy"},"orders":["com.recognize_text.translate.screen","com.spaceship.screen.textcopy","com.gaminik.i18n","com.niven.game","com.niven.translator","com.screen.translate.google","com.niven.comic","com.microsoft.translator","com.google.android.apps.translate","com.deepl.mobiletranslator","com.naver.labs.translator","com.facebook.orca","com.newmg.yurao.pro","at.nk.tools.iTranslate","com.google.ar.lens","com.discord","com.android.chrome","com.niven.apptranslate","com.duolingo","com.google.android.apps.maps"]},{"rank":{"index":2,"lang":"ko","country":"kr","chineseCountryName":"韩国","pkg":"com.spaceship.screen.textcopy"},"orders":["com.recognize_text.translate.screen","com.spaceship.screen.textcopy","com.gaminik.i18n","com.niven.translator","com.screen.translate.google","com.niven.game","com.google.android.apps.translate","com.niven.comic","com.microsoft.translator","com.naver.labs.translator","com.newmg.yurao.pro","at.nk.tools.iTranslate","com.facebook.orca","com.discord","com.deepl.mobiletranslator","com.google.android.apps.photos","com.duolingo","com.android.chrome","com.sec.android.app.sbrowser","com.google.android.apps.youtube.creator"]},{"rank":{"index":2,"lang":"zh-hk","country":"hk","chineseCountryName":"香港","pkg":"com.spaceship.screen.textcopy"},"orders":["com.recognize_text.translate.screen","com.spaceship.screen.textcopy","com.screen.translate.google","com.gaminik.i18n","com.niven.game","com.niven.translator","com.google.android.apps.translate","com.microsoft.translator","com.niven.comic","at.nk.tools.iTranslate","com.newmg.yurao.pro","com.naver.labs.translator","com.deepl.mobiletranslator","com.image.camera.translate.ai","com.zaz.translate","com.eecorp.taptranslator","com.translate.talkingtranslator","ru.yandex.translate","com.screen.translator.text.recognize","com.google.ar.lens"]},{"rank":{"index":2,"lang":"zh-tw","country":"tw","chineseCountryName":"台湾","pkg":"com.spaceship.screen.textcopy"},"orders":["com.recognize_text.translate.screen","com.spaceship.screen.textcopy","com.screen.translate.google","com.gaminik.i18n","com.niven.translator","com.niven.game","com.google.android.apps.translate","com.microsoft.translator","at.nk.tools.iTranslate","com.niven.comic","com.newmg.yurao.pro","com.tangdi.baiguotong","com.translate.talkingtranslator","com.image.camera.translate.ai","com.naver.labs.translator","com.facebook.orca","com.google.android.apps.maps","com.google.android.apps.youtube.music","com.google.ar.lens","org.telegram.messenger"]},{"rank":{"index":2,"lang":"en","country":"in","chineseCountryName":"印度","pkg":"com.spaceship.screen.textcopy"},"orders":["com.recognize_text.translate.screen","com.spaceship.screen.textcopy","com.google.android.apps.translate","com.niven.game","com.microsoft.translator","com.niven.translator","com.screen.translate.google","com.newmg.yurao.pro","com.gaminik.i18n","com.zaz.translate","at.nk.tools.iTranslate","com.tap_to_translate.snap_translate","com.google.ar.lens","com.naver.labs.translator","ru.yandex.translate","com.sayhi.android.sayhitranslate","com.deepl.mobiletranslator","com.transferwise.android","com.softissimo.reverso.context","com.flitto.app"]},{"rank":{"index":2,"lang":"id","country":"id","chineseCountryName":"印尼","pkg":"com.spaceship.screen.textcopy"},"orders":["com.recognize_text.translate.screen","com.spaceship.screen.textcopy","com.niven.game","com.gaminik.i18n","com.niven.translator","com.screen.translate.google","com.niven.comic","com.google.android.apps.translate","com.newmg.yurao.pro","com.tap_to_translate.snap_translate","com.microsoft.translator","at.nk.tools.iTranslate","com.youdao.hindict","com.facebook.orca"]},{"rank":{"index":2,"lang":"es-mx","country":"mx","chineseCountryName":"墨西哥","pkg":"com.spaceship.screen.textcopy"},"orders":["com.recognize_text.translate.screen","com.spaceship.screen.textcopy","com.niven.game","com.microsoft.translator","at.nk.tools.iTranslate","com.google.android.apps.translate","com.gaminik.i18n","com.tap_to_translate.snap_translate","com.screen.translate.google","droom.sleepIfUCan","com.deepl.mobiletranslator","ru.yandex.translate","com.niven.comic","com.naver.labs.translator","com.youdao.hindict","com.microblink.photomath","com.newmg.yurao.pro","com.softissimo.reverso.context","com.translate.talkingtranslator","com.niven.translator"]}]