[{"rank":{"index":2,"lang":"en-us","country":"us","chineseCountryName":"美国","pkg":"com.spaceship.screen.textcopy"},"orders":["com.recognize_text.translate.screen","com.spaceship.screen.textcopy","com.tap_to_translate.snap_translate","com.screen.translate.google","com.google.android.apps.translate","com.niven.translator","com.microsoft.translator","com.gaminik.i18n","com.niven.game","com.newmg.yurao.pro","com.niven.comic","at.nk.tools.iTranslate","com.google.ar.lens","com.translate.language.translator.voice.translation","com.translate.talkingtranslator","com.language.translate.free.translator.voice.translation","com.deepl.mobiletranslator","com.naver.labs.translator","com.niven.apptranslate","com.voice_camera_free_translate"]},{"rank":{"index":3,"lang":"ru","country":"ru","chineseCountryName":"俄罗斯","pkg":"com.spaceship.screen.textcopy"},"orders":["com.recognize_text.translate.screen","com.niven.translator","com.spaceship.screen.textcopy","com.tap_to_translate.snap_translate","com.gaminik.i18n","com.niven.game","com.screen.translate.google","ru.yandex.translate","com.niven.comic","com.newmg.yurao.pro","com.voice_camera_free_translate","com.niven.apptranslate","com.microsoft.translator","com.google.android.apps.translate","com.deepl.mobiletranslator","com.language.translate.free.translator.voice.translation","com.android.chrome","com.whatsapp","com.newtranslate.google","at.nk.tools.iTranslate"]},{"rank":{"index":2,"lang":"pt-br","country":"br","chineseCountryName":"巴西","pkg":"com.spaceship.screen.textcopy"},"orders":["com.recognize_text.translate.screen","com.spaceship.screen.textcopy","com.tap_to_translate.snap_translate","com.niven.game","com.gaminik.i18n","com.google.android.apps.translate","com.microsoft.translator","at.nk.tools.iTranslate","com.deepl.mobiletranslator","com.zaz.translate","ru.yandex.translate","com.softissimo.reverso.context","com.google.ar.lens","com.naver.labs.translator","com.niven.translator","com.screen.translate.google","com.niven.comic","com.newmg.yurao.pro","com.galaxy.airviewdictionary","com.niven.apptranslate"]},{"rank":{"index":3,"lang":"fr","country":"fr","chineseCountryName":"法国","pkg":"com.spaceship.screen.textcopy"},"orders":["com.recognize_text.translate.screen","com.tap_to_translate.snap_translate","com.spaceship.screen.textcopy","com.niven.translator","com.niven.game","com.gaminik.i18n","com.screen.translate.google","com.niven.comic","com.newmg.yurao.pro","com.microsoft.translator","com.google.android.apps.translate","com.niven.apptranslate","camtranslator.voice.text.image.translate","at.nk.tools.iTranslate","com.translate.language.translator.voice.translation","com.google.ar.lens","com.voice_camera_free_translate","com.datacomprojects.scanandtranslate","com.deepl.mobiletranslator","com.language.translate.free.translator.voice.translation"]},{"rank":{"index":2,"lang":"en-gb","country":"gb","chineseCountryName":"英国","pkg":"com.spaceship.screen.textcopy"},"orders":["com.recognize_text.translate.screen","com.spaceship.screen.textcopy","com.tap_to_translate.snap_translate","com.screen.translate.google","com.google.android.apps.translate","com.niven.translator","com.gaminik.i18n","com.niven.game","com.microsoft.translator","com.newmg.yurao.pro","com.niven.comic","com.google.ar.lens","at.nk.tools.iTranslate","com.language.translate.free.translator.voice.translation","com.datacomprojects.scanandtranslate","com.deepl.mobiletranslator","com.niven.apptranslate","camtranslator.voice.text.image.translate","com.translate.language.translator.voice.translation","com.zaz.translate"]},{"rank":{"index":2,"lang":"de","country":"de","chineseCountryName":"德国","pkg":"com.spaceship.screen.textcopy"},"orders":["com.recognize_text.translate.screen","com.spaceship.screen.textcopy","com.tap_to_translate.snap_translate","com.screen.translate.google","com.niven.translator","com.gaminik.i18n","com.niven.game","com.microsoft.translator","com.niven.comic","com.google.android.apps.translate","com.newmg.yurao.pro","com.deepl.mobiletranslator","com.language.translate.free.translator.voice.translation","at.nk.tools.iTranslate","com.niven.apptranslate","com.google.ar.lens","camtranslator.voice.text.image.translate","ru.yandex.translate","com.datacomprojects.scanandtranslate","com.voice_camera_free_translate"]},{"rank":{"index":2,"lang":"it","country":"it","chineseCountryName":"意大利","pkg":"com.spaceship.screen.textcopy"},"orders":["com.recognize_text.translate.screen","com.spaceship.screen.textcopy","com.tap_to_translate.snap_translate","com.screen.translate.google","com.niven.translator","com.niven.game","com.gaminik.i18n","com.niven.comic","com.newmg.yurao.pro","com.microsoft.translator","com.google.android.apps.translate","at.nk.tools.iTranslate","com.datacomprojects.scanandtranslate","camtranslator.voice.text.image.translate","com.niven.apptranslate","com.language.translate.free.translator.voice.translation","com.deepl.mobiletranslator","com.google.ar.lens","com.translate.language.translator.voice.translation","com.voice_camera_free_translate"]},{"rank":{"index":2,"lang":"ja","country":"jp","chineseCountryName":"日本","pkg":"com.spaceship.screen.textcopy"},"orders":["com.recognize_text.translate.screen","com.spaceship.screen.textcopy","com.tap_to_translate.snap_translate","com.niven.translator","com.gaminik.i18n","com.niven.game","com.screen.translate.google","com.microsoft.translator","com.niven.comic","com.newmg.yurao.pro","com.google.android.apps.translate"]},{"rank":{"index":2,"lang":"ko","country":"kr","chineseCountryName":"韩国","pkg":"com.spaceship.screen.textcopy"},"orders":["com.recognize_text.translate.screen","com.spaceship.screen.textcopy","com.tap_to_translate.snap_translate","com.niven.translator","com.gaminik.i18n","com.screen.translate.google","com.niven.game","com.niven.comic","com.newmg.yurao.pro","com.microsoft.translator","com.voice_camera_free_translate","com.google.android.apps.translate","com.naver.labs.translator","com.niven.apptranslate","com.language.translate.free.translator.voice.translation","com.google.ar.lens","com.deepl.mobiletranslator","at.nk.tools.iTranslate","com.translate.talkingtranslator","com.facebook.katana"]},{"rank":{"index":2,"lang":"zh-hk","country":"hk","chineseCountryName":"香港","pkg":"com.spaceship.screen.textcopy"},"orders":["com.recognize_text.translate.screen","com.spaceship.screen.textcopy","com.gaminik.i18n","com.screen.translate.google","com.niven.translator","com.niven.game","com.tap_to_translate.snap_translate","com.microsoft.translator","com.niven.comic","com.newmg.yurao.pro","com.google.android.apps.translate","at.nk.tools.iTranslate","com.google.ar.lens","com.language.translate.free.translator.voice.translation","com.niven.apptranslate","com.naver.labs.translator","com.deepl.mobiletranslator","com.android.chrome","com.zaz.translate","com.facebook.katana"]},{"rank":{"index":2,"lang":"zh-tw","country":"tw","chineseCountryName":"台湾","pkg":"com.spaceship.screen.textcopy"},"orders":["com.recognize_text.translate.screen","com.spaceship.screen.textcopy","com.gaminik.i18n","com.screen.translate.google","com.niven.translator","com.niven.game","com.tap_to_translate.snap_translate","com.niven.comic","com.microsoft.translator","com.newmg.yurao.pro","com.google.android.apps.translate","at.nk.tools.iTranslate","com.niven.apptranslate","com.language.translate.free.translator.voice.translation","com.google.ar.lens","com.translate.talkingtranslator","com.naver.labs.translator","com.facebook.katana","com.facebook.orca","com.zaz.translate"]},{"rank":{"index":2,"lang":"en","country":"in","chineseCountryName":"印度","pkg":"com.spaceship.screen.textcopy"},"orders":["com.recognize_text.translate.screen","com.spaceship.screen.textcopy","com.tap_to_translate.snap_translate","com.google.android.apps.translate","com.gaminik.i18n","com.niven.game","com.zaz.translate","com.microsoft.translator","at.nk.tools.iTranslate","ru.yandex.translate","com.deepl.mobiletranslator","com.google.ar.lens","com.sayhi.android.sayhitranslate","com.niven.translator","com.screen.translate.google","com.newmg.yurao.pro","com.niven.comic","screen.translator.voice.translate","com.royalappcode.translation.voice.language.chat.interpreter","com.niven.apptranslate"]},{"rank":{"index":2,"lang":"id","country":"id","chineseCountryName":"印尼","pkg":"com.spaceship.screen.textcopy"},"orders":["com.recognize_text.translate.screen","com.spaceship.screen.textcopy","com.tap_to_translate.snap_translate","com.niven.translator","com.screen.translate.google","com.niven.game","com.gaminik.i18n","com.niven.comic","com.newmg.yurao.pro","com.niven.apptranslate","com.google.android.apps.translate"]},{"rank":{"index":2,"lang":"es-mx","country":"mx","chineseCountryName":"墨西哥","pkg":"com.spaceship.screen.textcopy"},"orders":["com.recognize_text.translate.screen","com.spaceship.screen.textcopy","com.tap_to_translate.snap_translate","com.niven.game","com.gaminik.i18n","com.microsoft.translator","at.nk.tools.iTranslate","com.google.android.apps.translate","com.zaz.translate","com.deepl.mobiletranslator","ru.yandex.translate","com.google.ar.lens","com.softissimo.reverso.context","com.translate.talkingtranslator","com.niven.translator","com.screen.translate.google","com.newmg.yurao.pro","com.niven.comic","camtranslator.voice.text.image.translate","com.niven.apptranslate"]}]