[{"rank":{"index":2,"lang":"en-us","country":"us","chineseCountryName":"美国","pkg":"com.spaceship.screen.textcopy"},"orders":["com.recognize_text.translate.screen","com.spaceship.screen.textcopy","com.google.android.apps.translate","com.gaminik.i18n","com.screen.translate.google","com.niven.translator","com.niven.game","com.microsoft.translator","com.newmg.yurao.pro","com.niven.comic","com.zaz.translate","com.eecorp.taptranslator","com.deepl.mobiletranslator","com.royalappcode.translation.voice.language.chat.interpreter","com.naver.labs.translator","at.nk.tools.iTranslate","com.facebook.orca","com.android.chrome","com.google.ar.lens","com.google.android.apps.maps"]},{"rank":{"index":2,"lang":"ru","country":"ru","chineseCountryName":"俄罗斯","pkg":"com.spaceship.screen.textcopy"},"orders":["com.recognize_text.translate.screen","com.spaceship.screen.textcopy","com.gaminik.i18n","com.niven.translator","com.niven.game","com.screen.translate.google","ru.yandex.translate","com.newmg.yurao.pro","com.niven.comic","com.tap_to_translate.snap_translate","com.google.android.apps.translate","com.microsoft.translator","com.deepl.mobiletranslator","com.niven.apptranslate","com.discord","com.facebook.orca","com.android.chrome","com.zaz.translate","com.google.android.dialer","com.google.android.apps.nbu.files"]},{"rank":{"index":2,"lang":"fr","country":"fr","chineseCountryName":"法国","pkg":"com.spaceship.screen.textcopy"},"orders":["com.recognize_text.translate.screen","com.spaceship.screen.textcopy","com.gaminik.i18n","com.niven.game","com.screen.translate.google","com.niven.translator","com.google.android.apps.translate","com.niven.comic","com.microsoft.translator","com.newmg.yurao.pro","com.facebook.orca","com.discord","com.deepl.mobiletranslator","com.google.android.apps.photos","com.android.chrome","com.duolingo","com.canva.editor","com.google.android.apps.nbu.files","com.zaz.translate","com.microsoft.office.outlook"]},{"rank":{"index":2,"lang":"en-gb","country":"gb","chineseCountryName":"英国","pkg":"com.spaceship.screen.textcopy"},"orders":["com.recognize_text.translate.screen","com.spaceship.screen.textcopy","com.gaminik.i18n","com.screen.translate.google","com.google.android.apps.translate","com.niven.translator","com.niven.game","com.microsoft.translator","com.newmg.yurao.pro","com.niven.comic","com.zaz.translate","com.deepl.mobiletranslator","at.nk.tools.iTranslate","com.facebook.orca","com.eecorp.taptranslator","com.android.chrome","com.duolingo","com.google.ar.lens","com.discord","com.ubercab"]},{"rank":{"index":2,"lang":"de","country":"de","chineseCountryName":"德国","pkg":"com.spaceship.screen.textcopy"},"orders":["com.recognize_text.translate.screen","com.spaceship.screen.textcopy","com.gaminik.i18n","com.screen.translate.google","com.niven.game","com.niven.translator","com.microsoft.translator","com.google.android.apps.translate","com.niven.comic","com.newmg.yurao.pro","com.deepl.mobiletranslator","com.facebook.orca","com.discord","com.zaz.translate","com.android.chrome","com.google.android.apps.nbu.files","com.google.android.apps.photos","com.amazon.kindle","com.truecaller","com.duolingo"]},{"rank":{"index":2,"lang":"it","country":"it","chineseCountryName":"意大利","pkg":"com.spaceship.screen.textcopy"},"orders":["com.recognize_text.translate.screen","com.spaceship.screen.textcopy","com.niven.game","com.gaminik.i18n","com.screen.translate.google","com.niven.translator","com.google.android.apps.translate","com.newmg.yurao.pro","com.microsoft.translator","com.niven.comic","com.facebook.orca","com.deepl.mobiletranslator","com.discord","com.canva.editor","com.google.android.apps.photos","com.duolingo","com.amazon.kindle","com.microsoft.office.outlook","com.android.chrome","com.skype.raider"]},{"rank":{"index":2,"lang":"ja","country":"jp","chineseCountryName":"日本","pkg":"com.spaceship.screen.textcopy"},"orders":["com.recognize_text.translate.screen","com.spaceship.screen.textcopy","com.gaminik.i18n","com.niven.translator","com.niven.game","com.screen.translate.google","com.google.android.apps.translate","com.microsoft.translator","com.deepl.mobiletranslator","com.niven.comic","com.naver.labs.translator","com.newmg.yurao.pro","com.facebook.orca","com.android.chrome","com.discord","com.google.android.apps.nbu.files","com.google.android.apps.maps","com.amazon.kindle","com.duolingo","com.google.ar.lens"]},{"rank":{"index":2,"lang":"ko","country":"kr","chineseCountryName":"韩国","pkg":"com.spaceship.screen.textcopy"},"orders":["com.recognize_text.translate.screen","com.spaceship.screen.textcopy","com.gaminik.i18n","com.niven.game","com.niven.translator","com.screen.translate.google","com.google.android.apps.translate","com.naver.labs.translator","com.newmg.yurao.pro","com.niven.comic","com.facebook.orca","com.discord","com.microsoft.translator","com.sec.android.app.sbrowser","com.android.chrome","us.zoom.videomeetings","com.deepl.mobiletranslator","com.openai.chatgpt","com.google.android.apps.photos","com.kakao.talk"]},{"rank":{"index":2,"lang":"zh-hk","country":"hk","chineseCountryName":"香港","pkg":"com.spaceship.screen.textcopy"},"orders":["com.recognize_text.translate.screen","com.spaceship.screen.textcopy","com.gaminik.i18n","com.niven.game","com.screen.translate.google","com.niven.translator","com.google.android.apps.translate","com.microsoft.translator","com.newmg.yurao.pro","com.facebook.orca","com.android.chrome","com.google.android.apps.maps","com.google.android.apps.messaging","com.discord","com.niven.comic","com.naver.labs.translator","at.nk.tools.iTranslate","com.duolingo","com.eecorp.taptranslator","com.sec.android.app.sbrowser"]},{"rank":{"index":2,"lang":"zh-tw","country":"tw","chineseCountryName":"台湾","pkg":"com.spaceship.screen.textcopy"},"orders":["com.recognize_text.translate.screen","com.spaceship.screen.textcopy","com.niven.game","com.gaminik.i18n","com.screen.translate.google","com.niven.translator","com.google.android.apps.translate","com.microsoft.translator","com.naver.labs.translator","com.niven.comic","com.newmg.yurao.pro","com.google.ar.lens","com.facebook.orca","at.nk.tools.iTranslate","com.deepl.mobiletranslator","com.android.chrome","com.google.android.apps.maps","com.discord","com.duolingo","com.zaz.translate"]},{"rank":{"index":2,"lang":"en","country":"in","chineseCountryName":"印度","pkg":"com.spaceship.screen.textcopy"},"orders":["com.recognize_text.translate.screen","com.spaceship.screen.textcopy","com.google.android.apps.translate","com.screen.translate.google","com.newmg.yurao.pro","com.zaz.translate","com.niven.game","com.niven.translator","com.microsoft.translator","com.tap_to_translate.snap_translate","com.naver.labs.translator","at.nk.tools.iTranslate","com.google.ar.lens","com.deepl.mobiletranslator","ru.yandex.translate","com.softissimo.reverso.context","com.amazon.dee.app","com.azure.authenticator","com.adobe.scan.android","com.gaminik.i18n"]},{"rank":{"index":2,"lang":"id","country":"id","chineseCountryName":"印尼","pkg":"com.spaceship.screen.textcopy"},"orders":["com.recognize_text.translate.screen","com.spaceship.screen.textcopy","com.niven.game","com.gaminik.i18n","com.niven.translator","com.screen.translate.google","com.google.android.apps.translate","com.niven.comic","com.newmg.yurao.pro","com.tap_to_translate.snap_translate","com.facebook.orca","com.android.chrome"]},{"rank":{"index":2,"lang":"es-mx","country":"mx","chineseCountryName":"墨西哥","pkg":"com.spaceship.screen.textcopy"},"orders":["com.recognize_text.translate.screen","com.spaceship.screen.textcopy","com.niven.game","com.screen.translate.google","com.tap_to_translate.snap_translate","com.google.android.apps.translate","com.zaz.translate","com.microsoft.translator","com.deepl.mobiletranslator","com.youdao.hindict","at.nk.tools.iTranslate","com.naver.labs.translator","com.microblink.photomath","ru.yandex.translate","com.amazon.dee.app","com.google.ar.lens","com.softissimo.reverso.context","com.azure.authenticator","com.gaminik.i18n","com.niven.translator"]}]