[{"rank":{"index":2,"lang":"en-us","country":"us","chineseCountryName":"美国","pkg":"com.spaceship.screen.textcopy"},"orders":["com.recognize_text.translate.screen","com.spaceship.screen.textcopy","com.tap_to_translate.snap_translate","com.google.android.apps.translate","com.screen.translate.google","com.niven.translator","com.microsoft.translator","com.gaminik.i18n","com.niven.game","com.newmg.yurao.pro","com.niven.comic","com.language.translate.free.translator.voice.translation","com.google.ar.lens","at.nk.tools.iTranslate","com.translate.talkingtranslator","com.niven.apptranslate","com.deepl.mobiletranslator","com.naver.labs.translator","com.translate.language.translator.voice.translation","ru.yandex.translate"]},{"rank":{"index":2,"lang":"ru","country":"ru","chineseCountryName":"俄罗斯","pkg":"com.spaceship.screen.textcopy"},"orders":["com.recognize_text.translate.screen","com.spaceship.screen.textcopy","com.niven.translator","com.tap_to_translate.snap_translate","com.screen.translate.google","com.niven.game","com.gaminik.i18n","com.newmg.yurao.pro","ru.yandex.translate","com.niven.comic","com.google.android.apps.translate","com.language.translate.free.translator.voice.translation","com.microsoft.translator","com.niven.apptranslate","com.datacomprojects.scanandtranslate","com.deepl.mobiletranslator","com.voice_camera_free_translate","com.whatsapp","com.instagram.android","com.facebook.katana"]},{"rank":{"index":2,"lang":"pt-br","country":"br","chineseCountryName":"巴西","pkg":"com.spaceship.screen.textcopy"},"orders":["com.recognize_text.translate.screen","com.spaceship.screen.textcopy","com.tap_to_translate.snap_translate","com.niven.game","com.gaminik.i18n","com.google.android.apps.translate","at.nk.tools.iTranslate","com.deepl.mobiletranslator","com.zaz.translate","ru.yandex.translate","com.softissimo.reverso.context","com.google.ar.lens","com.translate.talkingtranslator","com.niven.translator","com.newmg.yurao.pro","com.screen.translate.google","com.niven.comic","com.galaxy.airviewdictionary","com.niven.apptranslate","com.naver.labs.translator"]},{"rank":{"index":3,"lang":"fr","country":"fr","chineseCountryName":"法国","pkg":"com.spaceship.screen.textcopy"},"orders":["com.recognize_text.translate.screen","com.tap_to_translate.snap_translate","com.spaceship.screen.textcopy","com.niven.translator","com.screen.translate.google","com.gaminik.i18n","com.niven.game","com.newmg.yurao.pro","com.niven.comic","com.google.android.apps.translate","com.microsoft.translator","com.language.translate.free.translator.voice.translation","com.niven.apptranslate","com.deepl.mobiletranslator","com.google.ar.lens","at.nk.tools.iTranslate","com.appsuite.imagetotext","com.softissimo.reverso.context","com.google.android.apps.tachyon","com.facebook.katana"]},{"rank":{"index":2,"lang":"en-gb","country":"gb","chineseCountryName":"英国","pkg":"com.spaceship.screen.textcopy"},"orders":["com.recognize_text.translate.screen","com.spaceship.screen.textcopy","com.tap_to_translate.snap_translate","com.screen.translate.google","com.google.android.apps.translate","com.niven.translator","com.gaminik.i18n","com.niven.game","com.microsoft.translator","com.newmg.yurao.pro","com.niven.comic","com.language.translate.free.translator.voice.translation","com.google.ar.lens","at.nk.tools.iTranslate","com.niven.apptranslate","com.zaz.translate","com.datacomprojects.scanandtranslate","com.deepl.mobiletranslator","com.audacityittranslator.translatetexttranslator","com.translapp.screen.translator"]},{"rank":{"index":2,"lang":"de","country":"de","chineseCountryName":"德国","pkg":"com.spaceship.screen.textcopy"},"orders":["com.recognize_text.translate.screen","com.spaceship.screen.textcopy","com.tap_to_translate.snap_translate","com.screen.translate.google","com.niven.translator","com.gaminik.i18n","com.niven.game","com.newmg.yurao.pro","com.microsoft.translator","com.google.android.apps.translate","com.niven.comic","com.niven.apptranslate","com.language.translate.free.translator.voice.translation","com.deepl.mobiletranslator","at.nk.tools.iTranslate","ru.yandex.translate","com.datacomprojects.scanandtranslate","com.google.ar.lens","com.translate.talkingtranslator","com.appsuite.imagetotext"]},{"rank":{"index":2,"lang":"it","country":"it","chineseCountryName":"意大利","pkg":"com.spaceship.screen.textcopy"},"orders":["com.recognize_text.translate.screen","com.spaceship.screen.textcopy","com.tap_to_translate.snap_translate","com.screen.translate.google","com.niven.translator","com.niven.game","com.gaminik.i18n","com.newmg.yurao.pro","com.niven.comic","com.google.android.apps.translate","com.microsoft.translator","com.language.translate.free.translator.voice.translation","com.niven.apptranslate","at.nk.tools.iTranslate","com.deepl.mobiletranslator","com.softissimo.reverso.context","com.google.ar.lens","com.appsuite.imagetotext","com.google.android.apps.tachyon","com.facebook.katana"]},{"rank":{"index":2,"lang":"ja","country":"jp","chineseCountryName":"日本","pkg":"com.spaceship.screen.textcopy"},"orders":["com.recognize_text.translate.screen","com.spaceship.screen.textcopy","com.tap_to_translate.snap_translate","com.niven.translator","com.screen.translate.google","com.gaminik.i18n","com.niven.game","com.newmg.yurao.pro","com.google.android.apps.translate","com.microsoft.translator","com.niven.comic","com.language.translate.free.translator.voice.translation"]},{"rank":{"index":3,"lang":"ko","country":"kr","chineseCountryName":"韩国","pkg":"com.spaceship.screen.textcopy"},"orders":["com.recognize_text.translate.screen","com.tap_to_translate.snap_translate","com.spaceship.screen.textcopy","com.niven.translator","com.screen.translate.google","com.gaminik.i18n","com.niven.game","com.newmg.yurao.pro","com.niven.comic","com.google.android.apps.translate","com.microsoft.translator","com.niven.apptranslate","com.naver.labs.translator","com.language.translate.free.translator.voice.translation","com.google.ar.lens","com.facebook.katana","com.instagram.android","com.facebook.orca","org.telegram.messenger","com.android.chrome"]},{"rank":{"index":2,"lang":"zh-hk","country":"hk","chineseCountryName":"香港","pkg":"com.spaceship.screen.textcopy"},"orders":["com.recognize_text.translate.screen","com.spaceship.screen.textcopy","com.gaminik.i18n","com.screen.translate.google","com.niven.translator","com.niven.game","com.newmg.yurao.pro","com.tap_to_translate.snap_translate","com.google.android.apps.translate","com.microsoft.translator","com.niven.comic","com.language.translate.free.translator.voice.translation","com.niven.apptranslate","com.google.ar.lens","com.naver.labs.translator","at.nk.tools.iTranslate","com.android.chrome","com.deepl.mobiletranslator","com.facebook.katana","com.facebook.orca"]},{"rank":{"index":2,"lang":"zh-tw","country":"tw","chineseCountryName":"台湾","pkg":"com.spaceship.screen.textcopy"},"orders":["com.recognize_text.translate.screen","com.spaceship.screen.textcopy","com.tap_to_translate.snap_translate","com.screen.translate.google","com.niven.translator","com.gaminik.i18n","com.niven.game","com.newmg.yurao.pro","com.google.android.apps.translate","com.niven.comic","com.microsoft.translator","com.language.translate.free.translator.voice.translation","com.niven.apptranslate","at.nk.tools.iTranslate","com.voice_camera_free_translate","com.naver.labs.translator","com.tangdi.baiguotong","com.google.ar.lens","com.facebook.katana","photo.translate.camera.translator"]},{"rank":{"index":2,"lang":"en","country":"in","chineseCountryName":"印度","pkg":"com.spaceship.screen.textcopy"},"orders":["com.recognize_text.translate.screen","com.spaceship.screen.textcopy","com.tap_to_translate.snap_translate","com.google.android.apps.translate","com.gaminik.i18n","com.niven.game","com.zaz.translate","com.microsoft.translator","at.nk.tools.iTranslate","com.deepl.mobiletranslator","com.sayhi.android.sayhitranslate","com.language.translate.free.translator.voice.translation","ru.yandex.translate","com.translate.talkingtranslator","com.softissimo.reverso.context","com.screen.translate.google","com.newmg.yurao.pro","com.niven.translator","com.niven.comic","screen.translator.voice.translate"]},{"rank":{"index":2,"lang":"id","country":"id","chineseCountryName":"印尼","pkg":"com.spaceship.screen.textcopy"},"orders":["com.recognize_text.translate.screen","com.spaceship.screen.textcopy","com.tap_to_translate.snap_translate","com.niven.translator","com.niven.game","com.gaminik.i18n","com.screen.translate.google","com.newmg.yurao.pro","com.niven.comic"]},{"rank":{"index":2,"lang":"es-mx","country":"mx","chineseCountryName":"墨西哥","pkg":"com.spaceship.screen.textcopy"},"orders":["com.recognize_text.translate.screen","com.spaceship.screen.textcopy","com.tap_to_translate.snap_translate","com.niven.game","com.gaminik.i18n","com.google.android.apps.translate","at.nk.tools.iTranslate","com.deepl.mobiletranslator","com.zaz.translate","com.softissimo.reverso.context","ru.yandex.translate","com.google.ar.lens","com.translate.talkingtranslator","com.naver.labs.translator","com.niven.translator","com.newmg.yurao.pro","com.screen.translate.google","com.niven.comic","com.niven.apptranslate","com.sayhi.android.sayhitranslate"]}]