[{"rank":{"index":2,"lang":"en-us","country":"us","chineseCountryName":"美国","pkg":"com.spaceship.screen.textcopy"},"orders":["com.recognize_text.translate.screen","com.spaceship.screen.textcopy","com.tap_to_translate.snap_translate","com.microsoft.translator","com.niven.translator","com.google.android.apps.translate","com.newmg.yurao.pro","com.gaminik.i18n","com.naver.labs.translator","com.immersivetranslate.browser","com.niven.game","com.zaz.translate","com.deepl.mobiletranslator","com.screen.translate.google","com.niven.apptranslate","com.voice_camera_free_translate","com.eecorp.linguago","com.webcatalog.translatium","com.tangdi.baiguotong","link.zhidou.btranslator"]},{"rank":{"index":0,"lang":"ru","country":"ru","chineseCountryName":"俄罗斯","pkg":"com.spaceship.screen.textcopy"},"orders":["com.recognize_text.translate.screen","com.niven.translator","com.tap_to_translate.snap_translate","com.newmg.yurao.pro","com.microsoft.translator","com.google.android.apps.translate","com.niven.game","com.gaminik.i18n","ru.yandex.translate","com.deepl.mobiletranslator","at.nk.tools.iTranslate","com.zaz.translate","com.naver.labs.translator","com.niven.apptranslate","com.immersivetranslate.browser","com.webcatalog.translatium","com.tangdi.baiguotong","com.screen.translate.google","photo.translate.camera.translator","com.translate.talkingtranslator"]},{"rank":{"index":2,"lang":"pt-br","country":"br","chineseCountryName":"巴西","pkg":"com.spaceship.screen.textcopy"},"orders":["com.recognize_text.translate.screen","com.spaceship.screen.textcopy","com.tap_to_translate.snap_translate","com.gaminik.i18n","com.newmg.yurao.pro","com.niven.translator","com.microsoft.translator","com.niven.game","com.google.android.apps.translate","com.niven.apptranslate","at.nk.tools.iTranslate","com.zaz.translate","com.screen.translate.google","com.immersivetranslate.browser","com.eecorp.taptranslator","com.eecorp.linguago","com.deepl.mobiletranslator","com.voice_camera_free_translate","com.tangdi.baiguotong","com.ticktalk.translatevoice"]},{"rank":{"index":3,"lang":"fr","country":"fr","chineseCountryName":"法国","pkg":"com.spaceship.screen.textcopy"},"orders":["com.recognize_text.translate.screen","com.tap_to_translate.snap_translate","com.spaceship.screen.textcopy","com.newmg.yurao.pro","com.gaminik.i18n","com.niven.translator","com.microsoft.translator","com.zaz.translate","com.google.android.apps.translate","com.niven.game","com.immersivetranslate.browser","com.deepl.mobiletranslator","com.eecorp.linguago","com.screen.translate.google","com.niven.apptranslate","com.voice_camera_free_translate","com.eecorp.taptranslator","com.tangdi.baiguotong","com.google.ar.lens","com.naver.labs.translator"]},{"rank":{"index":2,"lang":"en-gb","country":"gb","chineseCountryName":"英国","pkg":"com.spaceship.screen.textcopy"},"orders":["com.recognize_text.translate.screen","com.spaceship.screen.textcopy","com.tap_to_translate.snap_translate","com.newmg.yurao.pro","com.microsoft.translator","com.google.android.apps.translate","com.niven.translator","com.gaminik.i18n","com.zaz.translate","com.immersivetranslate.browser","com.deepl.mobiletranslator","com.niven.game","com.voice_camera_free_translate","com.naver.labs.translator","at.nk.tools.iTranslate","com.screen.translate.google","com.niven.apptranslate","ru.yandex.translate","com.fapp.translate.language.translator.fasttranslation","com.webcatalog.translatium"]},{"rank":{"index":2,"lang":"de","country":"de","chineseCountryName":"德国","pkg":"com.spaceship.screen.textcopy"},"orders":["com.recognize_text.translate.screen","com.spaceship.screen.textcopy","com.tap_to_translate.snap_translate","com.newmg.yurao.pro","com.gaminik.i18n","com.niven.translator","com.microsoft.translator","com.google.android.apps.translate","com.zaz.translate","at.nk.tools.iTranslate","com.niven.game","com.deepl.mobiletranslator","com.immersivetranslate.browser","com.screen.translate.google","com.niven.apptranslate","com.eecorp.linguago","com.eecorp.taptranslator","ru.yandex.translate","com.tangdi.baiguotong","com.translate.talkingtranslator"]},{"rank":{"index":2,"lang":"it","country":"it","chineseCountryName":"意大利","pkg":"com.spaceship.screen.textcopy"},"orders":["com.recognize_text.translate.screen","com.spaceship.screen.textcopy","com.tap_to_translate.snap_translate","com.newmg.yurao.pro","com.gaminik.i18n","com.niven.translator","com.microsoft.translator","com.google.android.apps.translate","at.nk.tools.iTranslate","com.niven.game","com.tangdi.baiguotong","com.immersivetranslate.browser","com.screen.translate.google","com.deepl.mobiletranslator","com.niven.apptranslate","com.zaz.translate","com.eecorp.taptranslator","com.voice_camera_free_translate","com.eecorp.linguago","com.google.ar.lens"]},{"rank":{"index":3,"lang":"ja","country":"jp","chineseCountryName":"日本","pkg":"com.spaceship.screen.textcopy"},"orders":["com.recognize_text.translate.screen","com.tap_to_translate.snap_translate","com.spaceship.screen.textcopy","com.newmg.yurao.pro","com.niven.translator","com.microsoft.translator","com.gaminik.i18n","com.google.android.apps.translate","com.naver.labs.translator","com.deepl.mobiletranslator","com.screen.translate.google","com.niven.game","com.immersivetranslate.browser","com.niven.apptranslate","at.nk.tools.iTranslate","com.eecorp.linguago","com.google.ar.lens","com.eecorp.taptranslator","com.zaz.translate","com.translate.talkingtranslator"]},{"rank":{"index":3,"lang":"ko","country":"kr","chineseCountryName":"韩国","pkg":"com.spaceship.screen.textcopy"},"orders":["com.recognize_text.translate.screen","com.tap_to_translate.snap_translate","com.spaceship.screen.textcopy","com.newmg.yurao.pro","com.microsoft.translator","com.google.android.apps.translate","com.niven.translator","com.gaminik.i18n","com.naver.labs.translator","at.nk.tools.iTranslate","com.deepl.mobiletranslator","com.zaz.translate","com.niven.game","com.immersivetranslate.browser","ru.yandex.translate","com.niven.apptranslate","com.screen.translate.google","com.youdao.hindict","com.eecorp.linguago","com.translate.talkingtranslator"]},{"rank":{"index":2,"lang":"zh-hk","country":"hk","chineseCountryName":"香港","pkg":"com.spaceship.screen.textcopy"},"orders":["com.recognize_text.translate.screen","com.spaceship.screen.textcopy","com.tap_to_translate.snap_translate","com.microsoft.translator","com.google.android.apps.translate","com.niven.translator","com.newmg.yurao.pro","com.gaminik.i18n","at.nk.tools.iTranslate","com.zaz.translate","com.naver.labs.translator"]},{"rank":{"index":2,"lang":"zh-tw","country":"tw","chineseCountryName":"台湾","pkg":"com.spaceship.screen.textcopy"},"orders":["com.recognize_text.translate.screen","com.spaceship.screen.textcopy","com.tap_to_translate.snap_translate","com.newmg.yurao.pro","com.microsoft.translator","com.niven.translator","com.gaminik.i18n","com.immersivetranslate.browser","com.niven.game","com.google.android.apps.translate","com.voice_camera_free_translate","com.naver.labs.translator","com.deepl.mobiletranslator","com.niven.apptranslate","com.screen.translate.google","com.tangdi.baiguotong","com.eecorp.linguago","com.zaz.translate","com.eecorp.taptranslator","jp.go.nict.voicetra"]},{"rank":{"index":2,"lang":"en","country":"in","chineseCountryName":"印度","pkg":"com.spaceship.screen.textcopy"},"orders":["com.recognize_text.translate.screen","com.spaceship.screen.textcopy","com.newmg.yurao.pro"]},{"rank":{"index":2,"lang":"id","country":"id","chineseCountryName":"印尼","pkg":"com.spaceship.screen.textcopy"},"orders":["com.recognize_text.translate.screen","com.spaceship.screen.textcopy","com.tap_to_translate.snap_translate","com.newmg.yurao.pro","com.niven.translator","com.gaminik.i18n","com.niven.game","com.microsoft.translator","com.screen.translate.google","com.niven.apptranslate","com.eecorp.linguago","com.google.android.apps.translate","com.eecorp.taptranslator","com.immersivetranslate.browser"]},{"rank":{"index":2,"lang":"es-mx","country":"mx","chineseCountryName":"墨西哥","pkg":"com.spaceship.screen.textcopy"},"orders":["com.recognize_text.translate.screen","com.spaceship.screen.textcopy","com.tap_to_translate.snap_translate","com.newmg.yurao.pro","com.gaminik.i18n","com.niven.translator","com.microsoft.translator","com.niven.game","com.google.android.apps.translate","com.niven.apptranslate","com.screen.translate.google","com.eecorp.linguago","com.eecorp.taptranslator","at.nk.tools.iTranslate","com.deepl.mobiletranslator","com.immersivetranslate.browser","com.zaz.translate","com.tangdi.baiguotong","com.google.ar.lens","com.youdao.hindict"]}]