[{"rank":{"index":2,"lang":"en-us","country":"us","chineseCountryName":"美国","pkg":"com.spaceship.screen.textcopy"},"orders":["com.recognize_text.translate.screen","com.spaceship.screen.textcopy","com.tap_to_translate.snap_translate","com.google.android.apps.translate","com.screen.translate.google","com.niven.translator","com.microsoft.translator","com.gaminik.i18n","com.newmg.yurao.pro","com.niven.game","com.deepl.mobiletranslator","at.nk.tools.iTranslate","com.google.ar.lens","com.naver.labs.translator","com.translate.language.translator.voice.translation","com.zaz.translate","com.niven.comic","com.datacomprojects.scanandtranslate","com.translate.talkingtranslator","com.language.translate.free.translator.voice.translation"]},{"rank":{"index":2,"lang":"ru","country":"ru","chineseCountryName":"俄罗斯","pkg":"com.spaceship.screen.textcopy"},"orders":["com.recognize_text.translate.screen","com.spaceship.screen.textcopy","com.niven.translator","com.tap_to_translate.snap_translate","com.gaminik.i18n","com.newmg.yurao.pro","com.niven.game","com.screen.translate.google","ru.yandex.translate","com.google.android.apps.translate","com.microsoft.translator","com.voice_camera_free_translate","com.deepl.mobiletranslator","com.niven.comic","link.zhidou.btranslator","at.nk.tools.iTranslate","com.datacomprojects.scanandtranslate","com.translate.language.translator.voice.translation","com.language.translate.free.translator.voice.translation","com.tangdi.baiguotong"]},{"rank":{"index":2,"lang":"pt-br","country":"br","chineseCountryName":"巴西","pkg":"com.spaceship.screen.textcopy"},"orders":["com.recognize_text.translate.screen","com.spaceship.screen.textcopy","com.tap_to_translate.snap_translate","com.gaminik.i18n","com.google.android.apps.translate","at.nk.tools.iTranslate","com.deepl.mobiletranslator","com.zaz.translate","com.translate.language.translator.voice.translation","com.translate.talkingtranslator","ru.yandex.translate","com.naver.labs.translator","com.niven.translator","com.newmg.yurao.pro","com.screen.translate.google","com.niven.game","com.niven.comic","com.galaxy.airviewdictionary","screen.translator.voice.translate","com.softissimo.reverso.context"]},{"rank":{"index":3,"lang":"fr","country":"fr","chineseCountryName":"法国","pkg":"com.spaceship.screen.textcopy"},"orders":["com.recognize_text.translate.screen","com.tap_to_translate.snap_translate","com.spaceship.screen.textcopy","com.niven.translator","com.screen.translate.google","com.gaminik.i18n","com.newmg.yurao.pro","com.google.android.apps.translate","com.microsoft.translator","com.niven.game","com.niven.comic","at.nk.tools.iTranslate","com.deepl.mobiletranslator","com.zaz.translate","com.voice_camera_free_translate","com.datacomprojects.scanandtranslate","com.translate.talkingtranslator","com.google.ar.lens","com.niven.apptranslate","com.translate.language.translator.voice.translation"]},{"rank":{"index":2,"lang":"en-gb","country":"gb","chineseCountryName":"英国","pkg":"com.spaceship.screen.textcopy"},"orders":["com.recognize_text.translate.screen","com.spaceship.screen.textcopy","com.google.android.apps.translate","com.screen.translate.google","com.niven.translator","com.microsoft.translator","com.gaminik.i18n","com.tap_to_translate.snap_translate","com.newmg.yurao.pro","com.niven.game","com.deepl.mobiletranslator","at.nk.tools.iTranslate","com.google.ar.lens","com.datacomprojects.scanandtranslate","com.zaz.translate","com.niven.comic","com.language.translate.free.translator.voice.translation","com.naver.labs.translator","com.translate.language.translator.voice.translation","translate.all.language.translator.cameratranslator"]},{"rank":{"index":2,"lang":"de","country":"de","chineseCountryName":"德国","pkg":"com.spaceship.screen.textcopy"},"orders":["com.recognize_text.translate.screen","com.spaceship.screen.textcopy","com.tap_to_translate.snap_translate","com.niven.translator","com.screen.translate.google","com.microsoft.translator","com.gaminik.i18n","com.google.android.apps.translate","com.newmg.yurao.pro","com.niven.game","com.deepl.mobiletranslator","at.nk.tools.iTranslate","com.niven.comic","com.zaz.translate","com.datacomprojects.scanandtranslate","com.voice_camera_free_translate","com.language.translate.free.translator.voice.translation","com.translate.language.translator.voice.translation","ru.yandex.translate","com.paninitranslate"]},{"rank":{"index":2,"lang":"it","country":"it","chineseCountryName":"意大利","pkg":"com.spaceship.screen.textcopy"},"orders":["com.recognize_text.translate.screen","com.spaceship.screen.textcopy","com.tap_to_translate.snap_translate","com.gaminik.i18n","com.niven.translator","com.niven.game","com.newmg.yurao.pro","com.screen.translate.google","com.google.android.apps.translate","com.microsoft.translator","com.niven.comic","com.deepl.mobiletranslator","at.nk.tools.iTranslate","com.datacomprojects.scanandtranslate","com.language.translate.free.translator.voice.translation","com.google.ar.lens","com.translate.language.translator.voice.translation","com.zaz.translate","com.instagram.android","com.google.android.apps.tachyon"]},{"rank":{"index":2,"lang":"ja","country":"jp","chineseCountryName":"日本","pkg":"com.spaceship.screen.textcopy"},"orders":["com.recognize_text.translate.screen","com.spaceship.screen.textcopy","com.tap_to_translate.snap_translate","com.niven.translator","com.screen.translate.google","com.gaminik.i18n","com.newmg.yurao.pro","com.niven.game","com.microsoft.translator","com.google.android.apps.translate"]},{"rank":{"index":3,"lang":"ko","country":"kr","chineseCountryName":"韩国","pkg":"com.spaceship.screen.textcopy"},"orders":["com.recognize_text.translate.screen","com.tap_to_translate.snap_translate","com.spaceship.screen.textcopy","com.niven.translator","com.gaminik.i18n","com.screen.translate.google","com.newmg.yurao.pro","com.niven.game","com.google.android.apps.translate","com.microsoft.translator","com.niven.comic","com.naver.labs.translator","com.facebook.katana","com.instagram.android","com.facebook.orca","com.voice_camera_free_translate","com.niven.apptranslate","at.nk.tools.iTranslate","org.telegram.messenger","com.android.chrome"]},{"rank":{"index":2,"lang":"zh-hk","country":"hk","chineseCountryName":"香港","pkg":"com.spaceship.screen.textcopy"},"orders":["com.recognize_text.translate.screen","com.spaceship.screen.textcopy","com.gaminik.i18n","com.screen.translate.google","com.niven.translator","com.newmg.yurao.pro","com.tap_to_translate.snap_translate","com.google.android.apps.translate","com.microsoft.translator","com.niven.game","com.niven.comic","at.nk.tools.iTranslate","com.deepl.mobiletranslator","com.naver.labs.translator","com.google.ar.lens","com.language.translate.free.translator.voice.translation","com.zaz.translate","com.aldoo.pdftranslatorpro","com.flitto.app","com.android.chrome"]},{"rank":{"index":2,"lang":"zh-tw","country":"tw","chineseCountryName":"台湾","pkg":"com.spaceship.screen.textcopy"},"orders":["com.recognize_text.translate.screen","com.spaceship.screen.textcopy","com.tap_to_translate.snap_translate","com.screen.translate.google","com.niven.translator","com.gaminik.i18n","com.newmg.yurao.pro","com.google.android.apps.translate","com.niven.game","com.microsoft.translator","at.nk.tools.iTranslate","com.niven.comic","com.voice_camera_free_translate","com.naver.labs.translator","com.language.translate.free.translator.voice.translation","com.deepl.mobiletranslator","com.aldoo.pdftranslatorpro","com.tangdi.baiguotong","com.translate.language.translator.voice.translation","com.zaz.translate"]},{"rank":{"index":2,"lang":"en","country":"in","chineseCountryName":"印度","pkg":"com.spaceship.screen.textcopy"},"orders":["com.recognize_text.translate.screen","com.spaceship.screen.textcopy","com.google.android.apps.translate","com.tap_to_translate.snap_translate","com.zaz.translate","com.gaminik.i18n","at.nk.tools.iTranslate","com.deepl.mobiletranslator","com.google.ar.lens","com.translate.talkingtranslator","com.softissimo.reverso.context","com.sayhi.android.sayhitranslate","com.niven.translator","com.screen.translate.google","com.newmg.yurao.pro","com.niven.game","com.niven.comic","translate.speech.text.translation.voicetranslator","screen.translator.voice.translate","ru.yandex.translate"]},{"rank":{"index":3,"lang":"id","country":"id","chineseCountryName":"印尼","pkg":"com.spaceship.screen.textcopy"},"orders":["com.recognize_text.translate.screen","com.tap_to_translate.snap_translate","com.spaceship.screen.textcopy","com.niven.translator","com.gaminik.i18n","com.niven.game","com.screen.translate.google","com.newmg.yurao.pro","com.google.android.apps.translate","com.niven.comic","com.microsoft.translator","com.deepl.mobiletranslator","at.nk.tools.iTranslate","com.aldoo.pdftranslatorpro","com.youdao.hindict"]},{"rank":{"index":2,"lang":"es-mx","country":"mx","chineseCountryName":"墨西哥","pkg":"com.spaceship.screen.textcopy"},"orders":["com.recognize_text.translate.screen","com.spaceship.screen.textcopy","com.tap_to_translate.snap_translate","com.gaminik.i18n","com.google.android.apps.translate","at.nk.tools.iTranslate","com.deepl.mobiletranslator","com.zaz.translate","com.translate.talkingtranslator","ru.yandex.translate","com.naver.labs.translator","com.ticktalk.translatevoice","com.niven.translator","com.newmg.yurao.pro","com.screen.translate.google","com.niven.game","com.niven.comic","translate.speech.text.translation.voicetranslator","screen.translator.voice.translate","com.google.ar.lens"]}]