[{"rank":{"index":2,"lang":"en-us","country":"us","chineseCountryName":"美国","pkg":"com.spaceship.screen.textcopy"},"orders":["com.recognize_text.translate.screen","com.spaceship.screen.textcopy","com.tap_to_translate.snap_translate","com.google.android.apps.translate","com.screen.translate.google","com.niven.translator","com.microsoft.translator","com.gaminik.i18n","com.niven.game","com.newmg.yurao.pro","com.niven.comic","com.naver.labs.translator","com.google.ar.lens","com.deepl.mobiletranslator","com.sayhi.android.sayhitranslate","com.translate.talkingtranslator","com.zaz.translate","com.mobisystems.msdict.embedded.wireless.collins.ee","com.language.translate.free.translator.voice.translation","com.datacomprojects.scanandtranslate"]},{"rank":{"index":2,"lang":"ru","country":"ru","chineseCountryName":"俄罗斯","pkg":"com.spaceship.screen.textcopy"},"orders":["com.recognize_text.translate.screen","com.spaceship.screen.textcopy","com.niven.translator","com.tap_to_translate.snap_translate","com.niven.game","com.gaminik.i18n","ru.yandex.translate","com.screen.translate.google","com.newmg.yurao.pro","com.niven.comic","com.microsoft.translator","com.google.android.apps.translate","com.deepl.mobiletranslator","com.tangdi.baiguotong","com.datacomprojects.scanandtranslate","com.niven.apptranslate","com.voice_camera_free_translate","com.softissimo.reverso.context","com.language.translate.free.translator.voice.translation","com.translate.talkingtranslator"]},{"rank":{"index":2,"lang":"pt-br","country":"br","chineseCountryName":"巴西","pkg":"com.spaceship.screen.textcopy"},"orders":["com.recognize_text.translate.screen","com.spaceship.screen.textcopy","com.tap_to_translate.snap_translate","com.gaminik.i18n","com.microsoft.translator","com.google.android.apps.translate","com.zaz.translate","com.softissimo.reverso.context","com.deepl.mobiletranslator","ru.yandex.translate","com.naver.labs.translator","com.sayhi.android.sayhitranslate","com.tangdi.baiguotong","at.nk.tools.iTranslate","com.translate.talkingtranslator","com.niven.translator","com.niven.game","com.screen.translate.google","com.niven.comic","com.newmg.yurao.pro"]},{"rank":{"index":2,"lang":"fr","country":"fr","chineseCountryName":"法国","pkg":"com.spaceship.screen.textcopy"},"orders":["com.recognize_text.translate.screen","com.spaceship.screen.textcopy","com.tap_to_translate.snap_translate","com.niven.translator","com.niven.game","com.gaminik.i18n","com.microsoft.translator","com.google.android.apps.translate","com.screen.translate.google","com.niven.comic","com.newmg.yurao.pro","com.tangdi.baiguotong","com.softissimo.reverso.context","com.deepl.mobiletranslator","com.zaz.translate","com.datacomprojects.scanandtranslate","com.language.translate.free.translator.voice.translation","ru.yandex.translate","com.translate.talkingtranslator","com.naver.labs.translator"]},{"rank":{"index":2,"lang":"en-gb","country":"gb","chineseCountryName":"英国","pkg":"com.spaceship.screen.textcopy"},"orders":["com.recognize_text.translate.screen","com.spaceship.screen.textcopy","com.tap_to_translate.snap_translate","com.google.android.apps.translate","com.screen.translate.google","com.niven.translator","com.gaminik.i18n","com.microsoft.translator","com.niven.game","com.newmg.yurao.pro","com.niven.comic","com.google.ar.lens","com.zaz.translate","com.deepl.mobiletranslator","com.naver.labs.translator","com.datacomprojects.scanandtranslate","com.sayhi.android.sayhitranslate","com.language.translate.free.translator.voice.translation","com.softissimo.reverso.context","com.tangdi.baiguotong"]},{"rank":{"index":2,"lang":"de","country":"de","chineseCountryName":"德国","pkg":"com.spaceship.screen.textcopy"},"orders":["com.recognize_text.translate.screen","com.spaceship.screen.textcopy","com.tap_to_translate.snap_translate","com.niven.translator","com.screen.translate.google","com.gaminik.i18n","com.microsoft.translator","com.niven.game","com.google.android.apps.translate","com.niven.comic","com.newmg.yurao.pro","com.deepl.mobiletranslator","com.tangdi.baiguotong","com.zaz.translate","com.language.translate.free.translator.voice.translation","ru.yandex.translate","com.softissimo.reverso.context","com.sayhi.android.sayhitranslate","com.translate.talkingtranslator","co.timekettle.livetranslator"]},{"rank":{"index":2,"lang":"it","country":"it","chineseCountryName":"意大利","pkg":"com.spaceship.screen.textcopy"},"orders":["com.recognize_text.translate.screen","com.spaceship.screen.textcopy","com.niven.game","com.niven.translator","com.screen.translate.google","com.gaminik.i18n","com.tap_to_translate.snap_translate","com.microsoft.translator","com.google.android.apps.translate","com.niven.comic","com.newmg.yurao.pro","com.tangdi.baiguotong","com.softissimo.reverso.context","com.deepl.mobiletranslator","com.language.translate.free.translator.voice.translation","com.datacomprojects.scanandtranslate","com.erudite.translator","com.zaz.translate","com.niven.apptranslate","camtranslator.voice.text.image.translate"]},{"rank":{"index":2,"lang":"ja","country":"jp","chineseCountryName":"日本","pkg":"com.spaceship.screen.textcopy"},"orders":["com.recognize_text.translate.screen","com.spaceship.screen.textcopy","com.niven.translator","com.tap_to_translate.snap_translate","com.gaminik.i18n","com.niven.game","com.screen.translate.google","com.microsoft.translator","com.newmg.yurao.pro"]},{"rank":{"index":2,"lang":"ko","country":"kr","chineseCountryName":"韩国","pkg":"com.spaceship.screen.textcopy"},"orders":["com.recognize_text.translate.screen","com.spaceship.screen.textcopy","com.tap_to_translate.snap_translate","com.gaminik.i18n","com.niven.translator","com.niven.game","com.naver.labs.translator","com.screen.translate.google","com.niven.comic","com.newmg.yurao.pro","com.google.android.apps.translate","com.microsoft.translator","co.timekettle.livetranslator","com.flitto.app","com.deepl.mobiletranslator","com.niven.apptranslate","com.google.ar.lens","com.translate.talkingtranslator","com.voice_camera_free_translate","com.facebook.katana"]},{"rank":{"index":2,"lang":"zh-hk","country":"hk","chineseCountryName":"香港","pkg":"com.spaceship.screen.textcopy"},"orders":["com.recognize_text.translate.screen","com.spaceship.screen.textcopy","com.gaminik.i18n","com.niven.translator","com.screen.translate.google","com.niven.game","com.tap_to_translate.snap_translate","com.newmg.yurao.pro","com.niven.comic","com.google.android.apps.translate","com.microsoft.translator","com.naver.labs.translator","com.google.ar.lens","com.tangdi.baiguotong","com.niven.apptranslate","com.android.chrome","com.deepl.mobiletranslator","com.google.android.apps.maps","com.facebook.katana","com.facebook.orca"]},{"rank":{"index":2,"lang":"zh-tw","country":"tw","chineseCountryName":"台湾","pkg":"com.spaceship.screen.textcopy"},"orders":["com.recognize_text.translate.screen","com.spaceship.screen.textcopy","com.gaminik.i18n","com.screen.translate.google","com.niven.translator","com.niven.game","com.tap_to_translate.snap_translate","com.newmg.yurao.pro","com.niven.comic","com.google.android.apps.translate","com.microsoft.translator","com.naver.labs.translator","com.tangdi.baiguotong","com.google.ar.lens","com.niven.apptranslate","com.deepl.mobiletranslator","com.zaz.translate","com.facebook.katana","com.facebook.orca","com.android.chrome"]},{"rank":{"index":2,"lang":"en","country":"in","chineseCountryName":"印度","pkg":"com.spaceship.screen.textcopy"},"orders":["com.recognize_text.translate.screen","com.spaceship.screen.textcopy","com.google.android.apps.translate","com.zaz.translate"]},{"rank":{"index":2,"lang":"id","country":"id","chineseCountryName":"印尼","pkg":"com.spaceship.screen.textcopy"},"orders":["com.recognize_text.translate.screen","com.spaceship.screen.textcopy","com.tap_to_translate.snap_translate","com.niven.translator","com.niven.game","com.gaminik.i18n","com.screen.translate.google","com.newmg.yurao.pro","com.niven.comic","com.youdao.hindict","com.google.android.apps.translate"]},{"rank":{"index":2,"lang":"es-mx","country":"mx","chineseCountryName":"墨西哥","pkg":"com.spaceship.screen.textcopy"},"orders":["com.recognize_text.translate.screen","com.spaceship.screen.textcopy","com.tap_to_translate.snap_translate","com.gaminik.i18n","com.google.android.apps.translate","com.microsoft.translator","com.zaz.translate","com.softissimo.reverso.context","com.deepl.mobiletranslator","ru.yandex.translate","com.tangdi.baiguotong","com.naver.labs.translator","com.sayhi.android.sayhitranslate","com.google.ar.lens","at.nk.tools.iTranslate","com.niven.translator","com.niven.game","com.screen.translate.google","com.newmg.yurao.pro","com.niven.comic"]}]