[{"rank":{"index":2,"lang":"en-us","country":"us","chineseCountryName":"美国","pkg":"com.spaceship.screen.textcopy"},"orders":["com.recognize_text.translate.screen","com.spaceship.screen.textcopy","com.niven.translator","com.tap_to_translate.snap_translate","com.gaminik.i18n","com.newmg.yurao.pro","com.google.android.apps.translate","com.microsoft.translator","com.aurasense.screentranslate","com.screen.translate.google","at.nk.tools.iTranslate","com.deepl.mobiletranslator","com.yoyodev.screentranslate","com.eecorp.linguago","com.zaz.translate","live.screentranslate.realtime","link.zhidou.btranslator","photo.translate.camera.translator","com.naver.labs.translator","com.galaxy.airviewdictionary"]},{"rank":{"index":2,"lang":"ru","country":"ru","chineseCountryName":"俄罗斯","pkg":"com.spaceship.screen.textcopy"},"orders":["com.recognize_text.translate.screen","com.spaceship.screen.textcopy","com.niven.translator","com.tap_to_translate.snap_translate","com.newmg.yurao.pro","com.gaminik.i18n","com.yoyodev.screentranslate","com.screen.translate.google","com.microsoft.translator","com.eecorp.linguago","com.galaxy.airviewdictionary","live.screentranslate.realtime","at.nk.tools.iTranslate","photo.translate.camera.translator","com.zaz.translate","com.google.android.apps.translate","link.zhidou.btranslator","ru.yandex.translate","com.niven.game","com.digtial_bytes.voice.translator.dictionary.languages.cameratranslator"]},{"rank":{"index":2,"lang":"pt-br","country":"br","chineseCountryName":"巴西","pkg":"com.spaceship.screen.textcopy"},"orders":["com.recognize_text.translate.screen","com.spaceship.screen.textcopy","com.tap_to_translate.snap_translate","com.niven.translator","com.gaminik.i18n","com.newmg.yurao.pro","com.screen.translate.google","at.nk.tools.iTranslate","link.zhidou.btranslator","com.google.android.apps.translate","com.microsoft.translator","live.screentranslate.realtime","com.eecorp.linguago","co.appnation.aivoicetranslator","com.galaxy.airviewdictionary","photo.translate.camera.translator","com.niven.game","com.zaz.translate","com.deepl.mobiletranslator","com.digtial_bytes.voice.translator.dictionary.languages.cameratranslator"]},{"rank":{"index":2,"lang":"fr","country":"fr","chineseCountryName":"法国","pkg":"com.spaceship.screen.textcopy"},"orders":["com.recognize_text.translate.screen","com.spaceship.screen.textcopy","com.tap_to_translate.snap_translate","com.niven.translator","com.gaminik.i18n","com.newmg.yurao.pro","com.screen.translate.google","com.yoyodev.screentranslate","com.aurasense.screentranslate","link.zhidou.btranslator","photo.translate.camera.translator","live.screentranslate.realtime","com.eecorp.linguago","com.microsoft.translator","co.appnation.aivoicetranslator","com.galaxy.airviewdictionary","com.digtial_bytes.voice.translator.dictionary.languages.cameratranslator","com.hive.lingonative","com.eecorp.taptranslator","com.deepl.mobiletranslator"]},{"rank":{"index":2,"lang":"en-gb","country":"gb","chineseCountryName":"英国","pkg":"com.spaceship.screen.textcopy"},"orders":["com.recognize_text.translate.screen","com.spaceship.screen.textcopy","com.tap_to_translate.snap_translate","com.microsoft.translator","com.google.android.apps.translate","com.niven.translator","com.gaminik.i18n","com.deepl.mobiletranslator","com.aurasense.screentranslate","com.zaz.translate","com.newmg.yurao.pro","at.nk.tools.iTranslate","link.zhidou.btranslator","ru.yandex.translate","co.appnation.aivoicetranslator","com.naver.labs.translator","com.yoyodev.screentranslate","live.screentranslate.realtime","com.screen.translate.google","com.transgull.translator"]},{"rank":{"index":2,"lang":"de","country":"de","chineseCountryName":"德国","pkg":"com.spaceship.screen.textcopy"},"orders":["com.recognize_text.translate.screen","com.spaceship.screen.textcopy","com.tap_to_translate.snap_translate","com.niven.translator","com.gaminik.i18n","com.aurasense.screentranslate","com.newmg.yurao.pro","com.google.android.apps.translate","com.yoyodev.screentranslate","link.zhidou.btranslator","live.screentranslate.realtime","com.zaz.translate","com.screen.translate.google","com.eecorp.linguago","com.hive.lingonative","co.appnation.aivoicetranslator","com.deepl.mobiletranslator","com.niven.game","com.microsoft.translator","at.nk.tools.iTranslate"]},{"rank":{"index":2,"lang":"it","country":"it","chineseCountryName":"意大利","pkg":"com.spaceship.screen.textcopy"},"orders":["com.recognize_text.translate.screen","com.spaceship.screen.textcopy","com.tap_to_translate.snap_translate","com.gaminik.i18n","com.niven.translator","com.newmg.yurao.pro","com.aurasense.screentranslate","com.screen.translate.google","live.screentranslate.realtime","com.yoyodev.screentranslate","photo.translate.camera.translator","co.appnation.aivoicetranslator","com.eecorp.linguago","link.zhidou.btranslator","com.galaxy.airviewdictionary","com.digtial_bytes.voice.translator.dictionary.languages.cameratranslator","at.nk.tools.iTranslate","com.zaz.translate","com.deepl.mobiletranslator","com.eecorp.taptranslator"]},{"rank":{"index":2,"lang":"ja","country":"jp","chineseCountryName":"日本","pkg":"com.spaceship.screen.textcopy"},"orders":["com.recognize_text.translate.screen","com.spaceship.screen.textcopy","com.tap_to_translate.snap_translate","com.gaminik.i18n","com.niven.translator","com.aurasense.screentranslate","com.newmg.yurao.pro","com.google.android.apps.translate","live.screentranslate.realtime","com.screen.translate.google","com.eecorp.linguago","com.hive.lingonative","com.naver.labs.translator","com.zaz.translate","com.microsoft.translator","com.chat_translate.screen_translate","link.zhidou.btranslator","com.galaxy.airviewdictionary","com.niven.apptranslate","co.appnation.aivoicetranslator"]},{"rank":{"index":2,"lang":"ko","country":"kr","chineseCountryName":"韩国","pkg":"com.spaceship.screen.textcopy"},"orders":["com.recognize_text.translate.screen","com.spaceship.screen.textcopy","com.gaminik.i18n","com.tap_to_translate.snap_translate","com.niven.translator","com.newmg.yurao.pro","com.aurasense.screentranslate","com.screen.translate.google","live.screentranslate.realtime","com.eecorp.linguago","com.galaxy.airviewdictionary","link.zhidou.btranslator","photo.translate.camera.translator","co.appnation.aivoicetranslator","com.digtial_bytes.voice.translator.dictionary.languages.cameratranslator","com.niven.apptranslate","com.microsoft.translator","at.nk.tools.iTranslate","com.hive.lingonative","com.eecorp.taptranslator"]},{"rank":{"index":2,"lang":"zh-hk","country":"hk","chineseCountryName":"香港","pkg":"com.spaceship.screen.textcopy"},"orders":["com.recognize_text.translate.screen","com.spaceship.screen.textcopy","com.tap_to_translate.snap_translate","com.gaminik.i18n","com.newmg.yurao.pro","com.aurasense.screentranslate","com.niven.translator","com.microsoft.translator","com.screen.translate.google","at.nk.tools.iTranslate","link.zhidou.btranslator","com.google.android.apps.translate","live.screentranslate.realtime","com.yoyodev.screentranslate","com.eecorp.linguago","photo.translate.camera.translator","com.galaxy.airviewdictionary","com.zaz.translate","com.naver.labs.translator","com.deepl.mobiletranslator"]},{"rank":{"index":2,"lang":"zh-tw","country":"tw","chineseCountryName":"台湾","pkg":"com.spaceship.screen.textcopy"},"orders":["com.recognize_text.translate.screen","com.spaceship.screen.textcopy","com.tap_to_translate.snap_translate","com.gaminik.i18n","com.aurasense.screentranslate","com.newmg.yurao.pro","com.google.android.apps.translate","com.niven.translator","com.microsoft.translator","com.screen.translate.google","live.screentranslate.realtime","com.yoyodev.screentranslate","com.zaz.translate","com.eecorp.linguago","com.deepl.mobiletranslator","com.naver.labs.translator","com.hive.lingonative","at.nk.tools.iTranslate","link.zhidou.btranslator","com.galaxy.airviewdictionary"]},{"rank":{"index":0,"lang":"en","country":"in","chineseCountryName":"印度","pkg":"com.spaceship.screen.textcopy"},"orders":["com.recognize_text.translate.screen","com.tap_to_translate.snap_translate","com.newmg.yurao.pro","com.niven.translator","com.gaminik.i18n","com.google.android.apps.translate","com.aurasense.screentranslate","com.zaz.translate","com.screen.translate.google","com.microsoft.translator","com.yoyodev.screentranslate","co.appnation.aivoicetranslator","at.nk.tools.iTranslate","photo.translate.camera.translator","com.eecorp.linguago","com.galaxy.airviewdictionary","live.screentranslate.realtime","screen.translator.voice.translate","translate.speech.text.translation.voicetranslator","com.digtial_bytes.voice.translator.dictionary.languages.cameratranslator"]},{"rank":{"index":2,"lang":"id","country":"id","chineseCountryName":"印尼","pkg":"com.spaceship.screen.textcopy"},"orders":["com.recognize_text.translate.screen","com.spaceship.screen.textcopy","com.niven.translator","com.tap_to_translate.snap_translate","com.gaminik.i18n","com.newmg.yurao.pro","com.aurasense.screentranslate","com.screen.translate.google","com.google.android.apps.translate","com.yoyodev.screentranslate","at.nk.tools.iTranslate","com.eecorp.linguago","com.microsoft.translator","live.screentranslate.realtime","co.appnation.aivoicetranslator","com.galaxy.airviewdictionary","com.niven.game","photo.translate.camera.translator","com.zaz.translate","com.deepl.mobiletranslator"]},{"rank":{"index":2,"lang":"es-mx","country":"mx","chineseCountryName":"墨西哥","pkg":"com.spaceship.screen.textcopy"},"orders":["com.recognize_text.translate.screen","com.spaceship.screen.textcopy","com.niven.translator","com.tap_to_translate.snap_translate","com.gaminik.i18n","com.newmg.yurao.pro","com.screen.translate.google","at.nk.tools.iTranslate","live.screentranslate.realtime","com.aurasense.screentranslate","com.yoyodev.screentranslate","com.eecorp.linguago","link.zhidou.btranslator","com.niven.game","co.appnation.aivoicetranslator","com.galaxy.airviewdictionary","photo.translate.camera.translator","com.google.android.apps.translate","com.microsoft.translator","com.zaz.translate"]}]