[{"rank":{"index":2,"lang":"en-us","country":"us","chineseCountryName":"美国","pkg":"com.spaceship.screen.textcopy"},"orders":["com.recognize_text.translate.screen","com.spaceship.screen.textcopy","com.google.android.apps.translate","com.microsoft.translator","com.niven.translator","com.screen.translate.google","com.gaminik.i18n","com.tap_to_translate.snap_translate","com.niven.game","com.deepl.mobiletranslator","com.translate.talkingtranslator","com.niven.comic","com.zaz.translate","com.newmg.yurao.pro","com.translate.language.translator.voice.translation","com.mobisystems.msdict.embedded.wireless.collins.ee","com.naver.labs.translator","com.erudite.translator","com.softissimo.reverso.context","com.flitto.app"]},{"rank":{"index":3,"lang":"ru","country":"ru","chineseCountryName":"俄罗斯","pkg":"com.spaceship.screen.textcopy"},"orders":["com.recognize_text.translate.screen","com.niven.translator","com.spaceship.screen.textcopy","com.tap_to_translate.snap_translate","com.niven.game","com.gaminik.i18n","com.screen.translate.google","com.microsoft.translator","com.niven.comic","com.deepl.mobiletranslator","com.google.android.apps.translate","com.newmg.yurao.pro","ru.yandex.translate","com.zaz.translate","com.datacomprojects.scanandtranslate","com.translate.talkingtranslator","com.flitto.app","com.translate.language.translator.voice.translation","com.softissimo.reverso.context","com.google.ar.lens"]},{"rank":{"index":2,"lang":"pt-br","country":"br","chineseCountryName":"巴西","pkg":"com.spaceship.screen.textcopy"},"orders":["com.recognize_text.translate.screen","com.spaceship.screen.textcopy","com.tap_to_translate.snap_translate","com.niven.game","com.gaminik.i18n","com.google.android.apps.translate","com.zaz.translate","com.deepl.mobiletranslator","com.flitto.app","com.translate.talkingtranslator","com.softissimo.reverso.context","at.nk.tools.iTranslate","com.google.ar.lens","com.tangdi.baiguotong","com.niven.translator","com.screen.translate.google","com.niven.comic","com.newmg.yurao.pro","com.galaxy.airviewdictionary","ru.yandex.translate"]},{"rank":{"index":2,"lang":"fr","country":"fr","chineseCountryName":"法国","pkg":"com.spaceship.screen.textcopy"},"orders":["com.recognize_text.translate.screen","com.spaceship.screen.textcopy","com.tap_to_translate.snap_translate","com.niven.game","com.niven.translator","com.microsoft.translator","com.gaminik.i18n","com.google.android.apps.translate","com.deepl.mobiletranslator","com.niven.comic","com.screen.translate.google","com.translate.talkingtranslator","com.zaz.translate","com.newmg.yurao.pro","com.flitto.app","com.datacomprojects.scanandtranslate","com.aldoo.pdftranslatorpro","com.softissimo.reverso.context","com.image.camera.translate.ai","com.translate.language.translator.voice.translation"]},{"rank":{"index":2,"lang":"en-gb","country":"gb","chineseCountryName":"英国","pkg":"com.spaceship.screen.textcopy"},"orders":["com.recognize_text.translate.screen","com.spaceship.screen.textcopy","com.gaminik.i18n","com.google.android.apps.translate","com.microsoft.translator","com.screen.translate.google","com.niven.translator","com.niven.game","com.deepl.mobiletranslator","com.tap_to_translate.snap_translate","com.niven.comic","com.translate.talkingtranslator","com.zaz.translate","com.mobisystems.msdict.embedded.wireless.collins.ee","com.newmg.yurao.pro","com.erudite.translator","com.flitto.app","com.softissimo.reverso.context","com.translate.language.translator.voice.translation","com.google.ar.lens"]},{"rank":{"index":2,"lang":"de","country":"de","chineseCountryName":"德国","pkg":"com.spaceship.screen.textcopy"},"orders":["com.recognize_text.translate.screen","com.spaceship.screen.textcopy","com.tap_to_translate.snap_translate","com.niven.translator","com.microsoft.translator","com.screen.translate.google","com.gaminik.i18n","com.niven.game","com.deepl.mobiletranslator","com.google.android.apps.translate","com.niven.comic","com.translate.talkingtranslator","com.newmg.yurao.pro","com.flitto.app","com.aldoo.pdftranslatorpro","com.zaz.translate","com.datacomprojects.scanandtranslate","com.erudite.translator","com.image.camera.translate.ai","com.tangdi.baiguotong"]},{"rank":{"index":2,"lang":"it","country":"it","chineseCountryName":"意大利","pkg":"com.spaceship.screen.textcopy"},"orders":["com.recognize_text.translate.screen","com.spaceship.screen.textcopy","com.tap_to_translate.snap_translate","com.niven.translator","com.gaminik.i18n","com.microsoft.translator","com.screen.translate.google","com.niven.game","com.deepl.mobiletranslator","com.google.android.apps.translate","com.niven.comic","com.datacomprojects.scanandtranslate","com.aldoo.pdftranslatorpro","com.softissimo.reverso.context","com.newmg.yurao.pro","com.flitto.app","com.tangdi.baiguotong","com.translate.talkingtranslator","com.image.camera.translate.ai","com.kursx.smartbook"]},{"rank":{"index":2,"lang":"ja","country":"jp","chineseCountryName":"日本","pkg":"com.spaceship.screen.textcopy"},"orders":["com.recognize_text.translate.screen","com.spaceship.screen.textcopy","com.tap_to_translate.snap_translate","com.gaminik.i18n","com.niven.translator","com.niven.game","com.microsoft.translator","com.screen.translate.google","com.google.android.apps.translate","com.deepl.mobiletranslator","com.niven.comic"]},{"rank":{"index":2,"lang":"ko","country":"kr","chineseCountryName":"韩国","pkg":"com.spaceship.screen.textcopy"},"orders":["com.recognize_text.translate.screen","com.spaceship.screen.textcopy","com.tap_to_translate.snap_translate","com.gaminik.i18n","com.niven.translator","com.niven.game","com.naver.labs.translator","com.microsoft.translator","com.niven.comic","com.google.android.apps.translate"]},{"rank":{"index":2,"lang":"zh-hk","country":"hk","chineseCountryName":"香港","pkg":"com.spaceship.screen.textcopy"},"orders":["com.recognize_text.translate.screen","com.spaceship.screen.textcopy","com.gaminik.i18n","com.niven.translator","com.microsoft.translator","com.niven.game","com.google.android.apps.translate","com.screen.translate.google","com.tap_to_translate.snap_translate","com.niven.comic","com.deepl.mobiletranslator","com.newmg.yurao.pro","com.tangdi.baiguotong","com.translate.talkingtranslator","com.naver.labs.translator","com.google.ar.lens","com.flitto.app","com.aldoo.pdftranslatorpro","com.zaz.translate","com.translate.language.translator.voice.translation"]},{"rank":{"index":2,"lang":"zh-tw","country":"tw","chineseCountryName":"台湾","pkg":"com.spaceship.screen.textcopy"},"orders":["com.recognize_text.translate.screen","com.spaceship.screen.textcopy","com.gaminik.i18n","com.niven.translator","com.screen.translate.google","com.niven.game","com.microsoft.translator","com.tap_to_translate.snap_translate","com.google.android.apps.translate","com.niven.comic","com.newmg.yurao.pro","com.translate.talkingtranslator","com.deepl.mobiletranslator","com.tangdi.baiguotong","com.aldoo.pdftranslatorpro","com.naver.labs.translator","com.flitto.app","com.zaz.translate","com.mobisystems.msdict.embedded.wireless.collins.ee","com.erudite.translator"]},{"rank":{"index":2,"lang":"en","country":"in","chineseCountryName":"印度","pkg":"com.spaceship.screen.textcopy"},"orders":["com.recognize_text.translate.screen","com.spaceship.screen.textcopy","com.google.android.apps.translate","com.microsoft.translator","com.zaz.translate"]},{"rank":{"index":2,"lang":"id","country":"id","chineseCountryName":"印尼","pkg":"com.spaceship.screen.textcopy"},"orders":["com.recognize_text.translate.screen","com.spaceship.screen.textcopy","com.tap_to_translate.snap_translate","com.niven.translator","com.gaminik.i18n","com.niven.game","com.screen.translate.google","com.niven.comic","com.google.android.apps.translate"]},{"rank":{"index":2,"lang":"es-mx","country":"mx","chineseCountryName":"墨西哥","pkg":"com.spaceship.screen.textcopy"},"orders":["com.recognize_text.translate.screen","com.spaceship.screen.textcopy","com.tap_to_translate.snap_translate","com.niven.game","com.gaminik.i18n","com.google.android.apps.translate","com.zaz.translate","com.deepl.mobiletranslator","com.flitto.app","com.softissimo.reverso.context","com.translate.talkingtranslator","com.sayhi.android.sayhitranslate","com.google.ar.lens","at.nk.tools.iTranslate","com.niven.translator","com.screen.translate.google","com.niven.comic","com.newmg.yurao.pro","xbean.image.picture.translate.ocr","ru.yandex.translate"]}]