[{"rank":{"index":3,"lang":"en-us","country":"us","chineseCountryName":"美国","pkg":"com.spaceship.screen.textcopy"},"orders":["com.recognize_text.translate.screen","com.niven.translator","com.spaceship.screen.textcopy","com.google.android.apps.translate","com.tap_to_translate.snap_translate","com.newmg.yurao.pro","com.gaminik.i18n","com.microsoft.translator","com.deepl.mobiletranslator","com.zaz.translate","com.immersivetranslate.browser","com.naver.labs.translator","at.nk.tools.iTranslate","com.niven.game","com.screen.translate.google","com.niven.apptranslate","com.fapp.translate.language.translator.fasttranslation","com.voice_camera_free_translate","link.zhidou.btranslator","com.softissimo.reverso.context"]},{"rank":{"index":0,"lang":"ru","country":"ru","chineseCountryName":"俄罗斯","pkg":"com.spaceship.screen.textcopy"},"orders":["com.recognize_text.translate.screen","com.niven.translator","com.tap_to_translate.snap_translate","com.newmg.yurao.pro","com.google.android.apps.translate","com.zaz.translate","com.gaminik.i18n","com.deepl.mobiletranslator","com.microsoft.translator","ru.yandex.translate","com.niven.game","com.immersivetranslate.browser","at.nk.tools.iTranslate","com.naver.labs.translator","com.screen.translate.google","com.niven.apptranslate","com.datacomprojects.scanandtranslate","com.google.ar.lens","com.softissimo.reverso.context","com.voice_camera_free_translate"]},{"rank":{"index":2,"lang":"pt-br","country":"br","chineseCountryName":"巴西","pkg":"com.spaceship.screen.textcopy"},"orders":["com.recognize_text.translate.screen","com.spaceship.screen.textcopy","com.niven.translator","com.tap_to_translate.snap_translate","com.google.android.apps.translate","com.gaminik.i18n","com.newmg.yurao.pro","com.microsoft.translator","com.deepl.mobiletranslator","com.zaz.translate","com.immersivetranslate.browser","at.nk.tools.iTranslate","com.niven.game","com.niven.apptranslate","com.voice_camera_free_translate","com.screen.translate.google","com.datacomprojects.scanandtranslate","com.fapp.translate.language.translator.fasttranslation","com.naver.labs.translator","com.softissimo.reverso.context"]},{"rank":{"index":2,"lang":"fr","country":"fr","chineseCountryName":"法国","pkg":"com.spaceship.screen.textcopy"},"orders":["com.recognize_text.translate.screen","com.spaceship.screen.textcopy","com.tap_to_translate.snap_translate","com.niven.translator","com.gaminik.i18n","com.newmg.yurao.pro","com.zaz.translate","com.google.android.apps.translate","com.immersivetranslate.browser","com.deepl.mobiletranslator","com.microsoft.translator","com.fapp.translate.language.translator.fasttranslation","at.nk.tools.iTranslate","com.naver.labs.translator","com.niven.game","com.niven.apptranslate","com.screen.translate.google","com.softissimo.reverso.context","ru.yandex.translate","com.eecorp.linguago"]},{"rank":{"index":2,"lang":"en-gb","country":"gb","chineseCountryName":"英国","pkg":"com.spaceship.screen.textcopy"},"orders":["com.recognize_text.translate.screen","com.spaceship.screen.textcopy","com.tap_to_translate.snap_translate","com.google.android.apps.translate","com.niven.translator","com.newmg.yurao.pro","com.zaz.translate","com.deepl.mobiletranslator","com.gaminik.i18n","com.immersivetranslate.browser","com.microsoft.translator","at.nk.tools.iTranslate","com.naver.labs.translator","com.niven.game","com.softissimo.reverso.context","com.fapp.translate.language.translator.fasttranslation","com.voice_camera_free_translate","ru.yandex.translate","com.screen.translate.google","com.niven.apptranslate"]},{"rank":{"index":2,"lang":"de","country":"de","chineseCountryName":"德国","pkg":"com.spaceship.screen.textcopy"},"orders":["com.recognize_text.translate.screen","com.spaceship.screen.textcopy","com.niven.translator","com.tap_to_translate.snap_translate","com.newmg.yurao.pro","com.gaminik.i18n","com.google.android.apps.translate","com.deepl.mobiletranslator","com.zaz.translate","com.immersivetranslate.browser","com.microsoft.translator","at.nk.tools.iTranslate","com.niven.game","co.langlang.translator_for_wsp"]},{"rank":{"index":2,"lang":"it","country":"it","chineseCountryName":"意大利","pkg":"com.spaceship.screen.textcopy"},"orders":["com.recognize_text.translate.screen","com.spaceship.screen.textcopy","com.tap_to_translate.snap_translate","com.newmg.yurao.pro","com.niven.translator","com.zaz.translate","com.gaminik.i18n","com.google.android.apps.translate","com.immersivetranslate.browser","com.deepl.mobiletranslator","com.microsoft.translator","at.nk.tools.iTranslate"]},{"rank":{"index":2,"lang":"ja","country":"jp","chineseCountryName":"日本","pkg":"com.spaceship.screen.textcopy"},"orders":["com.recognize_text.translate.screen","com.spaceship.screen.textcopy","com.tap_to_translate.snap_translate","com.niven.translator","com.newmg.yurao.pro","com.gaminik.i18n","com.immersivetranslate.browser","com.zaz.translate","com.naver.labs.translator","com.screen.translate.google","com.niven.apptranslate","com.niven.game","com.deepl.mobiletranslator","com.microsoft.translator","com.google.android.apps.translate","com.eecorp.linguago","com.fapp.translate.language.translator.fasttranslation","com.google.ar.lens","at.nk.tools.iTranslate","com.android.chrome"]},{"rank":{"index":2,"lang":"ko","country":"kr","chineseCountryName":"韩国","pkg":"com.spaceship.screen.textcopy"},"orders":["com.recognize_text.translate.screen","com.spaceship.screen.textcopy","com.tap_to_translate.snap_translate","com.niven.translator","com.newmg.yurao.pro","com.gaminik.i18n","com.zaz.translate","com.naver.labs.translator","com.immersivetranslate.browser","com.deepl.mobiletranslator","com.microsoft.translator","com.google.android.apps.translate","at.nk.tools.iTranslate","com.niven.game"]},{"rank":{"index":2,"lang":"zh-hk","country":"hk","chineseCountryName":"香港","pkg":"com.spaceship.screen.textcopy"},"orders":["com.recognize_text.translate.screen","com.spaceship.screen.textcopy","com.niven.translator","com.tap_to_translate.snap_translate","com.newmg.yurao.pro","com.gaminik.i18n","com.google.android.apps.translate","com.immersivetranslate.browser","com.zaz.translate","com.microsoft.translator","com.naver.labs.translator","com.deepl.mobiletranslator"]},{"rank":{"index":2,"lang":"zh-tw","country":"tw","chineseCountryName":"台湾","pkg":"com.spaceship.screen.textcopy"},"orders":["com.recognize_text.translate.screen","com.spaceship.screen.textcopy","com.tap_to_translate.snap_translate","com.newmg.yurao.pro","com.niven.translator","com.gaminik.i18n","com.immersivetranslate.browser","com.google.android.apps.translate","com.zaz.translate","com.deepl.mobiletranslator","com.microsoft.translator","com.niven.game","com.naver.labs.translator","at.nk.tools.iTranslate","com.screen.translate.google","com.niven.apptranslate","com.voice_camera_free_translate","com.fapp.translate.language.translator.fasttranslation","co.langlang.translator_for_wsp","com.eecorp.linguago"]},{"rank":{"index":2,"lang":"en","country":"in","chineseCountryName":"印度","pkg":"com.spaceship.screen.textcopy"},"orders":["com.recognize_text.translate.screen","com.spaceship.screen.textcopy","com.newmg.yurao.pro","com.google.android.apps.translate","com.zaz.translate"]},{"rank":{"index":2,"lang":"id","country":"id","chineseCountryName":"印尼","pkg":"com.spaceship.screen.textcopy"},"orders":["com.recognize_text.translate.screen","com.spaceship.screen.textcopy","com.tap_to_translate.snap_translate","com.niven.translator","com.google.android.apps.translate","com.gaminik.i18n","com.newmg.yurao.pro","com.deepl.mobiletranslator","com.zaz.translate","com.naver.labs.translator","com.immersivetranslate.browser","com.niven.game","at.nk.tools.iTranslate","com.microsoft.translator","com.niven.apptranslate","com.fapp.translate.language.translator.fasttranslation","com.screen.translate.google","com.softissimo.reverso.context","com.eecorp.linguago","ru.yandex.translate"]},{"rank":{"index":1,"lang":"es-mx","country":"mx","chineseCountryName":"墨西哥","pkg":"com.spaceship.screen.textcopy"},"orders":["com.spaceship.screen.textcopy","com.recognize_text.translate.screen","com.niven.translator","com.tap_to_translate.snap_translate","com.newmg.yurao.pro","com.gaminik.i18n","com.google.android.apps.translate","com.zaz.translate","com.immersivetranslate.browser","com.deepl.mobiletranslator","com.microsoft.translator","at.nk.tools.iTranslate","com.niven.game","com.niven.apptranslate","com.screen.translate.google","com.fapp.translate.language.translator.fasttranslation","com.dftpdf.translate","com.eecorp.linguago","com.datacomprojects.scanandtranslate","co.langlang.translator_for_wsp"]}]