[{"rank":{"index":2,"lang":"en-us","country":"us","chineseCountryName":"美国","pkg":"com.spaceship.screen.textcopy"},"orders":["com.recognize_text.translate.screen","com.spaceship.screen.textcopy","com.tap_to_translate.snap_translate","com.newmg.yurao.pro","com.niven.translator","com.gaminik.i18n","com.google.android.apps.translate","com.deepl.mobiletranslator","com.microsoft.translator","at.nk.tools.iTranslate","com.immersivetranslate.browser","com.screen.translate.google","com.galaxy.airviewdictionary","com.naver.labs.translator","co.appnation.aivoicetranslator"]},{"rank":{"index":2,"lang":"ru","country":"ru","chineseCountryName":"俄罗斯","pkg":"com.spaceship.screen.textcopy"},"orders":["com.recognize_text.translate.screen","com.spaceship.screen.textcopy","com.tap_to_translate.snap_translate","com.niven.translator","com.newmg.yurao.pro","com.gaminik.i18n","com.galaxy.airviewdictionary","com.deepl.mobiletranslator","com.screen.translate.google","com.voice_camera_free_translate","com.eecorp.linguago","com.niven.apptranslate","com.microsoft.translator","at.nk.tools.iTranslate","ru.yandex.translate","com.immersivetranslate.browser","com.google.android.apps.translate","com.phototranslator.camera.voicetranslate.texttranslation","live.screentranslate.realtime","photo.translate.camera.translator"]},{"rank":{"index":2,"lang":"pt-br","country":"br","chineseCountryName":"巴西","pkg":"com.spaceship.screen.textcopy"},"orders":["com.recognize_text.translate.screen","com.spaceship.screen.textcopy","com.tap_to_translate.snap_translate","com.niven.translator","com.newmg.yurao.pro","com.gaminik.i18n","com.galaxy.airviewdictionary","com.deepl.mobiletranslator","com.immersivetranslate.browser","com.microsoft.translator","at.nk.tools.iTranslate","com.screen.translate.google","com.voice_camera_free_translate","com.google.android.apps.translate","com.phototranslator.camera.voicetranslate.texttranslation","com.eecorp.linguago","com.niven.apptranslate","co.appnation.aivoicetranslator","live.screentranslate.realtime","link.zhidou.btranslator"]},{"rank":{"index":2,"lang":"fr","country":"fr","chineseCountryName":"法国","pkg":"com.spaceship.screen.textcopy"},"orders":["com.recognize_text.translate.screen","com.spaceship.screen.textcopy","com.tap_to_translate.snap_translate","com.newmg.yurao.pro","com.niven.translator","com.gaminik.i18n","com.galaxy.airviewdictionary","com.deepl.mobiletranslator","com.immersivetranslate.browser","com.google.android.apps.translate","com.screen.translate.google","com.microsoft.translator","com.eecorp.linguago","co.appnation.aivoicetranslator","live.screentranslate.realtime","com.niven.apptranslate","at.nk.tools.iTranslate","com.phototranslator.camera.voicetranslate.texttranslation","com.fapp.translate.language.translator.fasttranslation","com.datacomprojects.scanandtranslate"]},{"rank":{"index":2,"lang":"en-gb","country":"gb","chineseCountryName":"英国","pkg":"com.spaceship.screen.textcopy"},"orders":["com.recognize_text.translate.screen","com.spaceship.screen.textcopy","com.tap_to_translate.snap_translate","com.niven.translator","com.newmg.yurao.pro","com.google.android.apps.translate","com.gaminik.i18n","com.microsoft.translator","com.deepl.mobiletranslator","at.nk.tools.iTranslate","com.immersivetranslate.browser","com.galaxy.airviewdictionary","co.appnation.aivoicetranslator","com.phototranslator.camera.voicetranslate.texttranslation"]},{"rank":{"index":2,"lang":"de","country":"de","chineseCountryName":"德国","pkg":"com.spaceship.screen.textcopy"},"orders":["com.recognize_text.translate.screen","com.spaceship.screen.textcopy","com.niven.translator","com.tap_to_translate.snap_translate","com.newmg.yurao.pro","com.gaminik.i18n","com.deepl.mobiletranslator","com.galaxy.airviewdictionary","com.immersivetranslate.browser","com.screen.translate.google","com.google.android.apps.translate","com.microsoft.translator"]},{"rank":{"index":2,"lang":"it","country":"it","chineseCountryName":"意大利","pkg":"com.spaceship.screen.textcopy"},"orders":["com.recognize_text.translate.screen","com.spaceship.screen.textcopy","com.tap_to_translate.snap_translate","com.newmg.yurao.pro","com.niven.translator","com.gaminik.i18n","com.galaxy.airviewdictionary","com.screen.translate.google","com.deepl.mobiletranslator","com.microsoft.translator","com.eecorp.linguago","com.niven.apptranslate"]},{"rank":{"index":3,"lang":"ja","country":"jp","chineseCountryName":"日本","pkg":"com.spaceship.screen.textcopy"},"orders":["com.recognize_text.translate.screen","com.tap_to_translate.snap_translate","com.spaceship.screen.textcopy","com.newmg.yurao.pro","com.gaminik.i18n","com.niven.translator","com.galaxy.airviewdictionary","com.deepl.mobiletranslator","com.screen.translate.google","com.niven.apptranslate"]},{"rank":{"index":3,"lang":"ko","country":"kr","chineseCountryName":"韩国","pkg":"com.spaceship.screen.textcopy"},"orders":["com.recognize_text.translate.screen","com.tap_to_translate.snap_translate","com.spaceship.screen.textcopy","com.newmg.yurao.pro","com.niven.translator","com.gaminik.i18n","com.galaxy.airviewdictionary","com.naver.labs.translator","com.immersivetranslate.browser","com.deepl.mobiletranslator","com.screen.translate.google","com.microsoft.translator"]},{"rank":{"index":2,"lang":"zh-hk","country":"hk","chineseCountryName":"香港","pkg":"com.spaceship.screen.textcopy"},"orders":["com.recognize_text.translate.screen","com.spaceship.screen.textcopy","com.tap_to_translate.snap_translate","com.gaminik.i18n","com.niven.translator","com.newmg.yurao.pro","com.galaxy.airviewdictionary","com.immersivetranslate.browser","at.nk.tools.iTranslate","com.deepl.mobiletranslator","com.google.android.apps.translate","com.microsoft.translator","com.screen.translate.google","com.voice_camera_free_translate","com.niven.apptranslate","com.phototranslator.camera.voicetranslate.texttranslation","com.naver.labs.translator","live.screentranslate.realtime","com.eecorp.linguago","co.appnation.aivoicetranslator"]},{"rank":{"index":3,"lang":"zh-tw","country":"tw","chineseCountryName":"台湾","pkg":"com.spaceship.screen.textcopy"},"orders":["com.recognize_text.translate.screen","com.tap_to_translate.snap_translate","com.spaceship.screen.textcopy","com.gaminik.i18n","com.newmg.yurao.pro","com.niven.translator","at.nk.tools.iTranslate","com.galaxy.airviewdictionary","com.immersivetranslate.browser","com.microsoft.translator","com.deepl.mobiletranslator","com.google.android.apps.translate","com.screen.translate.google","com.voice_camera_free_translate","com.phototranslator.camera.voicetranslate.texttranslation","com.niven.apptranslate","com.naver.labs.translator","co.appnation.aivoicetranslator","live.screentranslate.realtime","com.eecorp.linguago"]},{"rank":{"index":2,"lang":"en","country":"in","chineseCountryName":"印度","pkg":"com.spaceship.screen.textcopy"},"orders":["com.recognize_text.translate.screen","com.spaceship.screen.textcopy","com.newmg.yurao.pro","com.tap_to_translate.snap_translate","com.gaminik.i18n","com.google.android.apps.translate","com.microsoft.translator","com.deepl.mobiletranslator","com.immersivetranslate.browser","com.voice_camera_free_translate","co.appnation.aivoicetranslator","com.niven.translator","com.galaxy.airviewdictionary","com.zaz.translate","screen.translator.voice.translate","translate.speech.text.translation.voicetranslator","ru.yandex.translate","com.screen.translate.google","com.niven.apptranslate","com.datacomprojects.scanandtranslate"]},{"rank":{"index":1,"lang":"id","country":"id","chineseCountryName":"印尼","pkg":"com.spaceship.screen.textcopy"},"orders":["com.spaceship.screen.textcopy","com.recognize_text.translate.screen","com.tap_to_translate.snap_translate","com.niven.translator","com.gaminik.i18n","com.newmg.yurao.pro","com.deepl.mobiletranslator","com.galaxy.airviewdictionary","at.nk.tools.iTranslate","com.screen.translate.google","com.google.android.apps.translate","com.naver.labs.translator","com.microsoft.translator","com.niven.game","com.eecorp.linguago","com.immersivetranslate.browser","com.niven.apptranslate","co.appnation.aivoicetranslator","live.screentranslate.realtime","com.phototranslator.camera.voicetranslate.texttranslation"]},{"rank":{"index":2,"lang":"es-mx","country":"mx","chineseCountryName":"墨西哥","pkg":"com.spaceship.screen.textcopy"},"orders":["com.recognize_text.translate.screen","com.spaceship.screen.textcopy","com.tap_to_translate.snap_translate","com.niven.translator","com.gaminik.i18n","com.newmg.yurao.pro","com.galaxy.airviewdictionary","com.deepl.mobiletranslator","com.microsoft.translator","com.google.android.apps.translate","co.appnation.aivoicetranslator"]}]