[{"rank":{"index":2,"lang":"en-us","country":"us","chineseCountryName":"美国","pkg":"com.spaceship.screen.textcopy"},"orders":["com.recognize_text.translate.screen","com.spaceship.screen.textcopy","com.tap_to_translate.snap_translate","com.google.android.apps.translate","com.screen.translate.google","com.deepl.mobiletranslator","com.microsoft.translator","com.niven.translator","com.newmg.yurao.pro","com.gaminik.i18n","com.naver.labs.translator","com.immersivetranslate.browser","com.zaz.translate","com.niven.game","ru.yandex.translate","at.nk.tools.iTranslate","com.translate.talkingtranslator","com.niven.apptranslate","com.datacomprojects.scanandtranslate","com.google.ar.lens"]},{"rank":{"index":0,"lang":"ru","country":"ru","chineseCountryName":"俄罗斯","pkg":"com.spaceship.screen.textcopy"},"orders":["com.recognize_text.translate.screen","com.niven.translator","com.tap_to_translate.snap_translate","com.newmg.yurao.pro","com.gaminik.i18n","com.screen.translate.google","ru.yandex.translate","com.google.android.apps.translate","com.microsoft.translator","com.niven.game","com.deepl.mobiletranslator","com.immersivetranslate.browser"]},{"rank":{"index":2,"lang":"pt-br","country":"br","chineseCountryName":"巴西","pkg":"com.spaceship.screen.textcopy"},"orders":["com.recognize_text.translate.screen","com.spaceship.screen.textcopy","com.tap_to_translate.snap_translate","com.newmg.yurao.pro","com.gaminik.i18n","com.microsoft.translator","com.google.android.apps.translate","com.deepl.mobiletranslator","at.nk.tools.iTranslate","com.zaz.translate","ru.yandex.translate","com.ticktalk.translatevoice","com.immersivetranslate.browser","com.translate.talkingtranslator","com.google.ar.lens","com.naver.labs.translator","com.niven.translator","com.screen.translate.google","com.niven.apptranslate","com.niven.game"]},{"rank":{"index":2,"lang":"fr","country":"fr","chineseCountryName":"法国","pkg":"com.spaceship.screen.textcopy"},"orders":["com.recognize_text.translate.screen","com.spaceship.screen.textcopy","com.tap_to_translate.snap_translate","com.niven.translator","com.newmg.yurao.pro","com.gaminik.i18n","com.microsoft.translator","com.screen.translate.google","com.google.android.apps.translate","com.immersivetranslate.browser","com.deepl.mobiletranslator","com.niven.apptranslate","ru.yandex.translate","com.niven.game","com.zaz.translate","at.nk.tools.iTranslate","com.google.ar.lens","com.facebook.katana","com.instagram.android","com.google.android.apps.tachyon"]},{"rank":{"index":2,"lang":"en-gb","country":"gb","chineseCountryName":"英国","pkg":"com.spaceship.screen.textcopy"},"orders":["com.recognize_text.translate.screen","com.spaceship.screen.textcopy","com.newmg.yurao.pro","com.google.android.apps.translate","com.screen.translate.google","com.microsoft.translator","com.niven.translator","com.gaminik.i18n","com.deepl.mobiletranslator","com.tap_to_translate.snap_translate","com.immersivetranslate.browser","com.google.ar.lens","at.nk.tools.iTranslate","com.zaz.translate","com.tangdi.baiguotong","com.niven.apptranslate","com.siv","ru.yandex.translate","com.naver.labs.translator","com.translate.talkingtranslator"]},{"rank":{"index":2,"lang":"de","country":"de","chineseCountryName":"德国","pkg":"com.spaceship.screen.textcopy"},"orders":["com.recognize_text.translate.screen","com.spaceship.screen.textcopy","com.newmg.yurao.pro","com.gaminik.i18n","com.microsoft.translator","com.niven.translator","com.screen.translate.google","com.tap_to_translate.snap_translate","com.google.android.apps.translate","com.deepl.mobiletranslator","com.immersivetranslate.browser","com.niven.apptranslate","ru.yandex.translate","com.niven.game","at.nk.tools.iTranslate","com.google.android.apps.tachyon","com.android.chrome","com.facebook.katana","com.google.ar.lens","com.facebook.orca"]},{"rank":{"index":2,"lang":"it","country":"it","chineseCountryName":"意大利","pkg":"com.spaceship.screen.textcopy"},"orders":["com.recognize_text.translate.screen","com.spaceship.screen.textcopy","com.tap_to_translate.snap_translate","com.gaminik.i18n","com.niven.translator","com.newmg.yurao.pro","com.screen.translate.google","com.deepl.mobiletranslator","com.microsoft.translator","com.google.android.apps.translate","com.immersivetranslate.browser","com.niven.apptranslate","com.niven.game","com.google.ar.lens","com.google.android.apps.tachyon","com.facebook.orca","com.openai.chatgpt","com.instagram.android","com.facebook.katana","com.microsoft.teams"]},{"rank":{"index":2,"lang":"ja","country":"jp","chineseCountryName":"日本","pkg":"com.spaceship.screen.textcopy"},"orders":["com.recognize_text.translate.screen","com.spaceship.screen.textcopy","com.tap_to_translate.snap_translate","com.google.android.apps.translate","com.deepl.mobiletranslator","com.newmg.yurao.pro","com.gaminik.i18n","com.niven.translator","com.microsoft.translator"]},{"rank":{"index":3,"lang":"ko","country":"kr","chineseCountryName":"韩国","pkg":"com.spaceship.screen.textcopy"},"orders":["com.recognize_text.translate.screen","com.tap_to_translate.snap_translate","com.spaceship.screen.textcopy","com.niven.translator","com.newmg.yurao.pro","com.gaminik.i18n","com.screen.translate.google","com.microsoft.translator","com.google.android.apps.translate","com.immersivetranslate.browser","com.niven.apptranslate","com.naver.labs.translator","com.deepl.mobiletranslator","com.facebook.katana","com.instagram.android","com.facebook.orca","com.openai.chatgpt","org.telegram.messenger","com.wooask.zx","com.android.chrome"]},{"rank":{"index":2,"lang":"zh-hk","country":"hk","chineseCountryName":"香港","pkg":"com.spaceship.screen.textcopy"},"orders":["com.recognize_text.translate.screen","com.spaceship.screen.textcopy","com.tap_to_translate.snap_translate","com.newmg.yurao.pro","com.gaminik.i18n","com.screen.translate.google","com.niven.translator","com.google.android.apps.translate","com.microsoft.translator","com.immersivetranslate.browser","com.niven.apptranslate","com.deepl.mobiletranslator","com.google.ar.lens","com.naver.labs.translator","com.android.chrome","com.google.android.apps.maps","com.niven.game","com.facebook.orca","com.facebook.katana","com.instagram.android"]},{"rank":{"index":2,"lang":"zh-tw","country":"tw","chineseCountryName":"台湾","pkg":"com.spaceship.screen.textcopy"},"orders":["com.recognize_text.translate.screen","com.spaceship.screen.textcopy","com.newmg.yurao.pro","com.screen.translate.google","com.niven.translator","com.gaminik.i18n","com.microsoft.translator","com.google.android.apps.translate","com.tap_to_translate.snap_translate","com.immersivetranslate.browser","com.niven.apptranslate","com.deepl.mobiletranslator","at.nk.tools.iTranslate","com.facebook.katana","com.facebook.orca","com.tangdi.baiguotong","com.google.ar.lens","com.instagram.android","com.android.chrome","com.google.android.apps.maps"]},{"rank":{"index":2,"lang":"en","country":"in","chineseCountryName":"印度","pkg":"com.spaceship.screen.textcopy"},"orders":["com.recognize_text.translate.screen","com.spaceship.screen.textcopy","com.newmg.yurao.pro","com.google.android.apps.translate"]},{"rank":{"index":2,"lang":"id","country":"id","chineseCountryName":"印尼","pkg":"com.spaceship.screen.textcopy"},"orders":["com.recognize_text.translate.screen","com.spaceship.screen.textcopy","com.tap_to_translate.snap_translate","com.niven.translator","com.newmg.yurao.pro","com.gaminik.i18n","com.screen.translate.google","com.niven.game","com.google.android.apps.translate","com.deepl.mobiletranslator"]},{"rank":{"index":2,"lang":"es-mx","country":"mx","chineseCountryName":"墨西哥","pkg":"com.spaceship.screen.textcopy"},"orders":["com.recognize_text.translate.screen","com.spaceship.screen.textcopy","com.tap_to_translate.snap_translate","com.newmg.yurao.pro","com.google.android.apps.translate","com.microsoft.translator","com.gaminik.i18n","com.deepl.mobiletranslator","com.zaz.translate","at.nk.tools.iTranslate","ru.yandex.translate","com.naver.labs.translator","com.translate.talkingtranslator","com.google.ar.lens","com.immersivetranslate.browser","com.niven.translator","com.screen.translate.google","com.niven.game","com.newtranslate.google","com.ydzlabs.chattranslator"]}]