[{"rank":{"index":2,"lang":"en-us","country":"us","chineseCountryName":"美国","pkg":"com.spaceship.screen.textcopy"},"orders":["com.recognize_text.translate.screen","com.spaceship.screen.textcopy","com.niven.translator","com.tap_to_translate.snap_translate","com.microsoft.translator","com.gaminik.i18n","com.google.android.apps.translate","com.niven.game","com.newmg.yurao.pro","com.niven.comic","com.language.translate.free.translator.voice.translation","at.nk.tools.iTranslate","com.zaz.translate","com.screen.translate.google","com.niven.apptranslate","com.google.ar.lens","com.translate.language.translator.voice.translation","com.audacityittranslator.translatetexttranslator","com.deepl.mobiletranslator","com.translate.talkingtranslator"]},{"rank":{"index":2,"lang":"ru","country":"ru","chineseCountryName":"俄罗斯","pkg":"com.spaceship.screen.textcopy"},"orders":["com.recognize_text.translate.screen","com.spaceship.screen.textcopy","com.niven.translator","com.tap_to_translate.snap_translate","com.microsoft.translator","com.niven.game","com.newmg.yurao.pro","com.gaminik.i18n","com.google.android.apps.translate","com.niven.comic","com.screen.translate.google","ru.yandex.translate","com.language.translate.free.translator.voice.translation","com.niven.apptranslate","com.audacityittranslator.translatetexttranslator","at.nk.tools.iTranslate","com.eecorp.linguago","com.zaz.translate","com.translapp.screen.translator","com.deepl.mobiletranslator"]},{"rank":{"index":2,"lang":"pt-br","country":"br","chineseCountryName":"巴西","pkg":"com.spaceship.screen.textcopy"},"orders":["com.recognize_text.translate.screen","com.spaceship.screen.textcopy","com.tap_to_translate.snap_translate","com.niven.translator","com.niven.game","com.gaminik.i18n","com.niven.comic","com.microsoft.translator","com.newmg.yurao.pro","com.screen.translate.google","at.nk.tools.iTranslate","com.translate.language.translator.voice.translation","com.niven.apptranslate","com.language.translate.free.translator.voice.translation","com.google.android.apps.translate","com.zaz.translate","com.eecorp.taptranslator","com.audacityittranslator.translatetexttranslator","com.android.chrome","com.deepl.mobiletranslator"]},{"rank":{"index":2,"lang":"fr","country":"fr","chineseCountryName":"法国","pkg":"com.spaceship.screen.textcopy"},"orders":["com.recognize_text.translate.screen","com.spaceship.screen.textcopy","com.tap_to_translate.snap_translate","com.gaminik.i18n","com.microsoft.translator","com.niven.translator","com.niven.game","com.newmg.yurao.pro","com.niven.comic","com.zaz.translate","com.screen.translate.google","com.language.translate.free.translator.voice.translation","at.nk.tools.iTranslate","com.google.android.apps.translate","com.niven.apptranslate","com.translate.language.translator.voice.translation","com.audacityittranslator.translatetexttranslator","com.google.ar.lens","com.translate.talkingtranslator","com.deepl.mobiletranslator"]},{"rank":{"index":2,"lang":"en-gb","country":"gb","chineseCountryName":"英国","pkg":"com.spaceship.screen.textcopy"},"orders":["com.recognize_text.translate.screen","com.spaceship.screen.textcopy","com.tap_to_translate.snap_translate","com.microsoft.translator","com.niven.translator","com.gaminik.i18n","com.google.android.apps.translate","com.niven.game","com.newmg.yurao.pro","com.niven.comic","com.zaz.translate","at.nk.tools.iTranslate","com.language.translate.free.translator.voice.translation","com.screen.translate.google","com.google.ar.lens","com.niven.apptranslate","com.deepl.mobiletranslator","com.audacityittranslator.translatetexttranslator","com.ticktalk.translatevoice","com.datacomprojects.scanandtranslate"]},{"rank":{"index":2,"lang":"de","country":"de","chineseCountryName":"德国","pkg":"com.spaceship.screen.textcopy"},"orders":["com.recognize_text.translate.screen","com.spaceship.screen.textcopy","com.tap_to_translate.snap_translate","com.niven.translator","com.microsoft.translator","com.gaminik.i18n","com.niven.game","com.niven.comic","com.newmg.yurao.pro","at.nk.tools.iTranslate","com.screen.translate.google","com.language.translate.free.translator.voice.translation","com.google.android.apps.translate","com.zaz.translate","com.niven.apptranslate","com.b1b.translator.voicetranslate.alllanguages.translator.app","ru.yandex.translate","com.deepl.mobiletranslator","com.audacityittranslator.translatetexttranslator","com.ticktalk.translatevoice"]},{"rank":{"index":2,"lang":"it","country":"it","chineseCountryName":"意大利","pkg":"com.spaceship.screen.textcopy"},"orders":["com.recognize_text.translate.screen","com.spaceship.screen.textcopy","com.niven.game","com.tap_to_translate.snap_translate","com.niven.translator","com.gaminik.i18n","com.microsoft.translator","com.niven.comic","com.newmg.yurao.pro","com.screen.translate.google","com.language.translate.free.translator.voice.translation","at.nk.tools.iTranslate","com.zaz.translate","com.google.android.apps.translate","com.niven.apptranslate","com.b1b.translator.voicetranslate.alllanguages.translator.app","com.audacityittranslator.translatetexttranslator","com.ticktalk.translatevoice","com.google.ar.lens","com.datacomprojects.scanandtranslate"]},{"rank":{"index":2,"lang":"ja","country":"jp","chineseCountryName":"日本","pkg":"com.spaceship.screen.textcopy"},"orders":["com.recognize_text.translate.screen","com.spaceship.screen.textcopy","com.tap_to_translate.snap_translate","com.gaminik.i18n","com.niven.game","com.microsoft.translator","com.niven.translator","com.newmg.yurao.pro","com.niven.comic","com.language.translate.free.translator.voice.translation"]},{"rank":{"index":2,"lang":"ko","country":"kr","chineseCountryName":"韩国","pkg":"com.spaceship.screen.textcopy"},"orders":["com.recognize_text.translate.screen","com.spaceship.screen.textcopy","com.tap_to_translate.snap_translate","com.microsoft.translator","com.niven.translator","com.gaminik.i18n","com.google.android.apps.translate","com.niven.game","com.newmg.yurao.pro","com.niven.comic","com.language.translate.free.translator.voice.translation","at.nk.tools.iTranslate","com.screen.translate.google","com.zaz.translate","com.naver.labs.translator","com.niven.apptranslate","com.deepl.mobiletranslator","com.subtitle.voice","com.google.ar.lens","translate.all.language.translator.cameratranslator"]},{"rank":{"index":2,"lang":"zh-hk","country":"hk","chineseCountryName":"香港","pkg":"com.spaceship.screen.textcopy"},"orders":["com.recognize_text.translate.screen","com.spaceship.screen.textcopy","com.microsoft.translator","com.tap_to_translate.snap_translate","com.niven.translator","com.gaminik.i18n","com.google.android.apps.translate","com.niven.game","com.newmg.yurao.pro","com.niven.comic","com.screen.translate.google","at.nk.tools.iTranslate","com.language.translate.free.translator.voice.translation","com.zaz.translate","com.niven.apptranslate","com.deepl.mobiletranslator","com.naver.labs.translator","com.google.ar.lens","com.royalappcode.translation.voice.language.chat.interpreter","com.audacityittranslator.translatetexttranslator"]},{"rank":{"index":2,"lang":"zh-tw","country":"tw","chineseCountryName":"台湾","pkg":"com.spaceship.screen.textcopy"},"orders":["com.recognize_text.translate.screen","com.spaceship.screen.textcopy","com.tap_to_translate.snap_translate","com.microsoft.translator","com.niven.translator","com.gaminik.i18n","com.google.android.apps.translate","com.niven.game","com.newmg.yurao.pro","at.nk.tools.iTranslate","com.niven.comic","com.language.translate.free.translator.voice.translation","com.screen.translate.google","com.zaz.translate","com.niven.apptranslate","com.eecorp.linguago","com.audacityittranslator.translatetexttranslator","com.eecorp.taptranslator","com.translate.talkingtranslator","com.naver.labs.translator"]},{"rank":{"index":2,"lang":"en","country":"in","chineseCountryName":"印度","pkg":"com.spaceship.screen.textcopy"},"orders":["com.recognize_text.translate.screen","com.spaceship.screen.textcopy","com.tap_to_translate.snap_translate"]},{"rank":{"index":2,"lang":"id","country":"id","chineseCountryName":"印尼","pkg":"com.spaceship.screen.textcopy"},"orders":["com.recognize_text.translate.screen","com.spaceship.screen.textcopy","com.tap_to_translate.snap_translate","com.niven.translator","com.niven.game","com.gaminik.i18n","com.niven.comic","com.screen.translate.google","com.newmg.yurao.pro","com.microsoft.translator","com.niven.apptranslate","at.nk.tools.iTranslate","com.google.android.apps.translate","com.language.translate.free.translator.voice.translation"]},{"rank":{"index":2,"lang":"es-mx","country":"mx","chineseCountryName":"墨西哥","pkg":"com.spaceship.screen.textcopy"},"orders":["com.recognize_text.translate.screen","com.spaceship.screen.textcopy","com.niven.translator","com.tap_to_translate.snap_translate","com.gaminik.i18n","com.niven.game","com.microsoft.translator","com.niven.comic","com.newmg.yurao.pro","com.screen.translate.google","at.nk.tools.iTranslate","com.niven.apptranslate","com.language.translate.free.translator.voice.translation","com.google.android.apps.translate","com.zaz.translate","com.audacityittranslator.translatetexttranslator","com.google.ar.lens","com.aldoo.pdftranslatorpro","com.eecorp.taptranslator","com.android.chrome"]}]