[{"rank":{"index":2,"lang":"en-us","country":"us","chineseCountryName":"美国","pkg":"com.spaceship.screen.textcopy"},"orders":["com.recognize_text.translate.screen","com.spaceship.screen.textcopy","com.niven.translator","com.tap_to_translate.snap_translate","com.microsoft.translator","com.gaminik.i18n","com.google.android.apps.translate","com.niven.game","com.newmg.yurao.pro","com.niven.comic","com.zaz.translate","com.translate.talkingtranslator","com.translatepost.voicetranslator.cameratranslator","com.screen.translate.google","com.deepl.mobiletranslator","com.language.translate.free.translator.voice.translation","com.translate.language.translator.voice.translation","com.naver.labs.translator","com.tangdi.baiguotong","com.audacityittranslator.translatetexttranslator"]},{"rank":{"index":3,"lang":"ru","country":"ru","chineseCountryName":"俄罗斯","pkg":"com.spaceship.screen.textcopy"},"orders":["com.recognize_text.translate.screen","com.niven.translator","com.spaceship.screen.textcopy","com.tap_to_translate.snap_translate","com.niven.game","com.microsoft.translator","com.gaminik.i18n","com.google.android.apps.translate","com.niven.comic","com.newmg.yurao.pro","com.deepl.mobiletranslator","ru.yandex.translate","com.zaz.translate","com.screen.translate.google","com.translate.talkingtranslator","com.translate.language.translator.voice.translation","com.translatepost.voicetranslator.cameratranslator","com.naver.labs.translator","com.google.ar.lens","com.datacomprojects.scanandtranslate"]},{"rank":{"index":2,"lang":"pt-br","country":"br","chineseCountryName":"巴西","pkg":"com.spaceship.screen.textcopy"},"orders":["com.recognize_text.translate.screen","com.spaceship.screen.textcopy","com.tap_to_translate.snap_translate","com.gaminik.i18n","com.niven.game","com.niven.translator","com.niven.comic","com.newmg.yurao.pro","com.microsoft.translator","com.zaz.translate","com.screen.translate.google","com.google.android.apps.translate","com.deepl.mobiletranslator","com.android.chrome","com.galaxy.airviewdictionary","com.facebook.orca","com.google.android.apps.photos","com.translate.talkingtranslator","com.google.android.apps.youtube.creator","com.canva.editor"]},{"rank":{"index":2,"lang":"fr","country":"fr","chineseCountryName":"法国","pkg":"com.spaceship.screen.textcopy"},"orders":["com.recognize_text.translate.screen","com.spaceship.screen.textcopy","com.tap_to_translate.snap_translate","com.gaminik.i18n","com.niven.translator","com.niven.game","com.microsoft.translator","com.newmg.yurao.pro","com.zaz.translate","com.niven.comic","com.translate.talkingtranslator","com.google.android.apps.translate","com.deepl.mobiletranslator","com.screen.translate.google","com.translate.language.translator.voice.translation","com.translatepost.voicetranslator.cameratranslator","com.tangdi.baiguotong","com.language.translate.free.translator.voice.translation","camtranslator.voice.text.image.translate","com.audacityittranslator.translatetexttranslator"]},{"rank":{"index":2,"lang":"en-gb","country":"gb","chineseCountryName":"英国","pkg":"com.spaceship.screen.textcopy"},"orders":["com.recognize_text.translate.screen","com.spaceship.screen.textcopy","com.gaminik.i18n","com.tap_to_translate.snap_translate","com.microsoft.translator","com.niven.translator","com.google.android.apps.translate","com.niven.game","com.zaz.translate","com.newmg.yurao.pro","com.niven.comic","com.translate.talkingtranslator","com.deepl.mobiletranslator","com.screen.translate.google","com.translatepost.voicetranslator.cameratranslator","com.language.translate.free.translator.voice.translation","com.tangdi.baiguotong","com.translate.language.translator.voice.translation","com.daytranslations.translate","translate.all.language.translator.cameratranslator"]},{"rank":{"index":2,"lang":"de","country":"de","chineseCountryName":"德国","pkg":"com.spaceship.screen.textcopy"},"orders":["com.recognize_text.translate.screen","com.spaceship.screen.textcopy","com.tap_to_translate.snap_translate","com.microsoft.translator","com.gaminik.i18n","com.niven.translator","com.niven.game","com.newmg.yurao.pro","com.niven.comic","com.translate.talkingtranslator","com.google.android.apps.translate","com.deepl.mobiletranslator","com.screen.translate.google","com.zaz.translate","com.translatepost.voicetranslator.cameratranslator","com.language.translate.free.translator.voice.translation","com.translate.language.translator.voice.translation","com.tangdi.baiguotong","com.audacityittranslator.translatetexttranslator","com.flitto.app"]},{"rank":{"index":2,"lang":"it","country":"it","chineseCountryName":"意大利","pkg":"com.spaceship.screen.textcopy"},"orders":["com.recognize_text.translate.screen","com.spaceship.screen.textcopy","com.gaminik.i18n","com.niven.translator","com.niven.game","com.tap_to_translate.snap_translate","com.microsoft.translator","com.niven.comic","com.newmg.yurao.pro","com.google.android.apps.translate","com.zaz.translate","com.deepl.mobiletranslator","com.screen.translate.google","com.galaxy.airviewdictionary","com.translate.talkingtranslator","com.google.ar.lens","com.translatepost.voicetranslator.cameratranslator","com.softissimo.reverso.context","com.translate.language.translator.voice.translation","com.tangdi.baiguotong"]},{"rank":{"index":2,"lang":"ja","country":"jp","chineseCountryName":"日本","pkg":"com.spaceship.screen.textcopy"},"orders":["com.recognize_text.translate.screen","com.spaceship.screen.textcopy","com.tap_to_translate.snap_translate","com.gaminik.i18n","com.niven.translator","com.niven.game","com.newmg.yurao.pro","com.niven.comic","com.microsoft.translator","com.zaz.translate","com.google.android.apps.translate","com.screen.translate.google","com.deepl.mobiletranslator","com.naver.labs.translator","com.google.ar.lens","com.translate.talkingtranslator","com.facebook.orca","com.android.chrome","com.discord","com.galaxy.airviewdictionary"]},{"rank":{"index":2,"lang":"ko","country":"kr","chineseCountryName":"韩国","pkg":"com.spaceship.screen.textcopy"},"orders":["com.recognize_text.translate.screen","com.spaceship.screen.textcopy","com.tap_to_translate.snap_translate","com.microsoft.translator","com.gaminik.i18n","com.niven.translator","com.google.android.apps.translate","com.niven.game","com.newmg.yurao.pro","com.niven.comic","com.naver.labs.translator","com.deepl.mobiletranslator","com.translate.talkingtranslator","com.zaz.translate","com.screen.translate.google","com.translatepost.voicetranslator.cameratranslator","com.flitto.app","com.galaxy.airviewdictionary","com.translate.language.translator.voice.translation","com.language.translate.free.translator.voice.translation"]},{"rank":{"index":2,"lang":"zh-hk","country":"hk","chineseCountryName":"香港","pkg":"com.spaceship.screen.textcopy"},"orders":["com.recognize_text.translate.screen","com.spaceship.screen.textcopy","com.gaminik.i18n","com.microsoft.translator","com.niven.translator","com.google.android.apps.translate","com.tap_to_translate.snap_translate","com.niven.game","com.niven.comic","com.newmg.yurao.pro","com.zaz.translate","com.tangdi.baiguotong","com.galaxy.airviewdictionary","com.translate.talkingtranslator","com.screen.translate.google","com.deepl.mobiletranslator","com.translate.language.translator.voice.translation","com.translatepost.voicetranslator.cameratranslator","com.language.translate.free.translator.voice.translation","com.naver.labs.translator"]},{"rank":{"index":2,"lang":"zh-tw","country":"tw","chineseCountryName":"台湾","pkg":"com.spaceship.screen.textcopy"},"orders":["com.recognize_text.translate.screen","com.spaceship.screen.textcopy","com.tap_to_translate.snap_translate","com.microsoft.translator","com.gaminik.i18n","com.niven.translator","com.google.android.apps.translate","com.niven.game","com.newmg.yurao.pro","com.niven.comic","com.tangdi.baiguotong","com.translate.talkingtranslator","com.zaz.translate","com.screen.translate.google","com.translatepost.voicetranslator.cameratranslator","com.translate.language.translator.voice.translation","com.galaxy.airviewdictionary","com.deepl.mobiletranslator","com.naver.labs.translator","com.voice_camera_free_translate"]},{"rank":{"index":2,"lang":"en","country":"in","chineseCountryName":"印度","pkg":"com.spaceship.screen.textcopy"},"orders":["com.recognize_text.translate.screen","com.spaceship.screen.textcopy","com.tap_to_translate.snap_translate","com.google.android.apps.translate","com.zaz.translate","com.gaminik.i18n","com.niven.game","com.translate.talkingtranslator","com.deepl.mobiletranslator","at.nk.tools.iTranslate","com.google.ar.lens","com.flitto.app","com.naver.labs.translator","com.softissimo.reverso.context","com.newmg.yurao.pro","com.niven.translator","com.galaxy.airviewdictionary","screen.translator.voice.translate","com.niven.comic","com.screen.translate.google"]},{"rank":{"index":2,"lang":"id","country":"id","chineseCountryName":"印尼","pkg":"com.spaceship.screen.textcopy"},"orders":["com.recognize_text.translate.screen","com.spaceship.screen.textcopy","com.tap_to_translate.snap_translate","com.niven.translator","com.gaminik.i18n","com.niven.game","com.newmg.yurao.pro","com.niven.comic","com.google.android.apps.translate","com.zaz.translate"]},{"rank":{"index":2,"lang":"es-mx","country":"mx","chineseCountryName":"墨西哥","pkg":"com.spaceship.screen.textcopy"},"orders":["com.recognize_text.translate.screen","com.spaceship.screen.textcopy","com.gaminik.i18n","com.niven.game","com.niven.translator","com.tap_to_translate.snap_translate","com.niven.comic","com.microsoft.translator","com.newmg.yurao.pro","com.google.android.apps.translate","com.screen.translate.google","com.zaz.translate","com.deepl.mobiletranslator","com.translate.talkingtranslator","com.android.chrome","com.google.ar.lens","com.facebook.orca","com.google.android.apps.photos","com.google.android.apps.maps","com.galaxy.airviewdictionary"]}]