[{"rank":{"index":2,"lang":"en-us","country":"us","chineseCountryName":"美国","pkg":"com.spaceship.screen.textcopy"},"orders":["com.recognize_text.translate.screen","com.spaceship.screen.textcopy","com.tap_to_translate.snap_translate","com.gaminik.i18n","com.microsoft.translator","com.mg.yurao.google","com.google.android.apps.translate","screen.translator.voice.translate","com.niven.game","com.niven.translator","com.eecorp.linguago","com.niven.comic","com.newmg.yurao.pro","com.niven.apptranslate","at.nk.tools.iTranslate","com.eecorp.taptranslator","com.zaz.translate","com.abbyy.mobile.textgrabber.full","com.translate.talkingtranslator","com.deepl.mobiletranslator"]},{"rank":{"index":3,"lang":"ru","country":"ru","chineseCountryName":"俄罗斯","pkg":"com.spaceship.screen.textcopy"},"orders":["com.recognize_text.translate.screen","com.tap_to_translate.snap_translate","com.spaceship.screen.textcopy","com.gaminik.i18n","com.niven.translator","com.niven.game","com.mg.yurao.google","com.microsoft.translator","com.google.android.apps.translate","com.niven.comic","com.eecorp.linguago","com.niven.apptranslate","com.newmg.yurao.pro","ru.yandex.translate","screen.translator.voice.translate","at.nk.tools.iTranslate","com.deepl.mobiletranslator","com.chat_translate.screen_translate","com.zaz.translate","com.pidev.screentranslator"]},{"rank":{"index":2,"lang":"pt-br","country":"br","chineseCountryName":"巴西","pkg":"com.spaceship.screen.textcopy"},"orders":["com.recognize_text.translate.screen","com.spaceship.screen.textcopy","com.tap_to_translate.snap_translate","com.gaminik.i18n","com.niven.game","com.mg.yurao.google","com.niven.translator","com.niven.comic","com.eecorp.linguago","com.niven.apptranslate","com.newmg.yurao.pro","com.youdao.hindict","screen.translator.voice.translate","at.nk.tools.iTranslate","com.ydzlabs.chattranslator","com.google.android.apps.translate","free.language.translate.translator","com.chat_translate.screen_translate","com.microsoft.translator","com.deepl.mobiletranslator"]},{"rank":{"index":2,"lang":"fr","country":"fr","chineseCountryName":"法国","pkg":"com.spaceship.screen.textcopy"},"orders":["com.recognize_text.translate.screen","com.spaceship.screen.textcopy","com.tap_to_translate.snap_translate","com.gaminik.i18n","com.eecorp.linguago","com.mg.yurao.google","com.niven.game","com.niven.translator","com.niven.comic","screen.translator.voice.translate","com.niven.apptranslate","com.newmg.yurao.pro","com.google.android.apps.translate","com.eecorp.taptranslator","com.microsoft.translator","com.translator.yellow","com.chat_translate.screen_translate","com.deepl.mobiletranslator","us.zoom.videomeetings","com.zaz.translate"]},{"rank":{"index":2,"lang":"en-gb","country":"gb","chineseCountryName":"英国","pkg":"com.spaceship.screen.textcopy"},"orders":["com.recognize_text.translate.screen","com.spaceship.screen.textcopy","com.tap_to_translate.snap_translate","com.microsoft.translator","com.gaminik.i18n","com.google.android.apps.translate","com.mg.yurao.google","screen.translator.voice.translate","com.niven.game","com.niven.translator","com.niven.comic","com.eecorp.linguago","at.nk.tools.iTranslate","com.niven.apptranslate","com.translator.yellow","com.eecorp.taptranslator","com.zaz.translate","com.deepl.mobiletranslator","com.datacomprojects.scanandtranslate","translate.smartranit.language.text"]},{"rank":{"index":2,"lang":"de","country":"de","chineseCountryName":"德国","pkg":"com.spaceship.screen.textcopy"},"orders":["com.recognize_text.translate.screen","com.spaceship.screen.textcopy","com.mg.yurao.google","com.tap_to_translate.snap_translate","com.gaminik.i18n","com.niven.game","com.niven.translator","com.newmg.yurao.pro","com.eecorp.linguago","com.microsoft.translator","com.niven.comic","com.niven.apptranslate","screen.translator.voice.translate","com.eecorp.taptranslator","com.google.android.apps.translate","com.abbyy.mobile.textgrabber.full","com.chat_translate.screen_translate","com.deepl.mobiletranslator","com.appspell.screentranslator","ru.yandex.translate"]},{"rank":{"index":2,"lang":"it","country":"it","chineseCountryName":"意大利","pkg":"com.spaceship.screen.textcopy"},"orders":["com.recognize_text.translate.screen","com.spaceship.screen.textcopy","com.gaminik.i18n","screen.translator.voice.translate","com.niven.game","com.tap_to_translate.snap_translate","com.mg.yurao.google","com.niven.translator","com.niven.comic","com.eecorp.linguago","com.niven.apptranslate","com.newmg.yurao.pro","com.eecorp.taptranslator","at.nk.tools.iTranslate","com.microsoft.translator","com.google.android.apps.translate","com.chat_translate.screen_translate","com.ydzlabs.chattranslator","com.pidev.screentranslator","com.deepl.mobiletranslator"]},{"rank":{"index":4,"lang":"ja","country":"jp","chineseCountryName":"日本","pkg":"com.spaceship.screen.textcopy"},"orders":["com.recognize_text.translate.screen","com.tap_to_translate.snap_translate","com.gaminik.i18n","com.spaceship.screen.textcopy","com.mg.yurao.google","com.niven.game","com.eecorp.linguago","com.niven.translator","com.eecorp.taptranslator","com.niven.apptranslate","com.newmg.yurao.pro","com.google.android.apps.translate"]},{"rank":{"index":3,"lang":"ko","country":"kr","chineseCountryName":"韩国","pkg":"com.spaceship.screen.textcopy"},"orders":["com.recognize_text.translate.screen","com.tap_to_translate.snap_translate","com.spaceship.screen.textcopy","com.mg.yurao.google","com.gaminik.i18n","com.niven.game","com.microsoft.translator","com.niven.translator","com.google.android.apps.translate","com.niven.comic","com.eecorp.linguago","com.niven.apptranslate","at.nk.tools.iTranslate","com.newmg.yurao.pro","com.naver.labs.translator","com.deepl.mobiletranslator","screen.translator.voice.translate","com.eecorp.taptranslator","com.datacomprojects.scanandtranslate","com.zaz.translate"]},{"rank":{"index":2,"lang":"zh-hk","country":"hk","chineseCountryName":"香港","pkg":"com.spaceship.screen.textcopy"},"orders":["com.recognize_text.translate.screen","com.spaceship.screen.textcopy","com.tap_to_translate.snap_translate","com.gaminik.i18n","com.mg.yurao.google","com.niven.game","com.microsoft.translator","com.google.android.apps.translate","com.niven.translator","com.niven.comic","com.eecorp.linguago","at.nk.tools.iTranslate","com.niven.apptranslate","com.newmg.yurao.pro","screen.translator.voice.translate","com.zaz.translate","com.ydzlabs.chattranslator","com.eecorp.taptranslator","camera.translator.realtime","com.deepl.mobiletranslator"]},{"rank":{"index":6,"lang":"zh-tw","country":"tw","chineseCountryName":"台湾","pkg":"com.spaceship.screen.textcopy"},"orders":["com.recognize_text.translate.screen","com.tap_to_translate.snap_translate","com.mg.yurao.google","com.gaminik.i18n","com.niven.game","com.spaceship.screen.textcopy","com.microsoft.translator","com.niven.translator","com.google.android.apps.translate","com.niven.comic","com.eecorp.linguago","at.nk.tools.iTranslate","com.niven.apptranslate","com.newmg.yurao.pro","screen.translator.voice.translate","com.eecorp.taptranslator","com.deepl.mobiletranslator","com.zaz.translate","com.ydzlabs.chattranslator","com.youdao.hindict"]},{"rank":{"index":0,"lang":"en","country":"in","chineseCountryName":"印度","pkg":"com.spaceship.screen.textcopy"},"orders":["com.recognize_text.translate.screen","com.google.android.apps.translate","com.zaz.translate","com.microsoft.translator","com.android.chrome","com.google.android.inputmethod.latin","com.abbyy.mobile.textgrabber.full","us.zoom.videomeetings","com.google.android.googlequicksearchbox","com.skype.raider","com.google.ar.lens","com.deepl.mobiletranslator","com.google.android.tts","com.naver.labs.translator","ru.yandex.translate","com.microsoft.bing","com.google.android.marvin.talkback","com.sayhi.android.sayhitranslate","com.talpa.translate","at.nk.tools.iTranslate"]},{"rank":{"index":1,"lang":"id","country":"id","chineseCountryName":"印尼","pkg":"com.spaceship.screen.textcopy"},"orders":["com.spaceship.screen.textcopy","com.recognize_text.translate.screen","com.gaminik.i18n","com.mg.yurao.google","com.tap_to_translate.snap_translate","com.eecorp.linguago","com.niven.game","com.niven.translator","com.niven.comic","com.niven.apptranslate","com.google.android.apps.translate","com.newmg.yurao.pro","us.zoom.videomeetings","com.youdao.hindict"]},{"rank":{"index":2,"lang":"es-mx","country":"mx","chineseCountryName":"墨西哥","pkg":"com.spaceship.screen.textcopy"},"orders":["com.recognize_text.translate.screen","com.spaceship.screen.textcopy","com.gaminik.i18n","com.tap_to_translate.snap_translate","com.niven.translator","com.niven.game","com.mg.yurao.google","com.niven.comic","com.eecorp.linguago","com.niven.apptranslate","screen.translator.voice.translate","com.youdao.hindict","com.newmg.yurao.pro","at.nk.tools.iTranslate","com.microsoft.translator","com.google.android.apps.translate","com.chat_translate.screen_translate","us.zoom.videomeetings","com.deepl.mobiletranslator","com.zaz.translate"]}]