[{"rank":{"index":2,"lang":"en-us","country":"us","chineseCountryName":"美国","pkg":"com.spaceship.screen.textcopy"},"orders":["com.recognize_text.translate.screen","com.spaceship.screen.textcopy","com.gaminik.i18n","com.newmg.yurao.pro","com.google.android.apps.translate","com.microsoft.translator","com.niven.translator","com.tap_to_translate.snap_translate","com.youdao.hindict","com.naver.labs.translator","at.nk.tools.iTranslate","com.deepl.mobiletranslator","com.niven.game","live.screentranslate.realtime","com.screen.translate.google","com.eecorp.linguago","com.zaz.translate","com.niven.apptranslate","com.immersivetranslate.browser","com.tangdi.baiguotong"]},{"rank":{"index":0,"lang":"ru","country":"ru","chineseCountryName":"俄罗斯","pkg":"com.spaceship.screen.textcopy"},"orders":["com.recognize_text.translate.screen","com.newmg.yurao.pro","com.tap_to_translate.snap_translate","com.google.android.apps.translate","com.gaminik.i18n","com.niven.translator","com.microsoft.translator","com.niven.game","ru.yandex.translate","com.screen.translate.google","com.niven.apptranslate","com.eecorp.linguago","live.screentranslate.realtime","com.datacomprojects.scanandtranslate","com.zaz.translate","com.deepl.mobiletranslator","at.nk.tools.iTranslate","com.google.ar.lens","com.immersivetranslate.browser","com.naver.labs.translator"]},{"rank":{"index":2,"lang":"pt-br","country":"br","chineseCountryName":"巴西","pkg":"com.spaceship.screen.textcopy"},"orders":["com.recognize_text.translate.screen","com.spaceship.screen.textcopy","com.newmg.yurao.pro","com.gaminik.i18n","com.microsoft.translator","com.tap_to_translate.snap_translate","com.niven.translator","com.google.android.apps.translate","com.niven.game","com.screen.translate.google","com.eecorp.linguago","com.niven.apptranslate","com.zaz.translate","com.deepl.mobiletranslator","live.screentranslate.realtime","com.immersivetranslate.browser","at.nk.tools.iTranslate","com.youdao.hindict","com.tangdi.baiguotong","com.google.ar.lens"]},{"rank":{"index":2,"lang":"fr","country":"fr","chineseCountryName":"法国","pkg":"com.spaceship.screen.textcopy"},"orders":["com.recognize_text.translate.screen","com.spaceship.screen.textcopy","com.newmg.yurao.pro","com.tap_to_translate.snap_translate","com.gaminik.i18n","com.microsoft.translator","com.niven.translator","com.google.android.apps.translate","com.eecorp.linguago","com.screen.translate.google","live.screentranslate.realtime","com.deepl.mobiletranslator","com.niven.apptranslate","com.niven.game","com.google.ar.lens","com.zaz.translate","com.immersivetranslate.browser","com.eecorp.taptranslator","at.nk.tools.iTranslate","com.tangdi.baiguotong"]},{"rank":{"index":2,"lang":"en-gb","country":"gb","chineseCountryName":"英国","pkg":"com.spaceship.screen.textcopy"},"orders":["com.recognize_text.translate.screen","com.spaceship.screen.textcopy","com.newmg.yurao.pro","com.gaminik.i18n","com.google.android.apps.translate","com.microsoft.translator","com.niven.translator","com.tap_to_translate.snap_translate","com.youdao.hindict","com.zaz.translate","at.nk.tools.iTranslate","com.naver.labs.translator","live.screentranslate.realtime","com.niven.game","com.eecorp.linguago","com.deepl.mobiletranslator","com.screen.translate.google","com.niven.apptranslate","com.immersivetranslate.browser","com.tangdi.baiguotong"]},{"rank":{"index":2,"lang":"de","country":"de","chineseCountryName":"德国","pkg":"com.spaceship.screen.textcopy"},"orders":["com.recognize_text.translate.screen","com.spaceship.screen.textcopy","com.newmg.yurao.pro","com.gaminik.i18n","com.niven.translator","com.microsoft.translator","com.tap_to_translate.snap_translate","com.google.android.apps.translate","com.niven.game","com.screen.translate.google","com.deepl.mobiletranslator","com.eecorp.linguago","com.niven.apptranslate","com.google.ar.lens","com.immersivetranslate.browser","com.zaz.translate","com.tangdi.baiguotong","at.nk.tools.iTranslate","com.eecorp.taptranslator","live.screentranslate.realtime"]},{"rank":{"index":2,"lang":"it","country":"it","chineseCountryName":"意大利","pkg":"com.spaceship.screen.textcopy"},"orders":["com.recognize_text.translate.screen","com.spaceship.screen.textcopy","com.newmg.yurao.pro","com.gaminik.i18n","com.tap_to_translate.snap_translate","com.microsoft.translator","com.niven.translator","com.google.android.apps.translate","com.screen.translate.google","com.eecorp.linguago","com.niven.game","com.deepl.mobiletranslator","com.niven.apptranslate","com.google.ar.lens","com.immersivetranslate.browser","com.tangdi.baiguotong","com.eecorp.taptranslator","at.nk.tools.iTranslate","live.screentranslate.realtime","com.zaz.translate"]},{"rank":{"index":2,"lang":"ja","country":"jp","chineseCountryName":"日本","pkg":"com.spaceship.screen.textcopy"},"orders":["com.recognize_text.translate.screen","com.spaceship.screen.textcopy","com.newmg.yurao.pro","com.tap_to_translate.snap_translate","com.gaminik.i18n","com.microsoft.translator","com.niven.translator","com.google.android.apps.translate","com.niven.game","com.screen.translate.google","com.eecorp.linguago","com.google.ar.lens","com.deepl.mobiletranslator","com.naver.labs.translator","com.niven.apptranslate","at.nk.tools.iTranslate","com.eecorp.taptranslator","com.immersivetranslate.browser","com.tangdi.baiguotong","com.google.android.apps.maps"]},{"rank":{"index":2,"lang":"ko","country":"kr","chineseCountryName":"韩国","pkg":"com.spaceship.screen.textcopy"},"orders":["com.recognize_text.translate.screen","com.spaceship.screen.textcopy","com.newmg.yurao.pro","com.tap_to_translate.snap_translate","com.niven.translator","com.gaminik.i18n","com.microsoft.translator","com.google.android.apps.translate","com.naver.labs.translator","com.eecorp.linguago","com.screen.translate.google","com.niven.game","com.niven.apptranslate","live.screentranslate.realtime","com.zaz.translate","com.eecorp.taptranslator","com.google.ar.lens","com.immersivetranslate.browser","at.nk.tools.iTranslate","com.deepl.mobiletranslator"]},{"rank":{"index":2,"lang":"zh-hk","country":"hk","chineseCountryName":"香港","pkg":"com.spaceship.screen.textcopy"},"orders":["com.recognize_text.translate.screen","com.spaceship.screen.textcopy","com.newmg.yurao.pro","com.gaminik.i18n","com.google.android.apps.translate","com.microsoft.translator","com.niven.translator","com.tap_to_translate.snap_translate","com.eecorp.linguago","com.niven.game","com.screen.translate.google","com.naver.labs.translator","live.screentranslate.realtime","com.immersivetranslate.browser","com.niven.apptranslate","at.nk.tools.iTranslate","com.deepl.mobiletranslator","com.google.ar.lens","com.zaz.translate","com.eecorp.taptranslator"]},{"rank":{"index":2,"lang":"zh-tw","country":"tw","chineseCountryName":"台湾","pkg":"com.spaceship.screen.textcopy"},"orders":["com.recognize_text.translate.screen","com.spaceship.screen.textcopy","com.newmg.yurao.pro","com.gaminik.i18n","com.microsoft.translator","com.niven.translator","com.google.android.apps.translate","com.tap_to_translate.snap_translate","com.niven.game","com.eecorp.linguago","com.screen.translate.google","com.naver.labs.translator","live.screentranslate.realtime","com.niven.apptranslate","com.immersivetranslate.browser","com.eecorp.taptranslator","at.nk.tools.iTranslate","com.zaz.translate","com.deepl.mobiletranslator","com.google.ar.lens"]},{"rank":{"index":2,"lang":"en","country":"in","chineseCountryName":"印度","pkg":"com.spaceship.screen.textcopy"},"orders":["com.recognize_text.translate.screen","com.spaceship.screen.textcopy","com.google.android.apps.translate","com.newmg.yurao.pro"]},{"rank":{"index":1,"lang":"id","country":"id","chineseCountryName":"印尼","pkg":"com.spaceship.screen.textcopy"},"orders":["com.spaceship.screen.textcopy","com.recognize_text.translate.screen","com.tap_to_translate.snap_translate","com.newmg.yurao.pro","com.gaminik.i18n","com.niven.translator","com.niven.game","com.youdao.hindict","com.screen.translate.google","com.microsoft.translator","com.eecorp.linguago"]},{"rank":{"index":1,"lang":"es-mx","country":"mx","chineseCountryName":"墨西哥","pkg":"com.spaceship.screen.textcopy"},"orders":["com.spaceship.screen.textcopy","com.recognize_text.translate.screen","com.newmg.yurao.pro","com.gaminik.i18n","com.niven.translator","com.microsoft.translator","com.tap_to_translate.snap_translate","com.google.android.apps.translate","com.screen.translate.google","com.niven.game","com.eecorp.linguago","com.niven.apptranslate","live.screentranslate.realtime","com.deepl.mobiletranslator","com.google.ar.lens","at.nk.tools.iTranslate","com.immersivetranslate.browser","com.eecorp.taptranslator","com.youdao.hindict","com.zaz.translate"]}]