[{"rank":{"index":2,"lang":"en-us","country":"us","chineseCountryName":"美国","pkg":"com.spaceship.screen.textcopy"},"orders":["com.recognize_text.translate.screen","com.spaceship.screen.textcopy","com.screen.translate.google","com.niven.translator","com.tap_to_translate.snap_translate","com.newmg.yurao.pro","com.gaminik.i18n","com.galaxy.airviewdictionary","com.yoyodev.screentranslate","com.aurasense.screentranslate","com.niven.apptranslate","com.newtranslate.google","com.eecorp.linguago","com.niven.game","com.google.android.apps.translate","com.screen.translator.text.recognize","translate.speech.text.translation.voicetranslator","com.hive.lingonative","live.screentranslate.realtime","com.deepl.mobiletranslator"]},{"rank":{"index":4,"lang":"ru","country":"ru","chineseCountryName":"俄罗斯","pkg":"com.spaceship.screen.textcopy"},"orders":["com.recognize_text.translate.screen","com.niven.translator","com.tap_to_translate.snap_translate","com.spaceship.screen.textcopy","com.screen.translate.google","com.gaminik.i18n","com.galaxy.airviewdictionary","com.niven.apptranslate","com.yoyodev.screentranslate","com.newtranslate.google","com.newmg.yurao.pro","com.eecorp.linguago","live.screentranslate.realtime","com.screen.translator.text.recognize","ru.yandex.translate","com.hive.lingonative","com.niven.game","com.screen.translator.live.translate.textcopy","com.google.android.apps.translate","com.zaz.translate"]},{"rank":{"index":4,"lang":"pt-br","country":"br","chineseCountryName":"巴西","pkg":"com.spaceship.screen.textcopy"},"orders":["com.recognize_text.translate.screen","com.tap_to_translate.snap_translate","com.niven.translator","com.spaceship.screen.textcopy","com.galaxy.airviewdictionary","com.screen.translate.google","com.newtranslate.google","com.niven.apptranslate","com.gaminik.i18n","com.eecorp.linguago","com.hive.lingonative","com.newmg.yurao.pro","live.screentranslate.realtime","com.flabs.screen.translate","screen.translator.voice.translate","com.niven.game","com.screen.translator.text.recognize","com.eecorp.taptranslator","com.google.android.apps.translate","top.applocalize.translate"]},{"rank":{"index":2,"lang":"fr","country":"fr","chineseCountryName":"法国","pkg":"com.spaceship.screen.textcopy"},"orders":["com.recognize_text.translate.screen","com.spaceship.screen.textcopy","com.screen.translate.google","com.tap_to_translate.snap_translate","com.niven.translator","com.galaxy.airviewdictionary","com.newtranslate.google","com.yoyodev.screentranslate","com.gaminik.i18n","com.niven.apptranslate","com.eecorp.linguago","com.newmg.yurao.pro","com.hive.lingonative","com.flabs.screen.translate","live.screentranslate.realtime","com.niven.game","com.screen.translator.text.recognize","screen.translator.voice.translate","com.google.android.apps.translate","com.eecorp.taptranslator"]},{"rank":{"index":2,"lang":"en-gb","country":"gb","chineseCountryName":"英国","pkg":"com.spaceship.screen.textcopy"},"orders":["com.recognize_text.translate.screen","com.spaceship.screen.textcopy","com.screen.translate.google","com.galaxy.airviewdictionary","com.niven.translator","com.tap_to_translate.snap_translate","com.newtranslate.google","com.newmg.yurao.pro","com.yoyodev.screentranslate","com.gaminik.i18n","com.niven.apptranslate","com.aurasense.screentranslate","com.eecorp.linguago","com.google.android.apps.translate","com.niven.game","com.screen.translator.text.recognize","com.deepl.mobiletranslator","com.hive.lingonative","com.zaz.translate","com.microsoft.translator"]},{"rank":{"index":9,"lang":"de","country":"de","chineseCountryName":"德国","pkg":"com.spaceship.screen.textcopy"},"orders":["com.recognize_text.translate.screen","com.niven.translator","com.screen.translate.google","com.galaxy.airviewdictionary","com.yoyodev.screentranslate","com.tap_to_translate.snap_translate","com.newtranslate.google","com.gaminik.i18n","com.spaceship.screen.textcopy","com.niven.apptranslate","com.eecorp.linguago","com.newmg.yurao.pro","com.hive.lingonative","live.screentranslate.realtime","com.screen.translator.text.recognize","com.flabs.screen.translate","com.deepl.mobiletranslator","com.google.android.apps.translate","screen.translator.voice.translate","com.niven.game"]},{"rank":{"index":4,"lang":"it","country":"it","chineseCountryName":"意大利","pkg":"com.spaceship.screen.textcopy"},"orders":["com.recognize_text.translate.screen","com.tap_to_translate.snap_translate","com.screen.translate.google","com.spaceship.screen.textcopy","com.niven.translator","com.newmg.yurao.pro","com.yoyodev.screentranslate","com.galaxy.airviewdictionary","com.gaminik.i18n","com.niven.apptranslate","com.newtranslate.google","com.eecorp.linguago","com.screen.translator.text.recognize","com.google.android.apps.translate","com.deepl.mobiletranslator","com.niven.game","com.hive.lingonative","com.screen.translator.live.translate.textcopy","com.zaz.translate","com.microsoft.translator"]},{"rank":{"index":3,"lang":"ja","country":"jp","chineseCountryName":"日本","pkg":"com.spaceship.screen.textcopy"},"orders":["com.recognize_text.translate.screen","com.tap_to_translate.snap_translate","com.spaceship.screen.textcopy","com.screen.translate.google","com.gaminik.i18n","com.niven.translator","com.newmg.yurao.pro","com.galaxy.airviewdictionary","com.niven.apptranslate","com.newtranslate.google","com.hive.lingonative","live.screentranslate.realtime","com.eecorp.linguago","com.aurasense.screentranslate"]},{"rank":{"index":4,"lang":"ko","country":"kr","chineseCountryName":"韩国","pkg":"com.spaceship.screen.textcopy"},"orders":["com.recognize_text.translate.screen","com.tap_to_translate.snap_translate","com.screen.translate.google","com.spaceship.screen.textcopy","com.galaxy.airviewdictionary","com.niven.translator","com.newtranslate.google","com.gaminik.i18n","com.niven.apptranslate","live.screentranslate.realtime","com.newmg.yurao.pro"]},{"rank":{"index":2,"lang":"zh-hk","country":"hk","chineseCountryName":"香港","pkg":"com.spaceship.screen.textcopy"},"orders":["com.recognize_text.translate.screen","com.spaceship.screen.textcopy","com.galaxy.airviewdictionary","com.newtranslate.google","com.tap_to_translate.snap_translate","com.screen.translate.google","com.niven.translator","com.niven.apptranslate","com.newmg.yurao.pro","com.eecorp.linguago","com.google.android.apps.translate","com.gaminik.i18n","screen.translator.voice.translate","com.aurasense.screentranslate","com.yoyodev.screentranslate","com.screen.translator.text.recognize","com.deepl.mobiletranslator","com.translatepost.voicetranslator.cameratranslator","com.microsoft.translator","com.naver.labs.translator"]},{"rank":{"index":3,"lang":"zh-tw","country":"tw","chineseCountryName":"台湾","pkg":"com.spaceship.screen.textcopy"},"orders":["com.recognize_text.translate.screen","com.galaxy.airviewdictionary","com.spaceship.screen.textcopy","com.newtranslate.google","com.tap_to_translate.snap_translate","com.screen.translate.google","com.niven.apptranslate","com.gaminik.i18n","com.niven.translator","screen.translator.voice.translate","com.yoyodev.screentranslate","com.google.android.apps.translate","com.screen.translator.text.recognize","com.newmg.yurao.pro","com.hive.lingonative","com.deepl.mobiletranslator","com.naver.labs.translator","com.android.chrome","com.aurasense.screentranslate","com.translatepost.voicetranslator.cameratranslator"]},{"rank":{"index":0,"lang":"en","country":"in","chineseCountryName":"印度","pkg":"com.spaceship.screen.textcopy"},"orders":["com.recognize_text.translate.screen","com.tap_to_translate.snap_translate","com.gaminik.i18n","com.google.android.apps.translate","com.zaz.translate","at.nk.tools.iTranslate","com.microsoft.translator","photo.translate.camera.translator","com.google.ar.lens","com.galaxy.airviewdictionary","com.screen.translate.google","com.niven.translator","com.newtranslate.google","com.newmg.yurao.pro","com.yoyodev.screentranslate","com.niven.apptranslate","screen.translator.voice.translate","com.eecorp.linguago","com.aurasense.screentranslate","com.screen.translator.text.recognize"]},{"rank":{"index":3,"lang":"id","country":"id","chineseCountryName":"印尼","pkg":"com.spaceship.screen.textcopy"},"orders":["com.recognize_text.translate.screen","com.tap_to_translate.snap_translate","com.spaceship.screen.textcopy","com.niven.translator","com.screen.translate.google","com.galaxy.airviewdictionary","com.newtranslate.google","com.niven.apptranslate","com.yoyodev.screentranslate","com.eecorp.linguago","com.gaminik.i18n","com.newmg.yurao.pro","com.screen.translator.text.recognize","com.hive.lingonative"]},{"rank":{"index":13,"lang":"es-mx","country":"mx","chineseCountryName":"墨西哥","pkg":"com.spaceship.screen.textcopy"},"orders":["com.recognize_text.translate.screen","com.tap_to_translate.snap_translate","com.gaminik.i18n","com.google.android.apps.translate","com.deepl.mobiletranslator","com.zaz.translate","at.nk.tools.iTranslate","com.microsoft.translator","ru.yandex.translate","com.google.ar.lens","link.zhidou.btranslator","com.dftpdf.translate","com.spaceship.screen.textcopy","com.galaxy.airviewdictionary","com.niven.translator","com.screen.translate.google","com.newtranslate.google","com.newmg.yurao.pro","com.niven.apptranslate","com.yoyodev.screentranslate"]}]