[{"rank":{"index":2,"lang":"en-us","country":"us","chineseCountryName":"美国","pkg":"com.spaceship.screen.textcopy"},"orders":["com.recognize_text.translate.screen","com.spaceship.screen.textcopy","com.google.android.apps.translate","com.niven.translator","com.screen.translate.google","com.microsoft.translator","com.tap_to_translate.snap_translate","com.gaminik.i18n","com.niven.game","com.google.ar.lens","com.zaz.translate","com.newmg.yurao.pro","com.niven.comic","com.naver.labs.translator","com.deepl.mobiletranslator","com.mobisystems.msdict.embedded.wireless.collins.ee","com.translate.talkingtranslator","com.datacomprojects.scanandtranslate","com.language.translate.free.translator.voice.translation","com.softissimo.reverso.context"]},{"rank":{"index":2,"lang":"ru","country":"ru","chineseCountryName":"俄罗斯","pkg":"com.spaceship.screen.textcopy"},"orders":["com.recognize_text.translate.screen","com.spaceship.screen.textcopy","com.niven.translator","com.tap_to_translate.snap_translate","com.niven.game","ru.yandex.translate","com.gaminik.i18n","com.google.android.apps.translate","com.microsoft.translator"]},{"rank":{"index":2,"lang":"pt-br","country":"br","chineseCountryName":"巴西","pkg":"com.spaceship.screen.textcopy"},"orders":["com.recognize_text.translate.screen","com.spaceship.screen.textcopy","com.tap_to_translate.snap_translate","com.niven.game","com.gaminik.i18n","com.microsoft.translator","com.google.android.apps.translate","com.zaz.translate","com.softissimo.reverso.context","com.deepl.mobiletranslator","ru.yandex.translate","com.flitto.app","com.naver.labs.translator","com.tangdi.baiguotong","com.google.ar.lens","com.niven.translator","com.screen.translate.google","com.niven.comic","com.newmg.yurao.pro","com.galaxy.airviewdictionary"]},{"rank":{"index":3,"lang":"fr","country":"fr","chineseCountryName":"法国","pkg":"com.spaceship.screen.textcopy"},"orders":["com.recognize_text.translate.screen","com.tap_to_translate.snap_translate","com.spaceship.screen.textcopy","com.niven.translator","com.screen.translate.google","com.niven.game","com.gaminik.i18n","com.microsoft.translator","com.google.android.apps.translate","com.zaz.translate","com.niven.comic","com.newmg.yurao.pro","com.language.translate.free.translator.voice.translation","com.image.camera.translate.ai","com.deepl.mobiletranslator","com.tangdi.baiguotong","com.datacomprojects.scanandtranslate","com.softissimo.reverso.context","com.translate.talkingtranslator","translate.all.language.translator.cameratranslator"]},{"rank":{"index":2,"lang":"en-gb","country":"gb","chineseCountryName":"英国","pkg":"com.spaceship.screen.textcopy"},"orders":["com.recognize_text.translate.screen","com.spaceship.screen.textcopy","com.microsoft.translator","com.google.android.apps.translate","com.screen.translate.google","com.gaminik.i18n","com.niven.translator","com.niven.game","com.tap_to_translate.snap_translate","com.zaz.translate","com.google.ar.lens","com.niven.comic","com.deepl.mobiletranslator","com.newmg.yurao.pro","com.datacomprojects.scanandtranslate","com.mobisystems.msdict.embedded.wireless.collins.ee","com.language.translate.free.translator.voice.translation","com.softissimo.reverso.context","com.naver.labs.translator","translate.all.language.translator.cameratranslator"]},{"rank":{"index":2,"lang":"de","country":"de","chineseCountryName":"德国","pkg":"com.spaceship.screen.textcopy"},"orders":["com.recognize_text.translate.screen","com.spaceship.screen.textcopy","com.tap_to_translate.snap_translate","com.niven.translator","com.screen.translate.google","com.microsoft.translator","com.gaminik.i18n","com.niven.game","com.google.android.apps.translate","com.deepl.mobiletranslator","com.zaz.translate","com.niven.comic","com.newmg.yurao.pro","com.language.translate.free.translator.voice.translation","com.image.camera.translate.ai","com.translate.talkingtranslator","com.google.ar.lens","com.datacomprojects.scanandtranslate","com.tangdi.baiguotong","ru.yandex.translate"]},{"rank":{"index":2,"lang":"it","country":"it","chineseCountryName":"意大利","pkg":"com.spaceship.screen.textcopy"},"orders":["com.recognize_text.translate.screen","com.spaceship.screen.textcopy","com.tap_to_translate.snap_translate","com.screen.translate.google","com.niven.translator","com.gaminik.i18n","com.niven.game","com.microsoft.translator","com.google.android.apps.translate","com.niven.comic","com.newmg.yurao.pro","com.zaz.translate","com.image.camera.translate.ai","com.tangdi.baiguotong","com.deepl.mobiletranslator","com.softissimo.reverso.context","com.datacomprojects.scanandtranslate","com.language.translate.free.translator.voice.translation","camtranslator.voice.text.image.translate","com.erudite.translator"]},{"rank":{"index":2,"lang":"ja","country":"jp","chineseCountryName":"日本","pkg":"com.spaceship.screen.textcopy"},"orders":["com.recognize_text.translate.screen","com.spaceship.screen.textcopy","com.tap_to_translate.snap_translate","com.niven.translator","com.gaminik.i18n","com.niven.game","com.screen.translate.google","com.microsoft.translator","com.google.android.apps.translate","com.deepl.mobiletranslator","com.naver.labs.translator","com.niven.comic"]},{"rank":{"index":2,"lang":"ko","country":"kr","chineseCountryName":"韩国","pkg":"com.spaceship.screen.textcopy"},"orders":["com.recognize_text.translate.screen","com.spaceship.screen.textcopy","com.tap_to_translate.snap_translate","com.gaminik.i18n","com.niven.translator","com.niven.game","com.naver.labs.translator","com.screen.translate.google","com.niven.comic","com.microsoft.translator","com.newmg.yurao.pro","com.google.android.apps.translate","com.flitto.app","com.zaz.translate","com.deepl.mobiletranslator","co.timekettle.livetranslator","translate.all.language.translator.cameratranslator","com.google.ar.lens","com.voice_camera_free_translate","com.language.translate.free.translator.voice.translation"]},{"rank":{"index":2,"lang":"zh-hk","country":"hk","chineseCountryName":"香港","pkg":"com.spaceship.screen.textcopy"},"orders":["com.recognize_text.translate.screen","com.spaceship.screen.textcopy","com.gaminik.i18n","com.niven.translator","com.niven.game","com.screen.translate.google","com.tap_to_translate.snap_translate","com.microsoft.translator","com.google.android.apps.translate","com.niven.comic","com.newmg.yurao.pro","com.zaz.translate","com.tangdi.baiguotong","com.naver.labs.translator","com.google.ar.lens","com.flitto.app","com.deepl.mobiletranslator","translate.all.language.translator.cameratranslator","com.datacomprojects.scanandtranslate","com.language.translate.free.translator.voice.translation"]},{"rank":{"index":2,"lang":"zh-tw","country":"tw","chineseCountryName":"台湾","pkg":"com.spaceship.screen.textcopy"},"orders":["com.recognize_text.translate.screen","com.spaceship.screen.textcopy","com.gaminik.i18n","com.screen.translate.google","com.niven.translator","com.niven.game","com.tap_to_translate.snap_translate","com.microsoft.translator","com.google.android.apps.translate","com.niven.comic","com.newmg.yurao.pro","com.zaz.translate","com.naver.labs.translator","com.tangdi.baiguotong","com.flitto.app","com.google.ar.lens","com.deepl.mobiletranslator","com.language.translate.free.translator.voice.translation","translate.all.language.translator.cameratranslator","com.translate.talkingtranslator"]},{"rank":{"index":2,"lang":"en","country":"in","chineseCountryName":"印度","pkg":"com.spaceship.screen.textcopy"},"orders":["com.recognize_text.translate.screen","com.spaceship.screen.textcopy","com.google.android.apps.translate","com.zaz.translate"]},{"rank":{"index":2,"lang":"id","country":"id","chineseCountryName":"印尼","pkg":"com.spaceship.screen.textcopy"},"orders":["com.recognize_text.translate.screen","com.spaceship.screen.textcopy","com.tap_to_translate.snap_translate","com.niven.translator","com.screen.translate.google","com.niven.game","com.gaminik.i18n","com.newmg.yurao.pro","com.niven.comic","com.google.android.apps.translate","com.microsoft.translator"]},{"rank":{"index":2,"lang":"es-mx","country":"mx","chineseCountryName":"墨西哥","pkg":"com.spaceship.screen.textcopy"},"orders":["com.recognize_text.translate.screen","com.spaceship.screen.textcopy","com.tap_to_translate.snap_translate","com.niven.game","com.gaminik.i18n","com.microsoft.translator","com.zaz.translate","com.google.android.apps.translate","com.deepl.mobiletranslator","com.softissimo.reverso.context","ru.yandex.translate","com.naver.labs.translator","com.tangdi.baiguotong","com.google.ar.lens","com.niven.translator","com.screen.translate.google","com.newmg.yurao.pro","com.niven.comic","camtranslator.voice.text.image.translate","translate.all.language.translator.cameratranslator"]}]