[{"rank":{"index":2,"lang":"en-us","country":"us","chineseCountryName":"美国","pkg":"com.spaceship.screen.textcopy"},"orders":["com.recognize_text.translate.screen","com.spaceship.screen.textcopy","com.tap_to_translate.snap_translate","com.google.android.apps.translate","com.gaminik.i18n","com.microsoft.translator","com.niven.game","com.newmg.yurao.pro","com.niven.translator","com.niven.apptranslate","com.translate.language.translator.voice.translation","com.niven.comic","com.naver.labs.translator","com.deepl.mobiletranslator","com.facebook.orca","com.google.ar.lens","com.whatsapp","com.youdao.hindict","com.google.android.dialer","com.android.chrome"]},{"rank":{"index":3,"lang":"ru","country":"ru","chineseCountryName":"俄罗斯","pkg":"com.spaceship.screen.textcopy"},"orders":["com.recognize_text.translate.screen","com.tap_to_translate.snap_translate","com.spaceship.screen.textcopy","com.gaminik.i18n","com.niven.translator","com.niven.game","com.niven.comic","com.newmg.yurao.pro","ru.yandex.translate","com.niven.apptranslate","com.google.android.apps.translate","com.eecorp.linguago","com.microsoft.translator","screen.translator.voice.translate","com.deepl.mobiletranslator","com.mg.chat","com.subtitle.google","com.ticktalk.translatevoice","com.whatsapp","com.datacomprojects.scanandtranslate"]},{"rank":{"index":2,"lang":"fr","country":"fr","chineseCountryName":"法国","pkg":"com.spaceship.screen.textcopy"},"orders":["com.recognize_text.translate.screen","com.spaceship.screen.textcopy","com.tap_to_translate.snap_translate","com.gaminik.i18n","com.niven.game","com.niven.comic","com.niven.translator","com.newmg.yurao.pro","com.niven.apptranslate","com.microsoft.translator","com.google.android.apps.translate","com.youdao.hindict","com.deepl.mobiletranslator","com.eecorp.linguago","screen.translator.voice.translate","com.whatsapp","com.facebook.orca","com.softissimo.reverso.context","com.duolingo","com.canva.editor"]},{"rank":{"index":2,"lang":"en-gb","country":"gb","chineseCountryName":"英国","pkg":"com.spaceship.screen.textcopy"},"orders":["com.recognize_text.translate.screen","com.spaceship.screen.textcopy","com.gaminik.i18n","com.google.android.apps.translate","com.microsoft.translator","screen.translator.voice.translate","com.tap_to_translate.snap_translate","com.niven.translator","com.niven.comic","com.niven.game","com.newmg.yurao.pro","com.niven.apptranslate","com.youdao.hindict","com.deepl.mobiletranslator","com.translator.yellow","com.eecorp.linguago","com.zaz.translate","com.eecorp.taptranslator","com.mobisystems.msdict.embedded.wireless.collins.ee","com.datacomprojects.scanandtranslate"]},{"rank":{"index":2,"lang":"de","country":"de","chineseCountryName":"德国","pkg":"com.spaceship.screen.textcopy"},"orders":["com.recognize_text.translate.screen","com.spaceship.screen.textcopy","com.gaminik.i18n","com.tap_to_translate.snap_translate","com.niven.game","com.microsoft.translator","com.niven.comic","com.niven.translator","com.newmg.yurao.pro","com.deepl.mobiletranslator","com.google.android.apps.translate","com.niven.apptranslate","com.youdao.hindict","com.translator.yellow","com.whatsapp","com.eecorp.linguago","com.facebook.orca","com.canva.editor","com.google.android.apps.photos","com.android.chrome"]},{"rank":{"index":2,"lang":"it","country":"it","chineseCountryName":"意大利","pkg":"com.spaceship.screen.textcopy"},"orders":["com.recognize_text.translate.screen","com.spaceship.screen.textcopy","com.tap_to_translate.snap_translate","com.niven.game","com.gaminik.i18n","com.niven.translator","com.niven.comic","com.newmg.yurao.pro","com.niven.apptranslate","com.eecorp.linguago","com.eecorp.taptranslator","com.microsoft.translator","com.google.android.apps.translate","com.whatsapp","com.deepl.mobiletranslator","com.facebook.orca","screen.translator.voice.translate","us.zoom.videomeetings","com.discord","com.google.android.apps.photos"]},{"rank":{"index":2,"lang":"ja","country":"jp","chineseCountryName":"日本","pkg":"com.spaceship.screen.textcopy"},"orders":["com.recognize_text.translate.screen","com.spaceship.screen.textcopy","com.gaminik.i18n","com.niven.game","com.tap_to_translate.snap_translate","com.niven.comic","com.niven.translator","com.niven.apptranslate","com.newmg.yurao.pro","com.deepl.mobiletranslator","com.google.android.apps.translate","com.naver.labs.translator","com.microsoft.translator","com.youdao.hindict","com.whatsapp","com.eecorp.linguago","com.android.chrome","com.facebook.orca","com.duolingo","com.discord"]},{"rank":{"index":3,"lang":"ko","country":"kr","chineseCountryName":"韩国","pkg":"com.spaceship.screen.textcopy"},"orders":["com.recognize_text.translate.screen","com.tap_to_translate.snap_translate","com.spaceship.screen.textcopy","com.gaminik.i18n","com.niven.game","com.niven.apptranslate","com.niven.comic","com.newmg.yurao.pro","com.niven.translator","com.google.android.apps.translate","com.whatsapp","com.facebook.orca","com.naver.labs.translator","us.zoom.videomeetings","com.discord","com.android.chrome","com.duolingo","com.google.android.apps.photos","com.canva.editor","com.sec.android.app.sbrowser"]},{"rank":{"index":3,"lang":"zh-hk","country":"hk","chineseCountryName":"香港","pkg":"com.spaceship.screen.textcopy"},"orders":["com.recognize_text.translate.screen","com.gaminik.i18n","com.spaceship.screen.textcopy","com.tap_to_translate.snap_translate","com.niven.game","com.niven.translator","com.niven.comic","com.newmg.yurao.pro","com.microsoft.translator","com.google.android.apps.translate","com.niven.apptranslate","com.whatsapp","com.facebook.orca","com.android.chrome","com.google.android.apps.maps","com.naver.labs.translator","com.discord","com.deepl.mobiletranslator","us.zoom.videomeetings","com.google.android.apps.photos"]},{"rank":{"index":3,"lang":"zh-tw","country":"tw","chineseCountryName":"台湾","pkg":"com.spaceship.screen.textcopy"},"orders":["com.recognize_text.translate.screen","com.gaminik.i18n","com.spaceship.screen.textcopy","com.tap_to_translate.snap_translate","com.niven.game","com.niven.comic","com.niven.translator","com.newmg.yurao.pro","com.google.android.apps.translate","com.microsoft.translator","com.niven.apptranslate","com.naver.labs.translator","com.whatsapp","com.facebook.orca","com.youdao.hindict","com.eecorp.linguago","com.deepl.mobiletranslator","com.android.chrome","com.google.android.apps.maps","com.discord"]},{"rank":{"index":2,"lang":"en","country":"in","chineseCountryName":"印度","pkg":"com.spaceship.screen.textcopy"},"orders":["com.recognize_text.translate.screen","com.spaceship.screen.textcopy","com.google.android.apps.translate","com.newmg.yurao.pro","com.niven.game","com.zaz.translate","com.microsoft.translator","com.gaminik.i18n"]},{"rank":{"index":2,"lang":"id","country":"id","chineseCountryName":"印尼","pkg":"com.spaceship.screen.textcopy"},"orders":["com.recognize_text.translate.screen","com.spaceship.screen.textcopy","com.tap_to_translate.snap_translate","com.gaminik.i18n","com.niven.translator","com.niven.game","com.niven.comic","com.newmg.yurao.pro","com.youdao.hindict"]},{"rank":{"index":2,"lang":"es-mx","country":"mx","chineseCountryName":"墨西哥","pkg":"com.spaceship.screen.textcopy"},"orders":["com.recognize_text.translate.screen","com.spaceship.screen.textcopy","com.tap_to_translate.snap_translate","com.niven.game","com.niven.translator","com.niven.comic","com.newmg.yurao.pro","com.niven.apptranslate","com.youdao.hindict","com.google.android.apps.translate","com.whatsapp","com.facebook.orca","com.canva.editor","com.android.chrome","com.google.android.apps.photos","us.zoom.videomeetings","com.duolingo","com.google.android.apps.maps","com.discord","com.gaminik.i18n"]}]