[{"rank":{"index":2,"lang":"en-us","country":"us","chineseCountryName":"美国","pkg":"com.spaceship.screen.textcopy"},"orders":["com.recognize_text.translate.screen","com.spaceship.screen.textcopy","com.gaminik.i18n","com.newmg.yurao.pro","com.google.android.apps.translate","com.microsoft.translator","com.niven.translator","com.tap_to_translate.snap_translate","com.zaz.translate","com.niven.game","com.eecorp.linguago","com.screen.translate.google","com.niven.apptranslate","com.google.ar.lens","com.deepl.mobiletranslator","com.translate.talkingtranslator","at.nk.tools.iTranslate","com.immersivetranslate.browser","live.screentranslate.realtime","com.eecorp.taptranslator"]},{"rank":{"index":0,"lang":"ru","country":"ru","chineseCountryName":"俄罗斯","pkg":"com.spaceship.screen.textcopy"},"orders":["com.recognize_text.translate.screen","com.tap_to_translate.snap_translate","com.newmg.yurao.pro","com.gaminik.i18n","com.niven.translator","com.microsoft.translator","com.niven.game","com.google.android.apps.translate","com.deepl.mobiletranslator","ru.yandex.translate","com.google.ar.lens","com.immersivetranslate.browser","com.zaz.translate","photo.translate.camera.translator","com.screen.translate.google","com.niven.apptranslate","com.eecorp.linguago","com.datacomprojects.scanandtranslate","com.audacityittranslator.translatetexttranslator","com.voice_camera_free_translate"]},{"rank":{"index":2,"lang":"pt-br","country":"br","chineseCountryName":"巴西","pkg":"com.spaceship.screen.textcopy"},"orders":["com.recognize_text.translate.screen","com.spaceship.screen.textcopy","com.newmg.yurao.pro","com.gaminik.i18n","com.niven.translator","com.tap_to_translate.snap_translate","com.microsoft.translator","com.niven.game","com.google.android.apps.translate","com.zaz.translate","com.eecorp.linguago","com.niven.apptranslate","com.deepl.mobiletranslator","com.immersivetranslate.browser","com.screen.translate.google","com.tangdi.baiguotong","photo.translate.camera.translator","com.google.ar.lens","com.eecorp.taptranslator","live.screentranslate.realtime"]},{"rank":{"index":2,"lang":"fr","country":"fr","chineseCountryName":"法国","pkg":"com.spaceship.screen.textcopy"},"orders":["com.recognize_text.translate.screen","com.spaceship.screen.textcopy","com.newmg.yurao.pro","com.tap_to_translate.snap_translate","com.gaminik.i18n","com.microsoft.translator","com.niven.translator","com.zaz.translate","com.google.android.apps.translate","com.niven.game","com.google.ar.lens","com.eecorp.linguago","com.deepl.mobiletranslator","com.screen.translate.google","com.immersivetranslate.browser","com.niven.apptranslate","com.eecorp.taptranslator","com.tangdi.baiguotong","live.screentranslate.realtime","com.audacityittranslator.translatetexttranslator"]},{"rank":{"index":2,"lang":"en-gb","country":"gb","chineseCountryName":"英国","pkg":"com.spaceship.screen.textcopy"},"orders":["com.recognize_text.translate.screen","com.spaceship.screen.textcopy","com.newmg.yurao.pro","com.gaminik.i18n","com.google.android.apps.translate","com.microsoft.translator","com.niven.translator","com.tap_to_translate.snap_translate","com.zaz.translate","com.niven.game","com.deepl.mobiletranslator","com.google.ar.lens","com.eecorp.linguago","com.immersivetranslate.browser","com.screen.translate.google","photo.translate.camera.translator","translate.all.language.translator.cameratranslator","at.nk.tools.iTranslate","com.niven.apptranslate","live.screentranslate.realtime"]},{"rank":{"index":2,"lang":"de","country":"de","chineseCountryName":"德国","pkg":"com.spaceship.screen.textcopy"},"orders":["com.recognize_text.translate.screen","com.spaceship.screen.textcopy","com.tap_to_translate.snap_translate","com.newmg.yurao.pro","com.niven.translator","com.gaminik.i18n","com.microsoft.translator","com.google.android.apps.translate","com.niven.game","com.deepl.mobiletranslator","com.eecorp.linguago","com.zaz.translate","com.screen.translate.google","com.google.ar.lens","com.immersivetranslate.browser","com.niven.apptranslate","com.tangdi.baiguotong","photo.translate.camera.translator","com.audacityittranslator.translatetexttranslator","com.eecorp.taptranslator"]},{"rank":{"index":2,"lang":"it","country":"it","chineseCountryName":"意大利","pkg":"com.spaceship.screen.textcopy"},"orders":["com.recognize_text.translate.screen","com.spaceship.screen.textcopy","com.newmg.yurao.pro","com.gaminik.i18n","com.microsoft.translator","com.tap_to_translate.snap_translate","com.google.android.apps.translate","com.niven.translator","com.niven.game","com.google.ar.lens","com.deepl.mobiletranslator","com.eecorp.linguago","com.tangdi.baiguotong","com.zaz.translate"]},{"rank":{"index":2,"lang":"ja","country":"jp","chineseCountryName":"日本","pkg":"com.spaceship.screen.textcopy"},"orders":["com.recognize_text.translate.screen","com.spaceship.screen.textcopy","com.newmg.yurao.pro","com.gaminik.i18n","com.tap_to_translate.snap_translate","com.niven.translator","com.google.ar.lens","com.microsoft.translator","com.deepl.mobiletranslator","com.google.android.apps.translate","com.eecorp.linguago","com.screen.translate.google","com.niven.game","com.naver.labs.translator","com.tangdi.baiguotong"]},{"rank":{"index":2,"lang":"ko","country":"kr","chineseCountryName":"韩国","pkg":"com.spaceship.screen.textcopy"},"orders":["com.recognize_text.translate.screen","com.spaceship.screen.textcopy","com.newmg.yurao.pro","com.tap_to_translate.snap_translate","com.gaminik.i18n","com.niven.translator","com.microsoft.translator","com.google.android.apps.translate","com.naver.labs.translator","com.niven.game","com.immersivetranslate.browser","com.google.ar.lens","com.zaz.translate","com.eecorp.linguago","com.screen.translate.google","com.niven.apptranslate","photo.translate.camera.translator","com.deepl.mobiletranslator","translate.all.language.translator.cameratranslator","com.eecorp.taptranslator"]},{"rank":{"index":2,"lang":"zh-hk","country":"hk","chineseCountryName":"香港","pkg":"com.spaceship.screen.textcopy"},"orders":["com.recognize_text.translate.screen","com.spaceship.screen.textcopy","com.newmg.yurao.pro","com.gaminik.i18n","com.microsoft.translator","com.niven.translator","com.google.android.apps.translate","com.tap_to_translate.snap_translate","com.niven.game","com.immersivetranslate.browser","com.zaz.translate","com.google.ar.lens","com.eecorp.linguago","com.screen.translate.google","com.tangdi.baiguotong","com.naver.labs.translator","com.niven.apptranslate","com.deepl.mobiletranslator","photo.translate.camera.translator","at.nk.tools.iTranslate"]},{"rank":{"index":2,"lang":"zh-tw","country":"tw","chineseCountryName":"台湾","pkg":"com.spaceship.screen.textcopy"},"orders":["com.recognize_text.translate.screen","com.spaceship.screen.textcopy","com.newmg.yurao.pro","com.gaminik.i18n","com.microsoft.translator","com.niven.translator","com.tap_to_translate.snap_translate","com.immersivetranslate.browser","com.niven.game","com.google.android.apps.translate","com.zaz.translate","com.eecorp.linguago","com.naver.labs.translator","com.google.ar.lens","com.screen.translate.google","com.niven.apptranslate","com.tangdi.baiguotong","com.eecorp.taptranslator","com.deepl.mobiletranslator","live.screentranslate.realtime"]},{"rank":{"index":2,"lang":"en","country":"in","chineseCountryName":"印度","pkg":"com.spaceship.screen.textcopy"},"orders":["com.recognize_text.translate.screen","com.spaceship.screen.textcopy","com.newmg.yurao.pro","com.google.android.apps.translate","com.zaz.translate"]},{"rank":{"index":2,"lang":"id","country":"id","chineseCountryName":"印尼","pkg":"com.spaceship.screen.textcopy"},"orders":["com.recognize_text.translate.screen","com.spaceship.screen.textcopy","com.gaminik.i18n","com.newmg.yurao.pro","com.tap_to_translate.snap_translate","com.niven.translator","com.niven.game","com.google.android.apps.translate","com.eecorp.linguago","com.screen.translate.google","com.microsoft.translator","com.zaz.translate","com.deepl.mobiletranslator"]},{"rank":{"index":2,"lang":"es-mx","country":"mx","chineseCountryName":"墨西哥","pkg":"com.spaceship.screen.textcopy"},"orders":["com.recognize_text.translate.screen","com.spaceship.screen.textcopy","com.newmg.yurao.pro","com.gaminik.i18n","com.niven.translator","com.tap_to_translate.snap_translate","com.microsoft.translator","com.niven.game","com.google.android.apps.translate","com.eecorp.linguago","com.immersivetranslate.browser","com.google.ar.lens","com.screen.translate.google"]}]