[{"rank":{"index":2,"lang":"en-us","country":"us","chineseCountryName":"美国","pkg":"com.spaceship.screen.textcopy"},"orders":["com.recognize_text.translate.screen","com.spaceship.screen.textcopy","com.tap_to_translate.snap_translate","com.niven.translator","com.gaminik.i18n","com.newmg.yurao.pro","com.google.android.apps.translate","com.aurasense.screentranslate","com.microsoft.translator","com.screen.translate.google","com.yoyodev.screentranslate","com.deepl.mobiletranslator","at.nk.tools.iTranslate","com.niven.apptranslate","com.naver.labs.translator","link.zhidou.btranslator","ru.yandex.translate","com.niven.game","com.zaz.translate","com.hive.lingonative"]},{"rank":{"index":2,"lang":"ru","country":"ru","chineseCountryName":"俄罗斯","pkg":"com.spaceship.screen.textcopy"},"orders":["com.recognize_text.translate.screen","com.spaceship.screen.textcopy","com.tap_to_translate.snap_translate","com.niven.translator","com.gaminik.i18n","com.newmg.yurao.pro","com.screen.translate.google","com.yoyodev.screentranslate","ru.yandex.translate","com.niven.apptranslate","com.google.android.apps.translate","com.microsoft.translator","com.galaxy.airviewdictionary","com.hive.lingonative","com.niven.game","live.screentranslate.realtime","link.zhidou.btranslator","at.nk.tools.iTranslate","com.zaz.translate","photo.translate.camera.translator"]},{"rank":{"index":2,"lang":"pt-br","country":"br","chineseCountryName":"巴西","pkg":"com.spaceship.screen.textcopy"},"orders":["com.recognize_text.translate.screen","com.spaceship.screen.textcopy","com.tap_to_translate.snap_translate","com.niven.translator","com.gaminik.i18n","com.newmg.yurao.pro","com.google.android.apps.translate","com.screen.translate.google","link.zhidou.btranslator","at.nk.tools.iTranslate","com.niven.apptranslate","com.microsoft.translator","com.niven.game","com.deepl.mobiletranslator","ru.yandex.translate","com.zaz.translate","com.hive.lingonative","co.appnation.aivoicetranslator","com.galaxy.airviewdictionary","translate.speech.text.translation.voicetranslator"]},{"rank":{"index":3,"lang":"fr","country":"fr","chineseCountryName":"法国","pkg":"com.spaceship.screen.textcopy"},"orders":["com.recognize_text.translate.screen","com.tap_to_translate.snap_translate","com.spaceship.screen.textcopy","com.niven.translator","com.gaminik.i18n","com.newmg.yurao.pro","com.yoyodev.screentranslate","com.screen.translate.google","com.aurasense.screentranslate","com.google.android.apps.translate","com.deepl.mobiletranslator","link.zhidou.btranslator","com.niven.apptranslate","com.microsoft.translator","co.appnation.aivoicetranslator","com.hive.lingonative","photo.translate.camera.translator","at.nk.tools.iTranslate","com.zaz.translate","com.galaxy.airviewdictionary"]},{"rank":{"index":2,"lang":"en-gb","country":"gb","chineseCountryName":"英国","pkg":"com.spaceship.screen.textcopy"},"orders":["com.recognize_text.translate.screen","com.spaceship.screen.textcopy","com.tap_to_translate.snap_translate","com.google.android.apps.translate","com.microsoft.translator","at.nk.tools.iTranslate","com.deepl.mobiletranslator","com.zaz.translate","ru.yandex.translate","link.zhidou.btranslator","photo.translate.camera.translator","co.appnation.aivoicetranslator","com.niven.translator","com.newmg.yurao.pro","com.galaxy.airviewdictionary","com.aurasense.screentranslate","com.screen.translate.google","com.gyaser.screen.translator","screen.translator.voice.translate","translate.speech.text.translation.voicetranslator"]},{"rank":{"index":2,"lang":"de","country":"de","chineseCountryName":"德国","pkg":"com.spaceship.screen.textcopy"},"orders":["com.recognize_text.translate.screen","com.spaceship.screen.textcopy","com.tap_to_translate.snap_translate","com.niven.translator","com.gaminik.i18n","com.newmg.yurao.pro","com.yoyodev.screentranslate","com.screen.translate.google","com.aurasense.screentranslate","com.niven.apptranslate","com.hive.lingonative","com.google.android.apps.translate","com.microsoft.translator","com.deepl.mobiletranslator","link.zhidou.btranslator","co.appnation.aivoicetranslator","live.screentranslate.realtime","at.nk.tools.iTranslate","com.galaxy.airviewdictionary","com.zaz.translate"]},{"rank":{"index":3,"lang":"it","country":"it","chineseCountryName":"意大利","pkg":"com.spaceship.screen.textcopy"},"orders":["com.recognize_text.translate.screen","com.tap_to_translate.snap_translate","com.spaceship.screen.textcopy","com.gaminik.i18n","com.newmg.yurao.pro","com.niven.translator","com.yoyodev.screentranslate","com.screen.translate.google","com.aurasense.screentranslate","com.google.android.apps.translate","com.microsoft.translator","link.zhidou.btranslator","com.hive.lingonative","co.appnation.aivoicetranslator","com.niven.apptranslate","com.deepl.mobiletranslator","at.nk.tools.iTranslate","live.screentranslate.realtime","photo.translate.camera.translator","com.paninitranslate"]},{"rank":{"index":2,"lang":"ja","country":"jp","chineseCountryName":"日本","pkg":"com.spaceship.screen.textcopy"},"orders":["com.recognize_text.translate.screen","com.spaceship.screen.textcopy","com.gaminik.i18n","com.tap_to_translate.snap_translate","com.newmg.yurao.pro","com.niven.translator","com.aurasense.screentranslate","com.screen.translate.google","com.niven.apptranslate","com.hive.lingonative","com.naver.labs.translator","com.google.android.apps.translate","live.screentranslate.realtime","com.deepl.mobiletranslator","com.microsoft.translator"]},{"rank":{"index":2,"lang":"ko","country":"kr","chineseCountryName":"韩国","pkg":"com.spaceship.screen.textcopy"},"orders":["com.recognize_text.translate.screen","com.spaceship.screen.textcopy","com.gaminik.i18n","com.tap_to_translate.snap_translate","com.niven.translator","com.newmg.yurao.pro","com.aurasense.screentranslate","com.screen.translate.google","com.microsoft.translator","com.naver.labs.translator","com.google.android.apps.translate"]},{"rank":{"index":2,"lang":"zh-hk","country":"hk","chineseCountryName":"香港","pkg":"com.spaceship.screen.textcopy"},"orders":["com.recognize_text.translate.screen","com.spaceship.screen.textcopy","com.tap_to_translate.snap_translate","com.newmg.yurao.pro","com.gaminik.i18n","com.niven.translator","com.aurasense.screentranslate","com.google.android.apps.translate","com.screen.translate.google","link.zhidou.btranslator","com.naver.labs.translator","com.microsoft.translator","at.nk.tools.iTranslate","com.zaz.translate","com.niven.apptranslate","ru.yandex.translate","com.deepl.mobiletranslator","com.hive.lingonative","com.galaxy.airviewdictionary","com.niven.game"]},{"rank":{"index":2,"lang":"zh-tw","country":"tw","chineseCountryName":"台湾","pkg":"com.spaceship.screen.textcopy"},"orders":["com.recognize_text.translate.screen","com.spaceship.screen.textcopy","com.newmg.yurao.pro","com.tap_to_translate.snap_translate","com.gaminik.i18n","com.niven.translator","com.aurasense.screentranslate","com.google.android.apps.translate","com.screen.translate.google","com.microsoft.translator","at.nk.tools.iTranslate","com.zaz.translate","link.zhidou.btranslator","com.niven.apptranslate","com.deepl.mobiletranslator","com.hive.lingonative","com.naver.labs.translator","com.galaxy.airviewdictionary","ru.yandex.translate","co.appnation.aivoicetranslator"]},{"rank":{"index":0,"lang":"en","country":"in","chineseCountryName":"印度","pkg":"com.spaceship.screen.textcopy"},"orders":["com.recognize_text.translate.screen","com.tap_to_translate.snap_translate","com.gaminik.i18n","com.google.android.apps.translate","com.zaz.translate","ru.yandex.translate","com.deepl.mobiletranslator","co.appnation.aivoicetranslator","com.newmg.yurao.pro","com.niven.translator","screen.translator.voice.translate","com.galaxy.airviewdictionary","translate.speech.text.translation.voicetranslator","com.screen.translate.google","com.aurasense.screentranslate","at.nk.tools.iTranslate","com.gyaser.screen.translator","com.niven.apptranslate","com.yoyodev.screentranslate","photo.translate.camera.translator"]},{"rank":{"index":3,"lang":"id","country":"id","chineseCountryName":"印尼","pkg":"com.spaceship.screen.textcopy"},"orders":["com.recognize_text.translate.screen","com.tap_to_translate.snap_translate","com.spaceship.screen.textcopy","com.gaminik.i18n","com.niven.translator","com.newmg.yurao.pro","com.aurasense.screentranslate","com.google.android.apps.translate","com.screen.translate.google","com.yoyodev.screentranslate","com.zaz.translate","com.deepl.mobiletranslator","com.niven.apptranslate","com.niven.game","at.nk.tools.iTranslate","link.zhidou.btranslator","com.naver.labs.translator","co.appnation.aivoicetranslator","com.hive.lingonative","com.galaxy.airviewdictionary"]},{"rank":{"index":2,"lang":"es-mx","country":"mx","chineseCountryName":"墨西哥","pkg":"com.spaceship.screen.textcopy"},"orders":["com.recognize_text.translate.screen","com.spaceship.screen.textcopy","com.tap_to_translate.snap_translate","com.newmg.yurao.pro","com.gaminik.i18n","com.niven.translator","com.yoyodev.screentranslate","com.screen.translate.google","com.google.android.apps.translate","com.microsoft.translator","link.zhidou.btranslator","com.aurasense.screentranslate","com.deepl.mobiletranslator","at.nk.tools.iTranslate"]}]