[{"rank":{"index":2,"lang":"en-us","country":"us","chineseCountryName":"美国","pkg":"com.spaceship.screen.textcopy"},"orders":["com.recognize_text.translate.screen","com.spaceship.screen.textcopy","com.niven.translator","com.microsoft.translator","com.google.android.apps.translate","com.gaminik.i18n","com.niven.game","com.tap_to_translate.snap_translate","com.niven.comic","at.nk.tools.iTranslate","com.newmg.yurao.pro","com.galaxy.airviewdictionary","com.zaz.translate","com.translate.talkingtranslator","com.naver.labs.translator","com.sayhi.android.sayhitranslate","com.screen.translate.google","com.b1b.translator.voicetranslate.alllanguages.translator.app","com.language.translate.free.translator.voice.translation","com.ticktalk.translatevoice"]},{"rank":{"index":3,"lang":"ru","country":"ru","chineseCountryName":"俄罗斯","pkg":"com.spaceship.screen.textcopy"},"orders":["com.recognize_text.translate.screen","com.niven.translator","com.spaceship.screen.textcopy","com.tap_to_translate.snap_translate","com.microsoft.translator","com.niven.game","com.gaminik.i18n","com.niven.comic","com.google.android.apps.translate","ru.yandex.translate","at.nk.tools.iTranslate","com.deepl.mobiletranslator","com.screen.translate.google","com.newmg.yurao.pro","com.youdao.hindict","com.naver.labs.translator","com.tangdi.baiguotong","com.zaz.translate","com.niven.apptranslate","com.promt.pmtappfree"]},{"rank":{"index":6,"lang":"pt-br","country":"br","chineseCountryName":"巴西","pkg":"com.spaceship.screen.textcopy"},"orders":["com.recognize_text.translate.screen","com.tap_to_translate.snap_translate","com.niven.translator","com.niven.game","com.gaminik.i18n","com.spaceship.screen.textcopy","com.niven.comic","com.microsoft.translator","com.galaxy.airviewdictionary","com.google.android.apps.translate","com.newmg.yurao.pro","com.screen.translate.google","com.youdao.hindict","at.nk.tools.iTranslate","com.niven.apptranslate","com.eecorp.taptranslator","com.deepl.mobiletranslator","com.tangdi.baiguotong","com.facebook.orca","com.android.chrome"]},{"rank":{"index":7,"lang":"fr","country":"fr","chineseCountryName":"法国","pkg":"com.spaceship.screen.textcopy"},"orders":["com.recognize_text.translate.screen","com.tap_to_translate.snap_translate","com.niven.translator","com.microsoft.translator","com.niven.game","com.gaminik.i18n","com.spaceship.screen.textcopy","com.niven.comic","com.google.android.apps.translate","com.newmg.yurao.pro","com.tangdi.baiguotong","at.nk.tools.iTranslate","com.screen.translate.google","com.niven.apptranslate","com.zaz.translate","com.youdao.hindict","com.b1b.translator.voicetranslate.alllanguages.translator.app","com.deepl.mobiletranslator","com.galaxy.airviewdictionary","com.eecorp.taptranslator"]},{"rank":{"index":2,"lang":"en-gb","country":"gb","chineseCountryName":"英国","pkg":"com.spaceship.screen.textcopy"},"orders":["com.recognize_text.translate.screen","com.spaceship.screen.textcopy","com.gaminik.i18n","com.tap_to_translate.snap_translate","com.microsoft.translator","com.google.android.apps.translate","com.niven.translator","com.niven.game","at.nk.tools.iTranslate","com.niven.comic","com.zaz.translate","com.b1b.translator.voicetranslate.alllanguages.translator.app","com.tangdi.baiguotong","com.language.translate.free.translator.voice.translation","com.sayhi.android.sayhitranslate","com.deepl.mobiletranslator","com.youdao.hindict","com.translate.talkingtranslator","com.newmg.yurao.pro","com.screen.translate.google"]},{"rank":{"index":2,"lang":"de","country":"de","chineseCountryName":"德国","pkg":"com.spaceship.screen.textcopy"},"orders":["com.recognize_text.translate.screen","com.spaceship.screen.textcopy","com.niven.translator","com.microsoft.translator","com.gaminik.i18n","com.niven.game","com.tap_to_translate.snap_translate","com.niven.comic","com.google.android.apps.translate","at.nk.tools.iTranslate","com.newmg.yurao.pro","com.deepl.mobiletranslator","com.screen.translate.google","com.translate.talkingtranslator"]},{"rank":{"index":2,"lang":"it","country":"it","chineseCountryName":"意大利","pkg":"com.spaceship.screen.textcopy"},"orders":["com.recognize_text.translate.screen","com.spaceship.screen.textcopy","com.niven.translator","com.gaminik.i18n","com.niven.game","com.tap_to_translate.snap_translate","com.microsoft.translator","com.niven.comic","com.google.android.apps.translate","com.screen.translate.google","at.nk.tools.iTranslate","com.newmg.yurao.pro","com.galaxy.airviewdictionary","com.tangdi.baiguotong","screen.translator.voice.translate","com.niven.apptranslate","com.deepl.mobiletranslator","com.youdao.hindict","com.zaz.translate","com.eecorp.taptranslator"]},{"rank":{"index":2,"lang":"ja","country":"jp","chineseCountryName":"日本","pkg":"com.spaceship.screen.textcopy"},"orders":["com.recognize_text.translate.screen","com.spaceship.screen.textcopy","com.niven.translator","com.gaminik.i18n","com.niven.game","com.microsoft.translator","com.tap_to_translate.snap_translate","com.niven.comic","com.naver.labs.translator","com.google.android.apps.translate","com.deepl.mobiletranslator","com.newmg.yurao.pro","com.screen.translate.google","com.tangdi.baiguotong","com.galaxy.airviewdictionary","at.nk.tools.iTranslate","com.niven.apptranslate","com.translate.talkingtranslator","com.youdao.hindict","com.google.ar.lens"]},{"rank":{"index":2,"lang":"ko","country":"kr","chineseCountryName":"韩国","pkg":"com.spaceship.screen.textcopy"},"orders":["com.recognize_text.translate.screen","com.spaceship.screen.textcopy","com.microsoft.translator","com.tap_to_translate.snap_translate","com.gaminik.i18n","com.niven.translator","com.niven.game","com.naver.labs.translator","com.google.android.apps.translate","com.niven.comic","at.nk.tools.iTranslate","com.b1b.translator.voicetranslate.alllanguages.translator.app","com.translate.talkingtranslator"]},{"rank":{"index":2,"lang":"zh-hk","country":"hk","chineseCountryName":"香港","pkg":"com.spaceship.screen.textcopy"},"orders":["com.recognize_text.translate.screen","com.spaceship.screen.textcopy","com.microsoft.translator","com.gaminik.i18n","com.niven.translator","com.niven.game","com.google.android.apps.translate","com.tap_to_translate.snap_translate","com.niven.comic","at.nk.tools.iTranslate","com.tangdi.baiguotong","com.naver.labs.translator","com.youdao.hindict","com.galaxy.airviewdictionary","com.b1b.translator.voicetranslate.alllanguages.translator.app","com.newmg.yurao.pro","com.translate.talkingtranslator","com.language.translate.free.translator.voice.translation","com.screen.translate.google","com.deepl.mobiletranslator"]},{"rank":{"index":2,"lang":"zh-tw","country":"tw","chineseCountryName":"台湾","pkg":"com.spaceship.screen.textcopy"},"orders":["com.recognize_text.translate.screen","com.spaceship.screen.textcopy","com.microsoft.translator","com.gaminik.i18n","com.niven.game","com.niven.translator","com.tap_to_translate.snap_translate","com.google.android.apps.translate","com.niven.comic","at.nk.tools.iTranslate","com.tangdi.baiguotong","com.youdao.hindict","com.naver.labs.translator","com.galaxy.airviewdictionary","com.translate.talkingtranslator","com.b1b.translator.voicetranslate.alllanguages.translator.app","com.zaz.translate","com.newmg.yurao.pro","com.language.translate.free.translator.voice.translation","com.translate.language.translator.voice.translation"]},{"rank":{"index":4,"lang":"en","country":"in","chineseCountryName":"印度","pkg":"com.spaceship.screen.textcopy"},"orders":["com.recognize_text.translate.screen","com.google.android.apps.translate","com.tap_to_translate.snap_translate","com.spaceship.screen.textcopy","com.niven.game","com.niven.translator","com.newmg.yurao.pro","at.nk.tools.iTranslate","com.zaz.translate","com.microsoft.translator"]},{"rank":{"index":2,"lang":"id","country":"id","chineseCountryName":"印尼","pkg":"com.spaceship.screen.textcopy"},"orders":["com.recognize_text.translate.screen","com.spaceship.screen.textcopy","com.tap_to_translate.snap_translate","com.niven.translator","com.gaminik.i18n","com.niven.game","com.youdao.hindict","com.niven.comic","com.microsoft.translator","com.newmg.yurao.pro","com.google.android.apps.translate","com.screen.translate.google","at.nk.tools.iTranslate"]},{"rank":{"index":3,"lang":"es-mx","country":"mx","chineseCountryName":"墨西哥","pkg":"com.spaceship.screen.textcopy"},"orders":["com.recognize_text.translate.screen","com.niven.translator","com.spaceship.screen.textcopy","com.gaminik.i18n","com.niven.game","com.niven.comic","com.microsoft.translator","com.youdao.hindict","com.screen.translate.google","com.eecorp.linguago","com.languagetranslator.translatorapp.smartscanner.dictionary.translation.voicetranslator","at.nk.tools.iTranslate","all.language.translate.translator","translate.photo.translator.all.language.voice.translation.free.app","com.google.android.apps.translate","com.tangdi.baiguotong","com.tap_to_translate.snap_translate","com.newmg.yurao.pro","com.zaz.translate","free.translate.all.language.translator"]}]