[{"rank":{"index":2,"lang":"en-us","country":"us","chineseCountryName":"美国","pkg":"com.spaceship.screen.textcopy"},"orders":["com.recognize_text.translate.screen","com.spaceship.screen.textcopy","com.niven.translator","com.galaxy.airviewdictionary","com.screen.translate.google","com.gaminik.i18n","com.tap_to_translate.snap_translate","com.google.android.apps.translate","com.newmg.yurao.pro","com.immersivetranslate.browser","com.deepl.mobiletranslator","com.fapp.translate.language.translator.fasttranslation","com.naver.labs.translator","com.niven.apptranslate","com.microsoft.translator","photo.translate.camera.translator","com.wooask.zx","at.nk.tools.iTranslate","ru.yandex.translate","com.niven.game"]},{"rank":{"index":4,"lang":"ru","country":"ru","chineseCountryName":"俄罗斯","pkg":"com.spaceship.screen.textcopy"},"orders":["com.recognize_text.translate.screen","com.niven.translator","com.tap_to_translate.snap_translate","com.spaceship.screen.textcopy","com.gaminik.i18n","com.galaxy.airviewdictionary","com.screen.translate.google","com.newmg.yurao.pro","ru.yandex.translate","com.niven.game","com.voice_camera_free_translate","com.google.android.apps.translate","com.niven.apptranslate","com.deepl.mobiletranslator","com.immersivetranslate.browser","photo.translate.camera.translator","com.naver.labs.translator","com.eecorp.linguago","com.zaz.translate","com.activision.callofduty.shooter"]},{"rank":{"index":2,"lang":"pt-br","country":"br","chineseCountryName":"巴西","pkg":"com.spaceship.screen.textcopy"},"orders":["com.recognize_text.translate.screen","com.spaceship.screen.textcopy","com.niven.translator","com.gaminik.i18n","com.tap_to_translate.snap_translate","com.galaxy.airviewdictionary","com.screen.translate.google","com.newmg.yurao.pro","com.niven.game","com.niven.apptranslate","com.immersivetranslate.browser","com.google.android.apps.translate","com.deepl.mobiletranslator","com.fapp.translate.language.translator.fasttranslation","com.microsoft.teams","com.amazon.kindle","com.ubercab","com.google.android.apps.chromecast.app","com.facebook.orca","com.openai.chatgpt"]},{"rank":{"index":2,"lang":"fr","country":"fr","chineseCountryName":"法国","pkg":"com.spaceship.screen.textcopy"},"orders":["com.recognize_text.translate.screen","com.spaceship.screen.textcopy","com.tap_to_translate.snap_translate","com.niven.translator","com.gaminik.i18n","com.galaxy.airviewdictionary","com.screen.translate.google","com.newmg.yurao.pro","com.fapp.translate.language.translator.fasttranslation","com.google.android.apps.translate","com.voice_camera_free_translate","com.immersivetranslate.browser","com.deepl.mobiletranslator","com.niven.apptranslate","com.naver.labs.translator","com.microsoft.teams","com.niven.game","com.facebook.orca","com.microsoft.translator","com.openai.chatgpt"]},{"rank":{"index":2,"lang":"en-gb","country":"gb","chineseCountryName":"英国","pkg":"com.spaceship.screen.textcopy"},"orders":["com.recognize_text.translate.screen","com.spaceship.screen.textcopy","com.niven.translator","com.galaxy.airviewdictionary","com.screen.translate.google","com.gaminik.i18n","com.tap_to_translate.snap_translate","com.google.android.apps.translate","com.newmg.yurao.pro","com.fapp.translate.language.translator.fasttranslation","com.immersivetranslate.browser","com.niven.apptranslate","com.microsoft.translator","com.naver.labs.translator","com.deepl.mobiletranslator","photo.translate.camera.translator","ru.yandex.translate","com.zaz.translate","com.inw.trulinco","com.wooask.zx"]},{"rank":{"index":4,"lang":"de","country":"de","chineseCountryName":"德国","pkg":"com.spaceship.screen.textcopy"},"orders":["com.recognize_text.translate.screen","com.niven.translator","com.tap_to_translate.snap_translate","com.spaceship.screen.textcopy","com.gaminik.i18n","com.galaxy.airviewdictionary","com.screen.translate.google","com.niven.apptranslate","com.voice_camera_free_translate","com.newmg.yurao.pro","com.google.android.apps.translate","com.immersivetranslate.browser","com.deepl.mobiletranslator","com.fapp.translate.language.translator.fasttranslation","com.microsoft.teams","com.facebook.orca","com.openai.chatgpt","com.instagram.barcelona","com.zaz.translate","com.adobe.reader"]},{"rank":{"index":2,"lang":"it","country":"it","chineseCountryName":"意大利","pkg":"com.spaceship.screen.textcopy"},"orders":["com.recognize_text.translate.screen","com.spaceship.screen.textcopy","com.tap_to_translate.snap_translate","com.gaminik.i18n","com.niven.translator","com.galaxy.airviewdictionary","com.screen.translate.google","com.newmg.yurao.pro","com.voice_camera_free_translate","com.immersivetranslate.browser","com.google.android.apps.translate","com.fapp.translate.language.translator.fasttranslation","com.deepl.mobiletranslator","com.niven.apptranslate","com.eecorp.linguago","com.microsoft.translator","com.niven.game","photo.translate.camera.translator","ru.yandex.translate","com.microsoft.teams"]},{"rank":{"index":2,"lang":"ja","country":"jp","chineseCountryName":"日本","pkg":"com.spaceship.screen.textcopy"},"orders":["com.recognize_text.translate.screen","com.spaceship.screen.textcopy","com.tap_to_translate.snap_translate","com.gaminik.i18n","com.niven.translator","com.galaxy.airviewdictionary","com.screen.translate.google","com.newmg.yurao.pro","com.google.android.apps.translate","com.immersivetranslate.browser","com.naver.labs.translator","com.fapp.translate.language.translator.fasttranslation","com.deepl.mobiletranslator","com.niven.game","com.voice_camera_free_translate","com.niven.apptranslate","com.zaz.translate","com.microsoft.translator","com.microsoft.teams","com.openai.chatgpt"]},{"rank":{"index":2,"lang":"ko","country":"kr","chineseCountryName":"韩国","pkg":"com.spaceship.screen.textcopy"},"orders":["com.recognize_text.translate.screen","com.spaceship.screen.textcopy","com.tap_to_translate.snap_translate","com.gaminik.i18n","com.niven.translator","com.galaxy.airviewdictionary","com.screen.translate.google","com.newmg.yurao.pro","com.naver.labs.translator","com.niven.apptranslate","com.google.android.apps.translate","com.voice_camera_free_translate","com.fapp.translate.language.translator.fasttranslation","com.immersivetranslate.browser","com.microsoft.teams","com.facebook.orca","com.openai.chatgpt","com.kakao.talk","com.niven.game","com.instagram.barcelona"]},{"rank":{"index":2,"lang":"zh-hk","country":"hk","chineseCountryName":"香港","pkg":"com.spaceship.screen.textcopy"},"orders":["com.recognize_text.translate.screen","com.spaceship.screen.textcopy","com.tap_to_translate.snap_translate","com.niven.translator","com.screen.translate.google","com.gaminik.i18n","com.galaxy.airviewdictionary","com.newmg.yurao.pro","com.google.android.apps.translate","com.fapp.translate.language.translator.fasttranslation","com.niven.apptranslate","com.voice_camera_free_translate","com.immersivetranslate.browser","com.naver.labs.translator","photo.translate.camera.translator","com.zaz.translate","com.deepl.mobiletranslator","com.microsoft.teams","com.facebook.orca","com.microsoft.translator"]},{"rank":{"index":2,"lang":"zh-tw","country":"tw","chineseCountryName":"台湾","pkg":"com.spaceship.screen.textcopy"},"orders":["com.recognize_text.translate.screen","com.spaceship.screen.textcopy","com.niven.translator","com.gaminik.i18n","com.screen.translate.google","com.galaxy.airviewdictionary","com.tap_to_translate.snap_translate","com.newmg.yurao.pro","com.fapp.translate.language.translator.fasttranslation","com.google.android.apps.translate","com.immersivetranslate.browser","com.niven.apptranslate","com.naver.labs.translator","com.microsoft.teams","com.facebook.orca","com.openai.chatgpt","com.instagram.barcelona","org.telegram.messenger","com.android.chrome","com.tencent.mm"]},{"rank":{"index":2,"lang":"en","country":"in","chineseCountryName":"印度","pkg":"com.spaceship.screen.textcopy"},"orders":["com.recognize_text.translate.screen","com.spaceship.screen.textcopy","com.newmg.yurao.pro","com.gaminik.i18n"]},{"rank":{"index":2,"lang":"id","country":"id","chineseCountryName":"印尼","pkg":"com.spaceship.screen.textcopy"},"orders":["com.recognize_text.translate.screen","com.spaceship.screen.textcopy","com.tap_to_translate.snap_translate","com.niven.translator","com.gaminik.i18n","com.screen.translate.google","com.galaxy.airviewdictionary","com.newmg.yurao.pro","com.voice_camera_free_translate","com.niven.apptranslate","com.google.android.apps.translate","com.fapp.translate.language.translator.fasttranslation"]},{"rank":{"index":2,"lang":"es-mx","country":"mx","chineseCountryName":"墨西哥","pkg":"com.spaceship.screen.textcopy"},"orders":["com.recognize_text.translate.screen","com.spaceship.screen.textcopy","com.tap_to_translate.snap_translate","com.gaminik.i18n","com.newmg.yurao.pro","com.google.android.apps.translate","com.zaz.translate","com.deepl.mobiletranslator","com.microsoft.translator","at.nk.tools.iTranslate","ru.yandex.translate","com.naver.labs.translator","com.voice_camera_free_translate","com.google.ar.lens","photo.translate.camera.translator","link.zhidou.btranslator","com.immersivetranslate.browser","com.google.android.apps.nbu.files","com.google.android.apps.bard","com.google.android.googlequicksearchbox"]}]