[{"rank":{"index":6,"lang":"en-us","country":"us","chineseCountryName":"美国","pkg":"com.spaceship.screen.textcopy"},"orders":["com.recognize_text.translate.screen","com.google.android.apps.translate","com.screen.translate.google","com.microsoft.translator","com.niven.translator","com.spaceship.screen.textcopy","com.gaminik.i18n","com.niven.game","com.niven.comic","com.tap_to_translate.snap_translate","at.nk.tools.iTranslate","com.translate.talkingtranslator","com.zaz.translate","com.sayhi.android.sayhitranslate","com.naver.labs.translator","com.google.ar.lens","com.datacomprojects.scanandtranslate","com.royalappcode.translation.voice.language.chat.interpreter","com.ticktalk.translatevoice","com.deepl.mobiletranslator"]},{"rank":{"index":4,"lang":"ru","country":"ru","chineseCountryName":"俄罗斯","pkg":"com.spaceship.screen.textcopy"},"orders":["com.recognize_text.translate.screen","com.tap_to_translate.snap_translate","com.niven.translator","com.spaceship.screen.textcopy","com.niven.game","com.gaminik.i18n","com.screen.translate.google","com.niven.comic","ru.yandex.translate","com.microsoft.translator","com.google.android.apps.translate","com.niven.apptranslate","at.nk.tools.iTranslate","com.newmg.yurao.pro","com.deepl.mobiletranslator","com.android.chrome","com.facebook.orca","com.discord","com.google.android.dialer","com.skype.raider"]},{"rank":{"index":3,"lang":"pt-br","country":"br","chineseCountryName":"巴西","pkg":"com.spaceship.screen.textcopy"},"orders":["com.recognize_text.translate.screen","com.tap_to_translate.snap_translate","com.spaceship.screen.textcopy","com.niven.game","com.gaminik.i18n","com.screen.translate.google","com.google.android.apps.translate","com.microsoft.translator","com.niven.comic","at.nk.tools.iTranslate","com.galaxy.airviewdictionary","com.deepl.mobiletranslator","screen.translator.voice.translate","com.newmg.yurao.pro","com.naver.labs.translator","com.niven.apptranslate","ru.yandex.translate","com.google.ar.lens","com.translate.talkingtranslator","com.youdao.hindict"]},{"rank":{"index":3,"lang":"fr","country":"fr","chineseCountryName":"法国","pkg":"com.spaceship.screen.textcopy"},"orders":["com.recognize_text.translate.screen","com.tap_to_translate.snap_translate","com.spaceship.screen.textcopy","com.niven.game","com.gaminik.i18n","com.niven.translator","com.screen.translate.google","com.niven.comic","com.microsoft.translator","com.google.android.apps.translate","at.nk.tools.iTranslate","com.newmg.yurao.pro","com.niven.apptranslate","com.zaz.translate","com.deepl.mobiletranslator","com.facebook.orca","com.image.camera.translate.ai","com.android.chrome","com.discord","com.datacomprojects.scanandtranslate"]},{"rank":{"index":8,"lang":"en-gb","country":"gb","chineseCountryName":"英国","pkg":"com.spaceship.screen.textcopy"},"orders":["com.recognize_text.translate.screen","com.gaminik.i18n","com.screen.translate.google","com.google.android.apps.translate","com.microsoft.translator","com.niven.translator","com.niven.game","com.spaceship.screen.textcopy","com.niven.comic","com.tap_to_translate.snap_translate","at.nk.tools.iTranslate","com.zaz.translate","com.sayhi.android.sayhitranslate","com.datacomprojects.scanandtranslate","com.google.ar.lens","com.newmg.yurao.pro","com.b1b.translator.voicetranslate.alllanguages.translator.app","com.deepl.mobiletranslator","com.translate.talkingtranslator","com.niven.apptranslate"]},{"rank":{"index":8,"lang":"de","country":"de","chineseCountryName":"德国","pkg":"com.spaceship.screen.textcopy"},"orders":["com.recognize_text.translate.screen","com.tap_to_translate.snap_translate","com.niven.game","com.gaminik.i18n","com.screen.translate.google","com.microsoft.translator","com.niven.translator","com.spaceship.screen.textcopy","com.niven.comic","com.google.android.apps.translate","at.nk.tools.iTranslate","com.deepl.mobiletranslator","com.newmg.yurao.pro","com.niven.apptranslate","com.translate.talkingtranslator","com.image.camera.translate.ai","com.datacomprojects.scanandtranslate","com.facebook.orca","com.android.chrome","com.discord"]},{"rank":{"index":4,"lang":"it","country":"it","chineseCountryName":"意大利","pkg":"com.spaceship.screen.textcopy"},"orders":["com.recognize_text.translate.screen","com.niven.game","com.gaminik.i18n","com.spaceship.screen.textcopy","com.niven.translator","com.screen.translate.google","com.microsoft.translator","com.tap_to_translate.snap_translate","com.niven.comic","com.google.android.apps.translate","at.nk.tools.iTranslate","com.newmg.yurao.pro","com.image.camera.translate.ai","com.zaz.translate","com.deepl.mobiletranslator","com.niven.apptranslate","com.aldoo.pdftranslatorpro","com.datacomprojects.scanandtranslate","com.softissimo.reverso.context","com.facebook.orca"]},{"rank":{"index":7,"lang":"ja","country":"jp","chineseCountryName":"日本","pkg":"com.spaceship.screen.textcopy"},"orders":["com.recognize_text.translate.screen","com.niven.translator","com.niven.game","com.gaminik.i18n","com.screen.translate.google","com.niven.comic","com.spaceship.screen.textcopy","com.google.android.apps.translate","com.microsoft.translator","com.datacomprojects.scanandtranslate","com.naver.labs.translator","com.youdao.hindict","com.eecorp.linguago","com.google.ar.lens","com.tap_to_translate.snap_translate","translate.photo.translator.all.language.voice.translation.free.app","com.zaz.translate","com.translate.talkingtranslator","at.nk.tools.iTranslate","com.deepl.mobiletranslator"]},{"rank":{"index":7,"lang":"ko","country":"kr","chineseCountryName":"韩国","pkg":"com.spaceship.screen.textcopy"},"orders":["com.recognize_text.translate.screen","com.tap_to_translate.snap_translate","com.gaminik.i18n","com.niven.translator","com.niven.game","com.screen.translate.google","com.spaceship.screen.textcopy","com.niven.comic","com.naver.labs.translator","com.google.android.apps.translate","com.microsoft.translator","com.niven.apptranslate","com.facebook.orca","at.nk.tools.iTranslate","com.discord","com.android.chrome","com.newmg.yurao.pro","com.duolingo","com.sec.android.app.sbrowser","us.zoom.videomeetings"]},{"rank":{"index":7,"lang":"zh-hk","country":"hk","chineseCountryName":"香港","pkg":"com.spaceship.screen.textcopy"},"orders":["com.recognize_text.translate.screen","com.niven.game","com.gaminik.i18n","com.screen.translate.google","com.niven.translator","com.microsoft.translator","com.spaceship.screen.textcopy","com.tap_to_translate.snap_translate","com.niven.comic","com.google.android.apps.translate","at.nk.tools.iTranslate","com.naver.labs.translator","com.image.camera.translate.ai","com.niven.apptranslate","com.android.chrome","com.newmg.yurao.pro","com.facebook.orca","com.google.android.apps.maps","com.google.ar.lens","com.datacomprojects.scanandtranslate"]},{"rank":{"index":7,"lang":"zh-tw","country":"tw","chineseCountryName":"台湾","pkg":"com.spaceship.screen.textcopy"},"orders":["com.recognize_text.translate.screen","com.gaminik.i18n","com.niven.game","com.screen.translate.google","com.niven.translator","com.tap_to_translate.snap_translate","com.spaceship.screen.textcopy","com.microsoft.translator","com.niven.comic","com.google.android.apps.translate","com.niven.apptranslate","at.nk.tools.iTranslate","com.eecorp.taptranslator","com.newmg.yurao.pro","com.naver.labs.translator","com.facebook.orca","com.audacityittranslator.translatetexttranslator","com.image.camera.translate.ai","com.translate.talkingtranslator","com.discord"]},{"rank":{"index":4,"lang":"en","country":"in","chineseCountryName":"印度","pkg":"com.spaceship.screen.textcopy"},"orders":["com.recognize_text.translate.screen","com.google.android.apps.translate","com.tap_to_translate.snap_translate","com.spaceship.screen.textcopy","com.screen.translate.google","com.gaminik.i18n","com.microsoft.translator","com.niven.translator","com.niven.game","at.nk.tools.iTranslate","com.zaz.translate","com.newmg.yurao.pro","com.google.ar.lens"]},{"rank":{"index":6,"lang":"id","country":"id","chineseCountryName":"印尼","pkg":"com.spaceship.screen.textcopy"},"orders":["com.recognize_text.translate.screen","com.tap_to_translate.snap_translate","com.niven.translator","com.niven.game","com.gaminik.i18n","com.spaceship.screen.textcopy","com.screen.translate.google","com.niven.comic","com.youdao.hindict","com.google.android.apps.translate","com.newmg.yurao.pro","com.niven.apptranslate","com.microsoft.translator"]},{"rank":{"index":4,"lang":"es-mx","country":"mx","chineseCountryName":"墨西哥","pkg":"com.spaceship.screen.textcopy"},"orders":["com.recognize_text.translate.screen","com.tap_to_translate.snap_translate","com.niven.game","com.spaceship.screen.textcopy","com.gaminik.i18n","com.microsoft.translator","com.google.android.apps.translate","at.nk.tools.iTranslate","com.screen.translate.google","com.niven.comic","com.deepl.mobiletranslator","com.youdao.hindict","com.niven.translator"]}]