[{"rank":{"index":2,"lang":"en-us","country":"us","chineseCountryName":"美国","pkg":"com.spaceship.screen.textcopy"},"orders":["com.recognize_text.translate.screen","com.spaceship.screen.textcopy","com.gaminik.i18n","com.microsoft.translator","com.newmg.yurao.pro","com.tap_to_translate.snap_translate","com.google.android.apps.translate","com.niven.game","com.niven.translator","com.niven.comic","at.nk.tools.iTranslate","com.eecorp.taptranslator","com.niven.apptranslate","com.youdao.hindict","com.screen.translate.google","com.translate.talkingtranslator","com.zaz.translate","com.naver.labs.translator","com.google.android.apps.photos","com.android.chrome"]},{"rank":{"index":2,"lang":"ru","country":"ru","chineseCountryName":"俄罗斯","pkg":"com.spaceship.screen.textcopy"},"orders":["com.recognize_text.translate.screen","com.spaceship.screen.textcopy","com.tap_to_translate.snap_translate","com.gaminik.i18n","com.niven.translator","com.niven.game","com.microsoft.translator","com.google.android.apps.translate","com.newmg.yurao.pro","ru.yandex.translate","com.niven.comic","com.niven.apptranslate","com.galaxy.airviewdictionary","com.youdao.hindict","com.screen.translate.google","at.nk.tools.iTranslate","screen.translator.voice.translate","com.eecorp.linguago","com.ticktalk.translatevoice","com.android.chrome"]},{"rank":{"index":2,"lang":"pt-br","country":"br","chineseCountryName":"巴西","pkg":"com.spaceship.screen.textcopy"},"orders":["com.recognize_text.translate.screen","com.spaceship.screen.textcopy","com.tap_to_translate.snap_translate","com.gaminik.i18n","com.niven.translator","com.niven.game","com.niven.comic","com.newmg.yurao.pro","com.eecorp.taptranslator","com.niven.apptranslate","com.google.android.apps.translate","com.youdao.hindict","com.galaxy.airviewdictionary","com.google.android.apps.photos","com.android.chrome","at.nk.tools.iTranslate","com.microsoft.translator","com.google.android.apps.docs","com.google.android.apps.maps","com.discord"]},{"rank":{"index":2,"lang":"fr","country":"fr","chineseCountryName":"法国","pkg":"com.spaceship.screen.textcopy"},"orders":["com.recognize_text.translate.screen","com.spaceship.screen.textcopy","com.gaminik.i18n","com.niven.game","com.niven.translator","com.tap_to_translate.snap_translate","com.newmg.yurao.pro","com.niven.comic","com.microsoft.translator","com.niven.apptranslate","com.google.android.apps.translate","com.eecorp.taptranslator","com.youdao.hindict","com.screen.translate.google","screen.translator.voice.translate","com.intsig.camscanner","com.discord","com.google.android.apps.photos","com.microsoft.office.outlook","com.truecaller"]},{"rank":{"index":2,"lang":"en-gb","country":"gb","chineseCountryName":"英国","pkg":"com.spaceship.screen.textcopy"},"orders":["com.recognize_text.translate.screen","com.spaceship.screen.textcopy","com.tap_to_translate.snap_translate","com.google.android.apps.translate","com.microsoft.translator","com.gaminik.i18n","com.niven.game","com.niven.translator","at.nk.tools.iTranslate","com.newmg.yurao.pro","com.niven.comic","com.niven.apptranslate","com.galaxy.airviewdictionary","com.youdao.hindict","com.eecorp.taptranslator","com.ticktalk.translatevoice","com.screen.translate.google","com.zaz.translate","com.siv","com.easytranslate.easytranslate"]},{"rank":{"index":2,"lang":"de","country":"de","chineseCountryName":"德国","pkg":"com.spaceship.screen.textcopy"},"orders":["com.recognize_text.translate.screen","com.spaceship.screen.textcopy","com.gaminik.i18n","com.newmg.yurao.pro","com.niven.translator","com.niven.game","com.tap_to_translate.snap_translate","com.microsoft.translator","com.niven.comic","com.niven.apptranslate","com.google.android.apps.translate","com.eecorp.taptranslator","at.nk.tools.iTranslate","com.galaxy.airviewdictionary","com.screen.translate.google","com.youdao.hindict","com.google.android.apps.photos","com.android.chrome","com.discord","com.microsoft.office.outlook"]},{"rank":{"index":2,"lang":"it","country":"it","chineseCountryName":"意大利","pkg":"com.spaceship.screen.textcopy"},"orders":["com.recognize_text.translate.screen","com.spaceship.screen.textcopy","com.gaminik.i18n","com.tap_to_translate.snap_translate","com.niven.game","com.niven.translator","screen.translator.voice.translate","com.newmg.yurao.pro","com.microsoft.translator","com.niven.apptranslate","com.google.android.apps.translate","com.screen.translate.google","com.eecorp.taptranslator","com.niven.comic","com.galaxy.airviewdictionary","com.google.android.apps.photos","com.discord","com.microsoft.office.outlook","at.nk.tools.iTranslate","com.android.chrome"]},{"rank":{"index":2,"lang":"ja","country":"jp","chineseCountryName":"日本","pkg":"com.spaceship.screen.textcopy"},"orders":["com.recognize_text.translate.screen","com.spaceship.screen.textcopy","com.gaminik.i18n","com.newmg.yurao.pro","com.niven.translator","com.niven.game","com.tap_to_translate.snap_translate","com.google.android.apps.translate","com.microsoft.translator","com.galaxy.airviewdictionary","com.niven.comic","com.screen.translate.google","com.niven.apptranslate","com.discord","com.android.chrome","com.google.android.apps.maps","com.naver.labs.translator","com.deepl.mobiletranslator","com.youdao.hindict","com.microsoft.office.outlook"]},{"rank":{"index":2,"lang":"ko","country":"kr","chineseCountryName":"韩国","pkg":"com.spaceship.screen.textcopy"},"orders":["com.recognize_text.translate.screen","com.spaceship.screen.textcopy","com.gaminik.i18n","com.tap_to_translate.snap_translate","com.microsoft.translator","com.niven.game","com.google.android.apps.translate","com.niven.translator","com.newmg.yurao.pro","com.niven.apptranslate","com.niven.comic","com.naver.labs.translator","at.nk.tools.iTranslate","com.youdao.hindict","com.screen.translate.google","com.eecorp.taptranslator","com.zaz.translate","com.translate.talkingtranslator","com.galaxy.airviewdictionary","com.android.chrome"]},{"rank":{"index":2,"lang":"zh-hk","country":"hk","chineseCountryName":"香港","pkg":"com.spaceship.screen.textcopy"},"orders":["com.recognize_text.translate.screen","com.spaceship.screen.textcopy","com.tap_to_translate.snap_translate","com.gaminik.i18n","com.microsoft.translator","com.google.android.apps.translate","com.niven.game","com.niven.translator","com.newmg.yurao.pro","com.niven.apptranslate","com.niven.comic","at.nk.tools.iTranslate","com.youdao.hindict","com.screen.translate.google","com.galaxy.airviewdictionary","com.tangdi.baiguotong","com.eecorp.taptranslator","com.zaz.translate","com.translate.talkingtranslator","com.google.android.apps.maps"]},{"rank":{"index":2,"lang":"zh-tw","country":"tw","chineseCountryName":"台湾","pkg":"com.spaceship.screen.textcopy"},"orders":["com.recognize_text.translate.screen","com.spaceship.screen.textcopy","com.niven.game","com.gaminik.i18n","com.microsoft.translator","com.google.android.apps.translate","com.niven.translator","com.tap_to_translate.snap_translate","com.niven.comic","com.youdao.hindict","com.newmg.yurao.pro","com.niven.apptranslate","at.nk.tools.iTranslate","com.galaxy.airviewdictionary","com.translate.talkingtranslator","com.screen.translate.google","com.eecorp.taptranslator","com.tangdi.baiguotong","com.google.android.apps.maps","com.google.ar.lens"]},{"rank":{"index":2,"lang":"en","country":"in","chineseCountryName":"印度","pkg":"com.spaceship.screen.textcopy"},"orders":["com.recognize_text.translate.screen","com.spaceship.screen.textcopy","com.google.android.apps.translate","com.tap_to_translate.snap_translate","com.microsoft.translator","com.niven.game","com.gaminik.i18n"]},{"rank":{"index":2,"lang":"id","country":"id","chineseCountryName":"印尼","pkg":"com.spaceship.screen.textcopy"},"orders":["com.recognize_text.translate.screen","com.spaceship.screen.textcopy","com.gaminik.i18n","com.tap_to_translate.snap_translate","com.niven.game","com.youdao.hindict","com.niven.translator","com.newmg.yurao.pro","com.niven.apptranslate","com.niven.comic","com.eecorp.taptranslator","com.google.android.apps.translate"]},{"rank":{"index":2,"lang":"es-mx","country":"mx","chineseCountryName":"墨西哥","pkg":"com.spaceship.screen.textcopy"},"orders":["com.recognize_text.translate.screen","com.spaceship.screen.textcopy","com.gaminik.i18n","com.niven.translator","com.niven.game","com.niven.comic","com.tap_to_translate.snap_translate","com.newmg.yurao.pro","com.niven.apptranslate","com.youdao.hindict","com.microsoft.translator","com.galaxy.airviewdictionary","com.google.android.apps.translate","com.eecorp.taptranslator","com.google.android.apps.photos","com.android.chrome","com.google.android.apps.maps","com.google.android.apps.docs","com.discord","com.microsoft.office.outlook"]}]