[{"rank":{"index":7,"lang":"en-us","country":"us","chineseCountryName":"美国","pkg":"com.spaceship.screen.textcopy"},"orders":["com.recognize_text.translate.screen","com.google.android.apps.translate","com.screen.translate.google","com.microsoft.translator","com.niven.translator","com.gaminik.i18n","com.spaceship.screen.textcopy","com.niven.game","com.tap_to_translate.snap_translate","com.niven.comic","com.google.ar.lens","com.naver.labs.translator","com.zaz.translate","com.ticktalk.translatevoice","com.deepl.mobiletranslator","at.nk.tools.iTranslate","com.translate.talkingtranslator","com.sayhi.android.sayhitranslate","com.datacomprojects.scanandtranslate","com.b1b.translator.voicetranslate.alllanguages.translator.app"]},{"rank":{"index":6,"lang":"ru","country":"ru","chineseCountryName":"俄罗斯","pkg":"com.spaceship.screen.textcopy"},"orders":["com.recognize_text.translate.screen","com.tap_to_translate.snap_translate","com.niven.translator","com.niven.game","com.gaminik.i18n","com.spaceship.screen.textcopy","com.screen.translate.google","ru.yandex.translate","com.niven.comic","com.microsoft.translator","com.google.android.apps.translate","com.deepl.mobiletranslator","com.newmg.yurao.pro","at.nk.tools.iTranslate","com.datacomprojects.scanandtranslate","com.whatsapp","com.google.ar.lens","com.android.chrome","com.facebook.orca","com.niven.apptranslate"]},{"rank":{"index":3,"lang":"pt-br","country":"br","chineseCountryName":"巴西","pkg":"com.spaceship.screen.textcopy"},"orders":["com.recognize_text.translate.screen","com.tap_to_translate.snap_translate","com.spaceship.screen.textcopy","com.niven.game","com.gaminik.i18n","com.microsoft.translator","com.screen.translate.google","com.google.android.apps.translate","com.niven.comic","at.nk.tools.iTranslate","com.galaxy.airviewdictionary","com.deepl.mobiletranslator","ru.yandex.translate","com.newmg.yurao.pro","com.naver.labs.translator","com.google.ar.lens","com.youdao.hindict","com.softissimo.reverso.context","com.sayhi.android.sayhitranslate","com.translate.talkingtranslator"]},{"rank":{"index":9,"lang":"fr","country":"fr","chineseCountryName":"法国","pkg":"com.spaceship.screen.textcopy"},"orders":["com.recognize_text.translate.screen","com.tap_to_translate.snap_translate","com.niven.game","com.niven.translator","com.gaminik.i18n","com.microsoft.translator","com.screen.translate.google","com.google.android.apps.translate","com.spaceship.screen.textcopy","com.niven.comic","com.deepl.mobiletranslator","com.newmg.yurao.pro","com.datacomprojects.scanandtranslate","com.image.camera.translate.ai","com.zaz.translate","at.nk.tools.iTranslate","com.softissimo.reverso.context","com.b1b.translator.voicetranslate.alllanguages.translator.app","com.ticktalk.translatevoice","com.google.ar.lens"]},{"rank":{"index":8,"lang":"en-gb","country":"gb","chineseCountryName":"英国","pkg":"com.spaceship.screen.textcopy"},"orders":["com.recognize_text.translate.screen","com.microsoft.translator","com.gaminik.i18n","com.screen.translate.google","com.google.android.apps.translate","com.niven.translator","com.niven.game","com.spaceship.screen.textcopy","com.tap_to_translate.snap_translate","com.niven.comic","com.zaz.translate","at.nk.tools.iTranslate","com.deepl.mobiletranslator","com.b1b.translator.voicetranslate.alllanguages.translator.app","com.datacomprojects.scanandtranslate","com.ticktalk.translatevoice","com.sayhi.android.sayhitranslate","com.google.ar.lens","com.newmg.yurao.pro","com.translate.language.translator.voice.translation"]},{"rank":{"index":8,"lang":"de","country":"de","chineseCountryName":"德国","pkg":"com.spaceship.screen.textcopy"},"orders":["com.recognize_text.translate.screen","com.tap_to_translate.snap_translate","com.screen.translate.google","com.microsoft.translator","com.niven.game","com.gaminik.i18n","com.niven.translator","com.spaceship.screen.textcopy","com.google.android.apps.translate","com.niven.comic","com.deepl.mobiletranslator","com.datacomprojects.scanandtranslate","com.newmg.yurao.pro","com.google.ar.lens","at.nk.tools.iTranslate","com.ticktalk.translatevoice","com.translate.talkingtranslator","ru.yandex.translate","com.image.camera.translate.ai","com.softissimo.reverso.context"]},{"rank":{"index":5,"lang":"it","country":"it","chineseCountryName":"意大利","pkg":"com.spaceship.screen.textcopy"},"orders":["com.recognize_text.translate.screen","com.niven.game","com.gaminik.i18n","com.microsoft.translator","com.spaceship.screen.textcopy","com.screen.translate.google","com.niven.translator","com.google.android.apps.translate","com.tap_to_translate.snap_translate","com.niven.comic","at.nk.tools.iTranslate","com.deepl.mobiletranslator"]},{"rank":{"index":10,"lang":"ja","country":"jp","chineseCountryName":"日本","pkg":"com.spaceship.screen.textcopy"},"orders":["com.recognize_text.translate.screen","com.niven.game","com.gaminik.i18n","com.niven.translator","com.google.android.apps.translate","com.screen.translate.google","com.tap_to_translate.snap_translate","com.microsoft.translator","com.naver.labs.translator","com.spaceship.screen.textcopy","com.niven.comic","com.google.ar.lens","com.deepl.mobiletranslator","com.datacomprojects.scanandtranslate","com.b1b.translator.voicetranslate.alllanguages.translator.app","at.nk.tools.iTranslate","com.translate.talkingtranslator","com.facebook.orca","com.android.chrome","com.whatsapp"]},{"rank":{"index":8,"lang":"ko","country":"kr","chineseCountryName":"韩国","pkg":"com.spaceship.screen.textcopy"},"orders":["com.recognize_text.translate.screen","com.tap_to_translate.snap_translate","com.gaminik.i18n","com.niven.translator","com.screen.translate.google","com.niven.game","com.niven.comic","com.spaceship.screen.textcopy","com.naver.labs.translator","com.google.android.apps.translate","com.microsoft.translator","com.newmg.yurao.pro","com.facebook.orca","com.whatsapp","com.deepl.mobiletranslator","com.discord","com.google.ar.lens","com.android.chrome","com.sec.android.app.sbrowser","us.zoom.videomeetings"]},{"rank":{"index":7,"lang":"zh-hk","country":"hk","chineseCountryName":"香港","pkg":"com.spaceship.screen.textcopy"},"orders":["com.recognize_text.translate.screen","com.gaminik.i18n","com.niven.game","com.screen.translate.google","com.niven.translator","com.microsoft.translator","com.spaceship.screen.textcopy","com.tap_to_translate.snap_translate","com.google.android.apps.translate","com.niven.comic","at.nk.tools.iTranslate","com.naver.labs.translator","com.image.camera.translate.ai","com.newmg.yurao.pro","com.b1b.translator.voicetranslate.alllanguages.translator.app","com.translate.language.translator.voice.translation","com.datacomprojects.scanandtranslate","com.google.ar.lens","com.deepl.mobiletranslator","com.translate.talkingtranslator"]},{"rank":{"index":8,"lang":"zh-tw","country":"tw","chineseCountryName":"台湾","pkg":"com.spaceship.screen.textcopy"},"orders":["com.recognize_text.translate.screen","com.tap_to_translate.snap_translate","com.niven.game","com.screen.translate.google","com.niven.translator","com.gaminik.i18n","com.microsoft.translator","com.spaceship.screen.textcopy","com.niven.comic","com.google.android.apps.translate","at.nk.tools.iTranslate","com.newmg.yurao.pro","com.naver.labs.translator","com.google.ar.lens","com.image.camera.translate.ai","com.deepl.mobiletranslator","com.translate.language.translator.voice.translation","com.datacomprojects.scanandtranslate","com.youdao.hindict","com.b1b.translator.voicetranslate.alllanguages.translator.app"]},{"rank":{"index":9,"lang":"en","country":"in","chineseCountryName":"印度","pkg":"com.spaceship.screen.textcopy"},"orders":["com.recognize_text.translate.screen","com.google.android.apps.translate","com.tap_to_translate.snap_translate","com.screen.translate.google","com.zaz.translate","com.niven.translator","com.niven.game","com.gaminik.i18n","com.spaceship.screen.textcopy","at.nk.tools.iTranslate","com.ticktalk.translatevoice","com.google.ar.lens","com.newmg.yurao.pro","com.deepl.mobiletranslator","com.microsoft.translator"]},{"rank":{"index":7,"lang":"id","country":"id","chineseCountryName":"印尼","pkg":"com.spaceship.screen.textcopy"},"orders":["com.recognize_text.translate.screen","com.tap_to_translate.snap_translate","com.niven.translator","com.niven.game","com.gaminik.i18n","com.screen.translate.google","com.spaceship.screen.textcopy","com.niven.comic","com.youdao.hindict","com.google.android.apps.translate","com.newmg.yurao.pro","com.microsoft.translator","com.naver.labs.translator","com.deepl.mobiletranslator"]},{"rank":{"index":5,"lang":"es-mx","country":"mx","chineseCountryName":"墨西哥","pkg":"com.spaceship.screen.textcopy"},"orders":["com.recognize_text.translate.screen","com.tap_to_translate.snap_translate","com.niven.game","com.microsoft.translator","com.spaceship.screen.textcopy","com.gaminik.i18n","com.google.android.apps.translate","com.screen.translate.google","at.nk.tools.iTranslate","com.niven.comic","com.youdao.hindict","com.deepl.mobiletranslator","ru.yandex.translate","com.newmg.yurao.pro","com.naver.labs.translator","com.softissimo.reverso.context","com.niven.translator"]}]