[{"rank":{"index":6,"lang":"en-us","country":"us","chineseCountryName":"美国","pkg":"com.spaceship.screen.textcopy"},"orders":["com.recognize_text.translate.screen","com.google.android.apps.translate","com.microsoft.translator","com.screen.translate.google","com.niven.translator","com.spaceship.screen.textcopy","com.gaminik.i18n","com.niven.game","com.tap_to_translate.snap_translate","com.sayhi.android.sayhitranslate","at.nk.tools.iTranslate","com.translate.talkingtranslator","com.ticktalk.translatevoice","com.deepl.mobiletranslator","com.niven.comic","com.royalappcode.translation.voice.language.chat.interpreter","com.datacomprojects.scanandtranslate","com.google.ar.lens","com.b1b.translator.voicetranslate.alllanguages.translator.app","com.naver.labs.translator"]},{"rank":{"index":4,"lang":"ru","country":"ru","chineseCountryName":"俄罗斯","pkg":"com.spaceship.screen.textcopy"},"orders":["com.recognize_text.translate.screen","com.tap_to_translate.snap_translate","com.niven.translator","com.spaceship.screen.textcopy","com.niven.game","com.gaminik.i18n","com.screen.translate.google","ru.yandex.translate","com.microsoft.translator","com.niven.comic","com.google.android.apps.translate","com.deepl.mobiletranslator","at.nk.tools.iTranslate","com.newmg.yurao.pro","com.niven.apptranslate","com.datacomprojects.scanandtranslate","com.google.ar.lens","com.zaz.translate","com.wooask.zx","com.youdao.hindict"]},{"rank":{"index":3,"lang":"pt-br","country":"br","chineseCountryName":"巴西","pkg":"com.spaceship.screen.textcopy"},"orders":["com.recognize_text.translate.screen","com.tap_to_translate.snap_translate","com.spaceship.screen.textcopy","com.niven.game","com.microsoft.translator","com.gaminik.i18n","com.google.android.apps.translate","com.screen.translate.google","at.nk.tools.iTranslate","com.niven.comic","com.youdao.hindict","com.deepl.mobiletranslator","ru.yandex.translate","com.newmg.yurao.pro","com.galaxy.airviewdictionary","com.translate.talkingtranslator","com.naver.labs.translator","com.sayhi.android.sayhitranslate","com.softissimo.reverso.context","com.zaz.translate"]},{"rank":{"index":5,"lang":"fr","country":"fr","chineseCountryName":"法国","pkg":"com.spaceship.screen.textcopy"},"orders":["com.recognize_text.translate.screen","com.tap_to_translate.snap_translate","com.microsoft.translator","com.niven.game","com.spaceship.screen.textcopy","com.gaminik.i18n","com.niven.translator","com.google.android.apps.translate","com.screen.translate.google","com.niven.comic","com.image.camera.translate.ai","at.nk.tools.iTranslate","com.b1b.translator.voicetranslate.alllanguages.translator.app","com.deepl.mobiletranslator","com.datacomprojects.scanandtranslate","com.youdao.hindict","com.newmg.yurao.pro","com.tangdi.baiguotong","com.zaz.translate","camtranslator.voice.text.image.translate"]},{"rank":{"index":6,"lang":"en-gb","country":"gb","chineseCountryName":"英国","pkg":"com.spaceship.screen.textcopy"},"orders":["com.recognize_text.translate.screen","com.google.android.apps.translate","com.microsoft.translator","com.screen.translate.google","com.gaminik.i18n","com.spaceship.screen.textcopy","com.niven.translator","com.niven.game","at.nk.tools.iTranslate","com.b1b.translator.voicetranslate.alllanguages.translator.app","com.sayhi.android.sayhitranslate","com.niven.comic","com.tap_to_translate.snap_translate","com.deepl.mobiletranslator","com.datacomprojects.scanandtranslate","com.image.camera.translate.ai","com.zaz.translate","com.royalappcode.translation.voice.language.chat.interpreter","com.ticktalk.translatevoice","com.google.ar.lens"]},{"rank":{"index":9,"lang":"de","country":"de","chineseCountryName":"德国","pkg":"com.spaceship.screen.textcopy"},"orders":["com.recognize_text.translate.screen","com.tap_to_translate.snap_translate","com.microsoft.translator","com.screen.translate.google","com.niven.translator","com.google.android.apps.translate","com.niven.game","com.gaminik.i18n","com.spaceship.screen.textcopy","com.deepl.mobiletranslator","com.niven.comic","com.translate.talkingtranslator","com.image.camera.translate.ai","at.nk.tools.iTranslate","com.datacomprojects.scanandtranslate","com.newmg.yurao.pro","camtranslator.voice.text.image.translate","com.sayhi.android.sayhitranslate","com.softissimo.reverso.context","com.youdao.hindict"]},{"rank":{"index":2,"lang":"it","country":"it","chineseCountryName":"意大利","pkg":"com.spaceship.screen.textcopy"},"orders":["com.recognize_text.translate.screen","com.spaceship.screen.textcopy","com.niven.game","com.screen.translate.google","com.microsoft.translator","com.niven.translator","com.google.android.apps.translate","com.gaminik.i18n","com.tap_to_translate.snap_translate"]},{"rank":{"index":9,"lang":"ja","country":"jp","chineseCountryName":"日本","pkg":"com.spaceship.screen.textcopy"},"orders":["com.recognize_text.translate.screen","com.niven.game","com.gaminik.i18n","com.screen.translate.google","com.niven.translator","com.microsoft.translator","com.google.android.apps.translate","com.tap_to_translate.snap_translate","com.spaceship.screen.textcopy","com.naver.labs.translator"]},{"rank":{"index":6,"lang":"ko","country":"kr","chineseCountryName":"韩国","pkg":"com.spaceship.screen.textcopy"},"orders":["com.recognize_text.translate.screen","com.tap_to_translate.snap_translate","com.gaminik.i18n","com.niven.translator","com.niven.game","com.spaceship.screen.textcopy","com.screen.translate.google","com.google.android.apps.translate","com.microsoft.translator","com.niven.comic","com.naver.labs.translator","com.image.camera.translate.ai","com.deepl.mobiletranslator","com.newmg.yurao.pro","at.nk.tools.iTranslate","com.b1b.translator.voicetranslate.alllanguages.translator.app","com.translate.talkingtranslator","com.youdao.hindict","com.niven.apptranslate","com.google.ar.lens"]},{"rank":{"index":3,"lang":"zh-hk","country":"hk","chineseCountryName":"香港","pkg":"com.spaceship.screen.textcopy"},"orders":["com.recognize_text.translate.screen","com.microsoft.translator","com.spaceship.screen.textcopy","com.google.android.apps.translate","com.screen.translate.google","com.niven.translator","com.niven.game","com.gaminik.i18n","at.nk.tools.iTranslate"]},{"rank":{"index":2,"lang":"zh-tw","country":"tw","chineseCountryName":"台湾","pkg":"com.spaceship.screen.textcopy"},"orders":["com.recognize_text.translate.screen","com.spaceship.screen.textcopy","com.microsoft.translator","com.google.android.apps.translate","com.gaminik.i18n","com.niven.game","com.niven.translator","com.screen.translate.google","com.tap_to_translate.snap_translate","at.nk.tools.iTranslate","com.image.camera.translate.ai"]},{"rank":{"index":4,"lang":"en","country":"in","chineseCountryName":"印度","pkg":"com.spaceship.screen.textcopy"},"orders":["com.recognize_text.translate.screen","com.google.android.apps.translate","com.tap_to_translate.snap_translate","com.spaceship.screen.textcopy","com.niven.game","com.screen.translate.google","com.zaz.translate","com.niven.translator","at.nk.tools.iTranslate","com.newmg.yurao.pro","com.gaminik.i18n","com.google.ar.lens","com.sayhi.android.sayhitranslate","com.deepl.mobiletranslator","com.translate.talkingtranslator","com.ticktalk.translatevoice","ru.yandex.translate","com.softissimo.reverso.context","com.datacomprojects.scanandtranslate","com.microsoft.translator"]},{"rank":{"index":3,"lang":"id","country":"id","chineseCountryName":"印尼","pkg":"com.spaceship.screen.textcopy"},"orders":["com.recognize_text.translate.screen","com.tap_to_translate.snap_translate","com.spaceship.screen.textcopy","com.niven.translator","com.screen.translate.google","com.niven.game","com.gaminik.i18n","com.youdao.hindict","com.niven.comic","com.google.android.apps.translate","com.microsoft.translator","com.newmg.yurao.pro","com.deepl.mobiletranslator"]},{"rank":{"index":3,"lang":"es-mx","country":"mx","chineseCountryName":"墨西哥","pkg":"com.spaceship.screen.textcopy"},"orders":["com.recognize_text.translate.screen","com.tap_to_translate.snap_translate","com.spaceship.screen.textcopy","com.niven.game","com.niven.translator","com.google.android.apps.translate","com.gaminik.i18n","at.nk.tools.iTranslate","com.youdao.hindict","com.screen.translate.google","com.niven.comic","com.deepl.mobiletranslator","ru.yandex.translate","com.translate.talkingtranslator","com.newmg.yurao.pro","camtranslator.voice.text.image.translate","com.naver.labs.translator","com.sayhi.android.sayhitranslate","com.microsoft.translator"]}]