[{"rank":{"index":2,"lang":"en-us","country":"us","chineseCountryName":"美国","pkg":"com.spaceship.screen.textcopy"},"orders":["com.recognize_text.translate.screen","com.spaceship.screen.textcopy","com.gaminik.i18n","com.mg.yurao.google","com.google.android.apps.translate","com.tap_to_translate.snap_translate","com.niven.game","com.niven.translator","com.microsoft.translator","com.niven.comic","com.niven.apptranslate","com.eecorp.linguago","com.newmg.yurao.pro","at.nk.tools.iTranslate","com.datacomprojects.scanandtranslate","com.fasttanslator.appm","com.translator.yellow","com.translate.talkingtranslator","com.deepl.mobiletranslator","com.zaz.translate"]},{"rank":{"index":4,"lang":"ru","country":"ru","chineseCountryName":"俄罗斯","pkg":"com.spaceship.screen.textcopy"},"orders":["com.recognize_text.translate.screen","com.tap_to_translate.snap_translate","com.gaminik.i18n","com.spaceship.screen.textcopy","com.mg.yurao.google","com.niven.translator","com.niven.game","com.niven.comic","com.newmg.yurao.pro","com.niven.apptranslate","ru.yandex.translate","com.google.android.apps.translate","com.eecorp.linguago","com.deepl.mobiletranslator","us.zoom.videomeetings","com.tangdi.baiguotong","screen.translator.voice.translate","com.microsoft.translator","com.pidev.screentranslator","com.naver.labs.translator"]},{"rank":{"index":2,"lang":"fr","country":"fr","chineseCountryName":"法国","pkg":"com.spaceship.screen.textcopy"},"orders":["com.recognize_text.translate.screen","com.spaceship.screen.textcopy","com.tap_to_translate.snap_translate","com.gaminik.i18n","com.mg.yurao.google","com.niven.game","com.niven.translator","com.niven.comic","com.niven.apptranslate","com.google.android.apps.translate","com.eecorp.linguago","com.newmg.yurao.pro","com.translator.yellow","com.microsoft.translator","com.deepl.mobiletranslator","com.softissimo.reverso.context","at.nk.tools.iTranslate","us.zoom.videomeetings","com.datacomprojects.scanandtranslate","com.zaz.translate"]},{"rank":{"index":2,"lang":"en-gb","country":"gb","chineseCountryName":"英国","pkg":"com.spaceship.screen.textcopy"},"orders":["com.recognize_text.translate.screen","com.spaceship.screen.textcopy","com.mg.yurao.google","com.gaminik.i18n","com.google.android.apps.translate","com.niven.game","com.niven.translator","com.tap_to_translate.snap_translate","com.niven.comic","com.niven.apptranslate","com.translator.yellow","com.eecorp.linguago","com.microsoft.translator","com.newmg.yurao.pro","com.datacomprojects.scanandtranslate","com.zaz.translate","com.translate.app","at.nk.tools.iTranslate","screen.translator.voice.translate","com.softissimo.reverso.context"]},{"rank":{"index":2,"lang":"de","country":"de","chineseCountryName":"德国","pkg":"com.spaceship.screen.textcopy"},"orders":["com.recognize_text.translate.screen","com.spaceship.screen.textcopy","com.mg.yurao.google","com.gaminik.i18n","com.niven.game","com.niven.translator","com.tap_to_translate.snap_translate","com.niven.comic","com.niven.apptranslate","com.microsoft.translator","com.eecorp.linguago","com.google.android.apps.translate","com.newmg.yurao.pro","com.deepl.mobiletranslator","at.nk.tools.iTranslate","com.datacomprojects.scanandtranslate","com.sayhi.android.sayhitranslate","ru.yandex.translate","com.flitto.app","com.translator.yellow"]},{"rank":{"index":2,"lang":"it","country":"it","chineseCountryName":"意大利","pkg":"com.spaceship.screen.textcopy"},"orders":["com.recognize_text.translate.screen","com.spaceship.screen.textcopy","com.gaminik.i18n","com.niven.game","com.mg.yurao.google","com.tap_to_translate.snap_translate","com.niven.apptranslate","com.niven.translator","com.google.android.apps.translate"]},{"rank":{"index":4,"lang":"ja","country":"jp","chineseCountryName":"日本","pkg":"com.spaceship.screen.textcopy"},"orders":["com.recognize_text.translate.screen","com.mg.yurao.google","com.gaminik.i18n","com.spaceship.screen.textcopy","com.niven.game","com.tap_to_translate.snap_translate","com.niven.apptranslate","com.niven.translator","com.niven.comic","com.newmg.yurao.pro","com.eecorp.linguago","com.google.android.apps.translate","us.zoom.videomeetings","com.deepl.mobiletranslator","com.naver.labs.translator","com.microsoft.translator","com.sayhi.android.sayhitranslate","at.nk.tools.iTranslate","com.youdao.hindict","ru.yandex.translate"]},{"rank":{"index":3,"lang":"ko","country":"kr","chineseCountryName":"韩国","pkg":"com.spaceship.screen.textcopy"},"orders":["com.recognize_text.translate.screen","com.mg.yurao.google","com.spaceship.screen.textcopy","com.tap_to_translate.snap_translate","com.gaminik.i18n","com.niven.game","com.niven.translator","com.niven.comic","com.niven.apptranslate","com.eecorp.linguago","com.newmg.yurao.pro","com.naver.labs.translator","com.eecorp.taptranslator","com.google.android.apps.translate","com.deepl.mobiletranslator","us.zoom.videomeetings","com.microsoft.translator","com.nhn.android.search","com.zaz.translate","com.chat_translate.screen_translate"]},{"rank":{"index":3,"lang":"zh-hk","country":"hk","chineseCountryName":"香港","pkg":"com.spaceship.screen.textcopy"},"orders":["com.recognize_text.translate.screen","com.mg.yurao.google","com.spaceship.screen.textcopy","com.gaminik.i18n","com.tap_to_translate.snap_translate","com.niven.game","com.niven.translator","com.niven.comic","com.google.android.apps.translate","com.niven.apptranslate","com.newmg.yurao.pro","com.eecorp.linguago","com.microsoft.translator","com.datacomprojects.scanandtranslate","com.mg.subtitle.google","com.zaz.translate","at.nk.tools.iTranslate","com.kursx.smartbook","com.deepl.mobiletranslator","camera.translator.realtime"]},{"rank":{"index":6,"lang":"zh-tw","country":"tw","chineseCountryName":"台湾","pkg":"com.spaceship.screen.textcopy"},"orders":["com.recognize_text.translate.screen","com.mg.yurao.google","com.gaminik.i18n","com.tap_to_translate.snap_translate","com.niven.game","com.spaceship.screen.textcopy","com.niven.translator","com.niven.comic","com.google.android.apps.translate","com.newmg.yurao.pro","com.niven.apptranslate","com.eecorp.linguago","com.microsoft.translator","at.nk.tools.iTranslate","com.mg.subtitle.google","com.deepl.mobiletranslator","com.datacomprojects.scanandtranslate","camera.translator.realtime","all.language.translate.translator","com.naver.labs.translator"]},{"rank":{"index":2,"lang":"en","country":"in","chineseCountryName":"印度","pkg":"com.spaceship.screen.textcopy"},"orders":["com.recognize_text.translate.screen","com.spaceship.screen.textcopy","com.google.android.apps.translate","screen.translator.voice.translate","com.niven.game","com.tap_to_translate.snap_translate","com.niven.translator","com.newmg.yurao.pro","com.zaz.translate","com.eecorp.linguago","com.niven.comic","com.niven.apptranslate","com.microsoft.translator","com.datacomprojects.scanandtranslate","at.nk.tools.iTranslate","com.android.chrome","translate.smartranit.language.text","all.language.translate.translator","com.mg.yurao.google","com.gaminik.i18n"]},{"rank":{"index":2,"lang":"id","country":"id","chineseCountryName":"印尼","pkg":"com.spaceship.screen.textcopy"},"orders":["com.recognize_text.translate.screen","com.spaceship.screen.textcopy","com.tap_to_translate.snap_translate","com.gaminik.i18n","com.mg.yurao.google","com.niven.translator","com.niven.game","com.niven.comic","com.newmg.yurao.pro","com.niven.apptranslate"]},{"rank":{"index":2,"lang":"es-mx","country":"mx","chineseCountryName":"墨西哥","pkg":"com.spaceship.screen.textcopy"},"orders":["com.recognize_text.translate.screen","com.spaceship.screen.textcopy","com.tap_to_translate.snap_translate","com.niven.game","com.niven.translator","com.google.android.apps.translate","com.youdao.hindict","com.niven.comic","at.nk.tools.iTranslate","com.microsoft.translator","com.niven.apptranslate","com.zaz.translate","com.deepl.mobiletranslator","com.datacomprojects.scanandtranslate","com.eecorp.linguago","ru.yandex.translate","com.naver.labs.translator","com.newmg.yurao.pro","com.gaminik.i18n","com.mg.yurao.google"]}]