[{"rank":{"index":2,"lang":"en-us","country":"us","chineseCountryName":"美国","pkg":"com.spaceship.screen.textcopy"},"orders":["com.recognize_text.translate.screen","com.spaceship.screen.textcopy","com.google.android.apps.translate","com.tap_to_translate.snap_translate","com.gaminik.i18n","com.microsoft.translator","com.niven.game","com.newmg.yurao.pro","com.niven.comic","com.niven.translator","com.niven.apptranslate","com.screen.translate.google","com.youdao.hindict","com.naver.labs.translator","com.deepl.mobiletranslator","com.translate.talkingtranslator","com.mobisystems.msdict.embedded.wireless.collins.ee","com.translate.language.translator.voice.translation","at.nk.tools.iTranslate","com.facebook.orca"]},{"rank":{"index":3,"lang":"ru","country":"ru","chineseCountryName":"俄罗斯","pkg":"com.spaceship.screen.textcopy"},"orders":["com.recognize_text.translate.screen","com.tap_to_translate.snap_translate","com.spaceship.screen.textcopy","com.gaminik.i18n","com.niven.translator","com.niven.game","com.niven.comic","com.newmg.yurao.pro","com.niven.apptranslate","com.google.android.apps.translate","com.eecorp.linguago","com.microsoft.translator","screen.translator.voice.translate","com.deepl.mobiletranslator","com.screen.translate.google","ru.yandex.translate","com.subtitle.google","com.mg.chat","com.whatsapp","com.chat_translate.screen_translate"]},{"rank":{"index":2,"lang":"fr","country":"fr","chineseCountryName":"法国","pkg":"com.spaceship.screen.textcopy"},"orders":["com.recognize_text.translate.screen","com.spaceship.screen.textcopy","com.tap_to_translate.snap_translate","com.gaminik.i18n","com.niven.game","com.newmg.yurao.pro","com.niven.comic","com.screen.translate.google","com.niven.translator","com.microsoft.translator","com.google.android.apps.translate","com.niven.apptranslate","com.youdao.hindict","com.deepl.mobiletranslator","com.whatsapp","com.facebook.orca","us.zoom.videomeetings","com.duolingo","com.softissimo.reverso.context","com.discord"]},{"rank":{"index":2,"lang":"en-gb","country":"gb","chineseCountryName":"英国","pkg":"com.spaceship.screen.textcopy"},"orders":["com.recognize_text.translate.screen","com.spaceship.screen.textcopy","com.gaminik.i18n","com.google.android.apps.translate","com.microsoft.translator","com.tap_to_translate.snap_translate","com.niven.game","com.niven.comic","com.newmg.yurao.pro","com.niven.translator","com.screen.translate.google","com.youdao.hindict","com.niven.apptranslate","com.deepl.mobiletranslator","com.translate.language.translator.voice.translation","com.zaz.translate","at.nk.tools.iTranslate","com.flitto.app","com.naver.labs.translator","com.datacomprojects.scanandtranslate"]},{"rank":{"index":2,"lang":"de","country":"de","chineseCountryName":"德国","pkg":"com.spaceship.screen.textcopy"},"orders":["com.recognize_text.translate.screen","com.spaceship.screen.textcopy","com.gaminik.i18n","com.niven.game","com.tap_to_translate.snap_translate","com.microsoft.translator","com.niven.comic","com.screen.translate.google","com.newmg.yurao.pro","com.deepl.mobiletranslator","com.niven.translator","com.google.android.apps.translate","com.niven.apptranslate","com.youdao.hindict","com.whatsapp","com.facebook.orca","us.zoom.videomeetings","com.android.chrome","com.google.android.apps.photos","com.discord"]},{"rank":{"index":2,"lang":"it","country":"it","chineseCountryName":"意大利","pkg":"com.spaceship.screen.textcopy"},"orders":["com.recognize_text.translate.screen","com.spaceship.screen.textcopy","com.niven.game","com.tap_to_translate.snap_translate","com.gaminik.i18n","com.niven.translator","com.niven.comic","com.niven.apptranslate","com.microsoft.translator","com.newmg.yurao.pro","com.google.android.apps.translate","com.deepl.mobiletranslator","com.eecorp.linguago","screen.translator.voice.translate","com.youdao.hindict","com.screen.translate.google","com.mg.subtitle.google","com.eecorp.taptranslator","at.nk.tools.iTranslate","com.kursx.smartbook"]},{"rank":{"index":2,"lang":"ja","country":"jp","chineseCountryName":"日本","pkg":"com.spaceship.screen.textcopy"},"orders":["com.recognize_text.translate.screen","com.spaceship.screen.textcopy","com.gaminik.i18n","com.niven.game","com.tap_to_translate.snap_translate","com.niven.apptranslate","com.niven.comic","com.screen.translate.google","com.newmg.yurao.pro","com.google.android.apps.translate","com.niven.translator","com.naver.labs.translator","com.deepl.mobiletranslator","com.microsoft.translator","com.facebook.orca","com.whatsapp","com.youdao.hindict","us.zoom.videomeetings","com.android.chrome","com.google.android.apps.maps"]},{"rank":{"index":2,"lang":"ko","country":"kr","chineseCountryName":"韩国","pkg":"com.spaceship.screen.textcopy"},"orders":["com.recognize_text.translate.screen","com.spaceship.screen.textcopy","com.tap_to_translate.snap_translate","com.niven.game","com.gaminik.i18n","com.screen.translate.google","com.newmg.yurao.pro","com.niven.comic","com.niven.apptranslate","com.naver.labs.translator","com.google.android.apps.translate","com.niven.translator","com.whatsapp","com.facebook.orca","us.zoom.videomeetings","com.discord","com.deepl.mobiletranslator","com.android.chrome","com.sec.android.app.sbrowser","com.duolingo"]},{"rank":{"index":2,"lang":"zh-hk","country":"hk","chineseCountryName":"香港","pkg":"com.spaceship.screen.textcopy"},"orders":["com.recognize_text.translate.screen","com.spaceship.screen.textcopy","com.gaminik.i18n","com.tap_to_translate.snap_translate","com.screen.translate.google","com.niven.game","com.newmg.yurao.pro","com.niven.comic","com.microsoft.translator","com.niven.translator","com.google.android.apps.translate","com.niven.apptranslate","com.deepl.mobiletranslator","com.whatsapp","com.facebook.orca","com.android.chrome","com.google.android.apps.maps","com.naver.labs.translator","us.zoom.videomeetings","com.discord"]},{"rank":{"index":3,"lang":"zh-tw","country":"tw","chineseCountryName":"台湾","pkg":"com.spaceship.screen.textcopy"},"orders":["com.recognize_text.translate.screen","com.gaminik.i18n","com.spaceship.screen.textcopy","com.niven.game","com.tap_to_translate.snap_translate","com.screen.translate.google","com.niven.comic","com.newmg.yurao.pro","com.google.android.apps.translate","com.microsoft.translator","com.niven.translator","com.niven.apptranslate","com.deepl.mobiletranslator","com.naver.labs.translator","com.facebook.orca","com.whatsapp","com.google.android.apps.maps","com.android.chrome","com.youdao.hindict","com.discord"]},{"rank":{"index":2,"lang":"en","country":"in","chineseCountryName":"印度","pkg":"com.spaceship.screen.textcopy"},"orders":["com.recognize_text.translate.screen","com.spaceship.screen.textcopy","com.google.android.apps.translate","com.newmg.yurao.pro","screen.translator.voice.translate","com.tap_to_translate.snap_translate","com.niven.game","com.zaz.translate","com.niven.translator","com.niven.comic","com.eecorp.linguago","com.microsoft.translator","com.niven.apptranslate","com.google.android.inputmethod.latin","com.whatsapp","com.google.android.dialer","com.android.chrome","com.duolingo","com.google.android.apps.docs","com.gaminik.i18n"]},{"rank":{"index":2,"lang":"id","country":"id","chineseCountryName":"印尼","pkg":"com.spaceship.screen.textcopy"},"orders":["com.recognize_text.translate.screen","com.spaceship.screen.textcopy","com.tap_to_translate.snap_translate","com.gaminik.i18n","com.niven.translator","com.niven.game","com.niven.comic","com.google.android.apps.translate","com.youdao.hindict"]}]