[{"rank":{"index":2,"lang":"en-us","country":"us","chineseCountryName":"美国","pkg":"com.spaceship.screen.textcopy"},"orders":["com.recognize_text.translate.screen","com.spaceship.screen.textcopy","com.tap_to_translate.snap_translate","com.gaminik.i18n","com.google.android.apps.translate","com.niven.translator","com.microsoft.translator","screen.translator.voice.translate","com.newmg.yurao.pro","com.eecorp.linguago","com.eecorp.taptranslator","com.screen.translate.google","com.niven.game","at.nk.tools.iTranslate","com.android.chrome","com.languagetranslator.translatorapp.smartscanner.dictionary.translation.voicetranslator","com.niven.comic","com.google.android.apps.photos","us.zoom.videomeetings","com.discord"]},{"rank":{"index":2,"lang":"ru","country":"ru","chineseCountryName":"俄罗斯","pkg":"com.spaceship.screen.textcopy"},"orders":["com.recognize_text.translate.screen","com.spaceship.screen.textcopy","com.niven.translator","com.tap_to_translate.snap_translate","com.gaminik.i18n","com.google.android.apps.translate","com.microsoft.translator","com.niven.game","com.eecorp.linguago","com.newmg.yurao.pro","com.screen.translate.google","com.niven.comic","ru.yandex.translate","screen.translator.voice.translate","at.nk.tools.iTranslate","com.android.chrome","free.translate.all.language.translator","com.discord","com.duolingo","us.zoom.videomeetings"]},{"rank":{"index":2,"lang":"pt-br","country":"br","chineseCountryName":"巴西","pkg":"com.spaceship.screen.textcopy"},"orders":["com.recognize_text.translate.screen","com.spaceship.screen.textcopy","com.gaminik.i18n","screen.translator.voice.translate","com.niven.translator","com.tap_to_translate.snap_translate","com.google.android.apps.translate","com.android.chrome","com.google.android.apps.docs","com.google.android.apps.photos","com.google.android.apps.maps","us.zoom.videomeetings","com.discord","com.google.android.inputmethod.latin","com.adobe.reader","com.newmg.yurao.pro","com.google.android.apps.youtube.creator","com.duolingo","com.microsoft.office.outlook","com.google.android.googlequicksearchbox"]},{"rank":{"index":2,"lang":"fr","country":"fr","chineseCountryName":"法国","pkg":"com.spaceship.screen.textcopy"},"orders":["com.recognize_text.translate.screen","com.spaceship.screen.textcopy","screen.translator.voice.translate","com.gaminik.i18n","com.tap_to_translate.snap_translate","com.niven.translator","com.google.android.apps.translate","com.google.android.apps.photos","com.discord","com.android.chrome","com.eecorp.linguago","com.google.android.apps.maps","us.zoom.videomeetings","com.google.android.apps.docs","com.microsoft.office.outlook","com.microsoft.translator","com.duolingo","com.truecaller","com.adobe.reader","com.sec.android.app.sbrowser"]},{"rank":{"index":2,"lang":"en-gb","country":"gb","chineseCountryName":"英国","pkg":"com.spaceship.screen.textcopy"},"orders":["com.recognize_text.translate.screen","com.spaceship.screen.textcopy","com.tap_to_translate.snap_translate","com.google.android.apps.translate","com.gaminik.i18n","screen.translator.voice.translate","com.microsoft.translator","com.niven.translator","com.eecorp.linguago","at.nk.tools.iTranslate","com.newmg.yurao.pro","com.languagetranslator.translatorapp.smartscanner.dictionary.translation.voicetranslator","com.screen.translate.google","com.somyac.watch.translator","free.translate.all.language.translator","com.niven.comic","com.niven.game","com.eecorp.taptranslator","com.zaz.translate","com.deepl.mobiletranslator"]},{"rank":{"index":2,"lang":"de","country":"de","chineseCountryName":"德国","pkg":"com.spaceship.screen.textcopy"},"orders":["com.recognize_text.translate.screen","com.spaceship.screen.textcopy","com.gaminik.i18n","com.tap_to_translate.snap_translate","com.niven.translator","com.eecorp.linguago","com.newmg.yurao.pro","com.google.android.apps.translate","com.microsoft.translator","screen.translator.voice.translate","com.discord","com.android.chrome","com.google.android.apps.photos","us.zoom.videomeetings","com.screen.translate.google","com.deepl.mobiletranslator","com.google.android.apps.maps","com.truecaller","com.adobe.reader","com.duolingo"]},{"rank":{"index":3,"lang":"it","country":"it","chineseCountryName":"意大利","pkg":"com.spaceship.screen.textcopy"},"orders":["com.recognize_text.translate.screen","screen.translator.voice.translate","com.spaceship.screen.textcopy","com.gaminik.i18n","com.tap_to_translate.snap_translate","com.niven.translator","com.google.android.apps.translate","com.discord","com.niven.game","us.zoom.videomeetings","com.google.android.apps.photos","com.eecorp.linguago","com.android.chrome","com.google.android.apps.maps","com.adobe.reader","com.google.android.apps.docs","com.duolingo","com.microsoft.office.outlook","com.microsoft.translator","com.niven.comic"]},{"rank":{"index":1,"lang":"ja","country":"jp","chineseCountryName":"日本","pkg":"com.spaceship.screen.textcopy"},"orders":["com.spaceship.screen.textcopy","com.recognize_text.translate.screen","com.gaminik.i18n","com.tap_to_translate.snap_translate","com.google.android.apps.translate","com.deepl.mobiletranslator","com.niven.translator","com.microsoft.translator","com.eecorp.linguago","com.android.chrome","com.newmg.yurao.pro","com.discord","com.google.android.apps.maps","com.naver.labs.translator","us.zoom.videomeetings","com.google.android.apps.docs","com.google.android.apps.photos","com.duolingo","com.microsoft.office.outlook","com.adobe.reader"]},{"rank":{"index":2,"lang":"ko","country":"kr","chineseCountryName":"韩国","pkg":"com.spaceship.screen.textcopy"},"orders":["com.recognize_text.translate.screen","com.spaceship.screen.textcopy","com.tap_to_translate.snap_translate","com.gaminik.i18n","com.google.android.apps.translate","com.niven.translator","com.microsoft.translator","com.newmg.yurao.pro","com.eecorp.linguago","com.niven.game","com.screen.translate.google","com.niven.comic","com.eecorp.taptranslator","com.languagetranslator.translatorapp.smartscanner.dictionary.translation.voicetranslator","screen.translator.voice.translate","com.naver.labs.translator","at.nk.tools.iTranslate","free.translate.all.language.translator","com.deepl.mobiletranslator","com.android.chrome"]},{"rank":{"index":2,"lang":"zh-hk","country":"hk","chineseCountryName":"香港","pkg":"com.spaceship.screen.textcopy"},"orders":["com.recognize_text.translate.screen","com.spaceship.screen.textcopy","com.gaminik.i18n","com.tap_to_translate.snap_translate","com.microsoft.translator","com.google.android.apps.translate","com.niven.translator","com.newmg.yurao.pro","com.screen.translate.google","com.niven.game","com.eecorp.linguago","com.niven.comic","com.tangdi.baiguotong","at.nk.tools.iTranslate","screen.translator.voice.translate","com.android.chrome","com.google.android.apps.maps","com.discord","us.zoom.videomeetings","free.translate.all.language.translator"]},{"rank":{"index":2,"lang":"zh-tw","country":"tw","chineseCountryName":"台湾","pkg":"com.spaceship.screen.textcopy"},"orders":["com.recognize_text.translate.screen","com.spaceship.screen.textcopy","com.gaminik.i18n","com.tap_to_translate.snap_translate","com.google.android.apps.translate","com.niven.translator","com.microsoft.translator","com.screen.translate.google","com.newmg.yurao.pro","com.niven.game","at.nk.tools.iTranslate","com.eecorp.linguago","com.tangdi.baiguotong","com.niven.comic","free.translate.all.language.translator","screen.translator.voice.translate","com.image.camera.translate.ai","com.languagetranslator.translatorapp.smartscanner.dictionary.translation.voicetranslator","com.eecorp.taptranslator","com.translate.all.speech.text.language.translator"]},{"rank":{"index":2,"lang":"en","country":"in","chineseCountryName":"印度","pkg":"com.spaceship.screen.textcopy"},"orders":["com.recognize_text.translate.screen","com.spaceship.screen.textcopy","com.tap_to_translate.snap_translate","com.google.android.apps.translate","screen.translator.voice.translate","com.microsoft.translator","com.gaminik.i18n","com.zaz.translate","com.niven.translator","at.nk.tools.iTranslate","com.languagetranslator.translatorapp.smartscanner.dictionary.translation.voicetranslator","free.translate.all.language.translator","com.newmg.yurao.pro","com.eecorp.linguago","com.datacomprojects.scanandtranslate","com.naver.labs.translator","com.tranit.text.translate","com.translate.all.speech.text.language.translator","com.deepl.mobiletranslator","com.softissimo.reverso.context"]},{"rank":{"index":1,"lang":"id","country":"id","chineseCountryName":"印尼","pkg":"com.spaceship.screen.textcopy"},"orders":["com.spaceship.screen.textcopy","com.recognize_text.translate.screen","com.gaminik.i18n","com.tap_to_translate.snap_translate","com.niven.translator","com.google.android.apps.translate","com.newmg.yurao.pro","com.eecorp.linguago","com.android.chrome","com.google.android.apps.docs","com.google.android.apps.photos","com.google.android.apps.maps","us.zoom.videomeetings","com.discord"]},{"rank":{"index":2,"lang":"es-mx","country":"mx","chineseCountryName":"墨西哥","pkg":"com.spaceship.screen.textcopy"},"orders":["com.recognize_text.translate.screen","com.spaceship.screen.textcopy","com.gaminik.i18n","com.tap_to_translate.snap_translate","com.niven.translator","com.google.android.apps.translate","com.google.android.apps.docs","com.google.android.apps.photos","com.android.chrome","com.discord","com.google.android.apps.maps","us.zoom.videomeetings","com.adobe.reader","com.duolingo","com.microsoft.office.outlook","com.truecaller","com.sec.android.app.sbrowser","com.microsoft.office.powerpoint","com.skype.raider","com.google.android.apps.youtube.creator"]}]