[{"rank":{"index":2,"lang":"en-us","country":"us","chineseCountryName":"美国","pkg":"com.spaceship.screen.textcopy"},"orders":["com.recognize_text.translate.screen","com.spaceship.screen.textcopy","com.mg.yurao.google","com.gaminik.i18n","com.microsoft.translator","com.google.android.apps.translate","com.tap_to_translate.snap_translate","com.niven.translator","com.niven.comic","com.niven.game","com.eecorp.linguago","screen.translator.voice.translate","at.nk.tools.iTranslate","com.newmg.yurao.pro","com.deepl.mobiletranslator","com.sayhi.android.sayhitranslate","com.niven.apptranslate","com.datacomprojects.scanandtranslate","com.translate.talkingtranslator","com.naver.labs.translator"]},{"rank":{"index":2,"lang":"ru","country":"ru","chineseCountryName":"俄罗斯","pkg":"com.spaceship.screen.textcopy"},"orders":["com.recognize_text.translate.screen","com.spaceship.screen.textcopy","com.tap_to_translate.snap_translate","com.gaminik.i18n","com.mg.yurao.google","com.niven.translator","com.niven.game","com.niven.comic","com.newmg.yurao.pro","com.microsoft.translator","com.niven.apptranslate","ru.yandex.translate","com.eecorp.linguago","com.deepl.mobiletranslator","com.google.android.apps.translate","com.mg.chat","com.datacomprojects.scanandtranslate","screen.translator.voice.translate","at.nk.tools.iTranslate","all.language.translate.translator"]},{"rank":{"index":2,"lang":"fr","country":"fr","chineseCountryName":"法国","pkg":"com.spaceship.screen.textcopy"},"orders":["com.recognize_text.translate.screen","com.spaceship.screen.textcopy","com.tap_to_translate.snap_translate","com.mg.yurao.google","com.gaminik.i18n","com.niven.translator","com.niven.game","com.niven.comic","com.newmg.yurao.pro","com.google.android.apps.translate","com.eecorp.linguago","com.niven.apptranslate","screen.translator.voice.translate","com.microsoft.translator","at.nk.tools.iTranslate","com.eecorp.taptranslator","com.datacomprojects.scanandtranslate","com.deepl.mobiletranslator","com.zaz.translate","all.language.translate.translator"]},{"rank":{"index":2,"lang":"en-gb","country":"gb","chineseCountryName":"英国","pkg":"com.spaceship.screen.textcopy"},"orders":["com.recognize_text.translate.screen","com.spaceship.screen.textcopy","com.mg.yurao.google","com.microsoft.translator","com.gaminik.i18n","com.google.android.apps.translate","screen.translator.voice.translate","com.niven.translator","com.niven.comic","com.tap_to_translate.snap_translate","com.niven.game","com.eecorp.linguago","com.deepl.mobiletranslator","at.nk.tools.iTranslate","com.datacomprojects.scanandtranslate","com.newmg.yurao.pro","com.zaz.translate","com.sayhi.android.sayhitranslate","com.niven.apptranslate","com.softissimo.reverso.context"]},{"rank":{"index":2,"lang":"de","country":"de","chineseCountryName":"德国","pkg":"com.spaceship.screen.textcopy"},"orders":["com.recognize_text.translate.screen","com.spaceship.screen.textcopy","com.mg.yurao.google","com.gaminik.i18n","com.tap_to_translate.snap_translate","com.niven.game","com.microsoft.translator","com.niven.translator","com.newmg.yurao.pro","com.deepl.mobiletranslator","com.niven.apptranslate","com.google.android.apps.translate","com.niven.comic","com.translate.app","at.nk.tools.iTranslate","com.whatsapp","com.discord","us.zoom.videomeetings","com.facebook.orca","com.translator.yellow"]},{"rank":{"index":2,"lang":"it","country":"it","chineseCountryName":"意大利","pkg":"com.spaceship.screen.textcopy"},"orders":["com.recognize_text.translate.screen","com.spaceship.screen.textcopy","com.niven.game","com.gaminik.i18n","com.mg.yurao.google","com.tap_to_translate.snap_translate","com.niven.comic","com.niven.translator","com.google.android.apps.translate","com.eecorp.linguago","screen.translator.voice.translate","com.microsoft.translator","com.newmg.yurao.pro","com.niven.apptranslate","com.deepl.mobiletranslator","at.nk.tools.iTranslate","com.discord","com.google.android.apps.photos","com.facebook.orca","com.whatsapp"]},{"rank":{"index":3,"lang":"ja","country":"jp","chineseCountryName":"日本","pkg":"com.spaceship.screen.textcopy"},"orders":["com.recognize_text.translate.screen","com.mg.yurao.google","com.spaceship.screen.textcopy","com.gaminik.i18n","com.niven.game","com.niven.translator","com.tap_to_translate.snap_translate","com.niven.comic","com.newmg.yurao.pro","com.niven.apptranslate","com.eecorp.linguago","com.google.android.apps.translate","com.deepl.mobiletranslator","com.microsoft.translator","com.naver.labs.translator","com.android.chrome","com.discord","com.facebook.orca","com.whatsapp","us.zoom.videomeetings"]},{"rank":{"index":3,"lang":"ko","country":"kr","chineseCountryName":"韩国","pkg":"com.spaceship.screen.textcopy"},"orders":["com.recognize_text.translate.screen","com.mg.yurao.google","com.spaceship.screen.textcopy","com.tap_to_translate.snap_translate","com.gaminik.i18n","com.niven.game","com.niven.comic","com.niven.apptranslate","com.niven.translator","com.newmg.yurao.pro","com.eecorp.linguago","com.google.android.apps.translate","com.naver.labs.translator","screen.translator.voice.translate","at.nk.tools.iTranslate","com.deepl.mobiletranslator","com.microsoft.translator","com.discord","com.facebook.orca","us.zoom.videomeetings"]},{"rank":{"index":3,"lang":"zh-hk","country":"hk","chineseCountryName":"香港","pkg":"com.spaceship.screen.textcopy"},"orders":["com.recognize_text.translate.screen","com.mg.yurao.google","com.spaceship.screen.textcopy","com.gaminik.i18n","com.tap_to_translate.snap_translate","com.niven.game","com.niven.translator","com.niven.comic","com.newmg.yurao.pro","com.microsoft.translator","com.google.android.apps.translate","com.niven.apptranslate","com.android.chrome","org.telegram.messenger","com.google.android.apps.maps","com.facebook.orca","com.whatsapp","com.discord","us.zoom.videomeetings","at.nk.tools.iTranslate"]},{"rank":{"index":3,"lang":"zh-tw","country":"tw","chineseCountryName":"台湾","pkg":"com.spaceship.screen.textcopy"},"orders":["com.recognize_text.translate.screen","com.mg.yurao.google","com.spaceship.screen.textcopy","com.gaminik.i18n","com.tap_to_translate.snap_translate","com.niven.game","com.niven.comic","com.niven.translator","com.google.android.apps.translate","com.niven.apptranslate","com.newmg.yurao.pro","com.microsoft.translator","com.eecorp.linguago","at.nk.tools.iTranslate","all.language.translate.translator","com.languagetranslator.translatorapp.smartscanner.dictionary.translation.voicetranslator","camera.translator.realtime","screen.translator.voice.translate","com.translate.talkingtranslator","com.naver.labs.translator"]},{"rank":{"index":2,"lang":"en","country":"in","chineseCountryName":"印度","pkg":"com.spaceship.screen.textcopy"},"orders":["com.recognize_text.translate.screen","com.spaceship.screen.textcopy","com.google.android.apps.translate","com.newmg.yurao.pro","screen.translator.voice.translate","com.tap_to_translate.snap_translate","com.niven.game","com.zaz.translate","com.eecorp.linguago","com.niven.translator","com.niven.comic","com.microsoft.translator","all.language.translate.translator","com.languagetranslator.translatorapp.smartscanner.dictionary.translation.voicetranslator","com.datacomprojects.scanandtranslate","com.deepl.mobiletranslator","com.niven.apptranslate","com.tranit.text.translate","com.mg.yurao.google","com.gaminik.i18n"]},{"rank":{"index":2,"lang":"id","country":"id","chineseCountryName":"印尼","pkg":"com.spaceship.screen.textcopy"},"orders":["com.recognize_text.translate.screen","com.spaceship.screen.textcopy","com.tap_to_translate.snap_translate","com.mg.yurao.google","com.gaminik.i18n","com.niven.translator","com.niven.game","com.niven.comic","com.newmg.yurao.pro","com.eecorp.linguago","com.niven.apptranslate","com.google.android.apps.translate","com.youdao.hindict"]},{"rank":{"index":2,"lang":"es-mx","country":"mx","chineseCountryName":"墨西哥","pkg":"com.spaceship.screen.textcopy"},"orders":["com.recognize_text.translate.screen","com.spaceship.screen.textcopy","com.tap_to_translate.snap_translate","com.niven.translator","com.niven.game","com.niven.comic","com.newmg.yurao.pro","com.eecorp.linguago","com.niven.apptranslate","com.google.android.apps.translate","com.microsoft.translator","com.youdao.hindict","screen.translator.voice.translate","at.nk.tools.iTranslate","com.deepl.mobiletranslator","all.language.translate.translator","com.google.android.apps.photos","com.android.chrome","com.mg.yurao.google","com.gaminik.i18n"]}]