[{"rank":{"index":2,"lang":"en-us","country":"us","chineseCountryName":"美国","pkg":"com.spaceship.screen.textcopy"},"orders":["com.recognize_text.translate.screen","com.spaceship.screen.textcopy","com.mg.yurao.google","com.tap_to_translate.snap_translate","com.google.android.apps.translate","com.gaminik.i18n","com.microsoft.translator","com.niven.game","com.niven.translator","com.niven.comic","at.nk.tools.iTranslate","com.naver.labs.translator","com.deepl.mobiletranslator","com.sayhi.android.sayhitranslate","com.newmg.yurao.pro","com.eecorp.linguago","com.niven.apptranslate","ru.yandex.translate","com.mg.chat","screen.translator.voice.translate"]},{"rank":{"index":4,"lang":"ru","country":"ru","chineseCountryName":"俄罗斯","pkg":"com.spaceship.screen.textcopy"},"orders":["com.recognize_text.translate.screen","com.tap_to_translate.snap_translate","com.gaminik.i18n","com.spaceship.screen.textcopy","com.mg.yurao.google","com.niven.translator","com.niven.game","com.newmg.yurao.pro","com.niven.comic","com.niven.apptranslate","com.eecorp.linguago","ru.yandex.translate","screen.translator.voice.translate","com.google.android.apps.translate","com.chat_translate.screen_translate","com.mg.chat","com.pidev.screentranslator","at.nk.tools.iTranslate","com.deepl.mobiletranslator","com.microsoft.translator"]},{"rank":{"index":2,"lang":"fr","country":"fr","chineseCountryName":"法国","pkg":"com.spaceship.screen.textcopy"},"orders":["com.recognize_text.translate.screen","com.spaceship.screen.textcopy","com.tap_to_translate.snap_translate","com.mg.yurao.google","com.gaminik.i18n","com.niven.game","com.niven.translator","com.niven.comic","com.newmg.yurao.pro","at.nk.tools.iTranslate","com.google.android.apps.translate","com.niven.apptranslate","com.eecorp.linguago","com.deepl.mobiletranslator","com.microsoft.translator","screen.translator.voice.translate","free.translate.all.language.translator","com.languagetranslator.translatorapp.smartscanner.dictionary.translation.voicetranslator","com.datacomprojects.scanandtranslate","com.sayhi.android.sayhitranslate"]},{"rank":{"index":2,"lang":"en-gb","country":"gb","chineseCountryName":"英国","pkg":"com.spaceship.screen.textcopy"},"orders":["com.recognize_text.translate.screen","com.spaceship.screen.textcopy","com.mg.yurao.google","com.google.android.apps.translate","com.gaminik.i18n","com.microsoft.translator","com.niven.game","com.niven.translator","com.tap_to_translate.snap_translate","com.niven.comic","at.nk.tools.iTranslate","com.newmg.yurao.pro","com.sayhi.android.sayhitranslate","screen.translator.voice.translate","com.niven.apptranslate","com.languagetranslator.translatorapp.smartscanner.dictionary.translation.voicetranslator","com.deepl.mobiletranslator","com.eecorp.linguago","com.naver.labs.translator","com.mobisystems.msdict.embedded.wireless.collins.ee"]},{"rank":{"index":2,"lang":"de","country":"de","chineseCountryName":"德国","pkg":"com.spaceship.screen.textcopy"},"orders":["com.recognize_text.translate.screen","com.spaceship.screen.textcopy","com.mg.yurao.google","com.gaminik.i18n","com.niven.game","com.niven.translator","com.tap_to_translate.snap_translate","com.microsoft.translator","com.niven.comic","com.google.android.apps.translate","com.deepl.mobiletranslator","com.niven.apptranslate","ru.yandex.translate","com.newmg.yurao.pro","at.nk.tools.iTranslate","com.eecorp.linguago","screen.translator.voice.translate","com.sayhi.android.sayhitranslate","com.translate.all.speech.text.language.translator","com.languagetranslator.translatorapp.smartscanner.dictionary.translation.voicetranslator"]},{"rank":{"index":2,"lang":"it","country":"it","chineseCountryName":"意大利","pkg":"com.spaceship.screen.textcopy"},"orders":["com.recognize_text.translate.screen","com.spaceship.screen.textcopy","com.niven.game","com.mg.yurao.google","com.gaminik.i18n","com.niven.translator","com.tap_to_translate.snap_translate","com.niven.apptranslate","com.newmg.yurao.pro","com.eecorp.linguago","com.niven.comic","com.microsoft.translator","com.google.android.apps.translate","screen.translator.voice.translate","com.deepl.mobiletranslator","at.nk.tools.iTranslate","com.eecorp.taptranslator","com.fasttanslator.appm","com.whatsapp","ru.yandex.translate"]},{"rank":{"index":4,"lang":"ja","country":"jp","chineseCountryName":"日本","pkg":"com.spaceship.screen.textcopy"},"orders":["com.recognize_text.translate.screen","com.mg.yurao.google","com.gaminik.i18n","com.spaceship.screen.textcopy","com.niven.game","com.tap_to_translate.snap_translate","com.niven.translator","com.niven.comic","com.newmg.yurao.pro","com.niven.apptranslate","com.google.android.apps.translate","com.eecorp.linguago","com.microsoft.translator","at.nk.tools.iTranslate","com.deepl.mobiletranslator","com.naver.labs.translator","com.android.chrome","com.discord","com.whatsapp","us.zoom.videomeetings"]},{"rank":{"index":4,"lang":"ko","country":"kr","chineseCountryName":"韩国","pkg":"com.spaceship.screen.textcopy"},"orders":["com.recognize_text.translate.screen","com.mg.yurao.google","com.tap_to_translate.snap_translate","com.spaceship.screen.textcopy","com.gaminik.i18n","com.niven.game","com.niven.translator","com.niven.comic","com.niven.apptranslate","com.newmg.yurao.pro","com.deepl.mobiletranslator","com.eecorp.linguago","com.google.android.apps.translate","com.naver.labs.translator","at.nk.tools.iTranslate","com.microsoft.translator","screen.translator.voice.translate","com.zaz.translate","xbean.image.picture.translate.ocr","com.chat_translate.screen_translate"]},{"rank":{"index":4,"lang":"zh-hk","country":"hk","chineseCountryName":"香港","pkg":"com.spaceship.screen.textcopy"},"orders":["com.recognize_text.translate.screen","com.mg.yurao.google","com.gaminik.i18n","com.spaceship.screen.textcopy","com.niven.game","com.tap_to_translate.snap_translate","com.niven.translator","com.niven.comic","com.microsoft.translator","com.google.android.apps.translate","com.niven.apptranslate","com.newmg.yurao.pro","at.nk.tools.iTranslate","com.deepl.mobiletranslator","ru.yandex.translate","com.languagetranslator.translatorapp.smartscanner.dictionary.translation.voicetranslator","com.naver.labs.translator","com.translate.all.speech.text.language.translator","com.datacomprojects.scanandtranslate","xbean.image.picture.translate.ocr"]},{"rank":{"index":7,"lang":"zh-tw","country":"tw","chineseCountryName":"台湾","pkg":"com.spaceship.screen.textcopy"},"orders":["com.recognize_text.translate.screen","com.mg.yurao.google","com.gaminik.i18n","com.tap_to_translate.snap_translate","com.niven.game","com.niven.translator","com.spaceship.screen.textcopy","com.niven.comic","com.niven.apptranslate","com.google.android.apps.translate","com.microsoft.translator","com.newmg.yurao.pro","com.languagetranslator.translatorapp.smartscanner.dictionary.translation.voicetranslator","at.nk.tools.iTranslate","com.translate.all.speech.text.language.translator","com.deepl.mobiletranslator","com.naver.labs.translator","com.eecorp.linguago","all.language.translate.translator","ru.yandex.translate"]},{"rank":{"index":2,"lang":"en","country":"in","chineseCountryName":"印度","pkg":"com.spaceship.screen.textcopy"},"orders":["com.recognize_text.translate.screen","com.spaceship.screen.textcopy","com.google.android.apps.translate","com.newmg.yurao.pro","com.microsoft.translator","com.niven.game","com.tap_to_translate.snap_translate","com.niven.translator","com.zaz.translate","com.niven.comic","at.nk.tools.iTranslate","screen.translator.voice.translate","com.sayhi.android.sayhitranslate","com.eecorp.linguago","com.niven.apptranslate","ru.yandex.translate","com.languagetranslator.translatorapp.smartscanner.dictionary.translation.voicetranslator","com.deepl.mobiletranslator","com.mg.yurao.google","com.gaminik.i18n"]},{"rank":{"index":2,"lang":"id","country":"id","chineseCountryName":"印尼","pkg":"com.spaceship.screen.textcopy"},"orders":["com.recognize_text.translate.screen","com.spaceship.screen.textcopy","com.tap_to_translate.snap_translate","com.gaminik.i18n","com.mg.yurao.google","com.niven.game","com.niven.translator","com.niven.comic","com.newmg.yurao.pro","com.niven.apptranslate","com.google.android.apps.translate","com.eecorp.linguago","com.deepl.mobiletranslator","at.nk.tools.iTranslate","com.youdao.hindict","com.mg.chat"]},{"rank":{"index":2,"lang":"es-mx","country":"mx","chineseCountryName":"墨西哥","pkg":"com.spaceship.screen.textcopy"},"orders":["com.recognize_text.translate.screen","com.spaceship.screen.textcopy","com.tap_to_translate.snap_translate","com.niven.translator","com.niven.game","com.niven.comic","com.niven.apptranslate","com.microsoft.translator","com.newmg.yurao.pro","at.nk.tools.iTranslate","com.google.android.apps.translate","com.youdao.hindict","com.eecorp.linguago","com.deepl.mobiletranslator","com.zaz.translate","com.mg.chat","com.sayhi.android.sayhitranslate","screen.translator.voice.translate","com.gaminik.i18n","com.mg.yurao.google"]}]