[{"rank":{"index":2,"lang":"en-us","country":"us","chineseCountryName":"美国","pkg":"com.spaceship.screen.textcopy"},"orders":["com.recognize_text.translate.screen","com.spaceship.screen.textcopy","com.gaminik.i18n","com.screen.translate.google","com.yoyodev.screentranslate","at.nk.tools.iTranslate","com.niven.translator","com.tap_to_translate.snap_translate","com.google.android.apps.translate","com.microsoft.translator","com.aurasense.screentranslate","com.newmg.yurao.pro","ru.yandex.translate","com.zaz.translate","co.appnation.aivoicetranslator","com.niven.game","photo.translate.camera.translator","com.deepl.mobiletranslator","com.galaxy.airviewdictionary","com.live.translator.ai"]},{"rank":{"index":3,"lang":"ru","country":"ru","chineseCountryName":"俄罗斯","pkg":"com.spaceship.screen.textcopy"},"orders":["com.recognize_text.translate.screen","com.niven.translator","com.spaceship.screen.textcopy","com.tap_to_translate.snap_translate","com.yoyodev.screentranslate","ru.yandex.translate","com.gaminik.i18n","com.microsoft.translator","at.nk.tools.iTranslate","com.screen.translate.google","co.appnation.aivoicetranslator","com.newmg.yurao.pro","photo.translate.camera.translator","com.transgull.translator"]},{"rank":{"index":2,"lang":"pt-br","country":"br","chineseCountryName":"巴西","pkg":"com.spaceship.screen.textcopy"},"orders":["com.recognize_text.translate.screen","com.spaceship.screen.textcopy","com.tap_to_translate.snap_translate","com.gaminik.i18n","com.niven.translator","at.nk.tools.iTranslate","com.galaxy.airviewdictionary","com.screen.translate.google","com.microsoft.translator","com.google.android.apps.translate","ru.yandex.translate","co.appnation.aivoicetranslator","com.zaz.translate","com.niven.game","photo.translate.camera.translator","com.kursx.smartbook","com.newmg.yurao.pro","com.deepl.mobiletranslator","com.fapp.translate.language.translator.fasttranslation","com.transgull.translator"]},{"rank":{"index":2,"lang":"fr","country":"fr","chineseCountryName":"法国","pkg":"com.spaceship.screen.textcopy"},"orders":["com.recognize_text.translate.screen","com.spaceship.screen.textcopy","com.tap_to_translate.snap_translate","com.gaminik.i18n","com.yoyodev.screentranslate","com.niven.translator","com.screen.translate.google","com.aurasense.screentranslate","com.newmg.yurao.pro","com.galaxy.airviewdictionary","photo.translate.camera.translator","com.niven.game","at.nk.tools.iTranslate","co.appnation.aivoicetranslator","com.newtranslate.google","com.microsoft.translator","com.niven.apptranslate","com.fapp.translate.language.translator.fasttranslation","live.screentranslate.realtime","translateonscreen.taptotranslate.screentranslator.screenandphototranslator"]},{"rank":{"index":2,"lang":"en-gb","country":"gb","chineseCountryName":"英国","pkg":"com.spaceship.screen.textcopy"},"orders":["com.recognize_text.translate.screen","com.spaceship.screen.textcopy","com.gaminik.i18n","com.screen.translate.google","com.yoyodev.screentranslate","com.tap_to_translate.snap_translate","com.niven.translator","com.aurasense.screentranslate","at.nk.tools.iTranslate","com.newmg.yurao.pro","com.niven.game","com.galaxy.airviewdictionary","com.microsoft.translator","co.appnation.aivoicetranslator","photo.translate.camera.translator","ru.yandex.translate","com.fapp.translate.language.translator.fasttranslation","com.newtranslate.google","com.google.android.apps.translate","com.niven.apptranslate"]},{"rank":{"index":2,"lang":"de","country":"de","chineseCountryName":"德国","pkg":"com.spaceship.screen.textcopy"},"orders":["com.recognize_text.translate.screen","com.spaceship.screen.textcopy","com.tap_to_translate.snap_translate","com.gaminik.i18n","com.yoyodev.screentranslate","com.niven.translator","com.screen.translate.google","at.nk.tools.iTranslate","com.microsoft.translator","com.newmg.yurao.pro","com.google.android.apps.translate","com.aurasense.screentranslate","co.appnation.aivoicetranslator","ru.yandex.translate","photo.translate.camera.translator","com.deepl.mobiletranslator","com.zaz.translate","com.galaxy.airviewdictionary","com.niven.game","com.pons.onlinedictionary"]},{"rank":{"index":3,"lang":"it","country":"it","chineseCountryName":"意大利","pkg":"com.spaceship.screen.textcopy"},"orders":["com.recognize_text.translate.screen","com.tap_to_translate.snap_translate","com.spaceship.screen.textcopy","com.gaminik.i18n","com.yoyodev.screentranslate","com.screen.translate.google","com.google.android.apps.translate","com.niven.translator","com.microsoft.translator","com.aurasense.screentranslate","at.nk.tools.iTranslate","co.appnation.aivoicetranslator","com.zaz.translate","com.transgull.translator","ru.yandex.translate","com.newmg.yurao.pro","photo.translate.camera.translator","com.niven.game","com.live.translator.ai","com.fapp.translate.language.translator.fasttranslation"]},{"rank":{"index":3,"lang":"ja","country":"jp","chineseCountryName":"日本","pkg":"com.spaceship.screen.textcopy"},"orders":["com.recognize_text.translate.screen","com.tap_to_translate.snap_translate","com.spaceship.screen.textcopy","com.gaminik.i18n","com.google.android.apps.translate","com.microsoft.translator","com.screen.translate.google","at.nk.tools.iTranslate","com.niven.translator","ru.yandex.translate","com.naver.labs.translator","com.zaz.translate","co.appnation.aivoicetranslator"]},{"rank":{"index":2,"lang":"ko","country":"kr","chineseCountryName":"韩国","pkg":"com.spaceship.screen.textcopy"},"orders":["com.recognize_text.translate.screen","com.spaceship.screen.textcopy","com.gaminik.i18n","com.screen.translate.google","com.tap_to_translate.snap_translate","at.nk.tools.iTranslate","com.niven.translator","com.aurasense.screentranslate","com.microsoft.translator"]},{"rank":{"index":0,"lang":"zh-hk","country":"hk","chineseCountryName":"香港","pkg":"com.spaceship.screen.textcopy"},"orders":["com.recognize_text.translate.screen","com.gaminik.i18n","com.tap_to_translate.snap_translate","at.nk.tools.iTranslate","photo.translate.camera.translator","co.appnation.aivoicetranslator","com.niven.translator","com.galaxy.airviewdictionary","com.screen.translate.google","com.yoyodev.screentranslate","com.newtranslate.google","com.newmg.yurao.pro","com.microsoft.translator","com.zaz.translate","com.aurasense.screentranslate","ru.yandex.translate","com.fapp.translate.language.translator.fasttranslation","com.niven.game","com.deepl.mobiletranslator","com.google.android.apps.translate"]},{"rank":{"index":2,"lang":"zh-tw","country":"tw","chineseCountryName":"台湾","pkg":"com.spaceship.screen.textcopy"},"orders":["com.recognize_text.translate.screen","com.spaceship.screen.textcopy","com.gaminik.i18n","com.yoyodev.screentranslate","com.screen.translate.google","com.niven.translator","com.aurasense.screentranslate","at.nk.tools.iTranslate","com.tap_to_translate.snap_translate","com.newmg.yurao.pro","co.appnation.aivoicetranslator","com.niven.game","photo.translate.camera.translator"]},{"rank":{"index":0,"lang":"en","country":"in","chineseCountryName":"印度","pkg":"com.spaceship.screen.textcopy"},"orders":["com.recognize_text.translate.screen","com.gaminik.i18n","at.nk.tools.iTranslate","com.tap_to_translate.snap_translate","com.zaz.translate","com.google.android.apps.translate","photo.translate.camera.translator","co.appnation.aivoicetranslator","com.niven.translator","com.screen.translate.google","com.yoyodev.screentranslate","com.galaxy.airviewdictionary","com.newmg.yurao.pro","com.newtranslate.google","com.aurasense.screentranslate","com.microsoft.translator","com.fapp.translate.language.translator.fasttranslation","com.niven.game","ru.yandex.translate","com.kursx.smartbook"]},{"rank":{"index":2,"lang":"id","country":"id","chineseCountryName":"印尼","pkg":"com.spaceship.screen.textcopy"},"orders":["com.recognize_text.translate.screen","com.spaceship.screen.textcopy","com.tap_to_translate.snap_translate","com.gaminik.i18n","com.niven.translator","com.yoyodev.screentranslate","at.nk.tools.iTranslate","com.screen.translate.google","com.microsoft.translator","com.aurasense.screentranslate","com.google.android.apps.translate","com.zaz.translate","com.niven.game","co.appnation.aivoicetranslator"]},{"rank":{"index":15,"lang":"es-mx","country":"mx","chineseCountryName":"墨西哥","pkg":"com.spaceship.screen.textcopy"},"orders":["com.recognize_text.translate.screen","com.tap_to_translate.snap_translate","com.gaminik.i18n","at.nk.tools.iTranslate","com.zaz.translate","com.google.android.apps.translate","com.deepl.mobiletranslator","ru.yandex.translate","com.kursx.smartbook","photo.translate.camera.translator","com.pons.onlinedictionary","co.appnation.aivoicetranslator","com.live.translator.ai","com.transgull.translator","com.spaceship.screen.textcopy","com.niven.translator","com.screen.translate.google","com.yoyodev.screentranslate","com.galaxy.airviewdictionary","com.newmg.yurao.pro"]}]