[{"rank":{"index":2,"lang":"en-us","country":"us","chineseCountryName":"美国","pkg":"com.spaceship.screen.textcopy"},"orders":["com.recognize_text.translate.screen","com.spaceship.screen.textcopy","com.tap_to_translate.snap_translate","com.niven.translator","com.google.android.apps.translate","com.screen.translate.google","com.gaminik.i18n","com.newmg.yurao.pro","com.microsoft.translator","com.deepl.mobiletranslator","com.fapp.translate.language.translator.fasttranslation","com.immersivetranslate.browser","com.niven.game","at.nk.tools.iTranslate","com.voice.ai.deep.translate","photo.translate.camera.translator","com.translate.talkingtranslator","com.zaz.translate","com.voice_camera_free_translate","com.naver.labs.translator"]},{"rank":{"index":4,"lang":"ru","country":"ru","chineseCountryName":"俄罗斯","pkg":"com.spaceship.screen.textcopy"},"orders":["com.recognize_text.translate.screen","com.niven.translator","com.tap_to_translate.snap_translate","com.spaceship.screen.textcopy","com.gaminik.i18n","com.screen.translate.google","com.newmg.yurao.pro","com.google.android.apps.translate","ru.yandex.translate","com.niven.game","com.deepl.mobiletranslator","live.screentranslate.realtime"]},{"rank":{"index":2,"lang":"pt-br","country":"br","chineseCountryName":"巴西","pkg":"com.spaceship.screen.textcopy"},"orders":["com.recognize_text.translate.screen","com.spaceship.screen.textcopy","com.niven.translator","com.tap_to_translate.snap_translate","com.gaminik.i18n","com.screen.translate.google","com.newmg.yurao.pro","com.google.android.apps.translate","com.fapp.translate.language.translator.fasttranslation","com.niven.game","com.voice_camera_free_translate","com.immersivetranslate.browser","live.screentranslate.realtime","com.niven.apptranslate","com.microsoft.translator","com.eecorp.linguago","com.deepl.mobiletranslator","com.zaz.translate","ru.yandex.translate","com.openai.chatgpt"]},{"rank":{"index":2,"lang":"fr","country":"fr","chineseCountryName":"法国","pkg":"com.spaceship.screen.textcopy"},"orders":["com.recognize_text.translate.screen","com.spaceship.screen.textcopy","com.tap_to_translate.snap_translate","com.niven.translator","com.screen.translate.google","com.gaminik.i18n","com.newmg.yurao.pro","com.google.android.apps.translate","com.fapp.translate.language.translator.fasttranslation","live.screentranslate.realtime","com.voice_camera_free_translate","com.immersivetranslate.browser","com.microsoft.translator","com.deepl.mobiletranslator","com.zaz.translate","com.niven.game","com.eecorp.linguago","photo.translate.camera.translator","com.niven.apptranslate","co.langlang.translator_for_wsp"]},{"rank":{"index":2,"lang":"en-gb","country":"gb","chineseCountryName":"英国","pkg":"com.spaceship.screen.textcopy"},"orders":["com.recognize_text.translate.screen","com.spaceship.screen.textcopy","com.niven.translator","com.google.android.apps.translate","com.screen.translate.google","com.tap_to_translate.snap_translate","com.gaminik.i18n","com.newmg.yurao.pro","com.microsoft.translator","com.fapp.translate.language.translator.fasttranslation","com.zaz.translate","com.voice.ai.deep.translate","com.niven.game","com.deepl.mobiletranslator","com.voice_camera_free_translate","com.immersivetranslate.browser","at.nk.tools.iTranslate","photo.translate.camera.translator","live.screentranslate.realtime","com.eecorp.linguago"]},{"rank":{"index":4,"lang":"de","country":"de","chineseCountryName":"德国","pkg":"com.spaceship.screen.textcopy"},"orders":["com.recognize_text.translate.screen","com.niven.translator","com.tap_to_translate.snap_translate","com.spaceship.screen.textcopy","com.screen.translate.google","com.gaminik.i18n","com.newmg.yurao.pro","com.google.android.apps.translate","com.deepl.mobiletranslator","com.fapp.translate.language.translator.fasttranslation","com.immersivetranslate.browser","live.screentranslate.realtime","com.microsoft.translator","com.niven.game","com.eecorp.linguago","com.voice_camera_free_translate","com.zaz.translate","com.niven.apptranslate","ru.yandex.translate","com.translate.talkingtranslator"]},{"rank":{"index":2,"lang":"it","country":"it","chineseCountryName":"意大利","pkg":"com.spaceship.screen.textcopy"},"orders":["com.recognize_text.translate.screen","com.spaceship.screen.textcopy","com.tap_to_translate.snap_translate","com.niven.translator","com.screen.translate.google","com.gaminik.i18n","com.google.android.apps.translate","com.newmg.yurao.pro","com.fapp.translate.language.translator.fasttranslation","com.deepl.mobiletranslator","com.microsoft.translator","com.zaz.translate","com.immersivetranslate.browser","com.voice_camera_free_translate","com.niven.game","live.screentranslate.realtime","com.eecorp.linguago","photo.translate.camera.translator","com.niven.apptranslate","ru.yandex.translate"]},{"rank":{"index":2,"lang":"ja","country":"jp","chineseCountryName":"日本","pkg":"com.spaceship.screen.textcopy"},"orders":["com.recognize_text.translate.screen","com.spaceship.screen.textcopy","com.tap_to_translate.snap_translate","com.niven.translator","com.screen.translate.google","com.gaminik.i18n","com.newmg.yurao.pro","com.google.android.apps.translate","com.immersivetranslate.browser","com.fapp.translate.language.translator.fasttranslation","com.microsoft.translator","com.deepl.mobiletranslator"]},{"rank":{"index":2,"lang":"ko","country":"kr","chineseCountryName":"韩国","pkg":"com.spaceship.screen.textcopy"},"orders":["com.recognize_text.translate.screen","com.spaceship.screen.textcopy","com.tap_to_translate.snap_translate","com.niven.translator","com.gaminik.i18n","com.screen.translate.google","com.newmg.yurao.pro","com.google.android.apps.translate","com.fapp.translate.language.translator.fasttranslation","com.naver.labs.translator","com.immersivetranslate.browser","com.microsoft.translator"]},{"rank":{"index":2,"lang":"zh-hk","country":"hk","chineseCountryName":"香港","pkg":"com.spaceship.screen.textcopy"},"orders":["com.recognize_text.translate.screen","com.spaceship.screen.textcopy","com.screen.translate.google","com.tap_to_translate.snap_translate","com.niven.translator","com.gaminik.i18n","com.newmg.yurao.pro","com.google.android.apps.translate","com.fapp.translate.language.translator.fasttranslation","com.immersivetranslate.browser","com.niven.game","com.microsoft.translator","com.voice_camera_free_translate","live.screentranslate.realtime","com.zaz.translate","at.nk.tools.iTranslate","com.deepl.mobiletranslator","photo.translate.camera.translator","com.eecorp.linguago","com.niven.apptranslate"]},{"rank":{"index":2,"lang":"zh-tw","country":"tw","chineseCountryName":"台湾","pkg":"com.spaceship.screen.textcopy"},"orders":["com.recognize_text.translate.screen","com.spaceship.screen.textcopy","com.niven.translator","com.screen.translate.google","com.gaminik.i18n","com.newmg.yurao.pro","com.tap_to_translate.snap_translate","com.google.android.apps.translate","com.fapp.translate.language.translator.fasttranslation","com.immersivetranslate.browser","com.microsoft.translator","live.screentranslate.realtime","com.niven.game","com.zaz.translate","com.deepl.mobiletranslator","com.niven.apptranslate","at.nk.tools.iTranslate","ru.yandex.translate","com.naver.labs.translator","com.translate.talkingtranslator"]},{"rank":{"index":2,"lang":"en","country":"in","chineseCountryName":"印度","pkg":"com.spaceship.screen.textcopy"},"orders":["com.recognize_text.translate.screen","com.spaceship.screen.textcopy","com.newmg.yurao.pro","com.google.android.apps.translate"]},{"rank":{"index":2,"lang":"id","country":"id","chineseCountryName":"印尼","pkg":"com.spaceship.screen.textcopy"},"orders":["com.recognize_text.translate.screen","com.spaceship.screen.textcopy","com.tap_to_translate.snap_translate","com.niven.translator","com.screen.translate.google","com.gaminik.i18n","com.newmg.yurao.pro","com.google.android.apps.translate","com.fapp.translate.language.translator.fasttranslation","com.niven.game"]},{"rank":{"index":2,"lang":"es-mx","country":"mx","chineseCountryName":"墨西哥","pkg":"com.spaceship.screen.textcopy"},"orders":["com.recognize_text.translate.screen","com.spaceship.screen.textcopy","com.tap_to_translate.snap_translate","com.newmg.yurao.pro","com.gaminik.i18n","com.google.android.apps.translate","at.nk.tools.iTranslate","com.deepl.mobiletranslator","com.zaz.translate","ru.yandex.translate","com.immersivetranslate.browser","com.voice_camera_free_translate","photo.translate.camera.translator","com.aldoo.pdftranslatorpro","com.niven.translator","com.screen.translate.google","com.fapp.translate.language.translator.fasttranslation","com.datacomprojects.scanandtranslate","com.translate.talkingtranslator","com.softissimo.reverso.context"]}]