[{"rank":{"index":2,"lang":"en-us","country":"us","chineseCountryName":"美国","pkg":"com.spaceship.screen.textcopy"},"orders":["com.recognize_text.translate.screen","com.spaceship.screen.textcopy","com.tap_to_translate.snap_translate","com.google.android.apps.translate","com.screen.translate.google","com.niven.translator","com.microsoft.translator","com.gaminik.i18n","com.niven.game","com.newmg.yurao.pro","com.niven.comic","com.sayhi.android.sayhitranslate","com.google.ar.lens","com.mobisystems.msdict.embedded.wireless.collins.ee","com.naver.labs.translator","jp.go.nict.voicetra","com.zaz.translate","com.flitto.app","com.translate.talkingtranslator","translate.all.language.translator.cameratranslator"]},{"rank":{"index":2,"lang":"ru","country":"ru","chineseCountryName":"俄罗斯","pkg":"com.spaceship.screen.textcopy"},"orders":["com.recognize_text.translate.screen","com.spaceship.screen.textcopy","com.niven.translator","com.tap_to_translate.snap_translate","com.niven.game","com.gaminik.i18n","com.screen.translate.google","ru.yandex.translate","com.newmg.yurao.pro","com.niven.comic","com.microsoft.translator","com.google.android.apps.translate","com.niven.apptranslate","com.datacomprojects.scanandtranslate","com.deepl.mobiletranslator","com.tangdi.baiguotong","com.translate.language.translator.voice.translation","com.google.ar.lens","com.zaz.translate","com.translate.talkingtranslator"]},{"rank":{"index":2,"lang":"pt-br","country":"br","chineseCountryName":"巴西","pkg":"com.spaceship.screen.textcopy"},"orders":["com.recognize_text.translate.screen","com.spaceship.screen.textcopy","com.tap_to_translate.snap_translate","com.gaminik.i18n","com.microsoft.translator","com.google.android.apps.translate","com.softissimo.reverso.context","com.deepl.mobiletranslator","com.naver.labs.translator","ru.yandex.translate","com.sayhi.android.sayhitranslate","com.flitto.app","com.translate.talkingtranslator","com.google.ar.lens","jp.go.nict.voicetra","com.niven.game","com.niven.translator","com.screen.translate.google","com.niven.comic","com.newmg.yurao.pro"]},{"rank":{"index":2,"lang":"fr","country":"fr","chineseCountryName":"法国","pkg":"com.spaceship.screen.textcopy"},"orders":["com.recognize_text.translate.screen","com.spaceship.screen.textcopy","com.tap_to_translate.snap_translate","com.gaminik.i18n","com.niven.game","com.niven.translator","com.screen.translate.google","com.microsoft.translator","com.niven.comic","com.newmg.yurao.pro","com.google.android.apps.translate","com.softissimo.reverso.context","com.datacomprojects.scanandtranslate","com.tangdi.baiguotong","com.translate.talkingtranslator","com.language.translate.free.translator.voice.translation","com.niven.apptranslate","com.deepl.mobiletranslator","com.translate.language.translator.voice.translation","com.zaz.translate"]},{"rank":{"index":2,"lang":"en-gb","country":"gb","chineseCountryName":"英国","pkg":"com.spaceship.screen.textcopy"},"orders":["com.recognize_text.translate.screen","com.spaceship.screen.textcopy","com.tap_to_translate.snap_translate","com.google.android.apps.translate","com.screen.translate.google","com.gaminik.i18n","com.microsoft.translator","com.niven.game","com.niven.translator","com.newmg.yurao.pro","com.niven.comic","com.google.ar.lens","com.sayhi.android.sayhitranslate","com.zaz.translate","com.mobisystems.msdict.embedded.wireless.collins.ee","com.softissimo.reverso.context","com.datacomprojects.scanandtranslate","com.naver.labs.translator","com.language.translate.free.translator.voice.translation","com.niven.apptranslate"]},{"rank":{"index":2,"lang":"de","country":"de","chineseCountryName":"德国","pkg":"com.spaceship.screen.textcopy"},"orders":["com.recognize_text.translate.screen","com.spaceship.screen.textcopy","com.tap_to_translate.snap_translate","com.screen.translate.google","com.niven.translator","com.microsoft.translator","com.gaminik.i18n","com.niven.game","com.newmg.yurao.pro","com.niven.comic","com.google.android.apps.translate","com.deepl.mobiletranslator","com.translate.talkingtranslator","com.sayhi.android.sayhitranslate","com.language.translate.free.translator.voice.translation","com.datacomprojects.scanandtranslate","com.flitto.app","com.image.camera.translate.ai","com.niven.apptranslate","com.softissimo.reverso.context"]},{"rank":{"index":2,"lang":"it","country":"it","chineseCountryName":"意大利","pkg":"com.spaceship.screen.textcopy"},"orders":["com.recognize_text.translate.screen","com.spaceship.screen.textcopy","com.tap_to_translate.snap_translate","com.niven.game","com.screen.translate.google","com.gaminik.i18n","com.niven.translator","com.microsoft.translator","com.niven.comic","com.newmg.yurao.pro","com.google.android.apps.translate","com.datacomprojects.scanandtranslate","com.softissimo.reverso.context","com.language.translate.free.translator.voice.translation","com.image.camera.translate.ai","com.deepl.mobiletranslator","com.tangdi.baiguotong","com.sayhi.android.sayhitranslate","com.translate.talkingtranslator","com.niven.apptranslate"]},{"rank":{"index":2,"lang":"ja","country":"jp","chineseCountryName":"日本","pkg":"com.spaceship.screen.textcopy"},"orders":["com.recognize_text.translate.screen","com.spaceship.screen.textcopy","com.tap_to_translate.snap_translate","com.niven.translator","com.gaminik.i18n","com.niven.game","com.screen.translate.google","com.microsoft.translator","com.naver.labs.translator"]},{"rank":{"index":2,"lang":"ko","country":"kr","chineseCountryName":"韩国","pkg":"com.spaceship.screen.textcopy"},"orders":["com.recognize_text.translate.screen","com.spaceship.screen.textcopy","com.tap_to_translate.snap_translate","com.gaminik.i18n","com.niven.game","com.niven.translator","com.screen.translate.google","com.naver.labs.translator","com.newmg.yurao.pro","com.niven.comic","com.microsoft.translator","com.flitto.app","com.google.android.apps.translate","com.niven.apptranslate","instant.text.translate","com.translate.talkingtranslator","co.timekettle.livetranslator","com.deepl.mobiletranslator","com.google.ar.lens","com.facebook.katana"]},{"rank":{"index":2,"lang":"zh-hk","country":"hk","chineseCountryName":"香港","pkg":"com.spaceship.screen.textcopy"},"orders":["com.recognize_text.translate.screen","com.spaceship.screen.textcopy","com.gaminik.i18n","com.screen.translate.google","com.niven.translator","com.niven.game","com.tap_to_translate.snap_translate","com.microsoft.translator","com.newmg.yurao.pro","com.niven.comic","com.google.android.apps.translate","jp.go.nict.voicetra","com.niven.apptranslate","com.naver.labs.translator","com.tangdi.baiguotong","com.google.ar.lens","com.datacomprojects.scanandtranslate","instant.text.translate","com.zaz.translate","com.image.camera.translate.ai"]},{"rank":{"index":2,"lang":"zh-tw","country":"tw","chineseCountryName":"台湾","pkg":"com.spaceship.screen.textcopy"},"orders":["com.recognize_text.translate.screen","com.spaceship.screen.textcopy","com.tap_to_translate.snap_translate","com.screen.translate.google","com.gaminik.i18n","com.niven.translator","com.niven.game","com.newmg.yurao.pro","com.niven.comic","com.microsoft.translator","com.google.android.apps.translate","com.naver.labs.translator","com.niven.apptranslate","jp.go.nict.voicetra","com.tangdi.baiguotong","instant.text.translate","com.datacomprojects.scanandtranslate","com.translate.talkingtranslator","com.google.ar.lens","com.flitto.app"]},{"rank":{"index":2,"lang":"en","country":"in","chineseCountryName":"印度","pkg":"com.spaceship.screen.textcopy"},"orders":["com.recognize_text.translate.screen","com.spaceship.screen.textcopy","com.google.android.apps.translate","com.tap_to_translate.snap_translate","com.gaminik.i18n","com.microsoft.translator","com.sayhi.android.sayhitranslate","com.softissimo.reverso.context","ru.yandex.translate","com.google.ar.lens","jp.go.nict.voicetra","com.screen.translate.google","com.newmg.yurao.pro","com.niven.translator","com.zaz.translate","com.niven.game","translate.all.language.translator.cameratranslator","com.datacomprojects.scanandtranslate","com.niven.comic","com.languagetranslator.translatorapp.smartscanner.dictionary.translation.voicetranslator"]},{"rank":{"index":2,"lang":"id","country":"id","chineseCountryName":"印尼","pkg":"com.spaceship.screen.textcopy"},"orders":["com.recognize_text.translate.screen","com.spaceship.screen.textcopy","com.tap_to_translate.snap_translate","com.niven.game","com.niven.translator","com.gaminik.i18n","com.screen.translate.google","com.newmg.yurao.pro","com.niven.comic","com.google.android.apps.translate","com.niven.apptranslate","com.microsoft.translator","com.naver.labs.translator","com.youdao.hindict","com.deepl.mobiletranslator"]},{"rank":{"index":2,"lang":"es-mx","country":"mx","chineseCountryName":"墨西哥","pkg":"com.spaceship.screen.textcopy"},"orders":["com.recognize_text.translate.screen","com.spaceship.screen.textcopy","com.tap_to_translate.snap_translate","com.gaminik.i18n","com.microsoft.translator","com.google.android.apps.translate","com.softissimo.reverso.context","com.deepl.mobiletranslator","com.sayhi.android.sayhitranslate","com.naver.labs.translator","com.translate.talkingtranslator","ru.yandex.translate","com.google.ar.lens","com.flitto.app","com.niven.translator","com.niven.game","com.newmg.yurao.pro","com.screen.translate.google","com.niven.comic","com.zaz.translate"]}]