[{"rank":{"index":2,"lang":"en-us","country":"us","chineseCountryName":"美国","pkg":"com.spaceship.screen.textcopy"},"orders":["com.recognize_text.translate.screen","com.spaceship.screen.textcopy","com.google.android.apps.translate","com.screen.translate.google","com.yoyodev.screentranslate","com.gaminik.i18n","com.niven.translator","com.aurasense.screentranslate","com.newmg.yurao.pro","com.tap_to_translate.snap_translate","com.deepl.mobiletranslator","com.galaxy.airviewdictionary","translate.speech.text.translation.voicetranslator","com.zaz.translate","com.newtranslate.google","com.microsoft.translator","ru.yandex.translate","com.niven.game","com.hive.lingonative","link.zhidou.btranslator"]},{"rank":{"index":5,"lang":"ru","country":"ru","chineseCountryName":"俄罗斯","pkg":"com.spaceship.screen.textcopy"},"orders":["com.recognize_text.translate.screen","com.niven.translator","com.yoyodev.screentranslate","com.tap_to_translate.snap_translate","com.spaceship.screen.textcopy","com.gaminik.i18n","com.screen.translate.google","com.galaxy.airviewdictionary","com.newmg.yurao.pro","ru.yandex.translate","com.newtranslate.google","com.google.android.apps.translate"]},{"rank":{"index":2,"lang":"pt-br","country":"br","chineseCountryName":"巴西","pkg":"com.spaceship.screen.textcopy"},"orders":["com.recognize_text.translate.screen","com.spaceship.screen.textcopy","com.gaminik.i18n","com.niven.translator","com.tap_to_translate.snap_translate","com.screen.translate.google","com.galaxy.airviewdictionary","com.newmg.yurao.pro","com.newtranslate.google","com.google.android.apps.translate","com.niven.game","com.hive.lingonative","com.deepl.mobiletranslator","translate.speech.text.translation.voicetranslator","com.niven.apptranslate","com.esarikaya.screentranslate","com.zaz.translate","link.zhidou.btranslator","ru.yandex.translate","com.screen.translator.text.recognize"]},{"rank":{"index":2,"lang":"fr","country":"fr","chineseCountryName":"法国","pkg":"com.spaceship.screen.textcopy"},"orders":["com.recognize_text.translate.screen","com.spaceship.screen.textcopy","com.yoyodev.screentranslate","com.gaminik.i18n","com.tap_to_translate.snap_translate","com.niven.translator","com.screen.translate.google","com.newmg.yurao.pro","com.galaxy.airviewdictionary","com.aurasense.screentranslate","com.google.android.apps.translate","com.newtranslate.google","com.deepl.mobiletranslator","com.zaz.translate","com.esarikaya.screentranslate","com.hive.lingonative","link.zhidou.btranslator","com.niven.apptranslate","com.niven.game","photo.translate.camera.translator"]},{"rank":{"index":2,"lang":"en-gb","country":"gb","chineseCountryName":"英国","pkg":"com.spaceship.screen.textcopy"},"orders":["com.recognize_text.translate.screen","com.spaceship.screen.textcopy","com.google.android.apps.translate","com.tap_to_translate.snap_translate","com.deepl.mobiletranslator","com.zaz.translate","com.microsoft.translator","ru.yandex.translate","link.zhidou.btranslator","photo.translate.camera.translator","com.screen.translate.google","com.galaxy.airviewdictionary","com.niven.translator","com.yoyodev.screentranslate","com.newtranslate.google","com.newmg.yurao.pro","com.aurasense.screentranslate","translate.speech.text.translation.voicetranslator","at.nk.tools.iTranslate","screen.translator.voice.translate"]},{"rank":{"index":4,"lang":"de","country":"de","chineseCountryName":"德国","pkg":"com.spaceship.screen.textcopy"},"orders":["com.recognize_text.translate.screen","com.gaminik.i18n","com.yoyodev.screentranslate","com.spaceship.screen.textcopy","com.screen.translate.google","com.niven.translator","com.tap_to_translate.snap_translate","com.galaxy.airviewdictionary","com.newmg.yurao.pro","com.google.android.apps.translate","com.aurasense.screentranslate","com.deepl.mobiletranslator","com.hive.lingonative","com.newtranslate.google","link.zhidou.btranslator","com.zaz.translate","translate.speech.text.translation.voicetranslator","com.niven.apptranslate","com.esarikaya.screentranslate","com.softissimo.reverso.context"]},{"rank":{"index":3,"lang":"it","country":"it","chineseCountryName":"意大利","pkg":"com.spaceship.screen.textcopy"},"orders":["com.recognize_text.translate.screen","com.yoyodev.screentranslate","com.spaceship.screen.textcopy","com.screen.translate.google","com.gaminik.i18n","com.niven.translator","com.tap_to_translate.snap_translate","com.galaxy.airviewdictionary","com.newmg.yurao.pro","com.aurasense.screentranslate","com.google.android.apps.translate","com.newtranslate.google","link.zhidou.btranslator","com.deepl.mobiletranslator","com.esarikaya.screentranslate","com.niven.game","com.zaz.translate","co.appnation.aivoicetranslator","com.niven.apptranslate","com.microsoft.translator"]},{"rank":{"index":4,"lang":"ja","country":"jp","chineseCountryName":"日本","pkg":"com.spaceship.screen.textcopy"},"orders":["com.recognize_text.translate.screen","com.tap_to_translate.snap_translate","com.gaminik.i18n","com.spaceship.screen.textcopy","com.screen.translate.google","com.niven.translator","com.aurasense.screentranslate","com.google.android.apps.translate","com.galaxy.airviewdictionary","com.newtranslate.google","com.newmg.yurao.pro","com.hive.lingonative","com.deepl.mobiletranslator"]},{"rank":{"index":2,"lang":"ko","country":"kr","chineseCountryName":"韩国","pkg":"com.spaceship.screen.textcopy"},"orders":["com.recognize_text.translate.screen","com.spaceship.screen.textcopy","com.gaminik.i18n","com.screen.translate.google","com.galaxy.airviewdictionary","com.tap_to_translate.snap_translate","com.aurasense.screentranslate","com.niven.translator","com.google.android.apps.translate","com.newmg.yurao.pro","com.newtranslate.google","com.deepl.mobiletranslator","translate.speech.text.translation.voicetranslator","com.hive.lingonative","com.esarikaya.screentranslate","com.niven.apptranslate","com.zaz.translate","com.naver.labs.translator","ru.yandex.translate","com.niven.game"]},{"rank":{"index":2,"lang":"zh-hk","country":"hk","chineseCountryName":"香港","pkg":"com.spaceship.screen.textcopy"},"orders":["com.recognize_text.translate.screen","com.spaceship.screen.textcopy","com.google.android.apps.translate","com.tap_to_translate.snap_translate","com.deepl.mobiletranslator","com.zaz.translate","com.microsoft.translator","ru.yandex.translate","photo.translate.camera.translator","link.zhidou.btranslator","com.galaxy.airviewdictionary","com.screen.translate.google","com.niven.translator","com.yoyodev.screentranslate","com.newtranslate.google","com.newmg.yurao.pro","com.aurasense.screentranslate","translate.speech.text.translation.voicetranslator","screen.translator.voice.translate","at.nk.tools.iTranslate"]},{"rank":{"index":2,"lang":"zh-tw","country":"tw","chineseCountryName":"台湾","pkg":"com.spaceship.screen.textcopy"},"orders":["com.recognize_text.translate.screen","com.spaceship.screen.textcopy","com.gaminik.i18n","com.screen.translate.google","com.yoyodev.screentranslate","com.aurasense.screentranslate","com.newmg.yurao.pro","com.tap_to_translate.snap_translate","com.galaxy.airviewdictionary","com.google.android.apps.translate","com.niven.translator","com.newtranslate.google","com.deepl.mobiletranslator","com.esarikaya.screentranslate","com.zaz.translate","translate.speech.text.translation.voicetranslator","com.niven.apptranslate","com.naver.labs.translator","ru.yandex.translate","com.easy.all.language.translate"]},{"rank":{"index":0,"lang":"en","country":"in","chineseCountryName":"印度","pkg":"com.spaceship.screen.textcopy"},"orders":["com.recognize_text.translate.screen","com.google.android.apps.translate","com.gaminik.i18n","com.tap_to_translate.snap_translate","com.galaxy.airviewdictionary","com.screen.translate.google","com.yoyodev.screentranslate","com.niven.translator","com.newtranslate.google","com.newmg.yurao.pro","translate.speech.text.translation.voicetranslator","com.aurasense.screentranslate","screen.translator.voice.translate","at.nk.tools.iTranslate","ru.yandex.translate","com.niven.apptranslate","link.zhidou.btranslator","photo.translate.camera.translator","com.softissimo.reverso.context","com.niven.game"]},{"rank":{"index":2,"lang":"id","country":"id","chineseCountryName":"印尼","pkg":"com.spaceship.screen.textcopy"},"orders":["com.recognize_text.translate.screen","com.spaceship.screen.textcopy","com.yoyodev.screentranslate","com.gaminik.i18n","com.niven.translator","com.screen.translate.google","com.tap_to_translate.snap_translate","com.aurasense.screentranslate","com.newmg.yurao.pro","com.galaxy.airviewdictionary","com.google.android.apps.translate","com.hive.lingonative","com.deepl.mobiletranslator","com.newtranslate.google"]},{"rank":{"index":2,"lang":"es-mx","country":"mx","chineseCountryName":"墨西哥","pkg":"com.spaceship.screen.textcopy"},"orders":["com.recognize_text.translate.screen","com.spaceship.screen.textcopy","com.tap_to_translate.snap_translate","com.gaminik.i18n","com.google.android.apps.translate","com.zaz.translate","com.niven.translator","com.galaxy.airviewdictionary","com.yoyodev.screentranslate","com.screen.translate.google","com.newmg.yurao.pro","com.newtranslate.google","screen.translator.voice.translate","com.aurasense.screentranslate","com.hive.lingonative","com.microsoft.translator","at.nk.tools.iTranslate","ru.yandex.translate","com.screen.translator.text.recognize","com.niven.apptranslate"]}]