[{"rank":{"index":2,"lang":"en-us","country":"us","chineseCountryName":"美国","pkg":"com.spaceship.screen.textcopy"},"orders":["com.recognize_text.translate.screen","com.spaceship.screen.textcopy","com.tap_to_translate.snap_translate","com.google.android.apps.translate","com.gaminik.i18n","com.microsoft.translator","com.screen.translate.google","com.niven.translator","com.newmg.yurao.pro","com.niven.game","com.niven.comic","com.niven.apptranslate","com.deepl.mobiletranslator","com.zaz.translate","com.naver.labs.translator","com.youdao.hindict","com.mobisystems.msdict.embedded.wireless.collins.ee","com.translate.talkingtranslator","com.google.ar.lens","com.softissimo.reverso.context"]},{"rank":{"index":2,"lang":"ru","country":"ru","chineseCountryName":"俄罗斯","pkg":"com.spaceship.screen.textcopy"},"orders":["com.recognize_text.translate.screen","com.spaceship.screen.textcopy","com.tap_to_translate.snap_translate","com.gaminik.i18n","com.niven.translator","com.niven.game","com.google.android.apps.translate","com.screen.translate.google","ru.yandex.translate","com.niven.comic","com.newmg.yurao.pro","com.microsoft.translator","com.niven.apptranslate","com.deepl.mobiletranslator","com.ticktalk.translatevoice","com.datacomprojects.scanandtranslate","com.flitto.app","com.translate.language.translator.voice.translation","com.zaz.translate","com.youdao.hindict"]},{"rank":{"index":2,"lang":"fr","country":"fr","chineseCountryName":"法国","pkg":"com.spaceship.screen.textcopy"},"orders":["com.recognize_text.translate.screen","com.spaceship.screen.textcopy","com.tap_to_translate.snap_translate","com.gaminik.i18n","com.niven.translator","com.niven.game","com.niven.comic","com.newmg.yurao.pro","com.google.android.apps.translate","com.screen.translate.google","com.microsoft.translator","com.niven.apptranslate","com.deepl.mobiletranslator","com.youdao.hindict","com.whatsapp","com.facebook.orca","com.zaz.translate","screen.translator.voice.translate","com.nordicwise.translator","com.softissimo.reverso.context"]},{"rank":{"index":2,"lang":"en-gb","country":"gb","chineseCountryName":"英国","pkg":"com.spaceship.screen.textcopy"},"orders":["com.recognize_text.translate.screen","com.spaceship.screen.textcopy","com.tap_to_translate.snap_translate","com.gaminik.i18n","com.google.android.apps.translate","com.microsoft.translator","com.niven.translator","com.niven.comic","com.niven.game","com.newmg.yurao.pro","com.screen.translate.google","com.nordicwise.translator","screen.translator.voice.translate","com.niven.apptranslate","com.datacomprojects.scanandtranslate","com.youdao.hindict","com.zaz.translate","com.deepl.mobiletranslator","com.mobisystems.msdict.embedded.wireless.collins.ee","com.languagetranslator.translatorapp.smartscanner.dictionary.translation.voicetranslator"]},{"rank":{"index":2,"lang":"de","country":"de","chineseCountryName":"德国","pkg":"com.spaceship.screen.textcopy"},"orders":["com.recognize_text.translate.screen","com.spaceship.screen.textcopy","com.gaminik.i18n","com.tap_to_translate.snap_translate","com.screen.translate.google","com.microsoft.translator","com.niven.game","com.newmg.yurao.pro","com.niven.comic","com.google.android.apps.translate","com.deepl.mobiletranslator","com.niven.translator","com.youdao.hindict","com.niven.apptranslate","com.softissimo.reverso.context","com.whatsapp","com.facebook.orca","com.translate.talkingtranslator","us.zoom.videomeetings","com.google.android.apps.photos"]},{"rank":{"index":2,"lang":"it","country":"it","chineseCountryName":"意大利","pkg":"com.spaceship.screen.textcopy"},"orders":["com.recognize_text.translate.screen","com.spaceship.screen.textcopy","com.niven.game","com.gaminik.i18n","com.tap_to_translate.snap_translate","com.screen.translate.google","com.niven.comic","com.niven.translator","com.google.android.apps.translate","com.newmg.yurao.pro","com.microsoft.translator","com.niven.apptranslate","com.deepl.mobiletranslator","com.whatsapp","com.facebook.orca","us.zoom.videomeetings","com.discord","com.duolingo","com.google.android.apps.photos","com.canva.editor"]},{"rank":{"index":2,"lang":"ja","country":"jp","chineseCountryName":"日本","pkg":"com.spaceship.screen.textcopy"},"orders":["com.recognize_text.translate.screen","com.spaceship.screen.textcopy","com.gaminik.i18n","com.niven.game","com.tap_to_translate.snap_translate","com.niven.apptranslate","com.screen.translate.google","com.deepl.mobiletranslator","com.niven.comic","com.google.android.apps.translate","com.newmg.yurao.pro","com.niven.translator","com.naver.labs.translator","com.microsoft.translator","com.facebook.orca","com.whatsapp","com.translate.talkingtranslator","com.android.chrome","com.google.android.apps.maps","us.zoom.videomeetings"]},{"rank":{"index":2,"lang":"ko","country":"kr","chineseCountryName":"韩国","pkg":"com.spaceship.screen.textcopy"},"orders":["com.recognize_text.translate.screen","com.spaceship.screen.textcopy","com.tap_to_translate.snap_translate","com.gaminik.i18n","com.screen.translate.google","com.niven.game","com.niven.comic","com.niven.apptranslate","com.newmg.yurao.pro","com.google.android.apps.translate","com.naver.labs.translator","com.niven.translator","com.facebook.orca","com.whatsapp","us.zoom.videomeetings","com.discord","com.duolingo","com.android.chrome","com.sec.android.app.sbrowser","com.google.android.apps.photos"]},{"rank":{"index":2,"lang":"zh-hk","country":"hk","chineseCountryName":"香港","pkg":"com.spaceship.screen.textcopy"},"orders":["com.recognize_text.translate.screen","com.spaceship.screen.textcopy","com.gaminik.i18n","com.tap_to_translate.snap_translate","com.screen.translate.google","com.niven.game","com.newmg.yurao.pro","com.google.android.apps.translate","com.niven.translator","com.microsoft.translator","com.niven.comic","com.niven.apptranslate","com.whatsapp","com.facebook.orca","com.android.chrome","com.google.android.apps.maps","us.zoom.videomeetings","com.discord","com.deepl.mobiletranslator","com.duolingo"]},{"rank":{"index":2,"lang":"zh-tw","country":"tw","chineseCountryName":"台湾","pkg":"com.spaceship.screen.textcopy"},"orders":["com.recognize_text.translate.screen","com.spaceship.screen.textcopy","com.tap_to_translate.snap_translate","com.gaminik.i18n","com.niven.game","com.niven.comic","com.niven.translator","com.screen.translate.google","com.newmg.yurao.pro","com.google.android.apps.translate","com.niven.apptranslate","com.microsoft.translator","com.deepl.mobiletranslator","com.whatsapp","com.facebook.orca","com.youdao.hindict","com.naver.labs.translator","com.android.chrome","com.discord","com.google.android.apps.maps"]},{"rank":{"index":2,"lang":"en","country":"in","chineseCountryName":"印度","pkg":"com.spaceship.screen.textcopy"},"orders":["com.recognize_text.translate.screen","com.spaceship.screen.textcopy","com.newmg.yurao.pro","com.google.android.apps.translate","com.screen.translate.google","com.tap_to_translate.snap_translate","com.niven.translator","com.zaz.translate","com.niven.comic","screen.translator.voice.translate","com.niven.game","com.microsoft.translator","com.eecorp.linguago","com.whatsapp","com.niven.apptranslate","com.google.android.inputmethod.latin","com.tranit.text.translate","com.android.chrome","com.google.android.apps.docs","com.gaminik.i18n"]},{"rank":{"index":2,"lang":"id","country":"id","chineseCountryName":"印尼","pkg":"com.spaceship.screen.textcopy"},"orders":["com.recognize_text.translate.screen","com.spaceship.screen.textcopy","com.tap_to_translate.snap_translate","com.gaminik.i18n","com.niven.translator","com.niven.comic","com.niven.game","com.newmg.yurao.pro","com.screen.translate.google","com.youdao.hindict","com.google.android.apps.translate","com.whatsapp"]}]