[{"rank":{"index":2,"lang":"en-us","country":"us","chineseCountryName":"美国","pkg":"com.spaceship.screen.textcopy"},"orders":["com.recognize_text.translate.screen","com.spaceship.screen.textcopy","com.tap_to_translate.snap_translate","com.google.android.apps.translate","com.screen.translate.google","com.newmg.yurao.pro","com.microsoft.translator","com.gaminik.i18n","com.niven.translator","com.google.ar.lens","com.deepl.mobiletranslator","at.nk.tools.iTranslate","com.niven.game","com.naver.labs.translator","com.translate.talkingtranslator","com.zaz.translate","ru.yandex.translate","com.eecorp.linguago","com.niven.apptranslate","com.mobisystems.msdict.embedded.wireless.collins.ee"]},{"rank":{"index":0,"lang":"ru","country":"ru","chineseCountryName":"俄罗斯","pkg":"com.spaceship.screen.textcopy"},"orders":["com.recognize_text.translate.screen","com.tap_to_translate.snap_translate","com.newmg.yurao.pro","com.niven.translator","com.gaminik.i18n","com.niven.game","com.screen.translate.google","ru.yandex.translate","com.microsoft.translator","com.google.android.apps.translate","com.deepl.mobiletranslator","com.google.ar.lens","com.niven.apptranslate","com.eecorp.linguago","live.screentranslate.realtime","at.nk.tools.iTranslate","com.promt.pmtappfree","com.android.chrome","com.whatsapp","com.tangdi.baiguotong"]},{"rank":{"index":2,"lang":"pt-br","country":"br","chineseCountryName":"巴西","pkg":"com.spaceship.screen.textcopy"},"orders":["com.recognize_text.translate.screen","com.spaceship.screen.textcopy","com.tap_to_translate.snap_translate","com.newmg.yurao.pro","com.gaminik.i18n","com.google.android.apps.translate","com.microsoft.translator","at.nk.tools.iTranslate","ru.yandex.translate","com.deepl.mobiletranslator","com.zaz.translate","com.google.ar.lens","com.naver.labs.translator","com.translate.talkingtranslator","com.softissimo.reverso.context","com.niven.translator","com.screen.translate.google","com.newtranslate.google","com.niven.game","com.niven.apptranslate"]},{"rank":{"index":3,"lang":"fr","country":"fr","chineseCountryName":"法国","pkg":"com.spaceship.screen.textcopy"},"orders":["com.recognize_text.translate.screen","com.tap_to_translate.snap_translate","com.spaceship.screen.textcopy","com.newmg.yurao.pro","com.screen.translate.google","com.niven.translator","com.gaminik.i18n","com.google.android.apps.translate","com.microsoft.translator","com.google.ar.lens","com.deepl.mobiletranslator","com.niven.apptranslate","ru.yandex.translate","com.niven.game","com.eecorp.linguago","at.nk.tools.iTranslate","com.google.android.apps.tachyon","com.naver.labs.translator","com.facebook.katana","com.android.chrome"]},{"rank":{"index":2,"lang":"en-gb","country":"gb","chineseCountryName":"英国","pkg":"com.spaceship.screen.textcopy"},"orders":["com.recognize_text.translate.screen","com.spaceship.screen.textcopy","com.tap_to_translate.snap_translate","com.google.android.apps.translate","com.screen.translate.google","com.newmg.yurao.pro","com.microsoft.translator","com.gaminik.i18n","com.niven.translator","com.google.ar.lens","at.nk.tools.iTranslate","com.deepl.mobiletranslator","com.zaz.translate","ru.yandex.translate","com.niven.game","com.naver.labs.translator","com.eecorp.linguago","com.mobisystems.msdict.embedded.wireless.collins.ee","com.niven.apptranslate","com.translate.talkingtranslator"]},{"rank":{"index":2,"lang":"de","country":"de","chineseCountryName":"德国","pkg":"com.spaceship.screen.textcopy"},"orders":["com.recognize_text.translate.screen","com.spaceship.screen.textcopy","com.tap_to_translate.snap_translate","com.screen.translate.google","com.newmg.yurao.pro","com.gaminik.i18n","com.niven.translator","com.microsoft.translator","com.google.android.apps.translate","com.deepl.mobiletranslator","com.niven.game","ru.yandex.translate","com.google.ar.lens","com.niven.apptranslate","com.eecorp.linguago","at.nk.tools.iTranslate","com.google.android.apps.tachyon","com.android.chrome","com.facebook.katana","com.facebook.orca"]},{"rank":{"index":2,"lang":"it","country":"it","chineseCountryName":"意大利","pkg":"com.spaceship.screen.textcopy"},"orders":["com.recognize_text.translate.screen","com.spaceship.screen.textcopy","com.tap_to_translate.snap_translate","com.screen.translate.google","com.gaminik.i18n","com.newmg.yurao.pro","com.niven.translator","com.microsoft.translator","com.google.android.apps.translate","com.niven.game","com.google.ar.lens","com.deepl.mobiletranslator","ru.yandex.translate","com.niven.apptranslate","at.nk.tools.iTranslate","com.eecorp.linguago","com.google.android.apps.tachyon","com.datacomprojects.scanandtranslate","com.instagram.android","com.facebook.katana"]},{"rank":{"index":2,"lang":"ja","country":"jp","chineseCountryName":"日本","pkg":"com.spaceship.screen.textcopy"},"orders":["com.recognize_text.translate.screen","com.spaceship.screen.textcopy","com.tap_to_translate.snap_translate","com.gaminik.i18n","com.newmg.yurao.pro","com.screen.translate.google","com.niven.translator","com.google.android.apps.translate","com.microsoft.translator","com.google.ar.lens","com.deepl.mobiletranslator","com.naver.labs.translator","com.niven.game","ru.yandex.translate","at.nk.tools.iTranslate","com.eecorp.linguago","com.niven.apptranslate","com.facebook.katana","com.android.chrome","com.instagram.android"]},{"rank":{"index":3,"lang":"ko","country":"kr","chineseCountryName":"韩国","pkg":"com.spaceship.screen.textcopy"},"orders":["com.recognize_text.translate.screen","com.tap_to_translate.snap_translate","com.spaceship.screen.textcopy","com.newmg.yurao.pro","com.gaminik.i18n","com.screen.translate.google","com.niven.translator","com.google.android.apps.translate","com.microsoft.translator","com.naver.labs.translator","com.niven.game","com.eecorp.linguago","com.niven.apptranslate","com.google.ar.lens","com.facebook.katana","com.instagram.android","com.facebook.orca","com.android.chrome","com.deepl.mobiletranslator","org.telegram.messenger"]},{"rank":{"index":2,"lang":"zh-hk","country":"hk","chineseCountryName":"香港","pkg":"com.spaceship.screen.textcopy"},"orders":["com.recognize_text.translate.screen","com.spaceship.screen.textcopy","com.screen.translate.google","com.newmg.yurao.pro","com.gaminik.i18n","com.niven.translator","com.tap_to_translate.snap_translate","com.microsoft.translator","com.google.android.apps.translate","com.google.ar.lens","com.naver.labs.translator","com.niven.game","com.newtranslate.google","com.deepl.mobiletranslator","com.niven.apptranslate","ru.yandex.translate","com.android.chrome","com.google.android.apps.maps","com.facebook.katana","com.eecorp.linguago"]},{"rank":{"index":2,"lang":"zh-tw","country":"tw","chineseCountryName":"台湾","pkg":"com.spaceship.screen.textcopy"},"orders":["com.recognize_text.translate.screen","com.spaceship.screen.textcopy","com.screen.translate.google","com.newmg.yurao.pro","com.gaminik.i18n","com.tap_to_translate.snap_translate","com.niven.translator","com.google.android.apps.translate","com.microsoft.translator","com.naver.labs.translator","com.google.ar.lens","com.newtranslate.google","com.niven.game","com.niven.apptranslate","ru.yandex.translate","com.deepl.mobiletranslator","com.eecorp.linguago","com.facebook.katana","com.instagram.android","com.facebook.orca"]},{"rank":{"index":2,"lang":"en","country":"in","chineseCountryName":"印度","pkg":"com.spaceship.screen.textcopy"},"orders":["com.recognize_text.translate.screen","com.spaceship.screen.textcopy","com.google.android.apps.translate","com.newmg.yurao.pro"]},{"rank":{"index":2,"lang":"id","country":"id","chineseCountryName":"印尼","pkg":"com.spaceship.screen.textcopy"},"orders":["com.recognize_text.translate.screen","com.spaceship.screen.textcopy","com.tap_to_translate.snap_translate","com.screen.translate.google","com.niven.translator","com.newmg.yurao.pro","com.gaminik.i18n","com.niven.game","com.google.android.apps.translate"]},{"rank":{"index":2,"lang":"es-mx","country":"mx","chineseCountryName":"墨西哥","pkg":"com.spaceship.screen.textcopy"},"orders":["com.recognize_text.translate.screen","com.spaceship.screen.textcopy","com.tap_to_translate.snap_translate","com.newmg.yurao.pro","com.gaminik.i18n","com.google.android.apps.translate","com.microsoft.translator","at.nk.tools.iTranslate","com.deepl.mobiletranslator","ru.yandex.translate","com.google.ar.lens","com.zaz.translate","com.naver.labs.translator","com.translate.talkingtranslator","com.softissimo.reverso.context","com.ticktalk.translatevoice","com.niven.translator","com.screen.translate.google","com.newtranslate.google","com.niven.game"]}]