[{"rank":{"index":2,"lang":"en-us","country":"us","chineseCountryName":"美国","pkg":"com.spaceship.screen.textcopy"},"orders":["com.recognize_text.translate.screen","com.spaceship.screen.textcopy","com.tap_to_translate.snap_translate","com.google.android.apps.translate","com.screen.translate.google","com.deepl.mobiletranslator","com.niven.translator","com.newmg.yurao.pro","com.microsoft.translator","com.gaminik.i18n","com.naver.labs.translator","com.niven.game","com.zaz.translate","at.nk.tools.iTranslate","com.immersivetranslate.browser","com.siv","ru.yandex.translate","com.youdao.hindict","com.google.ar.lens","com.niven.apptranslate"]},{"rank":{"index":0,"lang":"ru","country":"ru","chineseCountryName":"俄罗斯","pkg":"com.spaceship.screen.textcopy"},"orders":["com.recognize_text.translate.screen","com.newmg.yurao.pro","com.niven.translator","com.tap_to_translate.snap_translate","com.gaminik.i18n","com.screen.translate.google","com.google.android.apps.translate","ru.yandex.translate","com.microsoft.translator","com.deepl.mobiletranslator","com.niven.game","com.immersivetranslate.browser"]},{"rank":{"index":2,"lang":"pt-br","country":"br","chineseCountryName":"巴西","pkg":"com.spaceship.screen.textcopy"},"orders":["com.recognize_text.translate.screen","com.spaceship.screen.textcopy","com.tap_to_translate.snap_translate","com.newmg.yurao.pro","com.gaminik.i18n","com.google.android.apps.translate","com.youdao.hindict","com.zaz.translate","com.deepl.mobiletranslator","at.nk.tools.iTranslate","ru.yandex.translate","com.translate.talkingtranslator","com.naver.labs.translator","com.google.ar.lens","com.niven.translator","com.screen.translate.google","com.niven.game","com.newtranslate.google","com.immersivetranslate.browser","screen.translator.voice.translate"]},{"rank":{"index":2,"lang":"fr","country":"fr","chineseCountryName":"法国","pkg":"com.spaceship.screen.textcopy"},"orders":["com.recognize_text.translate.screen","com.spaceship.screen.textcopy","com.tap_to_translate.snap_translate","com.google.android.apps.translate","com.niven.translator","com.newmg.yurao.pro","com.gaminik.i18n","com.microsoft.translator","com.screen.translate.google","com.deepl.mobiletranslator","com.zaz.translate","com.immersivetranslate.browser","ru.yandex.translate","at.nk.tools.iTranslate","com.niven.game","com.niven.apptranslate","com.mg.chat","com.google.ar.lens","com.translate.talkingtranslator","com.youdao.hindict"]},{"rank":{"index":3,"lang":"en-gb","country":"gb","chineseCountryName":"英国","pkg":"com.spaceship.screen.textcopy"},"orders":["com.recognize_text.translate.screen","com.google.android.apps.translate","com.spaceship.screen.textcopy","com.deepl.mobiletranslator","com.microsoft.translator","com.newmg.yurao.pro","com.youdao.hindict","com.niven.translator","com.gaminik.i18n","com.screen.translate.google","com.zaz.translate","com.tap_to_translate.snap_translate","at.nk.tools.iTranslate","ru.yandex.translate","com.immersivetranslate.browser","com.siv","com.google.ar.lens","com.naver.labs.translator","com.tangdi.baiguotong","com.mg.chat"]},{"rank":{"index":2,"lang":"de","country":"de","chineseCountryName":"德国","pkg":"com.spaceship.screen.textcopy"},"orders":["com.recognize_text.translate.screen","com.spaceship.screen.textcopy","com.newmg.yurao.pro","com.screen.translate.google","com.niven.translator","com.microsoft.translator","com.google.android.apps.translate","com.deepl.mobiletranslator","com.gaminik.i18n"]},{"rank":{"index":2,"lang":"it","country":"it","chineseCountryName":"意大利","pkg":"com.spaceship.screen.textcopy"},"orders":["com.recognize_text.translate.screen","com.spaceship.screen.textcopy","com.tap_to_translate.snap_translate","com.google.android.apps.translate","com.newmg.yurao.pro","com.gaminik.i18n","com.niven.translator","com.deepl.mobiletranslator","com.microsoft.translator"]},{"rank":{"index":2,"lang":"ja","country":"jp","chineseCountryName":"日本","pkg":"com.spaceship.screen.textcopy"},"orders":["com.recognize_text.translate.screen","com.spaceship.screen.textcopy","com.tap_to_translate.snap_translate","com.google.android.apps.translate","com.deepl.mobiletranslator","com.newmg.yurao.pro","com.gaminik.i18n","com.niven.translator","com.microsoft.translator"]},{"rank":{"index":3,"lang":"ko","country":"kr","chineseCountryName":"韩国","pkg":"com.spaceship.screen.textcopy"},"orders":["com.recognize_text.translate.screen","com.tap_to_translate.snap_translate","com.spaceship.screen.textcopy","com.niven.translator","com.newmg.yurao.pro","com.screen.translate.google","com.gaminik.i18n","com.google.android.apps.translate","com.microsoft.translator","com.naver.labs.translator","com.deepl.mobiletranslator","com.immersivetranslate.browser","com.niven.game","com.niven.apptranslate","com.zaz.translate","com.translate.talkingtranslator","ru.yandex.translate","com.facebook.orca","at.nk.tools.iTranslate","com.instagram.android"]},{"rank":{"index":2,"lang":"zh-hk","country":"hk","chineseCountryName":"香港","pkg":"com.spaceship.screen.textcopy"},"orders":["com.recognize_text.translate.screen","com.spaceship.screen.textcopy","com.tap_to_translate.snap_translate","com.google.android.apps.translate","com.screen.translate.google","com.newmg.yurao.pro","com.niven.translator","com.gaminik.i18n","com.microsoft.translator","com.deepl.mobiletranslator","com.zaz.translate","at.nk.tools.iTranslate","com.immersivetranslate.browser","com.naver.labs.translator","com.niven.game","com.niven.apptranslate","com.google.ar.lens","com.tangdi.baiguotong","com.mg.chat","ru.yandex.translate"]},{"rank":{"index":2,"lang":"zh-tw","country":"tw","chineseCountryName":"台湾","pkg":"com.spaceship.screen.textcopy"},"orders":["com.recognize_text.translate.screen","com.spaceship.screen.textcopy","com.newmg.yurao.pro","com.screen.translate.google","com.niven.translator","com.google.android.apps.translate","com.gaminik.i18n","com.microsoft.translator","com.tap_to_translate.snap_translate","com.immersivetranslate.browser","at.nk.tools.iTranslate","com.deepl.mobiletranslator","com.naver.labs.translator","com.niven.game","com.zaz.translate","com.niven.apptranslate","com.tangdi.baiguotong","com.mg.chat","com.google.ar.lens","photo.translate.camera.translator"]},{"rank":{"index":3,"lang":"en","country":"in","chineseCountryName":"印度","pkg":"com.spaceship.screen.textcopy"},"orders":["com.recognize_text.translate.screen","com.google.android.apps.translate","com.spaceship.screen.textcopy","com.newmg.yurao.pro","com.zaz.translate"]},{"rank":{"index":2,"lang":"id","country":"id","chineseCountryName":"印尼","pkg":"com.spaceship.screen.textcopy"},"orders":["com.recognize_text.translate.screen","com.spaceship.screen.textcopy","com.tap_to_translate.snap_translate","com.niven.translator","com.gaminik.i18n","com.newmg.yurao.pro","com.screen.translate.google","com.youdao.hindict","com.google.android.apps.translate","com.niven.game","com.microsoft.translator","com.deepl.mobiletranslator","com.immersivetranslate.browser","com.niven.apptranslate"]},{"rank":{"index":2,"lang":"es-mx","country":"mx","chineseCountryName":"墨西哥","pkg":"com.spaceship.screen.textcopy"},"orders":["com.recognize_text.translate.screen","com.spaceship.screen.textcopy","com.newmg.yurao.pro","com.tap_to_translate.snap_translate","com.google.android.apps.translate","com.gaminik.i18n","com.zaz.translate","com.deepl.mobiletranslator","at.nk.tools.iTranslate","ru.yandex.translate","com.translate.talkingtranslator","com.naver.labs.translator","com.google.ar.lens","com.softissimo.reverso.context","com.niven.translator","com.screen.translate.google","com.mg.chat","com.niven.game","screen.translator.voice.translate","com.ydzlabs.chattranslator"]}]