[{"rank":{"index":2,"lang":"en-us","country":"us","chineseCountryName":"美国","pkg":"com.spaceship.screen.textcopy"},"orders":["com.recognize_text.translate.screen","com.spaceship.screen.textcopy","com.tap_to_translate.snap_translate","com.niven.translator","com.newmg.yurao.pro","com.gaminik.i18n","com.screen.translate.google","com.niven.apptranslate","com.eecorp.linguago","com.zaz.translate","live.screentranslate.realtime","translate.speech.text.translation.voicetranslator","com.niven.game","com.google.android.apps.translate","at.nk.tools.iTranslate","com.hive.lingonative","com.galaxy.airviewdictionary","com.screen.translator.text.recognize","com.deepl.mobiletranslator","com.mg.chat"]},{"rank":{"index":4,"lang":"ru","country":"ru","chineseCountryName":"俄罗斯","pkg":"com.spaceship.screen.textcopy"},"orders":["com.recognize_text.translate.screen","com.niven.translator","com.tap_to_translate.snap_translate","com.spaceship.screen.textcopy","com.newmg.yurao.pro","com.gaminik.i18n","com.niven.apptranslate","com.screen.translate.google","live.screentranslate.realtime","com.eecorp.linguago","com.zaz.translate","com.niven.game","com.galaxy.airviewdictionary","com.hive.lingonative","com.screen.translator.text.recognize","com.google.android.apps.translate","com.screen.translator.live.translate.textcopy","photo.translate.camera.translator","com.microsoft.translator","com.newtranslate.google"]},{"rank":{"index":3,"lang":"pt-br","country":"br","chineseCountryName":"巴西","pkg":"com.spaceship.screen.textcopy"},"orders":["com.recognize_text.translate.screen","com.tap_to_translate.snap_translate","com.spaceship.screen.textcopy","com.niven.translator","com.newmg.yurao.pro","com.gaminik.i18n","com.niven.apptranslate","com.eecorp.linguago","live.screentranslate.realtime","com.screen.translate.google","com.niven.game","com.hive.lingonative","com.galaxy.airviewdictionary","com.zaz.translate","translate.speech.text.translation.voicetranslator","com.screen.translator.text.recognize","at.nk.tools.iTranslate","photo.translate.camera.translator","com.deepl.mobiletranslator","com.mg.chat"]},{"rank":{"index":2,"lang":"fr","country":"fr","chineseCountryName":"法国","pkg":"com.spaceship.screen.textcopy"},"orders":["com.recognize_text.translate.screen","com.spaceship.screen.textcopy","com.tap_to_translate.snap_translate","com.newmg.yurao.pro","com.niven.translator","com.gaminik.i18n","live.screentranslate.realtime","com.eecorp.linguago","com.niven.apptranslate","com.hive.lingonative","com.screen.translate.google","com.niven.game","com.zaz.translate","com.galaxy.airviewdictionary","com.screen.translator.text.recognize","com.screen.translator.live.translate.textcopy","com.google.android.apps.translate","translate.speech.text.translation.voicetranslator","com.deepl.mobiletranslator","com.newtranslate.google"]},{"rank":{"index":2,"lang":"en-gb","country":"gb","chineseCountryName":"英国","pkg":"com.spaceship.screen.textcopy"},"orders":["com.recognize_text.translate.screen","com.spaceship.screen.textcopy","com.niven.translator","com.tap_to_translate.snap_translate","com.newmg.yurao.pro","com.gaminik.i18n","com.zaz.translate","com.screen.translate.google","com.niven.apptranslate","com.eecorp.linguago","translate.speech.text.translation.voicetranslator","live.screentranslate.realtime","com.google.android.apps.translate","at.nk.tools.iTranslate","com.fapp.translate.language.translator.fasttranslation","com.niven.game","com.deepl.mobiletranslator","com.microsoft.translator","com.hive.lingonative","photo.translate.camera.translator"]},{"rank":{"index":5,"lang":"de","country":"de","chineseCountryName":"德国","pkg":"com.spaceship.screen.textcopy"},"orders":["com.recognize_text.translate.screen","com.niven.translator","com.tap_to_translate.snap_translate","com.newmg.yurao.pro","com.spaceship.screen.textcopy","com.gaminik.i18n","com.niven.apptranslate","live.screentranslate.realtime","com.screen.translate.google","com.eecorp.linguago","com.hive.lingonative","com.galaxy.airviewdictionary","com.niven.game","com.zaz.translate"]},{"rank":{"index":3,"lang":"it","country":"it","chineseCountryName":"意大利","pkg":"com.spaceship.screen.textcopy"},"orders":["com.recognize_text.translate.screen","com.tap_to_translate.snap_translate","com.spaceship.screen.textcopy","com.newmg.yurao.pro","com.gaminik.i18n","com.niven.translator","com.eecorp.linguago","com.niven.apptranslate","com.screen.translate.google","live.screentranslate.realtime","com.hive.lingonative","com.screen.translator.text.recognize"]},{"rank":{"index":3,"lang":"ja","country":"jp","chineseCountryName":"日本","pkg":"com.spaceship.screen.textcopy"},"orders":["com.recognize_text.translate.screen","com.tap_to_translate.snap_translate","com.spaceship.screen.textcopy","com.gaminik.i18n","com.newmg.yurao.pro","com.niven.translator","com.niven.apptranslate","com.screen.translate.google","live.screentranslate.realtime","com.eecorp.linguago","com.hive.lingonative","com.niven.game","translate.speech.text.translation.voicetranslator"]},{"rank":{"index":2,"lang":"ko","country":"kr","chineseCountryName":"韩国","pkg":"com.spaceship.screen.textcopy"},"orders":["com.recognize_text.translate.screen","com.spaceship.screen.textcopy","com.tap_to_translate.snap_translate","com.newmg.yurao.pro","com.gaminik.i18n","com.niven.translator","com.niven.apptranslate","live.screentranslate.realtime","com.screen.translate.google","com.eecorp.linguago","com.hive.lingonative"]},{"rank":{"index":2,"lang":"zh-hk","country":"hk","chineseCountryName":"香港","pkg":"com.spaceship.screen.textcopy"},"orders":["com.recognize_text.translate.screen","com.spaceship.screen.textcopy","com.tap_to_translate.snap_translate","com.niven.translator","com.newmg.yurao.pro","com.gaminik.i18n","com.niven.apptranslate","com.eecorp.linguago","com.screen.translate.google","live.screentranslate.realtime","com.zaz.translate","at.nk.tools.iTranslate","com.microsoft.translator","com.google.android.apps.translate"]},{"rank":{"index":2,"lang":"zh-tw","country":"tw","chineseCountryName":"台湾","pkg":"com.spaceship.screen.textcopy"},"orders":["com.recognize_text.translate.screen","com.spaceship.screen.textcopy","com.newmg.yurao.pro","com.tap_to_translate.snap_translate","com.niven.translator","com.gaminik.i18n","com.eecorp.linguago","com.niven.apptranslate","com.screen.translate.google","live.screentranslate.realtime","com.zaz.translate","com.galaxy.airviewdictionary","com.hive.lingonative","at.nk.tools.iTranslate","com.niven.game","com.screen.translator.text.recognize","com.google.android.apps.translate","com.screen.translator.live.translate.textcopy","photo.translate.camera.translator","translate.speech.text.translation.voicetranslator"]},{"rank":{"index":0,"lang":"en","country":"in","chineseCountryName":"印度","pkg":"com.spaceship.screen.textcopy"},"orders":["com.recognize_text.translate.screen","com.tap_to_translate.snap_translate","com.zaz.translate"]},{"rank":{"index":4,"lang":"id","country":"id","chineseCountryName":"印尼","pkg":"com.spaceship.screen.textcopy"},"orders":["com.recognize_text.translate.screen","com.tap_to_translate.snap_translate","com.niven.translator","com.spaceship.screen.textcopy","com.gaminik.i18n","com.newmg.yurao.pro","com.eecorp.linguago","com.niven.apptranslate","com.screen.translate.google","live.screentranslate.realtime","com.niven.game","com.hive.lingonative","com.zaz.translate","com.galaxy.airviewdictionary","com.deepl.mobiletranslator","translate.speech.text.translation.voicetranslator","com.screen.translator.text.recognize","at.nk.tools.iTranslate","com.screen.translator.live.translate.textcopy","com.google.android.apps.translate"]},{"rank":{"index":3,"lang":"es-mx","country":"mx","chineseCountryName":"墨西哥","pkg":"com.spaceship.screen.textcopy"},"orders":["com.recognize_text.translate.screen","com.tap_to_translate.snap_translate","com.spaceship.screen.textcopy","com.niven.translator","com.newmg.yurao.pro","com.gaminik.i18n","com.eecorp.linguago","com.niven.apptranslate","live.screentranslate.realtime","com.hive.lingonative","com.screen.translate.google","com.niven.game","com.zaz.translate"]}]