[{"rank":{"index":2,"lang":"en-us","country":"us","chineseCountryName":"美国","pkg":"com.spaceship.screen.textcopy"},"orders":["com.recognize_text.translate.screen","com.spaceship.screen.textcopy","com.screen.translate.google","com.niven.translator","com.galaxy.airviewdictionary","com.tap_to_translate.snap_translate","com.gaminik.i18n","com.newtranslate.google","com.yoyodev.screentranslate","com.niven.apptranslate","com.newmg.yurao.pro","com.flabs.screen.translate","com.eecorp.linguago","com.google.android.apps.translate","com.screen.translator.text.recognize","com.niven.game","com.mg.chat","screen.translator.voice.translate","com.deepl.mobiletranslator","com.immersivetranslate.browser"]},{"rank":{"index":5,"lang":"ru","country":"ru","chineseCountryName":"俄罗斯","pkg":"com.spaceship.screen.textcopy"},"orders":["com.recognize_text.translate.screen","com.niven.translator","com.screen.translate.google","com.galaxy.airviewdictionary","com.spaceship.screen.textcopy","com.tap_to_translate.snap_translate","com.newtranslate.google","com.gaminik.i18n","com.yoyodev.screentranslate","com.google.android.apps.translate","ru.yandex.translate","com.newmg.yurao.pro","com.android.chrome","com.eecorp.linguago","com.google.ar.lens","com.niven.apptranslate","com.zaz.translate","com.naver.labs.translator","com.translate.talkingtranslator","com.microsoft.translator"]},{"rank":{"index":2,"lang":"pt-br","country":"br","chineseCountryName":"巴西","pkg":"com.spaceship.screen.textcopy"},"orders":["com.recognize_text.translate.screen","com.spaceship.screen.textcopy","com.niven.translator","com.galaxy.airviewdictionary","com.screen.translate.google","com.tap_to_translate.snap_translate","com.newtranslate.google","com.gaminik.i18n","com.niven.apptranslate","com.niven.game","com.flabs.screen.translate","com.google.android.apps.translate","com.newmg.yurao.pro","com.deepl.mobiletranslator","com.eecorp.linguago","com.duolingo","com.canva.editor","com.android.chrome","com.google.ar.lens","co.benx.weverse"]},{"rank":{"index":2,"lang":"fr","country":"fr","chineseCountryName":"法国","pkg":"com.spaceship.screen.textcopy"},"orders":["com.recognize_text.translate.screen","com.spaceship.screen.textcopy","com.screen.translate.google","com.galaxy.airviewdictionary","com.tap_to_translate.snap_translate","com.newtranslate.google","com.niven.apptranslate","com.niven.translator","com.yoyodev.screentranslate","com.google.android.apps.translate","com.gaminik.i18n","com.deepl.mobiletranslator","com.google.ar.lens","com.naver.labs.translator","com.microsoft.translator","com.newmg.yurao.pro","com.eecorp.linguago","com.zaz.translate","com.immersivetranslate.browser","ru.yandex.translate"]},{"rank":{"index":2,"lang":"en-gb","country":"gb","chineseCountryName":"英国","pkg":"com.spaceship.screen.textcopy"},"orders":["com.recognize_text.translate.screen","com.spaceship.screen.textcopy","com.screen.translate.google","com.galaxy.airviewdictionary","com.niven.translator","com.tap_to_translate.snap_translate","com.newtranslate.google","com.gaminik.i18n","com.yoyodev.screentranslate","com.google.android.apps.translate","com.niven.apptranslate","com.flabs.screen.translate","com.newmg.yurao.pro","com.google.ar.lens","com.deepl.mobiletranslator","com.microsoft.translator","com.niven.game","com.naver.labs.translator","com.zaz.translate","com.google.android.inputmethod.latin"]},{"rank":{"index":4,"lang":"de","country":"de","chineseCountryName":"德国","pkg":"com.spaceship.screen.textcopy"},"orders":["com.recognize_text.translate.screen","com.galaxy.airviewdictionary","com.screen.translate.google","com.spaceship.screen.textcopy","com.newtranslate.google","com.yoyodev.screentranslate","com.tap_to_translate.snap_translate","com.niven.translator","com.flabs.screen.translate","com.gaminik.i18n","com.google.android.apps.translate","com.deepl.mobiletranslator","com.niven.game","com.microsoft.translator","com.newmg.yurao.pro","com.niven.apptranslate","com.google.ar.lens","screen.translator.voice.translate","com.immersivetranslate.browser","ru.yandex.translate"]},{"rank":{"index":3,"lang":"it","country":"it","chineseCountryName":"意大利","pkg":"com.spaceship.screen.textcopy"},"orders":["com.recognize_text.translate.screen","com.screen.translate.google","com.spaceship.screen.textcopy","com.tap_to_translate.snap_translate","com.galaxy.airviewdictionary","com.niven.translator","com.yoyodev.screentranslate","com.newtranslate.google","com.gaminik.i18n","com.niven.apptranslate","com.newmg.yurao.pro","com.flabs.screen.translate","com.google.android.apps.translate","com.deepl.mobiletranslator","com.microsoft.translator","com.google.ar.lens","com.niven.game","screen.translator.voice.translate","com.google.android.tts","com.zaz.translate"]},{"rank":{"index":2,"lang":"ja","country":"jp","chineseCountryName":"日本","pkg":"com.spaceship.screen.textcopy"},"orders":["com.recognize_text.translate.screen","com.spaceship.screen.textcopy","com.screen.translate.google","com.tap_to_translate.snap_translate","com.galaxy.airviewdictionary","com.niven.translator","com.gaminik.i18n","com.newtranslate.google","com.newmg.yurao.pro","com.google.android.apps.translate","com.niven.apptranslate","com.eecorp.linguago","com.naver.labs.translator","com.deepl.mobiletranslator"]},{"rank":{"index":2,"lang":"ko","country":"kr","chineseCountryName":"韩国","pkg":"com.spaceship.screen.textcopy"},"orders":["com.recognize_text.translate.screen","com.spaceship.screen.textcopy","com.screen.translate.google","com.galaxy.airviewdictionary","com.tap_to_translate.snap_translate","com.newtranslate.google","com.gaminik.i18n","com.niven.translator","com.niven.apptranslate"]},{"rank":{"index":5,"lang":"zh-hk","country":"hk","chineseCountryName":"香港","pkg":"com.spaceship.screen.textcopy"},"orders":["com.recognize_text.translate.screen","com.screen.translate.google","com.tap_to_translate.snap_translate","com.galaxy.airviewdictionary","com.spaceship.screen.textcopy","com.newtranslate.google","com.niven.translator","com.google.android.apps.translate","com.gaminik.i18n","com.niven.apptranslate","com.yoyodev.screentranslate","com.google.ar.lens","com.deepl.mobiletranslator","com.naver.labs.translator","com.immersivetranslate.browser","com.microsoft.translator","com.flabs.screen.translate","com.siv","com.google.android.tts","com.zaz.translate"]},{"rank":{"index":4,"lang":"zh-tw","country":"tw","chineseCountryName":"台湾","pkg":"com.spaceship.screen.textcopy"},"orders":["com.screen.translate.google","com.recognize_text.translate.screen","com.galaxy.airviewdictionary","com.spaceship.screen.textcopy","com.newtranslate.google","com.gaminik.i18n","com.google.android.apps.translate","com.tap_to_translate.snap_translate","com.niven.translator","com.naver.labs.translator","com.google.ar.lens","com.deepl.mobiletranslator","com.microsoft.translator","com.yoyodev.screentranslate","com.niven.apptranslate","com.zaz.translate","com.google.android.tts","com.immersivetranslate.browser","com.translate.talkingtranslator","ru.yandex.translate"]},{"rank":{"index":0,"lang":"en","country":"in","chineseCountryName":"印度","pkg":"com.spaceship.screen.textcopy"},"orders":["com.recognize_text.translate.screen","com.screen.translate.google","com.galaxy.airviewdictionary","com.gaminik.i18n","com.niven.translator","com.newtranslate.google","com.tap_to_translate.snap_translate","com.yoyodev.screentranslate","com.niven.apptranslate","com.google.android.apps.translate","com.newmg.yurao.pro","com.flabs.screen.translate","com.zaz.translate","com.google.ar.lens","com.eecorp.linguago","com.google.android.inputmethod.latin","com.niven.game","com.immersivetranslate.browser","com.deepl.mobiletranslator","com.siv"]},{"rank":{"index":7,"lang":"id","country":"id","chineseCountryName":"印尼","pkg":"com.spaceship.screen.textcopy"},"orders":["com.recognize_text.translate.screen","com.tap_to_translate.snap_translate","com.screen.translate.google","com.niven.translator","com.galaxy.airviewdictionary","com.newtranslate.google","com.spaceship.screen.textcopy","com.gaminik.i18n","com.niven.apptranslate","com.google.android.apps.translate","com.yoyodev.screentranslate","com.deepl.mobiletranslator","com.newmg.yurao.pro","com.niven.game","com.google.ar.lens","com.siv"]},{"rank":{"index":2,"lang":"es-mx","country":"mx","chineseCountryName":"墨西哥","pkg":"com.spaceship.screen.textcopy"},"orders":["com.recognize_text.translate.screen","com.spaceship.screen.textcopy","com.screen.translate.google","com.tap_to_translate.snap_translate","com.galaxy.airviewdictionary","com.niven.translator","com.newtranslate.google","com.niven.apptranslate","com.yoyodev.screentranslate","com.gaminik.i18n","com.google.android.apps.translate","com.deepl.mobiletranslator","com.newmg.yurao.pro","com.eecorp.linguago","com.flabs.screen.translate","com.google.ar.lens","com.zaz.translate","com.immersivetranslate.browser","com.niven.game","com.microsoft.translator"]}]