[{"rank":{"index":2,"lang":"en-us","country":"us","chineseCountryName":"美国","pkg":"com.spaceship.screen.textcopy"},"orders":["com.recognize_text.translate.screen","com.spaceship.screen.textcopy","com.tap_to_translate.snap_translate","com.google.android.apps.translate","com.screen.translate.google","com.niven.translator","com.microsoft.translator","com.gaminik.i18n","com.niven.game","com.sayhi.android.sayhitranslate","com.newmg.yurao.pro","com.mobisystems.msdict.embedded.wireless.collins.ee","com.niven.comic","com.naver.labs.translator","com.translate.talkingtranslator","com.deepl.mobiletranslator","ru.yandex.translate","com.zaz.translate","com.erudite.translator","com.datacomprojects.scanandtranslate"]},{"rank":{"index":3,"lang":"ru","country":"ru","chineseCountryName":"俄罗斯","pkg":"com.spaceship.screen.textcopy"},"orders":["com.recognize_text.translate.screen","com.niven.translator","com.spaceship.screen.textcopy","com.tap_to_translate.snap_translate","com.niven.game","ru.yandex.translate","com.gaminik.i18n","com.screen.translate.google","com.microsoft.translator","com.google.android.apps.translate","com.niven.comic","com.newmg.yurao.pro","com.erudite.translator","com.datacomprojects.scanandtranslate","com.deepl.mobiletranslator","com.tangdi.baiguotong","com.translate.language.translator.voice.translation","com.translate.talkingtranslator","com.royalappcode.translation.voice.language.chat.interpreter","com.mazii.dictionary"]},{"rank":{"index":2,"lang":"pt-br","country":"br","chineseCountryName":"巴西","pkg":"com.spaceship.screen.textcopy"},"orders":["com.recognize_text.translate.screen","com.spaceship.screen.textcopy","com.tap_to_translate.snap_translate","com.niven.game","com.gaminik.i18n","com.microsoft.translator","com.google.android.apps.translate","com.deepl.mobiletranslator","com.zaz.translate","com.softissimo.reverso.context","ru.yandex.translate","com.naver.labs.translator","com.flitto.app","com.sayhi.android.sayhitranslate","com.translate.talkingtranslator","com.niven.translator","com.screen.translate.google","com.niven.comic","com.newmg.yurao.pro","com.youdao.hindict"]},{"rank":{"index":3,"lang":"fr","country":"fr","chineseCountryName":"法国","pkg":"com.spaceship.screen.textcopy"},"orders":["com.recognize_text.translate.screen","com.tap_to_translate.snap_translate","com.spaceship.screen.textcopy","com.niven.translator","com.niven.game","com.screen.translate.google","com.gaminik.i18n","com.microsoft.translator","com.niven.comic","com.google.android.apps.translate","com.newmg.yurao.pro","com.tangdi.baiguotong","com.deepl.mobiletranslator","com.image.camera.translate.ai","ru.yandex.translate","com.zaz.translate","com.softissimo.reverso.context","com.datacomprojects.scanandtranslate","com.translate.talkingtranslator","com.language.translate.free.translator.voice.translation"]},{"rank":{"index":2,"lang":"en-gb","country":"gb","chineseCountryName":"英国","pkg":"com.spaceship.screen.textcopy"},"orders":["com.recognize_text.translate.screen","com.spaceship.screen.textcopy","com.gaminik.i18n","com.google.android.apps.translate","com.screen.translate.google","com.niven.translator","com.microsoft.translator","com.niven.game","com.tap_to_translate.snap_translate","com.niven.comic","com.mobisystems.msdict.embedded.wireless.collins.ee","com.newmg.yurao.pro","com.sayhi.android.sayhitranslate","com.zaz.translate","com.deepl.mobiletranslator","com.naver.labs.translator","com.datacomprojects.scanandtranslate","ru.yandex.translate","com.erudite.translator","com.translate.language.translator.voice.translation"]},{"rank":{"index":2,"lang":"de","country":"de","chineseCountryName":"德国","pkg":"com.spaceship.screen.textcopy"},"orders":["com.recognize_text.translate.screen","com.spaceship.screen.textcopy","com.tap_to_translate.snap_translate","com.screen.translate.google","com.niven.translator","com.microsoft.translator","com.gaminik.i18n","com.niven.game","com.google.android.apps.translate","com.niven.comic","com.deepl.mobiletranslator","com.newmg.yurao.pro","com.translate.talkingtranslator","com.image.camera.translate.ai","ru.yandex.translate","com.language.translate.free.translator.voice.translation","com.mobisystems.msdict.embedded.wireless.collins.ee","translate.all.language.translator.cameratranslator","com.erudite.translator","com.datacomprojects.scanandtranslate"]},{"rank":{"index":2,"lang":"it","country":"it","chineseCountryName":"意大利","pkg":"com.spaceship.screen.textcopy"},"orders":["com.recognize_text.translate.screen","com.spaceship.screen.textcopy","com.tap_to_translate.snap_translate","com.niven.translator","com.screen.translate.google","com.gaminik.i18n","com.niven.game","com.microsoft.translator","com.google.android.apps.translate","com.niven.comic","com.erudite.translator","com.newmg.yurao.pro","com.tangdi.baiguotong","com.deepl.mobiletranslator","com.image.camera.translate.ai","com.datacomprojects.scanandtranslate","com.softissimo.reverso.context","com.mobisystems.msdict.embedded.wireless.collins.ee","com.language.translate.free.translator.voice.translation","com.translate.talkingtranslator"]},{"rank":{"index":2,"lang":"ja","country":"jp","chineseCountryName":"日本","pkg":"com.spaceship.screen.textcopy"},"orders":["com.recognize_text.translate.screen","com.spaceship.screen.textcopy","com.tap_to_translate.snap_translate","com.niven.translator","com.gaminik.i18n","com.niven.game","com.screen.translate.google","com.microsoft.translator","com.naver.labs.translator","com.google.android.apps.translate","com.niven.comic","com.deepl.mobiletranslator"]},{"rank":{"index":2,"lang":"ko","country":"kr","chineseCountryName":"韩国","pkg":"com.spaceship.screen.textcopy"},"orders":["com.recognize_text.translate.screen","com.spaceship.screen.textcopy","com.tap_to_translate.snap_translate","com.gaminik.i18n","com.niven.translator","com.naver.labs.translator","com.niven.game","com.screen.translate.google","com.niven.comic","com.microsoft.translator","com.newmg.yurao.pro","com.flitto.app","com.google.android.apps.translate","com.deepl.mobiletranslator","com.translate.talkingtranslator","co.timekettle.livetranslator","com.google.ar.lens","translate.all.language.translator.cameratranslator","com.language.translate.free.translator.voice.translation","com.mobisystems.msdict.embedded.wireless.collins.ee"]},{"rank":{"index":2,"lang":"zh-hk","country":"hk","chineseCountryName":"香港","pkg":"com.spaceship.screen.textcopy"},"orders":["com.recognize_text.translate.screen","com.spaceship.screen.textcopy","com.gaminik.i18n","com.niven.translator","com.niven.game","com.screen.translate.google","com.tap_to_translate.snap_translate","com.microsoft.translator","com.google.android.apps.translate","com.niven.comic","com.newmg.yurao.pro","com.tangdi.baiguotong","com.naver.labs.translator","com.erudite.translator","com.deepl.mobiletranslator","com.google.ar.lens","com.flitto.app","com.datacomprojects.scanandtranslate","com.translate.language.translator.voice.translation","com.language.translate.free.translator.voice.translation"]},{"rank":{"index":2,"lang":"zh-tw","country":"tw","chineseCountryName":"台湾","pkg":"com.spaceship.screen.textcopy"},"orders":["com.recognize_text.translate.screen","com.spaceship.screen.textcopy","com.gaminik.i18n","com.niven.game","com.tap_to_translate.snap_translate","com.niven.translator","com.microsoft.translator","com.google.android.apps.translate","com.screen.translate.google","com.niven.comic","com.newmg.yurao.pro","com.naver.labs.translator","com.tangdi.baiguotong","com.translate.talkingtranslator","com.erudite.translator","com.language.translate.free.translator.voice.translation","ru.yandex.translate","com.flitto.app","com.datacomprojects.scanandtranslate","com.google.ar.lens"]},{"rank":{"index":2,"lang":"en","country":"in","chineseCountryName":"印度","pkg":"com.spaceship.screen.textcopy"},"orders":["com.recognize_text.translate.screen","com.spaceship.screen.textcopy","com.google.android.apps.translate","com.zaz.translate"]},{"rank":{"index":2,"lang":"id","country":"id","chineseCountryName":"印尼","pkg":"com.spaceship.screen.textcopy"},"orders":["com.recognize_text.translate.screen","com.spaceship.screen.textcopy","com.tap_to_translate.snap_translate","com.niven.translator","com.niven.game","com.gaminik.i18n","com.screen.translate.google","com.niven.comic","com.newmg.yurao.pro","com.youdao.hindict","com.google.android.apps.translate","com.naver.labs.translator","com.microsoft.translator","com.deepl.mobiletranslator"]},{"rank":{"index":2,"lang":"es-mx","country":"mx","chineseCountryName":"墨西哥","pkg":"com.spaceship.screen.textcopy"},"orders":["com.recognize_text.translate.screen","com.spaceship.screen.textcopy","com.tap_to_translate.snap_translate","com.niven.game","com.gaminik.i18n","com.microsoft.translator","com.google.android.apps.translate","com.zaz.translate","com.sayhi.android.sayhitranslate","ru.yandex.translate","com.deepl.mobiletranslator","com.softissimo.reverso.context","com.naver.labs.translator","com.tangdi.baiguotong","com.flitto.app","com.niven.translator","com.screen.translate.google","com.newmg.yurao.pro","com.niven.comic","com.youdao.hindict"]}]