[{"rank":{"index":2,"lang":"en-us","country":"us","chineseCountryName":"美国","pkg":"com.spaceship.screen.textcopy"},"orders":["com.recognize_text.translate.screen","com.spaceship.screen.textcopy","com.gaminik.i18n","com.mg.yurao.google","com.google.android.apps.translate","com.niven.game","com.tap_to_translate.snap_translate","com.microsoft.translator","com.niven.translator","com.niven.comic","com.zaz.translate","com.eecorp.linguago","com.niven.apptranslate","com.sayhi.android.sayhitranslate","com.newmg.yurao.pro","all.language.translate.translator","com.tranit.text.translate","screen.translator.voice.translate","com.deepl.mobiletranslator","ru.yandex.translate"]},{"rank":{"index":5,"lang":"ru","country":"ru","chineseCountryName":"俄罗斯","pkg":"com.spaceship.screen.textcopy"},"orders":["com.recognize_text.translate.screen","com.tap_to_translate.snap_translate","com.gaminik.i18n","com.niven.game","com.spaceship.screen.textcopy","com.niven.translator","com.niven.comic","com.niven.apptranslate","ru.yandex.translate","com.google.android.apps.translate","us.zoom.videomeetings","com.microsoft.translator","com.deepl.mobiletranslator","org.thunderdog.challegram","com.naver.labs.translator","com.zaz.translate","com.softissimo.reverso.context","com.google.android.tts","at.nk.tools.iTranslate","screen.translator.voice.translate"]},{"rank":{"index":2,"lang":"fr","country":"fr","chineseCountryName":"法国","pkg":"com.spaceship.screen.textcopy"},"orders":["com.recognize_text.translate.screen","com.spaceship.screen.textcopy","com.tap_to_translate.snap_translate","com.gaminik.i18n","com.mg.yurao.google","com.niven.game","com.niven.translator","com.niven.comic","com.zaz.translate","com.niven.apptranslate","com.newmg.yurao.pro","com.eecorp.linguago","com.tranit.text.translate","com.google.android.apps.translate","com.microsoft.translator","screen.translator.voice.translate","com.softissimo.reverso.context","com.deepl.mobiletranslator","com.sayhi.android.sayhitranslate","com.youdao.hindict"]},{"rank":{"index":2,"lang":"en-gb","country":"gb","chineseCountryName":"英国","pkg":"com.spaceship.screen.textcopy"},"orders":["com.recognize_text.translate.screen","com.spaceship.screen.textcopy","com.mg.yurao.google","com.gaminik.i18n","com.google.android.apps.translate","com.niven.game","com.tap_to_translate.snap_translate","com.niven.translator","com.microsoft.translator","com.niven.comic","com.zaz.translate","com.niven.apptranslate","com.eecorp.linguago","com.sayhi.android.sayhitranslate","com.newmg.yurao.pro","screen.translator.voice.translate","all.language.translate.translator","com.softissimo.reverso.context","com.tranit.text.translate","com.translator.yellow"]},{"rank":{"index":2,"lang":"de","country":"de","chineseCountryName":"德国","pkg":"com.spaceship.screen.textcopy"},"orders":["com.recognize_text.translate.screen","com.spaceship.screen.textcopy","com.mg.yurao.google","com.gaminik.i18n","com.niven.game","com.niven.translator","com.tap_to_translate.snap_translate","com.niven.comic","com.niven.apptranslate","com.microsoft.translator","com.eecorp.linguago","com.google.android.apps.translate","screen.translator.voice.translate","com.deepl.mobiletranslator","com.sayhi.android.sayhitranslate","com.newmg.yurao.pro","com.zaz.translate","ru.yandex.translate","com.translate.talkingtranslator","us.zoom.videomeetings"]},{"rank":{"index":3,"lang":"it","country":"it","chineseCountryName":"意大利","pkg":"com.spaceship.screen.textcopy"},"orders":["com.recognize_text.translate.screen","com.niven.game","com.spaceship.screen.textcopy","com.gaminik.i18n","com.mg.yurao.google","com.niven.translator","com.tap_to_translate.snap_translate","com.niven.comic","com.niven.apptranslate","com.microsoft.translator","com.eecorp.linguago","com.google.android.apps.translate"]},{"rank":{"index":4,"lang":"ja","country":"jp","chineseCountryName":"日本","pkg":"com.spaceship.screen.textcopy"},"orders":["com.recognize_text.translate.screen","com.mg.yurao.google","com.gaminik.i18n","com.spaceship.screen.textcopy","com.niven.game","com.tap_to_translate.snap_translate","com.niven.comic","com.niven.translator","com.niven.apptranslate","com.google.android.apps.translate"]},{"rank":{"index":3,"lang":"ko","country":"kr","chineseCountryName":"韩国","pkg":"com.spaceship.screen.textcopy"},"orders":["com.recognize_text.translate.screen","com.mg.yurao.google","com.spaceship.screen.textcopy","com.tap_to_translate.snap_translate","com.gaminik.i18n","com.niven.game","com.niven.translator","com.niven.comic","com.niven.apptranslate","com.eecorp.linguago","screen.translator.voice.translate","com.newmg.yurao.pro","com.naver.labs.translator","com.google.android.apps.translate","com.android.chrome","com.whatsapp","com.discord","com.canva.editor","com.duolingo","us.zoom.videomeetings"]},{"rank":{"index":6,"lang":"zh-hk","country":"hk","chineseCountryName":"香港","pkg":"com.spaceship.screen.textcopy"},"orders":["com.recognize_text.translate.screen","com.tap_to_translate.snap_translate","com.gaminik.i18n","com.mg.yurao.google","com.niven.game","com.spaceship.screen.textcopy","com.niven.translator","com.niven.comic","com.zaz.translate","com.niven.apptranslate","com.newmg.yurao.pro","com.eecorp.linguago","com.google.android.apps.translate","screen.translator.voice.translate","com.microsoft.translator","com.tranit.text.translate","camera.translator.realtime","at.nk.tools.iTranslate","all.language.translate.translator","com.sayhi.android.sayhitranslate"]},{"rank":{"index":6,"lang":"zh-tw","country":"tw","chineseCountryName":"台湾","pkg":"com.spaceship.screen.textcopy"},"orders":["com.recognize_text.translate.screen","com.mg.yurao.google","com.tap_to_translate.snap_translate","com.gaminik.i18n","com.niven.game","com.spaceship.screen.textcopy","com.niven.translator","com.zaz.translate","com.google.android.apps.translate","com.niven.comic","com.newmg.yurao.pro","com.tranit.text.translate","com.eecorp.linguago","com.niven.apptranslate","com.microsoft.translator","all.language.translate.translator","camera.translator.realtime","com.copy.paste.ocr.screen.text.copypastetrial","com.naver.labs.translator","com.youdao.hindict"]},{"rank":{"index":2,"lang":"en","country":"in","chineseCountryName":"印度","pkg":"com.spaceship.screen.textcopy"},"orders":["com.recognize_text.translate.screen","com.spaceship.screen.textcopy","com.google.android.apps.translate","com.newmg.yurao.pro","com.niven.game","com.tap_to_translate.snap_translate","com.zaz.translate","com.niven.translator","com.niven.comic","screen.translator.voice.translate","com.microsoft.translator","com.eecorp.linguago","com.tranit.text.translate","com.talpa.translate","all.language.translate.translator","com.softissimo.reverso.context","com.sayhi.android.sayhitranslate","free.translate.all.language.translator","com.mg.yurao.google","com.gaminik.i18n"]},{"rank":{"index":2,"lang":"id","country":"id","chineseCountryName":"印尼","pkg":"com.spaceship.screen.textcopy"},"orders":["com.recognize_text.translate.screen","com.spaceship.screen.textcopy","com.tap_to_translate.snap_translate","com.gaminik.i18n","com.mg.yurao.google","com.niven.game","com.niven.translator","com.niven.comic","com.niven.apptranslate","com.newmg.yurao.pro","com.eecorp.linguago","com.google.android.apps.translate","com.pidev.screentranslator","screen.translator.voice.translate","com.youdao.hindict","us.zoom.videomeetings","com.softissimo.reverso.context","com.naver.labs.translator","com.zaz.translate","com.andi.alquran.id"]},{"rank":{"index":2,"lang":"es-mx","country":"mx","chineseCountryName":"墨西哥","pkg":"com.spaceship.screen.textcopy"},"orders":["com.recognize_text.translate.screen","com.spaceship.screen.textcopy","com.tap_to_translate.snap_translate","com.niven.game","com.niven.translator","com.niven.comic","com.niven.apptranslate","com.eecorp.linguago","com.newmg.yurao.pro","com.zaz.translate","com.youdao.hindict","com.google.android.apps.translate","com.microsoft.translator","screen.translator.voice.translate","com.deepl.mobiletranslator","com.gaminik.i18n","com.mg.yurao.google"]}]