[{"rank":{"index":2,"lang":"en-us","country":"us","chineseCountryName":"美国","pkg":"com.spaceship.screen.textcopy"},"orders":["com.recognize_text.translate.screen","com.spaceship.screen.textcopy","com.niven.translator","com.gaminik.i18n","com.tap_to_translate.snap_translate","com.newmg.yurao.pro","com.aurasense.screentranslate","com.google.android.apps.translate","com.screen.translate.google","com.yoyodev.screentranslate","live.screentranslate.realtime","com.eecorp.linguago","com.zaz.translate","com.deepl.mobiletranslator","com.hive.lingonative","com.galaxy.airviewdictionary","com.microsoft.translator","link.zhidou.btranslator","com.naver.labs.translator","com.niven.game"]},{"rank":{"index":2,"lang":"ru","country":"ru","chineseCountryName":"俄罗斯","pkg":"com.spaceship.screen.textcopy"},"orders":["com.recognize_text.translate.screen","com.spaceship.screen.textcopy","com.niven.translator","com.tap_to_translate.snap_translate","com.gaminik.i18n","com.newmg.yurao.pro","com.screen.translate.google","com.yoyodev.screentranslate","com.hive.lingonative","com.eecorp.linguago","com.galaxy.airviewdictionary","com.zaz.translate","live.screentranslate.realtime","link.zhidou.btranslator","com.niven.game","com.microsoft.translator","ru.yandex.translate","com.niven.apptranslate","screen.translator.voice.translate","com.google.android.apps.translate"]},{"rank":{"index":2,"lang":"pt-br","country":"br","chineseCountryName":"巴西","pkg":"com.spaceship.screen.textcopy"},"orders":["com.recognize_text.translate.screen","com.spaceship.screen.textcopy","com.niven.translator","com.tap_to_translate.snap_translate","com.gaminik.i18n","com.newmg.yurao.pro","com.screen.translate.google","link.zhidou.btranslator","live.screentranslate.realtime","com.hive.lingonative","com.eecorp.linguago","com.galaxy.airviewdictionary","com.niven.game","com.zaz.translate","com.deepl.mobiletranslator","com.niven.apptranslate","at.nk.tools.iTranslate","com.google.android.apps.translate","com.subtitle.voice","com.microsoft.translator"]},{"rank":{"index":2,"lang":"fr","country":"fr","chineseCountryName":"法国","pkg":"com.spaceship.screen.textcopy"},"orders":["com.recognize_text.translate.screen","com.spaceship.screen.textcopy","com.tap_to_translate.snap_translate","com.gaminik.i18n","com.niven.translator","com.newmg.yurao.pro","com.screen.translate.google","com.yoyodev.screentranslate","live.screentranslate.realtime","com.galaxy.airviewdictionary","com.hive.lingonative","com.eecorp.linguago","com.zaz.translate","com.niven.apptranslate","com.aurasense.screentranslate","co.appnation.aivoicetranslator","link.zhidou.btranslator","screen.translator.voice.translate","com.deepl.mobiletranslator","com.newtranslate.google"]},{"rank":{"index":2,"lang":"en-gb","country":"gb","chineseCountryName":"英国","pkg":"com.spaceship.screen.textcopy"},"orders":["com.recognize_text.translate.screen","com.spaceship.screen.textcopy","com.tap_to_translate.snap_translate","com.zaz.translate","com.google.android.apps.translate","com.microsoft.translator","at.nk.tools.iTranslate","link.zhidou.btranslator","com.niven.translator","com.newmg.yurao.pro","com.galaxy.airviewdictionary","screen.translator.voice.translate","com.aurasense.screentranslate","ru.yandex.translate","com.screen.translate.google","com.yoyodev.screentranslate","photo.translate.camera.translator","com.eecorp.linguago","translate.speech.text.translation.voicetranslator","live.screentranslate.realtime"]},{"rank":{"index":2,"lang":"de","country":"de","chineseCountryName":"德国","pkg":"com.spaceship.screen.textcopy"},"orders":["com.recognize_text.translate.screen","com.spaceship.screen.textcopy","com.niven.translator","com.tap_to_translate.snap_translate","com.gaminik.i18n","com.aurasense.screentranslate","com.newmg.yurao.pro","com.google.android.apps.translate","com.yoyodev.screentranslate","com.hive.lingonative","com.zaz.translate","com.screen.translate.google","link.zhidou.btranslator","live.screentranslate.realtime","com.eecorp.linguago","com.niven.game","com.deepl.mobiletranslator","com.niven.apptranslate","at.nk.tools.iTranslate","com.microsoft.translator"]},{"rank":{"index":2,"lang":"it","country":"it","chineseCountryName":"意大利","pkg":"com.spaceship.screen.textcopy"},"orders":["com.recognize_text.translate.screen","com.spaceship.screen.textcopy","com.gaminik.i18n","com.tap_to_translate.snap_translate","com.niven.translator","com.newmg.yurao.pro","com.screen.translate.google","com.yoyodev.screentranslate","com.hive.lingonative","live.screentranslate.realtime","com.aurasense.screentranslate","com.galaxy.airviewdictionary","com.eecorp.linguago","com.zaz.translate","link.zhidou.btranslator","co.appnation.aivoicetranslator","com.niven.apptranslate","com.deepl.mobiletranslator","com.microsoft.translator","com.newtranslate.google"]},{"rank":{"index":2,"lang":"ja","country":"jp","chineseCountryName":"日本","pkg":"com.spaceship.screen.textcopy"},"orders":["com.recognize_text.translate.screen","com.spaceship.screen.textcopy","com.tap_to_translate.snap_translate","com.gaminik.i18n","com.niven.translator","com.newmg.yurao.pro","com.screen.translate.google","com.niven.apptranslate","com.galaxy.airviewdictionary","com.aurasense.screentranslate","com.hive.lingonative","com.eecorp.linguago","live.screentranslate.realtime"]},{"rank":{"index":2,"lang":"ko","country":"kr","chineseCountryName":"韩国","pkg":"com.spaceship.screen.textcopy"},"orders":["com.recognize_text.translate.screen","com.spaceship.screen.textcopy","com.gaminik.i18n","com.niven.translator","com.tap_to_translate.snap_translate","com.newmg.yurao.pro","com.screen.translate.google","live.screentranslate.realtime","com.hive.lingonative","com.galaxy.airviewdictionary","com.niven.apptranslate","com.eecorp.linguago","com.aurasense.screentranslate","com.zaz.translate"]},{"rank":{"index":2,"lang":"zh-hk","country":"hk","chineseCountryName":"香港","pkg":"com.spaceship.screen.textcopy"},"orders":["com.recognize_text.translate.screen","com.spaceship.screen.textcopy","com.tap_to_translate.snap_translate","com.gaminik.i18n","com.newmg.yurao.pro","com.niven.translator","com.aurasense.screentranslate","com.screen.translate.google","live.screentranslate.realtime","com.galaxy.airviewdictionary","com.hive.lingonative","com.yoyodev.screentranslate","com.eecorp.linguago","link.zhidou.btranslator","com.zaz.translate","com.naver.labs.translator","com.niven.apptranslate","com.deepl.mobiletranslator","com.microsoft.translator","com.niven.game"]},{"rank":{"index":2,"lang":"zh-tw","country":"tw","chineseCountryName":"台湾","pkg":"com.spaceship.screen.textcopy"},"orders":["com.recognize_text.translate.screen","com.spaceship.screen.textcopy","com.gaminik.i18n","com.tap_to_translate.snap_translate","com.google.android.apps.translate","com.aurasense.screentranslate","com.newmg.yurao.pro","com.niven.translator","com.microsoft.translator","com.zaz.translate","com.deepl.mobiletranslator","com.yoyodev.screentranslate","link.zhidou.btranslator","at.nk.tools.iTranslate"]},{"rank":{"index":0,"lang":"en","country":"in","chineseCountryName":"印度","pkg":"com.spaceship.screen.textcopy"},"orders":["com.recognize_text.translate.screen","com.tap_to_translate.snap_translate","com.gaminik.i18n","com.google.android.apps.translate","at.nk.tools.iTranslate","com.deepl.mobiletranslator","link.zhidou.btranslator","com.newmg.yurao.pro","com.niven.translator","screen.translator.voice.translate","com.galaxy.airviewdictionary","com.screen.translate.google","com.aurasense.screentranslate","translate.speech.text.translation.voicetranslator","ru.yandex.translate","com.yoyodev.screentranslate","com.eecorp.linguago","com.niven.apptranslate","com.gyaser.screen.translator","com.text.voice.language.translate"]},{"rank":{"index":2,"lang":"id","country":"id","chineseCountryName":"印尼","pkg":"com.spaceship.screen.textcopy"},"orders":["com.recognize_text.translate.screen","com.spaceship.screen.textcopy","com.niven.translator","com.tap_to_translate.snap_translate","com.gaminik.i18n","com.newmg.yurao.pro","com.aurasense.screentranslate","com.screen.translate.google","com.yoyodev.screentranslate","com.deepl.mobiletranslator","com.eecorp.linguago","com.hive.lingonative","com.zaz.translate","live.screentranslate.realtime","com.galaxy.airviewdictionary","link.zhidou.btranslator","com.niven.game","com.google.android.apps.translate","com.niven.apptranslate","com.microsoft.translator"]},{"rank":{"index":2,"lang":"es-mx","country":"mx","chineseCountryName":"墨西哥","pkg":"com.spaceship.screen.textcopy"},"orders":["com.recognize_text.translate.screen","com.spaceship.screen.textcopy","com.gaminik.i18n","com.tap_to_translate.snap_translate","com.niven.translator","com.newmg.yurao.pro","com.yoyodev.screentranslate","com.screen.translate.google","live.screentranslate.realtime","com.hive.lingonative"]}]