[{"rank":{"index":2,"lang":"en-us","country":"us","chineseCountryName":"美国","pkg":"com.spaceship.screen.textcopy"},"orders":["com.recognize_text.translate.screen","com.spaceship.screen.textcopy","com.niven.translator","com.tap_to_translate.snap_translate","com.microsoft.translator","com.gaminik.i18n","com.google.android.apps.translate","com.niven.game","com.niven.comic","com.newmg.yurao.pro","at.nk.tools.iTranslate","com.language.translate.free.translator.voice.translation","com.zaz.translate","com.screen.translate.google","com.translate.talkingtranslator","com.naver.labs.translator","com.sayhi.android.sayhitranslate","com.deepl.mobiletranslator","com.google.ar.lens","com.niven.apptranslate"]},{"rank":{"index":2,"lang":"ru","country":"ru","chineseCountryName":"俄罗斯","pkg":"com.spaceship.screen.textcopy"},"orders":["com.recognize_text.translate.screen","com.spaceship.screen.textcopy","com.niven.translator","com.tap_to_translate.snap_translate","com.microsoft.translator","com.niven.game","com.gaminik.i18n","com.newmg.yurao.pro","com.google.android.apps.translate","ru.yandex.translate","com.niven.comic","com.language.translate.free.translator.voice.translation","com.screen.translate.google","at.nk.tools.iTranslate","com.datacomprojects.scanandtranslate","com.deepl.mobiletranslator","com.zaz.translate","com.royalappcode.translation.voice.language.chat.interpreter","com.translate.talkingtranslator","com.niven.apptranslate"]},{"rank":{"index":2,"lang":"pt-br","country":"br","chineseCountryName":"巴西","pkg":"com.spaceship.screen.textcopy"},"orders":["com.recognize_text.translate.screen","com.spaceship.screen.textcopy","com.tap_to_translate.snap_translate","com.niven.translator","com.niven.game","com.gaminik.i18n","com.niven.comic","com.newmg.yurao.pro","com.microsoft.translator","com.screen.translate.google","at.nk.tools.iTranslate","com.google.android.apps.translate","com.niven.apptranslate","com.translate.language.translator.voice.translation","com.language.translate.free.translator.voice.translation","com.textgoapp.translate.lite","com.zaz.translate","com.voice_camera_free_translate","com.royalappcode.translation.voice.language.chat.interpreter","com.deepl.mobiletranslator"]},{"rank":{"index":2,"lang":"fr","country":"fr","chineseCountryName":"法国","pkg":"com.spaceship.screen.textcopy"},"orders":["com.recognize_text.translate.screen","com.spaceship.screen.textcopy","com.tap_to_translate.snap_translate","com.gaminik.i18n","com.niven.translator","com.niven.game","com.microsoft.translator","com.zaz.translate","com.newmg.yurao.pro","com.niven.comic","com.google.android.apps.translate","at.nk.tools.iTranslate","com.language.translate.free.translator.voice.translation","com.screen.translate.google","com.translate.talkingtranslator","com.royalappcode.translation.voice.language.chat.interpreter","com.niven.apptranslate","com.deepl.mobiletranslator","com.google.ar.lens","com.datacomprojects.scanandtranslate"]},{"rank":{"index":2,"lang":"en-gb","country":"gb","chineseCountryName":"英国","pkg":"com.spaceship.screen.textcopy"},"orders":["com.recognize_text.translate.screen","com.spaceship.screen.textcopy","com.tap_to_translate.snap_translate","com.gaminik.i18n","com.microsoft.translator","com.niven.translator","com.google.android.apps.translate","com.niven.game","com.zaz.translate","com.niven.comic","com.newmg.yurao.pro","at.nk.tools.iTranslate","com.language.translate.free.translator.voice.translation","com.screen.translate.google","com.deepl.mobiletranslator","com.google.ar.lens","com.datacomprojects.scanandtranslate","com.royalappcode.translation.voice.language.chat.interpreter","com.niven.apptranslate","com.translate.talkingtranslator"]},{"rank":{"index":2,"lang":"de","country":"de","chineseCountryName":"德国","pkg":"com.spaceship.screen.textcopy"},"orders":["com.recognize_text.translate.screen","com.spaceship.screen.textcopy","com.tap_to_translate.snap_translate","com.niven.translator","com.microsoft.translator","com.gaminik.i18n","com.niven.game","com.niven.comic","com.google.android.apps.translate","com.newmg.yurao.pro","at.nk.tools.iTranslate","com.zaz.translate","com.language.translate.free.translator.voice.translation","ru.yandex.translate","com.screen.translate.google","com.deepl.mobiletranslator","com.translate.talkingtranslator","com.royalappcode.translation.voice.language.chat.interpreter","com.sayhi.android.sayhitranslate","com.niven.apptranslate"]},{"rank":{"index":2,"lang":"it","country":"it","chineseCountryName":"意大利","pkg":"com.spaceship.screen.textcopy"},"orders":["com.recognize_text.translate.screen","com.spaceship.screen.textcopy","com.tap_to_translate.snap_translate","com.niven.translator","com.niven.game","com.gaminik.i18n","com.microsoft.translator","com.niven.comic","com.newmg.yurao.pro","com.language.translate.free.translator.voice.translation","at.nk.tools.iTranslate","com.zaz.translate","com.google.android.apps.translate","com.screen.translate.google","com.deepl.mobiletranslator","com.niven.apptranslate","com.royalappcode.translation.voice.language.chat.interpreter","com.translate.talkingtranslator","com.datacomprojects.scanandtranslate","com.galaxy.airviewdictionary"]},{"rank":{"index":2,"lang":"ja","country":"jp","chineseCountryName":"日本","pkg":"com.spaceship.screen.textcopy"},"orders":["com.recognize_text.translate.screen","com.spaceship.screen.textcopy","com.tap_to_translate.snap_translate","com.niven.translator","com.gaminik.i18n","com.niven.game","com.microsoft.translator","com.google.android.apps.translate","com.newmg.yurao.pro"]},{"rank":{"index":2,"lang":"ko","country":"kr","chineseCountryName":"韩国","pkg":"com.spaceship.screen.textcopy"},"orders":["com.recognize_text.translate.screen","com.spaceship.screen.textcopy","com.tap_to_translate.snap_translate","com.microsoft.translator","com.niven.translator","com.gaminik.i18n","com.niven.game","com.google.android.apps.translate","com.naver.labs.translator","com.niven.comic","com.newmg.yurao.pro","at.nk.tools.iTranslate","com.language.translate.free.translator.voice.translation","com.zaz.translate","com.translate.talkingtranslator","com.screen.translate.google","com.royalappcode.translation.voice.language.chat.interpreter","com.flitto.app","com.deepl.mobiletranslator","translate.all.language.translator.cameratranslator"]},{"rank":{"index":2,"lang":"zh-hk","country":"hk","chineseCountryName":"香港","pkg":"com.spaceship.screen.textcopy"},"orders":["com.recognize_text.translate.screen","com.spaceship.screen.textcopy","com.tap_to_translate.snap_translate","com.microsoft.translator","com.niven.translator","com.gaminik.i18n","com.google.android.apps.translate","com.niven.game","com.newmg.yurao.pro","com.niven.comic","at.nk.tools.iTranslate","com.language.translate.free.translator.voice.translation","com.screen.translate.google","com.royalappcode.translation.voice.language.chat.interpreter","com.zaz.translate","jp.go.nict.voicetra","com.naver.labs.translator","com.google.ar.lens","com.deepl.mobiletranslator","com.translate.talkingtranslator"]},{"rank":{"index":2,"lang":"zh-tw","country":"tw","chineseCountryName":"台湾","pkg":"com.spaceship.screen.textcopy"},"orders":["com.recognize_text.translate.screen","com.spaceship.screen.textcopy","com.gaminik.i18n","com.niven.translator","com.microsoft.translator","com.google.android.apps.translate","com.niven.game","com.tap_to_translate.snap_translate","at.nk.tools.iTranslate","com.niven.comic","com.newmg.yurao.pro","com.language.translate.free.translator.voice.translation","com.translate.talkingtranslator","com.zaz.translate","com.royalappcode.translation.voice.language.chat.interpreter","com.screen.translate.google","com.naver.labs.translator","jp.go.nict.voicetra","com.deepl.mobiletranslator","com.galaxy.airviewdictionary"]},{"rank":{"index":2,"lang":"en","country":"in","chineseCountryName":"印度","pkg":"com.spaceship.screen.textcopy"},"orders":["com.recognize_text.translate.screen","com.spaceship.screen.textcopy","com.tap_to_translate.snap_translate","com.google.android.apps.translate","com.zaz.translate","com.gaminik.i18n","com.niven.game","com.microsoft.translator","at.nk.tools.iTranslate","ru.yandex.translate","com.sayhi.android.sayhitranslate","com.deepl.mobiletranslator","com.translate.talkingtranslator","jp.go.nict.voicetra","com.niven.translator","com.newmg.yurao.pro","com.galaxy.airviewdictionary","screen.translator.voice.translate","com.niven.comic","com.royalappcode.translation.voice.language.chat.interpreter"]},{"rank":{"index":2,"lang":"id","country":"id","chineseCountryName":"印尼","pkg":"com.spaceship.screen.textcopy"},"orders":["com.recognize_text.translate.screen","com.spaceship.screen.textcopy","com.tap_to_translate.snap_translate","com.niven.translator","com.niven.game","com.gaminik.i18n","com.niven.comic","com.newmg.yurao.pro","com.screen.translate.google","com.microsoft.translator","at.nk.tools.iTranslate","com.google.android.apps.translate"]},{"rank":{"index":2,"lang":"es-mx","country":"mx","chineseCountryName":"墨西哥","pkg":"com.spaceship.screen.textcopy"},"orders":["com.recognize_text.translate.screen","com.spaceship.screen.textcopy","com.niven.translator","com.tap_to_translate.snap_translate","com.gaminik.i18n","com.niven.game","com.niven.comic","com.microsoft.translator","com.newmg.yurao.pro","at.nk.tools.iTranslate","com.screen.translate.google","com.google.android.apps.translate","com.niven.apptranslate","com.language.translate.free.translator.voice.translation","com.textgoapp.translate.lite","com.zaz.translate","com.deepl.mobiletranslator","com.android.chrome","com.aldoo.pdftranslatorpro","com.google.ar.lens"]}]