[{"rank":{"index":2,"lang":"en-us","country":"us","chineseCountryName":"美国","pkg":"com.spaceship.screen.textcopy"},"orders":["com.recognize_text.translate.screen","com.spaceship.screen.textcopy","com.tap_to_translate.snap_translate","com.google.android.apps.translate","com.screen.translate.google","com.niven.translator","com.microsoft.translator","com.newmg.yurao.pro","com.gaminik.i18n","at.nk.tools.iTranslate","com.google.ar.lens","com.niven.game","com.translate.language.translator.voice.translation","com.translate.talkingtranslator","com.deepl.mobiletranslator","com.datacomprojects.scanandtranslate","com.mobisystems.msdict.embedded.wireless.collins.ee","com.sayhi.android.sayhitranslate","com.niven.comic","com.language.translate.free.translator.voice.translation"]},{"rank":{"index":2,"lang":"ru","country":"ru","chineseCountryName":"俄罗斯","pkg":"com.spaceship.screen.textcopy"},"orders":["com.recognize_text.translate.screen","com.spaceship.screen.textcopy","com.niven.translator","com.tap_to_translate.snap_translate","com.gaminik.i18n","com.newmg.yurao.pro","com.screen.translate.google","com.niven.game","ru.yandex.translate","com.google.android.apps.translate","com.niven.comic","com.microsoft.translator","com.deepl.mobiletranslator","com.niven.apptranslate","at.nk.tools.iTranslate","com.whatsapp","com.android.chrome","com.voice_camera_free_translate","com.instagram.android","com.facebook.katana"]},{"rank":{"index":2,"lang":"pt-br","country":"br","chineseCountryName":"巴西","pkg":"com.spaceship.screen.textcopy"},"orders":["com.recognize_text.translate.screen","com.spaceship.screen.textcopy","com.tap_to_translate.snap_translate","com.gaminik.i18n","com.google.android.apps.translate","at.nk.tools.iTranslate","com.deepl.mobiletranslator","com.zaz.translate","com.datacomprojects.scanandtranslate","ru.yandex.translate","com.translate.language.translator.voice.translation","com.google.ar.lens","com.translate.talkingtranslator","com.naver.labs.translator","com.niven.translator","com.screen.translate.google","com.newmg.yurao.pro","com.niven.game","com.niven.comic","com.niven.apptranslate"]},{"rank":{"index":3,"lang":"fr","country":"fr","chineseCountryName":"法国","pkg":"com.spaceship.screen.textcopy"},"orders":["com.recognize_text.translate.screen","com.tap_to_translate.snap_translate","com.spaceship.screen.textcopy","com.niven.translator","com.screen.translate.google","com.gaminik.i18n","com.newmg.yurao.pro","com.microsoft.translator","com.google.android.apps.translate","com.niven.game","com.niven.comic","at.nk.tools.iTranslate","com.datacomprojects.scanandtranslate","com.deepl.mobiletranslator","com.niven.apptranslate","com.google.ar.lens","com.traductorweb","com.translate.language.translator.voice.translation","com.aldoo.pdftranslatorpro","com.facebook.katana"]},{"rank":{"index":2,"lang":"en-gb","country":"gb","chineseCountryName":"英国","pkg":"com.spaceship.screen.textcopy"},"orders":["com.recognize_text.translate.screen","com.spaceship.screen.textcopy","com.google.android.apps.translate","com.niven.translator","com.microsoft.translator","com.screen.translate.google","com.gaminik.i18n","com.newmg.yurao.pro","com.tap_to_translate.snap_translate","at.nk.tools.iTranslate","com.google.ar.lens","com.datacomprojects.scanandtranslate","com.niven.game","com.deepl.mobiletranslator","com.translate.language.translator.voice.translation","com.mobisystems.msdict.embedded.wireless.collins.ee","com.niven.comic","com.sayhi.android.sayhitranslate","com.language.translate.free.translator.voice.translation","com.traductorweb"]},{"rank":{"index":2,"lang":"de","country":"de","chineseCountryName":"德国","pkg":"com.spaceship.screen.textcopy"},"orders":["com.recognize_text.translate.screen","com.spaceship.screen.textcopy","com.tap_to_translate.snap_translate","com.niven.translator","com.gaminik.i18n","com.microsoft.translator","com.screen.translate.google","com.newmg.yurao.pro","com.google.android.apps.translate","com.niven.game","at.nk.tools.iTranslate","com.deepl.mobiletranslator","com.datacomprojects.scanandtranslate","com.niven.comic","com.traductorweb","com.sayhi.android.sayhitranslate","com.language.translate.free.translator.voice.translation","com.translate.language.translator.voice.translation","com.niven.apptranslate","com.aldoo.pdftranslatorpro"]},{"rank":{"index":2,"lang":"it","country":"it","chineseCountryName":"意大利","pkg":"com.spaceship.screen.textcopy"},"orders":["com.recognize_text.translate.screen","com.spaceship.screen.textcopy","com.niven.translator","com.gaminik.i18n","com.newmg.yurao.pro","com.tap_to_translate.snap_translate","com.microsoft.translator","com.screen.translate.google","com.niven.game","com.google.android.apps.translate","at.nk.tools.iTranslate","com.niven.comic","com.datacomprojects.scanandtranslate","com.deepl.mobiletranslator","com.translate.language.translator.voice.translation","com.niven.apptranslate","com.traductorweb","com.aldoo.pdftranslatorpro","com.language.translate.free.translator.voice.translation","com.google.ar.lens"]},{"rank":{"index":2,"lang":"ja","country":"jp","chineseCountryName":"日本","pkg":"com.spaceship.screen.textcopy"},"orders":["com.recognize_text.translate.screen","com.spaceship.screen.textcopy","com.tap_to_translate.snap_translate","com.niven.translator","com.gaminik.i18n","com.screen.translate.google","com.newmg.yurao.pro","com.microsoft.translator","com.google.android.apps.translate","com.niven.game","at.nk.tools.iTranslate"]},{"rank":{"index":2,"lang":"ko","country":"kr","chineseCountryName":"韩国","pkg":"com.spaceship.screen.textcopy"},"orders":["com.recognize_text.translate.screen","com.spaceship.screen.textcopy","com.tap_to_translate.snap_translate","com.niven.translator","com.gaminik.i18n","com.screen.translate.google","com.newmg.yurao.pro","com.niven.game","com.google.android.apps.translate","com.microsoft.translator","com.niven.comic","com.naver.labs.translator","com.niven.apptranslate","com.deepl.mobiletranslator","at.nk.tools.iTranslate","com.google.ar.lens","com.facebook.katana","com.instagram.android","com.facebook.orca","org.telegram.messenger"]},{"rank":{"index":2,"lang":"zh-hk","country":"hk","chineseCountryName":"香港","pkg":"com.spaceship.screen.textcopy"},"orders":["com.recognize_text.translate.screen","com.spaceship.screen.textcopy","com.gaminik.i18n","com.niven.translator","com.screen.translate.google","com.google.android.apps.translate","com.newmg.yurao.pro","com.tap_to_translate.snap_translate","com.microsoft.translator","at.nk.tools.iTranslate","com.niven.game","com.google.ar.lens","com.datacomprojects.scanandtranslate","com.niven.comic","com.deepl.mobiletranslator","com.language.translate.free.translator.voice.translation","com.niven.apptranslate","com.naver.labs.translator","com.aldoo.pdftranslatorpro","com.tangdi.baiguotong"]},{"rank":{"index":2,"lang":"zh-tw","country":"tw","chineseCountryName":"台湾","pkg":"com.spaceship.screen.textcopy"},"orders":["com.recognize_text.translate.screen","com.spaceship.screen.textcopy","com.tap_to_translate.snap_translate","com.niven.translator","com.screen.translate.google","com.gaminik.i18n","com.newmg.yurao.pro","com.google.android.apps.translate","com.microsoft.translator","at.nk.tools.iTranslate","com.niven.game","com.niven.comic","com.voice_camera_free_translate","com.google.ar.lens","com.niven.apptranslate","com.language.translate.free.translator.voice.translation","com.datacomprojects.scanandtranslate","com.naver.labs.translator","com.deepl.mobiletranslator","com.aldoo.pdftranslatorpro"]},{"rank":{"index":2,"lang":"en","country":"in","chineseCountryName":"印度","pkg":"com.spaceship.screen.textcopy"},"orders":["com.recognize_text.translate.screen","com.spaceship.screen.textcopy","com.google.android.apps.translate","com.tap_to_translate.snap_translate","com.gaminik.i18n","com.zaz.translate","com.datacomprojects.scanandtranslate","com.deepl.mobiletranslator","com.google.ar.lens","ru.yandex.translate","com.sayhi.android.sayhitranslate","com.translate.talkingtranslator","com.niven.translator","com.newmg.yurao.pro","com.screen.translate.google","com.niven.game","com.niven.comic","translate.speech.text.translation.voicetranslator","com.translate.language.translator.voice.translation","screen.translator.voice.translate"]},{"rank":{"index":2,"lang":"id","country":"id","chineseCountryName":"印尼","pkg":"com.spaceship.screen.textcopy"},"orders":["com.recognize_text.translate.screen","com.spaceship.screen.textcopy","com.tap_to_translate.snap_translate","com.niven.translator","com.screen.translate.google","com.gaminik.i18n","com.newmg.yurao.pro","com.niven.game","com.google.android.apps.translate","com.niven.comic"]},{"rank":{"index":2,"lang":"es-mx","country":"mx","chineseCountryName":"墨西哥","pkg":"com.spaceship.screen.textcopy"},"orders":["com.recognize_text.translate.screen","com.spaceship.screen.textcopy","com.tap_to_translate.snap_translate","com.gaminik.i18n","com.google.android.apps.translate","at.nk.tools.iTranslate","com.deepl.mobiletranslator","com.zaz.translate","com.datacomprojects.scanandtranslate","ru.yandex.translate","com.google.ar.lens","com.translate.talkingtranslator","com.softissimo.reverso.context","com.sayhi.android.sayhitranslate","com.niven.translator","com.newmg.yurao.pro","com.screen.translate.google","com.niven.game","com.niven.comic","com.naver.labs.translator"]}]