[{"rank":{"index":2,"lang":"en-us","country":"us","chineseCountryName":"美国","pkg":"com.spaceship.screen.textcopy"},"orders":["com.recognize_text.translate.screen","com.spaceship.screen.textcopy","com.niven.translator","com.microsoft.translator","com.tap_to_translate.snap_translate","com.google.android.apps.translate","com.gaminik.i18n","com.niven.game","at.nk.tools.iTranslate","com.niven.comic","com.translate.talkingtranslator","com.newmg.yurao.pro","com.zaz.translate","com.tangdi.baiguotong","com.naver.labs.translator","com.translate.language.translator.voice.translation","com.datacomprojects.scanandtranslate","com.ticktalk.translatevoice","com.screen.translate.google","com.language.translate.free.translator.voice.translation"]},{"rank":{"index":3,"lang":"ru","country":"ru","chineseCountryName":"俄罗斯","pkg":"com.spaceship.screen.textcopy"},"orders":["com.recognize_text.translate.screen","com.niven.translator","com.spaceship.screen.textcopy","com.tap_to_translate.snap_translate","com.microsoft.translator","com.niven.game","com.google.android.apps.translate","com.gaminik.i18n","ru.yandex.translate","at.nk.tools.iTranslate","com.niven.comic","com.deepl.mobiletranslator","com.datacomprojects.scanandtranslate","com.tangdi.baiguotong","com.translate.language.translator.voice.translation","com.screen.translate.google","com.newmg.yurao.pro","com.naver.labs.translator","com.promt.pmtappfree","com.zaz.translate"]},{"rank":{"index":4,"lang":"pt-br","country":"br","chineseCountryName":"巴西","pkg":"com.spaceship.screen.textcopy"},"orders":["com.recognize_text.translate.screen","com.tap_to_translate.snap_translate","com.niven.translator","com.spaceship.screen.textcopy","com.niven.game","com.gaminik.i18n","com.niven.comic","com.microsoft.translator","at.nk.tools.iTranslate","com.youdao.hindict","com.screen.translate.google","com.google.android.apps.translate","com.screen.translator.text.recognize","com.newmg.yurao.pro","com.galaxy.airviewdictionary","com.tangdi.baiguotong","com.deepl.mobiletranslator","com.voice_camera_free_translate","com.android.chrome","com.facebook.orca"]},{"rank":{"index":6,"lang":"fr","country":"fr","chineseCountryName":"法国","pkg":"com.spaceship.screen.textcopy"},"orders":["com.recognize_text.translate.screen","com.tap_to_translate.snap_translate","com.niven.game","com.niven.translator","com.gaminik.i18n","com.spaceship.screen.textcopy","com.microsoft.translator","com.niven.comic","at.nk.tools.iTranslate","com.google.android.apps.translate","com.newmg.yurao.pro","com.tangdi.baiguotong","com.screen.translate.google","com.deepl.mobiletranslator","com.audacityittranslator.translatetexttranslator","com.translate.language.translator.voice.translation","com.ticktalk.translatevoice","com.zaz.translate","com.language.translate.free.translator.voice.translation","com.image.camera.translate.ai"]},{"rank":{"index":2,"lang":"en-gb","country":"gb","chineseCountryName":"英国","pkg":"com.spaceship.screen.textcopy"},"orders":["com.recognize_text.translate.screen","com.spaceship.screen.textcopy","com.tap_to_translate.snap_translate","com.microsoft.translator","com.google.android.apps.translate","com.gaminik.i18n","com.niven.translator","com.niven.game","at.nk.tools.iTranslate","com.niven.comic","com.zaz.translate","com.tangdi.baiguotong","com.deepl.mobiletranslator","com.datacomprojects.scanandtranslate","com.translate.talkingtranslator","com.newmg.yurao.pro","com.screen.translate.google","com.translate.language.translator.voice.translation","com.mobisystems.msdict.embedded.wireless.collins.ee","com.language.translate.free.translator.voice.translation"]},{"rank":{"index":2,"lang":"de","country":"de","chineseCountryName":"德国","pkg":"com.spaceship.screen.textcopy"},"orders":["com.recognize_text.translate.screen","com.spaceship.screen.textcopy","com.tap_to_translate.snap_translate","com.niven.translator","com.microsoft.translator","com.gaminik.i18n","com.niven.game","at.nk.tools.iTranslate","com.translate.talkingtranslator","com.niven.comic","com.google.android.apps.translate","com.deepl.mobiletranslator","com.ticktalk.translatevoice"]},{"rank":{"index":2,"lang":"it","country":"it","chineseCountryName":"意大利","pkg":"com.spaceship.screen.textcopy"},"orders":["com.recognize_text.translate.screen","com.spaceship.screen.textcopy","com.tap_to_translate.snap_translate","com.niven.translator","com.niven.game","com.gaminik.i18n","com.microsoft.translator","at.nk.tools.iTranslate","com.niven.comic","com.google.android.apps.translate","com.tangdi.baiguotong","com.screen.translate.google","com.newmg.yurao.pro","com.deepl.mobiletranslator","com.translate.talkingtranslator","com.image.camera.translate.ai","com.datacomprojects.scanandtranslate","com.ticktalk.translatevoice","com.aldoo.pdftranslatorpro","camtranslator.voice.text.image.translate"]},{"rank":{"index":2,"lang":"ja","country":"jp","chineseCountryName":"日本","pkg":"com.spaceship.screen.textcopy"},"orders":["com.recognize_text.translate.screen","com.spaceship.screen.textcopy","com.gaminik.i18n","com.niven.game","com.niven.translator","com.tap_to_translate.snap_translate","com.microsoft.translator","com.deepl.mobiletranslator","com.google.android.apps.translate","com.niven.comic","at.nk.tools.iTranslate","com.naver.labs.translator","com.translate.talkingtranslator","com.tangdi.baiguotong","com.youdao.hindict","com.screen.translate.google","com.newmg.yurao.pro","com.google.ar.lens","com.facebook.orca","com.android.chrome"]},{"rank":{"index":2,"lang":"ko","country":"kr","chineseCountryName":"韩国","pkg":"com.spaceship.screen.textcopy"},"orders":["com.recognize_text.translate.screen","com.spaceship.screen.textcopy","com.tap_to_translate.snap_translate","com.microsoft.translator","com.niven.translator","com.google.android.apps.translate","com.niven.game","com.gaminik.i18n","com.naver.labs.translator","at.nk.tools.iTranslate","com.niven.comic","com.datacomprojects.scanandtranslate","com.translate.talkingtranslator","com.newmg.yurao.pro","com.translate.language.translator.voice.translation","com.deepl.mobiletranslator","co.timekettle.livetranslator","com.screen.translate.google","com.b1b.translator.voicetranslate.alllanguages.translator.app","com.language.translate.free.translator.voice.translation"]},{"rank":{"index":2,"lang":"zh-hk","country":"hk","chineseCountryName":"香港","pkg":"com.spaceship.screen.textcopy"},"orders":["com.recognize_text.translate.screen","com.spaceship.screen.textcopy","com.microsoft.translator","com.niven.translator","com.gaminik.i18n","com.niven.game","com.google.android.apps.translate","com.tap_to_translate.snap_translate","at.nk.tools.iTranslate","com.niven.comic","com.tangdi.baiguotong","com.datacomprojects.scanandtranslate","com.translate.language.translator.voice.translation","com.translate.talkingtranslator","com.naver.labs.translator","com.newmg.yurao.pro","com.screen.translate.google","com.zaz.translate","co.timekettle.livetranslator","com.language.translate.free.translator.voice.translation"]},{"rank":{"index":2,"lang":"zh-tw","country":"tw","chineseCountryName":"台湾","pkg":"com.spaceship.screen.textcopy"},"orders":["com.recognize_text.translate.screen","com.spaceship.screen.textcopy","com.tap_to_translate.snap_translate","com.microsoft.translator","com.niven.translator","com.gaminik.i18n","com.niven.game","com.google.android.apps.translate","at.nk.tools.iTranslate","com.tangdi.baiguotong","com.niven.comic","com.translate.talkingtranslator","com.youdao.hindict","com.translate.language.translator.voice.translation","com.datacomprojects.scanandtranslate","com.naver.labs.translator","co.timekettle.livetranslator","com.zaz.translate","com.newmg.yurao.pro","com.screen.translate.google"]},{"rank":{"index":4,"lang":"en","country":"in","chineseCountryName":"印度","pkg":"com.spaceship.screen.textcopy"},"orders":["com.recognize_text.translate.screen","com.tap_to_translate.snap_translate","com.google.android.apps.translate","com.spaceship.screen.textcopy","com.niven.game","com.translate.talkingtranslator","com.softissimo.reverso.context","com.deepl.mobiletranslator","com.ticktalk.translatevoice","com.sayhi.android.sayhitranslate","com.niven.translator","com.newmg.yurao.pro","com.galaxy.airviewdictionary","com.zaz.translate","com.gaminik.i18n","com.screen.translator.text.recognize","screen.translator.voice.translate","com.niven.comic","com.datacomprojects.scanandtranslate","com.naver.labs.translator"]},{"rank":{"index":4,"lang":"id","country":"id","chineseCountryName":"印尼","pkg":"com.spaceship.screen.textcopy"},"orders":["com.recognize_text.translate.screen","com.tap_to_translate.snap_translate","com.niven.translator","com.spaceship.screen.textcopy","com.niven.game","com.gaminik.i18n","com.youdao.hindict","com.niven.comic","at.nk.tools.iTranslate","com.microsoft.translator","com.screen.translate.google","com.newmg.yurao.pro","com.google.android.apps.translate","com.deepl.mobiletranslator","com.naver.labs.translator"]},{"rank":{"index":2,"lang":"es-mx","country":"mx","chineseCountryName":"墨西哥","pkg":"com.spaceship.screen.textcopy"},"orders":["com.recognize_text.translate.screen","com.spaceship.screen.textcopy","com.niven.game","com.gaminik.i18n","com.niven.translator","com.tap_to_translate.snap_translate","at.nk.tools.iTranslate","com.microsoft.translator","com.niven.comic","com.youdao.hindict","com.google.android.apps.translate","com.newmg.yurao.pro","com.tangdi.baiguotong","com.screen.translate.google","com.deepl.mobiletranslator","com.audacityittranslator.translatetexttranslator","com.android.chrome","com.facebook.orca","com.google.android.apps.photos","com.language.translate.free.translator.voice.translation"]}]