[{"rank":{"index":2,"lang":"en-us","country":"us","chineseCountryName":"美国","pkg":"com.spaceship.screen.textcopy"},"orders":["com.recognize_text.translate.screen","com.spaceship.screen.textcopy","com.niven.translator","com.tap_to_translate.snap_translate","com.google.android.apps.translate","com.gaminik.i18n","com.newmg.yurao.pro","com.microsoft.translator","com.zaz.translate","com.deepl.mobiletranslator","com.immersivetranslate.browser","com.screen.translate.google","com.translate.talkingtranslator","com.eecorp.linguago","com.galaxy.airviewdictionary","live.screentranslate.realtime","com.niven.game","photo.translate.camera.translator","at.nk.tools.iTranslate","com.naver.labs.translator"]},{"rank":{"index":2,"lang":"ru","country":"ru","chineseCountryName":"俄罗斯","pkg":"com.spaceship.screen.textcopy"},"orders":["com.recognize_text.translate.screen","com.spaceship.screen.textcopy","com.niven.translator","com.tap_to_translate.snap_translate","com.gaminik.i18n","com.newmg.yurao.pro","com.zaz.translate","com.deepl.mobiletranslator","com.galaxy.airviewdictionary","ru.yandex.translate","com.eecorp.linguago","com.screen.translate.google","com.immersivetranslate.browser","com.microsoft.translator","live.screentranslate.realtime","com.niven.game","com.google.android.apps.translate","com.voice_camera_free_translate","com.niven.apptranslate","photo.translate.camera.translator"]},{"rank":{"index":2,"lang":"pt-br","country":"br","chineseCountryName":"巴西","pkg":"com.spaceship.screen.textcopy"},"orders":["com.recognize_text.translate.screen","com.spaceship.screen.textcopy","com.niven.translator","com.tap_to_translate.snap_translate","com.gaminik.i18n","com.newmg.yurao.pro","com.deepl.mobiletranslator","com.immersivetranslate.browser","com.eecorp.linguago","com.galaxy.airviewdictionary","com.niven.game","com.screen.translate.google","com.microsoft.translator","live.screentranslate.realtime","com.zaz.translate","com.google.android.apps.translate","com.voice_camera_free_translate","photo.translate.camera.translator","com.fapp.translate.language.translator.fasttranslation","com.niven.apptranslate"]},{"rank":{"index":2,"lang":"fr","country":"fr","chineseCountryName":"法国","pkg":"com.spaceship.screen.textcopy"},"orders":["com.recognize_text.translate.screen","com.spaceship.screen.textcopy","com.tap_to_translate.snap_translate","com.niven.translator","com.gaminik.i18n","com.newmg.yurao.pro","com.zaz.translate","com.immersivetranslate.browser","com.galaxy.airviewdictionary","com.eecorp.linguago","live.screentranslate.realtime","com.microsoft.translator","com.deepl.mobiletranslator","com.screen.translate.google","com.google.android.apps.translate","com.niven.game","com.translate.talkingtranslator","com.niven.apptranslate","com.fapp.translate.language.translator.fasttranslation","com.inw.trulinco"]},{"rank":{"index":2,"lang":"en-gb","country":"gb","chineseCountryName":"英国","pkg":"com.spaceship.screen.textcopy"},"orders":["com.recognize_text.translate.screen","com.spaceship.screen.textcopy","com.niven.translator","com.tap_to_translate.snap_translate","com.google.android.apps.translate","com.zaz.translate","com.newmg.yurao.pro","com.microsoft.translator","com.gaminik.i18n","com.deepl.mobiletranslator","com.immersivetranslate.browser"]},{"rank":{"index":2,"lang":"de","country":"de","chineseCountryName":"德国","pkg":"com.spaceship.screen.textcopy"},"orders":["com.recognize_text.translate.screen","com.spaceship.screen.textcopy","com.niven.translator","com.tap_to_translate.snap_translate","com.gaminik.i18n","com.newmg.yurao.pro","com.screen.translate.google","com.eecorp.linguago","live.screentranslate.realtime","com.immersivetranslate.browser","com.galaxy.airviewdictionary","com.google.android.apps.translate","com.deepl.mobiletranslator","com.zaz.translate","com.niven.game","com.microsoft.translator","com.voice_camera_free_translate","com.niven.apptranslate","com.hive.lingonative","com.translate.talkingtranslator"]},{"rank":{"index":2,"lang":"it","country":"it","chineseCountryName":"意大利","pkg":"com.spaceship.screen.textcopy"},"orders":["com.recognize_text.translate.screen","com.spaceship.screen.textcopy","com.niven.translator","com.gaminik.i18n","com.newmg.yurao.pro","com.tap_to_translate.snap_translate","com.zaz.translate","com.galaxy.airviewdictionary","com.eecorp.linguago","live.screentranslate.realtime","com.google.android.apps.translate","com.screen.translate.google","com.deepl.mobiletranslator","com.microsoft.translator","com.immersivetranslate.browser","com.translate.talkingtranslator","com.niven.game","com.niven.apptranslate","com.hive.lingonative","link.zhidou.btranslator"]},{"rank":{"index":2,"lang":"ja","country":"jp","chineseCountryName":"日本","pkg":"com.spaceship.screen.textcopy"},"orders":["com.recognize_text.translate.screen","com.spaceship.screen.textcopy","com.tap_to_translate.snap_translate","com.gaminik.i18n","com.newmg.yurao.pro","com.niven.translator","com.google.android.apps.translate","com.galaxy.airviewdictionary"]},{"rank":{"index":2,"lang":"ko","country":"kr","chineseCountryName":"韩国","pkg":"com.spaceship.screen.textcopy"},"orders":["com.recognize_text.translate.screen","com.spaceship.screen.textcopy","com.tap_to_translate.snap_translate","com.niven.translator","com.newmg.yurao.pro","com.gaminik.i18n","com.galaxy.airviewdictionary","com.screen.translate.google","com.eecorp.linguago","live.screentranslate.realtime","com.naver.labs.translator","com.immersivetranslate.browser","com.deepl.mobiletranslator","com.zaz.translate","com.microsoft.translator","com.niven.apptranslate","com.google.android.apps.translate","com.niven.game","com.fapp.translate.language.translator.fasttranslation","com.translate.talkingtranslator"]},{"rank":{"index":2,"lang":"zh-hk","country":"hk","chineseCountryName":"香港","pkg":"com.spaceship.screen.textcopy"},"orders":["com.recognize_text.translate.screen","com.spaceship.screen.textcopy","com.tap_to_translate.snap_translate","com.gaminik.i18n","com.niven.translator","com.newmg.yurao.pro","com.zaz.translate","com.google.android.apps.translate","com.microsoft.translator","com.screen.translate.google","com.galaxy.airviewdictionary","com.immersivetranslate.browser","live.screentranslate.realtime","com.eecorp.linguago","com.voice_camera_free_translate","com.niven.game","com.deepl.mobiletranslator","com.niven.apptranslate","com.translate.talkingtranslator","photo.translate.camera.translator"]},{"rank":{"index":3,"lang":"zh-tw","country":"tw","chineseCountryName":"台湾","pkg":"com.spaceship.screen.textcopy"},"orders":["com.recognize_text.translate.screen","com.tap_to_translate.snap_translate","com.spaceship.screen.textcopy","com.gaminik.i18n","com.niven.translator","com.newmg.yurao.pro","com.galaxy.airviewdictionary","com.screen.translate.google","com.eecorp.linguago","live.screentranslate.realtime","com.google.android.apps.translate","com.voice_camera_free_translate","com.niven.apptranslate","com.microsoft.translator","com.zaz.translate","com.immersivetranslate.browser","com.deepl.mobiletranslator","com.niven.game","com.naver.labs.translator","at.nk.tools.iTranslate"]},{"rank":{"index":2,"lang":"en","country":"in","chineseCountryName":"印度","pkg":"com.spaceship.screen.textcopy"},"orders":["com.recognize_text.translate.screen","com.spaceship.screen.textcopy","com.newmg.yurao.pro"]},{"rank":{"index":2,"lang":"id","country":"id","chineseCountryName":"印尼","pkg":"com.spaceship.screen.textcopy"},"orders":["com.recognize_text.translate.screen","com.spaceship.screen.textcopy","com.tap_to_translate.snap_translate","com.niven.translator","com.gaminik.i18n","com.newmg.yurao.pro","com.zaz.translate","com.eecorp.linguago","com.deepl.mobiletranslator","com.niven.game","com.screen.translate.google","com.google.android.apps.translate","com.galaxy.airviewdictionary","live.screentranslate.realtime","com.microsoft.translator","com.immersivetranslate.browser","photo.translate.camera.translator","com.niven.apptranslate","com.naver.labs.translator","com.fapp.translate.language.translator.fasttranslation"]},{"rank":{"index":1,"lang":"es-mx","country":"mx","chineseCountryName":"墨西哥","pkg":"com.spaceship.screen.textcopy"},"orders":["com.spaceship.screen.textcopy","com.recognize_text.translate.screen","com.tap_to_translate.snap_translate","com.niven.translator","com.gaminik.i18n","com.newmg.yurao.pro","live.screentranslate.realtime","com.galaxy.airviewdictionary","com.eecorp.linguago","com.zaz.translate","com.screen.translate.google","com.deepl.mobiletranslator","com.google.android.apps.translate","com.immersivetranslate.browser","com.niven.game","com.microsoft.translator","com.niven.apptranslate","com.hive.lingonative","com.fapp.translate.language.translator.fasttranslation","at.nk.tools.iTranslate"]}]