[{"rank":{"index":2,"lang":"en-us","country":"us","chineseCountryName":"美国","pkg":"com.spaceship.screen.textcopy"},"orders":["com.recognize_text.translate.screen","com.spaceship.screen.textcopy","com.tap_to_translate.snap_translate","com.gaminik.i18n","com.google.android.apps.translate","com.microsoft.translator","com.niven.translator","com.niven.game","com.niven.comic","com.newmg.yurao.pro","com.niven.apptranslate","screen.translator.voice.translate","com.mobisystems.msdict.embedded.wireless.collins.ee","com.youdao.hindict","com.deepl.mobiletranslator","com.naver.labs.translator","all.language.translate.translator","com.zaz.translate","com.softissimo.reverso.context","com.translate.talkingtranslator"]},{"rank":{"index":2,"lang":"ru","country":"ru","chineseCountryName":"俄罗斯","pkg":"com.spaceship.screen.textcopy"},"orders":["com.recognize_text.translate.screen","com.spaceship.screen.textcopy","com.tap_to_translate.snap_translate","com.gaminik.i18n","com.niven.game","com.niven.translator","com.google.android.apps.translate","com.microsoft.translator","com.newmg.yurao.pro","com.niven.comic","com.niven.apptranslate","com.deepl.mobiletranslator","ru.yandex.translate","com.youdao.hindict","com.ticktalk.translatevoice","com.translate.language.translator.voice.translation","com.datacomprojects.scanandtranslate","com.flitto.app","com.zaz.translate","com.naver.labs.translator"]},{"rank":{"index":2,"lang":"fr","country":"fr","chineseCountryName":"法国","pkg":"com.spaceship.screen.textcopy"},"orders":["com.recognize_text.translate.screen","com.spaceship.screen.textcopy","com.tap_to_translate.snap_translate","com.gaminik.i18n","com.niven.game","com.niven.translator","com.niven.comic","com.newmg.yurao.pro","com.niven.apptranslate","com.microsoft.translator","com.google.android.apps.translate","com.youdao.hindict","com.deepl.mobiletranslator","com.eecorp.linguago","screen.translator.voice.translate","com.whatsapp","com.facebook.orca","com.duolingo","com.softissimo.reverso.context","com.canva.editor"]},{"rank":{"index":2,"lang":"en-gb","country":"gb","chineseCountryName":"英国","pkg":"com.spaceship.screen.textcopy"},"orders":["com.recognize_text.translate.screen","com.spaceship.screen.textcopy","com.gaminik.i18n","com.google.android.apps.translate","com.microsoft.translator","screen.translator.voice.translate","com.tap_to_translate.snap_translate","com.niven.translator","com.niven.game","com.niven.comic","com.newmg.yurao.pro","com.niven.apptranslate","com.youdao.hindict","com.deepl.mobiletranslator","com.zaz.translate","com.eecorp.linguago","all.language.translate.translator","com.eecorp.taptranslator","com.mobisystems.msdict.embedded.wireless.collins.ee","com.datacomprojects.scanandtranslate"]},{"rank":{"index":2,"lang":"de","country":"de","chineseCountryName":"德国","pkg":"com.spaceship.screen.textcopy"},"orders":["com.recognize_text.translate.screen","com.spaceship.screen.textcopy","com.gaminik.i18n","com.niven.game","com.tap_to_translate.snap_translate","com.microsoft.translator","com.niven.comic","com.niven.translator","com.deepl.mobiletranslator","com.newmg.yurao.pro","com.google.android.apps.translate","com.niven.apptranslate","com.youdao.hindict","com.eecorp.linguago","com.whatsapp","com.facebook.orca","all.language.translate.translator","com.canva.editor","com.android.chrome","com.adobe.reader"]},{"rank":{"index":2,"lang":"it","country":"it","chineseCountryName":"意大利","pkg":"com.spaceship.screen.textcopy"},"orders":["com.recognize_text.translate.screen","com.spaceship.screen.textcopy","com.niven.game","com.gaminik.i18n","com.tap_to_translate.snap_translate","com.niven.comic","com.niven.translator","com.newmg.yurao.pro","com.microsoft.translator","com.niven.apptranslate","com.google.android.apps.translate","com.deepl.mobiletranslator","com.whatsapp","com.facebook.orca","us.zoom.videomeetings","com.canva.editor","com.android.chrome","com.duolingo","com.google.android.apps.photos","com.discord"]},{"rank":{"index":2,"lang":"ja","country":"jp","chineseCountryName":"日本","pkg":"com.spaceship.screen.textcopy"},"orders":["com.recognize_text.translate.screen","com.spaceship.screen.textcopy","com.gaminik.i18n","com.niven.game","com.tap_to_translate.snap_translate","com.niven.apptranslate","com.newmg.yurao.pro","com.niven.comic","com.google.android.apps.translate","com.naver.labs.translator","com.niven.translator","com.deepl.mobiletranslator","com.microsoft.translator","com.facebook.orca","com.whatsapp","us.zoom.videomeetings","com.android.chrome","com.discord","com.google.android.apps.maps","com.duolingo"]},{"rank":{"index":2,"lang":"ko","country":"kr","chineseCountryName":"韩国","pkg":"com.spaceship.screen.textcopy"},"orders":["com.recognize_text.translate.screen","com.spaceship.screen.textcopy","com.tap_to_translate.snap_translate","com.niven.game","com.gaminik.i18n","com.niven.comic","com.niven.apptranslate","com.niven.translator","com.newmg.yurao.pro","com.naver.labs.translator","com.google.android.apps.translate","com.whatsapp","com.facebook.orca","us.zoom.videomeetings","com.discord","com.android.chrome","com.duolingo","com.deepl.mobiletranslator","com.google.android.apps.photos","com.eecorp.linguago"]},{"rank":{"index":3,"lang":"zh-hk","country":"hk","chineseCountryName":"香港","pkg":"com.spaceship.screen.textcopy"},"orders":["com.recognize_text.translate.screen","com.gaminik.i18n","com.spaceship.screen.textcopy","com.tap_to_translate.snap_translate","com.niven.game","com.niven.translator","com.niven.comic","com.newmg.yurao.pro","com.microsoft.translator","com.google.android.apps.translate","com.niven.apptranslate","com.whatsapp","com.facebook.orca","com.android.chrome","com.naver.labs.translator","com.google.android.apps.maps","com.deepl.mobiletranslator","com.discord","us.zoom.videomeetings","com.google.android.apps.photos"]},{"rank":{"index":3,"lang":"zh-tw","country":"tw","chineseCountryName":"台湾","pkg":"com.spaceship.screen.textcopy"},"orders":["com.recognize_text.translate.screen","com.gaminik.i18n","com.spaceship.screen.textcopy","com.tap_to_translate.snap_translate","com.niven.game","com.niven.translator","com.niven.comic","com.google.android.apps.translate","com.microsoft.translator","com.newmg.yurao.pro","com.niven.apptranslate","com.youdao.hindict","com.naver.labs.translator","com.eecorp.linguago","com.deepl.mobiletranslator","screen.translator.voice.translate","com.mg.subtitle.google","com.translate.talkingtranslator","com.translate.all.speech.text.language.translator","com.whatsapp"]},{"rank":{"index":2,"lang":"en","country":"in","chineseCountryName":"印度","pkg":"com.spaceship.screen.textcopy"},"orders":["com.recognize_text.translate.screen","com.spaceship.screen.textcopy","com.google.android.apps.translate","com.newmg.yurao.pro","com.gaminik.i18n"]},{"rank":{"index":2,"lang":"id","country":"id","chineseCountryName":"印尼","pkg":"com.spaceship.screen.textcopy"},"orders":["com.recognize_text.translate.screen","com.spaceship.screen.textcopy","com.tap_to_translate.snap_translate","com.gaminik.i18n","com.niven.game","com.niven.translator","com.newmg.yurao.pro","com.google.android.apps.translate","com.youdao.hindict","com.niven.comic"]}]