[{"rank":{"index":2,"lang":"en-us","country":"us","chineseCountryName":"美国","pkg":"com.spaceship.screen.textcopy"},"orders":["com.recognize_text.translate.screen","com.spaceship.screen.textcopy","com.gaminik.i18n","com.mg.yurao.google","com.niven.game","com.microsoft.translator","com.tap_to_translate.snap_translate","com.google.android.apps.translate","com.niven.translator","com.niven.comic","com.eecorp.linguago","screen.translator.voice.translate","com.niven.apptranslate","com.translate.talkingtranslator","com.newmg.yurao.pro","ru.yandex.translate","at.nk.tools.iTranslate","all.language.translate.translator","com.zaz.translate","com.naver.labs.translator"]},{"rank":{"index":3,"lang":"ru","country":"ru","chineseCountryName":"俄罗斯","pkg":"com.spaceship.screen.textcopy"},"orders":["com.recognize_text.translate.screen","com.tap_to_translate.snap_translate","com.spaceship.screen.textcopy","com.gaminik.i18n","com.niven.game","com.niven.translator","com.mg.yurao.google","com.microsoft.translator","com.google.android.apps.translate","com.niven.comic","com.eecorp.linguago","com.niven.apptranslate","ru.yandex.translate","screen.translator.voice.translate","com.pidev.screentranslator","com.zaz.translate","com.deepl.mobiletranslator","us.zoom.videomeetings","com.chat_translate.screen_translate","com.youdao.hindict"]},{"rank":{"index":2,"lang":"pt-br","country":"br","chineseCountryName":"巴西","pkg":"com.spaceship.screen.textcopy"},"orders":["com.recognize_text.translate.screen","com.spaceship.screen.textcopy","com.tap_to_translate.snap_translate","com.gaminik.i18n","com.niven.game","com.niven.translator","com.mg.yurao.google","com.niven.comic","com.eecorp.linguago","com.niven.apptranslate","com.google.android.apps.translate","com.microsoft.translator","com.newmg.yurao.pro","screen.translator.voice.translate","com.zaz.translate","com.translate.talkingtranslator","com.youdao.hindict","com.pidev.screentranslator","com.android.chrome","com.google.android.apps.docs"]},{"rank":{"index":2,"lang":"fr","country":"fr","chineseCountryName":"法国","pkg":"com.spaceship.screen.textcopy"},"orders":["com.recognize_text.translate.screen","com.spaceship.screen.textcopy","com.tap_to_translate.snap_translate","com.gaminik.i18n","com.niven.game","com.mg.yurao.google","com.niven.translator","com.niven.comic","com.eecorp.linguago","com.microsoft.translator","screen.translator.voice.translate","com.niven.apptranslate","com.newmg.yurao.pro","com.google.android.apps.translate","com.tangdi.baiguotong","com.translate.talkingtranslator","com.zaz.translate","com.softissimo.reverso.context","com.chat_translate.screen_translate","com.aldoo.pdftranslatorpro"]},{"rank":{"index":2,"lang":"en-gb","country":"gb","chineseCountryName":"英国","pkg":"com.spaceship.screen.textcopy"},"orders":["com.recognize_text.translate.screen","com.spaceship.screen.textcopy","com.tap_to_translate.snap_translate","com.gaminik.i18n","com.mg.yurao.google","screen.translator.voice.translate","com.microsoft.translator","com.niven.game","com.google.android.apps.translate","com.niven.translator","com.niven.comic","com.eecorp.linguago","com.niven.apptranslate","com.newmg.yurao.pro","at.nk.tools.iTranslate","ru.yandex.translate","com.translate.talkingtranslator","com.aldoo.pdftranslatorpro","com.zaz.translate","com.tangdi.baiguotong"]},{"rank":{"index":2,"lang":"de","country":"de","chineseCountryName":"德国","pkg":"com.spaceship.screen.textcopy"},"orders":["com.recognize_text.translate.screen","com.spaceship.screen.textcopy","com.tap_to_translate.snap_translate","com.mg.yurao.google","com.gaminik.i18n","com.niven.game","com.niven.translator","com.niven.comic","com.microsoft.translator","com.eecorp.linguago","com.newmg.yurao.pro","com.google.android.apps.translate","com.niven.apptranslate","screen.translator.voice.translate","com.translate.talkingtranslator","com.deepl.mobiletranslator","com.zaz.translate","com.tangdi.baiguotong","com.aldoo.pdftranslatorpro","ru.yandex.translate"]},{"rank":{"index":2,"lang":"it","country":"it","chineseCountryName":"意大利","pkg":"com.spaceship.screen.textcopy"},"orders":["com.recognize_text.translate.screen","com.spaceship.screen.textcopy","com.gaminik.i18n","screen.translator.voice.translate","com.niven.game","com.mg.yurao.google","com.niven.translator","com.eecorp.linguago","com.tap_to_translate.snap_translate","com.niven.comic","com.niven.apptranslate","com.microsoft.translator","com.newmg.yurao.pro","com.google.android.apps.translate","com.translate.talkingtranslator","com.pidev.screentranslator","com.chat_translate.screen_translate","us.zoom.videomeetings","com.translator.translation.screen.translate.voice.languages.text.translating","com.zaz.translate"]},{"rank":{"index":2,"lang":"ja","country":"jp","chineseCountryName":"日本","pkg":"com.spaceship.screen.textcopy"},"orders":["com.recognize_text.translate.screen","com.spaceship.screen.textcopy","com.gaminik.i18n","com.eecorp.linguago","com.mg.yurao.google","com.niven.game","com.tap_to_translate.snap_translate","com.niven.translator","com.niven.apptranslate","com.newmg.yurao.pro","screen.translator.voice.translate","com.niven.comic","com.eecorp.taptranslator","com.google.android.apps.translate","us.zoom.videomeetings","com.microsoft.translator","com.naver.labs.translator","com.google.android.dialer","com.deepl.mobiletranslator","com.chat_translate.screen_translate"]},{"rank":{"index":2,"lang":"ko","country":"kr","chineseCountryName":"韩国","pkg":"com.spaceship.screen.textcopy"},"orders":["com.recognize_text.translate.screen","com.spaceship.screen.textcopy","com.tap_to_translate.snap_translate","com.mg.yurao.google","com.gaminik.i18n","com.niven.game","com.niven.translator","com.google.android.apps.translate","com.microsoft.translator","com.niven.comic","com.eecorp.linguago","com.newmg.yurao.pro","com.niven.apptranslate","com.naver.labs.translator","screen.translator.voice.translate","com.translate.talkingtranslator","com.deepl.mobiletranslator","com.zaz.translate","at.nk.tools.iTranslate","us.zoom.videomeetings"]},{"rank":{"index":2,"lang":"zh-hk","country":"hk","chineseCountryName":"香港","pkg":"com.spaceship.screen.textcopy"},"orders":["com.recognize_text.translate.screen","com.spaceship.screen.textcopy","com.mg.yurao.google","com.tap_to_translate.snap_translate","com.gaminik.i18n","com.niven.game","com.microsoft.translator","com.niven.translator","com.google.android.apps.translate","com.niven.comic","com.eecorp.linguago","com.newmg.yurao.pro","com.niven.apptranslate","com.tangdi.baiguotong","screen.translator.voice.translate","com.translate.talkingtranslator","all.language.translate.translator","com.zaz.translate","at.nk.tools.iTranslate","com.youdao.hindict"]},{"rank":{"index":4,"lang":"zh-tw","country":"tw","chineseCountryName":"台湾","pkg":"com.spaceship.screen.textcopy"},"orders":["com.recognize_text.translate.screen","com.mg.yurao.google","com.tap_to_translate.snap_translate","com.spaceship.screen.textcopy","com.gaminik.i18n","com.niven.game","com.niven.translator","com.microsoft.translator","com.google.android.apps.translate","com.niven.comic","com.eecorp.linguago","com.newmg.yurao.pro","com.niven.apptranslate","screen.translator.voice.translate","com.translate.talkingtranslator","com.youdao.hindict","com.tangdi.baiguotong","com.zaz.translate","all.language.translate.translator","at.nk.tools.iTranslate"]},{"rank":{"index":2,"lang":"en","country":"in","chineseCountryName":"印度","pkg":"com.spaceship.screen.textcopy"},"orders":["com.recognize_text.translate.screen","com.spaceship.screen.textcopy","screen.translator.voice.translate","com.niven.game","com.google.android.apps.translate","com.eecorp.linguago","com.tap_to_translate.snap_translate","com.niven.translator","com.microsoft.translator","com.zaz.translate","com.niven.comic","com.newmg.yurao.pro","com.niven.apptranslate","com.pidev.screentranslator","com.translate.talkingtranslator","com.google.android.apps.docs","com.android.chrome","com.discord","com.mg.yurao.google","com.gaminik.i18n"]},{"rank":{"index":2,"lang":"id","country":"id","chineseCountryName":"印尼","pkg":"com.spaceship.screen.textcopy"},"orders":["com.recognize_text.translate.screen","com.spaceship.screen.textcopy","com.gaminik.i18n","com.eecorp.linguago","com.mg.yurao.google","com.niven.game","com.niven.translator","com.tap_to_translate.snap_translate","com.niven.comic","com.newmg.yurao.pro","com.google.android.apps.translate","com.pidev.screentranslator","com.niven.apptranslate","us.zoom.videomeetings","com.youdao.hindict","screen.translator.voice.translate","com.naver.labs.translator","com.microsoft.translator","com.tangdi.baiguotong","com.translate.talkingtranslator"]},{"rank":{"index":2,"lang":"es-mx","country":"mx","chineseCountryName":"墨西哥","pkg":"com.spaceship.screen.textcopy"},"orders":["com.recognize_text.translate.screen","com.spaceship.screen.textcopy","com.gaminik.i18n","com.tap_to_translate.snap_translate","com.niven.game","com.niven.translator","com.mg.yurao.google","com.eecorp.linguago","com.niven.comic","com.niven.apptranslate","com.microsoft.translator","com.google.android.apps.translate","com.newmg.yurao.pro","com.youdao.hindict","com.translate.talkingtranslator","screen.translator.voice.translate","us.zoom.videomeetings","com.pidev.screentranslator","com.translator.translation.screen.translate.voice.languages.text.translating","com.zaz.translate"]}]