[{"rank":{"index":2,"lang":"en-us","country":"us","chineseCountryName":"美国","pkg":"com.spaceship.screen.textcopy"},"orders":["com.recognize_text.translate.screen","com.spaceship.screen.textcopy","com.google.android.apps.translate","com.microsoft.translator","com.niven.translator","com.screen.translate.google","com.tap_to_translate.snap_translate","com.gaminik.i18n","at.nk.tools.iTranslate","com.newmg.yurao.pro","com.translate.talkingtranslator","com.deepl.mobiletranslator","com.naver.labs.translator","com.sayhi.android.sayhitranslate","com.google.ar.lens","com.translate.language.translator.voice.translation","com.datacomprojects.scanandtranslate","com.mobisystems.msdict.embedded.wireless.collins.ee","com.wooask.zx","com.threedev.android.apps.translate.voice.translator.languagetranslator"]},{"rank":{"index":2,"lang":"ru","country":"ru","chineseCountryName":"俄罗斯","pkg":"com.spaceship.screen.textcopy"},"orders":["com.recognize_text.translate.screen","com.spaceship.screen.textcopy","com.niven.translator","com.tap_to_translate.snap_translate","com.gaminik.i18n","com.newmg.yurao.pro","ru.yandex.translate","com.microsoft.translator","com.screen.translate.google","com.niven.game","com.google.android.apps.translate","at.nk.tools.iTranslate","com.voice_camera_free_translate","com.niven.comic","com.language.translate.free.translator.voice.translation","com.threedev.android.apps.translate.voice.translator.languagetranslator","com.translate.talkingtranslator","com.deepl.mobiletranslator","com.datacomprojects.scanandtranslate","com.niven.apptranslate"]},{"rank":{"index":2,"lang":"pt-br","country":"br","chineseCountryName":"巴西","pkg":"com.spaceship.screen.textcopy"},"orders":["com.recognize_text.translate.screen","com.spaceship.screen.textcopy","com.tap_to_translate.snap_translate","com.gaminik.i18n","com.microsoft.translator","com.google.android.apps.translate","com.zaz.translate","com.translate.language.translator.voice.translation","com.deepl.mobiletranslator","com.datacomprojects.scanandtranslate","ru.yandex.translate","com.translate.talkingtranslator","com.sayhi.android.sayhitranslate","com.niven.translator","com.newmg.yurao.pro","com.screen.translate.google","translate.speech.text.translation.voicetranslator","com.niven.game","free.translate.all.language.translator","com.galaxy.airviewdictionary"]},{"rank":{"index":2,"lang":"fr","country":"fr","chineseCountryName":"法国","pkg":"com.spaceship.screen.textcopy"},"orders":["com.recognize_text.translate.screen","com.spaceship.screen.textcopy","com.tap_to_translate.snap_translate","com.niven.translator","com.microsoft.translator","com.screen.translate.google","com.gaminik.i18n","com.newmg.yurao.pro","com.google.android.apps.translate","at.nk.tools.iTranslate","com.datacomprojects.scanandtranslate","com.threedev.android.apps.translate.voice.translator.languagetranslator","com.deepl.mobiletranslator","com.voice_camera_free_translate","com.translate.talkingtranslator","com.translate.language.translator.voice.translation","com.language.translate.free.translator.voice.translation","com.niven.game","com.niven.comic","com.dftpdf.translate"]},{"rank":{"index":3,"lang":"en-gb","country":"gb","chineseCountryName":"英国","pkg":"com.spaceship.screen.textcopy"},"orders":["com.recognize_text.translate.screen","com.screen.translate.google","com.spaceship.screen.textcopy","com.google.android.apps.translate","com.microsoft.translator","com.niven.translator","com.newmg.yurao.pro","com.gaminik.i18n","at.nk.tools.iTranslate","com.niven.game","free.translate.all.language.translator","com.deepl.mobiletranslator","com.mobisystems.msdict.embedded.wireless.collins.ee","translate.speech.text.translation.voicetranslator","com.royalappcode.translation.voice.language.chat.interpreter","com.datacomprojects.scanandtranslate","com.google.ar.lens","com.youdao.hindict","com.sayhi.android.sayhitranslate","com.wooask.zx"]},{"rank":{"index":2,"lang":"de","country":"de","chineseCountryName":"德国","pkg":"com.spaceship.screen.textcopy"},"orders":["com.recognize_text.translate.screen","com.spaceship.screen.textcopy","com.tap_to_translate.snap_translate","com.microsoft.translator","com.google.android.apps.translate","com.screen.translate.google","com.niven.translator","com.gaminik.i18n","com.newmg.yurao.pro","at.nk.tools.iTranslate","com.deepl.mobiletranslator","com.translate.talkingtranslator","com.sayhi.android.sayhitranslate","com.threedev.android.apps.translate.voice.translator.languagetranslator","com.datacomprojects.scanandtranslate","com.translate.language.translator.voice.translation","com.language.translate.free.translator.voice.translation","ru.yandex.translate","com.dftpdf.translate","com.immersivetranslate.browser"]},{"rank":{"index":2,"lang":"it","country":"it","chineseCountryName":"意大利","pkg":"com.spaceship.screen.textcopy"},"orders":["com.recognize_text.translate.screen","com.spaceship.screen.textcopy","com.microsoft.translator","com.niven.translator","com.gaminik.i18n","com.screen.translate.google","com.newmg.yurao.pro","com.tap_to_translate.snap_translate","at.nk.tools.iTranslate","com.google.android.apps.translate","com.threedev.android.apps.translate.voice.translator.languagetranslator"]},{"rank":{"index":2,"lang":"ja","country":"jp","chineseCountryName":"日本","pkg":"com.spaceship.screen.textcopy"},"orders":["com.recognize_text.translate.screen","com.spaceship.screen.textcopy","com.tap_to_translate.snap_translate","com.niven.translator","com.microsoft.translator","com.gaminik.i18n","com.screen.translate.google","com.google.android.apps.translate","com.newmg.yurao.pro","at.nk.tools.iTranslate","com.deepl.mobiletranslator","com.naver.labs.translator","com.translate.talkingtranslator"]},{"rank":{"index":2,"lang":"ko","country":"kr","chineseCountryName":"韩国","pkg":"com.spaceship.screen.textcopy"},"orders":["com.recognize_text.translate.screen","com.spaceship.screen.textcopy","com.tap_to_translate.snap_translate","com.niven.translator","com.gaminik.i18n","com.newmg.yurao.pro","com.screen.translate.google","com.microsoft.translator","com.google.android.apps.translate","com.naver.labs.translator","at.nk.tools.iTranslate"]},{"rank":{"index":2,"lang":"zh-hk","country":"hk","chineseCountryName":"香港","pkg":"com.spaceship.screen.textcopy"},"orders":["com.recognize_text.translate.screen","com.spaceship.screen.textcopy","com.microsoft.translator","com.google.android.apps.translate","com.screen.translate.google","com.niven.translator","com.gaminik.i18n","at.nk.tools.iTranslate","com.newmg.yurao.pro","com.naver.labs.translator"]},{"rank":{"index":2,"lang":"zh-tw","country":"tw","chineseCountryName":"台湾","pkg":"com.spaceship.screen.textcopy"},"orders":["com.recognize_text.translate.screen","com.spaceship.screen.textcopy","com.microsoft.translator","com.google.android.apps.translate","com.screen.translate.google","com.niven.translator","com.gaminik.i18n","at.nk.tools.iTranslate","com.newmg.yurao.pro"]},{"rank":{"index":2,"lang":"en","country":"in","chineseCountryName":"印度","pkg":"com.spaceship.screen.textcopy"},"orders":["com.recognize_text.translate.screen","com.spaceship.screen.textcopy","com.google.android.apps.translate","com.tap_to_translate.snap_translate","com.microsoft.translator","com.gaminik.i18n","com.zaz.translate","com.datacomprojects.scanandtranslate","com.deepl.mobiletranslator","ru.yandex.translate","com.sayhi.android.sayhitranslate","com.translate.talkingtranslator","com.softissimo.reverso.context","com.google.ar.lens","com.naver.labs.translator","com.niven.translator","com.newmg.yurao.pro","com.screen.translate.google","translate.speech.text.translation.voicetranslator","com.wooask.zx"]},{"rank":{"index":2,"lang":"id","country":"id","chineseCountryName":"印尼","pkg":"com.spaceship.screen.textcopy"},"orders":["com.recognize_text.translate.screen","com.spaceship.screen.textcopy","com.tap_to_translate.snap_translate","com.niven.translator","com.google.android.apps.translate","com.gaminik.i18n","com.newmg.yurao.pro","com.microsoft.translator","com.screen.translate.google","at.nk.tools.iTranslate","com.niven.game","com.youdao.hindict","com.deepl.mobiletranslator","com.naver.labs.translator"]},{"rank":{"index":2,"lang":"es-mx","country":"mx","chineseCountryName":"墨西哥","pkg":"com.spaceship.screen.textcopy"},"orders":["com.recognize_text.translate.screen","com.spaceship.screen.textcopy","com.tap_to_translate.snap_translate","com.microsoft.translator","com.gaminik.i18n","com.google.android.apps.translate","com.deepl.mobiletranslator","com.zaz.translate","com.datacomprojects.scanandtranslate","com.translate.talkingtranslator","com.sayhi.android.sayhitranslate","com.softissimo.reverso.context","ru.yandex.translate","com.naver.labs.translator","com.niven.translator","com.newmg.yurao.pro","com.youdao.hindict","com.screen.translate.google","translate.speech.text.translation.voicetranslator","camtranslator.voice.text.image.translate"]}]