[{"rank":{"index":2,"lang":"en-us","country":"us","chineseCountryName":"美国","pkg":"com.spaceship.screen.textcopy"},"orders":["com.recognize_text.translate.screen","com.spaceship.screen.textcopy","com.niven.translator","com.tap_to_translate.snap_translate","com.microsoft.translator","com.google.android.apps.translate","com.gaminik.i18n","com.niven.game","com.newmg.yurao.pro","com.niven.comic","com.translate.talkingtranslator","com.zaz.translate","com.deepl.mobiletranslator","com.translate.language.translator.voice.translation","com.tangdi.baiguotong","at.nk.tools.iTranslate","com.screen.translate.google","com.flitto.app","com.mobisystems.msdict.embedded.wireless.collins.ee","com.naver.labs.translator"]},{"rank":{"index":3,"lang":"ru","country":"ru","chineseCountryName":"俄罗斯","pkg":"com.spaceship.screen.textcopy"},"orders":["com.recognize_text.translate.screen","com.niven.translator","com.spaceship.screen.textcopy","com.tap_to_translate.snap_translate","com.niven.game","com.microsoft.translator","com.gaminik.i18n","com.google.android.apps.translate","com.niven.comic","com.deepl.mobiletranslator","ru.yandex.translate","com.newmg.yurao.pro","com.translate.talkingtranslator","com.zaz.translate","com.tangdi.baiguotong","com.flitto.app","com.screen.translate.google","com.translate.language.translator.voice.translation","com.datacomprojects.scanandtranslate","com.erudite.translator"]},{"rank":{"index":2,"lang":"pt-br","country":"br","chineseCountryName":"巴西","pkg":"com.spaceship.screen.textcopy"},"orders":["com.recognize_text.translate.screen","com.spaceship.screen.textcopy","com.tap_to_translate.snap_translate","com.niven.translator","com.gaminik.i18n","com.niven.game","com.niven.comic","com.galaxy.airviewdictionary","com.newmg.yurao.pro","com.microsoft.translator","com.tangdi.baiguotong","com.google.android.apps.translate","com.screen.translate.google","com.aldoo.pdftranslatorpro","com.zaz.translate","com.deepl.mobiletranslator","com.translate.talkingtranslator","com.paninitranslate","com.android.chrome","com.facebook.orca"]},{"rank":{"index":2,"lang":"fr","country":"fr","chineseCountryName":"法国","pkg":"com.spaceship.screen.textcopy"},"orders":["com.recognize_text.translate.screen","com.spaceship.screen.textcopy","com.tap_to_translate.snap_translate","com.niven.translator","com.gaminik.i18n","com.niven.game","com.microsoft.translator","com.newmg.yurao.pro","com.niven.comic","com.translate.talkingtranslator","com.zaz.translate","com.google.android.apps.translate","com.tangdi.baiguotong","com.translate.language.translator.voice.translation","com.deepl.mobiletranslator","com.aldoo.pdftranslatorpro","com.screen.translate.google","com.softissimo.reverso.context","com.flitto.app","com.datacomprojects.scanandtranslate"]},{"rank":{"index":2,"lang":"en-gb","country":"gb","chineseCountryName":"英国","pkg":"com.spaceship.screen.textcopy"},"orders":["com.recognize_text.translate.screen","com.spaceship.screen.textcopy","com.tap_to_translate.snap_translate","com.gaminik.i18n","com.microsoft.translator","com.niven.translator","com.google.android.apps.translate","com.niven.game","com.zaz.translate","com.niven.comic","com.newmg.yurao.pro","com.translate.talkingtranslator","com.deepl.mobiletranslator","com.tangdi.baiguotong","com.screen.translate.google","com.flitto.app","com.translate.language.translator.voice.translation","com.daytranslations.translate","at.nk.tools.iTranslate","com.aldoo.pdftranslatorpro"]},{"rank":{"index":2,"lang":"de","country":"de","chineseCountryName":"德国","pkg":"com.spaceship.screen.textcopy"},"orders":["com.recognize_text.translate.screen","com.spaceship.screen.textcopy","com.tap_to_translate.snap_translate","com.gaminik.i18n","com.niven.translator","com.microsoft.translator","com.niven.game","com.translate.talkingtranslator","com.niven.comic","com.newmg.yurao.pro","com.google.android.apps.translate","com.deepl.mobiletranslator","com.screen.translate.google","com.tangdi.baiguotong","com.aldoo.pdftranslatorpro","com.translate.language.translator.voice.translation","com.flitto.app","com.zaz.translate","com.softissimo.reverso.context","com.erudite.translator"]},{"rank":{"index":2,"lang":"it","country":"it","chineseCountryName":"意大利","pkg":"com.spaceship.screen.textcopy"},"orders":["com.recognize_text.translate.screen","com.spaceship.screen.textcopy","com.tap_to_translate.snap_translate","com.niven.translator","com.gaminik.i18n","com.niven.game","com.microsoft.translator","com.niven.comic","com.newmg.yurao.pro","com.aldoo.pdftranslatorpro","com.tangdi.baiguotong","com.google.android.apps.translate","com.translate.talkingtranslator","com.deepl.mobiletranslator","com.galaxy.airviewdictionary","com.zaz.translate","com.translate.language.translator.voice.translation","com.softissimo.reverso.context","com.image.camera.translate.ai","com.screen.translate.google"]},{"rank":{"index":2,"lang":"ja","country":"jp","chineseCountryName":"日本","pkg":"com.spaceship.screen.textcopy"},"orders":["com.recognize_text.translate.screen","com.spaceship.screen.textcopy","com.tap_to_translate.snap_translate","com.gaminik.i18n","com.niven.translator","com.niven.game","com.niven.comic","com.newmg.yurao.pro","com.microsoft.translator","com.google.android.apps.translate","com.deepl.mobiletranslator","com.tangdi.baiguotong","com.translate.talkingtranslator","com.screen.translate.google","com.zaz.translate","com.naver.labs.translator","com.galaxy.airviewdictionary","com.google.ar.lens","com.facebook.orca","com.aldoo.pdftranslatorpro"]},{"rank":{"index":2,"lang":"ko","country":"kr","chineseCountryName":"韩国","pkg":"com.spaceship.screen.textcopy"},"orders":["com.recognize_text.translate.screen","com.spaceship.screen.textcopy","com.tap_to_translate.snap_translate","com.microsoft.translator","com.niven.translator","com.gaminik.i18n","com.google.android.apps.translate","com.niven.game","com.niven.comic","com.naver.labs.translator","com.newmg.yurao.pro","com.deepl.mobiletranslator","com.flitto.app","com.translate.talkingtranslator","com.galaxy.airviewdictionary","com.zaz.translate","com.translate.language.translator.voice.translation","com.aldoo.pdftranslatorpro","com.screen.translate.google","com.springwalk.lingotube"]},{"rank":{"index":2,"lang":"zh-hk","country":"hk","chineseCountryName":"香港","pkg":"com.spaceship.screen.textcopy"},"orders":["com.recognize_text.translate.screen","com.spaceship.screen.textcopy","com.gaminik.i18n","com.microsoft.translator","com.niven.translator","com.google.android.apps.translate","com.tap_to_translate.snap_translate","com.niven.game","com.niven.comic","com.tangdi.baiguotong","com.newmg.yurao.pro","com.galaxy.airviewdictionary","com.translate.talkingtranslator","com.deepl.mobiletranslator","com.flitto.app","com.zaz.translate","com.translate.language.translator.voice.translation","com.aldoo.pdftranslatorpro","com.screen.translate.google","com.erudite.translator"]},{"rank":{"index":2,"lang":"zh-tw","country":"tw","chineseCountryName":"台湾","pkg":"com.spaceship.screen.textcopy"},"orders":["com.recognize_text.translate.screen","com.spaceship.screen.textcopy","com.tap_to_translate.snap_translate","com.microsoft.translator","com.niven.translator","com.gaminik.i18n","com.google.android.apps.translate","com.niven.game","com.niven.comic","com.tangdi.baiguotong","com.translate.talkingtranslator","com.newmg.yurao.pro","com.deepl.mobiletranslator","com.aldoo.pdftranslatorpro","com.galaxy.airviewdictionary","com.translate.language.translator.voice.translation","com.zaz.translate","com.flitto.app","com.naver.labs.translator","com.screen.translate.google"]},{"rank":{"index":2,"lang":"en","country":"in","chineseCountryName":"印度","pkg":"com.spaceship.screen.textcopy"},"orders":["com.recognize_text.translate.screen","com.spaceship.screen.textcopy","com.google.android.apps.translate","com.tap_to_translate.snap_translate","com.zaz.translate","com.gaminik.i18n","com.niven.game","com.translate.talkingtranslator","at.nk.tools.iTranslate","com.deepl.mobiletranslator","com.sayhi.android.sayhitranslate","com.google.ar.lens","com.softissimo.reverso.context","com.flitto.app","com.niven.translator","com.newmg.yurao.pro","com.galaxy.airviewdictionary","screen.translator.voice.translate","com.niven.comic","ru.yandex.translate"]},{"rank":{"index":2,"lang":"id","country":"id","chineseCountryName":"印尼","pkg":"com.spaceship.screen.textcopy"},"orders":["com.recognize_text.translate.screen","com.spaceship.screen.textcopy","com.niven.translator","com.tap_to_translate.snap_translate","com.gaminik.i18n","com.niven.game","com.niven.comic","com.newmg.yurao.pro","com.youdao.hindict","com.paninitranslate","com.microsoft.translator","com.google.android.apps.translate"]},{"rank":{"index":2,"lang":"es-mx","country":"mx","chineseCountryName":"墨西哥","pkg":"com.spaceship.screen.textcopy"},"orders":["com.recognize_text.translate.screen","com.spaceship.screen.textcopy","com.gaminik.i18n","com.niven.game","com.niven.translator","com.tap_to_translate.snap_translate","com.microsoft.translator","com.niven.comic","com.newmg.yurao.pro","com.aldoo.pdftranslatorpro","com.tangdi.baiguotong","com.google.android.apps.translate","com.translate.talkingtranslator","com.screen.translate.google","com.translate.language.translator.voice.translation","com.deepl.mobiletranslator","com.youdao.hindict","com.galaxy.airviewdictionary","com.paninitranslate","com.zaz.translate"]}]