[{"rank":{"index":2,"lang":"en-us","country":"us","chineseCountryName":"美国","pkg":"com.spaceship.screen.textcopy"},"orders":["com.recognize_text.translate.screen","com.spaceship.screen.textcopy","com.screen.translate.google","com.niven.translator","com.gaminik.i18n","com.tap_to_translate.snap_translate","com.galaxy.airviewdictionary","com.newmg.yurao.pro","com.yoyodev.screentranslate","com.screen.translator.text.recognize","com.niven.apptranslate","com.aurasense.screentranslate","com.newtranslate.google","com.eecorp.linguago","com.google.android.apps.translate","com.niven.game","com.deepl.mobiletranslator","com.zaz.translate","com.mg.chat","com.immersivetranslate.browser"]},{"rank":{"index":3,"lang":"ru","country":"ru","chineseCountryName":"俄罗斯","pkg":"com.spaceship.screen.textcopy"},"orders":["com.recognize_text.translate.screen","com.niven.translator","com.spaceship.screen.textcopy","com.screen.translate.google","com.gaminik.i18n","com.galaxy.airviewdictionary","com.tap_to_translate.snap_translate","com.yoyodev.screentranslate","com.niven.apptranslate","com.newtranslate.google","com.newmg.yurao.pro","com.screen.translator.text.recognize","com.google.android.apps.translate","ru.yandex.translate","com.eecorp.linguago","com.immersivetranslate.browser","com.zaz.translate","com.android.chrome","link.zhidou.btranslator","com.google.ar.lens"]},{"rank":{"index":2,"lang":"pt-br","country":"br","chineseCountryName":"巴西","pkg":"com.spaceship.screen.textcopy"},"orders":["com.recognize_text.translate.screen","com.spaceship.screen.textcopy","com.niven.translator","com.galaxy.airviewdictionary","com.screen.translate.google","com.tap_to_translate.snap_translate","com.newtranslate.google","com.gaminik.i18n","com.niven.apptranslate","com.screen.translator.text.recognize","screen.translator.voice.translate","com.newmg.yurao.pro","com.flabs.screen.translate","com.niven.game","com.google.android.apps.translate","com.eecorp.linguago","com.deepl.mobiletranslator","com.niven.comic","com.android.chrome","com.canva.editor"]},{"rank":{"index":2,"lang":"fr","country":"fr","chineseCountryName":"法国","pkg":"com.spaceship.screen.textcopy"},"orders":["com.recognize_text.translate.screen","com.spaceship.screen.textcopy","com.screen.translate.google","com.galaxy.airviewdictionary","com.niven.translator","com.tap_to_translate.snap_translate","com.newtranslate.google","com.yoyodev.screentranslate","com.gaminik.i18n","com.niven.apptranslate","com.screen.translator.text.recognize","com.newmg.yurao.pro","com.aurasense.screentranslate","screen.translator.voice.translate","com.flabs.screen.translate","com.google.android.apps.translate","com.deepl.mobiletranslator","com.eecorp.linguago","com.niven.game","com.google.ar.lens"]},{"rank":{"index":2,"lang":"en-gb","country":"gb","chineseCountryName":"英国","pkg":"com.spaceship.screen.textcopy"},"orders":["com.recognize_text.translate.screen","com.spaceship.screen.textcopy","com.screen.translate.google","com.galaxy.airviewdictionary","com.niven.translator","com.tap_to_translate.snap_translate","com.newtranslate.google","com.gaminik.i18n","com.yoyodev.screentranslate","com.screen.translator.text.recognize","com.niven.apptranslate","com.aurasense.screentranslate","com.newmg.yurao.pro","screen.translator.voice.translate","com.flabs.screen.translate","com.google.android.apps.translate","com.niven.game","com.eecorp.linguago","com.deepl.mobiletranslator","com.translate.screen.translator.text.translation.onscreen"]},{"rank":{"index":5,"lang":"de","country":"de","chineseCountryName":"德国","pkg":"com.spaceship.screen.textcopy"},"orders":["com.recognize_text.translate.screen","com.screen.translate.google","com.galaxy.airviewdictionary","com.niven.translator","com.spaceship.screen.textcopy","com.newtranslate.google","com.tap_to_translate.snap_translate","com.yoyodev.screentranslate","com.gaminik.i18n","com.niven.apptranslate","com.screen.translator.text.recognize","com.google.android.apps.translate","com.deepl.mobiletranslator","com.newmg.yurao.pro","com.aurasense.screentranslate","com.microsoft.translator","screen.translator.voice.translate","com.google.ar.lens","ru.yandex.translate","com.zaz.translate"]},{"rank":{"index":2,"lang":"it","country":"it","chineseCountryName":"意大利","pkg":"com.spaceship.screen.textcopy"},"orders":["com.recognize_text.translate.screen","com.spaceship.screen.textcopy","com.tap_to_translate.snap_translate","com.screen.translate.google","com.niven.translator","com.galaxy.airviewdictionary","com.yoyodev.screentranslate","com.gaminik.i18n","com.newtranslate.google","com.newmg.yurao.pro","com.screen.translator.text.recognize","com.niven.apptranslate","com.aurasense.screentranslate","com.eecorp.linguago","com.flabs.screen.translate","screen.translator.voice.translate","com.niven.game","live.screentranslate.realtime","com.google.android.apps.translate","com.niven.comic"]},{"rank":{"index":2,"lang":"ja","country":"jp","chineseCountryName":"日本","pkg":"com.spaceship.screen.textcopy"},"orders":["com.recognize_text.translate.screen","com.spaceship.screen.textcopy","com.screen.translate.google","com.tap_to_translate.snap_translate","com.galaxy.airviewdictionary","com.gaminik.i18n","com.niven.apptranslate","com.niven.translator","com.screen.translator.text.recognize","com.newtranslate.google","com.eecorp.linguago","com.newmg.yurao.pro","com.google.android.apps.translate","com.deepl.mobiletranslator","com.naver.labs.translator","com.google.ar.lens","com.zaz.translate","com.immersivetranslate.browser","com.microsoft.translator","ru.yandex.translate"]},{"rank":{"index":2,"lang":"ko","country":"kr","chineseCountryName":"韩国","pkg":"com.spaceship.screen.textcopy"},"orders":["com.recognize_text.translate.screen","com.spaceship.screen.textcopy","com.screen.translate.google","com.galaxy.airviewdictionary","com.tap_to_translate.snap_translate","com.gaminik.i18n","com.newtranslate.google","com.niven.translator","com.niven.apptranslate","com.screen.translator.text.recognize","screen.translator.voice.translate","com.newmg.yurao.pro","com.flabs.screen.translate","com.google.android.apps.translate","com.niven.game","com.deepl.mobiletranslator","com.naver.labs.translator","com.eecorp.linguago","com.immersivetranslate.browser","com.zaz.translate"]},{"rank":{"index":3,"lang":"zh-hk","country":"hk","chineseCountryName":"香港","pkg":"com.spaceship.screen.textcopy"},"orders":["com.recognize_text.translate.screen","com.screen.translate.google","com.spaceship.screen.textcopy","com.tap_to_translate.snap_translate","com.galaxy.airviewdictionary","com.niven.translator","com.gaminik.i18n","com.newtranslate.google","com.niven.apptranslate","com.screen.translator.text.recognize","com.aurasense.screentranslate","com.google.android.apps.translate","screen.translator.voice.translate","com.newmg.yurao.pro","com.yoyodev.screentranslate","com.deepl.mobiletranslator","com.naver.labs.translator","com.google.ar.lens","com.zaz.translate","com.microsoft.translator"]},{"rank":{"index":4,"lang":"zh-tw","country":"tw","chineseCountryName":"台湾","pkg":"com.spaceship.screen.textcopy"},"orders":["com.screen.translate.google","com.galaxy.airviewdictionary","com.recognize_text.translate.screen","com.spaceship.screen.textcopy","com.niven.translator","com.gaminik.i18n","com.newtranslate.google","com.tap_to_translate.snap_translate","com.niven.apptranslate","com.google.android.apps.translate","com.deepl.mobiletranslator","com.screen.translator.text.recognize","com.naver.labs.translator","com.yoyodev.screentranslate","com.aurasense.screentranslate","com.google.ar.lens","com.newmg.yurao.pro","com.microsoft.translator","ru.yandex.translate","com.zaz.translate"]},{"rank":{"index":0,"lang":"en","country":"in","chineseCountryName":"印度","pkg":"com.spaceship.screen.textcopy"},"orders":["com.recognize_text.translate.screen","com.tap_to_translate.snap_translate","com.gaminik.i18n","com.google.android.apps.translate","com.zaz.translate","at.nk.tools.iTranslate","ru.yandex.translate","com.google.ar.lens","com.naver.labs.translator","com.siv","com.immersivetranslate.browser","link.zhidou.btranslator","com.google.android.inputmethod.latin","com.screen.translate.google","com.galaxy.airviewdictionary","com.niven.translator","com.yoyodev.screentranslate","com.newmg.yurao.pro","com.newtranslate.google","screen.translator.voice.translate"]},{"rank":{"index":2,"lang":"id","country":"id","chineseCountryName":"印尼","pkg":"com.spaceship.screen.textcopy"},"orders":["com.recognize_text.translate.screen","com.spaceship.screen.textcopy","com.tap_to_translate.snap_translate","com.screen.translate.google","com.galaxy.airviewdictionary","com.niven.translator","com.newtranslate.google","com.gaminik.i18n","com.niven.apptranslate","com.yoyodev.screentranslate","com.newmg.yurao.pro","com.screen.translator.text.recognize"]},{"rank":{"index":2,"lang":"es-mx","country":"mx","chineseCountryName":"墨西哥","pkg":"com.spaceship.screen.textcopy"},"orders":["com.recognize_text.translate.screen","com.spaceship.screen.textcopy","com.tap_to_translate.snap_translate","com.gaminik.i18n","com.google.android.apps.translate","com.zaz.translate","com.microsoft.translator","ru.yandex.translate","at.nk.tools.iTranslate","com.naver.labs.translator","com.softissimo.reverso.context","com.google.ar.lens","com.translate.talkingtranslator","link.zhidou.btranslator","com.kursx.smartbook","com.siv","co.langlang.translator_for_wsp","com.google.android.tts","com.immersivetranslate.browser","com.screenzen"]}]