[{"rank":{"index":2,"lang":"en-us","country":"us","chineseCountryName":"美国","pkg":"com.spaceship.screen.textcopy"},"orders":["com.recognize_text.translate.screen","com.spaceship.screen.textcopy","com.tap_to_translate.snap_translate","com.gaminik.i18n","com.microsoft.translator","com.mg.yurao.google","com.google.android.apps.translate","com.niven.game","com.niven.translator","com.niven.comic","com.eecorp.linguago","screen.translator.voice.translate","com.niven.apptranslate","at.nk.tools.iTranslate","com.translate.talkingtranslator","com.newmg.yurao.pro","com.zaz.translate","com.naver.labs.translator","com.deepl.mobiletranslator","com.ydzlabs.chattranslator"]},{"rank":{"index":2,"lang":"ru","country":"ru","chineseCountryName":"俄罗斯","pkg":"com.spaceship.screen.textcopy"},"orders":["com.recognize_text.translate.screen","com.spaceship.screen.textcopy","com.tap_to_translate.snap_translate","com.gaminik.i18n","com.niven.translator","com.niven.game","com.mg.yurao.google","com.microsoft.translator","com.google.android.apps.translate","com.niven.comic","com.eecorp.linguago","com.niven.apptranslate","screen.translator.voice.translate","com.newmg.yurao.pro","ru.yandex.translate","com.pidev.screentranslator","at.nk.tools.iTranslate","com.deepl.mobiletranslator","com.chat_translate.screen_translate","com.translate.talkingtranslator"]},{"rank":{"index":2,"lang":"pt-br","country":"br","chineseCountryName":"巴西","pkg":"com.spaceship.screen.textcopy"},"orders":["com.recognize_text.translate.screen","com.spaceship.screen.textcopy","com.tap_to_translate.snap_translate","com.gaminik.i18n","com.niven.game","com.mg.yurao.google","com.niven.translator","com.niven.comic","com.eecorp.linguago","com.niven.apptranslate","com.youdao.hindict","screen.translator.voice.translate","com.google.android.apps.translate","com.newmg.yurao.pro","at.nk.tools.iTranslate","com.chat_translate.screen_translate","com.zaz.translate","com.android.chrome","com.microsoft.translator","com.ydzlabs.chattranslator"]},{"rank":{"index":2,"lang":"fr","country":"fr","chineseCountryName":"法国","pkg":"com.spaceship.screen.textcopy"},"orders":["com.recognize_text.translate.screen","com.spaceship.screen.textcopy","com.tap_to_translate.snap_translate","com.gaminik.i18n","com.mg.yurao.google","com.niven.game","screen.translator.voice.translate","com.niven.translator","com.niven.comic","com.eecorp.linguago","com.niven.apptranslate","com.google.android.apps.translate","com.newmg.yurao.pro","com.microsoft.translator","com.softissimo.reverso.context","com.translate.talkingtranslator","at.nk.tools.iTranslate","com.zaz.translate","com.tangdi.baiguotong","com.chat_translate.screen_translate"]},{"rank":{"index":2,"lang":"en-gb","country":"gb","chineseCountryName":"英国","pkg":"com.spaceship.screen.textcopy"},"orders":["com.recognize_text.translate.screen","com.spaceship.screen.textcopy","com.tap_to_translate.snap_translate","com.gaminik.i18n","com.google.android.apps.translate","screen.translator.voice.translate","com.mg.yurao.google","com.niven.game","com.microsoft.translator","com.niven.translator","com.niven.comic","com.translator.yellow","com.eecorp.linguago","com.datacomprojects.scanandtranslate","com.translate.talkingtranslator","com.languagetranslator.translatorapp.smartscanner.dictionary.translation.voicetranslator","com.niven.apptranslate","com.newmg.yurao.pro","at.nk.tools.iTranslate","com.zaz.translate"]},{"rank":{"index":2,"lang":"de","country":"de","chineseCountryName":"德国","pkg":"com.spaceship.screen.textcopy"},"orders":["com.recognize_text.translate.screen","com.spaceship.screen.textcopy","com.mg.yurao.google","com.gaminik.i18n","com.niven.game","com.tap_to_translate.snap_translate","com.niven.translator","com.niven.comic","com.eecorp.linguago","com.niven.apptranslate","screen.translator.voice.translate","com.microsoft.translator","com.newmg.yurao.pro","com.google.android.apps.translate","com.deepl.mobiletranslator","at.nk.tools.iTranslate","com.translate.talkingtranslator","com.zaz.translate","ru.yandex.translate","com.chat_translate.screen_translate"]},{"rank":{"index":2,"lang":"it","country":"it","chineseCountryName":"意大利","pkg":"com.spaceship.screen.textcopy"},"orders":["com.recognize_text.translate.screen","com.spaceship.screen.textcopy","com.gaminik.i18n","screen.translator.voice.translate","com.niven.game","com.mg.yurao.google","com.tap_to_translate.snap_translate","com.niven.translator","com.niven.comic","com.eecorp.linguago","com.niven.apptranslate","com.newmg.yurao.pro","com.zaz.translate","at.nk.tools.iTranslate","com.microsoft.translator","com.google.android.apps.translate","com.chat_translate.screen_translate","com.deepl.mobiletranslator","com.appgroup.app.arcamera","com.translator.translation.screen.translate.voice.languages.text.translating"]},{"rank":{"index":2,"lang":"ja","country":"jp","chineseCountryName":"日本","pkg":"com.spaceship.screen.textcopy"},"orders":["com.recognize_text.translate.screen","com.spaceship.screen.textcopy","com.gaminik.i18n","com.mg.yurao.google","com.eecorp.linguago","com.niven.game","com.niven.translator","com.tap_to_translate.snap_translate","com.niven.comic","com.newmg.yurao.pro","com.niven.apptranslate","com.naver.labs.translator","com.google.android.apps.translate","com.translate.talkingtranslator"]},{"rank":{"index":2,"lang":"ko","country":"kr","chineseCountryName":"韩国","pkg":"com.spaceship.screen.textcopy"},"orders":["com.recognize_text.translate.screen","com.spaceship.screen.textcopy","com.tap_to_translate.snap_translate","com.gaminik.i18n","com.mg.yurao.google","com.google.android.apps.translate","com.microsoft.translator","com.niven.game","com.newmg.yurao.pro","com.translate.talkingtranslator","com.naver.labs.translator","com.niven.translator","com.datacomprojects.scanandtranslate","at.nk.tools.iTranslate","com.niven.comic","xbean.image.picture.translate.ocr","com.niven.apptranslate","com.kursx.smartbook","com.translate.language.translator.voice.translation","com.languagetranslator.translatorapp.smartscanner.dictionary.translation.voicetranslator"]},{"rank":{"index":2,"lang":"zh-hk","country":"hk","chineseCountryName":"香港","pkg":"com.spaceship.screen.textcopy"},"orders":["com.recognize_text.translate.screen","com.spaceship.screen.textcopy","com.tap_to_translate.snap_translate","com.mg.yurao.google","com.gaminik.i18n","com.niven.game","com.niven.translator","com.microsoft.translator","com.google.android.apps.translate","com.niven.comic","com.eecorp.linguago","com.newmg.yurao.pro","at.nk.tools.iTranslate","com.datacomprojects.scanandtranslate","com.niven.apptranslate","screen.translator.voice.translate","com.translate.talkingtranslator","com.languagetranslator.translatorapp.smartscanner.dictionary.translation.voicetranslator","xbean.image.picture.translate.ocr","com.mg.subtitle.google"]},{"rank":{"index":4,"lang":"zh-tw","country":"tw","chineseCountryName":"台湾","pkg":"com.spaceship.screen.textcopy"},"orders":["com.recognize_text.translate.screen","com.mg.yurao.google","com.tap_to_translate.snap_translate","com.spaceship.screen.textcopy","com.gaminik.i18n","com.niven.game","com.google.android.apps.translate","com.microsoft.translator","com.niven.translator","com.niven.comic","com.eecorp.linguago","com.niven.apptranslate","com.newmg.yurao.pro","at.nk.tools.iTranslate","screen.translator.voice.translate","com.tangdi.baiguotong","com.translate.talkingtranslator","com.youdao.hindict","com.ydzlabs.chattranslator","camera.translator.realtime"]},{"rank":{"index":2,"lang":"en","country":"in","chineseCountryName":"印度","pkg":"com.spaceship.screen.textcopy"},"orders":["com.recognize_text.translate.screen","com.spaceship.screen.textcopy","com.tap_to_translate.snap_translate","screen.translator.voice.translate","com.mg.yurao.google","com.google.android.apps.translate","com.niven.game","com.microsoft.translator","com.niven.translator","com.niven.comic","com.zaz.translate","com.eecorp.linguago","com.niven.apptranslate","com.newmg.yurao.pro","at.nk.tools.iTranslate","com.tranit.text.translate","com.languagetranslator.translatorapp.smartscanner.dictionary.translation.voicetranslator","translate.smartranit.language.text","com.pidev.screentranslator","com.gaminik.i18n"]},{"rank":{"index":2,"lang":"id","country":"id","chineseCountryName":"印尼","pkg":"com.spaceship.screen.textcopy"},"orders":["com.recognize_text.translate.screen","com.spaceship.screen.textcopy","com.gaminik.i18n","com.mg.yurao.google","com.eecorp.linguago","com.tap_to_translate.snap_translate","com.niven.game","com.niven.translator","com.niven.comic","com.newmg.yurao.pro","screen.translator.voice.translate","com.niven.apptranslate","com.google.android.apps.translate","com.youdao.hindict"]},{"rank":{"index":2,"lang":"es-mx","country":"mx","chineseCountryName":"墨西哥","pkg":"com.spaceship.screen.textcopy"},"orders":["com.recognize_text.translate.screen","com.spaceship.screen.textcopy","com.gaminik.i18n","com.niven.game","com.niven.translator","com.tap_to_translate.snap_translate","com.mg.yurao.google","com.niven.comic","com.eecorp.linguago","com.niven.apptranslate","com.newmg.yurao.pro","com.speaktranslate.tts.speechtotext.voicetyping.translator","at.nk.tools.iTranslate","com.youdao.hindict","screen.translator.voice.translate","com.google.android.apps.translate","free.language.translate.translator","com.pidev.screentranslator","com.microsoft.translator","com.copy.paste.ocr.screen.text.copypastetrial"]}]