[{"rank":{"index":2,"lang":"en-us","country":"us","chineseCountryName":"美国","pkg":"com.spaceship.screen.textcopy"},"orders":["com.recognize_text.translate.screen","com.spaceship.screen.textcopy","com.gaminik.i18n","com.mg.yurao.google","com.google.android.apps.translate","com.niven.game","com.microsoft.translator","com.tap_to_translate.snap_translate","com.niven.translator","com.niven.comic","com.zaz.translate","com.eecorp.linguago","com.niven.apptranslate","com.newmg.yurao.pro","com.sayhi.android.sayhitranslate","com.tranit.text.translate","screen.translator.voice.translate","com.deepl.mobiletranslator","all.language.translate.translator","ru.yandex.translate"]},{"rank":{"index":6,"lang":"ru","country":"ru","chineseCountryName":"俄罗斯","pkg":"com.spaceship.screen.textcopy"},"orders":["com.recognize_text.translate.screen","com.tap_to_translate.snap_translate","com.gaminik.i18n","com.niven.game","com.niven.translator","com.spaceship.screen.textcopy","com.niven.comic","com.niven.apptranslate","com.eecorp.linguago","ru.yandex.translate","com.google.android.apps.translate","screen.translator.voice.translate","us.zoom.videomeetings","com.deepl.mobiletranslator","com.pidev.screentranslator","com.microsoft.translator","com.zaz.translate","org.thunderdog.challegram","com.naver.labs.translator","com.softissimo.reverso.context"]},{"rank":{"index":3,"lang":"pt-br","country":"br","chineseCountryName":"巴西","pkg":"com.spaceship.screen.textcopy"},"orders":["com.recognize_text.translate.screen","com.tap_to_translate.snap_translate","com.spaceship.screen.textcopy","com.gaminik.i18n","com.mg.yurao.google","com.niven.game","com.niven.translator","com.niven.comic","com.niven.apptranslate","com.google.android.apps.translate","screen.translator.voice.translate","com.eecorp.linguago","com.android.chrome","com.google.android.apps.docs","com.discord","com.intsig.camscanner","com.newmg.yurao.pro","com.google.android.deskclock","com.zaz.translate","us.zoom.videomeetings"]},{"rank":{"index":2,"lang":"fr","country":"fr","chineseCountryName":"法国","pkg":"com.spaceship.screen.textcopy"},"orders":["com.recognize_text.translate.screen","com.spaceship.screen.textcopy","com.tap_to_translate.snap_translate","com.gaminik.i18n","com.mg.yurao.google","com.niven.game","com.niven.translator","com.niven.comic","com.niven.apptranslate","com.zaz.translate","com.eecorp.linguago","com.newmg.yurao.pro","com.tranit.text.translate","com.google.android.apps.translate","screen.translator.voice.translate","com.softissimo.reverso.context","com.microsoft.translator","com.deepl.mobiletranslator","com.sayhi.android.sayhitranslate","com.translator.yellow"]},{"rank":{"index":2,"lang":"en-gb","country":"gb","chineseCountryName":"英国","pkg":"com.spaceship.screen.textcopy"},"orders":["com.recognize_text.translate.screen","com.spaceship.screen.textcopy","com.mg.yurao.google","com.gaminik.i18n","com.google.android.apps.translate","com.niven.game","com.tap_to_translate.snap_translate","com.niven.translator","com.microsoft.translator","com.niven.comic","com.zaz.translate","com.niven.apptranslate","com.sayhi.android.sayhitranslate","com.eecorp.linguago","com.newmg.yurao.pro","screen.translator.voice.translate","com.softissimo.reverso.context","com.tranit.text.translate","com.translator.yellow","com.deepl.mobiletranslator"]},{"rank":{"index":2,"lang":"de","country":"de","chineseCountryName":"德国","pkg":"com.spaceship.screen.textcopy"},"orders":["com.recognize_text.translate.screen","com.spaceship.screen.textcopy","com.mg.yurao.google","com.gaminik.i18n","com.niven.game","com.niven.translator","com.tap_to_translate.snap_translate","com.niven.comic","com.niven.apptranslate","com.eecorp.linguago","com.google.android.apps.translate","com.microsoft.translator","screen.translator.voice.translate","com.deepl.mobiletranslator","com.sayhi.android.sayhitranslate","com.newmg.yurao.pro","com.zaz.translate","ru.yandex.translate","com.translate.talkingtranslator","com.pons.onlinedictionary"]},{"rank":{"index":3,"lang":"it","country":"it","chineseCountryName":"意大利","pkg":"com.spaceship.screen.textcopy"},"orders":["com.recognize_text.translate.screen","com.niven.game","com.spaceship.screen.textcopy","com.gaminik.i18n","com.mg.yurao.google","com.niven.translator","com.tap_to_translate.snap_translate","com.niven.comic","com.niven.apptranslate","com.eecorp.linguago","com.microsoft.translator","com.google.android.apps.translate"]},{"rank":{"index":4,"lang":"ja","country":"jp","chineseCountryName":"日本","pkg":"com.spaceship.screen.textcopy"},"orders":["com.recognize_text.translate.screen","com.mg.yurao.google","com.gaminik.i18n","com.spaceship.screen.textcopy","com.niven.game","com.tap_to_translate.snap_translate","com.niven.translator","com.niven.comic","com.niven.apptranslate","com.google.android.apps.translate"]},{"rank":{"index":3,"lang":"ko","country":"kr","chineseCountryName":"韩国","pkg":"com.spaceship.screen.textcopy"},"orders":["com.recognize_text.translate.screen","com.mg.yurao.google","com.spaceship.screen.textcopy","com.tap_to_translate.snap_translate","com.gaminik.i18n","com.niven.game","com.niven.translator","com.niven.comic","com.niven.apptranslate","com.eecorp.linguago","screen.translator.voice.translate","com.newmg.yurao.pro","com.naver.labs.translator","com.google.android.apps.translate","com.whatsapp","com.android.chrome","com.discord","com.canva.editor","com.duolingo","us.zoom.videomeetings"]},{"rank":{"index":6,"lang":"zh-hk","country":"hk","chineseCountryName":"香港","pkg":"com.spaceship.screen.textcopy"},"orders":["com.recognize_text.translate.screen","com.gaminik.i18n","com.tap_to_translate.snap_translate","com.mg.yurao.google","com.niven.game","com.spaceship.screen.textcopy","com.niven.translator","com.niven.comic","com.zaz.translate","com.niven.apptranslate","com.newmg.yurao.pro","com.eecorp.linguago","com.google.android.apps.translate","screen.translator.voice.translate","com.microsoft.translator","com.tranit.text.translate","camera.translator.realtime","com.sayhi.android.sayhitranslate","at.nk.tools.iTranslate","com.naver.labs.translator"]},{"rank":{"index":6,"lang":"zh-tw","country":"tw","chineseCountryName":"台湾","pkg":"com.spaceship.screen.textcopy"},"orders":["com.recognize_text.translate.screen","com.mg.yurao.google","com.gaminik.i18n","com.tap_to_translate.snap_translate","com.niven.game","com.spaceship.screen.textcopy","com.niven.translator","com.niven.comic","com.zaz.translate","com.niven.apptranslate","com.google.android.apps.translate","com.eecorp.linguago","com.newmg.yurao.pro","com.tranit.text.translate","screen.translator.voice.translate","all.language.translate.translator","com.microsoft.translator","camera.translator.realtime","xbean.image.picture.translate.ocr","com.pidev.screentranslator"]},{"rank":{"index":2,"lang":"en","country":"in","chineseCountryName":"印度","pkg":"com.spaceship.screen.textcopy"},"orders":["com.recognize_text.translate.screen","com.spaceship.screen.textcopy","com.google.android.apps.translate","com.newmg.yurao.pro","com.niven.game","com.tap_to_translate.snap_translate","com.zaz.translate","com.niven.translator","com.niven.comic","com.eecorp.linguago","com.niven.apptranslate","com.microsoft.translator","screen.translator.voice.translate","com.tranit.text.translate","com.softissimo.reverso.context","com.talpa.translate","com.pidev.screentranslator","com.android.chrome","com.mg.yurao.google","com.gaminik.i18n"]},{"rank":{"index":2,"lang":"id","country":"id","chineseCountryName":"印尼","pkg":"com.spaceship.screen.textcopy"},"orders":["com.recognize_text.translate.screen","com.spaceship.screen.textcopy","com.tap_to_translate.snap_translate","com.gaminik.i18n","com.mg.yurao.google","com.niven.game","com.niven.translator","com.niven.comic","com.newmg.yurao.pro","com.niven.apptranslate","com.eecorp.linguago","com.youdao.hindict","com.google.android.apps.translate"]},{"rank":{"index":2,"lang":"es-mx","country":"mx","chineseCountryName":"墨西哥","pkg":"com.spaceship.screen.textcopy"},"orders":["com.recognize_text.translate.screen","com.spaceship.screen.textcopy","com.tap_to_translate.snap_translate","com.niven.game","com.niven.translator","com.niven.comic","com.niven.apptranslate","com.eecorp.linguago","com.newmg.yurao.pro","com.zaz.translate","com.youdao.hindict","com.google.android.apps.translate","com.microsoft.translator","screen.translator.voice.translate","com.gaminik.i18n","com.mg.yurao.google"]}]