[{"rank":{"index":8,"lang":"en-us","country":"us","chineseCountryName":"美国","pkg":"com.spaceship.screen.textcopy"},"orders":["com.recognize_text.translate.screen","com.google.android.apps.translate","com.tap_to_translate.snap_translate","com.screen.translate.google","com.microsoft.translator","com.niven.translator","com.gaminik.i18n","com.spaceship.screen.textcopy","com.niven.game","com.sayhi.android.sayhitranslate","at.nk.tools.iTranslate","com.translate.talkingtranslator","com.niven.comic","com.deepl.mobiletranslator","com.google.ar.lens","com.royalappcode.translation.voice.language.chat.interpreter","com.naver.labs.translator","com.datacomprojects.scanandtranslate","com.heapsol.spanishenglishtranslator","com.erudite.translator"]},{"rank":{"index":5,"lang":"ru","country":"ru","chineseCountryName":"俄罗斯","pkg":"com.spaceship.screen.textcopy"},"orders":["com.recognize_text.translate.screen","com.niven.translator","com.tap_to_translate.snap_translate","com.niven.game","com.spaceship.screen.textcopy","com.gaminik.i18n","com.screen.translate.google","ru.yandex.translate","com.microsoft.translator","com.niven.comic","com.google.android.apps.translate","com.deepl.mobiletranslator","com.datacomprojects.scanandtranslate","com.newmg.yurao.pro","at.nk.tools.iTranslate","com.android.chrome","com.instagram.android","com.wooask.zx","com.whatsapp","com.translate.talkingtranslator"]},{"rank":{"index":3,"lang":"pt-br","country":"br","chineseCountryName":"巴西","pkg":"com.spaceship.screen.textcopy"},"orders":["com.recognize_text.translate.screen","com.tap_to_translate.snap_translate","com.spaceship.screen.textcopy","com.niven.game","com.gaminik.i18n","com.google.android.apps.translate","at.nk.tools.iTranslate","com.deepl.mobiletranslator","ru.yandex.translate","com.translate.talkingtranslator","com.naver.labs.translator","com.google.ar.lens","com.niven.translator","com.screen.translate.google","com.niven.comic","com.galaxy.airviewdictionary","com.newmg.yurao.pro","com.youdao.hindict","screen.translator.voice.translate","com.sayhi.android.sayhitranslate"]},{"rank":{"index":6,"lang":"fr","country":"fr","chineseCountryName":"法国","pkg":"com.spaceship.screen.textcopy"},"orders":["com.recognize_text.translate.screen","com.tap_to_translate.snap_translate","com.niven.game","com.niven.translator","com.gaminik.i18n","com.spaceship.screen.textcopy","com.microsoft.translator","com.screen.translate.google","com.google.android.apps.translate","com.niven.comic","com.datacomprojects.scanandtranslate","com.image.camera.translate.ai","com.deepl.mobiletranslator","at.nk.tools.iTranslate","com.newmg.yurao.pro","com.softissimo.reverso.context","com.translate.talkingtranslator","camtranslator.voice.text.image.translate","com.google.ar.lens","ru.yandex.translate"]},{"rank":{"index":8,"lang":"en-gb","country":"gb","chineseCountryName":"英国","pkg":"com.spaceship.screen.textcopy"},"orders":["com.recognize_text.translate.screen","com.microsoft.translator","com.google.android.apps.translate","com.gaminik.i18n","com.screen.translate.google","com.niven.translator","com.niven.game","com.spaceship.screen.textcopy","com.tap_to_translate.snap_translate","at.nk.tools.iTranslate","com.niven.comic","com.datacomprojects.scanandtranslate","com.deepl.mobiletranslator","com.sayhi.android.sayhitranslate","com.google.ar.lens","com.royalappcode.translation.voice.language.chat.interpreter","com.translate.talkingtranslator","com.tangdi.baiguotong","com.image.camera.translate.ai","com.newmg.yurao.pro"]},{"rank":{"index":8,"lang":"de","country":"de","chineseCountryName":"德国","pkg":"com.spaceship.screen.textcopy"},"orders":["com.recognize_text.translate.screen","com.tap_to_translate.snap_translate","com.microsoft.translator","com.screen.translate.google","com.gaminik.i18n","com.niven.game","com.niven.translator","com.spaceship.screen.textcopy","com.google.android.apps.translate","com.niven.comic","com.deepl.mobiletranslator","com.translate.talkingtranslator","at.nk.tools.iTranslate","com.image.camera.translate.ai","com.datacomprojects.scanandtranslate","com.newmg.yurao.pro","com.sayhi.android.sayhitranslate","com.softissimo.reverso.context","com.google.ar.lens","camtranslator.voice.text.image.translate"]},{"rank":{"index":2,"lang":"it","country":"it","chineseCountryName":"意大利","pkg":"com.spaceship.screen.textcopy"},"orders":["com.recognize_text.translate.screen","com.spaceship.screen.textcopy","com.gaminik.i18n","com.niven.translator","com.screen.translate.google","com.niven.game","com.microsoft.translator","com.tap_to_translate.snap_translate","com.google.android.apps.translate","com.niven.comic","com.datacomprojects.scanandtranslate","com.image.camera.translate.ai","at.nk.tools.iTranslate","com.deepl.mobiletranslator","com.google.ar.lens","com.newmg.yurao.pro","com.translate.talkingtranslator","camtranslator.voice.text.image.translate","com.softissimo.reverso.context","com.erudite.translator"]},{"rank":{"index":8,"lang":"ja","country":"jp","chineseCountryName":"日本","pkg":"com.spaceship.screen.textcopy"},"orders":["com.recognize_text.translate.screen","com.niven.game","com.tap_to_translate.snap_translate","com.niven.translator","com.gaminik.i18n","com.microsoft.translator","com.google.android.apps.translate","com.spaceship.screen.textcopy"]},{"rank":{"index":7,"lang":"ko","country":"kr","chineseCountryName":"韩国","pkg":"com.spaceship.screen.textcopy"},"orders":["com.recognize_text.translate.screen","com.tap_to_translate.snap_translate","com.gaminik.i18n","com.niven.translator","com.niven.game","com.screen.translate.google","com.spaceship.screen.textcopy","com.naver.labs.translator","com.niven.comic","com.microsoft.translator","com.google.android.apps.translate","com.newmg.yurao.pro","at.nk.tools.iTranslate","com.deepl.mobiletranslator","com.translate.talkingtranslator","com.google.ar.lens","com.datacomprojects.scanandtranslate","com.image.camera.translate.ai","com.facebook.orca","com.android.chrome"]},{"rank":{"index":6,"lang":"zh-hk","country":"hk","chineseCountryName":"香港","pkg":"com.spaceship.screen.textcopy"},"orders":["com.recognize_text.translate.screen","com.gaminik.i18n","com.niven.game","com.microsoft.translator","com.google.android.apps.translate","com.spaceship.screen.textcopy","com.screen.translate.google","com.tap_to_translate.snap_translate","com.niven.translator","com.niven.comic","at.nk.tools.iTranslate","com.datacomprojects.scanandtranslate","com.image.camera.translate.ai","com.naver.labs.translator","com.newmg.yurao.pro","com.translate.talkingtranslator","com.deepl.mobiletranslator","com.google.ar.lens","com.tangdi.baiguotong","com.translate.language.translator.voice.translation"]},{"rank":{"index":8,"lang":"zh-tw","country":"tw","chineseCountryName":"台湾","pkg":"com.spaceship.screen.textcopy"},"orders":["com.recognize_text.translate.screen","com.tap_to_translate.snap_translate","com.gaminik.i18n","com.screen.translate.google","com.niven.translator","com.niven.game","com.microsoft.translator","com.spaceship.screen.textcopy","com.google.android.apps.translate","com.niven.comic","at.nk.tools.iTranslate","com.datacomprojects.scanandtranslate","com.newmg.yurao.pro","com.youdao.hindict","com.image.camera.translate.ai","com.deepl.mobiletranslator","com.translate.talkingtranslator","com.naver.labs.translator","com.tangdi.baiguotong","com.google.ar.lens"]},{"rank":{"index":6,"lang":"en","country":"in","chineseCountryName":"印度","pkg":"com.spaceship.screen.textcopy"},"orders":["com.recognize_text.translate.screen","com.google.android.apps.translate","com.microsoft.translator","com.tap_to_translate.snap_translate","com.gaminik.i18n","com.spaceship.screen.textcopy","com.niven.game","at.nk.tools.iTranslate","com.sayhi.android.sayhitranslate","com.google.ar.lens","com.deepl.mobiletranslator","ru.yandex.translate","com.translate.talkingtranslator","com.naver.labs.translator","com.softissimo.reverso.context","com.screen.translate.google","com.niven.translator","com.zaz.translate","com.newmg.yurao.pro","com.niven.comic"]},{"rank":{"index":6,"lang":"id","country":"id","chineseCountryName":"印尼","pkg":"com.spaceship.screen.textcopy"},"orders":["com.recognize_text.translate.screen","com.tap_to_translate.snap_translate","com.niven.translator","com.niven.game","com.gaminik.i18n","com.spaceship.screen.textcopy","com.screen.translate.google","com.niven.comic","com.youdao.hindict","com.google.android.apps.translate","com.newmg.yurao.pro","com.microsoft.translator","com.deepl.mobiletranslator","com.naver.labs.translator","at.nk.tools.iTranslate"]},{"rank":{"index":3,"lang":"es-mx","country":"mx","chineseCountryName":"墨西哥","pkg":"com.spaceship.screen.textcopy"},"orders":["com.recognize_text.translate.screen","com.tap_to_translate.snap_translate","com.spaceship.screen.textcopy","com.niven.game","com.gaminik.i18n","com.google.android.apps.translate","at.nk.tools.iTranslate","com.deepl.mobiletranslator","com.translate.talkingtranslator","com.google.ar.lens","ru.yandex.translate","com.naver.labs.translator","com.softissimo.reverso.context","com.niven.translator","com.screen.translate.google","com.niven.comic","com.youdao.hindict","com.newmg.yurao.pro","com.datacomprojects.scanandtranslate","com.sayhi.android.sayhitranslate"]}]