[{"rank":{"index":2,"lang":"en-us","country":"us","chineseCountryName":"美国","pkg":"com.spaceship.screen.textcopy"},"orders":["com.recognize_text.translate.screen","com.spaceship.screen.textcopy","com.tap_to_translate.snap_translate","com.niven.translator","com.newmg.yurao.pro","com.gaminik.i18n","com.screen.translate.google","com.deepl.mobiletranslator","com.galaxy.airviewdictionary","com.google.android.apps.translate","com.microsoft.translator","at.nk.tools.iTranslate","com.niven.apptranslate"]},{"rank":{"index":2,"lang":"ru","country":"ru","chineseCountryName":"俄罗斯","pkg":"com.spaceship.screen.textcopy"},"orders":["com.recognize_text.translate.screen","com.spaceship.screen.textcopy","com.niven.translator","com.tap_to_translate.snap_translate","com.gaminik.i18n","com.newmg.yurao.pro","com.galaxy.airviewdictionary","com.screen.translate.google","com.niven.apptranslate","com.eecorp.linguago","at.nk.tools.iTranslate","com.deepl.mobiletranslator","com.microsoft.translator","com.voice_camera_free_translate","photo.translate.camera.translator","com.niven.game","com.google.android.apps.translate","live.screentranslate.realtime","ru.yandex.translate","com.hive.lingonative"]},{"rank":{"index":2,"lang":"pt-br","country":"br","chineseCountryName":"巴西","pkg":"com.spaceship.screen.textcopy"},"orders":["com.recognize_text.translate.screen","com.spaceship.screen.textcopy","com.niven.translator","com.gaminik.i18n","com.tap_to_translate.snap_translate","com.newmg.yurao.pro","com.galaxy.airviewdictionary","com.niven.apptranslate","com.screen.translate.google","at.nk.tools.iTranslate","com.eecorp.linguago","com.microsoft.translator","com.deepl.mobiletranslator","com.voice_camera_free_translate","com.eecorp.taptranslator","com.google.android.apps.translate","com.niven.game","translate.speech.text.translation.voicetranslator","com.immersivetranslate.browser","live.screentranslate.realtime"]},{"rank":{"index":2,"lang":"fr","country":"fr","chineseCountryName":"法国","pkg":"com.spaceship.screen.textcopy"},"orders":["com.recognize_text.translate.screen","com.spaceship.screen.textcopy","com.tap_to_translate.snap_translate","com.niven.translator","com.gaminik.i18n","com.newmg.yurao.pro","com.eecorp.linguago","com.galaxy.airviewdictionary","com.screen.translate.google","com.niven.apptranslate","live.screentranslate.realtime","com.eecorp.taptranslator","com.microsoft.translator","com.deepl.mobiletranslator","com.google.android.apps.translate","screen.translator.voice.translate","com.datacomprojects.scanandtranslate","com.immersivetranslate.browser","at.nk.tools.iTranslate","translate.speech.text.translation.voicetranslator"]},{"rank":{"index":2,"lang":"en-gb","country":"gb","chineseCountryName":"英国","pkg":"com.spaceship.screen.textcopy"},"orders":["com.recognize_text.translate.screen","com.spaceship.screen.textcopy","com.niven.translator","com.tap_to_translate.snap_translate","com.gaminik.i18n","com.newmg.yurao.pro","com.google.android.apps.translate","com.microsoft.translator","com.deepl.mobiletranslator","com.galaxy.airviewdictionary","at.nk.tools.iTranslate","com.screen.translate.google","com.niven.apptranslate","com.eecorp.linguago"]},{"rank":{"index":2,"lang":"de","country":"de","chineseCountryName":"德国","pkg":"com.spaceship.screen.textcopy"},"orders":["com.recognize_text.translate.screen","com.spaceship.screen.textcopy","com.gaminik.i18n","com.niven.translator","com.tap_to_translate.snap_translate","com.newmg.yurao.pro","com.screen.translate.google","com.niven.apptranslate","com.eecorp.linguago","com.galaxy.airviewdictionary","live.screentranslate.realtime","com.voice_camera_free_translate","com.eecorp.taptranslator","com.hive.lingonative","com.deepl.mobiletranslator","com.microsoft.translator","com.immersivetranslate.browser","com.google.android.apps.translate","screen.translator.voice.translate","at.nk.tools.iTranslate"]},{"rank":{"index":2,"lang":"it","country":"it","chineseCountryName":"意大利","pkg":"com.spaceship.screen.textcopy"},"orders":["com.recognize_text.translate.screen","com.spaceship.screen.textcopy","com.gaminik.i18n","com.tap_to_translate.snap_translate","com.newmg.yurao.pro","com.niven.translator","com.screen.translate.google","com.niven.apptranslate","com.galaxy.airviewdictionary","com.eecorp.linguago","com.eecorp.taptranslator","com.voice_camera_free_translate","live.screentranslate.realtime","com.microsoft.translator","co.appnation.aivoicetranslator","com.google.android.apps.translate","com.deepl.mobiletranslator","com.hive.lingonative","com.immersivetranslate.browser","com.fapp.translate.language.translator.fasttranslation"]},{"rank":{"index":3,"lang":"ja","country":"jp","chineseCountryName":"日本","pkg":"com.spaceship.screen.textcopy"},"orders":["com.recognize_text.translate.screen","com.tap_to_translate.snap_translate","com.spaceship.screen.textcopy","com.gaminik.i18n","com.newmg.yurao.pro","com.niven.translator","com.galaxy.airviewdictionary","com.screen.translate.google","com.eecorp.linguago","com.niven.apptranslate"]},{"rank":{"index":2,"lang":"ko","country":"kr","chineseCountryName":"韩国","pkg":"com.spaceship.screen.textcopy"},"orders":["com.recognize_text.translate.screen","com.spaceship.screen.textcopy","com.tap_to_translate.snap_translate","com.gaminik.i18n","com.niven.translator","com.newmg.yurao.pro","com.niven.apptranslate","com.screen.translate.google","com.galaxy.airviewdictionary","com.eecorp.linguago","live.screentranslate.realtime","com.hive.lingonative","com.microsoft.translator","com.eecorp.taptranslator","com.deepl.mobiletranslator","com.google.android.apps.translate","co.appnation.aivoicetranslator","com.naver.labs.translator","com.immersivetranslate.browser","translate.speech.text.translation.voicetranslator"]},{"rank":{"index":2,"lang":"zh-hk","country":"hk","chineseCountryName":"香港","pkg":"com.spaceship.screen.textcopy"},"orders":["com.recognize_text.translate.screen","com.spaceship.screen.textcopy","com.tap_to_translate.snap_translate","com.gaminik.i18n","com.newmg.yurao.pro","com.niven.translator","com.screen.translate.google","com.niven.apptranslate","com.galaxy.airviewdictionary","com.eecorp.linguago","at.nk.tools.iTranslate","com.deepl.mobiletranslator","com.microsoft.translator","com.voice_camera_free_translate","com.google.android.apps.translate","com.eecorp.taptranslator","live.screentranslate.realtime","photo.translate.camera.translator","com.immersivetranslate.browser","com.mobisystems.msdict.embedded.wireless.collins.ee"]},{"rank":{"index":2,"lang":"zh-tw","country":"tw","chineseCountryName":"台湾","pkg":"com.spaceship.screen.textcopy"},"orders":["com.recognize_text.translate.screen","com.spaceship.screen.textcopy","com.gaminik.i18n","com.tap_to_translate.snap_translate","com.niven.translator","com.newmg.yurao.pro","com.screen.translate.google","com.niven.apptranslate","com.galaxy.airviewdictionary","at.nk.tools.iTranslate","com.eecorp.linguago","com.microsoft.translator","com.deepl.mobiletranslator","com.voice_camera_free_translate","com.eecorp.taptranslator","com.google.android.apps.translate","live.screentranslate.realtime","photo.translate.camera.translator","com.niven.game","com.hive.lingonative"]},{"rank":{"index":2,"lang":"en","country":"in","chineseCountryName":"印度","pkg":"com.spaceship.screen.textcopy"},"orders":["com.recognize_text.translate.screen","com.spaceship.screen.textcopy","com.newmg.yurao.pro"]},{"rank":{"index":1,"lang":"id","country":"id","chineseCountryName":"印尼","pkg":"com.spaceship.screen.textcopy"},"orders":["com.spaceship.screen.textcopy","com.recognize_text.translate.screen","com.tap_to_translate.snap_translate","com.niven.translator","com.gaminik.i18n","com.newmg.yurao.pro","com.screen.translate.google","com.galaxy.airviewdictionary","com.niven.apptranslate","com.eecorp.linguago","at.nk.tools.iTranslate","com.deepl.mobiletranslator","com.niven.game","com.eecorp.taptranslator","com.voice_camera_free_translate","com.google.android.apps.translate","com.microsoft.translator","translate.speech.text.translation.voicetranslator","live.screentranslate.realtime","free.language.translate.translator"]},{"rank":{"index":2,"lang":"es-mx","country":"mx","chineseCountryName":"墨西哥","pkg":"com.spaceship.screen.textcopy"},"orders":["com.recognize_text.translate.screen","com.spaceship.screen.textcopy","com.gaminik.i18n","com.tap_to_translate.snap_translate","com.niven.translator","com.newmg.yurao.pro","com.screen.translate.google","com.niven.apptranslate","live.screentranslate.realtime","com.galaxy.airviewdictionary","com.eecorp.linguago","com.microsoft.translator","com.eecorp.taptranslator","com.google.android.apps.translate","com.deepl.mobiletranslator","com.immersivetranslate.browser","com.hive.lingonative","translate.speech.text.translation.voicetranslator","com.fapp.translate.language.translator.fasttranslation","at.nk.tools.iTranslate"]}]