[{"rank":{"index":2,"lang":"en-us","country":"us","chineseCountryName":"美国","pkg":"com.spaceship.screen.textcopy"},"orders":["com.recognize_text.translate.screen","com.spaceship.screen.textcopy","com.tap_to_translate.snap_translate","com.gaminik.i18n","com.google.android.apps.translate","com.niven.game","com.niven.translator","com.microsoft.translator","com.niven.comic","com.newmg.yurao.pro","com.niven.apptranslate","com.screen.translate.google","com.deepl.mobiletranslator","screen.translator.voice.translate","com.facebook.orca","com.android.chrome","us.zoom.videomeetings","com.google.android.dialer","com.google.android.apps.photos","com.google.android.apps.maps"]},{"rank":{"index":2,"lang":"ru","country":"ru","chineseCountryName":"俄罗斯","pkg":"com.spaceship.screen.textcopy"},"orders":["com.recognize_text.translate.screen","com.spaceship.screen.textcopy","com.tap_to_translate.snap_translate","com.gaminik.i18n","com.niven.game","com.niven.translator","com.newmg.yurao.pro","com.niven.apptranslate","ru.yandex.translate","com.screen.translate.google","com.niven.comic","com.google.android.apps.translate","us.zoom.videomeetings","com.discord","com.android.chrome","com.facebook.orca","com.google.android.dialer","com.google.android.apps.photos","com.skype.raider","com.camerasideas.instashot"]},{"rank":{"index":2,"lang":"fr","country":"fr","chineseCountryName":"法国","pkg":"com.spaceship.screen.textcopy"},"orders":["com.recognize_text.translate.screen","com.spaceship.screen.textcopy","com.tap_to_translate.snap_translate","com.niven.game","com.gaminik.i18n","com.niven.translator","com.google.android.apps.translate","com.niven.apptranslate","com.niven.comic","com.microsoft.translator","com.screen.translate.google","com.newmg.yurao.pro","com.deepl.mobiletranslator","com.facebook.orca","us.zoom.videomeetings","com.discord","com.microsoft.office.outlook","com.android.chrome","com.google.android.apps.photos","com.google.android.apps.books"]},{"rank":{"index":2,"lang":"en-gb","country":"gb","chineseCountryName":"英国","pkg":"com.spaceship.screen.textcopy"},"orders":["com.recognize_text.translate.screen","com.spaceship.screen.textcopy","com.gaminik.i18n","com.niven.game","com.google.android.apps.translate","com.microsoft.translator","com.tap_to_translate.snap_translate","com.niven.translator","com.niven.comic","com.niven.apptranslate","com.newmg.yurao.pro","com.deepl.mobiletranslator","com.screen.translate.google","at.nk.tools.iTranslate","com.facebook.orca","us.zoom.videomeetings","com.android.chrome","com.duolingo","com.microsoft.office.outlook","com.google.android.apps.maps"]},{"rank":{"index":2,"lang":"de","country":"de","chineseCountryName":"德国","pkg":"com.spaceship.screen.textcopy"},"orders":["com.recognize_text.translate.screen","com.spaceship.screen.textcopy","com.gaminik.i18n","com.niven.game","com.tap_to_translate.snap_translate","com.niven.translator","com.microsoft.translator","com.google.android.apps.translate","com.niven.comic","com.niven.apptranslate","com.deepl.mobiletranslator","com.newmg.yurao.pro","com.screen.translate.google","com.softissimo.reverso.context","com.eecorp.linguago","at.nk.tools.iTranslate","com.facebook.orca","us.zoom.videomeetings","com.youdao.hindict","ru.yandex.translate"]},{"rank":{"index":2,"lang":"it","country":"it","chineseCountryName":"意大利","pkg":"com.spaceship.screen.textcopy"},"orders":["com.recognize_text.translate.screen","com.spaceship.screen.textcopy","com.gaminik.i18n","com.niven.game","com.tap_to_translate.snap_translate","com.niven.translator","com.google.android.apps.translate","com.niven.apptranslate","com.niven.comic","com.microsoft.translator","com.screen.translate.google","com.facebook.orca","us.zoom.videomeetings","com.newmg.yurao.pro","com.discord","com.deepl.mobiletranslator","com.duolingo","com.microsoft.office.outlook","com.android.chrome","com.google.android.apps.photos"]},{"rank":{"index":2,"lang":"ja","country":"jp","chineseCountryName":"日本","pkg":"com.spaceship.screen.textcopy"},"orders":["com.recognize_text.translate.screen","com.spaceship.screen.textcopy","com.tap_to_translate.snap_translate","com.gaminik.i18n","com.niven.game","com.niven.translator","com.google.android.apps.translate","com.niven.apptranslate","com.niven.comic","com.microsoft.translator","com.google.ar.lens","com.newmg.yurao.pro","com.facebook.orca","com.android.chrome","us.zoom.videomeetings","com.discord","com.google.android.apps.maps","com.twitter.android","com.deepl.mobiletranslator","com.amazon.kindle"]},{"rank":{"index":2,"lang":"ko","country":"kr","chineseCountryName":"韩国","pkg":"com.spaceship.screen.textcopy"},"orders":["com.recognize_text.translate.screen","com.spaceship.screen.textcopy","com.tap_to_translate.snap_translate","com.niven.game","com.gaminik.i18n","com.niven.translator","com.niven.apptranslate","com.google.android.apps.translate","com.screen.translate.google","com.niven.comic","com.facebook.orca","us.zoom.videomeetings","com.naver.labs.translator","com.discord","com.android.chrome","com.newmg.yurao.pro","com.twitter.android","com.duolingo","com.sec.android.app.sbrowser","com.google.android.apps.photos"]},{"rank":{"index":2,"lang":"zh-hk","country":"hk","chineseCountryName":"香港","pkg":"com.spaceship.screen.textcopy"},"orders":["com.recognize_text.translate.screen","com.spaceship.screen.textcopy","com.gaminik.i18n","com.tap_to_translate.snap_translate","com.niven.game","com.niven.translator","com.google.android.apps.translate","com.niven.comic","com.microsoft.translator","com.niven.apptranslate","com.screen.translate.google","com.facebook.orca","com.android.chrome","com.google.android.apps.maps","com.newmg.yurao.pro","com.deepl.mobiletranslator","us.zoom.videomeetings","com.discord","com.twitter.android","com.duolingo"]},{"rank":{"index":2,"lang":"zh-tw","country":"tw","chineseCountryName":"台湾","pkg":"com.spaceship.screen.textcopy"},"orders":["com.recognize_text.translate.screen","com.spaceship.screen.textcopy","com.tap_to_translate.snap_translate","com.niven.game","com.gaminik.i18n","com.niven.translator","com.niven.comic","com.google.android.apps.translate","com.niven.apptranslate","com.newmg.yurao.pro","com.microsoft.translator","com.screen.translate.google","com.deepl.mobiletranslator","com.youdao.hindict","com.facebook.orca","com.android.chrome","com.discord","com.google.android.apps.maps","com.duolingo","com.translate.talkingtranslator"]},{"rank":{"index":2,"lang":"en","country":"in","chineseCountryName":"印度","pkg":"com.spaceship.screen.textcopy"},"orders":["com.recognize_text.translate.screen","com.spaceship.screen.textcopy","com.tap_to_translate.snap_translate","com.google.android.apps.translate","com.newmg.yurao.pro","com.gaminik.i18n"]},{"rank":{"index":2,"lang":"id","country":"id","chineseCountryName":"印尼","pkg":"com.spaceship.screen.textcopy"},"orders":["com.recognize_text.translate.screen","com.spaceship.screen.textcopy","com.tap_to_translate.snap_translate","com.niven.translator","com.gaminik.i18n","com.niven.game","com.niven.comic","com.screen.translate.google","com.niven.apptranslate","com.newmg.yurao.pro","com.google.android.apps.translate"]},{"rank":{"index":0,"lang":"es-mx","country":"mx","chineseCountryName":"墨西哥","pkg":"com.spaceship.screen.textcopy"},"orders":["com.recognize_text.translate.screen","com.microsoft.translator","com.google.android.apps.translate","ru.yandex.translate","com.deepl.mobiletranslator","com.naver.labs.translator","com.softissimo.reverso.context","com.translate.talkingtranslator","com.google.ar.lens","com.google.android.marvin.talkback","com.flitto.app","com.adobe.scan.android","at.nk.tools.iTranslate","com.youdao.hindict"]}]