[{"rank":{"index":2,"lang":"en-us","country":"us","chineseCountryName":"美国","pkg":"com.spaceship.screen.textcopy"},"orders":["com.recognize_text.translate.screen","com.spaceship.screen.textcopy","com.gaminik.i18n","com.newmg.yurao.pro","com.google.android.apps.translate","com.microsoft.translator","com.tap_to_translate.snap_translate","com.niven.game","com.niven.translator","com.galaxy.airviewdictionary","at.nk.tools.iTranslate","com.eecorp.taptranslator","com.niven.comic","com.niven.apptranslate","com.screen.translate.google","screen.translator.voice.translate","com.translate.talkingtranslator","com.eecorp.linguago","com.deepl.mobiletranslator","us.zoom.videomeetings"]},{"rank":{"index":2,"lang":"ru","country":"ru","chineseCountryName":"俄罗斯","pkg":"com.spaceship.screen.textcopy"},"orders":["com.recognize_text.translate.screen","com.spaceship.screen.textcopy","com.gaminik.i18n","com.niven.translator","com.tap_to_translate.snap_translate","com.niven.game","com.google.android.apps.translate","com.microsoft.translator","com.newmg.yurao.pro","com.galaxy.airviewdictionary","ru.yandex.translate","com.niven.apptranslate","com.niven.comic","com.screen.translate.google","at.nk.tools.iTranslate","screen.translator.voice.translate","com.kursx.smartbook","com.android.chrome","us.zoom.videomeetings","com.eecorp.linguago"]},{"rank":{"index":2,"lang":"pt-br","country":"br","chineseCountryName":"巴西","pkg":"com.spaceship.screen.textcopy"},"orders":["com.recognize_text.translate.screen","com.spaceship.screen.textcopy","com.tap_to_translate.snap_translate","com.niven.translator","com.gaminik.i18n","com.niven.game","com.niven.comic","com.eecorp.linguago","screen.translator.voice.translate","com.screen.translate.google","com.eecorp.taptranslator","com.newmg.yurao.pro","com.niven.apptranslate","com.google.android.apps.translate","com.galaxy.airviewdictionary","com.android.chrome","com.google.android.apps.photos","com.google.android.apps.maps","us.zoom.videomeetings","com.google.android.apps.docs"]},{"rank":{"index":2,"lang":"fr","country":"fr","chineseCountryName":"法国","pkg":"com.spaceship.screen.textcopy"},"orders":["com.recognize_text.translate.screen","com.spaceship.screen.textcopy","com.gaminik.i18n","com.tap_to_translate.snap_translate","com.niven.game","com.niven.translator","screen.translator.voice.translate","com.galaxy.airviewdictionary","com.newmg.yurao.pro","com.niven.comic","com.eecorp.taptranslator","com.microsoft.translator","com.google.android.apps.translate","com.niven.apptranslate","com.screen.translate.google","at.nk.tools.iTranslate","us.zoom.videomeetings","com.discord","com.google.android.apps.photos","com.microsoft.office.outlook"]},{"rank":{"index":2,"lang":"en-gb","country":"gb","chineseCountryName":"英国","pkg":"com.spaceship.screen.textcopy"},"orders":["com.recognize_text.translate.screen","com.spaceship.screen.textcopy","com.tap_to_translate.snap_translate","com.google.android.apps.translate","com.gaminik.i18n","com.microsoft.translator","com.niven.game","com.niven.translator","com.galaxy.airviewdictionary","at.nk.tools.iTranslate","com.eecorp.taptranslator","com.niven.apptranslate","com.niven.comic","com.newmg.yurao.pro","com.screen.translate.google","screen.translator.voice.translate","com.zaz.translate","us.zoom.videomeetings","com.google.android.apps.maps","com.discord"]},{"rank":{"index":2,"lang":"de","country":"de","chineseCountryName":"德国","pkg":"com.spaceship.screen.textcopy"},"orders":["com.recognize_text.translate.screen","com.spaceship.screen.textcopy","com.gaminik.i18n","com.tap_to_translate.snap_translate","com.newmg.yurao.pro","com.niven.translator","com.niven.game","com.galaxy.airviewdictionary","com.niven.comic","com.microsoft.translator","com.google.android.apps.translate","com.eecorp.taptranslator","at.nk.tools.iTranslate","com.niven.apptranslate","com.screen.translate.google","us.zoom.videomeetings","com.discord","screen.translator.voice.translate","com.eecorp.linguago","com.android.chrome"]},{"rank":{"index":2,"lang":"it","country":"it","chineseCountryName":"意大利","pkg":"com.spaceship.screen.textcopy"},"orders":["com.recognize_text.translate.screen","com.spaceship.screen.textcopy","com.gaminik.i18n","com.tap_to_translate.snap_translate","screen.translator.voice.translate","com.niven.game","com.niven.translator","com.galaxy.airviewdictionary","com.newmg.yurao.pro","com.niven.comic","com.google.android.apps.translate","com.microsoft.translator","com.eecorp.taptranslator","com.niven.apptranslate","at.nk.tools.iTranslate","com.screen.translate.google","us.zoom.videomeetings","com.discord","com.google.android.apps.photos","com.android.chrome"]},{"rank":{"index":2,"lang":"ja","country":"jp","chineseCountryName":"日本","pkg":"com.spaceship.screen.textcopy"},"orders":["com.recognize_text.translate.screen","com.spaceship.screen.textcopy","com.gaminik.i18n","com.tap_to_translate.snap_translate","com.niven.translator","com.niven.game","com.galaxy.airviewdictionary","com.newmg.yurao.pro","com.niven.comic","com.google.android.apps.translate","com.microsoft.translator","com.screen.translate.google","com.niven.apptranslate","com.google.ar.lens","us.zoom.videomeetings","com.google.android.apps.maps","com.android.chrome","com.discord","com.deepl.mobiletranslator","com.naver.labs.translator"]},{"rank":{"index":2,"lang":"ko","country":"kr","chineseCountryName":"韩国","pkg":"com.spaceship.screen.textcopy"},"orders":["com.recognize_text.translate.screen","com.spaceship.screen.textcopy","com.tap_to_translate.snap_translate","com.google.android.apps.translate","com.gaminik.i18n","com.microsoft.translator","com.niven.game","com.niven.translator","com.niven.comic","at.nk.tools.iTranslate","com.galaxy.airviewdictionary","com.newmg.yurao.pro","com.niven.apptranslate","com.screen.translate.google","com.naver.labs.translator","com.eecorp.taptranslator","com.google.ar.lens","com.zaz.translate","com.appspell.screentranslator","ru.yandex.translate"]},{"rank":{"index":2,"lang":"zh-hk","country":"hk","chineseCountryName":"香港","pkg":"com.spaceship.screen.textcopy"},"orders":["com.recognize_text.translate.screen","com.spaceship.screen.textcopy","com.tap_to_translate.snap_translate","com.gaminik.i18n","com.microsoft.translator","com.google.android.apps.translate","com.niven.game","com.niven.translator","com.galaxy.airviewdictionary","com.newmg.yurao.pro","at.nk.tools.iTranslate","com.niven.apptranslate","com.niven.comic","com.screen.translate.google","com.eecorp.taptranslator","com.google.android.apps.maps","com.android.chrome","us.zoom.videomeetings","com.discord","com.zaz.translate"]},{"rank":{"index":2,"lang":"zh-tw","country":"tw","chineseCountryName":"台湾","pkg":"com.spaceship.screen.textcopy"},"orders":["com.recognize_text.translate.screen","com.spaceship.screen.textcopy","com.gaminik.i18n","com.google.android.apps.translate","com.microsoft.translator","com.niven.game","com.tap_to_translate.snap_translate","com.niven.translator","com.galaxy.airviewdictionary","at.nk.tools.iTranslate","com.niven.comic","com.newmg.yurao.pro","com.niven.apptranslate","com.screen.translate.google","com.eecorp.taptranslator","jp.go.nict.voicetra","com.youdao.hindict","com.zaz.translate","com.discord","screen.translator.voice.translate"]},{"rank":{"index":2,"lang":"en","country":"in","chineseCountryName":"印度","pkg":"com.spaceship.screen.textcopy"},"orders":["com.recognize_text.translate.screen","com.spaceship.screen.textcopy","com.google.android.apps.translate","com.tap_to_translate.snap_translate","com.gaminik.i18n"]},{"rank":{"index":1,"lang":"id","country":"id","chineseCountryName":"印尼","pkg":"com.spaceship.screen.textcopy"},"orders":["com.spaceship.screen.textcopy","com.recognize_text.translate.screen","com.tap_to_translate.snap_translate","com.gaminik.i18n","com.niven.game","com.niven.translator","com.galaxy.airviewdictionary","com.newmg.yurao.pro","com.niven.comic","com.niven.apptranslate","com.youdao.hindict","com.google.android.apps.translate"]},{"rank":{"index":2,"lang":"es-mx","country":"mx","chineseCountryName":"墨西哥","pkg":"com.spaceship.screen.textcopy"},"orders":["com.recognize_text.translate.screen","com.spaceship.screen.textcopy","com.gaminik.i18n","com.niven.translator","com.niven.game","com.tap_to_translate.snap_translate","com.galaxy.airviewdictionary","com.niven.comic","com.newmg.yurao.pro","com.google.android.apps.translate","com.niven.apptranslate","com.microsoft.translator","com.eecorp.taptranslator","us.zoom.videomeetings","com.google.android.apps.photos","com.google.android.apps.maps","com.android.chrome","at.nk.tools.iTranslate","com.discord","com.screen.translate.google"]}]