[{"rank":{"index":2,"lang":"en-us","country":"us","chineseCountryName":"美国","pkg":"com.spaceship.screen.textcopy"},"orders":["com.recognize_text.translate.screen","com.spaceship.screen.textcopy","com.niven.translator","com.tap_to_translate.snap_translate","com.microsoft.translator","com.gaminik.i18n","com.google.android.apps.translate","com.niven.game","com.newmg.yurao.pro","at.nk.tools.iTranslate","com.niven.comic","com.language.translate.free.translator.voice.translation","com.zaz.translate","com.screen.translate.google","com.translate.talkingtranslator","com.translate.language.translator.voice.translation","com.niven.apptranslate","com.deepl.mobiletranslator","com.sayhi.android.sayhitranslate","com.datacomprojects.scanandtranslate"]},{"rank":{"index":2,"lang":"ru","country":"ru","chineseCountryName":"俄罗斯","pkg":"com.spaceship.screen.textcopy"},"orders":["com.recognize_text.translate.screen","com.spaceship.screen.textcopy","com.niven.translator","com.tap_to_translate.snap_translate","com.microsoft.translator","com.newmg.yurao.pro","com.niven.game","com.gaminik.i18n","com.screen.translate.google","ru.yandex.translate","com.niven.comic","com.google.android.apps.translate","com.language.translate.free.translator.voice.translation","com.eecorp.linguago","at.nk.tools.iTranslate","com.datacomprojects.scanandtranslate","com.niven.apptranslate","com.mg.chat","com.zaz.translate","translate.speech.text.translation.voicetranslator"]},{"rank":{"index":2,"lang":"pt-br","country":"br","chineseCountryName":"巴西","pkg":"com.spaceship.screen.textcopy"},"orders":["com.recognize_text.translate.screen","com.spaceship.screen.textcopy","com.tap_to_translate.snap_translate","com.niven.translator","com.niven.game","com.gaminik.i18n","com.newmg.yurao.pro","com.niven.comic","com.microsoft.translator","at.nk.tools.iTranslate","com.screen.translate.google","com.translate.language.translator.voice.translation","com.niven.apptranslate","com.google.android.apps.translate","com.language.translate.free.translator.voice.translation","com.zaz.translate","com.aldoo.pdftranslatorpro","com.deepl.mobiletranslator","com.voice_camera_free_translate","com.translate.talkingtranslator"]},{"rank":{"index":2,"lang":"fr","country":"fr","chineseCountryName":"法国","pkg":"com.spaceship.screen.textcopy"},"orders":["com.recognize_text.translate.screen","com.spaceship.screen.textcopy","com.tap_to_translate.snap_translate","com.gaminik.i18n","com.niven.translator","com.microsoft.translator","com.niven.game","com.newmg.yurao.pro","com.niven.comic","at.nk.tools.iTranslate","com.screen.translate.google","com.zaz.translate","com.language.translate.free.translator.voice.translation","com.translate.talkingtranslator","com.datacomprojects.scanandtranslate","com.google.android.apps.translate","com.niven.apptranslate","com.deepl.mobiletranslator","com.google.ar.lens","com.translate.language.translator.voice.translation"]},{"rank":{"index":2,"lang":"en-gb","country":"gb","chineseCountryName":"英国","pkg":"com.spaceship.screen.textcopy"},"orders":["com.recognize_text.translate.screen","com.spaceship.screen.textcopy","com.tap_to_translate.snap_translate","com.gaminik.i18n","com.microsoft.translator","com.niven.translator","com.google.android.apps.translate","com.niven.game","com.newmg.yurao.pro","at.nk.tools.iTranslate","com.zaz.translate","com.language.translate.free.translator.voice.translation","com.niven.comic","com.screen.translate.google","com.translate.talkingtranslator","com.google.ar.lens","com.datacomprojects.scanandtranslate","com.deepl.mobiletranslator","com.niven.apptranslate","com.translate.language.translator.voice.translation"]},{"rank":{"index":2,"lang":"de","country":"de","chineseCountryName":"德国","pkg":"com.spaceship.screen.textcopy"},"orders":["com.recognize_text.translate.screen","com.spaceship.screen.textcopy","com.tap_to_translate.snap_translate","com.niven.translator","com.microsoft.translator","com.gaminik.i18n","com.niven.game","com.newmg.yurao.pro","at.nk.tools.iTranslate","com.niven.comic","com.language.translate.free.translator.voice.translation","com.screen.translate.google","com.google.android.apps.translate","com.translate.talkingtranslator","com.datacomprojects.scanandtranslate","com.deepl.mobiletranslator","com.zaz.translate","com.niven.apptranslate","com.sayhi.android.sayhitranslate","com.aldoo.pdftranslatorpro"]},{"rank":{"index":2,"lang":"it","country":"it","chineseCountryName":"意大利","pkg":"com.spaceship.screen.textcopy"},"orders":["com.recognize_text.translate.screen","com.spaceship.screen.textcopy","com.gaminik.i18n","com.tap_to_translate.snap_translate","com.niven.translator","com.niven.game","com.microsoft.translator","com.newmg.yurao.pro","com.niven.comic","at.nk.tools.iTranslate","com.screen.translate.google","com.language.translate.free.translator.voice.translation","com.zaz.translate","com.datacomprojects.scanandtranslate","com.google.android.apps.translate","com.niven.apptranslate","com.deepl.mobiletranslator","com.translate.talkingtranslator","com.translate.language.translator.voice.translation","com.tangdi.baiguotong"]},{"rank":{"index":2,"lang":"ja","country":"jp","chineseCountryName":"日本","pkg":"com.spaceship.screen.textcopy"},"orders":["com.recognize_text.translate.screen","com.spaceship.screen.textcopy","com.tap_to_translate.snap_translate","com.niven.game","com.gaminik.i18n","com.niven.translator","com.microsoft.translator","com.newmg.yurao.pro","com.niven.comic","at.nk.tools.iTranslate","com.screen.translate.google","com.language.translate.free.translator.voice.translation","com.deepl.mobiletranslator","com.google.android.apps.translate"]},{"rank":{"index":2,"lang":"ko","country":"kr","chineseCountryName":"韩国","pkg":"com.spaceship.screen.textcopy"},"orders":["com.recognize_text.translate.screen","com.spaceship.screen.textcopy","com.tap_to_translate.snap_translate","com.microsoft.translator","com.niven.translator","com.gaminik.i18n","com.google.android.apps.translate","com.newmg.yurao.pro","com.niven.game","at.nk.tools.iTranslate","com.language.translate.free.translator.voice.translation","com.niven.comic","com.zaz.translate","com.screen.translate.google","com.translate.talkingtranslator","com.naver.labs.translator","com.datacomprojects.scanandtranslate","com.flitto.app","com.google.ar.lens","com.niven.apptranslate"]},{"rank":{"index":2,"lang":"zh-hk","country":"hk","chineseCountryName":"香港","pkg":"com.spaceship.screen.textcopy"},"orders":["com.recognize_text.translate.screen","com.spaceship.screen.textcopy","com.microsoft.translator","com.tap_to_translate.snap_translate","com.google.android.apps.translate","com.gaminik.i18n","com.niven.translator","com.newmg.yurao.pro","com.niven.game","at.nk.tools.iTranslate","com.niven.comic","com.screen.translate.google","com.language.translate.free.translator.voice.translation","com.zaz.translate","com.immersivetranslate.browser","com.translate.talkingtranslator","com.datacomprojects.scanandtranslate","com.deepl.mobiletranslator","com.google.ar.lens","com.tangdi.baiguotong"]},{"rank":{"index":2,"lang":"zh-tw","country":"tw","chineseCountryName":"台湾","pkg":"com.spaceship.screen.textcopy"},"orders":["com.recognize_text.translate.screen","com.spaceship.screen.textcopy","com.tap_to_translate.snap_translate","com.gaminik.i18n","com.microsoft.translator","com.niven.translator","com.google.android.apps.translate","com.niven.game","com.newmg.yurao.pro","at.nk.tools.iTranslate","com.niven.comic","com.language.translate.free.translator.voice.translation","com.translate.talkingtranslator","com.screen.translate.google","com.zaz.translate","com.niven.apptranslate","com.datacomprojects.scanandtranslate","com.tangdi.baiguotong","com.immersivetranslate.browser","com.eecorp.linguago"]},{"rank":{"index":2,"lang":"en","country":"in","chineseCountryName":"印度","pkg":"com.spaceship.screen.textcopy"},"orders":["com.recognize_text.translate.screen","com.spaceship.screen.textcopy","com.tap_to_translate.snap_translate"]},{"rank":{"index":2,"lang":"id","country":"id","chineseCountryName":"印尼","pkg":"com.spaceship.screen.textcopy"},"orders":["com.recognize_text.translate.screen","com.spaceship.screen.textcopy","com.tap_to_translate.snap_translate","com.niven.translator","com.niven.game","com.gaminik.i18n","com.newmg.yurao.pro","com.niven.comic","com.screen.translate.google","at.nk.tools.iTranslate","com.microsoft.translator"]},{"rank":{"index":2,"lang":"es-mx","country":"mx","chineseCountryName":"墨西哥","pkg":"com.spaceship.screen.textcopy"},"orders":["com.recognize_text.translate.screen","com.spaceship.screen.textcopy","com.niven.translator","com.tap_to_translate.snap_translate","com.gaminik.i18n","com.niven.game","com.newmg.yurao.pro","com.microsoft.translator","com.niven.comic","at.nk.tools.iTranslate","com.screen.translate.google","com.niven.apptranslate","com.aldoo.pdftranslatorpro","com.google.android.apps.translate","com.language.translate.free.translator.voice.translation","com.deepl.mobiletranslator","com.google.ar.lens","com.eecorp.taptranslator","com.zaz.translate","com.android.chrome"]}]