[{"rank":{"index":2,"lang":"en-us","country":"us","chineseCountryName":"美国","pkg":"com.spaceship.screen.textcopy"},"orders":["com.recognize_text.translate.screen","com.spaceship.screen.textcopy","com.screen.translate.google","com.yoyodev.screentranslate","com.niven.translator","com.google.android.apps.translate","com.gaminik.i18n","com.tap_to_translate.snap_translate","com.aurasense.screentranslate","com.galaxy.airviewdictionary","com.newmg.yurao.pro","com.newtranslate.google","com.hive.lingonative","com.eecorp.linguago","com.esarikaya.screentranslate","live.screentranslate.realtime","com.zaz.translate","com.microsoft.translator","com.niven.apptranslate","com.niven.game"]},{"rank":{"index":4,"lang":"ru","country":"ru","chineseCountryName":"俄罗斯","pkg":"com.spaceship.screen.textcopy"},"orders":["com.recognize_text.translate.screen","com.niven.translator","com.yoyodev.screentranslate","com.spaceship.screen.textcopy","com.tap_to_translate.snap_translate","com.gaminik.i18n","com.screen.translate.google","com.galaxy.airviewdictionary","com.newtranslate.google","com.newmg.yurao.pro","com.esarikaya.screentranslate","com.eecorp.linguago","com.niven.apptranslate","live.screentranslate.realtime","com.niven.game","ru.yandex.translate"]},{"rank":{"index":2,"lang":"pt-br","country":"br","chineseCountryName":"巴西","pkg":"com.spaceship.screen.textcopy"},"orders":["com.recognize_text.translate.screen","com.spaceship.screen.textcopy","com.niven.translator","com.gaminik.i18n","com.tap_to_translate.snap_translate","com.screen.translate.google","com.galaxy.airviewdictionary","com.newtranslate.google","com.newmg.yurao.pro","com.google.android.apps.translate","com.esarikaya.screentranslate","live.screentranslate.realtime","com.eecorp.linguago","com.niven.apptranslate","com.niven.game","com.screen.translator.text.recognize","com.chat_translate.screen_translate","ru.yandex.translate","screen.translator.voice.translate","com.zaz.translate"]},{"rank":{"index":3,"lang":"fr","country":"fr","chineseCountryName":"法国","pkg":"com.spaceship.screen.textcopy"},"orders":["com.recognize_text.translate.screen","com.yoyodev.screentranslate","com.spaceship.screen.textcopy","com.screen.translate.google","com.niven.translator","com.tap_to_translate.snap_translate","com.gaminik.i18n","com.galaxy.airviewdictionary","com.newtranslate.google","com.aurasense.screentranslate","com.newmg.yurao.pro","com.esarikaya.screentranslate","com.niven.apptranslate","com.google.android.apps.translate","screen.translator.voice.translate","com.niven.game","live.screentranslate.realtime","com.eecorp.linguago","com.hive.lingonative","com.screen.translator.live.translate.textcopy"]},{"rank":{"index":2,"lang":"en-gb","country":"gb","chineseCountryName":"英国","pkg":"com.spaceship.screen.textcopy"},"orders":["com.recognize_text.translate.screen","com.spaceship.screen.textcopy","com.screen.translate.google","com.yoyodev.screentranslate","com.niven.translator","com.galaxy.airviewdictionary","com.gaminik.i18n","com.aurasense.screentranslate","com.tap_to_translate.snap_translate","com.newtranslate.google","com.newmg.yurao.pro","com.google.android.apps.translate","com.esarikaya.screentranslate","com.niven.apptranslate","com.niven.game","com.eecorp.linguago","com.deepl.mobiletranslator","screen.translator.voice.translate","com.hive.lingonative","com.zaz.translate"]},{"rank":{"index":3,"lang":"de","country":"de","chineseCountryName":"德国","pkg":"com.spaceship.screen.textcopy"},"orders":["com.recognize_text.translate.screen","com.yoyodev.screentranslate","com.spaceship.screen.textcopy","com.gaminik.i18n","com.screen.translate.google","com.niven.translator","com.galaxy.airviewdictionary","com.tap_to_translate.snap_translate","com.aurasense.screentranslate","com.newtranslate.google","com.newmg.yurao.pro","com.esarikaya.screentranslate","com.google.android.apps.translate","com.niven.apptranslate","com.hive.lingonative","screen.translator.voice.translate","live.screentranslate.realtime","com.deepl.mobiletranslator","com.eecorp.linguago","com.niven.game"]},{"rank":{"index":4,"lang":"it","country":"it","chineseCountryName":"意大利","pkg":"com.spaceship.screen.textcopy"},"orders":["com.recognize_text.translate.screen","com.yoyodev.screentranslate","com.gaminik.i18n","com.spaceship.screen.textcopy","com.screen.translate.google","com.tap_to_translate.snap_translate","com.galaxy.airviewdictionary","com.niven.translator","com.newtranslate.google","com.aurasense.screentranslate","com.newmg.yurao.pro"]},{"rank":{"index":2,"lang":"ja","country":"jp","chineseCountryName":"日本","pkg":"com.spaceship.screen.textcopy"},"orders":["com.recognize_text.translate.screen","com.spaceship.screen.textcopy","com.gaminik.i18n","com.screen.translate.google","com.tap_to_translate.snap_translate","com.niven.translator","com.galaxy.airviewdictionary","com.newtranslate.google","com.aurasense.screentranslate","com.newmg.yurao.pro"]},{"rank":{"index":3,"lang":"ko","country":"kr","chineseCountryName":"韩国","pkg":"com.spaceship.screen.textcopy"},"orders":["com.recognize_text.translate.screen","com.gaminik.i18n","com.spaceship.screen.textcopy","com.screen.translate.google","com.niven.translator","com.galaxy.airviewdictionary","com.tap_to_translate.snap_translate","com.aurasense.screentranslate","com.newtranslate.google","com.newmg.yurao.pro"]},{"rank":{"index":2,"lang":"zh-hk","country":"hk","chineseCountryName":"香港","pkg":"com.spaceship.screen.textcopy"},"orders":["com.recognize_text.translate.screen","com.spaceship.screen.textcopy","com.gaminik.i18n","com.screen.translate.google","com.yoyodev.screentranslate","com.galaxy.airviewdictionary","com.aurasense.screentranslate","com.niven.translator","com.tap_to_translate.snap_translate","com.newtranslate.google","com.newmg.yurao.pro","com.google.android.apps.translate","com.niven.apptranslate","com.esarikaya.screentranslate","com.niven.game","com.deepl.mobiletranslator","screen.translator.voice.translate","com.hive.lingonative","link.zhidou.btranslator","com.zaz.translate"]},{"rank":{"index":5,"lang":"zh-tw","country":"tw","chineseCountryName":"台湾","pkg":"com.spaceship.screen.textcopy"},"orders":["com.recognize_text.translate.screen","com.screen.translate.google","com.yoyodev.screentranslate","com.gaminik.i18n","com.spaceship.screen.textcopy","com.galaxy.airviewdictionary","com.aurasense.screentranslate","com.niven.translator","com.tap_to_translate.snap_translate","com.newtranslate.google","com.newmg.yurao.pro","com.esarikaya.screentranslate","com.niven.apptranslate","com.google.android.apps.translate","screen.translator.voice.translate"]},{"rank":{"index":0,"lang":"en","country":"in","chineseCountryName":"印度","pkg":"com.spaceship.screen.textcopy"},"orders":["com.recognize_text.translate.screen","com.tap_to_translate.snap_translate","com.gaminik.i18n","com.google.android.apps.translate","link.zhidou.btranslator","com.addevice.translate","com.galaxy.airviewdictionary","com.screen.translate.google","com.yoyodev.screentranslate","com.niven.translator","com.newmg.yurao.pro","com.newtranslate.google","com.aurasense.screentranslate","screen.translator.voice.translate","com.esarikaya.screentranslate","com.niven.apptranslate","translate.speech.text.translation.voicetranslator","at.nk.tools.iTranslate","com.niven.game","com.screen.translator.text.recognize"]},{"rank":{"index":2,"lang":"id","country":"id","chineseCountryName":"印尼","pkg":"com.spaceship.screen.textcopy"},"orders":["com.recognize_text.translate.screen","com.spaceship.screen.textcopy","com.tap_to_translate.snap_translate","com.gaminik.i18n","com.yoyodev.screentranslate","com.niven.translator","com.screen.translate.google","com.galaxy.airviewdictionary","com.aurasense.screentranslate","com.newtranslate.google","com.newmg.yurao.pro"]},{"rank":{"index":2,"lang":"es-mx","country":"mx","chineseCountryName":"墨西哥","pkg":"com.spaceship.screen.textcopy"},"orders":["com.recognize_text.translate.screen","com.spaceship.screen.textcopy","com.tap_to_translate.snap_translate","com.gaminik.i18n","com.google.android.apps.translate","com.zaz.translate","com.galaxy.airviewdictionary","com.screen.translate.google","com.yoyodev.screentranslate","com.niven.translator","com.newtranslate.google","com.newmg.yurao.pro","screen.translator.voice.translate","com.aurasense.screentranslate","com.esarikaya.screentranslate","com.niven.apptranslate","at.nk.tools.iTranslate","com.niven.game","com.screen.translator.live.translate.textcopy","com.microsoft.translator"]}]