[{"rank":{"index":2,"lang":"en-us","country":"us","chineseCountryName":"美国","pkg":"com.spaceship.screen.textcopy"},"orders":["com.recognize_text.translate.screen","com.spaceship.screen.textcopy","com.tap_to_translate.snap_translate","com.microsoft.translator","com.gaminik.i18n","com.google.android.apps.translate","com.niven.translator","screen.translator.voice.translate","com.niven.game","com.newmg.yurao.pro","at.nk.tools.iTranslate","com.eecorp.taptranslator","com.niven.comic","com.niven.apptranslate","com.eecorp.linguago","ru.yandex.translate","com.screen.translate.google","com.deepl.mobiletranslator","com.naver.labs.translator","com.galaxy.airviewdictionary"]},{"rank":{"index":2,"lang":"ru","country":"ru","chineseCountryName":"俄罗斯","pkg":"com.spaceship.screen.textcopy"},"orders":["com.recognize_text.translate.screen","com.spaceship.screen.textcopy","com.tap_to_translate.snap_translate","com.gaminik.i18n","com.niven.translator","com.niven.game","com.microsoft.translator","com.google.android.apps.translate","com.newmg.yurao.pro","ru.yandex.translate","com.niven.apptranslate","com.niven.comic","at.nk.tools.iTranslate","com.screen.translate.google","screen.translator.voice.translate","com.eecorp.linguago","com.galaxy.airviewdictionary","us.zoom.videomeetings","com.softissimo.reverso.context","com.android.chrome"]},{"rank":{"index":2,"lang":"pt-br","country":"br","chineseCountryName":"巴西","pkg":"com.spaceship.screen.textcopy"},"orders":["com.recognize_text.translate.screen","com.spaceship.screen.textcopy","com.tap_to_translate.snap_translate","com.gaminik.i18n","com.niven.translator","screen.translator.voice.translate","com.niven.game","com.niven.comic","com.google.android.apps.translate","com.newmg.yurao.pro","com.niven.apptranslate","com.microsoft.translator","com.eecorp.taptranslator","us.zoom.videomeetings","com.android.chrome","com.google.android.apps.maps","com.google.android.apps.docs","com.discord","com.google.android.apps.photos","at.nk.tools.iTranslate"]},{"rank":{"index":2,"lang":"fr","country":"fr","chineseCountryName":"法国","pkg":"com.spaceship.screen.textcopy"},"orders":["com.recognize_text.translate.screen","com.spaceship.screen.textcopy","com.tap_to_translate.snap_translate","com.gaminik.i18n","com.microsoft.translator","com.google.android.apps.translate","com.niven.translator","screen.translator.voice.translate","com.niven.game","us.zoom.videomeetings","com.discord","com.android.chrome","com.google.android.apps.photos","com.microsoft.office.outlook","com.skype.raider","com.truecaller","com.google.android.apps.maps","com.supercell.clashroyale","com.adobe.reader","org.videolan.vlc"]},{"rank":{"index":2,"lang":"en-gb","country":"gb","chineseCountryName":"英国","pkg":"com.spaceship.screen.textcopy"},"orders":["com.recognize_text.translate.screen","com.spaceship.screen.textcopy","com.tap_to_translate.snap_translate","com.google.android.apps.translate","com.microsoft.translator","com.gaminik.i18n","screen.translator.voice.translate","com.niven.translator","com.niven.game","at.nk.tools.iTranslate","com.newmg.yurao.pro","com.niven.apptranslate","com.niven.comic","com.eecorp.taptranslator","com.screen.translate.google","ru.yandex.translate","com.softissimo.reverso.context","com.eecorp.linguago","com.deepl.mobiletranslator","com.galaxy.airviewdictionary"]},{"rank":{"index":2,"lang":"de","country":"de","chineseCountryName":"德国","pkg":"com.spaceship.screen.textcopy"},"orders":["com.recognize_text.translate.screen","com.spaceship.screen.textcopy","com.tap_to_translate.snap_translate","com.gaminik.i18n","com.newmg.yurao.pro","com.niven.translator","com.microsoft.translator","com.niven.game","com.google.android.apps.translate","com.niven.comic","at.nk.tools.iTranslate","com.niven.apptranslate","com.eecorp.taptranslator","com.deepl.mobiletranslator","com.screen.translate.google","com.eecorp.linguago","screen.translator.voice.translate","ru.yandex.translate","com.weekway.screen_translation","com.softissimo.reverso.context"]},{"rank":{"index":2,"lang":"it","country":"it","chineseCountryName":"意大利","pkg":"com.spaceship.screen.textcopy"},"orders":["com.recognize_text.translate.screen","com.spaceship.screen.textcopy","com.tap_to_translate.snap_translate","com.gaminik.i18n","screen.translator.voice.translate","com.niven.translator","com.niven.game","com.microsoft.translator","com.newmg.yurao.pro","com.google.android.apps.translate","com.niven.apptranslate","at.nk.tools.iTranslate","com.niven.comic","com.screen.translate.google","com.eecorp.taptranslator","us.zoom.videomeetings","com.discord","com.android.chrome","com.google.android.apps.photos","com.google.android.apps.maps"]},{"rank":{"index":1,"lang":"ja","country":"jp","chineseCountryName":"日本","pkg":"com.spaceship.screen.textcopy"},"orders":["com.spaceship.screen.textcopy","com.recognize_text.translate.screen","com.tap_to_translate.snap_translate","com.gaminik.i18n","com.niven.apptranslate","com.niven.translator","com.google.android.apps.translate","com.niven.game","com.microsoft.translator","com.niven.comic","com.newmg.yurao.pro","us.zoom.videomeetings","com.android.chrome","com.discord","com.google.android.apps.maps","com.duolingo","com.naver.labs.translator","com.google.ar.lens","com.deepl.mobiletranslator","com.skype.raider"]},{"rank":{"index":2,"lang":"ko","country":"kr","chineseCountryName":"韩国","pkg":"com.spaceship.screen.textcopy"},"orders":["com.recognize_text.translate.screen","com.spaceship.screen.textcopy","com.tap_to_translate.snap_translate","com.niven.game","com.google.android.apps.translate","com.microsoft.translator","com.gaminik.i18n","com.niven.translator","com.niven.apptranslate","com.newmg.yurao.pro","com.niven.comic","com.naver.labs.translator","at.nk.tools.iTranslate","com.screen.translate.google","com.translate.language.translator.voice.translation","com.galaxy.airviewdictionary","com.softissimo.reverso.context","com.deepl.mobiletranslator","com.eecorp.taptranslator","com.zaz.translate"]},{"rank":{"index":2,"lang":"zh-hk","country":"hk","chineseCountryName":"香港","pkg":"com.spaceship.screen.textcopy"},"orders":["com.recognize_text.translate.screen","com.spaceship.screen.textcopy","com.tap_to_translate.snap_translate","com.microsoft.translator","com.gaminik.i18n","com.google.android.apps.translate","com.niven.game","com.niven.translator","at.nk.tools.iTranslate","com.newmg.yurao.pro","com.niven.comic","com.niven.apptranslate","com.screen.translate.google","com.tangdi.baiguotong","com.galaxy.airviewdictionary","ru.yandex.translate","com.android.chrome","com.google.android.apps.maps","us.zoom.videomeetings","screen.translator.voice.translate"]},{"rank":{"index":2,"lang":"zh-tw","country":"tw","chineseCountryName":"台湾","pkg":"com.spaceship.screen.textcopy"},"orders":["com.recognize_text.translate.screen","com.spaceship.screen.textcopy","com.niven.game","com.tap_to_translate.snap_translate","com.gaminik.i18n","com.google.android.apps.translate","com.microsoft.translator","com.niven.translator","at.nk.tools.iTranslate","com.niven.apptranslate","com.newmg.yurao.pro","com.tangdi.baiguotong","com.niven.comic","com.screen.translate.google","com.zaz.translate","com.translate.language.translator.voice.translation","com.eecorp.taptranslator","com.naver.labs.translator","com.galaxy.airviewdictionary","com.softissimo.reverso.context"]},{"rank":{"index":3,"lang":"en","country":"in","chineseCountryName":"印度","pkg":"com.spaceship.screen.textcopy"},"orders":["com.recognize_text.translate.screen","com.tap_to_translate.snap_translate","com.spaceship.screen.textcopy","com.google.android.apps.translate","com.microsoft.translator","com.gaminik.i18n","at.nk.tools.iTranslate"]},{"rank":{"index":1,"lang":"id","country":"id","chineseCountryName":"印尼","pkg":"com.spaceship.screen.textcopy"},"orders":["com.spaceship.screen.textcopy","com.recognize_text.translate.screen","com.tap_to_translate.snap_translate","com.gaminik.i18n","com.niven.game","com.niven.translator","com.niven.comic","com.newmg.yurao.pro","com.youdao.hindict","com.google.android.apps.translate","com.niven.apptranslate","at.nk.tools.iTranslate","com.microsoft.translator"]},{"rank":{"index":2,"lang":"es-mx","country":"mx","chineseCountryName":"墨西哥","pkg":"com.spaceship.screen.textcopy"},"orders":["com.recognize_text.translate.screen","com.spaceship.screen.textcopy","com.tap_to_translate.snap_translate","com.gaminik.i18n","com.niven.translator","com.niven.game","com.niven.comic","com.newmg.yurao.pro","com.microsoft.translator","com.niven.apptranslate","com.google.android.apps.translate","com.youdao.hindict","us.zoom.videomeetings","at.nk.tools.iTranslate","com.android.chrome","com.google.android.apps.maps","com.discord","com.google.android.apps.docs","com.google.android.apps.photos","com.intsig.camscanner"]}]