[{"rank":{"index":2,"lang":"en-us","country":"us","chineseCountryName":"美国","pkg":"com.spaceship.screen.textcopy"},"orders":["com.recognize_text.translate.screen","com.spaceship.screen.textcopy","com.tap_to_translate.snap_translate","com.google.android.apps.translate","com.gaminik.i18n","com.screen.translate.google","com.niven.translator","com.niven.game","com.microsoft.translator","com.newmg.yurao.pro","com.niven.apptranslate","com.niven.comic","com.deepl.mobiletranslator","com.naver.labs.translator","com.google.ar.lens","com.sayhi.android.sayhitranslate","at.nk.tools.iTranslate","com.translate.talkingtranslator","com.zaz.translate","com.youdao.hindict"]},{"rank":{"index":2,"lang":"ru","country":"ru","chineseCountryName":"俄罗斯","pkg":"com.spaceship.screen.textcopy"},"orders":["com.recognize_text.translate.screen","com.spaceship.screen.textcopy","com.gaminik.i18n","com.niven.translator","com.niven.game","com.tap_to_translate.snap_translate","com.screen.translate.google","com.niven.apptranslate","com.niven.comic","com.newmg.yurao.pro","ru.yandex.translate","com.google.android.apps.translate","com.microsoft.translator","com.deepl.mobiletranslator","com.datacomprojects.scanandtranslate","com.google.ar.lens","com.android.chrome","at.nk.tools.iTranslate","com.facebook.orca","com.google.android.dialer"]},{"rank":{"index":2,"lang":"fr","country":"fr","chineseCountryName":"法国","pkg":"com.spaceship.screen.textcopy"},"orders":["com.recognize_text.translate.screen","com.spaceship.screen.textcopy","com.tap_to_translate.snap_translate","com.gaminik.i18n","com.niven.game","com.niven.translator","com.screen.translate.google","com.google.android.apps.translate","com.niven.comic","com.niven.apptranslate","com.microsoft.translator","com.newmg.yurao.pro","ru.yandex.translate","com.deepl.mobiletranslator","com.facebook.orca","org.telegram.messenger","com.discord","at.nk.tools.iTranslate","com.canva.editor","com.microsoft.office.outlook"]},{"rank":{"index":2,"lang":"en-gb","country":"gb","chineseCountryName":"英国","pkg":"com.spaceship.screen.textcopy"},"orders":["com.recognize_text.translate.screen","com.spaceship.screen.textcopy","com.gaminik.i18n","com.google.android.apps.translate","com.niven.game","com.niven.translator","com.screen.translate.google","com.microsoft.translator","com.tap_to_translate.snap_translate","com.niven.apptranslate","com.niven.comic","com.newmg.yurao.pro","at.nk.tools.iTranslate","com.deepl.mobiletranslator","com.siv","com.facebook.orca","ru.yandex.translate","com.datacomprojects.scanandtranslate","com.android.chrome","com.duolingo"]},{"rank":{"index":2,"lang":"de","country":"de","chineseCountryName":"德国","pkg":"com.spaceship.screen.textcopy"},"orders":["com.recognize_text.translate.screen","com.spaceship.screen.textcopy","com.tap_to_translate.snap_translate","com.gaminik.i18n","com.niven.game","com.screen.translate.google","com.niven.translator","com.microsoft.translator","com.google.android.apps.translate","com.niven.comic","com.niven.apptranslate","com.newmg.yurao.pro","com.deepl.mobiletranslator","ru.yandex.translate","com.facebook.orca","com.discord","com.android.chrome","at.nk.tools.iTranslate","com.canva.editor","com.truecaller"]},{"rank":{"index":2,"lang":"it","country":"it","chineseCountryName":"意大利","pkg":"com.spaceship.screen.textcopy"},"orders":["com.recognize_text.translate.screen","com.spaceship.screen.textcopy","com.gaminik.i18n","com.niven.game","com.niven.translator","com.screen.translate.google","com.tap_to_translate.snap_translate","com.google.android.apps.translate","com.niven.comic","com.niven.apptranslate","com.microsoft.translator","com.newmg.yurao.pro","at.nk.tools.iTranslate","com.softissimo.reverso.context","com.deepl.mobiletranslator","com.translate.language.translator.voice.translation","ru.yandex.translate","com.duolingo","com.discord","com.eecorp.taptranslator"]},{"rank":{"index":2,"lang":"ja","country":"jp","chineseCountryName":"日本","pkg":"com.spaceship.screen.textcopy"},"orders":["com.recognize_text.translate.screen","com.spaceship.screen.textcopy","com.gaminik.i18n","com.niven.game","com.niven.translator","com.screen.translate.google","com.tap_to_translate.snap_translate","com.niven.apptranslate","com.google.android.apps.translate","com.niven.comic","com.microsoft.translator","com.deepl.mobiletranslator","com.facebook.orca","com.android.chrome","com.google.ar.lens","com.newmg.yurao.pro","com.naver.labs.translator","com.discord","com.google.android.apps.maps","com.amazon.kindle"]},{"rank":{"index":2,"lang":"ko","country":"kr","chineseCountryName":"韩国","pkg":"com.spaceship.screen.textcopy"},"orders":["com.recognize_text.translate.screen","com.spaceship.screen.textcopy","com.tap_to_translate.snap_translate","com.gaminik.i18n","com.niven.game","com.niven.translator","com.screen.translate.google","com.niven.apptranslate","com.niven.comic","com.google.android.apps.translate","com.newmg.yurao.pro","com.naver.labs.translator","com.facebook.orca","com.microsoft.translator","com.discord","com.android.chrome","com.sec.android.app.sbrowser","com.google.android.apps.photos","us.zoom.videomeetings","com.duolingo"]},{"rank":{"index":2,"lang":"zh-hk","country":"hk","chineseCountryName":"香港","pkg":"com.spaceship.screen.textcopy"},"orders":["com.recognize_text.translate.screen","com.spaceship.screen.textcopy","com.gaminik.i18n","com.google.android.apps.translate","com.niven.game","com.niven.translator","com.screen.translate.google","com.microsoft.translator","com.tap_to_translate.snap_translate","com.niven.comic","at.nk.tools.iTranslate"]},{"rank":{"index":2,"lang":"zh-tw","country":"tw","chineseCountryName":"台湾","pkg":"com.spaceship.screen.textcopy"},"orders":["com.recognize_text.translate.screen","com.spaceship.screen.textcopy","com.gaminik.i18n","com.niven.game","com.screen.translate.google","com.niven.translator","com.tap_to_translate.snap_translate","com.niven.comic","com.google.android.apps.translate","com.niven.apptranslate","com.microsoft.translator","com.newmg.yurao.pro","at.nk.tools.iTranslate","com.facebook.orca","com.discord","org.telegram.messenger","com.android.chrome","com.google.android.apps.maps","com.duolingo","com.skype.raider"]},{"rank":{"index":2,"lang":"en","country":"in","chineseCountryName":"印度","pkg":"com.spaceship.screen.textcopy"},"orders":["com.recognize_text.translate.screen","com.spaceship.screen.textcopy","com.google.android.apps.translate","com.tap_to_translate.snap_translate","com.microsoft.translator","com.niven.translator","com.screen.translate.google","com.niven.game","com.newmg.yurao.pro","at.nk.tools.iTranslate","ru.yandex.translate","com.deepl.mobiletranslator","com.naver.labs.translator","com.softissimo.reverso.context","com.siv","com.kursx.smartbook","com.google.ar.lens","com.datacomprojects.scanandtranslate","com.zaz.translate","com.gaminik.i18n"]},{"rank":{"index":2,"lang":"id","country":"id","chineseCountryName":"印尼","pkg":"com.spaceship.screen.textcopy"},"orders":["com.recognize_text.translate.screen","com.spaceship.screen.textcopy","com.tap_to_translate.snap_translate","com.gaminik.i18n","com.niven.game","com.niven.translator","com.screen.translate.google","com.google.android.apps.translate","com.youdao.hindict","com.niven.comic","com.newmg.yurao.pro"]},{"rank":{"index":2,"lang":"es-mx","country":"mx","chineseCountryName":"墨西哥","pkg":"com.spaceship.screen.textcopy"},"orders":["com.recognize_text.translate.screen","com.spaceship.screen.textcopy","com.tap_to_translate.snap_translate","com.niven.game","com.google.android.apps.translate","com.microsoft.translator","com.screen.translate.google","at.nk.tools.iTranslate","com.youdao.hindict","com.deepl.mobiletranslator","ru.yandex.translate","com.naver.labs.translator","com.niven.comic","com.translate.talkingtranslator","com.niven.apptranslate","com.softissimo.reverso.context","com.google.ar.lens","com.royalappcode.translation.voice.language.chat.interpreter","com.gaminik.i18n","com.niven.translator"]}]