[{"rank":{"index":2,"lang":"en-us","country":"us","chineseCountryName":"美国","pkg":"com.spaceship.screen.textcopy"},"orders":["com.recognize_text.translate.screen","com.spaceship.screen.textcopy","com.tap_to_translate.snap_translate","com.google.android.apps.translate","com.screen.translate.google","com.newmg.yurao.pro","com.gaminik.i18n","com.niven.translator","com.microsoft.translator","com.naver.labs.translator","com.immersivetranslate.browser","com.niven.game","com.zaz.translate","com.deepl.mobiletranslator","com.voice_camera_free_translate","com.niven.apptranslate","com.translate.talkingtranslator","ru.yandex.translate","at.nk.tools.iTranslate","link.zhidou.btranslator"]},{"rank":{"index":0,"lang":"ru","country":"ru","chineseCountryName":"俄罗斯","pkg":"com.spaceship.screen.textcopy"},"orders":["com.recognize_text.translate.screen","com.niven.translator","com.tap_to_translate.snap_translate","com.newmg.yurao.pro","com.gaminik.i18n","com.screen.translate.google","com.niven.game","ru.yandex.translate","com.google.android.apps.translate"]},{"rank":{"index":2,"lang":"pt-br","country":"br","chineseCountryName":"巴西","pkg":"com.spaceship.screen.textcopy"},"orders":["com.recognize_text.translate.screen","com.spaceship.screen.textcopy","com.tap_to_translate.snap_translate","com.newmg.yurao.pro","com.gaminik.i18n","com.google.android.apps.translate","com.deepl.mobiletranslator","at.nk.tools.iTranslate","com.youdao.hindict","com.zaz.translate","ru.yandex.translate","com.ticktalk.translatevoice","com.naver.labs.translator","com.google.ar.lens","com.tangdi.baiguotong","com.niven.translator","com.screen.translate.google","com.niven.game","com.newtranslate.google","screen.translator.voice.translate"]},{"rank":{"index":2,"lang":"fr","country":"fr","chineseCountryName":"法国","pkg":"com.spaceship.screen.textcopy"},"orders":["com.recognize_text.translate.screen","com.spaceship.screen.textcopy","com.tap_to_translate.snap_translate","com.newmg.yurao.pro","com.gaminik.i18n","com.niven.translator","com.screen.translate.google","com.google.android.apps.translate","com.microsoft.translator","com.niven.game","com.immersivetranslate.browser","com.niven.apptranslate","com.zaz.translate","com.deepl.mobiletranslator","com.voice_camera_free_translate","com.naver.labs.translator","com.translate.talkingtranslator","ru.yandex.translate","at.nk.tools.iTranslate","com.ticktalk.translatevoice"]},{"rank":{"index":2,"lang":"en-gb","country":"gb","chineseCountryName":"英国","pkg":"com.spaceship.screen.textcopy"},"orders":["com.recognize_text.translate.screen","com.spaceship.screen.textcopy","com.newmg.yurao.pro","com.google.android.apps.translate","com.screen.translate.google","com.gaminik.i18n","com.microsoft.translator","com.niven.translator","com.tap_to_translate.snap_translate","com.zaz.translate","com.deepl.mobiletranslator","com.niven.game","com.immersivetranslate.browser","com.naver.labs.translator","com.tangdi.baiguotong","ru.yandex.translate","at.nk.tools.iTranslate","com.paninitranslate","com.youdao.hindict","com.ticktalk.translatevoice"]},{"rank":{"index":2,"lang":"de","country":"de","chineseCountryName":"德国","pkg":"com.spaceship.screen.textcopy"},"orders":["com.recognize_text.translate.screen","com.spaceship.screen.textcopy","com.newmg.yurao.pro","com.screen.translate.google","com.niven.translator","com.gaminik.i18n","com.tap_to_translate.snap_translate","com.microsoft.translator","com.google.android.apps.translate","com.niven.game","com.immersivetranslate.browser","com.zaz.translate","com.deepl.mobiletranslator","com.niven.apptranslate","com.translate.talkingtranslator","ru.yandex.translate","com.tangdi.baiguotong","at.nk.tools.iTranslate","com.mg.chat","com.eecorp.taptranslator"]},{"rank":{"index":2,"lang":"it","country":"it","chineseCountryName":"意大利","pkg":"com.spaceship.screen.textcopy"},"orders":["com.recognize_text.translate.screen","com.spaceship.screen.textcopy","com.tap_to_translate.snap_translate","com.gaminik.i18n","com.newmg.yurao.pro","com.niven.translator","com.screen.translate.google","com.niven.game","com.google.android.apps.translate","com.microsoft.translator","com.immersivetranslate.browser","com.zaz.translate","com.niven.apptranslate","com.deepl.mobiletranslator","com.tangdi.baiguotong","com.voice_camera_free_translate","ru.yandex.translate","at.nk.tools.iTranslate","com.google.ar.lens","com.eecorp.taptranslator"]},{"rank":{"index":2,"lang":"ja","country":"jp","chineseCountryName":"日本","pkg":"com.spaceship.screen.textcopy"},"orders":["com.recognize_text.translate.screen","com.spaceship.screen.textcopy","com.tap_to_translate.snap_translate","com.gaminik.i18n","com.newmg.yurao.pro","com.niven.translator","com.screen.translate.google","com.microsoft.translator","com.niven.game","com.immersivetranslate.browser","com.naver.labs.translator","com.niven.apptranslate","com.google.android.apps.translate","com.deepl.mobiletranslator"]},{"rank":{"index":3,"lang":"ko","country":"kr","chineseCountryName":"韩国","pkg":"com.spaceship.screen.textcopy"},"orders":["com.recognize_text.translate.screen","com.tap_to_translate.snap_translate","com.spaceship.screen.textcopy","com.newmg.yurao.pro","com.niven.translator","com.gaminik.i18n","com.screen.translate.google","com.niven.game","com.google.android.apps.translate","com.naver.labs.translator","com.immersivetranslate.browser","com.voice_camera_free_translate","com.microsoft.translator","com.niven.apptranslate","com.deepl.mobiletranslator","com.zaz.translate","at.nk.tools.iTranslate","com.paninitranslate","link.zhidou.btranslator","com.youdao.hindict"]},{"rank":{"index":2,"lang":"zh-hk","country":"hk","chineseCountryName":"香港","pkg":"com.spaceship.screen.textcopy"},"orders":["com.recognize_text.translate.screen","com.spaceship.screen.textcopy","com.tap_to_translate.snap_translate","com.screen.translate.google","com.newmg.yurao.pro","com.gaminik.i18n","com.niven.translator","com.google.android.apps.translate","com.immersivetranslate.browser","com.niven.game","com.microsoft.translator","com.zaz.translate","com.voice_camera_free_translate","com.tangdi.baiguotong","com.niven.apptranslate","com.naver.labs.translator","com.deepl.mobiletranslator","at.nk.tools.iTranslate","com.eecorp.taptranslator","com.android.chrome"]},{"rank":{"index":2,"lang":"en","country":"in","chineseCountryName":"印度","pkg":"com.spaceship.screen.textcopy"},"orders":["com.recognize_text.translate.screen","com.spaceship.screen.textcopy","com.newmg.yurao.pro","com.google.android.apps.translate"]},{"rank":{"index":2,"lang":"id","country":"id","chineseCountryName":"印尼","pkg":"com.spaceship.screen.textcopy"},"orders":["com.recognize_text.translate.screen","com.spaceship.screen.textcopy","com.tap_to_translate.snap_translate","com.newmg.yurao.pro","com.gaminik.i18n","com.niven.translator","com.niven.game","com.screen.translate.google","com.google.android.apps.translate","com.niven.apptranslate","com.immersivetranslate.browser","com.naver.labs.translator","com.deepl.mobiletranslator"]},{"rank":{"index":2,"lang":"es-mx","country":"mx","chineseCountryName":"墨西哥","pkg":"com.spaceship.screen.textcopy"},"orders":["com.recognize_text.translate.screen","com.spaceship.screen.textcopy","com.tap_to_translate.snap_translate","com.newmg.yurao.pro","com.gaminik.i18n","com.google.android.apps.translate","at.nk.tools.iTranslate","com.zaz.translate","com.deepl.mobiletranslator","com.youdao.hindict","ru.yandex.translate","com.translate.talkingtranslator","com.naver.labs.translator","com.ticktalk.translatevoice","com.niven.translator","com.screen.translate.google","com.niven.game","com.niven.apptranslate","screen.translator.voice.translate","com.google.ar.lens"]}]