[{"rank":{"index":2,"lang":"en-us","country":"us","chineseCountryName":"美国","pkg":"com.spaceship.screen.textcopy"},"orders":["com.recognize_text.translate.screen","com.spaceship.screen.textcopy","com.niven.translator","com.tap_to_translate.snap_translate","com.microsoft.translator","com.gaminik.i18n","com.google.android.apps.translate","com.niven.game","at.nk.tools.iTranslate","com.niven.comic","com.newmg.yurao.pro","com.language.translate.free.translator.voice.translation","com.screen.translate.google","com.zaz.translate","com.google.ar.lens","com.translate.talkingtranslator","com.naver.labs.translator","com.niven.apptranslate","com.voice_camera_free_translate","com.translate.language.translator.voice.translation"]},{"rank":{"index":2,"lang":"ru","country":"ru","chineseCountryName":"俄罗斯","pkg":"com.spaceship.screen.textcopy"},"orders":["com.recognize_text.translate.screen","com.spaceship.screen.textcopy","com.niven.translator","com.tap_to_translate.snap_translate","com.microsoft.translator","com.niven.game","com.gaminik.i18n","com.newmg.yurao.pro","ru.yandex.translate","com.google.android.apps.translate","com.niven.comic","at.nk.tools.iTranslate","com.screen.translate.google","com.language.translate.free.translator.voice.translation","com.wooask.zx","com.niven.apptranslate","com.datacomprojects.scanandtranslate","com.voice_camera_free_translate","com.zaz.translate","com.google.ar.lens"]},{"rank":{"index":2,"lang":"pt-br","country":"br","chineseCountryName":"巴西","pkg":"com.spaceship.screen.textcopy"},"orders":["com.recognize_text.translate.screen","com.spaceship.screen.textcopy","com.tap_to_translate.snap_translate","com.niven.translator","com.niven.game","com.gaminik.i18n","com.niven.comic","com.newmg.yurao.pro","com.microsoft.translator","at.nk.tools.iTranslate","com.screen.translate.google","com.translate.language.translator.voice.translation","com.google.android.apps.translate","com.niven.apptranslate","com.voice_camera_free_translate","com.language.translate.free.translator.voice.translation","com.google.ar.lens","com.android.chrome","com.zaz.translate","com.google.android.apps.photos"]},{"rank":{"index":2,"lang":"fr","country":"fr","chineseCountryName":"法国","pkg":"com.spaceship.screen.textcopy"},"orders":["com.recognize_text.translate.screen","com.spaceship.screen.textcopy","com.tap_to_translate.snap_translate","com.gaminik.i18n","com.niven.translator","com.niven.game","com.microsoft.translator","com.newmg.yurao.pro","com.niven.comic","at.nk.tools.iTranslate","com.screen.translate.google","com.google.android.apps.translate","com.zaz.translate","com.language.translate.free.translator.voice.translation","com.google.ar.lens","com.translate.talkingtranslator","com.niven.apptranslate","com.voice_camera_free_translate","com.deepl.mobiletranslator","com.wooask.zx"]},{"rank":{"index":2,"lang":"en-gb","country":"gb","chineseCountryName":"英国","pkg":"com.spaceship.screen.textcopy"},"orders":["com.recognize_text.translate.screen","com.spaceship.screen.textcopy","com.tap_to_translate.snap_translate","com.gaminik.i18n","com.microsoft.translator","com.niven.translator","com.google.android.apps.translate","com.niven.game","at.nk.tools.iTranslate","com.niven.comic","com.newmg.yurao.pro","com.zaz.translate","com.screen.translate.google","com.language.translate.free.translator.voice.translation","com.google.ar.lens","com.voice_camera_free_translate","com.niven.apptranslate","com.translate.language.translator.voice.translation","com.wooask.zx","com.deepl.mobiletranslator"]},{"rank":{"index":2,"lang":"de","country":"de","chineseCountryName":"德国","pkg":"com.spaceship.screen.textcopy"},"orders":["com.recognize_text.translate.screen","com.spaceship.screen.textcopy","com.tap_to_translate.snap_translate","com.niven.translator","com.microsoft.translator","com.gaminik.i18n","com.niven.game","at.nk.tools.iTranslate","com.niven.comic","com.newmg.yurao.pro","com.google.android.apps.translate","com.screen.translate.google","com.language.translate.free.translator.voice.translation","com.zaz.translate","com.google.ar.lens","com.translate.talkingtranslator","com.deepl.mobiletranslator","com.niven.apptranslate","ru.yandex.translate","com.wooask.zx"]},{"rank":{"index":2,"lang":"it","country":"it","chineseCountryName":"意大利","pkg":"com.spaceship.screen.textcopy"},"orders":["com.recognize_text.translate.screen","com.spaceship.screen.textcopy","com.niven.game","com.tap_to_translate.snap_translate","com.niven.translator","com.gaminik.i18n","com.microsoft.translator","com.niven.comic","com.newmg.yurao.pro","at.nk.tools.iTranslate","com.screen.translate.google","com.language.translate.free.translator.voice.translation","com.google.android.apps.translate","com.zaz.translate","com.google.ar.lens","com.niven.apptranslate","com.deepl.mobiletranslator","com.datacomprojects.scanandtranslate","com.tangdi.baiguotong","com.translate.talkingtranslator"]},{"rank":{"index":2,"lang":"ja","country":"jp","chineseCountryName":"日本","pkg":"com.spaceship.screen.textcopy"},"orders":["com.recognize_text.translate.screen","com.spaceship.screen.textcopy","com.tap_to_translate.snap_translate","com.niven.translator","com.gaminik.i18n","com.niven.game","com.microsoft.translator","com.newmg.yurao.pro","com.niven.comic","com.screen.translate.google","com.google.android.apps.translate","at.nk.tools.iTranslate","com.language.translate.free.translator.voice.translation","com.deepl.mobiletranslator","com.niven.apptranslate","com.naver.labs.translator","com.galaxy.airviewdictionary","com.google.ar.lens","com.translate.talkingtranslator","com.zaz.translate"]},{"rank":{"index":2,"lang":"ko","country":"kr","chineseCountryName":"韩国","pkg":"com.spaceship.screen.textcopy"},"orders":["com.recognize_text.translate.screen","com.spaceship.screen.textcopy","com.tap_to_translate.snap_translate","com.microsoft.translator","com.niven.translator","com.gaminik.i18n","com.niven.game","com.google.android.apps.translate","at.nk.tools.iTranslate","com.newmg.yurao.pro","com.niven.comic","com.language.translate.free.translator.voice.translation","com.screen.translate.google","com.naver.labs.translator","com.zaz.translate","com.flitto.app","com.royalappcode.translation.voice.language.chat.interpreter","com.niven.apptranslate","com.wooask.zx","com.google.ar.lens"]},{"rank":{"index":2,"lang":"zh-hk","country":"hk","chineseCountryName":"香港","pkg":"com.spaceship.screen.textcopy"},"orders":["com.recognize_text.translate.screen","com.spaceship.screen.textcopy","com.microsoft.translator","com.tap_to_translate.snap_translate","com.niven.translator","com.gaminik.i18n","com.google.android.apps.translate","com.niven.game","com.newmg.yurao.pro","com.niven.comic","at.nk.tools.iTranslate","com.screen.translate.google","com.language.translate.free.translator.voice.translation","com.zaz.translate","com.wooask.zx","com.google.ar.lens","jp.go.nict.voicetra","com.galaxy.airviewdictionary","com.royalappcode.translation.voice.language.chat.interpreter","com.naver.labs.translator"]},{"rank":{"index":2,"lang":"zh-tw","country":"tw","chineseCountryName":"台湾","pkg":"com.spaceship.screen.textcopy"},"orders":["com.recognize_text.translate.screen","com.spaceship.screen.textcopy","com.microsoft.translator","com.niven.translator","com.gaminik.i18n","com.niven.game","com.tap_to_translate.snap_translate","at.nk.tools.iTranslate","com.niven.comic","com.newmg.yurao.pro","com.google.android.apps.translate","com.screen.translate.google","com.language.translate.free.translator.voice.translation","com.translate.talkingtranslator","com.zaz.translate","com.naver.labs.translator","com.niven.apptranslate","com.google.ar.lens","com.wooask.zx","com.tangdi.baiguotong"]},{"rank":{"index":2,"lang":"en","country":"in","chineseCountryName":"印度","pkg":"com.spaceship.screen.textcopy"},"orders":["com.recognize_text.translate.screen","com.spaceship.screen.textcopy","com.tap_to_translate.snap_translate","com.google.android.apps.translate","com.zaz.translate","com.gaminik.i18n","com.niven.game","com.microsoft.translator","at.nk.tools.iTranslate","ru.yandex.translate","com.deepl.mobiletranslator","com.google.ar.lens","com.translate.talkingtranslator","com.sayhi.android.sayhitranslate","com.niven.translator","com.newmg.yurao.pro","com.galaxy.airviewdictionary","com.niven.comic","screen.translator.voice.translate","com.screen.translate.google"]},{"rank":{"index":2,"lang":"id","country":"id","chineseCountryName":"印尼","pkg":"com.spaceship.screen.textcopy"},"orders":["com.recognize_text.translate.screen","com.spaceship.screen.textcopy","com.tap_to_translate.snap_translate","com.niven.translator","com.niven.game","com.gaminik.i18n","com.niven.comic","com.newmg.yurao.pro","com.screen.translate.google","at.nk.tools.iTranslate","com.microsoft.translator","com.google.android.apps.translate","com.niven.apptranslate"]},{"rank":{"index":2,"lang":"es-mx","country":"mx","chineseCountryName":"墨西哥","pkg":"com.spaceship.screen.textcopy"},"orders":["com.recognize_text.translate.screen","com.spaceship.screen.textcopy","com.niven.translator","com.tap_to_translate.snap_translate","com.gaminik.i18n","com.niven.game","com.niven.comic","com.newmg.yurao.pro","at.nk.tools.iTranslate","com.microsoft.translator","com.screen.translate.google","com.google.android.apps.translate","com.niven.apptranslate","com.voice_camera_free_translate","com.language.translate.free.translator.voice.translation","com.google.ar.lens","com.android.chrome","com.google.android.apps.photos","com.zaz.translate","com.deepl.mobiletranslator"]}]