[{"rank":{"index":2,"lang":"en-us","country":"us","chineseCountryName":"美国","pkg":"com.spaceship.screen.textcopy"},"orders":["com.recognize_text.translate.screen","com.spaceship.screen.textcopy","com.gaminik.i18n","com.tap_to_translate.snap_translate","com.google.android.apps.translate","com.microsoft.translator","com.newmg.yurao.pro","com.niven.translator","com.niven.game","at.nk.tools.iTranslate","com.eecorp.taptranslator","screen.translator.voice.translate","com.naver.labs.translator","us.zoom.videomeetings","com.datacomprojects.scanandtranslate","com.niven.apptranslate","com.android.chrome","com.discord","com.google.android.apps.maps","com.google.android.apps.photos"]},{"rank":{"index":2,"lang":"ru","country":"ru","chineseCountryName":"俄罗斯","pkg":"com.spaceship.screen.textcopy"},"orders":["com.recognize_text.translate.screen","com.spaceship.screen.textcopy","com.tap_to_translate.snap_translate","com.gaminik.i18n","com.niven.translator","com.google.android.apps.translate","com.niven.game","com.newmg.yurao.pro","com.microsoft.translator","com.niven.apptranslate","com.niven.comic","at.nk.tools.iTranslate","com.datacomprojects.scanandtranslate","com.softissimo.reverso.context","ru.yandex.translate","screen.translator.voice.translate","com.appspell.screentranslator","com.naver.labs.translator","com.screen.translate.google","com.eecorp.linguago"]},{"rank":{"index":2,"lang":"pt-br","country":"br","chineseCountryName":"巴西","pkg":"com.spaceship.screen.textcopy"},"orders":["com.recognize_text.translate.screen","com.spaceship.screen.textcopy","screen.translator.voice.translate","com.tap_to_translate.snap_translate","com.gaminik.i18n","com.niven.translator","com.newmg.yurao.pro","com.eecorp.linguago","com.niven.comic","com.niven.game","com.screen.translate.google","com.google.android.apps.translate","com.android.chrome","com.chat_translate.screen_translate","com.google.android.apps.photos","us.zoom.videomeetings","com.google.android.apps.docs","com.discord","com.google.android.apps.maps","com.adobe.reader"]},{"rank":{"index":2,"lang":"fr","country":"fr","chineseCountryName":"法国","pkg":"com.spaceship.screen.textcopy"},"orders":["com.recognize_text.translate.screen","com.spaceship.screen.textcopy","com.gaminik.i18n","com.tap_to_translate.snap_translate","com.niven.game","com.newmg.yurao.pro","com.niven.translator","screen.translator.voice.translate","com.google.android.apps.translate","us.zoom.videomeetings","com.discord","com.microsoft.translator","com.android.chrome","com.truecaller","com.microsoft.office.outlook","com.google.android.apps.photos","com.skype.raider","at.nk.tools.iTranslate","org.videolan.vlc","com.google.android.apps.maps"]},{"rank":{"index":2,"lang":"en-gb","country":"gb","chineseCountryName":"英国","pkg":"com.spaceship.screen.textcopy"},"orders":["com.recognize_text.translate.screen","com.spaceship.screen.textcopy","com.tap_to_translate.snap_translate","com.google.android.apps.translate","com.gaminik.i18n","com.microsoft.translator","screen.translator.voice.translate","com.niven.translator","com.niven.game","com.newmg.yurao.pro","at.nk.tools.iTranslate","com.zaz.translate","com.eecorp.taptranslator","com.niven.apptranslate","com.mobisystems.msdict.embedded.wireless.collins.ee","com.datacomprojects.scanandtranslate","us.zoom.videomeetings","com.android.chrome","com.discord","com.google.android.apps.maps"]},{"rank":{"index":2,"lang":"de","country":"de","chineseCountryName":"德国","pkg":"com.spaceship.screen.textcopy"},"orders":["com.recognize_text.translate.screen","com.spaceship.screen.textcopy","com.gaminik.i18n","com.newmg.yurao.pro","com.tap_to_translate.snap_translate","com.niven.translator","com.niven.game","com.google.android.apps.translate","com.microsoft.translator","us.zoom.videomeetings","com.discord","com.android.chrome","com.truecaller","com.niven.apptranslate","com.skype.raider","com.google.android.apps.photos","com.microsoft.office.outlook","com.google.android.apps.maps","org.videolan.vlc","com.google.android.apps.dynamite"]},{"rank":{"index":2,"lang":"it","country":"it","chineseCountryName":"意大利","pkg":"com.spaceship.screen.textcopy"},"orders":["com.recognize_text.translate.screen","com.spaceship.screen.textcopy","screen.translator.voice.translate","com.gaminik.i18n","com.niven.translator","com.tap_to_translate.snap_translate","com.niven.game","com.newmg.yurao.pro","com.google.android.apps.translate","us.zoom.videomeetings","com.discord","com.google.android.apps.photos","com.skype.raider","com.android.chrome","com.microsoft.translator","com.microsoft.office.outlook","com.google.android.apps.dynamite","com.google.android.apps.maps","org.videolan.vlc","com.truecaller"]},{"rank":{"index":2,"lang":"ja","country":"jp","chineseCountryName":"日本","pkg":"com.spaceship.screen.textcopy"},"orders":["com.recognize_text.translate.screen","com.spaceship.screen.textcopy","com.gaminik.i18n","com.tap_to_translate.snap_translate","com.newmg.yurao.pro","com.niven.translator","com.niven.game","com.google.android.apps.translate","com.deepl.mobiletranslator","com.microsoft.translator","com.niven.apptranslate","com.google.ar.lens","us.zoom.videomeetings","com.android.chrome","com.naver.labs.translator","com.discord","com.google.android.apps.maps","org.videolan.vlc","com.skype.raider","com.microsoft.office.outlook"]},{"rank":{"index":2,"lang":"ko","country":"kr","chineseCountryName":"韩国","pkg":"com.spaceship.screen.textcopy"},"orders":["com.recognize_text.translate.screen","com.spaceship.screen.textcopy","com.tap_to_translate.snap_translate","com.gaminik.i18n","com.google.android.apps.translate","com.niven.translator","com.newmg.yurao.pro","com.niven.game","com.naver.labs.translator","com.microsoft.translator","com.eecorp.taptranslator","at.nk.tools.iTranslate","us.zoom.videomeetings","com.discord","com.android.chrome","com.niven.apptranslate","com.galaxy.airviewdictionary","com.sec.android.app.sbrowser","com.duolingo","com.zaz.translate"]},{"rank":{"index":2,"lang":"zh-hk","country":"hk","chineseCountryName":"香港","pkg":"com.spaceship.screen.textcopy"},"orders":["com.recognize_text.translate.screen","com.spaceship.screen.textcopy","com.gaminik.i18n","com.tap_to_translate.snap_translate","com.google.android.apps.translate","com.microsoft.translator","com.niven.game","com.niven.translator","com.newmg.yurao.pro","at.nk.tools.iTranslate","com.datacomprojects.scanandtranslate","com.naver.labs.translator","com.screen.translate.google","com.android.chrome","com.google.android.apps.maps","us.zoom.videomeetings","com.discord","com.eecorp.taptranslator","com.tangdi.baiguotong","com.duolingo"]},{"rank":{"index":2,"lang":"zh-tw","country":"tw","chineseCountryName":"台湾","pkg":"com.spaceship.screen.textcopy"},"orders":["com.recognize_text.translate.screen","com.spaceship.screen.textcopy","com.gaminik.i18n","com.tap_to_translate.snap_translate","com.google.android.apps.translate","com.niven.translator","com.niven.game","com.microsoft.translator","com.newmg.yurao.pro","at.nk.tools.iTranslate","com.eecorp.taptranslator","com.niven.apptranslate","com.datacomprojects.scanandtranslate","com.tangdi.baiguotong","com.naver.labs.translator","com.screen.translate.google","com.discord","com.android.chrome","us.zoom.videomeetings","com.skype.raider"]},{"rank":{"index":1,"lang":"id","country":"id","chineseCountryName":"印尼","pkg":"com.spaceship.screen.textcopy"},"orders":["com.spaceship.screen.textcopy","com.recognize_text.translate.screen","com.gaminik.i18n","com.tap_to_translate.snap_translate","com.newmg.yurao.pro","com.niven.translator","com.google.android.apps.translate","us.zoom.videomeetings","com.android.chrome","com.google.android.apps.maps","com.google.android.apps.photos","com.discord","com.intsig.camscanner","com.google.android.apps.docs"]},{"rank":{"index":2,"lang":"es-mx","country":"mx","chineseCountryName":"墨西哥","pkg":"com.spaceship.screen.textcopy"},"orders":["com.recognize_text.translate.screen","com.spaceship.screen.textcopy","com.gaminik.i18n","com.niven.translator","com.tap_to_translate.snap_translate","com.newmg.yurao.pro","com.galaxy.airviewdictionary","com.niven.game","com.google.android.apps.translate","us.zoom.videomeetings","com.google.android.apps.photos","com.android.chrome","com.discord","com.google.android.apps.maps","com.google.android.apps.docs","com.microsoft.office.outlook","org.videolan.vlc","com.skype.raider","com.adobe.reader","com.intsig.camscanner"]}]