[{"rank":{"index":2,"lang":"en-us","country":"us","chineseCountryName":"美国","pkg":"com.spaceship.screen.textcopy"},"orders":["com.recognize_text.translate.screen","com.spaceship.screen.textcopy","com.niven.translator","com.microsoft.translator","com.tap_to_translate.snap_translate","com.gaminik.i18n","com.google.android.apps.translate","com.niven.game","at.nk.tools.iTranslate","com.newmg.yurao.pro","com.niven.comic","com.translate.talkingtranslator","com.tangdi.baiguotong","com.naver.labs.translator","com.language.translate.free.translator.voice.translation","com.screen.translate.google","com.zaz.translate","com.sayhi.android.sayhitranslate","com.b1b.translator.voicetranslate.alllanguages.translator.app","com.deepl.mobiletranslator"]},{"rank":{"index":4,"lang":"ru","country":"ru","chineseCountryName":"俄罗斯","pkg":"com.spaceship.screen.textcopy"},"orders":["com.recognize_text.translate.screen","com.niven.translator","com.tap_to_translate.snap_translate","com.spaceship.screen.textcopy","com.microsoft.translator","com.niven.game","com.gaminik.i18n","at.nk.tools.iTranslate","com.niven.comic","ru.yandex.translate","com.google.android.apps.translate","com.screen.translate.google","com.deepl.mobiletranslator","com.language.translate.free.translator.voice.translation","com.tangdi.baiguotong","com.newmg.yurao.pro","com.translate.talkingtranslator","com.translate.language.translator.voice.translation","com.datacomprojects.scanandtranslate","com.voice_camera_free_translate"]},{"rank":{"index":4,"lang":"pt-br","country":"br","chineseCountryName":"巴西","pkg":"com.spaceship.screen.textcopy"},"orders":["com.recognize_text.translate.screen","com.tap_to_translate.snap_translate","com.gaminik.i18n","com.spaceship.screen.textcopy","com.niven.game","com.niven.translator","com.niven.comic","com.microsoft.translator","com.newmg.yurao.pro","com.screen.translate.google","at.nk.tools.iTranslate","com.google.android.apps.translate","com.audacityittranslator.translatetexttranslator","com.tangdi.baiguotong","com.eecorp.taptranslator","com.language.translate.free.translator.voice.translation","com.voice_camera_free_translate","com.facebook.orca","com.android.chrome","com.google.android.apps.photos"]},{"rank":{"index":6,"lang":"fr","country":"fr","chineseCountryName":"法国","pkg":"com.spaceship.screen.textcopy"},"orders":["com.recognize_text.translate.screen","com.tap_to_translate.snap_translate","com.niven.translator","com.niven.game","com.gaminik.i18n","com.spaceship.screen.textcopy","com.microsoft.translator","com.niven.comic","com.newmg.yurao.pro","at.nk.tools.iTranslate","com.google.android.apps.translate","com.screen.translate.google","com.tangdi.baiguotong","com.screen.translator.text.recognize","com.language.translate.free.translator.voice.translation","com.audacityittranslator.translatetexttranslator","com.galaxy.airviewdictionary","com.b1b.translator.voicetranslate.alllanguages.translator.app","com.deepl.mobiletranslator","com.aldoo.pdftranslatorpro"]},{"rank":{"index":2,"lang":"en-gb","country":"gb","chineseCountryName":"英国","pkg":"com.spaceship.screen.textcopy"},"orders":["com.recognize_text.translate.screen","com.spaceship.screen.textcopy","com.gaminik.i18n","com.tap_to_translate.snap_translate","com.microsoft.translator","com.google.android.apps.translate","com.niven.translator","com.niven.game","at.nk.tools.iTranslate","com.niven.comic","com.tangdi.baiguotong","com.language.translate.free.translator.voice.translation","com.newmg.yurao.pro","com.zaz.translate","com.translate.talkingtranslator","com.b1b.translator.voicetranslate.alllanguages.translator.app","com.screen.translate.google","com.sayhi.android.sayhitranslate","com.google.ar.lens","com.aldoo.pdftranslatorpro"]},{"rank":{"index":2,"lang":"de","country":"de","chineseCountryName":"德国","pkg":"com.spaceship.screen.textcopy"},"orders":["com.recognize_text.translate.screen","com.spaceship.screen.textcopy","com.tap_to_translate.snap_translate","com.niven.translator","com.microsoft.translator","com.gaminik.i18n","com.niven.game","at.nk.tools.iTranslate","com.niven.comic","com.translate.talkingtranslator","com.google.android.apps.translate","com.newmg.yurao.pro"]},{"rank":{"index":2,"lang":"it","country":"it","chineseCountryName":"意大利","pkg":"com.spaceship.screen.textcopy"},"orders":["com.recognize_text.translate.screen","com.spaceship.screen.textcopy","com.niven.translator","com.gaminik.i18n","com.niven.game","com.tap_to_translate.snap_translate","com.microsoft.translator","com.niven.comic","at.nk.tools.iTranslate","com.google.android.apps.translate","com.newmg.yurao.pro","com.tangdi.baiguotong","com.language.translate.free.translator.voice.translation","com.screen.translate.google","com.aldoo.pdftranslatorpro","com.screen.translator.text.recognize","com.image.camera.translate.ai","com.deepl.mobiletranslator","com.translate.talkingtranslator","com.galaxy.airviewdictionary"]},{"rank":{"index":4,"lang":"ja","country":"jp","chineseCountryName":"日本","pkg":"com.spaceship.screen.textcopy"},"orders":["com.recognize_text.translate.screen","com.gaminik.i18n","com.niven.game","com.spaceship.screen.textcopy","com.niven.translator","com.tap_to_translate.snap_translate","com.microsoft.translator","com.niven.comic","com.google.android.apps.translate","com.naver.labs.translator"]},{"rank":{"index":2,"lang":"ko","country":"kr","chineseCountryName":"韩国","pkg":"com.spaceship.screen.textcopy"},"orders":["com.recognize_text.translate.screen","com.spaceship.screen.textcopy","com.microsoft.translator","com.niven.translator","com.gaminik.i18n","com.niven.game","com.tap_to_translate.snap_translate","com.google.android.apps.translate","com.naver.labs.translator","at.nk.tools.iTranslate","com.niven.comic","com.newmg.yurao.pro","com.language.translate.free.translator.voice.translation","com.translate.talkingtranslator","com.b1b.translator.voicetranslate.alllanguages.translator.app","com.screen.translate.google","com.deepl.mobiletranslator","com.screen.translator.text.recognize","com.datacomprojects.scanandtranslate","com.translate.language.translator.voice.translation"]},{"rank":{"index":2,"lang":"zh-hk","country":"hk","chineseCountryName":"香港","pkg":"com.spaceship.screen.textcopy"},"orders":["com.recognize_text.translate.screen","com.spaceship.screen.textcopy","com.microsoft.translator","com.niven.translator","com.gaminik.i18n","com.niven.game","com.google.android.apps.translate","at.nk.tools.iTranslate","com.tap_to_translate.snap_translate","com.niven.comic","com.tangdi.baiguotong","com.language.translate.free.translator.voice.translation","com.naver.labs.translator","com.newmg.yurao.pro","com.translate.talkingtranslator","com.translate.language.translator.voice.translation","com.screen.translate.google","com.screen.translator.text.recognize","com.royalappcode.translation.voice.language.chat.interpreter","com.galaxy.airviewdictionary"]},{"rank":{"index":2,"lang":"zh-tw","country":"tw","chineseCountryName":"台湾","pkg":"com.spaceship.screen.textcopy"},"orders":["com.recognize_text.translate.screen","com.spaceship.screen.textcopy","com.tap_to_translate.snap_translate","com.microsoft.translator","com.google.android.apps.translate","com.gaminik.i18n","com.niven.translator","com.niven.game","at.nk.tools.iTranslate","com.tangdi.baiguotong","com.niven.comic","com.language.translate.free.translator.voice.translation","com.translate.talkingtranslator","com.naver.labs.translator","com.translate.language.translator.voice.translation","com.youdao.hindict","com.newmg.yurao.pro","com.voice_camera_free_translate","com.screen.translate.google","com.datacomprojects.scanandtranslate"]},{"rank":{"index":4,"lang":"en","country":"in","chineseCountryName":"印度","pkg":"com.spaceship.screen.textcopy"},"orders":["com.recognize_text.translate.screen","com.tap_to_translate.snap_translate","com.google.android.apps.translate","com.spaceship.screen.textcopy","com.niven.translator","at.nk.tools.iTranslate","com.niven.game","com.newmg.yurao.pro","com.microsoft.translator"]},{"rank":{"index":4,"lang":"id","country":"id","chineseCountryName":"印尼","pkg":"com.spaceship.screen.textcopy"},"orders":["com.recognize_text.translate.screen","com.niven.translator","com.tap_to_translate.snap_translate","com.spaceship.screen.textcopy","com.gaminik.i18n","com.niven.game","com.niven.comic","com.newmg.yurao.pro","com.youdao.hindict","com.microsoft.translator","at.nk.tools.iTranslate","com.screen.translate.google","com.google.android.apps.translate","com.naver.labs.translator"]},{"rank":{"index":2,"lang":"es-mx","country":"mx","chineseCountryName":"墨西哥","pkg":"com.spaceship.screen.textcopy"},"orders":["com.recognize_text.translate.screen","com.spaceship.screen.textcopy","com.niven.game","com.gaminik.i18n","com.niven.translator","com.tap_to_translate.snap_translate","com.niven.comic","com.microsoft.translator","at.nk.tools.iTranslate","com.newmg.yurao.pro","com.screen.translate.google","com.tangdi.baiguotong","com.google.android.apps.translate","com.language.translate.free.translator.voice.translation","com.youdao.hindict","com.audacityittranslator.translatetexttranslator","com.deepl.mobiletranslator","com.whatsapp","com.facebook.orca","com.android.chrome"]}]