[{"rank":{"index":2,"lang":"en-us","country":"us","chineseCountryName":"美国","pkg":"com.spaceship.screen.textcopy"},"orders":["com.recognize_text.translate.screen","com.spaceship.screen.textcopy","com.tap_to_translate.snap_translate","com.google.android.apps.translate","com.niven.translator","com.screen.translate.google","com.microsoft.translator","com.gaminik.i18n","com.newmg.yurao.pro","at.nk.tools.iTranslate","com.translate.talkingtranslator","com.google.ar.lens","com.deepl.mobiletranslator","com.niven.game","com.language.translate.free.translator.voice.translation","com.niven.comic","com.sayhi.android.sayhitranslate","com.datacomprojects.scanandtranslate","com.youdao.hindict","com.tangdi.baiguotong"]},{"rank":{"index":3,"lang":"ru","country":"ru","chineseCountryName":"俄罗斯","pkg":"com.spaceship.screen.textcopy"},"orders":["com.recognize_text.translate.screen","com.niven.translator","com.spaceship.screen.textcopy","com.tap_to_translate.snap_translate","com.screen.translate.google","com.niven.game","com.newmg.yurao.pro","com.gaminik.i18n","ru.yandex.translate","com.niven.comic","com.google.android.apps.translate","com.voice_camera_free_translate","com.microsoft.translator","com.youdao.hindict","com.eecorp.linguago","com.deepl.mobiletranslator","com.niven.apptranslate","com.datacomprojects.scanandtranslate","com.android.chrome","com.whatsapp"]},{"rank":{"index":2,"lang":"pt-br","country":"br","chineseCountryName":"巴西","pkg":"com.spaceship.screen.textcopy"},"orders":["com.recognize_text.translate.screen","com.spaceship.screen.textcopy","com.tap_to_translate.snap_translate","com.gaminik.i18n","com.google.android.apps.translate","at.nk.tools.iTranslate","com.deepl.mobiletranslator","com.zaz.translate","com.datacomprojects.scanandtranslate","ru.yandex.translate","com.translate.talkingtranslator","com.translate.language.translator.voice.translation","com.niven.translator","com.newmg.yurao.pro","com.screen.translate.google","com.niven.game","com.niven.comic","com.youdao.hindict","com.galaxy.airviewdictionary","com.softissimo.reverso.context"]},{"rank":{"index":3,"lang":"fr","country":"fr","chineseCountryName":"法国","pkg":"com.spaceship.screen.textcopy"},"orders":["com.recognize_text.translate.screen","com.tap_to_translate.snap_translate","com.spaceship.screen.textcopy","com.niven.translator","com.gaminik.i18n","com.screen.translate.google","com.newmg.yurao.pro","com.microsoft.translator","com.niven.game","com.google.android.apps.translate","com.niven.comic","at.nk.tools.iTranslate","com.niven.apptranslate","com.deepl.mobiletranslator","com.voice_camera_free_translate","com.datacomprojects.scanandtranslate","com.zaz.translate","com.softissimo.reverso.context","com.wooask.zx","com.translate.talkingtranslator"]},{"rank":{"index":2,"lang":"en-gb","country":"gb","chineseCountryName":"英国","pkg":"com.spaceship.screen.textcopy"},"orders":["com.recognize_text.translate.screen","com.spaceship.screen.textcopy","com.tap_to_translate.snap_translate","com.google.android.apps.translate","com.screen.translate.google","com.niven.translator","com.microsoft.translator","com.gaminik.i18n","com.newmg.yurao.pro","at.nk.tools.iTranslate","com.google.ar.lens","com.deepl.mobiletranslator","com.niven.game","com.datacomprojects.scanandtranslate","com.language.translate.free.translator.voice.translation","com.youdao.hindict","com.niven.comic","com.translate.talkingtranslator","com.wooask.zx","com.tangdi.baiguotong"]},{"rank":{"index":2,"lang":"de","country":"de","chineseCountryName":"德国","pkg":"com.spaceship.screen.textcopy"},"orders":["com.recognize_text.translate.screen","com.spaceship.screen.textcopy","com.tap_to_translate.snap_translate","com.niven.translator","com.screen.translate.google","com.gaminik.i18n","com.microsoft.translator","com.newmg.yurao.pro","com.google.android.apps.translate","com.niven.game","at.nk.tools.iTranslate","com.niven.comic","com.deepl.mobiletranslator","com.datacomprojects.scanandtranslate","com.language.translate.free.translator.voice.translation","com.wooask.zx","com.tangdi.baiguotong","com.niven.apptranslate","com.translate.talkingtranslator","com.voice_camera_free_translate"]},{"rank":{"index":2,"lang":"it","country":"it","chineseCountryName":"意大利","pkg":"com.spaceship.screen.textcopy"},"orders":["com.recognize_text.translate.screen","com.spaceship.screen.textcopy","com.gaminik.i18n","com.niven.translator","com.newmg.yurao.pro","com.tap_to_translate.snap_translate","com.screen.translate.google","com.niven.game","com.microsoft.translator","com.google.android.apps.translate","at.nk.tools.iTranslate","com.niven.comic","com.niven.apptranslate","com.datacomprojects.scanandtranslate","com.deepl.mobiletranslator","com.language.translate.free.translator.voice.translation","com.softissimo.reverso.context","com.google.ar.lens","com.tangdi.baiguotong","com.facebook.katana"]},{"rank":{"index":2,"lang":"ja","country":"jp","chineseCountryName":"日本","pkg":"com.spaceship.screen.textcopy"},"orders":["com.recognize_text.translate.screen","com.spaceship.screen.textcopy","com.tap_to_translate.snap_translate","com.niven.translator","com.gaminik.i18n","com.screen.translate.google","com.newmg.yurao.pro","com.microsoft.translator","com.google.android.apps.translate","com.deepl.mobiletranslator","com.niven.game","at.nk.tools.iTranslate","com.google.ar.lens","com.niven.comic"]},{"rank":{"index":2,"lang":"ko","country":"kr","chineseCountryName":"韩国","pkg":"com.spaceship.screen.textcopy"},"orders":["com.recognize_text.translate.screen","com.spaceship.screen.textcopy","com.tap_to_translate.snap_translate","com.niven.translator","com.gaminik.i18n","com.newmg.yurao.pro","com.screen.translate.google","com.niven.game","com.niven.comic","com.microsoft.translator","com.google.android.apps.translate","com.naver.labs.translator","com.niven.apptranslate","com.voice_camera_free_translate","com.deepl.mobiletranslator","com.facebook.katana","at.nk.tools.iTranslate","com.google.ar.lens","com.instagram.android","com.facebook.orca"]},{"rank":{"index":2,"lang":"zh-hk","country":"hk","chineseCountryName":"香港","pkg":"com.spaceship.screen.textcopy"},"orders":["com.recognize_text.translate.screen","com.spaceship.screen.textcopy","com.gaminik.i18n","com.niven.translator","com.screen.translate.google","com.newmg.yurao.pro","com.tap_to_translate.snap_translate","com.microsoft.translator","com.google.android.apps.translate","com.niven.game","com.niven.comic","at.nk.tools.iTranslate","com.google.ar.lens","com.tangdi.baiguotong","com.niven.apptranslate","com.deepl.mobiletranslator","com.wooask.zx","com.language.translate.free.translator.voice.translation","com.naver.labs.translator","com.android.chrome"]},{"rank":{"index":2,"lang":"zh-tw","country":"tw","chineseCountryName":"台湾","pkg":"com.spaceship.screen.textcopy"},"orders":["com.recognize_text.translate.screen","com.spaceship.screen.textcopy","com.tap_to_translate.snap_translate","com.niven.translator","com.screen.translate.google","com.gaminik.i18n","com.newmg.yurao.pro","com.microsoft.translator","com.niven.game","com.google.android.apps.translate","com.niven.comic","com.voice_camera_free_translate","at.nk.tools.iTranslate","com.niven.apptranslate","com.tangdi.baiguotong","com.language.translate.free.translator.voice.translation","com.translate.talkingtranslator","com.google.ar.lens","com.naver.labs.translator","com.youdao.hindict"]},{"rank":{"index":2,"lang":"en","country":"in","chineseCountryName":"印度","pkg":"com.spaceship.screen.textcopy"},"orders":["com.recognize_text.translate.screen","com.spaceship.screen.textcopy","com.tap_to_translate.snap_translate","com.google.android.apps.translate","com.gaminik.i18n","com.zaz.translate","at.nk.tools.iTranslate","com.datacomprojects.scanandtranslate","com.deepl.mobiletranslator","com.translate.talkingtranslator","ru.yandex.translate","com.google.ar.lens","com.sayhi.android.sayhitranslate","com.softissimo.reverso.context","com.newmg.yurao.pro","com.screen.translate.google","com.niven.translator","com.niven.game","com.niven.comic","screen.translator.voice.translate"]},{"rank":{"index":2,"lang":"id","country":"id","chineseCountryName":"印尼","pkg":"com.spaceship.screen.textcopy"},"orders":["com.recognize_text.translate.screen","com.spaceship.screen.textcopy","com.tap_to_translate.snap_translate","com.niven.translator","com.screen.translate.google","com.niven.game","com.gaminik.i18n","com.newmg.yurao.pro","com.youdao.hindict","com.niven.comic","com.google.android.apps.translate","com.aldoo.pdftranslatorpro"]},{"rank":{"index":2,"lang":"es-mx","country":"mx","chineseCountryName":"墨西哥","pkg":"com.spaceship.screen.textcopy"},"orders":["com.recognize_text.translate.screen","com.spaceship.screen.textcopy","com.tap_to_translate.snap_translate","com.gaminik.i18n","at.nk.tools.iTranslate","com.google.android.apps.translate","com.deepl.mobiletranslator","com.zaz.translate","com.datacomprojects.scanandtranslate","com.translate.talkingtranslator","ru.yandex.translate","com.softissimo.reverso.context","com.google.ar.lens","com.niven.translator","com.newmg.yurao.pro","com.screen.translate.google","com.niven.game","com.niven.comic","com.youdao.hindict","com.naver.labs.translator"]}]