[{"rank":{"index":2,"lang":"en-us","country":"us","chineseCountryName":"美国","pkg":"com.spaceship.screen.textcopy"},"orders":["com.recognize_text.translate.screen","com.spaceship.screen.textcopy","com.gaminik.i18n","com.mg.yurao.google","com.google.android.apps.translate","com.niven.game","com.tap_to_translate.snap_translate","com.microsoft.translator","com.niven.translator","com.niven.comic","com.zaz.translate","com.newmg.yurao.pro","com.niven.apptranslate","com.eecorp.linguago","all.language.translate.translator","com.sayhi.android.sayhitranslate","com.translate.talkingtranslator","screen.translator.voice.translate","com.tranit.text.translate","com.deepl.mobiletranslator"]},{"rank":{"index":7,"lang":"ru","country":"ru","chineseCountryName":"俄罗斯","pkg":"com.spaceship.screen.textcopy"},"orders":["com.recognize_text.translate.screen","com.tap_to_translate.snap_translate","com.gaminik.i18n","com.niven.game","com.niven.translator","com.mg.yurao.google","com.spaceship.screen.textcopy","com.niven.comic","com.niven.apptranslate","com.eecorp.linguago","ru.yandex.translate","com.google.android.apps.translate","screen.translator.voice.translate","us.zoom.videomeetings","com.deepl.mobiletranslator","com.pidev.screentranslator","com.microsoft.translator","org.thunderdog.challegram","com.zaz.translate","com.naver.labs.translator"]},{"rank":{"index":2,"lang":"fr","country":"fr","chineseCountryName":"法国","pkg":"com.spaceship.screen.textcopy"},"orders":["com.recognize_text.translate.screen","com.spaceship.screen.textcopy","com.tap_to_translate.snap_translate","com.gaminik.i18n","com.mg.yurao.google","com.niven.game","com.niven.translator","com.niven.comic","com.niven.apptranslate","com.zaz.translate","com.newmg.yurao.pro","com.eecorp.linguago","com.softissimo.reverso.context","com.tranit.text.translate","com.google.android.apps.translate","com.deepl.mobiletranslator","screen.translator.voice.translate","com.microsoft.translator","com.sayhi.android.sayhitranslate","ru.yandex.translate"]},{"rank":{"index":2,"lang":"en-gb","country":"gb","chineseCountryName":"英国","pkg":"com.spaceship.screen.textcopy"},"orders":["com.recognize_text.translate.screen","com.spaceship.screen.textcopy","com.mg.yurao.google","com.gaminik.i18n","com.google.android.apps.translate","com.niven.game","com.tap_to_translate.snap_translate","com.niven.translator","com.microsoft.translator","com.niven.comic","com.niven.apptranslate","com.zaz.translate","com.newmg.yurao.pro","com.eecorp.linguago","screen.translator.voice.translate","com.tranit.text.translate","all.language.translate.translator","com.sayhi.android.sayhitranslate","com.softissimo.reverso.context","com.deepl.mobiletranslator"]},{"rank":{"index":2,"lang":"de","country":"de","chineseCountryName":"德国","pkg":"com.spaceship.screen.textcopy"},"orders":["com.recognize_text.translate.screen","com.spaceship.screen.textcopy","com.mg.yurao.google","com.gaminik.i18n","com.niven.game","com.tap_to_translate.snap_translate","com.niven.translator","com.niven.comic","com.niven.apptranslate","com.eecorp.linguago","com.newmg.yurao.pro","com.google.android.apps.translate","com.deepl.mobiletranslator","screen.translator.voice.translate","com.microsoft.translator","com.zaz.translate","com.sayhi.android.sayhitranslate","com.tranit.text.translate","ru.yandex.translate","com.translate.talkingtranslator"]},{"rank":{"index":3,"lang":"it","country":"it","chineseCountryName":"意大利","pkg":"com.spaceship.screen.textcopy"},"orders":["com.recognize_text.translate.screen","com.niven.game","com.spaceship.screen.textcopy","com.gaminik.i18n","com.mg.yurao.google","com.niven.translator","com.niven.comic","com.tap_to_translate.snap_translate","com.niven.apptranslate","com.google.android.apps.translate","com.eecorp.linguago","com.microsoft.translator"]},{"rank":{"index":4,"lang":"ja","country":"jp","chineseCountryName":"日本","pkg":"com.spaceship.screen.textcopy"},"orders":["com.recognize_text.translate.screen","com.mg.yurao.google","com.gaminik.i18n","com.spaceship.screen.textcopy","com.niven.game","com.tap_to_translate.snap_translate","com.niven.translator","com.niven.comic","com.niven.apptranslate","screen.translator.voice.translate","com.google.android.apps.translate","com.newmg.yurao.pro","us.zoom.videomeetings","com.eecorp.linguago","com.naver.labs.translator","com.deepl.mobiletranslator","com.microsoft.translator","com.translator.translation.screen.translate.voice.languages.text.translating","com.youdao.hindict","com.zaz.translate"]},{"rank":{"index":3,"lang":"ko","country":"kr","chineseCountryName":"韩国","pkg":"com.spaceship.screen.textcopy"},"orders":["com.recognize_text.translate.screen","com.mg.yurao.google","com.spaceship.screen.textcopy","com.tap_to_translate.snap_translate","com.gaminik.i18n","com.niven.game","com.niven.translator","com.niven.comic","com.niven.apptranslate","com.newmg.yurao.pro","com.eecorp.linguago","screen.translator.voice.translate","com.naver.labs.translator","com.google.android.apps.translate","us.zoom.videomeetings","com.microsoft.translator","com.pidev.screentranslator","com.zaz.translate","com.deepl.mobiletranslator","com.tranit.text.translate"]},{"rank":{"index":6,"lang":"zh-hk","country":"hk","chineseCountryName":"香港","pkg":"com.spaceship.screen.textcopy"},"orders":["com.recognize_text.translate.screen","com.gaminik.i18n","com.tap_to_translate.snap_translate","com.mg.yurao.google","com.niven.game","com.spaceship.screen.textcopy","com.niven.translator","com.niven.comic","com.zaz.translate","com.niven.apptranslate","com.newmg.yurao.pro","com.google.android.apps.translate","com.eecorp.linguago","screen.translator.voice.translate","com.microsoft.translator","com.naver.labs.translator","com.tranit.text.translate","camera.translator.realtime","at.nk.tools.iTranslate","all.language.translate.translator"]},{"rank":{"index":6,"lang":"zh-tw","country":"tw","chineseCountryName":"台湾","pkg":"com.spaceship.screen.textcopy"},"orders":["com.recognize_text.translate.screen","com.mg.yurao.google","com.gaminik.i18n","com.tap_to_translate.snap_translate","com.niven.game","com.spaceship.screen.textcopy","com.niven.translator","com.niven.comic","com.zaz.translate","com.google.android.apps.translate","com.niven.apptranslate","com.newmg.yurao.pro","com.eecorp.linguago","all.language.translate.translator","com.tranit.text.translate","screen.translator.voice.translate","camera.translator.realtime","com.microsoft.translator","xbean.image.picture.translate.ocr","com.naver.labs.translator"]},{"rank":{"index":2,"lang":"en","country":"in","chineseCountryName":"印度","pkg":"com.spaceship.screen.textcopy"},"orders":["com.recognize_text.translate.screen","com.spaceship.screen.textcopy","com.google.android.apps.translate","com.newmg.yurao.pro","com.niven.game","com.tap_to_translate.snap_translate","com.zaz.translate","com.niven.translator","com.niven.comic","com.eecorp.linguago","com.niven.apptranslate","screen.translator.voice.translate","com.microsoft.translator","com.tranit.text.translate","all.language.translate.translator","translate.smartranit.language.text","com.datacomprojects.scanandtranslate","com.pidev.screentranslator","com.mg.yurao.google","com.gaminik.i18n"]},{"rank":{"index":2,"lang":"id","country":"id","chineseCountryName":"印尼","pkg":"com.spaceship.screen.textcopy"},"orders":["com.recognize_text.translate.screen","com.spaceship.screen.textcopy","com.tap_to_translate.snap_translate","com.gaminik.i18n","com.mg.yurao.google","com.niven.game","com.niven.translator","com.niven.comic","com.newmg.yurao.pro","com.niven.apptranslate","com.eecorp.linguago","com.youdao.hindict","com.google.android.apps.translate"]},{"rank":{"index":2,"lang":"es-mx","country":"mx","chineseCountryName":"墨西哥","pkg":"com.spaceship.screen.textcopy"},"orders":["com.recognize_text.translate.screen","com.spaceship.screen.textcopy","com.tap_to_translate.snap_translate","com.niven.game","com.niven.translator","com.niven.comic","com.niven.apptranslate","com.eecorp.linguago","com.newmg.yurao.pro","com.google.android.apps.translate","com.zaz.translate","com.youdao.hindict","com.microsoft.translator","com.gaminik.i18n","com.mg.yurao.google"]}]