[{"rank":{"index":2,"lang":"en-us","country":"us","chineseCountryName":"美国","pkg":"com.spaceship.screen.textcopy"},"orders":["com.recognize_text.translate.screen","com.spaceship.screen.textcopy","com.mg.yurao.google","com.tap_to_translate.snap_translate","com.gaminik.i18n","com.google.android.apps.translate","com.microsoft.translator","com.niven.translator","com.niven.game","screen.translator.voice.translate","com.niven.comic","com.mobisystems.msdict.embedded.wireless.collins.ee","com.eecorp.linguago","com.newmg.yurao.pro","com.deepl.mobiletranslator","com.naver.labs.translator","com.google.android.dialer","com.android.chrome","com.softissimo.reverso.context","com.niven.apptranslate"]},{"rank":{"index":3,"lang":"ru","country":"ru","chineseCountryName":"俄罗斯","pkg":"com.spaceship.screen.textcopy"},"orders":["com.recognize_text.translate.screen","com.tap_to_translate.snap_translate","com.spaceship.screen.textcopy","com.gaminik.i18n","com.mg.yurao.google","com.niven.translator","com.niven.game","com.newmg.yurao.pro","com.eecorp.linguago","com.niven.comic","ru.yandex.translate","com.niven.apptranslate","com.microsoft.translator","com.deepl.mobiletranslator","com.google.android.apps.translate","com.pidev.screentranslator","us.zoom.videomeetings","screen.translator.voice.translate","com.copy.paste.ocr.screen.text.copypastetrial.pro","com.naver.labs.translator"]},{"rank":{"index":2,"lang":"fr","country":"fr","chineseCountryName":"法国","pkg":"com.spaceship.screen.textcopy"},"orders":["com.recognize_text.translate.screen","com.spaceship.screen.textcopy","com.tap_to_translate.snap_translate","com.mg.yurao.google","com.gaminik.i18n","com.niven.translator","com.niven.game","com.niven.comic","com.google.android.apps.translate","com.microsoft.translator","com.eecorp.linguago","com.newmg.yurao.pro","com.niven.apptranslate","com.eecorp.taptranslator","screen.translator.voice.translate","com.softissimo.reverso.context","com.translator.yellow","ru.yandex.translate","com.deepl.mobiletranslator","at.nk.tools.iTranslate"]},{"rank":{"index":2,"lang":"en-gb","country":"gb","chineseCountryName":"英国","pkg":"com.spaceship.screen.textcopy"},"orders":["com.recognize_text.translate.screen","com.spaceship.screen.textcopy","com.mg.yurao.google","com.google.android.apps.translate","com.gaminik.i18n","com.microsoft.translator","screen.translator.voice.translate","com.niven.translator","com.tap_to_translate.snap_translate","com.niven.game","com.niven.comic","com.eecorp.linguago","com.newmg.yurao.pro","com.mobisystems.msdict.embedded.wireless.collins.ee","com.android.chrome","com.translator.yellow","com.google.android.apps.photos","com.google.android.dialer","com.deepl.mobiletranslator","com.whatsapp"]},{"rank":{"index":2,"lang":"de","country":"de","chineseCountryName":"德国","pkg":"com.spaceship.screen.textcopy"},"orders":["com.recognize_text.translate.screen","com.spaceship.screen.textcopy","com.mg.yurao.google","com.gaminik.i18n","com.niven.translator","com.niven.game","com.microsoft.translator","com.tap_to_translate.snap_translate","com.niven.comic","com.google.android.apps.translate","com.eecorp.linguago","com.deepl.mobiletranslator","com.translator.yellow","com.niven.apptranslate","com.newmg.yurao.pro","com.softissimo.reverso.context","com.mobisystems.msdict.embedded.wireless.collins.ee","ru.yandex.translate","com.android.chrome","com.translate.talkingtranslator"]},{"rank":{"index":2,"lang":"it","country":"it","chineseCountryName":"意大利","pkg":"com.spaceship.screen.textcopy"},"orders":["com.recognize_text.translate.screen","com.spaceship.screen.textcopy","com.niven.game","com.gaminik.i18n","com.mg.yurao.google","com.tap_to_translate.snap_translate","com.niven.translator","com.niven.apptranslate","com.niven.comic","com.microsoft.translator","com.google.android.apps.translate","com.eecorp.linguago","screen.translator.voice.translate","com.newmg.yurao.pro","com.translator.yellow","com.deepl.mobiletranslator","com.softissimo.reverso.context","com.mobisystems.msdict.embedded.wireless.collins.ee","ru.yandex.translate","at.nk.tools.iTranslate"]},{"rank":{"index":4,"lang":"ja","country":"jp","chineseCountryName":"日本","pkg":"com.spaceship.screen.textcopy"},"orders":["com.recognize_text.translate.screen","com.mg.yurao.google","com.gaminik.i18n","com.spaceship.screen.textcopy","com.niven.game","com.niven.translator","com.tap_to_translate.snap_translate","com.newmg.yurao.pro","com.google.android.apps.translate","com.niven.comic","com.microsoft.translator","com.eecorp.linguago","com.deepl.mobiletranslator","com.niven.apptranslate","com.naver.labs.translator","com.mobisystems.msdict.embedded.wireless.collins.ee","com.youdao.hindict","ru.yandex.translate","com.google.android.tts","com.softissimo.reverso.context"]},{"rank":{"index":3,"lang":"ko","country":"kr","chineseCountryName":"韩国","pkg":"com.spaceship.screen.textcopy"},"orders":["com.recognize_text.translate.screen","com.mg.yurao.google","com.spaceship.screen.textcopy","com.tap_to_translate.snap_translate","com.gaminik.i18n","com.niven.game","com.niven.translator","com.niven.apptranslate","com.niven.comic","com.eecorp.linguago","com.naver.labs.translator","com.google.android.apps.translate","com.newmg.yurao.pro","com.microsoft.translator","com.android.chrome","com.whatsapp","com.discord","screen.translator.voice.translate","com.google.android.apps.photos","us.zoom.videomeetings"]},{"rank":{"index":3,"lang":"zh-hk","country":"hk","chineseCountryName":"香港","pkg":"com.spaceship.screen.textcopy"},"orders":["com.recognize_text.translate.screen","com.mg.yurao.google","com.spaceship.screen.textcopy","com.gaminik.i18n","com.niven.translator","com.niven.game","com.tap_to_translate.snap_translate","com.niven.comic","com.microsoft.translator","com.google.android.apps.translate","com.niven.apptranslate","com.newmg.yurao.pro","com.eecorp.linguago","at.nk.tools.iTranslate","screen.translator.voice.translate","com.deepl.mobiletranslator","camera.translator.realtime","com.mobisystems.msdict.embedded.wireless.collins.ee","ru.yandex.translate","com.naver.labs.translator"]},{"rank":{"index":4,"lang":"zh-tw","country":"tw","chineseCountryName":"台湾","pkg":"com.spaceship.screen.textcopy"},"orders":["com.recognize_text.translate.screen","com.mg.yurao.google","com.gaminik.i18n","com.spaceship.screen.textcopy","com.tap_to_translate.snap_translate","com.niven.translator","com.niven.game","com.google.android.apps.translate","com.niven.comic","com.niven.apptranslate","com.microsoft.translator","com.newmg.yurao.pro","com.eecorp.linguago","at.nk.tools.iTranslate","com.naver.labs.translator","screen.translator.voice.translate","com.eecorp.taptranslator","camera.translator.realtime","com.deepl.mobiletranslator","com.subtitle.voice"]},{"rank":{"index":2,"lang":"en","country":"in","chineseCountryName":"印度","pkg":"com.spaceship.screen.textcopy"},"orders":["com.recognize_text.translate.screen","com.spaceship.screen.textcopy","com.tap_to_translate.snap_translate","com.google.android.apps.translate","com.gaminik.i18n","screen.translator.voice.translate","com.microsoft.translator","com.niven.translator","com.niven.game","com.newmg.yurao.pro","com.niven.comic","com.eecorp.linguago","com.zaz.translate","com.google.android.dialer","com.google.android.inputmethod.latin","com.android.chrome","com.google.android.apps.docs","com.google.android.googlequicksearchbox","com.niven.apptranslate","com.mg.yurao.google"]},{"rank":{"index":2,"lang":"id","country":"id","chineseCountryName":"印尼","pkg":"com.spaceship.screen.textcopy"},"orders":["com.recognize_text.translate.screen","com.spaceship.screen.textcopy","com.tap_to_translate.snap_translate","com.mg.yurao.google","com.gaminik.i18n","com.niven.translator","com.niven.game","com.niven.comic","com.newmg.yurao.pro","com.eecorp.linguago","com.niven.apptranslate","com.google.android.apps.translate","com.youdao.hindict","com.pidev.screentranslator","com.android.chrome","com.deepl.mobiletranslator","com.flitto.app","com.naver.labs.translator","screen.translator.voice.translate","com.microsoft.translator"]},{"rank":{"index":2,"lang":"es-mx","country":"mx","chineseCountryName":"墨西哥","pkg":"com.spaceship.screen.textcopy"},"orders":["com.recognize_text.translate.screen","com.spaceship.screen.textcopy","com.tap_to_translate.snap_translate","com.niven.translator","com.niven.game","com.niven.comic","com.google.android.apps.translate","com.microsoft.translator","com.google.android.apps.photos","com.whatsapp","com.android.chrome","com.google.android.apps.docs","com.google.android.dialer","com.discord","com.adobe.reader","com.google.android.deskclock","us.zoom.videomeetings","com.canva.editor","com.mg.yurao.google","com.gaminik.i18n"]}]