[{"rank":{"index":2,"lang":"en-us","country":"us","chineseCountryName":"美国","pkg":"com.spaceship.screen.textcopy"},"orders":["com.recognize_text.translate.screen","com.spaceship.screen.textcopy","com.tap_to_translate.snap_translate","com.microsoft.translator","com.google.android.apps.translate","com.niven.translator","com.gaminik.i18n","com.newmg.yurao.pro","at.nk.tools.iTranslate","com.translate.talkingtranslator","com.screen.translate.google","com.language.translate.free.translator.voice.translation","com.datacomprojects.scanandtranslate","com.zaz.translate","com.niven.game","com.naver.labs.translator","com.translate.language.translator.voice.translation","com.sayhi.android.sayhitranslate","com.deepl.mobiletranslator","jp.go.nict.voicetra"]},{"rank":{"index":0,"lang":"ru","country":"ru","chineseCountryName":"俄罗斯","pkg":"com.spaceship.screen.textcopy"},"orders":["com.recognize_text.translate.screen","com.niven.translator","com.tap_to_translate.snap_translate","com.newmg.yurao.pro","com.microsoft.translator","com.gaminik.i18n","com.google.android.apps.translate","com.niven.game","ru.yandex.translate","com.datacomprojects.scanandtranslate","at.nk.tools.iTranslate","com.zaz.translate","com.screen.translate.google","com.translate.talkingtranslator","com.deepl.mobiletranslator","com.language.translate.free.translator.voice.translation","com.niven.apptranslate","com.naver.labs.translator","com.traductorweb","com.wooask.zx"]},{"rank":{"index":2,"lang":"pt-br","country":"br","chineseCountryName":"巴西","pkg":"com.spaceship.screen.textcopy"},"orders":["com.recognize_text.translate.screen","com.spaceship.screen.textcopy","com.tap_to_translate.snap_translate","com.gaminik.i18n","com.niven.translator","com.newmg.yurao.pro","com.microsoft.translator","at.nk.tools.iTranslate","com.screen.translate.google","com.niven.apptranslate","com.niven.game","com.translate.language.translator.voice.translation","com.google.android.apps.translate","com.zaz.translate","com.niven.comic","com.deepl.mobiletranslator","com.audacityittranslator.translatetexttranslator","com.aldoo.pdftranslatorpro","com.android.chrome","com.tangdi.baiguotong"]},{"rank":{"index":2,"lang":"fr","country":"fr","chineseCountryName":"法国","pkg":"com.spaceship.screen.textcopy"},"orders":["com.recognize_text.translate.screen","com.spaceship.screen.textcopy","com.tap_to_translate.snap_translate","com.newmg.yurao.pro","com.microsoft.translator","com.gaminik.i18n","com.niven.translator","at.nk.tools.iTranslate","com.google.android.apps.translate","com.screen.translate.google","com.datacomprojects.scanandtranslate","com.translate.talkingtranslator","com.language.translate.free.translator.voice.translation","com.niven.apptranslate","com.niven.game","com.translate.language.translator.voice.translation","com.zaz.translate","camtranslator.voice.text.image.translate","com.google.ar.lens","com.deepl.mobiletranslator"]},{"rank":{"index":2,"lang":"en-gb","country":"gb","chineseCountryName":"英国","pkg":"com.spaceship.screen.textcopy"},"orders":["com.recognize_text.translate.screen","com.spaceship.screen.textcopy","com.tap_to_translate.snap_translate","com.microsoft.translator","com.google.android.apps.translate","com.newmg.yurao.pro","com.gaminik.i18n","com.niven.translator","at.nk.tools.iTranslate","com.datacomprojects.scanandtranslate","com.zaz.translate","com.translate.talkingtranslator","com.screen.translate.google","com.naver.labs.translator","com.language.translate.free.translator.voice.translation","com.sayhi.android.sayhitranslate","com.deepl.mobiletranslator","com.google.ar.lens","com.translate.language.translator.voice.translation","com.niven.game"]},{"rank":{"index":2,"lang":"de","country":"de","chineseCountryName":"德国","pkg":"com.spaceship.screen.textcopy"},"orders":["com.recognize_text.translate.screen","com.spaceship.screen.textcopy","com.tap_to_translate.snap_translate","com.microsoft.translator","com.gaminik.i18n","com.newmg.yurao.pro","com.niven.translator","at.nk.tools.iTranslate","com.google.android.apps.translate","com.screen.translate.google","com.niven.game","com.datacomprojects.scanandtranslate","com.translate.talkingtranslator","com.language.translate.free.translator.voice.translation","com.niven.apptranslate","com.deepl.mobiletranslator","com.zaz.translate","com.audacityittranslator.translatetexttranslator","com.translate.language.translator.voice.translation","com.google.ar.lens"]},{"rank":{"index":2,"lang":"it","country":"it","chineseCountryName":"意大利","pkg":"com.spaceship.screen.textcopy"},"orders":["com.recognize_text.translate.screen","com.spaceship.screen.textcopy","com.tap_to_translate.snap_translate","com.gaminik.i18n","com.microsoft.translator","com.newmg.yurao.pro","com.niven.translator","at.nk.tools.iTranslate","com.google.android.apps.translate","com.datacomprojects.scanandtranslate","com.screen.translate.google","com.niven.game","com.language.translate.free.translator.voice.translation"]},{"rank":{"index":2,"lang":"ja","country":"jp","chineseCountryName":"日本","pkg":"com.spaceship.screen.textcopy"},"orders":["com.recognize_text.translate.screen","com.spaceship.screen.textcopy","com.tap_to_translate.snap_translate","com.newmg.yurao.pro","com.gaminik.i18n","com.microsoft.translator","com.niven.translator","at.nk.tools.iTranslate","com.google.android.apps.translate","com.screen.translate.google","com.translate.talkingtranslator","com.deepl.mobiletranslator","com.niven.apptranslate","com.naver.labs.translator","com.niven.game","com.google.ar.lens","com.language.translate.free.translator.voice.translation","com.datacomprojects.scanandtranslate","com.android.chrome","com.tangdi.baiguotong"]},{"rank":{"index":2,"lang":"ko","country":"kr","chineseCountryName":"韩国","pkg":"com.spaceship.screen.textcopy"},"orders":["com.recognize_text.translate.screen","com.spaceship.screen.textcopy","com.tap_to_translate.snap_translate","com.newmg.yurao.pro","com.microsoft.translator","com.google.android.apps.translate","com.gaminik.i18n","com.niven.translator","com.naver.labs.translator","at.nk.tools.iTranslate","com.datacomprojects.scanandtranslate","com.zaz.translate","com.translate.talkingtranslator","com.screen.translate.google","com.language.translate.free.translator.voice.translation","com.niven.game","com.deepl.mobiletranslator","com.translate.language.translator.voice.translation","com.flitto.app","com.niven.apptranslate"]},{"rank":{"index":1,"lang":"zh-hk","country":"hk","chineseCountryName":"香港","pkg":"com.spaceship.screen.textcopy"},"orders":["com.spaceship.screen.textcopy","com.recognize_text.translate.screen","com.newmg.yurao.pro","com.microsoft.translator","com.tap_to_translate.snap_translate","com.google.android.apps.translate","com.gaminik.i18n","com.niven.translator","at.nk.tools.iTranslate","com.screen.translate.google","com.datacomprojects.scanandtranslate","com.naver.labs.translator","jp.go.nict.voicetra","com.translate.talkingtranslator","com.zaz.translate","com.language.translate.free.translator.voice.translation","com.niven.game","com.deepl.mobiletranslator","com.sayhi.android.sayhitranslate","com.wooask.zx"]},{"rank":{"index":2,"lang":"zh-tw","country":"tw","chineseCountryName":"台湾","pkg":"com.spaceship.screen.textcopy"},"orders":["com.recognize_text.translate.screen","com.spaceship.screen.textcopy","com.tap_to_translate.snap_translate","com.microsoft.translator","com.google.android.apps.translate","com.gaminik.i18n","com.newmg.yurao.pro","com.niven.translator","at.nk.tools.iTranslate","com.translate.talkingtranslator","com.datacomprojects.scanandtranslate","com.naver.labs.translator","jp.go.nict.voicetra","com.niven.game","com.zaz.translate","com.screen.translate.google","com.language.translate.free.translator.voice.translation","com.translate.language.translator.voice.translation","com.sayhi.android.sayhitranslate","com.youdao.hindict"]},{"rank":{"index":2,"lang":"en","country":"in","chineseCountryName":"印度","pkg":"com.spaceship.screen.textcopy"},"orders":["com.recognize_text.translate.screen","com.spaceship.screen.textcopy","com.tap_to_translate.snap_translate"]},{"rank":{"index":1,"lang":"id","country":"id","chineseCountryName":"印尼","pkg":"com.spaceship.screen.textcopy"},"orders":["com.spaceship.screen.textcopy","com.recognize_text.translate.screen","com.tap_to_translate.snap_translate","com.gaminik.i18n","com.niven.translator","com.newmg.yurao.pro","com.screen.translate.google","com.niven.game","com.microsoft.translator","com.google.android.apps.translate","at.nk.tools.iTranslate"]},{"rank":{"index":2,"lang":"es-mx","country":"mx","chineseCountryName":"墨西哥","pkg":"com.spaceship.screen.textcopy"},"orders":["com.recognize_text.translate.screen","com.spaceship.screen.textcopy","com.tap_to_translate.snap_translate","com.niven.translator","com.gaminik.i18n","com.newmg.yurao.pro","com.microsoft.translator","at.nk.tools.iTranslate","com.google.android.apps.translate","com.screen.translate.google","com.niven.apptranslate","com.niven.game","com.zaz.translate","com.aldoo.pdftranslatorpro","com.datacomprojects.scanandtranslate","com.language.translate.free.translator.voice.translation","com.youdao.hindict","com.niven.comic","com.deepl.mobiletranslator","com.google.ar.lens"]}]