[{"rank":{"index":2,"lang":"en-us","country":"us","chineseCountryName":"美国","pkg":"com.spaceship.screen.textcopy"},"orders":["com.recognize_text.translate.screen","com.spaceship.screen.textcopy","com.screen.translate.google","com.google.android.apps.translate","com.niven.translator","com.microsoft.translator","com.gaminik.i18n","com.tap_to_translate.snap_translate","com.niven.game","com.translate.language.translator.voice.translation","com.niven.comic","com.translate.talkingtranslator","at.nk.tools.iTranslate","com.zaz.translate","com.newmg.yurao.pro","com.sayhi.android.sayhitranslate","com.deepl.mobiletranslator","com.ticktalk.translatevoice","com.mobisystems.msdict.embedded.wireless.collins.ee","com.google.ar.lens"]},{"rank":{"index":2,"lang":"ru","country":"ru","chineseCountryName":"俄罗斯","pkg":"com.spaceship.screen.textcopy"},"orders":["com.recognize_text.translate.screen","com.spaceship.screen.textcopy","com.niven.translator","com.tap_to_translate.snap_translate","com.screen.translate.google","com.niven.game","com.gaminik.i18n","ru.yandex.translate","com.niven.comic","com.microsoft.translator","com.newmg.yurao.pro","com.google.android.apps.translate","com.niven.apptranslate","com.deepl.mobiletranslator","com.datacomprojects.scanandtranslate","com.android.chrome","com.facebook.orca","com.translate.language.translator.voice.translation","com.discord","com.google.android.apps.nbu.files"]},{"rank":{"index":2,"lang":"pt-br","country":"br","chineseCountryName":"巴西","pkg":"com.spaceship.screen.textcopy"},"orders":["com.recognize_text.translate.screen","com.spaceship.screen.textcopy","com.tap_to_translate.snap_translate","com.niven.game","com.niven.translator"]},{"rank":{"index":2,"lang":"fr","country":"fr","chineseCountryName":"法国","pkg":"com.spaceship.screen.textcopy"},"orders":["com.recognize_text.translate.screen","com.spaceship.screen.textcopy","com.tap_to_translate.snap_translate","com.niven.translator","com.gaminik.i18n","com.niven.game","com.screen.translate.google","com.niven.comic","com.microsoft.translator","com.google.android.apps.translate","com.image.camera.translate.ai","com.newmg.yurao.pro","com.zaz.translate","com.translate.language.translator.voice.translation","com.niven.apptranslate","com.deepl.mobiletranslator","org.telegram.messenger","com.facebook.orca","com.softissimo.reverso.context","com.duolingo"]},{"rank":{"index":2,"lang":"en-gb","country":"gb","chineseCountryName":"英国","pkg":"com.spaceship.screen.textcopy"},"orders":["com.recognize_text.translate.screen","com.spaceship.screen.textcopy","com.gaminik.i18n","com.screen.translate.google","com.google.android.apps.translate","com.microsoft.translator","com.niven.translator","com.niven.game","com.tap_to_translate.snap_translate","com.translate.language.translator.voice.translation","com.niven.comic","com.zaz.translate","com.newmg.yurao.pro","at.nk.tools.iTranslate","com.deepl.mobiletranslator","com.sayhi.android.sayhitranslate","com.image.camera.translate.ai","com.niven.apptranslate","com.translate.talkingtranslator","com.datacomprojects.scanandtranslate"]},{"rank":{"index":2,"lang":"de","country":"de","chineseCountryName":"德国","pkg":"com.spaceship.screen.textcopy"},"orders":["com.recognize_text.translate.screen","com.spaceship.screen.textcopy","com.tap_to_translate.snap_translate","com.niven.translator","com.gaminik.i18n","com.screen.translate.google","com.niven.game","com.microsoft.translator","com.niven.comic","com.image.camera.translate.ai","com.google.android.apps.translate","com.newmg.yurao.pro","com.deepl.mobiletranslator","com.translate.language.translator.voice.translation","com.translate.talkingtranslator","com.niven.apptranslate","at.nk.tools.iTranslate","ru.yandex.translate","com.erudite.translator","com.audacityittranslator.translatetexttranslator"]},{"rank":{"index":2,"lang":"it","country":"it","chineseCountryName":"意大利","pkg":"com.spaceship.screen.textcopy"},"orders":["com.recognize_text.translate.screen","com.spaceship.screen.textcopy","com.niven.game","com.screen.translate.google","com.niven.translator","com.gaminik.i18n","com.tap_to_translate.snap_translate","com.microsoft.translator","com.niven.comic","com.image.camera.translate.ai","com.google.android.apps.translate","com.newmg.yurao.pro","com.translate.language.translator.voice.translation","com.datacomprojects.scanandtranslate","com.niven.apptranslate","com.deepl.mobiletranslator","com.audacityittranslator.translatetexttranslator","at.nk.tools.iTranslate","com.facebook.orca","com.softissimo.reverso.context"]},{"rank":{"index":2,"lang":"ja","country":"jp","chineseCountryName":"日本","pkg":"com.spaceship.screen.textcopy"},"orders":["com.recognize_text.translate.screen","com.spaceship.screen.textcopy","com.gaminik.i18n","com.niven.game","com.tap_to_translate.snap_translate","com.niven.translator","com.microsoft.translator","com.screen.translate.google","com.niven.comic","com.deepl.mobiletranslator","com.google.android.apps.translate","com.translate.language.translator.voice.translation","com.naver.labs.translator","com.niven.apptranslate","com.facebook.orca","com.google.ar.lens","com.android.chrome","com.newmg.yurao.pro","com.discord","com.google.android.apps.maps"]},{"rank":{"index":2,"lang":"ko","country":"kr","chineseCountryName":"韩国","pkg":"com.spaceship.screen.textcopy"},"orders":["com.recognize_text.translate.screen","com.spaceship.screen.textcopy","com.tap_to_translate.snap_translate","com.gaminik.i18n","com.niven.translator","com.niven.game","com.screen.translate.google","com.niven.comic","com.naver.labs.translator","com.newmg.yurao.pro","com.microsoft.translator","com.google.android.apps.translate","com.niven.apptranslate","com.facebook.orca","com.sec.android.app.sbrowser","com.duolingo","com.discord","com.android.chrome","com.google.android.apps.youtube.creator","com.deepl.mobiletranslator"]},{"rank":{"index":2,"lang":"zh-hk","country":"hk","chineseCountryName":"香港","pkg":"com.spaceship.screen.textcopy"},"orders":["com.recognize_text.translate.screen","com.spaceship.screen.textcopy","com.gaminik.i18n","com.screen.translate.google","com.niven.translator","com.niven.game","com.tap_to_translate.snap_translate","com.microsoft.translator","com.niven.comic","com.google.android.apps.translate","com.translate.language.translator.voice.translation","com.image.camera.translate.ai","at.nk.tools.iTranslate","com.newmg.yurao.pro","com.datacomprojects.scanandtranslate","com.translate.talkingtranslator","com.naver.labs.translator","com.deepl.mobiletranslator","com.google.android.apps.maps","com.niven.apptranslate"]},{"rank":{"index":2,"lang":"zh-tw","country":"tw","chineseCountryName":"台湾","pkg":"com.spaceship.screen.textcopy"},"orders":["com.recognize_text.translate.screen","com.spaceship.screen.textcopy","com.gaminik.i18n","com.screen.translate.google","com.niven.translator","com.niven.game","com.tap_to_translate.snap_translate","com.microsoft.translator","com.niven.comic","com.translate.language.translator.voice.translation","com.google.android.apps.translate","com.image.camera.translate.ai","com.newmg.yurao.pro","com.naver.labs.translator","at.nk.tools.iTranslate","com.datacomprojects.scanandtranslate","com.niven.apptranslate","com.deepl.mobiletranslator","com.youdao.hindict","com.translate.talkingtranslator"]},{"rank":{"index":2,"lang":"en","country":"in","chineseCountryName":"印度","pkg":"com.spaceship.screen.textcopy"},"orders":["com.recognize_text.translate.screen","com.spaceship.screen.textcopy","com.google.android.apps.translate","com.tap_to_translate.snap_translate","com.newmg.yurao.pro","com.screen.translate.google","com.niven.translator","com.zaz.translate","com.niven.game","com.microsoft.translator","com.gaminik.i18n","at.nk.tools.iTranslate","com.deepl.mobiletranslator","com.naver.labs.translator","com.softissimo.reverso.context","ru.yandex.translate","com.google.ar.lens"]},{"rank":{"index":2,"lang":"id","country":"id","chineseCountryName":"印尼","pkg":"com.spaceship.screen.textcopy"},"orders":["com.recognize_text.translate.screen","com.spaceship.screen.textcopy","com.tap_to_translate.snap_translate","com.niven.translator","com.screen.translate.google","com.gaminik.i18n","com.niven.game","com.niven.comic","com.youdao.hindict","com.google.android.apps.translate","com.newmg.yurao.pro"]},{"rank":{"index":2,"lang":"es-mx","country":"mx","chineseCountryName":"墨西哥","pkg":"com.spaceship.screen.textcopy"},"orders":["com.recognize_text.translate.screen","com.spaceship.screen.textcopy","com.tap_to_translate.snap_translate","com.niven.game","com.gaminik.i18n","com.google.android.apps.translate","com.microsoft.translator","com.screen.translate.google","at.nk.tools.iTranslate","com.niven.comic","com.deepl.mobiletranslator","com.naver.labs.translator","com.youdao.hindict","com.zaz.translate","ru.yandex.translate","com.newmg.yurao.pro","com.google.android.marvin.talkback","com.softissimo.reverso.context","com.translate.talkingtranslator","com.niven.translator"]}]