[{"rank":{"index":2,"lang":"en-us","country":"us","chineseCountryName":"美国","pkg":"com.spaceship.screen.textcopy"},"orders":["com.recognize_text.translate.screen","com.spaceship.screen.textcopy","com.tap_to_translate.snap_translate","com.google.android.apps.translate","com.microsoft.translator","com.niven.translator","com.newmg.yurao.pro","com.gaminik.i18n","com.naver.labs.translator","com.immersivetranslate.browser","com.deepl.mobiletranslator","at.nk.tools.iTranslate"]},{"rank":{"index":0,"lang":"ru","country":"ru","chineseCountryName":"俄罗斯","pkg":"com.spaceship.screen.textcopy"},"orders":["com.recognize_text.translate.screen","com.niven.translator","com.tap_to_translate.snap_translate","com.newmg.yurao.pro","com.microsoft.translator","com.google.android.apps.translate","com.deepl.mobiletranslator","com.niven.game","com.gaminik.i18n","ru.yandex.translate","com.naver.labs.translator","com.immersivetranslate.browser","at.nk.tools.iTranslate","com.tangdi.baiguotong","com.zaz.translate","com.google.ar.lens","com.webcatalog.translatium","com.niven.apptranslate","com.datacomprojects.scanandtranslate","com.honso.ai.felotranslator"]},{"rank":{"index":2,"lang":"pt-br","country":"br","chineseCountryName":"巴西","pkg":"com.spaceship.screen.textcopy"},"orders":["com.recognize_text.translate.screen","com.spaceship.screen.textcopy","com.tap_to_translate.snap_translate","com.gaminik.i18n","com.newmg.yurao.pro","com.niven.translator","com.microsoft.translator","com.immersivetranslate.browser","com.google.android.apps.translate","com.niven.game","com.tangdi.baiguotong","at.nk.tools.iTranslate","com.naver.labs.translator","com.wooask.zx","com.deepl.mobiletranslator","com.youdao.hindict","com.zaz.translate","ru.yandex.translate","com.niven.apptranslate","com.voice_camera_free_translate"]},{"rank":{"index":3,"lang":"fr","country":"fr","chineseCountryName":"法国","pkg":"com.spaceship.screen.textcopy"},"orders":["com.recognize_text.translate.screen","com.tap_to_translate.snap_translate","com.spaceship.screen.textcopy","com.newmg.yurao.pro","com.niven.translator","com.gaminik.i18n","com.microsoft.translator","com.google.android.apps.translate","com.naver.labs.translator","com.immersivetranslate.browser","at.nk.tools.iTranslate","com.deepl.mobiletranslator","com.eecorp.linguago","com.niven.game","com.screen.translate.google","com.niven.apptranslate","com.tangdi.baiguotong","com.voice_camera_free_translate","com.zaz.translate","ru.yandex.translate"]},{"rank":{"index":2,"lang":"en-gb","country":"gb","chineseCountryName":"英国","pkg":"com.spaceship.screen.textcopy"},"orders":["com.recognize_text.translate.screen","com.spaceship.screen.textcopy","com.tap_to_translate.snap_translate","com.newmg.yurao.pro","com.google.android.apps.translate","com.microsoft.translator","com.niven.translator","com.deepl.mobiletranslator","com.gaminik.i18n","com.naver.labs.translator","com.immersivetranslate.browser","at.nk.tools.iTranslate","ru.yandex.translate","com.zaz.translate","com.tangdi.baiguotong","com.niven.game","com.youdao.hindict","com.wooask.zx","com.google.ar.lens","com.webcatalog.translatium"]},{"rank":{"index":2,"lang":"de","country":"de","chineseCountryName":"德国","pkg":"com.spaceship.screen.textcopy"},"orders":["com.recognize_text.translate.screen","com.spaceship.screen.textcopy","com.tap_to_translate.snap_translate","com.newmg.yurao.pro","com.niven.translator","com.gaminik.i18n","com.google.android.apps.translate","com.microsoft.translator","com.immersivetranslate.browser","com.deepl.mobiletranslator","at.nk.tools.iTranslate","com.tangdi.baiguotong","ru.yandex.translate","com.niven.game","com.naver.labs.translator","com.zaz.translate","com.wooask.zx","photo.translate.camera.translator","com.voice_camera_free_translate","com.eecorp.linguago"]},{"rank":{"index":2,"lang":"it","country":"it","chineseCountryName":"意大利","pkg":"com.spaceship.screen.textcopy"},"orders":["com.recognize_text.translate.screen","com.spaceship.screen.textcopy","com.tap_to_translate.snap_translate","com.newmg.yurao.pro","com.gaminik.i18n","com.niven.translator","com.microsoft.translator","com.google.android.apps.translate","com.tangdi.baiguotong","com.immersivetranslate.browser","at.nk.tools.iTranslate","com.niven.game","com.deepl.mobiletranslator","ru.yandex.translate","com.zaz.translate","com.youdao.hindict","com.naver.labs.translator","com.voice_camera_free_translate","com.wooask.zx","photo.translate.camera.translator"]},{"rank":{"index":2,"lang":"ja","country":"jp","chineseCountryName":"日本","pkg":"com.spaceship.screen.textcopy"},"orders":["com.recognize_text.translate.screen","com.spaceship.screen.textcopy","com.tap_to_translate.snap_translate","com.newmg.yurao.pro","com.niven.translator","com.gaminik.i18n","com.microsoft.translator","com.naver.labs.translator","com.immersivetranslate.browser","com.deepl.mobiletranslator","com.google.android.apps.translate","com.tangdi.baiguotong"]},{"rank":{"index":3,"lang":"ko","country":"kr","chineseCountryName":"韩国","pkg":"com.spaceship.screen.textcopy"},"orders":["com.recognize_text.translate.screen","com.tap_to_translate.snap_translate","com.spaceship.screen.textcopy","com.newmg.yurao.pro","com.microsoft.translator","com.google.android.apps.translate","com.naver.labs.translator","com.niven.translator","com.gaminik.i18n","com.deepl.mobiletranslator","com.immersivetranslate.browser","at.nk.tools.iTranslate","ru.yandex.translate","com.niven.game","com.zaz.translate","com.wooask.zx","link.zhidou.btranslator","com.webcatalog.translatium","com.honso.ai.felotranslator","com.translate.talkingtranslator"]},{"rank":{"index":1,"lang":"zh-hk","country":"hk","chineseCountryName":"香港","pkg":"com.spaceship.screen.textcopy"},"orders":["com.spaceship.screen.textcopy","com.recognize_text.translate.screen","com.newmg.yurao.pro","com.microsoft.translator","com.google.android.apps.translate","com.niven.translator","com.gaminik.i18n","com.tap_to_translate.snap_translate","com.naver.labs.translator","com.immersivetranslate.browser","com.deepl.mobiletranslator","at.nk.tools.iTranslate","com.tangdi.baiguotong"]},{"rank":{"index":2,"lang":"zh-tw","country":"tw","chineseCountryName":"台湾","pkg":"com.spaceship.screen.textcopy"},"orders":["com.recognize_text.translate.screen","com.spaceship.screen.textcopy","com.newmg.yurao.pro","com.microsoft.translator","com.tap_to_translate.snap_translate","com.google.android.apps.translate","com.niven.translator","com.gaminik.i18n","com.naver.labs.translator","com.immersivetranslate.browser","com.deepl.mobiletranslator","at.nk.tools.iTranslate","com.tangdi.baiguotong","com.niven.game","ru.yandex.translate","com.wooask.zx","com.youdao.hindict","com.zaz.translate","com.webcatalog.translatium","com.mobisystems.msdict.embedded.wireless.collins.ee"]},{"rank":{"index":2,"lang":"en","country":"in","chineseCountryName":"印度","pkg":"com.spaceship.screen.textcopy"},"orders":["com.recognize_text.translate.screen","com.spaceship.screen.textcopy","com.newmg.yurao.pro","com.google.android.apps.translate"]},{"rank":{"index":3,"lang":"id","country":"id","chineseCountryName":"印尼","pkg":"com.spaceship.screen.textcopy"},"orders":["com.recognize_text.translate.screen","com.tap_to_translate.snap_translate","com.spaceship.screen.textcopy","com.newmg.yurao.pro","com.gaminik.i18n","com.niven.translator","com.niven.game","com.naver.labs.translator","com.google.android.apps.translate","com.immersivetranslate.browser","com.microsoft.translator"]},{"rank":{"index":2,"lang":"es-mx","country":"mx","chineseCountryName":"墨西哥","pkg":"com.spaceship.screen.textcopy"},"orders":["com.recognize_text.translate.screen","com.spaceship.screen.textcopy","com.tap_to_translate.snap_translate","com.newmg.yurao.pro","com.gaminik.i18n","com.microsoft.translator","com.niven.translator","com.google.android.apps.translate","com.immersivetranslate.browser","com.tangdi.baiguotong","com.niven.game","at.nk.tools.iTranslate","com.deepl.mobiletranslator","com.naver.labs.translator"]}]