[{"rank":{"index":2,"lang":"en-us","country":"us","chineseCountryName":"美国","pkg":"com.spaceship.screen.textcopy"},"orders":["com.recognize_text.translate.screen","com.spaceship.screen.textcopy","com.niven.translator","com.screen.translate.google","com.google.android.apps.translate","com.tap_to_translate.snap_translate","com.gaminik.i18n","com.newmg.yurao.pro","com.microsoft.translator","com.immersivetranslate.browser","com.deepl.mobiletranslator","com.fapp.translate.language.translator.fasttranslation","com.zaz.translate","com.naver.labs.translator","photo.translate.camera.translator","at.nk.tools.iTranslate","com.niven.game","com.niven.apptranslate","com.datacomprojects.scanandtranslate","link.zhidou.btranslator"]},{"rank":{"index":0,"lang":"ru","country":"ru","chineseCountryName":"俄罗斯","pkg":"com.spaceship.screen.textcopy"},"orders":["com.recognize_text.translate.screen","com.niven.translator","com.tap_to_translate.snap_translate","com.gaminik.i18n","com.screen.translate.google","com.newmg.yurao.pro","ru.yandex.translate","com.google.android.apps.translate","com.immersivetranslate.browser","com.deepl.mobiletranslator","com.niven.game"]},{"rank":{"index":2,"lang":"pt-br","country":"br","chineseCountryName":"巴西","pkg":"com.spaceship.screen.textcopy"},"orders":["com.recognize_text.translate.screen","com.spaceship.screen.textcopy","com.niven.translator","com.tap_to_translate.snap_translate","com.gaminik.i18n","com.screen.translate.google","com.newmg.yurao.pro","com.immersivetranslate.browser","com.voice_camera_free_translate","com.fapp.translate.language.translator.fasttranslation","com.niven.apptranslate","com.deepl.mobiletranslator","com.niven.game","com.google.android.apps.translate","com.microsoft.translator","com.zaz.translate","com.eecorp.linguago","photo.translate.camera.translator","com.datacomprojects.scanandtranslate","com.aiphone.secondphonenumber"]},{"rank":{"index":2,"lang":"fr","country":"fr","chineseCountryName":"法国","pkg":"com.spaceship.screen.textcopy"},"orders":["com.recognize_text.translate.screen","com.spaceship.screen.textcopy","com.tap_to_translate.snap_translate","com.niven.translator","com.screen.translate.google","com.gaminik.i18n","com.newmg.yurao.pro","com.google.android.apps.translate","com.fapp.translate.language.translator.fasttranslation","com.immersivetranslate.browser","com.voice_camera_free_translate","com.deepl.mobiletranslator","com.zaz.translate","com.microsoft.translator","com.niven.apptranslate","com.naver.labs.translator","com.datacomprojects.scanandtranslate","photo.translate.camera.translator","ru.yandex.translate","com.niven.game"]},{"rank":{"index":2,"lang":"en-gb","country":"gb","chineseCountryName":"英国","pkg":"com.spaceship.screen.textcopy"},"orders":["com.recognize_text.translate.screen","com.spaceship.screen.textcopy","com.google.android.apps.translate","com.niven.translator","com.screen.translate.google","com.gaminik.i18n","com.newmg.yurao.pro","com.tap_to_translate.snap_translate","com.microsoft.translator","com.zaz.translate","com.immersivetranslate.browser","com.fapp.translate.language.translator.fasttranslation","com.deepl.mobiletranslator","com.naver.labs.translator","photo.translate.camera.translator","com.datacomprojects.scanandtranslate","com.niven.game","ru.yandex.translate","com.niven.apptranslate","co.langlang.translator_for_wsp"]},{"rank":{"index":3,"lang":"de","country":"de","chineseCountryName":"德国","pkg":"com.spaceship.screen.textcopy"},"orders":["com.recognize_text.translate.screen","com.niven.translator","com.spaceship.screen.textcopy","com.tap_to_translate.snap_translate","com.screen.translate.google","com.gaminik.i18n","com.newmg.yurao.pro","com.immersivetranslate.browser","com.google.android.apps.translate","com.fapp.translate.language.translator.fasttranslation","com.deepl.mobiletranslator","com.microsoft.translator","com.zaz.translate","com.voice_camera_free_translate","com.niven.apptranslate","ru.yandex.translate","photo.translate.camera.translator","live.screentranslate.realtime","com.eecorp.linguago","com.kursx.smartbook"]},{"rank":{"index":2,"lang":"it","country":"it","chineseCountryName":"意大利","pkg":"com.spaceship.screen.textcopy"},"orders":["com.recognize_text.translate.screen","com.spaceship.screen.textcopy","com.niven.translator","com.tap_to_translate.snap_translate","com.screen.translate.google","com.gaminik.i18n","com.newmg.yurao.pro","com.immersivetranslate.browser","com.fapp.translate.language.translator.fasttranslation","com.google.android.apps.translate","com.deepl.mobiletranslator","com.voice_camera_free_translate","com.zaz.translate","com.microsoft.translator","com.niven.apptranslate","com.datacomprojects.scanandtranslate","com.kursx.smartbook","com.eecorp.linguago","photo.translate.camera.translator","ru.yandex.translate"]},{"rank":{"index":2,"lang":"ja","country":"jp","chineseCountryName":"日本","pkg":"com.spaceship.screen.textcopy"},"orders":["com.recognize_text.translate.screen","com.spaceship.screen.textcopy","com.tap_to_translate.snap_translate","com.niven.translator","com.gaminik.i18n","com.screen.translate.google","com.newmg.yurao.pro","com.immersivetranslate.browser","com.google.android.apps.translate","com.fapp.translate.language.translator.fasttranslation","com.deepl.mobiletranslator","com.naver.labs.translator","com.zaz.translate"]},{"rank":{"index":2,"lang":"ko","country":"kr","chineseCountryName":"韩国","pkg":"com.spaceship.screen.textcopy"},"orders":["com.recognize_text.translate.screen","com.spaceship.screen.textcopy","com.tap_to_translate.snap_translate","com.niven.translator","com.screen.translate.google","com.gaminik.i18n","com.newmg.yurao.pro","com.naver.labs.translator","com.google.android.apps.translate","com.fapp.translate.language.translator.fasttranslation","com.immersivetranslate.browser","com.voice_camera_free_translate","com.niven.apptranslate","com.deepl.mobiletranslator","com.microsoft.translator","com.zaz.translate","com.google.ar.lens","com.openai.chatgpt","photo.translate.camera.translator","com.android.chrome"]},{"rank":{"index":2,"lang":"zh-hk","country":"hk","chineseCountryName":"香港","pkg":"com.spaceship.screen.textcopy"},"orders":["com.recognize_text.translate.screen","com.spaceship.screen.textcopy","com.screen.translate.google","com.niven.translator","com.tap_to_translate.snap_translate","com.gaminik.i18n","com.newmg.yurao.pro","com.google.android.apps.translate","com.fapp.translate.language.translator.fasttranslation","com.immersivetranslate.browser","com.microsoft.translator","com.voice_camera_free_translate","com.zaz.translate","com.naver.labs.translator","com.niven.apptranslate","com.deepl.mobiletranslator","photo.translate.camera.translator","com.datacomprojects.scanandtranslate","live.screentranslate.realtime","ru.yandex.translate"]},{"rank":{"index":2,"lang":"zh-tw","country":"tw","chineseCountryName":"台湾","pkg":"com.spaceship.screen.textcopy"},"orders":["com.recognize_text.translate.screen","com.spaceship.screen.textcopy","com.niven.translator","com.screen.translate.google","com.newmg.yurao.pro","com.gaminik.i18n","com.immersivetranslate.browser","com.tap_to_translate.snap_translate","com.google.android.apps.translate","com.zaz.translate","com.microsoft.translator","com.fapp.translate.language.translator.fasttranslation","com.datacomprojects.scanandtranslate","com.naver.labs.translator","com.niven.apptranslate","com.deepl.mobiletranslator","at.nk.tools.iTranslate","co.langlang.translator_for_wsp","co.appnation.aivoicetranslator","ru.yandex.translate"]},{"rank":{"index":2,"lang":"en","country":"in","chineseCountryName":"印度","pkg":"com.spaceship.screen.textcopy"},"orders":["com.recognize_text.translate.screen","com.spaceship.screen.textcopy","com.newmg.yurao.pro","com.google.android.apps.translate","com.zaz.translate"]},{"rank":{"index":3,"lang":"id","country":"id","chineseCountryName":"印尼","pkg":"com.spaceship.screen.textcopy"},"orders":["com.recognize_text.translate.screen","com.tap_to_translate.snap_translate","com.spaceship.screen.textcopy","com.niven.translator","com.screen.translate.google","com.gaminik.i18n","com.newmg.yurao.pro","com.fapp.translate.language.translator.fasttranslation","com.google.android.apps.translate","com.voice_camera_free_translate","com.deepl.mobiletranslator","com.niven.apptranslate","com.naver.labs.translator","com.immersivetranslate.browser","com.niven.game","com.zaz.translate","com.microsoft.translator"]},{"rank":{"index":2,"lang":"es-mx","country":"mx","chineseCountryName":"墨西哥","pkg":"com.spaceship.screen.textcopy"},"orders":["com.recognize_text.translate.screen","com.spaceship.screen.textcopy","com.tap_to_translate.snap_translate","com.niven.translator","com.screen.translate.google","com.gaminik.i18n","com.newmg.yurao.pro","com.voice_camera_free_translate","com.google.android.apps.translate","com.fapp.translate.language.translator.fasttranslation","com.immersivetranslate.browser","com.deepl.mobiletranslator","com.niven.apptranslate","com.niven.game","com.microsoft.translator","com.openai.chatgpt","com.zaz.translate","com.microsoft.teams","com.google.android.apps.chromecast.app","com.ubercab"]}]