[{"rank":{"index":2,"lang":"en-us","country":"us","chineseCountryName":"美国","pkg":"com.spaceship.screen.textcopy"},"orders":["com.recognize_text.translate.screen","com.spaceship.screen.textcopy","com.niven.translator","com.tap_to_translate.snap_translate","com.screen.translate.google","com.google.android.apps.translate","com.gaminik.i18n","com.galaxy.airviewdictionary","com.newmg.yurao.pro","com.deepl.mobiletranslator","com.microsoft.translator","link.zhidou.btranslator","com.immersivetranslate.browser","com.naver.labs.translator","at.nk.tools.iTranslate","com.niven.game","ru.yandex.translate","com.niven.apptranslate","com.zaz.translate","com.kursx.smartbook"]},{"rank":{"index":4,"lang":"ru","country":"ru","chineseCountryName":"俄罗斯","pkg":"com.spaceship.screen.textcopy"},"orders":["com.recognize_text.translate.screen","com.niven.translator","com.tap_to_translate.snap_translate","com.spaceship.screen.textcopy","com.gaminik.i18n","com.galaxy.airviewdictionary","com.screen.translate.google","ru.yandex.translate","com.newmg.yurao.pro","com.deepl.mobiletranslator","com.niven.game","com.google.android.apps.translate"]},{"rank":{"index":2,"lang":"pt-br","country":"br","chineseCountryName":"巴西","pkg":"com.spaceship.screen.textcopy"},"orders":["com.recognize_text.translate.screen","com.spaceship.screen.textcopy","com.niven.translator","com.tap_to_translate.snap_translate","com.gaminik.i18n","com.galaxy.airviewdictionary","com.screen.translate.google","com.newmg.yurao.pro","com.niven.game","com.immersivetranslate.browser","com.google.android.apps.translate","com.niven.apptranslate","com.deepl.mobiletranslator","link.zhidou.btranslator","com.eecorp.linguago","com.microsoft.teams","com.google.android.apps.chromecast.app","com.ubercab","com.amazon.kindle","com.zaz.translate"]},{"rank":{"index":2,"lang":"fr","country":"fr","chineseCountryName":"法国","pkg":"com.spaceship.screen.textcopy"},"orders":["com.recognize_text.translate.screen","com.spaceship.screen.textcopy","com.tap_to_translate.snap_translate","com.niven.translator","com.gaminik.i18n","com.galaxy.airviewdictionary","com.screen.translate.google","com.newmg.yurao.pro","com.google.android.apps.translate","com.deepl.mobiletranslator","com.voice_camera_free_translate","com.immersivetranslate.browser","com.fapp.translate.language.translator.fasttranslation","com.zaz.translate","com.niven.game","com.microsoft.translator","com.naver.labs.translator","com.niven.apptranslate","link.zhidou.btranslator","com.microsoft.teams"]},{"rank":{"index":2,"lang":"en-gb","country":"gb","chineseCountryName":"英国","pkg":"com.spaceship.screen.textcopy"},"orders":["com.recognize_text.translate.screen","com.spaceship.screen.textcopy","com.niven.translator","com.galaxy.airviewdictionary","com.screen.translate.google","com.google.android.apps.translate","com.gaminik.i18n","com.tap_to_translate.snap_translate","com.newmg.yurao.pro","com.microsoft.translator","com.immersivetranslate.browser","com.zaz.translate","com.deepl.mobiletranslator","com.fapp.translate.language.translator.fasttranslation","com.naver.labs.translator","link.zhidou.btranslator","com.niven.apptranslate","ru.yandex.translate","com.niven.game","at.nk.tools.iTranslate"]},{"rank":{"index":4,"lang":"de","country":"de","chineseCountryName":"德国","pkg":"com.spaceship.screen.textcopy"},"orders":["com.recognize_text.translate.screen","com.tap_to_translate.snap_translate","com.niven.translator","com.spaceship.screen.textcopy","com.gaminik.i18n","com.galaxy.airviewdictionary","com.screen.translate.google","com.newmg.yurao.pro","com.immersivetranslate.browser","com.deepl.mobiletranslator","com.google.android.apps.translate","com.voice_camera_free_translate","com.niven.apptranslate","com.fapp.translate.language.translator.fasttranslation","com.zaz.translate","com.microsoft.translator","com.niven.game","ru.yandex.translate","link.zhidou.btranslator","com.microsoft.teams"]},{"rank":{"index":2,"lang":"it","country":"it","chineseCountryName":"意大利","pkg":"com.spaceship.screen.textcopy"},"orders":["com.recognize_text.translate.screen","com.spaceship.screen.textcopy","com.niven.translator","com.tap_to_translate.snap_translate","com.galaxy.airviewdictionary","com.gaminik.i18n","com.screen.translate.google","com.newmg.yurao.pro","com.deepl.mobiletranslator","com.google.android.apps.translate"]},{"rank":{"index":3,"lang":"ja","country":"jp","chineseCountryName":"日本","pkg":"com.spaceship.screen.textcopy"},"orders":["com.recognize_text.translate.screen","com.tap_to_translate.snap_translate","com.spaceship.screen.textcopy","com.gaminik.i18n","com.niven.translator","com.galaxy.airviewdictionary","com.screen.translate.google","com.newmg.yurao.pro","com.immersivetranslate.browser","com.naver.labs.translator","com.deepl.mobiletranslator","com.google.android.apps.translate","com.niven.game"]},{"rank":{"index":2,"lang":"ko","country":"kr","chineseCountryName":"韩国","pkg":"com.spaceship.screen.textcopy"},"orders":["com.recognize_text.translate.screen","com.spaceship.screen.textcopy","com.niven.translator","com.tap_to_translate.snap_translate","com.gaminik.i18n","com.galaxy.airviewdictionary","com.screen.translate.google","com.newmg.yurao.pro","com.naver.labs.translator","com.google.android.apps.translate","com.voice_camera_free_translate","com.niven.game","com.niven.apptranslate","com.immersivetranslate.browser","com.deepl.mobiletranslator","com.fapp.translate.language.translator.fasttranslation","link.zhidou.btranslator","com.microsoft.translator","com.zaz.translate","com.microsoft.teams"]},{"rank":{"index":2,"lang":"zh-hk","country":"hk","chineseCountryName":"香港","pkg":"com.spaceship.screen.textcopy"},"orders":["com.recognize_text.translate.screen","com.spaceship.screen.textcopy","com.tap_to_translate.snap_translate","com.niven.translator","com.screen.translate.google","com.galaxy.airviewdictionary","com.gaminik.i18n","com.newmg.yurao.pro","com.google.android.apps.translate","com.immersivetranslate.browser","com.voice_camera_free_translate","link.zhidou.btranslator","com.niven.apptranslate","com.microsoft.translator","com.niven.game","com.fapp.translate.language.translator.fasttranslation","com.zaz.translate","com.naver.labs.translator","com.deepl.mobiletranslator","ru.yandex.translate"]},{"rank":{"index":2,"lang":"zh-tw","country":"tw","chineseCountryName":"台湾","pkg":"com.spaceship.screen.textcopy"},"orders":["com.recognize_text.translate.screen","com.spaceship.screen.textcopy","com.niven.translator","com.galaxy.airviewdictionary","com.screen.translate.google","com.gaminik.i18n","com.tap_to_translate.snap_translate","com.newmg.yurao.pro","com.immersivetranslate.browser","com.google.android.apps.translate","com.fapp.translate.language.translator.fasttranslation","com.naver.labs.translator","com.deepl.mobiletranslator","com.niven.game","com.niven.apptranslate","link.zhidou.btranslator","com.kursx.smartbook","com.microsoft.translator","com.zaz.translate","com.microsoft.teams"]},{"rank":{"index":2,"lang":"en","country":"in","chineseCountryName":"印度","pkg":"com.spaceship.screen.textcopy"},"orders":["com.recognize_text.translate.screen","com.spaceship.screen.textcopy","com.newmg.yurao.pro","com.tap_to_translate.snap_translate","com.gaminik.i18n","com.google.android.apps.translate","com.zaz.translate","com.deepl.mobiletranslator","com.microsoft.translator","at.nk.tools.iTranslate","com.voice_camera_free_translate","com.siv","link.zhidou.btranslator","photo.translate.camera.translator","com.immersivetranslate.browser","com.galaxy.airviewdictionary","com.screen.translate.google","com.niven.translator","com.newtranslate.google","screen.translator.voice.translate"]},{"rank":{"index":2,"lang":"id","country":"id","chineseCountryName":"印尼","pkg":"com.spaceship.screen.textcopy"},"orders":["com.recognize_text.translate.screen","com.spaceship.screen.textcopy","com.tap_to_translate.snap_translate","com.niven.translator","com.screen.translate.google","com.gaminik.i18n","com.galaxy.airviewdictionary","com.newmg.yurao.pro","com.niven.game","com.google.android.apps.translate","com.voice_camera_free_translate","com.deepl.mobiletranslator","com.naver.labs.translator","com.zaz.translate","com.fapp.translate.language.translator.fasttranslation"]},{"rank":{"index":2,"lang":"es-mx","country":"mx","chineseCountryName":"墨西哥","pkg":"com.spaceship.screen.textcopy"},"orders":["com.recognize_text.translate.screen","com.spaceship.screen.textcopy","com.tap_to_translate.snap_translate","com.gaminik.i18n","com.newmg.yurao.pro","com.google.android.apps.translate","com.zaz.translate","at.nk.tools.iTranslate","com.microsoft.translator","ru.yandex.translate","com.naver.labs.translator","com.translate.talkingtranslator","link.zhidou.btranslator","com.immersivetranslate.browser","com.siv","com.voice_camera_free_translate","com.google.ar.lens","co.langlang.translator_for_wsp","photo.translate.camera.translator","com.aldoo.pdftranslatorpro"]}]