[{"rank":{"index":2,"lang":"en-us","country":"us","chineseCountryName":"美国","pkg":"com.spaceship.screen.textcopy"},"orders":["com.recognize_text.translate.screen","com.spaceship.screen.textcopy","com.tap_to_translate.snap_translate","com.niven.translator","com.gaminik.i18n","com.google.android.apps.translate","com.aurasense.screentranslate","com.newmg.yurao.pro","com.microsoft.translator","at.nk.tools.iTranslate","com.zaz.translate","com.deepl.mobiletranslator","link.zhidou.btranslator","com.screen.translate.google","com.naver.labs.translator","ru.yandex.translate","com.yoyodev.screentranslate","live.screentranslate.realtime","co.langlang.translator_for_wsp","com.galaxy.airviewdictionary"]},{"rank":{"index":3,"lang":"ru","country":"ru","chineseCountryName":"俄罗斯","pkg":"com.spaceship.screen.textcopy"},"orders":["com.recognize_text.translate.screen","com.niven.translator","com.spaceship.screen.textcopy","com.tap_to_translate.snap_translate","com.gaminik.i18n","com.google.android.apps.translate","com.newmg.yurao.pro","com.microsoft.translator","ru.yandex.translate","com.zaz.translate","com.yoyodev.screentranslate","com.hive.lingonative","com.screen.translate.google","link.zhidou.btranslator","com.naver.labs.translator","at.nk.tools.iTranslate","live.screentranslate.realtime","com.niven.game","co.appnation.aivoicetranslator","photo.translate.camera.translator"]},{"rank":{"index":2,"lang":"pt-br","country":"br","chineseCountryName":"巴西","pkg":"com.spaceship.screen.textcopy"},"orders":["com.recognize_text.translate.screen","com.spaceship.screen.textcopy","com.tap_to_translate.snap_translate","com.gaminik.i18n","com.niven.translator","com.google.android.apps.translate","com.newmg.yurao.pro","com.microsoft.translator","com.zaz.translate","com.deepl.mobiletranslator","ru.yandex.translate","link.zhidou.btranslator","at.nk.tools.iTranslate","com.hive.lingonative","com.screen.translate.google","com.niven.game","co.langlang.translator_for_wsp","co.appnation.aivoicetranslator","com.naver.labs.translator","live.screentranslate.realtime"]},{"rank":{"index":2,"lang":"fr","country":"fr","chineseCountryName":"法国","pkg":"com.spaceship.screen.textcopy"},"orders":["com.recognize_text.translate.screen","com.spaceship.screen.textcopy","com.tap_to_translate.snap_translate","com.gaminik.i18n","com.niven.translator","com.newmg.yurao.pro","link.zhidou.btranslator","com.google.android.apps.translate","com.yoyodev.screentranslate","com.aurasense.screentranslate","live.screentranslate.realtime","com.screen.translate.google","com.zaz.translate","com.deepl.mobiletranslator","at.nk.tools.iTranslate","co.langlang.translator_for_wsp","photo.translate.camera.translator","com.hive.lingonative","co.appnation.aivoicetranslator","com.microsoft.translator"]},{"rank":{"index":2,"lang":"en-gb","country":"gb","chineseCountryName":"英国","pkg":"com.spaceship.screen.textcopy"},"orders":["com.recognize_text.translate.screen","com.spaceship.screen.textcopy","com.tap_to_translate.snap_translate","com.google.android.apps.translate","at.nk.tools.iTranslate","com.zaz.translate","com.deepl.mobiletranslator","link.zhidou.btranslator","ru.yandex.translate","co.langlang.translator_for_wsp","com.niven.translator","com.newmg.yurao.pro","com.galaxy.airviewdictionary","com.aurasense.screentranslate","screen.translator.voice.translate","com.gyaser.screen.translator","com.screen.translate.google","translate.speech.text.translation.voicetranslator","com.naver.labs.translator","com.softissimo.reverso.context"]},{"rank":{"index":2,"lang":"de","country":"de","chineseCountryName":"德国","pkg":"com.spaceship.screen.textcopy"},"orders":["com.recognize_text.translate.screen","com.spaceship.screen.textcopy","com.tap_to_translate.snap_translate","com.niven.translator","com.gaminik.i18n","com.newmg.yurao.pro","com.yoyodev.screentranslate","link.zhidou.btranslator","com.screen.translate.google","live.screentranslate.realtime","com.aurasense.screentranslate","com.hive.lingonative","com.aktaris.chattranslator","com.google.android.apps.translate","com.deepl.mobiletranslator","com.zaz.translate","at.nk.tools.iTranslate","com.galaxy.airviewdictionary","co.appnation.aivoicetranslator","co.langlang.translator_for_wsp"]},{"rank":{"index":2,"lang":"it","country":"it","chineseCountryName":"意大利","pkg":"com.spaceship.screen.textcopy"},"orders":["com.recognize_text.translate.screen","com.spaceship.screen.textcopy","com.tap_to_translate.snap_translate","com.gaminik.i18n","com.niven.translator","com.newmg.yurao.pro","link.zhidou.btranslator","com.yoyodev.screentranslate","live.screentranslate.realtime","com.aurasense.screentranslate","com.screen.translate.google","com.hive.lingonative","com.google.android.apps.translate","co.appnation.aivoicetranslator","com.microsoft.translator","com.deepl.mobiletranslator","com.zaz.translate","at.nk.tools.iTranslate","photo.translate.camera.translator","com.galaxy.airviewdictionary"]},{"rank":{"index":2,"lang":"ja","country":"jp","chineseCountryName":"日本","pkg":"com.spaceship.screen.textcopy"},"orders":["com.recognize_text.translate.screen","com.spaceship.screen.textcopy","com.tap_to_translate.snap_translate","com.niven.translator","com.gaminik.i18n","com.newmg.yurao.pro","com.aurasense.screentranslate","com.screen.translate.google","live.screentranslate.realtime","com.aktaris.chattranslator","com.hive.lingonative","com.google.android.apps.translate"]},{"rank":{"index":2,"lang":"ko","country":"kr","chineseCountryName":"韩国","pkg":"com.spaceship.screen.textcopy"},"orders":["com.recognize_text.translate.screen","com.spaceship.screen.textcopy","com.tap_to_translate.snap_translate","com.gaminik.i18n","com.niven.translator","com.newmg.yurao.pro","com.screen.translate.google","live.screentranslate.realtime","com.aurasense.screentranslate","com.aktaris.chattranslator","com.galaxy.airviewdictionary","link.zhidou.btranslator","com.niven.apptranslate","com.hive.lingonative","com.chat_translate.screen_translate","com.gyaser.screen.translator","com.google.android.apps.translate","com.microsoft.translator","com.deepl.mobiletranslator","com.eecorp.linguago"]},{"rank":{"index":2,"lang":"zh-hk","country":"hk","chineseCountryName":"香港","pkg":"com.spaceship.screen.textcopy"},"orders":["com.recognize_text.translate.screen","com.spaceship.screen.textcopy","com.tap_to_translate.snap_translate","com.gaminik.i18n","com.niven.translator","com.newmg.yurao.pro","com.aurasense.screentranslate","com.microsoft.translator","com.google.android.apps.translate","at.nk.tools.iTranslate","com.screen.translate.google","link.zhidou.btranslator","live.screentranslate.realtime","com.zaz.translate","com.naver.labs.translator","com.aktaris.chattranslator","com.deepl.mobiletranslator","com.galaxy.airviewdictionary","co.langlang.translator_for_wsp","com.hive.lingonative"]},{"rank":{"index":2,"lang":"zh-tw","country":"tw","chineseCountryName":"台湾","pkg":"com.spaceship.screen.textcopy"},"orders":["com.recognize_text.translate.screen","com.spaceship.screen.textcopy","com.tap_to_translate.snap_translate","com.gaminik.i18n","com.newmg.yurao.pro","com.niven.translator","com.aurasense.screentranslate","com.screen.translate.google","com.microsoft.translator","com.google.android.apps.translate","com.galaxy.airviewdictionary","live.screentranslate.realtime","link.zhidou.btranslator","at.nk.tools.iTranslate","com.niven.apptranslate","com.aktaris.chattranslator","com.hive.lingonative","com.deepl.mobiletranslator","com.gyaser.screen.translator","com.naver.labs.translator"]},{"rank":{"index":0,"lang":"en","country":"in","chineseCountryName":"印度","pkg":"com.spaceship.screen.textcopy"},"orders":["com.recognize_text.translate.screen","com.tap_to_translate.snap_translate","com.gaminik.i18n","com.google.android.apps.translate","com.zaz.translate","at.nk.tools.iTranslate","com.deepl.mobiletranslator","link.zhidou.btranslator","co.appnation.aivoicetranslator","com.newmg.yurao.pro","com.niven.translator","screen.translator.voice.translate","com.galaxy.airviewdictionary","ru.yandex.translate","com.aurasense.screentranslate","com.gyaser.screen.translator","translate.speech.text.translation.voicetranslator","com.screen.translate.google","com.softissimo.reverso.context","photo.translate.camera.translator"]},{"rank":{"index":2,"lang":"id","country":"id","chineseCountryName":"印尼","pkg":"com.spaceship.screen.textcopy"},"orders":["com.recognize_text.translate.screen","com.spaceship.screen.textcopy","com.tap_to_translate.snap_translate","com.niven.translator","com.gaminik.i18n","com.newmg.yurao.pro","com.aurasense.screentranslate","com.screen.translate.google","com.google.android.apps.translate","link.zhidou.btranslator","live.screentranslate.realtime","com.galaxy.airviewdictionary","com.deepl.mobiletranslator","com.yoyodev.screentranslate","com.microsoft.translator","com.zaz.translate","at.nk.tools.iTranslate","com.niven.apptranslate","com.aktaris.chattranslator","com.hive.lingonative"]},{"rank":{"index":2,"lang":"es-mx","country":"mx","chineseCountryName":"墨西哥","pkg":"com.spaceship.screen.textcopy"},"orders":["com.recognize_text.translate.screen","com.spaceship.screen.textcopy","com.tap_to_translate.snap_translate","com.gaminik.i18n","com.niven.translator","com.google.android.apps.translate","com.aurasense.screentranslate","com.newmg.yurao.pro","com.zaz.translate","com.yoyodev.screentranslate","com.hive.lingonative","com.microsoft.translator","link.zhidou.btranslator","com.deepl.mobiletranslator","ru.yandex.translate"]}]