[{"rank":{"index":2,"lang":"en-us","country":"us","chineseCountryName":"美国","pkg":"com.spaceship.screen.textcopy"},"orders":["com.recognize_text.translate.screen","com.spaceship.screen.textcopy","com.gaminik.i18n","com.tap_to_translate.snap_translate","com.microsoft.translator","com.mg.yurao.google","com.google.android.apps.translate","com.niven.game","com.niven.translator","com.niven.comic","com.eecorp.linguago","screen.translator.voice.translate","com.niven.apptranslate","at.nk.tools.iTranslate","com.newmg.yurao.pro","com.translate.talkingtranslator","com.zaz.translate","com.languagetranslator.translatorapp.smartscanner.dictionary.translation.voicetranslator","com.naver.labs.translator","com.deepl.mobiletranslator"]},{"rank":{"index":2,"lang":"ru","country":"ru","chineseCountryName":"俄罗斯","pkg":"com.spaceship.screen.textcopy"},"orders":["com.recognize_text.translate.screen","com.spaceship.screen.textcopy","com.tap_to_translate.snap_translate","com.gaminik.i18n","com.niven.translator","com.niven.game","com.mg.yurao.google","com.microsoft.translator","com.google.android.apps.translate","com.niven.comic","com.eecorp.linguago","com.niven.apptranslate","screen.translator.voice.translate","com.newmg.yurao.pro","ru.yandex.translate","com.pidev.screentranslator","at.nk.tools.iTranslate","com.deepl.mobiletranslator","com.chat_translate.screen_translate","com.translate.talkingtranslator"]},{"rank":{"index":2,"lang":"pt-br","country":"br","chineseCountryName":"巴西","pkg":"com.spaceship.screen.textcopy"},"orders":["com.recognize_text.translate.screen","com.spaceship.screen.textcopy","com.tap_to_translate.snap_translate","com.gaminik.i18n","com.niven.game","com.mg.yurao.google","com.niven.translator","com.niven.comic","com.eecorp.linguago","com.niven.apptranslate","com.youdao.hindict","screen.translator.voice.translate","com.google.android.apps.translate","com.newmg.yurao.pro","at.nk.tools.iTranslate","com.zaz.translate","com.chat_translate.screen_translate","com.android.chrome","com.microsoft.translator","com.ydzlabs.chattranslator"]},{"rank":{"index":2,"lang":"en-gb","country":"gb","chineseCountryName":"英国","pkg":"com.spaceship.screen.textcopy"},"orders":["com.recognize_text.translate.screen","com.spaceship.screen.textcopy","com.tap_to_translate.snap_translate","com.google.android.apps.translate","com.microsoft.translator","com.gaminik.i18n","screen.translator.voice.translate","com.mg.yurao.google","com.niven.game","com.niven.translator","com.niven.comic","at.nk.tools.iTranslate","com.eecorp.linguago","com.zaz.translate","com.newmg.yurao.pro","com.niven.apptranslate","com.translate.talkingtranslator","com.tranit.text.translate","com.languagetranslator.translatorapp.smartscanner.dictionary.translation.voicetranslator","com.youdao.hindict"]},{"rank":{"index":2,"lang":"de","country":"de","chineseCountryName":"德国","pkg":"com.spaceship.screen.textcopy"},"orders":["com.recognize_text.translate.screen","com.spaceship.screen.textcopy","com.mg.yurao.google","com.gaminik.i18n","com.niven.game","com.tap_to_translate.snap_translate","com.niven.translator","com.niven.comic","com.eecorp.linguago","com.niven.apptranslate","com.microsoft.translator","screen.translator.voice.translate","com.newmg.yurao.pro","com.deepl.mobiletranslator","com.google.android.apps.translate","com.translate.talkingtranslator","at.nk.tools.iTranslate","com.zaz.translate","com.chat_translate.screen_translate","ru.yandex.translate"]},{"rank":{"index":2,"lang":"it","country":"it","chineseCountryName":"意大利","pkg":"com.spaceship.screen.textcopy"},"orders":["com.recognize_text.translate.screen","com.spaceship.screen.textcopy","com.gaminik.i18n","com.niven.game","screen.translator.voice.translate","com.mg.yurao.google","com.tap_to_translate.snap_translate","com.niven.translator","com.niven.comic","com.eecorp.linguago","com.niven.apptranslate","com.newmg.yurao.pro","com.zaz.translate","at.nk.tools.iTranslate","com.microsoft.translator","com.google.android.apps.translate","com.chat_translate.screen_translate","com.deepl.mobiletranslator","com.appgroup.app.arcamera","com.translator.translation.screen.translate.voice.languages.text.translating"]},{"rank":{"index":2,"lang":"ja","country":"jp","chineseCountryName":"日本","pkg":"com.spaceship.screen.textcopy"},"orders":["com.recognize_text.translate.screen","com.spaceship.screen.textcopy","com.gaminik.i18n","com.eecorp.linguago","com.mg.yurao.google","com.tap_to_translate.snap_translate","com.niven.game","com.niven.translator","screen.translator.voice.translate","com.newmg.yurao.pro","com.niven.apptranslate","com.niven.comic","com.chat_translate.screen_translate","com.google.android.apps.translate","com.pidev.screentranslator","com.deepl.mobiletranslator","us.zoom.videomeetings","com.microsoft.translator","com.naver.labs.translator","com.eecorp.taptranslator"]},{"rank":{"index":2,"lang":"ko","country":"kr","chineseCountryName":"韩国","pkg":"com.spaceship.screen.textcopy"},"orders":["com.recognize_text.translate.screen","com.spaceship.screen.textcopy","com.mg.yurao.google","com.tap_to_translate.snap_translate","com.gaminik.i18n","com.niven.game","com.niven.translator","com.microsoft.translator","com.google.android.apps.translate","com.niven.comic","com.eecorp.linguago","com.naver.labs.translator","com.newmg.yurao.pro","com.niven.apptranslate","screen.translator.voice.translate","com.translate.talkingtranslator","at.nk.tools.iTranslate","com.deepl.mobiletranslator","com.languagetranslator.translatorapp.smartscanner.dictionary.translation.voicetranslator","com.youdao.hindict"]},{"rank":{"index":2,"lang":"zh-hk","country":"hk","chineseCountryName":"香港","pkg":"com.spaceship.screen.textcopy"},"orders":["com.recognize_text.translate.screen","com.spaceship.screen.textcopy","com.mg.yurao.google","com.tap_to_translate.snap_translate","com.gaminik.i18n","com.niven.game","com.microsoft.translator","com.niven.translator","com.google.android.apps.translate","com.niven.comic","com.eecorp.linguago","com.niven.apptranslate","screen.translator.voice.translate","at.nk.tools.iTranslate","com.newmg.yurao.pro","com.tangdi.baiguotong","com.zaz.translate","com.translate.talkingtranslator","com.deepl.mobiletranslator","com.youdao.hindict"]},{"rank":{"index":4,"lang":"zh-tw","country":"tw","chineseCountryName":"台湾","pkg":"com.spaceship.screen.textcopy"},"orders":["com.recognize_text.translate.screen","com.mg.yurao.google","com.tap_to_translate.snap_translate","com.spaceship.screen.textcopy","com.gaminik.i18n","com.niven.game","com.google.android.apps.translate","com.microsoft.translator","com.niven.translator","com.niven.comic","com.eecorp.linguago","com.niven.apptranslate","com.newmg.yurao.pro","at.nk.tools.iTranslate","screen.translator.voice.translate","com.tangdi.baiguotong","com.translate.talkingtranslator","com.youdao.hindict","com.deepl.mobiletranslator","com.languagetranslator.translatorapp.smartscanner.dictionary.translation.voicetranslator"]},{"rank":{"index":2,"lang":"en","country":"in","chineseCountryName":"印度","pkg":"com.spaceship.screen.textcopy"},"orders":["com.recognize_text.translate.screen","com.spaceship.screen.textcopy","com.google.android.apps.translate","screen.translator.voice.translate","com.microsoft.translator","com.niven.game","com.tap_to_translate.snap_translate","com.niven.translator","com.zaz.translate","com.niven.comic","com.newmg.yurao.pro","com.eecorp.linguago","com.niven.apptranslate","com.tranit.text.translate","at.nk.tools.iTranslate","com.languagetranslator.translatorapp.smartscanner.dictionary.translation.voicetranslator","com.talpa.translate","com.translate.talkingtranslator","com.gaminik.i18n","com.mg.yurao.google"]},{"rank":{"index":1,"lang":"id","country":"id","chineseCountryName":"印尼","pkg":"com.spaceship.screen.textcopy"},"orders":["com.spaceship.screen.textcopy","com.recognize_text.translate.screen","com.gaminik.i18n","com.mg.yurao.google","com.eecorp.linguago","com.tap_to_translate.snap_translate","com.niven.game","com.niven.translator","com.niven.comic","com.newmg.yurao.pro","com.niven.apptranslate","com.google.android.apps.translate","screen.translator.voice.translate","com.youdao.hindict"]},{"rank":{"index":2,"lang":"es-mx","country":"mx","chineseCountryName":"墨西哥","pkg":"com.spaceship.screen.textcopy"},"orders":["com.recognize_text.translate.screen","com.spaceship.screen.textcopy","com.gaminik.i18n","com.tap_to_translate.snap_translate","com.niven.translator","com.niven.game","com.mg.yurao.google","com.niven.comic","com.eecorp.linguago","com.niven.apptranslate","com.youdao.hindict","screen.translator.voice.translate","com.microsoft.translator","at.nk.tools.iTranslate","com.google.android.apps.translate","com.newmg.yurao.pro","us.zoom.videomeetings","com.chat_translate.screen_translate","com.deepl.mobiletranslator","com.zaz.translate"]}]