[{"rank":{"index":2,"lang":"en-us","country":"us","chineseCountryName":"美国","pkg":"com.spaceship.screen.textcopy"},"orders":["com.recognize_text.translate.screen","com.spaceship.screen.textcopy","com.niven.translator","com.tap_to_translate.snap_translate","com.google.android.apps.translate","com.gaminik.i18n","com.newmg.yurao.pro","com.aurasense.screentranslate","com.microsoft.translator","com.screen.translate.google","com.yoyodev.screentranslate","com.deepl.mobiletranslator","com.zaz.translate","com.eecorp.linguago","at.nk.tools.iTranslate","com.naver.labs.translator","com.galaxy.airviewdictionary","com.niven.game","photo.translate.camera.translator","live.screentranslate.realtime"]},{"rank":{"index":2,"lang":"ru","country":"ru","chineseCountryName":"俄罗斯","pkg":"com.spaceship.screen.textcopy"},"orders":["com.recognize_text.translate.screen","com.spaceship.screen.textcopy","com.niven.translator","com.tap_to_translate.snap_translate","com.gaminik.i18n","com.newmg.yurao.pro","com.yoyodev.screentranslate","com.screen.translate.google","com.google.android.apps.translate","com.microsoft.translator","com.eecorp.linguago","com.niven.game","com.galaxy.airviewdictionary","com.zaz.translate","live.screentranslate.realtime","ru.yandex.translate","com.niven.apptranslate","photo.translate.camera.translator","at.nk.tools.iTranslate","com.hive.lingonative"]},{"rank":{"index":2,"lang":"pt-br","country":"br","chineseCountryName":"巴西","pkg":"com.spaceship.screen.textcopy"},"orders":["com.recognize_text.translate.screen","com.spaceship.screen.textcopy","com.tap_to_translate.snap_translate","com.niven.translator","com.gaminik.i18n","com.newmg.yurao.pro","com.google.android.apps.translate","com.screen.translate.google","com.niven.game","com.eecorp.linguago","com.galaxy.airviewdictionary","com.microsoft.translator","live.screentranslate.realtime","com.zaz.translate","at.nk.tools.iTranslate","com.deepl.mobiletranslator","com.niven.apptranslate","photo.translate.camera.translator","co.appnation.aivoicetranslator","ru.yandex.translate"]},{"rank":{"index":2,"lang":"fr","country":"fr","chineseCountryName":"法国","pkg":"com.spaceship.screen.textcopy"},"orders":["com.recognize_text.translate.screen","com.spaceship.screen.textcopy","com.tap_to_translate.snap_translate","com.niven.translator","com.gaminik.i18n","com.newmg.yurao.pro","com.aurasense.screentranslate","com.screen.translate.google","com.yoyodev.screentranslate","com.eecorp.linguago","com.galaxy.airviewdictionary","com.google.android.apps.translate","photo.translate.camera.translator","live.screentranslate.realtime","com.niven.apptranslate","co.appnation.aivoicetranslator","com.zaz.translate","com.microsoft.translator","link.zhidou.btranslator","com.deepl.mobiletranslator"]},{"rank":{"index":2,"lang":"en-gb","country":"gb","chineseCountryName":"英国","pkg":"com.spaceship.screen.textcopy"},"orders":["com.recognize_text.translate.screen","com.spaceship.screen.textcopy","com.tap_to_translate.snap_translate","com.niven.translator","com.gaminik.i18n","com.aurasense.screentranslate","com.google.android.apps.translate","com.newmg.yurao.pro","com.microsoft.translator","com.screen.translate.google","com.yoyodev.screentranslate","com.deepl.mobiletranslator","com.eecorp.linguago","com.zaz.translate","at.nk.tools.iTranslate","com.galaxy.airviewdictionary","live.screentranslate.realtime","com.niven.game","photo.translate.camera.translator","com.niven.apptranslate"]},{"rank":{"index":2,"lang":"de","country":"de","chineseCountryName":"德国","pkg":"com.spaceship.screen.textcopy"},"orders":["com.recognize_text.translate.screen","com.spaceship.screen.textcopy","com.niven.translator","com.tap_to_translate.snap_translate","com.gaminik.i18n","com.newmg.yurao.pro","com.aurasense.screentranslate","com.yoyodev.screentranslate","com.screen.translate.google","com.eecorp.linguago","live.screentranslate.realtime","com.galaxy.airviewdictionary","com.google.android.apps.translate","com.niven.apptranslate","com.hive.lingonative","co.appnation.aivoicetranslator","com.zaz.translate","com.deepl.mobiletranslator","screen.translator.voice.translate","link.zhidou.btranslator"]},{"rank":{"index":2,"lang":"it","country":"it","chineseCountryName":"意大利","pkg":"com.spaceship.screen.textcopy"},"orders":["com.recognize_text.translate.screen","com.spaceship.screen.textcopy","com.gaminik.i18n","com.tap_to_translate.snap_translate","com.niven.translator","com.newmg.yurao.pro","com.aurasense.screentranslate","com.yoyodev.screentranslate","com.screen.translate.google","com.google.android.apps.translate","live.screentranslate.realtime","com.eecorp.linguago","co.appnation.aivoicetranslator","com.galaxy.airviewdictionary","photo.translate.camera.translator","com.niven.apptranslate","com.microsoft.translator","com.deepl.mobiletranslator","com.hive.lingonative","link.zhidou.btranslator"]},{"rank":{"index":2,"lang":"ja","country":"jp","chineseCountryName":"日本","pkg":"com.spaceship.screen.textcopy"},"orders":["com.recognize_text.translate.screen","com.spaceship.screen.textcopy","com.tap_to_translate.snap_translate","com.gaminik.i18n","com.newmg.yurao.pro","com.niven.translator","com.aurasense.screentranslate","com.screen.translate.google","com.eecorp.linguago","com.niven.apptranslate","live.screentranslate.realtime","com.galaxy.airviewdictionary","com.hive.lingonative"]},{"rank":{"index":2,"lang":"ko","country":"kr","chineseCountryName":"韩国","pkg":"com.spaceship.screen.textcopy"},"orders":["com.recognize_text.translate.screen","com.spaceship.screen.textcopy","com.gaminik.i18n","com.tap_to_translate.snap_translate","com.niven.translator","com.newmg.yurao.pro","com.aurasense.screentranslate","com.screen.translate.google","live.screentranslate.realtime","com.eecorp.linguago","com.galaxy.airviewdictionary","com.niven.apptranslate","com.hive.lingonative","co.appnation.aivoicetranslator","com.google.android.apps.translate","com.zaz.translate","com.naver.labs.translator","com.microsoft.translator","com.gyaser.screen.translator","com.niven.game"]},{"rank":{"index":2,"lang":"zh-hk","country":"hk","chineseCountryName":"香港","pkg":"com.spaceship.screen.textcopy"},"orders":["com.recognize_text.translate.screen","com.spaceship.screen.textcopy","com.tap_to_translate.snap_translate","com.gaminik.i18n","com.newmg.yurao.pro","com.aurasense.screentranslate","com.niven.translator","com.screen.translate.google","com.google.android.apps.translate","com.yoyodev.screentranslate","com.galaxy.airviewdictionary","com.eecorp.linguago","com.zaz.translate","live.screentranslate.realtime","com.microsoft.translator","com.niven.apptranslate","com.naver.labs.translator","com.niven.game","at.nk.tools.iTranslate","com.hive.lingonative"]},{"rank":{"index":2,"lang":"zh-tw","country":"tw","chineseCountryName":"台湾","pkg":"com.spaceship.screen.textcopy"},"orders":["com.recognize_text.translate.screen","com.spaceship.screen.textcopy","com.tap_to_translate.snap_translate","com.gaminik.i18n","com.newmg.yurao.pro","com.niven.translator","com.aurasense.screentranslate","com.google.android.apps.translate","com.screen.translate.google","com.galaxy.airviewdictionary","com.yoyodev.screentranslate","com.zaz.translate","com.eecorp.linguago","com.microsoft.translator","com.niven.apptranslate","live.screentranslate.realtime","com.naver.labs.translator","com.niven.game","at.nk.tools.iTranslate","com.deepl.mobiletranslator"]},{"rank":{"index":0,"lang":"en","country":"in","chineseCountryName":"印度","pkg":"com.spaceship.screen.textcopy"},"orders":["com.recognize_text.translate.screen","com.tap_to_translate.snap_translate","com.google.android.apps.translate","com.zaz.translate","at.nk.tools.iTranslate","com.deepl.mobiletranslator","photo.translate.camera.translator","co.appnation.aivoicetranslator","com.newmg.yurao.pro","com.niven.translator","screen.translator.voice.translate","com.galaxy.airviewdictionary","com.aurasense.screentranslate","com.screen.translate.google","ru.yandex.translate","translate.speech.text.translation.voicetranslator","com.fapp.translate.language.translator.fasttranslation","com.yoyodev.screentranslate","com.eecorp.linguago","com.gyaser.screen.translator"]},{"rank":{"index":2,"lang":"id","country":"id","chineseCountryName":"印尼","pkg":"com.spaceship.screen.textcopy"},"orders":["com.recognize_text.translate.screen","com.spaceship.screen.textcopy","com.niven.translator","com.tap_to_translate.snap_translate","com.gaminik.i18n","com.google.android.apps.translate","com.aurasense.screentranslate","com.deepl.mobiletranslator","com.zaz.translate","com.microsoft.translator","com.newmg.yurao.pro","com.naver.labs.translator","ru.yandex.translate","com.yoyodev.screentranslate","com.niven.game","at.nk.tools.iTranslate","link.zhidou.btranslator","com.screen.translate.google","com.eecorp.linguago","live.screentranslate.realtime"]},{"rank":{"index":2,"lang":"es-mx","country":"mx","chineseCountryName":"墨西哥","pkg":"com.spaceship.screen.textcopy"},"orders":["com.recognize_text.translate.screen","com.spaceship.screen.textcopy","com.tap_to_translate.snap_translate","com.niven.translator","com.gaminik.i18n","com.newmg.yurao.pro","com.yoyodev.screentranslate","com.screen.translate.google","com.aurasense.screentranslate","live.screentranslate.realtime","com.eecorp.linguago","com.galaxy.airviewdictionary","com.niven.game","com.google.android.apps.translate","com.niven.apptranslate","com.zaz.translate","at.nk.tools.iTranslate","com.microsoft.translator","com.hive.lingonative","com.deepl.mobiletranslator"]}]