[{"rank":{"index":2,"lang":"en-us","country":"us","chineseCountryName":"美国","pkg":"com.spaceship.screen.textcopy"},"orders":["com.recognize_text.translate.screen","com.spaceship.screen.textcopy","com.tap_to_translate.snap_translate","com.google.android.apps.translate","com.microsoft.translator","com.gaminik.i18n","com.niven.translator","com.niven.comic","com.languagetranslator.translatorapp.smartscanner.dictionary.translation.voicetranslator","com.screen.translate.google","com.newmg.yurao.pro","com.niven.game","free.translate.all.language.translator","com.deepl.mobiletranslator","all.language.translate.translator","screen.translator.voice.translate","com.niven.apptranslate","com.zaz.translate","com.nordicwise.translator","com.softissimo.reverso.context"]},{"rank":{"index":2,"lang":"ru","country":"ru","chineseCountryName":"俄罗斯","pkg":"com.spaceship.screen.textcopy"},"orders":["com.recognize_text.translate.screen","com.spaceship.screen.textcopy","com.tap_to_translate.snap_translate","com.gaminik.i18n","com.niven.translator","com.niven.game","com.niven.comic","com.screen.translate.google","ru.yandex.translate","com.newmg.yurao.pro","com.google.android.apps.translate","com.niven.apptranslate","com.deepl.mobiletranslator","all.language.translate.translator","screen.translator.voice.translate","com.languagetranslator.translatorapp.smartscanner.dictionary.translation.voicetranslator","com.eecorp.linguago","com.mg.chat","free.translate.all.language.translator","com.image.camera.translate.ai"]},{"rank":{"index":2,"lang":"fr","country":"fr","chineseCountryName":"法国","pkg":"com.spaceship.screen.textcopy"},"orders":["com.recognize_text.translate.screen","com.spaceship.screen.textcopy","com.tap_to_translate.snap_translate","com.gaminik.i18n","com.screen.translate.google","com.niven.translator","com.niven.apptranslate","com.niven.game","com.niven.comic","com.google.android.apps.translate","com.newmg.yurao.pro","com.languagetranslator.translatorapp.smartscanner.dictionary.translation.voicetranslator","screen.translator.voice.translate","com.deepl.mobiletranslator","free.translate.all.language.translator","com.softissimo.reverso.context","com.microsoft.translator","com.translate.talkingtranslator","com.duolingo","all.language.translate.translator"]},{"rank":{"index":2,"lang":"en-gb","country":"gb","chineseCountryName":"英国","pkg":"com.spaceship.screen.textcopy"},"orders":["com.recognize_text.translate.screen","com.spaceship.screen.textcopy","com.google.android.apps.translate","com.gaminik.i18n","com.niven.translator","com.microsoft.translator","com.tap_to_translate.snap_translate","com.niven.comic","com.niven.game","com.zaz.translate","com.languagetranslator.translatorapp.smartscanner.dictionary.translation.voicetranslator","com.deepl.mobiletranslator","com.screen.translate.google","free.translate.all.language.translator","com.newmg.yurao.pro","com.datacomprojects.scanandtranslate","com.niven.apptranslate","com.eecorp.linguago","com.tranit.text.translate","screen.translator.voice.translate"]},{"rank":{"index":2,"lang":"de","country":"de","chineseCountryName":"德国","pkg":"com.spaceship.screen.textcopy"},"orders":["com.recognize_text.translate.screen","com.spaceship.screen.textcopy","com.tap_to_translate.snap_translate","com.gaminik.i18n","com.screen.translate.google","com.niven.translator","com.niven.apptranslate","com.niven.comic","com.newmg.yurao.pro","com.deepl.mobiletranslator","com.google.android.apps.translate","com.niven.game","com.microsoft.translator","screen.translator.voice.translate","com.translate.talkingtranslator","com.languagetranslator.translatorapp.smartscanner.dictionary.translation.voicetranslator","com.softissimo.reverso.context","com.datacomprojects.scanandtranslate","free.translate.all.language.translator","all.language.translate.translator"]},{"rank":{"index":2,"lang":"it","country":"it","chineseCountryName":"意大利","pkg":"com.spaceship.screen.textcopy"},"orders":["com.recognize_text.translate.screen","com.spaceship.screen.textcopy","com.tap_to_translate.snap_translate","com.gaminik.i18n","com.screen.translate.google","com.niven.translator","com.niven.comic","com.niven.game","com.niven.apptranslate","com.google.android.apps.translate","com.languagetranslator.translatorapp.smartscanner.dictionary.translation.voicetranslator","all.language.translate.translator","screen.translator.voice.translate","com.deepl.mobiletranslator","free.translate.all.language.translator","com.softissimo.reverso.context","com.microsoft.translator","com.translate.talkingtranslator","com.facebook.orca","com.zaz.translate"]},{"rank":{"index":2,"lang":"ja","country":"jp","chineseCountryName":"日本","pkg":"com.spaceship.screen.textcopy"},"orders":["com.recognize_text.translate.screen","com.spaceship.screen.textcopy","com.niven.apptranslate","com.gaminik.i18n","com.screen.translate.google","com.niven.translator","com.tap_to_translate.snap_translate","com.niven.comic","com.google.android.apps.translate","com.deepl.mobiletranslator","com.naver.labs.translator","com.niven.game","com.facebook.orca","com.android.chrome","com.google.android.apps.maps","com.discord","com.duolingo","us.zoom.videomeetings","com.microsoft.translator","com.google.android.apps.photos"]},{"rank":{"index":2,"lang":"ko","country":"kr","chineseCountryName":"韩国","pkg":"com.spaceship.screen.textcopy"},"orders":["com.recognize_text.translate.screen","com.spaceship.screen.textcopy","com.niven.comic","com.tap_to_translate.snap_translate","com.gaminik.i18n","com.niven.translator","com.screen.translate.google","com.niven.game","com.niven.apptranslate","com.google.android.apps.translate","com.naver.labs.translator","screen.translator.voice.translate","com.newmg.yurao.pro","com.facebook.orca","us.zoom.videomeetings","com.duolingo","com.discord","com.android.chrome","com.google.android.apps.photos","com.google.android.apps.docs"]},{"rank":{"index":2,"lang":"zh-hk","country":"hk","chineseCountryName":"香港","pkg":"com.spaceship.screen.textcopy"},"orders":["com.recognize_text.translate.screen","com.spaceship.screen.textcopy","com.tap_to_translate.snap_translate","com.gaminik.i18n","com.niven.translator","com.niven.game","com.google.android.apps.translate","com.screen.translate.google","com.niven.comic","com.newmg.yurao.pro","com.niven.apptranslate","screen.translator.voice.translate","com.microsoft.translator","com.naver.labs.translator","com.mg.subtitle.google","com.deepl.mobiletranslator","com.google.android.apps.maps","com.zaz.translate","com.duolingo","com.datacomprojects.scanandtranslate"]},{"rank":{"index":2,"lang":"zh-tw","country":"tw","chineseCountryName":"台湾","pkg":"com.spaceship.screen.textcopy"},"orders":["com.recognize_text.translate.screen","com.spaceship.screen.textcopy","com.tap_to_translate.snap_translate","com.gaminik.i18n","com.screen.translate.google","com.niven.translator","com.niven.game","com.niven.apptranslate","com.niven.comic","com.google.android.apps.translate","com.newmg.yurao.pro","all.language.translate.translator","com.microsoft.translator","com.naver.labs.translator","com.translate.talkingtranslator","com.facebook.orca","com.duolingo","screen.translator.voice.translate","com.google.android.apps.maps","com.android.chrome"]},{"rank":{"index":3,"lang":"en","country":"in","chineseCountryName":"印度","pkg":"com.spaceship.screen.textcopy"},"orders":["com.recognize_text.translate.screen","com.google.android.apps.translate","com.spaceship.screen.textcopy","com.tap_to_translate.snap_translate","com.zaz.translate","com.niven.translator","screen.translator.voice.translate","com.newmg.yurao.pro","com.gaminik.i18n","com.languagetranslator.translatorapp.smartscanner.dictionary.translation.voicetranslator","com.microsoft.translator","free.translate.all.language.translator","com.datacomprojects.scanandtranslate","com.screen.translate.google","all.language.translate.translator","com.tranit.text.translate","com.niven.comic","com.niven.apptranslate","com.niven.game","com.talpa.translate"]},{"rank":{"index":2,"lang":"id","country":"id","chineseCountryName":"印尼","pkg":"com.spaceship.screen.textcopy"},"orders":["com.recognize_text.translate.screen","com.spaceship.screen.textcopy","com.tap_to_translate.snap_translate","com.gaminik.i18n","com.niven.translator","com.niven.comic","com.screen.translate.google","com.newmg.yurao.pro","com.niven.apptranslate","com.niven.game","com.google.android.apps.translate"]},{"rank":{"index":3,"lang":"es-mx","country":"mx","chineseCountryName":"墨西哥","pkg":"com.spaceship.screen.textcopy"},"orders":["com.recognize_text.translate.screen","com.tap_to_translate.snap_translate","com.spaceship.screen.textcopy","com.niven.apptranslate","com.screen.translate.google","com.google.android.apps.translate","com.gaminik.i18n","com.niven.comic","free.translate.all.language.translator","screen.translator.voice.translate","com.youdao.hindict","com.languagetranslator.translatorapp.smartscanner.dictionary.translation.voicetranslator","all.language.translate.translator","com.microsoft.translator","com.zaz.translate","com.niven.game","com.deepl.mobiletranslator","at.nk.tools.iTranslate","camera.translator.realtime","com.niven.translator"]}]