[{"rank":{"index":2,"lang":"en-us","country":"us","chineseCountryName":"美国","pkg":"com.spaceship.screen.textcopy"},"orders":["com.recognize_text.translate.screen","com.spaceship.screen.textcopy","com.google.android.apps.translate","com.mg.yurao.google","com.gaminik.i18n","com.microsoft.translator","com.tap_to_translate.snap_translate","com.niven.game","com.niven.translator","com.zaz.translate","com.niven.comic","com.newmg.yurao.pro","screen.translator.voice.translate","com.niven.apptranslate","com.mobisystems.msdict.embedded.wireless.collins.ee","com.translate.language.translator.voice.translation","com.translator.yellow","com.gotranslator.alllanguages","xbean.image.picture.translate.ocr","ru.yandex.translate"]},{"rank":{"index":4,"lang":"ru","country":"ru","chineseCountryName":"俄罗斯","pkg":"com.spaceship.screen.textcopy"},"orders":["com.recognize_text.translate.screen","com.tap_to_translate.snap_translate","com.gaminik.i18n","com.spaceship.screen.textcopy","com.niven.game","com.niven.translator","com.mg.yurao.google","com.newmg.yurao.pro","com.niven.apptranslate","com.niven.comic","ru.yandex.translate","screen.translator.voice.translate","com.google.android.apps.translate","com.microsoft.translator","us.zoom.videomeetings","com.deepl.mobiletranslator","com.pidev.screentranslator","com.datacomprojects.scanandtranslate","com.eecorp.linguago","com.naver.labs.translator"]},{"rank":{"index":2,"lang":"fr","country":"fr","chineseCountryName":"法国","pkg":"com.spaceship.screen.textcopy"},"orders":["com.recognize_text.translate.screen","com.spaceship.screen.textcopy","com.tap_to_translate.snap_translate","com.gaminik.i18n","com.mg.yurao.google","com.niven.game","com.niven.translator","com.niven.comic","com.newmg.yurao.pro","com.translator.yellow","screen.translator.voice.translate","com.niven.apptranslate","com.google.android.apps.translate","com.microsoft.translator","us.zoom.videomeetings","com.zaz.translate","com.deepl.mobiletranslator","org.thunderdog.challegram","ru.yandex.translate","com.softissimo.reverso.context"]},{"rank":{"index":2,"lang":"en-gb","country":"gb","chineseCountryName":"英国","pkg":"com.spaceship.screen.textcopy"},"orders":["com.recognize_text.translate.screen","com.spaceship.screen.textcopy","com.google.android.apps.translate","com.mg.yurao.google","com.gaminik.i18n","com.microsoft.translator","com.niven.game","com.niven.translator","com.tap_to_translate.snap_translate","com.zaz.translate","com.newmg.yurao.pro","com.translator.yellow","com.translate.language.translator.voice.translation","com.niven.comic","screen.translator.voice.translate","com.niven.apptranslate","com.siv","xbean.image.picture.translate.ocr","ru.yandex.translate","com.gotranslator.alllanguages"]},{"rank":{"index":2,"lang":"de","country":"de","chineseCountryName":"德国","pkg":"com.spaceship.screen.textcopy"},"orders":["com.recognize_text.translate.screen","com.spaceship.screen.textcopy","com.mg.yurao.google","com.gaminik.i18n","com.niven.game","com.microsoft.translator","com.tap_to_translate.snap_translate","com.niven.translator","com.google.android.apps.translate","com.niven.comic","com.zaz.translate","com.niven.apptranslate","com.newmg.yurao.pro","com.translator.yellow","ru.yandex.translate","com.deepl.mobiletranslator","com.kursx.smartbook","com.datacomprojects.scanandtranslate","com.mg.chat","at.nk.tools.iTranslate"]},{"rank":{"index":2,"lang":"it","country":"it","chineseCountryName":"意大利","pkg":"com.spaceship.screen.textcopy"},"orders":["com.recognize_text.translate.screen","com.spaceship.screen.textcopy","com.niven.game","com.gaminik.i18n","com.mg.yurao.google","com.niven.translator","com.tap_to_translate.snap_translate","com.niven.comic","com.microsoft.translator","com.google.android.apps.translate","com.newmg.yurao.pro"]},{"rank":{"index":4,"lang":"ja","country":"jp","chineseCountryName":"日本","pkg":"com.spaceship.screen.textcopy"},"orders":["com.recognize_text.translate.screen","com.mg.yurao.google","com.gaminik.i18n","com.spaceship.screen.textcopy","com.niven.game","com.tap_to_translate.snap_translate","com.niven.translator","com.niven.comic","com.niven.apptranslate","com.newmg.yurao.pro","com.google.android.apps.translate","screen.translator.voice.translate","com.microsoft.translator","com.naver.labs.translator","com.deepl.mobiletranslator","us.zoom.videomeetings","com.eecorp.linguago","com.datacomprojects.scanandtranslate","com.copy.paste.ocr.screen.text.copypastetrial","at.nk.tools.iTranslate"]},{"rank":{"index":4,"lang":"ko","country":"kr","chineseCountryName":"韩国","pkg":"com.spaceship.screen.textcopy"},"orders":["com.recognize_text.translate.screen","com.mg.yurao.google","com.tap_to_translate.snap_translate","com.spaceship.screen.textcopy","com.gaminik.i18n","com.niven.game","com.niven.translator","com.niven.comic","com.niven.apptranslate","com.newmg.yurao.pro","com.naver.labs.translator","com.google.android.apps.translate","screen.translator.voice.translate","com.microsoft.translator","us.zoom.videomeetings","com.zaz.translate","com.deepl.mobiletranslator","com.google.android.tts","at.nk.tools.iTranslate","com.google.ar.lens"]},{"rank":{"index":2,"lang":"zh-hk","country":"hk","chineseCountryName":"香港","pkg":"com.spaceship.screen.textcopy"},"orders":["com.recognize_text.translate.screen","com.spaceship.screen.textcopy","com.gaminik.i18n","com.mg.yurao.google","com.niven.game","com.tap_to_translate.snap_translate","com.zaz.translate","com.google.android.apps.translate","com.niven.translator","com.microsoft.translator","com.niven.apptranslate","com.newmg.yurao.pro","com.niven.comic","com.naver.labs.translator","xbean.image.picture.translate.ocr","at.nk.tools.iTranslate","com.erudite.translator","com.translate.language.translator.voice.translation","com.kursx.smartbook","com.datacomprojects.scanandtranslate"]},{"rank":{"index":7,"lang":"zh-tw","country":"tw","chineseCountryName":"台湾","pkg":"com.spaceship.screen.textcopy"},"orders":["com.recognize_text.translate.screen","com.mg.yurao.google","com.gaminik.i18n","com.tap_to_translate.snap_translate","com.niven.game","com.google.android.apps.translate","com.spaceship.screen.textcopy","com.niven.translator","com.zaz.translate","com.microsoft.translator","com.niven.comic","com.newmg.yurao.pro","com.niven.apptranslate","at.nk.tools.iTranslate","com.naver.labs.translator","com.mg.chat","com.translate.language.translator.voice.translation","com.eecorp.linguago","com.mg.subtitle.google","com.translate.all.speech.text.language.translator"]},{"rank":{"index":3,"lang":"en","country":"in","chineseCountryName":"印度","pkg":"com.spaceship.screen.textcopy"},"orders":["com.recognize_text.translate.screen","com.google.android.apps.translate","com.spaceship.screen.textcopy","com.zaz.translate","com.newmg.yurao.pro","com.gaminik.i18n","screen.translator.voice.translate","com.niven.game","com.tap_to_translate.snap_translate","com.niven.translator","com.microsoft.translator","com.niven.apptranslate","com.google.android.marvin.talkback","com.translate.language.translator.voice.translation","com.niven.comic","at.nk.tools.iTranslate","com.copy.paste.ocr.screen.text.copypastetrial","ru.yandex.translate","com.talpa.translate","com.mg.yurao.google"]},{"rank":{"index":2,"lang":"id","country":"id","chineseCountryName":"印尼","pkg":"com.spaceship.screen.textcopy"},"orders":["com.recognize_text.translate.screen","com.spaceship.screen.textcopy","com.tap_to_translate.snap_translate","com.gaminik.i18n","com.mg.yurao.google","com.niven.game","com.niven.translator","com.niven.comic","com.newmg.yurao.pro","com.niven.apptranslate","com.google.android.apps.translate","com.zaz.translate","com.android.chrome","us.zoom.videomeetings","com.naver.labs.translator","com.youdao.hindict","screen.translator.voice.translate","com.deepl.mobiletranslator","org.thunderdog.challegram","com.andi.alquran.id"]},{"rank":{"index":2,"lang":"es-mx","country":"mx","chineseCountryName":"墨西哥","pkg":"com.spaceship.screen.textcopy"},"orders":["com.recognize_text.translate.screen","com.spaceship.screen.textcopy","com.tap_to_translate.snap_translate","com.niven.game","com.niven.translator","com.niven.comic","com.niven.apptranslate","com.newmg.yurao.pro","com.google.android.apps.translate","com.zaz.translate","com.microsoft.translator","us.zoom.videomeetings","com.youdao.hindict","com.deepl.mobiletranslator","com.eecorp.linguago","com.gaminik.i18n","com.mg.yurao.google"]}]