[{"rank":{"index":2,"lang":"en-us","country":"us","chineseCountryName":"美国","pkg":"com.spaceship.screen.textcopy"},"orders":["com.recognize_text.translate.screen","com.spaceship.screen.textcopy","com.tap_to_translate.snap_translate","com.gaminik.i18n","com.microsoft.translator","com.google.android.apps.translate","screen.translator.voice.translate","com.niven.translator","com.niven.game","com.newmg.yurao.pro","com.screen.translate.google","com.niven.comic","us.zoom.videomeetings","com.eecorp.taptranslator","at.nk.tools.iTranslate","com.android.chrome","com.discord","com.google.android.apps.photos","com.google.android.apps.maps","com.microsoft.office.outlook"]},{"rank":{"index":2,"lang":"ru","country":"ru","chineseCountryName":"俄罗斯","pkg":"com.spaceship.screen.textcopy"},"orders":["com.recognize_text.translate.screen","com.spaceship.screen.textcopy","com.tap_to_translate.snap_translate","com.gaminik.i18n","com.niven.translator","com.niven.game","com.newmg.yurao.pro","com.google.android.apps.translate","com.microsoft.translator","ru.yandex.translate","com.screen.translate.google","com.niven.apptranslate","com.niven.comic","screen.translator.voice.translate","us.zoom.videomeetings","com.android.chrome","com.discord","com.galaxy.airviewdictionary","com.google.android.apps.photos","com.truecaller"]},{"rank":{"index":2,"lang":"pt-br","country":"br","chineseCountryName":"巴西","pkg":"com.spaceship.screen.textcopy"},"orders":["com.recognize_text.translate.screen","com.spaceship.screen.textcopy","com.tap_to_translate.snap_translate","com.gaminik.i18n","com.niven.translator","com.niven.game","com.newmg.yurao.pro","com.niven.comic","com.google.android.apps.translate","com.niven.apptranslate","us.zoom.videomeetings","com.google.android.apps.photos","com.android.chrome","com.discord","com.google.android.apps.docs","com.google.android.apps.maps","com.microsoft.office.outlook","com.openai.chatgpt","com.google.android.apps.youtube.creator","screen.translator.voice.translate"]},{"rank":{"index":2,"lang":"fr","country":"fr","chineseCountryName":"法国","pkg":"com.spaceship.screen.textcopy"},"orders":["com.recognize_text.translate.screen","com.spaceship.screen.textcopy","com.tap_to_translate.snap_translate","com.gaminik.i18n","screen.translator.voice.translate","com.niven.game","com.niven.translator","com.newmg.yurao.pro","com.microsoft.translator","com.google.android.apps.translate","us.zoom.videomeetings","com.discord","com.microsoft.office.outlook","com.google.android.apps.photos","com.android.chrome","com.screen.translate.google","com.truecaller","com.openai.chatgpt","com.niven.comic","com.google.android.apps.maps"]},{"rank":{"index":2,"lang":"en-gb","country":"gb","chineseCountryName":"英国","pkg":"com.spaceship.screen.textcopy"},"orders":["com.recognize_text.translate.screen","com.spaceship.screen.textcopy","com.tap_to_translate.snap_translate","com.gaminik.i18n","com.google.android.apps.translate","com.microsoft.translator","com.niven.game","com.niven.translator","com.niven.comic","com.newmg.yurao.pro","at.nk.tools.iTranslate","com.niven.apptranslate","com.eecorp.taptranslator","com.screen.translate.google","screen.translator.voice.translate","com.youdao.hindict","com.zaz.translate","com.eecorp.linguago","com.appspell.screentranslator","com.google.ar.lens"]},{"rank":{"index":2,"lang":"de","country":"de","chineseCountryName":"德国","pkg":"com.spaceship.screen.textcopy"},"orders":["com.recognize_text.translate.screen","com.spaceship.screen.textcopy","com.tap_to_translate.snap_translate","com.gaminik.i18n","com.newmg.yurao.pro","com.niven.translator","com.niven.game","com.microsoft.translator","com.google.android.apps.translate","com.niven.comic","us.zoom.videomeetings","com.screen.translate.google","com.discord","com.android.chrome","com.microsoft.office.outlook","com.google.android.apps.photos","com.truecaller","com.google.android.apps.maps","com.skype.raider","com.openai.chatgpt"]},{"rank":{"index":2,"lang":"it","country":"it","chineseCountryName":"意大利","pkg":"com.spaceship.screen.textcopy"},"orders":["com.recognize_text.translate.screen","com.spaceship.screen.textcopy","com.gaminik.i18n","screen.translator.voice.translate","com.tap_to_translate.snap_translate","com.niven.translator","com.niven.game","com.newmg.yurao.pro","com.microsoft.translator","com.google.android.apps.translate","com.screen.translate.google","com.niven.apptranslate","us.zoom.videomeetings","com.discord","com.google.android.apps.photos","com.microsoft.office.outlook","com.android.chrome","com.google.android.apps.maps","com.openai.chatgpt","com.google.android.apps.docs"]},{"rank":{"index":1,"lang":"ja","country":"jp","chineseCountryName":"日本","pkg":"com.spaceship.screen.textcopy"},"orders":["com.spaceship.screen.textcopy","com.recognize_text.translate.screen","com.tap_to_translate.snap_translate","com.gaminik.i18n","com.niven.game","com.niven.translator","com.microsoft.translator","com.niven.comic","com.google.android.apps.translate","com.newmg.yurao.pro","com.niven.apptranslate","com.screen.translate.google","com.deepl.mobiletranslator","com.google.ar.lens","com.youdao.hindict","com.naver.labs.translator","screen.translator.voice.translate","com.galaxy.airviewdictionary","us.zoom.videomeetings","com.android.chrome"]},{"rank":{"index":2,"lang":"ko","country":"kr","chineseCountryName":"韩国","pkg":"com.spaceship.screen.textcopy"},"orders":["com.recognize_text.translate.screen","com.spaceship.screen.textcopy","com.tap_to_translate.snap_translate","com.gaminik.i18n","com.niven.game","com.niven.translator","com.microsoft.translator","com.google.android.apps.translate","com.newmg.yurao.pro","com.niven.comic","com.niven.apptranslate","com.screen.translate.google","com.naver.labs.translator","com.galaxy.airviewdictionary","screen.translator.voice.translate","com.youdao.hindict","com.eecorp.taptranslator","at.nk.tools.iTranslate","com.eecorp.linguago","us.zoom.videomeetings"]},{"rank":{"index":2,"lang":"zh-hk","country":"hk","chineseCountryName":"香港","pkg":"com.spaceship.screen.textcopy"},"orders":["com.recognize_text.translate.screen","com.spaceship.screen.textcopy","com.tap_to_translate.snap_translate","com.gaminik.i18n","com.newmg.yurao.pro","com.microsoft.translator","com.niven.translator","com.niven.game","com.google.android.apps.translate","com.screen.translate.google","com.niven.comic","com.android.chrome","at.nk.tools.iTranslate","com.google.android.apps.maps","us.zoom.videomeetings","com.niven.apptranslate","com.discord","com.galaxy.airviewdictionary","screen.translator.voice.translate","com.google.ar.lens"]},{"rank":{"index":2,"lang":"zh-tw","country":"tw","chineseCountryName":"台湾","pkg":"com.spaceship.screen.textcopy"},"orders":["com.recognize_text.translate.screen","com.spaceship.screen.textcopy","com.tap_to_translate.snap_translate","com.gaminik.i18n","com.niven.game","com.niven.translator","com.microsoft.translator","com.google.android.apps.translate","com.newmg.yurao.pro","com.niven.comic","com.screen.translate.google","com.niven.apptranslate","com.discord","us.zoom.videomeetings","com.android.chrome","com.google.android.apps.maps","at.nk.tools.iTranslate","com.youdao.hindict","com.skype.raider","com.duolingo"]},{"rank":{"index":2,"lang":"en","country":"in","chineseCountryName":"印度","pkg":"com.spaceship.screen.textcopy"},"orders":["com.recognize_text.translate.screen","com.spaceship.screen.textcopy","com.tap_to_translate.snap_translate","com.google.android.apps.translate","com.gaminik.i18n"]},{"rank":{"index":1,"lang":"id","country":"id","chineseCountryName":"印尼","pkg":"com.spaceship.screen.textcopy"},"orders":["com.spaceship.screen.textcopy","com.recognize_text.translate.screen","com.tap_to_translate.snap_translate","com.gaminik.i18n","com.niven.game","com.niven.translator","com.newmg.yurao.pro","com.youdao.hindict","com.niven.comic","com.niven.apptranslate","com.screen.translate.google","com.google.android.apps.translate"]},{"rank":{"index":2,"lang":"es-mx","country":"mx","chineseCountryName":"墨西哥","pkg":"com.spaceship.screen.textcopy"},"orders":["com.recognize_text.translate.screen","com.spaceship.screen.textcopy","com.gaminik.i18n","com.tap_to_translate.snap_translate","com.newmg.yurao.pro","com.niven.translator","com.niven.game","com.niven.comic","com.google.android.apps.translate","com.microsoft.translator","us.zoom.videomeetings","com.google.android.apps.photos","com.discord","com.android.chrome","com.google.android.apps.docs","com.google.android.apps.maps","com.niven.apptranslate","com.microsoft.office.outlook","com.openai.chatgpt","com.screen.translate.google"]}]