[{"rank":{"index":2,"lang":"en-us","country":"us","chineseCountryName":"美国","pkg":"com.spaceship.screen.textcopy"},"orders":["com.recognize_text.translate.screen","com.spaceship.screen.textcopy","com.niven.translator","com.tap_to_translate.snap_translate","com.gaminik.i18n","com.google.android.apps.translate","com.newmg.yurao.pro","com.aurasense.screentranslate","com.microsoft.translator","com.screen.translate.google","com.yoyodev.screentranslate","at.nk.tools.iTranslate","com.galaxy.airviewdictionary","com.zaz.translate","link.zhidou.btranslator","com.deepl.mobiletranslator","live.screentranslate.realtime","com.niven.apptranslate","com.naver.labs.translator","com.niven.game"]},{"rank":{"index":3,"lang":"ru","country":"ru","chineseCountryName":"俄罗斯","pkg":"com.spaceship.screen.textcopy"},"orders":["com.recognize_text.translate.screen","com.niven.translator","com.spaceship.screen.textcopy","com.tap_to_translate.snap_translate","com.gaminik.i18n","com.newmg.yurao.pro","com.google.android.apps.translate","com.microsoft.translator","com.screen.translate.google","com.yoyodev.screentranslate","ru.yandex.translate","link.zhidou.btranslator","com.niven.game","com.zaz.translate","at.nk.tools.iTranslate","com.galaxy.airviewdictionary","live.screentranslate.realtime","photo.translate.camera.translator","com.naver.labs.translator","com.hive.lingonative"]},{"rank":{"index":2,"lang":"pt-br","country":"br","chineseCountryName":"巴西","pkg":"com.spaceship.screen.textcopy"},"orders":["com.recognize_text.translate.screen","com.spaceship.screen.textcopy","com.tap_to_translate.snap_translate","com.niven.translator","com.gaminik.i18n","com.newmg.yurao.pro","com.google.android.apps.translate","com.microsoft.translator","link.zhidou.btranslator","com.screen.translate.google","at.nk.tools.iTranslate","com.niven.game","com.zaz.translate","ru.yandex.translate","com.deepl.mobiletranslator","co.appnation.aivoicetranslator","live.screentranslate.realtime","com.galaxy.airviewdictionary","photo.translate.camera.translator","com.niven.apptranslate"]},{"rank":{"index":2,"lang":"fr","country":"fr","chineseCountryName":"法国","pkg":"com.spaceship.screen.textcopy"},"orders":["com.recognize_text.translate.screen","com.spaceship.screen.textcopy","com.tap_to_translate.snap_translate","com.gaminik.i18n","com.niven.translator","com.newmg.yurao.pro","com.google.android.apps.translate","com.yoyodev.screentranslate","com.aurasense.screentranslate","com.zaz.translate","com.screen.translate.google","link.zhidou.btranslator","com.deepl.mobiletranslator","com.microsoft.translator","co.appnation.aivoicetranslator","live.screentranslate.realtime","photo.translate.camera.translator","at.nk.tools.iTranslate","com.niven.game","com.galaxy.airviewdictionary"]},{"rank":{"index":2,"lang":"en-gb","country":"gb","chineseCountryName":"英国","pkg":"com.spaceship.screen.textcopy"},"orders":["com.recognize_text.translate.screen","com.spaceship.screen.textcopy","com.tap_to_translate.snap_translate","com.niven.translator","com.gaminik.i18n","com.newmg.yurao.pro","com.google.android.apps.translate","com.aurasense.screentranslate","com.microsoft.translator","com.screen.translate.google","at.nk.tools.iTranslate","com.yoyodev.screentranslate","link.zhidou.btranslator","com.galaxy.airviewdictionary","com.zaz.translate","com.deepl.mobiletranslator","live.screentranslate.realtime","com.niven.apptranslate","co.appnation.aivoicetranslator","ru.yandex.translate"]},{"rank":{"index":2,"lang":"de","country":"de","chineseCountryName":"德国","pkg":"com.spaceship.screen.textcopy"},"orders":["com.recognize_text.translate.screen","com.spaceship.screen.textcopy","com.niven.translator","com.tap_to_translate.snap_translate","com.gaminik.i18n","com.newmg.yurao.pro","com.yoyodev.screentranslate","com.aurasense.screentranslate","link.zhidou.btranslator","com.screen.translate.google","com.google.android.apps.translate","com.microsoft.translator","live.screentranslate.realtime","co.appnation.aivoicetranslator","com.zaz.translate","com.deepl.mobiletranslator","com.hive.lingonative","at.nk.tools.iTranslate","com.galaxy.airviewdictionary","com.niven.apptranslate"]},{"rank":{"index":2,"lang":"it","country":"it","chineseCountryName":"意大利","pkg":"com.spaceship.screen.textcopy"},"orders":["com.recognize_text.translate.screen","com.spaceship.screen.textcopy","com.tap_to_translate.snap_translate","com.gaminik.i18n","com.niven.translator","com.newmg.yurao.pro","com.yoyodev.screentranslate","link.zhidou.btranslator","com.aurasense.screentranslate","com.google.android.apps.translate","co.appnation.aivoicetranslator","com.screen.translate.google","com.microsoft.translator","live.screentranslate.realtime","com.zaz.translate","at.nk.tools.iTranslate","com.hive.lingonative","photo.translate.camera.translator","com.niven.game","com.deepl.mobiletranslator"]},{"rank":{"index":2,"lang":"ja","country":"jp","chineseCountryName":"日本","pkg":"com.spaceship.screen.textcopy"},"orders":["com.recognize_text.translate.screen","com.spaceship.screen.textcopy","com.tap_to_translate.snap_translate","com.niven.translator","com.gaminik.i18n","com.newmg.yurao.pro","com.aurasense.screentranslate","com.screen.translate.google","com.galaxy.airviewdictionary","live.screentranslate.realtime","com.niven.apptranslate","com.hive.lingonative","com.google.android.apps.translate"]},{"rank":{"index":2,"lang":"ko","country":"kr","chineseCountryName":"韩国","pkg":"com.spaceship.screen.textcopy"},"orders":["com.recognize_text.translate.screen","com.spaceship.screen.textcopy","com.gaminik.i18n","com.tap_to_translate.snap_translate","com.niven.translator","com.newmg.yurao.pro","com.aurasense.screentranslate","com.screen.translate.google","com.google.android.apps.translate","com.naver.labs.translator","com.microsoft.translator","live.screentranslate.realtime","link.zhidou.btranslator","com.zaz.translate","com.deepl.mobiletranslator","co.appnation.aivoicetranslator"]},{"rank":{"index":2,"lang":"zh-hk","country":"hk","chineseCountryName":"香港","pkg":"com.spaceship.screen.textcopy"},"orders":["com.recognize_text.translate.screen","com.spaceship.screen.textcopy","com.tap_to_translate.snap_translate","com.newmg.yurao.pro","com.gaminik.i18n","com.niven.translator","com.aurasense.screentranslate","com.microsoft.translator","com.google.android.apps.translate","link.zhidou.btranslator","com.screen.translate.google","com.zaz.translate","at.nk.tools.iTranslate","com.naver.labs.translator","co.appnation.aivoicetranslator","ru.yandex.translate","com.niven.game","photo.translate.camera.translator","com.galaxy.airviewdictionary","com.deepl.mobiletranslator"]},{"rank":{"index":2,"lang":"zh-tw","country":"tw","chineseCountryName":"台湾","pkg":"com.spaceship.screen.textcopy"},"orders":["com.recognize_text.translate.screen","com.spaceship.screen.textcopy","com.tap_to_translate.snap_translate","com.gaminik.i18n","com.newmg.yurao.pro","com.niven.translator","com.aurasense.screentranslate","com.google.android.apps.translate","com.microsoft.translator","com.screen.translate.google","com.galaxy.airviewdictionary","link.zhidou.btranslator","com.niven.apptranslate","at.nk.tools.iTranslate","com.zaz.translate","live.screentranslate.realtime","co.appnation.aivoicetranslator","com.niven.game","com.deepl.mobiletranslator","com.newtranslate.google"]},{"rank":{"index":0,"lang":"en","country":"in","chineseCountryName":"印度","pkg":"com.spaceship.screen.textcopy"},"orders":["com.recognize_text.translate.screen","com.tap_to_translate.snap_translate","com.gaminik.i18n","com.google.android.apps.translate","com.zaz.translate","at.nk.tools.iTranslate","ru.yandex.translate","com.deepl.mobiletranslator","photo.translate.camera.translator","link.zhidou.btranslator","co.appnation.aivoicetranslator","com.newmg.yurao.pro","com.niven.translator","screen.translator.voice.translate","com.galaxy.airviewdictionary","com.aurasense.screentranslate","com.gyaser.screen.translator","com.screen.translate.google","translate.speech.text.translation.voicetranslator","com.softissimo.reverso.context"]},{"rank":{"index":2,"lang":"id","country":"id","chineseCountryName":"印尼","pkg":"com.spaceship.screen.textcopy"},"orders":["com.recognize_text.translate.screen","com.spaceship.screen.textcopy","com.tap_to_translate.snap_translate","com.niven.translator","com.gaminik.i18n","com.newmg.yurao.pro","com.aurasense.screentranslate","com.google.android.apps.translate","com.microsoft.translator","com.screen.translate.google","link.zhidou.btranslator","com.yoyodev.screentranslate","com.deepl.mobiletranslator","com.zaz.translate","com.niven.game","at.nk.tools.iTranslate","com.naver.labs.translator","ru.yandex.translate","photo.translate.camera.translator","live.screentranslate.realtime"]},{"rank":{"index":2,"lang":"es-mx","country":"mx","chineseCountryName":"墨西哥","pkg":"com.spaceship.screen.textcopy"},"orders":["com.recognize_text.translate.screen","com.spaceship.screen.textcopy","com.tap_to_translate.snap_translate","com.niven.translator","com.gaminik.i18n","com.newmg.yurao.pro","com.yoyodev.screentranslate","com.screen.translate.google","com.google.android.apps.translate","com.microsoft.translator","com.niven.apptranslate","live.screentranslate.realtime","com.galaxy.airviewdictionary","com.aurasense.screentranslate","com.zaz.translate","com.hive.lingonative","at.nk.tools.iTranslate","link.zhidou.btranslator","com.niven.game","com.deepl.mobiletranslator"]}]