[{"rank":{"index":2,"lang":"en-us","country":"us","chineseCountryName":"美国","pkg":"com.spaceship.screen.textcopy"},"orders":["com.recognize_text.translate.screen","com.spaceship.screen.textcopy","com.tap_to_translate.snap_translate","com.google.android.apps.translate","com.niven.translator","com.newmg.yurao.pro","com.screen.translate.google","com.gaminik.i18n","com.microsoft.translator","com.immersivetranslate.browser","com.zaz.translate","com.deepl.mobiletranslator","at.nk.tools.iTranslate","com.naver.labs.translator","com.niven.game","com.voice_camera_free_translate","com.niven.apptranslate","com.translate.talkingtranslator","com.fapp.translate.language.translator.fasttranslation","translate.voice.translator.camera.translation.free.all.language.app"]},{"rank":{"index":0,"lang":"ru","country":"ru","chineseCountryName":"俄罗斯","pkg":"com.spaceship.screen.textcopy"},"orders":["com.recognize_text.translate.screen","com.niven.translator","com.tap_to_translate.snap_translate","com.newmg.yurao.pro","com.gaminik.i18n","com.screen.translate.google","com.niven.game","com.immersivetranslate.browser","com.deepl.mobiletranslator","com.google.android.apps.translate","ru.yandex.translate","com.voice_camera_free_translate","com.niven.apptranslate","com.microsoft.translator","at.nk.tools.iTranslate","com.zaz.translate","com.naver.labs.translator","com.google.ar.lens","com.eecorp.linguago","photo.translate.camera.translator"]},{"rank":{"index":2,"lang":"pt-br","country":"br","chineseCountryName":"巴西","pkg":"com.spaceship.screen.textcopy"},"orders":["com.recognize_text.translate.screen","com.spaceship.screen.textcopy","com.tap_to_translate.snap_translate","com.newmg.yurao.pro","com.gaminik.i18n","com.google.android.apps.translate","com.deepl.mobiletranslator","com.zaz.translate","at.nk.tools.iTranslate","com.datacomprojects.scanandtranslate","com.voice_camera_free_translate","com.naver.labs.translator","ru.yandex.translate","com.translate.talkingtranslator","com.niven.translator","com.screen.translate.google","com.niven.game","com.niven.apptranslate","com.newtranslate.google","com.immersivetranslate.browser"]},{"rank":{"index":2,"lang":"fr","country":"fr","chineseCountryName":"法国","pkg":"com.spaceship.screen.textcopy"},"orders":["com.recognize_text.translate.screen","com.spaceship.screen.textcopy","com.tap_to_translate.snap_translate","com.newmg.yurao.pro","com.niven.translator","com.gaminik.i18n","com.screen.translate.google","com.voice_camera_free_translate","com.immersivetranslate.browser","com.niven.apptranslate","com.niven.game","com.zaz.translate","com.microsoft.translator","com.google.android.apps.translate","com.deepl.mobiletranslator","com.google.ar.lens","com.naver.labs.translator","com.datacomprojects.scanandtranslate","com.fapp.translate.language.translator.fasttranslation","com.openai.chatgpt"]},{"rank":{"index":2,"lang":"en-gb","country":"gb","chineseCountryName":"英国","pkg":"com.spaceship.screen.textcopy"},"orders":["com.recognize_text.translate.screen","com.spaceship.screen.textcopy","com.tap_to_translate.snap_translate","com.newmg.yurao.pro","com.google.android.apps.translate","com.niven.translator","com.gaminik.i18n","com.screen.translate.google","com.microsoft.translator","com.zaz.translate","com.immersivetranslate.browser","com.deepl.mobiletranslator","at.nk.tools.iTranslate","com.voice_camera_free_translate","com.niven.game","com.niven.apptranslate","com.fapp.translate.language.translator.fasttranslation","photo.translate.camera.translator","com.naver.labs.translator","com.siv"]},{"rank":{"index":2,"lang":"de","country":"de","chineseCountryName":"德国","pkg":"com.spaceship.screen.textcopy"},"orders":["com.recognize_text.translate.screen","com.spaceship.screen.textcopy","com.newmg.yurao.pro","com.tap_to_translate.snap_translate","com.gaminik.i18n","com.screen.translate.google","com.niven.translator","com.immersivetranslate.browser","com.microsoft.translator","com.niven.game","com.voice_camera_free_translate","com.google.android.apps.translate","com.deepl.mobiletranslator","com.niven.apptranslate","com.zaz.translate","at.nk.tools.iTranslate","com.fapp.translate.language.translator.fasttranslation","com.translate.talkingtranslator","photo.translate.camera.translator","com.eecorp.linguago"]},{"rank":{"index":2,"lang":"it","country":"it","chineseCountryName":"意大利","pkg":"com.spaceship.screen.textcopy"},"orders":["com.recognize_text.translate.screen","com.spaceship.screen.textcopy","com.tap_to_translate.snap_translate","com.niven.translator","com.gaminik.i18n","com.newmg.yurao.pro","com.screen.translate.google","com.immersivetranslate.browser","com.voice_camera_free_translate","com.niven.game","com.deepl.mobiletranslator","com.google.android.apps.translate","com.niven.apptranslate","com.microsoft.translator","com.fapp.translate.language.translator.fasttranslation","photo.translate.camera.translator","com.zaz.translate","at.nk.tools.iTranslate","com.datacomprojects.scanandtranslate","com.eecorp.linguago"]},{"rank":{"index":2,"lang":"ja","country":"jp","chineseCountryName":"日本","pkg":"com.spaceship.screen.textcopy"},"orders":["com.recognize_text.translate.screen","com.spaceship.screen.textcopy","com.tap_to_translate.snap_translate","com.newmg.yurao.pro","com.gaminik.i18n","com.niven.translator","com.immersivetranslate.browser","com.screen.translate.google","com.naver.labs.translator","com.niven.game","com.google.android.apps.translate","com.deepl.mobiletranslator","com.microsoft.translator"]},{"rank":{"index":2,"lang":"ko","country":"kr","chineseCountryName":"韩国","pkg":"com.spaceship.screen.textcopy"},"orders":["com.recognize_text.translate.screen","com.spaceship.screen.textcopy","com.tap_to_translate.snap_translate","com.newmg.yurao.pro","com.gaminik.i18n","com.niven.translator","com.screen.translate.google","com.naver.labs.translator","com.niven.apptranslate","com.immersivetranslate.browser","com.voice_camera_free_translate","com.google.android.apps.translate","com.niven.game","com.deepl.mobiletranslator","com.zaz.translate","com.microsoft.translator","com.eecorp.linguago","com.translate.talkingtranslator","com.openai.chatgpt","at.nk.tools.iTranslate"]},{"rank":{"index":2,"lang":"zh-hk","country":"hk","chineseCountryName":"香港","pkg":"com.spaceship.screen.textcopy"},"orders":["com.recognize_text.translate.screen","com.spaceship.screen.textcopy","com.newmg.yurao.pro","com.screen.translate.google","com.gaminik.i18n","com.niven.translator","com.tap_to_translate.snap_translate","com.google.android.apps.translate","com.immersivetranslate.browser","com.microsoft.translator","com.niven.game","com.naver.labs.translator","com.deepl.mobiletranslator","com.niven.apptranslate","com.zaz.translate","at.nk.tools.iTranslate","com.fapp.translate.language.translator.fasttranslation","com.google.ar.lens","com.eecorp.linguago","com.translate.talkingtranslator"]},{"rank":{"index":2,"lang":"zh-tw","country":"tw","chineseCountryName":"台湾","pkg":"com.spaceship.screen.textcopy"},"orders":["com.recognize_text.translate.screen","com.spaceship.screen.textcopy","com.newmg.yurao.pro","com.niven.translator","com.gaminik.i18n","com.screen.translate.google","com.tap_to_translate.snap_translate","com.immersivetranslate.browser","com.niven.game","com.niven.apptranslate","com.google.android.apps.translate","com.naver.labs.translator","com.deepl.mobiletranslator","com.microsoft.translator","com.zaz.translate","com.translate.talkingtranslator","com.fapp.translate.language.translator.fasttranslation","com.eecorp.linguago","com.google.ar.lens","at.nk.tools.iTranslate"]},{"rank":{"index":3,"lang":"en","country":"in","chineseCountryName":"印度","pkg":"com.spaceship.screen.textcopy"},"orders":["com.recognize_text.translate.screen","com.newmg.yurao.pro","com.spaceship.screen.textcopy","com.google.android.apps.translate","com.zaz.translate"]},{"rank":{"index":2,"lang":"id","country":"id","chineseCountryName":"印尼","pkg":"com.spaceship.screen.textcopy"},"orders":["com.recognize_text.translate.screen","com.spaceship.screen.textcopy","com.tap_to_translate.snap_translate","com.newmg.yurao.pro","com.gaminik.i18n","com.niven.translator","com.screen.translate.google","com.niven.game","com.voice_camera_free_translate"]},{"rank":{"index":2,"lang":"es-mx","country":"mx","chineseCountryName":"墨西哥","pkg":"com.spaceship.screen.textcopy"},"orders":["com.recognize_text.translate.screen","com.spaceship.screen.textcopy","com.tap_to_translate.snap_translate","com.newmg.yurao.pro","com.gaminik.i18n","com.google.android.apps.translate","com.zaz.translate","at.nk.tools.iTranslate","com.microsoft.translator","com.deepl.mobiletranslator","com.datacomprojects.scanandtranslate","com.immersivetranslate.browser","com.naver.labs.translator","com.translate.talkingtranslator","com.softissimo.reverso.context","com.google.ar.lens","com.niven.translator","com.screen.translate.google","com.niven.game","com.niven.apptranslate"]}]