[{"rank":{"index":2,"lang":"en-us","country":"us","chineseCountryName":"美国","pkg":"com.spaceship.screen.textcopy"},"orders":["com.recognize_text.translate.screen","com.spaceship.screen.textcopy","com.tap_to_translate.snap_translate","com.google.android.apps.translate","com.microsoft.translator","com.gaminik.i18n","com.niven.translator","com.newmg.yurao.pro","at.nk.tools.iTranslate","com.niven.game","com.google.ar.lens","com.language.translate.free.translator.voice.translation","com.immersivetranslate.browser","live.screentranslate.realtime","com.screen.translate.google","com.datacomprojects.scanandtranslate","com.voice_camera_free_translate","com.niven.apptranslate","com.eecorp.linguago","com.heapsol.spanishenglishtranslator"]},{"rank":{"index":0,"lang":"ru","country":"ru","chineseCountryName":"俄罗斯","pkg":"com.spaceship.screen.textcopy"},"orders":["com.recognize_text.translate.screen","com.niven.translator","com.tap_to_translate.snap_translate","com.newmg.yurao.pro","com.microsoft.translator","com.google.android.apps.translate","com.gaminik.i18n","com.niven.game","ru.yandex.translate","com.google.ar.lens","at.nk.tools.iTranslate","com.immersivetranslate.browser","com.datacomprojects.scanandtranslate","com.language.translate.free.translator.voice.translation","com.kursx.smartbook","live.screentranslate.realtime","com.deepl.mobiletranslator","com.translate.language.translator.voice.translation","com.niven.apptranslate","com.traductorweb"]},{"rank":{"index":2,"lang":"pt-br","country":"br","chineseCountryName":"巴西","pkg":"com.spaceship.screen.textcopy"},"orders":["com.recognize_text.translate.screen","com.spaceship.screen.textcopy","com.tap_to_translate.snap_translate","com.gaminik.i18n","com.newmg.yurao.pro","com.niven.translator","com.niven.game","com.microsoft.translator","live.screentranslate.realtime","com.google.android.apps.translate","com.translate.language.translator.voice.translation","com.language.translate.free.translator.voice.translation","com.niven.apptranslate","at.nk.tools.iTranslate","com.eecorp.linguago","com.google.ar.lens","com.voice_camera_free_translate","com.datacomprojects.scanandtranslate","com.deepl.mobiletranslator","com.zaz.translate"]},{"rank":{"index":2,"lang":"fr","country":"fr","chineseCountryName":"法国","pkg":"com.spaceship.screen.textcopy"},"orders":["com.recognize_text.translate.screen","com.spaceship.screen.textcopy","com.tap_to_translate.snap_translate","com.newmg.yurao.pro","com.microsoft.translator","com.gaminik.i18n","com.niven.translator","com.niven.game","com.google.android.apps.translate","at.nk.tools.iTranslate","live.screentranslate.realtime","com.google.ar.lens","com.datacomprojects.scanandtranslate","com.immersivetranslate.browser","com.translate.language.translator.voice.translation","com.language.translate.free.translator.voice.translation","com.voice_camera_free_translate","com.niven.apptranslate","camtranslator.voice.text.image.translate","com.eecorp.linguago"]},{"rank":{"index":2,"lang":"en-gb","country":"gb","chineseCountryName":"英国","pkg":"com.spaceship.screen.textcopy"},"orders":["com.recognize_text.translate.screen","com.spaceship.screen.textcopy","com.tap_to_translate.snap_translate","com.newmg.yurao.pro","com.microsoft.translator","com.google.android.apps.translate","com.gaminik.i18n","com.niven.translator","at.nk.tools.iTranslate","com.google.ar.lens","com.niven.game","com.language.translate.free.translator.voice.translation","live.screentranslate.realtime","com.immersivetranslate.browser","com.datacomprojects.scanandtranslate","com.deepl.mobiletranslator","com.siv","com.kursx.smartbook","com.sayhi.android.sayhitranslate","com.heapsol.spanishenglishtranslator"]},{"rank":{"index":2,"lang":"de","country":"de","chineseCountryName":"德国","pkg":"com.spaceship.screen.textcopy"},"orders":["com.recognize_text.translate.screen","com.spaceship.screen.textcopy","com.tap_to_translate.snap_translate","com.newmg.yurao.pro","com.microsoft.translator","com.niven.translator","com.gaminik.i18n","com.google.android.apps.translate","com.niven.game","com.immersivetranslate.browser","at.nk.tools.iTranslate","com.datacomprojects.scanandtranslate","com.google.ar.lens","live.screentranslate.realtime","com.language.translate.free.translator.voice.translation","com.deepl.mobiletranslator","com.translate.language.translator.voice.translation","com.voice_camera_free_translate","com.niven.apptranslate","com.eecorp.linguago"]},{"rank":{"index":2,"lang":"it","country":"it","chineseCountryName":"意大利","pkg":"com.spaceship.screen.textcopy"},"orders":["com.recognize_text.translate.screen","com.spaceship.screen.textcopy","com.tap_to_translate.snap_translate","com.newmg.yurao.pro","com.niven.translator","com.gaminik.i18n","com.microsoft.translator","com.google.android.apps.translate","com.niven.game","at.nk.tools.iTranslate","com.google.ar.lens","com.datacomprojects.scanandtranslate"]},{"rank":{"index":2,"lang":"ja","country":"jp","chineseCountryName":"日本","pkg":"com.spaceship.screen.textcopy"},"orders":["com.recognize_text.translate.screen","com.spaceship.screen.textcopy","com.tap_to_translate.snap_translate","com.newmg.yurao.pro","com.gaminik.i18n","com.niven.translator","com.microsoft.translator","com.niven.game","com.google.android.apps.translate","com.google.ar.lens","com.deepl.mobiletranslator","live.screentranslate.realtime","com.datacomprojects.scanandtranslate","com.naver.labs.translator"]},{"rank":{"index":2,"lang":"ko","country":"kr","chineseCountryName":"韩国","pkg":"com.spaceship.screen.textcopy"},"orders":["com.recognize_text.translate.screen","com.spaceship.screen.textcopy","com.newmg.yurao.pro","com.microsoft.translator","com.tap_to_translate.snap_translate","com.google.android.apps.translate","com.niven.translator","com.gaminik.i18n","at.nk.tools.iTranslate","com.immersivetranslate.browser","com.niven.game","com.naver.labs.translator","com.google.ar.lens","com.language.translate.free.translator.voice.translation","live.screentranslate.realtime","com.datacomprojects.scanandtranslate","com.translate.language.translator.voice.translation","com.niven.apptranslate","com.eecorp.linguago","com.youdao.hindict"]},{"rank":{"index":2,"lang":"zh-hk","country":"hk","chineseCountryName":"香港","pkg":"com.spaceship.screen.textcopy"},"orders":["com.recognize_text.translate.screen","com.spaceship.screen.textcopy","com.newmg.yurao.pro","com.tap_to_translate.snap_translate","com.microsoft.translator","com.google.android.apps.translate","com.gaminik.i18n","com.niven.translator","com.immersivetranslate.browser","at.nk.tools.iTranslate","com.google.ar.lens","com.niven.game","com.language.translate.free.translator.voice.translation","live.screentranslate.realtime","com.datacomprojects.scanandtranslate","com.niven.apptranslate","com.eecorp.linguago","com.deepl.mobiletranslator","com.screen.translate.google","com.translator.all.language.translate.camera.voice"]},{"rank":{"index":2,"lang":"zh-tw","country":"tw","chineseCountryName":"台湾","pkg":"com.spaceship.screen.textcopy"},"orders":["com.recognize_text.translate.screen","com.spaceship.screen.textcopy","com.newmg.yurao.pro","com.microsoft.translator","com.gaminik.i18n","com.google.android.apps.translate","com.tap_to_translate.snap_translate","com.niven.translator","com.immersivetranslate.browser","at.nk.tools.iTranslate","com.niven.game","com.language.translate.free.translator.voice.translation","live.screentranslate.realtime","com.google.ar.lens","com.datacomprojects.scanandtranslate","com.translate.language.translator.voice.translation","com.niven.apptranslate","com.translate.talkingtranslator","com.youdao.hindict","com.eecorp.linguago"]},{"rank":{"index":2,"lang":"en","country":"in","chineseCountryName":"印度","pkg":"com.spaceship.screen.textcopy"},"orders":["com.recognize_text.translate.screen","com.spaceship.screen.textcopy","com.tap_to_translate.snap_translate"]},{"rank":{"index":2,"lang":"id","country":"id","chineseCountryName":"印尼","pkg":"com.spaceship.screen.textcopy"},"orders":["com.recognize_text.translate.screen","com.spaceship.screen.textcopy","com.tap_to_translate.snap_translate","com.newmg.yurao.pro","com.niven.translator","com.gaminik.i18n","com.niven.game","com.google.android.apps.translate","com.microsoft.translator","live.screentranslate.realtime","com.youdao.hindict","at.nk.tools.iTranslate","com.language.translate.free.translator.voice.translation","com.deepl.mobiletranslator"]},{"rank":{"index":2,"lang":"es-mx","country":"mx","chineseCountryName":"墨西哥","pkg":"com.spaceship.screen.textcopy"},"orders":["com.recognize_text.translate.screen","com.spaceship.screen.textcopy","com.tap_to_translate.snap_translate","com.newmg.yurao.pro","com.gaminik.i18n","com.niven.translator","com.microsoft.translator","com.niven.game","live.screentranslate.realtime","at.nk.tools.iTranslate","com.google.android.apps.translate","com.translate.language.translator.voice.translation","com.language.translate.free.translator.voice.translation","com.niven.apptranslate"]}]