[{"rank":{"index":2,"lang":"en-us","country":"us","chineseCountryName":"美国","pkg":"com.spaceship.screen.textcopy"},"orders":["com.recognize_text.translate.screen","com.spaceship.screen.textcopy","com.tap_to_translate.snap_translate","com.google.android.apps.translate","com.newmg.yurao.pro","com.screen.translate.google","com.gaminik.i18n","com.niven.translator","com.microsoft.translator","com.immersivetranslate.browser","com.niven.game","link.zhidou.btranslator","com.naver.labs.translator","com.zaz.translate","com.deepl.mobiletranslator","com.niven.apptranslate","at.nk.tools.iTranslate","com.voice_camera_free_translate","ru.yandex.translate","com.yoyodev.screentranslate"]},{"rank":{"index":0,"lang":"ru","country":"ru","chineseCountryName":"俄罗斯","pkg":"com.spaceship.screen.textcopy"},"orders":["com.recognize_text.translate.screen","com.niven.translator","com.tap_to_translate.snap_translate","com.newmg.yurao.pro","com.gaminik.i18n","com.screen.translate.google","ru.yandex.translate","com.niven.game","com.google.android.apps.translate","com.yoyodev.screentranslate","com.niven.apptranslate","com.microsoft.translator"]},{"rank":{"index":2,"lang":"pt-br","country":"br","chineseCountryName":"巴西","pkg":"com.spaceship.screen.textcopy"},"orders":["com.recognize_text.translate.screen","com.spaceship.screen.textcopy","com.tap_to_translate.snap_translate","com.newmg.yurao.pro","com.gaminik.i18n","com.google.android.apps.translate","com.zaz.translate","at.nk.tools.iTranslate","com.deepl.mobiletranslator","ru.yandex.translate","com.naver.labs.translator","com.translate.talkingtranslator","com.datacomprojects.scanandtranslate","com.google.ar.lens","com.ticktalk.translatevoice","com.niven.translator","com.screen.translate.google","com.newtranslate.google","com.niven.apptranslate","com.niven.game"]},{"rank":{"index":2,"lang":"fr","country":"fr","chineseCountryName":"法国","pkg":"com.spaceship.screen.textcopy"},"orders":["com.recognize_text.translate.screen","com.spaceship.screen.textcopy","com.tap_to_translate.snap_translate","com.newmg.yurao.pro","com.gaminik.i18n","com.niven.translator","com.screen.translate.google","com.google.android.apps.translate","com.microsoft.translator","com.niven.apptranslate","com.immersivetranslate.browser","com.deepl.mobiletranslator","com.niven.game","ru.yandex.translate","com.zaz.translate","com.voice_camera_free_translate","link.zhidou.btranslator","at.nk.tools.iTranslate","com.fapp.translate.language.translator.fasttranslation","com.naver.labs.translator"]},{"rank":{"index":2,"lang":"en-gb","country":"gb","chineseCountryName":"英国","pkg":"com.spaceship.screen.textcopy"},"orders":["com.recognize_text.translate.screen","com.spaceship.screen.textcopy","com.newmg.yurao.pro","com.google.android.apps.translate","com.gaminik.i18n","com.niven.translator","com.tap_to_translate.snap_translate","com.screen.translate.google","com.microsoft.translator","com.immersivetranslate.browser","com.niven.game","com.zaz.translate","com.deepl.mobiletranslator","ru.yandex.translate","com.niven.apptranslate","link.zhidou.btranslator","at.nk.tools.iTranslate","com.naver.labs.translator","com.yoyodev.screentranslate","com.eecorp.linguago"]},{"rank":{"index":2,"lang":"de","country":"de","chineseCountryName":"德国","pkg":"com.spaceship.screen.textcopy"},"orders":["com.recognize_text.translate.screen","com.spaceship.screen.textcopy","com.newmg.yurao.pro","com.screen.translate.google","com.niven.translator","com.gaminik.i18n","com.tap_to_translate.snap_translate","com.google.android.apps.translate","com.microsoft.translator","com.immersivetranslate.browser","com.niven.game","ru.yandex.translate","com.deepl.mobiletranslator","com.niven.apptranslate","at.nk.tools.iTranslate","link.zhidou.btranslator","com.fapp.translate.language.translator.fasttranslation","co.timekettle.livetranslator","com.zaz.translate","com.eecorp.linguago"]},{"rank":{"index":2,"lang":"it","country":"it","chineseCountryName":"意大利","pkg":"com.spaceship.screen.textcopy"},"orders":["com.recognize_text.translate.screen","com.spaceship.screen.textcopy","com.tap_to_translate.snap_translate","com.newmg.yurao.pro","com.gaminik.i18n","com.niven.translator","com.screen.translate.google","com.google.android.apps.translate","com.niven.game","com.microsoft.translator","com.niven.apptranslate","at.nk.tools.iTranslate","com.immersivetranslate.browser","com.deepl.mobiletranslator","com.voice_camera_free_translate","ru.yandex.translate","link.zhidou.btranslator","com.tangdi.baiguotong","com.zaz.translate","com.siv"]},{"rank":{"index":2,"lang":"ja","country":"jp","chineseCountryName":"日本","pkg":"com.spaceship.screen.textcopy"},"orders":["com.recognize_text.translate.screen","com.spaceship.screen.textcopy","com.tap_to_translate.snap_translate","com.newmg.yurao.pro","com.gaminik.i18n","com.screen.translate.google","com.microsoft.translator","com.niven.translator","com.google.android.apps.translate","com.naver.labs.translator","com.immersivetranslate.browser","com.niven.game","com.niven.apptranslate","com.deepl.mobiletranslator","com.google.ar.lens","com.openai.chatgpt","com.voice_camera_free_translate","at.nk.tools.iTranslate","com.amazon.kindle","com.android.chrome"]},{"rank":{"index":2,"lang":"ko","country":"kr","chineseCountryName":"韩国","pkg":"com.spaceship.screen.textcopy"},"orders":["com.recognize_text.translate.screen","com.spaceship.screen.textcopy","com.tap_to_translate.snap_translate","com.newmg.yurao.pro","com.gaminik.i18n","com.niven.translator","com.screen.translate.google","com.google.android.apps.translate","com.niven.game","com.niven.apptranslate","com.naver.labs.translator","com.microsoft.translator","com.voice_camera_free_translate","com.immersivetranslate.browser","com.zaz.translate","com.eecorp.linguago","com.openai.chatgpt","link.zhidou.btranslator","com.deepl.mobiletranslator","at.nk.tools.iTranslate"]},{"rank":{"index":2,"lang":"zh-hk","country":"hk","chineseCountryName":"香港","pkg":"com.spaceship.screen.textcopy"},"orders":["com.recognize_text.translate.screen","com.spaceship.screen.textcopy","com.tap_to_translate.snap_translate","com.newmg.yurao.pro","com.screen.translate.google","com.gaminik.i18n","com.niven.translator","com.google.android.apps.translate","com.microsoft.translator","com.niven.game","com.niven.apptranslate","com.immersivetranslate.browser","com.voice_camera_free_translate","com.naver.labs.translator","at.nk.tools.iTranslate","com.zaz.translate","com.fapp.translate.language.translator.fasttranslation","com.deepl.mobiletranslator","com.tangdi.baiguotong","ru.yandex.translate"]},{"rank":{"index":2,"lang":"zh-tw","country":"tw","chineseCountryName":"台湾","pkg":"com.spaceship.screen.textcopy"},"orders":["com.recognize_text.translate.screen","com.spaceship.screen.textcopy","com.newmg.yurao.pro","com.gaminik.i18n","com.screen.translate.google","com.niven.translator","com.tap_to_translate.snap_translate","com.google.android.apps.translate","com.microsoft.translator","com.niven.game","com.niven.apptranslate","com.immersivetranslate.browser","com.naver.labs.translator","at.nk.tools.iTranslate","com.deepl.mobiletranslator","com.eecorp.linguago","com.openai.chatgpt","com.facebook.katana","com.tangdi.baiguotong","com.facebook.orca"]},{"rank":{"index":3,"lang":"en","country":"in","chineseCountryName":"印度","pkg":"com.spaceship.screen.textcopy"},"orders":["com.recognize_text.translate.screen","com.newmg.yurao.pro","com.spaceship.screen.textcopy","com.google.android.apps.translate"]},{"rank":{"index":3,"lang":"id","country":"id","chineseCountryName":"印尼","pkg":"com.spaceship.screen.textcopy"},"orders":["com.recognize_text.translate.screen","com.tap_to_translate.snap_translate","com.spaceship.screen.textcopy","com.niven.translator","com.newmg.yurao.pro","com.screen.translate.google","com.gaminik.i18n","com.niven.game","com.google.android.apps.translate","com.niven.apptranslate","com.eecorp.linguago","com.naver.labs.translator"]},{"rank":{"index":2,"lang":"es-mx","country":"mx","chineseCountryName":"墨西哥","pkg":"com.spaceship.screen.textcopy"},"orders":["com.recognize_text.translate.screen","com.spaceship.screen.textcopy","com.tap_to_translate.snap_translate","com.newmg.yurao.pro","com.gaminik.i18n","com.google.android.apps.translate","at.nk.tools.iTranslate","com.zaz.translate","com.deepl.mobiletranslator","ru.yandex.translate","com.datacomprojects.scanandtranslate","com.translate.talkingtranslator","com.naver.labs.translator","com.google.ar.lens","com.ticktalk.translatevoice","com.niven.translator","com.screen.translate.google","com.niven.game","com.niven.apptranslate","com.newtranslate.google"]}]