[{"rank":{"index":2,"lang":"en-us","country":"us","chineseCountryName":"美国","pkg":"com.spaceship.screen.textcopy"},"orders":["com.recognize_text.translate.screen","com.spaceship.screen.textcopy","com.tap_to_translate.snap_translate","com.niven.translator","com.newmg.yurao.pro","com.gaminik.i18n","com.screen.translate.google","com.niven.apptranslate","com.niven.game","com.screen.translator.text.recognize","com.google.android.apps.translate","at.nk.tools.iTranslate","com.galaxy.airviewdictionary","com.eecorp.linguago","com.microsoft.translator","live.screentranslate.realtime","com.deepl.mobiletranslator","com.immersivetranslate.browser","com.zaz.translate","com.datacomprojects.scanandtranslate"]},{"rank":{"index":3,"lang":"ru","country":"ru","chineseCountryName":"俄罗斯","pkg":"com.spaceship.screen.textcopy"},"orders":["com.recognize_text.translate.screen","com.niven.translator","com.spaceship.screen.textcopy","com.tap_to_translate.snap_translate","com.newmg.yurao.pro","com.gaminik.i18n","com.niven.apptranslate","com.screen.translate.google","com.niven.game","com.screen.translator.text.recognize","com.galaxy.airviewdictionary","com.google.android.apps.translate","live.screentranslate.realtime","at.nk.tools.iTranslate","com.microsoft.translator","com.eecorp.linguago","ru.yandex.translate","com.immersivetranslate.browser","com.google.ar.lens","com.zaz.translate"]},{"rank":{"index":3,"lang":"pt-br","country":"br","chineseCountryName":"巴西","pkg":"com.spaceship.screen.textcopy"},"orders":["com.recognize_text.translate.screen","com.niven.translator","com.spaceship.screen.textcopy","com.gaminik.i18n","com.tap_to_translate.snap_translate","com.newmg.yurao.pro","com.screen.translate.google","com.niven.apptranslate","com.eecorp.linguago","com.galaxy.airviewdictionary","com.screen.translator.text.recognize","com.niven.game","live.screentranslate.realtime"]},{"rank":{"index":2,"lang":"fr","country":"fr","chineseCountryName":"法国","pkg":"com.spaceship.screen.textcopy"},"orders":["com.recognize_text.translate.screen","com.spaceship.screen.textcopy","com.tap_to_translate.snap_translate","com.niven.translator","com.newmg.yurao.pro","com.gaminik.i18n","com.screen.translate.google","com.niven.apptranslate","com.galaxy.airviewdictionary","com.eecorp.linguago","com.microsoft.translator","com.deepl.mobiletranslator","com.google.android.apps.translate","com.mg.chat","com.niven.game","com.google.ar.lens","at.nk.tools.iTranslate","com.screen.translator.text.recognize","com.zaz.translate","com.aldoo.pdftranslatorpro"]},{"rank":{"index":2,"lang":"en-gb","country":"gb","chineseCountryName":"英国","pkg":"com.spaceship.screen.textcopy"},"orders":["com.recognize_text.translate.screen","com.spaceship.screen.textcopy","com.niven.translator","com.tap_to_translate.snap_translate","com.newmg.yurao.pro","com.gaminik.i18n","com.screen.translate.google","com.niven.apptranslate","at.nk.tools.iTranslate","com.google.android.apps.translate","com.niven.game","com.screen.translator.text.recognize","com.microsoft.translator","live.screentranslate.realtime","com.galaxy.airviewdictionary","com.eecorp.linguago","com.deepl.mobiletranslator","com.zaz.translate","translate.speech.text.translation.voicetranslator","ru.yandex.translate"]},{"rank":{"index":3,"lang":"de","country":"de","chineseCountryName":"德国","pkg":"com.spaceship.screen.textcopy"},"orders":["com.recognize_text.translate.screen","com.niven.translator","com.spaceship.screen.textcopy","com.gaminik.i18n","com.tap_to_translate.snap_translate","com.newmg.yurao.pro","com.screen.translate.google","com.niven.apptranslate","com.galaxy.airviewdictionary","com.niven.game","com.screen.translator.text.recognize","com.eecorp.linguago","com.microsoft.translator","com.google.android.apps.translate","com.immersivetranslate.browser","com.deepl.mobiletranslator","at.nk.tools.iTranslate","com.mg.chat","com.google.ar.lens","com.zaz.translate"]},{"rank":{"index":2,"lang":"it","country":"it","chineseCountryName":"意大利","pkg":"com.spaceship.screen.textcopy"},"orders":["com.recognize_text.translate.screen","com.spaceship.screen.textcopy","com.tap_to_translate.snap_translate","com.gaminik.i18n","com.niven.translator","com.newmg.yurao.pro","com.screen.translate.google","com.niven.apptranslate","com.niven.game","com.galaxy.airviewdictionary","com.microsoft.translator","live.screentranslate.realtime","com.google.android.apps.translate","com.eecorp.linguago","com.screen.translator.text.recognize","at.nk.tools.iTranslate","com.deepl.mobiletranslator","com.google.ar.lens","link.zhidou.btranslator","com.immersivetranslate.browser"]},{"rank":{"index":3,"lang":"ja","country":"jp","chineseCountryName":"日本","pkg":"com.spaceship.screen.textcopy"},"orders":["com.recognize_text.translate.screen","com.tap_to_translate.snap_translate","com.spaceship.screen.textcopy","com.niven.translator","com.newmg.yurao.pro","com.gaminik.i18n","com.screen.translate.google","com.niven.apptranslate","com.eecorp.linguago","com.screen.translator.text.recognize","com.galaxy.airviewdictionary","com.google.android.apps.translate","com.zaz.translate","com.immersivetranslate.browser","com.naver.labs.translator","com.deepl.mobiletranslator","com.google.ar.lens","com.google.android.tts","com.niven.game","live.screentranslate.realtime"]},{"rank":{"index":2,"lang":"ko","country":"kr","chineseCountryName":"韩国","pkg":"com.spaceship.screen.textcopy"},"orders":["com.recognize_text.translate.screen","com.spaceship.screen.textcopy","com.tap_to_translate.snap_translate","com.newmg.yurao.pro","com.gaminik.i18n","com.niven.translator","com.screen.translate.google","com.niven.apptranslate","com.screen.translator.text.recognize","com.galaxy.airviewdictionary","com.niven.game","com.eecorp.linguago","com.google.android.apps.translate","com.zaz.translate","com.naver.labs.translator","com.microsoft.translator","com.immersivetranslate.browser","com.mg.chat","at.nk.tools.iTranslate","com.google.ar.lens"]},{"rank":{"index":1,"lang":"zh-hk","country":"hk","chineseCountryName":"香港","pkg":"com.spaceship.screen.textcopy"},"orders":["com.spaceship.screen.textcopy","com.recognize_text.translate.screen","com.tap_to_translate.snap_translate","com.niven.translator","com.gaminik.i18n","com.newmg.yurao.pro","com.screen.translate.google","com.niven.apptranslate","com.google.android.apps.translate","at.nk.tools.iTranslate","com.niven.game","live.screentranslate.realtime","com.microsoft.translator","com.screen.translator.text.recognize","com.galaxy.airviewdictionary","com.immersivetranslate.browser","com.eecorp.linguago","com.zaz.translate","com.deepl.mobiletranslator","com.google.ar.lens"]},{"rank":{"index":2,"lang":"zh-tw","country":"tw","chineseCountryName":"台湾","pkg":"com.spaceship.screen.textcopy"},"orders":["com.recognize_text.translate.screen","com.spaceship.screen.textcopy","com.tap_to_translate.snap_translate","com.niven.translator","com.gaminik.i18n","com.newmg.yurao.pro","com.screen.translate.google","com.niven.apptranslate","com.niven.game","com.galaxy.airviewdictionary","com.google.android.apps.translate","at.nk.tools.iTranslate","com.eecorp.linguago","com.microsoft.translator","live.screentranslate.realtime","com.screen.translator.text.recognize","com.naver.labs.translator","com.zaz.translate","com.google.ar.lens","com.immersivetranslate.browser"]},{"rank":{"index":0,"lang":"en","country":"in","chineseCountryName":"印度","pkg":"com.spaceship.screen.textcopy"},"orders":["com.recognize_text.translate.screen","com.tap_to_translate.snap_translate","com.gaminik.i18n","com.niven.translator","com.newmg.yurao.pro","com.screen.translate.google","com.google.android.apps.translate","com.niven.apptranslate","com.screen.translator.text.recognize","com.eecorp.linguago","com.galaxy.airviewdictionary","com.microsoft.translator","at.nk.tools.iTranslate","com.niven.game","com.zaz.translate","translate.speech.text.translation.voicetranslator","com.datacomprojects.scanandtranslate","com.google.ar.lens","live.screentranslate.realtime","com.google.android.inputmethod.latin"]},{"rank":{"index":3,"lang":"id","country":"id","chineseCountryName":"印尼","pkg":"com.spaceship.screen.textcopy"},"orders":["com.recognize_text.translate.screen","com.niven.translator","com.spaceship.screen.textcopy","com.tap_to_translate.snap_translate","com.gaminik.i18n","com.newmg.yurao.pro","com.screen.translate.google","com.niven.game","com.niven.apptranslate","com.eecorp.linguago","com.google.android.apps.translate","com.screen.translator.text.recognize","com.galaxy.airviewdictionary","com.deepl.mobiletranslator","at.nk.tools.iTranslate","com.microsoft.translator","com.google.ar.lens","com.zaz.translate","live.screentranslate.realtime","com.naver.labs.translator"]},{"rank":{"index":2,"lang":"es-mx","country":"mx","chineseCountryName":"墨西哥","pkg":"com.spaceship.screen.textcopy"},"orders":["com.recognize_text.translate.screen","com.spaceship.screen.textcopy","com.niven.translator","com.gaminik.i18n","com.tap_to_translate.snap_translate","com.newmg.yurao.pro","com.screen.translator.text.recognize","com.screen.translate.google","com.niven.apptranslate","com.galaxy.airviewdictionary","com.niven.game","com.eecorp.linguago","com.google.android.apps.translate","at.nk.tools.iTranslate","com.mg.chat","com.microsoft.translator","live.screentranslate.realtime","link.zhidou.btranslator","com.deepl.mobiletranslator","co.appnation.aivoicetranslator"]}]