[{"rank":{"index":2,"lang":"en-us","country":"us","chineseCountryName":"美国","pkg":"com.spaceship.screen.textcopy"},"orders":["com.recognize_text.translate.screen","com.spaceship.screen.textcopy","com.niven.translator","com.tap_to_translate.snap_translate","com.microsoft.translator","com.google.android.apps.translate","com.gaminik.i18n","com.niven.game","com.zaz.translate","com.newmg.yurao.pro","com.niven.comic","com.translate.talkingtranslator","com.naver.labs.translator","com.sayhi.android.sayhitranslate","com.language.translate.free.translator.voice.translation","com.screen.translate.google","com.tangdi.baiguotong","com.deepl.mobiletranslator","com.languagetranslator.translatorapp.smartscanner.dictionary.translation.voicetranslator","com.google.ar.lens"]},{"rank":{"index":2,"lang":"ru","country":"ru","chineseCountryName":"俄罗斯","pkg":"com.spaceship.screen.textcopy"},"orders":["com.recognize_text.translate.screen","com.spaceship.screen.textcopy","com.niven.translator","com.tap_to_translate.snap_translate","com.microsoft.translator","com.niven.game","com.newmg.yurao.pro","com.gaminik.i18n","com.google.android.apps.translate","ru.yandex.translate","com.niven.comic","com.deepl.mobiletranslator","com.zaz.translate","com.tangdi.baiguotong","com.screen.translate.google","com.kursx.smartbook","com.datacomprojects.scanandtranslate","com.erudite.translator","com.language.translate.free.translator.voice.translation","com.voice_camera_free_translate"]},{"rank":{"index":2,"lang":"pt-br","country":"br","chineseCountryName":"巴西","pkg":"com.spaceship.screen.textcopy"},"orders":["com.recognize_text.translate.screen","com.spaceship.screen.textcopy","com.tap_to_translate.snap_translate","com.niven.translator","com.niven.game","com.gaminik.i18n","com.niven.comic","com.newmg.yurao.pro","com.microsoft.translator","com.screen.translate.google","com.google.android.apps.translate","com.zaz.translate","com.niven.apptranslate","com.deepl.mobiletranslator","com.languagetranslator.translatorapp.smartscanner.dictionary.translation.voicetranslator","com.youdao.hindict","com.language.translate.free.translator.voice.translation","com.tangdi.baiguotong","com.aldoo.pdftranslatorpro","com.voice_camera_free_translate"]},{"rank":{"index":2,"lang":"fr","country":"fr","chineseCountryName":"法国","pkg":"com.spaceship.screen.textcopy"},"orders":["com.recognize_text.translate.screen","com.spaceship.screen.textcopy","com.tap_to_translate.snap_translate","com.niven.translator","com.microsoft.translator","com.gaminik.i18n","com.niven.game","com.newmg.yurao.pro","com.niven.comic","com.zaz.translate","com.tangdi.baiguotong","com.google.android.apps.translate","com.language.translate.free.translator.voice.translation","com.screen.translate.google","com.deepl.mobiletranslator","com.softissimo.reverso.context","com.voice_camera_free_translate","com.wooask.zx","com.languagetranslator.translatorapp.smartscanner.dictionary.translation.voicetranslator","com.niven.apptranslate"]},{"rank":{"index":2,"lang":"en-gb","country":"gb","chineseCountryName":"英国","pkg":"com.spaceship.screen.textcopy"},"orders":["com.recognize_text.translate.screen","com.spaceship.screen.textcopy","com.tap_to_translate.snap_translate","com.gaminik.i18n","com.microsoft.translator","com.google.android.apps.translate","com.niven.translator","com.niven.game","com.zaz.translate","com.newmg.yurao.pro","com.niven.comic","com.tangdi.baiguotong","com.screen.translate.google","com.language.translate.free.translator.voice.translation","com.google.ar.lens","com.translate.talkingtranslator","com.sayhi.android.sayhitranslate","com.languagetranslator.translatorapp.smartscanner.dictionary.translation.voicetranslator","com.deepl.mobiletranslator","com.naver.labs.translator"]},{"rank":{"index":2,"lang":"de","country":"de","chineseCountryName":"德国","pkg":"com.spaceship.screen.textcopy"},"orders":["com.recognize_text.translate.screen","com.spaceship.screen.textcopy","com.tap_to_translate.snap_translate","com.microsoft.translator","com.niven.translator","com.gaminik.i18n","com.niven.game","com.google.android.apps.translate","com.newmg.yurao.pro","com.niven.comic","com.zaz.translate","com.deepl.mobiletranslator","com.tangdi.baiguotong","com.language.translate.free.translator.voice.translation","com.screen.translate.google","com.translate.talkingtranslator","com.sayhi.android.sayhitranslate","translate.all.language.translator.cameratranslator","com.erudite.translator","com.softissimo.reverso.context"]},{"rank":{"index":2,"lang":"it","country":"it","chineseCountryName":"意大利","pkg":"com.spaceship.screen.textcopy"},"orders":["com.recognize_text.translate.screen","com.spaceship.screen.textcopy","com.gaminik.i18n","com.tap_to_translate.snap_translate","com.niven.translator","com.niven.game","com.microsoft.translator","com.zaz.translate","com.newmg.yurao.pro","com.niven.comic","com.google.android.apps.translate","com.tangdi.baiguotong","com.language.translate.free.translator.voice.translation","com.deepl.mobiletranslator","com.screen.translate.google","com.softissimo.reverso.context","com.niven.apptranslate","translate.all.language.translator.cameratranslator","com.aldoo.pdftranslatorpro","com.google.ar.lens"]},{"rank":{"index":2,"lang":"ja","country":"jp","chineseCountryName":"日本","pkg":"com.spaceship.screen.textcopy"},"orders":["com.recognize_text.translate.screen","com.spaceship.screen.textcopy","com.tap_to_translate.snap_translate","com.gaminik.i18n","com.niven.translator","com.niven.game","com.microsoft.translator","com.newmg.yurao.pro","com.niven.comic","com.deepl.mobiletranslator","com.naver.labs.translator","com.google.android.apps.translate"]},{"rank":{"index":2,"lang":"ko","country":"kr","chineseCountryName":"韩国","pkg":"com.spaceship.screen.textcopy"},"orders":["com.recognize_text.translate.screen","com.spaceship.screen.textcopy","com.tap_to_translate.snap_translate","com.microsoft.translator","com.google.android.apps.translate","com.niven.translator","com.gaminik.i18n","com.naver.labs.translator","com.niven.game","com.zaz.translate","com.newmg.yurao.pro","com.niven.comic","com.deepl.mobiletranslator","com.language.translate.free.translator.voice.translation","com.translate.talkingtranslator","com.google.ar.lens","com.youdao.hindict","translate.all.language.translator.cameratranslator","co.timekettle.livetranslator","com.screen.translate.google"]},{"rank":{"index":2,"lang":"zh-hk","country":"hk","chineseCountryName":"香港","pkg":"com.spaceship.screen.textcopy"},"orders":["com.recognize_text.translate.screen","com.spaceship.screen.textcopy","com.microsoft.translator","com.niven.translator","com.google.android.apps.translate","com.gaminik.i18n","com.tap_to_translate.snap_translate","com.screen.translate.google","com.niven.comic","com.niven.game","com.languagetranslator.translatorapp.smartscanner.dictionary.translation.voicetranslator","com.tangdi.baiguotong","com.datacomprojects.scanandtranslate","translate.speech.text.translation.voicetranslator","com.naver.labs.translator","com.language.translate.free.translator.voice.translation","com.mg.chat","com.zaz.translate","com.youdao.hindict","com.deepl.mobiletranslator"]},{"rank":{"index":2,"lang":"zh-tw","country":"tw","chineseCountryName":"台湾","pkg":"com.spaceship.screen.textcopy"},"orders":["com.recognize_text.translate.screen","com.spaceship.screen.textcopy","com.tap_to_translate.snap_translate","com.gaminik.i18n","com.microsoft.translator","com.niven.translator","com.google.android.apps.translate","com.niven.game","com.tangdi.baiguotong","com.niven.comic","com.newmg.yurao.pro","com.zaz.translate","com.naver.labs.translator","com.language.translate.free.translator.voice.translation","com.translate.talkingtranslator","com.deepl.mobiletranslator","com.datacomprojects.scanandtranslate","com.erudite.translator","com.royalappcode.translation.voice.language.chat.interpreter","com.mg.chat"]},{"rank":{"index":2,"lang":"en","country":"in","chineseCountryName":"印度","pkg":"com.spaceship.screen.textcopy"},"orders":["com.recognize_text.translate.screen","com.spaceship.screen.textcopy","com.tap_to_translate.snap_translate"]},{"rank":{"index":2,"lang":"id","country":"id","chineseCountryName":"印尼","pkg":"com.spaceship.screen.textcopy"},"orders":["com.recognize_text.translate.screen","com.spaceship.screen.textcopy","com.niven.translator","com.tap_to_translate.snap_translate","com.niven.game","com.gaminik.i18n","com.niven.comic","com.microsoft.translator","com.newmg.yurao.pro","com.youdao.hindict","com.screen.translate.google","com.google.android.apps.translate","com.zaz.translate","com.deepl.mobiletranslator"]},{"rank":{"index":2,"lang":"es-mx","country":"mx","chineseCountryName":"墨西哥","pkg":"com.spaceship.screen.textcopy"},"orders":["com.recognize_text.translate.screen","com.spaceship.screen.textcopy","com.tap_to_translate.snap_translate","com.niven.translator","com.niven.game","com.gaminik.i18n","com.microsoft.translator","com.niven.comic","com.newmg.yurao.pro","com.google.android.apps.translate","com.zaz.translate","com.screen.translate.google","com.aldoo.pdftranslatorpro","com.tangdi.baiguotong","com.language.translate.free.translator.voice.translation","translate.all.language.translator.cameratranslator","com.voice_camera_free_translate","com.niven.apptranslate","com.deepl.mobiletranslator","com.google.ar.lens"]}]