[{"rank":{"index":2,"lang":"en-us","country":"us","chineseCountryName":"美国","pkg":"com.spaceship.screen.textcopy"},"orders":["com.recognize_text.translate.screen","com.spaceship.screen.textcopy","com.tap_to_translate.snap_translate","com.screen.translate.google","com.google.android.apps.translate","com.newmg.yurao.pro","com.microsoft.translator","com.niven.translator","com.gaminik.i18n","com.deepl.mobiletranslator","com.google.ar.lens","com.zaz.translate","ru.yandex.translate","com.naver.labs.translator","com.niven.game","at.nk.tools.iTranslate","com.translate.talkingtranslator","com.eecorp.linguago","com.youdao.hindict","com.niven.apptranslate"]},{"rank":{"index":0,"lang":"ru","country":"ru","chineseCountryName":"俄罗斯","pkg":"com.spaceship.screen.textcopy"},"orders":["com.recognize_text.translate.screen","com.niven.translator","com.tap_to_translate.snap_translate","com.newmg.yurao.pro","ru.yandex.translate","com.gaminik.i18n","com.google.android.apps.translate","com.niven.game"]},{"rank":{"index":2,"lang":"pt-br","country":"br","chineseCountryName":"巴西","pkg":"com.spaceship.screen.textcopy"},"orders":["com.recognize_text.translate.screen","com.spaceship.screen.textcopy","com.tap_to_translate.snap_translate","com.newmg.yurao.pro","com.gaminik.i18n","com.google.android.apps.translate","com.microsoft.translator","com.deepl.mobiletranslator","com.zaz.translate","ru.yandex.translate","com.google.ar.lens","at.nk.tools.iTranslate","com.naver.labs.translator","com.translate.talkingtranslator","com.softissimo.reverso.context","com.niven.translator","com.screen.translate.google","com.niven.game","com.newtranslate.google","com.youdao.hindict"]},{"rank":{"index":2,"lang":"fr","country":"fr","chineseCountryName":"法国","pkg":"com.spaceship.screen.textcopy"},"orders":["com.recognize_text.translate.screen","com.spaceship.screen.textcopy","com.gaminik.i18n","com.newmg.yurao.pro","com.google.android.apps.translate","com.tap_to_translate.snap_translate","com.microsoft.translator","com.deepl.mobiletranslator","com.niven.translator","com.niven.game","com.google.ar.lens","ru.yandex.translate","com.screen.translate.google","com.zaz.translate","com.niven.apptranslate","com.eecorp.linguago","com.naver.labs.translator","top.applocalize.translate","com.translate.talkingtranslator","com.google.android.apps.tachyon"]},{"rank":{"index":3,"lang":"en-gb","country":"gb","chineseCountryName":"英国","pkg":"com.spaceship.screen.textcopy"},"orders":["com.recognize_text.translate.screen","com.google.android.apps.translate","com.spaceship.screen.textcopy","com.newmg.yurao.pro","com.microsoft.translator","com.gaminik.i18n","com.deepl.mobiletranslator","com.niven.translator","com.google.ar.lens","com.tap_to_translate.snap_translate","ru.yandex.translate","com.zaz.translate","com.niven.game","com.naver.labs.translator"]},{"rank":{"index":2,"lang":"de","country":"de","chineseCountryName":"德国","pkg":"com.spaceship.screen.textcopy"},"orders":["com.recognize_text.translate.screen","com.spaceship.screen.textcopy","com.newmg.yurao.pro","com.gaminik.i18n","com.google.android.apps.translate","com.microsoft.translator","com.niven.translator","com.deepl.mobiletranslator","com.tap_to_translate.snap_translate","ru.yandex.translate","com.niven.game","com.google.ar.lens","com.screen.translate.google","com.eecorp.linguago","com.niven.apptranslate","top.applocalize.translate","com.zaz.translate","com.translate.talkingtranslator","com.google.android.apps.tachyon","photo.translate.camera.translator"]},{"rank":{"index":2,"lang":"it","country":"it","chineseCountryName":"意大利","pkg":"com.spaceship.screen.textcopy"},"orders":["com.recognize_text.translate.screen","com.spaceship.screen.textcopy","com.gaminik.i18n","com.newmg.yurao.pro","com.google.android.apps.translate","com.microsoft.translator","com.tap_to_translate.snap_translate","com.deepl.mobiletranslator","com.niven.game","com.niven.translator","ru.yandex.translate","com.google.ar.lens","com.eecorp.linguago","com.screen.translate.google","com.niven.apptranslate","top.applocalize.translate","com.translate.talkingtranslator","com.datacomprojects.scanandtranslate","com.tangdi.baiguotong","com.google.android.apps.tachyon"]},{"rank":{"index":2,"lang":"ja","country":"jp","chineseCountryName":"日本","pkg":"com.spaceship.screen.textcopy"},"orders":["com.recognize_text.translate.screen","com.spaceship.screen.textcopy","com.newmg.yurao.pro","com.gaminik.i18n","com.tap_to_translate.snap_translate","com.google.android.apps.translate","com.microsoft.translator","com.google.ar.lens","com.niven.translator","com.deepl.mobiletranslator","com.naver.labs.translator","com.eecorp.linguago","com.screen.translate.google","ru.yandex.translate","com.translate.talkingtranslator","top.applocalize.translate","com.niven.apptranslate","com.niven.game","com.facebook.katana","com.instagram.android"]},{"rank":{"index":2,"lang":"ko","country":"kr","chineseCountryName":"韩国","pkg":"com.spaceship.screen.textcopy"},"orders":["com.recognize_text.translate.screen","com.spaceship.screen.textcopy","com.newmg.yurao.pro","com.gaminik.i18n","com.tap_to_translate.snap_translate","com.google.android.apps.translate","com.microsoft.translator","com.naver.labs.translator","com.niven.translator","com.niven.game","com.eecorp.linguago","com.deepl.mobiletranslator","com.niven.apptranslate","com.screen.translate.google","com.immersivetranslate.browser","top.applocalize.translate","com.google.ar.lens","com.instagram.android","com.facebook.katana","com.translate.talkingtranslator"]},{"rank":{"index":1,"lang":"zh-hk","country":"hk","chineseCountryName":"香港","pkg":"com.spaceship.screen.textcopy"},"orders":["com.spaceship.screen.textcopy","com.recognize_text.translate.screen","com.newmg.yurao.pro","com.gaminik.i18n","com.niven.translator","com.microsoft.translator","com.google.android.apps.translate","com.tap_to_translate.snap_translate","com.deepl.mobiletranslator","com.niven.game","com.naver.labs.translator","com.google.ar.lens","com.eecorp.linguago","com.screen.translate.google","com.niven.apptranslate","ru.yandex.translate","top.applocalize.translate","com.immersivetranslate.browser","com.google.android.apps.maps","com.android.chrome"]},{"rank":{"index":2,"lang":"zh-tw","country":"tw","chineseCountryName":"台湾","pkg":"com.spaceship.screen.textcopy"},"orders":["com.recognize_text.translate.screen","com.spaceship.screen.textcopy","com.newmg.yurao.pro","com.screen.translate.google","com.gaminik.i18n","com.niven.translator","com.google.android.apps.translate","com.tap_to_translate.snap_translate","com.microsoft.translator","com.niven.game","com.deepl.mobiletranslator","com.naver.labs.translator","com.eecorp.linguago","com.niven.apptranslate","com.google.ar.lens","top.applocalize.translate","ru.yandex.translate","com.translate.talkingtranslator","com.zaz.translate","live.screentranslate.realtime"]},{"rank":{"index":3,"lang":"en","country":"in","chineseCountryName":"印度","pkg":"com.spaceship.screen.textcopy"},"orders":["com.recognize_text.translate.screen","com.google.android.apps.translate","com.spaceship.screen.textcopy","com.newmg.yurao.pro","com.gaminik.i18n","com.zaz.translate"]},{"rank":{"index":2,"lang":"id","country":"id","chineseCountryName":"印尼","pkg":"com.spaceship.screen.textcopy"},"orders":["com.recognize_text.translate.screen","com.spaceship.screen.textcopy","com.gaminik.i18n","com.tap_to_translate.snap_translate","com.newmg.yurao.pro","com.youdao.hindict","com.niven.translator","com.google.android.apps.translate","com.niven.game","com.deepl.mobiletranslator","com.microsoft.translator","com.naver.labs.translator","com.eecorp.linguago"]},{"rank":{"index":2,"lang":"es-mx","country":"mx","chineseCountryName":"墨西哥","pkg":"com.spaceship.screen.textcopy"},"orders":["com.recognize_text.translate.screen","com.spaceship.screen.textcopy","com.newmg.yurao.pro","com.tap_to_translate.snap_translate","com.gaminik.i18n","com.google.android.apps.translate","com.microsoft.translator","com.deepl.mobiletranslator","ru.yandex.translate","com.zaz.translate","at.nk.tools.iTranslate","com.google.ar.lens","com.translate.talkingtranslator","com.naver.labs.translator","com.softissimo.reverso.context","com.ticktalk.translatevoice","com.niven.translator","com.youdao.hindict","com.niven.game","free.translate.all.language.translator"]}]