[{"rank":{"index":9,"lang":"en-us","country":"us","chineseCountryName":"美国","pkg":"com.spaceship.screen.textcopy"},"orders":["com.recognize_text.translate.screen","com.google.android.apps.translate","com.microsoft.translator","com.screen.translate.google","com.niven.translator","com.gaminik.i18n","com.niven.game","com.tap_to_translate.snap_translate","com.spaceship.screen.textcopy","com.sayhi.android.sayhitranslate","at.nk.tools.iTranslate","com.niven.comic","com.naver.labs.translator","com.deepl.mobiletranslator","com.zaz.translate","com.translate.talkingtranslator","com.royalappcode.translation.voice.language.chat.interpreter","com.datacomprojects.scanandtranslate","com.ticktalk.translatevoice","com.heapsol.spanishenglishtranslator"]},{"rank":{"index":7,"lang":"ru","country":"ru","chineseCountryName":"俄罗斯","pkg":"com.spaceship.screen.textcopy"},"orders":["com.recognize_text.translate.screen","com.niven.translator","com.tap_to_translate.snap_translate","com.niven.game","com.gaminik.i18n","com.screen.translate.google","com.spaceship.screen.textcopy","ru.yandex.translate","com.microsoft.translator","com.niven.comic","com.google.android.apps.translate","com.deepl.mobiletranslator","at.nk.tools.iTranslate","com.android.chrome","com.datacomprojects.scanandtranslate","com.whatsapp","com.newmg.yurao.pro","com.instagram.android","com.zhiliaoapp.musically","com.wooask.zx"]},{"rank":{"index":3,"lang":"pt-br","country":"br","chineseCountryName":"巴西","pkg":"com.spaceship.screen.textcopy"},"orders":["com.recognize_text.translate.screen","com.tap_to_translate.snap_translate","com.spaceship.screen.textcopy","com.niven.game","com.google.android.apps.translate","com.deepl.mobiletranslator","ru.yandex.translate","com.naver.labs.translator","com.google.ar.lens","com.sayhi.android.sayhitranslate","com.translate.talkingtranslator","com.niven.translator","com.gaminik.i18n","com.screen.translate.google","com.niven.comic","com.youdao.hindict","com.newmg.yurao.pro","com.galaxy.airviewdictionary","com.zaz.translate","com.softissimo.reverso.context"]},{"rank":{"index":6,"lang":"fr","country":"fr","chineseCountryName":"法国","pkg":"com.spaceship.screen.textcopy"},"orders":["com.recognize_text.translate.screen","com.tap_to_translate.snap_translate","com.niven.game","com.niven.translator","com.gaminik.i18n","com.spaceship.screen.textcopy","com.microsoft.translator","com.screen.translate.google","com.google.android.apps.translate","com.niven.comic","at.nk.tools.iTranslate","com.image.camera.translate.ai","com.deepl.mobiletranslator","com.zaz.translate","com.datacomprojects.scanandtranslate","com.sayhi.android.sayhitranslate","com.translate.talkingtranslator","com.newmg.yurao.pro","com.tangdi.baiguotong","com.b1b.translator.voicetranslate.alllanguages.translator.app"]},{"rank":{"index":10,"lang":"en-gb","country":"gb","chineseCountryName":"英国","pkg":"com.spaceship.screen.textcopy"},"orders":["com.recognize_text.translate.screen","com.microsoft.translator","com.gaminik.i18n","com.google.android.apps.translate","com.screen.translate.google","com.niven.translator","com.niven.game","at.nk.tools.iTranslate","com.tap_to_translate.snap_translate","com.spaceship.screen.textcopy","com.sayhi.android.sayhitranslate","com.niven.comic","com.zaz.translate","com.datacomprojects.scanandtranslate","com.deepl.mobiletranslator","com.image.camera.translate.ai","com.naver.labs.translator","com.b1b.translator.voicetranslate.alllanguages.translator.app","com.youdao.hindict","com.newmg.yurao.pro"]},{"rank":{"index":9,"lang":"de","country":"de","chineseCountryName":"德国","pkg":"com.spaceship.screen.textcopy"},"orders":["com.recognize_text.translate.screen","com.tap_to_translate.snap_translate","com.microsoft.translator","com.niven.game","com.screen.translate.google","com.gaminik.i18n","com.niven.translator","com.google.android.apps.translate","com.spaceship.screen.textcopy","com.deepl.mobiletranslator","com.niven.comic","at.nk.tools.iTranslate","com.image.camera.translate.ai","com.translate.talkingtranslator","com.datacomprojects.scanandtranslate","com.sayhi.android.sayhitranslate","com.newmg.yurao.pro","com.zaz.translate","camtranslator.voice.text.image.translate","com.softissimo.reverso.context"]},{"rank":{"index":6,"lang":"it","country":"it","chineseCountryName":"意大利","pkg":"com.spaceship.screen.textcopy"},"orders":["com.recognize_text.translate.screen","com.tap_to_translate.snap_translate","com.gaminik.i18n","com.niven.translator","com.screen.translate.google","com.spaceship.screen.textcopy","com.niven.game","com.microsoft.translator","com.google.android.apps.translate","com.niven.comic","com.image.camera.translate.ai","at.nk.tools.iTranslate","com.datacomprojects.scanandtranslate","com.deepl.mobiletranslator","com.zaz.translate","com.sayhi.android.sayhitranslate","camtranslator.voice.text.image.translate","com.b1b.translator.voicetranslate.alllanguages.translator.app","com.newmg.yurao.pro","com.softissimo.reverso.context"]},{"rank":{"index":9,"lang":"ja","country":"jp","chineseCountryName":"日本","pkg":"com.spaceship.screen.textcopy"},"orders":["com.recognize_text.translate.screen","com.niven.game","com.niven.translator","com.gaminik.i18n","com.microsoft.translator","com.tap_to_translate.snap_translate","com.screen.translate.google","com.google.android.apps.translate","com.spaceship.screen.textcopy","com.deepl.mobiletranslator","com.naver.labs.translator","com.niven.comic","com.datacomprojects.scanandtranslate","at.nk.tools.iTranslate","com.google.ar.lens","com.translate.talkingtranslator","com.zaz.translate","com.sayhi.android.sayhitranslate","com.tangdi.baiguotong","com.newmg.yurao.pro"]},{"rank":{"index":7,"lang":"ko","country":"kr","chineseCountryName":"韩国","pkg":"com.spaceship.screen.textcopy"},"orders":["com.recognize_text.translate.screen","com.tap_to_translate.snap_translate","com.gaminik.i18n","com.niven.translator","com.niven.game","com.screen.translate.google","com.spaceship.screen.textcopy","com.niven.comic","com.naver.labs.translator","com.microsoft.translator","com.google.android.apps.translate","com.newmg.yurao.pro","at.nk.tools.iTranslate","com.deepl.mobiletranslator","com.translate.talkingtranslator","com.image.camera.translate.ai","com.facebook.orca","com.discord","com.android.chrome","com.google.ar.lens"]},{"rank":{"index":10,"lang":"zh-hk","country":"hk","chineseCountryName":"香港","pkg":"com.spaceship.screen.textcopy"},"orders":["com.recognize_text.translate.screen","com.gaminik.i18n","com.niven.game","com.microsoft.translator","com.niven.translator","com.screen.translate.google","com.tap_to_translate.snap_translate","com.niven.comic","com.google.android.apps.translate","com.spaceship.screen.textcopy","at.nk.tools.iTranslate","com.image.camera.translate.ai","com.naver.labs.translator","com.newmg.yurao.pro","com.datacomprojects.scanandtranslate","com.tangdi.baiguotong","com.translate.talkingtranslator","com.zaz.translate","com.b1b.translator.voicetranslate.alllanguages.translator.app","com.android.chrome"]},{"rank":{"index":10,"lang":"zh-tw","country":"tw","chineseCountryName":"台湾","pkg":"com.spaceship.screen.textcopy"},"orders":["com.recognize_text.translate.screen","com.gaminik.i18n","com.niven.game","com.microsoft.translator","com.tap_to_translate.snap_translate","com.niven.translator","com.screen.translate.google","com.niven.comic","com.google.android.apps.translate","com.spaceship.screen.textcopy","at.nk.tools.iTranslate","com.image.camera.translate.ai","com.newmg.yurao.pro","com.naver.labs.translator","com.tangdi.baiguotong","com.datacomprojects.scanandtranslate","com.translate.talkingtranslator","com.zaz.translate","com.youdao.hindict","com.deepl.mobiletranslator"]},{"rank":{"index":5,"lang":"en","country":"in","chineseCountryName":"印度","pkg":"com.spaceship.screen.textcopy"},"orders":["com.recognize_text.translate.screen","com.google.android.apps.translate","com.tap_to_translate.snap_translate","com.niven.game","com.spaceship.screen.textcopy","com.sayhi.android.sayhitranslate","ru.yandex.translate","com.deepl.mobiletranslator","com.naver.labs.translator","com.google.ar.lens","com.translate.talkingtranslator","com.screen.translate.google","com.niven.translator","com.zaz.translate","com.newmg.yurao.pro","com.gaminik.i18n","com.niven.comic","com.datacomprojects.scanandtranslate","com.ticktalk.translatevoice","com.softissimo.reverso.context"]},{"rank":{"index":6,"lang":"id","country":"id","chineseCountryName":"印尼","pkg":"com.spaceship.screen.textcopy"},"orders":["com.recognize_text.translate.screen","com.tap_to_translate.snap_translate","com.niven.translator","com.niven.game","com.gaminik.i18n","com.spaceship.screen.textcopy","com.screen.translate.google","com.niven.comic","com.youdao.hindict","com.google.android.apps.translate","com.newmg.yurao.pro","com.microsoft.translator","at.nk.tools.iTranslate","com.naver.labs.translator"]},{"rank":{"index":4,"lang":"es-mx","country":"mx","chineseCountryName":"墨西哥","pkg":"com.spaceship.screen.textcopy"},"orders":["com.recognize_text.translate.screen","com.tap_to_translate.snap_translate","com.niven.game","com.spaceship.screen.textcopy","com.google.android.apps.translate","com.deepl.mobiletranslator","com.translate.talkingtranslator","ru.yandex.translate","com.naver.labs.translator","com.sayhi.android.sayhitranslate","com.softissimo.reverso.context","com.niven.translator","com.gaminik.i18n","com.screen.translate.google","com.youdao.hindict","com.niven.comic","com.newmg.yurao.pro","com.datacomprojects.scanandtranslate","com.wooask.zx","com.zaz.translate"]}]