[{"rank":{"index":2,"lang":"en-us","country":"us","chineseCountryName":"美国","pkg":"com.spaceship.screen.textcopy"},"orders":["com.recognize_text.translate.screen","com.spaceship.screen.textcopy","com.tap_to_translate.snap_translate","com.google.android.apps.translate","com.screen.translate.google","com.deepl.mobiletranslator","com.microsoft.translator","com.newmg.yurao.pro","com.niven.translator","com.gaminik.i18n","ru.yandex.translate","com.zaz.translate","com.naver.labs.translator","com.immersivetranslate.browser","at.nk.tools.iTranslate","com.youdao.hindict","com.google.ar.lens","com.niven.game","com.translate.talkingtranslator","photo.translate.camera.translator"]},{"rank":{"index":0,"lang":"ru","country":"ru","chineseCountryName":"俄罗斯","pkg":"com.spaceship.screen.textcopy"},"orders":["com.recognize_text.translate.screen","com.newmg.yurao.pro","com.tap_to_translate.snap_translate","com.niven.translator","com.gaminik.i18n","ru.yandex.translate","com.google.android.apps.translate","com.screen.translate.google","com.microsoft.translator","com.deepl.mobiletranslator","com.niven.game","com.zaz.translate","com.niven.apptranslate","com.immersivetranslate.browser","com.eecorp.linguago","photo.translate.camera.translator","com.voice_camera_free_translate","com.google.ar.lens","com.translate.talkingtranslator","com.android.chrome"]},{"rank":{"index":2,"lang":"pt-br","country":"br","chineseCountryName":"巴西","pkg":"com.spaceship.screen.textcopy"},"orders":["com.recognize_text.translate.screen","com.spaceship.screen.textcopy","com.tap_to_translate.snap_translate","com.newmg.yurao.pro","com.gaminik.i18n","com.google.android.apps.translate","com.microsoft.translator","com.zaz.translate","com.deepl.mobiletranslator","ru.yandex.translate","at.nk.tools.iTranslate","com.google.ar.lens","com.naver.labs.translator","com.translate.talkingtranslator","com.ticktalk.translatevoice","com.niven.translator","com.screen.translate.google","com.niven.apptranslate","screen.translator.voice.translate","com.niven.game"]},{"rank":{"index":2,"lang":"fr","country":"fr","chineseCountryName":"法国","pkg":"com.spaceship.screen.textcopy"},"orders":["com.recognize_text.translate.screen","com.spaceship.screen.textcopy","com.tap_to_translate.snap_translate","com.google.android.apps.translate","com.gaminik.i18n","com.newmg.yurao.pro","com.niven.translator","com.screen.translate.google","com.microsoft.translator","com.deepl.mobiletranslator","com.zaz.translate","ru.yandex.translate","com.translate.talkingtranslator","com.niven.apptranslate","com.immersivetranslate.browser","com.naver.labs.translator","com.niven.game","com.google.ar.lens","photo.translate.camera.translator","com.voice_camera_free_translate"]},{"rank":{"index":3,"lang":"en-gb","country":"gb","chineseCountryName":"英国","pkg":"com.spaceship.screen.textcopy"},"orders":["com.recognize_text.translate.screen","com.google.android.apps.translate","com.spaceship.screen.textcopy","com.deepl.mobiletranslator","com.microsoft.translator","com.newmg.yurao.pro","com.gaminik.i18n","com.zaz.translate","com.niven.translator","com.screen.translate.google","ru.yandex.translate"]},{"rank":{"index":2,"lang":"de","country":"de","chineseCountryName":"德国","pkg":"com.spaceship.screen.textcopy"},"orders":["com.recognize_text.translate.screen","com.spaceship.screen.textcopy","com.google.android.apps.translate","com.screen.translate.google","com.niven.translator","com.microsoft.translator","com.newmg.yurao.pro","com.gaminik.i18n","com.deepl.mobiletranslator"]},{"rank":{"index":2,"lang":"it","country":"it","chineseCountryName":"意大利","pkg":"com.spaceship.screen.textcopy"},"orders":["com.recognize_text.translate.screen","com.spaceship.screen.textcopy","com.tap_to_translate.snap_translate","com.google.android.apps.translate","com.screen.translate.google","com.gaminik.i18n","com.newmg.yurao.pro","com.niven.translator","com.microsoft.translator","com.deepl.mobiletranslator","ru.yandex.translate","com.zaz.translate"]},{"rank":{"index":2,"lang":"ja","country":"jp","chineseCountryName":"日本","pkg":"com.spaceship.screen.textcopy"},"orders":["com.recognize_text.translate.screen","com.spaceship.screen.textcopy","com.tap_to_translate.snap_translate","com.newmg.yurao.pro","com.gaminik.i18n","com.google.android.apps.translate","com.niven.translator","com.screen.translate.google","com.deepl.mobiletranslator","com.microsoft.translator","com.immersivetranslate.browser","ru.yandex.translate","com.naver.labs.translator","com.niven.apptranslate","com.google.ar.lens","com.niven.game","com.eecorp.linguago","com.zaz.translate","at.nk.tools.iTranslate","com.voice_camera_free_translate"]},{"rank":{"index":3,"lang":"ko","country":"kr","chineseCountryName":"韩国","pkg":"com.spaceship.screen.textcopy"},"orders":["com.recognize_text.translate.screen","com.tap_to_translate.snap_translate","com.spaceship.screen.textcopy","com.newmg.yurao.pro","com.niven.translator","com.gaminik.i18n","com.screen.translate.google","com.google.android.apps.translate","com.microsoft.translator","com.naver.labs.translator","com.niven.game","com.niven.apptranslate","com.deepl.mobiletranslator","com.zaz.translate","com.immersivetranslate.browser","ru.yandex.translate","com.translate.talkingtranslator","com.voice_camera_free_translate","com.eecorp.linguago","com.eecorp.taptranslator"]},{"rank":{"index":2,"lang":"zh-hk","country":"hk","chineseCountryName":"香港","pkg":"com.spaceship.screen.textcopy"},"orders":["com.recognize_text.translate.screen","com.spaceship.screen.textcopy","com.tap_to_translate.snap_translate","com.google.android.apps.translate","com.screen.translate.google","com.newmg.yurao.pro","com.gaminik.i18n","com.microsoft.translator"]},{"rank":{"index":2,"lang":"zh-tw","country":"tw","chineseCountryName":"台湾","pkg":"com.spaceship.screen.textcopy"},"orders":["com.recognize_text.translate.screen","com.spaceship.screen.textcopy","com.newmg.yurao.pro","com.google.android.apps.translate","com.screen.translate.google","com.gaminik.i18n","com.microsoft.translator","com.niven.translator","com.deepl.mobiletranslator"]},{"rank":{"index":3,"lang":"en","country":"in","chineseCountryName":"印度","pkg":"com.spaceship.screen.textcopy"},"orders":["com.recognize_text.translate.screen","com.google.android.apps.translate","com.spaceship.screen.textcopy","com.newmg.yurao.pro","com.zaz.translate","com.microsoft.translator"]},{"rank":{"index":3,"lang":"id","country":"id","chineseCountryName":"印尼","pkg":"com.spaceship.screen.textcopy"},"orders":["com.recognize_text.translate.screen","com.tap_to_translate.snap_translate","com.spaceship.screen.textcopy","com.gaminik.i18n","com.newmg.yurao.pro","com.niven.translator","com.google.android.apps.translate","com.screen.translate.google","com.niven.game","com.microsoft.translator","com.deepl.mobiletranslator","com.niven.apptranslate","com.zaz.translate","com.eecorp.linguago","ru.yandex.translate"]},{"rank":{"index":2,"lang":"es-mx","country":"mx","chineseCountryName":"墨西哥","pkg":"com.spaceship.screen.textcopy"},"orders":["com.recognize_text.translate.screen","com.spaceship.screen.textcopy","com.google.android.apps.translate","com.newmg.yurao.pro"]}]