[{"rank":{"index":2,"lang":"en-us","country":"us","chineseCountryName":"美国","pkg":"com.spaceship.screen.textcopy"},"orders":["com.recognize_text.translate.screen","com.spaceship.screen.textcopy","com.tap_to_translate.snap_translate","com.microsoft.translator","com.google.android.apps.translate","com.niven.translator","com.gaminik.i18n","com.newmg.yurao.pro","at.nk.tools.iTranslate","com.screen.translate.google","com.language.translate.free.translator.voice.translation","com.niven.game","com.google.ar.lens","com.translate.talkingtranslator","com.naver.labs.translator","com.niven.apptranslate","com.zaz.translate","com.voice_camera_free_translate","com.translate.language.translator.voice.translation","com.datacomprojects.scanandtranslate"]},{"rank":{"index":0,"lang":"ru","country":"ru","chineseCountryName":"俄罗斯","pkg":"com.spaceship.screen.textcopy"},"orders":["com.recognize_text.translate.screen","com.niven.translator","com.tap_to_translate.snap_translate","com.newmg.yurao.pro","com.microsoft.translator","com.gaminik.i18n","com.google.android.apps.translate","com.niven.game","ru.yandex.translate","com.language.translate.free.translator.voice.translation","com.screen.translate.google","com.datacomprojects.scanandtranslate","at.nk.tools.iTranslate","com.niven.apptranslate","com.google.ar.lens","com.traductorweb","com.deepl.mobiletranslator","com.tangdi.baiguotong","com.translate.talkingtranslator","com.mg.chat"]},{"rank":{"index":2,"lang":"pt-br","country":"br","chineseCountryName":"巴西","pkg":"com.spaceship.screen.textcopy"},"orders":["com.recognize_text.translate.screen","com.spaceship.screen.textcopy","com.tap_to_translate.snap_translate","com.gaminik.i18n","com.newmg.yurao.pro","com.niven.translator","com.microsoft.translator","com.google.android.apps.translate","com.screen.translate.google","com.niven.apptranslate","at.nk.tools.iTranslate","com.niven.game","com.translate.language.translator.voice.translation","com.audacityittranslator.translatetexttranslator","com.voice_camera_free_translate","com.language.translate.free.translator.voice.translation","com.android.chrome","com.openai.chatgpt","com.google.android.apps.photos","com.google.android.inputmethod.latin"]},{"rank":{"index":2,"lang":"fr","country":"fr","chineseCountryName":"法国","pkg":"com.spaceship.screen.textcopy"},"orders":["com.recognize_text.translate.screen","com.spaceship.screen.textcopy","com.tap_to_translate.snap_translate","com.newmg.yurao.pro","com.microsoft.translator","com.gaminik.i18n","com.niven.translator","com.google.android.apps.translate","com.screen.translate.google","at.nk.tools.iTranslate","com.niven.apptranslate","com.language.translate.free.translator.voice.translation","com.google.ar.lens","com.translate.talkingtranslator","com.niven.game","com.audacityittranslator.translatetexttranslator","ru.yandex.translate","com.voice_camera_free_translate","com.deepl.mobiletranslator","com.tangdi.baiguotong"]},{"rank":{"index":2,"lang":"en-gb","country":"gb","chineseCountryName":"英国","pkg":"com.spaceship.screen.textcopy"},"orders":["com.recognize_text.translate.screen","com.spaceship.screen.textcopy","com.tap_to_translate.snap_translate","com.microsoft.translator","com.google.android.apps.translate","com.newmg.yurao.pro","com.gaminik.i18n","com.niven.translator","at.nk.tools.iTranslate","com.google.ar.lens","com.language.translate.free.translator.voice.translation","com.screen.translate.google","com.niven.game","com.translate.talkingtranslator","com.zaz.translate","com.niven.apptranslate","com.datacomprojects.scanandtranslate","com.naver.labs.translator","com.voice_camera_free_translate","com.deepl.mobiletranslator"]},{"rank":{"index":2,"lang":"de","country":"de","chineseCountryName":"德国","pkg":"com.spaceship.screen.textcopy"},"orders":["com.recognize_text.translate.screen","com.spaceship.screen.textcopy","com.tap_to_translate.snap_translate","com.microsoft.translator","com.newmg.yurao.pro","com.niven.translator","com.gaminik.i18n","com.google.android.apps.translate","com.screen.translate.google","at.nk.tools.iTranslate","com.niven.game","com.language.translate.free.translator.voice.translation","com.niven.apptranslate","com.translate.talkingtranslator","ru.yandex.translate","com.google.ar.lens","com.deepl.mobiletranslator","com.audacityittranslator.translatetexttranslator","com.tangdi.baiguotong","com.voice_camera_free_translate"]},{"rank":{"index":2,"lang":"it","country":"it","chineseCountryName":"意大利","pkg":"com.spaceship.screen.textcopy"},"orders":["com.recognize_text.translate.screen","com.spaceship.screen.textcopy","com.tap_to_translate.snap_translate","com.gaminik.i18n","com.newmg.yurao.pro","com.microsoft.translator","com.niven.translator","com.google.android.apps.translate","com.screen.translate.google","at.nk.tools.iTranslate","com.niven.game","com.niven.apptranslate","com.google.ar.lens","com.language.translate.free.translator.voice.translation","com.tangdi.baiguotong","com.audacityittranslator.translatetexttranslator","com.deepl.mobiletranslator","ru.yandex.translate","com.translate.talkingtranslator","com.voice_camera_free_translate"]},{"rank":{"index":2,"lang":"ja","country":"jp","chineseCountryName":"日本","pkg":"com.spaceship.screen.textcopy"},"orders":["com.recognize_text.translate.screen","com.spaceship.screen.textcopy","com.tap_to_translate.snap_translate","com.niven.translator","com.microsoft.translator","com.newmg.yurao.pro","com.gaminik.i18n","com.google.android.apps.translate","com.google.ar.lens","com.screen.translate.google","com.niven.game","at.nk.tools.iTranslate","com.naver.labs.translator","com.translate.talkingtranslator","com.language.translate.free.translator.voice.translation"]},{"rank":{"index":2,"lang":"ko","country":"kr","chineseCountryName":"韩国","pkg":"com.spaceship.screen.textcopy"},"orders":["com.recognize_text.translate.screen","com.spaceship.screen.textcopy","com.newmg.yurao.pro","com.tap_to_translate.snap_translate","com.microsoft.translator","com.google.android.apps.translate","com.niven.translator","com.gaminik.i18n","com.naver.labs.translator","at.nk.tools.iTranslate","com.language.translate.free.translator.voice.translation","com.screen.translate.google","com.niven.game","com.google.ar.lens","com.niven.apptranslate","com.translate.talkingtranslator","com.datacomprojects.scanandtranslate","com.deepl.mobiletranslator","jp.go.nict.voicetra","com.audacityittranslator.translatetexttranslator"]},{"rank":{"index":2,"lang":"zh-hk","country":"hk","chineseCountryName":"香港","pkg":"com.spaceship.screen.textcopy"},"orders":["com.recognize_text.translate.screen","com.spaceship.screen.textcopy","com.microsoft.translator","com.google.android.apps.translate","com.tap_to_translate.snap_translate","com.newmg.yurao.pro","com.gaminik.i18n","com.niven.translator","at.nk.tools.iTranslate","com.screen.translate.google","com.google.ar.lens","com.language.translate.free.translator.voice.translation","com.naver.labs.translator","jp.go.nict.voicetra","com.translate.talkingtranslator","com.niven.game","com.niven.apptranslate","com.deepl.mobiletranslator","com.datacomprojects.scanandtranslate","com.tangdi.baiguotong"]},{"rank":{"index":2,"lang":"zh-tw","country":"tw","chineseCountryName":"台湾","pkg":"com.spaceship.screen.textcopy"},"orders":["com.recognize_text.translate.screen","com.spaceship.screen.textcopy","com.microsoft.translator","com.newmg.yurao.pro","com.google.android.apps.translate","com.gaminik.i18n","com.tap_to_translate.snap_translate","com.niven.translator","at.nk.tools.iTranslate","com.niven.game","com.translate.talkingtranslator","com.screen.translate.google","com.language.translate.free.translator.voice.translation","com.naver.labs.translator","com.google.ar.lens","jp.go.nict.voicetra","com.niven.apptranslate","com.youdao.hindict","com.translate.language.translator.voice.translation","com.datacomprojects.scanandtranslate"]},{"rank":{"index":2,"lang":"en","country":"in","chineseCountryName":"印度","pkg":"com.spaceship.screen.textcopy"},"orders":["com.recognize_text.translate.screen","com.spaceship.screen.textcopy","com.tap_to_translate.snap_translate"]},{"rank":{"index":2,"lang":"id","country":"id","chineseCountryName":"印尼","pkg":"com.spaceship.screen.textcopy"},"orders":["com.recognize_text.translate.screen","com.spaceship.screen.textcopy","com.tap_to_translate.snap_translate","com.niven.translator","com.gaminik.i18n","com.newmg.yurao.pro","com.niven.game","com.microsoft.translator","com.screen.translate.google","com.google.android.apps.translate","at.nk.tools.iTranslate"]},{"rank":{"index":2,"lang":"es-mx","country":"mx","chineseCountryName":"墨西哥","pkg":"com.spaceship.screen.textcopy"},"orders":["com.recognize_text.translate.screen","com.spaceship.screen.textcopy","com.tap_to_translate.snap_translate","com.newmg.yurao.pro","com.niven.translator","com.gaminik.i18n","com.microsoft.translator","com.screen.translate.google","com.google.android.apps.translate","at.nk.tools.iTranslate","com.niven.apptranslate","com.niven.game","com.google.ar.lens","com.voice_camera_free_translate","com.android.chrome","com.google.android.apps.photos","com.language.translate.free.translator.voice.translation","com.deepl.mobiletranslator","com.openai.chatgpt","com.google.android.apps.maps"]}]