[{"rank":{"index":2,"lang":"en-us","country":"us","chineseCountryName":"美国","pkg":"com.spaceship.screen.textcopy"},"orders":["com.recognize_text.translate.screen","com.spaceship.screen.textcopy","com.newmg.yurao.pro","com.gaminik.i18n","com.microsoft.translator","com.deepl.mobiletranslator","com.niven.translator","com.google.android.apps.translate","com.tap_to_translate.snap_translate","com.niven.game","com.immersivetranslate.browser","com.naver.labs.translator","com.eecorp.linguago","com.zaz.translate","com.translate.talkingtranslator","at.nk.tools.iTranslate","com.language.translate.free.translator.voice.translation","com.niven.apptranslate","com.screen.translate.google","com.eecorp.taptranslator"]},{"rank":{"index":0,"lang":"ru","country":"ru","chineseCountryName":"俄罗斯","pkg":"com.spaceship.screen.textcopy"},"orders":["com.recognize_text.translate.screen","com.newmg.yurao.pro","com.tap_to_translate.snap_translate","com.microsoft.translator","com.niven.translator","com.gaminik.i18n","com.google.android.apps.translate","ru.yandex.translate","com.deepl.mobiletranslator","com.niven.game","com.immersivetranslate.browser","com.zaz.translate","com.niven.apptranslate","com.eecorp.linguago","com.screen.translate.google","at.nk.tools.iTranslate","com.translate.talkingtranslator","photo.translate.camera.translator","com.kursx.smartbook","com.language.translate.free.translator.voice.translation"]},{"rank":{"index":2,"lang":"pt-br","country":"br","chineseCountryName":"巴西","pkg":"com.spaceship.screen.textcopy"},"orders":["com.recognize_text.translate.screen","com.spaceship.screen.textcopy","com.newmg.yurao.pro","com.gaminik.i18n","com.microsoft.translator","com.niven.translator","com.tap_to_translate.snap_translate","com.google.android.apps.translate","com.deepl.mobiletranslator","com.niven.game","com.eecorp.linguago","com.immersivetranslate.browser","com.zaz.translate","com.niven.apptranslate","com.eecorp.taptranslator","com.screen.translate.google","at.nk.tools.iTranslate","ru.yandex.translate","com.tangdi.baiguotong","com.mg.chat"]},{"rank":{"index":2,"lang":"fr","country":"fr","chineseCountryName":"法国","pkg":"com.spaceship.screen.textcopy"},"orders":["com.recognize_text.translate.screen","com.spaceship.screen.textcopy","com.newmg.yurao.pro","com.tap_to_translate.snap_translate","com.microsoft.translator","com.gaminik.i18n","com.niven.translator","com.deepl.mobiletranslator","com.google.android.apps.translate","com.eecorp.linguago","com.zaz.translate","com.immersivetranslate.browser","com.niven.apptranslate","com.niven.game","com.eecorp.taptranslator","com.screen.translate.google","com.translate.talkingtranslator","com.naver.labs.translator","at.nk.tools.iTranslate","com.softissimo.reverso.context"]},{"rank":{"index":2,"lang":"en-gb","country":"gb","chineseCountryName":"英国","pkg":"com.spaceship.screen.textcopy"},"orders":["com.recognize_text.translate.screen","com.spaceship.screen.textcopy","com.microsoft.translator","com.newmg.yurao.pro","com.google.android.apps.translate","com.gaminik.i18n","com.deepl.mobiletranslator","com.niven.translator","com.tap_to_translate.snap_translate","com.zaz.translate","com.immersivetranslate.browser","com.naver.labs.translator","ru.yandex.translate","at.nk.tools.iTranslate","com.niven.game"]},{"rank":{"index":2,"lang":"de","country":"de","chineseCountryName":"德国","pkg":"com.spaceship.screen.textcopy"},"orders":["com.recognize_text.translate.screen","com.spaceship.screen.textcopy","com.newmg.yurao.pro","com.gaminik.i18n","com.microsoft.translator","com.niven.translator","com.deepl.mobiletranslator","com.tap_to_translate.snap_translate","com.google.android.apps.translate","com.immersivetranslate.browser","com.eecorp.linguago","com.zaz.translate","com.niven.game","com.translate.talkingtranslator","ru.yandex.translate"]},{"rank":{"index":2,"lang":"it","country":"it","chineseCountryName":"意大利","pkg":"com.spaceship.screen.textcopy"},"orders":["com.recognize_text.translate.screen","com.spaceship.screen.textcopy","com.newmg.yurao.pro","com.gaminik.i18n","com.microsoft.translator","com.tap_to_translate.snap_translate","com.deepl.mobiletranslator","com.niven.translator","com.google.android.apps.translate","com.eecorp.linguago","com.immersivetranslate.browser","com.niven.game","com.zaz.translate","com.eecorp.taptranslator"]},{"rank":{"index":2,"lang":"ja","country":"jp","chineseCountryName":"日本","pkg":"com.spaceship.screen.textcopy"},"orders":["com.recognize_text.translate.screen","com.spaceship.screen.textcopy","com.newmg.yurao.pro","com.tap_to_translate.snap_translate","com.gaminik.i18n","com.niven.translator","com.microsoft.translator","com.eecorp.linguago","com.niven.apptranslate","com.screen.translate.google","com.immersivetranslate.browser","com.eecorp.taptranslator","com.niven.game","com.google.android.apps.translate","com.deepl.mobiletranslator","com.naver.labs.translator","com.google.ar.lens","com.screen.translator.text.recognize","com.gyaser.screen.translator","com.google.android.apps.maps"]},{"rank":{"index":2,"lang":"ko","country":"kr","chineseCountryName":"韩国","pkg":"com.spaceship.screen.textcopy"},"orders":["com.recognize_text.translate.screen","com.spaceship.screen.textcopy","com.microsoft.translator","com.newmg.yurao.pro","com.google.android.apps.translate","com.naver.labs.translator","com.gaminik.i18n","com.niven.translator","com.tap_to_translate.snap_translate","com.deepl.mobiletranslator","com.immersivetranslate.browser","com.niven.game","at.nk.tools.iTranslate","com.zaz.translate","com.translate.talkingtranslator"]},{"rank":{"index":2,"lang":"zh-hk","country":"hk","chineseCountryName":"香港","pkg":"com.spaceship.screen.textcopy"},"orders":["com.recognize_text.translate.screen","com.spaceship.screen.textcopy","com.tap_to_translate.snap_translate","com.newmg.yurao.pro","com.microsoft.translator","com.gaminik.i18n","com.google.android.apps.translate","com.niven.translator","com.immersivetranslate.browser","com.deepl.mobiletranslator","com.naver.labs.translator","com.niven.game","at.nk.tools.iTranslate","com.eecorp.linguago","com.zaz.translate","ru.yandex.translate","com.translate.talkingtranslator","com.language.translate.free.translator.voice.translation","com.screen.translate.google","com.niven.apptranslate"]},{"rank":{"index":2,"lang":"zh-tw","country":"tw","chineseCountryName":"台湾","pkg":"com.spaceship.screen.textcopy"},"orders":["com.recognize_text.translate.screen","com.spaceship.screen.textcopy","com.microsoft.translator","com.newmg.yurao.pro","com.gaminik.i18n","com.google.android.apps.translate","com.niven.translator","com.immersivetranslate.browser","com.tap_to_translate.snap_translate","com.naver.labs.translator","com.deepl.mobiletranslator","com.niven.game","at.nk.tools.iTranslate","com.translate.talkingtranslator","com.zaz.translate","com.eecorp.linguago","com.screen.translate.google","com.softissimo.reverso.context","ru.yandex.translate","com.language.translate.free.translator.voice.translation"]},{"rank":{"index":3,"lang":"en","country":"in","chineseCountryName":"印度","pkg":"com.spaceship.screen.textcopy"},"orders":["com.recognize_text.translate.screen","com.google.android.apps.translate","com.spaceship.screen.textcopy","com.newmg.yurao.pro","com.zaz.translate","com.microsoft.translator"]},{"rank":{"index":2,"lang":"id","country":"id","chineseCountryName":"印尼","pkg":"com.spaceship.screen.textcopy"},"orders":["com.recognize_text.translate.screen","com.spaceship.screen.textcopy","com.tap_to_translate.snap_translate","com.gaminik.i18n","com.niven.translator","com.newmg.yurao.pro","com.microsoft.translator","com.google.android.apps.translate","com.youdao.hindict","com.deepl.mobiletranslator","com.niven.game","com.eecorp.linguago","com.immersivetranslate.browser","com.eecorp.taptranslator","com.screen.translate.google"]},{"rank":{"index":2,"lang":"es-mx","country":"mx","chineseCountryName":"墨西哥","pkg":"com.spaceship.screen.textcopy"},"orders":["com.recognize_text.translate.screen","com.spaceship.screen.textcopy","com.newmg.yurao.pro","com.gaminik.i18n","com.microsoft.translator","com.niven.translator","com.deepl.mobiletranslator","com.tap_to_translate.snap_translate","com.google.android.apps.translate","com.immersivetranslate.browser","com.niven.game","com.eecorp.linguago","com.zaz.translate","at.nk.tools.iTranslate"]}]