[{"rank":{"index":2,"lang":"en-us","country":"us","chineseCountryName":"美国","pkg":"com.spaceship.screen.textcopy"},"orders":["com.recognize_text.translate.screen","com.spaceship.screen.textcopy","com.tap_to_translate.snap_translate","com.gaminik.i18n","com.google.android.apps.translate","com.microsoft.translator","com.newmg.yurao.pro","com.niven.translator","com.niven.game","com.translate.talkingtranslator","com.eecorp.taptranslator","com.niven.comic","com.naver.labs.translator","at.nk.tools.iTranslate","com.datacomprojects.scanandtranslate","com.niven.apptranslate","screen.translator.voice.translate","com.translate.language.translator.voice.translation","com.sayhi.android.sayhitranslate","com.mobisystems.msdict.embedded.wireless.collins.ee"]},{"rank":{"index":2,"lang":"ru","country":"ru","chineseCountryName":"俄罗斯","pkg":"com.spaceship.screen.textcopy"},"orders":["com.recognize_text.translate.screen","com.spaceship.screen.textcopy","com.tap_to_translate.snap_translate","com.gaminik.i18n","com.niven.translator","com.niven.game","com.microsoft.translator","com.newmg.yurao.pro","com.google.android.apps.translate","ru.yandex.translate","com.niven.comic","com.niven.apptranslate","com.translate.talkingtranslator","com.datacomprojects.scanandtranslate","at.nk.tools.iTranslate","com.screen.translate.google","com.eecorp.linguago","com.translate.language.translator.voice.translation","com.youdao.hindict","com.kursx.smartbook"]},{"rank":{"index":2,"lang":"pt-br","country":"br","chineseCountryName":"巴西","pkg":"com.spaceship.screen.textcopy"},"orders":["com.recognize_text.translate.screen","com.spaceship.screen.textcopy","com.tap_to_translate.snap_translate","com.gaminik.i18n","com.niven.translator","com.niven.game","com.newmg.yurao.pro","com.niven.comic","com.google.android.apps.translate","com.eecorp.taptranslator","screen.translator.voice.translate","com.skype.raider","com.translate.talkingtranslator","com.google.android.apps.photos","us.zoom.videomeetings","com.android.chrome","com.translate.language.translator.voice.translation","com.microsoft.translator","com.google.android.apps.maps","com.google.android.apps.docs"]},{"rank":{"index":2,"lang":"fr","country":"fr","chineseCountryName":"法国","pkg":"com.spaceship.screen.textcopy"},"orders":["com.recognize_text.translate.screen","com.spaceship.screen.textcopy","com.gaminik.i18n","com.newmg.yurao.pro","com.tap_to_translate.snap_translate","com.niven.translator","com.niven.game","screen.translator.voice.translate","com.translate.talkingtranslator","com.niven.comic","com.dftpdf.translate","com.microsoft.translator","com.google.android.apps.translate","com.eecorp.taptranslator","com.niven.apptranslate","com.google.ar.lens","com.datacomprojects.scanandtranslate","com.translate.language.translator.voice.translation","com.naver.labs.translator","com.ticktalk.translatevoice"]},{"rank":{"index":2,"lang":"en-gb","country":"gb","chineseCountryName":"英国","pkg":"com.spaceship.screen.textcopy"},"orders":["com.recognize_text.translate.screen","com.spaceship.screen.textcopy","com.tap_to_translate.snap_translate","com.gaminik.i18n","com.microsoft.translator","com.google.android.apps.translate","com.niven.translator","com.niven.game","screen.translator.voice.translate","com.newmg.yurao.pro","com.translate.talkingtranslator","com.niven.comic","com.zaz.translate","com.naver.labs.translator","at.nk.tools.iTranslate","com.eecorp.taptranslator","com.niven.apptranslate","com.youdao.hindict","com.sayhi.android.sayhitranslate","com.datacomprojects.scanandtranslate"]},{"rank":{"index":2,"lang":"de","country":"de","chineseCountryName":"德国","pkg":"com.spaceship.screen.textcopy"},"orders":["com.recognize_text.translate.screen","com.spaceship.screen.textcopy","com.tap_to_translate.snap_translate","com.gaminik.i18n","com.newmg.yurao.pro","com.niven.translator","com.niven.game","com.translate.talkingtranslator","com.niven.comic","com.microsoft.translator","com.google.android.apps.translate","com.eecorp.taptranslator","com.dftpdf.translate","com.niven.apptranslate","com.deepl.mobiletranslator","com.datacomprojects.scanandtranslate","com.translate.language.translator.voice.translation","com.audacityittranslator.translatetexttranslator","at.nk.tools.iTranslate","com.sayhi.android.sayhitranslate"]},{"rank":{"index":2,"lang":"it","country":"it","chineseCountryName":"意大利","pkg":"com.spaceship.screen.textcopy"},"orders":["com.recognize_text.translate.screen","com.spaceship.screen.textcopy","com.gaminik.i18n","screen.translator.voice.translate","com.newmg.yurao.pro","com.tap_to_translate.snap_translate","com.niven.translator","com.niven.game","com.translate.talkingtranslator","com.niven.comic","com.google.android.apps.translate","com.microsoft.translator","com.dftpdf.translate","com.translate.language.translator.voice.translation","com.niven.apptranslate","at.nk.tools.iTranslate","com.eecorp.taptranslator","com.google.ar.lens","com.deepl.mobiletranslator","com.softissimo.reverso.context"]},{"rank":{"index":1,"lang":"ja","country":"jp","chineseCountryName":"日本","pkg":"com.spaceship.screen.textcopy"},"orders":["com.spaceship.screen.textcopy","com.recognize_text.translate.screen","com.gaminik.i18n","com.newmg.yurao.pro","com.niven.translator","com.niven.game","com.tap_to_translate.snap_translate","com.translate.talkingtranslator","com.niven.apptranslate","com.google.android.apps.translate","com.deepl.mobiletranslator","com.niven.comic","com.naver.labs.translator","com.microsoft.translator","com.google.ar.lens","com.discord","com.screen.translate.google","us.zoom.videomeetings","com.google.android.apps.maps","com.android.chrome"]},{"rank":{"index":2,"lang":"ko","country":"kr","chineseCountryName":"韩国","pkg":"com.spaceship.screen.textcopy"},"orders":["com.recognize_text.translate.screen","com.spaceship.screen.textcopy","com.tap_to_translate.snap_translate","com.microsoft.translator","com.gaminik.i18n","com.newmg.yurao.pro","com.google.android.apps.translate","com.naver.labs.translator","com.niven.translator","com.niven.game","com.translate.talkingtranslator","com.dftpdf.translate","com.niven.comic","com.youdao.hindict","com.translate.language.translator.voice.translation","jp.go.nict.voicetra","com.niven.apptranslate","com.datacomprojects.scanandtranslate","com.flitto.app","com.google.ar.lens"]},{"rank":{"index":2,"lang":"zh-hk","country":"hk","chineseCountryName":"香港","pkg":"com.spaceship.screen.textcopy"},"orders":["com.recognize_text.translate.screen","com.spaceship.screen.textcopy","com.tap_to_translate.snap_translate","com.gaminik.i18n","com.microsoft.translator","com.newmg.yurao.pro","com.google.android.apps.translate","com.niven.translator","com.niven.game","com.translate.talkingtranslator","com.niven.comic","at.nk.tools.iTranslate","com.naver.labs.translator","com.google.ar.lens","com.translate.language.translator.voice.translation","com.youdao.hindict","com.eecorp.taptranslator","com.screen.translate.google","com.datacomprojects.scanandtranslate","com.niven.apptranslate"]},{"rank":{"index":2,"lang":"zh-tw","country":"tw","chineseCountryName":"台湾","pkg":"com.spaceship.screen.textcopy"},"orders":["com.recognize_text.translate.screen","com.spaceship.screen.textcopy","com.tap_to_translate.snap_translate","com.gaminik.i18n","com.microsoft.translator","com.niven.game","com.google.android.apps.translate","com.niven.translator","com.translate.talkingtranslator","com.newmg.yurao.pro","com.naver.labs.translator","com.niven.comic","com.translate.language.translator.voice.translation","at.nk.tools.iTranslate","com.niven.apptranslate","com.eecorp.taptranslator","com.youdao.hindict","com.google.ar.lens","com.tangdi.baiguotong","com.datacomprojects.scanandtranslate"]},{"rank":{"index":3,"lang":"en","country":"in","chineseCountryName":"印度","pkg":"com.spaceship.screen.textcopy"},"orders":["com.recognize_text.translate.screen","com.tap_to_translate.snap_translate","com.spaceship.screen.textcopy","com.google.android.apps.translate","com.microsoft.translator","com.gaminik.i18n"]},{"rank":{"index":1,"lang":"id","country":"id","chineseCountryName":"印尼","pkg":"com.spaceship.screen.textcopy"},"orders":["com.spaceship.screen.textcopy","com.recognize_text.translate.screen","com.tap_to_translate.snap_translate","com.gaminik.i18n","com.newmg.yurao.pro","com.niven.translator","com.niven.game","com.youdao.hindict","com.niven.comic","com.translate.talkingtranslator","com.naver.labs.translator","com.google.android.apps.accessibility.voiceaccess","com.google.android.apps.translate"]},{"rank":{"index":2,"lang":"es-mx","country":"mx","chineseCountryName":"墨西哥","pkg":"com.spaceship.screen.textcopy"},"orders":["com.recognize_text.translate.screen","com.spaceship.screen.textcopy","com.gaminik.i18n","com.niven.translator","com.niven.comic","com.tap_to_translate.snap_translate","com.niven.game","com.newmg.yurao.pro","com.translate.language.translator.voice.translation","com.translate.talkingtranslator","com.youdao.hindict","com.google.android.apps.translate","com.microsoft.translator","com.eecorp.taptranslator","at.nk.tools.iTranslate","com.niven.apptranslate","com.naver.labs.translator","com.google.android.apps.photos","com.deepl.mobiletranslator","com.google.android.apps.maps"]}]