[{"rank":{"index":2,"lang":"en-us","country":"us","chineseCountryName":"美国","pkg":"com.spaceship.screen.textcopy"},"orders":["com.recognize_text.translate.screen","com.spaceship.screen.textcopy","com.newmg.yurao.pro","com.gaminik.i18n","com.google.android.apps.translate","com.microsoft.translator","com.niven.translator","com.youdao.hindict","com.tap_to_translate.snap_translate","com.deepl.mobiletranslator","com.zaz.translate","at.nk.tools.iTranslate","com.niven.game","com.eecorp.linguago","com.datacomprojects.scanandtranslate","com.naver.labs.translator","com.immersivetranslate.browser","live.screentranslate.realtime","com.translate.talkingtranslator","com.screen.translate.google"]},{"rank":{"index":0,"lang":"ru","country":"ru","chineseCountryName":"俄罗斯","pkg":"com.spaceship.screen.textcopy"},"orders":["com.recognize_text.translate.screen","com.tap_to_translate.snap_translate","com.newmg.yurao.pro","com.google.android.apps.translate","com.niven.translator","com.microsoft.translator","com.gaminik.i18n","ru.yandex.translate","com.deepl.mobiletranslator","com.niven.game","com.zaz.translate","com.datacomprojects.scanandtranslate","com.youdao.hindict","at.nk.tools.iTranslate","com.immersivetranslate.browser","photo.translate.camera.translator","live.screentranslate.realtime","com.voice_camera_free_translate","com.screen.translate.google","com.eecorp.linguago"]},{"rank":{"index":2,"lang":"pt-br","country":"br","chineseCountryName":"巴西","pkg":"com.spaceship.screen.textcopy"},"orders":["com.recognize_text.translate.screen","com.spaceship.screen.textcopy","com.gaminik.i18n","com.newmg.yurao.pro","com.microsoft.translator","com.niven.translator","com.google.android.apps.translate","com.tap_to_translate.snap_translate","com.youdao.hindict","com.zaz.translate","com.niven.game","com.deepl.mobiletranslator","at.nk.tools.iTranslate","live.screentranslate.realtime","com.eecorp.linguago","com.niven.apptranslate","com.immersivetranslate.browser","com.screen.translate.google","com.datacomprojects.scanandtranslate","camtranslator.voice.text.image.translate"]},{"rank":{"index":2,"lang":"fr","country":"fr","chineseCountryName":"法国","pkg":"com.spaceship.screen.textcopy"},"orders":["com.recognize_text.translate.screen","com.spaceship.screen.textcopy","com.tap_to_translate.snap_translate","com.newmg.yurao.pro","com.microsoft.translator","com.gaminik.i18n","com.google.android.apps.translate","com.zaz.translate","com.niven.translator","com.deepl.mobiletranslator","com.niven.game","at.nk.tools.iTranslate","live.screentranslate.realtime","camtranslator.voice.text.image.translate","com.eecorp.linguago","com.voice_camera_free_translate","com.datacomprojects.scanandtranslate","com.screen.translate.google","com.niven.apptranslate","com.translate.talkingtranslator"]},{"rank":{"index":2,"lang":"en-gb","country":"gb","chineseCountryName":"英国","pkg":"com.spaceship.screen.textcopy"},"orders":["com.recognize_text.translate.screen","com.spaceship.screen.textcopy","com.newmg.yurao.pro","com.tap_to_translate.snap_translate","com.google.android.apps.translate","com.microsoft.translator","com.niven.translator","com.gaminik.i18n","com.youdao.hindict","com.zaz.translate","com.deepl.mobiletranslator","at.nk.tools.iTranslate","com.niven.game","com.datacomprojects.scanandtranslate","live.screentranslate.realtime","com.eecorp.linguago","com.voice_camera_free_translate","photo.translate.camera.translator","com.immersivetranslate.browser","com.translate.talkingtranslator"]},{"rank":{"index":2,"lang":"de","country":"de","chineseCountryName":"德国","pkg":"com.spaceship.screen.textcopy"},"orders":["com.recognize_text.translate.screen","com.spaceship.screen.textcopy","com.gaminik.i18n","com.newmg.yurao.pro","com.microsoft.translator","com.google.android.apps.translate","com.niven.translator","com.tap_to_translate.snap_translate","com.deepl.mobiletranslator","com.niven.game","com.zaz.translate","at.nk.tools.iTranslate","com.eecorp.linguago","ru.yandex.translate","com.datacomprojects.scanandtranslate","com.screen.translate.google","com.immersivetranslate.browser","com.youdao.hindict","com.tangdi.baiguotong","photo.translate.camera.translator"]},{"rank":{"index":2,"lang":"it","country":"it","chineseCountryName":"意大利","pkg":"com.spaceship.screen.textcopy"},"orders":["com.recognize_text.translate.screen","com.spaceship.screen.textcopy","com.newmg.yurao.pro","com.gaminik.i18n","com.google.android.apps.translate","com.microsoft.translator","com.niven.translator","com.tap_to_translate.snap_translate","com.deepl.mobiletranslator","com.zaz.translate","com.niven.game","com.youdao.hindict","at.nk.tools.iTranslate","com.datacomprojects.scanandtranslate"]},{"rank":{"index":2,"lang":"ja","country":"jp","chineseCountryName":"日本","pkg":"com.spaceship.screen.textcopy"},"orders":["com.recognize_text.translate.screen","com.spaceship.screen.textcopy","com.newmg.yurao.pro","com.tap_to_translate.snap_translate","com.gaminik.i18n","com.microsoft.translator","com.google.android.apps.translate","com.niven.translator","com.deepl.mobiletranslator","com.niven.game","com.google.ar.lens","com.eecorp.linguago","com.screen.translate.google","com.naver.labs.translator"]},{"rank":{"index":2,"lang":"ko","country":"kr","chineseCountryName":"韩国","pkg":"com.spaceship.screen.textcopy"},"orders":["com.recognize_text.translate.screen","com.spaceship.screen.textcopy","com.newmg.yurao.pro","com.google.android.apps.translate","com.tap_to_translate.snap_translate","com.microsoft.translator","com.gaminik.i18n","com.niven.translator","com.naver.labs.translator","com.youdao.hindict","com.niven.game","com.zaz.translate","com.immersivetranslate.browser","com.datacomprojects.scanandtranslate","at.nk.tools.iTranslate","com.translate.talkingtranslator","com.eecorp.linguago","com.deepl.mobiletranslator","live.screentranslate.realtime","photo.translate.camera.translator"]},{"rank":{"index":2,"lang":"zh-hk","country":"hk","chineseCountryName":"香港","pkg":"com.spaceship.screen.textcopy"},"orders":["com.recognize_text.translate.screen","com.spaceship.screen.textcopy","com.microsoft.translator","com.gaminik.i18n","com.google.android.apps.translate","com.newmg.yurao.pro","com.niven.translator","com.tap_to_translate.snap_translate","com.immersivetranslate.browser","com.niven.game","com.zaz.translate","com.youdao.hindict","at.nk.tools.iTranslate","com.deepl.mobiletranslator","com.naver.labs.translator","com.datacomprojects.scanandtranslate","com.eecorp.linguago","live.screentranslate.realtime","com.tangdi.baiguotong","com.screen.translate.google"]},{"rank":{"index":2,"lang":"zh-tw","country":"tw","chineseCountryName":"台湾","pkg":"com.spaceship.screen.textcopy"},"orders":["com.recognize_text.translate.screen","com.spaceship.screen.textcopy","com.microsoft.translator","com.newmg.yurao.pro","com.google.android.apps.translate","com.gaminik.i18n","com.niven.translator","com.tap_to_translate.snap_translate","com.youdao.hindict","com.niven.game","com.immersivetranslate.browser","com.naver.labs.translator","at.nk.tools.iTranslate","com.zaz.translate","com.deepl.mobiletranslator","com.translate.talkingtranslator","com.eecorp.linguago","live.screentranslate.realtime","com.datacomprojects.scanandtranslate","com.screen.translate.google"]},{"rank":{"index":3,"lang":"en","country":"in","chineseCountryName":"印度","pkg":"com.spaceship.screen.textcopy"},"orders":["com.recognize_text.translate.screen","com.google.android.apps.translate","com.spaceship.screen.textcopy","com.zaz.translate","com.newmg.yurao.pro"]},{"rank":{"index":2,"lang":"id","country":"id","chineseCountryName":"印尼","pkg":"com.spaceship.screen.textcopy"},"orders":["com.recognize_text.translate.screen","com.spaceship.screen.textcopy","com.tap_to_translate.snap_translate","com.niven.translator","com.newmg.yurao.pro","com.gaminik.i18n","com.youdao.hindict","com.google.android.apps.translate","com.niven.game","com.microsoft.translator","com.zaz.translate","com.deepl.mobiletranslator"]},{"rank":{"index":2,"lang":"es-mx","country":"mx","chineseCountryName":"墨西哥","pkg":"com.spaceship.screen.textcopy"},"orders":["com.recognize_text.translate.screen","com.spaceship.screen.textcopy","com.newmg.yurao.pro","com.gaminik.i18n","com.niven.translator","com.google.android.apps.translate","com.microsoft.translator","com.tap_to_translate.snap_translate","com.youdao.hindict","com.deepl.mobiletranslator","com.niven.game","com.zaz.translate","at.nk.tools.iTranslate","live.screentranslate.realtime"]}]