[{"rank":{"index":2,"lang":"en-us","country":"us","chineseCountryName":"美国","pkg":"com.spaceship.screen.textcopy"},"orders":["com.recognize_text.translate.screen","com.spaceship.screen.textcopy","com.gaminik.i18n","com.microsoft.translator","com.mg.yurao.google","com.google.android.apps.translate","com.tap_to_translate.snap_translate","screen.translator.voice.translate","com.niven.game","com.newmg.yurao.pro","com.niven.translator","com.naver.labs.translator","com.translate.talkingtranslator","com.eecorp.taptranslator","com.niven.comic","at.nk.tools.iTranslate","com.niven.apptranslate","com.translate.app","com.zaz.translate","com.tangdi.baiguotong"]},{"rank":{"index":2,"lang":"ru","country":"ru","chineseCountryName":"俄罗斯","pkg":"com.spaceship.screen.textcopy"},"orders":["com.recognize_text.translate.screen","com.spaceship.screen.textcopy","com.tap_to_translate.snap_translate","com.gaminik.i18n","com.mg.yurao.google","com.niven.translator","com.microsoft.translator","com.niven.game","com.google.android.apps.translate","com.niven.comic","com.newmg.yurao.pro","screen.translator.voice.translate","com.eecorp.linguago","ru.yandex.translate","com.niven.apptranslate","com.deepl.mobiletranslator","com.naver.labs.translator","com.chat_translate.screen_translate","com.zaz.translate","at.nk.tools.iTranslate"]},{"rank":{"index":2,"lang":"pt-br","country":"br","chineseCountryName":"巴西","pkg":"com.spaceship.screen.textcopy"},"orders":["com.recognize_text.translate.screen","com.spaceship.screen.textcopy","com.tap_to_translate.snap_translate","com.gaminik.i18n","com.mg.yurao.google","com.niven.translator","com.niven.game","com.niven.comic","com.eecorp.linguago","com.newmg.yurao.pro","screen.translator.voice.translate","com.google.android.apps.translate","com.android.chrome","com.google.android.apps.photos","com.niven.apptranslate","com.google.android.apps.docs","com.discord","com.google.android.apps.maps","com.microsoft.office.outlook","us.zoom.videomeetings"]},{"rank":{"index":2,"lang":"fr","country":"fr","chineseCountryName":"法国","pkg":"com.spaceship.screen.textcopy"},"orders":["com.recognize_text.translate.screen","com.spaceship.screen.textcopy","com.gaminik.i18n","com.mg.yurao.google","screen.translator.voice.translate","com.tap_to_translate.snap_translate","com.niven.translator","com.niven.game","com.newmg.yurao.pro","com.niven.comic","com.eecorp.linguago","com.microsoft.translator","com.eecorp.taptranslator","com.niven.apptranslate","com.google.android.apps.translate","com.chat_translate.screen_translate","com.translator.yellow","com.translate.talkingtranslator","at.nk.tools.iTranslate","com.abbyy.mobile.textgrabber.full"]},{"rank":{"index":2,"lang":"en-gb","country":"gb","chineseCountryName":"英国","pkg":"com.spaceship.screen.textcopy"},"orders":["com.recognize_text.translate.screen","com.spaceship.screen.textcopy","com.microsoft.translator","com.google.android.apps.translate","screen.translator.voice.translate","com.mg.yurao.google","com.gaminik.i18n","com.tap_to_translate.snap_translate","com.niven.translator","com.niven.game","com.niven.comic","com.newmg.yurao.pro","com.eecorp.linguago","com.zaz.translate","at.nk.tools.iTranslate","com.eecorp.taptranslator","com.translate.talkingtranslator","com.sayhi.android.sayhitranslate","com.niven.apptranslate","com.naver.labs.translator"]},{"rank":{"index":2,"lang":"de","country":"de","chineseCountryName":"德国","pkg":"com.spaceship.screen.textcopy"},"orders":["com.recognize_text.translate.screen","com.spaceship.screen.textcopy","com.gaminik.i18n","com.mg.yurao.google","com.niven.translator","com.tap_to_translate.snap_translate","com.niven.game","com.newmg.yurao.pro","com.niven.comic","com.eecorp.linguago","com.microsoft.translator","screen.translator.voice.translate","com.niven.apptranslate","com.chat_translate.screen_translate","com.translate.talkingtranslator","com.eecorp.taptranslator","com.google.android.apps.translate","com.deepl.mobiletranslator","at.nk.tools.iTranslate","com.translator.yellow"]},{"rank":{"index":2,"lang":"it","country":"it","chineseCountryName":"意大利","pkg":"com.spaceship.screen.textcopy"},"orders":["com.recognize_text.translate.screen","com.spaceship.screen.textcopy","com.gaminik.i18n","screen.translator.voice.translate","com.mg.yurao.google","com.tap_to_translate.snap_translate","com.niven.game","com.niven.comic","com.niven.translator","com.eecorp.taptranslator","com.newmg.yurao.pro","com.eecorp.linguago","com.microsoft.translator","com.niven.apptranslate","com.google.android.apps.translate","com.chat_translate.screen_translate","at.nk.tools.iTranslate","com.google.android.apps.photos","com.translate.talkingtranslator","com.google.ar.lens"]},{"rank":{"index":2,"lang":"ja","country":"jp","chineseCountryName":"日本","pkg":"com.spaceship.screen.textcopy"},"orders":["com.recognize_text.translate.screen","com.spaceship.screen.textcopy","com.gaminik.i18n","com.mg.yurao.google","com.eecorp.taptranslator","com.tap_to_translate.snap_translate","com.niven.game","com.niven.translator","com.newmg.yurao.pro","com.eecorp.linguago","screen.translator.voice.translate","com.niven.comic","com.deepl.mobiletranslator","com.niven.apptranslate","com.chat_translate.screen_translate","com.translator.translation.screen.translate.voice.languages.text.translating","com.google.android.apps.translate","com.naver.labs.translator","com.android.chrome","com.discord"]},{"rank":{"index":2,"lang":"ko","country":"kr","chineseCountryName":"韩国","pkg":"com.spaceship.screen.textcopy"},"orders":["com.recognize_text.translate.screen","com.spaceship.screen.textcopy","com.mg.yurao.google","com.tap_to_translate.snap_translate","com.microsoft.translator","com.google.android.apps.translate","com.gaminik.i18n","com.naver.labs.translator","com.niven.translator","com.niven.comic","com.niven.game","com.newmg.yurao.pro","com.eecorp.linguago","com.webcatalog.translatium","com.eecorp.taptranslator","com.niven.apptranslate","com.zaz.translate","at.nk.tools.iTranslate","screen.translator.voice.translate","com.deepl.mobiletranslator"]},{"rank":{"index":2,"lang":"zh-hk","country":"hk","chineseCountryName":"香港","pkg":"com.spaceship.screen.textcopy"},"orders":["com.recognize_text.translate.screen","com.spaceship.screen.textcopy","com.mg.yurao.google","com.microsoft.translator","com.gaminik.i18n","com.google.android.apps.translate","com.niven.translator","com.tap_to_translate.snap_translate","com.niven.game","com.niven.comic","com.newmg.yurao.pro","com.eecorp.linguago","com.tranit.text.translate","at.nk.tools.iTranslate","com.eecorp.taptranslator","com.niven.apptranslate","screen.translator.voice.translate","com.translate.talkingtranslator","com.zaz.translate","com.google.ar.lens"]},{"rank":{"index":2,"lang":"zh-tw","country":"tw","chineseCountryName":"台湾","pkg":"com.spaceship.screen.textcopy"},"orders":["com.recognize_text.translate.screen","com.spaceship.screen.textcopy","com.tap_to_translate.snap_translate","com.mg.yurao.google","com.gaminik.i18n","com.microsoft.translator","com.google.android.apps.translate","com.niven.game","com.niven.translator","com.niven.comic","com.newmg.yurao.pro","com.eecorp.linguago","com.tangdi.baiguotong","com.webcatalog.translatium","com.naver.labs.translator","com.eecorp.taptranslator","screen.translator.voice.translate","com.niven.apptranslate","com.abbyy.mobile.textgrabber.full","com.zaz.translate"]},{"rank":{"index":2,"lang":"en","country":"in","chineseCountryName":"印度","pkg":"com.spaceship.screen.textcopy"},"orders":["com.recognize_text.translate.screen","com.spaceship.screen.textcopy","com.google.android.apps.translate","screen.translator.voice.translate","com.microsoft.translator","com.tap_to_translate.snap_translate","com.zaz.translate","com.niven.translator","com.niven.comic","com.niven.game","com.newmg.yurao.pro","com.eecorp.linguago","com.webcatalog.translatium","com.niven.apptranslate","com.abbyy.mobile.textgrabber.full","com.tranit.text.translate","at.nk.tools.iTranslate","com.mg.chat","com.mg.yurao.google","com.gaminik.i18n"]},{"rank":{"index":1,"lang":"id","country":"id","chineseCountryName":"印尼","pkg":"com.spaceship.screen.textcopy"},"orders":["com.spaceship.screen.textcopy","com.recognize_text.translate.screen","com.gaminik.i18n","com.tap_to_translate.snap_translate","com.mg.yurao.google","com.eecorp.linguago","com.niven.translator","com.newmg.yurao.pro","com.niven.comic","com.niven.game","com.google.android.apps.translate","com.niven.apptranslate","com.youdao.hindict"]},{"rank":{"index":2,"lang":"es-mx","country":"mx","chineseCountryName":"墨西哥","pkg":"com.spaceship.screen.textcopy"},"orders":["com.recognize_text.translate.screen","com.spaceship.screen.textcopy","com.gaminik.i18n","com.tap_to_translate.snap_translate","com.mg.yurao.google","com.niven.game","com.niven.translator","com.newmg.yurao.pro","com.microsoft.translator","com.niven.comic","com.google.android.apps.translate","com.niven.apptranslate","at.nk.tools.iTranslate","us.zoom.videomeetings","com.google.android.apps.photos","com.deepl.mobiletranslator","com.youdao.hindict","com.android.chrome","com.discord","com.google.android.apps.maps"]}]