[{"rank":{"index":2,"lang":"en-us","country":"us","chineseCountryName":"美国","pkg":"com.spaceship.screen.textcopy"},"orders":["com.recognize_text.translate.screen","com.spaceship.screen.textcopy","com.gaminik.i18n","com.tap_to_translate.snap_translate","com.microsoft.translator","com.mg.yurao.google","com.google.android.apps.translate","com.niven.game","com.niven.translator","com.niven.comic","com.eecorp.linguago","screen.translator.voice.translate","com.niven.apptranslate","com.newmg.yurao.pro","at.nk.tools.iTranslate","com.zaz.translate","com.eecorp.taptranslator","com.naver.labs.translator","com.ydzlabs.chattranslator","com.tranit.text.translate"]},{"rank":{"index":2,"lang":"ru","country":"ru","chineseCountryName":"俄罗斯","pkg":"com.spaceship.screen.textcopy"},"orders":["com.recognize_text.translate.screen","com.spaceship.screen.textcopy","com.tap_to_translate.snap_translate","com.gaminik.i18n","com.niven.translator","com.niven.game","com.mg.yurao.google","com.microsoft.translator","com.google.android.apps.translate","com.niven.comic","com.niven.apptranslate","com.eecorp.linguago","com.newmg.yurao.pro","screen.translator.voice.translate","ru.yandex.translate","com.ydzlabs.chattranslator","at.nk.tools.iTranslate","com.tranit.text.translate","com.pidev.screentranslator","com.zaz.translate"]},{"rank":{"index":2,"lang":"pt-br","country":"br","chineseCountryName":"巴西","pkg":"com.spaceship.screen.textcopy"},"orders":["com.recognize_text.translate.screen","com.spaceship.screen.textcopy","com.tap_to_translate.snap_translate","com.gaminik.i18n","com.niven.game","com.niven.translator","com.mg.yurao.google","com.eecorp.linguago","com.niven.comic","com.niven.apptranslate","com.microsoft.translator","com.google.android.apps.translate","screen.translator.voice.translate","at.nk.tools.iTranslate","com.android.chrome","us.zoom.videomeetings","com.google.android.inputmethod.latin","com.skype.raider","com.google.android.googlequicksearchbox","com.translate.talkingtranslator"]},{"rank":{"index":2,"lang":"fr","country":"fr","chineseCountryName":"法国","pkg":"com.spaceship.screen.textcopy"},"orders":["com.recognize_text.translate.screen","com.spaceship.screen.textcopy","com.gaminik.i18n","com.niven.game","com.mg.yurao.google","com.niven.translator","com.tap_to_translate.snap_translate","screen.translator.voice.translate","com.microsoft.translator","com.eecorp.linguago","com.niven.comic","com.niven.apptranslate","at.nk.tools.iTranslate","com.google.android.apps.translate","com.translate.talkingtranslator","com.eecorp.taptranslator","com.newmg.yurao.pro","com.chat_translate.screen_translate","com.translate.app","us.zoom.videomeetings"]},{"rank":{"index":2,"lang":"en-gb","country":"gb","chineseCountryName":"英国","pkg":"com.spaceship.screen.textcopy"},"orders":["com.recognize_text.translate.screen","com.spaceship.screen.textcopy","com.tap_to_translate.snap_translate","com.microsoft.translator","com.gaminik.i18n","com.google.android.apps.translate","com.mg.yurao.google","com.niven.translator","com.niven.game","screen.translator.voice.translate","com.eecorp.linguago","at.nk.tools.iTranslate","com.niven.comic","com.niven.apptranslate","com.translate.talkingtranslator","com.zaz.translate","com.translator.yellow","com.naver.labs.translator","com.translate.app","ru.yandex.translate"]},{"rank":{"index":2,"lang":"de","country":"de","chineseCountryName":"德国","pkg":"com.spaceship.screen.textcopy"},"orders":["com.recognize_text.translate.screen","com.spaceship.screen.textcopy","com.gaminik.i18n","com.niven.translator","com.mg.yurao.google","com.niven.game","com.tap_to_translate.snap_translate","com.microsoft.translator","com.eecorp.linguago","com.niven.apptranslate","com.niven.comic","at.nk.tools.iTranslate","com.google.android.apps.translate","com.translate.talkingtranslator","com.zaz.translate","screen.translator.voice.translate","com.eecorp.taptranslator","us.zoom.videomeetings","ru.yandex.translate","com.newmg.yurao.pro"]},{"rank":{"index":2,"lang":"it","country":"it","chineseCountryName":"意大利","pkg":"com.spaceship.screen.textcopy"},"orders":["com.recognize_text.translate.screen","com.spaceship.screen.textcopy","com.gaminik.i18n","com.niven.game","com.tap_to_translate.snap_translate","com.niven.translator","com.mg.yurao.google","screen.translator.voice.translate","com.niven.comic","com.eecorp.linguago","com.niven.apptranslate","com.microsoft.translator","com.eecorp.taptranslator","com.newmg.yurao.pro","com.google.android.apps.translate","com.zaz.translate","com.ydzlabs.chattranslator","com.pidev.screentranslator","com.chat_translate.screen_translate","com.tranit.text.translate"]},{"rank":{"index":2,"lang":"ja","country":"jp","chineseCountryName":"日本","pkg":"com.spaceship.screen.textcopy"},"orders":["com.recognize_text.translate.screen","com.spaceship.screen.textcopy","com.gaminik.i18n","com.mg.yurao.google","com.tap_to_translate.snap_translate","com.niven.game","com.eecorp.taptranslator","com.niven.translator","com.eecorp.linguago","com.newmg.yurao.pro","com.niven.apptranslate","com.niven.comic","screen.translator.voice.translate","com.microsoft.translator","com.deepl.mobiletranslator","com.google.android.apps.translate","com.pidev.screentranslator","com.appspell.screentranslator","com.chat_translate.screen_translate","com.naver.labs.translator"]},{"rank":{"index":4,"lang":"ko","country":"kr","chineseCountryName":"韩国","pkg":"com.spaceship.screen.textcopy"},"orders":["com.recognize_text.translate.screen","com.tap_to_translate.snap_translate","com.mg.yurao.google","com.spaceship.screen.textcopy","com.gaminik.i18n","com.microsoft.translator","com.niven.game","com.niven.translator","com.google.android.apps.translate","com.naver.labs.translator","com.niven.comic","com.eecorp.linguago","com.niven.apptranslate","at.nk.tools.iTranslate","com.newmg.yurao.pro","com.translate.talkingtranslator","screen.translator.voice.translate","com.zaz.translate","com.ydzlabs.chattranslator","com.eecorp.taptranslator"]},{"rank":{"index":2,"lang":"zh-hk","country":"hk","chineseCountryName":"香港","pkg":"com.spaceship.screen.textcopy"},"orders":["com.recognize_text.translate.screen","com.spaceship.screen.textcopy","com.tap_to_translate.snap_translate","com.gaminik.i18n","com.mg.yurao.google","com.niven.game","com.microsoft.translator","com.niven.translator","com.google.android.apps.translate","com.niven.comic","com.eecorp.linguago","com.niven.apptranslate","com.newmg.yurao.pro","screen.translator.voice.translate","com.eecorp.taptranslator","at.nk.tools.iTranslate","com.ydzlabs.chattranslator","com.naver.labs.translator","com.tranit.text.translate","com.tangdi.baiguotong"]},{"rank":{"index":4,"lang":"zh-tw","country":"tw","chineseCountryName":"台湾","pkg":"com.spaceship.screen.textcopy"},"orders":["com.recognize_text.translate.screen","com.tap_to_translate.snap_translate","com.mg.yurao.google","com.spaceship.screen.textcopy","com.gaminik.i18n","com.microsoft.translator","com.niven.game","com.niven.translator","com.google.android.apps.translate","com.eecorp.linguago","com.niven.comic","com.niven.apptranslate","at.nk.tools.iTranslate","com.naver.labs.translator","screen.translator.voice.translate","com.newmg.yurao.pro","com.translate.talkingtranslator","com.ydzlabs.chattranslator","com.eecorp.taptranslator","com.zaz.translate"]},{"rank":{"index":2,"lang":"en","country":"in","chineseCountryName":"印度","pkg":"com.spaceship.screen.textcopy"},"orders":["com.recognize_text.translate.screen","com.spaceship.screen.textcopy","screen.translator.voice.translate","com.google.android.apps.translate","com.tap_to_translate.snap_translate","com.niven.game","com.niven.translator","com.zaz.translate","com.niven.comic","com.eecorp.linguago","com.newmg.yurao.pro","com.tranit.text.translate","com.niven.apptranslate","com.microsoft.translator","translate.smartranit.language.text","com.chat_translate.screen_translate","com.ydzlabs.chattranslator","com.pidev.screentranslator","com.gaminik.i18n","com.mg.yurao.google"]},{"rank":{"index":1,"lang":"id","country":"id","chineseCountryName":"印尼","pkg":"com.spaceship.screen.textcopy"},"orders":["com.spaceship.screen.textcopy","com.recognize_text.translate.screen","com.gaminik.i18n","com.eecorp.linguago","com.tap_to_translate.snap_translate","com.mg.yurao.google","com.niven.game","com.niven.translator","com.niven.apptranslate","com.google.android.apps.translate","com.niven.comic","us.zoom.videomeetings","com.newmg.yurao.pro","screen.translator.voice.translate","com.naver.labs.translator","com.microsoft.translator"]},{"rank":{"index":3,"lang":"es-mx","country":"mx","chineseCountryName":"墨西哥","pkg":"com.spaceship.screen.textcopy"},"orders":["com.recognize_text.translate.screen","com.gaminik.i18n","com.spaceship.screen.textcopy","com.tap_to_translate.snap_translate","com.niven.game","com.niven.translator","com.mg.yurao.google","com.niven.comic","com.eecorp.linguago","com.niven.apptranslate","com.microsoft.translator","at.nk.tools.iTranslate","com.google.android.apps.translate","screen.translator.voice.translate","us.zoom.videomeetings","com.youdao.hindict","org.thunderdog.challegram","com.translate.talkingtranslator","com.deepl.mobiletranslator","com.zaz.translate"]}]