[{"rank":{"index":3,"lang":"en-us","country":"us","chineseCountryName":"美国","pkg":"com.spaceship.screen.textcopy"},"orders":["com.recognize_text.translate.screen","com.google.android.apps.translate","com.spaceship.screen.textcopy","com.screen.translate.google","com.microsoft.translator","com.niven.translator","com.gaminik.i18n","com.niven.game","com.tap_to_translate.snap_translate","at.nk.tools.iTranslate","com.naver.labs.translator","com.translate.talkingtranslator","com.niven.comic","com.sayhi.android.sayhitranslate","com.deepl.mobiletranslator","com.zaz.translate","com.image.camera.translate.ai","com.heapsol.spanishenglishtranslator","com.datacomprojects.scanandtranslate","ru.yandex.translate"]},{"rank":{"index":5,"lang":"ru","country":"ru","chineseCountryName":"俄罗斯","pkg":"com.spaceship.screen.textcopy"},"orders":["com.recognize_text.translate.screen","com.niven.translator","com.tap_to_translate.snap_translate","com.niven.game","com.spaceship.screen.textcopy","com.screen.translate.google","com.gaminik.i18n","ru.yandex.translate","com.niven.comic","com.microsoft.translator","com.google.android.apps.translate","com.deepl.mobiletranslator","at.nk.tools.iTranslate","com.newmg.yurao.pro","com.datacomprojects.scanandtranslate","com.snapchat.android","com.tangdi.baiguotong","com.instagram.android","com.whatsapp","com.android.chrome"]},{"rank":{"index":3,"lang":"pt-br","country":"br","chineseCountryName":"巴西","pkg":"com.spaceship.screen.textcopy"},"orders":["com.recognize_text.translate.screen","com.tap_to_translate.snap_translate","com.spaceship.screen.textcopy","com.niven.game","com.google.android.apps.translate","at.nk.tools.iTranslate","com.deepl.mobiletranslator","ru.yandex.translate","com.naver.labs.translator","com.google.ar.lens","com.sayhi.android.sayhitranslate","com.translate.talkingtranslator","com.softissimo.reverso.context","com.niven.translator","com.gaminik.i18n","com.screen.translate.google","com.niven.comic","com.newmg.yurao.pro","com.galaxy.airviewdictionary","com.youdao.hindict"]},{"rank":{"index":3,"lang":"fr","country":"fr","chineseCountryName":"法国","pkg":"com.spaceship.screen.textcopy"},"orders":["com.recognize_text.translate.screen","com.tap_to_translate.snap_translate","com.spaceship.screen.textcopy","com.niven.game","com.niven.translator","com.gaminik.i18n","com.microsoft.translator","com.screen.translate.google","com.google.android.apps.translate","com.niven.comic","com.image.camera.translate.ai","com.deepl.mobiletranslator","at.nk.tools.iTranslate","com.tangdi.baiguotong","com.datacomprojects.scanandtranslate","com.softissimo.reverso.context","com.zaz.translate","com.translate.talkingtranslator","com.newmg.yurao.pro","ru.yandex.translate"]},{"rank":{"index":7,"lang":"en-gb","country":"gb","chineseCountryName":"英国","pkg":"com.spaceship.screen.textcopy"},"orders":["com.recognize_text.translate.screen","com.google.android.apps.translate","com.microsoft.translator","com.screen.translate.google","com.niven.translator","com.gaminik.i18n","com.spaceship.screen.textcopy","com.niven.game","com.tap_to_translate.snap_translate","at.nk.tools.iTranslate","com.niven.comic","com.deepl.mobiletranslator","com.zaz.translate","com.sayhi.android.sayhitranslate","com.image.camera.translate.ai","com.datacomprojects.scanandtranslate","com.tangdi.baiguotong","com.translate.talkingtranslator","com.newmg.yurao.pro","com.b1b.translator.voicetranslate.alllanguages.translator.app"]},{"rank":{"index":6,"lang":"de","country":"de","chineseCountryName":"德国","pkg":"com.spaceship.screen.textcopy"},"orders":["com.recognize_text.translate.screen","com.tap_to_translate.snap_translate","com.screen.translate.google","com.microsoft.translator","com.niven.translator","com.spaceship.screen.textcopy","com.niven.game","com.gaminik.i18n","com.google.android.apps.translate","com.deepl.mobiletranslator","com.niven.comic","com.translate.talkingtranslator","com.image.camera.translate.ai","at.nk.tools.iTranslate","com.datacomprojects.scanandtranslate","com.softissimo.reverso.context","com.newmg.yurao.pro","com.sayhi.android.sayhitranslate","com.zaz.translate","com.tangdi.baiguotong"]},{"rank":{"index":2,"lang":"it","country":"it","chineseCountryName":"意大利","pkg":"com.spaceship.screen.textcopy"},"orders":["com.recognize_text.translate.screen","com.spaceship.screen.textcopy","com.tap_to_translate.snap_translate","com.screen.translate.google","com.niven.translator","com.niven.game","com.gaminik.i18n","com.microsoft.translator","com.google.android.apps.translate","com.image.camera.translate.ai","com.niven.comic","com.deepl.mobiletranslator","at.nk.tools.iTranslate","com.datacomprojects.scanandtranslate","com.softissimo.reverso.context","com.translate.talkingtranslator","com.newmg.yurao.pro","com.tangdi.baiguotong","camtranslator.voice.text.image.translate","com.zaz.translate"]},{"rank":{"index":6,"lang":"ja","country":"jp","chineseCountryName":"日本","pkg":"com.spaceship.screen.textcopy"},"orders":["com.recognize_text.translate.screen","com.niven.game","com.tap_to_translate.snap_translate","com.niven.translator","com.gaminik.i18n","com.spaceship.screen.textcopy","com.screen.translate.google","com.microsoft.translator","com.google.android.apps.translate","com.naver.labs.translator","com.niven.comic","com.deepl.mobiletranslator","com.google.ar.lens","at.nk.tools.iTranslate","com.datacomprojects.scanandtranslate","com.translate.talkingtranslator","com.newmg.yurao.pro","com.image.camera.translate.ai","com.sayhi.android.sayhitranslate","com.tangdi.baiguotong"]},{"rank":{"index":4,"lang":"ko","country":"kr","chineseCountryName":"韩国","pkg":"com.spaceship.screen.textcopy"},"orders":["com.recognize_text.translate.screen","com.tap_to_translate.snap_translate","com.gaminik.i18n","com.spaceship.screen.textcopy","com.niven.translator","com.niven.game","com.screen.translate.google","com.naver.labs.translator","com.google.android.apps.translate","com.microsoft.translator","com.niven.comic","at.nk.tools.iTranslate","com.image.camera.translate.ai","com.deepl.mobiletranslator","com.newmg.yurao.pro","com.translate.talkingtranslator","com.wooask.zx","co.timekettle.livetranslator","com.nhn.android.naverdic","com.zaz.translate"]},{"rank":{"index":7,"lang":"zh-hk","country":"hk","chineseCountryName":"香港","pkg":"com.spaceship.screen.textcopy"},"orders":["com.recognize_text.translate.screen","com.gaminik.i18n","com.microsoft.translator","com.screen.translate.google","com.niven.translator","com.niven.game","com.spaceship.screen.textcopy","com.google.android.apps.translate","com.tap_to_translate.snap_translate","com.niven.comic","at.nk.tools.iTranslate","com.naver.labs.translator","com.image.camera.translate.ai","com.tangdi.baiguotong","com.translate.talkingtranslator","com.deepl.mobiletranslator","com.datacomprojects.scanandtranslate","com.newmg.yurao.pro","jp.go.nict.voicetra","com.zaz.translate"]},{"rank":{"index":8,"lang":"zh-tw","country":"tw","chineseCountryName":"台湾","pkg":"com.spaceship.screen.textcopy"},"orders":["com.recognize_text.translate.screen","com.tap_to_translate.snap_translate","com.gaminik.i18n","com.screen.translate.google","com.niven.translator","com.microsoft.translator","com.niven.game","com.spaceship.screen.textcopy","com.google.android.apps.translate","com.niven.comic","com.image.camera.translate.ai","com.tangdi.baiguotong","at.nk.tools.iTranslate","com.naver.labs.translator","com.translate.talkingtranslator","com.newmg.yurao.pro","com.deepl.mobiletranslator","com.datacomprojects.scanandtranslate","com.zaz.translate","com.youdao.hindict"]},{"rank":{"index":5,"lang":"en","country":"in","chineseCountryName":"印度","pkg":"com.spaceship.screen.textcopy"},"orders":["com.recognize_text.translate.screen","com.google.android.apps.translate","com.microsoft.translator","com.tap_to_translate.snap_translate","com.spaceship.screen.textcopy","com.niven.game","com.deepl.mobiletranslator","ru.yandex.translate","com.sayhi.android.sayhitranslate","com.google.ar.lens","com.translate.talkingtranslator","com.naver.labs.translator","com.softissimo.reverso.context","com.screen.translate.google","com.niven.translator","com.zaz.translate","com.newmg.yurao.pro","com.gaminik.i18n","com.niven.comic","com.wooask.zx"]},{"rank":{"index":6,"lang":"id","country":"id","chineseCountryName":"印尼","pkg":"com.spaceship.screen.textcopy"},"orders":["com.recognize_text.translate.screen","com.tap_to_translate.snap_translate","com.niven.translator","com.niven.game","com.gaminik.i18n","com.spaceship.screen.textcopy","com.screen.translate.google","com.niven.comic","com.google.android.apps.translate","com.youdao.hindict"]},{"rank":{"index":3,"lang":"es-mx","country":"mx","chineseCountryName":"墨西哥","pkg":"com.spaceship.screen.textcopy"},"orders":["com.recognize_text.translate.screen","com.tap_to_translate.snap_translate","com.spaceship.screen.textcopy","com.niven.game","at.nk.tools.iTranslate","com.google.android.apps.translate","com.deepl.mobiletranslator","com.translate.talkingtranslator","ru.yandex.translate","com.wooask.zx","com.tangdi.baiguotong","com.naver.labs.translator","com.softissimo.reverso.context","com.niven.translator","com.gaminik.i18n","com.screen.translate.google","com.niven.comic","com.youdao.hindict","com.zaz.translate","com.sayhi.android.sayhitranslate"]}]