[{"rank":{"index":2,"lang":"en-us","country":"us","chineseCountryName":"美国","pkg":"com.spaceship.screen.textcopy"},"orders":["com.recognize_text.translate.screen","com.spaceship.screen.textcopy","com.google.android.apps.translate","com.screen.translate.google","com.tap_to_translate.snap_translate","com.newmg.yurao.pro","com.gaminik.i18n","com.microsoft.translator","com.niven.translator","com.google.ar.lens","at.nk.tools.iTranslate","com.deepl.mobiletranslator","com.naver.labs.translator","com.heapsol.spanishenglishtranslator","com.niven.game","ru.yandex.translate","com.niven.apptranslate","com.datacomprojects.scanandtranslate","com.translate.language.translator.voice.translation","com.language.translate.free.translator.voice.translation"]},{"rank":{"index":0,"lang":"ru","country":"ru","chineseCountryName":"俄罗斯","pkg":"com.spaceship.screen.textcopy"},"orders":["com.recognize_text.translate.screen","com.tap_to_translate.snap_translate","com.niven.translator","com.newmg.yurao.pro","com.gaminik.i18n","com.screen.translate.google","ru.yandex.translate","com.google.android.apps.translate","com.niven.game","com.microsoft.translator","com.niven.apptranslate","com.deepl.mobiletranslator","com.voice_camera_free_translate","com.datacomprojects.scanandtranslate","com.android.chrome","com.whatsapp","com.instagram.android","com.google.ar.lens","com.facebook.katana","com.facebook.orca"]},{"rank":{"index":2,"lang":"pt-br","country":"br","chineseCountryName":"巴西","pkg":"com.spaceship.screen.textcopy"},"orders":["com.recognize_text.translate.screen","com.spaceship.screen.textcopy","com.tap_to_translate.snap_translate","com.gaminik.i18n","com.google.android.apps.translate","com.microsoft.translator","com.deepl.mobiletranslator","ru.yandex.translate","com.google.ar.lens","com.naver.labs.translator","com.translate.language.translator.voice.translation","com.softissimo.reverso.context","com.tangdi.baiguotong","com.niven.translator","com.screen.translate.google","com.newmg.yurao.pro","com.niven.apptranslate","com.niven.game","com.galaxy.airviewdictionary","com.ticktalk.translatevoice"]},{"rank":{"index":3,"lang":"fr","country":"fr","chineseCountryName":"法国","pkg":"com.spaceship.screen.textcopy"},"orders":["com.recognize_text.translate.screen","com.tap_to_translate.snap_translate","com.spaceship.screen.textcopy","com.screen.translate.google","com.niven.translator","com.gaminik.i18n","com.newmg.yurao.pro","com.microsoft.translator","com.google.android.apps.translate","com.google.ar.lens","com.niven.game","com.deepl.mobiletranslator","com.niven.apptranslate","com.tangdi.baiguotong","at.nk.tools.iTranslate","com.datacomprojects.scanandtranslate","ru.yandex.translate","com.voice_camera_free_translate","com.softissimo.reverso.context","com.instagram.android"]},{"rank":{"index":2,"lang":"en-gb","country":"gb","chineseCountryName":"英国","pkg":"com.spaceship.screen.textcopy"},"orders":["com.recognize_text.translate.screen","com.spaceship.screen.textcopy","com.google.android.apps.translate","com.microsoft.translator","com.newmg.yurao.pro","com.screen.translate.google","com.tap_to_translate.snap_translate","com.gaminik.i18n","com.niven.translator","at.nk.tools.iTranslate","com.google.ar.lens","com.deepl.mobiletranslator","ru.yandex.translate","com.siv","com.naver.labs.translator","com.datacomprojects.scanandtranslate","com.sayhi.android.sayhitranslate","com.niven.game","com.niven.apptranslate","com.translate.talkingtranslator"]},{"rank":{"index":2,"lang":"de","country":"de","chineseCountryName":"德国","pkg":"com.spaceship.screen.textcopy"},"orders":["com.recognize_text.translate.screen","com.spaceship.screen.textcopy","com.tap_to_translate.snap_translate","com.screen.translate.google","com.niven.translator","com.gaminik.i18n","com.newmg.yurao.pro","com.google.android.apps.translate","com.microsoft.translator","com.voice_camera_free_translate","com.niven.game","com.tangdi.baiguotong","com.deepl.mobiletranslator","com.niven.apptranslate","ru.yandex.translate","com.google.ar.lens","at.nk.tools.iTranslate","com.datacomprojects.scanandtranslate","com.google.android.apps.tachyon","com.android.chrome"]},{"rank":{"index":2,"lang":"it","country":"it","chineseCountryName":"意大利","pkg":"com.spaceship.screen.textcopy"},"orders":["com.recognize_text.translate.screen","com.spaceship.screen.textcopy","com.tap_to_translate.snap_translate","com.screen.translate.google","com.gaminik.i18n","com.niven.translator","com.newmg.yurao.pro","com.google.android.apps.translate","com.microsoft.translator","com.niven.game","at.nk.tools.iTranslate","com.datacomprojects.scanandtranslate","com.tangdi.baiguotong","com.deepl.mobiletranslator","com.google.ar.lens","com.voice_camera_free_translate","com.niven.apptranslate","com.translate.language.translator.voice.translation","ru.yandex.translate","com.softissimo.reverso.context"]},{"rank":{"index":2,"lang":"ja","country":"jp","chineseCountryName":"日本","pkg":"com.spaceship.screen.textcopy"},"orders":["com.recognize_text.translate.screen","com.spaceship.screen.textcopy","com.tap_to_translate.snap_translate","com.gaminik.i18n","com.google.android.apps.translate","com.screen.translate.google","com.google.ar.lens","com.newmg.yurao.pro","com.niven.translator","com.microsoft.translator","com.deepl.mobiletranslator","com.naver.labs.translator"]},{"rank":{"index":2,"lang":"ko","country":"kr","chineseCountryName":"韩国","pkg":"com.spaceship.screen.textcopy"},"orders":["com.recognize_text.translate.screen","com.spaceship.screen.textcopy","com.tap_to_translate.snap_translate","com.newmg.yurao.pro","com.gaminik.i18n","com.screen.translate.google","com.niven.translator","com.naver.labs.translator","com.google.android.apps.translate","com.microsoft.translator","com.niven.game","com.google.ar.lens","at.nk.tools.iTranslate","com.deepl.mobiletranslator","com.niven.apptranslate","com.voice_camera_free_translate","com.datacomprojects.scanandtranslate","com.instagram.android","com.facebook.katana","com.facebook.orca"]},{"rank":{"index":2,"lang":"zh-hk","country":"hk","chineseCountryName":"香港","pkg":"com.spaceship.screen.textcopy"},"orders":["com.recognize_text.translate.screen","com.spaceship.screen.textcopy","com.newmg.yurao.pro","com.screen.translate.google","com.gaminik.i18n","com.niven.translator","com.tap_to_translate.snap_translate","com.google.android.apps.translate","com.microsoft.translator","com.niven.game","com.google.ar.lens","com.niven.apptranslate","at.nk.tools.iTranslate","com.naver.labs.translator","com.android.chrome","com.deepl.mobiletranslator","com.facebook.katana","com.google.android.apps.maps","com.instagram.android","com.facebook.orca"]},{"rank":{"index":2,"lang":"zh-tw","country":"tw","chineseCountryName":"台湾","pkg":"com.spaceship.screen.textcopy"},"orders":["com.recognize_text.translate.screen","com.spaceship.screen.textcopy","com.newmg.yurao.pro","com.screen.translate.google","com.gaminik.i18n","com.tap_to_translate.snap_translate","com.niven.translator","com.google.android.apps.translate","com.microsoft.translator","com.niven.game","com.naver.labs.translator","com.google.ar.lens","at.nk.tools.iTranslate","com.niven.apptranslate","com.instagram.android","com.facebook.katana","com.facebook.orca","com.android.chrome","com.deepl.mobiletranslator","org.telegram.messenger"]},{"rank":{"index":2,"lang":"en","country":"in","chineseCountryName":"印度","pkg":"com.spaceship.screen.textcopy"},"orders":["com.recognize_text.translate.screen","com.spaceship.screen.textcopy","com.google.android.apps.translate","com.tap_to_translate.snap_translate","com.gaminik.i18n","com.google.ar.lens","com.zaz.translate","ru.yandex.translate","com.deepl.mobiletranslator","com.naver.labs.translator","com.ticktalk.translatevoice","com.softissimo.reverso.context","com.translate.talkingtranslator","com.newmg.yurao.pro","com.niven.translator","com.screen.translate.google","screen.translator.voice.translate","com.galaxy.airviewdictionary","com.translator.translation.screen.translate.voice.languages.text.translating","com.niven.apptranslate"]},{"rank":{"index":2,"lang":"id","country":"id","chineseCountryName":"印尼","pkg":"com.spaceship.screen.textcopy"},"orders":["com.recognize_text.translate.screen","com.spaceship.screen.textcopy","com.tap_to_translate.snap_translate","com.gaminik.i18n","com.niven.translator","com.newmg.yurao.pro","com.screen.translate.google","com.niven.game","com.google.android.apps.translate"]},{"rank":{"index":2,"lang":"es-mx","country":"mx","chineseCountryName":"墨西哥","pkg":"com.spaceship.screen.textcopy"},"orders":["com.recognize_text.translate.screen","com.spaceship.screen.textcopy","com.tap_to_translate.snap_translate","com.gaminik.i18n","com.google.android.apps.translate","com.microsoft.translator","com.deepl.mobiletranslator","com.google.ar.lens","ru.yandex.translate","com.naver.labs.translator","com.softissimo.reverso.context","com.translate.language.translator.voice.translation","com.tangdi.baiguotong","com.translate.talkingtranslator","com.newmg.yurao.pro","com.niven.translator","com.screen.translate.google","com.niven.apptranslate","com.translator.translation.screen.translate.voice.languages.text.translating","com.niven.game"]}]