[{"rank":{"index":2,"lang":"en-us","country":"us","chineseCountryName":"美国","pkg":"com.spaceship.screen.textcopy"},"orders":["com.recognize_text.translate.screen","com.spaceship.screen.textcopy","com.tap_to_translate.snap_translate","com.google.android.apps.translate","com.gaminik.i18n","com.microsoft.translator","com.niven.game","com.newmg.yurao.pro","com.niven.translator","com.niven.apptranslate","com.niven.comic","com.translate.language.translator.voice.translation","com.naver.labs.translator","com.deepl.mobiletranslator","com.facebook.orca","com.google.ar.lens","jp.go.nict.voicetra","com.whatsapp","com.youdao.hindict","com.google.android.dialer"]},{"rank":{"index":3,"lang":"ru","country":"ru","chineseCountryName":"俄罗斯","pkg":"com.spaceship.screen.textcopy"},"orders":["com.recognize_text.translate.screen","com.tap_to_translate.snap_translate","com.spaceship.screen.textcopy","com.gaminik.i18n","com.niven.game","com.niven.translator","com.newmg.yurao.pro","com.niven.comic","com.google.android.apps.translate","ru.yandex.translate","com.niven.apptranslate","com.microsoft.translator","com.deepl.mobiletranslator","com.translate.language.translator.voice.translation","com.whatsapp","com.ticktalk.translatevoice","com.flitto.app","com.facebook.orca","us.zoom.videomeetings","com.google.android.dialer"]},{"rank":{"index":2,"lang":"fr","country":"fr","chineseCountryName":"法国","pkg":"com.spaceship.screen.textcopy"},"orders":["com.recognize_text.translate.screen","com.spaceship.screen.textcopy","com.tap_to_translate.snap_translate","com.gaminik.i18n","com.niven.game","com.niven.comic","com.niven.translator","com.newmg.yurao.pro","com.niven.apptranslate","com.microsoft.translator","com.google.android.apps.translate","com.youdao.hindict","com.deepl.mobiletranslator","com.eecorp.linguago","screen.translator.voice.translate","com.whatsapp","com.facebook.orca","com.softissimo.reverso.context","com.duolingo","com.canva.editor"]},{"rank":{"index":2,"lang":"en-gb","country":"gb","chineseCountryName":"英国","pkg":"com.spaceship.screen.textcopy"},"orders":["com.recognize_text.translate.screen","com.spaceship.screen.textcopy","com.gaminik.i18n","com.google.android.apps.translate","com.microsoft.translator","com.tap_to_translate.snap_translate","com.niven.game","com.newmg.yurao.pro","com.niven.comic","com.niven.translator","com.niven.apptranslate","com.youdao.hindict","com.deepl.mobiletranslator","com.translate.language.translator.voice.translation","com.translate.app","com.naver.labs.translator","com.flitto.app","at.nk.tools.iTranslate","com.facebook.orca","com.softissimo.reverso.context"]},{"rank":{"index":2,"lang":"de","country":"de","chineseCountryName":"德国","pkg":"com.spaceship.screen.textcopy"},"orders":["com.recognize_text.translate.screen","com.spaceship.screen.textcopy","com.tap_to_translate.snap_translate","com.gaminik.i18n","com.microsoft.translator","com.niven.translator","com.niven.comic","com.niven.game","com.deepl.mobiletranslator","com.newmg.yurao.pro","com.google.android.apps.translate","com.youdao.hindict","com.niven.apptranslate","com.eecorp.linguago","screen.translator.voice.translate","com.mg.subtitle.google","com.translator.yellow","com.kursx.smartbook","com.mg.chat","at.nk.tools.iTranslate"]},{"rank":{"index":2,"lang":"it","country":"it","chineseCountryName":"意大利","pkg":"com.spaceship.screen.textcopy"},"orders":["com.recognize_text.translate.screen","com.spaceship.screen.textcopy","com.niven.game","com.gaminik.i18n","com.tap_to_translate.snap_translate","com.niven.comic","com.newmg.yurao.pro","com.microsoft.translator","com.niven.translator","com.google.android.apps.translate","com.niven.apptranslate","com.deepl.mobiletranslator","com.whatsapp","com.facebook.orca","us.zoom.videomeetings","com.discord","com.canva.editor","com.duolingo","com.google.android.apps.photos","com.android.chrome"]},{"rank":{"index":3,"lang":"ja","country":"jp","chineseCountryName":"日本","pkg":"com.spaceship.screen.textcopy"},"orders":["com.recognize_text.translate.screen","com.gaminik.i18n","com.spaceship.screen.textcopy","com.tap_to_translate.snap_translate","com.niven.translator","com.niven.game","com.niven.comic","com.newmg.yurao.pro","com.google.android.apps.translate","com.niven.apptranslate","com.deepl.mobiletranslator","com.naver.labs.translator","com.youdao.hindict","com.eecorp.linguago","com.microsoft.translator","com.abbyy.mobile.textgrabber.full","screen.translator.voice.translate","com.datacomprojects.scanandtranslate","jp.go.nict.voicetra","com.eecorp.taptranslator"]},{"rank":{"index":2,"lang":"ko","country":"kr","chineseCountryName":"韩国","pkg":"com.spaceship.screen.textcopy"},"orders":["com.recognize_text.translate.screen","com.spaceship.screen.textcopy","com.tap_to_translate.snap_translate","com.niven.game","com.gaminik.i18n","com.niven.comic","com.niven.apptranslate","com.newmg.yurao.pro","com.niven.translator","com.naver.labs.translator","com.google.android.apps.translate","com.whatsapp","com.facebook.orca","us.zoom.videomeetings","com.discord","com.android.chrome","com.duolingo","com.google.android.apps.photos","com.eecorp.linguago","com.deepl.mobiletranslator"]},{"rank":{"index":2,"lang":"zh-hk","country":"hk","chineseCountryName":"香港","pkg":"com.spaceship.screen.textcopy"},"orders":["com.recognize_text.translate.screen","com.spaceship.screen.textcopy","com.gaminik.i18n","com.tap_to_translate.snap_translate","com.niven.translator","com.niven.game","com.niven.comic","com.newmg.yurao.pro","com.microsoft.translator","com.google.android.apps.translate","com.niven.apptranslate","com.eecorp.linguago","screen.translator.voice.translate","com.naver.labs.translator","com.deepl.mobiletranslator","com.youdao.hindict","com.mg.subtitle.google","com.whatsapp","com.android.chrome","com.facebook.orca"]},{"rank":{"index":3,"lang":"zh-tw","country":"tw","chineseCountryName":"台湾","pkg":"com.spaceship.screen.textcopy"},"orders":["com.recognize_text.translate.screen","com.gaminik.i18n","com.spaceship.screen.textcopy","com.tap_to_translate.snap_translate","com.niven.game","com.newmg.yurao.pro","com.niven.comic","com.google.android.apps.translate","com.microsoft.translator","com.niven.translator","com.niven.apptranslate","com.naver.labs.translator","com.facebook.orca","com.whatsapp","com.deepl.mobiletranslator","com.google.android.apps.maps","com.android.chrome","com.discord","com.youdao.hindict","us.zoom.videomeetings"]},{"rank":{"index":2,"lang":"en","country":"in","chineseCountryName":"印度","pkg":"com.spaceship.screen.textcopy"},"orders":["com.recognize_text.translate.screen","com.spaceship.screen.textcopy","com.newmg.yurao.pro","com.google.android.apps.translate","screen.translator.voice.translate","com.tap_to_translate.snap_translate","com.zaz.translate","com.niven.game","com.niven.translator","com.niven.comic","com.microsoft.translator","com.eecorp.linguago","com.niven.apptranslate","com.google.android.inputmethod.latin","com.whatsapp","com.google.android.dialer","com.android.chrome","com.google.android.apps.docs","com.duolingo","com.gaminik.i18n"]},{"rank":{"index":2,"lang":"id","country":"id","chineseCountryName":"印尼","pkg":"com.spaceship.screen.textcopy"},"orders":["com.recognize_text.translate.screen","com.spaceship.screen.textcopy","com.tap_to_translate.snap_translate","com.gaminik.i18n","com.niven.game","com.niven.translator","com.newmg.yurao.pro","com.niven.comic","com.youdao.hindict","com.google.android.apps.translate"]}]