[{"rank":{"index":2,"lang":"en-us","country":"us","chineseCountryName":"美国","pkg":"com.spaceship.screen.textcopy"},"orders":["com.recognize_text.translate.screen","com.spaceship.screen.textcopy","com.screen.translate.google","com.tap_to_translate.snap_translate","com.niven.translator","com.google.android.apps.translate","com.newmg.yurao.pro","com.microsoft.translator","com.gaminik.i18n","com.niven.game","translate.speech.text.translation.voicetranslator","at.nk.tools.iTranslate","free.translate.all.language.translator","com.google.ar.lens","com.niven.comic","translate.photo.translator.all.language.voice.translation.free.app","com.datacomprojects.scanandtranslate","com.deepl.mobiletranslator","com.sayhi.android.sayhitranslate","com.translate.talkingtranslator"]},{"rank":{"index":3,"lang":"ru","country":"ru","chineseCountryName":"俄罗斯","pkg":"com.spaceship.screen.textcopy"},"orders":["com.recognize_text.translate.screen","com.niven.translator","com.spaceship.screen.textcopy","com.tap_to_translate.snap_translate","com.gaminik.i18n","com.newmg.yurao.pro","com.screen.translate.google","com.niven.game","ru.yandex.translate","com.niven.comic","com.niven.apptranslate","com.google.android.apps.translate","com.microsoft.translator","com.deepl.mobiletranslator","com.voice_camera_free_translate","com.language.translate.free.translator.voice.translation","com.whatsapp","com.instagram.android","com.android.chrome","com.facebook.katana"]},{"rank":{"index":3,"lang":"pt-br","country":"br","chineseCountryName":"巴西","pkg":"com.spaceship.screen.textcopy"},"orders":["com.recognize_text.translate.screen","com.tap_to_translate.snap_translate","com.spaceship.screen.textcopy","com.gaminik.i18n","com.google.android.apps.translate","at.nk.tools.iTranslate","com.deepl.mobiletranslator","com.zaz.translate","ru.yandex.translate","com.translate.language.translator.voice.translation","com.translate.talkingtranslator","com.naver.labs.translator","com.niven.translator","com.newmg.yurao.pro","com.screen.translate.google","com.niven.game","com.niven.comic","com.niven.apptranslate","com.galaxy.airviewdictionary","com.google.ar.lens"]},{"rank":{"index":3,"lang":"fr","country":"fr","chineseCountryName":"法国","pkg":"com.spaceship.screen.textcopy"},"orders":["com.recognize_text.translate.screen","com.tap_to_translate.snap_translate","com.spaceship.screen.textcopy","com.niven.translator","com.screen.translate.google","com.gaminik.i18n","com.newmg.yurao.pro","com.niven.game","com.microsoft.translator","com.niven.comic","com.google.android.apps.translate","com.niven.apptranslate","com.datacomprojects.scanandtranslate","at.nk.tools.iTranslate","com.deepl.mobiletranslator","com.google.ar.lens","com.facebook.katana","com.google.android.apps.tachyon","com.facebook.orca","com.instagram.android"]},{"rank":{"index":2,"lang":"en-gb","country":"gb","chineseCountryName":"英国","pkg":"com.spaceship.screen.textcopy"},"orders":["com.recognize_text.translate.screen","com.spaceship.screen.textcopy","com.tap_to_translate.snap_translate","com.google.android.apps.translate","com.screen.translate.google","com.niven.translator","com.gaminik.i18n","com.microsoft.translator","com.newmg.yurao.pro","com.google.ar.lens","com.niven.game","at.nk.tools.iTranslate","com.datacomprojects.scanandtranslate","com.niven.comic","com.language.translate.free.translator.voice.translation","com.deepl.mobiletranslator","com.niven.apptranslate","translate.all.language.translator.cameratranslator","com.sayhi.android.sayhitranslate","com.voice_camera_free_translate"]},{"rank":{"index":2,"lang":"de","country":"de","chineseCountryName":"德国","pkg":"com.spaceship.screen.textcopy"},"orders":["com.recognize_text.translate.screen","com.spaceship.screen.textcopy","com.tap_to_translate.snap_translate","com.niven.translator","com.screen.translate.google","com.gaminik.i18n","com.newmg.yurao.pro","com.microsoft.translator","com.niven.game","com.google.android.apps.translate","at.nk.tools.iTranslate","com.deepl.mobiletranslator","com.datacomprojects.scanandtranslate","com.niven.comic","com.language.translate.free.translator.voice.translation","com.niven.apptranslate","ru.yandex.translate","com.sayhi.android.sayhitranslate","com.translate.language.translator.voice.translation","com.b1b.translator.voicetranslate.alllanguages.translator.app"]},{"rank":{"index":2,"lang":"it","country":"it","chineseCountryName":"意大利","pkg":"com.spaceship.screen.textcopy"},"orders":["com.recognize_text.translate.screen","com.spaceship.screen.textcopy","com.screen.translate.google","com.niven.translator","com.newmg.yurao.pro","com.niven.game","com.gaminik.i18n","translate.speech.text.translation.voicetranslator","com.niven.comic","com.tap_to_translate.snap_translate","com.microsoft.translator","com.google.android.apps.translate","com.datacomprojects.scanandtranslate","at.nk.tools.iTranslate","free.translate.all.language.translator","com.deepl.mobiletranslator","com.language.translate.free.translator.voice.translation","com.mg.chat","com.niven.apptranslate","com.google.android.apps.tachyon"]},{"rank":{"index":3,"lang":"ja","country":"jp","chineseCountryName":"日本","pkg":"com.spaceship.screen.textcopy"},"orders":["com.recognize_text.translate.screen","com.tap_to_translate.snap_translate","com.spaceship.screen.textcopy","com.niven.translator","com.gaminik.i18n","com.screen.translate.google","com.newmg.yurao.pro","com.microsoft.translator","com.niven.game","com.google.android.apps.translate","com.deepl.mobiletranslator","at.nk.tools.iTranslate","com.niven.comic","com.google.ar.lens"]},{"rank":{"index":3,"lang":"ko","country":"kr","chineseCountryName":"韩国","pkg":"com.spaceship.screen.textcopy"},"orders":["com.recognize_text.translate.screen","com.tap_to_translate.snap_translate","com.spaceship.screen.textcopy","com.niven.translator","com.gaminik.i18n","com.screen.translate.google","com.newmg.yurao.pro","com.niven.game","com.niven.comic","com.microsoft.translator","com.google.android.apps.translate","com.niven.apptranslate","com.naver.labs.translator","com.flitto.app","com.language.translate.free.translator.voice.translation","com.voice_camera_free_translate","at.nk.tools.iTranslate","com.facebook.katana","com.facebook.orca","com.instagram.android"]},{"rank":{"index":2,"lang":"zh-hk","country":"hk","chineseCountryName":"香港","pkg":"com.spaceship.screen.textcopy"},"orders":["com.recognize_text.translate.screen","com.spaceship.screen.textcopy","com.gaminik.i18n","com.niven.translator","com.screen.translate.google","com.newmg.yurao.pro","com.tap_to_translate.snap_translate","com.google.android.apps.translate","com.microsoft.translator","com.niven.game","at.nk.tools.iTranslate","com.niven.comic","com.datacomprojects.scanandtranslate","com.niven.apptranslate","com.deepl.mobiletranslator","com.google.ar.lens","com.naver.labs.translator","com.language.translate.free.translator.voice.translation","translate.all.language.translator.cameratranslator","com.tangdi.baiguotong"]},{"rank":{"index":2,"lang":"zh-tw","country":"tw","chineseCountryName":"台湾","pkg":"com.spaceship.screen.textcopy"},"orders":["com.recognize_text.translate.screen","com.spaceship.screen.textcopy","com.tap_to_translate.snap_translate","com.niven.translator","com.screen.translate.google","com.gaminik.i18n","com.newmg.yurao.pro","com.niven.game","com.google.android.apps.translate","com.microsoft.translator","at.nk.tools.iTranslate","com.niven.comic","com.niven.apptranslate","com.voice_camera_free_translate","com.language.translate.free.translator.voice.translation","com.datacomprojects.scanandtranslate","com.google.ar.lens","com.tangdi.baiguotong","com.naver.labs.translator","com.deepl.mobiletranslator"]},{"rank":{"index":2,"lang":"en","country":"in","chineseCountryName":"印度","pkg":"com.spaceship.screen.textcopy"},"orders":["com.recognize_text.translate.screen","com.spaceship.screen.textcopy","com.tap_to_translate.snap_translate","com.google.android.apps.translate","com.gaminik.i18n","com.zaz.translate","at.nk.tools.iTranslate","com.deepl.mobiletranslator","com.google.ar.lens","com.sayhi.android.sayhitranslate","ru.yandex.translate","com.naver.labs.translator","com.newmg.yurao.pro","com.screen.translate.google","com.niven.translator","com.niven.game","com.niven.comic","screen.translator.voice.translate","com.galaxy.airviewdictionary","com.niven.apptranslate"]},{"rank":{"index":2,"lang":"id","country":"id","chineseCountryName":"印尼","pkg":"com.spaceship.screen.textcopy"},"orders":["com.recognize_text.translate.screen","com.spaceship.screen.textcopy","com.tap_to_translate.snap_translate","com.niven.translator","com.gaminik.i18n","com.niven.game","com.newmg.yurao.pro","com.screen.translate.google","com.niven.comic","com.google.android.apps.translate","com.deepl.mobiletranslator","com.niven.apptranslate","com.youdao.hindict","at.nk.tools.iTranslate"]},{"rank":{"index":2,"lang":"es-mx","country":"mx","chineseCountryName":"墨西哥","pkg":"com.spaceship.screen.textcopy"},"orders":["com.recognize_text.translate.screen","com.spaceship.screen.textcopy","com.tap_to_translate.snap_translate","com.gaminik.i18n","com.google.android.apps.translate","at.nk.tools.iTranslate","com.deepl.mobiletranslator","com.zaz.translate","ru.yandex.translate","com.flitto.app","com.translate.talkingtranslator","com.sayhi.android.sayhitranslate","com.softissimo.reverso.context","com.niven.translator","com.newmg.yurao.pro","com.screen.translate.google","com.niven.game","com.niven.comic","com.niven.apptranslate","com.google.ar.lens"]}]