[{"rank":{"index":2,"lang":"en-us","country":"us","chineseCountryName":"美国","pkg":"com.spaceship.screen.textcopy"},"orders":["com.recognize_text.translate.screen","com.spaceship.screen.textcopy","com.gaminik.i18n","com.tap_to_translate.snap_translate","com.microsoft.translator","com.mg.yurao.google","com.google.android.apps.translate","com.niven.game","com.niven.translator","com.translator.yellow","com.niven.comic","com.eecorp.linguago","screen.translator.voice.translate","com.newmg.yurao.pro","com.niven.apptranslate","com.tangdi.baiguotong","com.naver.labs.translator","at.nk.tools.iTranslate","com.translate.app","com.sayhi.android.sayhitranslate"]},{"rank":{"index":3,"lang":"ru","country":"ru","chineseCountryName":"俄罗斯","pkg":"com.spaceship.screen.textcopy"},"orders":["com.recognize_text.translate.screen","com.tap_to_translate.snap_translate","com.spaceship.screen.textcopy","com.microsoft.translator","com.niven.game","com.niven.translator","com.gaminik.i18n","com.google.android.apps.translate","com.niven.comic","com.eecorp.linguago","ru.yandex.translate","com.niven.apptranslate","screen.translator.voice.translate","com.kursx.smartbook","com.pidev.screentranslator","com.ydzlabs.chattranslator","com.tranit.text.translate","com.tangdi.baiguotong","com.deepl.mobiletranslator","com.datacomprojects.scanandtranslate"]},{"rank":{"index":2,"lang":"pt-br","country":"br","chineseCountryName":"巴西","pkg":"com.spaceship.screen.textcopy"},"orders":["com.recognize_text.translate.screen","com.spaceship.screen.textcopy","com.gaminik.i18n","com.tap_to_translate.snap_translate","com.niven.game","com.mg.yurao.google","com.niven.translator","com.niven.comic","com.microsoft.translator","com.eecorp.linguago","com.newmg.yurao.pro","com.niven.apptranslate","screen.translator.voice.translate","com.google.android.apps.translate","com.ydzlabs.chattranslator","com.pidev.screentranslator","com.tranit.text.translate","com.youdao.hindict","com.kursx.smartbook","com.abbyy.mobile.textgrabber.full"]},{"rank":{"index":2,"lang":"fr","country":"fr","chineseCountryName":"法国","pkg":"com.spaceship.screen.textcopy"},"orders":["com.recognize_text.translate.screen","com.spaceship.screen.textcopy","com.gaminik.i18n","com.mg.yurao.google","com.niven.game","com.tap_to_translate.snap_translate","com.microsoft.translator","com.niven.translator","com.niven.comic","com.eecorp.linguago","com.translator.yellow","com.newmg.yurao.pro","com.translate.app","screen.translator.voice.translate","com.niven.apptranslate","com.google.android.apps.translate","com.eecorp.taptranslator","com.abbyy.mobile.textgrabber.full","com.ydzlabs.chattranslator","com.pidev.screentranslator"]},{"rank":{"index":2,"lang":"en-gb","country":"gb","chineseCountryName":"英国","pkg":"com.spaceship.screen.textcopy"},"orders":["com.recognize_text.translate.screen","com.spaceship.screen.textcopy","com.tap_to_translate.snap_translate","com.microsoft.translator","com.mg.yurao.google","com.google.android.apps.translate","com.gaminik.i18n","screen.translator.voice.translate","com.niven.game","com.niven.translator","com.translator.yellow","com.niven.comic","com.eecorp.linguago","com.translate.app","com.newmg.yurao.pro","com.niven.apptranslate","com.sayhi.android.sayhitranslate","at.nk.tools.iTranslate","com.tangdi.baiguotong","com.eecorp.taptranslator"]},{"rank":{"index":2,"lang":"de","country":"de","chineseCountryName":"德国","pkg":"com.spaceship.screen.textcopy"},"orders":["com.recognize_text.translate.screen","com.spaceship.screen.textcopy","com.gaminik.i18n","com.mg.yurao.google","com.niven.game","com.tap_to_translate.snap_translate","com.niven.translator","com.microsoft.translator","com.niven.comic","com.eecorp.linguago","com.newmg.yurao.pro","com.translate.app","com.niven.apptranslate","com.translator.yellow","screen.translator.voice.translate","com.google.android.apps.translate","com.kursx.smartbook","ru.yandex.translate","com.pidev.screentranslator","com.deepl.mobiletranslator"]},{"rank":{"index":2,"lang":"it","country":"it","chineseCountryName":"意大利","pkg":"com.spaceship.screen.textcopy"},"orders":["com.recognize_text.translate.screen","com.spaceship.screen.textcopy","com.gaminik.i18n","com.niven.game","com.mg.yurao.google","screen.translator.voice.translate","com.niven.translator","com.tap_to_translate.snap_translate","com.microsoft.translator","com.niven.comic","com.eecorp.linguago","com.niven.apptranslate","com.newmg.yurao.pro"]},{"rank":{"index":4,"lang":"ja","country":"jp","chineseCountryName":"日本","pkg":"com.spaceship.screen.textcopy"},"orders":["com.recognize_text.translate.screen","com.eecorp.taptranslator","com.gaminik.i18n","com.spaceship.screen.textcopy","com.mg.yurao.google","com.tap_to_translate.snap_translate","com.niven.translator","com.niven.game","com.eecorp.linguago","com.niven.comic","com.newmg.yurao.pro","com.niven.apptranslate","screen.translator.voice.translate","com.microsoft.translator","com.google.android.apps.translate","com.abbyy.mobile.textgrabber.full","com.pidev.screentranslator","com.copy.paste.ocr.screen.text.copypastetrial","com.deepl.mobiletranslator","camera.translator.realtime"]},{"rank":{"index":2,"lang":"ko","country":"kr","chineseCountryName":"韩国","pkg":"com.spaceship.screen.textcopy"},"orders":["com.recognize_text.translate.screen","com.spaceship.screen.textcopy","com.tap_to_translate.snap_translate","com.mg.yurao.google","com.microsoft.translator","com.gaminik.i18n","com.niven.game","com.niven.translator","com.google.android.apps.translate","com.niven.comic","com.naver.labs.translator","com.eecorp.linguago","com.newmg.yurao.pro","com.niven.apptranslate","screen.translator.voice.translate","com.eecorp.taptranslator","com.flitto.app","com.kursx.smartbook","com.deepl.mobiletranslator","com.ydzlabs.chattranslator"]},{"rank":{"index":2,"lang":"zh-hk","country":"hk","chineseCountryName":"香港","pkg":"com.spaceship.screen.textcopy"},"orders":["com.recognize_text.translate.screen","com.spaceship.screen.textcopy","com.tap_to_translate.snap_translate","com.mg.yurao.google","com.microsoft.translator","com.niven.game","com.gaminik.i18n","com.google.android.apps.translate","com.niven.translator","com.niven.comic","com.tangdi.baiguotong","com.eecorp.linguago","com.newmg.yurao.pro","com.niven.apptranslate","com.kursx.smartbook","com.naver.labs.translator","screen.translator.voice.translate","at.nk.tools.iTranslate","com.ydzlabs.chattranslator","com.eecorp.taptranslator"]},{"rank":{"index":5,"lang":"zh-tw","country":"tw","chineseCountryName":"台湾","pkg":"com.spaceship.screen.textcopy"},"orders":["com.recognize_text.translate.screen","com.tap_to_translate.snap_translate","com.mg.yurao.google","com.microsoft.translator","com.spaceship.screen.textcopy","com.gaminik.i18n","com.niven.game","com.google.android.apps.translate","com.niven.translator","com.niven.comic","com.newmg.yurao.pro","com.eecorp.linguago","com.tangdi.baiguotong","com.niven.apptranslate","com.zaz.translate","com.kursx.smartbook","screen.translator.voice.translate","com.ydzlabs.chattranslator","com.naver.labs.translator","com.language.translate.free.translator.voice.translation"]},{"rank":{"index":2,"lang":"en","country":"in","chineseCountryName":"印度","pkg":"com.spaceship.screen.textcopy"},"orders":["com.recognize_text.translate.screen","com.spaceship.screen.textcopy","com.tap_to_translate.snap_translate","com.google.android.apps.translate","com.microsoft.translator","screen.translator.voice.translate","com.niven.game","com.zaz.translate","com.gaminik.i18n","com.niven.translator","com.niven.comic","com.newmg.yurao.pro","com.eecorp.linguago","com.tranit.text.translate","translate.smartranit.language.text","com.naver.labs.translator","com.abbyy.mobile.textgrabber.full","com.talpa.translate","at.nk.tools.iTranslate","com.mg.yurao.google"]},{"rank":{"index":2,"lang":"id","country":"id","chineseCountryName":"印尼","pkg":"com.spaceship.screen.textcopy"},"orders":["com.recognize_text.translate.screen","com.spaceship.screen.textcopy","com.gaminik.i18n","com.mg.yurao.google","com.niven.game","com.eecorp.linguago","com.tap_to_translate.snap_translate","com.niven.translator","com.newmg.yurao.pro","com.niven.comic","com.microsoft.translator","com.google.android.apps.translate","com.niven.apptranslate","screen.translator.voice.translate"]},{"rank":{"index":4,"lang":"es-mx","country":"mx","chineseCountryName":"墨西哥","pkg":"com.spaceship.screen.textcopy"},"orders":["com.recognize_text.translate.screen","com.gaminik.i18n","com.tap_to_translate.snap_translate","com.spaceship.screen.textcopy","com.mg.yurao.google","com.niven.game","com.microsoft.translator","com.niven.translator","com.niven.comic","com.eecorp.linguago","com.newmg.yurao.pro","com.niven.apptranslate","screen.translator.voice.translate","com.google.android.apps.translate","com.aldoo.pdftranslatorpro","com.youdao.hindict","at.nk.tools.iTranslate","com.softissimo.reverso.context","com.translator.translation.screen.translate.voice.languages.text.translating","ru.yandex.translate"]}]