[{"rank":{"index":2,"lang":"en-us","country":"us","chineseCountryName":"美国","pkg":"com.spaceship.screen.textcopy"},"orders":["com.recognize_text.translate.screen","com.spaceship.screen.textcopy","com.tap_to_translate.snap_translate","com.gaminik.i18n","com.newmg.yurao.pro","com.google.android.apps.translate","com.niven.game","com.niven.translator","com.microsoft.translator","com.tangdi.baiguotong","com.naver.labs.translator","com.deepl.mobiletranslator","com.paninitranslate","com.translate.talkingtranslator","at.nk.tools.iTranslate","com.duolingo","com.sayhi.android.sayhitranslate","com.android.chrome","com.ticktalk.translatevoice","com.discord"]},{"rank":{"index":2,"lang":"ru","country":"ru","chineseCountryName":"俄罗斯","pkg":"com.spaceship.screen.textcopy"},"orders":["com.recognize_text.translate.screen","com.spaceship.screen.textcopy","com.tap_to_translate.snap_translate","com.gaminik.i18n","com.google.android.apps.translate","com.niven.translator","com.niven.game","com.newmg.yurao.pro","ru.yandex.translate","com.microsoft.translator","com.deepl.mobiletranslator","com.duolingo","com.discord","com.android.chrome","com.naver.labs.translator","com.tangdi.baiguotong","com.truecaller","us.zoom.videomeetings","com.microsoft.office.word","com.skype.raider"]},{"rank":{"index":2,"lang":"pt-br","country":"br","chineseCountryName":"巴西","pkg":"com.spaceship.screen.textcopy"},"orders":["com.recognize_text.translate.screen","com.spaceship.screen.textcopy","com.tap_to_translate.snap_translate","com.gaminik.i18n","com.niven.translator","com.niven.game","com.galaxy.airviewdictionary","com.google.android.apps.translate","com.newmg.yurao.pro","com.android.chrome","com.discord","com.google.android.apps.photos","com.google.android.apps.docs","com.google.android.apps.maps","com.microsoft.office.outlook","com.skype.raider","com.google.android.deskclock","com.google.android.apps.youtube.creator","us.zoom.videomeetings","com.adobe.reader"]},{"rank":{"index":2,"lang":"fr","country":"fr","chineseCountryName":"法国","pkg":"com.spaceship.screen.textcopy"},"orders":["com.recognize_text.translate.screen","com.spaceship.screen.textcopy","com.tap_to_translate.snap_translate","com.gaminik.i18n","com.niven.game","com.niven.translator","com.newmg.yurao.pro","com.google.android.apps.translate","com.microsoft.translator","com.truecaller","com.android.chrome","com.discord","com.skype.raider","com.deepl.mobiletranslator","com.microsoft.office.outlook","com.google.android.apps.photos","com.duolingo","com.google.android.apps.youtube.creator","com.canva.editor","us.zoom.videomeetings"]},{"rank":{"index":2,"lang":"en-gb","country":"gb","chineseCountryName":"英国","pkg":"com.spaceship.screen.textcopy"},"orders":["com.recognize_text.translate.screen","com.spaceship.screen.textcopy","com.tap_to_translate.snap_translate","com.google.android.apps.translate","com.gaminik.i18n","com.niven.game","com.niven.translator","com.newmg.yurao.pro","com.microsoft.translator","com.deepl.mobiletranslator","com.tangdi.baiguotong","com.paninitranslate","com.naver.labs.translator","com.duolingo","com.android.chrome","com.google.android.apps.maps","com.zaz.translate","com.discord","com.truecaller","com.microsoft.office.outlook"]},{"rank":{"index":2,"lang":"de","country":"de","chineseCountryName":"德国","pkg":"com.spaceship.screen.textcopy"},"orders":["com.recognize_text.translate.screen","com.spaceship.screen.textcopy","com.tap_to_translate.snap_translate","com.newmg.yurao.pro","com.gaminik.i18n","com.niven.translator","com.niven.game","com.google.android.apps.translate","com.galaxy.airviewdictionary","com.microsoft.translator","com.discord","com.android.chrome","com.deepl.mobiletranslator","com.truecaller","com.skype.raider","com.microsoft.office.outlook","com.google.android.apps.photos","com.duolingo","us.zoom.videomeetings","com.google.android.apps.maps"]},{"rank":{"index":2,"lang":"it","country":"it","chineseCountryName":"意大利","pkg":"com.spaceship.screen.textcopy"},"orders":["com.recognize_text.translate.screen","com.spaceship.screen.textcopy","com.tap_to_translate.snap_translate","com.gaminik.i18n","com.niven.game","com.niven.translator","screen.translator.voice.translate","com.google.android.apps.translate","com.newmg.yurao.pro","com.galaxy.airviewdictionary","com.discord","com.android.chrome","com.skype.raider","com.google.android.apps.photos","com.microsoft.office.outlook","com.duolingo","com.truecaller","us.zoom.videomeetings","com.adobe.reader","com.google.android.apps.docs"]},{"rank":{"index":1,"lang":"ja","country":"jp","chineseCountryName":"日本","pkg":"com.spaceship.screen.textcopy"},"orders":["com.spaceship.screen.textcopy","com.recognize_text.translate.screen","com.gaminik.i18n","com.newmg.yurao.pro","com.niven.game","com.niven.translator","com.tap_to_translate.snap_translate","com.google.android.apps.translate","com.deepl.mobiletranslator","com.translate.talkingtranslator","com.galaxy.airviewdictionary","com.google.ar.lens","com.screen.translate.google","com.microsoft.translator","com.naver.labs.translator","com.discord","com.android.chrome","com.google.android.apps.maps","com.duolingo","com.google.android.deskclock"]},{"rank":{"index":2,"lang":"ko","country":"kr","chineseCountryName":"韩国","pkg":"com.spaceship.screen.textcopy"},"orders":["com.recognize_text.translate.screen","com.spaceship.screen.textcopy","com.gaminik.i18n","com.google.android.apps.translate","com.tap_to_translate.snap_translate","com.niven.game","com.niven.translator","com.naver.labs.translator","com.newmg.yurao.pro","com.microsoft.translator","com.deepl.mobiletranslator","com.paninitranslate","at.nk.tools.iTranslate","com.duolingo","com.simplemobiletools.draw.pro","com.zaz.translate","com.discord","com.android.chrome","us.zoom.videomeetings","com.sec.android.app.sbrowser"]},{"rank":{"index":2,"lang":"zh-hk","country":"hk","chineseCountryName":"香港","pkg":"com.spaceship.screen.textcopy"},"orders":["com.recognize_text.translate.screen","com.spaceship.screen.textcopy","com.tap_to_translate.snap_translate","com.gaminik.i18n","com.google.android.apps.translate","com.niven.game","com.niven.translator","com.newmg.yurao.pro","com.microsoft.translator","com.tangdi.baiguotong","com.naver.labs.translator","com.paninitranslate","com.android.chrome","com.google.android.apps.maps","com.duolingo","com.discord","com.deepl.mobiletranslator","com.simplemobiletools.draw.pro","com.gonext.chinesetranslator","us.zoom.videomeetings"]},{"rank":{"index":2,"lang":"zh-tw","country":"tw","chineseCountryName":"台湾","pkg":"com.spaceship.screen.textcopy"},"orders":["com.recognize_text.translate.screen","com.spaceship.screen.textcopy","com.tap_to_translate.snap_translate","com.gaminik.i18n","com.google.android.apps.translate","com.niven.game","com.niven.translator","com.newmg.yurao.pro","com.microsoft.translator","com.paninitranslate","com.tangdi.baiguotong","com.naver.labs.translator","com.deepl.mobiletranslator","com.duolingo","com.simplemobiletools.draw.pro","com.gonext.chinesetranslator","com.discord","com.google.android.apps.maps","com.skype.raider","com.android.chrome"]},{"rank":{"index":3,"lang":"en","country":"in","chineseCountryName":"印度","pkg":"com.spaceship.screen.textcopy"},"orders":["com.recognize_text.translate.screen","com.google.android.apps.translate","com.spaceship.screen.textcopy","com.niven.game","com.google.ar.core","com.google.android.deskclock","com.microsoft.translator","at.nk.tools.iTranslate","com.google.android.marvin.talkback","com.naver.labs.translator","com.deepl.mobiletranslator","com.ticktalk.translatevoice","com.simplemobiletools.draw","com.translate.talkingtranslator","com.gaminik.i18n"]},{"rank":{"index":2,"lang":"id","country":"id","chineseCountryName":"印尼","pkg":"com.spaceship.screen.textcopy"},"orders":["com.recognize_text.translate.screen","com.spaceship.screen.textcopy","com.tap_to_translate.snap_translate","com.gaminik.i18n","com.niven.translator","com.niven.game","com.newmg.yurao.pro","com.galaxy.airviewdictionary","com.google.android.apps.translate","com.android.chrome","com.google.android.apps.maps","com.discord","com.google.android.apps.docs"]},{"rank":{"index":2,"lang":"es-mx","country":"mx","chineseCountryName":"墨西哥","pkg":"com.spaceship.screen.textcopy"},"orders":["com.recognize_text.translate.screen","com.spaceship.screen.textcopy","com.gaminik.i18n","com.niven.translator","com.niven.game","com.tap_to_translate.snap_translate","com.google.android.apps.translate","com.simplemobiletools.draw.pro","com.newmg.yurao.pro","com.discord","com.android.chrome","com.google.android.apps.photos","com.google.android.apps.docs","com.microsoft.office.outlook","com.google.android.apps.maps","com.truecaller","com.google.android.deskclock","us.zoom.videomeetings","com.skype.raider","com.adobe.reader"]}]