[{"rank":{"index":2,"lang":"en-us","country":"us","chineseCountryName":"美国","pkg":"com.spaceship.screen.textcopy"},"orders":["com.recognize_text.translate.screen","com.spaceship.screen.textcopy","com.google.android.apps.translate","com.gaminik.i18n","com.microsoft.translator","com.niven.translator","com.niven.game","com.screen.translate.google","com.newmg.yurao.pro","at.nk.tools.iTranslate","com.zaz.translate","com.niven.comic","com.deepl.mobiletranslator","com.naver.labs.translator","com.eecorp.taptranslator","com.translate.language.translator.voice.translation","com.royalappcode.translation.voice.language.chat.interpreter","com.sayhi.android.sayhitranslate","com.google.ar.lens","com.android.chrome"]},{"rank":{"index":2,"lang":"ru","country":"ru","chineseCountryName":"俄罗斯","pkg":"com.spaceship.screen.textcopy"},"orders":["com.recognize_text.translate.screen","com.spaceship.screen.textcopy","com.gaminik.i18n","com.niven.translator","com.niven.game","ru.yandex.translate","com.screen.translate.google","com.newmg.yurao.pro","com.microsoft.translator","com.niven.comic","com.deepl.mobiletranslator","com.google.android.apps.translate","com.tap_to_translate.snap_translate","at.nk.tools.iTranslate","com.zaz.translate","com.niven.apptranslate","com.naver.labs.translator","com.google.ar.lens","com.android.chrome","com.youdao.hindict"]},{"rank":{"index":2,"lang":"fr","country":"fr","chineseCountryName":"法国","pkg":"com.spaceship.screen.textcopy"},"orders":["com.recognize_text.translate.screen","com.spaceship.screen.textcopy","com.gaminik.i18n","com.niven.game","com.screen.translate.google","com.niven.translator","com.google.android.apps.translate","com.niven.comic","com.newmg.yurao.pro","com.microsoft.translator","com.zaz.translate","at.nk.tools.iTranslate","com.eecorp.taptranslator","com.deepl.mobiletranslator","com.facebook.orca","com.image.camera.translate.ai","com.discord","com.google.android.apps.photos","ru.yandex.translate","com.android.chrome"]},{"rank":{"index":2,"lang":"en-gb","country":"gb","chineseCountryName":"英国","pkg":"com.spaceship.screen.textcopy"},"orders":["com.recognize_text.translate.screen","com.spaceship.screen.textcopy","com.gaminik.i18n","com.google.android.apps.translate","com.screen.translate.google","com.niven.translator","com.microsoft.translator","com.niven.game","at.nk.tools.iTranslate","com.zaz.translate","com.newmg.yurao.pro","com.niven.comic","com.image.camera.translate.ai","com.deepl.mobiletranslator","com.eecorp.taptranslator","com.facebook.orca","com.android.chrome","com.naver.labs.translator","com.discord","com.google.android.apps.maps"]},{"rank":{"index":2,"lang":"de","country":"de","chineseCountryName":"德国","pkg":"com.spaceship.screen.textcopy"},"orders":["com.recognize_text.translate.screen","com.spaceship.screen.textcopy","com.screen.translate.google","com.niven.translator","com.gaminik.i18n","com.niven.game","com.niven.comic","com.google.android.apps.translate","com.microsoft.translator","com.languagetranslator.translatorapp.smartscanner.dictionary.translation.voicetranslator","com.image.camera.translate.ai","com.eecorp.linguago","ru.yandex.translate","com.deepl.mobiletranslator","com.zaz.translate","com.newmg.yurao.pro","at.nk.tools.iTranslate","com.android.chrome","com.facebook.orca","com.google.android.apps.photos"]},{"rank":{"index":2,"lang":"it","country":"it","chineseCountryName":"意大利","pkg":"com.spaceship.screen.textcopy"},"orders":["com.recognize_text.translate.screen","com.spaceship.screen.textcopy","com.gaminik.i18n","com.screen.translate.google","com.niven.game","com.niven.translator","com.newmg.yurao.pro","com.google.android.apps.translate","com.niven.comic","com.microsoft.translator","com.eecorp.taptranslator","at.nk.tools.iTranslate","com.deepl.mobiletranslator","com.image.camera.translate.ai","com.facebook.orca","com.discord","com.google.android.apps.photos","com.amazon.kindle","com.duolingo","com.microsoft.office.outlook"]},{"rank":{"index":2,"lang":"ja","country":"jp","chineseCountryName":"日本","pkg":"com.spaceship.screen.textcopy"},"orders":["com.recognize_text.translate.screen","com.spaceship.screen.textcopy","com.gaminik.i18n","com.screen.translate.google","com.niven.game","com.niven.translator","com.niven.comic","com.google.android.apps.translate","com.newmg.yurao.pro","com.microsoft.translator","com.deepl.mobiletranslator","com.facebook.orca","com.naver.labs.translator","com.android.chrome","com.discord","com.google.android.apps.maps","at.nk.tools.iTranslate","com.amazon.kindle","com.google.ar.lens","com.duolingo"]},{"rank":{"index":2,"lang":"ko","country":"kr","chineseCountryName":"韩国","pkg":"com.spaceship.screen.textcopy"},"orders":["com.recognize_text.translate.screen","com.spaceship.screen.textcopy","com.gaminik.i18n","com.niven.game","com.screen.translate.google","com.niven.translator","com.niven.comic","com.newmg.yurao.pro","com.google.android.apps.translate","com.naver.labs.translator","com.microsoft.translator","com.niven.apptranslate","com.facebook.orca","at.nk.tools.iTranslate","com.discord","com.sec.android.app.sbrowser","com.zaz.translate","com.android.chrome","com.deepl.mobiletranslator","us.zoom.videomeetings"]},{"rank":{"index":2,"lang":"zh-hk","country":"hk","chineseCountryName":"香港","pkg":"com.spaceship.screen.textcopy"},"orders":["com.recognize_text.translate.screen","com.spaceship.screen.textcopy","com.gaminik.i18n","com.screen.translate.google","com.niven.game","com.niven.translator","com.google.android.apps.translate","com.niven.comic","com.newmg.yurao.pro","com.zaz.translate","com.microsoft.translator","at.nk.tools.iTranslate","com.eecorp.taptranslator","com.facebook.orca","com.naver.labs.translator","com.android.chrome","com.google.android.apps.maps","com.deepl.mobiletranslator","com.discord","com.google.ar.lens"]},{"rank":{"index":2,"lang":"zh-tw","country":"tw","chineseCountryName":"台湾","pkg":"com.spaceship.screen.textcopy"},"orders":["com.recognize_text.translate.screen","com.spaceship.screen.textcopy","com.gaminik.i18n","com.screen.translate.google","com.niven.game","com.niven.translator","com.google.android.apps.translate","com.newmg.yurao.pro","com.microsoft.translator","com.niven.comic","com.naver.labs.translator","at.nk.tools.iTranslate","com.facebook.orca","com.discord","com.android.chrome","com.google.android.apps.maps","com.zaz.translate","com.google.ar.lens","com.skype.raider","com.duolingo"]},{"rank":{"index":2,"lang":"en","country":"in","chineseCountryName":"印度","pkg":"com.spaceship.screen.textcopy"},"orders":["com.recognize_text.translate.screen","com.spaceship.screen.textcopy","com.google.android.apps.translate","com.screen.translate.google","com.newmg.yurao.pro","com.zaz.translate","com.microsoft.translator","com.niven.game","com.niven.translator","com.tap_to_translate.snap_translate","com.naver.labs.translator","at.nk.tools.iTranslate","com.deepl.mobiletranslator","com.google.ar.lens","ru.yandex.translate","com.amazon.dee.app","com.azure.authenticator","com.softissimo.reverso.context","com.sayhi.android.sayhitranslate","com.gaminik.i18n"]},{"rank":{"index":2,"lang":"id","country":"id","chineseCountryName":"印尼","pkg":"com.spaceship.screen.textcopy"},"orders":["com.recognize_text.translate.screen","com.spaceship.screen.textcopy","com.gaminik.i18n","com.niven.translator","com.niven.game","com.screen.translate.google","com.niven.comic","com.newmg.yurao.pro","com.tap_to_translate.snap_translate","com.google.android.apps.translate","com.youdao.hindict"]},{"rank":{"index":2,"lang":"es-mx","country":"mx","chineseCountryName":"墨西哥","pkg":"com.spaceship.screen.textcopy"},"orders":["com.recognize_text.translate.screen","com.spaceship.screen.textcopy","com.niven.game","com.tap_to_translate.snap_translate","com.screen.translate.google","com.google.android.apps.translate","at.nk.tools.iTranslate","com.microsoft.translator","com.youdao.hindict","com.zaz.translate","com.deepl.mobiletranslator","com.niven.comic","ru.yandex.translate","com.naver.labs.translator","com.newmg.yurao.pro","com.microblink.photomath","com.niven.apptranslate","com.softissimo.reverso.context","com.gaminik.i18n","com.niven.translator"]}]