[{"rank":{"index":2,"lang":"en-us","country":"us","chineseCountryName":"美国","pkg":"com.spaceship.screen.textcopy"},"orders":["com.recognize_text.translate.screen","com.spaceship.screen.textcopy","com.tap_to_translate.snap_translate","com.niven.translator","com.google.android.apps.translate","com.microsoft.translator","com.newmg.yurao.pro","com.gaminik.i18n","com.immersivetranslate.browser","com.naver.labs.translator","com.niven.game","com.screen.translate.google","com.deepl.mobiletranslator","com.niven.apptranslate","com.zaz.translate","com.eecorp.linguago","screen.translator.voice.translate","at.nk.tools.iTranslate","ru.yandex.translate","com.eecorp.taptranslator"]},{"rank":{"index":0,"lang":"ru","country":"ru","chineseCountryName":"俄罗斯","pkg":"com.spaceship.screen.textcopy"},"orders":["com.recognize_text.translate.screen","com.niven.translator","com.tap_to_translate.snap_translate","com.newmg.yurao.pro","com.microsoft.translator","com.google.android.apps.translate","com.niven.game","com.gaminik.i18n","ru.yandex.translate","com.immersivetranslate.browser","com.deepl.mobiletranslator","com.tangdi.baiguotong","com.niven.apptranslate","com.naver.labs.translator","com.screen.translate.google","com.zaz.translate","com.webcatalog.translatium","at.nk.tools.iTranslate","com.mg.chat","com.eecorp.linguago"]},{"rank":{"index":2,"lang":"pt-br","country":"br","chineseCountryName":"巴西","pkg":"com.spaceship.screen.textcopy"},"orders":["com.recognize_text.translate.screen","com.spaceship.screen.textcopy","com.tap_to_translate.snap_translate","com.gaminik.i18n","com.newmg.yurao.pro","com.niven.translator","com.microsoft.translator","com.niven.game","com.immersivetranslate.browser","com.google.android.apps.translate","com.niven.apptranslate","com.tangdi.baiguotong","com.screen.translate.google","com.eecorp.taptranslator","com.eecorp.linguago","com.deepl.mobiletranslator","com.zaz.translate","com.voice_camera_free_translate","at.nk.tools.iTranslate","com.youdao.hindict"]},{"rank":{"index":2,"lang":"fr","country":"fr","chineseCountryName":"法国","pkg":"com.spaceship.screen.textcopy"},"orders":["com.recognize_text.translate.screen","com.spaceship.screen.textcopy","com.tap_to_translate.snap_translate","com.gaminik.i18n","com.newmg.yurao.pro","com.niven.translator","com.microsoft.translator","com.niven.game","com.google.android.apps.translate","com.screen.translate.google","com.eecorp.linguago","com.niven.apptranslate","com.zaz.translate","com.eecorp.taptranslator","com.immersivetranslate.browser","com.deepl.mobiletranslator","com.tangdi.baiguotong","at.nk.tools.iTranslate","com.naver.labs.translator","ru.yandex.translate"]},{"rank":{"index":2,"lang":"en-gb","country":"gb","chineseCountryName":"英国","pkg":"com.spaceship.screen.textcopy"},"orders":["com.recognize_text.translate.screen","com.spaceship.screen.textcopy","com.tap_to_translate.snap_translate","com.newmg.yurao.pro","com.google.android.apps.translate","com.microsoft.translator","com.niven.translator","com.gaminik.i18n","com.immersivetranslate.browser","com.niven.game","com.zaz.translate","com.naver.labs.translator","at.nk.tools.iTranslate","com.deepl.mobiletranslator","com.tangdi.baiguotong","ru.yandex.translate","com.youdao.hindict","com.fapp.translate.language.translator.fasttranslation","com.screen.translate.google","com.niven.apptranslate"]},{"rank":{"index":2,"lang":"de","country":"de","chineseCountryName":"德国","pkg":"com.spaceship.screen.textcopy"},"orders":["com.recognize_text.translate.screen","com.spaceship.screen.textcopy","com.tap_to_translate.snap_translate","com.newmg.yurao.pro","com.niven.translator","com.gaminik.i18n","com.microsoft.translator","com.google.android.apps.translate","com.immersivetranslate.browser","com.niven.game","com.deepl.mobiletranslator","com.screen.translate.google","com.niven.apptranslate","com.eecorp.linguago","com.eecorp.taptranslator","com.tangdi.baiguotong","com.zaz.translate","ru.yandex.translate","at.nk.tools.iTranslate","com.voice_camera_free_translate"]},{"rank":{"index":2,"lang":"it","country":"it","chineseCountryName":"意大利","pkg":"com.spaceship.screen.textcopy"},"orders":["com.recognize_text.translate.screen","com.spaceship.screen.textcopy","com.tap_to_translate.snap_translate","com.newmg.yurao.pro","com.gaminik.i18n","com.niven.translator","com.microsoft.translator","com.niven.game","com.google.android.apps.translate","com.immersivetranslate.browser","com.screen.translate.google","com.niven.apptranslate","com.tangdi.baiguotong","com.deepl.mobiletranslator","com.eecorp.taptranslator","com.zaz.translate","com.eecorp.linguago","com.google.ar.lens","at.nk.tools.iTranslate","ru.yandex.translate"]},{"rank":{"index":2,"lang":"ja","country":"jp","chineseCountryName":"日本","pkg":"com.spaceship.screen.textcopy"},"orders":["com.recognize_text.translate.screen","com.spaceship.screen.textcopy","com.tap_to_translate.snap_translate","com.newmg.yurao.pro","com.niven.translator","com.gaminik.i18n","com.microsoft.translator","com.naver.labs.translator","com.deepl.mobiletranslator","com.niven.game","com.immersivetranslate.browser","com.google.android.apps.translate","com.screen.translate.google","com.niven.apptranslate"]},{"rank":{"index":3,"lang":"ko","country":"kr","chineseCountryName":"韩国","pkg":"com.spaceship.screen.textcopy"},"orders":["com.recognize_text.translate.screen","com.tap_to_translate.snap_translate","com.spaceship.screen.textcopy","com.newmg.yurao.pro","com.niven.translator","com.gaminik.i18n","com.microsoft.translator","com.niven.game","com.naver.labs.translator","com.google.android.apps.translate","com.immersivetranslate.browser","com.screen.translate.google","com.niven.apptranslate","com.deepl.mobiletranslator","com.eecorp.linguago","com.zaz.translate","com.eecorp.taptranslator","com.google.ar.lens","at.nk.tools.iTranslate","link.zhidou.btranslator"]},{"rank":{"index":2,"lang":"zh-hk","country":"hk","chineseCountryName":"香港","pkg":"com.spaceship.screen.textcopy"},"orders":["com.recognize_text.translate.screen","com.spaceship.screen.textcopy","com.tap_to_translate.snap_translate","com.newmg.yurao.pro","com.gaminik.i18n","com.niven.translator","com.microsoft.translator","com.google.android.apps.translate","com.immersivetranslate.browser","com.niven.game","com.naver.labs.translator","com.deepl.mobiletranslator","com.tangdi.baiguotong","com.niven.apptranslate","com.screen.translate.google","at.nk.tools.iTranslate","com.eecorp.linguago","com.zaz.translate","com.eecorp.taptranslator","com.voice_camera_free_translate"]},{"rank":{"index":2,"lang":"zh-tw","country":"tw","chineseCountryName":"台湾","pkg":"com.spaceship.screen.textcopy"},"orders":["com.recognize_text.translate.screen","com.spaceship.screen.textcopy","com.newmg.yurao.pro","com.microsoft.translator","com.tap_to_translate.snap_translate","com.niven.translator","com.gaminik.i18n","com.google.android.apps.translate","com.immersivetranslate.browser","com.niven.game","com.tangdi.baiguotong","com.naver.labs.translator","com.niven.apptranslate","com.screen.translate.google","com.eecorp.linguago","com.deepl.mobiletranslator","at.nk.tools.iTranslate","com.eecorp.taptranslator","com.zaz.translate","ru.yandex.translate"]},{"rank":{"index":2,"lang":"en","country":"in","chineseCountryName":"印度","pkg":"com.spaceship.screen.textcopy"},"orders":["com.recognize_text.translate.screen","com.spaceship.screen.textcopy","com.newmg.yurao.pro","com.google.android.apps.translate"]},{"rank":{"index":2,"lang":"id","country":"id","chineseCountryName":"印尼","pkg":"com.spaceship.screen.textcopy"},"orders":["com.recognize_text.translate.screen","com.spaceship.screen.textcopy","com.tap_to_translate.snap_translate","com.newmg.yurao.pro","com.gaminik.i18n","com.niven.translator","com.niven.game","com.eecorp.taptranslator","com.screen.translate.google","com.niven.apptranslate"]},{"rank":{"index":1,"lang":"es-mx","country":"mx","chineseCountryName":"墨西哥","pkg":"com.spaceship.screen.textcopy"},"orders":["com.spaceship.screen.textcopy","com.recognize_text.translate.screen","com.newmg.yurao.pro","com.tap_to_translate.snap_translate","com.gaminik.i18n","com.niven.translator","com.microsoft.translator","com.niven.game","com.google.android.apps.translate","com.niven.apptranslate","com.screen.translate.google","com.immersivetranslate.browser","com.eecorp.taptranslator","com.tangdi.baiguotong","com.deepl.mobiletranslator","com.eecorp.linguago","com.zaz.translate","at.nk.tools.iTranslate","com.google.ar.lens","com.youdao.hindict"]}]