[{"rank":{"index":2,"lang":"en-us","country":"us","chineseCountryName":"美国","pkg":"com.spaceship.screen.textcopy"},"orders":["com.recognize_text.translate.screen","com.spaceship.screen.textcopy","com.screen.translate.google","com.yoyodev.screentranslate","com.gaminik.i18n","com.niven.translator","com.galaxy.airviewdictionary","com.aurasense.screentranslate","com.tap_to_translate.snap_translate","com.newmg.yurao.pro","com.google.android.apps.translate","com.newtranslate.google","com.niven.apptranslate","com.deepl.mobiletranslator","com.niven.game","com.microsoft.translator","translate.speech.text.translation.voicetranslator","ru.yandex.translate","at.nk.tools.iTranslate","link.zhidou.btranslator"]},{"rank":{"index":5,"lang":"ru","country":"ru","chineseCountryName":"俄罗斯","pkg":"com.spaceship.screen.textcopy"},"orders":["com.recognize_text.translate.screen","com.niven.translator","com.tap_to_translate.snap_translate","com.yoyodev.screentranslate","com.spaceship.screen.textcopy","com.gaminik.i18n","com.screen.translate.google","com.galaxy.airviewdictionary","com.newmg.yurao.pro","com.newtranslate.google","ru.yandex.translate","com.niven.apptranslate","com.google.android.apps.translate","com.niven.game","com.zaz.translate","com.screen.translator.text.recognize","co.appnation.aivoicetranslator","com.microsoft.translator","live.screentranslate.realtime","at.nk.tools.iTranslate"]},{"rank":{"index":2,"lang":"pt-br","country":"br","chineseCountryName":"巴西","pkg":"com.spaceship.screen.textcopy"},"orders":["com.recognize_text.translate.screen","com.spaceship.screen.textcopy","com.niven.translator","com.screen.translate.google","com.gaminik.i18n","com.tap_to_translate.snap_translate","com.galaxy.airviewdictionary","com.newtranslate.google","com.newmg.yurao.pro","com.google.android.apps.translate","com.niven.apptranslate","com.deepl.mobiletranslator","com.niven.game","translate.speech.text.translation.voicetranslator","ru.yandex.translate","com.microsoft.translator","co.appnation.aivoicetranslator","link.zhidou.btranslator","translateonscreen.taptotranslate.screentranslator.screenandphototranslator","com.hive.lingonative"]},{"rank":{"index":3,"lang":"fr","country":"fr","chineseCountryName":"法国","pkg":"com.spaceship.screen.textcopy"},"orders":["com.recognize_text.translate.screen","com.yoyodev.screentranslate","com.spaceship.screen.textcopy","com.screen.translate.google","com.gaminik.i18n","com.tap_to_translate.snap_translate","com.niven.translator","com.galaxy.airviewdictionary","com.newmg.yurao.pro","com.aurasense.screentranslate","com.newtranslate.google","com.google.android.apps.translate","com.deepl.mobiletranslator","com.niven.apptranslate","link.zhidou.btranslator","co.appnation.aivoicetranslator","com.microsoft.translator","photo.translate.camera.translator","com.hive.lingonative","com.zaz.translate"]},{"rank":{"index":2,"lang":"en-gb","country":"gb","chineseCountryName":"英国","pkg":"com.spaceship.screen.textcopy"},"orders":["com.recognize_text.translate.screen","com.spaceship.screen.textcopy","com.screen.translate.google","com.yoyodev.screentranslate","com.galaxy.airviewdictionary","com.niven.translator","com.gaminik.i18n","com.tap_to_translate.snap_translate","com.aurasense.screentranslate","com.newmg.yurao.pro","com.google.android.apps.translate","com.newtranslate.google","com.niven.apptranslate","com.deepl.mobiletranslator","com.niven.game","link.zhidou.btranslator","translate.speech.text.translation.voicetranslator","co.appnation.aivoicetranslator","at.nk.tools.iTranslate","ru.yandex.translate"]},{"rank":{"index":3,"lang":"de","country":"de","chineseCountryName":"德国","pkg":"com.spaceship.screen.textcopy"},"orders":["com.recognize_text.translate.screen","com.gaminik.i18n","com.spaceship.screen.textcopy","com.yoyodev.screentranslate","com.screen.translate.google","com.niven.translator","com.tap_to_translate.snap_translate","com.galaxy.airviewdictionary","com.newmg.yurao.pro","com.aurasense.screentranslate","com.google.android.apps.translate","com.newtranslate.google","com.deepl.mobiletranslator","com.niven.apptranslate","link.zhidou.btranslator","com.microsoft.translator","co.appnation.aivoicetranslator","com.niven.game","ru.yandex.translate","com.zaz.translate"]},{"rank":{"index":4,"lang":"it","country":"it","chineseCountryName":"意大利","pkg":"com.spaceship.screen.textcopy"},"orders":["com.recognize_text.translate.screen","com.tap_to_translate.snap_translate","com.yoyodev.screentranslate","com.spaceship.screen.textcopy","com.screen.translate.google","com.gaminik.i18n","com.niven.translator","com.newmg.yurao.pro","com.aurasense.screentranslate","com.galaxy.airviewdictionary","com.newtranslate.google","com.google.android.apps.translate","com.niven.apptranslate","com.deepl.mobiletranslator","co.appnation.aivoicetranslator","com.esarikaya.screentranslate","com.microsoft.translator","link.zhidou.btranslator","com.easy.all.language.translate","com.screen.translator.text.recognize"]},{"rank":{"index":5,"lang":"ja","country":"jp","chineseCountryName":"日本","pkg":"com.spaceship.screen.textcopy"},"orders":["com.recognize_text.translate.screen","com.gaminik.i18n","com.screen.translate.google","com.tap_to_translate.snap_translate","com.spaceship.screen.textcopy","com.niven.translator","com.galaxy.airviewdictionary","com.aurasense.screentranslate","com.newmg.yurao.pro","com.newtranslate.google","com.google.android.apps.translate","com.niven.apptranslate","com.deepl.mobiletranslator"]},{"rank":{"index":3,"lang":"ko","country":"kr","chineseCountryName":"韩国","pkg":"com.spaceship.screen.textcopy"},"orders":["com.recognize_text.translate.screen","com.gaminik.i18n","com.spaceship.screen.textcopy","com.screen.translate.google","com.niven.translator","com.aurasense.screentranslate","com.galaxy.airviewdictionary","com.tap_to_translate.snap_translate","com.newtranslate.google","com.newmg.yurao.pro","com.google.android.apps.translate","com.hive.lingonative","com.niven.apptranslate","com.esarikaya.screentranslate","live.screentranslate.realtime","com.naver.labs.translator","com.deepl.mobiletranslator","com.zaz.translate","com.niven.game","com.microsoft.translator"]},{"rank":{"index":2,"lang":"zh-hk","country":"hk","chineseCountryName":"香港","pkg":"com.spaceship.screen.textcopy"},"orders":["com.recognize_text.translate.screen","com.spaceship.screen.textcopy","com.screen.translate.google","com.galaxy.airviewdictionary","com.gaminik.i18n","com.aurasense.screentranslate","com.yoyodev.screentranslate","com.niven.translator","com.tap_to_translate.snap_translate","com.newmg.yurao.pro","com.newtranslate.google","com.google.android.apps.translate","com.niven.apptranslate","com.deepl.mobiletranslator","ru.yandex.translate","com.zaz.translate","link.zhidou.btranslator","at.nk.tools.iTranslate","com.naver.labs.translator","com.microsoft.translator"]},{"rank":{"index":4,"lang":"zh-tw","country":"tw","chineseCountryName":"台湾","pkg":"com.spaceship.screen.textcopy"},"orders":["com.recognize_text.translate.screen","com.screen.translate.google","com.yoyodev.screentranslate","com.spaceship.screen.textcopy","com.gaminik.i18n","com.aurasense.screentranslate","com.newmg.yurao.pro","com.galaxy.airviewdictionary","com.niven.translator","com.tap_to_translate.snap_translate","com.newtranslate.google","com.google.android.apps.translate","com.niven.apptranslate","com.deepl.mobiletranslator","com.esarikaya.screentranslate","com.zaz.translate","com.easy.all.language.translate","com.microsoft.translator","co.appnation.aivoicetranslator","com.naver.labs.translator"]},{"rank":{"index":0,"lang":"en","country":"in","chineseCountryName":"印度","pkg":"com.spaceship.screen.textcopy"},"orders":["com.recognize_text.translate.screen","com.gaminik.i18n","com.tap_to_translate.snap_translate","com.google.android.apps.translate","com.zaz.translate","ru.yandex.translate","com.easy.all.language.translate","co.appnation.aivoicetranslator","com.galaxy.airviewdictionary","com.screen.translate.google","com.niven.translator","com.newmg.yurao.pro","com.yoyodev.screentranslate","com.newtranslate.google","com.aurasense.screentranslate","translate.speech.text.translation.voicetranslator","screen.translator.voice.translate","com.niven.apptranslate","at.nk.tools.iTranslate","com.microsoft.translator"]},{"rank":{"index":4,"lang":"id","country":"id","chineseCountryName":"印尼","pkg":"com.spaceship.screen.textcopy"},"orders":["com.recognize_text.translate.screen","com.tap_to_translate.snap_translate","com.yoyodev.screentranslate","com.spaceship.screen.textcopy","com.niven.translator","com.screen.translate.google","com.gaminik.i18n","com.aurasense.screentranslate","com.newmg.yurao.pro","com.galaxy.airviewdictionary"]},{"rank":{"index":2,"lang":"es-mx","country":"mx","chineseCountryName":"墨西哥","pkg":"com.spaceship.screen.textcopy"},"orders":["com.recognize_text.translate.screen","com.spaceship.screen.textcopy","com.tap_to_translate.snap_translate","com.gaminik.i18n","com.google.android.apps.translate","com.zaz.translate","at.nk.tools.iTranslate","com.microsoft.translator","ru.yandex.translate","com.galaxy.airviewdictionary","com.niven.translator","com.screen.translate.google","com.yoyodev.screentranslate","com.newmg.yurao.pro","com.newtranslate.google","com.aurasense.screentranslate","screen.translator.voice.translate","com.screen.translator.text.recognize","com.niven.apptranslate","translateonscreen.taptotranslate.screentranslator.screenandphototranslator"]}]