[{"rank":{"index":2,"lang":"en-us","country":"us","chineseCountryName":"美国","pkg":"com.spaceship.screen.textcopy"},"orders":["com.recognize_text.translate.screen","com.spaceship.screen.textcopy","com.tap_to_translate.snap_translate","com.microsoft.translator","com.google.android.apps.translate","com.niven.translator","com.gaminik.i18n","com.newmg.yurao.pro","at.nk.tools.iTranslate","com.translate.talkingtranslator","com.screen.translate.google","com.language.translate.free.translator.voice.translation","com.google.ar.lens","com.naver.labs.translator","com.niven.game","com.sayhi.android.sayhitranslate","com.translate.language.translator.voice.translation","com.zaz.translate","com.niven.comic","com.deepl.mobiletranslator"]},{"rank":{"index":0,"lang":"ru","country":"ru","chineseCountryName":"俄罗斯","pkg":"com.spaceship.screen.textcopy"},"orders":["com.recognize_text.translate.screen","com.niven.translator","com.tap_to_translate.snap_translate","com.newmg.yurao.pro","com.microsoft.translator","com.google.android.apps.translate","com.gaminik.i18n","ru.yandex.translate","com.niven.game","at.nk.tools.iTranslate","com.datacomprojects.scanandtranslate","com.google.ar.lens","com.deepl.mobiletranslator","com.language.translate.free.translator.voice.translation","com.translate.talkingtranslator","com.wooask.zx","com.screen.translate.google","com.sayhi.android.sayhitranslate","com.niven.comic","com.translate.language.translator.voice.translation"]},{"rank":{"index":2,"lang":"pt-br","country":"br","chineseCountryName":"巴西","pkg":"com.spaceship.screen.textcopy"},"orders":["com.recognize_text.translate.screen","com.spaceship.screen.textcopy","com.tap_to_translate.snap_translate","com.gaminik.i18n","com.microsoft.translator","com.niven.translator","com.newmg.yurao.pro","at.nk.tools.iTranslate","com.screen.translate.google","com.niven.game","com.niven.comic","com.translate.language.translator.voice.translation","com.google.android.apps.translate","com.niven.apptranslate","com.zaz.translate","com.translate.talkingtranslator","com.voice_camera_free_translate","com.youdao.hindict","com.language.translate.free.translator.voice.translation","com.deepl.mobiletranslator"]},{"rank":{"index":2,"lang":"fr","country":"fr","chineseCountryName":"法国","pkg":"com.spaceship.screen.textcopy"},"orders":["com.recognize_text.translate.screen","com.spaceship.screen.textcopy","com.tap_to_translate.snap_translate","com.microsoft.translator","com.newmg.yurao.pro","com.gaminik.i18n","com.niven.translator","at.nk.tools.iTranslate","com.google.android.apps.translate","com.translate.talkingtranslator","com.screen.translate.google","com.language.translate.free.translator.voice.translation","com.niven.game","com.google.ar.lens","com.datacomprojects.scanandtranslate","com.wooask.zx","com.translate.language.translator.voice.translation","com.zaz.translate","com.niven.comic","com.deepl.mobiletranslator"]},{"rank":{"index":2,"lang":"en-gb","country":"gb","chineseCountryName":"英国","pkg":"com.spaceship.screen.textcopy"},"orders":["com.recognize_text.translate.screen","com.spaceship.screen.textcopy","com.tap_to_translate.snap_translate","com.microsoft.translator","com.google.android.apps.translate","com.newmg.yurao.pro","com.gaminik.i18n","com.niven.translator","com.google.ar.lens","at.nk.tools.iTranslate","com.translate.talkingtranslator","com.screen.translate.google","com.language.translate.free.translator.voice.translation","com.zaz.translate","com.deepl.mobiletranslator","com.niven.game","com.sayhi.android.sayhitranslate","com.naver.labs.translator","com.wooask.zx","com.datacomprojects.scanandtranslate"]},{"rank":{"index":2,"lang":"de","country":"de","chineseCountryName":"德国","pkg":"com.spaceship.screen.textcopy"},"orders":["com.recognize_text.translate.screen","com.spaceship.screen.textcopy","com.tap_to_translate.snap_translate","com.microsoft.translator","com.niven.translator","com.gaminik.i18n","com.newmg.yurao.pro","com.google.android.apps.translate","at.nk.tools.iTranslate","com.translate.talkingtranslator","com.language.translate.free.translator.voice.translation","com.deepl.mobiletranslator","com.screen.translate.google","com.niven.game","com.sayhi.android.sayhitranslate","com.wooask.zx","com.datacomprojects.scanandtranslate","com.traductorweb","com.google.ar.lens","com.tangdi.baiguotong"]},{"rank":{"index":2,"lang":"it","country":"it","chineseCountryName":"意大利","pkg":"com.spaceship.screen.textcopy"},"orders":["com.recognize_text.translate.screen","com.spaceship.screen.textcopy","com.tap_to_translate.snap_translate","com.microsoft.translator","com.gaminik.i18n","com.newmg.yurao.pro","com.niven.translator","com.google.android.apps.translate","at.nk.tools.iTranslate","com.google.ar.lens","com.niven.game"]},{"rank":{"index":2,"lang":"ja","country":"jp","chineseCountryName":"日本","pkg":"com.spaceship.screen.textcopy"},"orders":["com.recognize_text.translate.screen","com.spaceship.screen.textcopy","com.tap_to_translate.snap_translate","com.microsoft.translator","com.newmg.yurao.pro","com.gaminik.i18n","com.google.ar.lens","com.niven.translator","com.google.android.apps.translate","at.nk.tools.iTranslate","com.niven.game","com.translate.talkingtranslator"]},{"rank":{"index":2,"lang":"ko","country":"kr","chineseCountryName":"韩国","pkg":"com.spaceship.screen.textcopy"},"orders":["com.recognize_text.translate.screen","com.spaceship.screen.textcopy","com.tap_to_translate.snap_translate","com.microsoft.translator","com.google.android.apps.translate","com.newmg.yurao.pro","com.gaminik.i18n","com.naver.labs.translator","com.niven.translator","com.google.ar.lens","at.nk.tools.iTranslate","com.language.translate.free.translator.voice.translation","com.deepl.mobiletranslator","com.translate.talkingtranslator","com.niven.game","com.screen.translate.google","com.translate.language.translator.voice.translation","com.zaz.translate","com.wooask.zx","com.niven.comic"]},{"rank":{"index":1,"lang":"zh-hk","country":"hk","chineseCountryName":"香港","pkg":"com.spaceship.screen.textcopy"},"orders":["com.spaceship.screen.textcopy","com.recognize_text.translate.screen","com.microsoft.translator","com.google.android.apps.translate","com.tap_to_translate.snap_translate","com.newmg.yurao.pro","com.gaminik.i18n","com.google.ar.lens","at.nk.tools.iTranslate","com.niven.translator","com.screen.translate.google","com.naver.labs.translator","com.language.translate.free.translator.voice.translation","jp.go.nict.voicetra","com.deepl.mobiletranslator","com.immersivetranslate.browser","com.tangdi.baiguotong","com.wooask.zx","com.translate.talkingtranslator","com.niven.game"]},{"rank":{"index":2,"lang":"zh-tw","country":"tw","chineseCountryName":"台湾","pkg":"com.spaceship.screen.textcopy"},"orders":["com.recognize_text.translate.screen","com.spaceship.screen.textcopy","com.tap_to_translate.snap_translate","com.microsoft.translator","com.google.android.apps.translate","com.newmg.yurao.pro","com.gaminik.i18n","com.niven.translator","at.nk.tools.iTranslate","com.google.ar.lens","com.translate.talkingtranslator","com.naver.labs.translator","com.niven.game","com.language.translate.free.translator.voice.translation","jp.go.nict.voicetra","com.tangdi.baiguotong","com.screen.translate.google","com.deepl.mobiletranslator","com.immersivetranslate.browser","com.sayhi.android.sayhitranslate"]},{"rank":{"index":2,"lang":"en","country":"in","chineseCountryName":"印度","pkg":"com.spaceship.screen.textcopy"},"orders":["com.recognize_text.translate.screen","com.spaceship.screen.textcopy","com.tap_to_translate.snap_translate"]},{"rank":{"index":2,"lang":"id","country":"id","chineseCountryName":"印尼","pkg":"com.spaceship.screen.textcopy"},"orders":["com.recognize_text.translate.screen","com.spaceship.screen.textcopy","com.tap_to_translate.snap_translate","com.gaminik.i18n","com.niven.translator","com.newmg.yurao.pro","com.microsoft.translator","com.screen.translate.google","com.niven.game","at.nk.tools.iTranslate","com.google.android.apps.translate","com.youdao.hindict","com.zaz.translate"]},{"rank":{"index":2,"lang":"es-mx","country":"mx","chineseCountryName":"墨西哥","pkg":"com.spaceship.screen.textcopy"},"orders":["com.recognize_text.translate.screen","com.spaceship.screen.textcopy","com.tap_to_translate.snap_translate","com.microsoft.translator","com.niven.translator","com.gaminik.i18n","com.newmg.yurao.pro","at.nk.tools.iTranslate","com.google.android.apps.translate","com.niven.game"]}]