[{"rank":{"index":2,"lang":"en-us","country":"us","chineseCountryName":"美国","pkg":"com.spaceship.screen.textcopy"},"orders":["com.recognize_text.translate.screen","com.spaceship.screen.textcopy","com.niven.translator","com.tap_to_translate.snap_translate","com.gaminik.i18n","com.newmg.yurao.pro","com.google.android.apps.translate","com.screen.translate.google","com.galaxy.airviewdictionary","com.microsoft.translator","com.niven.apptranslate","com.naver.labs.translator","com.eecorp.linguago","com.zaz.translate","com.niven.game","com.immersivetranslate.browser","com.deepl.mobiletranslator","live.screentranslate.realtime","at.nk.tools.iTranslate","com.wooask.zx"]},{"rank":{"index":2,"lang":"ru","country":"ru","chineseCountryName":"俄罗斯","pkg":"com.spaceship.screen.textcopy"},"orders":["com.recognize_text.translate.screen","com.spaceship.screen.textcopy","com.niven.translator","com.tap_to_translate.snap_translate","com.gaminik.i18n","com.newmg.yurao.pro","com.galaxy.airviewdictionary","com.screen.translate.google","com.eecorp.linguago","com.niven.apptranslate","com.voice_camera_free_translate","ru.yandex.translate","com.google.android.apps.translate","com.niven.game","com.zaz.translate","photo.translate.camera.translator","com.deepl.mobiletranslator","live.screentranslate.realtime","com.naver.labs.translator","com.microsoft.translator"]},{"rank":{"index":2,"lang":"pt-br","country":"br","chineseCountryName":"巴西","pkg":"com.spaceship.screen.textcopy"},"orders":["com.recognize_text.translate.screen","com.spaceship.screen.textcopy","com.niven.translator","com.tap_to_translate.snap_translate","com.gaminik.i18n","com.newmg.yurao.pro","com.galaxy.airviewdictionary","com.screen.translate.google","com.niven.game","com.google.android.apps.translate","com.eecorp.linguago","com.voice_camera_free_translate","com.immersivetranslate.browser","com.niven.apptranslate","live.screentranslate.realtime","com.deepl.mobiletranslator","com.microsoft.translator","com.naver.labs.translator","photo.translate.camera.translator","com.siv"]},{"rank":{"index":2,"lang":"fr","country":"fr","chineseCountryName":"法国","pkg":"com.spaceship.screen.textcopy"},"orders":["com.recognize_text.translate.screen","com.spaceship.screen.textcopy","com.tap_to_translate.snap_translate","com.niven.translator","com.gaminik.i18n","com.newmg.yurao.pro","com.galaxy.airviewdictionary","com.screen.translate.google","com.eecorp.linguago","com.immersivetranslate.browser","com.zaz.translate","live.screentranslate.realtime","com.google.android.apps.translate","com.naver.labs.translator","com.niven.apptranslate","com.microsoft.translator","com.deepl.mobiletranslator","com.fapp.translate.language.translator.fasttranslation","com.wooask.zx","com.niven.game"]},{"rank":{"index":2,"lang":"en-gb","country":"gb","chineseCountryName":"英国","pkg":"com.spaceship.screen.textcopy"},"orders":["com.recognize_text.translate.screen","com.spaceship.screen.textcopy","com.tap_to_translate.snap_translate","com.niven.translator","com.gaminik.i18n","com.newmg.yurao.pro","com.google.android.apps.translate","com.zaz.translate","com.galaxy.airviewdictionary","com.microsoft.translator","com.naver.labs.translator","com.screen.translate.google","com.eecorp.linguago","com.voice_camera_free_translate","com.immersivetranslate.browser","com.fapp.translate.language.translator.fasttranslation","com.niven.game","com.niven.apptranslate","live.screentranslate.realtime","com.deepl.mobiletranslator"]},{"rank":{"index":2,"lang":"de","country":"de","chineseCountryName":"德国","pkg":"com.spaceship.screen.textcopy"},"orders":["com.recognize_text.translate.screen","com.spaceship.screen.textcopy","com.niven.translator","com.tap_to_translate.snap_translate","com.gaminik.i18n","com.newmg.yurao.pro","com.screen.translate.google","com.galaxy.airviewdictionary","com.voice_camera_free_translate","com.eecorp.linguago","com.niven.apptranslate","com.immersivetranslate.browser","com.google.android.apps.translate","live.screentranslate.realtime","com.microsoft.translator","com.deepl.mobiletranslator","com.niven.game","com.zaz.translate","com.naver.labs.translator","com.fapp.translate.language.translator.fasttranslation"]},{"rank":{"index":2,"lang":"it","country":"it","chineseCountryName":"意大利","pkg":"com.spaceship.screen.textcopy"},"orders":["com.recognize_text.translate.screen","com.spaceship.screen.textcopy","com.tap_to_translate.snap_translate","com.gaminik.i18n","com.niven.translator","com.newmg.yurao.pro","com.galaxy.airviewdictionary","com.voice_camera_free_translate","com.screen.translate.google","com.eecorp.linguago","live.screentranslate.realtime","com.google.android.apps.translate","com.immersivetranslate.browser","com.zaz.translate","com.niven.apptranslate","com.microsoft.translator","com.deepl.mobiletranslator","com.openai.chatgpt","com.wooask.zx","com.facebook.orca"]},{"rank":{"index":2,"lang":"ja","country":"jp","chineseCountryName":"日本","pkg":"com.spaceship.screen.textcopy"},"orders":["com.recognize_text.translate.screen","com.spaceship.screen.textcopy","com.tap_to_translate.snap_translate","com.gaminik.i18n","com.niven.translator","com.newmg.yurao.pro","com.galaxy.airviewdictionary","com.screen.translate.google","com.eecorp.linguago","com.google.android.apps.translate","com.niven.apptranslate","com.naver.labs.translator","live.screentranslate.realtime","com.immersivetranslate.browser","com.google.ar.lens","com.deepl.mobiletranslator","com.zaz.translate","com.google.android.apps.maps","com.android.chrome","com.openai.chatgpt"]},{"rank":{"index":2,"lang":"ko","country":"kr","chineseCountryName":"韩国","pkg":"com.spaceship.screen.textcopy"},"orders":["com.recognize_text.translate.screen","com.spaceship.screen.textcopy","com.tap_to_translate.snap_translate","com.gaminik.i18n","com.niven.translator","com.newmg.yurao.pro","com.naver.labs.translator","com.galaxy.airviewdictionary","com.screen.translate.google","com.eecorp.linguago","com.niven.apptranslate","live.screentranslate.realtime","com.immersivetranslate.browser","com.google.android.apps.translate","com.wooask.zx","com.microsoft.translator","com.openai.chatgpt","com.deepl.mobiletranslator","com.zaz.translate","photo.translate.camera.translator"]},{"rank":{"index":2,"lang":"zh-hk","country":"hk","chineseCountryName":"香港","pkg":"com.spaceship.screen.textcopy"},"orders":["com.recognize_text.translate.screen","com.spaceship.screen.textcopy","com.tap_to_translate.snap_translate","com.gaminik.i18n","com.niven.translator","com.newmg.yurao.pro","com.galaxy.airviewdictionary","com.screen.translate.google","com.google.android.apps.translate","com.voice_camera_free_translate","com.niven.apptranslate","com.eecorp.linguago","live.screentranslate.realtime","com.naver.labs.translator","com.zaz.translate","com.microsoft.translator","com.android.chrome","photo.translate.camera.translator","com.google.android.apps.maps","com.deepl.mobiletranslator"]},{"rank":{"index":3,"lang":"zh-tw","country":"tw","chineseCountryName":"台湾","pkg":"com.spaceship.screen.textcopy"},"orders":["com.recognize_text.translate.screen","com.tap_to_translate.snap_translate","com.spaceship.screen.textcopy","com.gaminik.i18n","com.niven.translator","com.newmg.yurao.pro","com.galaxy.airviewdictionary","com.screen.translate.google","com.voice_camera_free_translate","com.eecorp.linguago","com.niven.apptranslate","com.google.android.apps.translate","com.naver.labs.translator","live.screentranslate.realtime","com.niven.game","photo.translate.camera.translator","com.immersivetranslate.browser","com.microsoft.translator","com.openai.chatgpt","com.deepl.mobiletranslator"]},{"rank":{"index":2,"lang":"en","country":"in","chineseCountryName":"印度","pkg":"com.spaceship.screen.textcopy"},"orders":["com.recognize_text.translate.screen","com.spaceship.screen.textcopy","com.newmg.yurao.pro"]},{"rank":{"index":2,"lang":"id","country":"id","chineseCountryName":"印尼","pkg":"com.spaceship.screen.textcopy"},"orders":["com.recognize_text.translate.screen","com.spaceship.screen.textcopy","com.niven.translator","com.tap_to_translate.snap_translate","com.gaminik.i18n","com.newmg.yurao.pro","com.galaxy.airviewdictionary","com.niven.game","com.screen.translate.google","com.eecorp.linguago","com.naver.labs.translator","com.niven.apptranslate","com.google.android.apps.translate","live.screentranslate.realtime","com.zaz.translate","com.deepl.mobiletranslator","photo.translate.camera.translator","com.android.chrome","com.microsoft.translator","com.openai.chatgpt"]},{"rank":{"index":1,"lang":"es-mx","country":"mx","chineseCountryName":"墨西哥","pkg":"com.spaceship.screen.textcopy"},"orders":["com.spaceship.screen.textcopy","com.recognize_text.translate.screen","com.niven.translator","com.tap_to_translate.snap_translate","com.gaminik.i18n","com.newmg.yurao.pro","com.galaxy.airviewdictionary","com.eecorp.linguago","com.screen.translate.google","live.screentranslate.realtime","com.niven.apptranslate","com.immersivetranslate.browser","com.google.android.apps.translate","com.microsoft.translator","com.niven.game","com.deepl.mobiletranslator","com.zaz.translate","com.openai.chatgpt","com.android.chrome","com.facebook.orca"]}]