[{"rank":{"index":2,"lang":"en-us","country":"us","chineseCountryName":"美国","pkg":"com.spaceship.screen.textcopy"},"orders":["com.recognize_text.translate.screen","com.spaceship.screen.textcopy","com.tap_to_translate.snap_translate","com.google.android.apps.translate","com.screen.translate.google","com.microsoft.translator","com.niven.translator","com.newmg.yurao.pro","com.gaminik.i18n","com.deepl.mobiletranslator","com.immersivetranslate.browser","at.nk.tools.iTranslate","com.naver.labs.translator","com.niven.game","com.zaz.translate","com.niven.apptranslate","com.translate.talkingtranslator","ru.yandex.translate","com.google.ar.lens","com.tangdi.baiguotong"]},{"rank":{"index":0,"lang":"ru","country":"ru","chineseCountryName":"俄罗斯","pkg":"com.spaceship.screen.textcopy"},"orders":["com.recognize_text.translate.screen","com.niven.translator","com.newmg.yurao.pro","com.tap_to_translate.snap_translate","com.google.android.apps.translate","com.deepl.mobiletranslator","com.gaminik.i18n","ru.yandex.translate","com.screen.translate.google","com.microsoft.translator","com.niven.game","com.immersivetranslate.browser"]},{"rank":{"index":2,"lang":"pt-br","country":"br","chineseCountryName":"巴西","pkg":"com.spaceship.screen.textcopy"},"orders":["com.recognize_text.translate.screen","com.spaceship.screen.textcopy","com.tap_to_translate.snap_translate","com.newmg.yurao.pro","com.gaminik.i18n","com.microsoft.translator","com.google.android.apps.translate","com.deepl.mobiletranslator","com.zaz.translate","at.nk.tools.iTranslate","ru.yandex.translate","com.naver.labs.translator","com.translate.talkingtranslator","com.google.ar.lens","com.niven.translator","com.screen.translate.google","com.niven.game","com.newtranslate.google","com.niven.apptranslate","screen.translator.voice.translate"]},{"rank":{"index":2,"lang":"fr","country":"fr","chineseCountryName":"法国","pkg":"com.spaceship.screen.textcopy"},"orders":["com.recognize_text.translate.screen","com.spaceship.screen.textcopy","com.tap_to_translate.snap_translate","com.niven.translator","com.newmg.yurao.pro","com.gaminik.i18n","com.microsoft.translator","com.screen.translate.google","com.google.android.apps.translate","com.immersivetranslate.browser","com.deepl.mobiletranslator","com.niven.apptranslate","ru.yandex.translate","com.niven.game","com.zaz.translate","com.google.ar.lens","at.nk.tools.iTranslate","com.facebook.katana","com.instagram.android","com.google.android.apps.tachyon"]},{"rank":{"index":3,"lang":"en-gb","country":"gb","chineseCountryName":"英国","pkg":"com.spaceship.screen.textcopy"},"orders":["com.recognize_text.translate.screen","com.google.android.apps.translate","com.spaceship.screen.textcopy","com.deepl.mobiletranslator","com.microsoft.translator","com.newmg.yurao.pro","com.niven.translator","com.gaminik.i18n","com.screen.translate.google","com.tap_to_translate.snap_translate","com.zaz.translate","com.naver.labs.translator","com.immersivetranslate.browser","ru.yandex.translate","at.nk.tools.iTranslate","com.google.ar.lens","com.niven.apptranslate","com.datacomprojects.scanandtranslate","com.niven.game","com.translate.talkingtranslator"]},{"rank":{"index":2,"lang":"de","country":"de","chineseCountryName":"德国","pkg":"com.spaceship.screen.textcopy"},"orders":["com.recognize_text.translate.screen","com.spaceship.screen.textcopy","com.newmg.yurao.pro","com.gaminik.i18n","com.screen.translate.google","com.niven.translator","com.microsoft.translator","com.tap_to_translate.snap_translate","com.deepl.mobiletranslator","com.google.android.apps.translate","com.immersivetranslate.browser","com.niven.apptranslate","ru.yandex.translate","com.niven.game","com.google.ar.lens","com.android.chrome","com.google.android.apps.tachyon","com.facebook.orca","com.openai.chatgpt","com.facebook.katana"]},{"rank":{"index":2,"lang":"it","country":"it","chineseCountryName":"意大利","pkg":"com.spaceship.screen.textcopy"},"orders":["com.recognize_text.translate.screen","com.spaceship.screen.textcopy","com.tap_to_translate.snap_translate","com.gaminik.i18n","com.niven.translator","com.newmg.yurao.pro","com.screen.translate.google","com.deepl.mobiletranslator","com.microsoft.translator","com.google.android.apps.translate","com.immersivetranslate.browser","com.niven.apptranslate","com.niven.game","com.google.ar.lens","com.google.android.apps.tachyon","com.facebook.orca","com.openai.chatgpt","com.instagram.android","com.facebook.katana","com.microsoft.teams"]},{"rank":{"index":2,"lang":"ja","country":"jp","chineseCountryName":"日本","pkg":"com.spaceship.screen.textcopy"},"orders":["com.recognize_text.translate.screen","com.spaceship.screen.textcopy","com.tap_to_translate.snap_translate","com.newmg.yurao.pro","com.gaminik.i18n","com.google.android.apps.translate","com.microsoft.translator","com.niven.translator","com.screen.translate.google","com.deepl.mobiletranslator","com.naver.labs.translator","com.immersivetranslate.browser","com.google.ar.lens","com.translate.talkingtranslator","com.niven.game","com.niven.apptranslate","at.nk.tools.iTranslate","com.voice_camera_free_translate","com.zaz.translate","com.android.chrome"]},{"rank":{"index":3,"lang":"ko","country":"kr","chineseCountryName":"韩国","pkg":"com.spaceship.screen.textcopy"},"orders":["com.recognize_text.translate.screen","com.tap_to_translate.snap_translate","com.spaceship.screen.textcopy","com.niven.translator","com.newmg.yurao.pro","com.gaminik.i18n","com.screen.translate.google","com.microsoft.translator","com.google.android.apps.translate","com.immersivetranslate.browser","com.niven.apptranslate","com.naver.labs.translator","com.deepl.mobiletranslator","com.facebook.katana","com.instagram.android","com.facebook.orca","com.openai.chatgpt","org.telegram.messenger","com.wooask.zx","com.android.chrome"]},{"rank":{"index":2,"lang":"zh-hk","country":"hk","chineseCountryName":"香港","pkg":"com.spaceship.screen.textcopy"},"orders":["com.recognize_text.translate.screen","com.spaceship.screen.textcopy","com.tap_to_translate.snap_translate","com.screen.translate.google","com.newmg.yurao.pro","com.niven.translator","com.gaminik.i18n","com.google.android.apps.translate","com.microsoft.translator","com.immersivetranslate.browser","com.deepl.mobiletranslator","com.niven.apptranslate","com.naver.labs.translator","com.google.ar.lens","com.android.chrome","com.google.android.apps.maps","com.niven.game","com.facebook.orca","com.facebook.katana","com.instagram.android"]},{"rank":{"index":2,"lang":"zh-tw","country":"tw","chineseCountryName":"台湾","pkg":"com.spaceship.screen.textcopy"},"orders":["com.recognize_text.translate.screen","com.spaceship.screen.textcopy","com.newmg.yurao.pro","com.screen.translate.google","com.niven.translator","com.gaminik.i18n","com.microsoft.translator","com.google.android.apps.translate","com.tap_to_translate.snap_translate","com.immersivetranslate.browser","com.niven.apptranslate","com.deepl.mobiletranslator","at.nk.tools.iTranslate","com.facebook.katana","com.tangdi.baiguotong","com.facebook.orca","com.google.ar.lens","com.instagram.android","com.android.chrome","com.google.android.apps.maps"]},{"rank":{"index":3,"lang":"en","country":"in","chineseCountryName":"印度","pkg":"com.spaceship.screen.textcopy"},"orders":["com.recognize_text.translate.screen","com.google.android.apps.translate","com.spaceship.screen.textcopy","com.newmg.yurao.pro","com.zaz.translate"]},{"rank":{"index":2,"lang":"id","country":"id","chineseCountryName":"印尼","pkg":"com.spaceship.screen.textcopy"},"orders":["com.recognize_text.translate.screen","com.spaceship.screen.textcopy","com.tap_to_translate.snap_translate","com.niven.translator","com.gaminik.i18n","com.newmg.yurao.pro","com.screen.translate.google","com.niven.game","com.google.android.apps.translate","com.deepl.mobiletranslator"]},{"rank":{"index":2,"lang":"es-mx","country":"mx","chineseCountryName":"墨西哥","pkg":"com.spaceship.screen.textcopy"},"orders":["com.recognize_text.translate.screen","com.spaceship.screen.textcopy","com.tap_to_translate.snap_translate","com.newmg.yurao.pro","com.microsoft.translator","com.gaminik.i18n","com.google.android.apps.translate","com.deepl.mobiletranslator","at.nk.tools.iTranslate","com.zaz.translate","ru.yandex.translate","com.translate.talkingtranslator","com.naver.labs.translator","com.google.ar.lens","com.niven.translator","com.screen.translate.google","com.niven.apptranslate","com.niven.game","com.ydzlabs.chattranslator","com.newtranslate.google"]}]