[{"rank":{"index":2,"lang":"en-us","country":"us","chineseCountryName":"美国","pkg":"com.spaceship.screen.textcopy"},"orders":["com.recognize_text.translate.screen","com.spaceship.screen.textcopy","com.gaminik.i18n","com.tap_to_translate.snap_translate","com.microsoft.translator","com.google.android.apps.translate","com.niven.game","com.newmg.yurao.pro","com.niven.translator","com.niven.comic","screen.translator.voice.translate","com.naver.labs.translator","com.niven.apptranslate","com.eecorp.taptranslator","at.nk.tools.iTranslate","com.translate.talkingtranslator","com.deepl.mobiletranslator","com.screen.translate.google","com.youdao.hindict","com.zaz.translate"]},{"rank":{"index":2,"lang":"ru","country":"ru","chineseCountryName":"俄罗斯","pkg":"com.spaceship.screen.textcopy"},"orders":["com.recognize_text.translate.screen","com.spaceship.screen.textcopy","com.tap_to_translate.snap_translate","com.gaminik.i18n","com.niven.translator","com.microsoft.translator","com.niven.game","com.niven.comic","com.google.android.apps.translate","com.eecorp.linguago","com.newmg.yurao.pro","com.niven.apptranslate","screen.translator.voice.translate","com.deepl.mobiletranslator","com.youdao.hindict","com.chat_translate.screen_translate","com.zaz.translate","com.ticktalk.translatevoice","com.mg.chat","ru.yandex.translate"]},{"rank":{"index":2,"lang":"pt-br","country":"br","chineseCountryName":"巴西","pkg":"com.spaceship.screen.textcopy"},"orders":["com.recognize_text.translate.screen","com.spaceship.screen.textcopy","com.tap_to_translate.snap_translate","com.gaminik.i18n","com.niven.game","com.niven.translator","com.newmg.yurao.pro","com.screen.translate.google","com.microsoft.translator","com.niven.comic","com.youdao.hindict","com.google.android.apps.translate","com.niven.apptranslate","com.android.chrome","us.zoom.videomeetings","com.google.android.apps.docs","com.google.android.apps.maps","com.microsoft.office.outlook","com.ubercab","com.discord"]},{"rank":{"index":2,"lang":"fr","country":"fr","chineseCountryName":"法国","pkg":"com.spaceship.screen.textcopy"},"orders":["com.recognize_text.translate.screen","com.spaceship.screen.textcopy","com.gaminik.i18n","com.tap_to_translate.snap_translate","screen.translator.voice.translate","com.niven.translator","com.niven.game","com.newmg.yurao.pro","com.eecorp.linguago","com.niven.comic","com.microsoft.translator","com.eecorp.taptranslator","com.google.android.apps.translate","com.chat_translate.screen_translate","com.youdao.hindict","com.niven.apptranslate","com.deepl.mobiletranslator","com.duolingo","com.android.chrome","com.discord"]},{"rank":{"index":2,"lang":"en-gb","country":"gb","chineseCountryName":"英国","pkg":"com.spaceship.screen.textcopy"},"orders":["com.recognize_text.translate.screen","com.spaceship.screen.textcopy","com.tap_to_translate.snap_translate","com.microsoft.translator","com.gaminik.i18n","screen.translator.voice.translate","com.google.android.apps.translate","com.niven.translator","com.niven.game","com.niven.comic","com.newmg.yurao.pro","com.eecorp.linguago","com.youdao.hindict","com.eecorp.taptranslator","com.niven.apptranslate","at.nk.tools.iTranslate","com.zaz.translate","com.deepl.mobiletranslator","com.naver.labs.translator","com.mg.chat"]},{"rank":{"index":2,"lang":"de","country":"de","chineseCountryName":"德国","pkg":"com.spaceship.screen.textcopy"},"orders":["com.recognize_text.translate.screen","com.spaceship.screen.textcopy","com.gaminik.i18n","com.newmg.yurao.pro","com.microsoft.translator","com.tap_to_translate.snap_translate","com.niven.game","com.screen.translate.google","com.niven.translator","com.google.android.apps.translate","com.niven.comic","com.deepl.mobiletranslator","com.niven.apptranslate","us.zoom.videomeetings","com.android.chrome","com.discord","com.adobe.reader","com.microsoft.office.outlook","com.duolingo","com.skype.raider"]},{"rank":{"index":2,"lang":"it","country":"it","chineseCountryName":"意大利","pkg":"com.spaceship.screen.textcopy"},"orders":["com.recognize_text.translate.screen","com.spaceship.screen.textcopy","com.gaminik.i18n","com.niven.game","com.tap_to_translate.snap_translate","screen.translator.voice.translate","com.microsoft.translator","com.screen.translate.google","com.niven.translator","com.newmg.yurao.pro","com.niven.comic","com.google.android.apps.translate","com.eecorp.taptranslator","com.deepl.mobiletranslator","com.niven.apptranslate","us.zoom.videomeetings","com.intsig.camscanner","com.youdao.hindict","com.discord","com.adobe.reader"]},{"rank":{"index":2,"lang":"ja","country":"jp","chineseCountryName":"日本","pkg":"com.spaceship.screen.textcopy"},"orders":["com.recognize_text.translate.screen","com.spaceship.screen.textcopy","com.gaminik.i18n","com.niven.game","com.tap_to_translate.snap_translate","com.newmg.yurao.pro","com.niven.apptranslate","com.naver.labs.translator","com.google.android.apps.translate","com.deepl.mobiletranslator","com.eecorp.taptranslator","com.niven.translator","com.microsoft.translator","us.zoom.videomeetings","com.android.chrome","com.discord","com.google.android.apps.maps","com.duolingo","com.skype.raider","com.screen.translate.google"]},{"rank":{"index":2,"lang":"ko","country":"kr","chineseCountryName":"韩国","pkg":"com.spaceship.screen.textcopy"},"orders":["com.recognize_text.translate.screen","com.spaceship.screen.textcopy","com.tap_to_translate.snap_translate","com.microsoft.translator","com.gaminik.i18n","com.google.android.apps.translate","com.naver.labs.translator","com.screen.translate.google","com.niven.game","com.newmg.yurao.pro","com.niven.translator","com.youdao.hindict","at.nk.tools.iTranslate","com.niven.comic","com.deepl.mobiletranslator","com.zaz.translate","com.niven.apptranslate","com.flitto.app","com.translate.language.translator.voice.translation","com.eecorp.taptranslator"]},{"rank":{"index":2,"lang":"zh-hk","country":"hk","chineseCountryName":"香港","pkg":"com.spaceship.screen.textcopy"},"orders":["com.recognize_text.translate.screen","com.spaceship.screen.textcopy","com.gaminik.i18n","com.tap_to_translate.snap_translate","com.microsoft.translator","com.niven.game","com.google.android.apps.translate","com.niven.translator","com.niven.comic","com.newmg.yurao.pro","com.eecorp.linguago","com.niven.apptranslate","com.eecorp.taptranslator","com.mg.subtitle.google","com.mg.chat","screen.translator.voice.translate","com.naver.labs.translator","com.zaz.translate","at.nk.tools.iTranslate","com.screen.translate.google"]},{"rank":{"index":3,"lang":"zh-tw","country":"tw","chineseCountryName":"台湾","pkg":"com.spaceship.screen.textcopy"},"orders":["com.recognize_text.translate.screen","com.tap_to_translate.snap_translate","com.spaceship.screen.textcopy","com.gaminik.i18n","com.microsoft.translator","com.google.android.apps.translate","com.niven.translator","com.niven.game","com.niven.comic","com.newmg.yurao.pro","com.eecorp.linguago","at.nk.tools.iTranslate","camera.translator.realtime","com.tranit.text.translate","com.niven.apptranslate","com.translate.talkingtranslator","com.zaz.translate","com.eecorp.taptranslator","com.youdao.hindict","screen.translator.voice.translate"]},{"rank":{"index":2,"lang":"en","country":"in","chineseCountryName":"印度","pkg":"com.spaceship.screen.textcopy"},"orders":["com.recognize_text.translate.screen","com.spaceship.screen.textcopy","screen.translator.voice.translate","com.newmg.yurao.pro","com.eecorp.linguago","com.google.android.apps.translate","com.microsoft.translator","com.tap_to_translate.snap_translate","com.niven.game","com.zaz.translate","com.niven.translator","com.niven.comic","com.chat_translate.screen_translate","com.naver.labs.translator","com.niven.apptranslate","at.nk.tools.iTranslate","translate.smartranit.language.text","com.tranit.text.translate","com.duolingo","com.gaminik.i18n"]},{"rank":{"index":1,"lang":"id","country":"id","chineseCountryName":"印尼","pkg":"com.spaceship.screen.textcopy"},"orders":["com.spaceship.screen.textcopy","com.recognize_text.translate.screen","com.tap_to_translate.snap_translate","com.gaminik.i18n","com.google.android.apps.translate","com.niven.game","com.youdao.hindict","us.zoom.videomeetings","com.android.chrome","com.naver.labs.translator","com.google.android.apps.maps"]},{"rank":{"index":2,"lang":"es-mx","country":"mx","chineseCountryName":"墨西哥","pkg":"com.spaceship.screen.textcopy"},"orders":["com.recognize_text.translate.screen","com.spaceship.screen.textcopy","com.gaminik.i18n","com.niven.game","com.niven.translator","com.tap_to_translate.snap_translate","com.niven.comic","com.newmg.yurao.pro","com.eecorp.linguago","com.youdao.hindict","com.microsoft.translator","com.google.android.apps.translate","screen.translator.voice.translate","com.niven.apptranslate","com.android.chrome","com.duolingo","com.google.android.apps.maps","com.google.android.apps.docs","com.discord","us.zoom.videomeetings"]}]