[{"rank":{"index":2,"lang":"en-us","country":"us","chineseCountryName":"美国","pkg":"com.spaceship.screen.textcopy"},"orders":["com.recognize_text.translate.screen","com.spaceship.screen.textcopy","com.niven.translator","com.tap_to_translate.snap_translate","com.microsoft.translator","com.google.android.apps.translate","com.gaminik.i18n","com.niven.game","com.newmg.yurao.pro","com.zaz.translate","com.screen.translate.google","com.niven.comic","com.language.translate.free.translator.voice.translation","at.nk.tools.iTranslate","com.google.ar.lens","com.translate.talkingtranslator","com.deepl.mobiletranslator","com.sayhi.android.sayhitranslate","com.translate.language.translator.voice.translation","com.niven.apptranslate"]},{"rank":{"index":2,"lang":"ru","country":"ru","chineseCountryName":"俄罗斯","pkg":"com.spaceship.screen.textcopy"},"orders":["com.recognize_text.translate.screen","com.spaceship.screen.textcopy","com.niven.translator","com.tap_to_translate.snap_translate","com.newmg.yurao.pro","com.microsoft.translator","com.niven.game","com.gaminik.i18n","com.niven.comic","com.google.android.apps.translate","com.screen.translate.google","com.zaz.translate","com.language.translate.free.translator.voice.translation","ru.yandex.translate","com.google.ar.lens","com.niven.apptranslate","com.datacomprojects.scanandtranslate","com.audacityittranslator.translatetexttranslator","com.eecorp.linguago","com.deepl.mobiletranslator"]},{"rank":{"index":2,"lang":"pt-br","country":"br","chineseCountryName":"巴西","pkg":"com.spaceship.screen.textcopy"},"orders":["com.recognize_text.translate.screen","com.spaceship.screen.textcopy","com.niven.translator","com.tap_to_translate.snap_translate","com.newmg.yurao.pro","com.niven.game","com.gaminik.i18n","com.screen.translate.google","com.niven.comic","com.microsoft.translator","com.eecorp.linguago","at.nk.tools.iTranslate","com.mg.chat","com.youdao.hindict","com.niven.apptranslate","com.language.translate.free.translator.voice.translation","com.zaz.translate","com.google.android.apps.translate","translate.speech.text.translation.voicetranslator","com.voice_camera_free_translate"]},{"rank":{"index":2,"lang":"fr","country":"fr","chineseCountryName":"法国","pkg":"com.spaceship.screen.textcopy"},"orders":["com.recognize_text.translate.screen","com.spaceship.screen.textcopy","com.tap_to_translate.snap_translate","com.gaminik.i18n","com.niven.translator","com.microsoft.translator","com.newmg.yurao.pro","com.niven.game","com.zaz.translate","com.niven.comic","com.screen.translate.google","com.language.translate.free.translator.voice.translation","at.nk.tools.iTranslate","com.google.android.apps.translate","com.translate.talkingtranslator","com.niven.apptranslate","com.google.ar.lens","com.tangdi.baiguotong","com.deepl.mobiletranslator","com.voice_camera_free_translate"]},{"rank":{"index":2,"lang":"en-gb","country":"gb","chineseCountryName":"英国","pkg":"com.spaceship.screen.textcopy"},"orders":["com.recognize_text.translate.screen","com.spaceship.screen.textcopy","com.tap_to_translate.snap_translate","com.gaminik.i18n","com.microsoft.translator","com.niven.translator","com.google.android.apps.translate","com.newmg.yurao.pro","com.niven.game","com.zaz.translate","com.niven.comic","com.screen.translate.google","com.google.ar.lens","at.nk.tools.iTranslate","com.language.translate.free.translator.voice.translation","com.deepl.mobiletranslator","com.translate.talkingtranslator","com.niven.apptranslate","com.sayhi.android.sayhitranslate","com.datacomprojects.scanandtranslate"]},{"rank":{"index":2,"lang":"de","country":"de","chineseCountryName":"德国","pkg":"com.spaceship.screen.textcopy"},"orders":["com.recognize_text.translate.screen","com.spaceship.screen.textcopy","com.tap_to_translate.snap_translate","com.niven.translator","com.microsoft.translator","com.gaminik.i18n","com.niven.game","com.newmg.yurao.pro","com.niven.comic","com.zaz.translate","com.screen.translate.google","com.google.android.apps.translate","com.language.translate.free.translator.voice.translation","at.nk.tools.iTranslate","com.translate.talkingtranslator","com.google.ar.lens","com.deepl.mobiletranslator","com.niven.apptranslate","com.sayhi.android.sayhitranslate","com.tangdi.baiguotong"]},{"rank":{"index":2,"lang":"it","country":"it","chineseCountryName":"意大利","pkg":"com.spaceship.screen.textcopy"},"orders":["com.recognize_text.translate.screen","com.spaceship.screen.textcopy","com.gaminik.i18n","com.tap_to_translate.snap_translate","com.niven.translator","com.niven.game","com.microsoft.translator","com.newmg.yurao.pro","com.niven.comic","com.screen.translate.google","com.zaz.translate","at.nk.tools.iTranslate","com.language.translate.free.translator.voice.translation","com.niven.apptranslate","com.google.android.apps.translate","com.google.ar.lens","com.tangdi.baiguotong","com.translate.talkingtranslator","com.deepl.mobiletranslator","com.datacomprojects.scanandtranslate"]},{"rank":{"index":2,"lang":"ja","country":"jp","chineseCountryName":"日本","pkg":"com.spaceship.screen.textcopy"},"orders":["com.recognize_text.translate.screen","com.spaceship.screen.textcopy","com.tap_to_translate.snap_translate","com.niven.game","com.gaminik.i18n","com.newmg.yurao.pro","com.niven.translator","com.microsoft.translator","com.niven.comic","com.screen.translate.google","com.google.ar.lens","com.translate.talkingtranslator","com.deepl.mobiletranslator","com.google.android.apps.translate","com.language.translate.free.translator.voice.translation","com.niven.apptranslate","com.zaz.translate","at.nk.tools.iTranslate","com.naver.labs.translator","jp.go.nict.voicetra"]},{"rank":{"index":2,"lang":"ko","country":"kr","chineseCountryName":"韩国","pkg":"com.spaceship.screen.textcopy"},"orders":["com.recognize_text.translate.screen","com.spaceship.screen.textcopy","com.tap_to_translate.snap_translate","com.microsoft.translator","com.niven.translator","com.gaminik.i18n","com.newmg.yurao.pro","com.niven.game","com.google.android.apps.translate","com.zaz.translate","com.niven.comic","com.naver.labs.translator","com.screen.translate.google","com.google.ar.lens","com.language.translate.free.translator.voice.translation","at.nk.tools.iTranslate","com.niven.apptranslate","com.deepl.mobiletranslator","com.translate.talkingtranslator","com.immersivetranslate.browser"]},{"rank":{"index":2,"lang":"zh-hk","country":"hk","chineseCountryName":"香港","pkg":"com.spaceship.screen.textcopy"},"orders":["com.recognize_text.translate.screen","com.spaceship.screen.textcopy","com.microsoft.translator","com.tap_to_translate.snap_translate","com.niven.translator","com.google.android.apps.translate","com.gaminik.i18n","com.newmg.yurao.pro","com.niven.game","com.zaz.translate","com.screen.translate.google","com.niven.comic","com.google.ar.lens","com.language.translate.free.translator.voice.translation","com.tangdi.baiguotong","at.nk.tools.iTranslate","com.deepl.mobiletranslator","com.sayhi.android.sayhitranslate","com.immersivetranslate.browser","jp.go.nict.voicetra"]},{"rank":{"index":2,"lang":"zh-tw","country":"tw","chineseCountryName":"台湾","pkg":"com.spaceship.screen.textcopy"},"orders":["com.recognize_text.translate.screen","com.spaceship.screen.textcopy","com.tap_to_translate.snap_translate","com.microsoft.translator","com.niven.translator","com.gaminik.i18n","com.niven.game","com.google.android.apps.translate","com.newmg.yurao.pro","com.zaz.translate","com.niven.comic","com.screen.translate.google","at.nk.tools.iTranslate","com.language.translate.free.translator.voice.translation","com.tangdi.baiguotong","com.google.ar.lens","com.niven.apptranslate","com.naver.labs.translator","com.translate.talkingtranslator","com.deepl.mobiletranslator"]},{"rank":{"index":2,"lang":"en","country":"in","chineseCountryName":"印度","pkg":"com.spaceship.screen.textcopy"},"orders":["com.recognize_text.translate.screen","com.spaceship.screen.textcopy","com.tap_to_translate.snap_translate"]},{"rank":{"index":2,"lang":"id","country":"id","chineseCountryName":"印尼","pkg":"com.spaceship.screen.textcopy"},"orders":["com.recognize_text.translate.screen","com.spaceship.screen.textcopy","com.tap_to_translate.snap_translate","com.niven.translator","com.gaminik.i18n","com.niven.game","com.newmg.yurao.pro","com.niven.comic","com.screen.translate.google","com.microsoft.translator"]},{"rank":{"index":2,"lang":"es-mx","country":"mx","chineseCountryName":"墨西哥","pkg":"com.spaceship.screen.textcopy"},"orders":["com.recognize_text.translate.screen","com.spaceship.screen.textcopy","com.niven.translator","com.tap_to_translate.snap_translate","com.gaminik.i18n","com.niven.game","com.newmg.yurao.pro","com.microsoft.translator","com.niven.comic","com.screen.translate.google","com.niven.apptranslate","at.nk.tools.iTranslate","com.zaz.translate","com.google.android.apps.translate","com.eecorp.linguago"]}]