[{"rank":{"index":2,"lang":"en-us","country":"us","chineseCountryName":"美国","pkg":"com.spaceship.screen.textcopy"},"orders":["com.recognize_text.translate.screen","com.spaceship.screen.textcopy","com.tap_to_translate.snap_translate","com.niven.translator","com.newmg.yurao.pro","com.gaminik.i18n","com.screen.translate.google","com.eecorp.linguago","com.niven.apptranslate","com.screen.translator.text.recognize","at.nk.tools.iTranslate","live.screentranslate.realtime","com.google.android.apps.translate","com.galaxy.airviewdictionary","com.zaz.translate","com.niven.game","com.microsoft.translator","com.mg.chat","com.deepl.mobiletranslator","translate.speech.text.translation.voicetranslator"]},{"rank":{"index":3,"lang":"ru","country":"ru","chineseCountryName":"俄罗斯","pkg":"com.spaceship.screen.textcopy"},"orders":["com.recognize_text.translate.screen","com.niven.translator","com.spaceship.screen.textcopy","com.tap_to_translate.snap_translate","com.newmg.yurao.pro","com.gaminik.i18n","com.screen.translate.google","com.niven.apptranslate","com.screen.translator.text.recognize","com.eecorp.linguago","live.screentranslate.realtime","com.galaxy.airviewdictionary","com.zaz.translate","com.niven.game","com.google.android.apps.translate","ru.yandex.translate","com.flabs.screen.translate","com.microsoft.translator","at.nk.tools.iTranslate"]},{"rank":{"index":2,"lang":"pt-br","country":"br","chineseCountryName":"巴西","pkg":"com.spaceship.screen.textcopy"},"orders":["com.recognize_text.translate.screen","com.spaceship.screen.textcopy","com.niven.translator","com.tap_to_translate.snap_translate","com.newmg.yurao.pro","com.gaminik.i18n","com.screen.translate.google","com.eecorp.linguago","com.niven.apptranslate","com.screen.translator.text.recognize","live.screentranslate.realtime","com.galaxy.airviewdictionary","com.niven.game","com.google.android.apps.translate","com.zaz.translate","com.android.chrome","com.flabs.screen.translate","com.deepl.mobiletranslator","com.newtranslate.google","com.google.android.inputmethod.latin"]},{"rank":{"index":2,"lang":"fr","country":"fr","chineseCountryName":"法国","pkg":"com.spaceship.screen.textcopy"},"orders":["com.recognize_text.translate.screen","com.spaceship.screen.textcopy","com.tap_to_translate.snap_translate","com.newmg.yurao.pro","com.niven.translator","com.gaminik.i18n","com.eecorp.linguago","com.screen.translate.google","com.niven.apptranslate","live.screentranslate.realtime","com.screen.translator.text.recognize","com.galaxy.airviewdictionary","com.google.android.apps.translate","com.microsoft.translator","at.nk.tools.iTranslate","com.deepl.mobiletranslator","com.zaz.translate","com.mg.chat","com.flabs.screen.translate","com.chat.translator.screen.translate.language"]},{"rank":{"index":2,"lang":"en-gb","country":"gb","chineseCountryName":"英国","pkg":"com.spaceship.screen.textcopy"},"orders":["com.recognize_text.translate.screen","com.spaceship.screen.textcopy","com.niven.translator","com.tap_to_translate.snap_translate","com.newmg.yurao.pro","com.gaminik.i18n","com.screen.translate.google","com.niven.apptranslate","com.eecorp.linguago","at.nk.tools.iTranslate","com.screen.translator.text.recognize","live.screentranslate.realtime","com.google.android.apps.translate","com.zaz.translate","com.microsoft.translator"]},{"rank":{"index":3,"lang":"de","country":"de","chineseCountryName":"德国","pkg":"com.spaceship.screen.textcopy"},"orders":["com.recognize_text.translate.screen","com.niven.translator","com.spaceship.screen.textcopy","com.newmg.yurao.pro","com.tap_to_translate.snap_translate","com.gaminik.i18n","com.screen.translate.google","com.eecorp.linguago","com.niven.apptranslate","com.screen.translator.text.recognize","live.screentranslate.realtime","com.galaxy.airviewdictionary","com.niven.game","com.google.android.apps.translate","com.mg.chat","com.zaz.translate","com.deepl.mobiletranslator","com.microsoft.translator","com.ggxfj.mp","com.chat.translator.screen.translate.language"]},{"rank":{"index":2,"lang":"it","country":"it","chineseCountryName":"意大利","pkg":"com.spaceship.screen.textcopy"},"orders":["com.recognize_text.translate.screen","com.spaceship.screen.textcopy","com.tap_to_translate.snap_translate","com.newmg.yurao.pro","com.niven.translator","com.gaminik.i18n","com.screen.translate.google","com.eecorp.linguago","com.niven.apptranslate","live.screentranslate.realtime","com.screen.translator.text.recognize","com.galaxy.airviewdictionary","com.google.android.apps.translate","com.microsoft.translator","com.zaz.translate","at.nk.tools.iTranslate","com.mg.chat","com.flabs.screen.translate","com.chat.translator.screen.translate.language","com.deepl.mobiletranslator"]},{"rank":{"index":3,"lang":"ja","country":"jp","chineseCountryName":"日本","pkg":"com.spaceship.screen.textcopy"},"orders":["com.recognize_text.translate.screen","com.tap_to_translate.snap_translate","com.spaceship.screen.textcopy","com.niven.translator","com.newmg.yurao.pro","com.gaminik.i18n","com.eecorp.linguago","com.niven.apptranslate","com.screen.translate.google","com.screen.translator.text.recognize","com.google.android.apps.translate","com.galaxy.airviewdictionary","com.zaz.translate","live.screentranslate.realtime","com.immersivetranslate.browser","com.deepl.mobiletranslator","com.naver.labs.translator","com.google.ar.lens","com.niven.game","com.google.android.tts"]},{"rank":{"index":2,"lang":"ko","country":"kr","chineseCountryName":"韩国","pkg":"com.spaceship.screen.textcopy"},"orders":["com.recognize_text.translate.screen","com.spaceship.screen.textcopy","com.tap_to_translate.snap_translate","com.niven.translator","com.newmg.yurao.pro","com.gaminik.i18n","com.screen.translate.google","com.eecorp.linguago","com.niven.apptranslate","com.screen.translator.text.recognize","live.screentranslate.realtime","com.galaxy.airviewdictionary"]},{"rank":{"index":2,"lang":"zh-hk","country":"hk","chineseCountryName":"香港","pkg":"com.spaceship.screen.textcopy"},"orders":["com.recognize_text.translate.screen","com.spaceship.screen.textcopy","com.tap_to_translate.snap_translate","com.niven.translator","com.newmg.yurao.pro","com.gaminik.i18n","com.screen.translate.google","com.niven.apptranslate","com.eecorp.linguago","com.screen.translator.text.recognize","live.screentranslate.realtime","com.galaxy.airviewdictionary","com.google.android.apps.translate","com.zaz.translate","com.microsoft.translator","at.nk.tools.iTranslate","com.deepl.mobiletranslator","com.niven.game","com.naver.labs.translator","com.newtranslate.google"]},{"rank":{"index":2,"lang":"zh-tw","country":"tw","chineseCountryName":"台湾","pkg":"com.spaceship.screen.textcopy"},"orders":["com.recognize_text.translate.screen","com.spaceship.screen.textcopy","com.niven.translator","com.newmg.yurao.pro","com.gaminik.i18n","com.tap_to_translate.snap_translate","com.screen.translate.google","com.eecorp.linguago","com.niven.apptranslate","com.galaxy.airviewdictionary","com.screen.translator.text.recognize","live.screentranslate.realtime","com.google.android.apps.translate","com.zaz.translate","com.microsoft.translator","at.nk.tools.iTranslate","com.niven.game","com.deepl.mobiletranslator","com.naver.labs.translator","com.google.ar.lens"]},{"rank":{"index":0,"lang":"en","country":"in","chineseCountryName":"印度","pkg":"com.spaceship.screen.textcopy"},"orders":["com.recognize_text.translate.screen","com.newmg.yurao.pro","com.tap_to_translate.snap_translate"]},{"rank":{"index":2,"lang":"id","country":"id","chineseCountryName":"印尼","pkg":"com.spaceship.screen.textcopy"},"orders":["com.recognize_text.translate.screen","com.spaceship.screen.textcopy","com.tap_to_translate.snap_translate","com.niven.translator","com.gaminik.i18n","com.newmg.yurao.pro","com.screen.translate.google","com.eecorp.linguago","com.niven.apptranslate","com.screen.translator.text.recognize","com.galaxy.airviewdictionary","com.niven.game","com.google.android.apps.translate","com.zaz.translate","live.screentranslate.realtime","com.deepl.mobiletranslator","com.microsoft.translator","com.newtranslate.google","com.naver.labs.translator","com.google.ar.lens"]},{"rank":{"index":2,"lang":"es-mx","country":"mx","chineseCountryName":"墨西哥","pkg":"com.spaceship.screen.textcopy"},"orders":["com.recognize_text.translate.screen","com.spaceship.screen.textcopy","com.tap_to_translate.snap_translate","com.niven.translator","com.newmg.yurao.pro","com.gaminik.i18n","com.screen.translate.google","com.eecorp.linguago","com.niven.apptranslate","com.screen.translator.text.recognize","live.screentranslate.realtime","com.galaxy.airviewdictionary","com.google.android.apps.translate","com.microsoft.translator","at.nk.tools.iTranslate","com.niven.game","com.flabs.screen.translate","com.zaz.translate","com.mg.chat","com.chat.translator.screen.translate.language"]}]