[{"rank":{"index":3,"lang":"en-us","country":"us","chineseCountryName":"美国","pkg":"com.spaceship.screen.textcopy"},"orders":["com.recognize_text.translate.screen","com.niven.translator","com.spaceship.screen.textcopy","com.google.android.apps.translate","com.tap_to_translate.snap_translate","com.newmg.yurao.pro","com.gaminik.i18n","com.zaz.translate","com.deepl.mobiletranslator","com.immersivetranslate.browser","com.microsoft.translator","com.screen.translate.google","com.naver.labs.translator","com.niven.apptranslate","at.nk.tools.iTranslate","com.niven.game","com.eecorp.linguago","com.fapp.translate.language.translator.fasttranslation","com.hive.lingonative","com.translate.talkingtranslator"]},{"rank":{"index":0,"lang":"ru","country":"ru","chineseCountryName":"俄罗斯","pkg":"com.spaceship.screen.textcopy"},"orders":["com.recognize_text.translate.screen","com.niven.translator","com.tap_to_translate.snap_translate","com.newmg.yurao.pro","com.gaminik.i18n","com.zaz.translate","com.deepl.mobiletranslator","com.google.android.apps.translate","com.niven.game","com.immersivetranslate.browser","com.niven.apptranslate","com.screen.translate.google","photo.translate.camera.translator","ru.yandex.translate","com.hive.lingonative","com.microsoft.translator","com.eecorp.linguago","at.nk.tools.iTranslate","com.audacityittranslator.translatetexttranslator","com.datacomprojects.scanandtranslate"]},{"rank":{"index":2,"lang":"pt-br","country":"br","chineseCountryName":"巴西","pkg":"com.spaceship.screen.textcopy"},"orders":["com.recognize_text.translate.screen","com.spaceship.screen.textcopy","com.niven.translator","com.tap_to_translate.snap_translate","com.gaminik.i18n","com.newmg.yurao.pro","com.zaz.translate","com.deepl.mobiletranslator","com.google.android.apps.translate","com.immersivetranslate.browser","com.niven.game","com.screen.translate.google","com.niven.apptranslate","com.microsoft.translator"]},{"rank":{"index":2,"lang":"fr","country":"fr","chineseCountryName":"法国","pkg":"com.spaceship.screen.textcopy"},"orders":["com.recognize_text.translate.screen","com.spaceship.screen.textcopy","com.tap_to_translate.snap_translate","com.niven.translator","com.gaminik.i18n","com.newmg.yurao.pro","com.zaz.translate","com.deepl.mobiletranslator","com.immersivetranslate.browser","com.google.android.apps.translate","com.niven.apptranslate","com.screen.translate.google","com.microsoft.translator","com.eecorp.linguago","com.hive.lingonative","com.niven.game","screen.translator.voice.translate","com.fapp.translate.language.translator.fasttranslation","at.nk.tools.iTranslate","com.eecorp.taptranslator"]},{"rank":{"index":2,"lang":"en-gb","country":"gb","chineseCountryName":"英国","pkg":"com.spaceship.screen.textcopy"},"orders":["com.recognize_text.translate.screen","com.spaceship.screen.textcopy","com.niven.translator","com.newmg.yurao.pro","com.zaz.translate","com.google.android.apps.translate","com.tap_to_translate.snap_translate","com.gaminik.i18n","com.deepl.mobiletranslator","com.immersivetranslate.browser","com.microsoft.translator","at.nk.tools.iTranslate"]},{"rank":{"index":2,"lang":"de","country":"de","chineseCountryName":"德国","pkg":"com.spaceship.screen.textcopy"},"orders":["com.recognize_text.translate.screen","com.spaceship.screen.textcopy","com.niven.translator","com.tap_to_translate.snap_translate","com.gaminik.i18n","com.newmg.yurao.pro","com.zaz.translate","com.deepl.mobiletranslator","com.immersivetranslate.browser","com.google.android.apps.translate"]},{"rank":{"index":2,"lang":"it","country":"it","chineseCountryName":"意大利","pkg":"com.spaceship.screen.textcopy"},"orders":["com.recognize_text.translate.screen","com.spaceship.screen.textcopy","com.newmg.yurao.pro","com.gaminik.i18n","com.zaz.translate","com.niven.translator","com.tap_to_translate.snap_translate","com.deepl.mobiletranslator","com.google.android.apps.translate","com.immersivetranslate.browser","com.screen.translate.google","com.niven.game","com.eecorp.linguago","com.niven.apptranslate","com.microsoft.translator","com.hive.lingonative","at.nk.tools.iTranslate","com.audacityittranslator.translatetexttranslator","com.eecorp.taptranslator","co.koiapps.translateai"]},{"rank":{"index":2,"lang":"ja","country":"jp","chineseCountryName":"日本","pkg":"com.spaceship.screen.textcopy"},"orders":["com.recognize_text.translate.screen","com.spaceship.screen.textcopy","com.tap_to_translate.snap_translate","com.niven.translator","com.newmg.yurao.pro","com.gaminik.i18n","com.zaz.translate","com.immersivetranslate.browser","com.deepl.mobiletranslator","com.naver.labs.translator","com.screen.translate.google","com.google.ar.lens","com.niven.apptranslate"]},{"rank":{"index":2,"lang":"ko","country":"kr","chineseCountryName":"韩国","pkg":"com.spaceship.screen.textcopy"},"orders":["com.recognize_text.translate.screen","com.spaceship.screen.textcopy","com.tap_to_translate.snap_translate","com.niven.translator","com.newmg.yurao.pro","com.gaminik.i18n","com.zaz.translate","com.naver.labs.translator","com.deepl.mobiletranslator","com.immersivetranslate.browser","com.niven.apptranslate","com.screen.translate.google"]},{"rank":{"index":2,"lang":"zh-hk","country":"hk","chineseCountryName":"香港","pkg":"com.spaceship.screen.textcopy"},"orders":["com.recognize_text.translate.screen","com.spaceship.screen.textcopy","com.tap_to_translate.snap_translate","com.google.android.apps.translate","com.niven.translator","com.newmg.yurao.pro","com.gaminik.i18n","com.zaz.translate","com.immersivetranslate.browser","com.deepl.mobiletranslator","com.screen.translate.google","com.niven.apptranslate","com.microsoft.translator","com.naver.labs.translator","com.niven.game","com.eecorp.linguago","photo.translate.camera.translator","com.fapp.translate.language.translator.fasttranslation","at.nk.tools.iTranslate","com.hive.lingonative"]},{"rank":{"index":2,"lang":"zh-tw","country":"tw","chineseCountryName":"台湾","pkg":"com.spaceship.screen.textcopy"},"orders":["com.recognize_text.translate.screen","com.spaceship.screen.textcopy","com.tap_to_translate.snap_translate","com.newmg.yurao.pro","com.gaminik.i18n","com.niven.translator","com.zaz.translate","com.google.android.apps.translate","com.immersivetranslate.browser","com.deepl.mobiletranslator","com.niven.apptranslate","com.screen.translate.google","com.niven.game","com.eecorp.linguago","com.microsoft.translator","com.naver.labs.translator","com.hive.lingonative","photo.translate.camera.translator","at.nk.tools.iTranslate","com.voice_camera_free_translate"]},{"rank":{"index":2,"lang":"en","country":"in","chineseCountryName":"印度","pkg":"com.spaceship.screen.textcopy"},"orders":["com.recognize_text.translate.screen","com.spaceship.screen.textcopy","com.newmg.yurao.pro","com.zaz.translate"]},{"rank":{"index":1,"lang":"id","country":"id","chineseCountryName":"印尼","pkg":"com.spaceship.screen.textcopy"},"orders":["com.spaceship.screen.textcopy","com.recognize_text.translate.screen","com.tap_to_translate.snap_translate","com.niven.translator","com.gaminik.i18n","com.newmg.yurao.pro","com.google.android.apps.translate","com.zaz.translate","com.deepl.mobiletranslator","com.eecorp.linguago","com.niven.game","com.screen.translate.google","com.niven.apptranslate","com.immersivetranslate.browser","com.naver.labs.translator","com.hive.lingonative","at.nk.tools.iTranslate","com.microsoft.translator","free.language.translate.translator","photo.translate.camera.translator"]},{"rank":{"index":1,"lang":"es-mx","country":"mx","chineseCountryName":"墨西哥","pkg":"com.spaceship.screen.textcopy"},"orders":["com.spaceship.screen.textcopy","com.recognize_text.translate.screen","com.niven.translator","com.tap_to_translate.snap_translate","com.newmg.yurao.pro","com.gaminik.i18n","com.google.android.apps.translate","com.zaz.translate","com.deepl.mobiletranslator","com.immersivetranslate.browser","com.niven.apptranslate","com.screen.translate.google","com.microsoft.translator","com.eecorp.linguago","com.niven.game","com.hive.lingonative","at.nk.tools.iTranslate","com.eecorp.taptranslator","live.screentranslate.realtime","com.mg.chat"]}]