[{"rank":{"index":2,"lang":"en-us","country":"us","chineseCountryName":"美国","pkg":"com.spaceship.screen.textcopy"},"orders":["com.recognize_text.translate.screen","com.spaceship.screen.textcopy","com.google.android.apps.translate","com.screen.translate.google","com.microsoft.translator","com.tap_to_translate.snap_translate","com.gaminik.i18n","com.newmg.yurao.pro","com.niven.translator","at.nk.tools.iTranslate","com.sayhi.android.sayhitranslate","com.datacomprojects.scanandtranslate","com.translate.talkingtranslator","com.zaz.translate","com.deepl.mobiletranslator","com.translate.language.translator.voice.translation","com.naver.labs.translator","com.google.ar.lens","com.softissimo.reverso.context","com.niven.game"]},{"rank":{"index":0,"lang":"ru","country":"ru","chineseCountryName":"俄罗斯","pkg":"com.spaceship.screen.textcopy"},"orders":["com.recognize_text.translate.screen","com.niven.translator","com.tap_to_translate.snap_translate","com.gaminik.i18n","com.newmg.yurao.pro","ru.yandex.translate","com.screen.translate.google","com.google.android.apps.translate","com.microsoft.translator","com.niven.game","com.datacomprojects.scanandtranslate","com.deepl.mobiletranslator","com.zaz.translate","com.niven.apptranslate","com.immersivetranslate.browser","com.voice_camera_free_translate","at.nk.tools.iTranslate","com.wooask.zx","com.language.translate.free.translator.voice.translation","com.sayhi.android.sayhitranslate"]},{"rank":{"index":2,"lang":"pt-br","country":"br","chineseCountryName":"巴西","pkg":"com.spaceship.screen.textcopy"},"orders":["com.recognize_text.translate.screen","com.spaceship.screen.textcopy","com.tap_to_translate.snap_translate","com.gaminik.i18n","com.microsoft.translator","com.google.android.apps.translate","com.zaz.translate","com.deepl.mobiletranslator","ru.yandex.translate","com.datacomprojects.scanandtranslate","com.translate.language.translator.voice.translation","com.translate.talkingtranslator","com.softissimo.reverso.context","com.google.ar.lens","com.sayhi.android.sayhitranslate","com.niven.translator","com.newmg.yurao.pro","com.screen.translate.google","com.galaxy.airviewdictionary","com.naver.labs.translator"]},{"rank":{"index":3,"lang":"fr","country":"fr","chineseCountryName":"法国","pkg":"com.spaceship.screen.textcopy"},"orders":["com.recognize_text.translate.screen","com.tap_to_translate.snap_translate","com.spaceship.screen.textcopy","com.screen.translate.google","com.niven.translator","com.gaminik.i18n","com.newmg.yurao.pro","com.microsoft.translator","com.google.android.apps.translate","com.datacomprojects.scanandtranslate","com.zaz.translate","at.nk.tools.iTranslate","com.niven.apptranslate","com.niven.game","com.deepl.mobiletranslator","com.google.ar.lens","com.translate.talkingtranslator","com.softissimo.reverso.context","com.facebook.katana","com.sayhi.android.sayhitranslate"]},{"rank":{"index":2,"lang":"en-gb","country":"gb","chineseCountryName":"英国","pkg":"com.spaceship.screen.textcopy"},"orders":["com.recognize_text.translate.screen","com.spaceship.screen.textcopy","com.google.android.apps.translate","com.microsoft.translator","com.screen.translate.google","com.gaminik.i18n","com.tap_to_translate.snap_translate","com.newmg.yurao.pro","com.niven.translator","at.nk.tools.iTranslate","com.datacomprojects.scanandtranslate","com.zaz.translate","com.sayhi.android.sayhitranslate","com.google.ar.lens","com.deepl.mobiletranslator","com.softissimo.reverso.context","com.translate.language.translator.voice.translation","com.translate.talkingtranslator","com.naver.labs.translator","com.niven.game"]},{"rank":{"index":2,"lang":"de","country":"de","chineseCountryName":"德国","pkg":"com.spaceship.screen.textcopy"},"orders":["com.recognize_text.translate.screen","com.spaceship.screen.textcopy","com.tap_to_translate.snap_translate","com.screen.translate.google","com.google.android.apps.translate","com.gaminik.i18n","com.microsoft.translator","com.niven.translator","com.newmg.yurao.pro","com.datacomprojects.scanandtranslate","at.nk.tools.iTranslate","com.niven.game","com.sayhi.android.sayhitranslate","com.deepl.mobiletranslator","com.zaz.translate","com.niven.apptranslate","com.language.translate.free.translator.voice.translation","com.translate.talkingtranslator","com.aldoo.pdftranslatorpro","com.google.ar.lens"]},{"rank":{"index":2,"lang":"it","country":"it","chineseCountryName":"意大利","pkg":"com.spaceship.screen.textcopy"},"orders":["com.recognize_text.translate.screen","com.spaceship.screen.textcopy","com.gaminik.i18n","com.newmg.yurao.pro","com.screen.translate.google","com.tap_to_translate.snap_translate","com.niven.translator","com.microsoft.translator","com.google.android.apps.translate","com.niven.game","com.datacomprojects.scanandtranslate","at.nk.tools.iTranslate","com.zaz.translate","com.niven.apptranslate","com.softissimo.reverso.context","com.google.ar.lens","com.facebook.katana","com.google.android.apps.tachyon","com.facebook.orca","com.deepl.mobiletranslator"]},{"rank":{"index":2,"lang":"ja","country":"jp","chineseCountryName":"日本","pkg":"com.spaceship.screen.textcopy"},"orders":["com.recognize_text.translate.screen","com.spaceship.screen.textcopy","com.tap_to_translate.snap_translate","com.gaminik.i18n","com.screen.translate.google","com.newmg.yurao.pro","com.niven.translator","com.microsoft.translator","com.deepl.mobiletranslator","com.google.android.apps.translate","com.datacomprojects.scanandtranslate","at.nk.tools.iTranslate","com.naver.labs.translator","com.niven.game","com.google.ar.lens","com.translate.talkingtranslator","com.language.translate.free.translator.voice.translation","com.niven.apptranslate","com.android.chrome","com.facebook.katana"]},{"rank":{"index":2,"lang":"ko","country":"kr","chineseCountryName":"韩国","pkg":"com.spaceship.screen.textcopy"},"orders":["com.recognize_text.translate.screen","com.spaceship.screen.textcopy","com.tap_to_translate.snap_translate","com.gaminik.i18n","com.newmg.yurao.pro","com.screen.translate.google","com.niven.translator","com.google.android.apps.translate","com.microsoft.translator","com.naver.labs.translator","com.niven.game","com.niven.apptranslate","com.facebook.katana","com.instagram.android","com.google.ar.lens","com.facebook.orca","com.android.chrome","org.telegram.messenger","com.deepl.mobiletranslator","at.nk.tools.iTranslate"]},{"rank":{"index":2,"lang":"zh-hk","country":"hk","chineseCountryName":"香港","pkg":"com.spaceship.screen.textcopy"},"orders":["com.recognize_text.translate.screen","com.spaceship.screen.textcopy","com.gaminik.i18n","com.screen.translate.google","com.newmg.yurao.pro","com.microsoft.translator","com.google.android.apps.translate","com.niven.translator","com.tap_to_translate.snap_translate","com.datacomprojects.scanandtranslate","com.immersivetranslate.browser","at.nk.tools.iTranslate","com.niven.game","com.naver.labs.translator","com.aldoo.pdftranslatorpro","com.niven.apptranslate","com.google.ar.lens","com.zaz.translate","com.wooask.zx","com.deepl.mobiletranslator"]},{"rank":{"index":2,"lang":"zh-tw","country":"tw","chineseCountryName":"台湾","pkg":"com.spaceship.screen.textcopy"},"orders":["com.recognize_text.translate.screen","com.spaceship.screen.textcopy","com.tap_to_translate.snap_translate","com.screen.translate.google","com.gaminik.i18n","com.newmg.yurao.pro","com.microsoft.translator","com.niven.translator","com.google.android.apps.translate","at.nk.tools.iTranslate","com.niven.game","com.datacomprojects.scanandtranslate","com.niven.apptranslate","com.naver.labs.translator","com.aldoo.pdftranslatorpro","com.translate.talkingtranslator","com.immersivetranslate.browser","com.voice_camera_free_translate","com.google.ar.lens","com.language.translate.free.translator.voice.translation"]},{"rank":{"index":2,"lang":"en","country":"in","chineseCountryName":"印度","pkg":"com.spaceship.screen.textcopy"},"orders":["com.recognize_text.translate.screen","com.spaceship.screen.textcopy","com.google.android.apps.translate","com.tap_to_translate.snap_translate","com.microsoft.translator","com.gaminik.i18n","com.zaz.translate","at.nk.tools.iTranslate","com.datacomprojects.scanandtranslate","com.sayhi.android.sayhitranslate","com.softissimo.reverso.context","com.translate.talkingtranslator","ru.yandex.translate","com.deepl.mobiletranslator","com.naver.labs.translator","com.wooask.zx","com.newmg.yurao.pro","com.niven.translator","com.screen.translate.google","translate.speech.text.translation.voicetranslator"]},{"rank":{"index":2,"lang":"id","country":"id","chineseCountryName":"印尼","pkg":"com.spaceship.screen.textcopy"},"orders":["com.recognize_text.translate.screen","com.spaceship.screen.textcopy","com.tap_to_translate.snap_translate","com.screen.translate.google","com.niven.translator","com.gaminik.i18n","com.newmg.yurao.pro","com.niven.game","com.google.android.apps.translate"]},{"rank":{"index":2,"lang":"es-mx","country":"mx","chineseCountryName":"墨西哥","pkg":"com.spaceship.screen.textcopy"},"orders":["com.recognize_text.translate.screen","com.spaceship.screen.textcopy","com.tap_to_translate.snap_translate","com.gaminik.i18n","com.microsoft.translator","com.google.android.apps.translate","com.zaz.translate","com.deepl.mobiletranslator","com.datacomprojects.scanandtranslate","com.translate.talkingtranslator","com.softissimo.reverso.context","ru.yandex.translate","com.sayhi.android.sayhitranslate","com.google.ar.lens","com.naver.labs.translator","com.newmg.yurao.pro","com.niven.translator","com.screen.translate.google","com.niven.apptranslate","com.youdao.hindict"]}]