[{"rank":{"index":2,"lang":"en-us","country":"us","chineseCountryName":"美国","pkg":"com.spaceship.screen.textcopy"},"orders":["com.recognize_text.translate.screen","com.spaceship.screen.textcopy","com.tap_to_translate.snap_translate","com.screen.translate.google","com.niven.translator","com.gaminik.i18n","com.galaxy.airviewdictionary","com.screen.translator.text.recognize","com.yoyodev.screentranslate","com.newmg.yurao.pro","com.niven.apptranslate","com.newtranslate.google","com.eecorp.linguago","com.hive.lingonative","com.google.android.apps.translate","com.niven.game","com.deepl.mobiletranslator","com.immersivetranslate.browser","com.translatepost.voicetranslator.cameratranslator","com.microsoft.translator"]},{"rank":{"index":3,"lang":"ru","country":"ru","chineseCountryName":"俄罗斯","pkg":"com.spaceship.screen.textcopy"},"orders":["com.recognize_text.translate.screen","com.niven.translator","com.spaceship.screen.textcopy","com.tap_to_translate.snap_translate","com.gaminik.i18n","com.screen.translate.google","ru.yandex.translate","com.yoyodev.screentranslate","com.galaxy.airviewdictionary","com.screen.translator.text.recognize","com.niven.apptranslate","com.google.android.apps.translate","com.eecorp.linguago","com.newmg.yurao.pro","com.niven.game"]},{"rank":{"index":6,"lang":"pt-br","country":"br","chineseCountryName":"巴西","pkg":"com.spaceship.screen.textcopy"},"orders":["com.recognize_text.translate.screen","com.tap_to_translate.snap_translate","com.niven.translator","com.galaxy.airviewdictionary","com.newtranslate.google","com.spaceship.screen.textcopy","com.screen.translate.google","com.niven.apptranslate","com.gaminik.i18n","com.screen.translator.text.recognize","com.flabs.screen.translate","com.google.android.apps.translate","com.newmg.yurao.pro","screen.translator.voice.translate","com.android.chrome","com.google.android.apps.docs.editors.docs","com.canva.editor","com.duolingo","com.sirma.mobile.bible.android","com.google.android.apps.tachyon"]},{"rank":{"index":6,"lang":"fr","country":"fr","chineseCountryName":"法国","pkg":"com.spaceship.screen.textcopy"},"orders":["com.recognize_text.translate.screen","com.tap_to_translate.snap_translate","com.screen.translate.google","com.galaxy.airviewdictionary","com.niven.translator","com.spaceship.screen.textcopy","com.newtranslate.google","com.niven.apptranslate","com.yoyodev.screentranslate","com.gaminik.i18n","com.screen.translator.text.recognize","screen.translator.voice.translate","com.google.android.apps.translate","com.newmg.yurao.pro","com.deepl.mobiletranslator","com.flabs.screen.translate","com.google.ar.lens","com.naver.labs.translator","com.microsoft.translator","com.immersivetranslate.browser"]},{"rank":{"index":2,"lang":"en-gb","country":"gb","chineseCountryName":"英国","pkg":"com.spaceship.screen.textcopy"},"orders":["com.recognize_text.translate.screen","com.spaceship.screen.textcopy","com.galaxy.airviewdictionary","com.screen.translate.google","com.tap_to_translate.snap_translate","com.screen.translator.text.recognize","com.niven.translator","com.gaminik.i18n","com.newtranslate.google","com.yoyodev.screentranslate","com.google.android.apps.translate","com.niven.apptranslate","com.newmg.yurao.pro","com.hive.lingonative","com.eecorp.linguago","com.deepl.mobiletranslator","com.google.ar.lens","com.translatepost.voicetranslator.cameratranslator","com.microsoft.translator","com.naver.labs.translator"]},{"rank":{"index":9,"lang":"de","country":"de","chineseCountryName":"德国","pkg":"com.spaceship.screen.textcopy"},"orders":["com.recognize_text.translate.screen","com.tap_to_translate.snap_translate","com.niven.translator","com.galaxy.airviewdictionary","com.newtranslate.google","com.screen.translate.google","com.yoyodev.screentranslate","com.gaminik.i18n","com.spaceship.screen.textcopy","com.niven.apptranslate","com.screen.translator.text.recognize","com.google.android.apps.translate","com.deepl.mobiletranslator","com.newmg.yurao.pro","com.microsoft.translator","com.google.ar.lens","com.immersivetranslate.browser","screen.translator.voice.translate","ru.yandex.translate","com.ocht.bubbletranslator"]},{"rank":{"index":4,"lang":"it","country":"it","chineseCountryName":"意大利","pkg":"com.spaceship.screen.textcopy"},"orders":["com.recognize_text.translate.screen","com.tap_to_translate.snap_translate","com.niven.translator","com.spaceship.screen.textcopy","com.screen.translate.google","com.galaxy.airviewdictionary","com.screen.translator.text.recognize","com.gaminik.i18n","com.yoyodev.screentranslate","com.niven.apptranslate","com.newmg.yurao.pro","com.newtranslate.google","com.google.android.apps.translate","com.deepl.mobiletranslator","com.niven.game","com.eecorp.linguago","com.chat.translator.screen.translate.language","com.zaz.translate","com.tangdi.baiguotong","com.immersivetranslate.browser"]},{"rank":{"index":2,"lang":"ja","country":"jp","chineseCountryName":"日本","pkg":"com.spaceship.screen.textcopy"},"orders":["com.recognize_text.translate.screen","com.spaceship.screen.textcopy","com.gaminik.i18n","com.tap_to_translate.snap_translate","com.screen.translate.google","com.niven.translator","com.galaxy.airviewdictionary","com.screen.translator.text.recognize","com.niven.apptranslate","com.eecorp.linguago","com.newmg.yurao.pro","com.immersivetranslate.browser"]},{"rank":{"index":5,"lang":"ko","country":"kr","chineseCountryName":"韩国","pkg":"com.spaceship.screen.textcopy"},"orders":["com.recognize_text.translate.screen","com.tap_to_translate.snap_translate","com.screen.translate.google","com.galaxy.airviewdictionary","com.spaceship.screen.textcopy","com.newtranslate.google","com.gaminik.i18n","com.niven.translator","com.niven.apptranslate","com.screen.translator.text.recognize","com.newmg.yurao.pro","screen.translator.voice.translate","com.flabs.screen.translate","com.translatepost.voicetranslator.cameratranslator","com.google.android.apps.translate","com.niven.game","com.naver.labs.translator","com.deepl.mobiletranslator","com.google.ar.lens","com.immersivetranslate.browser"]},{"rank":{"index":2,"lang":"zh-hk","country":"hk","chineseCountryName":"香港","pkg":"com.spaceship.screen.textcopy"},"orders":["com.recognize_text.translate.screen","com.spaceship.screen.textcopy","com.tap_to_translate.snap_translate","com.galaxy.airviewdictionary","com.screen.translator.text.recognize","com.screen.translate.google","com.niven.translator","com.newtranslate.google","com.gaminik.i18n","com.google.android.apps.translate","com.niven.apptranslate","com.deepl.mobiletranslator","com.newmg.yurao.pro","com.hive.lingonative","com.naver.labs.translator","com.google.ar.lens","com.translatepost.voicetranslator.cameratranslator","com.yoyodev.screentranslate","com.microsoft.translator","com.immersivetranslate.browser"]},{"rank":{"index":7,"lang":"zh-tw","country":"tw","chineseCountryName":"台湾","pkg":"com.spaceship.screen.textcopy"},"orders":["com.recognize_text.translate.screen","com.tap_to_translate.snap_translate","com.screen.translate.google","com.galaxy.airviewdictionary","com.newtranslate.google","com.niven.translator","com.spaceship.screen.textcopy","com.gaminik.i18n","com.screen.translator.text.recognize","com.niven.apptranslate","com.translatepost.voicetranslator.cameratranslator","com.google.android.apps.translate","screen.translator.voice.translate","com.yoyodev.screentranslate","com.newmg.yurao.pro","com.deepl.mobiletranslator","com.google.ar.lens","com.microsoft.translator","com.naver.labs.translator","com.flabs.screen.translate"]},{"rank":{"index":0,"lang":"en","country":"in","chineseCountryName":"印度","pkg":"com.spaceship.screen.textcopy"},"orders":["com.recognize_text.translate.screen","com.tap_to_translate.snap_translate","com.gaminik.i18n","com.newmg.yurao.pro","com.google.android.apps.translate","com.zaz.translate","com.microsoft.translator","at.nk.tools.iTranslate","com.naver.labs.translator","ru.yandex.translate","com.google.ar.lens","com.datacomprojects.scanandtranslate","com.softissimo.reverso.context","com.kursx.smartbook","com.google.android.tts","com.google.android.marvin.talkback","videoeditor.videorecorder.screenrecorder","com.google.android.googlequicksearchbox","com.siv","com.google.audio.hearing.visualization.accessibility.scribe"]},{"rank":{"index":3,"lang":"id","country":"id","chineseCountryName":"印尼","pkg":"com.spaceship.screen.textcopy"},"orders":["com.recognize_text.translate.screen","com.tap_to_translate.snap_translate","com.spaceship.screen.textcopy","com.niven.translator","com.gaminik.i18n","com.screen.translate.google","com.galaxy.airviewdictionary","com.screen.translator.text.recognize","com.yoyodev.screentranslate","com.niven.apptranslate"]},{"rank":{"index":2,"lang":"es-mx","country":"mx","chineseCountryName":"墨西哥","pkg":"com.spaceship.screen.textcopy"},"orders":["com.recognize_text.translate.screen","com.spaceship.screen.textcopy","com.tap_to_translate.snap_translate","com.gaminik.i18n","com.newmg.yurao.pro","com.google.android.apps.translate","com.microsoft.translator","com.zaz.translate","ru.yandex.translate","at.nk.tools.iTranslate","com.google.ar.lens","com.translate.talkingtranslator","com.softissimo.reverso.context","com.immersivetranslate.browser","com.pons.onlinedictionary","com.kursx.smartbook","com.google.android.tts","com.siv","co.langlang.translator_for_wsp","link.zhidou.btranslator"]}]