[{"rank":{"index":2,"lang":"en-us","country":"us","chineseCountryName":"美国","pkg":"com.spaceship.screen.textcopy"},"orders":["com.recognize_text.translate.screen","com.spaceship.screen.textcopy","com.niven.translator","com.tap_to_translate.snap_translate","com.gaminik.i18n","com.newmg.yurao.pro","com.screen.translate.google","com.niven.apptranslate","com.eecorp.linguago","com.zaz.translate","live.screentranslate.realtime","com.screen.translator.text.recognize","com.niven.game","com.google.android.apps.translate","com.galaxy.airviewdictionary","com.mg.chat","at.nk.tools.iTranslate","com.microsoft.translator","translate.speech.text.translation.voicetranslator","com.deepl.mobiletranslator"]},{"rank":{"index":3,"lang":"ru","country":"ru","chineseCountryName":"俄罗斯","pkg":"com.spaceship.screen.textcopy"},"orders":["com.recognize_text.translate.screen","com.niven.translator","com.spaceship.screen.textcopy","com.tap_to_translate.snap_translate","com.gaminik.i18n","com.newmg.yurao.pro","com.niven.apptranslate","com.screen.translate.google","live.screentranslate.realtime","com.eecorp.linguago","com.screen.translator.text.recognize","com.niven.game","com.galaxy.airviewdictionary","com.zaz.translate","com.mg.chat","at.nk.tools.iTranslate","com.newtranslate.google","com.google.android.apps.translate","ru.yandex.translate","com.microsoft.translator"]},{"rank":{"index":3,"lang":"pt-br","country":"br","chineseCountryName":"巴西","pkg":"com.spaceship.screen.textcopy"},"orders":["com.recognize_text.translate.screen","com.niven.translator","com.spaceship.screen.textcopy","com.tap_to_translate.snap_translate","com.gaminik.i18n","com.newmg.yurao.pro","com.niven.apptranslate","com.screen.translate.google","com.eecorp.linguago","live.screentranslate.realtime","com.niven.game","com.screen.translator.text.recognize","com.galaxy.airviewdictionary","com.mg.chat","com.zaz.translate","com.newtranslate.google","com.google.android.apps.translate","at.nk.tools.iTranslate","translate.speech.text.translation.voicetranslator","com.niven.transaltor.next"]},{"rank":{"index":2,"lang":"fr","country":"fr","chineseCountryName":"法国","pkg":"com.spaceship.screen.textcopy"},"orders":["com.recognize_text.translate.screen","com.spaceship.screen.textcopy","com.tap_to_translate.snap_translate","com.newmg.yurao.pro","com.niven.translator","com.gaminik.i18n","com.eecorp.linguago","live.screentranslate.realtime","com.niven.apptranslate","com.screen.translate.google","com.screen.translator.text.recognize","com.galaxy.airviewdictionary","com.niven.game","com.zaz.translate","com.google.android.apps.translate","com.newtranslate.google","com.flabs.screen.translate","com.yoyodev.screentranslate","com.deepl.mobiletranslator","com.mg.chat"]},{"rank":{"index":2,"lang":"en-gb","country":"gb","chineseCountryName":"英国","pkg":"com.spaceship.screen.textcopy"},"orders":["com.recognize_text.translate.screen","com.spaceship.screen.textcopy","com.niven.translator","com.tap_to_translate.snap_translate","com.gaminik.i18n","com.newmg.yurao.pro","com.zaz.translate","com.screen.translate.google","com.niven.apptranslate","com.eecorp.linguago","live.screentranslate.realtime","at.nk.tools.iTranslate","com.google.android.apps.translate","com.screen.translator.text.recognize","com.niven.game","com.mg.chat","com.galaxy.airviewdictionary","com.microsoft.translator","translate.speech.text.translation.voicetranslator","com.deepl.mobiletranslator"]},{"rank":{"index":3,"lang":"de","country":"de","chineseCountryName":"德国","pkg":"com.spaceship.screen.textcopy"},"orders":["com.recognize_text.translate.screen","com.niven.translator","com.spaceship.screen.textcopy","com.tap_to_translate.snap_translate","com.newmg.yurao.pro","com.gaminik.i18n","com.screen.translate.google","com.niven.apptranslate","live.screentranslate.realtime","com.eecorp.linguago","com.galaxy.airviewdictionary","com.screen.translator.text.recognize","com.niven.game","com.yoyodev.screentranslate","com.newtranslate.google","com.mg.chat"]},{"rank":{"index":2,"lang":"it","country":"it","chineseCountryName":"意大利","pkg":"com.spaceship.screen.textcopy"},"orders":["com.recognize_text.translate.screen","com.spaceship.screen.textcopy","com.tap_to_translate.snap_translate","com.gaminik.i18n","com.niven.translator","com.newmg.yurao.pro","com.eecorp.linguago","com.screen.translate.google","live.screentranslate.realtime","com.niven.apptranslate","com.screen.translator.text.recognize","com.galaxy.airviewdictionary","com.niven.game","com.google.android.apps.translate","com.zaz.translate","com.newtranslate.google","com.yoyodev.screentranslate","com.mg.chat","com.microsoft.translator","at.nk.tools.iTranslate"]},{"rank":{"index":2,"lang":"ja","country":"jp","chineseCountryName":"日本","pkg":"com.spaceship.screen.textcopy"},"orders":["com.recognize_text.translate.screen","com.spaceship.screen.textcopy","com.tap_to_translate.snap_translate","com.gaminik.i18n","com.niven.translator","com.newmg.yurao.pro","com.niven.apptranslate","com.eecorp.linguago","com.screen.translate.google","live.screentranslate.realtime","com.screen.translator.text.recognize","com.galaxy.airviewdictionary"]},{"rank":{"index":2,"lang":"ko","country":"kr","chineseCountryName":"韩国","pkg":"com.spaceship.screen.textcopy"},"orders":["com.recognize_text.translate.screen","com.spaceship.screen.textcopy","com.tap_to_translate.snap_translate","com.niven.translator","com.newmg.yurao.pro","com.gaminik.i18n","com.niven.apptranslate","com.screen.translate.google","live.screentranslate.realtime","com.eecorp.linguago","com.screen.translator.text.recognize","com.galaxy.airviewdictionary","com.zaz.translate","com.niven.game","com.google.android.apps.translate"]},{"rank":{"index":2,"lang":"zh-hk","country":"hk","chineseCountryName":"香港","pkg":"com.spaceship.screen.textcopy"},"orders":["com.recognize_text.translate.screen","com.spaceship.screen.textcopy","com.niven.translator","com.tap_to_translate.snap_translate","com.newmg.yurao.pro","com.gaminik.i18n","com.screen.translate.google","com.niven.apptranslate","com.eecorp.linguago","live.screentranslate.realtime","com.screen.translator.text.recognize","com.zaz.translate","com.niven.game","com.galaxy.airviewdictionary","at.nk.tools.iTranslate","com.google.android.apps.translate","com.microsoft.translator","com.mg.chat","com.deepl.mobiletranslator","com.newtranslate.google"]},{"rank":{"index":1,"lang":"zh-tw","country":"tw","chineseCountryName":"台湾","pkg":"com.spaceship.screen.textcopy"},"orders":["com.spaceship.screen.textcopy","com.recognize_text.translate.screen","com.niven.translator","com.newmg.yurao.pro","com.gaminik.i18n","com.tap_to_translate.snap_translate","com.niven.apptranslate","com.screen.translate.google","com.eecorp.linguago","live.screentranslate.realtime","com.screen.translator.text.recognize","com.galaxy.airviewdictionary","com.niven.game","com.zaz.translate","at.nk.tools.iTranslate","com.google.android.apps.translate","com.mg.chat","com.microsoft.translator","com.deepl.mobiletranslator","com.newtranslate.google"]},{"rank":{"index":0,"lang":"en","country":"in","chineseCountryName":"印度","pkg":"com.spaceship.screen.textcopy"},"orders":["com.recognize_text.translate.screen","com.tap_to_translate.snap_translate","com.gaminik.i18n"]},{"rank":{"index":4,"lang":"id","country":"id","chineseCountryName":"印尼","pkg":"com.spaceship.screen.textcopy"},"orders":["com.recognize_text.translate.screen","com.niven.translator","com.tap_to_translate.snap_translate","com.spaceship.screen.textcopy","com.gaminik.i18n","com.newmg.yurao.pro","com.screen.translate.google","com.niven.apptranslate","com.eecorp.linguago","com.niven.game","live.screentranslate.realtime","com.galaxy.airviewdictionary","com.screen.translator.text.recognize","com.zaz.translate","com.deepl.mobiletranslator","com.newtranslate.google","at.nk.tools.iTranslate","com.google.android.apps.translate","com.mg.chat","translate.speech.text.translation.voicetranslator"]},{"rank":{"index":2,"lang":"es-mx","country":"mx","chineseCountryName":"墨西哥","pkg":"com.spaceship.screen.textcopy"},"orders":["com.recognize_text.translate.screen","com.spaceship.screen.textcopy","com.tap_to_translate.snap_translate","com.niven.translator","com.newmg.yurao.pro","com.gaminik.i18n","com.eecorp.linguago","com.niven.apptranslate","live.screentranslate.realtime","com.screen.translate.google","com.screen.translator.text.recognize","com.galaxy.airviewdictionary","com.niven.game","com.zaz.translate","com.google.android.apps.translate"]}]