[{"rank":{"index":2,"lang":"en-us","country":"us","chineseCountryName":"美国","pkg":"com.spaceship.screen.textcopy"},"orders":["com.recognize_text.translate.screen","com.spaceship.screen.textcopy","com.tap_to_translate.snap_translate","com.gaminik.i18n","com.microsoft.translator","com.newmg.yurao.pro","com.niven.game","com.niven.translator","com.google.android.apps.translate","com.eecorp.taptranslator","com.niven.comic","com.niven.apptranslate","com.translate.talkingtranslator","com.screen.translate.google","screen.translator.voice.translate","at.nk.tools.iTranslate","us.zoom.videomeetings","com.google.android.apps.maps","com.android.chrome","com.easytranslate.easytranslate"]},{"rank":{"index":2,"lang":"ru","country":"ru","chineseCountryName":"俄罗斯","pkg":"com.spaceship.screen.textcopy"},"orders":["com.recognize_text.translate.screen","com.spaceship.screen.textcopy","com.tap_to_translate.snap_translate","com.gaminik.i18n","com.niven.translator","com.niven.game","com.newmg.yurao.pro","com.microsoft.translator","com.niven.comic","com.niven.apptranslate","ru.yandex.translate","com.screen.translate.google","com.google.android.apps.translate","screen.translator.voice.translate","us.zoom.videomeetings","com.android.chrome","com.discord","com.google.android.apps.photos","com.translate.talkingtranslator","com.truecaller"]},{"rank":{"index":2,"lang":"pt-br","country":"br","chineseCountryName":"巴西","pkg":"com.spaceship.screen.textcopy"},"orders":["com.recognize_text.translate.screen","com.spaceship.screen.textcopy","com.tap_to_translate.snap_translate","com.gaminik.i18n","com.niven.translator","com.niven.game","com.niven.comic","com.newmg.yurao.pro","com.eecorp.taptranslator","com.niven.apptranslate","com.google.android.apps.translate","screen.translator.voice.translate","com.google.android.apps.photos","us.zoom.videomeetings","com.android.chrome","com.google.android.apps.maps","com.google.android.apps.docs","com.discord","com.google.android.apps.youtube.creator","com.microsoft.office.outlook"]},{"rank":{"index":2,"lang":"fr","country":"fr","chineseCountryName":"法国","pkg":"com.spaceship.screen.textcopy"},"orders":["com.recognize_text.translate.screen","com.spaceship.screen.textcopy","com.tap_to_translate.snap_translate","com.gaminik.i18n","com.niven.game","com.niven.translator","screen.translator.voice.translate","com.microsoft.translator","com.niven.comic","com.newmg.yurao.pro","com.eecorp.taptranslator","com.niven.apptranslate","com.google.android.apps.translate","com.screen.translate.google","com.translate.talkingtranslator","at.nk.tools.iTranslate","us.zoom.videomeetings","com.google.android.apps.photos","com.android.chrome","com.google.android.apps.maps"]},{"rank":{"index":2,"lang":"en-gb","country":"gb","chineseCountryName":"英国","pkg":"com.spaceship.screen.textcopy"},"orders":["com.recognize_text.translate.screen","com.spaceship.screen.textcopy","com.tap_to_translate.snap_translate","com.gaminik.i18n","com.microsoft.translator","com.google.android.apps.translate","com.niven.game","com.niven.translator","com.eecorp.taptranslator","com.newmg.yurao.pro","com.niven.comic","com.niven.apptranslate","com.screen.translate.google","at.nk.tools.iTranslate","screen.translator.voice.translate","com.translate.talkingtranslator","com.google.android.apps.maps","us.zoom.videomeetings","com.android.chrome","com.google.android.apps.photos"]},{"rank":{"index":2,"lang":"de","country":"de","chineseCountryName":"德国","pkg":"com.spaceship.screen.textcopy"},"orders":["com.recognize_text.translate.screen","com.spaceship.screen.textcopy","com.tap_to_translate.snap_translate","com.gaminik.i18n","com.newmg.yurao.pro","com.niven.translator","com.niven.game","com.microsoft.translator","com.niven.comic","com.eecorp.taptranslator","com.google.android.apps.translate","com.niven.apptranslate","com.screen.translate.google","com.translate.talkingtranslator","us.zoom.videomeetings","com.discord","com.android.chrome","com.google.android.apps.photos","com.google.android.apps.maps","com.truecaller"]},{"rank":{"index":2,"lang":"it","country":"it","chineseCountryName":"意大利","pkg":"com.spaceship.screen.textcopy"},"orders":["com.recognize_text.translate.screen","com.spaceship.screen.textcopy","com.gaminik.i18n","screen.translator.voice.translate","com.niven.game","com.tap_to_translate.snap_translate","com.niven.translator","com.newmg.yurao.pro","com.microsoft.translator","com.niven.comic","com.eecorp.taptranslator","com.screen.translate.google","com.niven.apptranslate","com.google.android.apps.translate","us.zoom.videomeetings","com.google.android.apps.photos","com.discord","com.android.chrome","com.google.android.apps.maps","com.microsoft.office.outlook"]},{"rank":{"index":1,"lang":"ja","country":"jp","chineseCountryName":"日本","pkg":"com.spaceship.screen.textcopy"},"orders":["com.spaceship.screen.textcopy","com.recognize_text.translate.screen","com.gaminik.i18n","com.tap_to_translate.snap_translate","com.newmg.yurao.pro","com.niven.game","com.niven.translator","com.screen.translate.google","com.microsoft.translator","com.google.android.apps.translate","us.zoom.videomeetings","com.android.chrome","com.google.android.apps.maps","com.discord","com.naver.labs.translator","com.google.ar.lens","com.duolingo","com.microsoft.office.outlook","com.skype.raider","com.google.android.apps.photos"]},{"rank":{"index":2,"lang":"ko","country":"kr","chineseCountryName":"韩国","pkg":"com.spaceship.screen.textcopy"},"orders":["com.recognize_text.translate.screen","com.spaceship.screen.textcopy","com.tap_to_translate.snap_translate","com.gaminik.i18n","com.microsoft.translator","com.niven.game","com.niven.translator","com.google.android.apps.translate","com.niven.comic","com.newmg.yurao.pro","com.niven.apptranslate","com.eecorp.taptranslator","com.screen.translate.google","com.naver.labs.translator","com.translate.talkingtranslator","at.nk.tools.iTranslate","com.google.ar.lens","screen.translator.voice.translate","com.galaxy.airviewdictionary","com.eecorp.linguago"]},{"rank":{"index":2,"lang":"zh-hk","country":"hk","chineseCountryName":"香港","pkg":"com.spaceship.screen.textcopy"},"orders":["com.recognize_text.translate.screen","com.spaceship.screen.textcopy","com.tap_to_translate.snap_translate","com.gaminik.i18n","com.microsoft.translator","com.niven.game","com.niven.translator","com.newmg.yurao.pro","com.niven.comic","com.screen.translate.google","com.google.android.apps.translate","com.niven.apptranslate","com.translate.talkingtranslator","com.eecorp.taptranslator","at.nk.tools.iTranslate","com.google.android.apps.maps","com.android.chrome","us.zoom.videomeetings","com.discord","com.google.ar.lens"]},{"rank":{"index":2,"lang":"zh-tw","country":"tw","chineseCountryName":"台湾","pkg":"com.spaceship.screen.textcopy"},"orders":["com.recognize_text.translate.screen","com.spaceship.screen.textcopy","com.tap_to_translate.snap_translate","com.gaminik.i18n","com.niven.game","com.microsoft.translator","com.niven.translator","com.niven.comic","com.newmg.yurao.pro","com.niven.apptranslate","com.screen.translate.google","com.google.android.apps.translate","com.translate.talkingtranslator","com.eecorp.taptranslator","at.nk.tools.iTranslate","com.galaxy.airviewdictionary","com.google.android.apps.maps","com.discord","com.android.chrome","com.eecorp.linguago"]},{"rank":{"index":2,"lang":"en","country":"in","chineseCountryName":"印度","pkg":"com.spaceship.screen.textcopy"},"orders":["com.recognize_text.translate.screen","com.spaceship.screen.textcopy","com.tap_to_translate.snap_translate","com.google.android.apps.translate","com.gaminik.i18n"]},{"rank":{"index":1,"lang":"id","country":"id","chineseCountryName":"印尼","pkg":"com.spaceship.screen.textcopy"},"orders":["com.spaceship.screen.textcopy","com.recognize_text.translate.screen","com.tap_to_translate.snap_translate","com.gaminik.i18n","com.niven.game","com.niven.translator","com.newmg.yurao.pro","com.niven.comic","com.eecorp.taptranslator"]},{"rank":{"index":2,"lang":"es-mx","country":"mx","chineseCountryName":"墨西哥","pkg":"com.spaceship.screen.textcopy"},"orders":["com.recognize_text.translate.screen","com.spaceship.screen.textcopy","com.gaminik.i18n","com.niven.game","com.tap_to_translate.snap_translate","com.niven.translator","com.niven.comic","com.newmg.yurao.pro","com.microsoft.translator","com.google.android.apps.translate","com.niven.apptranslate","com.eecorp.taptranslator","us.zoom.videomeetings","com.google.android.apps.photos","com.screen.translate.google","com.google.android.apps.maps","com.android.chrome","com.discord","com.google.android.apps.docs","com.intsig.camscanner"]}]