[{"rank":{"index":1,"lang":"en-us","country":"us","chineseCountryName":"美国","pkg":"com.spaceship.screen.textcopy"},"orders":["com.spaceship.screen.textcopy","com.recognize_text.translate.screen","com.gaminik.i18n","com.microsoft.translator","com.newmg.yurao.pro","com.google.android.apps.translate","com.niven.translator","com.niven.game","com.eecorp.taptranslator","at.nk.tools.iTranslate","com.niven.comic","com.zaz.translate","com.naver.labs.translator","com.screen.translate.google","com.deepl.mobiletranslator","com.android.chrome","com.translate.talkingtranslator","com.discord","com.google.android.apps.photos","com.galaxy.airviewdictionary"]},{"rank":{"index":2,"lang":"ru","country":"ru","chineseCountryName":"俄罗斯","pkg":"com.spaceship.screen.textcopy"},"orders":["com.recognize_text.translate.screen","com.spaceship.screen.textcopy","com.niven.translator","com.gaminik.i18n","com.niven.game","com.microsoft.translator","com.newmg.yurao.pro","com.google.android.apps.translate","com.niven.comic","ru.yandex.translate","com.screen.translate.google","at.nk.tools.iTranslate","com.deepl.mobiletranslator","com.google.ar.lens","com.galaxy.airviewdictionary","com.zaz.translate","com.android.chrome","com.duolingo","com.discord","com.naver.labs.translator"]},{"rank":{"index":1,"lang":"pt-br","country":"br","chineseCountryName":"巴西","pkg":"com.spaceship.screen.textcopy"},"orders":["com.spaceship.screen.textcopy","com.recognize_text.translate.screen","com.gaminik.i18n","com.niven.translator","com.niven.game","com.eecorp.taptranslator","com.niven.comic","com.google.android.apps.translate","com.newmg.yurao.pro","com.microsoft.translator","at.nk.tools.iTranslate","com.android.chrome","com.discord","com.google.android.apps.photos","com.google.android.apps.maps","com.microsoft.office.outlook","com.google.android.apps.youtube.creator","com.skype.raider","com.adobe.reader","com.duolingo"]},{"rank":{"index":2,"lang":"fr","country":"fr","chineseCountryName":"法国","pkg":"com.spaceship.screen.textcopy"},"orders":["com.recognize_text.translate.screen","com.spaceship.screen.textcopy","com.gaminik.i18n","com.niven.game","com.niven.translator","com.galaxy.airviewdictionary","com.eecorp.taptranslator","com.microsoft.translator","com.google.android.apps.translate","com.newmg.yurao.pro","screen.translator.voice.translate","com.discord","com.duolingo","com.android.chrome","com.deepl.mobiletranslator","com.microsoft.office.outlook","com.niven.comic","com.screen.translate.google","com.canva.editor","com.google.android.apps.photos"]},{"rank":{"index":2,"lang":"en-gb","country":"gb","chineseCountryName":"英国","pkg":"com.spaceship.screen.textcopy"},"orders":["com.recognize_text.translate.screen","com.spaceship.screen.textcopy","com.gaminik.i18n","com.google.android.apps.translate","com.microsoft.translator","com.niven.translator","com.niven.game","at.nk.tools.iTranslate","com.newmg.yurao.pro","com.eecorp.taptranslator","com.zaz.translate","com.niven.comic","com.deepl.mobiletranslator","com.galaxy.airviewdictionary","com.google.ar.lens","com.naver.labs.translator","com.screen.translate.google","com.android.chrome","com.discord","com.image.camera.translate.ai"]},{"rank":{"index":1,"lang":"de","country":"de","chineseCountryName":"德国","pkg":"com.spaceship.screen.textcopy"},"orders":["com.spaceship.screen.textcopy","com.recognize_text.translate.screen","com.gaminik.i18n","com.niven.translator","com.niven.game","com.newmg.yurao.pro","com.microsoft.translator","com.eecorp.taptranslator","com.google.android.apps.translate","com.deepl.mobiletranslator","com.discord","com.niven.comic","com.android.chrome","com.openai.chatgpt","com.screen.translate.google","com.duolingo","com.google.android.apps.photos","com.microsoft.office.outlook","com.sec.android.app.sbrowser","com.truecaller"]},{"rank":{"index":1,"lang":"it","country":"it","chineseCountryName":"意大利","pkg":"com.spaceship.screen.textcopy"},"orders":["com.spaceship.screen.textcopy","com.recognize_text.translate.screen","com.gaminik.i18n","com.niven.translator","com.niven.game","com.google.android.apps.translate","com.eecorp.taptranslator","com.newmg.yurao.pro","screen.translator.voice.translate","com.microsoft.translator","com.niven.comic","com.discord","com.deepl.mobiletranslator","com.openai.chatgpt","com.microsoft.office.outlook","com.google.android.apps.photos","com.duolingo","com.galaxy.airviewdictionary","com.android.chrome","com.skype.raider"]},{"rank":{"index":1,"lang":"ja","country":"jp","chineseCountryName":"日本","pkg":"com.spaceship.screen.textcopy"},"orders":["com.spaceship.screen.textcopy","com.gaminik.i18n","com.recognize_text.translate.screen","com.niven.translator","com.niven.game","com.microsoft.translator","com.google.android.apps.translate","com.naver.labs.translator","com.newmg.yurao.pro","com.deepl.mobiletranslator","com.niven.comic","com.eecorp.taptranslator","com.discord","com.android.chrome","com.duolingo","com.google.android.apps.maps","com.google.ar.lens","at.nk.tools.iTranslate","us.zoom.videomeetings","com.microsoft.office.outlook"]},{"rank":{"index":1,"lang":"ko","country":"kr","chineseCountryName":"韩国","pkg":"com.spaceship.screen.textcopy"},"orders":["com.spaceship.screen.textcopy","com.recognize_text.translate.screen","com.gaminik.i18n","com.niven.translator","com.niven.game","com.microsoft.translator","com.google.android.apps.translate","com.naver.labs.translator","com.newmg.yurao.pro","com.niven.comic","com.eecorp.taptranslator","at.nk.tools.iTranslate","com.deepl.mobiletranslator","com.google.ar.lens","com.galaxy.airviewdictionary","com.screen.translate.google","com.discord","com.duolingo","com.sec.android.app.sbrowser","com.android.chrome"]},{"rank":{"index":1,"lang":"zh-hk","country":"hk","chineseCountryName":"香港","pkg":"com.spaceship.screen.textcopy"},"orders":["com.spaceship.screen.textcopy","com.recognize_text.translate.screen","com.gaminik.i18n","com.niven.translator","com.niven.game","com.microsoft.translator","com.google.android.apps.translate","com.newmg.yurao.pro","com.niven.comic","at.nk.tools.iTranslate","com.eecorp.taptranslator","com.naver.labs.translator","com.screen.translate.google","com.deepl.mobiletranslator","com.google.ar.lens","com.android.chrome","com.zaz.translate","com.discord","com.google.android.apps.maps","com.duolingo"]},{"rank":{"index":1,"lang":"zh-tw","country":"tw","chineseCountryName":"台湾","pkg":"com.spaceship.screen.textcopy"},"orders":["com.spaceship.screen.textcopy","com.recognize_text.translate.screen","com.gaminik.i18n","com.niven.game","com.niven.translator","com.microsoft.translator","com.google.android.apps.translate","at.nk.tools.iTranslate","com.newmg.yurao.pro","com.niven.comic","com.naver.labs.translator","com.eecorp.taptranslator","com.deepl.mobiletranslator","com.google.ar.lens","com.screen.translate.google","com.zaz.translate","com.youdao.hindict","com.discord","com.android.chrome","com.duolingo"]},{"rank":{"index":2,"lang":"en","country":"in","chineseCountryName":"印度","pkg":"com.spaceship.screen.textcopy"},"orders":["com.recognize_text.translate.screen","com.spaceship.screen.textcopy","com.google.android.apps.translate","com.zaz.translate","com.niven.game","com.gaminik.i18n"]},{"rank":{"index":1,"lang":"id","country":"id","chineseCountryName":"印尼","pkg":"com.spaceship.screen.textcopy"},"orders":["com.spaceship.screen.textcopy","com.recognize_text.translate.screen","com.gaminik.i18n","com.niven.game","com.niven.translator","com.eecorp.taptranslator","com.google.android.apps.translate","com.youdao.hindict","com.niven.comic"]},{"rank":{"index":1,"lang":"es-mx","country":"mx","chineseCountryName":"墨西哥","pkg":"com.spaceship.screen.textcopy"},"orders":["com.spaceship.screen.textcopy","com.recognize_text.translate.screen","com.gaminik.i18n","com.niven.translator","com.niven.game","com.niven.comic","com.microsoft.translator","com.eecorp.taptranslator","com.newmg.yurao.pro","com.google.android.apps.translate","com.youdao.hindict","com.screen.translate.google","at.nk.tools.iTranslate","com.deepl.mobiletranslator","com.galaxy.airviewdictionary","com.niven.apptranslate","com.zaz.translate","com.android.chrome","com.duolingo","com.google.android.apps.photos"]}]