[{"rank":{"index":2,"lang":"en-us","country":"us","chineseCountryName":"美国","pkg":"com.spaceship.screen.textcopy"},"orders":["com.recognize_text.translate.screen","com.spaceship.screen.textcopy","com.niven.translator","com.tap_to_translate.snap_translate","com.gaminik.i18n","com.newmg.yurao.pro","com.aurasense.screentranslate","com.google.android.apps.translate","com.microsoft.translator","com.screen.translate.google","com.deepl.mobiletranslator","com.yoyodev.screentranslate","at.nk.tools.iTranslate","com.galaxy.airviewdictionary","live.screentranslate.realtime","com.zaz.translate","link.zhidou.btranslator","com.niven.apptranslate","com.niven.game","com.hive.lingonative"]},{"rank":{"index":2,"lang":"ru","country":"ru","chineseCountryName":"俄罗斯","pkg":"com.spaceship.screen.textcopy"},"orders":["com.recognize_text.translate.screen","com.spaceship.screen.textcopy","com.niven.translator","com.tap_to_translate.snap_translate","com.newmg.yurao.pro","com.gaminik.i18n","com.screen.translate.google","com.yoyodev.screentranslate","com.microsoft.translator","com.galaxy.airviewdictionary","com.google.android.apps.translate","live.screentranslate.realtime","ru.yandex.translate","com.niven.apptranslate","com.niven.game","com.hive.lingonative","com.zaz.translate","link.zhidou.btranslator","com.newtranslate.google","at.nk.tools.iTranslate"]},{"rank":{"index":2,"lang":"pt-br","country":"br","chineseCountryName":"巴西","pkg":"com.spaceship.screen.textcopy"},"orders":["com.recognize_text.translate.screen","com.spaceship.screen.textcopy","com.tap_to_translate.snap_translate","com.niven.translator","com.gaminik.i18n","com.newmg.yurao.pro","com.screen.translate.google","com.microsoft.translator","com.galaxy.airviewdictionary","com.google.android.apps.translate","live.screentranslate.realtime","at.nk.tools.iTranslate","com.niven.game","com.niven.apptranslate","com.deepl.mobiletranslator","link.zhidou.btranslator","com.hive.lingonative","ru.yandex.translate","com.newtranslate.google","com.eecorp.linguago"]},{"rank":{"index":2,"lang":"fr","country":"fr","chineseCountryName":"法国","pkg":"com.spaceship.screen.textcopy"},"orders":["com.recognize_text.translate.screen","com.spaceship.screen.textcopy","com.tap_to_translate.snap_translate","com.niven.translator","com.gaminik.i18n","com.newmg.yurao.pro","com.aurasense.screentranslate","com.yoyodev.screentranslate","com.screen.translate.google","live.screentranslate.realtime","com.galaxy.airviewdictionary","com.niven.apptranslate","com.deepl.mobiletranslator","photo.translate.camera.translator","com.google.android.apps.translate","com.hive.lingonative","com.zaz.translate","link.zhidou.btranslator","screen.translator.voice.translate","com.microsoft.translator"]},{"rank":{"index":2,"lang":"en-gb","country":"gb","chineseCountryName":"英国","pkg":"com.spaceship.screen.textcopy"},"orders":["com.recognize_text.translate.screen","com.spaceship.screen.textcopy","com.tap_to_translate.snap_translate","com.google.android.apps.translate","com.microsoft.translator","at.nk.tools.iTranslate","com.zaz.translate","ru.yandex.translate","link.zhidou.btranslator","com.niven.translator","com.newmg.yurao.pro","com.galaxy.airviewdictionary","screen.translator.voice.translate","com.aurasense.screentranslate","com.screen.translate.google","com.gyaser.screen.translator","translate.speech.text.translation.voicetranslator","com.yoyodev.screentranslate","com.niven.apptranslate","com.newtranslate.google"]},{"rank":{"index":2,"lang":"de","country":"de","chineseCountryName":"德国","pkg":"com.spaceship.screen.textcopy"},"orders":["com.recognize_text.translate.screen","com.spaceship.screen.textcopy","com.niven.translator","com.tap_to_translate.snap_translate","com.gaminik.i18n","com.newmg.yurao.pro","com.aurasense.screentranslate","com.yoyodev.screentranslate","com.screen.translate.google","live.screentranslate.realtime","com.galaxy.airviewdictionary","com.hive.lingonative","com.niven.apptranslate","com.deepl.mobiletranslator","link.zhidou.btranslator","com.gyaser.screen.translator","co.appnation.aivoicetranslator","com.newtranslate.google","com.microsoft.translator","com.google.android.apps.translate"]},{"rank":{"index":2,"lang":"it","country":"it","chineseCountryName":"意大利","pkg":"com.spaceship.screen.textcopy"},"orders":["com.recognize_text.translate.screen","com.spaceship.screen.textcopy","com.tap_to_translate.snap_translate","com.gaminik.i18n","com.niven.translator","com.newmg.yurao.pro","com.aurasense.screentranslate","com.yoyodev.screentranslate","com.screen.translate.google","live.screentranslate.realtime","com.hive.lingonative","com.galaxy.airviewdictionary","link.zhidou.btranslator","com.deepl.mobiletranslator","com.niven.apptranslate","com.newtranslate.google","com.gyaser.screen.translator","com.microsoft.translator","com.google.android.apps.translate","co.appnation.aivoicetranslator"]},{"rank":{"index":2,"lang":"ja","country":"jp","chineseCountryName":"日本","pkg":"com.spaceship.screen.textcopy"},"orders":["com.recognize_text.translate.screen","com.spaceship.screen.textcopy","com.tap_to_translate.snap_translate","com.gaminik.i18n","com.newmg.yurao.pro","com.niven.translator","com.aurasense.screentranslate","com.screen.translate.google","com.galaxy.airviewdictionary","live.screentranslate.realtime","com.hive.lingonative","com.niven.apptranslate"]},{"rank":{"index":2,"lang":"ko","country":"kr","chineseCountryName":"韩国","pkg":"com.spaceship.screen.textcopy"},"orders":["com.recognize_text.translate.screen","com.spaceship.screen.textcopy","com.gaminik.i18n","com.tap_to_translate.snap_translate","com.niven.translator","com.newmg.yurao.pro","com.screen.translate.google","com.aurasense.screentranslate","live.screentranslate.realtime","com.galaxy.airviewdictionary","com.niven.apptranslate","com.hive.lingonative","com.microsoft.translator","com.deepl.mobiletranslator","com.naver.labs.translator"]},{"rank":{"index":2,"lang":"zh-hk","country":"hk","chineseCountryName":"香港","pkg":"com.spaceship.screen.textcopy"},"orders":["com.recognize_text.translate.screen","com.spaceship.screen.textcopy","com.tap_to_translate.snap_translate","com.newmg.yurao.pro","com.gaminik.i18n","com.aurasense.screentranslate","com.niven.translator","com.screen.translate.google","com.microsoft.translator","com.galaxy.airviewdictionary","com.google.android.apps.translate","live.screentranslate.realtime","com.niven.apptranslate","at.nk.tools.iTranslate","com.yoyodev.screentranslate","com.deepl.mobiletranslator","com.naver.labs.translator","link.zhidou.btranslator","com.zaz.translate","com.newtranslate.google"]},{"rank":{"index":2,"lang":"zh-tw","country":"tw","chineseCountryName":"台湾","pkg":"com.spaceship.screen.textcopy"},"orders":["com.recognize_text.translate.screen","com.spaceship.screen.textcopy","com.tap_to_translate.snap_translate","com.newmg.yurao.pro","com.gaminik.i18n","com.niven.translator","com.aurasense.screentranslate","com.screen.translate.google","com.google.android.apps.translate","com.galaxy.airviewdictionary","com.microsoft.translator","at.nk.tools.iTranslate","live.screentranslate.realtime","com.niven.apptranslate","com.deepl.mobiletranslator","com.yoyodev.screentranslate","com.hive.lingonative","com.naver.labs.translator","link.zhidou.btranslator","com.newtranslate.google"]},{"rank":{"index":0,"lang":"en","country":"in","chineseCountryName":"印度","pkg":"com.spaceship.screen.textcopy"},"orders":["com.recognize_text.translate.screen","com.tap_to_translate.snap_translate","com.google.android.apps.translate","com.zaz.translate","at.nk.tools.iTranslate","com.deepl.mobiletranslator","ru.yandex.translate","com.addevice.translate","co.appnation.aivoicetranslator","com.newmg.yurao.pro","com.niven.translator","screen.translator.voice.translate","com.galaxy.airviewdictionary","com.screen.translate.google","com.aurasense.screentranslate","translate.speech.text.translation.voicetranslator","com.gyaser.screen.translator","com.niven.apptranslate","com.newtranslate.google","com.yoyodev.screentranslate"]},{"rank":{"index":2,"lang":"id","country":"id","chineseCountryName":"印尼","pkg":"com.spaceship.screen.textcopy"},"orders":["com.recognize_text.translate.screen","com.spaceship.screen.textcopy","com.niven.translator","com.tap_to_translate.snap_translate","com.gaminik.i18n","com.newmg.yurao.pro","com.aurasense.screentranslate","com.screen.translate.google","com.google.android.apps.translate","com.yoyodev.screentranslate","com.galaxy.airviewdictionary","com.deepl.mobiletranslator","live.screentranslate.realtime","com.microsoft.translator","com.hive.lingonative","com.niven.game","com.niven.apptranslate","at.nk.tools.iTranslate","com.zaz.translate","com.newtranslate.google"]},{"rank":{"index":2,"lang":"es-mx","country":"mx","chineseCountryName":"墨西哥","pkg":"com.spaceship.screen.textcopy"},"orders":["com.recognize_text.translate.screen","com.spaceship.screen.textcopy","com.tap_to_translate.snap_translate","com.niven.translator","com.gaminik.i18n","com.newmg.yurao.pro","com.yoyodev.screentranslate","com.aurasense.screentranslate","com.screen.translate.google","live.screentranslate.realtime","com.hive.lingonative","com.galaxy.airviewdictionary","com.niven.apptranslate","com.microsoft.translator","com.google.android.apps.translate","com.niven.game","com.deepl.mobiletranslator","link.zhidou.btranslator","com.newtranslate.google","com.zaz.translate"]}]