[{"rank":{"index":2,"lang":"en-us","country":"us","chineseCountryName":"美国","pkg":"com.spaceship.screen.textcopy"},"orders":["com.recognize_text.translate.screen","com.spaceship.screen.textcopy","com.tap_to_translate.snap_translate","com.niven.translator","com.microsoft.translator","com.google.android.apps.translate","com.gaminik.i18n","com.newmg.yurao.pro","at.nk.tools.iTranslate","com.translate.talkingtranslator","com.language.translate.free.translator.voice.translation","com.niven.game","com.niven.comic","com.deepl.mobiletranslator","com.screen.translate.google","com.naver.labs.translator","com.google.ar.lens","com.translate.language.translator.voice.translation","com.ticktalk.translatevoice","com.datacomprojects.scanandtranslate"]},{"rank":{"index":2,"lang":"ru","country":"ru","chineseCountryName":"俄罗斯","pkg":"com.spaceship.screen.textcopy"},"orders":["com.recognize_text.translate.screen","com.spaceship.screen.textcopy","com.niven.translator","com.tap_to_translate.snap_translate","com.microsoft.translator","com.newmg.yurao.pro","com.niven.game","com.gaminik.i18n","com.google.android.apps.translate","ru.yandex.translate","at.nk.tools.iTranslate","com.datacomprojects.scanandtranslate","com.translate.talkingtranslator","com.deepl.mobiletranslator","com.language.translate.free.translator.voice.translation","com.threedev.android.apps.translate.voice.translator.languagetranslator","com.translate.language.translator.voice.translation","com.google.ar.lens","com.screen.translate.google","com.ticktalk.translatevoice"]},{"rank":{"index":2,"lang":"pt-br","country":"br","chineseCountryName":"巴西","pkg":"com.spaceship.screen.textcopy"},"orders":["com.recognize_text.translate.screen","com.spaceship.screen.textcopy","com.tap_to_translate.snap_translate","com.niven.translator","com.gaminik.i18n","com.microsoft.translator","com.newmg.yurao.pro","at.nk.tools.iTranslate","com.niven.game","com.niven.comic","com.google.android.apps.translate","com.screen.translate.google","com.translate.talkingtranslator","com.translate.language.translator.voice.translation","com.language.translate.free.translator.voice.translation","com.deepl.mobiletranslator","com.niven.apptranslate","com.voice_camera_free_translate","com.zaz.translate","com.audacityittranslator.translatetexttranslator"]},{"rank":{"index":2,"lang":"fr","country":"fr","chineseCountryName":"法国","pkg":"com.spaceship.screen.textcopy"},"orders":["com.recognize_text.translate.screen","com.spaceship.screen.textcopy","com.tap_to_translate.snap_translate","com.niven.translator","com.gaminik.i18n","com.microsoft.translator","com.newmg.yurao.pro","at.nk.tools.iTranslate","com.google.android.apps.translate","com.translate.talkingtranslator","com.niven.game","com.language.translate.free.translator.voice.translation","com.deepl.mobiletranslator","com.niven.comic","com.screen.translate.google","com.datacomprojects.scanandtranslate","com.threedev.android.apps.translate.voice.translator.languagetranslator","com.translate.language.translator.voice.translation","com.ticktalk.translatevoice","com.niven.apptranslate"]},{"rank":{"index":2,"lang":"en-gb","country":"gb","chineseCountryName":"英国","pkg":"com.spaceship.screen.textcopy"},"orders":["com.recognize_text.translate.screen","com.spaceship.screen.textcopy","com.tap_to_translate.snap_translate","com.microsoft.translator","com.google.android.apps.translate","com.niven.translator","com.gaminik.i18n","com.newmg.yurao.pro","at.nk.tools.iTranslate","com.translate.talkingtranslator","com.google.ar.lens","com.language.translate.free.translator.voice.translation","com.niven.game","com.deepl.mobiletranslator","com.niven.comic","com.translate.language.translator.voice.translation","com.screen.translate.google","com.datacomprojects.scanandtranslate","com.naver.labs.translator","com.flitto.app"]},{"rank":{"index":2,"lang":"de","country":"de","chineseCountryName":"德国","pkg":"com.spaceship.screen.textcopy"},"orders":["com.recognize_text.translate.screen","com.spaceship.screen.textcopy","com.tap_to_translate.snap_translate","com.microsoft.translator","com.niven.translator","com.gaminik.i18n","com.newmg.yurao.pro","at.nk.tools.iTranslate","com.translate.talkingtranslator","com.google.android.apps.translate","com.deepl.mobiletranslator","com.niven.game","com.language.translate.free.translator.voice.translation","com.ticktalk.translatevoice","com.niven.comic","com.datacomprojects.scanandtranslate","com.screen.translate.google","com.threedev.android.apps.translate.voice.translator.languagetranslator","com.tangdi.baiguotong","com.b1b.translator.voicetranslate.alllanguages.translator.app"]},{"rank":{"index":2,"lang":"it","country":"it","chineseCountryName":"意大利","pkg":"com.spaceship.screen.textcopy"},"orders":["com.recognize_text.translate.screen","com.spaceship.screen.textcopy","com.tap_to_translate.snap_translate","com.gaminik.i18n","com.niven.translator","com.microsoft.translator","com.newmg.yurao.pro","com.niven.game","at.nk.tools.iTranslate","com.google.android.apps.translate","com.translate.talkingtranslator","com.language.translate.free.translator.voice.translation","com.niven.comic","com.deepl.mobiletranslator","com.screen.translate.google","com.translate.language.translator.voice.translation","com.datacomprojects.scanandtranslate","com.niven.apptranslate","com.google.ar.lens","com.ticktalk.translatevoice"]},{"rank":{"index":2,"lang":"ja","country":"jp","chineseCountryName":"日本","pkg":"com.spaceship.screen.textcopy"},"orders":["com.recognize_text.translate.screen","com.spaceship.screen.textcopy","com.tap_to_translate.snap_translate","com.microsoft.translator","com.niven.translator","com.gaminik.i18n","com.newmg.yurao.pro","com.deepl.mobiletranslator","at.nk.tools.iTranslate","com.translate.talkingtranslator","com.niven.game","com.google.android.apps.translate","com.naver.labs.translator","com.language.translate.free.translator.voice.translation"]},{"rank":{"index":2,"lang":"ko","country":"kr","chineseCountryName":"韩国","pkg":"com.spaceship.screen.textcopy"},"orders":["com.recognize_text.translate.screen","com.spaceship.screen.textcopy","com.tap_to_translate.snap_translate","com.microsoft.translator","com.newmg.yurao.pro","com.niven.translator","com.google.android.apps.translate","com.gaminik.i18n","at.nk.tools.iTranslate","com.naver.labs.translator","com.translate.talkingtranslator","com.language.translate.free.translator.voice.translation","com.google.ar.lens","com.niven.game","com.deepl.mobiletranslator","com.flitto.app","com.niven.comic","com.screen.translate.google","com.translate.language.translator.voice.translation","com.threedev.android.apps.translate.voice.translator.languagetranslator"]},{"rank":{"index":2,"lang":"zh-hk","country":"hk","chineseCountryName":"香港","pkg":"com.spaceship.screen.textcopy"},"orders":["com.recognize_text.translate.screen","com.spaceship.screen.textcopy","com.tap_to_translate.snap_translate","com.microsoft.translator","com.newmg.yurao.pro","com.google.android.apps.translate","com.gaminik.i18n","com.niven.translator","at.nk.tools.iTranslate","com.google.ar.lens","com.screen.translate.google","com.language.translate.free.translator.voice.translation","com.translate.talkingtranslator","com.niven.game","com.deepl.mobiletranslator","jp.go.nict.voicetra","com.niven.comic","com.naver.labs.translator","com.immersivetranslate.browser","com.datacomprojects.scanandtranslate"]},{"rank":{"index":2,"lang":"zh-tw","country":"tw","chineseCountryName":"台湾","pkg":"com.spaceship.screen.textcopy"},"orders":["com.recognize_text.translate.screen","com.spaceship.screen.textcopy","com.microsoft.translator","com.tap_to_translate.snap_translate","com.niven.translator","com.gaminik.i18n","com.google.android.apps.translate","com.newmg.yurao.pro","at.nk.tools.iTranslate","com.niven.game","com.translate.talkingtranslator","com.language.translate.free.translator.voice.translation","com.naver.labs.translator","com.google.ar.lens","com.deepl.mobiletranslator","com.screen.translate.google","com.niven.comic","com.tangdi.baiguotong","jp.go.nict.voicetra","com.flitto.app"]},{"rank":{"index":2,"lang":"en","country":"in","chineseCountryName":"印度","pkg":"com.spaceship.screen.textcopy"},"orders":["com.recognize_text.translate.screen","com.spaceship.screen.textcopy","com.tap_to_translate.snap_translate"]},{"rank":{"index":2,"lang":"id","country":"id","chineseCountryName":"印尼","pkg":"com.spaceship.screen.textcopy"},"orders":["com.recognize_text.translate.screen","com.spaceship.screen.textcopy","com.tap_to_translate.snap_translate","com.niven.translator","com.gaminik.i18n","com.newmg.yurao.pro","com.niven.game","at.nk.tools.iTranslate","com.microsoft.translator"]},{"rank":{"index":2,"lang":"es-mx","country":"mx","chineseCountryName":"墨西哥","pkg":"com.spaceship.screen.textcopy"},"orders":["com.recognize_text.translate.screen","com.spaceship.screen.textcopy","com.niven.translator","com.tap_to_translate.snap_translate","com.gaminik.i18n","com.microsoft.translator","com.newmg.yurao.pro","at.nk.tools.iTranslate","com.niven.game","com.google.android.apps.translate","com.niven.comic","com.screen.translate.google","com.deepl.mobiletranslator","com.language.translate.free.translator.voice.translation","com.translate.talkingtranslator","com.niven.apptranslate","com.youdao.hindict","com.voice_camera_free_translate","camtranslator.voice.text.image.translate","com.google.ar.lens"]}]