[{"rank":{"index":2,"lang":"en-us","country":"us","chineseCountryName":"美国","pkg":"com.spaceship.screen.textcopy"},"orders":["com.recognize_text.translate.screen","com.spaceship.screen.textcopy","com.niven.translator","com.tap_to_translate.snap_translate","com.google.android.apps.translate","com.gaminik.i18n","com.newmg.yurao.pro","com.microsoft.translator","com.zaz.translate","com.screen.translate.google","at.nk.tools.iTranslate","com.deepl.mobiletranslator","com.eecorp.linguago","live.screentranslate.realtime","com.immersivetranslate.browser","photo.translate.camera.translator","com.niven.game","com.niven.apptranslate","com.fapp.translate.language.translator.fasttranslation","com.translate.talkingtranslator"]},{"rank":{"index":3,"lang":"ru","country":"ru","chineseCountryName":"俄罗斯","pkg":"com.spaceship.screen.textcopy"},"orders":["com.recognize_text.translate.screen","com.niven.translator","com.spaceship.screen.textcopy","com.tap_to_translate.snap_translate","com.newmg.yurao.pro","com.gaminik.i18n","com.screen.translate.google","com.zaz.translate","com.microsoft.translator","com.google.android.apps.translate","live.screentranslate.realtime","com.niven.apptranslate","com.eecorp.linguago","photo.translate.camera.translator","ru.yandex.translate","com.niven.game","com.voice_camera_free_translate","at.nk.tools.iTranslate","com.deepl.mobiletranslator","com.immersivetranslate.browser"]},{"rank":{"index":2,"lang":"pt-br","country":"br","chineseCountryName":"巴西","pkg":"com.spaceship.screen.textcopy"},"orders":["com.recognize_text.translate.screen","com.spaceship.screen.textcopy","com.niven.translator","com.tap_to_translate.snap_translate","com.gaminik.i18n","com.newmg.yurao.pro","com.screen.translate.google","com.eecorp.linguago","com.google.android.apps.translate","com.microsoft.translator","live.screentranslate.realtime","com.niven.game","com.zaz.translate","at.nk.tools.iTranslate","com.niven.apptranslate","com.immersivetranslate.browser","com.voice_camera_free_translate","photo.translate.camera.translator","com.deepl.mobiletranslator","co.koiapps.translateai"]},{"rank":{"index":2,"lang":"fr","country":"fr","chineseCountryName":"法国","pkg":"com.spaceship.screen.textcopy"},"orders":["com.recognize_text.translate.screen","com.spaceship.screen.textcopy","com.tap_to_translate.snap_translate","com.niven.translator","com.gaminik.i18n","com.newmg.yurao.pro","com.screen.translate.google","com.zaz.translate","live.screentranslate.realtime","com.eecorp.linguago","com.google.android.apps.translate","com.microsoft.translator","com.immersivetranslate.browser","com.deepl.mobiletranslator","com.fapp.translate.language.translator.fasttranslation","com.niven.apptranslate","at.nk.tools.iTranslate","com.niven.game","photo.translate.camera.translator","com.translate.talkingtranslator"]},{"rank":{"index":2,"lang":"en-gb","country":"gb","chineseCountryName":"英国","pkg":"com.spaceship.screen.textcopy"},"orders":["com.recognize_text.translate.screen","com.spaceship.screen.textcopy","com.niven.translator","com.tap_to_translate.snap_translate","com.google.android.apps.translate","com.newmg.yurao.pro","com.gaminik.i18n","com.microsoft.translator","com.zaz.translate","at.nk.tools.iTranslate","com.screen.translate.google","com.eecorp.linguago","live.screentranslate.realtime","com.deepl.mobiletranslator","com.immersivetranslate.browser","com.fapp.translate.language.translator.fasttranslation","com.niven.game","photo.translate.camera.translator","com.voice_camera_free_translate","com.niven.apptranslate"]},{"rank":{"index":2,"lang":"de","country":"de","chineseCountryName":"德国","pkg":"com.spaceship.screen.textcopy"},"orders":["com.recognize_text.translate.screen","com.spaceship.screen.textcopy","com.niven.translator","com.tap_to_translate.snap_translate","com.gaminik.i18n","com.newmg.yurao.pro","com.screen.translate.google","com.eecorp.linguago","live.screentranslate.realtime","com.google.android.apps.translate","com.microsoft.translator","com.zaz.translate","com.niven.apptranslate","com.voice_camera_free_translate","com.immersivetranslate.browser","at.nk.tools.iTranslate","com.deepl.mobiletranslator","com.niven.game","com.fapp.translate.language.translator.fasttranslation","com.translate.talkingtranslator"]},{"rank":{"index":2,"lang":"it","country":"it","chineseCountryName":"意大利","pkg":"com.spaceship.screen.textcopy"},"orders":["com.recognize_text.translate.screen","com.spaceship.screen.textcopy","com.niven.translator","com.gaminik.i18n","com.newmg.yurao.pro","com.tap_to_translate.snap_translate","com.screen.translate.google","com.zaz.translate","com.google.android.apps.translate","com.eecorp.linguago","live.screentranslate.realtime","com.microsoft.translator","at.nk.tools.iTranslate","com.niven.apptranslate","com.immersivetranslate.browser","com.fapp.translate.language.translator.fasttranslation","com.deepl.mobiletranslator","co.koiapps.translateai","com.openai.chatgpt","com.niven.game"]},{"rank":{"index":2,"lang":"ja","country":"jp","chineseCountryName":"日本","pkg":"com.spaceship.screen.textcopy"},"orders":["com.recognize_text.translate.screen","com.spaceship.screen.textcopy","com.tap_to_translate.snap_translate","com.gaminik.i18n","com.niven.translator","com.newmg.yurao.pro","com.screen.translate.google","com.microsoft.translator","com.google.android.apps.translate","com.immersivetranslate.browser","com.eecorp.linguago","com.naver.labs.translator"]},{"rank":{"index":2,"lang":"ko","country":"kr","chineseCountryName":"韩国","pkg":"com.spaceship.screen.textcopy"},"orders":["com.recognize_text.translate.screen","com.spaceship.screen.textcopy","com.tap_to_translate.snap_translate","com.niven.translator","com.newmg.yurao.pro","com.gaminik.i18n","com.screen.translate.google","com.naver.labs.translator","live.screentranslate.realtime","com.eecorp.linguago","com.microsoft.translator","com.niven.apptranslate","com.google.android.apps.translate","at.nk.tools.iTranslate","com.zaz.translate","com.immersivetranslate.browser","com.fapp.translate.language.translator.fasttranslation","photo.translate.camera.translator","com.deepl.mobiletranslator","com.openai.chatgpt"]},{"rank":{"index":2,"lang":"zh-hk","country":"hk","chineseCountryName":"香港","pkg":"com.spaceship.screen.textcopy"},"orders":["com.recognize_text.translate.screen","com.spaceship.screen.textcopy","com.tap_to_translate.snap_translate","com.gaminik.i18n","com.niven.translator","com.newmg.yurao.pro","com.screen.translate.google","com.google.android.apps.translate","com.microsoft.translator","live.screentranslate.realtime","com.eecorp.linguago","at.nk.tools.iTranslate","com.zaz.translate","com.niven.apptranslate","com.voice_camera_free_translate","photo.translate.camera.translator","com.fapp.translate.language.translator.fasttranslation","com.niven.game","com.immersivetranslate.browser","com.naver.labs.translator"]},{"rank":{"index":3,"lang":"zh-tw","country":"tw","chineseCountryName":"台湾","pkg":"com.spaceship.screen.textcopy"},"orders":["com.recognize_text.translate.screen","com.tap_to_translate.snap_translate","com.spaceship.screen.textcopy","com.gaminik.i18n","com.niven.translator","com.newmg.yurao.pro","com.screen.translate.google","live.screentranslate.realtime","com.google.android.apps.translate","com.microsoft.translator","com.eecorp.linguago","com.voice_camera_free_translate","at.nk.tools.iTranslate","com.niven.apptranslate","com.zaz.translate","photo.translate.camera.translator","com.niven.game","com.immersivetranslate.browser","com.fapp.translate.language.translator.fasttranslation","com.naver.labs.translator"]},{"rank":{"index":2,"lang":"en","country":"in","chineseCountryName":"印度","pkg":"com.spaceship.screen.textcopy"},"orders":["com.recognize_text.translate.screen","com.spaceship.screen.textcopy","com.newmg.yurao.pro"]},{"rank":{"index":2,"lang":"id","country":"id","chineseCountryName":"印尼","pkg":"com.spaceship.screen.textcopy"},"orders":["com.recognize_text.translate.screen","com.spaceship.screen.textcopy","com.tap_to_translate.snap_translate","com.niven.translator","com.gaminik.i18n","com.newmg.yurao.pro","com.google.android.apps.translate","com.zaz.translate","com.screen.translate.google","com.eecorp.linguago","com.microsoft.translator","com.niven.game","live.screentranslate.realtime","at.nk.tools.iTranslate","com.deepl.mobiletranslator","com.niven.apptranslate","com.naver.labs.translator","photo.translate.camera.translator","com.fapp.translate.language.translator.fasttranslation","com.immersivetranslate.browser"]},{"rank":{"index":1,"lang":"es-mx","country":"mx","chineseCountryName":"墨西哥","pkg":"com.spaceship.screen.textcopy"},"orders":["com.spaceship.screen.textcopy","com.recognize_text.translate.screen","com.tap_to_translate.snap_translate","com.niven.translator","com.gaminik.i18n","com.newmg.yurao.pro","com.screen.translate.google","com.eecorp.linguago","live.screentranslate.realtime","com.google.android.apps.translate","com.niven.apptranslate","com.microsoft.translator","at.nk.tools.iTranslate","com.zaz.translate","com.niven.game","com.deepl.mobiletranslator","com.immersivetranslate.browser","com.fapp.translate.language.translator.fasttranslation","com.openai.chatgpt","photo.translate.camera.translator"]}]