[{"rank":{"index":2,"lang":"en-us","country":"us","chineseCountryName":"美国","pkg":"com.spaceship.screen.textcopy"},"orders":["com.recognize_text.translate.screen","com.spaceship.screen.textcopy","com.mg.yurao.google","com.gaminik.i18n","com.microsoft.translator","com.google.android.apps.translate","com.tap_to_translate.snap_translate","com.niven.translator","com.niven.game","com.niven.comic","com.eecorp.linguago","screen.translator.voice.translate","at.nk.tools.iTranslate","com.sayhi.android.sayhitranslate","com.newmg.yurao.pro","com.deepl.mobiletranslator","com.translate.talkingtranslator","com.datacomprojects.scanandtranslate","com.softissimo.reverso.context","com.translator.yellow"]},{"rank":{"index":2,"lang":"ru","country":"ru","chineseCountryName":"俄罗斯","pkg":"com.spaceship.screen.textcopy"},"orders":["com.recognize_text.translate.screen","com.spaceship.screen.textcopy","com.tap_to_translate.snap_translate","com.gaminik.i18n","com.mg.yurao.google","com.niven.translator","com.niven.game","com.newmg.yurao.pro","com.eecorp.linguago","com.niven.comic","com.niven.apptranslate","ru.yandex.translate","com.microsoft.translator","com.deepl.mobiletranslator","com.google.android.apps.translate","screen.translator.voice.translate","com.discord","com.whatsapp","com.datacomprojects.scanandtranslate","com.mg.chat"]},{"rank":{"index":2,"lang":"fr","country":"fr","chineseCountryName":"法国","pkg":"com.spaceship.screen.textcopy"},"orders":["com.recognize_text.translate.screen","com.spaceship.screen.textcopy","com.tap_to_translate.snap_translate","com.mg.yurao.google","com.gaminik.i18n","com.niven.game","com.niven.comic","com.niven.translator","com.newmg.yurao.pro","com.eecorp.linguago","screen.translator.voice.translate","com.google.android.apps.translate","com.microsoft.translator","at.nk.tools.iTranslate","com.deepl.mobiletranslator","all.language.translate.translator","com.softissimo.reverso.context","com.niven.apptranslate","com.google.android.apps.photos","com.whatsapp"]},{"rank":{"index":2,"lang":"en-gb","country":"gb","chineseCountryName":"英国","pkg":"com.spaceship.screen.textcopy"},"orders":["com.recognize_text.translate.screen","com.spaceship.screen.textcopy","com.mg.yurao.google","com.gaminik.i18n","com.microsoft.translator","com.google.android.apps.translate","screen.translator.voice.translate","com.niven.game","com.niven.translator","com.eecorp.linguago","com.tap_to_translate.snap_translate","com.niven.comic","com.datacomprojects.scanandtranslate","at.nk.tools.iTranslate","com.deepl.mobiletranslator","com.newmg.yurao.pro","com.sayhi.android.sayhitranslate","com.zaz.translate","com.softissimo.reverso.context","all.language.translate.translator"]},{"rank":{"index":2,"lang":"de","country":"de","chineseCountryName":"德国","pkg":"com.spaceship.screen.textcopy"},"orders":["com.recognize_text.translate.screen","com.spaceship.screen.textcopy","com.mg.yurao.google","com.gaminik.i18n","com.niven.game","com.niven.translator","com.tap_to_translate.snap_translate","com.microsoft.translator","com.eecorp.linguago","com.niven.comic","com.newmg.yurao.pro","com.google.android.apps.translate","com.deepl.mobiletranslator","screen.translator.voice.translate","at.nk.tools.iTranslate","all.language.translate.translator","com.translator.yellow","ru.yandex.translate","com.discord","com.android.chrome"]},{"rank":{"index":2,"lang":"it","country":"it","chineseCountryName":"意大利","pkg":"com.spaceship.screen.textcopy"},"orders":["com.recognize_text.translate.screen","com.spaceship.screen.textcopy","com.niven.game","com.gaminik.i18n","com.mg.yurao.google","com.tap_to_translate.snap_translate","com.niven.translator","com.niven.comic","com.eecorp.linguago","com.newmg.yurao.pro","screen.translator.voice.translate","com.microsoft.translator","com.google.android.apps.translate","com.niven.apptranslate","at.nk.tools.iTranslate","com.deepl.mobiletranslator","com.discord","com.whatsapp","us.zoom.videomeetings","com.google.android.apps.photos"]},{"rank":{"index":4,"lang":"ja","country":"jp","chineseCountryName":"日本","pkg":"com.spaceship.screen.textcopy"},"orders":["com.recognize_text.translate.screen","com.mg.yurao.google","com.gaminik.i18n","com.spaceship.screen.textcopy","com.niven.game","com.niven.translator","com.tap_to_translate.snap_translate","com.niven.comic","com.eecorp.linguago","com.niven.apptranslate","com.newmg.yurao.pro","com.google.android.apps.translate","com.microsoft.translator","com.deepl.mobiletranslator","com.naver.labs.translator","com.datacomprojects.scanandtranslate","com.android.chrome","com.discord","com.whatsapp","us.zoom.videomeetings"]},{"rank":{"index":3,"lang":"ko","country":"kr","chineseCountryName":"韩国","pkg":"com.spaceship.screen.textcopy"},"orders":["com.recognize_text.translate.screen","com.mg.yurao.google","com.spaceship.screen.textcopy","com.tap_to_translate.snap_translate","com.gaminik.i18n","com.niven.game","com.niven.comic","com.niven.apptranslate","com.niven.translator","com.eecorp.linguago","com.newmg.yurao.pro","com.google.android.apps.translate","screen.translator.voice.translate","com.naver.labs.translator","at.nk.tools.iTranslate","com.microsoft.translator","com.deepl.mobiletranslator","com.discord","us.zoom.videomeetings","com.whatsapp"]},{"rank":{"index":3,"lang":"zh-hk","country":"hk","chineseCountryName":"香港","pkg":"com.spaceship.screen.textcopy"},"orders":["com.recognize_text.translate.screen","com.mg.yurao.google","com.spaceship.screen.textcopy","com.gaminik.i18n","com.niven.translator","com.tap_to_translate.snap_translate","com.niven.game","com.niven.comic","com.newmg.yurao.pro","com.microsoft.translator","com.niven.apptranslate","com.google.android.apps.translate","at.nk.tools.iTranslate","com.eecorp.linguago","com.android.chrome","com.whatsapp","com.google.android.apps.maps","com.discord","us.zoom.videomeetings","com.google.android.apps.photos"]},{"rank":{"index":4,"lang":"zh-tw","country":"tw","chineseCountryName":"台湾","pkg":"com.spaceship.screen.textcopy"},"orders":["com.recognize_text.translate.screen","com.mg.yurao.google","com.gaminik.i18n","com.spaceship.screen.textcopy","com.tap_to_translate.snap_translate","com.niven.game","com.niven.translator","com.niven.comic","com.niven.apptranslate","com.newmg.yurao.pro","at.nk.tools.iTranslate","com.microsoft.translator","com.eecorp.linguago","com.google.android.apps.translate","all.language.translate.translator","com.languagetranslator.translatorapp.smartscanner.dictionary.translation.voicetranslator","com.whatsapp","com.discord","com.translate.talkingtranslator","com.android.chrome"]},{"rank":{"index":2,"lang":"en","country":"in","chineseCountryName":"印度","pkg":"com.spaceship.screen.textcopy"},"orders":["com.recognize_text.translate.screen","com.spaceship.screen.textcopy","com.newmg.yurao.pro","com.google.android.apps.translate","screen.translator.voice.translate","com.tap_to_translate.snap_translate","com.niven.translator","com.eecorp.linguago","com.niven.game","com.zaz.translate","com.niven.comic","com.niven.apptranslate","com.datacomprojects.scanandtranslate","com.microsoft.translator","com.languagetranslator.translatorapp.smartscanner.dictionary.translation.voicetranslator","com.mg.chat","com.tranit.text.translate","com.pidev.screentranslator","com.mg.yurao.google","com.gaminik.i18n"]},{"rank":{"index":2,"lang":"id","country":"id","chineseCountryName":"印尼","pkg":"com.spaceship.screen.textcopy"},"orders":["com.recognize_text.translate.screen","com.spaceship.screen.textcopy","com.tap_to_translate.snap_translate","com.mg.yurao.google","com.gaminik.i18n","com.niven.translator","com.niven.game","com.niven.comic","com.newmg.yurao.pro","com.google.android.apps.translate"]},{"rank":{"index":2,"lang":"es-mx","country":"mx","chineseCountryName":"墨西哥","pkg":"com.spaceship.screen.textcopy"},"orders":["com.recognize_text.translate.screen","com.spaceship.screen.textcopy","com.tap_to_translate.snap_translate","com.niven.translator","com.niven.game","com.niven.comic","com.eecorp.linguago","com.microsoft.translator","com.google.android.apps.translate","com.newmg.yurao.pro","com.niven.apptranslate","com.canva.editor","com.whatsapp","com.google.android.apps.photos","com.android.chrome","us.zoom.videomeetings","com.discord","all.language.translate.translator","com.mg.yurao.google","com.gaminik.i18n"]}]