[{"rank":{"index":2,"lang":"en-us","country":"us","chineseCountryName":"美国","pkg":"com.spaceship.screen.textcopy"},"orders":["com.recognize_text.translate.screen","com.spaceship.screen.textcopy","com.tap_to_translate.snap_translate","com.google.android.apps.translate","com.microsoft.translator","com.niven.translator","com.gaminik.i18n","com.newmg.yurao.pro","at.nk.tools.iTranslate","com.niven.game","com.language.translate.free.translator.voice.translation","com.sayhi.android.sayhitranslate","com.eecorp.linguago","com.niven.apptranslate","com.zaz.translate","com.translate.language.translator.voice.translation","com.google.ar.lens","com.screen.translate.google","com.datacomprojects.scanandtranslate","com.naver.labs.translator"]},{"rank":{"index":0,"lang":"ru","country":"ru","chineseCountryName":"俄罗斯","pkg":"com.spaceship.screen.textcopy"},"orders":["com.recognize_text.translate.screen","com.niven.translator","com.tap_to_translate.snap_translate","com.newmg.yurao.pro","com.microsoft.translator","com.google.android.apps.translate","com.gaminik.i18n","ru.yandex.translate","com.niven.game","at.nk.tools.iTranslate","com.datacomprojects.scanandtranslate","com.language.translate.free.translator.voice.translation","com.kursx.smartbook","com.niven.apptranslate","com.translate.language.translator.voice.translation","com.traductorweb","com.deepl.mobiletranslator","com.zaz.translate","com.eecorp.linguago","com.naver.labs.translator"]},{"rank":{"index":2,"lang":"pt-br","country":"br","chineseCountryName":"巴西","pkg":"com.spaceship.screen.textcopy"},"orders":["com.recognize_text.translate.screen","com.spaceship.screen.textcopy","com.tap_to_translate.snap_translate","com.gaminik.i18n","com.newmg.yurao.pro","com.niven.translator","com.niven.game","com.google.android.apps.translate","com.microsoft.translator","com.eecorp.linguago","com.niven.apptranslate","com.language.translate.free.translator.voice.translation","com.translate.language.translator.voice.translation","at.nk.tools.iTranslate","live.screentranslate.realtime","com.zaz.translate","com.voice_camera_free_translate","com.google.ar.lens","com.deepl.mobiletranslator","com.android.chrome"]},{"rank":{"index":2,"lang":"fr","country":"fr","chineseCountryName":"法国","pkg":"com.spaceship.screen.textcopy"},"orders":["com.recognize_text.translate.screen","com.spaceship.screen.textcopy","com.tap_to_translate.snap_translate","com.newmg.yurao.pro","com.gaminik.i18n","com.microsoft.translator","com.niven.translator","com.google.android.apps.translate","com.niven.game","at.nk.tools.iTranslate","com.traductorweb","com.translate.language.translator.voice.translation","com.eecorp.linguago","com.niven.apptranslate","com.language.translate.free.translator.voice.translation","com.zaz.translate","com.datacomprojects.scanandtranslate","com.google.ar.lens","live.screentranslate.realtime","camtranslator.voice.text.image.translate"]},{"rank":{"index":2,"lang":"en-gb","country":"gb","chineseCountryName":"英国","pkg":"com.spaceship.screen.textcopy"},"orders":["com.recognize_text.translate.screen","com.spaceship.screen.textcopy","com.tap_to_translate.snap_translate","com.microsoft.translator","com.google.android.apps.translate","com.newmg.yurao.pro","com.gaminik.i18n","com.niven.translator","at.nk.tools.iTranslate","com.niven.game","com.language.translate.free.translator.voice.translation","com.zaz.translate","com.datacomprojects.scanandtranslate","com.eecorp.linguago","com.niven.apptranslate","com.sayhi.android.sayhitranslate","com.google.ar.lens","com.translate.language.translator.voice.translation","com.naver.labs.translator","ru.yandex.translate"]},{"rank":{"index":2,"lang":"de","country":"de","chineseCountryName":"德国","pkg":"com.spaceship.screen.textcopy"},"orders":["com.recognize_text.translate.screen","com.spaceship.screen.textcopy","com.tap_to_translate.snap_translate","com.newmg.yurao.pro","com.niven.translator","com.microsoft.translator","com.gaminik.i18n","com.google.android.apps.translate","com.niven.game","at.nk.tools.iTranslate","com.language.translate.free.translator.voice.translation","com.traductorweb","com.niven.apptranslate","com.zaz.translate","com.eecorp.linguago","com.deepl.mobiletranslator","com.datacomprojects.scanandtranslate","ru.yandex.translate","com.sayhi.android.sayhitranslate","com.immersivetranslate.browser"]},{"rank":{"index":2,"lang":"it","country":"it","chineseCountryName":"意大利","pkg":"com.spaceship.screen.textcopy"},"orders":["com.recognize_text.translate.screen","com.spaceship.screen.textcopy","com.tap_to_translate.snap_translate","com.newmg.yurao.pro","com.gaminik.i18n","com.niven.translator","com.microsoft.translator","com.google.android.apps.translate","com.niven.game","at.nk.tools.iTranslate","com.traductorweb","com.language.translate.free.translator.voice.translation","com.datacomprojects.scanandtranslate","com.niven.apptranslate","com.eecorp.linguago","com.translate.language.translator.voice.translation","com.google.ar.lens","camtranslator.voice.text.image.translate","com.voice_camera_free_translate","com.deepl.mobiletranslator"]},{"rank":{"index":2,"lang":"ja","country":"jp","chineseCountryName":"日本","pkg":"com.spaceship.screen.textcopy"},"orders":["com.recognize_text.translate.screen","com.spaceship.screen.textcopy","com.tap_to_translate.snap_translate","com.newmg.yurao.pro","com.gaminik.i18n","com.niven.translator","com.microsoft.translator","com.google.android.apps.translate","com.google.ar.lens","com.niven.game","com.naver.labs.translator","com.niven.apptranslate","com.eecorp.linguago","at.nk.tools.iTranslate","com.deepl.mobiletranslator","com.google.android.apps.maps","com.android.chrome","com.openai.chatgpt","com.sayhi.android.sayhitranslate","com.datacomprojects.scanandtranslate"]},{"rank":{"index":2,"lang":"ko","country":"kr","chineseCountryName":"韩国","pkg":"com.spaceship.screen.textcopy"},"orders":["com.recognize_text.translate.screen","com.spaceship.screen.textcopy","com.newmg.yurao.pro","com.tap_to_translate.snap_translate","com.microsoft.translator","com.google.android.apps.translate","com.niven.translator","com.gaminik.i18n","com.naver.labs.translator","at.nk.tools.iTranslate","com.niven.game","com.language.translate.free.translator.voice.translation","com.datacomprojects.scanandtranslate","com.niven.apptranslate","ru.yandex.translate","com.eecorp.linguago","com.zaz.translate","com.wooask.zx","com.deepl.mobiletranslator","com.google.ar.lens"]},{"rank":{"index":2,"lang":"zh-hk","country":"hk","chineseCountryName":"香港","pkg":"com.spaceship.screen.textcopy"},"orders":["com.recognize_text.translate.screen","com.spaceship.screen.textcopy","com.microsoft.translator","com.gaminik.i18n","com.google.android.apps.translate","com.newmg.yurao.pro","com.tap_to_translate.snap_translate","com.niven.translator","at.nk.tools.iTranslate","com.niven.game","com.language.translate.free.translator.voice.translation","com.datacomprojects.scanandtranslate","com.niven.apptranslate","com.eecorp.linguago","com.zaz.translate","com.immersivetranslate.browser","com.naver.labs.translator","com.translate.language.translator.voice.translation","com.sayhi.android.sayhitranslate","live.screentranslate.realtime"]},{"rank":{"index":2,"lang":"zh-tw","country":"tw","chineseCountryName":"台湾","pkg":"com.spaceship.screen.textcopy"},"orders":["com.recognize_text.translate.screen","com.spaceship.screen.textcopy","com.microsoft.translator","com.newmg.yurao.pro","com.google.android.apps.translate","com.gaminik.i18n","com.tap_to_translate.snap_translate","com.niven.translator","com.niven.game","at.nk.tools.iTranslate","com.language.translate.free.translator.voice.translation","com.datacomprojects.scanandtranslate","com.zaz.translate","com.naver.labs.translator","com.immersivetranslate.browser","com.niven.apptranslate","com.eecorp.linguago","com.translate.language.translator.voice.translation","live.screentranslate.realtime","com.sayhi.android.sayhitranslate"]},{"rank":{"index":2,"lang":"en","country":"in","chineseCountryName":"印度","pkg":"com.spaceship.screen.textcopy"},"orders":["com.recognize_text.translate.screen","com.spaceship.screen.textcopy","com.tap_to_translate.snap_translate"]},{"rank":{"index":2,"lang":"id","country":"id","chineseCountryName":"印尼","pkg":"com.spaceship.screen.textcopy"},"orders":["com.recognize_text.translate.screen","com.spaceship.screen.textcopy","com.tap_to_translate.snap_translate","com.newmg.yurao.pro","com.niven.translator","com.gaminik.i18n","com.google.android.apps.translate","com.niven.game","com.microsoft.translator","com.youdao.hindict","com.eecorp.linguago","at.nk.tools.iTranslate","com.language.translate.free.translator.voice.translation"]},{"rank":{"index":2,"lang":"es-mx","country":"mx","chineseCountryName":"墨西哥","pkg":"com.spaceship.screen.textcopy"},"orders":["com.recognize_text.translate.screen","com.spaceship.screen.textcopy","com.newmg.yurao.pro","com.tap_to_translate.snap_translate","com.gaminik.i18n","com.niven.translator","com.microsoft.translator","com.niven.game","com.google.android.apps.translate","com.language.translate.free.translator.voice.translation","com.eecorp.linguago"]}]