[{"rank":{"index":2,"lang":"en-us","country":"us","chineseCountryName":"美国","pkg":"com.spaceship.screen.textcopy"},"orders":["com.recognize_text.translate.screen","com.spaceship.screen.textcopy","com.gaminik.i18n","com.mg.yurao.google","com.microsoft.translator","com.google.android.apps.translate","com.tap_to_translate.snap_translate","screen.translator.voice.translate","com.niven.translator","com.niven.comic","com.niven.game","com.eecorp.linguago","com.newmg.yurao.pro","com.eecorp.taptranslator","com.translate.talkingtranslator","com.niven.apptranslate","com.naver.labs.translator","com.zaz.translate","com.chat_translate.screen_translate","at.nk.tools.iTranslate"]},{"rank":{"index":2,"lang":"ru","country":"ru","chineseCountryName":"俄罗斯","pkg":"com.spaceship.screen.textcopy"},"orders":["com.recognize_text.translate.screen","com.spaceship.screen.textcopy","com.tap_to_translate.snap_translate","com.gaminik.i18n","com.mg.yurao.google","com.microsoft.translator","com.niven.translator","com.google.android.apps.translate","com.niven.game","com.niven.comic","com.eecorp.linguago","com.niven.apptranslate","com.newmg.yurao.pro","ru.yandex.translate","screen.translator.voice.translate","com.deepl.mobiletranslator","com.zaz.translate","com.youdao.hindict","com.webcatalog.translatium","com.naver.labs.translator"]},{"rank":{"index":2,"lang":"pt-br","country":"br","chineseCountryName":"巴西","pkg":"com.spaceship.screen.textcopy"},"orders":["com.recognize_text.translate.screen","com.spaceship.screen.textcopy","com.tap_to_translate.snap_translate","com.mg.yurao.google","com.gaminik.i18n","com.niven.translator","com.niven.game","com.niven.comic","com.eecorp.linguago","com.newmg.yurao.pro","com.niven.apptranslate","com.youdao.hindict","screen.translator.voice.translate","com.google.android.apps.translate","com.microsoft.translator","com.tangdi.baiguotong","com.chat_translate.screen_translate","com.abbyy.mobile.textgrabber.full","at.nk.tools.iTranslate","com.pidev.screentranslator"]},{"rank":{"index":2,"lang":"fr","country":"fr","chineseCountryName":"法国","pkg":"com.spaceship.screen.textcopy"},"orders":["com.recognize_text.translate.screen","com.spaceship.screen.textcopy","com.gaminik.i18n","com.mg.yurao.google","screen.translator.voice.translate","com.niven.translator","com.tap_to_translate.snap_translate","com.niven.game","com.newmg.yurao.pro","com.niven.comic","com.eecorp.linguago","com.microsoft.translator","com.eecorp.taptranslator","com.google.android.apps.translate","com.niven.apptranslate","com.chat_translate.screen_translate","com.translate.talkingtranslator","com.pidev.screentranslator","com.translator.yellow","at.nk.tools.iTranslate"]},{"rank":{"index":2,"lang":"en-gb","country":"gb","chineseCountryName":"英国","pkg":"com.spaceship.screen.textcopy"},"orders":["com.recognize_text.translate.screen","com.spaceship.screen.textcopy","com.microsoft.translator","com.google.android.apps.translate","com.mg.yurao.google","screen.translator.voice.translate","com.gaminik.i18n","com.tap_to_translate.snap_translate","com.niven.translator","com.niven.game","com.niven.comic","com.newmg.yurao.pro","com.eecorp.linguago","com.zaz.translate","com.eecorp.taptranslator","at.nk.tools.iTranslate","com.translate.talkingtranslator","com.sayhi.android.sayhitranslate","com.niven.apptranslate","com.ydzlabs.chattranslator"]},{"rank":{"index":2,"lang":"de","country":"de","chineseCountryName":"德国","pkg":"com.spaceship.screen.textcopy"},"orders":["com.recognize_text.translate.screen","com.spaceship.screen.textcopy","com.mg.yurao.google","com.gaminik.i18n","com.niven.game","com.tap_to_translate.snap_translate","com.newmg.yurao.pro","com.niven.translator","com.microsoft.translator","com.niven.comic","com.niven.apptranslate","com.google.android.apps.translate","com.translate.talkingtranslator","com.deepl.mobiletranslator","com.translate.app","screen.translator.voice.translate","at.nk.tools.iTranslate","us.zoom.videomeetings","com.eecorp.taptranslator","com.discord"]},{"rank":{"index":2,"lang":"it","country":"it","chineseCountryName":"意大利","pkg":"com.spaceship.screen.textcopy"},"orders":["com.recognize_text.translate.screen","com.spaceship.screen.textcopy","screen.translator.voice.translate","com.gaminik.i18n","com.mg.yurao.google","com.tap_to_translate.snap_translate","com.niven.game","com.niven.comic","com.niven.translator","com.eecorp.taptranslator","com.newmg.yurao.pro","com.eecorp.linguago","com.microsoft.translator","com.niven.apptranslate","com.google.android.apps.translate","com.chat_translate.screen_translate","com.pidev.screentranslator","com.google.android.apps.photos","com.translate.talkingtranslator","com.discord"]},{"rank":{"index":2,"lang":"ja","country":"jp","chineseCountryName":"日本","pkg":"com.spaceship.screen.textcopy"},"orders":["com.recognize_text.translate.screen","com.spaceship.screen.textcopy","com.gaminik.i18n","com.mg.yurao.google","com.eecorp.taptranslator","com.tap_to_translate.snap_translate","com.niven.game","com.newmg.yurao.pro","com.niven.translator","com.eecorp.linguago","com.niven.comic","screen.translator.voice.translate","com.niven.apptranslate","com.deepl.mobiletranslator","com.chat_translate.screen_translate","com.translator.translation.screen.translate.voice.languages.text.translating","com.google.android.apps.translate","com.android.chrome","com.discord","com.pidev.screentranslator"]},{"rank":{"index":2,"lang":"ko","country":"kr","chineseCountryName":"韩国","pkg":"com.spaceship.screen.textcopy"},"orders":["com.recognize_text.translate.screen","com.spaceship.screen.textcopy","com.mg.yurao.google","com.tap_to_translate.snap_translate","com.google.android.apps.translate","com.microsoft.translator","com.gaminik.i18n","com.naver.labs.translator","com.niven.translator","com.niven.comic","com.niven.game","com.newmg.yurao.pro","com.eecorp.linguago","com.webcatalog.translatium","com.zaz.translate","com.niven.apptranslate","com.eecorp.taptranslator","screen.translator.voice.translate","com.deepl.mobiletranslator","at.nk.tools.iTranslate"]},{"rank":{"index":2,"lang":"zh-hk","country":"hk","chineseCountryName":"香港","pkg":"com.spaceship.screen.textcopy"},"orders":["com.recognize_text.translate.screen","com.spaceship.screen.textcopy","com.mg.yurao.google","com.microsoft.translator","com.google.android.apps.translate","com.gaminik.i18n","com.tap_to_translate.snap_translate","com.niven.translator","com.niven.comic","com.niven.game","com.newmg.yurao.pro","com.tangdi.baiguotong","com.webcatalog.translatium","com.eecorp.linguago","com.zaz.translate","com.abbyy.mobile.textgrabber.full","com.naver.labs.translator","com.niven.apptranslate","com.subtitle.voice","com.eecorp.taptranslator"]},{"rank":{"index":4,"lang":"zh-tw","country":"tw","chineseCountryName":"台湾","pkg":"com.spaceship.screen.textcopy"},"orders":["com.recognize_text.translate.screen","com.mg.yurao.google","com.tap_to_translate.snap_translate","com.spaceship.screen.textcopy","com.gaminik.i18n","com.microsoft.translator","com.google.android.apps.translate","com.niven.game","com.niven.comic","com.niven.translator","com.eecorp.linguago","com.newmg.yurao.pro","com.webcatalog.translatium","com.eecorp.taptranslator","com.abbyy.mobile.textgrabber.full","com.tangdi.baiguotong","screen.translator.voice.translate","com.naver.labs.translator","com.zaz.translate","com.niven.apptranslate"]},{"rank":{"index":2,"lang":"en","country":"in","chineseCountryName":"印度","pkg":"com.spaceship.screen.textcopy"},"orders":["com.recognize_text.translate.screen","com.spaceship.screen.textcopy","screen.translator.voice.translate","com.google.android.apps.translate","com.microsoft.translator","com.tap_to_translate.snap_translate","com.niven.translator","com.zaz.translate","com.niven.comic","com.newmg.yurao.pro","com.niven.game","com.eecorp.linguago","com.abbyy.mobile.textgrabber.full","com.chat_translate.screen_translate","com.webcatalog.translatium","com.softissimo.reverso.context","translate.smartranit.language.text","com.kursx.smartbook","com.mg.yurao.google","com.gaminik.i18n"]},{"rank":{"index":1,"lang":"id","country":"id","chineseCountryName":"印尼","pkg":"com.spaceship.screen.textcopy"},"orders":["com.spaceship.screen.textcopy","com.recognize_text.translate.screen","com.tap_to_translate.snap_translate","com.gaminik.i18n","com.mg.yurao.google","com.niven.translator","com.eecorp.linguago","com.newmg.yurao.pro","com.niven.game","com.niven.comic","com.youdao.hindict","com.niven.apptranslate","com.google.android.apps.translate"]},{"rank":{"index":2,"lang":"es-mx","country":"mx","chineseCountryName":"墨西哥","pkg":"com.spaceship.screen.textcopy"},"orders":["com.recognize_text.translate.screen","com.spaceship.screen.textcopy","com.gaminik.i18n","com.tap_to_translate.snap_translate","com.mg.yurao.google","com.niven.translator","com.niven.game","com.niven.comic","com.newmg.yurao.pro","com.eecorp.linguago","com.microsoft.translator","screen.translator.voice.translate","com.niven.apptranslate","com.google.android.apps.translate","com.youdao.hindict","com.chat_translate.screen_translate","at.nk.tools.iTranslate","com.google.android.apps.photos","com.android.chrome","com.google.android.apps.docs"]}]