[{"rank":{"index":2,"lang":"en-us","country":"us","chineseCountryName":"美国","pkg":"com.spaceship.screen.textcopy"},"orders":["com.recognize_text.translate.screen","com.spaceship.screen.textcopy","com.google.android.apps.translate","com.gaminik.i18n","com.microsoft.translator","com.niven.translator","com.niven.game","com.screen.translate.google","com.newmg.yurao.pro","at.nk.tools.iTranslate","com.zaz.translate","com.easytranslate.easytranslate","com.deepl.mobiletranslator","com.royalappcode.translation.voice.language.chat.interpreter","com.naver.labs.translator","com.niven.comic","ru.yandex.translate","com.facebook.orca","com.android.chrome","com.google.android.apps.photos"]},{"rank":{"index":1,"lang":"ru","country":"ru","chineseCountryName":"俄罗斯","pkg":"com.spaceship.screen.textcopy"},"orders":["com.spaceship.screen.textcopy","com.recognize_text.translate.screen","com.gaminik.i18n","com.niven.translator","com.niven.game","com.screen.translate.google","ru.yandex.translate","com.newmg.yurao.pro","com.google.android.apps.translate","com.niven.comic","com.microsoft.translator","com.niven.apptranslate","com.deepl.mobiletranslator","com.facebook.orca","com.android.chrome","com.discord","com.google.android.dialer","com.google.android.apps.photos","com.skype.raider","com.truecaller"]},{"rank":{"index":2,"lang":"fr","country":"fr","chineseCountryName":"法国","pkg":"com.spaceship.screen.textcopy"},"orders":["com.recognize_text.translate.screen","com.spaceship.screen.textcopy","com.gaminik.i18n","com.niven.game","com.google.android.apps.translate","com.screen.translate.google","com.niven.translator","com.microsoft.translator","com.newmg.yurao.pro","ru.yandex.translate","com.niven.comic","com.zaz.translate","at.nk.tools.iTranslate","com.deepl.mobiletranslator","com.facebook.orca","com.google.android.apps.photos","com.discord","com.android.chrome","com.duolingo","com.microsoft.office.outlook"]},{"rank":{"index":2,"lang":"en-gb","country":"gb","chineseCountryName":"英国","pkg":"com.spaceship.screen.textcopy"},"orders":["com.recognize_text.translate.screen","com.spaceship.screen.textcopy","com.gaminik.i18n","com.google.android.apps.translate","com.screen.translate.google","com.microsoft.translator","com.niven.translator","com.niven.game","com.newmg.yurao.pro","at.nk.tools.iTranslate","com.zaz.translate","com.deepl.mobiletranslator","ru.yandex.translate","com.niven.comic","com.facebook.orca","com.discord","com.duolingo","com.android.chrome","com.ubercab","com.google.android.apps.maps"]},{"rank":{"index":2,"lang":"de","country":"de","chineseCountryName":"德国","pkg":"com.spaceship.screen.textcopy"},"orders":["com.recognize_text.translate.screen","com.spaceship.screen.textcopy","com.gaminik.i18n","com.screen.translate.google","com.niven.translator","com.niven.game","com.google.android.apps.translate","com.microsoft.translator","com.newmg.yurao.pro","com.deepl.mobiletranslator","ru.yandex.translate","com.niven.comic","com.facebook.orca","com.discord","com.android.chrome","com.google.android.apps.photos","com.amazon.kindle","com.microsoft.office.outlook","com.skype.raider","com.truecaller"]},{"rank":{"index":2,"lang":"it","country":"it","chineseCountryName":"意大利","pkg":"com.spaceship.screen.textcopy"},"orders":["com.recognize_text.translate.screen","com.spaceship.screen.textcopy","com.gaminik.i18n","com.niven.game","com.screen.translate.google","com.niven.translator","com.google.android.apps.translate","com.newmg.yurao.pro","com.microsoft.translator","com.niven.comic","at.nk.tools.iTranslate","com.facebook.orca","com.deepl.mobiletranslator","com.softissimo.reverso.context","com.discord","com.google.android.apps.photos","com.microsoft.office.outlook","com.duolingo","com.google.android.dialer","com.android.chrome"]},{"rank":{"index":2,"lang":"ja","country":"jp","chineseCountryName":"日本","pkg":"com.spaceship.screen.textcopy"},"orders":["com.recognize_text.translate.screen","com.spaceship.screen.textcopy","com.gaminik.i18n","com.niven.game","com.niven.translator","com.screen.translate.google","com.google.android.apps.translate","com.microsoft.translator","com.niven.comic","com.deepl.mobiletranslator","com.naver.labs.translator"]},{"rank":{"index":2,"lang":"ko","country":"kr","chineseCountryName":"韩国","pkg":"com.spaceship.screen.textcopy"},"orders":["com.recognize_text.translate.screen","com.spaceship.screen.textcopy","com.gaminik.i18n","com.niven.game","com.niven.translator","com.google.android.apps.translate","com.screen.translate.google","com.microsoft.translator","com.niven.comic","com.naver.labs.translator","com.newmg.yurao.pro","at.nk.tools.iTranslate","com.facebook.orca","com.deepl.mobiletranslator","com.discord","com.sec.android.app.sbrowser","com.android.chrome","com.google.android.apps.youtube.creator","com.duolingo","us.zoom.videomeetings"]},{"rank":{"index":2,"lang":"zh-hk","country":"hk","chineseCountryName":"香港","pkg":"com.spaceship.screen.textcopy"},"orders":["com.recognize_text.translate.screen","com.spaceship.screen.textcopy","com.gaminik.i18n","com.screen.translate.google","com.google.android.apps.translate","com.niven.game","com.niven.translator","com.microsoft.translator","com.facebook.orca","com.newmg.yurao.pro","com.android.chrome","com.google.android.apps.maps","com.discord","us.zoom.videomeetings","com.duolingo","com.google.android.apps.photos","com.sec.android.app.sbrowser","com.ubercab","com.skype.raider","at.nk.tools.iTranslate"]},{"rank":{"index":2,"lang":"zh-tw","country":"tw","chineseCountryName":"台湾","pkg":"com.spaceship.screen.textcopy"},"orders":["com.recognize_text.translate.screen","com.spaceship.screen.textcopy","com.gaminik.i18n","com.screen.translate.google","com.niven.game","com.google.android.apps.translate","com.niven.translator","com.microsoft.translator","com.newmg.yurao.pro","at.nk.tools.iTranslate","com.naver.labs.translator","com.facebook.orca","com.niven.comic","com.google.android.apps.maps","com.discord","com.android.chrome","com.google.ar.lens","ru.yandex.translate","com.duolingo","com.skype.raider"]},{"rank":{"index":2,"lang":"en","country":"in","chineseCountryName":"印度","pkg":"com.spaceship.screen.textcopy"},"orders":["com.recognize_text.translate.screen","com.spaceship.screen.textcopy","com.google.android.apps.translate","com.screen.translate.google","com.zaz.translate","com.newmg.yurao.pro","com.microsoft.translator","com.niven.game","com.niven.translator","at.nk.tools.iTranslate","com.naver.labs.translator","ru.yandex.translate","com.tap_to_translate.snap_translate","com.royalappcode.translation.voice.language.chat.interpreter","com.deepl.mobiletranslator","com.softissimo.reverso.context","com.google.ar.lens","com.microblink.photomath","com.sayhi.android.sayhitranslate","com.gaminik.i18n"]},{"rank":{"index":2,"lang":"id","country":"id","chineseCountryName":"印尼","pkg":"com.spaceship.screen.textcopy"},"orders":["com.recognize_text.translate.screen","com.spaceship.screen.textcopy","com.gaminik.i18n","com.screen.translate.google","com.niven.translator","com.niven.game","com.google.android.apps.translate","com.niven.comic","com.newmg.yurao.pro","com.youdao.hindict"]},{"rank":{"index":2,"lang":"es-mx","country":"mx","chineseCountryName":"墨西哥","pkg":"com.spaceship.screen.textcopy"},"orders":["com.recognize_text.translate.screen","com.spaceship.screen.textcopy","com.niven.game","com.google.android.apps.translate","com.microsoft.translator","at.nk.tools.iTranslate","com.niven.translator","com.screen.translate.google","com.deepl.mobiletranslator","com.youdao.hindict","ru.yandex.translate","com.tap_to_translate.snap_translate","com.zaz.translate","com.naver.labs.translator","com.royalappcode.translation.voice.language.chat.interpreter","com.microblink.photomath","com.softissimo.reverso.context","com.niven.comic","com.newmg.yurao.pro","com.gaminik.i18n"]}]