[{"rank":{"index":2,"lang":"en-us","country":"us","chineseCountryName":"美国","pkg":"com.spaceship.screen.textcopy"},"orders":["com.recognize_text.translate.screen","com.spaceship.screen.textcopy","com.tap_to_translate.snap_translate","com.google.android.apps.translate","com.screen.translate.google","com.microsoft.translator","com.newmg.yurao.pro","com.gaminik.i18n","com.niven.translator","com.google.ar.lens","at.nk.tools.iTranslate","com.deepl.mobiletranslator","com.translate.talkingtranslator","com.language.translate.free.translator.voice.translation","com.naver.labs.translator","com.sayhi.android.sayhitranslate","com.niven.game","com.datacomprojects.scanandtranslate","com.translate.language.translator.voice.translation","com.niven.apptranslate"]},{"rank":{"index":0,"lang":"ru","country":"ru","chineseCountryName":"俄罗斯","pkg":"com.spaceship.screen.textcopy"},"orders":["com.recognize_text.translate.screen","com.tap_to_translate.snap_translate","com.niven.translator","com.newmg.yurao.pro","com.gaminik.i18n","com.screen.translate.google","ru.yandex.translate","com.niven.game","com.deepl.mobiletranslator","com.microsoft.translator","com.google.android.apps.translate","com.niven.apptranslate","com.language.translate.free.translator.voice.translation","com.datacomprojects.scanandtranslate","com.voice_camera_free_translate","at.nk.tools.iTranslate","com.tangdi.baiguotong","com.immersivetranslate.browser","com.threedev.android.apps.translate.voice.translator.languagetranslator","com.translate.talkingtranslator"]},{"rank":{"index":2,"lang":"pt-br","country":"br","chineseCountryName":"巴西","pkg":"com.spaceship.screen.textcopy"},"orders":["com.recognize_text.translate.screen","com.spaceship.screen.textcopy","com.tap_to_translate.snap_translate","com.gaminik.i18n","com.microsoft.translator","com.google.android.apps.translate","com.deepl.mobiletranslator","com.zaz.translate","ru.yandex.translate","com.translate.language.translator.voice.translation","com.softissimo.reverso.context","com.translate.talkingtranslator","com.sayhi.android.sayhitranslate","com.ticktalk.translatevoice","com.google.ar.lens","com.niven.translator","com.newmg.yurao.pro","com.screen.translate.google","com.niven.apptranslate","com.galaxy.airviewdictionary"]},{"rank":{"index":3,"lang":"fr","country":"fr","chineseCountryName":"法国","pkg":"com.spaceship.screen.textcopy"},"orders":["com.recognize_text.translate.screen","com.tap_to_translate.snap_translate","com.spaceship.screen.textcopy","com.screen.translate.google","com.niven.translator","com.gaminik.i18n","com.newmg.yurao.pro","com.microsoft.translator","com.google.android.apps.translate","com.deepl.mobiletranslator","at.nk.tools.iTranslate","com.google.ar.lens","com.niven.game","com.datacomprojects.scanandtranslate","com.translate.talkingtranslator","com.niven.apptranslate","com.language.translate.free.translator.voice.translation","com.tangdi.baiguotong","com.sayhi.android.sayhitranslate","com.softissimo.reverso.context"]},{"rank":{"index":2,"lang":"en-gb","country":"gb","chineseCountryName":"英国","pkg":"com.spaceship.screen.textcopy"},"orders":["com.recognize_text.translate.screen","com.spaceship.screen.textcopy","com.tap_to_translate.snap_translate","com.google.android.apps.translate","com.screen.translate.google","com.newmg.yurao.pro","com.microsoft.translator","com.gaminik.i18n","com.niven.translator","com.google.ar.lens","at.nk.tools.iTranslate","com.deepl.mobiletranslator","com.language.translate.free.translator.voice.translation","com.datacomprojects.scanandtranslate","com.niven.game","com.naver.labs.translator","com.sayhi.android.sayhitranslate","com.niven.apptranslate","com.translate.talkingtranslator","ru.yandex.translate"]},{"rank":{"index":2,"lang":"de","country":"de","chineseCountryName":"德国","pkg":"com.spaceship.screen.textcopy"},"orders":["com.recognize_text.translate.screen","com.spaceship.screen.textcopy","com.tap_to_translate.snap_translate","com.screen.translate.google","com.niven.translator","com.gaminik.i18n","com.newmg.yurao.pro","com.microsoft.translator","com.google.android.apps.translate","com.deepl.mobiletranslator","at.nk.tools.iTranslate","com.language.translate.free.translator.voice.translation","com.niven.game","com.datacomprojects.scanandtranslate","com.google.ar.lens","com.niven.apptranslate","com.sayhi.android.sayhitranslate","com.translate.talkingtranslator","com.tangdi.baiguotong","ru.yandex.translate"]},{"rank":{"index":2,"lang":"it","country":"it","chineseCountryName":"意大利","pkg":"com.spaceship.screen.textcopy"},"orders":["com.recognize_text.translate.screen","com.spaceship.screen.textcopy","com.tap_to_translate.snap_translate","com.screen.translate.google","com.niven.translator","com.gaminik.i18n","com.newmg.yurao.pro","com.microsoft.translator","com.google.android.apps.translate","at.nk.tools.iTranslate","com.niven.game","com.deepl.mobiletranslator","com.language.translate.free.translator.voice.translation","com.datacomprojects.scanandtranslate","com.google.ar.lens","com.tangdi.baiguotong","com.b1b.translator.voicetranslate.alllanguages.translator.app","com.traductorweb","com.sayhi.android.sayhitranslate","com.niven.apptranslate"]},{"rank":{"index":2,"lang":"ja","country":"jp","chineseCountryName":"日本","pkg":"com.spaceship.screen.textcopy"},"orders":["com.recognize_text.translate.screen","com.spaceship.screen.textcopy","com.tap_to_translate.snap_translate","com.gaminik.i18n","com.newmg.yurao.pro","com.screen.translate.google","com.niven.translator","com.microsoft.translator","com.google.android.apps.translate","com.google.ar.lens","com.deepl.mobiletranslator","at.nk.tools.iTranslate","com.naver.labs.translator","com.translate.talkingtranslator","com.language.translate.free.translator.voice.translation"]},{"rank":{"index":2,"lang":"ko","country":"kr","chineseCountryName":"韩国","pkg":"com.spaceship.screen.textcopy"},"orders":["com.recognize_text.translate.screen","com.spaceship.screen.textcopy","com.tap_to_translate.snap_translate","com.gaminik.i18n","com.newmg.yurao.pro","com.screen.translate.google","com.niven.translator","com.microsoft.translator","com.google.android.apps.translate","com.naver.labs.translator","com.niven.game","com.deepl.mobiletranslator","com.google.ar.lens","com.niven.apptranslate","com.voice_camera_free_translate","at.nk.tools.iTranslate","com.language.translate.free.translator.voice.translation","com.translate.talkingtranslator","com.instagram.android","com.facebook.katana"]},{"rank":{"index":2,"lang":"zh-hk","country":"hk","chineseCountryName":"香港","pkg":"com.spaceship.screen.textcopy"},"orders":["com.recognize_text.translate.screen","com.spaceship.screen.textcopy","com.gaminik.i18n","com.screen.translate.google","com.newmg.yurao.pro","com.niven.translator","com.microsoft.translator","com.tap_to_translate.snap_translate","com.google.android.apps.translate","at.nk.tools.iTranslate","com.deepl.mobiletranslator","com.google.ar.lens","com.language.translate.free.translator.voice.translation","com.niven.game","com.naver.labs.translator","com.niven.apptranslate","com.tangdi.baiguotong","com.datacomprojects.scanandtranslate","com.translate.talkingtranslator","com.immersivetranslate.browser"]},{"rank":{"index":2,"lang":"zh-tw","country":"tw","chineseCountryName":"台湾","pkg":"com.spaceship.screen.textcopy"},"orders":["com.recognize_text.translate.screen","com.spaceship.screen.textcopy","com.newmg.yurao.pro","com.screen.translate.google","com.gaminik.i18n","com.tap_to_translate.snap_translate","com.niven.translator","com.microsoft.translator","com.google.android.apps.translate","at.nk.tools.iTranslate","com.niven.game","com.language.translate.free.translator.voice.translation","com.tangdi.baiguotong","com.deepl.mobiletranslator","com.translate.talkingtranslator","com.niven.apptranslate","com.google.ar.lens","com.naver.labs.translator","photo.translate.camera.translator","com.datacomprojects.scanandtranslate"]},{"rank":{"index":2,"lang":"en","country":"in","chineseCountryName":"印度","pkg":"com.spaceship.screen.textcopy"},"orders":["com.recognize_text.translate.screen","com.spaceship.screen.textcopy","com.tap_to_translate.snap_translate","com.google.android.apps.translate","com.gaminik.i18n","com.zaz.translate","com.deepl.mobiletranslator","com.google.ar.lens","com.sayhi.android.sayhitranslate","ru.yandex.translate","com.translate.talkingtranslator","com.ticktalk.translatevoice","com.softissimo.reverso.context","com.naver.labs.translator","com.newmg.yurao.pro","com.screen.translate.google","com.niven.translator","screen.translator.voice.translate","com.datacomprojects.scanandtranslate","com.galaxy.airviewdictionary"]},{"rank":{"index":2,"lang":"id","country":"id","chineseCountryName":"印尼","pkg":"com.spaceship.screen.textcopy"},"orders":["com.recognize_text.translate.screen","com.spaceship.screen.textcopy","com.tap_to_translate.snap_translate","com.gaminik.i18n","com.newmg.yurao.pro","com.niven.translator","com.screen.translate.google","com.niven.game","com.google.android.apps.translate","com.youdao.hindict","com.microsoft.translator","com.deepl.mobiletranslator","com.niven.apptranslate","at.nk.tools.iTranslate","com.naver.labs.translator"]},{"rank":{"index":2,"lang":"es-mx","country":"mx","chineseCountryName":"墨西哥","pkg":"com.spaceship.screen.textcopy"},"orders":["com.recognize_text.translate.screen","com.spaceship.screen.textcopy","com.tap_to_translate.snap_translate","com.gaminik.i18n","com.google.android.apps.translate","com.microsoft.translator","com.deepl.mobiletranslator","com.zaz.translate","com.translate.talkingtranslator","com.sayhi.android.sayhitranslate","com.google.ar.lens","ru.yandex.translate","com.ticktalk.translatevoice","com.softissimo.reverso.context","com.naver.labs.translator","com.newmg.yurao.pro","com.niven.translator","com.screen.translate.google","com.youdao.hindict","com.niven.apptranslate"]}]