[{"rank":{"index":2,"lang":"en-us","country":"us","chineseCountryName":"美国","pkg":"com.spaceship.screen.textcopy"},"orders":["com.recognize_text.translate.screen","com.spaceship.screen.textcopy","com.tap_to_translate.snap_translate","com.gaminik.i18n","com.microsoft.translator","com.google.android.apps.translate","com.niven.game","com.niven.translator","screen.translator.voice.translate","com.niven.comic","com.eecorp.linguago","com.newmg.yurao.pro","com.eecorp.taptranslator","com.niven.apptranslate","com.naver.labs.translator","com.mg.chat","com.translator.yellow","at.nk.tools.iTranslate","com.translate.talkingtranslator","com.chat_translate.screen_translate"]},{"rank":{"index":2,"lang":"ru","country":"ru","chineseCountryName":"俄罗斯","pkg":"com.spaceship.screen.textcopy"},"orders":["com.recognize_text.translate.screen","com.spaceship.screen.textcopy","com.tap_to_translate.snap_translate","com.gaminik.i18n","com.niven.translator","com.microsoft.translator","com.niven.game","com.niven.comic","com.google.android.apps.translate","com.eecorp.linguago","com.newmg.yurao.pro","com.niven.apptranslate","com.mg.chat","screen.translator.voice.translate","ru.yandex.translate","com.ticktalk.translatevoice","com.chat_translate.screen_translate","com.deepl.mobiletranslator","com.youdao.hindict","at.nk.tools.iTranslate"]},{"rank":{"index":2,"lang":"pt-br","country":"br","chineseCountryName":"巴西","pkg":"com.spaceship.screen.textcopy"},"orders":["com.recognize_text.translate.screen","com.spaceship.screen.textcopy","com.tap_to_translate.snap_translate","com.gaminik.i18n","com.niven.translator","com.niven.game","com.niven.comic","com.youdao.hindict","com.newmg.yurao.pro","com.eecorp.linguago","com.niven.apptranslate","com.microsoft.translator","com.mg.chat","screen.translator.voice.translate","com.google.android.apps.translate","com.chat_translate.screen_translate","com.deepl.mobiletranslator","com.android.chrome","com.ydzlabs.chattranslator","com.tranit.text.translate"]},{"rank":{"index":2,"lang":"fr","country":"fr","chineseCountryName":"法国","pkg":"com.spaceship.screen.textcopy"},"orders":["com.recognize_text.translate.screen","com.spaceship.screen.textcopy","com.gaminik.i18n","com.tap_to_translate.snap_translate","screen.translator.voice.translate","com.niven.translator","com.niven.game","com.newmg.yurao.pro","com.eecorp.linguago","com.niven.comic","com.microsoft.translator","com.eecorp.taptranslator","com.google.android.apps.translate","com.youdao.hindict","com.translator.yellow","com.niven.apptranslate","com.chat_translate.screen_translate","com.mg.chat","com.deepl.mobiletranslator","com.android.chrome"]},{"rank":{"index":2,"lang":"en-gb","country":"gb","chineseCountryName":"英国","pkg":"com.spaceship.screen.textcopy"},"orders":["com.recognize_text.translate.screen","com.spaceship.screen.textcopy","com.tap_to_translate.snap_translate","com.microsoft.translator","com.google.android.apps.translate","screen.translator.voice.translate","com.gaminik.i18n","com.niven.translator","com.niven.game","com.niven.comic","com.youdao.hindict","com.mg.chat","at.nk.tools.iTranslate","com.newmg.yurao.pro","com.sayhi.android.sayhitranslate","com.eecorp.linguago","com.zaz.translate","com.niven.apptranslate","com.eecorp.taptranslator","com.translate.talkingtranslator"]},{"rank":{"index":2,"lang":"de","country":"de","chineseCountryName":"德国","pkg":"com.spaceship.screen.textcopy"},"orders":["com.recognize_text.translate.screen","com.spaceship.screen.textcopy","com.tap_to_translate.snap_translate","com.gaminik.i18n","com.niven.translator","com.microsoft.translator","com.niven.game","com.newmg.yurao.pro","com.niven.comic","com.eecorp.linguago","com.niven.apptranslate","com.eecorp.taptranslator","screen.translator.voice.translate","com.mg.chat","com.google.android.apps.translate","com.deepl.mobiletranslator","com.translator.yellow","com.chat_translate.screen_translate","ru.yandex.translate","com.translate.talkingtranslator"]},{"rank":{"index":2,"lang":"it","country":"it","chineseCountryName":"意大利","pkg":"com.spaceship.screen.textcopy"},"orders":["com.recognize_text.translate.screen","com.spaceship.screen.textcopy","screen.translator.voice.translate","com.gaminik.i18n","com.niven.game","com.tap_to_translate.snap_translate","com.niven.translator","com.niven.comic","com.microsoft.translator","com.newmg.yurao.pro","com.eecorp.linguago","com.eecorp.taptranslator","com.google.android.apps.translate","com.mg.chat","com.niven.apptranslate","com.chat_translate.screen_translate","com.youdao.hindict","com.deepl.mobiletranslator","com.translator.yellow","com.google.android.apps.photos"]},{"rank":{"index":2,"lang":"ja","country":"jp","chineseCountryName":"日本","pkg":"com.spaceship.screen.textcopy"},"orders":["com.recognize_text.translate.screen","com.spaceship.screen.textcopy","com.gaminik.i18n","com.niven.game","com.niven.translator","com.tap_to_translate.snap_translate","com.niven.apptranslate","com.eecorp.taptranslator","com.newmg.yurao.pro","com.niven.comic","screen.translator.voice.translate","com.eecorp.linguago","com.naver.labs.translator","com.deepl.mobiletranslator","com.google.android.apps.translate","com.microsoft.translator","com.android.chrome","com.discord","com.duolingo","us.zoom.videomeetings"]},{"rank":{"index":2,"lang":"ko","country":"kr","chineseCountryName":"韩国","pkg":"com.spaceship.screen.textcopy"},"orders":["com.recognize_text.translate.screen","com.spaceship.screen.textcopy","com.tap_to_translate.snap_translate","com.gaminik.i18n","com.microsoft.translator","com.niven.translator","com.niven.game","com.google.android.apps.translate","com.niven.comic","com.naver.labs.translator","com.newmg.yurao.pro","com.mg.chat","com.eecorp.linguago","com.niven.apptranslate","com.eecorp.taptranslator","com.youdao.hindict","at.nk.tools.iTranslate","com.mg.subtitle.google","screen.translator.voice.translate","com.zaz.translate"]},{"rank":{"index":2,"lang":"zh-hk","country":"hk","chineseCountryName":"香港","pkg":"com.spaceship.screen.textcopy"},"orders":["com.recognize_text.translate.screen","com.spaceship.screen.textcopy","com.tap_to_translate.snap_translate","com.gaminik.i18n","com.microsoft.translator","com.niven.game","com.niven.comic","com.google.android.apps.translate","com.niven.translator","com.newmg.yurao.pro","com.mg.chat","com.eecorp.linguago","com.eecorp.taptranslator","com.niven.apptranslate","com.mg.subtitle.google","com.subtitle.voice","screen.translator.voice.translate","at.nk.tools.iTranslate","com.naver.labs.translator","com.zaz.translate"]},{"rank":{"index":2,"lang":"zh-tw","country":"tw","chineseCountryName":"台湾","pkg":"com.spaceship.screen.textcopy"},"orders":["com.recognize_text.translate.screen","com.spaceship.screen.textcopy","com.tap_to_translate.snap_translate","com.gaminik.i18n","com.microsoft.translator","com.niven.game","com.niven.comic","com.niven.translator","com.google.android.apps.translate","com.newmg.yurao.pro","com.mg.chat","com.eecorp.linguago","com.eecorp.taptranslator","com.naver.labs.translator","com.niven.apptranslate","com.youdao.hindict","at.nk.tools.iTranslate","screen.translator.voice.translate","com.subtitle.voice","com.zaz.translate"]},{"rank":{"index":2,"lang":"en","country":"in","chineseCountryName":"印度","pkg":"com.spaceship.screen.textcopy"},"orders":["com.recognize_text.translate.screen","com.spaceship.screen.textcopy","com.tap_to_translate.snap_translate","screen.translator.voice.translate","com.newmg.yurao.pro","com.google.android.apps.translate","com.microsoft.translator","com.niven.game","com.niven.comic","com.eecorp.linguago","com.zaz.translate","com.niven.translator","com.chat_translate.screen_translate","com.mg.chat","com.naver.labs.translator","com.niven.apptranslate","translate.smartranit.language.text","com.android.chrome","at.nk.tools.iTranslate","com.gaminik.i18n"]},{"rank":{"index":1,"lang":"id","country":"id","chineseCountryName":"印尼","pkg":"com.spaceship.screen.textcopy"},"orders":["com.spaceship.screen.textcopy","com.recognize_text.translate.screen","com.tap_to_translate.snap_translate","com.gaminik.i18n","com.niven.translator","com.niven.comic","com.niven.game","com.eecorp.linguago","com.youdao.hindict","com.newmg.yurao.pro","com.google.android.apps.translate","com.niven.apptranslate","com.naver.labs.translator"]},{"rank":{"index":2,"lang":"es-mx","country":"mx","chineseCountryName":"墨西哥","pkg":"com.spaceship.screen.textcopy"},"orders":["com.recognize_text.translate.screen","com.spaceship.screen.textcopy","com.gaminik.i18n","com.tap_to_translate.snap_translate","com.niven.translator","com.niven.game","com.niven.comic","com.newmg.yurao.pro","com.youdao.hindict","com.eecorp.linguago","com.microsoft.translator","screen.translator.voice.translate","com.google.android.apps.translate","com.niven.apptranslate","com.android.chrome","com.google.android.apps.photos","com.google.android.apps.docs","com.google.android.apps.maps","com.discord","us.zoom.videomeetings"]}]