[{"rank":{"index":2,"lang":"en-us","country":"us","chineseCountryName":"美国","pkg":"com.spaceship.screen.textcopy"},"orders":["com.recognize_text.translate.screen","com.spaceship.screen.textcopy","com.google.android.apps.translate","com.gaminik.i18n","com.microsoft.translator","com.screen.translate.google","com.niven.translator","com.niven.game","com.newmg.yurao.pro","at.nk.tools.iTranslate","com.zaz.translate","com.easytranslate.easytranslate","com.deepl.mobiletranslator","com.naver.labs.translator","com.royalappcode.translation.voice.language.chat.interpreter","ru.yandex.translate","com.niven.comic","com.facebook.orca","com.translate.language.translator.voice.translation","com.android.chrome"]},{"rank":{"index":2,"lang":"ru","country":"ru","chineseCountryName":"俄罗斯","pkg":"com.spaceship.screen.textcopy"},"orders":["com.recognize_text.translate.screen","com.spaceship.screen.textcopy","com.gaminik.i18n","com.niven.translator","com.niven.game","com.screen.translate.google","ru.yandex.translate","com.newmg.yurao.pro","com.google.android.apps.translate","com.niven.comic","com.microsoft.translator","com.niven.apptranslate","com.deepl.mobiletranslator","com.facebook.orca","com.android.chrome","com.discord","com.google.android.dialer","com.google.android.apps.photos","com.skype.raider","com.google.android.apps.youtube.creator"]},{"rank":{"index":2,"lang":"fr","country":"fr","chineseCountryName":"法国","pkg":"com.spaceship.screen.textcopy"},"orders":["com.recognize_text.translate.screen","com.spaceship.screen.textcopy","com.gaminik.i18n","com.niven.game","com.google.android.apps.translate","com.niven.translator","com.screen.translate.google","com.microsoft.translator","com.newmg.yurao.pro","ru.yandex.translate","com.zaz.translate","com.niven.comic","at.nk.tools.iTranslate","com.deepl.mobiletranslator","com.facebook.orca","com.google.android.apps.photos","com.discord","com.android.chrome","com.google.android.calendar","com.duolingo"]},{"rank":{"index":2,"lang":"en-gb","country":"gb","chineseCountryName":"英国","pkg":"com.spaceship.screen.textcopy"},"orders":["com.recognize_text.translate.screen","com.spaceship.screen.textcopy","com.gaminik.i18n","com.google.android.apps.translate","com.screen.translate.google","com.microsoft.translator","com.niven.translator","com.niven.game","com.newmg.yurao.pro","at.nk.tools.iTranslate","com.zaz.translate","ru.yandex.translate","com.deepl.mobiletranslator","com.facebook.orca","com.niven.comic","com.discord","com.duolingo","com.android.chrome","com.ubercab","com.google.android.apps.maps"]},{"rank":{"index":2,"lang":"de","country":"de","chineseCountryName":"德国","pkg":"com.spaceship.screen.textcopy"},"orders":["com.recognize_text.translate.screen","com.spaceship.screen.textcopy","com.gaminik.i18n","com.screen.translate.google","com.niven.translator","com.niven.game","com.google.android.apps.translate","com.microsoft.translator","com.newmg.yurao.pro","com.deepl.mobiletranslator","ru.yandex.translate","com.facebook.orca","com.niven.comic","com.discord","com.android.chrome","com.google.android.apps.photos","com.amazon.kindle","com.microsoft.office.outlook","com.skype.raider","com.truecaller"]},{"rank":{"index":2,"lang":"it","country":"it","chineseCountryName":"意大利","pkg":"com.spaceship.screen.textcopy"},"orders":["com.recognize_text.translate.screen","com.spaceship.screen.textcopy","com.gaminik.i18n","com.niven.game","com.screen.translate.google","com.niven.translator","com.google.android.apps.translate","com.newmg.yurao.pro","com.microsoft.translator","com.niven.comic","at.nk.tools.iTranslate","com.facebook.orca","com.deepl.mobiletranslator","com.discord","com.softissimo.reverso.context","com.google.android.apps.photos","com.duolingo","com.microsoft.office.outlook","com.google.android.dialer","com.android.chrome"]},{"rank":{"index":2,"lang":"ja","country":"jp","chineseCountryName":"日本","pkg":"com.spaceship.screen.textcopy"},"orders":["com.recognize_text.translate.screen","com.spaceship.screen.textcopy","com.gaminik.i18n","com.niven.game","com.niven.translator","com.screen.translate.google","com.google.android.apps.translate","com.microsoft.translator","com.niven.comic","com.deepl.mobiletranslator","com.newmg.yurao.pro","com.naver.labs.translator","at.nk.tools.iTranslate","com.facebook.orca","com.google.ar.lens","com.android.chrome","com.discord","com.google.android.apps.maps","com.duolingo","com.amazon.kindle"]},{"rank":{"index":2,"lang":"ko","country":"kr","chineseCountryName":"韩国","pkg":"com.spaceship.screen.textcopy"},"orders":["com.recognize_text.translate.screen","com.spaceship.screen.textcopy","com.gaminik.i18n","com.niven.game","com.niven.translator","com.screen.translate.google","com.google.android.apps.translate","com.microsoft.translator","com.naver.labs.translator","com.newmg.yurao.pro","com.niven.comic","at.nk.tools.iTranslate","com.facebook.orca","com.deepl.mobiletranslator","com.discord","com.google.android.apps.youtube.creator","com.android.chrome","com.sec.android.app.sbrowser","com.duolingo","com.google.android.apps.photos"]},{"rank":{"index":2,"lang":"zh-hk","country":"hk","chineseCountryName":"香港","pkg":"com.spaceship.screen.textcopy"},"orders":["com.recognize_text.translate.screen","com.spaceship.screen.textcopy","com.gaminik.i18n","com.screen.translate.google","com.google.android.apps.translate","com.niven.game","com.niven.translator","com.microsoft.translator","com.newmg.yurao.pro","com.facebook.orca","com.android.chrome","com.google.android.apps.maps","com.discord","com.duolingo","us.zoom.videomeetings","com.google.ar.lens","com.ubercab","com.google.android.apps.photos","com.sec.android.app.sbrowser","com.skype.raider"]},{"rank":{"index":2,"lang":"zh-tw","country":"tw","chineseCountryName":"台湾","pkg":"com.spaceship.screen.textcopy"},"orders":["com.recognize_text.translate.screen","com.spaceship.screen.textcopy","com.gaminik.i18n","com.niven.game","com.screen.translate.google","com.google.android.apps.translate","com.niven.translator","com.microsoft.translator","com.newmg.yurao.pro","at.nk.tools.iTranslate","com.naver.labs.translator","com.facebook.orca","com.google.android.apps.maps","com.discord","com.google.ar.lens","com.android.chrome","com.niven.comic","com.duolingo","ru.yandex.translate","com.skype.raider"]},{"rank":{"index":2,"lang":"en","country":"in","chineseCountryName":"印度","pkg":"com.spaceship.screen.textcopy"},"orders":["com.recognize_text.translate.screen","com.spaceship.screen.textcopy","com.google.android.apps.translate","com.screen.translate.google","com.zaz.translate","com.newmg.yurao.pro","com.microsoft.translator","com.niven.game","com.niven.translator","at.nk.tools.iTranslate","com.naver.labs.translator","ru.yandex.translate","com.royalappcode.translation.voice.language.chat.interpreter","com.tap_to_translate.snap_translate","com.deepl.mobiletranslator","com.google.ar.lens","com.softissimo.reverso.context","com.flitto.app","com.microblink.photomath","com.gaminik.i18n"]},{"rank":{"index":2,"lang":"id","country":"id","chineseCountryName":"印尼","pkg":"com.spaceship.screen.textcopy"},"orders":["com.recognize_text.translate.screen","com.spaceship.screen.textcopy","com.gaminik.i18n","com.niven.translator","com.niven.game","com.screen.translate.google","com.google.android.apps.translate","com.niven.comic","com.newmg.yurao.pro","com.tap_to_translate.snap_translate"]},{"rank":{"index":2,"lang":"es-mx","country":"mx","chineseCountryName":"墨西哥","pkg":"com.spaceship.screen.textcopy"},"orders":["com.recognize_text.translate.screen","com.spaceship.screen.textcopy","com.niven.game","com.google.android.apps.translate","com.screen.translate.google","com.niven.translator","com.microsoft.translator","at.nk.tools.iTranslate","com.deepl.mobiletranslator","com.zaz.translate","com.youdao.hindict","ru.yandex.translate","com.tap_to_translate.snap_translate","com.naver.labs.translator","com.microblink.photomath","com.royalappcode.translation.voice.language.chat.interpreter","com.softissimo.reverso.context","com.newmg.yurao.pro","com.google.ar.lens","com.gaminik.i18n"]}]