[{"rank":{"index":2,"lang":"en-us","country":"us","chineseCountryName":"美国","pkg":"com.spaceship.screen.textcopy"},"orders":["com.recognize_text.translate.screen","com.spaceship.screen.textcopy","com.gaminik.i18n","com.tap_to_translate.snap_translate","com.microsoft.translator","com.google.android.apps.translate","com.niven.game","com.newmg.yurao.pro","com.niven.translator","com.niven.comic","screen.translator.voice.translate","at.nk.tools.iTranslate","com.naver.labs.translator","com.niven.apptranslate","com.zaz.translate","com.eecorp.taptranslator","com.translate.talkingtranslator","com.youdao.hindict","com.deepl.mobiletranslator","com.screen.translate.google"]},{"rank":{"index":2,"lang":"ru","country":"ru","chineseCountryName":"俄罗斯","pkg":"com.spaceship.screen.textcopy"},"orders":["com.recognize_text.translate.screen","com.spaceship.screen.textcopy","com.tap_to_translate.snap_translate","com.gaminik.i18n","com.niven.translator","com.niven.game","com.microsoft.translator","com.google.android.apps.translate","com.newmg.yurao.pro","com.niven.comic","com.screen.translate.google","com.niven.apptranslate","ru.yandex.translate","com.youdao.hindict","com.ticktalk.translatevoice","at.nk.tools.iTranslate","com.deepl.mobiletranslator","com.zaz.translate","com.duolingo","us.zoom.videomeetings"]},{"rank":{"index":2,"lang":"pt-br","country":"br","chineseCountryName":"巴西","pkg":"com.spaceship.screen.textcopy"},"orders":["com.recognize_text.translate.screen","com.spaceship.screen.textcopy","com.tap_to_translate.snap_translate","com.gaminik.i18n","com.niven.translator","com.niven.game","com.newmg.yurao.pro","com.niven.comic","com.youdao.hindict","com.eecorp.linguago","com.google.android.apps.translate","com.microsoft.translator","com.android.chrome","com.google.android.apps.docs","com.google.android.apps.photos","com.google.android.apps.maps","us.zoom.videomeetings","com.discord","com.microsoft.office.outlook","com.adobe.reader"]},{"rank":{"index":2,"lang":"fr","country":"fr","chineseCountryName":"法国","pkg":"com.spaceship.screen.textcopy"},"orders":["com.recognize_text.translate.screen","com.spaceship.screen.textcopy","com.tap_to_translate.snap_translate","com.gaminik.i18n","screen.translator.voice.translate","com.niven.translator","com.niven.game","com.niven.comic","com.newmg.yurao.pro","com.eecorp.linguago","com.microsoft.translator","com.youdao.hindict","com.google.android.apps.translate"]},{"rank":{"index":2,"lang":"en-gb","country":"gb","chineseCountryName":"英国","pkg":"com.spaceship.screen.textcopy"},"orders":["com.recognize_text.translate.screen","com.spaceship.screen.textcopy","com.tap_to_translate.snap_translate","com.microsoft.translator","com.gaminik.i18n","com.google.android.apps.translate","screen.translator.voice.translate","com.niven.translator","com.niven.game","com.newmg.yurao.pro","com.eecorp.linguago","com.niven.comic","com.youdao.hindict","com.zaz.translate","at.nk.tools.iTranslate","com.eecorp.taptranslator","com.mobisystems.msdict.embedded.wireless.collins.ee","com.niven.apptranslate","com.nordicwise.translator","com.sayhi.android.sayhitranslate"]},{"rank":{"index":2,"lang":"de","country":"de","chineseCountryName":"德国","pkg":"com.spaceship.screen.textcopy"},"orders":["com.recognize_text.translate.screen","com.spaceship.screen.textcopy","com.gaminik.i18n","com.tap_to_translate.snap_translate","com.niven.game","com.microsoft.translator","com.niven.translator","com.newmg.yurao.pro","com.google.android.apps.translate","com.niven.comic","com.screen.translate.google","com.youdao.hindict","com.deepl.mobiletranslator","com.niven.apptranslate","at.nk.tools.iTranslate","com.zaz.translate","com.translate.talkingtranslator","screen.translator.voice.translate","com.eecorp.taptranslator","com.eecorp.linguago"]},{"rank":{"index":2,"lang":"it","country":"it","chineseCountryName":"意大利","pkg":"com.spaceship.screen.textcopy"},"orders":["com.recognize_text.translate.screen","com.spaceship.screen.textcopy","com.gaminik.i18n","com.tap_to_translate.snap_translate","screen.translator.voice.translate","com.niven.translator","com.niven.game","com.microsoft.translator","com.newmg.yurao.pro","com.niven.comic","com.eecorp.linguago","com.eecorp.taptranslator","com.google.android.apps.translate","com.youdao.hindict","com.chat_translate.screen_translate","com.deepl.mobiletranslator","at.nk.tools.iTranslate","com.screen.translate.google","com.google.android.apps.photos","com.adobe.reader"]},{"rank":{"index":2,"lang":"ja","country":"jp","chineseCountryName":"日本","pkg":"com.spaceship.screen.textcopy"},"orders":["com.recognize_text.translate.screen","com.spaceship.screen.textcopy","com.gaminik.i18n","com.niven.game","com.tap_to_translate.snap_translate","com.newmg.yurao.pro","com.deepl.mobiletranslator","com.niven.translator","com.google.android.apps.translate","com.naver.labs.translator","com.niven.apptranslate","com.translate.talkingtranslator","com.microsoft.translator","us.zoom.videomeetings","com.android.chrome","com.google.android.apps.maps","com.discord","com.eecorp.taptranslator","com.duolingo","com.niven.comic"]},{"rank":{"index":2,"lang":"ko","country":"kr","chineseCountryName":"韩国","pkg":"com.spaceship.screen.textcopy"},"orders":["com.recognize_text.translate.screen","com.spaceship.screen.textcopy","com.tap_to_translate.snap_translate","com.gaminik.i18n","com.newmg.yurao.pro","com.microsoft.translator","com.niven.translator","com.google.android.apps.translate","com.niven.game","com.naver.labs.translator","com.niven.comic","com.eecorp.linguago","com.youdao.hindict","com.zaz.translate","com.niven.apptranslate","com.eecorp.taptranslator","at.nk.tools.iTranslate","screen.translator.voice.translate","com.screen.translate.google","com.deepl.mobiletranslator"]},{"rank":{"index":2,"lang":"zh-hk","country":"hk","chineseCountryName":"香港","pkg":"com.spaceship.screen.textcopy"},"orders":["com.recognize_text.translate.screen","com.spaceship.screen.textcopy","com.tap_to_translate.snap_translate","com.gaminik.i18n","com.microsoft.translator","com.google.android.apps.translate","com.niven.game","com.newmg.yurao.pro","com.niven.comic","com.screen.translate.google","com.niven.translator","at.nk.tools.iTranslate","com.niven.apptranslate","com.naver.labs.translator","com.deepl.mobiletranslator","com.youdao.hindict","com.zaz.translate","com.eecorp.taptranslator","com.translate.talkingtranslator","com.android.chrome"]},{"rank":{"index":3,"lang":"zh-tw","country":"tw","chineseCountryName":"台湾","pkg":"com.spaceship.screen.textcopy"},"orders":["com.recognize_text.translate.screen","com.tap_to_translate.snap_translate","com.spaceship.screen.textcopy","com.gaminik.i18n","com.microsoft.translator","com.niven.game","com.niven.translator","com.niven.comic","com.google.android.apps.translate","com.newmg.yurao.pro","com.eecorp.linguago","com.eecorp.taptranslator","com.youdao.hindict","at.nk.tools.iTranslate","com.niven.apptranslate","com.mg.chat","com.naver.labs.translator","com.screen.translate.google","screen.translator.voice.translate","com.deepl.mobiletranslator"]},{"rank":{"index":2,"lang":"en","country":"in","chineseCountryName":"印度","pkg":"com.spaceship.screen.textcopy"},"orders":["com.recognize_text.translate.screen","com.spaceship.screen.textcopy","com.tap_to_translate.snap_translate","screen.translator.voice.translate","com.newmg.yurao.pro","com.google.android.apps.translate","com.microsoft.translator","com.niven.translator","com.eecorp.linguago","com.zaz.translate","com.niven.game","com.niven.comic","com.chat_translate.screen_translate","at.nk.tools.iTranslate","com.naver.labs.translator","com.languagetranslator.translatorapp.smartscanner.dictionary.translation.voicetranslator","com.niven.apptranslate","com.duolingo","com.google.android.apps.docs","com.gaminik.i18n"]},{"rank":{"index":1,"lang":"id","country":"id","chineseCountryName":"印尼","pkg":"com.spaceship.screen.textcopy"},"orders":["com.spaceship.screen.textcopy","com.recognize_text.translate.screen","com.gaminik.i18n","com.tap_to_translate.snap_translate","com.niven.translator","com.newmg.yurao.pro","com.niven.game","com.eecorp.linguago","com.youdao.hindict"]},{"rank":{"index":2,"lang":"es-mx","country":"mx","chineseCountryName":"墨西哥","pkg":"com.spaceship.screen.textcopy"},"orders":["com.recognize_text.translate.screen","com.spaceship.screen.textcopy","com.gaminik.i18n","com.tap_to_translate.snap_translate","com.niven.translator","com.niven.game","com.newmg.yurao.pro","com.niven.comic","com.youdao.hindict","com.google.android.apps.translate","com.eecorp.linguago","com.microsoft.translator","screen.translator.voice.translate","com.android.chrome","com.google.android.apps.photos","com.google.android.apps.docs","com.google.android.apps.maps","us.zoom.videomeetings","com.discord","com.duolingo"]}]