[{"rank":{"index":2,"lang":"en-us","country":"us","chineseCountryName":"美国","pkg":"com.spaceship.screen.textcopy"},"orders":["com.recognize_text.translate.screen","com.spaceship.screen.textcopy","com.tap_to_translate.snap_translate","com.google.android.apps.translate","com.niven.translator","com.screen.translate.google","com.microsoft.translator","com.gaminik.i18n","com.newmg.yurao.pro","at.nk.tools.iTranslate","com.google.ar.lens","com.deepl.mobiletranslator","com.niven.game","com.niven.comic","ru.yandex.translate","com.voice_camera_free_translate","com.translate.language.translator.voice.translation","com.naver.labs.translator","com.sayhi.android.sayhitranslate","com.niven.apptranslate"]},{"rank":{"index":2,"lang":"ru","country":"ru","chineseCountryName":"俄罗斯","pkg":"com.spaceship.screen.textcopy"},"orders":["com.recognize_text.translate.screen","com.spaceship.screen.textcopy","com.niven.translator","com.tap_to_translate.snap_translate","com.gaminik.i18n","com.newmg.yurao.pro","ru.yandex.translate","com.screen.translate.google","com.niven.game","com.google.android.apps.translate","com.microsoft.translator","com.niven.comic","com.voice_camera_free_translate","com.deepl.mobiletranslator","com.niven.apptranslate","at.nk.tools.iTranslate","com.datacomprojects.scanandtranslate","com.whatsapp","com.instagram.android","com.facebook.katana"]},{"rank":{"index":2,"lang":"pt-br","country":"br","chineseCountryName":"巴西","pkg":"com.spaceship.screen.textcopy"},"orders":["com.recognize_text.translate.screen","com.spaceship.screen.textcopy","com.tap_to_translate.snap_translate","com.gaminik.i18n","com.google.android.apps.translate","at.nk.tools.iTranslate","com.deepl.mobiletranslator","ru.yandex.translate","com.zaz.translate","com.translate.talkingtranslator","com.google.ar.lens","com.naver.labs.translator","com.niven.translator","com.screen.translate.google","com.newmg.yurao.pro","com.niven.game","com.niven.comic","com.galaxy.airviewdictionary","com.niven.apptranslate","com.translate.language.translator.voice.translation"]},{"rank":{"index":3,"lang":"fr","country":"fr","chineseCountryName":"法国","pkg":"com.spaceship.screen.textcopy"},"orders":["com.recognize_text.translate.screen","com.tap_to_translate.snap_translate","com.spaceship.screen.textcopy","com.niven.translator","com.screen.translate.google","com.gaminik.i18n","com.newmg.yurao.pro","com.google.android.apps.translate","com.microsoft.translator","com.niven.game","com.niven.comic","com.voice_camera_free_translate","at.nk.tools.iTranslate","com.niven.apptranslate","com.deepl.mobiletranslator","com.google.ar.lens","ru.yandex.translate","com.datacomprojects.scanandtranslate","com.softissimo.reverso.context","com.facebook.katana"]},{"rank":{"index":2,"lang":"en-gb","country":"gb","chineseCountryName":"英国","pkg":"com.spaceship.screen.textcopy"},"orders":["com.recognize_text.translate.screen","com.spaceship.screen.textcopy","com.tap_to_translate.snap_translate","com.google.android.apps.translate","com.screen.translate.google","com.niven.translator","com.gaminik.i18n","com.microsoft.translator","com.newmg.yurao.pro","com.google.ar.lens","at.nk.tools.iTranslate","com.niven.game","com.deepl.mobiletranslator","com.voice_camera_free_translate","com.niven.comic","com.datacomprojects.scanandtranslate","ru.yandex.translate","com.niven.apptranslate","com.sayhi.android.sayhitranslate","camtranslator.voice.text.image.translate"]},{"rank":{"index":2,"lang":"de","country":"de","chineseCountryName":"德国","pkg":"com.spaceship.screen.textcopy"},"orders":["com.recognize_text.translate.screen","com.spaceship.screen.textcopy","com.tap_to_translate.snap_translate","com.niven.translator","com.screen.translate.google","com.gaminik.i18n","com.microsoft.translator","com.newmg.yurao.pro","com.google.android.apps.translate","com.niven.game","com.deepl.mobiletranslator","at.nk.tools.iTranslate","ru.yandex.translate","com.niven.comic","com.voice_camera_free_translate","com.sayhi.android.sayhitranslate","com.google.ar.lens","com.niven.apptranslate","com.datacomprojects.scanandtranslate","com.language.translate.free.translator.voice.translation"]},{"rank":{"index":2,"lang":"it","country":"it","chineseCountryName":"意大利","pkg":"com.spaceship.screen.textcopy"},"orders":["com.recognize_text.translate.screen","com.spaceship.screen.textcopy","com.gaminik.i18n","com.niven.translator","com.tap_to_translate.snap_translate","com.newmg.yurao.pro","com.screen.translate.google","com.niven.game","com.microsoft.translator","com.google.android.apps.translate","com.niven.comic","at.nk.tools.iTranslate","com.deepl.mobiletranslator","com.niven.apptranslate","com.google.ar.lens","com.softissimo.reverso.context","ru.yandex.translate","camtranslator.voice.text.image.translate","com.datacomprojects.scanandtranslate","com.zaz.translate"]},{"rank":{"index":2,"lang":"ja","country":"jp","chineseCountryName":"日本","pkg":"com.spaceship.screen.textcopy"},"orders":["com.recognize_text.translate.screen","com.spaceship.screen.textcopy","com.tap_to_translate.snap_translate","com.niven.translator","com.microsoft.translator","com.screen.translate.google","com.gaminik.i18n","com.google.android.apps.translate","com.newmg.yurao.pro","com.deepl.mobiletranslator","com.google.ar.lens","com.niven.game","at.nk.tools.iTranslate"]},{"rank":{"index":2,"lang":"ko","country":"kr","chineseCountryName":"韩国","pkg":"com.spaceship.screen.textcopy"},"orders":["com.recognize_text.translate.screen","com.spaceship.screen.textcopy","com.tap_to_translate.snap_translate","com.niven.translator","com.gaminik.i18n","com.screen.translate.google","com.newmg.yurao.pro","com.niven.game","com.microsoft.translator","com.google.android.apps.translate","com.niven.comic","com.naver.labs.translator","com.voice_camera_free_translate","com.niven.apptranslate","com.deepl.mobiletranslator","at.nk.tools.iTranslate","com.google.ar.lens","com.facebook.katana","com.facebook.orca","com.instagram.android"]},{"rank":{"index":2,"lang":"zh-hk","country":"hk","chineseCountryName":"香港","pkg":"com.spaceship.screen.textcopy"},"orders":["com.recognize_text.translate.screen","com.spaceship.screen.textcopy","com.gaminik.i18n","com.screen.translate.google","com.niven.translator","com.newmg.yurao.pro","com.tap_to_translate.snap_translate","com.microsoft.translator","com.google.android.apps.translate","com.niven.game","com.niven.comic","at.nk.tools.iTranslate","com.google.ar.lens","com.niven.apptranslate","com.deepl.mobiletranslator","com.naver.labs.translator","com.android.chrome","com.facebook.katana","com.instagram.android","com.google.android.apps.maps"]},{"rank":{"index":2,"lang":"zh-tw","country":"tw","chineseCountryName":"台湾","pkg":"com.spaceship.screen.textcopy"},"orders":["com.recognize_text.translate.screen","com.spaceship.screen.textcopy","com.tap_to_translate.snap_translate","com.screen.translate.google","com.niven.translator","com.gaminik.i18n","com.newmg.yurao.pro","com.microsoft.translator","com.google.android.apps.translate","com.niven.game","at.nk.tools.iTranslate","com.niven.comic","com.voice_camera_free_translate","com.google.ar.lens","com.niven.apptranslate","com.tangdi.baiguotong","com.naver.labs.translator","com.language.translate.free.translator.voice.translation","com.facebook.katana","ru.yandex.translate"]},{"rank":{"index":2,"lang":"en","country":"in","chineseCountryName":"印度","pkg":"com.spaceship.screen.textcopy"},"orders":["com.recognize_text.translate.screen","com.spaceship.screen.textcopy","com.tap_to_translate.snap_translate","com.google.android.apps.translate","com.gaminik.i18n","com.zaz.translate","at.nk.tools.iTranslate","com.deepl.mobiletranslator","ru.yandex.translate","com.google.ar.lens","com.softissimo.reverso.context","com.sayhi.android.sayhitranslate","com.naver.labs.translator","com.newmg.yurao.pro","com.screen.translate.google","com.niven.translator","com.niven.game","com.niven.comic","screen.translator.voice.translate","com.galaxy.airviewdictionary"]},{"rank":{"index":2,"lang":"id","country":"id","chineseCountryName":"印尼","pkg":"com.spaceship.screen.textcopy"},"orders":["com.recognize_text.translate.screen","com.spaceship.screen.textcopy","com.tap_to_translate.snap_translate","com.niven.translator","com.screen.translate.google","com.gaminik.i18n","com.niven.game","com.newmg.yurao.pro","com.niven.comic","com.google.android.apps.translate","com.niven.apptranslate","com.youdao.hindict","at.nk.tools.iTranslate","com.microsoft.translator"]},{"rank":{"index":2,"lang":"es-mx","country":"mx","chineseCountryName":"墨西哥","pkg":"com.spaceship.screen.textcopy"},"orders":["com.recognize_text.translate.screen","com.spaceship.screen.textcopy","com.tap_to_translate.snap_translate","com.gaminik.i18n","com.google.android.apps.translate","at.nk.tools.iTranslate","com.deepl.mobiletranslator","com.zaz.translate","ru.yandex.translate","com.sayhi.android.sayhitranslate","com.google.ar.lens","com.naver.labs.translator","com.translate.talkingtranslator","com.softissimo.reverso.context","com.niven.translator","com.newmg.yurao.pro","com.screen.translate.google","com.niven.game","com.niven.comic","com.niven.apptranslate"]}]