[{"rank":{"index":2,"lang":"en-us","country":"us","chineseCountryName":"美国","pkg":"com.spaceship.screen.textcopy"},"orders":["com.recognize_text.translate.screen","com.spaceship.screen.textcopy","com.tap_to_translate.snap_translate","com.gaminik.i18n","com.microsoft.translator","com.google.android.apps.translate","com.niven.translator","com.niven.game","com.newmg.yurao.pro","com.eecorp.taptranslator","at.nk.tools.iTranslate","screen.translator.voice.translate","com.niven.comic","com.niven.apptranslate","com.screen.translate.google","com.eecorp.linguago","com.duolingo","us.zoom.videomeetings","com.android.chrome","com.google.android.apps.maps"]},{"rank":{"index":2,"lang":"ru","country":"ru","chineseCountryName":"俄罗斯","pkg":"com.spaceship.screen.textcopy"},"orders":["com.recognize_text.translate.screen","com.spaceship.screen.textcopy","com.tap_to_translate.snap_translate","com.gaminik.i18n","com.niven.translator","com.niven.game","com.microsoft.translator","com.newmg.yurao.pro","ru.yandex.translate","com.google.android.apps.translate","com.niven.comic","com.niven.apptranslate","com.screen.translate.google","screen.translator.voice.translate","com.eecorp.linguago","us.zoom.videomeetings","com.android.chrome","com.duolingo","com.discord","at.nk.tools.iTranslate"]},{"rank":{"index":2,"lang":"pt-br","country":"br","chineseCountryName":"巴西","pkg":"com.spaceship.screen.textcopy"},"orders":["com.recognize_text.translate.screen","com.spaceship.screen.textcopy","com.tap_to_translate.snap_translate","com.gaminik.i18n","com.niven.translator","com.niven.game","screen.translator.voice.translate","com.niven.comic","com.newmg.yurao.pro","com.eecorp.taptranslator","com.niven.apptranslate","com.google.android.apps.translate","com.microsoft.translator","com.eecorp.linguago","us.zoom.videomeetings","com.android.chrome","com.discord","com.google.android.apps.photos","com.google.android.apps.maps","com.google.android.apps.docs"]},{"rank":{"index":2,"lang":"fr","country":"fr","chineseCountryName":"法国","pkg":"com.spaceship.screen.textcopy"},"orders":["com.recognize_text.translate.screen","com.spaceship.screen.textcopy","com.tap_to_translate.snap_translate","com.gaminik.i18n","com.niven.translator","com.niven.game","screen.translator.voice.translate","com.microsoft.translator","com.newmg.yurao.pro","com.eecorp.taptranslator","com.google.android.apps.translate","com.niven.comic","com.eecorp.linguago","us.zoom.videomeetings","com.discord","com.niven.apptranslate","com.duolingo","com.android.chrome","com.google.android.apps.photos","com.microsoft.office.outlook"]},{"rank":{"index":2,"lang":"en-gb","country":"gb","chineseCountryName":"英国","pkg":"com.spaceship.screen.textcopy"},"orders":["com.recognize_text.translate.screen","com.spaceship.screen.textcopy","com.tap_to_translate.snap_translate","com.gaminik.i18n","com.microsoft.translator","com.google.android.apps.translate","com.niven.translator","com.niven.game","at.nk.tools.iTranslate","com.newmg.yurao.pro","com.niven.comic","com.eecorp.taptranslator","screen.translator.voice.translate","com.niven.apptranslate","com.screen.translate.google","com.eecorp.linguago","com.duolingo","us.zoom.videomeetings","com.android.chrome","com.google.android.apps.maps"]},{"rank":{"index":2,"lang":"de","country":"de","chineseCountryName":"德国","pkg":"com.spaceship.screen.textcopy"},"orders":["com.recognize_text.translate.screen","com.spaceship.screen.textcopy","com.tap_to_translate.snap_translate","com.gaminik.i18n","com.newmg.yurao.pro","com.niven.translator","com.niven.game","com.microsoft.translator","com.google.android.apps.translate","com.eecorp.taptranslator","com.eecorp.linguago","com.niven.comic","at.nk.tools.iTranslate","com.screen.translate.google","com.niven.apptranslate","screen.translator.voice.translate","us.zoom.videomeetings","com.discord","com.android.chrome","com.duolingo"]},{"rank":{"index":2,"lang":"it","country":"it","chineseCountryName":"意大利","pkg":"com.spaceship.screen.textcopy"},"orders":["com.recognize_text.translate.screen","com.spaceship.screen.textcopy","com.tap_to_translate.snap_translate","com.gaminik.i18n","screen.translator.voice.translate","com.niven.game","com.niven.translator","com.microsoft.translator","com.newmg.yurao.pro","com.google.android.apps.translate","com.niven.comic","com.eecorp.taptranslator","com.screen.translate.google","com.niven.apptranslate","at.nk.tools.iTranslate","us.zoom.videomeetings","com.discord","com.eecorp.linguago","com.google.android.apps.photos","com.duolingo"]},{"rank":{"index":1,"lang":"ja","country":"jp","chineseCountryName":"日本","pkg":"com.spaceship.screen.textcopy"},"orders":["com.spaceship.screen.textcopy","com.recognize_text.translate.screen","com.tap_to_translate.snap_translate","com.gaminik.i18n","com.newmg.yurao.pro","com.niven.game","com.microsoft.translator","com.google.android.apps.translate","com.niven.translator","com.niven.comic","com.google.ar.lens","com.deepl.mobiletranslator","us.zoom.videomeetings","com.discord","com.naver.labs.translator","com.google.android.apps.maps","com.android.chrome","com.duolingo","com.niven.apptranslate","com.skype.raider"]},{"rank":{"index":2,"lang":"ko","country":"kr","chineseCountryName":"韩国","pkg":"com.spaceship.screen.textcopy"},"orders":["com.recognize_text.translate.screen","com.spaceship.screen.textcopy","com.tap_to_translate.snap_translate","com.gaminik.i18n","com.microsoft.translator","com.niven.translator","com.niven.game","com.google.android.apps.translate","com.newmg.yurao.pro","com.niven.comic","com.niven.apptranslate","com.eecorp.taptranslator","com.naver.labs.translator","com.screen.translate.google","us.zoom.videomeetings","com.duolingo","com.discord","at.nk.tools.iTranslate","com.eecorp.linguago","com.galaxy.airviewdictionary"]},{"rank":{"index":2,"lang":"zh-hk","country":"hk","chineseCountryName":"香港","pkg":"com.spaceship.screen.textcopy"},"orders":["com.recognize_text.translate.screen","com.spaceship.screen.textcopy","com.tap_to_translate.snap_translate","com.gaminik.i18n","com.microsoft.translator","com.google.android.apps.translate","com.niven.game","com.niven.translator","com.newmg.yurao.pro","com.niven.comic","at.nk.tools.iTranslate","com.niven.apptranslate","com.screen.translate.google","com.eecorp.taptranslator","com.tangdi.baiguotong","com.youdao.hindict","com.android.chrome","com.google.android.apps.maps","com.duolingo","com.google.ar.lens"]},{"rank":{"index":2,"lang":"zh-tw","country":"tw","chineseCountryName":"台湾","pkg":"com.spaceship.screen.textcopy"},"orders":["com.recognize_text.translate.screen","com.spaceship.screen.textcopy","com.tap_to_translate.snap_translate","com.gaminik.i18n","com.niven.game","com.niven.translator","com.google.android.apps.translate","com.microsoft.translator","com.newmg.yurao.pro","com.niven.comic","com.niven.apptranslate","com.eecorp.taptranslator","com.screen.translate.google","at.nk.tools.iTranslate","com.youdao.hindict","com.duolingo","com.translate.talkingtranslator","com.eecorp.linguago","com.discord","com.galaxy.airviewdictionary"]},{"rank":{"index":1,"lang":"id","country":"id","chineseCountryName":"印尼","pkg":"com.spaceship.screen.textcopy"},"orders":["com.spaceship.screen.textcopy","com.recognize_text.translate.screen","com.tap_to_translate.snap_translate","com.gaminik.i18n","com.niven.game","com.niven.translator","com.youdao.hindict","com.newmg.yurao.pro","com.niven.comic","com.niven.apptranslate","com.google.android.apps.translate","com.eecorp.taptranslator","com.microsoft.translator","com.screen.translate.google","com.eecorp.linguago","at.nk.tools.iTranslate"]},{"rank":{"index":2,"lang":"es-mx","country":"mx","chineseCountryName":"墨西哥","pkg":"com.spaceship.screen.textcopy"},"orders":["com.recognize_text.translate.screen","com.spaceship.screen.textcopy","com.tap_to_translate.snap_translate","com.gaminik.i18n","com.niven.translator","com.niven.game","com.niven.comic","com.newmg.yurao.pro","com.microsoft.translator","com.google.android.apps.translate","com.niven.apptranslate","com.eecorp.taptranslator","com.youdao.hindict","at.nk.tools.iTranslate","us.zoom.videomeetings","com.discord","com.google.android.apps.photos","com.android.chrome","com.eecorp.linguago","com.google.android.apps.maps"]}]