[{"rank":{"index":2,"lang":"en-us","country":"us","chineseCountryName":"美国","pkg":"com.spaceship.screen.textcopy"},"orders":["com.recognize_text.translate.screen","com.spaceship.screen.textcopy","com.mg.yurao.google","com.tap_to_translate.snap_translate","com.google.android.apps.translate","com.microsoft.translator","com.gaminik.i18n","com.niven.translator","com.niven.game","com.niven.comic","com.newmg.yurao.pro","at.nk.tools.iTranslate","com.translate.talkingtranslator","screen.translator.voice.translate","com.datacomprojects.scanandtranslate","com.niven.apptranslate","com.translator.yellow","com.eecorp.linguago","com.zaz.translate","com.deepl.mobiletranslator"]},{"rank":{"index":3,"lang":"ru","country":"ru","chineseCountryName":"俄罗斯","pkg":"com.spaceship.screen.textcopy"},"orders":["com.recognize_text.translate.screen","com.tap_to_translate.snap_translate","com.spaceship.screen.textcopy","com.gaminik.i18n","com.mg.yurao.google","com.niven.translator","com.niven.game","com.newmg.yurao.pro","com.niven.apptranslate","com.niven.comic","com.eecorp.linguago","screen.translator.voice.translate","ru.yandex.translate","com.microsoft.translator","com.datacomprojects.scanandtranslate","com.google.android.apps.translate","com.deepl.mobiletranslator","com.pidev.screentranslator","us.zoom.videomeetings","com.chat_translate.screen_translate"]},{"rank":{"index":2,"lang":"fr","country":"fr","chineseCountryName":"法国","pkg":"com.spaceship.screen.textcopy"},"orders":["com.recognize_text.translate.screen","com.spaceship.screen.textcopy","com.tap_to_translate.snap_translate","com.mg.yurao.google","com.gaminik.i18n","com.niven.translator","com.niven.game","com.niven.comic","com.newmg.yurao.pro","com.microsoft.translator","com.google.android.apps.translate","com.translator.yellow","screen.translator.voice.translate","com.datacomprojects.scanandtranslate","camera.translator.realtime","com.zaz.translate","com.deepl.mobiletranslator","com.dftpdf.translate","com.android.chrome","com.whatsapp"]},{"rank":{"index":2,"lang":"en-gb","country":"gb","chineseCountryName":"英国","pkg":"com.spaceship.screen.textcopy"},"orders":["com.recognize_text.translate.screen","com.spaceship.screen.textcopy","com.mg.yurao.google","com.google.android.apps.translate","com.microsoft.translator","com.gaminik.i18n","com.niven.translator","com.tap_to_translate.snap_translate","com.niven.game","com.niven.comic","com.translator.yellow","com.datacomprojects.scanandtranslate","com.newmg.yurao.pro","at.nk.tools.iTranslate","screen.translator.voice.translate","com.niven.apptranslate","camera.translator.realtime","com.eecorp.linguago","com.zaz.translate","com.deepl.mobiletranslator"]},{"rank":{"index":2,"lang":"de","country":"de","chineseCountryName":"德国","pkg":"com.spaceship.screen.textcopy"},"orders":["com.recognize_text.translate.screen","com.spaceship.screen.textcopy","com.mg.yurao.google","com.tap_to_translate.snap_translate","com.gaminik.i18n","com.niven.translator","com.microsoft.translator","com.niven.game","com.niven.comic","com.google.android.apps.translate","com.newmg.yurao.pro","com.niven.apptranslate","com.eecorp.linguago","at.nk.tools.iTranslate","com.datacomprojects.scanandtranslate","com.deepl.mobiletranslator","ru.yandex.translate","screen.translator.voice.translate","com.mg.chat","com.eecorp.taptranslator"]},{"rank":{"index":5,"lang":"ja","country":"jp","chineseCountryName":"日本","pkg":"com.spaceship.screen.textcopy"},"orders":["com.recognize_text.translate.screen","com.mg.yurao.google","com.gaminik.i18n","com.tap_to_translate.snap_translate","com.spaceship.screen.textcopy","com.niven.game","com.niven.translator","com.niven.apptranslate","com.niven.comic","com.newmg.yurao.pro","com.google.android.apps.translate","screen.translator.voice.translate","com.eecorp.linguago","com.naver.labs.translator","com.microsoft.translator","com.deepl.mobiletranslator","at.nk.tools.iTranslate","com.datacomprojects.scanandtranslate","com.yomiwa.yomiwa","com.youdao.hindict"]},{"rank":{"index":4,"lang":"ko","country":"kr","chineseCountryName":"韩国","pkg":"com.spaceship.screen.textcopy"},"orders":["com.recognize_text.translate.screen","com.mg.yurao.google","com.tap_to_translate.snap_translate","com.spaceship.screen.textcopy","com.gaminik.i18n","com.niven.translator","com.niven.game","com.niven.comic","com.niven.apptranslate","com.newmg.yurao.pro","com.naver.labs.translator","screen.translator.voice.translate","com.microsoft.translator","com.deepl.mobiletranslator","com.eecorp.linguago","com.google.android.apps.translate","com.discord","com.whatsapp","com.android.chrome","us.zoom.videomeetings"]},{"rank":{"index":3,"lang":"zh-hk","country":"hk","chineseCountryName":"香港","pkg":"com.spaceship.screen.textcopy"},"orders":["com.recognize_text.translate.screen","com.mg.yurao.google","com.spaceship.screen.textcopy","com.gaminik.i18n","com.microsoft.translator","com.tap_to_translate.snap_translate","com.niven.translator","com.google.android.apps.translate","com.niven.game","com.niven.comic","at.nk.tools.iTranslate","com.newmg.yurao.pro"]},{"rank":{"index":5,"lang":"zh-tw","country":"tw","chineseCountryName":"台湾","pkg":"com.spaceship.screen.textcopy"},"orders":["com.recognize_text.translate.screen","com.mg.yurao.google","com.gaminik.i18n","com.tap_to_translate.snap_translate","com.spaceship.screen.textcopy","com.niven.translator","com.niven.game","com.microsoft.translator","com.niven.comic","com.google.android.apps.translate","at.nk.tools.iTranslate","com.newmg.yurao.pro","com.niven.apptranslate","com.datacomprojects.scanandtranslate","com.eecorp.linguago","com.tangdi.baiguotong","com.translate.talkingtranslator","camera.translator.realtime","com.dftpdf.translate","com.languagetranslator.translatorapp.smartscanner.dictionary.translation.voicetranslator"]},{"rank":{"index":3,"lang":"en","country":"in","chineseCountryName":"印度","pkg":"com.spaceship.screen.textcopy"},"orders":["com.recognize_text.translate.screen","com.mg.yurao.google","com.spaceship.screen.textcopy","com.google.android.apps.translate","com.newmg.yurao.pro"]},{"rank":{"index":2,"lang":"id","country":"id","chineseCountryName":"印尼","pkg":"com.spaceship.screen.textcopy"},"orders":["com.recognize_text.translate.screen","com.spaceship.screen.textcopy","com.tap_to_translate.snap_translate","com.mg.yurao.google","com.gaminik.i18n","com.niven.translator","com.niven.comic","com.niven.game","com.newmg.yurao.pro","com.niven.apptranslate","com.google.android.apps.translate","com.eecorp.linguago","com.deepl.mobiletranslator","screen.translator.voice.translate","com.android.chrome","com.youdao.hindict","com.microsoft.translator","com.naver.labs.translator","us.zoom.videomeetings","com.datacomprojects.scanandtranslate"]},{"rank":{"index":2,"lang":"es-mx","country":"mx","chineseCountryName":"墨西哥","pkg":"com.spaceship.screen.textcopy"},"orders":["com.recognize_text.translate.screen","com.spaceship.screen.textcopy","com.tap_to_translate.snap_translate","com.niven.translator","com.niven.game","com.niven.comic","com.niven.apptranslate","com.newmg.yurao.pro","com.microsoft.translator","com.eecorp.linguago","com.google.android.apps.translate","screen.translator.voice.translate","com.whatsapp","com.android.chrome","com.google.android.apps.photos","com.youdao.hindict","com.google.android.apps.docs","com.canva.editor","com.gaminik.i18n","com.mg.yurao.google"]}]