[{"rank":{"index":2,"lang":"en-us","country":"us","chineseCountryName":"美国","pkg":"com.spaceship.screen.textcopy"},"orders":["com.recognize_text.translate.screen","com.spaceship.screen.textcopy","com.gaminik.i18n","com.mg.yurao.google","com.google.android.apps.translate","com.microsoft.translator","com.niven.game","com.tap_to_translate.snap_translate","com.niven.translator","com.translator.yellow","com.niven.comic","com.deepl.mobiletranslator","com.naver.labs.translator","at.nk.tools.iTranslate","com.newmg.yurao.pro","com.sayhi.android.sayhitranslate","com.eecorp.linguago","com.niven.apptranslate","ru.yandex.translate","xbean.image.picture.translate.ocr"]},{"rank":{"index":6,"lang":"ru","country":"ru","chineseCountryName":"俄罗斯","pkg":"com.spaceship.screen.textcopy"},"orders":["com.recognize_text.translate.screen","com.tap_to_translate.snap_translate","com.gaminik.i18n","com.niven.game","com.niven.translator","com.spaceship.screen.textcopy","com.niven.comic","com.niven.apptranslate","com.eecorp.linguago","ru.yandex.translate","com.google.android.apps.translate","us.zoom.videomeetings","com.deepl.mobiletranslator","com.microsoft.translator","com.pidev.screentranslator","com.naver.labs.translator","com.zaz.translate","screen.translator.voice.translate","at.nk.tools.iTranslate","org.thunderdog.challegram"]},{"rank":{"index":2,"lang":"fr","country":"fr","chineseCountryName":"法国","pkg":"com.spaceship.screen.textcopy"},"orders":["com.recognize_text.translate.screen","com.spaceship.screen.textcopy","com.tap_to_translate.snap_translate","com.mg.yurao.google","com.niven.game","com.gaminik.i18n","com.niven.translator","com.niven.comic","com.translator.yellow","com.newmg.yurao.pro","com.google.android.apps.translate","com.niven.apptranslate","com.eecorp.linguago","at.nk.tools.iTranslate","com.microsoft.translator","com.voice_camera_free_translate","com.deepl.mobiletranslator","com.datacomprojects.scanandtranslate","com.tangdi.baiguotong","com.flitto.app"]},{"rank":{"index":2,"lang":"en-gb","country":"gb","chineseCountryName":"英国","pkg":"com.spaceship.screen.textcopy"},"orders":["com.recognize_text.translate.screen","com.spaceship.screen.textcopy","com.google.android.apps.translate","com.mg.yurao.google","com.microsoft.translator","com.niven.game","com.tap_to_translate.snap_translate","com.gaminik.i18n","com.niven.translator","com.translator.yellow","com.niven.comic","com.naver.labs.translator","com.eecorp.linguago","com.newmg.yurao.pro","com.deepl.mobiletranslator","at.nk.tools.iTranslate","com.zaz.translate","com.tranit.text.translate","com.sayhi.android.sayhitranslate","com.niven.apptranslate"]},{"rank":{"index":2,"lang":"de","country":"de","chineseCountryName":"德国","pkg":"com.spaceship.screen.textcopy"},"orders":["com.recognize_text.translate.screen","com.spaceship.screen.textcopy","com.gaminik.i18n","com.mg.yurao.google","com.niven.game","com.tap_to_translate.snap_translate","com.niven.translator","com.niven.comic","com.translator.yellow","com.google.android.apps.translate","com.microsoft.translator","com.niven.apptranslate","com.newmg.yurao.pro","com.deepl.mobiletranslator","com.eecorp.linguago","at.nk.tools.iTranslate","com.zaz.translate","com.datacomprojects.scanandtranslate","ru.yandex.translate","camera.translator.realtime"]},{"rank":{"index":7,"lang":"ja","country":"jp","chineseCountryName":"日本","pkg":"com.spaceship.screen.textcopy"},"orders":["com.recognize_text.translate.screen","com.gaminik.i18n","com.mg.yurao.google","com.tap_to_translate.snap_translate","com.niven.game","com.niven.translator","com.spaceship.screen.textcopy","com.niven.comic","com.google.android.apps.translate","com.eecorp.linguago","com.newmg.yurao.pro"]},{"rank":{"index":4,"lang":"ko","country":"kr","chineseCountryName":"韩国","pkg":"com.spaceship.screen.textcopy"},"orders":["com.recognize_text.translate.screen","com.mg.yurao.google","com.tap_to_translate.snap_translate","com.spaceship.screen.textcopy","com.niven.game","com.gaminik.i18n","com.niven.translator","com.niven.comic","com.newmg.yurao.pro","com.niven.apptranslate","com.google.android.apps.translate","com.naver.labs.translator","com.eecorp.linguago","us.zoom.videomeetings","com.microsoft.translator","at.nk.tools.iTranslate","com.deepl.mobiletranslator","com.voice_camera_free_translate","ru.yandex.translate","com.zaz.translate"]},{"rank":{"index":7,"lang":"zh-hk","country":"hk","chineseCountryName":"香港","pkg":"com.spaceship.screen.textcopy"},"orders":["com.recognize_text.translate.screen","com.tap_to_translate.snap_translate","com.gaminik.i18n","com.mg.yurao.google","com.niven.game","com.niven.translator","com.spaceship.screen.textcopy","com.niven.comic","com.newmg.yurao.pro","com.niven.apptranslate","com.google.android.apps.translate","com.microsoft.translator","com.eecorp.linguago","at.nk.tools.iTranslate","com.zaz.translate","com.naver.labs.translator","xbean.image.picture.translate.ocr","com.tangdi.baiguotong","camera.translator.realtime","ru.yandex.translate"]},{"rank":{"index":7,"lang":"zh-tw","country":"tw","chineseCountryName":"台湾","pkg":"com.spaceship.screen.textcopy"},"orders":["com.recognize_text.translate.screen","com.mg.yurao.google","com.tap_to_translate.snap_translate","com.gaminik.i18n","com.niven.game","com.niven.translator","com.spaceship.screen.textcopy","com.niven.comic","com.newmg.yurao.pro","com.niven.apptranslate","com.google.android.apps.translate","com.voice_camera_free_translate","com.zaz.translate","com.microsoft.translator","com.eecorp.linguago","at.nk.tools.iTranslate","com.naver.labs.translator","xbean.image.picture.translate.ocr","camera.translator.realtime","com.tranit.text.translate"]},{"rank":{"index":4,"lang":"en","country":"in","chineseCountryName":"印度","pkg":"com.spaceship.screen.textcopy"},"orders":["com.recognize_text.translate.screen","com.mg.yurao.google","com.tap_to_translate.snap_translate","com.spaceship.screen.textcopy","com.newmg.yurao.pro","com.niven.game","com.gaminik.i18n","com.niven.translator","com.zaz.translate","com.niven.comic","com.microsoft.translator","com.tranit.text.translate","screen.translator.voice.translate","com.eecorp.linguago","com.niven.apptranslate","translate.smartranit.language.text","com.deepl.mobiletranslator","com.datacomprojects.scanandtranslate","com.sayhi.android.sayhitranslate","com.google.android.apps.translate"]},{"rank":{"index":3,"lang":"id","country":"id","chineseCountryName":"印尼","pkg":"com.spaceship.screen.textcopy"},"orders":["com.recognize_text.translate.screen","com.tap_to_translate.snap_translate","com.spaceship.screen.textcopy","com.gaminik.i18n","com.niven.game","com.mg.yurao.google","com.niven.translator","com.niven.comic","com.newmg.yurao.pro","com.eecorp.linguago","com.google.android.apps.translate"]},{"rank":{"index":4,"lang":"es-mx","country":"mx","chineseCountryName":"墨西哥","pkg":"com.spaceship.screen.textcopy"},"orders":["com.recognize_text.translate.screen","com.tap_to_translate.snap_translate","com.gaminik.i18n","com.spaceship.screen.textcopy","com.niven.game","com.niven.translator","com.mg.yurao.google","com.niven.comic","com.newmg.yurao.pro","com.google.android.apps.translate","at.nk.tools.iTranslate","com.microsoft.translator","com.eecorp.linguago","com.tangdi.baiguotong","com.youdao.hindict","free.language.translate.translator","com.deepl.mobiletranslator","com.datacomprojects.scanandtranslate","camera.translator.realtime","com.zaz.translate"]}]