[{"rank":{"index":2,"lang":"en-us","country":"us","chineseCountryName":"美国","pkg":"com.spaceship.screen.textcopy"},"orders":["com.recognize_text.translate.screen","com.spaceship.screen.textcopy","com.gaminik.i18n","com.newmg.yurao.pro","com.microsoft.translator","com.niven.translator","com.google.android.apps.translate","com.tap_to_translate.snap_translate","com.eecorp.linguago","com.niven.game","com.zaz.translate","com.niven.apptranslate","com.deepl.mobiletranslator","com.naver.labs.translator","com.eecorp.taptranslator","at.nk.tools.iTranslate","com.screen.translate.google","com.language.translate.free.translator.voice.translation","live.screentranslate.realtime","com.immersivetranslate.browser"]},{"rank":{"index":0,"lang":"ru","country":"ru","chineseCountryName":"俄罗斯","pkg":"com.spaceship.screen.textcopy"},"orders":["com.recognize_text.translate.screen","com.tap_to_translate.snap_translate","com.newmg.yurao.pro","com.gaminik.i18n","com.niven.translator","com.microsoft.translator","com.google.android.apps.translate","com.niven.game","ru.yandex.translate","com.deepl.mobiletranslator","com.eecorp.linguago","com.niven.apptranslate","com.screen.translate.google","com.google.ar.lens","com.immersivetranslate.browser","com.datacomprojects.scanandtranslate","com.naver.labs.translator","com.zaz.translate","com.voice_camera_free_translate","com.translate.talkingtranslator"]},{"rank":{"index":2,"lang":"pt-br","country":"br","chineseCountryName":"巴西","pkg":"com.spaceship.screen.textcopy"},"orders":["com.recognize_text.translate.screen","com.spaceship.screen.textcopy","com.gaminik.i18n","com.newmg.yurao.pro","com.niven.translator","com.tap_to_translate.snap_translate","com.microsoft.translator","com.google.android.apps.translate","com.eecorp.linguago","com.niven.game","com.niven.apptranslate","com.deepl.mobiletranslator","com.eecorp.taptranslator","com.screen.translate.google","com.zaz.translate","live.screentranslate.realtime","com.language.translate.free.translator.voice.translation","com.google.ar.lens","top.applocalize.translate","at.nk.tools.iTranslate"]},{"rank":{"index":2,"lang":"fr","country":"fr","chineseCountryName":"法国","pkg":"com.spaceship.screen.textcopy"},"orders":["com.recognize_text.translate.screen","com.spaceship.screen.textcopy","com.newmg.yurao.pro","com.tap_to_translate.snap_translate","com.gaminik.i18n","com.microsoft.translator","com.niven.translator","com.eecorp.linguago","com.google.android.apps.translate","com.niven.apptranslate","com.deepl.mobiletranslator","com.eecorp.taptranslator","com.niven.game","com.zaz.translate","com.screen.translate.google","com.google.ar.lens","com.datacomprojects.scanandtranslate","live.screentranslate.realtime","com.naver.labs.translator","top.applocalize.translate"]},{"rank":{"index":2,"lang":"en-gb","country":"gb","chineseCountryName":"英国","pkg":"com.spaceship.screen.textcopy"},"orders":["com.recognize_text.translate.screen","com.spaceship.screen.textcopy","com.newmg.yurao.pro","com.gaminik.i18n","com.google.android.apps.translate","com.microsoft.translator","com.niven.translator","com.tap_to_translate.snap_translate","com.deepl.mobiletranslator","com.zaz.translate","com.eecorp.linguago","com.naver.labs.translator","com.niven.game","at.nk.tools.iTranslate","com.eecorp.taptranslator","com.niven.apptranslate","com.immersivetranslate.browser","com.screen.translate.google","live.screentranslate.realtime","ru.yandex.translate"]},{"rank":{"index":2,"lang":"de","country":"de","chineseCountryName":"德国","pkg":"com.spaceship.screen.textcopy"},"orders":["com.recognize_text.translate.screen","com.spaceship.screen.textcopy","com.gaminik.i18n","com.newmg.yurao.pro","com.niven.translator","com.microsoft.translator","com.tap_to_translate.snap_translate","com.google.android.apps.translate","com.eecorp.linguago","com.deepl.mobiletranslator","com.niven.game","com.niven.apptranslate","com.screen.translate.google","com.eecorp.taptranslator","com.zaz.translate","com.google.ar.lens","ru.yandex.translate","at.nk.tools.iTranslate","com.immersivetranslate.browser","top.applocalize.translate"]},{"rank":{"index":2,"lang":"it","country":"it","chineseCountryName":"意大利","pkg":"com.spaceship.screen.textcopy"},"orders":["com.recognize_text.translate.screen","com.spaceship.screen.textcopy","com.newmg.yurao.pro","com.gaminik.i18n","com.microsoft.translator","com.tap_to_translate.snap_translate","com.niven.translator","com.google.android.apps.translate","com.eecorp.linguago","com.niven.game","com.niven.apptranslate","com.deepl.mobiletranslator","com.eecorp.taptranslator","com.google.ar.lens"]},{"rank":{"index":2,"lang":"ja","country":"jp","chineseCountryName":"日本","pkg":"com.spaceship.screen.textcopy"},"orders":["com.recognize_text.translate.screen","com.spaceship.screen.textcopy","com.tap_to_translate.snap_translate","com.newmg.yurao.pro","com.niven.translator","com.gaminik.i18n","com.microsoft.translator","com.deepl.mobiletranslator","com.google.android.apps.translate","com.naver.labs.translator","com.eecorp.linguago","com.google.ar.lens","com.niven.game","com.niven.apptranslate"]},{"rank":{"index":2,"lang":"ko","country":"kr","chineseCountryName":"韩国","pkg":"com.spaceship.screen.textcopy"},"orders":["com.recognize_text.translate.screen","com.spaceship.screen.textcopy","com.newmg.yurao.pro","com.tap_to_translate.snap_translate","com.gaminik.i18n","com.niven.translator","com.microsoft.translator","com.google.android.apps.translate","com.eecorp.linguago","com.naver.labs.translator","com.niven.game","com.screen.translate.google","com.niven.apptranslate","com.eecorp.taptranslator","com.deepl.mobiletranslator","com.google.ar.lens","top.applocalize.translate","com.immersivetranslate.browser","com.duolingo","com.zaz.translate"]},{"rank":{"index":2,"lang":"zh-hk","country":"hk","chineseCountryName":"香港","pkg":"com.spaceship.screen.textcopy"},"orders":["com.recognize_text.translate.screen","com.spaceship.screen.textcopy","com.newmg.yurao.pro","com.gaminik.i18n","com.microsoft.translator","com.niven.translator","com.tap_to_translate.snap_translate","com.google.android.apps.translate","com.eecorp.linguago","com.naver.labs.translator","com.niven.game","com.immersivetranslate.browser","com.niven.apptranslate","com.screen.translate.google","com.eecorp.taptranslator","com.deepl.mobiletranslator","com.zaz.translate","com.google.ar.lens","top.applocalize.translate","at.nk.tools.iTranslate"]},{"rank":{"index":2,"lang":"zh-tw","country":"tw","chineseCountryName":"台湾","pkg":"com.spaceship.screen.textcopy"},"orders":["com.recognize_text.translate.screen","com.spaceship.screen.textcopy","com.newmg.yurao.pro","com.gaminik.i18n","com.niven.translator","com.microsoft.translator","com.tap_to_translate.snap_translate","com.google.android.apps.translate","com.eecorp.linguago","com.naver.labs.translator","com.niven.game","com.screen.translate.google","com.niven.apptranslate","com.immersivetranslate.browser","com.eecorp.taptranslator","com.deepl.mobiletranslator","top.applocalize.translate","com.google.ar.lens","com.zaz.translate","live.screentranslate.realtime"]},{"rank":{"index":2,"lang":"en","country":"in","chineseCountryName":"印度","pkg":"com.spaceship.screen.textcopy"},"orders":["com.recognize_text.translate.screen","com.spaceship.screen.textcopy","com.newmg.yurao.pro"]},{"rank":{"index":2,"lang":"id","country":"id","chineseCountryName":"印尼","pkg":"com.spaceship.screen.textcopy"},"orders":["com.recognize_text.translate.screen","com.spaceship.screen.textcopy","com.tap_to_translate.snap_translate","com.gaminik.i18n","com.niven.translator","com.newmg.yurao.pro","com.niven.game","com.eecorp.linguago","com.google.android.apps.translate","com.microsoft.translator","com.niven.apptranslate","com.screen.translate.google","com.eecorp.taptranslator","com.deepl.mobiletranslator","com.naver.labs.translator"]},{"rank":{"index":2,"lang":"es-mx","country":"mx","chineseCountryName":"墨西哥","pkg":"com.spaceship.screen.textcopy"},"orders":["com.recognize_text.translate.screen","com.spaceship.screen.textcopy","com.newmg.yurao.pro","com.gaminik.i18n","com.niven.translator","com.tap_to_translate.snap_translate","com.microsoft.translator","com.google.android.apps.translate","com.eecorp.linguago","com.niven.game","com.niven.apptranslate","com.deepl.mobiletranslator","com.google.ar.lens","com.eecorp.taptranslator","com.screen.translate.google","top.applocalize.translate","com.zaz.translate","live.screentranslate.realtime","at.nk.tools.iTranslate","com.language.translate.free.translator.voice.translation"]}]