[{"rank":{"index":2,"lang":"en-us","country":"us","chineseCountryName":"美国","pkg":"com.spaceship.screen.textcopy"},"orders":["com.recognize_text.translate.screen","com.spaceship.screen.textcopy","com.tap_to_translate.snap_translate","com.gaminik.i18n","com.mg.yurao.google","com.microsoft.translator","com.google.android.apps.translate","com.niven.game","com.niven.translator","com.eecorp.linguago","com.translator.yellow","com.niven.comic","com.newmg.yurao.pro","screen.translator.voice.translate","at.nk.tools.iTranslate","com.niven.apptranslate","com.deepl.mobiletranslator","com.naver.labs.translator","com.tangdi.baiguotong","com.translate.app"]},{"rank":{"index":3,"lang":"ru","country":"ru","chineseCountryName":"俄罗斯","pkg":"com.spaceship.screen.textcopy"},"orders":["com.recognize_text.translate.screen","com.tap_to_translate.snap_translate","com.spaceship.screen.textcopy","com.gaminik.i18n","com.niven.translator","com.niven.game","com.microsoft.translator","com.google.android.apps.translate","com.niven.comic","com.eecorp.linguago","com.niven.apptranslate","screen.translator.voice.translate","com.pidev.screentranslator","at.nk.tools.iTranslate","ru.yandex.translate","com.chat_translate.screen_translate","com.tangdi.baiguotong","com.tranit.text.translate","com.kursx.smartbook","com.deepl.mobiletranslator"]},{"rank":{"index":2,"lang":"pt-br","country":"br","chineseCountryName":"巴西","pkg":"com.spaceship.screen.textcopy"},"orders":["com.recognize_text.translate.screen","com.spaceship.screen.textcopy","com.tap_to_translate.snap_translate","com.gaminik.i18n","com.niven.game","com.mg.yurao.google","com.niven.translator","com.niven.comic","com.eecorp.linguago","com.niven.apptranslate","screen.translator.voice.translate","com.google.android.apps.translate","com.tranit.text.translate","com.chat_translate.screen_translate","at.nk.tools.iTranslate","com.microsoft.translator","com.pidev.screentranslator","com.discord","com.zaz.translate","us.zoom.videomeetings"]},{"rank":{"index":2,"lang":"fr","country":"fr","chineseCountryName":"法国","pkg":"com.spaceship.screen.textcopy"},"orders":["com.recognize_text.translate.screen","com.spaceship.screen.textcopy","com.gaminik.i18n","com.tap_to_translate.snap_translate","com.niven.game","com.mg.yurao.google","com.niven.translator","com.eecorp.linguago","com.niven.comic","com.translator.yellow","screen.translator.voice.translate","com.niven.apptranslate","com.microsoft.translator","com.google.android.apps.translate","at.nk.tools.iTranslate","com.newmg.yurao.pro","com.chat_translate.screen_translate","com.zaz.translate","com.translate.app","com.appgroup.app.arcamera"]},{"rank":{"index":2,"lang":"en-gb","country":"gb","chineseCountryName":"英国","pkg":"com.spaceship.screen.textcopy"},"orders":["com.recognize_text.translate.screen","com.spaceship.screen.textcopy","com.tap_to_translate.snap_translate","com.gaminik.i18n","com.microsoft.translator","com.mg.yurao.google","com.google.android.apps.translate","com.niven.game","screen.translator.voice.translate","com.niven.translator","com.translator.yellow","com.eecorp.linguago","com.niven.comic","at.nk.tools.iTranslate","com.newmg.yurao.pro","com.niven.apptranslate","com.naver.labs.translator","com.zaz.translate","com.tranit.text.translate","com.translate.app"]},{"rank":{"index":2,"lang":"de","country":"de","chineseCountryName":"德国","pkg":"com.spaceship.screen.textcopy"},"orders":["com.recognize_text.translate.screen","com.spaceship.screen.textcopy","com.gaminik.i18n","com.mg.yurao.google","com.niven.game","com.tap_to_translate.snap_translate","com.niven.translator","com.eecorp.linguago","com.niven.comic","com.niven.apptranslate","com.microsoft.translator","screen.translator.voice.translate","com.translator.yellow","com.newmg.yurao.pro","com.google.android.apps.translate","at.nk.tools.iTranslate","com.chat_translate.screen_translate","com.deepl.mobiletranslator","com.pidev.screentranslator","ru.yandex.translate"]},{"rank":{"index":2,"lang":"it","country":"it","chineseCountryName":"意大利","pkg":"com.spaceship.screen.textcopy"},"orders":["com.recognize_text.translate.screen","com.spaceship.screen.textcopy","com.gaminik.i18n","com.niven.game","screen.translator.voice.translate","com.mg.yurao.google","com.tap_to_translate.snap_translate","com.eecorp.linguago","com.niven.translator","com.niven.comic","com.translator.yellow","com.niven.apptranslate","com.newmg.yurao.pro","com.microsoft.translator","com.google.android.apps.translate","at.nk.tools.iTranslate","com.pidev.screentranslator","com.chat_translate.screen_translate","com.eecorp.taptranslator","com.zaz.translate"]},{"rank":{"index":3,"lang":"ja","country":"jp","chineseCountryName":"日本","pkg":"com.spaceship.screen.textcopy"},"orders":["com.recognize_text.translate.screen","com.gaminik.i18n","com.spaceship.screen.textcopy","com.eecorp.linguago","com.mg.yurao.google","com.niven.game","com.tap_to_translate.snap_translate","com.niven.translator","com.google.android.apps.translate","com.niven.comic","com.newmg.yurao.pro","com.deepl.mobiletranslator","com.chat_translate.screen_translate","us.zoom.videomeetings","com.microsoft.translator","com.naver.labs.translator","screen.translator.voice.translate","com.niven.apptranslate","com.pidev.screentranslator","com.intsig.camscanner"]},{"rank":{"index":3,"lang":"ko","country":"kr","chineseCountryName":"韩国","pkg":"com.spaceship.screen.textcopy"},"orders":["com.recognize_text.translate.screen","com.tap_to_translate.snap_translate","com.spaceship.screen.textcopy","com.gaminik.i18n","com.mg.yurao.google","com.niven.game","com.niven.translator","com.microsoft.translator","com.google.android.apps.translate","com.niven.comic","com.eecorp.linguago","com.newmg.yurao.pro","com.naver.labs.translator","com.niven.apptranslate","screen.translator.voice.translate","at.nk.tools.iTranslate","com.deepl.mobiletranslator","com.pidev.screentranslator","com.zaz.translate","com.flitto.app"]},{"rank":{"index":2,"lang":"zh-hk","country":"hk","chineseCountryName":"香港","pkg":"com.spaceship.screen.textcopy"},"orders":["com.recognize_text.translate.screen","com.spaceship.screen.textcopy","com.tap_to_translate.snap_translate","com.mg.yurao.google","com.gaminik.i18n","com.niven.game","com.niven.translator","com.microsoft.translator","com.google.android.apps.translate","com.eecorp.linguago","com.niven.comic","com.newmg.yurao.pro","com.niven.apptranslate","screen.translator.voice.translate","at.nk.tools.iTranslate","com.tangdi.baiguotong","com.naver.labs.translator","com.pidev.screentranslator","com.zaz.translate","camera.translator.realtime"]},{"rank":{"index":5,"lang":"zh-tw","country":"tw","chineseCountryName":"台湾","pkg":"com.spaceship.screen.textcopy"},"orders":["com.recognize_text.translate.screen","com.mg.yurao.google","com.tap_to_translate.snap_translate","com.gaminik.i18n","com.spaceship.screen.textcopy","com.niven.game","com.microsoft.translator","com.niven.translator","com.google.android.apps.translate","com.niven.comic","com.eecorp.linguago","com.newmg.yurao.pro","com.niven.apptranslate","com.tangdi.baiguotong","at.nk.tools.iTranslate","screen.translator.voice.translate","com.zaz.translate","com.voice_camera_free_translate","camera.translator.realtime","com.naver.labs.translator"]},{"rank":{"index":4,"lang":"en","country":"in","chineseCountryName":"印度","pkg":"com.spaceship.screen.textcopy"},"orders":["com.recognize_text.translate.screen","com.google.android.apps.translate","com.microsoft.translator","com.spaceship.screen.textcopy","com.zaz.translate","com.tap_to_translate.snap_translate","com.mg.yurao.google","at.nk.tools.iTranslate","screen.translator.voice.translate","com.niven.game","com.sayhi.android.sayhitranslate","com.niven.translator","com.deepl.mobiletranslator","com.talpa.translate","com.flitto.app","com.naver.labs.translator","com.kursx.smartbook","com.abbyy.mobile.textgrabber.full","com.datacomprojects.scanandtranslate","com.gaminik.i18n"]},{"rank":{"index":2,"lang":"id","country":"id","chineseCountryName":"印尼","pkg":"com.spaceship.screen.textcopy"},"orders":["com.recognize_text.translate.screen","com.spaceship.screen.textcopy","com.gaminik.i18n","com.niven.game","com.tap_to_translate.snap_translate","com.mg.yurao.google","com.eecorp.linguago","com.niven.translator","com.niven.comic","com.newmg.yurao.pro","com.google.android.apps.translate","com.pidev.screentranslator","com.niven.apptranslate","com.youdao.hindict","com.chat_translate.screen_translate","com.tangdi.baiguotong","us.zoom.videomeetings","screen.translator.voice.translate","com.naver.labs.translator","com.deepl.mobiletranslator"]},{"rank":{"index":4,"lang":"es-mx","country":"mx","chineseCountryName":"墨西哥","pkg":"com.spaceship.screen.textcopy"},"orders":["com.recognize_text.translate.screen","com.gaminik.i18n","com.tap_to_translate.snap_translate","com.spaceship.screen.textcopy","com.niven.game","com.mg.yurao.google","com.niven.translator","com.niven.comic","com.eecorp.linguago","com.niven.apptranslate","com.microsoft.translator","at.nk.tools.iTranslate","com.newmg.yurao.pro","com.google.android.apps.translate","screen.translator.voice.translate","com.aldoo.pdftranslatorpro","com.youdao.hindict","com.chat_translate.screen_translate","us.zoom.videomeetings","com.translator.translation.screen.translate.voice.languages.text.translating"]}]