[{"rank":{"index":1,"lang":"en-us","country":"us","chineseCountryName":"美国","pkg":"com.spaceship.screen.textcopy"},"orders":["com.spaceship.screen.textcopy","com.recognize_text.translate.screen","com.gaminik.i18n","com.newmg.yurao.pro","com.google.android.apps.translate","com.microsoft.translator","com.niven.translator","com.niven.game","com.eecorp.taptranslator","at.nk.tools.iTranslate","com.naver.labs.translator","com.zaz.translate","com.niven.comic","com.galaxy.airviewdictionary","com.deepl.mobiletranslator","com.sayhi.android.sayhitranslate","com.screen.translate.google","com.youdao.hindict","com.tranit.text.translate","com.translate.talkingtranslator"]},{"rank":{"index":2,"lang":"ru","country":"ru","chineseCountryName":"俄罗斯","pkg":"com.spaceship.screen.textcopy"},"orders":["com.recognize_text.translate.screen","com.spaceship.screen.textcopy","com.niven.translator","com.gaminik.i18n","com.microsoft.translator","com.niven.game","ru.yandex.translate","com.google.android.apps.translate","com.niven.comic","com.newmg.yurao.pro","at.nk.tools.iTranslate","com.deepl.mobiletranslator","com.zaz.translate","com.tap_to_translate.snap_translate","com.naver.labs.translator","com.youdao.hindict","com.galaxy.airviewdictionary","com.screen.translate.google","com.niven.apptranslate","com.webcatalog.translatium"]},{"rank":{"index":2,"lang":"pt-br","country":"br","chineseCountryName":"巴西","pkg":"com.spaceship.screen.textcopy"},"orders":["com.recognize_text.translate.screen","com.spaceship.screen.textcopy","com.gaminik.i18n","com.niven.translator","com.niven.game","com.niven.comic","com.newmg.yurao.pro","com.eecorp.taptranslator","com.microsoft.translator","com.google.android.apps.translate","com.youdao.hindict","com.galaxy.airviewdictionary","at.nk.tools.iTranslate","com.android.chrome","com.discord","com.google.android.apps.photos","com.google.android.apps.maps","com.tap_to_translate.snap_translate","com.google.android.apps.docs","com.google.android.apps.youtube.creator"]},{"rank":{"index":2,"lang":"fr","country":"fr","chineseCountryName":"法国","pkg":"com.spaceship.screen.textcopy"},"orders":["com.recognize_text.translate.screen","com.spaceship.screen.textcopy","com.gaminik.i18n","com.niven.game","com.niven.translator","com.niven.comic","com.microsoft.translator","com.newmg.yurao.pro","com.google.android.apps.translate","com.eecorp.taptranslator","com.zaz.translate","com.galaxy.airviewdictionary","at.nk.tools.iTranslate","com.youdao.hindict","com.deepl.mobiletranslator","com.tap_to_translate.snap_translate","com.screen.translate.google","screen.translator.voice.translate","com.naver.labs.translator","com.niven.apptranslate"]},{"rank":{"index":2,"lang":"en-gb","country":"gb","chineseCountryName":"英国","pkg":"com.spaceship.screen.textcopy"},"orders":["com.recognize_text.translate.screen","com.spaceship.screen.textcopy","com.google.android.apps.translate","com.gaminik.i18n","com.microsoft.translator","com.niven.translator","com.niven.game","at.nk.tools.iTranslate","com.zaz.translate","com.newmg.yurao.pro","com.niven.comic","com.eecorp.taptranslator","com.naver.labs.translator","com.youdao.hindict","com.deepl.mobiletranslator","com.galaxy.airviewdictionary","com.image.camera.translate.ai","com.sayhi.android.sayhitranslate","com.screen.translate.google","com.tranit.text.translate"]},{"rank":{"index":2,"lang":"de","country":"de","chineseCountryName":"德国","pkg":"com.spaceship.screen.textcopy"},"orders":["com.recognize_text.translate.screen","com.spaceship.screen.textcopy","com.gaminik.i18n","com.newmg.yurao.pro","com.niven.translator","com.niven.game","com.microsoft.translator","com.eecorp.taptranslator","com.google.android.apps.translate","com.niven.comic","com.galaxy.airviewdictionary","com.deepl.mobiletranslator","com.android.chrome","com.screen.translate.google","com.discord","at.nk.tools.iTranslate","com.google.android.apps.photos","com.sec.android.app.sbrowser","com.skype.raider","com.truecaller"]},{"rank":{"index":1,"lang":"it","country":"it","chineseCountryName":"意大利","pkg":"com.spaceship.screen.textcopy"},"orders":["com.spaceship.screen.textcopy","com.recognize_text.translate.screen","com.gaminik.i18n","com.niven.game","com.niven.translator","com.newmg.yurao.pro","com.eecorp.taptranslator","com.google.android.apps.translate","com.niven.comic","com.microsoft.translator","screen.translator.voice.translate","com.screen.translate.google","com.discord","com.deepl.mobiletranslator","com.google.android.apps.photos","com.android.chrome","com.microsoft.office.outlook","at.nk.tools.iTranslate","com.skype.raider","com.sec.android.app.sbrowser"]},{"rank":{"index":1,"lang":"ja","country":"jp","chineseCountryName":"日本","pkg":"com.spaceship.screen.textcopy"},"orders":["com.spaceship.screen.textcopy","com.recognize_text.translate.screen","com.niven.game","com.gaminik.i18n","com.niven.translator","com.microsoft.translator","com.newmg.yurao.pro","com.google.android.apps.translate","com.deepl.mobiletranslator","com.niven.comic","com.galaxy.airviewdictionary","com.eecorp.taptranslator","com.naver.labs.translator","com.youdao.hindict","com.android.chrome","com.discord","at.nk.tools.iTranslate","com.screen.translate.google","com.google.ar.lens","com.google.android.apps.maps"]},{"rank":{"index":1,"lang":"ko","country":"kr","chineseCountryName":"韩国","pkg":"com.spaceship.screen.textcopy"},"orders":["com.spaceship.screen.textcopy","com.recognize_text.translate.screen","com.gaminik.i18n","com.microsoft.translator","com.google.android.apps.translate","com.niven.translator","com.niven.game","com.naver.labs.translator","com.newmg.yurao.pro","at.nk.tools.iTranslate","com.niven.comic","com.eecorp.taptranslator","com.zaz.translate","com.deepl.mobiletranslator","com.galaxy.airviewdictionary","com.youdao.hindict","com.screen.translate.google","com.image.camera.translate.ai","com.tap_to_translate.snap_translate","com.discord"]},{"rank":{"index":1,"lang":"zh-hk","country":"hk","chineseCountryName":"香港","pkg":"com.spaceship.screen.textcopy"},"orders":["com.spaceship.screen.textcopy","com.recognize_text.translate.screen","com.gaminik.i18n","com.microsoft.translator","com.google.android.apps.translate","com.niven.game","com.niven.translator","at.nk.tools.iTranslate","com.newmg.yurao.pro","com.niven.comic","com.naver.labs.translator","com.zaz.translate","com.eecorp.taptranslator","com.youdao.hindict","com.deepl.mobiletranslator","com.screen.translate.google","com.image.camera.translate.ai","com.galaxy.airviewdictionary","com.translate.language.translator.voice.translation","com.translate.talkingtranslator"]},{"rank":{"index":1,"lang":"zh-tw","country":"tw","chineseCountryName":"台湾","pkg":"com.spaceship.screen.textcopy"},"orders":["com.spaceship.screen.textcopy","com.recognize_text.translate.screen","com.gaminik.i18n","com.microsoft.translator","com.google.android.apps.translate","com.niven.game","com.niven.translator","com.naver.labs.translator","at.nk.tools.iTranslate","com.newmg.yurao.pro","com.niven.comic","com.eecorp.taptranslator","com.galaxy.airviewdictionary","com.youdao.hindict","com.zaz.translate","com.deepl.mobiletranslator","com.screen.translate.google","com.image.camera.translate.ai","com.translate.talkingtranslator","com.translate.language.translator.voice.translation"]},{"rank":{"index":2,"lang":"en","country":"in","chineseCountryName":"印度","pkg":"com.spaceship.screen.textcopy"},"orders":["com.recognize_text.translate.screen","com.spaceship.screen.textcopy","com.google.android.apps.translate","com.microsoft.translator","com.zaz.translate","com.niven.game","com.gaminik.i18n"]},{"rank":{"index":1,"lang":"id","country":"id","chineseCountryName":"印尼","pkg":"com.spaceship.screen.textcopy"},"orders":["com.spaceship.screen.textcopy","com.recognize_text.translate.screen","com.gaminik.i18n","com.niven.translator","com.niven.game","com.youdao.hindict","com.eecorp.taptranslator","com.newmg.yurao.pro","com.niven.comic"]},{"rank":{"index":1,"lang":"es-mx","country":"mx","chineseCountryName":"墨西哥","pkg":"com.spaceship.screen.textcopy"},"orders":["com.spaceship.screen.textcopy","com.recognize_text.translate.screen","com.gaminik.i18n","com.niven.translator","com.niven.game","com.niven.comic","com.newmg.yurao.pro","com.eecorp.taptranslator","com.microsoft.translator","com.youdao.hindict","com.google.android.apps.translate","at.nk.tools.iTranslate","com.android.chrome","com.google.android.apps.photos","com.deepl.mobiletranslator","com.google.android.apps.maps","com.discord","com.google.android.apps.docs","com.duolingo","com.microsoft.office.outlook"]}]