[{"rank":{"index":2,"lang":"en-us","country":"us","chineseCountryName":"美国","pkg":"com.spaceship.screen.textcopy"},"orders":["com.recognize_text.translate.screen","com.spaceship.screen.textcopy","com.niven.translator","com.tap_to_translate.snap_translate","com.microsoft.translator","com.gaminik.i18n","com.google.android.apps.translate","com.niven.game","at.nk.tools.iTranslate","com.newmg.yurao.pro","com.language.translate.free.translator.voice.translation","com.niven.comic","com.zaz.translate","com.translate.talkingtranslator","com.screen.translate.google","com.google.ar.lens","com.translate.language.translator.voice.translation","com.ticktalk.translatevoice","com.datacomprojects.scanandtranslate","com.sayhi.android.sayhitranslate"]},{"rank":{"index":2,"lang":"ru","country":"ru","chineseCountryName":"俄罗斯","pkg":"com.spaceship.screen.textcopy"},"orders":["com.recognize_text.translate.screen","com.spaceship.screen.textcopy","com.niven.translator","com.tap_to_translate.snap_translate","com.microsoft.translator","com.niven.game","com.gaminik.i18n","com.newmg.yurao.pro","com.datacomprojects.scanandtranslate","com.google.android.apps.translate","com.niven.comic","com.language.translate.free.translator.voice.translation","com.screen.translate.google","ru.yandex.translate","at.nk.tools.iTranslate","com.niven.apptranslate","com.zaz.translate","com.ticktalk.translatevoice","com.audacityittranslator.translatetexttranslator","com.translate.talkingtranslator"]},{"rank":{"index":2,"lang":"pt-br","country":"br","chineseCountryName":"巴西","pkg":"com.spaceship.screen.textcopy"},"orders":["com.recognize_text.translate.screen","com.spaceship.screen.textcopy","com.tap_to_translate.snap_translate","com.niven.translator","com.niven.game","com.gaminik.i18n","com.microsoft.translator","com.niven.comic","com.newmg.yurao.pro","at.nk.tools.iTranslate","com.screen.translate.google","com.language.translate.free.translator.voice.translation","com.google.android.apps.translate","com.zaz.translate","com.translate.language.translator.voice.translation","com.niven.apptranslate","live.screentranslate.realtime","com.voice_camera_free_translate","com.eecorp.taptranslator","com.audacityittranslator.translatetexttranslator"]},{"rank":{"index":2,"lang":"fr","country":"fr","chineseCountryName":"法国","pkg":"com.spaceship.screen.textcopy"},"orders":["com.recognize_text.translate.screen","com.spaceship.screen.textcopy","com.tap_to_translate.snap_translate","com.gaminik.i18n","com.niven.translator","com.microsoft.translator","com.niven.game","com.newmg.yurao.pro","com.niven.comic","at.nk.tools.iTranslate","com.zaz.translate","com.language.translate.free.translator.voice.translation","com.google.android.apps.translate","com.screen.translate.google","com.translate.talkingtranslator","com.datacomprojects.scanandtranslate","com.niven.apptranslate","com.google.ar.lens","com.ticktalk.translatevoice","com.voice_camera_free_translate"]},{"rank":{"index":2,"lang":"en-gb","country":"gb","chineseCountryName":"英国","pkg":"com.spaceship.screen.textcopy"},"orders":["com.recognize_text.translate.screen","com.spaceship.screen.textcopy","com.tap_to_translate.snap_translate","com.gaminik.i18n","com.microsoft.translator","com.niven.translator","com.google.android.apps.translate","com.niven.game","at.nk.tools.iTranslate","com.zaz.translate","com.google.ar.lens","com.niven.comic","com.language.translate.free.translator.voice.translation","com.newmg.yurao.pro","com.screen.translate.google","com.translate.talkingtranslator","com.datacomprojects.scanandtranslate","com.deepl.mobiletranslator","com.sayhi.android.sayhitranslate","com.ticktalk.translatevoice"]},{"rank":{"index":2,"lang":"de","country":"de","chineseCountryName":"德国","pkg":"com.spaceship.screen.textcopy"},"orders":["com.recognize_text.translate.screen","com.spaceship.screen.textcopy","com.tap_to_translate.snap_translate","com.niven.translator","com.microsoft.translator","com.gaminik.i18n","com.niven.game","com.niven.comic","com.newmg.yurao.pro","at.nk.tools.iTranslate","com.google.android.apps.translate","com.language.translate.free.translator.voice.translation","com.screen.translate.google","com.translate.talkingtranslator","com.zaz.translate","com.datacomprojects.scanandtranslate","com.deepl.mobiletranslator","com.ticktalk.translatevoice","com.niven.apptranslate","com.b1b.translator.voicetranslate.alllanguages.translator.app"]},{"rank":{"index":2,"lang":"it","country":"it","chineseCountryName":"意大利","pkg":"com.spaceship.screen.textcopy"},"orders":["com.recognize_text.translate.screen","com.spaceship.screen.textcopy","com.gaminik.i18n","com.tap_to_translate.snap_translate","com.niven.translator","com.niven.game","com.microsoft.translator","com.niven.comic","com.newmg.yurao.pro","at.nk.tools.iTranslate","com.language.translate.free.translator.voice.translation","com.screen.translate.google","com.google.android.apps.translate","com.zaz.translate","com.niven.apptranslate","com.ticktalk.translatevoice","com.datacomprojects.scanandtranslate","com.deepl.mobiletranslator","com.translate.talkingtranslator","com.google.ar.lens"]},{"rank":{"index":2,"lang":"ja","country":"jp","chineseCountryName":"日本","pkg":"com.spaceship.screen.textcopy"},"orders":["com.recognize_text.translate.screen","com.spaceship.screen.textcopy","com.tap_to_translate.snap_translate","com.niven.game","com.gaminik.i18n","com.niven.translator","com.microsoft.translator","com.newmg.yurao.pro","com.niven.comic","com.translate.talkingtranslator","com.google.android.apps.translate","com.deepl.mobiletranslator","at.nk.tools.iTranslate"]},{"rank":{"index":2,"lang":"ko","country":"kr","chineseCountryName":"韩国","pkg":"com.spaceship.screen.textcopy"},"orders":["com.recognize_text.translate.screen","com.spaceship.screen.textcopy","com.tap_to_translate.snap_translate","com.microsoft.translator","com.niven.translator","com.gaminik.i18n","com.google.android.apps.translate","com.niven.game","com.newmg.yurao.pro","at.nk.tools.iTranslate","com.zaz.translate","com.niven.comic","com.language.translate.free.translator.voice.translation","com.google.ar.lens","com.screen.translate.google","com.naver.labs.translator","com.datacomprojects.scanandtranslate","com.translate.talkingtranslator","live.screentranslate.realtime","com.niven.apptranslate"]},{"rank":{"index":2,"lang":"zh-hk","country":"hk","chineseCountryName":"香港","pkg":"com.spaceship.screen.textcopy"},"orders":["com.recognize_text.translate.screen","com.spaceship.screen.textcopy","com.gaminik.i18n","com.microsoft.translator","com.tap_to_translate.snap_translate","com.google.android.apps.translate","com.niven.translator","com.niven.game","com.newmg.yurao.pro","at.nk.tools.iTranslate","com.niven.comic","com.language.translate.free.translator.voice.translation","com.screen.translate.google","com.zaz.translate","com.google.ar.lens","com.translate.talkingtranslator","com.datacomprojects.scanandtranslate","com.niven.apptranslate","com.royalappcode.translation.voice.language.chat.interpreter","live.screentranslate.realtime"]},{"rank":{"index":2,"lang":"zh-tw","country":"tw","chineseCountryName":"台湾","pkg":"com.spaceship.screen.textcopy"},"orders":["com.recognize_text.translate.screen","com.spaceship.screen.textcopy","com.gaminik.i18n","com.tap_to_translate.snap_translate","com.microsoft.translator","com.niven.translator","com.google.android.apps.translate","com.niven.game","at.nk.tools.iTranslate","com.niven.comic","com.newmg.yurao.pro","com.translate.talkingtranslator","com.zaz.translate","com.language.translate.free.translator.voice.translation","com.screen.translate.google","com.google.ar.lens","com.datacomprojects.scanandtranslate","com.niven.apptranslate","com.eecorp.taptranslator","com.tangdi.baiguotong"]},{"rank":{"index":2,"lang":"en","country":"in","chineseCountryName":"印度","pkg":"com.spaceship.screen.textcopy"},"orders":["com.recognize_text.translate.screen","com.spaceship.screen.textcopy","com.tap_to_translate.snap_translate"]},{"rank":{"index":2,"lang":"id","country":"id","chineseCountryName":"印尼","pkg":"com.spaceship.screen.textcopy"},"orders":["com.recognize_text.translate.screen","com.spaceship.screen.textcopy","com.tap_to_translate.snap_translate","com.niven.translator","com.niven.game","com.gaminik.i18n","com.niven.comic","com.newmg.yurao.pro","com.screen.translate.google","com.microsoft.translator","at.nk.tools.iTranslate","com.niven.apptranslate","com.google.android.apps.translate","com.language.translate.free.translator.voice.translation","com.youdao.hindict"]},{"rank":{"index":2,"lang":"es-mx","country":"mx","chineseCountryName":"墨西哥","pkg":"com.spaceship.screen.textcopy"},"orders":["com.recognize_text.translate.screen","com.spaceship.screen.textcopy","com.niven.translator","com.tap_to_translate.snap_translate","com.gaminik.i18n","com.niven.game","com.microsoft.translator","com.niven.comic","at.nk.tools.iTranslate","com.newmg.yurao.pro","com.screen.translate.google","com.language.translate.free.translator.voice.translation","com.google.android.apps.translate","com.niven.apptranslate"]}]