[{"rank":{"index":2,"lang":"en-us","country":"us","chineseCountryName":"美国","pkg":"com.spaceship.screen.textcopy"},"orders":["com.recognize_text.translate.screen","com.spaceship.screen.textcopy","com.gaminik.i18n","com.tap_to_translate.snap_translate","com.microsoft.translator","com.google.android.apps.translate","com.mg.yurao.google","com.niven.game","com.niven.translator","screen.translator.voice.translate","com.eecorp.linguago","com.niven.comic","at.nk.tools.iTranslate","com.zaz.translate","com.niven.apptranslate","com.translate.talkingtranslator","com.newmg.yurao.pro","com.eecorp.taptranslator","com.deepl.mobiletranslator","translate.smartranit.language.text"]},{"rank":{"index":3,"lang":"ru","country":"ru","chineseCountryName":"俄罗斯","pkg":"com.spaceship.screen.textcopy"},"orders":["com.recognize_text.translate.screen","com.tap_to_translate.snap_translate","com.spaceship.screen.textcopy","com.gaminik.i18n","com.niven.translator","com.niven.game","com.microsoft.translator","com.mg.yurao.google","com.google.android.apps.translate","com.eecorp.linguago","com.niven.comic","com.niven.apptranslate","com.newmg.yurao.pro","screen.translator.voice.translate","ru.yandex.translate","com.chat_translate.screen_translate","com.zaz.translate","com.deepl.mobiletranslator","com.pidev.screentranslator","at.nk.tools.iTranslate"]},{"rank":{"index":2,"lang":"pt-br","country":"br","chineseCountryName":"巴西","pkg":"com.spaceship.screen.textcopy"},"orders":["com.recognize_text.translate.screen","com.spaceship.screen.textcopy","com.tap_to_translate.snap_translate","com.gaminik.i18n","com.niven.game","com.mg.yurao.google","com.niven.translator","com.niven.comic","com.eecorp.linguago","com.newmg.yurao.pro","screen.translator.voice.translate","com.niven.apptranslate","com.google.android.apps.translate","com.youdao.hindict","com.chat_translate.screen_translate","com.android.chrome","com.ydzlabs.chattranslator","com.microsoft.translator","com.pidev.screentranslator","com.google.android.googlequicksearchbox"]},{"rank":{"index":2,"lang":"fr","country":"fr","chineseCountryName":"法国","pkg":"com.spaceship.screen.textcopy"},"orders":["com.recognize_text.translate.screen","com.spaceship.screen.textcopy","com.gaminik.i18n","com.eecorp.linguago","com.mg.yurao.google","screen.translator.voice.translate","com.tap_to_translate.snap_translate","com.niven.translator","com.niven.game","com.niven.comic","com.newmg.yurao.pro","com.microsoft.translator","com.google.android.apps.translate","com.chat_translate.screen_translate","com.eecorp.taptranslator","com.niven.apptranslate","us.zoom.videomeetings","com.zaz.translate","com.pidev.screentranslator","com.translator.yellow"]},{"rank":{"index":2,"lang":"en-gb","country":"gb","chineseCountryName":"英国","pkg":"com.spaceship.screen.textcopy"},"orders":["com.recognize_text.translate.screen","com.spaceship.screen.textcopy","com.tap_to_translate.snap_translate","com.microsoft.translator","com.gaminik.i18n","screen.translator.voice.translate","com.google.android.apps.translate","com.mg.yurao.google","com.niven.game","com.niven.translator","com.eecorp.linguago","com.niven.comic","at.nk.tools.iTranslate","com.niven.apptranslate","com.zaz.translate","com.deepl.mobiletranslator","com.newmg.yurao.pro","com.eecorp.taptranslator","translate.smartranit.language.text","com.translator.yellow"]},{"rank":{"index":2,"lang":"de","country":"de","chineseCountryName":"德国","pkg":"com.spaceship.screen.textcopy"},"orders":["com.recognize_text.translate.screen","com.spaceship.screen.textcopy","com.gaminik.i18n","com.mg.yurao.google","com.niven.game","com.tap_to_translate.snap_translate","com.niven.translator","com.eecorp.linguago","com.microsoft.translator","com.newmg.yurao.pro","com.niven.comic","screen.translator.voice.translate","com.niven.apptranslate","com.eecorp.taptranslator","com.google.android.apps.translate","com.chat_translate.screen_translate","com.deepl.mobiletranslator","com.zaz.translate","us.zoom.videomeetings","com.translate.talkingtranslator"]},{"rank":{"index":2,"lang":"it","country":"it","chineseCountryName":"意大利","pkg":"com.spaceship.screen.textcopy"},"orders":["com.recognize_text.translate.screen","com.spaceship.screen.textcopy","com.gaminik.i18n","screen.translator.voice.translate","com.niven.game","com.mg.yurao.google","com.tap_to_translate.snap_translate","com.niven.translator","com.eecorp.linguago","com.niven.comic","com.niven.apptranslate","com.newmg.yurao.pro","com.eecorp.taptranslator","com.microsoft.translator","com.chat_translate.screen_translate","com.google.android.apps.translate","us.zoom.videomeetings","com.pidev.screentranslator","com.zaz.translate","com.deepl.mobiletranslator"]},{"rank":{"index":3,"lang":"ja","country":"jp","chineseCountryName":"日本","pkg":"com.spaceship.screen.textcopy"},"orders":["com.recognize_text.translate.screen","com.gaminik.i18n","com.spaceship.screen.textcopy","com.mg.yurao.google","com.eecorp.linguago","com.tap_to_translate.snap_translate","com.niven.game","com.niven.translator","com.newmg.yurao.pro","com.eecorp.taptranslator","com.niven.apptranslate","screen.translator.voice.translate","com.google.android.apps.translate","com.chat_translate.screen_translate","us.zoom.videomeetings","com.niven.comic","com.naver.labs.translator","com.microsoft.translator","com.deepl.mobiletranslator","com.pidev.screentranslator"]},{"rank":{"index":2,"lang":"ko","country":"kr","chineseCountryName":"韩国","pkg":"com.spaceship.screen.textcopy"},"orders":["com.recognize_text.translate.screen","com.spaceship.screen.textcopy","com.tap_to_translate.snap_translate","com.mg.yurao.google","com.gaminik.i18n","com.microsoft.translator","com.niven.game","com.niven.translator","com.google.android.apps.translate","com.newmg.yurao.pro","com.eecorp.linguago","com.niven.comic","com.niven.apptranslate","at.nk.tools.iTranslate","com.naver.labs.translator","screen.translator.voice.translate","com.zaz.translate","com.eecorp.taptranslator","com.deepl.mobiletranslator","com.datacomprojects.scanandtranslate"]},{"rank":{"index":2,"lang":"zh-hk","country":"hk","chineseCountryName":"香港","pkg":"com.spaceship.screen.textcopy"},"orders":["com.recognize_text.translate.screen","com.spaceship.screen.textcopy","com.tap_to_translate.snap_translate","com.gaminik.i18n","com.mg.yurao.google","com.niven.game","com.microsoft.translator","com.niven.translator","com.niven.comic","com.eecorp.linguago","com.newmg.yurao.pro","com.google.android.apps.translate","com.niven.apptranslate","screen.translator.voice.translate","com.eecorp.taptranslator","com.zaz.translate","at.nk.tools.iTranslate","com.mg.chat","com.chat_translate.screen_translate","free.language.translate.translator"]},{"rank":{"index":4,"lang":"zh-tw","country":"tw","chineseCountryName":"台湾","pkg":"com.spaceship.screen.textcopy"},"orders":["com.recognize_text.translate.screen","com.tap_to_translate.snap_translate","com.mg.yurao.google","com.spaceship.screen.textcopy","com.gaminik.i18n","com.niven.game","com.microsoft.translator","com.google.android.apps.translate","com.niven.translator","com.niven.comic","com.eecorp.linguago","com.newmg.yurao.pro","at.nk.tools.iTranslate","com.niven.apptranslate","screen.translator.voice.translate","com.eecorp.taptranslator","com.zaz.translate","com.youdao.hindict","com.chat_translate.screen_translate","com.ydzlabs.chattranslator"]},{"rank":{"index":2,"lang":"en","country":"in","chineseCountryName":"印度","pkg":"com.spaceship.screen.textcopy"},"orders":["com.recognize_text.translate.screen","com.spaceship.screen.textcopy","com.tap_to_translate.snap_translate","screen.translator.voice.translate","com.gaminik.i18n","com.google.android.apps.translate","com.niven.translator","com.niven.game","com.zaz.translate","com.eecorp.linguago","com.newmg.yurao.pro","com.microsoft.translator","com.niven.comic","com.chat_translate.screen_translate","com.niven.apptranslate","translate.smartranit.language.text","com.abbyy.mobile.textgrabber.full","com.google.android.apps.docs","com.android.chrome","com.mg.yurao.google"]},{"rank":{"index":1,"lang":"id","country":"id","chineseCountryName":"印尼","pkg":"com.spaceship.screen.textcopy"},"orders":["com.spaceship.screen.textcopy","com.recognize_text.translate.screen","com.gaminik.i18n","com.tap_to_translate.snap_translate","com.mg.yurao.google","com.eecorp.linguago","com.niven.game","com.niven.translator","com.google.android.apps.translate","us.zoom.videomeetings","com.niven.comic","com.youdao.hindict","com.newmg.yurao.pro","com.naver.labs.translator"]},{"rank":{"index":2,"lang":"es-mx","country":"mx","chineseCountryName":"墨西哥","pkg":"com.spaceship.screen.textcopy"},"orders":["com.recognize_text.translate.screen","com.spaceship.screen.textcopy","com.gaminik.i18n","com.tap_to_translate.snap_translate","com.niven.translator","com.niven.game","com.mg.yurao.google","com.niven.comic","com.eecorp.linguago","com.newmg.yurao.pro","screen.translator.voice.translate","com.niven.apptranslate","com.youdao.hindict","com.microsoft.translator","com.chat_translate.screen_translate","com.google.android.apps.translate","at.nk.tools.iTranslate","us.zoom.videomeetings","com.pidev.screentranslator","com.zaz.translate"]}]