[{"rank":{"index":2,"lang":"en-us","country":"us","chineseCountryName":"美国","pkg":"com.spaceship.screen.textcopy"},"orders":["com.recognize_text.translate.screen","com.spaceship.screen.textcopy","com.google.android.apps.translate","com.niven.translator","com.tap_to_translate.snap_translate","com.screen.translate.google","com.gaminik.i18n","com.deepl.mobiletranslator","com.microsoft.translator","com.immersivetranslate.browser","com.newmg.yurao.pro","com.fapp.translate.language.translator.fasttranslation","ru.yandex.translate","com.zaz.translate","com.niven.game","link.zhidou.btranslator","at.nk.tools.iTranslate","com.naver.labs.translator","photo.translate.camera.translator","com.aldoo.pdftranslatorpro"]},{"rank":{"index":4,"lang":"ru","country":"ru","chineseCountryName":"俄罗斯","pkg":"com.spaceship.screen.textcopy"},"orders":["com.recognize_text.translate.screen","com.niven.translator","com.tap_to_translate.snap_translate","com.spaceship.screen.textcopy","com.gaminik.i18n","com.screen.translate.google","com.newmg.yurao.pro","com.google.android.apps.translate","ru.yandex.translate","com.deepl.mobiletranslator","com.niven.game","com.immersivetranslate.browser"]},{"rank":{"index":2,"lang":"pt-br","country":"br","chineseCountryName":"巴西","pkg":"com.spaceship.screen.textcopy"},"orders":["com.recognize_text.translate.screen","com.spaceship.screen.textcopy","com.niven.translator","com.tap_to_translate.snap_translate","com.gaminik.i18n","com.screen.translate.google","com.immersivetranslate.browser","com.niven.game","com.niven.apptranslate","com.newmg.yurao.pro","com.google.android.apps.translate","com.voice_camera_free_translate","com.fapp.translate.language.translator.fasttranslation","com.deepl.mobiletranslator","com.microsoft.translator","com.zaz.translate","com.eecorp.linguago","at.nk.tools.iTranslate","com.aldoo.pdftranslatorpro","ru.yandex.translate"]},{"rank":{"index":2,"lang":"fr","country":"fr","chineseCountryName":"法国","pkg":"com.spaceship.screen.textcopy"},"orders":["com.recognize_text.translate.screen","com.spaceship.screen.textcopy","com.tap_to_translate.snap_translate","com.niven.translator","com.screen.translate.google","com.gaminik.i18n","com.immersivetranslate.browser","com.niven.game","com.newmg.yurao.pro","com.google.android.apps.translate","com.fapp.translate.language.translator.fasttranslation","com.niven.apptranslate","com.voice_camera_free_translate","com.deepl.mobiletranslator","com.datacomprojects.scanandtranslate","com.microsoft.translator","com.zaz.translate","ru.yandex.translate","link.zhidou.btranslator","live.screentranslate.realtime"]},{"rank":{"index":2,"lang":"en-gb","country":"gb","chineseCountryName":"英国","pkg":"com.spaceship.screen.textcopy"},"orders":["com.recognize_text.translate.screen","com.spaceship.screen.textcopy","com.niven.translator","com.google.android.apps.translate","com.screen.translate.google","com.gaminik.i18n","com.microsoft.translator","com.tap_to_translate.snap_translate","com.deepl.mobiletranslator","com.immersivetranslate.browser","com.zaz.translate","com.newmg.yurao.pro","com.fapp.translate.language.translator.fasttranslation","ru.yandex.translate","com.niven.game","com.naver.labs.translator","link.zhidou.btranslator","at.nk.tools.iTranslate","com.datacomprojects.scanandtranslate","com.inw.trulinco"]},{"rank":{"index":4,"lang":"de","country":"de","chineseCountryName":"德国","pkg":"com.spaceship.screen.textcopy"},"orders":["com.recognize_text.translate.screen","com.niven.translator","com.tap_to_translate.snap_translate","com.spaceship.screen.textcopy","com.screen.translate.google","com.gaminik.i18n","com.immersivetranslate.browser","com.google.android.apps.translate","com.deepl.mobiletranslator","com.fapp.translate.language.translator.fasttranslation","com.niven.game","com.newmg.yurao.pro","com.zaz.translate","com.microsoft.translator","com.niven.apptranslate","ru.yandex.translate","link.zhidou.btranslator","com.voice_camera_free_translate","com.eecorp.linguago","at.nk.tools.iTranslate"]},{"rank":{"index":2,"lang":"it","country":"it","chineseCountryName":"意大利","pkg":"com.spaceship.screen.textcopy"},"orders":["com.recognize_text.translate.screen","com.spaceship.screen.textcopy","com.tap_to_translate.snap_translate","com.niven.translator","com.gaminik.i18n","com.google.android.apps.translate","com.immersivetranslate.browser","com.newmg.yurao.pro","com.fapp.translate.language.translator.fasttranslation","com.deepl.mobiletranslator","com.microsoft.translator","com.zaz.translate","com.niven.game","ru.yandex.translate"]},{"rank":{"index":2,"lang":"ja","country":"jp","chineseCountryName":"日本","pkg":"com.spaceship.screen.textcopy"},"orders":["com.recognize_text.translate.screen","com.spaceship.screen.textcopy","com.tap_to_translate.snap_translate","com.niven.translator","com.screen.translate.google","com.gaminik.i18n","com.immersivetranslate.browser","com.google.android.apps.translate","com.newmg.yurao.pro","com.zaz.translate","com.fapp.translate.language.translator.fasttranslation","com.deepl.mobiletranslator","com.microsoft.translator","com.naver.labs.translator"]},{"rank":{"index":2,"lang":"ko","country":"kr","chineseCountryName":"韩国","pkg":"com.spaceship.screen.textcopy"},"orders":["com.recognize_text.translate.screen","com.spaceship.screen.textcopy","com.tap_to_translate.snap_translate","com.niven.translator","com.gaminik.i18n","com.screen.translate.google","com.immersivetranslate.browser","com.newmg.yurao.pro","com.fapp.translate.language.translator.fasttranslation","com.google.android.apps.translate","com.naver.labs.translator","com.niven.apptranslate","com.niven.game","com.voice_camera_free_translate","com.microsoft.translator","com.zaz.translate","com.deepl.mobiletranslator","link.zhidou.btranslator","com.eecorp.linguago","at.nk.tools.iTranslate"]},{"rank":{"index":2,"lang":"zh-hk","country":"hk","chineseCountryName":"香港","pkg":"com.spaceship.screen.textcopy"},"orders":["com.recognize_text.translate.screen","com.spaceship.screen.textcopy","com.screen.translate.google","com.niven.translator","com.tap_to_translate.snap_translate","com.gaminik.i18n","com.google.android.apps.translate","com.immersivetranslate.browser","com.newmg.yurao.pro","com.microsoft.translator","com.fapp.translate.language.translator.fasttranslation","com.deepl.mobiletranslator","com.zaz.translate","com.voice_camera_free_translate","com.niven.game","ru.yandex.translate","com.niven.apptranslate","com.naver.labs.translator","photo.translate.camera.translator","at.nk.tools.iTranslate"]},{"rank":{"index":2,"lang":"zh-tw","country":"tw","chineseCountryName":"台湾","pkg":"com.spaceship.screen.textcopy"},"orders":["com.recognize_text.translate.screen","com.spaceship.screen.textcopy","com.niven.translator","com.gaminik.i18n","com.screen.translate.google","com.tap_to_translate.snap_translate","com.fapp.translate.language.translator.fasttranslation","com.newmg.yurao.pro","com.immersivetranslate.browser","com.google.android.apps.translate","com.niven.apptranslate","com.microsoft.translator","com.zaz.translate","com.deepl.mobiletranslator","com.niven.game","com.naver.labs.translator","com.aldoo.pdftranslatorpro","ru.yandex.translate","at.nk.tools.iTranslate","link.zhidou.btranslator"]},{"rank":{"index":2,"lang":"en","country":"in","chineseCountryName":"印度","pkg":"com.spaceship.screen.textcopy"},"orders":["com.recognize_text.translate.screen","com.spaceship.screen.textcopy","com.google.android.apps.translate","com.zaz.translate","com.newmg.yurao.pro"]},{"rank":{"index":3,"lang":"id","country":"id","chineseCountryName":"印尼","pkg":"com.spaceship.screen.textcopy"},"orders":["com.recognize_text.translate.screen","com.tap_to_translate.snap_translate","com.spaceship.screen.textcopy","com.niven.translator","com.screen.translate.google","com.gaminik.i18n","com.newmg.yurao.pro","com.google.android.apps.translate","com.fapp.translate.language.translator.fasttranslation","com.niven.game"]},{"rank":{"index":2,"lang":"es-mx","country":"mx","chineseCountryName":"墨西哥","pkg":"com.spaceship.screen.textcopy"},"orders":["com.recognize_text.translate.screen","com.spaceship.screen.textcopy","com.tap_to_translate.snap_translate","com.gaminik.i18n","com.newmg.yurao.pro","com.google.android.apps.translate","com.microsoft.translator","com.deepl.mobiletranslator","com.zaz.translate","at.nk.tools.iTranslate","com.datacomprojects.scanandtranslate","ru.yandex.translate","com.naver.labs.translator","com.immersivetranslate.browser","com.voice_camera_free_translate","link.zhidou.btranslator","com.google.ar.lens","photo.translate.camera.translator","com.aldoo.pdftranslatorpro","com.niven.translator"]}]