[{"rank":{"index":2,"lang":"en-us","country":"us","chineseCountryName":"美国","pkg":"com.spaceship.screen.textcopy"},"orders":["com.recognize_text.translate.screen","com.spaceship.screen.textcopy","com.tap_to_translate.snap_translate","com.google.android.apps.translate","com.newmg.yurao.pro","com.gaminik.i18n","com.niven.translator","com.microsoft.translator","com.zaz.translate","com.niven.game","com.deepl.mobiletranslator","com.immersivetranslate.browser","com.screen.translate.google","screen.translator.voice.translate","com.niven.apptranslate","at.nk.tools.iTranslate","ru.yandex.translate","com.naver.labs.translator","com.eecorp.taptranslator","com.voice_camera_free_translate"]},{"rank":{"index":0,"lang":"ru","country":"ru","chineseCountryName":"俄罗斯","pkg":"com.spaceship.screen.textcopy"},"orders":["com.recognize_text.translate.screen","com.tap_to_translate.snap_translate","com.niven.translator","com.newmg.yurao.pro","com.microsoft.translator","com.google.android.apps.translate","com.gaminik.i18n","com.niven.game","com.deepl.mobiletranslator","com.immersivetranslate.browser","ru.yandex.translate","com.niven.apptranslate","com.zaz.translate","com.screen.translate.google","at.nk.tools.iTranslate","com.datacomprojects.scanandtranslate","photo.translate.camera.translator","com.voice_camera_free_translate","com.tangdi.baiguotong","com.naver.labs.translator"]},{"rank":{"index":2,"lang":"pt-br","country":"br","chineseCountryName":"巴西","pkg":"com.spaceship.screen.textcopy"},"orders":["com.recognize_text.translate.screen","com.spaceship.screen.textcopy","com.tap_to_translate.snap_translate","com.newmg.yurao.pro","com.gaminik.i18n","com.niven.translator","com.microsoft.translator","com.niven.game","com.google.android.apps.translate","com.immersivetranslate.browser","com.niven.apptranslate","com.screen.translate.google","com.tangdi.baiguotong","com.eecorp.taptranslator","com.deepl.mobiletranslator","com.zaz.translate","com.voice_camera_free_translate","at.nk.tools.iTranslate","com.android.chrome","com.datacomprojects.scanandtranslate"]},{"rank":{"index":3,"lang":"fr","country":"fr","chineseCountryName":"法国","pkg":"com.spaceship.screen.textcopy"},"orders":["com.recognize_text.translate.screen","com.tap_to_translate.snap_translate","com.spaceship.screen.textcopy","com.newmg.yurao.pro","com.gaminik.i18n","com.niven.translator","com.microsoft.translator","com.niven.game","com.screen.translate.google","com.niven.apptranslate","com.zaz.translate","com.deepl.mobiletranslator","com.eecorp.taptranslator","com.google.android.apps.translate","com.immersivetranslate.browser","com.voice_camera_free_translate","screen.translator.voice.translate","camtranslator.voice.text.image.translate","com.datacomprojects.scanandtranslate","com.kursx.smartbook"]},{"rank":{"index":2,"lang":"en-gb","country":"gb","chineseCountryName":"英国","pkg":"com.spaceship.screen.textcopy"},"orders":["com.recognize_text.translate.screen","com.spaceship.screen.textcopy","com.tap_to_translate.snap_translate","com.newmg.yurao.pro","com.google.android.apps.translate","com.microsoft.translator","com.gaminik.i18n","com.niven.translator","com.zaz.translate","com.immersivetranslate.browser","com.deepl.mobiletranslator","com.niven.game","at.nk.tools.iTranslate","com.naver.labs.translator","com.screen.translate.google","com.niven.apptranslate","com.voice_camera_free_translate","com.eecorp.taptranslator","com.tangdi.baiguotong","com.datacomprojects.scanandtranslate"]},{"rank":{"index":2,"lang":"de","country":"de","chineseCountryName":"德国","pkg":"com.spaceship.screen.textcopy"},"orders":["com.recognize_text.translate.screen","com.spaceship.screen.textcopy","com.tap_to_translate.snap_translate","com.newmg.yurao.pro","com.gaminik.i18n","com.niven.translator","com.microsoft.translator","com.google.android.apps.translate","com.immersivetranslate.browser","com.niven.game","com.deepl.mobiletranslator","com.screen.translate.google","com.niven.apptranslate","com.eecorp.taptranslator","com.zaz.translate","at.nk.tools.iTranslate","com.tangdi.baiguotong","com.voice_camera_free_translate","com.mg.chat","ru.yandex.translate"]},{"rank":{"index":2,"lang":"it","country":"it","chineseCountryName":"意大利","pkg":"com.spaceship.screen.textcopy"},"orders":["com.recognize_text.translate.screen","com.spaceship.screen.textcopy","com.tap_to_translate.snap_translate","com.newmg.yurao.pro","com.gaminik.i18n","com.niven.translator","com.microsoft.translator","com.deepl.mobiletranslator","com.niven.game","com.zaz.translate","com.immersivetranslate.browser","com.screen.translate.google","com.google.android.apps.translate","com.niven.apptranslate","com.eecorp.taptranslator","com.voice_camera_free_translate","camtranslator.voice.text.image.translate","com.kursx.smartbook","com.google.ar.lens","com.datacomprojects.scanandtranslate"]},{"rank":{"index":3,"lang":"ja","country":"jp","chineseCountryName":"日本","pkg":"com.spaceship.screen.textcopy"},"orders":["com.recognize_text.translate.screen","com.tap_to_translate.snap_translate","com.spaceship.screen.textcopy","com.newmg.yurao.pro","com.niven.translator","com.gaminik.i18n","com.niven.game","com.deepl.mobiletranslator","com.microsoft.translator","com.google.android.apps.translate","com.screen.translate.google","com.niven.apptranslate","com.immersivetranslate.browser","com.naver.labs.translator","com.eecorp.taptranslator","com.google.ar.lens","com.translate.talkingtranslator","com.openai.chatgpt","com.android.chrome","com.google.android.apps.maps"]},{"rank":{"index":3,"lang":"ko","country":"kr","chineseCountryName":"韩国","pkg":"com.spaceship.screen.textcopy"},"orders":["com.recognize_text.translate.screen","com.tap_to_translate.snap_translate","com.spaceship.screen.textcopy","com.newmg.yurao.pro","com.niven.translator","com.google.android.apps.translate","com.gaminik.i18n","com.microsoft.translator","com.zaz.translate","com.niven.game","com.naver.labs.translator","com.immersivetranslate.browser","com.deepl.mobiletranslator","com.screen.translate.google","com.niven.apptranslate","at.nk.tools.iTranslate","ru.yandex.translate","com.datacomprojects.scanandtranslate","com.eecorp.taptranslator","com.translate.talkingtranslator"]},{"rank":{"index":2,"lang":"zh-hk","country":"hk","chineseCountryName":"香港","pkg":"com.spaceship.screen.textcopy"},"orders":["com.recognize_text.translate.screen","com.spaceship.screen.textcopy","com.tap_to_translate.snap_translate","com.google.android.apps.translate","com.newmg.yurao.pro","com.niven.translator","com.gaminik.i18n","com.microsoft.translator","com.zaz.translate","com.niven.game","com.deepl.mobiletranslator","com.immersivetranslate.browser","at.nk.tools.iTranslate","com.screen.translate.google","com.naver.labs.translator","com.niven.apptranslate","ru.yandex.translate","com.google.ar.lens","com.voice_camera_free_translate","com.mg.chat"]},{"rank":{"index":2,"lang":"zh-tw","country":"tw","chineseCountryName":"台湾","pkg":"com.spaceship.screen.textcopy"},"orders":["com.recognize_text.translate.screen","com.spaceship.screen.textcopy","com.newmg.yurao.pro","com.tap_to_translate.snap_translate","com.google.android.apps.translate","com.microsoft.translator","com.niven.translator","com.gaminik.i18n","com.niven.game","com.immersivetranslate.browser","com.deepl.mobiletranslator","com.zaz.translate","at.nk.tools.iTranslate","com.niven.apptranslate","com.screen.translate.google","com.naver.labs.translator","com.google.ar.lens","com.mg.chat","com.eecorp.taptranslator","com.translate.talkingtranslator"]},{"rank":{"index":2,"lang":"en","country":"in","chineseCountryName":"印度","pkg":"com.spaceship.screen.textcopy"},"orders":["com.recognize_text.translate.screen","com.spaceship.screen.textcopy","com.newmg.yurao.pro"]},{"rank":{"index":3,"lang":"id","country":"id","chineseCountryName":"印尼","pkg":"com.spaceship.screen.textcopy"},"orders":["com.recognize_text.translate.screen","com.tap_to_translate.snap_translate","com.spaceship.screen.textcopy","com.newmg.yurao.pro","com.gaminik.i18n","com.niven.translator","com.niven.game","com.deepl.mobiletranslator","com.zaz.translate","com.microsoft.translator","com.screen.translate.google"]},{"rank":{"index":2,"lang":"es-mx","country":"mx","chineseCountryName":"墨西哥","pkg":"com.spaceship.screen.textcopy"},"orders":["com.recognize_text.translate.screen","com.spaceship.screen.textcopy","com.tap_to_translate.snap_translate","com.newmg.yurao.pro","com.gaminik.i18n","com.niven.translator","com.microsoft.translator","com.niven.game","com.deepl.mobiletranslator","com.google.android.apps.translate","com.immersivetranslate.browser","com.zaz.translate","com.niven.apptranslate","com.screen.translate.google","com.mg.chat","com.eecorp.taptranslator","at.nk.tools.iTranslate","ru.yandex.translate","camtranslator.voice.text.image.translate","com.google.ar.lens"]}]