[{"rank":{"index":2,"lang":"en-us","country":"us","chineseCountryName":"美国","pkg":"com.spaceship.screen.textcopy"},"orders":["com.recognize_text.translate.screen","com.spaceship.screen.textcopy","com.tap_to_translate.snap_translate","com.google.android.apps.translate","com.gaminik.i18n","com.niven.translator","screen.translator.voice.translate","com.niven.game","com.microsoft.translator","com.newmg.yurao.pro","com.niven.comic","com.niven.apptranslate","at.nk.tools.iTranslate","com.zaz.translate","com.screen.translate.google","com.naver.labs.translator","com.datacomprojects.scanandtranslate","com.deepl.mobiletranslator","com.facebook.orca","com.translate.talkingtranslator"]},{"rank":{"index":2,"lang":"ru","country":"ru","chineseCountryName":"俄罗斯","pkg":"com.spaceship.screen.textcopy"},"orders":["com.recognize_text.translate.screen","com.spaceship.screen.textcopy","com.tap_to_translate.snap_translate","com.gaminik.i18n","com.niven.translator","com.niven.game","com.newmg.yurao.pro","com.niven.comic","ru.yandex.translate","com.niven.apptranslate","com.google.android.apps.translate","com.screen.translate.google","com.microsoft.translator","com.deepl.mobiletranslator","com.google.android.apps.photos","com.facebook.orca","us.zoom.videomeetings","com.google.android.dialer","com.android.chrome","com.microblink.photomath"]},{"rank":{"index":2,"lang":"fr","country":"fr","chineseCountryName":"法国","pkg":"com.spaceship.screen.textcopy"},"orders":["com.recognize_text.translate.screen","com.spaceship.screen.textcopy","com.tap_to_translate.snap_translate","com.niven.game","com.gaminik.i18n","com.niven.translator","com.niven.comic","com.newmg.yurao.pro","com.google.android.apps.translate","com.niven.apptranslate","com.microsoft.translator","com.screen.translate.google","com.deepl.mobiletranslator","at.nk.tools.iTranslate","com.facebook.orca","com.youdao.hindict","com.softissimo.reverso.context","us.zoom.videomeetings","com.discord","com.microsoft.office.outlook"]},{"rank":{"index":2,"lang":"en-gb","country":"gb","chineseCountryName":"英国","pkg":"com.spaceship.screen.textcopy"},"orders":["com.recognize_text.translate.screen","com.spaceship.screen.textcopy","com.gaminik.i18n","com.niven.game","com.google.android.apps.translate","com.niven.translator","com.tap_to_translate.snap_translate","com.microsoft.translator","com.niven.comic","com.newmg.yurao.pro","com.niven.apptranslate","at.nk.tools.iTranslate","com.zaz.translate","com.deepl.mobiletranslator","com.youdao.hindict","com.screen.translate.google","com.datacomprojects.scanandtranslate","com.sayhi.android.sayhitranslate","com.google.android.apps.maps","screen.translator.voice.translate"]},{"rank":{"index":2,"lang":"de","country":"de","chineseCountryName":"德国","pkg":"com.spaceship.screen.textcopy"},"orders":["com.recognize_text.translate.screen","com.spaceship.screen.textcopy","com.gaminik.i18n","com.niven.game","com.tap_to_translate.snap_translate","com.niven.translator","com.google.android.apps.translate","com.niven.comic","com.newmg.yurao.pro","com.microsoft.translator","com.niven.apptranslate","com.deepl.mobiletranslator","at.nk.tools.iTranslate","com.youdao.hindict","com.sayhi.android.sayhitranslate","com.screen.translate.google","com.datacomprojects.scanandtranslate","com.softissimo.reverso.context","ru.yandex.translate","us.zoom.videomeetings"]},{"rank":{"index":2,"lang":"it","country":"it","chineseCountryName":"意大利","pkg":"com.spaceship.screen.textcopy"},"orders":["com.recognize_text.translate.screen","com.spaceship.screen.textcopy","com.gaminik.i18n","com.niven.game","com.tap_to_translate.snap_translate","com.niven.translator","com.google.android.apps.translate","com.niven.comic","com.newmg.yurao.pro","com.niven.apptranslate","com.microsoft.translator","com.deepl.mobiletranslator","com.screen.translate.google","com.translate.language.translator.voice.translation","at.nk.tools.iTranslate","com.flitto.app","com.softissimo.reverso.context","com.youdao.hindict","us.zoom.videomeetings","com.facebook.orca"]},{"rank":{"index":2,"lang":"ja","country":"jp","chineseCountryName":"日本","pkg":"com.spaceship.screen.textcopy"},"orders":["com.recognize_text.translate.screen","com.spaceship.screen.textcopy","com.tap_to_translate.snap_translate","com.gaminik.i18n","com.niven.translator","com.niven.game","com.niven.apptranslate","com.niven.comic","com.newmg.yurao.pro","com.microsoft.translator","com.google.android.apps.translate","com.facebook.orca","com.android.chrome","us.zoom.videomeetings","com.discord","com.google.android.apps.maps","com.twitter.android","com.deepl.mobiletranslator","at.nk.tools.iTranslate","com.amazon.kindle"]},{"rank":{"index":2,"lang":"ko","country":"kr","chineseCountryName":"韩国","pkg":"com.spaceship.screen.textcopy"},"orders":["com.recognize_text.translate.screen","com.spaceship.screen.textcopy","com.tap_to_translate.snap_translate","com.gaminik.i18n","com.niven.game","com.niven.apptranslate","com.niven.translator","com.newmg.yurao.pro","com.niven.comic","com.google.android.apps.translate","com.facebook.orca","us.zoom.videomeetings","com.screen.translate.google","com.naver.labs.translator","com.microsoft.translator","com.discord","com.twitter.android","com.android.chrome","com.sec.android.app.sbrowser","com.google.android.apps.photos"]},{"rank":{"index":2,"lang":"zh-hk","country":"hk","chineseCountryName":"香港","pkg":"com.spaceship.screen.textcopy"},"orders":["com.recognize_text.translate.screen","com.spaceship.screen.textcopy","com.niven.game","com.gaminik.i18n","com.tap_to_translate.snap_translate","com.niven.translator","com.google.android.apps.translate","com.microsoft.translator","com.newmg.yurao.pro","com.niven.comic","com.niven.apptranslate","at.nk.tools.iTranslate","com.screen.translate.google","com.deepl.mobiletranslator","com.android.chrome","com.google.android.apps.maps","com.youdao.hindict","com.datacomprojects.scanandtranslate","com.facebook.orca","us.zoom.videomeetings"]},{"rank":{"index":2,"lang":"zh-tw","country":"tw","chineseCountryName":"台湾","pkg":"com.spaceship.screen.textcopy"},"orders":["com.recognize_text.translate.screen","com.spaceship.screen.textcopy","com.tap_to_translate.snap_translate","com.niven.game","com.gaminik.i18n","com.niven.translator","com.niven.comic","com.newmg.yurao.pro","com.google.android.apps.translate","com.niven.apptranslate","com.microsoft.translator","com.screen.translate.google","com.youdao.hindict","at.nk.tools.iTranslate","com.facebook.orca","com.google.android.apps.maps","com.android.chrome","us.zoom.videomeetings","com.discord","com.twitter.android"]},{"rank":{"index":3,"lang":"en","country":"in","chineseCountryName":"印度","pkg":"com.spaceship.screen.textcopy"},"orders":["com.recognize_text.translate.screen","com.tap_to_translate.snap_translate","com.spaceship.screen.textcopy","com.google.android.apps.translate","com.newmg.yurao.pro","com.gaminik.i18n"]},{"rank":{"index":2,"lang":"id","country":"id","chineseCountryName":"印尼","pkg":"com.spaceship.screen.textcopy"},"orders":["com.recognize_text.translate.screen","com.spaceship.screen.textcopy","com.tap_to_translate.snap_translate","com.gaminik.i18n","com.niven.game","com.newmg.yurao.pro","com.niven.translator","com.google.android.apps.translate"]},{"rank":{"index":2,"lang":"es-mx","country":"mx","chineseCountryName":"墨西哥","pkg":"com.spaceship.screen.textcopy"},"orders":["com.recognize_text.translate.screen","com.spaceship.screen.textcopy","com.tap_to_translate.snap_translate","com.niven.game","com.google.android.apps.translate","com.niven.translator","com.youdao.hindict","com.niven.comic","com.microsoft.translator","at.nk.tools.iTranslate","com.deepl.mobiletranslator","com.flitto.app","ru.yandex.translate","com.sayhi.android.sayhitranslate","com.naver.labs.translator","com.newmg.yurao.pro","com.ticktalk.translatevoice","com.softissimo.reverso.context","com.translate.talkingtranslator","com.gaminik.i18n"]}]