[{"rank":{"index":2,"lang":"en-us","country":"us","chineseCountryName":"美国","pkg":"com.spaceship.screen.textcopy"},"orders":["com.recognize_text.translate.screen","com.spaceship.screen.textcopy","com.tap_to_translate.snap_translate","com.google.android.apps.translate","com.niven.translator","com.newmg.yurao.pro","com.microsoft.translator","com.gaminik.i18n","com.niven.game","com.zaz.translate","com.niven.apptranslate","com.immersivetranslate.browser","com.screen.translate.google","com.eecorp.linguago","com.naver.labs.translator","link.zhidou.btranslator","com.deepl.mobiletranslator","com.voice_camera_free_translate","ru.yandex.translate","com.tangdi.baiguotong"]},{"rank":{"index":0,"lang":"ru","country":"ru","chineseCountryName":"俄罗斯","pkg":"com.spaceship.screen.textcopy"},"orders":["com.recognize_text.translate.screen","com.niven.translator","com.tap_to_translate.snap_translate","com.newmg.yurao.pro","com.google.android.apps.translate","com.gaminik.i18n","com.microsoft.translator","com.niven.game","ru.yandex.translate","com.niven.apptranslate","com.eecorp.linguago","com.immersivetranslate.browser","com.deepl.mobiletranslator","com.zaz.translate","com.screen.translate.google","com.voice_camera_free_translate","com.tangdi.baiguotong","com.datacomprojects.scanandtranslate","com.google.ar.lens","at.nk.tools.iTranslate"]},{"rank":{"index":2,"lang":"pt-br","country":"br","chineseCountryName":"巴西","pkg":"com.spaceship.screen.textcopy"},"orders":["com.recognize_text.translate.screen","com.spaceship.screen.textcopy","com.tap_to_translate.snap_translate","com.niven.translator","com.gaminik.i18n","com.newmg.yurao.pro","com.microsoft.translator","com.google.android.apps.translate","com.niven.game","com.niven.apptranslate","com.eecorp.linguago","com.screen.translate.google","com.immersivetranslate.browser","com.zaz.translate","com.deepl.mobiletranslator","com.tangdi.baiguotong","com.voice_camera_free_translate","com.eecorp.taptranslator","com.google.ar.lens","ru.yandex.translate"]},{"rank":{"index":2,"lang":"fr","country":"fr","chineseCountryName":"法国","pkg":"com.spaceship.screen.textcopy"},"orders":["com.recognize_text.translate.screen","com.spaceship.screen.textcopy","com.tap_to_translate.snap_translate","com.newmg.yurao.pro","com.gaminik.i18n","com.niven.translator","com.microsoft.translator","com.google.android.apps.translate","com.eecorp.linguago","com.niven.apptranslate","com.zaz.translate","com.screen.translate.google","com.niven.game","com.deepl.mobiletranslator","com.eecorp.taptranslator","com.immersivetranslate.browser","ru.yandex.translate","com.google.ar.lens","com.openai.chatgpt","com.android.chrome"]},{"rank":{"index":2,"lang":"en-gb","country":"gb","chineseCountryName":"英国","pkg":"com.spaceship.screen.textcopy"},"orders":["com.recognize_text.translate.screen","com.spaceship.screen.textcopy","com.tap_to_translate.snap_translate","com.newmg.yurao.pro","com.google.android.apps.translate","com.microsoft.translator","com.niven.translator","com.gaminik.i18n","com.zaz.translate","com.niven.game","com.immersivetranslate.browser","com.niven.apptranslate","com.deepl.mobiletranslator","com.eecorp.linguago","com.screen.translate.google","at.nk.tools.iTranslate","com.voice_camera_free_translate","ru.yandex.translate","com.tangdi.baiguotong","link.zhidou.btranslator"]},{"rank":{"index":2,"lang":"de","country":"de","chineseCountryName":"德国","pkg":"com.spaceship.screen.textcopy"},"orders":["com.recognize_text.translate.screen","com.spaceship.screen.textcopy","com.tap_to_translate.snap_translate","com.newmg.yurao.pro","com.niven.translator","com.gaminik.i18n","com.google.android.apps.translate","com.microsoft.translator","com.niven.game","com.eecorp.linguago","com.immersivetranslate.browser","com.niven.apptranslate","com.zaz.translate","com.screen.translate.google","com.deepl.mobiletranslator","ru.yandex.translate","com.voice_camera_free_translate","com.eecorp.taptranslator","com.tangdi.baiguotong","at.nk.tools.iTranslate"]},{"rank":{"index":2,"lang":"it","country":"it","chineseCountryName":"意大利","pkg":"com.spaceship.screen.textcopy"},"orders":["com.recognize_text.translate.screen","com.spaceship.screen.textcopy","com.tap_to_translate.snap_translate","com.newmg.yurao.pro","com.gaminik.i18n","com.niven.translator","com.niven.game","com.microsoft.translator","com.google.android.apps.translate","com.niven.apptranslate","com.eecorp.linguago","com.screen.translate.google","com.tangdi.baiguotong","com.immersivetranslate.browser","com.zaz.translate","com.voice_camera_free_translate","com.deepl.mobiletranslator","com.eecorp.taptranslator","com.openai.chatgpt","ru.yandex.translate"]},{"rank":{"index":2,"lang":"ja","country":"jp","chineseCountryName":"日本","pkg":"com.spaceship.screen.textcopy"},"orders":["com.recognize_text.translate.screen","com.spaceship.screen.textcopy","com.tap_to_translate.snap_translate","com.newmg.yurao.pro","com.niven.translator","com.gaminik.i18n","com.google.android.apps.translate","com.deepl.mobiletranslator","com.microsoft.translator","com.niven.game","com.niven.apptranslate"]},{"rank":{"index":3,"lang":"ko","country":"kr","chineseCountryName":"韩国","pkg":"com.spaceship.screen.textcopy"},"orders":["com.recognize_text.translate.screen","com.tap_to_translate.snap_translate","com.spaceship.screen.textcopy","com.newmg.yurao.pro","com.niven.translator","com.gaminik.i18n","com.niven.game","com.eecorp.linguago","com.niven.apptranslate","com.microsoft.translator","com.naver.labs.translator","com.immersivetranslate.browser","com.google.android.apps.translate","com.screen.translate.google","com.zaz.translate","com.eecorp.taptranslator","com.deepl.mobiletranslator","com.openai.chatgpt","com.google.ar.lens","ru.yandex.translate"]},{"rank":{"index":2,"lang":"zh-hk","country":"hk","chineseCountryName":"香港","pkg":"com.spaceship.screen.textcopy"},"orders":["com.recognize_text.translate.screen","com.spaceship.screen.textcopy","com.newmg.yurao.pro","com.microsoft.translator","com.google.android.apps.translate","com.niven.translator","com.tap_to_translate.snap_translate","com.gaminik.i18n","com.niven.game","com.immersivetranslate.browser","com.tangdi.baiguotong","com.niven.apptranslate","com.eecorp.linguago","com.zaz.translate","com.screen.translate.google","com.naver.labs.translator","com.datacomprojects.scanandtranslate","at.nk.tools.iTranslate","com.deepl.mobiletranslator","com.youdao.hindict"]},{"rank":{"index":2,"lang":"zh-tw","country":"tw","chineseCountryName":"台湾","pkg":"com.spaceship.screen.textcopy"},"orders":["com.recognize_text.translate.screen","com.spaceship.screen.textcopy","com.newmg.yurao.pro","com.tap_to_translate.snap_translate","com.microsoft.translator","com.niven.translator","com.gaminik.i18n","com.google.android.apps.translate","com.niven.game","com.immersivetranslate.browser","com.niven.apptranslate","com.eecorp.linguago","com.screen.translate.google","com.tangdi.baiguotong","com.voice_camera_free_translate","com.zaz.translate","com.naver.labs.translator","com.deepl.mobiletranslator","at.nk.tools.iTranslate","com.eecorp.taptranslator"]},{"rank":{"index":2,"lang":"en","country":"in","chineseCountryName":"印度","pkg":"com.spaceship.screen.textcopy"},"orders":["com.recognize_text.translate.screen","com.spaceship.screen.textcopy","com.newmg.yurao.pro"]},{"rank":{"index":2,"lang":"id","country":"id","chineseCountryName":"印尼","pkg":"com.spaceship.screen.textcopy"},"orders":["com.recognize_text.translate.screen","com.spaceship.screen.textcopy","com.tap_to_translate.snap_translate","com.newmg.yurao.pro","com.gaminik.i18n","com.niven.translator","com.google.android.apps.translate","com.niven.game","com.niven.apptranslate","com.eecorp.linguago","com.screen.translate.google","com.microsoft.translator","com.eecorp.taptranslator","com.deepl.mobiletranslator","com.niven.comic","com.zaz.translate","com.voice_camera_free_translate","com.naver.labs.translator","com.immersivetranslate.browser","at.nk.tools.iTranslate"]},{"rank":{"index":1,"lang":"es-mx","country":"mx","chineseCountryName":"墨西哥","pkg":"com.spaceship.screen.textcopy"},"orders":["com.spaceship.screen.textcopy","com.recognize_text.translate.screen","com.tap_to_translate.snap_translate","com.niven.translator","com.newmg.yurao.pro","com.gaminik.i18n","com.google.android.apps.translate","com.niven.game","com.niven.apptranslate","com.microsoft.translator","com.eecorp.linguago","com.screen.translate.google","com.immersivetranslate.browser","com.deepl.mobiletranslator","com.zaz.translate","com.eecorp.taptranslator","com.google.ar.lens","com.voice_camera_free_translate","com.android.chrome","com.tangdi.baiguotong"]}]