[{"rank":{"index":2,"lang":"en-us","country":"us","chineseCountryName":"美国","pkg":"com.spaceship.screen.textcopy"},"orders":["com.recognize_text.translate.screen","com.spaceship.screen.textcopy","com.tap_to_translate.snap_translate","com.gaminik.i18n","com.mg.yurao.google","com.microsoft.translator","com.google.android.apps.translate","com.niven.game","com.niven.translator","com.eecorp.linguago","screen.translator.voice.translate","com.niven.comic","com.translator.yellow","com.niven.apptranslate","com.newmg.yurao.pro","com.eecorp.taptranslator","at.nk.tools.iTranslate"]},{"rank":{"index":3,"lang":"ru","country":"ru","chineseCountryName":"俄罗斯","pkg":"com.spaceship.screen.textcopy"},"orders":["com.recognize_text.translate.screen","com.tap_to_translate.snap_translate","com.spaceship.screen.textcopy","com.google.android.apps.translate","com.microsoft.translator","com.niven.translator","com.gaminik.i18n","com.niven.game","com.niven.comic","com.eecorp.linguago","screen.translator.voice.translate","ru.yandex.translate","com.niven.apptranslate"]},{"rank":{"index":3,"lang":"pt-br","country":"br","chineseCountryName":"巴西","pkg":"com.spaceship.screen.textcopy"},"orders":["com.recognize_text.translate.screen","com.tap_to_translate.snap_translate","com.spaceship.screen.textcopy","com.gaminik.i18n","com.mg.yurao.google","com.niven.game","com.niven.translator","com.niven.comic","com.eecorp.linguago","com.niven.apptranslate","com.google.android.apps.translate","screen.translator.voice.translate","com.microsoft.translator","com.youdao.hindict","com.pidev.screentranslator","com.deepl.mobiletranslator","com.zaz.translate","com.newmg.yurao.pro","com.tranit.text.translate","at.nk.tools.iTranslate"]},{"rank":{"index":2,"lang":"fr","country":"fr","chineseCountryName":"法国","pkg":"com.spaceship.screen.textcopy"},"orders":["com.recognize_text.translate.screen","com.spaceship.screen.textcopy","com.gaminik.i18n","com.tap_to_translate.snap_translate","com.mg.yurao.google","com.niven.game","com.niven.comic","com.eecorp.linguago","com.niven.translator","com.translator.yellow","com.microsoft.translator","screen.translator.voice.translate","com.niven.apptranslate","com.newmg.yurao.pro","com.eecorp.taptranslator","com.google.android.apps.translate"]},{"rank":{"index":2,"lang":"en-gb","country":"gb","chineseCountryName":"英国","pkg":"com.spaceship.screen.textcopy"},"orders":["com.recognize_text.translate.screen","com.spaceship.screen.textcopy","com.tap_to_translate.snap_translate","com.google.android.apps.translate","com.microsoft.translator","screen.translator.voice.translate","com.gaminik.i18n","com.mg.yurao.google","com.niven.translator","com.niven.game","com.eecorp.linguago","com.niven.comic"]},{"rank":{"index":2,"lang":"de","country":"de","chineseCountryName":"德国","pkg":"com.spaceship.screen.textcopy"},"orders":["com.recognize_text.translate.screen","com.spaceship.screen.textcopy","com.gaminik.i18n","com.mg.yurao.google","com.niven.game","com.tap_to_translate.snap_translate","com.niven.translator","com.niven.comic","com.eecorp.linguago","com.microsoft.translator","com.niven.apptranslate","screen.translator.voice.translate","com.newmg.yurao.pro","com.translator.yellow"]},{"rank":{"index":2,"lang":"it","country":"it","chineseCountryName":"意大利","pkg":"com.spaceship.screen.textcopy"},"orders":["com.recognize_text.translate.screen","com.spaceship.screen.textcopy","com.gaminik.i18n","com.niven.game","com.mg.yurao.google","screen.translator.voice.translate","com.tap_to_translate.snap_translate","com.eecorp.linguago","com.niven.comic","com.niven.translator","com.niven.apptranslate","com.microsoft.translator","com.translator.yellow","com.eecorp.taptranslator"]},{"rank":{"index":3,"lang":"ja","country":"jp","chineseCountryName":"日本","pkg":"com.spaceship.screen.textcopy"},"orders":["com.recognize_text.translate.screen","com.tap_to_translate.snap_translate","com.spaceship.screen.textcopy","com.eecorp.taptranslator","com.mg.yurao.google","com.gaminik.i18n","com.niven.game","com.niven.translator","com.eecorp.linguago","com.niven.comic","com.google.android.apps.translate","com.niven.apptranslate"]},{"rank":{"index":2,"lang":"ko","country":"kr","chineseCountryName":"韩国","pkg":"com.spaceship.screen.textcopy"},"orders":["com.recognize_text.translate.screen","com.spaceship.screen.textcopy","com.tap_to_translate.snap_translate","com.mg.yurao.google","com.gaminik.i18n","com.niven.game","com.niven.translator","com.microsoft.translator","com.eecorp.linguago","com.google.android.apps.translate","com.niven.comic","com.naver.labs.translator","com.newmg.yurao.pro","com.niven.apptranslate"]},{"rank":{"index":2,"lang":"zh-hk","country":"hk","chineseCountryName":"香港","pkg":"com.spaceship.screen.textcopy"},"orders":["com.recognize_text.translate.screen","com.spaceship.screen.textcopy","com.mg.yurao.google","com.gaminik.i18n","com.niven.game","com.microsoft.translator","com.tap_to_translate.snap_translate","com.google.android.apps.translate","com.niven.translator","com.eecorp.linguago","com.niven.comic","com.niven.apptranslate","com.newmg.yurao.pro","screen.translator.voice.translate"]},{"rank":{"index":4,"lang":"zh-tw","country":"tw","chineseCountryName":"台湾","pkg":"com.spaceship.screen.textcopy"},"orders":["com.recognize_text.translate.screen","com.mg.yurao.google","com.tap_to_translate.snap_translate","com.spaceship.screen.textcopy","com.niven.game","com.gaminik.i18n","com.niven.translator","com.google.android.apps.translate","com.niven.comic","com.eecorp.linguago","com.microsoft.translator","com.niven.apptranslate","com.newmg.yurao.pro"]},{"rank":{"index":3,"lang":"en","country":"in","chineseCountryName":"印度","pkg":"com.spaceship.screen.textcopy"},"orders":["com.recognize_text.translate.screen","com.tap_to_translate.snap_translate","com.spaceship.screen.textcopy","com.google.android.apps.translate","screen.translator.voice.translate","com.mg.yurao.google","com.gaminik.i18n","com.niven.game","com.niven.translator"]},{"rank":{"index":2,"lang":"id","country":"id","chineseCountryName":"印尼","pkg":"com.spaceship.screen.textcopy"},"orders":["com.recognize_text.translate.screen","com.spaceship.screen.textcopy","com.gaminik.i18n","com.mg.yurao.google","com.tap_to_translate.snap_translate","com.eecorp.linguago","com.niven.game","com.niven.translator","com.niven.comic","com.newmg.yurao.pro","com.niven.apptranslate"]},{"rank":{"index":4,"lang":"es-mx","country":"mx","chineseCountryName":"墨西哥","pkg":"com.spaceship.screen.textcopy"},"orders":["com.recognize_text.translate.screen","com.gaminik.i18n","com.tap_to_translate.snap_translate","com.spaceship.screen.textcopy","com.niven.game","com.mg.yurao.google","com.niven.translator","com.niven.comic","com.eecorp.linguago","screen.translator.voice.translate","com.niven.apptranslate","com.translator.translation.screen.translate.voice.languages.text.translating","com.microsoft.translator","com.pidev.screentranslator","com.google.android.apps.translate","at.nk.tools.iTranslate"]}]