[{"rank":{"index":10,"lang":"en-us","country":"us","chineseCountryName":"美国","pkg":"com.spaceship.screen.textcopy"},"orders":["com.recognize_text.translate.screen","com.tap_to_translate.snap_translate","com.gaminik.i18n","com.mg.yurao.google","com.google.android.apps.translate","com.niven.translator","com.microsoft.translator","com.newmg.yurao.pro","com.niven.apptranslate","com.spaceship.screen.textcopy","screen.translator.voice.translate","com.zaz.translate","com.eecorp.linguago","com.naver.labs.translator","com.galaxy.airviewdictionary","com.tranit.text.translate","com.voice_camera_free_translate","com.datacomprojects.scanandtranslate","com.niven.game","com.niven.comic"]},{"rank":{"index":6,"lang":"ru","country":"ru","chineseCountryName":"俄罗斯","pkg":"com.spaceship.screen.textcopy"},"orders":["com.recognize_text.translate.screen","com.tap_to_translate.snap_translate","com.niven.translator","com.gaminik.i18n","com.niven.apptranslate","com.spaceship.screen.textcopy","com.microsoft.translator","com.eecorp.linguago","ru.yandex.translate","screen.translator.voice.translate","com.tranit.text.translate","com.zaz.translate","com.niven.comic","com.google.android.apps.translate","com.copy.paste.ocr.screen.text.copypastetrial","com.niven.game","com.chat_translate.screen_translate","translator.text.all.languagetranslator.voice.translation","com.tangdi.baiguotong","com.appspell.screentranslator"]},{"rank":{"index":8,"lang":"pt-br","country":"br","chineseCountryName":"巴西","pkg":"com.spaceship.screen.textcopy"},"orders":["com.recognize_text.translate.screen","com.tap_to_translate.snap_translate","com.mg.yurao.google","com.niven.translator","com.gaminik.i18n","com.niven.apptranslate","com.newmg.yurao.pro","com.spaceship.screen.textcopy","com.galaxy.airviewdictionary","screen.translator.voice.translate","com.eecorp.linguago","com.microsoft.translator","com.zaz.translate","com.google.android.apps.translate","com.tranit.text.translate","com.niven.game","com.voice_camera_free_translate","com.niven.comic","com.youdao.hindict","com.chat_translate.screen_translate"]},{"rank":{"index":8,"lang":"fr","country":"fr","chineseCountryName":"法国","pkg":"com.spaceship.screen.textcopy"},"orders":["com.recognize_text.translate.screen","com.tap_to_translate.snap_translate","com.gaminik.i18n","com.mg.yurao.google","com.niven.translator","com.niven.apptranslate","com.newmg.yurao.pro","com.spaceship.screen.textcopy","screen.translator.voice.translate","com.microsoft.translator","com.google.android.apps.translate","com.eecorp.linguago","com.zaz.translate"]},{"rank":{"index":11,"lang":"en-gb","country":"gb","chineseCountryName":"英国","pkg":"com.spaceship.screen.textcopy"},"orders":["com.recognize_text.translate.screen","com.tap_to_translate.snap_translate","com.google.android.apps.translate","com.mg.yurao.google","com.niven.translator","com.gaminik.i18n","com.microsoft.translator","com.newmg.yurao.pro","com.niven.apptranslate","screen.translator.voice.translate","com.spaceship.screen.textcopy","com.zaz.translate","com.eecorp.linguago","com.tranit.text.translate","com.voice_camera_free_translate","com.galaxy.airviewdictionary","com.naver.labs.translator","com.datacomprojects.scanandtranslate","com.deepl.mobiletranslator","com.niven.game"]},{"rank":{"index":6,"lang":"de","country":"de","chineseCountryName":"德国","pkg":"com.spaceship.screen.textcopy"},"orders":["com.recognize_text.translate.screen","com.mg.yurao.google","com.tap_to_translate.snap_translate","com.niven.translator","com.gaminik.i18n","com.spaceship.screen.textcopy","com.newmg.yurao.pro","com.niven.apptranslate","com.microsoft.translator","com.google.android.apps.translate","com.eecorp.linguago","screen.translator.voice.translate","com.zaz.translate","com.voice_camera_free_translate","com.tranit.text.translate","com.niven.comic","com.niven.game","com.datacomprojects.scanandtranslate","ru.yandex.translate","at.nk.tools.iTranslate"]},{"rank":{"index":6,"lang":"it","country":"it","chineseCountryName":"意大利","pkg":"com.spaceship.screen.textcopy"},"orders":["com.recognize_text.translate.screen","com.tap_to_translate.snap_translate","com.niven.translator","com.mg.yurao.google","com.gaminik.i18n","com.spaceship.screen.textcopy","com.niven.apptranslate","com.newmg.yurao.pro","com.google.android.apps.translate","com.microsoft.translator","com.zaz.translate","screen.translator.voice.translate","com.eecorp.linguago","at.nk.tools.iTranslate","com.voice_camera_free_translate","com.niven.comic","com.naver.labs.translator","com.datacomprojects.scanandtranslate","com.tranit.text.translate","com.niven.game"]},{"rank":{"index":12,"lang":"ja","country":"jp","chineseCountryName":"日本","pkg":"com.spaceship.screen.textcopy"},"orders":["com.recognize_text.translate.screen","com.tap_to_translate.snap_translate","com.mg.yurao.google","com.niven.translator","com.gaminik.i18n","com.niven.apptranslate","com.newmg.yurao.pro","com.microsoft.translator","com.eecorp.linguago","screen.translator.voice.translate","com.google.android.apps.translate","com.spaceship.screen.textcopy","com.naver.labs.translator","com.datacomprojects.scanandtranslate","com.youdao.hindict","com.tranit.text.translate","com.chat_translate.screen_translate","com.galaxy.airviewdictionary","com.niven.game","com.abbyy.mobile.textgrabber.full"]},{"rank":{"index":7,"lang":"ko","country":"kr","chineseCountryName":"韩国","pkg":"com.spaceship.screen.textcopy"},"orders":["com.recognize_text.translate.screen","com.tap_to_translate.snap_translate","com.niven.translator","com.gaminik.i18n","com.mg.yurao.google","com.niven.apptranslate","com.spaceship.screen.textcopy","com.newmg.yurao.pro","com.microsoft.translator","com.eecorp.linguago","screen.translator.voice.translate","com.naver.labs.translator","com.google.android.apps.translate","com.zaz.translate","com.voice_camera_free_translate","com.datacomprojects.scanandtranslate","com.tranit.text.translate","com.youdao.hindict","com.niven.comic","at.nk.tools.iTranslate"]},{"rank":{"index":9,"lang":"zh-hk","country":"hk","chineseCountryName":"香港","pkg":"com.spaceship.screen.textcopy"},"orders":["com.recognize_text.translate.screen","com.tap_to_translate.snap_translate","com.mg.yurao.google","com.niven.translator","com.newmg.yurao.pro","com.gaminik.i18n","com.niven.apptranslate","com.google.android.apps.translate","com.spaceship.screen.textcopy","com.microsoft.translator","com.voice_camera_free_translate","com.naver.labs.translator","screen.translator.voice.translate","com.eecorp.linguago","com.zaz.translate","com.tranit.text.translate","com.niven.game","com.niven.comic","at.nk.tools.iTranslate","com.datacomprojects.scanandtranslate"]},{"rank":{"index":11,"lang":"zh-tw","country":"tw","chineseCountryName":"台湾","pkg":"com.spaceship.screen.textcopy"},"orders":["com.recognize_text.translate.screen","com.mg.yurao.google","com.tap_to_translate.snap_translate","com.niven.translator","com.gaminik.i18n","com.niven.apptranslate","com.newmg.yurao.pro","com.google.android.apps.translate","com.microsoft.translator","com.voice_camera_free_translate","com.spaceship.screen.textcopy","com.naver.labs.translator","com.eecorp.linguago","screen.translator.voice.translate","com.zaz.translate","com.niven.comic","com.niven.game","com.tranit.text.translate","com.datacomprojects.scanandtranslate","com.youdao.hindict"]},{"rank":{"index":10,"lang":"en","country":"in","chineseCountryName":"印度","pkg":"com.spaceship.screen.textcopy"},"orders":["com.recognize_text.translate.screen","com.tap_to_translate.snap_translate","com.google.android.apps.translate","com.mg.yurao.google","screen.translator.voice.translate","com.gaminik.i18n","com.newmg.yurao.pro","com.niven.translator","com.microsoft.translator","com.spaceship.screen.textcopy","com.niven.apptranslate","com.zaz.translate","com.galaxy.airviewdictionary","com.tranit.text.translate","com.eecorp.linguago","com.voice_camera_free_translate","com.datacomprojects.scanandtranslate","com.niven.game","com.sayhi.android.sayhitranslate","com.translator.translation.screen.translate.voice.languages.text.translating"]},{"rank":{"index":7,"lang":"id","country":"id","chineseCountryName":"印尼","pkg":"com.spaceship.screen.textcopy"},"orders":["com.recognize_text.translate.screen","com.tap_to_translate.snap_translate","com.mg.yurao.google","com.gaminik.i18n","com.newmg.yurao.pro","com.niven.translator","com.spaceship.screen.textcopy","com.google.android.apps.translate","com.niven.apptranslate","com.microsoft.translator","com.naver.labs.translator","com.eecorp.linguago","screen.translator.voice.translate","com.tranit.text.translate","com.zaz.translate","com.abbyy.mobile.textgrabber.full","com.youdao.hindict","at.nk.tools.iTranslate","com.datacomprojects.scanandtranslate","ru.yandex.translate"]},{"rank":{"index":6,"lang":"es-mx","country":"mx","chineseCountryName":"墨西哥","pkg":"com.spaceship.screen.textcopy"},"orders":["com.recognize_text.translate.screen","com.tap_to_translate.snap_translate","com.niven.translator","com.mg.yurao.google","com.gaminik.i18n","com.spaceship.screen.textcopy","com.niven.apptranslate","com.newmg.yurao.pro","com.tranit.text.translate","com.microsoft.translator","com.youdao.hindict","com.eecorp.linguago","com.zaz.translate","screen.translator.voice.translate","at.nk.tools.iTranslate","com.google.android.apps.translate","com.niven.game","com.niven.comic","com.naver.labs.translator","com.kursx.smartbook"]}]