[{"rank":{"index":2,"lang":"en-us","country":"us","chineseCountryName":"美国","pkg":"com.spaceship.screen.textcopy"},"orders":["com.recognize_text.translate.screen","com.spaceship.screen.textcopy","com.tap_to_translate.snap_translate","com.google.android.apps.translate","com.gaminik.i18n","com.niven.translator","com.niven.game","screen.translator.voice.translate","com.microsoft.translator","com.newmg.yurao.pro","com.screen.translate.google","com.niven.comic","com.niven.apptranslate","com.facebook.orca","us.zoom.videomeetings","com.android.chrome","com.google.android.apps.maps","com.google.android.apps.photos","com.discord","com.google.android.dialer"]},{"rank":{"index":2,"lang":"ru","country":"ru","chineseCountryName":"俄罗斯","pkg":"com.spaceship.screen.textcopy"},"orders":["com.recognize_text.translate.screen","com.spaceship.screen.textcopy","com.tap_to_translate.snap_translate","com.gaminik.i18n","com.niven.translator","com.niven.game","com.newmg.yurao.pro","com.niven.apptranslate","ru.yandex.translate","com.niven.comic","com.screen.translate.google","com.google.android.apps.translate","us.zoom.videomeetings","com.facebook.orca","com.android.chrome","com.discord","com.google.android.apps.photos","com.google.android.dialer","com.truecaller","com.google.android.apps.kids.familylink"]},{"rank":{"index":2,"lang":"fr","country":"fr","chineseCountryName":"法国","pkg":"com.spaceship.screen.textcopy"},"orders":["com.recognize_text.translate.screen","com.spaceship.screen.textcopy","com.tap_to_translate.snap_translate","com.niven.game","com.gaminik.i18n","com.niven.translator","com.google.android.apps.translate","com.newmg.yurao.pro","com.microsoft.translator","com.niven.apptranslate","com.screen.translate.google","com.facebook.orca","us.zoom.videomeetings","com.discord","com.android.chrome","com.google.android.apps.photos","com.microsoft.office.outlook","com.truecaller","com.google.android.apps.maps","com.ubercab"]},{"rank":{"index":2,"lang":"en-gb","country":"gb","chineseCountryName":"英国","pkg":"com.spaceship.screen.textcopy"},"orders":["com.recognize_text.translate.screen","com.spaceship.screen.textcopy","com.gaminik.i18n","com.google.android.apps.translate","com.tap_to_translate.snap_translate","com.niven.translator","com.niven.game","screen.translator.voice.translate","com.microsoft.translator","com.newmg.yurao.pro","com.niven.apptranslate","com.screen.translate.google","com.niven.comic","com.facebook.orca","us.zoom.videomeetings","com.android.chrome","com.google.android.apps.maps","com.discord","com.microsoft.office.outlook","com.google.android.apps.photos"]},{"rank":{"index":2,"lang":"de","country":"de","chineseCountryName":"德国","pkg":"com.spaceship.screen.textcopy"},"orders":["com.recognize_text.translate.screen","com.spaceship.screen.textcopy","com.gaminik.i18n","com.tap_to_translate.snap_translate","com.niven.game","com.niven.translator","com.google.android.apps.translate","com.niven.apptranslate","com.microsoft.translator","com.newmg.yurao.pro","com.niven.comic","com.screen.translate.google","us.zoom.videomeetings","com.facebook.orca","com.deepl.mobiletranslator","com.discord","com.android.chrome","com.google.android.apps.photos","com.google.android.apps.maps","com.microsoft.office.outlook"]},{"rank":{"index":2,"lang":"it","country":"it","chineseCountryName":"意大利","pkg":"com.spaceship.screen.textcopy"},"orders":["com.recognize_text.translate.screen","com.spaceship.screen.textcopy","com.gaminik.i18n","com.tap_to_translate.snap_translate","com.niven.game","com.niven.translator","com.google.android.apps.translate","com.niven.apptranslate","com.screen.translate.google","com.newmg.yurao.pro","com.microsoft.translator","com.niven.comic","us.zoom.videomeetings","com.facebook.orca","com.discord","com.google.android.apps.photos","com.microsoft.office.outlook","com.android.chrome","com.amazon.kindle","com.google.android.dialer"]},{"rank":{"index":2,"lang":"ja","country":"jp","chineseCountryName":"日本","pkg":"com.spaceship.screen.textcopy"},"orders":["com.recognize_text.translate.screen","com.spaceship.screen.textcopy","com.tap_to_translate.snap_translate","com.gaminik.i18n","com.niven.game","com.niven.translator","com.google.android.apps.translate","com.niven.apptranslate","com.niven.comic","com.newmg.yurao.pro","com.microsoft.translator","com.screen.translate.google","com.deepl.mobiletranslator","com.facebook.orca","us.zoom.videomeetings","com.android.chrome","com.discord","com.google.android.apps.maps","com.google.ar.lens","com.amazon.kindle"]},{"rank":{"index":2,"lang":"ko","country":"kr","chineseCountryName":"韩国","pkg":"com.spaceship.screen.textcopy"},"orders":["com.recognize_text.translate.screen","com.spaceship.screen.textcopy","com.tap_to_translate.snap_translate","com.gaminik.i18n","com.niven.game","com.screen.translate.google","com.niven.translator","com.niven.apptranslate","com.newmg.yurao.pro","com.google.android.apps.translate","com.niven.comic","us.zoom.videomeetings","com.facebook.orca","com.discord","com.android.chrome","com.naver.labs.translator","com.sec.android.app.sbrowser","com.google.android.apps.photos","com.ubercab","com.duolingo"]},{"rank":{"index":2,"lang":"zh-hk","country":"hk","chineseCountryName":"香港","pkg":"com.spaceship.screen.textcopy"},"orders":["com.recognize_text.translate.screen","com.spaceship.screen.textcopy","com.tap_to_translate.snap_translate","com.gaminik.i18n","com.niven.game","com.newmg.yurao.pro","com.niven.translator","com.google.android.apps.translate","com.android.chrome","com.microsoft.translator","com.facebook.orca","com.screen.translate.google","com.google.android.apps.maps","us.zoom.videomeetings","com.niven.apptranslate","com.discord","com.niven.comic","com.google.android.apps.photos","com.duolingo","com.microsoft.office.outlook"]},{"rank":{"index":2,"lang":"zh-tw","country":"tw","chineseCountryName":"台湾","pkg":"com.spaceship.screen.textcopy"},"orders":["com.recognize_text.translate.screen","com.spaceship.screen.textcopy","com.tap_to_translate.snap_translate","com.gaminik.i18n","com.niven.game","com.niven.translator","com.newmg.yurao.pro","com.google.android.apps.translate","com.niven.comic","com.screen.translate.google","com.niven.apptranslate","com.facebook.orca","com.microsoft.translator","com.discord","com.android.chrome","com.google.android.apps.maps","us.zoom.videomeetings","com.skype.raider","com.google.android.apps.photos","com.duolingo"]},{"rank":{"index":2,"lang":"en","country":"in","chineseCountryName":"印度","pkg":"com.spaceship.screen.textcopy"},"orders":["com.recognize_text.translate.screen","com.spaceship.screen.textcopy","com.tap_to_translate.snap_translate","com.google.android.apps.translate","com.newmg.yurao.pro","com.niven.translator","com.microsoft.translator","com.niven.game","at.nk.tools.iTranslate","com.gaminik.i18n"]},{"rank":{"index":2,"lang":"id","country":"id","chineseCountryName":"印尼","pkg":"com.spaceship.screen.textcopy"},"orders":["com.recognize_text.translate.screen","com.spaceship.screen.textcopy","com.tap_to_translate.snap_translate","com.gaminik.i18n","com.niven.game","com.niven.translator","com.newmg.yurao.pro","com.google.android.apps.translate"]},{"rank":{"index":2,"lang":"es-mx","country":"mx","chineseCountryName":"墨西哥","pkg":"com.spaceship.screen.textcopy"},"orders":["com.recognize_text.translate.screen","com.spaceship.screen.textcopy","com.tap_to_translate.snap_translate","com.niven.game","com.google.android.apps.translate","com.microsoft.translator","com.niven.translator","com.youdao.hindict","at.nk.tools.iTranslate","com.deepl.mobiletranslator","ru.yandex.translate","com.naver.labs.translator","com.softissimo.reverso.context","com.google.ar.lens","com.translate.talkingtranslator","com.google.android.marvin.talkback","com.sayhi.android.sayhitranslate","com.niven.comic","com.adobe.scan.android","com.gaminik.i18n"]}]