[{"rank":{"index":2,"lang":"en-us","country":"us","chineseCountryName":"美国","pkg":"com.spaceship.screen.textcopy"},"orders":["com.recognize_text.translate.screen","com.spaceship.screen.textcopy","com.niven.translator","com.tap_to_translate.snap_translate","com.google.android.apps.translate","com.screen.translate.google","com.newmg.yurao.pro","com.gaminik.i18n","com.immersivetranslate.browser","com.deepl.mobiletranslator","com.microsoft.translator","com.fapp.translate.language.translator.fasttranslation","com.zaz.translate","at.nk.tools.iTranslate","com.niven.game","com.niven.apptranslate","com.voice_camera_free_translate","com.naver.labs.translator","ru.yandex.translate","photo.translate.camera.translator"]},{"rank":{"index":0,"lang":"ru","country":"ru","chineseCountryName":"俄罗斯","pkg":"com.spaceship.screen.textcopy"},"orders":["com.recognize_text.translate.screen","com.niven.translator","com.tap_to_translate.snap_translate","com.newmg.yurao.pro","com.gaminik.i18n","com.screen.translate.google","com.niven.game","ru.yandex.translate","com.immersivetranslate.browser","com.google.android.apps.translate","com.deepl.mobiletranslator","com.niven.apptranslate"]},{"rank":{"index":2,"lang":"pt-br","country":"br","chineseCountryName":"巴西","pkg":"com.spaceship.screen.textcopy"},"orders":["com.recognize_text.translate.screen","com.spaceship.screen.textcopy","com.tap_to_translate.snap_translate","com.niven.translator","com.screen.translate.google","com.gaminik.i18n","com.newmg.yurao.pro","com.immersivetranslate.browser","com.niven.apptranslate","com.niven.game","com.google.android.apps.translate","com.voice_camera_free_translate","com.deepl.mobiletranslator","com.fapp.translate.language.translator.fasttranslation","com.zaz.translate","com.microsoft.teams","com.openai.chatgpt","com.amazon.kindle","com.ubercab","com.microsoft.translator"]},{"rank":{"index":2,"lang":"fr","country":"fr","chineseCountryName":"法国","pkg":"com.spaceship.screen.textcopy"},"orders":["com.recognize_text.translate.screen","com.spaceship.screen.textcopy","com.tap_to_translate.snap_translate","com.niven.translator","com.screen.translate.google","com.gaminik.i18n","com.newmg.yurao.pro","com.immersivetranslate.browser","com.google.android.apps.translate","com.niven.apptranslate","com.voice_camera_free_translate","com.fapp.translate.language.translator.fasttranslation","com.deepl.mobiletranslator","com.microsoft.translator","ru.yandex.translate","com.zaz.translate","com.netflix.mediaclient","com.openai.chatgpt","com.microsoft.teams","com.niven.game"]},{"rank":{"index":2,"lang":"en-gb","country":"gb","chineseCountryName":"英国","pkg":"com.spaceship.screen.textcopy"},"orders":["com.recognize_text.translate.screen","com.spaceship.screen.textcopy","com.tap_to_translate.snap_translate","com.niven.translator","com.newmg.yurao.pro","com.gaminik.i18n","com.screen.translate.google","com.google.android.apps.translate","com.immersivetranslate.browser","com.zaz.translate","com.fapp.translate.language.translator.fasttranslation","com.microsoft.translator","com.deepl.mobiletranslator","com.voice_camera_free_translate","com.niven.apptranslate","at.nk.tools.iTranslate","ru.yandex.translate","com.niven.game","photo.translate.camera.translator","com.naver.labs.translator"]},{"rank":{"index":3,"lang":"de","country":"de","chineseCountryName":"德国","pkg":"com.spaceship.screen.textcopy"},"orders":["com.recognize_text.translate.screen","com.niven.translator","com.spaceship.screen.textcopy","com.tap_to_translate.snap_translate","com.screen.translate.google","com.gaminik.i18n","com.newmg.yurao.pro","com.immersivetranslate.browser","com.deepl.mobiletranslator","com.fapp.translate.language.translator.fasttranslation","com.voice_camera_free_translate","com.niven.apptranslate","com.google.android.apps.translate","com.microsoft.translator","com.zaz.translate","ru.yandex.translate","com.niven.game","at.nk.tools.iTranslate","photo.translate.camera.translator","com.translate.talkingtranslator"]},{"rank":{"index":2,"lang":"it","country":"it","chineseCountryName":"意大利","pkg":"com.spaceship.screen.textcopy"},"orders":["com.recognize_text.translate.screen","com.spaceship.screen.textcopy","com.tap_to_translate.snap_translate","com.niven.translator","com.screen.translate.google","com.gaminik.i18n","com.newmg.yurao.pro","com.immersivetranslate.browser","com.fapp.translate.language.translator.fasttranslation","com.google.android.apps.translate","com.deepl.mobiletranslator","com.niven.apptranslate","com.voice_camera_free_translate","com.zaz.translate","com.niven.game","com.microsoft.translator","photo.translate.camera.translator","at.nk.tools.iTranslate","ru.yandex.translate","com.openai.chatgpt"]},{"rank":{"index":2,"lang":"ja","country":"jp","chineseCountryName":"日本","pkg":"com.spaceship.screen.textcopy"},"orders":["com.recognize_text.translate.screen","com.spaceship.screen.textcopy","com.tap_to_translate.snap_translate","com.newmg.yurao.pro","com.gaminik.i18n","com.screen.translate.google","com.niven.translator","com.immersivetranslate.browser"]},{"rank":{"index":2,"lang":"ko","country":"kr","chineseCountryName":"韩国","pkg":"com.spaceship.screen.textcopy"},"orders":["com.recognize_text.translate.screen","com.spaceship.screen.textcopy","com.tap_to_translate.snap_translate","com.niven.translator","com.gaminik.i18n","com.newmg.yurao.pro","com.screen.translate.google","com.immersivetranslate.browser","com.niven.apptranslate","com.voice_camera_free_translate","com.naver.labs.translator","com.google.android.apps.translate","com.fapp.translate.language.translator.fasttranslation","com.deepl.mobiletranslator","com.zaz.translate","com.niven.game","com.microsoft.translator","com.openai.chatgpt","com.microsoft.teams","com.facebook.orca"]},{"rank":{"index":2,"lang":"zh-hk","country":"hk","chineseCountryName":"香港","pkg":"com.spaceship.screen.textcopy"},"orders":["com.recognize_text.translate.screen","com.spaceship.screen.textcopy","com.screen.translate.google","com.tap_to_translate.snap_translate","com.niven.translator","com.newmg.yurao.pro","com.gaminik.i18n","com.immersivetranslate.browser","com.google.android.apps.translate","com.fapp.translate.language.translator.fasttranslation","com.niven.apptranslate","com.voice_camera_free_translate","com.zaz.translate","com.niven.game","com.microsoft.translator","com.deepl.mobiletranslator","photo.translate.camera.translator","com.naver.labs.translator","at.nk.tools.iTranslate","ru.yandex.translate"]},{"rank":{"index":2,"lang":"zh-tw","country":"tw","chineseCountryName":"台湾","pkg":"com.spaceship.screen.textcopy"},"orders":["com.recognize_text.translate.screen","com.spaceship.screen.textcopy","com.gaminik.i18n","com.newmg.yurao.pro","com.screen.translate.google","com.niven.translator","com.immersivetranslate.browser","com.tap_to_translate.snap_translate","com.niven.apptranslate","com.fapp.translate.language.translator.fasttranslation","com.google.android.apps.translate","com.deepl.mobiletranslator","com.zaz.translate","com.google.ar.lens","com.microsoft.translator","com.naver.labs.translator","com.netflix.mediaclient","com.openai.chatgpt","com.instagram.barcelona","com.niven.game"]},{"rank":{"index":3,"lang":"en","country":"in","chineseCountryName":"印度","pkg":"com.spaceship.screen.textcopy"},"orders":["com.recognize_text.translate.screen","com.newmg.yurao.pro","com.spaceship.screen.textcopy","com.google.android.apps.translate","com.zaz.translate"]},{"rank":{"index":3,"lang":"id","country":"id","chineseCountryName":"印尼","pkg":"com.spaceship.screen.textcopy"},"orders":["com.recognize_text.translate.screen","com.tap_to_translate.snap_translate","com.spaceship.screen.textcopy","com.niven.translator","com.screen.translate.google","com.newmg.yurao.pro","com.gaminik.i18n","com.immersivetranslate.browser","com.google.android.apps.translate","com.niven.game","com.niven.apptranslate","com.fapp.translate.language.translator.fasttranslation","com.zaz.translate"]},{"rank":{"index":2,"lang":"es-mx","country":"mx","chineseCountryName":"墨西哥","pkg":"com.spaceship.screen.textcopy"},"orders":["com.recognize_text.translate.screen","com.spaceship.screen.textcopy","com.tap_to_translate.snap_translate","com.newmg.yurao.pro","com.gaminik.i18n","com.google.android.apps.translate","com.microsoft.translator","at.nk.tools.iTranslate","com.deepl.mobiletranslator","com.zaz.translate","com.immersivetranslate.browser","ru.yandex.translate","com.translate.talkingtranslator","com.naver.labs.translator","com.google.ar.lens","com.voice_camera_free_translate","com.tangdi.baiguotong","photo.translate.camera.translator","com.google.android.inputmethod.latin","com.niven.translator"]}]