[{"rank":{"index":2,"lang":"en-us","country":"us","chineseCountryName":"美国","pkg":"com.spaceship.screen.textcopy"},"orders":["com.recognize_text.translate.screen","com.spaceship.screen.textcopy","com.newmg.yurao.pro","com.gaminik.i18n","com.google.android.apps.translate","com.microsoft.translator","com.niven.translator","com.tap_to_translate.snap_translate","com.deepl.mobiletranslator","at.nk.tools.iTranslate","com.niven.game","com.eecorp.linguago","com.translate.talkingtranslator","com.google.ar.lens","com.tangdi.baiguotong","com.zaz.translate","com.niven.apptranslate","com.datacomprojects.scanandtranslate","live.screentranslate.realtime","ru.yandex.translate"]},{"rank":{"index":0,"lang":"ru","country":"ru","chineseCountryName":"俄罗斯","pkg":"com.spaceship.screen.textcopy"},"orders":["com.recognize_text.translate.screen","com.tap_to_translate.snap_translate","com.niven.translator","com.newmg.yurao.pro","com.google.android.apps.translate","com.microsoft.translator","com.gaminik.i18n","com.niven.game","ru.yandex.translate","com.deepl.mobiletranslator","com.google.ar.lens","com.datacomprojects.scanandtranslate","at.nk.tools.iTranslate","com.translate.talkingtranslator","com.niven.apptranslate","com.eecorp.linguago","com.wooask.zx","com.zaz.translate","com.immersivetranslate.browser","com.tangdi.baiguotong"]},{"rank":{"index":2,"lang":"pt-br","country":"br","chineseCountryName":"巴西","pkg":"com.spaceship.screen.textcopy"},"orders":["com.recognize_text.translate.screen","com.spaceship.screen.textcopy","com.gaminik.i18n","com.newmg.yurao.pro","com.niven.translator","com.microsoft.translator","com.google.android.apps.translate","com.tap_to_translate.snap_translate","com.niven.game","com.eecorp.linguago","com.tangdi.baiguotong","com.niven.apptranslate","com.zaz.translate","com.wooask.zx","com.deepl.mobiletranslator","live.screentranslate.realtime","at.nk.tools.iTranslate","com.eecorp.taptranslator","com.datacomprojects.scanandtranslate","com.google.ar.lens"]},{"rank":{"index":2,"lang":"fr","country":"fr","chineseCountryName":"法国","pkg":"com.spaceship.screen.textcopy"},"orders":["com.recognize_text.translate.screen","com.spaceship.screen.textcopy","com.newmg.yurao.pro","com.tap_to_translate.snap_translate","com.gaminik.i18n","com.microsoft.translator","com.google.android.apps.translate","com.niven.translator","com.eecorp.linguago","com.niven.game","com.google.ar.lens","com.datacomprojects.scanandtranslate","com.niven.apptranslate","com.zaz.translate","com.deepl.mobiletranslator","live.screentranslate.realtime","com.eecorp.taptranslator","com.wooask.zx","at.nk.tools.iTranslate","com.tangdi.baiguotong"]},{"rank":{"index":2,"lang":"en-gb","country":"gb","chineseCountryName":"英国","pkg":"com.spaceship.screen.textcopy"},"orders":["com.recognize_text.translate.screen","com.spaceship.screen.textcopy","com.newmg.yurao.pro","com.gaminik.i18n","com.google.android.apps.translate","com.microsoft.translator","com.deepl.mobiletranslator","com.niven.translator","com.tap_to_translate.snap_translate","com.google.ar.lens","at.nk.tools.iTranslate","com.zaz.translate","ru.yandex.translate","com.niven.game","com.eecorp.linguago","com.translate.talkingtranslator","com.tangdi.baiguotong","com.datacomprojects.scanandtranslate","com.wooask.zx","live.screentranslate.realtime"]},{"rank":{"index":2,"lang":"de","country":"de","chineseCountryName":"德国","pkg":"com.spaceship.screen.textcopy"},"orders":["com.recognize_text.translate.screen","com.spaceship.screen.textcopy","com.newmg.yurao.pro","com.gaminik.i18n","com.google.android.apps.translate","com.microsoft.translator","com.niven.translator","com.tap_to_translate.snap_translate","com.niven.game","com.deepl.mobiletranslator","com.eecorp.linguago","com.tangdi.baiguotong","at.nk.tools.iTranslate","ru.yandex.translate","com.wooask.zx","com.google.ar.lens","com.niven.apptranslate","com.immersivetranslate.browser","com.translate.talkingtranslator","com.datacomprojects.scanandtranslate"]},{"rank":{"index":2,"lang":"it","country":"it","chineseCountryName":"意大利","pkg":"com.spaceship.screen.textcopy"},"orders":["com.recognize_text.translate.screen","com.spaceship.screen.textcopy","com.newmg.yurao.pro","com.gaminik.i18n","com.google.android.apps.translate","com.microsoft.translator","com.tap_to_translate.snap_translate","com.niven.translator","com.niven.game","com.eecorp.linguago","com.tangdi.baiguotong","com.datacomprojects.scanandtranslate","com.google.ar.lens","com.deepl.mobiletranslator"]},{"rank":{"index":2,"lang":"ja","country":"jp","chineseCountryName":"日本","pkg":"com.spaceship.screen.textcopy"},"orders":["com.recognize_text.translate.screen","com.spaceship.screen.textcopy","com.newmg.yurao.pro","com.gaminik.i18n","com.tap_to_translate.snap_translate","com.microsoft.translator","com.google.android.apps.translate","com.google.ar.lens","com.niven.translator","com.niven.game","com.deepl.mobiletranslator","com.eecorp.linguago","com.naver.labs.translator","com.tangdi.baiguotong","com.immersivetranslate.browser","com.niven.apptranslate"]},{"rank":{"index":2,"lang":"ko","country":"kr","chineseCountryName":"韩国","pkg":"com.spaceship.screen.textcopy"},"orders":["com.recognize_text.translate.screen","com.spaceship.screen.textcopy","com.newmg.yurao.pro","com.tap_to_translate.snap_translate","com.gaminik.i18n","com.google.android.apps.translate","com.microsoft.translator","com.niven.translator","com.naver.labs.translator","com.niven.game","com.eecorp.linguago","com.google.ar.lens","at.nk.tools.iTranslate","com.wooask.zx","com.deepl.mobiletranslator","com.niven.apptranslate","live.screentranslate.realtime","com.screen.translate.google","com.eecorp.taptranslator","com.datacomprojects.scanandtranslate"]},{"rank":{"index":2,"lang":"zh-hk","country":"hk","chineseCountryName":"香港","pkg":"com.spaceship.screen.textcopy"},"orders":["com.recognize_text.translate.screen","com.spaceship.screen.textcopy","com.newmg.yurao.pro","com.gaminik.i18n","com.google.android.apps.translate","com.microsoft.translator","com.niven.translator","com.tap_to_translate.snap_translate","com.niven.game","at.nk.tools.iTranslate","com.deepl.mobiletranslator","com.naver.labs.translator","com.google.ar.lens","com.eecorp.linguago","com.tangdi.baiguotong","com.immersivetranslate.browser","com.wooask.zx","ru.yandex.translate","com.datacomprojects.scanandtranslate","com.niven.apptranslate"]},{"rank":{"index":2,"lang":"zh-tw","country":"tw","chineseCountryName":"台湾","pkg":"com.spaceship.screen.textcopy"},"orders":["com.recognize_text.translate.screen","com.spaceship.screen.textcopy","com.newmg.yurao.pro","com.gaminik.i18n","com.google.android.apps.translate","com.microsoft.translator","com.niven.translator","com.tap_to_translate.snap_translate","com.niven.game","com.eecorp.linguago","com.tangdi.baiguotong","at.nk.tools.iTranslate","com.naver.labs.translator","com.wooask.zx","com.immersivetranslate.browser","live.screentranslate.realtime","com.deepl.mobiletranslator","com.niven.apptranslate","com.google.ar.lens","com.datacomprojects.scanandtranslate"]},{"rank":{"index":2,"lang":"en","country":"in","chineseCountryName":"印度","pkg":"com.spaceship.screen.textcopy"},"orders":["com.recognize_text.translate.screen","com.spaceship.screen.textcopy","com.google.android.apps.translate","com.newmg.yurao.pro"]},{"rank":{"index":2,"lang":"id","country":"id","chineseCountryName":"印尼","pkg":"com.spaceship.screen.textcopy"},"orders":["com.recognize_text.translate.screen","com.spaceship.screen.textcopy","com.tap_to_translate.snap_translate","com.gaminik.i18n","com.newmg.yurao.pro","com.niven.translator","com.google.android.apps.translate","com.microsoft.translator","com.niven.game","com.eecorp.linguago","com.youdao.hindict","com.niven.apptranslate"]},{"rank":{"index":2,"lang":"es-mx","country":"mx","chineseCountryName":"墨西哥","pkg":"com.spaceship.screen.textcopy"},"orders":["com.recognize_text.translate.screen","com.spaceship.screen.textcopy","com.newmg.yurao.pro","com.gaminik.i18n","com.niven.translator","com.microsoft.translator","com.google.android.apps.translate","com.tap_to_translate.snap_translate","com.niven.game","com.eecorp.linguago","com.niven.apptranslate","com.tangdi.baiguotong","com.wooask.zx","com.datacomprojects.scanandtranslate","at.nk.tools.iTranslate","live.screentranslate.realtime","com.deepl.mobiletranslator","com.eecorp.taptranslator","com.google.ar.lens","top.applocalize.translate"]}]