[{"rank":{"index":1,"lang":"en-us","country":"us","chineseCountryName":"美国","pkg":"com.spaceship.screen.textcopy"},"orders":["com.spaceship.screen.textcopy","com.recognize_text.translate.screen","com.screen.translator.text.recognize","com.microsoft.translator","com.newmg.yurao.pro","com.google.android.apps.translate","com.niven.translator","com.niven.game","com.gaminik.i18n","com.eecorp.taptranslator","com.niven.comic","at.nk.tools.iTranslate","com.naver.labs.translator","com.deepl.mobiletranslator","com.screen.translate.google","com.sayhi.android.sayhitranslate","com.easytranslate.easytranslate","com.zaz.translate","com.audacityittranslator.translatetexttranslator","com.translate.talkingtranslator"]},{"rank":{"index":2,"lang":"ru","country":"ru","chineseCountryName":"俄罗斯","pkg":"com.spaceship.screen.textcopy"},"orders":["com.recognize_text.translate.screen","com.spaceship.screen.textcopy","com.niven.translator","com.screen.translator.text.recognize","com.niven.game","com.microsoft.translator","com.gaminik.i18n","com.google.android.apps.translate","ru.yandex.translate","com.newmg.yurao.pro","com.niven.comic","com.screen.translate.google","com.deepl.mobiletranslator","com.naver.labs.translator","com.tap_to_translate.snap_translate","at.nk.tools.iTranslate","com.galaxy.airviewdictionary","com.zaz.translate","com.easytranslate.easytranslate","com.audacityittranslator.translatetexttranslator"]},{"rank":{"index":1,"lang":"pt-br","country":"br","chineseCountryName":"巴西","pkg":"com.spaceship.screen.textcopy"},"orders":["com.spaceship.screen.textcopy","com.recognize_text.translate.screen","com.screen.translator.text.recognize","com.niven.translator","com.niven.game","com.gaminik.i18n","com.galaxy.airviewdictionary","com.niven.comic","com.newmg.yurao.pro","com.eecorp.taptranslator","com.google.android.apps.translate","com.microsoft.translator","com.deepl.mobiletranslator","com.google.android.apps.photos","com.google.android.apps.maps","com.android.chrome","com.discord","at.nk.tools.iTranslate","com.google.android.apps.youtube.creator","com.screen.translate.google"]},{"rank":{"index":2,"lang":"fr","country":"fr","chineseCountryName":"法国","pkg":"com.spaceship.screen.textcopy"},"orders":["com.recognize_text.translate.screen","com.spaceship.screen.textcopy","com.screen.translator.text.recognize","com.niven.translator","com.niven.game","com.gaminik.i18n","com.microsoft.translator","com.google.android.apps.translate","com.newmg.yurao.pro","com.niven.comic","com.eecorp.taptranslator","com.deepl.mobiletranslator","com.galaxy.airviewdictionary","com.discord","com.google.android.apps.photos","com.microsoft.office.outlook","at.nk.tools.iTranslate","com.android.chrome","com.intsig.camscanner","com.duolingo"]},{"rank":{"index":2,"lang":"en-gb","country":"gb","chineseCountryName":"英国","pkg":"com.spaceship.screen.textcopy"},"orders":["com.recognize_text.translate.screen","com.spaceship.screen.textcopy","com.screen.translator.text.recognize","com.google.android.apps.translate","com.microsoft.translator","com.niven.translator","com.gaminik.i18n","com.niven.game","at.nk.tools.iTranslate","com.galaxy.airviewdictionary","com.deepl.mobiletranslator","com.zaz.translate","com.niven.comic","com.newmg.yurao.pro","com.sayhi.android.sayhitranslate","com.youdao.hindict","com.tap_to_translate.snap_translate","com.easytranslate.easytranslate","com.tranit.text.translate","ru.yandex.translate"]},{"rank":{"index":1,"lang":"de","country":"de","chineseCountryName":"德国","pkg":"com.spaceship.screen.textcopy"},"orders":["com.spaceship.screen.textcopy","com.recognize_text.translate.screen","com.screen.translator.text.recognize","com.niven.translator","com.gaminik.i18n","com.niven.game","com.newmg.yurao.pro","com.microsoft.translator","com.google.android.apps.translate","com.eecorp.taptranslator","com.niven.comic","com.deepl.mobiletranslator","com.galaxy.airviewdictionary","com.screen.translate.google","com.discord","com.android.chrome","com.google.android.apps.photos","com.duolingo","com.openai.chatgpt","com.truecaller"]},{"rank":{"index":1,"lang":"it","country":"it","chineseCountryName":"意大利","pkg":"com.spaceship.screen.textcopy"},"orders":["com.spaceship.screen.textcopy","com.recognize_text.translate.screen","com.screen.translator.text.recognize","com.niven.translator","com.niven.game","com.gaminik.i18n","com.newmg.yurao.pro","com.google.android.apps.translate","com.microsoft.translator","com.niven.comic","com.eecorp.taptranslator","com.deepl.mobiletranslator","com.galaxy.airviewdictionary","com.screen.translate.google","com.discord","screen.translator.voice.translate","com.google.android.apps.photos","com.microsoft.office.outlook","com.openai.chatgpt","com.duolingo"]},{"rank":{"index":1,"lang":"ja","country":"jp","chineseCountryName":"日本","pkg":"com.spaceship.screen.textcopy"},"orders":["com.spaceship.screen.textcopy","com.screen.translator.text.recognize","com.gaminik.i18n","com.niven.translator","com.niven.game","com.recognize_text.translate.screen","com.deepl.mobiletranslator","com.microsoft.translator","com.google.android.apps.translate"]},{"rank":{"index":1,"lang":"ko","country":"kr","chineseCountryName":"韩国","pkg":"com.spaceship.screen.textcopy"},"orders":["com.spaceship.screen.textcopy","com.recognize_text.translate.screen","com.screen.translator.text.recognize","com.microsoft.translator","com.niven.translator","com.niven.game","com.google.android.apps.translate","com.gaminik.i18n","com.naver.labs.translator","com.niven.comic","com.newmg.yurao.pro","com.deepl.mobiletranslator","at.nk.tools.iTranslate","com.eecorp.taptranslator","com.galaxy.airviewdictionary","com.screen.translate.google","com.tap_to_translate.snap_translate","com.audacityittranslator.translatetexttranslator","com.google.ar.lens","com.zaz.translate"]},{"rank":{"index":1,"lang":"zh-hk","country":"hk","chineseCountryName":"香港","pkg":"com.spaceship.screen.textcopy"},"orders":["com.spaceship.screen.textcopy","com.recognize_text.translate.screen","com.screen.translator.text.recognize","com.microsoft.translator","com.google.android.apps.translate","com.niven.translator","com.niven.game","com.gaminik.i18n","at.nk.tools.iTranslate","com.niven.comic","com.naver.labs.translator","com.newmg.yurao.pro","com.deepl.mobiletranslator","com.galaxy.airviewdictionary","com.screen.translate.google","com.eecorp.taptranslator","com.easytranslate.easytranslate","com.zaz.translate","com.sayhi.android.sayhitranslate","ru.yandex.translate"]},{"rank":{"index":1,"lang":"zh-tw","country":"tw","chineseCountryName":"台湾","pkg":"com.spaceship.screen.textcopy"},"orders":["com.spaceship.screen.textcopy","com.recognize_text.translate.screen","com.screen.translator.text.recognize","com.microsoft.translator","com.google.android.apps.translate","com.niven.translator","com.niven.game","com.gaminik.i18n","com.naver.labs.translator","com.niven.comic","at.nk.tools.iTranslate","com.newmg.yurao.pro","com.deepl.mobiletranslator","com.galaxy.airviewdictionary","com.youdao.hindict","com.eecorp.taptranslator","com.screen.translate.google","com.translate.talkingtranslator","com.sayhi.android.sayhitranslate","com.tangdi.baiguotong"]},{"rank":{"index":2,"lang":"en","country":"in","chineseCountryName":"印度","pkg":"com.spaceship.screen.textcopy"},"orders":["com.recognize_text.translate.screen","com.spaceship.screen.textcopy","com.google.android.apps.translate","com.screen.translator.text.recognize","com.niven.game","com.newmg.yurao.pro","com.niven.translator","com.microsoft.translator"]},{"rank":{"index":1,"lang":"id","country":"id","chineseCountryName":"印尼","pkg":"com.spaceship.screen.textcopy"},"orders":["com.spaceship.screen.textcopy","com.recognize_text.translate.screen","com.screen.translator.text.recognize","com.niven.translator","com.niven.game","com.gaminik.i18n","com.niven.comic","com.galaxy.airviewdictionary","com.newmg.yurao.pro","com.eecorp.taptranslator","com.youdao.hindict","com.google.android.apps.translate","com.deepl.mobiletranslator","com.naver.labs.translator","com.microsoft.translator"]},{"rank":{"index":1,"lang":"es-mx","country":"mx","chineseCountryName":"墨西哥","pkg":"com.spaceship.screen.textcopy"},"orders":["com.spaceship.screen.textcopy","com.screen.translator.text.recognize","com.recognize_text.translate.screen","com.niven.translator","com.niven.game","com.gaminik.i18n","com.niven.comic","com.microsoft.translator","com.google.android.apps.translate","com.newmg.yurao.pro","com.eecorp.taptranslator","com.deepl.mobiletranslator","com.galaxy.airviewdictionary","com.google.android.apps.photos","com.google.android.apps.maps","com.discord","at.nk.tools.iTranslate","com.android.chrome","com.microsoft.office.outlook","com.intsig.camscanner"]}]