[{"rank":{"index":2,"lang":"en-us","country":"us","chineseCountryName":"美国","pkg":"com.spaceship.screen.textcopy"},"orders":["com.recognize_text.translate.screen","com.spaceship.screen.textcopy","com.tap_to_translate.snap_translate","com.niven.translator","com.screen.translate.google","com.gaminik.i18n","com.niven.apptranslate","com.galaxy.airviewdictionary","com.newmg.yurao.pro","com.flabs.screen.translate","com.newtranslate.google","com.google.android.apps.translate","com.yoyodev.screentranslate","com.eecorp.linguago","top.applocalize.translate","live.screentranslate.realtime","com.screen.translator.text.recognize","com.deepl.mobiletranslator","com.niven.game","com.google.android.googlequicksearchbox"]},{"rank":{"index":4,"lang":"ru","country":"ru","chineseCountryName":"俄罗斯","pkg":"com.spaceship.screen.textcopy"},"orders":["com.recognize_text.translate.screen","com.niven.translator","com.tap_to_translate.snap_translate","com.spaceship.screen.textcopy","com.gaminik.i18n","com.screen.translate.google","com.galaxy.airviewdictionary","com.niven.apptranslate","com.screen.translator.text.recognize","com.newmg.yurao.pro","com.flabs.screen.translate","com.eecorp.linguago"]},{"rank":{"index":2,"lang":"pt-br","country":"br","chineseCountryName":"巴西","pkg":"com.spaceship.screen.textcopy"},"orders":["com.recognize_text.translate.screen","com.spaceship.screen.textcopy","com.niven.translator","com.tap_to_translate.snap_translate","com.galaxy.airviewdictionary","com.screen.translate.google","com.niven.apptranslate","com.gaminik.i18n","com.niven.game","com.flabs.screen.translate","com.newtranslate.google","com.newmg.yurao.pro","com.screen.translator.text.recognize","com.google.android.apps.translate","com.android.chrome","com.google.android.apps.maps","com.google.android.inputmethod.latin","com.google.android.apps.docs","com.deepl.mobiletranslator","com.duolingo"]},{"rank":{"index":2,"lang":"fr","country":"fr","chineseCountryName":"法国","pkg":"com.spaceship.screen.textcopy"},"orders":["com.recognize_text.translate.screen","com.spaceship.screen.textcopy","com.tap_to_translate.snap_translate","com.niven.translator","com.galaxy.airviewdictionary","com.screen.translate.google","com.niven.apptranslate","com.google.android.apps.translate","com.newmg.yurao.pro","com.deepl.mobiletranslator","com.gaminik.i18n","com.google.ar.lens","com.newtranslate.google","com.zaz.translate","com.naver.labs.translator","com.microsoft.translator","live.screentranslate.realtime","com.eecorp.linguago","ru.yandex.translate","com.niven.game"]},{"rank":{"index":2,"lang":"en-gb","country":"gb","chineseCountryName":"英国","pkg":"com.spaceship.screen.textcopy"},"orders":["com.recognize_text.translate.screen","com.spaceship.screen.textcopy","com.niven.translator","com.tap_to_translate.snap_translate","com.screen.translate.google","com.niven.apptranslate","com.galaxy.airviewdictionary","com.gaminik.i18n","com.google.android.apps.translate","com.newmg.yurao.pro","com.flabs.screen.translate","com.google.ar.lens","com.google.android.inputmethod.latin","com.google.android.googlequicksearchbox","com.newtranslate.google","com.google.android.tts","com.deepl.mobiletranslator","com.google.android.marvin.talkback","com.microsoft.translator","com.google.android.apps.wellbeing"]},{"rank":{"index":2,"lang":"de","country":"de","chineseCountryName":"德国","pkg":"com.spaceship.screen.textcopy"},"orders":["com.recognize_text.translate.screen","com.spaceship.screen.textcopy","com.tap_to_translate.snap_translate","com.niven.translator","com.google.android.apps.translate","com.newmg.yurao.pro","com.galaxy.airviewdictionary","com.google.ar.lens","com.deepl.mobiletranslator","com.microsoft.translator","com.gaminik.i18n","com.zaz.translate","ru.yandex.translate"]},{"rank":{"index":2,"lang":"it","country":"it","chineseCountryName":"意大利","pkg":"com.spaceship.screen.textcopy"},"orders":["com.recognize_text.translate.screen","com.spaceship.screen.textcopy","com.tap_to_translate.snap_translate","com.niven.translator","com.niven.apptranslate","com.galaxy.airviewdictionary","com.screen.translate.google","com.gaminik.i18n","com.google.android.apps.translate","com.newmg.yurao.pro","com.flabs.screen.translate","com.deepl.mobiletranslator","com.google.ar.lens","com.google.android.tts","com.niven.game","com.zaz.translate","com.microsoft.translator","com.newtranslate.google","live.screentranslate.realtime","com.translate.all.language.photo.screen"]},{"rank":{"index":3,"lang":"ja","country":"jp","chineseCountryName":"日本","pkg":"com.spaceship.screen.textcopy"},"orders":["com.recognize_text.translate.screen","com.tap_to_translate.snap_translate","com.spaceship.screen.textcopy","com.gaminik.i18n","com.niven.translator","com.screen.translate.google","com.galaxy.airviewdictionary","com.niven.apptranslate","com.newmg.yurao.pro","com.newtranslate.google","com.google.android.apps.translate"]},{"rank":{"index":2,"lang":"ko","country":"kr","chineseCountryName":"韩国","pkg":"com.spaceship.screen.textcopy"},"orders":["com.recognize_text.translate.screen","com.spaceship.screen.textcopy","com.niven.translator","com.tap_to_translate.snap_translate","com.gaminik.i18n","com.galaxy.airviewdictionary","com.niven.apptranslate","com.screen.translate.google","com.newtranslate.google","com.screen.translator.text.recognize","com.flabs.screen.translate","com.newmg.yurao.pro","com.google.android.apps.translate","com.android.chrome","com.niven.game","com.naver.labs.translator","com.google.ar.lens","com.deepl.mobiletranslator","com.google.android.tts","com.zaz.translate"]},{"rank":{"index":2,"lang":"zh-hk","country":"hk","chineseCountryName":"香港","pkg":"com.spaceship.screen.textcopy"},"orders":["com.recognize_text.translate.screen","com.spaceship.screen.textcopy","com.tap_to_translate.snap_translate","com.niven.translator","com.niven.apptranslate","com.screen.translate.google","com.google.android.apps.translate","com.gaminik.i18n","com.newmg.yurao.pro","com.google.ar.lens","com.deepl.mobiletranslator","com.naver.labs.translator","com.galaxy.airviewdictionary","com.microsoft.translator","com.zaz.translate","com.hecorat.screenrecorder.free","ru.yandex.translate","at.nk.tools.iTranslate","com.immersivetranslate.browser","com.niven.game"]},{"rank":{"index":2,"lang":"zh-tw","country":"tw","chineseCountryName":"台湾","pkg":"com.spaceship.screen.textcopy"},"orders":["com.recognize_text.translate.screen","com.spaceship.screen.textcopy","com.niven.apptranslate","com.google.android.apps.translate","com.niven.translator","com.gaminik.i18n","com.android.chrome","com.tap_to_translate.snap_translate","com.google.ar.lens","com.google.android.tts","com.deepl.mobiletranslator","com.naver.labs.translator","com.newmg.yurao.pro","com.microsoft.translator","com.zaz.translate","com.galaxy.airviewdictionary","com.screen.translate.google","com.hecorat.screenrecorder.free","ru.yandex.translate","com.immersivetranslate.browser"]},{"rank":{"index":0,"lang":"en","country":"in","chineseCountryName":"印度","pkg":"com.spaceship.screen.textcopy"},"orders":["com.recognize_text.translate.screen","com.screen.translate.google","com.niven.translator","com.niven.apptranslate","com.galaxy.airviewdictionary","com.tap_to_translate.snap_translate","com.gaminik.i18n","com.google.android.apps.translate","com.newmg.yurao.pro","com.flabs.screen.translate","com.zaz.translate","com.google.android.inputmethod.latin","com.google.ar.lens","com.newtranslate.google","com.google.android.googlequicksearchbox","com.google.android.tts","com.deepl.mobiletranslator","videoeditor.videorecorder.screenrecorder","com.microsoft.translator","com.naver.labs.translator"]},{"rank":{"index":4,"lang":"id","country":"id","chineseCountryName":"印尼","pkg":"com.spaceship.screen.textcopy"},"orders":["com.recognize_text.translate.screen","com.tap_to_translate.snap_translate","com.niven.translator","com.spaceship.screen.textcopy","com.galaxy.airviewdictionary","com.niven.apptranslate","com.gaminik.i18n","com.screen.translate.google","com.newtranslate.google","com.newmg.yurao.pro","com.google.android.apps.translate","com.niven.game","com.deepl.mobiletranslator"]},{"rank":{"index":2,"lang":"es-mx","country":"mx","chineseCountryName":"墨西哥","pkg":"com.spaceship.screen.textcopy"},"orders":["com.recognize_text.translate.screen","com.spaceship.screen.textcopy","com.tap_to_translate.snap_translate","com.niven.apptranslate","com.galaxy.airviewdictionary","com.screen.translate.google","com.niven.translator","com.flabs.screen.translate","com.google.android.apps.translate","com.newmg.yurao.pro","com.gaminik.i18n","com.deepl.mobiletranslator","com.google.ar.lens","com.newtranslate.google","com.google.android.tts","com.niven.game","com.microsoft.translator","com.zaz.translate","com.eecorp.linguago","ru.yandex.translate"]}]