[{"rank":{"index":2,"lang":"en-us","country":"us","chineseCountryName":"美国","pkg":"com.spaceship.screen.textcopy"},"orders":["com.recognize_text.translate.screen","com.spaceship.screen.textcopy","com.tap_to_translate.snap_translate","com.google.android.apps.translate","com.screen.translate.google","com.niven.translator","com.gaminik.i18n","com.niven.game","com.microsoft.translator","com.niven.comic","at.nk.tools.iTranslate","com.newmg.yurao.pro","com.translate.language.translator.voice.translation","com.google.ar.lens","com.siv","com.deepl.mobiletranslator","com.android.chrome","com.communicate.tranlate","com.audacityittranslator.translatetexttranslator","com.naver.labs.translator"]},{"rank":{"index":2,"lang":"ru","country":"ru","chineseCountryName":"俄罗斯","pkg":"com.spaceship.screen.textcopy"},"orders":["com.recognize_text.translate.screen","com.spaceship.screen.textcopy","com.tap_to_translate.snap_translate","com.niven.translator","com.screen.translate.google","com.niven.game","com.gaminik.i18n","ru.yandex.translate","com.niven.comic","com.newmg.yurao.pro","com.microsoft.translator","com.datacomprojects.scanandtranslate","com.google.android.apps.translate","com.deepl.mobiletranslator","com.translate.language.translator.voice.translation","com.android.chrome","com.facebook.orca","com.discord","com.niven.apptranslate","com.google.android.dialer"]},{"rank":{"index":2,"lang":"pt-br","country":"br","chineseCountryName":"巴西","pkg":"com.spaceship.screen.textcopy"},"orders":["com.recognize_text.translate.screen","com.spaceship.screen.textcopy","com.tap_to_translate.snap_translate","com.niven.game","com.niven.translator","com.screen.translate.google","com.gaminik.i18n","com.google.android.apps.translate","com.youdao.hindict","com.niven.comic","com.microsoft.translator","at.nk.tools.iTranslate","com.deepl.mobiletranslator","com.naver.labs.translator","ru.yandex.translate","com.niven.apptranslate","com.google.ar.lens","com.softissimo.reverso.context","com.google.android.marvin.talkback","com.translate.talkingtranslator"]},{"rank":{"index":2,"lang":"fr","country":"fr","chineseCountryName":"法国","pkg":"com.spaceship.screen.textcopy"},"orders":["com.recognize_text.translate.screen","com.spaceship.screen.textcopy","com.tap_to_translate.snap_translate","com.gaminik.i18n","com.niven.translator","com.niven.game","com.screen.translate.google","com.niven.comic","com.google.android.apps.translate","com.microsoft.translator","com.newmg.yurao.pro","com.deepl.mobiletranslator","com.datacomprojects.scanandtranslate","com.facebook.orca","com.google.android.apps.tachyon","com.android.chrome","at.nk.tools.iTranslate","com.google.android.apps.youtube.music","com.eecorp.taptranslator","com.niven.apptranslate"]},{"rank":{"index":2,"lang":"en-gb","country":"gb","chineseCountryName":"英国","pkg":"com.spaceship.screen.textcopy"},"orders":["com.recognize_text.translate.screen","com.spaceship.screen.textcopy","com.gaminik.i18n","com.screen.translate.google","com.google.android.apps.translate","com.niven.translator","com.microsoft.translator","com.niven.game","com.tap_to_translate.snap_translate","com.niven.comic","com.newmg.yurao.pro","at.nk.tools.iTranslate","com.translate.language.translator.voice.translation","com.siv","com.audacityittranslator.translatetexttranslator","com.google.ar.lens","com.deepl.mobiletranslator","com.facebook.orca","com.android.chrome","com.zaz.translate"]},{"rank":{"index":2,"lang":"de","country":"de","chineseCountryName":"德国","pkg":"com.spaceship.screen.textcopy"},"orders":["com.recognize_text.translate.screen","com.spaceship.screen.textcopy","com.tap_to_translate.snap_translate","com.screen.translate.google","com.niven.translator","com.gaminik.i18n","com.niven.game","com.microsoft.translator","com.niven.comic","com.google.android.apps.translate","com.newmg.yurao.pro","com.deepl.mobiletranslator","com.facebook.orca","com.image.camera.translate.ai","com.audacityittranslator.translatetexttranslator","at.nk.tools.iTranslate","com.android.chrome","com.discord","com.google.android.apps.photos","com.google.android.calendar"]},{"rank":{"index":2,"lang":"it","country":"it","chineseCountryName":"意大利","pkg":"com.spaceship.screen.textcopy"},"orders":["com.recognize_text.translate.screen","com.spaceship.screen.textcopy","com.tap_to_translate.snap_translate","com.niven.game","com.gaminik.i18n","com.screen.translate.google","com.niven.translator","com.google.android.apps.translate","com.niven.comic","com.microsoft.translator","com.newmg.yurao.pro","com.deepl.mobiletranslator","com.datacomprojects.scanandtranslate","at.nk.tools.iTranslate","com.eecorp.taptranslator","com.image.camera.translate.ai","com.facebook.orca","com.audacityittranslator.translatetexttranslator","com.softissimo.reverso.context","com.android.chrome"]},{"rank":{"index":2,"lang":"ja","country":"jp","chineseCountryName":"日本","pkg":"com.spaceship.screen.textcopy"},"orders":["com.recognize_text.translate.screen","com.spaceship.screen.textcopy","com.gaminik.i18n","com.niven.translator","com.screen.translate.google","com.niven.game","com.tap_to_translate.snap_translate","com.niven.comic","com.microsoft.translator","com.google.android.apps.translate","com.deepl.mobiletranslator","com.naver.labs.translator","at.nk.tools.iTranslate","com.google.ar.lens","com.facebook.orca","com.android.chrome","com.discord","com.google.android.apps.maps","com.amazon.kindle","com.duolingo"]},{"rank":{"index":2,"lang":"ko","country":"kr","chineseCountryName":"韩国","pkg":"com.spaceship.screen.textcopy"},"orders":["com.recognize_text.translate.screen","com.spaceship.screen.textcopy","com.tap_to_translate.snap_translate","com.gaminik.i18n","com.niven.translator","com.niven.game","com.screen.translate.google","com.niven.comic","com.newmg.yurao.pro","com.naver.labs.translator","com.google.android.apps.translate","com.facebook.orca","com.microsoft.translator","com.discord","com.android.chrome","com.sec.android.app.sbrowser","com.google.android.apps.photos","com.duolingo","com.google.android.apps.youtube.creator","us.zoom.videomeetings"]},{"rank":{"index":2,"lang":"zh-hk","country":"hk","chineseCountryName":"香港","pkg":"com.spaceship.screen.textcopy"},"orders":["com.recognize_text.translate.screen","com.spaceship.screen.textcopy","com.niven.game","com.screen.translate.google","com.niven.translator","com.gaminik.i18n","com.tap_to_translate.snap_translate","com.google.android.apps.translate","com.microsoft.translator","com.niven.comic","com.newmg.yurao.pro","com.translate.language.translator.voice.translation","com.android.chrome","com.facebook.orca","com.google.android.apps.maps","com.naver.labs.translator","org.telegram.messenger","com.datacomprojects.scanandtranslate","com.discord","com.google.ar.lens"]},{"rank":{"index":2,"lang":"zh-tw","country":"tw","chineseCountryName":"台湾","pkg":"com.spaceship.screen.textcopy"},"orders":["com.recognize_text.translate.screen","com.spaceship.screen.textcopy","com.niven.game","com.screen.translate.google","com.niven.translator","com.gaminik.i18n","com.tap_to_translate.snap_translate","com.google.android.apps.translate","com.niven.comic","com.microsoft.translator","com.newmg.yurao.pro","com.naver.labs.translator","com.translate.language.translator.voice.translation","com.facebook.orca","at.nk.tools.iTranslate","org.telegram.messenger","com.android.chrome","com.discord","com.google.android.apps.youtube.music","com.google.android.apps.maps"]},{"rank":{"index":2,"lang":"en","country":"in","chineseCountryName":"印度","pkg":"com.spaceship.screen.textcopy"},"orders":["com.recognize_text.translate.screen","com.spaceship.screen.textcopy","com.google.android.apps.translate","com.tap_to_translate.snap_translate","com.newmg.yurao.pro","com.screen.translate.google","com.niven.translator","com.niven.game","com.gaminik.i18n","com.microsoft.translator","com.zaz.translate","at.nk.tools.iTranslate","com.google.ar.lens","com.naver.labs.translator","ru.yandex.translate","com.deepl.mobiletranslator"]},{"rank":{"index":2,"lang":"id","country":"id","chineseCountryName":"印尼","pkg":"com.spaceship.screen.textcopy"},"orders":["com.recognize_text.translate.screen","com.spaceship.screen.textcopy","com.tap_to_translate.snap_translate","com.niven.translator","com.screen.translate.google","com.niven.game","com.gaminik.i18n","com.niven.comic","com.google.android.apps.translate","com.youdao.hindict","com.newmg.yurao.pro","com.android.chrome","com.facebook.orca","com.google.android.apps.maps"]},{"rank":{"index":2,"lang":"es-mx","country":"mx","chineseCountryName":"墨西哥","pkg":"com.spaceship.screen.textcopy"},"orders":["com.recognize_text.translate.screen","com.spaceship.screen.textcopy","com.tap_to_translate.snap_translate","com.niven.game","com.gaminik.i18n","com.google.android.apps.translate","com.youdao.hindict","com.microsoft.translator","com.screen.translate.google","at.nk.tools.iTranslate","com.niven.comic","com.deepl.mobiletranslator","com.naver.labs.translator","ru.yandex.translate","com.newmg.yurao.pro","com.google.ar.lens","com.niven.apptranslate","com.google.android.marvin.talkback","com.translate.talkingtranslator","com.niven.translator"]}]