[{"rank":{"index":2,"lang":"en-us","country":"us","chineseCountryName":"美国","pkg":"com.spaceship.screen.textcopy"},"orders":["com.recognize_text.translate.screen","com.spaceship.screen.textcopy","com.tap_to_translate.snap_translate","com.niven.translator","com.google.android.apps.translate","com.screen.translate.google","com.gaminik.i18n","com.newmg.yurao.pro","com.microsoft.translator","com.immersivetranslate.browser","com.deepl.mobiletranslator","com.fapp.translate.language.translator.fasttranslation","com.niven.game","com.naver.labs.translator","link.zhidou.btranslator","com.niven.apptranslate","at.nk.tools.iTranslate","ru.yandex.translate","com.voice.ai.deep.translate","photo.translate.camera.translator"]},{"rank":{"index":4,"lang":"ru","country":"ru","chineseCountryName":"俄罗斯","pkg":"com.spaceship.screen.textcopy"},"orders":["com.recognize_text.translate.screen","com.tap_to_translate.snap_translate","com.niven.translator","com.spaceship.screen.textcopy","com.gaminik.i18n","com.screen.translate.google","com.newmg.yurao.pro","ru.yandex.translate","com.google.android.apps.translate","com.immersivetranslate.browser","com.niven.game","com.deepl.mobiletranslator"]},{"rank":{"index":2,"lang":"pt-br","country":"br","chineseCountryName":"巴西","pkg":"com.spaceship.screen.textcopy"},"orders":["com.recognize_text.translate.screen","com.spaceship.screen.textcopy","com.tap_to_translate.snap_translate","com.gaminik.i18n","com.newmg.yurao.pro","com.google.android.apps.translate","com.zaz.translate","com.deepl.mobiletranslator","com.microsoft.translator","at.nk.tools.iTranslate","ru.yandex.translate","com.naver.labs.translator","com.immersivetranslate.browser","link.zhidou.btranslator","com.google.ar.lens","com.voice_camera_free_translate","photo.translate.camera.translator","com.tangdi.baiguotong","com.aldoo.pdftranslatorpro","com.niven.translator"]},{"rank":{"index":2,"lang":"fr","country":"fr","chineseCountryName":"法国","pkg":"com.spaceship.screen.textcopy"},"orders":["com.recognize_text.translate.screen","com.spaceship.screen.textcopy","com.tap_to_translate.snap_translate","com.niven.translator","com.screen.translate.google","com.gaminik.i18n","com.newmg.yurao.pro","com.immersivetranslate.browser","com.google.android.apps.translate","com.fapp.translate.language.translator.fasttranslation","com.zaz.translate","com.deepl.mobiletranslator","com.niven.apptranslate","com.voice_camera_free_translate","com.naver.labs.translator","com.eecorp.linguago","com.microsoft.translator","com.niven.game","live.screentranslate.realtime","link.zhidou.btranslator"]},{"rank":{"index":2,"lang":"en-gb","country":"gb","chineseCountryName":"英国","pkg":"com.spaceship.screen.textcopy"},"orders":["com.recognize_text.translate.screen","com.spaceship.screen.textcopy","com.google.android.apps.translate","com.tap_to_translate.snap_translate","com.gaminik.i18n","com.microsoft.translator","com.zaz.translate","com.newmg.yurao.pro","at.nk.tools.iTranslate","com.naver.labs.translator","ru.yandex.translate","com.deepl.mobiletranslator","com.immersivetranslate.browser"]},{"rank":{"index":4,"lang":"de","country":"de","chineseCountryName":"德国","pkg":"com.spaceship.screen.textcopy"},"orders":["com.recognize_text.translate.screen","com.niven.translator","com.tap_to_translate.snap_translate","com.spaceship.screen.textcopy","com.screen.translate.google","com.gaminik.i18n","com.google.android.apps.translate","com.newmg.yurao.pro","com.immersivetranslate.browser","com.deepl.mobiletranslator","com.fapp.translate.language.translator.fasttranslation","com.niven.apptranslate","com.eecorp.linguago","com.niven.game","com.zaz.translate","com.microsoft.translator","ru.yandex.translate","com.voice_camera_free_translate","at.nk.tools.iTranslate","link.zhidou.btranslator"]},{"rank":{"index":2,"lang":"it","country":"it","chineseCountryName":"意大利","pkg":"com.spaceship.screen.textcopy"},"orders":["com.recognize_text.translate.screen","com.spaceship.screen.textcopy","com.tap_to_translate.snap_translate","com.niven.translator","com.screen.translate.google","com.gaminik.i18n","com.google.android.apps.translate","com.newmg.yurao.pro","com.immersivetranslate.browser","com.fapp.translate.language.translator.fasttranslation","com.deepl.mobiletranslator","com.zaz.translate","com.eecorp.linguago","com.voice_camera_free_translate","com.niven.apptranslate","com.microsoft.translator","com.niven.game","link.zhidou.btranslator","ru.yandex.translate","com.openai.chatgpt"]},{"rank":{"index":2,"lang":"ja","country":"jp","chineseCountryName":"日本","pkg":"com.spaceship.screen.textcopy"},"orders":["com.recognize_text.translate.screen","com.spaceship.screen.textcopy","com.tap_to_translate.snap_translate","com.niven.translator","com.gaminik.i18n","com.screen.translate.google","com.newmg.yurao.pro","com.immersivetranslate.browser","com.google.android.apps.translate","com.naver.labs.translator","com.zaz.translate"]},{"rank":{"index":2,"lang":"ko","country":"kr","chineseCountryName":"韩国","pkg":"com.spaceship.screen.textcopy"},"orders":["com.recognize_text.translate.screen","com.spaceship.screen.textcopy","com.tap_to_translate.snap_translate","com.niven.translator","com.screen.translate.google","com.gaminik.i18n","com.newmg.yurao.pro","com.google.android.apps.translate","com.naver.labs.translator","com.immersivetranslate.browser","com.fapp.translate.language.translator.fasttranslation","com.niven.apptranslate","com.zaz.translate","com.eecorp.linguago","com.voice_camera_free_translate","com.deepl.mobiletranslator","com.niven.game","com.microsoft.translator","com.openai.chatgpt","link.zhidou.btranslator"]},{"rank":{"index":2,"lang":"zh-hk","country":"hk","chineseCountryName":"香港","pkg":"com.spaceship.screen.textcopy"},"orders":["com.recognize_text.translate.screen","com.spaceship.screen.textcopy","com.screen.translate.google","com.niven.translator","com.tap_to_translate.snap_translate","com.gaminik.i18n","com.google.android.apps.translate","com.newmg.yurao.pro","com.immersivetranslate.browser","com.fapp.translate.language.translator.fasttranslation","com.microsoft.translator","ru.yandex.translate","com.niven.apptranslate","com.zaz.translate","com.voice_camera_free_translate","com.naver.labs.translator","com.deepl.mobiletranslator","com.niven.game","com.eecorp.linguago","at.nk.tools.iTranslate"]},{"rank":{"index":2,"lang":"zh-tw","country":"tw","chineseCountryName":"台湾","pkg":"com.spaceship.screen.textcopy"},"orders":["com.recognize_text.translate.screen","com.spaceship.screen.textcopy","com.screen.translate.google","com.niven.translator","com.gaminik.i18n","com.tap_to_translate.snap_translate","com.newmg.yurao.pro","com.google.android.apps.translate","com.immersivetranslate.browser","com.fapp.translate.language.translator.fasttranslation","com.niven.apptranslate","com.zaz.translate","com.naver.labs.translator","com.deepl.mobiletranslator","com.microsoft.translator","com.openai.chatgpt","com.instagram.barcelona","com.android.chrome","com.facebook.orca","com.microsoft.teams"]},{"rank":{"index":2,"lang":"en","country":"in","chineseCountryName":"印度","pkg":"com.spaceship.screen.textcopy"},"orders":["com.recognize_text.translate.screen","com.spaceship.screen.textcopy","com.google.android.apps.translate","com.tap_to_translate.snap_translate","com.newmg.yurao.pro","com.zaz.translate","com.gaminik.i18n","com.microsoft.translator","at.nk.tools.iTranslate","com.datacomprojects.scanandtranslate","photo.translate.camera.translator","com.immersivetranslate.browser","com.voice_camera_free_translate","com.screen.translate.google","com.niven.translator","com.fapp.translate.language.translator.fasttranslation","com.deepl.mobiletranslator","ru.yandex.translate","com.newtranslate.google","com.naver.labs.translator"]},{"rank":{"index":2,"lang":"id","country":"id","chineseCountryName":"印尼","pkg":"com.spaceship.screen.textcopy"},"orders":["com.recognize_text.translate.screen","com.spaceship.screen.textcopy","com.tap_to_translate.snap_translate","com.niven.translator","com.screen.translate.google","com.gaminik.i18n","com.newmg.yurao.pro","com.google.android.apps.translate","com.niven.game","com.fapp.translate.language.translator.fasttranslation","com.niven.apptranslate","com.eecorp.linguago","com.deepl.mobiletranslator"]},{"rank":{"index":2,"lang":"es-mx","country":"mx","chineseCountryName":"墨西哥","pkg":"com.spaceship.screen.textcopy"},"orders":["com.recognize_text.translate.screen","com.spaceship.screen.textcopy","com.tap_to_translate.snap_translate","com.gaminik.i18n","com.newmg.yurao.pro","com.google.android.apps.translate","com.zaz.translate","com.microsoft.translator","at.nk.tools.iTranslate","ru.yandex.translate","com.datacomprojects.scanandtranslate","com.naver.labs.translator","com.softissimo.reverso.context","com.google.ar.lens","com.immersivetranslate.browser","photo.translate.camera.translator","com.voice_camera_free_translate","link.zhidou.btranslator","com.aldoo.pdftranslatorpro","com.niven.translator"]}]