[{"rank":{"index":1,"lang":"en-us","country":"us","chineseCountryName":"美国","pkg":"com.spaceship.screen.textcopy"},"orders":["com.spaceship.screen.textcopy","com.recognize_text.translate.screen","com.gaminik.i18n","com.newmg.yurao.pro","com.google.android.apps.translate","com.niven.translator","com.microsoft.translator","com.niven.game","com.eecorp.taptranslator","at.nk.tools.iTranslate","com.niven.comic","com.screen.translate.google","com.galaxy.airviewdictionary","com.translate.talkingtranslator","com.translate.language.translator.voice.translation","com.deepl.mobiletranslator","com.datacomprojects.scanandtranslate","com.sayhi.android.sayhitranslate","com.royalappcode.translation.voice.language.chat.interpreter","com.naver.labs.translator"]},{"rank":{"index":2,"lang":"ru","country":"ru","chineseCountryName":"俄罗斯","pkg":"com.spaceship.screen.textcopy"},"orders":["com.recognize_text.translate.screen","com.spaceship.screen.textcopy","com.niven.translator","com.gaminik.i18n","com.niven.game","com.microsoft.translator","com.newmg.yurao.pro","ru.yandex.translate","com.google.android.apps.translate","com.niven.comic","at.nk.tools.iTranslate","com.screen.translate.google","com.deepl.mobiletranslator","com.galaxy.airviewdictionary","com.tap_to_translate.snap_translate","com.datacomprojects.scanandtranslate","com.translate.language.translator.voice.translation","com.zaz.translate","com.translate.talkingtranslator","com.royalappcode.translation.voice.language.chat.interpreter"]},{"rank":{"index":1,"lang":"pt-br","country":"br","chineseCountryName":"巴西","pkg":"com.spaceship.screen.textcopy"},"orders":["com.spaceship.screen.textcopy","com.recognize_text.translate.screen","com.gaminik.i18n","com.niven.translator","com.niven.game","com.eecorp.taptranslator","com.niven.comic","at.nk.tools.iTranslate","com.newmg.yurao.pro","com.microsoft.translator","com.google.android.apps.translate","com.screen.translate.google","com.galaxy.airviewdictionary","com.android.chrome","com.google.android.apps.maps","com.google.android.apps.photos","com.discord","com.google.android.apps.youtube.creator","com.microsoft.office.outlook","com.skype.raider"]},{"rank":{"index":2,"lang":"fr","country":"fr","chineseCountryName":"法国","pkg":"com.spaceship.screen.textcopy"},"orders":["com.recognize_text.translate.screen","com.spaceship.screen.textcopy","com.gaminik.i18n","com.niven.translator","com.niven.game","com.eecorp.taptranslator","com.microsoft.translator","com.google.android.apps.translate","at.nk.tools.iTranslate","com.newmg.yurao.pro","com.galaxy.airviewdictionary","com.niven.comic","com.screen.translate.google","com.discord","com.android.chrome","com.microsoft.office.outlook","com.deepl.mobiletranslator","com.google.android.apps.photos","com.skype.raider","com.duolingo"]},{"rank":{"index":2,"lang":"en-gb","country":"gb","chineseCountryName":"英国","pkg":"com.spaceship.screen.textcopy"},"orders":["com.recognize_text.translate.screen","com.spaceship.screen.textcopy","com.gaminik.i18n","com.google.android.apps.translate","com.microsoft.translator","com.niven.translator","com.niven.game","at.nk.tools.iTranslate","com.newmg.yurao.pro","com.datacomprojects.scanandtranslate","com.eecorp.taptranslator","com.niven.comic","com.galaxy.airviewdictionary","com.zaz.translate","com.translate.language.translator.voice.translation","com.deepl.mobiletranslator","com.translate.talkingtranslator","com.screen.translate.google","com.royalappcode.translation.voice.language.chat.interpreter","com.easytranslate.easytranslate"]},{"rank":{"index":1,"lang":"de","country":"de","chineseCountryName":"德国","pkg":"com.spaceship.screen.textcopy"},"orders":["com.spaceship.screen.textcopy","com.recognize_text.translate.screen","com.gaminik.i18n","com.newmg.yurao.pro","com.niven.translator","com.niven.game","com.eecorp.taptranslator","com.microsoft.translator","com.google.android.apps.translate","com.niven.comic","com.screen.translate.google","com.galaxy.airviewdictionary","at.nk.tools.iTranslate","com.deepl.mobiletranslator","com.discord","com.android.chrome","com.google.android.apps.photos","com.microsoft.office.outlook","com.truecaller","com.google.android.apps.maps"]},{"rank":{"index":1,"lang":"it","country":"it","chineseCountryName":"意大利","pkg":"com.spaceship.screen.textcopy"},"orders":["com.spaceship.screen.textcopy","com.recognize_text.translate.screen","com.gaminik.i18n","com.niven.translator","com.niven.game","com.newmg.yurao.pro","screen.translator.voice.translate","com.eecorp.taptranslator","at.nk.tools.iTranslate","com.google.android.apps.translate","com.niven.comic","com.microsoft.translator","com.screen.translate.google","com.galaxy.airviewdictionary","com.deepl.mobiletranslator","com.discord","com.google.android.apps.photos","com.microsoft.office.outlook","com.google.android.apps.maps","com.android.chrome"]},{"rank":{"index":1,"lang":"ja","country":"jp","chineseCountryName":"日本","pkg":"com.spaceship.screen.textcopy"},"orders":["com.spaceship.screen.textcopy","com.recognize_text.translate.screen","com.gaminik.i18n","com.niven.translator","com.niven.game","com.google.android.apps.translate","com.newmg.yurao.pro","com.microsoft.translator","com.deepl.mobiletranslator","com.niven.comic","com.eecorp.taptranslator","at.nk.tools.iTranslate","com.galaxy.airviewdictionary","com.screen.translate.google","com.naver.labs.translator","com.android.chrome","com.discord","com.google.android.apps.maps","com.google.ar.lens","com.duolingo"]},{"rank":{"index":1,"lang":"ko","country":"kr","chineseCountryName":"韩国","pkg":"com.spaceship.screen.textcopy"},"orders":["com.spaceship.screen.textcopy","com.recognize_text.translate.screen","com.gaminik.i18n","com.niven.translator","com.microsoft.translator","com.niven.game","com.google.android.apps.translate","at.nk.tools.iTranslate","com.naver.labs.translator","com.newmg.yurao.pro","com.niven.comic","com.eecorp.taptranslator","com.galaxy.airviewdictionary","com.deepl.mobiletranslator","com.screen.translate.google","com.datacomprojects.scanandtranslate","com.translate.language.translator.voice.translation","com.translate.talkingtranslator","com.zaz.translate","com.discord"]},{"rank":{"index":1,"lang":"zh-hk","country":"hk","chineseCountryName":"香港","pkg":"com.spaceship.screen.textcopy"},"orders":["com.spaceship.screen.textcopy","com.recognize_text.translate.screen","com.gaminik.i18n","com.microsoft.translator","com.niven.translator","com.niven.game","at.nk.tools.iTranslate","com.google.android.apps.translate","com.niven.comic","com.newmg.yurao.pro","com.eecorp.taptranslator","com.deepl.mobiletranslator","com.datacomprojects.scanandtranslate","com.screen.translate.google","com.galaxy.airviewdictionary","com.translate.talkingtranslator","com.royalappcode.translation.voice.language.chat.interpreter","com.translate.language.translator.voice.translation","com.zaz.translate","com.tangdi.baiguotong"]},{"rank":{"index":1,"lang":"zh-tw","country":"tw","chineseCountryName":"台湾","pkg":"com.spaceship.screen.textcopy"},"orders":["com.spaceship.screen.textcopy","com.recognize_text.translate.screen","com.gaminik.i18n","com.microsoft.translator","com.niven.translator","com.niven.game","at.nk.tools.iTranslate","com.google.android.apps.translate","com.niven.comic","com.newmg.yurao.pro","com.translate.talkingtranslator","com.translate.language.translator.voice.translation","com.galaxy.airviewdictionary","com.naver.labs.translator","com.eecorp.taptranslator","com.datacomprojects.scanandtranslate","com.deepl.mobiletranslator","com.screen.translate.google","com.tangdi.baiguotong","com.royalappcode.translation.voice.language.chat.interpreter"]},{"rank":{"index":2,"lang":"en","country":"in","chineseCountryName":"印度","pkg":"com.spaceship.screen.textcopy"},"orders":["com.recognize_text.translate.screen","com.spaceship.screen.textcopy","com.google.android.apps.translate","com.niven.game","com.microsoft.translator","com.zaz.translate","com.gaminik.i18n"]},{"rank":{"index":1,"lang":"id","country":"id","chineseCountryName":"印尼","pkg":"com.spaceship.screen.textcopy"},"orders":["com.spaceship.screen.textcopy","com.recognize_text.translate.screen","com.gaminik.i18n","com.niven.translator","com.niven.game","com.eecorp.taptranslator","com.newmg.yurao.pro","com.niven.comic","com.galaxy.airviewdictionary","com.google.android.apps.translate","at.nk.tools.iTranslate","com.youdao.hindict"]},{"rank":{"index":1,"lang":"es-mx","country":"mx","chineseCountryName":"墨西哥","pkg":"com.spaceship.screen.textcopy"},"orders":["com.spaceship.screen.textcopy","com.recognize_text.translate.screen","com.gaminik.i18n","com.niven.translator","com.niven.game","com.niven.comic","com.eecorp.taptranslator","at.nk.tools.iTranslate","com.newmg.yurao.pro","com.google.android.apps.translate","com.microsoft.translator","com.galaxy.airviewdictionary","com.screen.translate.google","com.android.chrome","com.google.android.apps.photos","com.discord","com.google.android.apps.maps","com.microsoft.office.outlook","us.zoom.videomeetings","com.adobe.reader"]}]