[{"rank":{"index":2,"lang":"en-us","country":"us","chineseCountryName":"美国","pkg":"com.spaceship.screen.textcopy"},"orders":["com.recognize_text.translate.screen","com.spaceship.screen.textcopy","com.tap_to_translate.snap_translate","com.google.android.apps.translate","com.screen.translate.google","com.newmg.yurao.pro","com.microsoft.translator","com.gaminik.i18n","com.niven.translator","com.translate.talkingtranslator","at.nk.tools.iTranslate","com.google.ar.lens","com.deepl.mobiletranslator","com.translate.language.translator.voice.translation","com.language.translate.free.translator.voice.translation","com.naver.labs.translator","com.niven.game","camtranslator.voice.text.image.translate","com.datacomprojects.scanandtranslate","com.sayhi.android.sayhitranslate"]},{"rank":{"index":0,"lang":"ru","country":"ru","chineseCountryName":"俄罗斯","pkg":"com.spaceship.screen.textcopy"},"orders":["com.recognize_text.translate.screen","com.tap_to_translate.snap_translate","com.niven.translator","com.newmg.yurao.pro","com.gaminik.i18n","com.screen.translate.google","ru.yandex.translate","com.niven.game","com.google.android.apps.translate","com.microsoft.translator","com.deepl.mobiletranslator","com.niven.apptranslate","com.voice_camera_free_translate","com.translate.talkingtranslator","com.language.translate.free.translator.voice.translation","com.wooask.zx","com.whatsapp","com.niven.comic","com.android.chrome","com.google.ar.lens"]},{"rank":{"index":2,"lang":"pt-br","country":"br","chineseCountryName":"巴西","pkg":"com.spaceship.screen.textcopy"},"orders":["com.recognize_text.translate.screen","com.spaceship.screen.textcopy","com.tap_to_translate.snap_translate","com.gaminik.i18n","com.google.android.apps.translate","com.microsoft.translator","com.deepl.mobiletranslator","com.zaz.translate","com.translate.talkingtranslator","com.translate.language.translator.voice.translation","ru.yandex.translate","com.softissimo.reverso.context","com.google.ar.lens","com.niven.translator","com.newmg.yurao.pro","com.screen.translate.google","com.galaxy.airviewdictionary","com.niven.apptranslate","com.youdao.hindict","com.niven.game"]},{"rank":{"index":3,"lang":"fr","country":"fr","chineseCountryName":"法国","pkg":"com.spaceship.screen.textcopy"},"orders":["com.recognize_text.translate.screen","com.tap_to_translate.snap_translate","com.spaceship.screen.textcopy","com.gaminik.i18n","com.newmg.yurao.pro","com.screen.translate.google","com.niven.translator","com.microsoft.translator","com.google.android.apps.translate","com.translate.talkingtranslator","com.deepl.mobiletranslator","at.nk.tools.iTranslate","com.niven.game","com.niven.apptranslate","com.voice_camera_free_translate","camtranslator.voice.text.image.translate","com.google.ar.lens","com.language.translate.free.translator.voice.translation","com.tangdi.baiguotong","com.softissimo.reverso.context"]},{"rank":{"index":2,"lang":"en-gb","country":"gb","chineseCountryName":"英国","pkg":"com.spaceship.screen.textcopy"},"orders":["com.recognize_text.translate.screen","com.spaceship.screen.textcopy","com.tap_to_translate.snap_translate","com.google.android.apps.translate","com.screen.translate.google","com.newmg.yurao.pro","com.gaminik.i18n","com.microsoft.translator","com.niven.translator","at.nk.tools.iTranslate","com.google.ar.lens","com.translate.talkingtranslator","com.niven.game","com.language.translate.free.translator.voice.translation","com.deepl.mobiletranslator","camtranslator.voice.text.image.translate","com.translate.language.translator.voice.translation","com.datacomprojects.scanandtranslate","com.naver.labs.translator","com.voice_camera_free_translate"]},{"rank":{"index":2,"lang":"de","country":"de","chineseCountryName":"德国","pkg":"com.spaceship.screen.textcopy"},"orders":["com.recognize_text.translate.screen","com.spaceship.screen.textcopy","com.tap_to_translate.snap_translate","com.screen.translate.google","com.gaminik.i18n","com.niven.translator","com.newmg.yurao.pro","com.microsoft.translator","com.google.android.apps.translate","com.deepl.mobiletranslator","at.nk.tools.iTranslate","com.translate.talkingtranslator","com.language.translate.free.translator.voice.translation","com.niven.game","com.niven.apptranslate","com.google.ar.lens","camtranslator.voice.text.image.translate","com.voice_camera_free_translate","com.facebook.katana","com.google.android.apps.tachyon"]},{"rank":{"index":2,"lang":"it","country":"it","chineseCountryName":"意大利","pkg":"com.spaceship.screen.textcopy"},"orders":["com.recognize_text.translate.screen","com.spaceship.screen.textcopy","com.tap_to_translate.snap_translate","com.gaminik.i18n","com.newmg.yurao.pro","com.screen.translate.google","com.niven.translator","com.microsoft.translator","com.google.android.apps.translate","com.niven.game","at.nk.tools.iTranslate","com.deepl.mobiletranslator"]},{"rank":{"index":2,"lang":"ja","country":"jp","chineseCountryName":"日本","pkg":"com.spaceship.screen.textcopy"},"orders":["com.recognize_text.translate.screen","com.spaceship.screen.textcopy","com.tap_to_translate.snap_translate","com.gaminik.i18n","com.microsoft.translator","com.newmg.yurao.pro","com.niven.translator","com.screen.translate.google","com.google.android.apps.translate","com.deepl.mobiletranslator","com.translate.talkingtranslator","at.nk.tools.iTranslate","com.naver.labs.translator"]},{"rank":{"index":2,"lang":"ko","country":"kr","chineseCountryName":"韩国","pkg":"com.spaceship.screen.textcopy"},"orders":["com.recognize_text.translate.screen","com.spaceship.screen.textcopy","com.tap_to_translate.snap_translate","com.gaminik.i18n","com.newmg.yurao.pro","com.screen.translate.google","com.niven.translator","com.google.android.apps.translate","com.microsoft.translator","com.niven.game","com.naver.labs.translator","com.translate.talkingtranslator","com.niven.apptranslate","com.voice_camera_free_translate","com.google.ar.lens","com.deepl.mobiletranslator","at.nk.tools.iTranslate","com.facebook.katana","com.instagram.android","com.facebook.orca"]},{"rank":{"index":2,"lang":"zh-hk","country":"hk","chineseCountryName":"香港","pkg":"com.spaceship.screen.textcopy"},"orders":["com.recognize_text.translate.screen","com.spaceship.screen.textcopy","com.gaminik.i18n","com.screen.translate.google","com.newmg.yurao.pro","com.niven.translator","com.tap_to_translate.snap_translate","com.microsoft.translator","com.google.android.apps.translate","at.nk.tools.iTranslate","com.deepl.mobiletranslator","com.translate.talkingtranslator","com.google.ar.lens","com.niven.game","com.niven.apptranslate","com.language.translate.free.translator.voice.translation","com.naver.labs.translator","com.tangdi.baiguotong","com.immersivetranslate.browser","com.android.chrome"]},{"rank":{"index":2,"lang":"zh-tw","country":"tw","chineseCountryName":"台湾","pkg":"com.spaceship.screen.textcopy"},"orders":["com.recognize_text.translate.screen","com.spaceship.screen.textcopy","com.tap_to_translate.snap_translate","com.screen.translate.google","com.gaminik.i18n","com.newmg.yurao.pro","com.niven.translator","com.microsoft.translator","com.google.android.apps.translate","at.nk.tools.iTranslate","com.translate.talkingtranslator","com.niven.game","com.voice_camera_free_translate","com.niven.apptranslate","com.language.translate.free.translator.voice.translation","com.tangdi.baiguotong","com.deepl.mobiletranslator","com.naver.labs.translator","com.google.ar.lens","com.niven.comic"]},{"rank":{"index":2,"lang":"en","country":"in","chineseCountryName":"印度","pkg":"com.spaceship.screen.textcopy"},"orders":["com.recognize_text.translate.screen","com.spaceship.screen.textcopy","com.tap_to_translate.snap_translate","com.google.android.apps.translate","com.gaminik.i18n","com.zaz.translate","at.nk.tools.iTranslate","com.translate.talkingtranslator","com.deepl.mobiletranslator","com.google.ar.lens","ru.yandex.translate","com.sayhi.android.sayhitranslate","com.softissimo.reverso.context","com.newmg.yurao.pro","com.screen.translate.google","com.niven.translator","screen.translator.voice.translate","com.niven.apptranslate","translate.speech.text.translation.voicetranslator","com.naver.labs.translator"]},{"rank":{"index":2,"lang":"id","country":"id","chineseCountryName":"印尼","pkg":"com.spaceship.screen.textcopy"},"orders":["com.recognize_text.translate.screen","com.spaceship.screen.textcopy","com.tap_to_translate.snap_translate","com.screen.translate.google","com.niven.translator","com.gaminik.i18n","com.newmg.yurao.pro","com.niven.game","com.google.android.apps.translate","com.youdao.hindict"]},{"rank":{"index":2,"lang":"es-mx","country":"mx","chineseCountryName":"墨西哥","pkg":"com.spaceship.screen.textcopy"},"orders":["com.recognize_text.translate.screen","com.spaceship.screen.textcopy","com.tap_to_translate.snap_translate","com.gaminik.i18n","com.microsoft.translator","com.google.android.apps.translate","com.deepl.mobiletranslator","com.zaz.translate","com.translate.talkingtranslator","ru.yandex.translate","com.google.ar.lens","com.softissimo.reverso.context","com.naver.labs.translator","com.sayhi.android.sayhitranslate","com.newmg.yurao.pro","com.niven.translator","com.screen.translate.google","com.youdao.hindict","com.niven.apptranslate","camtranslator.voice.text.image.translate"]}]