[{"rank":{"index":1,"lang":"en-us","country":"us","chineseCountryName":"美国","pkg":"com.spaceship.screen.textcopy"},"orders":["com.spaceship.screen.textcopy","com.microsoft.translator","com.newmg.yurao.pro","com.google.android.apps.translate","com.niven.translator","com.gaminik.i18n","com.recognize_text.translate.screen","com.niven.game","com.eecorp.taptranslator","com.screen.translator.text.recognize","com.galaxy.airviewdictionary","com.screen.translate.google","at.nk.tools.iTranslate","com.flabs.screen.translate","com.niven.comic","com.naver.labs.translator","com.zaz.translate","com.deepl.mobiletranslator","com.android.chrome","com.discord"]},{"rank":{"index":1,"lang":"ru","country":"ru","chineseCountryName":"俄罗斯","pkg":"com.spaceship.screen.textcopy"},"orders":["com.spaceship.screen.textcopy","com.recognize_text.translate.screen","com.niven.translator","com.niven.game","com.gaminik.i18n","com.microsoft.translator","com.newmg.yurao.pro","com.screen.translator.text.recognize","com.screen.translate.google","com.google.android.apps.translate","com.niven.comic","ru.yandex.translate","com.flabs.screen.translate","com.deepl.mobiletranslator","com.android.chrome","at.nk.tools.iTranslate","com.discord","com.galaxy.airviewdictionary","com.google.android.apps.photos","com.skype.raider"]},{"rank":{"index":2,"lang":"pt-br","country":"br","chineseCountryName":"巴西","pkg":"com.spaceship.screen.textcopy"},"orders":["com.recognize_text.translate.screen","com.spaceship.screen.textcopy","com.niven.translator","com.screen.translator.text.recognize","com.gaminik.i18n","com.niven.game","com.galaxy.airviewdictionary","com.niven.comic","com.microsoft.translator","com.newmg.yurao.pro","com.google.android.apps.translate","com.eecorp.taptranslator","at.nk.tools.iTranslate","com.google.android.apps.photos","com.android.chrome","com.google.android.apps.maps","com.discord","com.skype.raider","com.google.android.apps.youtube.creator","com.intsig.camscanner"]},{"rank":{"index":2,"lang":"fr","country":"fr","chineseCountryName":"法国","pkg":"com.spaceship.screen.textcopy"},"orders":["com.recognize_text.translate.screen","com.spaceship.screen.textcopy","com.niven.translator","com.gaminik.i18n","com.niven.game","com.screen.translator.text.recognize","com.microsoft.translator","com.google.android.apps.translate","com.niven.comic","com.newmg.yurao.pro","com.galaxy.airviewdictionary","com.eecorp.taptranslator","com.screen.translate.google","at.nk.tools.iTranslate","com.flabs.screen.translate","com.deepl.mobiletranslator","com.tap_to_translate.snap_translate","com.android.chrome","com.canva.editor","com.discord"]},{"rank":{"index":2,"lang":"en-gb","country":"gb","chineseCountryName":"英国","pkg":"com.spaceship.screen.textcopy"},"orders":["com.recognize_text.translate.screen","com.spaceship.screen.textcopy","com.google.android.apps.translate","com.microsoft.translator","com.gaminik.i18n","com.niven.translator","com.niven.game","com.screen.translator.text.recognize","com.newmg.yurao.pro","at.nk.tools.iTranslate","com.flabs.screen.translate","com.eecorp.taptranslator","com.zaz.translate","com.niven.comic","com.screen.translate.google","com.galaxy.airviewdictionary","com.deepl.mobiletranslator","com.youdao.hindict","com.naver.labs.translator","com.android.chrome"]},{"rank":{"index":1,"lang":"de","country":"de","chineseCountryName":"德国","pkg":"com.spaceship.screen.textcopy"},"orders":["com.spaceship.screen.textcopy","com.recognize_text.translate.screen","com.niven.translator","com.gaminik.i18n","com.screen.translator.text.recognize","com.newmg.yurao.pro","com.niven.game","com.microsoft.translator","com.google.android.apps.translate","com.eecorp.taptranslator","com.galaxy.airviewdictionary","com.deepl.mobiletranslator","com.discord","com.screen.translate.google","com.android.chrome","com.google.android.apps.photos","com.sec.android.app.sbrowser","com.skype.raider","com.microsoft.office.outlook","com.google.android.apps.maps"]},{"rank":{"index":1,"lang":"it","country":"it","chineseCountryName":"意大利","pkg":"com.spaceship.screen.textcopy"},"orders":["com.spaceship.screen.textcopy","com.recognize_text.translate.screen","com.niven.translator","com.gaminik.i18n","com.niven.game","com.screen.translator.text.recognize","com.microsoft.translator","com.google.android.apps.translate","com.niven.comic","com.newmg.yurao.pro","screen.translator.voice.translate","com.screen.translate.google","com.eecorp.taptranslator","com.deepl.mobiletranslator","at.nk.tools.iTranslate","com.galaxy.airviewdictionary","com.tap_to_translate.snap_translate","com.discord","com.openai.chatgpt","com.google.android.apps.photos"]},{"rank":{"index":1,"lang":"ja","country":"jp","chineseCountryName":"日本","pkg":"com.spaceship.screen.textcopy"},"orders":["com.spaceship.screen.textcopy","com.gaminik.i18n","com.niven.translator","com.screen.translator.text.recognize","com.galaxy.airviewdictionary","com.niven.game","com.microsoft.translator","com.recognize_text.translate.screen","com.google.android.apps.translate","com.newmg.yurao.pro","com.naver.labs.translator","com.deepl.mobiletranslator","com.screen.translate.google","com.niven.comic","at.nk.tools.iTranslate","com.eecorp.taptranslator","com.android.chrome","com.youdao.hindict","com.google.android.apps.maps","com.google.ar.lens"]},{"rank":{"index":1,"lang":"ko","country":"kr","chineseCountryName":"韩国","pkg":"com.spaceship.screen.textcopy"},"orders":["com.spaceship.screen.textcopy","com.recognize_text.translate.screen","com.microsoft.translator","com.niven.translator","com.niven.game","com.gaminik.i18n","com.google.android.apps.translate","com.screen.translator.text.recognize","com.naver.labs.translator","com.newmg.yurao.pro","com.flabs.screen.translate","com.niven.comic","com.screen.translate.google","com.eecorp.taptranslator","at.nk.tools.iTranslate","com.deepl.mobiletranslator","com.galaxy.airviewdictionary","com.discord","com.sec.android.app.sbrowser","com.android.chrome"]},{"rank":{"index":1,"lang":"zh-hk","country":"hk","chineseCountryName":"香港","pkg":"com.spaceship.screen.textcopy"},"orders":["com.spaceship.screen.textcopy","com.recognize_text.translate.screen","com.microsoft.translator","com.gaminik.i18n","com.google.android.apps.translate","com.niven.translator","com.niven.game","com.screen.translator.text.recognize","at.nk.tools.iTranslate","com.newmg.yurao.pro","com.flabs.screen.translate","com.screen.translate.google","com.niven.comic","com.naver.labs.translator","com.youdao.hindict","com.galaxy.airviewdictionary","com.eecorp.taptranslator","com.deepl.mobiletranslator","com.zaz.translate","com.android.chrome"]},{"rank":{"index":1,"lang":"zh-tw","country":"tw","chineseCountryName":"台湾","pkg":"com.spaceship.screen.textcopy"},"orders":["com.spaceship.screen.textcopy","com.recognize_text.translate.screen","com.microsoft.translator","com.niven.game","com.niven.translator","com.gaminik.i18n","com.google.android.apps.translate","com.screen.translator.text.recognize","com.newmg.yurao.pro","com.flabs.screen.translate","at.nk.tools.iTranslate","com.screen.translate.google","com.niven.comic","com.naver.labs.translator","com.youdao.hindict","com.eecorp.taptranslator","com.galaxy.airviewdictionary","com.deepl.mobiletranslator","com.discord","com.google.android.apps.maps"]},{"rank":{"index":2,"lang":"en","country":"in","chineseCountryName":"印度","pkg":"com.spaceship.screen.textcopy"},"orders":["com.recognize_text.translate.screen","com.spaceship.screen.textcopy","com.google.android.apps.translate","com.microsoft.translator","com.newmg.yurao.pro"]},{"rank":{"index":2,"lang":"id","country":"id","chineseCountryName":"印尼","pkg":"com.spaceship.screen.textcopy"},"orders":["com.recognize_text.translate.screen","com.spaceship.screen.textcopy","com.gaminik.i18n","com.niven.translator","com.niven.game","com.youdao.hindict","com.screen.translator.text.recognize","com.niven.comic","com.google.android.apps.translate","com.newmg.yurao.pro","com.microsoft.translator","at.nk.tools.iTranslate","com.eecorp.taptranslator","com.screen.translate.google","com.naver.labs.translator"]},{"rank":{"index":1,"lang":"es-mx","country":"mx","chineseCountryName":"墨西哥","pkg":"com.spaceship.screen.textcopy"},"orders":["com.spaceship.screen.textcopy","com.recognize_text.translate.screen","com.niven.translator","com.gaminik.i18n","com.niven.game","com.screen.translator.text.recognize","com.google.android.apps.translate","com.microsoft.translator","com.niven.comic","com.newmg.yurao.pro","at.nk.tools.iTranslate","com.google.android.apps.photos","com.android.chrome","com.google.android.apps.maps","com.discord","com.microsoft.office.outlook","com.eecorp.taptranslator","com.intsig.camscanner","com.truecaller","com.adobe.reader"]}]