[{"rank":{"index":2,"lang":"en-us","country":"us","chineseCountryName":"美国","pkg":"com.spaceship.screen.textcopy"},"orders":["com.recognize_text.translate.screen","com.spaceship.screen.textcopy","com.niven.translator","com.microsoft.translator","com.gaminik.i18n","com.google.android.apps.translate","com.tap_to_translate.snap_translate","com.niven.game","com.newmg.yurao.pro","com.zaz.translate","at.nk.tools.iTranslate","com.niven.comic","com.translate.language.translator.voice.translation","com.screen.translate.google","com.eecorp.taptranslator","com.galaxy.airviewdictionary","com.translate.talkingtranslator","com.audacityittranslator.translatetexttranslator","com.sayhi.android.sayhitranslate","com.sapiens.voice.translate"]},{"rank":{"index":2,"lang":"ru","country":"ru","chineseCountryName":"俄罗斯","pkg":"com.spaceship.screen.textcopy"},"orders":["com.recognize_text.translate.screen","com.spaceship.screen.textcopy","com.niven.translator","com.tap_to_translate.snap_translate","com.niven.game","com.gaminik.i18n","com.microsoft.translator","com.zaz.translate","com.niven.comic","com.newmg.yurao.pro","ru.yandex.translate","at.nk.tools.iTranslate","com.screen.translate.google","com.google.android.apps.translate","com.translate.language.translator.voice.translation","com.promt.pmtappfree","com.screen.translator.text.recognize","com.deepl.mobiletranslator","com.audacityittranslator.translatetexttranslator","com.galaxy.airviewdictionary"]},{"rank":{"index":2,"lang":"pt-br","country":"br","chineseCountryName":"巴西","pkg":"com.spaceship.screen.textcopy"},"orders":["com.recognize_text.translate.screen","com.spaceship.screen.textcopy","com.tap_to_translate.snap_translate","com.niven.translator","com.gaminik.i18n","com.niven.game","com.galaxy.airviewdictionary","com.niven.comic","com.newmg.yurao.pro","com.microsoft.translator","com.eecorp.taptranslator","com.screen.translate.google","com.screen.translator.text.recognize","com.eecorp.linguago","com.google.android.apps.translate","com.zaz.translate","com.audacityittranslator.translatetexttranslator","at.nk.tools.iTranslate","com.aldoo.pdftranslatorpro","com.facebook.orca"]},{"rank":{"index":2,"lang":"fr","country":"fr","chineseCountryName":"法国","pkg":"com.spaceship.screen.textcopy"},"orders":["com.recognize_text.translate.screen","com.spaceship.screen.textcopy","com.tap_to_translate.snap_translate","com.niven.translator","com.gaminik.i18n","com.niven.game","com.microsoft.translator","com.niven.comic","com.zaz.translate","at.nk.tools.iTranslate","com.newmg.yurao.pro","com.google.android.apps.translate","com.screen.translator.text.recognize","com.screen.translate.google","com.galaxy.airviewdictionary","com.audacityittranslator.translatetexttranslator","com.translate.language.translator.voice.translation","com.eecorp.taptranslator","com.deepl.mobiletranslator","com.facebook.orca"]},{"rank":{"index":2,"lang":"en-gb","country":"gb","chineseCountryName":"英国","pkg":"com.spaceship.screen.textcopy"},"orders":["com.recognize_text.translate.screen","com.spaceship.screen.textcopy","com.gaminik.i18n","com.microsoft.translator","com.google.android.apps.translate","com.niven.translator","com.tap_to_translate.snap_translate","com.niven.game","com.zaz.translate","at.nk.tools.iTranslate","com.niven.comic","com.translate.language.translator.voice.translation","com.newmg.yurao.pro","com.screen.translate.google","com.galaxy.airviewdictionary","com.screen.translator.text.recognize","com.audacityittranslator.translatetexttranslator","com.easytranslate.easytranslate","com.translate.talkingtranslator","com.deepl.mobiletranslator"]},{"rank":{"index":2,"lang":"de","country":"de","chineseCountryName":"德国","pkg":"com.spaceship.screen.textcopy"},"orders":["com.recognize_text.translate.screen","com.spaceship.screen.textcopy","com.gaminik.i18n","com.niven.translator","com.niven.game","com.tap_to_translate.snap_translate","com.microsoft.translator","com.niven.comic","at.nk.tools.iTranslate","com.newmg.yurao.pro","com.galaxy.airviewdictionary","com.screen.translator.text.recognize","com.audacityittranslator.translatetexttranslator","com.screen.translate.google","com.google.android.apps.translate","com.deepl.mobiletranslator","com.translate.language.translator.voice.translation","com.image.camera.translate.ai","com.zaz.translate","com.translate.talkingtranslator"]},{"rank":{"index":2,"lang":"it","country":"it","chineseCountryName":"意大利","pkg":"com.spaceship.screen.textcopy"},"orders":["com.recognize_text.translate.screen","com.spaceship.screen.textcopy","com.tap_to_translate.snap_translate","com.niven.translator","com.gaminik.i18n","com.niven.game","com.microsoft.translator","com.niven.comic","at.nk.tools.iTranslate","com.galaxy.airviewdictionary","com.newmg.yurao.pro","com.screen.translator.text.recognize","com.screen.translate.google","com.google.android.apps.translate","com.zaz.translate","com.audacityittranslator.translatetexttranslator","com.aldoo.pdftranslatorpro","com.image.camera.translate.ai","com.translate.language.translator.voice.translation","com.deepl.mobiletranslator"]},{"rank":{"index":2,"lang":"ja","country":"jp","chineseCountryName":"日本","pkg":"com.spaceship.screen.textcopy"},"orders":["com.recognize_text.translate.screen","com.spaceship.screen.textcopy","com.tap_to_translate.snap_translate","com.gaminik.i18n","com.niven.translator","com.niven.game","com.microsoft.translator","com.niven.comic","com.deepl.mobiletranslator","com.newmg.yurao.pro","at.nk.tools.iTranslate","com.galaxy.airviewdictionary","com.screen.translate.google","com.google.android.apps.translate","com.naver.labs.translator","com.translate.language.translator.voice.translation","com.translate.talkingtranslator","com.facebook.orca","com.google.ar.lens","com.screen.translator.text.recognize"]},{"rank":{"index":2,"lang":"ko","country":"kr","chineseCountryName":"韩国","pkg":"com.spaceship.screen.textcopy"},"orders":["com.recognize_text.translate.screen","com.spaceship.screen.textcopy","com.tap_to_translate.snap_translate","com.microsoft.translator","com.gaminik.i18n","com.niven.translator","com.niven.game","com.google.android.apps.translate","at.nk.tools.iTranslate","com.niven.comic","com.naver.labs.translator","com.zaz.translate","com.newmg.yurao.pro","com.translate.language.translator.voice.translation","com.screen.translate.google","com.galaxy.airviewdictionary","com.screen.translator.text.recognize","com.eecorp.taptranslator","com.translate.talkingtranslator","com.deepl.mobiletranslator"]},{"rank":{"index":2,"lang":"zh-hk","country":"hk","chineseCountryName":"香港","pkg":"com.spaceship.screen.textcopy"},"orders":["com.recognize_text.translate.screen","com.spaceship.screen.textcopy","com.gaminik.i18n","com.microsoft.translator","com.niven.translator","com.niven.game","com.google.android.apps.translate","com.tap_to_translate.snap_translate","at.nk.tools.iTranslate","com.translate.language.translator.voice.translation","com.niven.comic","com.zaz.translate","com.newmg.yurao.pro","com.screen.translate.google","com.galaxy.airviewdictionary","com.translate.talkingtranslator","com.image.camera.translate.ai","com.screen.translator.text.recognize","com.tangdi.baiguotong","com.audacityittranslator.translatetexttranslator"]},{"rank":{"index":2,"lang":"zh-tw","country":"tw","chineseCountryName":"台湾","pkg":"com.spaceship.screen.textcopy"},"orders":["com.recognize_text.translate.screen","com.spaceship.screen.textcopy","com.gaminik.i18n","com.microsoft.translator","com.niven.game","com.niven.translator","com.google.android.apps.translate","com.tap_to_translate.snap_translate","at.nk.tools.iTranslate","com.niven.comic","com.translate.language.translator.voice.translation","com.newmg.yurao.pro","com.zaz.translate","com.galaxy.airviewdictionary","com.screen.translate.google","com.translate.talkingtranslator","com.youdao.hindict","com.screen.translator.text.recognize","com.naver.labs.translator","com.image.camera.translate.ai"]},{"rank":{"index":2,"lang":"en","country":"in","chineseCountryName":"印度","pkg":"com.spaceship.screen.textcopy"},"orders":["com.recognize_text.translate.screen","com.spaceship.screen.textcopy","com.tap_to_translate.snap_translate","com.google.android.apps.translate","com.newmg.yurao.pro","com.zaz.translate","com.microsoft.translator","com.niven.translator","com.niven.game","at.nk.tools.iTranslate","com.gaminik.i18n"]},{"rank":{"index":2,"lang":"id","country":"id","chineseCountryName":"印尼","pkg":"com.spaceship.screen.textcopy"},"orders":["com.recognize_text.translate.screen","com.spaceship.screen.textcopy","com.tap_to_translate.snap_translate","com.niven.translator","com.gaminik.i18n","com.niven.game","com.niven.comic","com.youdao.hindict","com.newmg.yurao.pro","com.zaz.translate","com.google.android.apps.translate","at.nk.tools.iTranslate","com.screen.translator.text.recognize","com.microsoft.translator","com.screen.translate.google"]},{"rank":{"index":2,"lang":"es-mx","country":"mx","chineseCountryName":"墨西哥","pkg":"com.spaceship.screen.textcopy"},"orders":["com.recognize_text.translate.screen","com.spaceship.screen.textcopy","com.gaminik.i18n","com.niven.game","com.niven.translator","com.tap_to_translate.snap_translate","com.niven.comic","com.microsoft.translator","at.nk.tools.iTranslate","com.newmg.yurao.pro","com.zaz.translate","com.screen.translate.google","com.google.android.apps.translate","com.screen.translator.text.recognize","com.translate.language.translator.voice.translation","com.facebook.orca","com.android.chrome","com.google.android.apps.photos","com.google.android.apps.maps","com.translapp.screen.translator"]}]