[{"rank":{"index":2,"lang":"en-us","country":"us","chineseCountryName":"美国","pkg":"com.spaceship.screen.textcopy"},"orders":["com.recognize_text.translate.screen","com.spaceship.screen.textcopy","com.google.android.apps.translate","com.gaminik.i18n","com.screen.translate.google","com.newmg.yurao.pro","com.microsoft.translator","com.niven.game","com.niven.translator","com.tap_to_translate.snap_translate","com.niven.apptranslate","com.niven.comic","com.google.android.dialer","com.facebook.orca","com.google.android.apps.maps","com.deepl.mobiletranslator","com.android.chrome","com.google.android.apps.photos","com.google.ar.lens","com.google.android.gm"]},{"rank":{"index":2,"lang":"ru","country":"ru","chineseCountryName":"俄罗斯","pkg":"com.spaceship.screen.textcopy"},"orders":["com.recognize_text.translate.screen","com.spaceship.screen.textcopy","com.tap_to_translate.snap_translate","com.gaminik.i18n","com.niven.translator","com.niven.game","com.screen.translate.google","com.newmg.yurao.pro","com.niven.apptranslate","ru.yandex.translate","com.google.android.apps.translate","com.niven.comic","com.microsoft.translator","com.facebook.orca","com.android.chrome","com.datacomprojects.scanandtranslate","com.discord","com.google.android.dialer","com.deepl.mobiletranslator","com.truecaller"]},{"rank":{"index":2,"lang":"fr","country":"fr","chineseCountryName":"法国","pkg":"com.spaceship.screen.textcopy"},"orders":["com.recognize_text.translate.screen","com.spaceship.screen.textcopy","com.tap_to_translate.snap_translate","com.gaminik.i18n","com.niven.game","com.screen.translate.google","com.niven.translator","com.google.android.apps.translate","com.newmg.yurao.pro","com.niven.apptranslate","com.microsoft.translator","com.niven.comic","com.facebook.orca","org.telegram.messenger","com.microsoft.office.outlook","com.google.android.apps.maps","com.discord","com.google.android.apps.photos","com.android.chrome","com.deepl.mobiletranslator"]},{"rank":{"index":2,"lang":"en-gb","country":"gb","chineseCountryName":"英国","pkg":"com.spaceship.screen.textcopy"},"orders":["com.recognize_text.translate.screen","com.spaceship.screen.textcopy","com.gaminik.i18n","com.google.android.apps.translate","com.screen.translate.google","com.microsoft.translator","com.niven.game","com.niven.translator","com.niven.apptranslate","com.newmg.yurao.pro","com.niven.comic","com.tap_to_translate.snap_translate","com.datacomprojects.scanandtranslate","com.facebook.orca","com.google.android.apps.maps","com.deepl.mobiletranslator","com.siv","com.duolingo","at.nk.tools.iTranslate","com.android.chrome"]},{"rank":{"index":2,"lang":"de","country":"de","chineseCountryName":"德国","pkg":"com.spaceship.screen.textcopy"},"orders":["com.recognize_text.translate.screen","com.spaceship.screen.textcopy","com.gaminik.i18n","com.screen.translate.google","com.niven.game","com.niven.translator","com.google.android.apps.translate","com.microsoft.translator","com.newmg.yurao.pro","com.tap_to_translate.snap_translate","com.niven.apptranslate","com.niven.comic","com.deepl.mobiletranslator","com.facebook.orca","com.google.android.apps.maps","com.discord","com.microsoft.office.outlook","com.android.chrome","com.truecaller","com.google.android.apps.photos"]},{"rank":{"index":2,"lang":"it","country":"it","chineseCountryName":"意大利","pkg":"com.spaceship.screen.textcopy"},"orders":["com.recognize_text.translate.screen","com.spaceship.screen.textcopy","com.gaminik.i18n","com.niven.game","com.screen.translate.google","com.niven.translator","com.tap_to_translate.snap_translate","com.google.android.apps.translate","com.newmg.yurao.pro","com.niven.apptranslate","com.niven.comic","com.microsoft.translator","com.softissimo.reverso.context","com.deepl.mobiletranslator","com.facebook.orca","com.google.android.apps.maps","com.google.android.apps.photos","com.duolingo","com.google.android.dialer","com.discord"]},{"rank":{"index":2,"lang":"ja","country":"jp","chineseCountryName":"日本","pkg":"com.spaceship.screen.textcopy"},"orders":["com.recognize_text.translate.screen","com.spaceship.screen.textcopy","com.gaminik.i18n","com.screen.translate.google","com.tap_to_translate.snap_translate","com.niven.game","com.niven.translator","com.google.android.apps.translate","com.niven.apptranslate","com.microsoft.translator","com.newmg.yurao.pro","com.facebook.orca","com.android.chrome","com.google.android.apps.maps","com.discord","com.amazon.kindle","com.deepl.mobiletranslator","com.google.ar.lens","com.duolingo","com.microsoft.office.outlook"]},{"rank":{"index":2,"lang":"ko","country":"kr","chineseCountryName":"韩国","pkg":"com.spaceship.screen.textcopy"},"orders":["com.recognize_text.translate.screen","com.spaceship.screen.textcopy","com.tap_to_translate.snap_translate","com.gaminik.i18n","com.niven.game","com.niven.apptranslate","com.niven.translator","com.screen.translate.google","com.google.android.apps.translate","com.newmg.yurao.pro","com.microsoft.translator","com.niven.comic","com.facebook.orca","com.discord","com.android.chrome","com.naver.labs.translator","com.sec.android.app.sbrowser","us.zoom.videomeetings","com.duolingo","com.google.android.apps.photos"]},{"rank":{"index":2,"lang":"zh-hk","country":"hk","chineseCountryName":"香港","pkg":"com.spaceship.screen.textcopy"},"orders":["com.recognize_text.translate.screen","com.spaceship.screen.textcopy","com.gaminik.i18n","com.niven.game","com.google.android.apps.translate","com.screen.translate.google","com.niven.translator","com.microsoft.translator","com.tap_to_translate.snap_translate","com.newmg.yurao.pro","com.niven.apptranslate","com.google.android.apps.maps","com.niven.comic","com.android.chrome","com.facebook.orca","org.telegram.messenger","com.discord","com.duolingo","com.google.android.apps.photos","com.microsoft.office.outlook"]},{"rank":{"index":2,"lang":"zh-tw","country":"tw","chineseCountryName":"台湾","pkg":"com.spaceship.screen.textcopy"},"orders":["com.recognize_text.translate.screen","com.spaceship.screen.textcopy","com.gaminik.i18n","com.niven.game","com.screen.translate.google","com.niven.translator","com.microsoft.translator","com.google.android.apps.translate","com.tap_to_translate.snap_translate","com.newmg.yurao.pro","com.niven.apptranslate","com.niven.comic","com.google.android.apps.maps","com.facebook.orca","org.telegram.messenger","com.discord","com.android.chrome","com.skype.raider","com.duolingo","com.google.android.apps.docs.editors.sheets"]},{"rank":{"index":2,"lang":"en","country":"in","chineseCountryName":"印度","pkg":"com.spaceship.screen.textcopy"},"orders":["com.recognize_text.translate.screen","com.spaceship.screen.textcopy","com.google.android.apps.translate","com.tap_to_translate.snap_translate","com.newmg.yurao.pro","com.screen.translate.google","com.microsoft.translator","com.niven.game","com.niven.translator","at.nk.tools.iTranslate","com.gaminik.i18n"]},{"rank":{"index":2,"lang":"id","country":"id","chineseCountryName":"印尼","pkg":"com.spaceship.screen.textcopy"},"orders":["com.recognize_text.translate.screen","com.spaceship.screen.textcopy","com.tap_to_translate.snap_translate","com.gaminik.i18n","com.niven.game","com.niven.translator","com.screen.translate.google","com.newmg.yurao.pro","com.niven.apptranslate"]},{"rank":{"index":2,"lang":"es-mx","country":"mx","chineseCountryName":"墨西哥","pkg":"com.spaceship.screen.textcopy"},"orders":["com.recognize_text.translate.screen","com.spaceship.screen.textcopy","com.tap_to_translate.snap_translate","com.niven.game","com.niven.translator","com.google.android.apps.translate","com.microsoft.translator","com.screen.translate.google","com.youdao.hindict","at.nk.tools.iTranslate","com.deepl.mobiletranslator","ru.yandex.translate","com.naver.labs.translator","com.softissimo.reverso.context","com.newmg.yurao.pro","com.niven.comic","com.google.ar.lens","com.translate.talkingtranslator","com.niven.apptranslate","com.gaminik.i18n"]}]