[{"rank":{"index":1,"lang":"en-us","country":"us","chineseCountryName":"美国","pkg":"com.spaceship.screen.textcopy"},"orders":["com.spaceship.screen.textcopy","com.recognize_text.translate.screen","com.microsoft.translator","com.google.android.apps.translate","com.newmg.yurao.pro","com.niven.translator","com.gaminik.i18n","com.niven.game","com.screen.translator.text.recognize","at.nk.tools.iTranslate","com.sayhi.android.sayhitranslate","com.eecorp.taptranslator","com.naver.labs.translator","com.niven.comic","com.zaz.translate","com.deepl.mobiletranslator","com.screen.translate.google","com.translate.talkingtranslator","com.easytranslate.easytranslate","com.royalappcode.translation.voice.language.chat.interpreter"]},{"rank":{"index":2,"lang":"ru","country":"ru","chineseCountryName":"俄罗斯","pkg":"com.spaceship.screen.textcopy"},"orders":["com.recognize_text.translate.screen","com.spaceship.screen.textcopy","com.niven.translator","com.niven.game","com.microsoft.translator","com.gaminik.i18n","com.screen.translator.text.recognize","ru.yandex.translate","com.newmg.yurao.pro","com.google.android.apps.translate","com.niven.comic","com.screen.translate.google","at.nk.tools.iTranslate","com.tap_to_translate.snap_translate","com.deepl.mobiletranslator","com.zaz.translate","com.naver.labs.translator","com.niven.apptranslate","com.duolingo","com.android.chrome"]},{"rank":{"index":2,"lang":"pt-br","country":"br","chineseCountryName":"巴西","pkg":"com.spaceship.screen.textcopy"},"orders":["com.recognize_text.translate.screen","com.spaceship.screen.textcopy","com.niven.game","com.niven.translator","com.gaminik.i18n","com.screen.translator.text.recognize","com.niven.comic","com.microsoft.translator","com.eecorp.taptranslator","com.newmg.yurao.pro","com.google.android.apps.translate","com.image.camera.translate.ai","at.nk.tools.iTranslate","com.screen.translate.google","com.google.android.apps.photos","com.android.chrome","com.deepl.mobiletranslator","com.discord","com.google.android.apps.maps","com.google.android.apps.youtube.creator"]},{"rank":{"index":2,"lang":"fr","country":"fr","chineseCountryName":"法国","pkg":"com.spaceship.screen.textcopy"},"orders":["com.recognize_text.translate.screen","com.spaceship.screen.textcopy","com.niven.translator","com.gaminik.i18n","com.niven.game","com.screen.translator.text.recognize","com.microsoft.translator","com.niven.comic","com.google.android.apps.translate","com.newmg.yurao.pro","com.eecorp.taptranslator","com.image.camera.translate.ai","at.nk.tools.iTranslate","com.screen.translate.google","com.zaz.translate","com.discord","com.google.android.apps.photos","com.deepl.mobiletranslator","com.duolingo","com.microsoft.office.outlook"]},{"rank":{"index":2,"lang":"en-gb","country":"gb","chineseCountryName":"英国","pkg":"com.spaceship.screen.textcopy"},"orders":["com.recognize_text.translate.screen","com.spaceship.screen.textcopy","com.google.android.apps.translate","com.microsoft.translator","com.niven.translator","com.gaminik.i18n","com.niven.game","at.nk.tools.iTranslate","com.zaz.translate","com.niven.comic","com.sayhi.android.sayhitranslate","com.languagetranslator.translatorapp.smartscanner.dictionary.translation.voicetranslator","com.deepl.mobiletranslator","com.royalappcode.translation.voice.language.chat.interpreter","free.translate.all.language.translator","com.screen.translate.google","all.language.translate.translator","com.youdao.hindict","com.tranit.text.translate","com.image.camera.translate.ai"]},{"rank":{"index":1,"lang":"de","country":"de","chineseCountryName":"德国","pkg":"com.spaceship.screen.textcopy"},"orders":["com.spaceship.screen.textcopy","com.recognize_text.translate.screen","com.niven.translator","com.gaminik.i18n","com.screen.translator.text.recognize","com.niven.game","com.microsoft.translator","com.newmg.yurao.pro","com.niven.comic","com.eecorp.taptranslator","com.google.android.apps.translate","com.screen.translate.google","com.deepl.mobiletranslator","com.image.camera.translate.ai","com.galaxy.airviewdictionary","at.nk.tools.iTranslate","com.discord","com.google.android.apps.photos","com.android.chrome","com.duolingo"]},{"rank":{"index":1,"lang":"it","country":"it","chineseCountryName":"意大利","pkg":"com.spaceship.screen.textcopy"},"orders":["com.spaceship.screen.textcopy","com.niven.translator","com.recognize_text.translate.screen","com.niven.game","com.screen.translator.text.recognize","com.gaminik.i18n","com.microsoft.translator","com.google.android.apps.translate","com.niven.comic","com.image.camera.translate.ai","com.newmg.yurao.pro","com.eecorp.taptranslator","at.nk.tools.iTranslate","com.screen.translate.google","com.galaxy.airviewdictionary","com.deepl.mobiletranslator","screen.translator.voice.translate","com.discord","com.google.android.apps.photos","com.microsoft.office.outlook"]},{"rank":{"index":1,"lang":"ja","country":"jp","chineseCountryName":"日本","pkg":"com.spaceship.screen.textcopy"},"orders":["com.spaceship.screen.textcopy","com.recognize_text.translate.screen","com.gaminik.i18n","com.niven.translator","com.niven.game","com.screen.translator.text.recognize","com.microsoft.translator","com.niven.comic","com.google.android.apps.translate","com.deepl.mobiletranslator","com.newmg.yurao.pro","com.naver.labs.translator","com.screen.translate.google"]},{"rank":{"index":1,"lang":"ko","country":"kr","chineseCountryName":"韩国","pkg":"com.spaceship.screen.textcopy"},"orders":["com.spaceship.screen.textcopy","com.recognize_text.translate.screen","com.microsoft.translator","com.niven.game","com.gaminik.i18n","com.niven.translator","com.google.android.apps.translate","com.screen.translator.text.recognize","com.naver.labs.translator","at.nk.tools.iTranslate","com.niven.comic","com.newmg.yurao.pro","com.screen.translate.google","com.deepl.mobiletranslator","com.eecorp.taptranslator","com.zaz.translate","com.galaxy.airviewdictionary","com.sayhi.android.sayhitranslate","com.flitto.app","com.image.camera.translate.ai"]},{"rank":{"index":1,"lang":"zh-hk","country":"hk","chineseCountryName":"香港","pkg":"com.spaceship.screen.textcopy"},"orders":["com.spaceship.screen.textcopy","com.recognize_text.translate.screen","com.microsoft.translator","com.google.android.apps.translate","com.gaminik.i18n","com.niven.translator","com.niven.game","com.screen.translator.text.recognize","at.nk.tools.iTranslate","com.niven.comic","com.newmg.yurao.pro","com.naver.labs.translator","com.screen.translate.google","com.sayhi.android.sayhitranslate","com.deepl.mobiletranslator","com.zaz.translate","com.eecorp.taptranslator","com.youdao.hindict","com.galaxy.airviewdictionary","com.image.camera.translate.ai"]},{"rank":{"index":1,"lang":"zh-tw","country":"tw","chineseCountryName":"台湾","pkg":"com.spaceship.screen.textcopy"},"orders":["com.spaceship.screen.textcopy","com.recognize_text.translate.screen","com.microsoft.translator","com.google.android.apps.translate","com.gaminik.i18n","com.niven.game","com.niven.translator","com.screen.translator.text.recognize","at.nk.tools.iTranslate","com.niven.comic","com.naver.labs.translator","com.newmg.yurao.pro","com.deepl.mobiletranslator","com.image.camera.translate.ai","com.sayhi.android.sayhitranslate","com.screen.translate.google","com.youdao.hindict","com.eecorp.taptranslator","com.translate.talkingtranslator","com.zaz.translate"]},{"rank":{"index":2,"lang":"en","country":"in","chineseCountryName":"印度","pkg":"com.spaceship.screen.textcopy"},"orders":["com.recognize_text.translate.screen","com.spaceship.screen.textcopy","com.google.android.apps.translate","com.microsoft.translator","com.newmg.yurao.pro"]},{"rank":{"index":1,"lang":"id","country":"id","chineseCountryName":"印尼","pkg":"com.spaceship.screen.textcopy"},"orders":["com.spaceship.screen.textcopy","com.recognize_text.translate.screen","com.niven.translator","com.screen.translator.text.recognize","com.gaminik.i18n","com.niven.game","com.niven.comic","com.galaxy.airviewdictionary","com.newmg.yurao.pro","com.google.android.apps.translate"]},{"rank":{"index":1,"lang":"es-mx","country":"mx","chineseCountryName":"墨西哥","pkg":"com.spaceship.screen.textcopy"},"orders":["com.spaceship.screen.textcopy","com.recognize_text.translate.screen","com.niven.translator","com.niven.game","com.gaminik.i18n","com.screen.translator.text.recognize","com.microsoft.translator","com.niven.comic","at.nk.tools.iTranslate","com.google.android.apps.translate","com.newmg.yurao.pro","com.eecorp.taptranslator","com.screen.translate.google","com.image.camera.translate.ai","com.aldoo.pdftranslatorpro","com.google.android.apps.photos","com.deepl.mobiletranslator","com.tangdi.baiguotong","com.android.chrome","com.google.android.apps.maps"]}]