[{"rank":{"index":2,"lang":"en-us","country":"us","chineseCountryName":"美国","pkg":"com.spaceship.screen.textcopy"},"orders":["com.recognize_text.translate.screen","com.spaceship.screen.textcopy","com.tap_to_translate.snap_translate","com.niven.translator","com.gaminik.i18n","com.google.android.apps.translate","com.newmg.yurao.pro","com.aurasense.screentranslate","com.microsoft.translator","com.screen.translate.google","com.deepl.mobiletranslator","com.yoyodev.screentranslate","live.screentranslate.realtime","at.nk.tools.iTranslate","com.zaz.translate","com.hive.lingonative","com.galaxy.airviewdictionary","link.zhidou.btranslator","com.niven.game","com.niven.apptranslate"]},{"rank":{"index":2,"lang":"ru","country":"ru","chineseCountryName":"俄罗斯","pkg":"com.spaceship.screen.textcopy"},"orders":["com.recognize_text.translate.screen","com.spaceship.screen.textcopy","com.tap_to_translate.snap_translate","com.niven.translator","com.gaminik.i18n","com.newmg.yurao.pro","com.yoyodev.screentranslate","com.screen.translate.google","com.zaz.translate","com.microsoft.translator","com.galaxy.airviewdictionary","live.screentranslate.realtime","com.hive.lingonative","com.niven.game","com.google.android.apps.translate","link.zhidou.btranslator","com.niven.apptranslate","ru.yandex.translate","at.nk.tools.iTranslate","com.newtranslate.google"]},{"rank":{"index":2,"lang":"pt-br","country":"br","chineseCountryName":"巴西","pkg":"com.spaceship.screen.textcopy"},"orders":["com.recognize_text.translate.screen","com.spaceship.screen.textcopy","com.tap_to_translate.snap_translate","com.niven.translator","com.gaminik.i18n","com.newmg.yurao.pro","com.screen.translate.google","com.google.android.apps.translate","live.screentranslate.realtime","com.niven.game","link.zhidou.btranslator","com.galaxy.airviewdictionary","com.hive.lingonative","com.microsoft.translator","com.niven.apptranslate","com.deepl.mobiletranslator","com.zaz.translate","at.nk.tools.iTranslate","com.newtranslate.google","co.appnation.aivoicetranslator"]},{"rank":{"index":2,"lang":"fr","country":"fr","chineseCountryName":"法国","pkg":"com.spaceship.screen.textcopy"},"orders":["com.recognize_text.translate.screen","com.spaceship.screen.textcopy","com.tap_to_translate.snap_translate","com.niven.translator","com.gaminik.i18n","com.newmg.yurao.pro","com.yoyodev.screentranslate","com.aurasense.screentranslate","com.screen.translate.google","live.screentranslate.realtime","com.hive.lingonative","com.galaxy.airviewdictionary","com.niven.apptranslate","link.zhidou.btranslator","com.zaz.translate","com.google.android.apps.translate","photo.translate.camera.translator","com.deepl.mobiletranslator","com.niven.game","co.appnation.aivoicetranslator"]},{"rank":{"index":2,"lang":"en-gb","country":"gb","chineseCountryName":"英国","pkg":"com.spaceship.screen.textcopy"},"orders":["com.recognize_text.translate.screen","com.spaceship.screen.textcopy","com.tap_to_translate.snap_translate","com.google.android.apps.translate","com.microsoft.translator","com.zaz.translate","at.nk.tools.iTranslate","link.zhidou.btranslator","com.niven.translator","com.newmg.yurao.pro","com.galaxy.airviewdictionary","screen.translator.voice.translate","com.aurasense.screentranslate","com.screen.translate.google","ru.yandex.translate","translate.speech.text.translation.voicetranslator","live.screentranslate.realtime","sami.pro.com.Translate","com.yoyodev.screentranslate","photo.translate.camera.translator"]},{"rank":{"index":2,"lang":"de","country":"de","chineseCountryName":"德国","pkg":"com.spaceship.screen.textcopy"},"orders":["com.recognize_text.translate.screen","com.spaceship.screen.textcopy","com.niven.translator","com.tap_to_translate.snap_translate","com.gaminik.i18n","com.newmg.yurao.pro","com.yoyodev.screentranslate","com.screen.translate.google","live.screentranslate.realtime","com.aurasense.screentranslate","com.hive.lingonative","com.galaxy.airviewdictionary","link.zhidou.btranslator","com.niven.apptranslate","com.google.android.apps.translate","com.aktaris.chattranslator","com.chat_translate.screen_translate","com.deepl.mobiletranslator","com.zaz.translate","com.gyaser.screen.translator"]},{"rank":{"index":2,"lang":"it","country":"it","chineseCountryName":"意大利","pkg":"com.spaceship.screen.textcopy"},"orders":["com.recognize_text.translate.screen","com.spaceship.screen.textcopy","com.tap_to_translate.snap_translate","com.gaminik.i18n","com.niven.translator","com.newmg.yurao.pro","com.yoyodev.screentranslate","live.screentranslate.realtime","com.screen.translate.google","com.hive.lingonative","com.aurasense.screentranslate","link.zhidou.btranslator","com.niven.apptranslate","com.google.android.apps.translate","com.deepl.mobiletranslator","com.galaxy.airviewdictionary","com.zaz.translate","com.paninitranslate","com.niven.game","com.microsoft.translator"]},{"rank":{"index":2,"lang":"ja","country":"jp","chineseCountryName":"日本","pkg":"com.spaceship.screen.textcopy"},"orders":["com.recognize_text.translate.screen","com.spaceship.screen.textcopy","com.tap_to_translate.snap_translate","com.gaminik.i18n","com.aurasense.screentranslate","com.newmg.yurao.pro","com.niven.translator","com.screen.translate.google","com.hive.lingonative","live.screentranslate.realtime","com.niven.apptranslate"]},{"rank":{"index":2,"lang":"ko","country":"kr","chineseCountryName":"韩国","pkg":"com.spaceship.screen.textcopy"},"orders":["com.recognize_text.translate.screen","com.spaceship.screen.textcopy","com.tap_to_translate.snap_translate","com.gaminik.i18n","com.niven.translator","com.newmg.yurao.pro","com.screen.translate.google","live.screentranslate.realtime","com.aurasense.screentranslate","com.hive.lingonative","com.galaxy.airviewdictionary","com.niven.apptranslate","link.zhidou.btranslator","com.chat_translate.screen_translate","co.appnation.aivoicetranslator","com.google.android.apps.translate","com.gyaser.screen.translator","com.deepl.mobiletranslator","com.newtranslate.google","com.zaz.translate"]},{"rank":{"index":2,"lang":"zh-hk","country":"hk","chineseCountryName":"香港","pkg":"com.spaceship.screen.textcopy"},"orders":["com.recognize_text.translate.screen","com.spaceship.screen.textcopy","com.tap_to_translate.snap_translate","com.gaminik.i18n","com.newmg.yurao.pro","com.niven.translator","com.aurasense.screentranslate","com.screen.translate.google","com.google.android.apps.translate","live.screentranslate.realtime","com.zaz.translate","com.yoyodev.screentranslate","com.galaxy.airviewdictionary","com.microsoft.translator","com.niven.game","at.nk.tools.iTranslate","com.hive.lingonative","link.zhidou.btranslator","com.niven.apptranslate","com.deepl.mobiletranslator"]},{"rank":{"index":2,"lang":"zh-tw","country":"tw","chineseCountryName":"台湾","pkg":"com.spaceship.screen.textcopy"},"orders":["com.recognize_text.translate.screen","com.spaceship.screen.textcopy","com.gaminik.i18n","com.tap_to_translate.snap_translate","com.newmg.yurao.pro","com.aurasense.screentranslate","com.google.android.apps.translate","com.niven.translator","com.screen.translate.google","com.microsoft.translator","com.yoyodev.screentranslate","com.zaz.translate","com.hive.lingonative","com.deepl.mobiletranslator","at.nk.tools.iTranslate","live.screentranslate.realtime","link.zhidou.btranslator","com.naver.labs.translator","com.niven.apptranslate","com.galaxy.airviewdictionary"]},{"rank":{"index":0,"lang":"en","country":"in","chineseCountryName":"印度","pkg":"com.spaceship.screen.textcopy"},"orders":["com.recognize_text.translate.screen","com.tap_to_translate.snap_translate","com.google.android.apps.translate","com.zaz.translate","at.nk.tools.iTranslate","com.deepl.mobiletranslator","link.zhidou.btranslator","co.appnation.aivoicetranslator","com.newmg.yurao.pro","com.niven.translator","screen.translator.voice.translate","com.galaxy.airviewdictionary","com.screen.translate.google","translate.speech.text.translation.voicetranslator","com.aurasense.screentranslate","ru.yandex.translate","com.gyaser.screen.translator","com.yoyodev.screentranslate","com.niven.apptranslate","photo.translate.camera.translator"]},{"rank":{"index":2,"lang":"id","country":"id","chineseCountryName":"印尼","pkg":"com.spaceship.screen.textcopy"},"orders":["com.recognize_text.translate.screen","com.spaceship.screen.textcopy","com.niven.translator","com.tap_to_translate.snap_translate","com.gaminik.i18n","com.newmg.yurao.pro","com.aurasense.screentranslate","com.screen.translate.google","com.yoyodev.screentranslate","com.google.android.apps.translate","live.screentranslate.realtime","com.niven.game","com.deepl.mobiletranslator","com.hive.lingonative","com.galaxy.airviewdictionary","link.zhidou.btranslator","com.zaz.translate","com.microsoft.translator","com.niven.apptranslate","at.nk.tools.iTranslate"]},{"rank":{"index":2,"lang":"es-mx","country":"mx","chineseCountryName":"墨西哥","pkg":"com.spaceship.screen.textcopy"},"orders":["com.recognize_text.translate.screen","com.spaceship.screen.textcopy","com.tap_to_translate.snap_translate","com.niven.translator","com.gaminik.i18n","com.newmg.yurao.pro","com.yoyodev.screentranslate","com.screen.translate.google","com.hive.lingonative","live.screentranslate.realtime","com.aurasense.screentranslate","com.niven.game","com.zaz.translate","link.zhidou.btranslator","com.niven.apptranslate","com.galaxy.airviewdictionary","com.google.android.apps.translate","com.deepl.mobiletranslator","co.appnation.aivoicetranslator","com.microsoft.translator"]}]