[{"rank":{"index":2,"lang":"en-us","country":"us","chineseCountryName":"美国","pkg":"com.spaceship.screen.textcopy"},"orders":["com.recognize_text.translate.screen","com.spaceship.screen.textcopy","com.microsoft.translator","com.gaminik.i18n","com.google.android.apps.translate","com.deepl.mobiletranslator","com.newmg.yurao.pro","com.niven.translator","com.tap_to_translate.snap_translate","at.nk.tools.iTranslate","com.naver.labs.translator","com.niven.game","com.zaz.translate","com.eecorp.linguago","ru.yandex.translate","com.datacomprojects.scanandtranslate","com.language.translate.free.translator.voice.translation","com.niven.apptranslate","com.screen.translate.google","com.eecorp.taptranslator"]},{"rank":{"index":0,"lang":"ru","country":"ru","chineseCountryName":"俄罗斯","pkg":"com.spaceship.screen.textcopy"},"orders":["com.recognize_text.translate.screen","com.newmg.yurao.pro","com.tap_to_translate.snap_translate","com.google.android.apps.translate","com.niven.translator","com.deepl.mobiletranslator","com.microsoft.translator","com.gaminik.i18n","ru.yandex.translate","com.niven.game","com.datacomprojects.scanandtranslate","at.nk.tools.iTranslate","com.zaz.translate","com.eecorp.linguago","com.niven.apptranslate","com.screen.translate.google","com.immersivetranslate.browser","com.google.ar.lens","com.naver.labs.translator","com.language.translate.free.translator.voice.translation"]},{"rank":{"index":2,"lang":"pt-br","country":"br","chineseCountryName":"巴西","pkg":"com.spaceship.screen.textcopy"},"orders":["com.recognize_text.translate.screen","com.spaceship.screen.textcopy","com.gaminik.i18n","com.newmg.yurao.pro","com.niven.translator","com.microsoft.translator","com.tap_to_translate.snap_translate","com.deepl.mobiletranslator","com.niven.game","com.google.android.apps.translate","com.eecorp.linguago","com.niven.apptranslate","com.zaz.translate","com.language.translate.free.translator.voice.translation","com.immersivetranslate.browser","at.nk.tools.iTranslate","com.screen.translate.google","com.eecorp.taptranslator","com.tangdi.baiguotong","com.google.ar.lens"]},{"rank":{"index":2,"lang":"fr","country":"fr","chineseCountryName":"法国","pkg":"com.spaceship.screen.textcopy"},"orders":["com.recognize_text.translate.screen","com.spaceship.screen.textcopy","com.newmg.yurao.pro","com.tap_to_translate.snap_translate","com.gaminik.i18n","com.microsoft.translator","com.niven.translator","com.google.android.apps.translate","com.deepl.mobiletranslator","com.eecorp.linguago","com.niven.game","com.zaz.translate","com.google.ar.lens","com.niven.apptranslate","com.eecorp.taptranslator","com.immersivetranslate.browser","com.screen.translate.google","com.datacomprojects.scanandtranslate","com.naver.labs.translator","live.screentranslate.realtime"]},{"rank":{"index":2,"lang":"en-gb","country":"gb","chineseCountryName":"英国","pkg":"com.spaceship.screen.textcopy"},"orders":["com.recognize_text.translate.screen","com.spaceship.screen.textcopy","com.microsoft.translator","com.newmg.yurao.pro","com.google.android.apps.translate","com.deepl.mobiletranslator","com.gaminik.i18n","com.niven.translator","com.tap_to_translate.snap_translate","at.nk.tools.iTranslate","ru.yandex.translate","com.zaz.translate","com.naver.labs.translator","com.niven.game","com.datacomprojects.scanandtranslate","com.eecorp.linguago","com.softissimo.reverso.context","com.youdao.hindict","com.google.ar.lens","com.language.translate.free.translator.voice.translation"]},{"rank":{"index":2,"lang":"de","country":"de","chineseCountryName":"德国","pkg":"com.spaceship.screen.textcopy"},"orders":["com.recognize_text.translate.screen","com.spaceship.screen.textcopy","com.newmg.yurao.pro","com.gaminik.i18n","com.microsoft.translator","com.niven.translator","com.deepl.mobiletranslator","com.tap_to_translate.snap_translate","com.google.android.apps.translate","com.niven.game","com.eecorp.linguago","com.immersivetranslate.browser","com.google.ar.lens","com.niven.apptranslate"]},{"rank":{"index":2,"lang":"it","country":"it","chineseCountryName":"意大利","pkg":"com.spaceship.screen.textcopy"},"orders":["com.recognize_text.translate.screen","com.spaceship.screen.textcopy","com.newmg.yurao.pro","com.gaminik.i18n","com.microsoft.translator","com.tap_to_translate.snap_translate","com.deepl.mobiletranslator","com.niven.translator","com.google.android.apps.translate","com.niven.game"]},{"rank":{"index":2,"lang":"ja","country":"jp","chineseCountryName":"日本","pkg":"com.spaceship.screen.textcopy"},"orders":["com.recognize_text.translate.screen","com.spaceship.screen.textcopy","com.tap_to_translate.snap_translate","com.newmg.yurao.pro","com.niven.translator","com.gaminik.i18n","com.microsoft.translator","com.deepl.mobiletranslator","com.naver.labs.translator","com.google.android.apps.translate","com.eecorp.linguago","com.niven.game"]},{"rank":{"index":2,"lang":"ko","country":"kr","chineseCountryName":"韩国","pkg":"com.spaceship.screen.textcopy"},"orders":["com.recognize_text.translate.screen","com.spaceship.screen.textcopy","com.newmg.yurao.pro","com.tap_to_translate.snap_translate","com.google.android.apps.translate","com.microsoft.translator","com.niven.translator","com.gaminik.i18n","com.deepl.mobiletranslator","com.naver.labs.translator","com.niven.game","com.eecorp.linguago","at.nk.tools.iTranslate","com.screen.translate.google","com.niven.apptranslate","ru.yandex.translate","com.datacomprojects.scanandtranslate","com.eecorp.taptranslator","com.immersivetranslate.browser","com.zaz.translate"]},{"rank":{"index":2,"lang":"zh-hk","country":"hk","chineseCountryName":"香港","pkg":"com.spaceship.screen.textcopy"},"orders":["com.recognize_text.translate.screen","com.spaceship.screen.textcopy","com.microsoft.translator","com.newmg.yurao.pro","com.google.android.apps.translate","com.gaminik.i18n","com.deepl.mobiletranslator","com.niven.translator","com.tap_to_translate.snap_translate","com.naver.labs.translator","com.niven.game","at.nk.tools.iTranslate","com.immersivetranslate.browser","com.eecorp.linguago","com.zaz.translate","ru.yandex.translate","com.datacomprojects.scanandtranslate","com.screen.translate.google","com.niven.apptranslate","com.language.translate.free.translator.voice.translation"]},{"rank":{"index":2,"lang":"zh-tw","country":"tw","chineseCountryName":"台湾","pkg":"com.spaceship.screen.textcopy"},"orders":["com.recognize_text.translate.screen","com.spaceship.screen.textcopy","com.microsoft.translator","com.newmg.yurao.pro","com.google.android.apps.translate","com.gaminik.i18n","com.niven.translator","com.deepl.mobiletranslator","com.tap_to_translate.snap_translate","com.naver.labs.translator","com.niven.game","com.eecorp.linguago","at.nk.tools.iTranslate","com.immersivetranslate.browser","com.zaz.translate","com.screen.translate.google","ru.yandex.translate","com.niven.apptranslate","com.datacomprojects.scanandtranslate","com.eecorp.taptranslator"]},{"rank":{"index":3,"lang":"en","country":"in","chineseCountryName":"印度","pkg":"com.spaceship.screen.textcopy"},"orders":["com.recognize_text.translate.screen","com.google.android.apps.translate","com.spaceship.screen.textcopy","com.newmg.yurao.pro","com.deepl.mobiletranslator"]},{"rank":{"index":1,"lang":"id","country":"id","chineseCountryName":"印尼","pkg":"com.spaceship.screen.textcopy"},"orders":["com.spaceship.screen.textcopy","com.recognize_text.translate.screen","com.tap_to_translate.snap_translate","com.gaminik.i18n","com.newmg.yurao.pro","com.niven.translator","com.microsoft.translator","com.niven.game","com.eecorp.linguago","com.google.android.apps.translate","com.screen.translate.google","com.deepl.mobiletranslator","com.niven.apptranslate"]},{"rank":{"index":2,"lang":"es-mx","country":"mx","chineseCountryName":"墨西哥","pkg":"com.spaceship.screen.textcopy"},"orders":["com.recognize_text.translate.screen","com.spaceship.screen.textcopy","com.newmg.yurao.pro","com.gaminik.i18n","com.niven.translator","com.microsoft.translator","com.tap_to_translate.snap_translate","com.google.android.apps.translate","com.deepl.mobiletranslator","com.niven.game","com.eecorp.linguago","com.zaz.translate"]}]