[{"rank":{"index":2,"lang":"en-us","country":"us","chineseCountryName":"美国","pkg":"com.spaceship.screen.textcopy"},"orders":["com.recognize_text.translate.screen","com.spaceship.screen.textcopy","com.tap_to_translate.snap_translate","com.galaxy.airviewdictionary","com.niven.translator","com.screen.translate.google","com.newmg.yurao.pro","com.eecorp.linguago","com.gaminik.i18n","com.niven.apptranslate","com.newtranslate.google","com.screen.translator.text.recognize","com.google.android.apps.translate","screen.translator.voice.translate","com.flabs.screen.translate","live.screentranslate.realtime","com.translate.screen.translator.text.translation.onscreen","com.eecorp.taptranslator","com.microsoft.translator","com.chat_translate.screen_translate"]},{"rank":{"index":3,"lang":"ru","country":"ru","chineseCountryName":"俄罗斯","pkg":"com.spaceship.screen.textcopy"},"orders":["com.recognize_text.translate.screen","com.niven.translator","com.spaceship.screen.textcopy","com.tap_to_translate.snap_translate","com.galaxy.airviewdictionary","com.niven.apptranslate","com.eecorp.linguago","com.screen.translate.google","com.gaminik.i18n","com.newmg.yurao.pro","com.google.android.apps.translate","com.android.chrome","ru.yandex.translate"]},{"rank":{"index":4,"lang":"pt-br","country":"br","chineseCountryName":"巴西","pkg":"com.spaceship.screen.textcopy"},"orders":["com.recognize_text.translate.screen","com.tap_to_translate.snap_translate","com.niven.translator","com.spaceship.screen.textcopy","com.niven.apptranslate","com.galaxy.airviewdictionary","com.eecorp.linguago","com.screen.translate.google","com.gaminik.i18n","com.newmg.yurao.pro","com.newtranslate.google","com.flabs.screen.translate","com.niven.game","live.screentranslate.realtime","com.screen.translator.text.recognize","com.google.android.apps.translate","com.android.chrome","com.eecorp.taptranslator","com.google.android.apps.maps","com.google.android.inputmethod.latin"]},{"rank":{"index":3,"lang":"fr","country":"fr","chineseCountryName":"法国","pkg":"com.spaceship.screen.textcopy"},"orders":["com.recognize_text.translate.screen","com.tap_to_translate.snap_translate","com.spaceship.screen.textcopy","com.galaxy.airviewdictionary","com.niven.apptranslate","com.newmg.yurao.pro","com.screen.translate.google","com.eecorp.linguago","live.screentranslate.realtime","com.screen.translator.text.recognize","screen.translator.voice.translate","com.google.android.apps.translate","com.niven.translator","com.newtranslate.google","com.flabs.screen.translate","com.chat_translate.screen_translate","com.google.ar.lens","com.gaminik.i18n","com.eecorp.taptranslator","com.microsoft.translator"]},{"rank":{"index":2,"lang":"en-gb","country":"gb","chineseCountryName":"英国","pkg":"com.spaceship.screen.textcopy"},"orders":["com.recognize_text.translate.screen","com.spaceship.screen.textcopy","com.galaxy.airviewdictionary","com.tap_to_translate.snap_translate","com.niven.translator","com.newtranslate.google","com.google.android.apps.translate","com.eecorp.linguago","com.screen.translate.google","com.newmg.yurao.pro","com.niven.apptranslate","com.microsoft.translator","com.google.ar.lens","com.naver.labs.translator","com.gaminik.i18n","com.translate.screen.translator.text.translation.onscreen","com.screen.translator.text.recognize","com.google.android.inputmethod.latin","screen.translator.voice.translate","com.google.android.googlequicksearchbox"]},{"rank":{"index":4,"lang":"de","country":"de","chineseCountryName":"德国","pkg":"com.spaceship.screen.textcopy"},"orders":["com.recognize_text.translate.screen","com.newmg.yurao.pro","com.galaxy.airviewdictionary","com.spaceship.screen.textcopy","com.tap_to_translate.snap_translate","com.google.android.apps.translate","com.eecorp.linguago","com.screen.translate.google","com.niven.apptranslate","com.google.ar.lens","com.deepl.mobiletranslator","com.microsoft.translator","com.gaminik.i18n","com.niven.translator","com.screen.translator.text.recognize"]},{"rank":{"index":2,"lang":"it","country":"it","chineseCountryName":"意大利","pkg":"com.spaceship.screen.textcopy"},"orders":["com.recognize_text.translate.screen","com.spaceship.screen.textcopy","com.tap_to_translate.snap_translate","com.newmg.yurao.pro","com.galaxy.airviewdictionary","com.eecorp.linguago","com.screen.translate.google","com.niven.apptranslate","com.niven.translator","com.google.android.apps.translate","com.gaminik.i18n"]},{"rank":{"index":3,"lang":"ja","country":"jp","chineseCountryName":"日本","pkg":"com.spaceship.screen.textcopy"},"orders":["com.recognize_text.translate.screen","com.tap_to_translate.snap_translate","com.spaceship.screen.textcopy","com.newmg.yurao.pro","com.screen.translate.google","com.gaminik.i18n","com.niven.translator","com.eecorp.linguago","com.niven.apptranslate","live.screentranslate.realtime","com.galaxy.airviewdictionary","com.chat_translate.screen_translate","com.google.android.apps.translate","com.naver.labs.translator","com.microsoft.translator","com.google.ar.lens","com.screen.translator.text.recognize","com.deepl.mobiletranslator","jp.go.nict.voicetra","com.google.android.tts"]},{"rank":{"index":2,"lang":"ko","country":"kr","chineseCountryName":"韩国","pkg":"com.spaceship.screen.textcopy"},"orders":["com.recognize_text.translate.screen","com.spaceship.screen.textcopy","com.tap_to_translate.snap_translate","com.niven.translator","com.galaxy.airviewdictionary","com.niven.apptranslate","com.gaminik.i18n","com.newmg.yurao.pro","com.screen.translate.google","com.eecorp.linguago","com.newtranslate.google","com.screen.translator.text.recognize","screen.translator.voice.translate","com.flabs.screen.translate","com.google.android.apps.translate","com.eecorp.taptranslator","com.naver.labs.translator","com.android.chrome","com.google.ar.lens","live.screentranslate.realtime"]},{"rank":{"index":2,"lang":"zh-hk","country":"hk","chineseCountryName":"香港","pkg":"com.spaceship.screen.textcopy"},"orders":["com.recognize_text.translate.screen","com.spaceship.screen.textcopy","com.tap_to_translate.snap_translate","com.galaxy.airviewdictionary","com.google.android.apps.translate","com.newmg.yurao.pro","com.newtranslate.google","com.niven.translator","com.eecorp.linguago","com.naver.labs.translator","com.google.ar.lens","com.microsoft.translator","com.niven.apptranslate"]},{"rank":{"index":2,"lang":"zh-tw","country":"tw","chineseCountryName":"台湾","pkg":"com.spaceship.screen.textcopy"},"orders":["com.recognize_text.translate.screen","com.spaceship.screen.textcopy","com.galaxy.airviewdictionary","com.tap_to_translate.snap_translate","com.newmg.yurao.pro","com.niven.apptranslate","com.google.android.apps.translate","com.newtranslate.google","com.android.chrome","com.naver.labs.translator","com.eecorp.linguago","com.screen.translate.google","com.niven.translator","com.microsoft.translator","com.gaminik.i18n","com.google.ar.lens","com.deepl.mobiletranslator","com.google.android.tts","screen.translator.voice.translate","com.chat_translate.screen_translate"]},{"rank":{"index":0,"lang":"en","country":"in","chineseCountryName":"印度","pkg":"com.spaceship.screen.textcopy"},"orders":["com.recognize_text.translate.screen","com.galaxy.airviewdictionary","com.niven.translator","com.screen.translate.google","com.tap_to_translate.snap_translate","com.newmg.yurao.pro","com.newtranslate.google","com.eecorp.linguago","com.google.android.apps.translate","com.niven.apptranslate","com.gaminik.i18n","com.screen.translator.text.recognize","com.flabs.screen.translate","screen.translator.voice.translate","com.translate.screen.translator.text.translation.onscreen","com.chat_translate.screen_translate","com.eecorp.taptranslator","com.yoyodev.screentranslate","com.chat.translator.screen.translate.language","live.screentranslate.realtime"]},{"rank":{"index":2,"lang":"id","country":"id","chineseCountryName":"印尼","pkg":"com.spaceship.screen.textcopy"},"orders":["com.recognize_text.translate.screen","com.spaceship.screen.textcopy","com.tap_to_translate.snap_translate","com.niven.translator","com.niven.apptranslate","com.newmg.yurao.pro","com.eecorp.linguago","com.screen.translate.google","com.google.android.apps.translate","com.galaxy.airviewdictionary","com.deepl.mobiletranslator","com.screen.translator.text.recognize","com.gaminik.i18n"]},{"rank":{"index":2,"lang":"es-mx","country":"mx","chineseCountryName":"墨西哥","pkg":"com.spaceship.screen.textcopy"},"orders":["com.recognize_text.translate.screen","com.spaceship.screen.textcopy","com.tap_to_translate.snap_translate"]}]