[{"rank":{"index":2,"lang":"en-us","country":"us","chineseCountryName":"美国","pkg":"com.spaceship.screen.textcopy"},"orders":["com.recognize_text.translate.screen","com.spaceship.screen.textcopy","com.niven.translator","com.tap_to_translate.snap_translate","com.microsoft.translator","com.google.android.apps.translate","com.gaminik.i18n","com.niven.game","com.niven.comic","at.nk.tools.iTranslate","com.newmg.yurao.pro","com.translate.talkingtranslator","com.zaz.translate","com.deepl.mobiletranslator","com.translate.language.translator.voice.translation"]},{"rank":{"index":3,"lang":"ru","country":"ru","chineseCountryName":"俄罗斯","pkg":"com.spaceship.screen.textcopy"},"orders":["com.recognize_text.translate.screen","com.niven.translator","com.spaceship.screen.textcopy","com.tap_to_translate.snap_translate","com.microsoft.translator","com.niven.game","com.google.android.apps.translate","com.gaminik.i18n","ru.yandex.translate","com.niven.comic","at.nk.tools.iTranslate","com.deepl.mobiletranslator","com.translate.talkingtranslator"]},{"rank":{"index":2,"lang":"pt-br","country":"br","chineseCountryName":"巴西","pkg":"com.spaceship.screen.textcopy"},"orders":["com.recognize_text.translate.screen","com.spaceship.screen.textcopy","com.tap_to_translate.snap_translate","com.gaminik.i18n","com.niven.translator","com.niven.game","com.microsoft.translator","com.niven.comic","at.nk.tools.iTranslate","com.google.android.apps.translate","com.newmg.yurao.pro","com.zaz.translate","com.deepl.mobiletranslator","com.screen.translate.google","com.translate.talkingtranslator","com.tangdi.baiguotong","com.youdao.hindict","com.paninitranslate","com.translate.language.translator.voice.translation","com.galaxy.airviewdictionary"]},{"rank":{"index":2,"lang":"fr","country":"fr","chineseCountryName":"法国","pkg":"com.spaceship.screen.textcopy"},"orders":["com.recognize_text.translate.screen","com.spaceship.screen.textcopy","com.tap_to_translate.snap_translate","com.niven.translator","com.gaminik.i18n","com.microsoft.translator","com.niven.game","com.google.android.apps.translate","com.niven.comic","at.nk.tools.iTranslate"]},{"rank":{"index":2,"lang":"en-gb","country":"gb","chineseCountryName":"英国","pkg":"com.spaceship.screen.textcopy"},"orders":["com.recognize_text.translate.screen","com.spaceship.screen.textcopy","com.tap_to_translate.snap_translate","com.gaminik.i18n","com.microsoft.translator","com.google.android.apps.translate","com.niven.translator","com.niven.game","at.nk.tools.iTranslate","com.niven.comic","com.zaz.translate","com.translate.talkingtranslator","com.newmg.yurao.pro","com.deepl.mobiletranslator"]},{"rank":{"index":2,"lang":"de","country":"de","chineseCountryName":"德国","pkg":"com.spaceship.screen.textcopy"},"orders":["com.recognize_text.translate.screen","com.spaceship.screen.textcopy","com.microsoft.translator","com.gaminik.i18n","com.niven.game","com.tap_to_translate.snap_translate","com.niven.translator","com.google.android.apps.translate","com.niven.comic","at.nk.tools.iTranslate","com.translate.talkingtranslator","com.deepl.mobiletranslator","com.newmg.yurao.pro"]},{"rank":{"index":2,"lang":"it","country":"it","chineseCountryName":"意大利","pkg":"com.spaceship.screen.textcopy"},"orders":["com.recognize_text.translate.screen","com.spaceship.screen.textcopy","com.tap_to_translate.snap_translate","com.niven.translator","com.gaminik.i18n","com.microsoft.translator","com.niven.game","at.nk.tools.iTranslate","com.niven.comic","com.google.android.apps.translate","com.deepl.mobiletranslator","com.newmg.yurao.pro","com.datacomprojects.scanandtranslate"]},{"rank":{"index":2,"lang":"ja","country":"jp","chineseCountryName":"日本","pkg":"com.spaceship.screen.textcopy"},"orders":["com.recognize_text.translate.screen","com.spaceship.screen.textcopy","com.tap_to_translate.snap_translate","com.niven.translator","com.gaminik.i18n","com.niven.game","com.microsoft.translator","com.niven.comic","com.google.android.apps.translate"]},{"rank":{"index":2,"lang":"ko","country":"kr","chineseCountryName":"韩国","pkg":"com.spaceship.screen.textcopy"},"orders":["com.recognize_text.translate.screen","com.spaceship.screen.textcopy","com.tap_to_translate.snap_translate","com.microsoft.translator","com.niven.translator","com.google.android.apps.translate","com.gaminik.i18n","com.niven.game","com.niven.comic","com.naver.labs.translator","at.nk.tools.iTranslate","com.newmg.yurao.pro","com.translate.talkingtranslator","com.deepl.mobiletranslator"]},{"rank":{"index":2,"lang":"zh-hk","country":"hk","chineseCountryName":"香港","pkg":"com.spaceship.screen.textcopy"},"orders":["com.recognize_text.translate.screen","com.spaceship.screen.textcopy","com.gaminik.i18n","com.microsoft.translator","com.niven.translator","com.google.android.apps.translate","com.tap_to_translate.snap_translate","com.niven.game","at.nk.tools.iTranslate","com.niven.comic"]},{"rank":{"index":2,"lang":"zh-tw","country":"tw","chineseCountryName":"台湾","pkg":"com.spaceship.screen.textcopy"},"orders":["com.recognize_text.translate.screen","com.spaceship.screen.textcopy","com.tap_to_translate.snap_translate","com.microsoft.translator","com.google.android.apps.translate","com.niven.translator","com.gaminik.i18n","com.niven.game","at.nk.tools.iTranslate","com.niven.comic","com.tangdi.baiguotong","com.translate.talkingtranslator","com.newmg.yurao.pro","com.translate.language.translator.voice.translation"]},{"rank":{"index":2,"lang":"en","country":"in","chineseCountryName":"印度","pkg":"com.spaceship.screen.textcopy"},"orders":["com.recognize_text.translate.screen","com.spaceship.screen.textcopy","com.google.android.apps.translate","com.tap_to_translate.snap_translate","com.gaminik.i18n","com.niven.game","at.nk.tools.iTranslate","com.translate.talkingtranslator","com.deepl.mobiletranslator","com.sayhi.android.sayhitranslate","com.softissimo.reverso.context","com.naver.labs.translator","com.google.ar.lens","com.niven.translator","com.newmg.yurao.pro","com.galaxy.airviewdictionary","com.zaz.translate","screen.translator.voice.translate","com.niven.comic","ru.yandex.translate"]},{"rank":{"index":2,"lang":"id","country":"id","chineseCountryName":"印尼","pkg":"com.spaceship.screen.textcopy"},"orders":["com.recognize_text.translate.screen","com.spaceship.screen.textcopy","com.niven.translator","com.tap_to_translate.snap_translate","com.gaminik.i18n","com.niven.game","com.microsoft.translator","com.niven.comic","com.newmg.yurao.pro","com.youdao.hindict","com.google.android.apps.translate","at.nk.tools.iTranslate"]},{"rank":{"index":2,"lang":"es-mx","country":"mx","chineseCountryName":"墨西哥","pkg":"com.spaceship.screen.textcopy"},"orders":["com.recognize_text.translate.screen","com.spaceship.screen.textcopy","com.gaminik.i18n","com.niven.game","com.microsoft.translator","com.niven.translator","com.tap_to_translate.snap_translate","com.niven.comic","com.google.android.apps.translate","at.nk.tools.iTranslate","com.newmg.yurao.pro","com.translate.talkingtranslator","com.deepl.mobiletranslator"]}]