[{"rank":{"index":2,"lang":"en-us","country":"us","chineseCountryName":"美国","pkg":"com.spaceship.screen.textcopy"},"orders":["com.recognize_text.translate.screen","com.spaceship.screen.textcopy","com.tap_to_translate.snap_translate","com.gaminik.i18n","com.google.android.apps.translate","com.microsoft.translator","com.mg.yurao.google","com.niven.translator","com.niven.game","com.niven.comic","screen.translator.voice.translate","com.zaz.translate","com.eecorp.linguago","com.newmg.yurao.pro","at.nk.tools.iTranslate","com.naver.labs.translator","com.niven.apptranslate","com.translate.talkingtranslator","com.eecorp.taptranslator","com.mg.chat"]},{"rank":{"index":2,"lang":"ru","country":"ru","chineseCountryName":"俄罗斯","pkg":"com.spaceship.screen.textcopy"},"orders":["com.recognize_text.translate.screen","com.spaceship.screen.textcopy","com.tap_to_translate.snap_translate","com.gaminik.i18n","com.mg.yurao.google","com.niven.translator","com.microsoft.translator","com.google.android.apps.translate","com.niven.game","com.niven.comic","com.newmg.yurao.pro","com.eecorp.linguago","com.niven.apptranslate","screen.translator.voice.translate","ru.yandex.translate","com.mg.chat","com.zaz.translate","camera.translator.realtime","com.datacomprojects.scanandtranslate","com.webcatalog.translatium"]},{"rank":{"index":2,"lang":"pt-br","country":"br","chineseCountryName":"巴西","pkg":"com.spaceship.screen.textcopy"},"orders":["com.recognize_text.translate.screen","com.spaceship.screen.textcopy","com.tap_to_translate.snap_translate","com.mg.yurao.google","com.gaminik.i18n","com.niven.translator","com.niven.game","com.newmg.yurao.pro","com.niven.comic","com.eecorp.linguago","com.google.android.apps.translate","screen.translator.voice.translate","com.google.android.apps.photos","com.android.chrome","com.niven.apptranslate","com.chat_translate.screen_translate","com.discord","com.google.android.apps.maps","com.microsoft.translator","com.youdao.hindict"]},{"rank":{"index":2,"lang":"fr","country":"fr","chineseCountryName":"法国","pkg":"com.spaceship.screen.textcopy"},"orders":["com.recognize_text.translate.screen","com.spaceship.screen.textcopy","com.mg.yurao.google","com.gaminik.i18n","screen.translator.voice.translate","com.niven.translator","com.tap_to_translate.snap_translate","com.chat_translate.screen_translate","com.newmg.yurao.pro","com.niven.game","com.eecorp.linguago","com.google.android.apps.translate","com.niven.comic","com.microsoft.translator","com.eecorp.taptranslator","com.zaz.translate","com.niven.apptranslate","com.datacomprojects.scanandtranslate","at.nk.tools.iTranslate","com.google.android.apps.photos"]},{"rank":{"index":2,"lang":"en-gb","country":"gb","chineseCountryName":"英国","pkg":"com.spaceship.screen.textcopy"},"orders":["com.recognize_text.translate.screen","com.spaceship.screen.textcopy","com.mg.yurao.google","com.google.android.apps.translate","com.microsoft.translator","com.gaminik.i18n","screen.translator.voice.translate","com.tap_to_translate.snap_translate","com.niven.translator","com.niven.game","com.zaz.translate","com.niven.comic","com.eecorp.linguago","com.newmg.yurao.pro","com.eecorp.taptranslator","at.nk.tools.iTranslate","com.niven.apptranslate","com.mg.chat","translate.smartranit.language.text","camera.translator.realtime"]},{"rank":{"index":2,"lang":"de","country":"de","chineseCountryName":"德国","pkg":"com.spaceship.screen.textcopy"},"orders":["com.recognize_text.translate.screen","com.spaceship.screen.textcopy","com.mg.yurao.google","com.gaminik.i18n","com.tap_to_translate.snap_translate","com.niven.translator","com.niven.game","com.microsoft.translator","com.niven.comic","com.google.android.apps.translate","com.newmg.yurao.pro","com.eecorp.linguago","com.zaz.translate","com.niven.apptranslate","screen.translator.voice.translate","com.eecorp.taptranslator","at.nk.tools.iTranslate","com.mg.chat","com.tranit.text.translate","com.chat_translate.screen_translate"]},{"rank":{"index":2,"lang":"it","country":"it","chineseCountryName":"意大利","pkg":"com.spaceship.screen.textcopy"},"orders":["com.recognize_text.translate.screen","com.spaceship.screen.textcopy","screen.translator.voice.translate","com.gaminik.i18n","com.mg.yurao.google","com.niven.game","com.tap_to_translate.snap_translate","com.niven.translator","com.niven.comic","com.google.android.apps.translate","com.eecorp.linguago","com.microsoft.translator","com.newmg.yurao.pro","com.niven.apptranslate","com.eecorp.taptranslator","com.zaz.translate","com.chat_translate.screen_translate","at.nk.tools.iTranslate","com.mg.chat","com.google.ar.lens"]},{"rank":{"index":2,"lang":"ja","country":"jp","chineseCountryName":"日本","pkg":"com.spaceship.screen.textcopy"},"orders":["com.recognize_text.translate.screen","com.spaceship.screen.textcopy","com.mg.yurao.google","com.gaminik.i18n","com.eecorp.taptranslator","com.niven.game","com.niven.translator","com.tap_to_translate.snap_translate","com.newmg.yurao.pro","com.niven.apptranslate","screen.translator.voice.translate","com.eecorp.linguago","com.google.android.apps.translate","com.niven.comic","com.chat_translate.screen_translate","com.deepl.mobiletranslator","com.duolingo","com.android.chrome","com.naver.labs.translator","com.discord"]},{"rank":{"index":2,"lang":"ko","country":"kr","chineseCountryName":"韩国","pkg":"com.spaceship.screen.textcopy"},"orders":["com.recognize_text.translate.screen","com.spaceship.screen.textcopy","com.mg.yurao.google","com.tap_to_translate.snap_translate","com.google.android.apps.translate","com.gaminik.i18n","com.microsoft.translator","com.naver.labs.translator","com.niven.translator","com.niven.game","com.niven.comic","com.newmg.yurao.pro","com.eecorp.linguago","com.niven.apptranslate","camera.translator.realtime","com.eecorp.taptranslator","com.mg.chat","com.zaz.translate","at.nk.tools.iTranslate","screen.translator.voice.translate"]},{"rank":{"index":2,"lang":"zh-hk","country":"hk","chineseCountryName":"香港","pkg":"com.spaceship.screen.textcopy"},"orders":["com.recognize_text.translate.screen","com.spaceship.screen.textcopy","com.mg.yurao.google","com.tap_to_translate.snap_translate","com.gaminik.i18n","com.microsoft.translator","com.google.android.apps.translate","com.niven.game","com.niven.translator","com.niven.comic","com.newmg.yurao.pro","com.eecorp.linguago","com.eecorp.taptranslator","screen.translator.voice.translate","camera.translator.realtime","com.zaz.translate","at.nk.tools.iTranslate","com.niven.apptranslate","com.mg.chat","com.datacomprojects.scanandtranslate"]},{"rank":{"index":3,"lang":"zh-tw","country":"tw","chineseCountryName":"台湾","pkg":"com.spaceship.screen.textcopy"},"orders":["com.recognize_text.translate.screen","com.mg.yurao.google","com.spaceship.screen.textcopy","com.tap_to_translate.snap_translate","com.gaminik.i18n","com.google.android.apps.translate","com.microsoft.translator","com.niven.game","com.niven.translator","com.niven.comic","com.newmg.yurao.pro","com.eecorp.linguago","camera.translator.realtime","com.mg.chat","com.eecorp.taptranslator","at.nk.tools.iTranslate","com.niven.apptranslate","com.zaz.translate","screen.translator.voice.translate","com.naver.labs.translator"]},{"rank":{"index":2,"lang":"en","country":"in","chineseCountryName":"印度","pkg":"com.spaceship.screen.textcopy"},"orders":["com.recognize_text.translate.screen","com.spaceship.screen.textcopy","screen.translator.voice.translate","com.google.android.apps.translate","com.newmg.yurao.pro","com.gaminik.i18n","com.microsoft.translator","com.zaz.translate","com.niven.translator","com.niven.game","com.tap_to_translate.snap_translate","com.niven.comic","com.eecorp.linguago","com.tranit.text.translate","translate.smartranit.language.text","com.niven.apptranslate","com.chat_translate.screen_translate","at.nk.tools.iTranslate","com.speaktranslate.tts.speechtotext.voicetyping.translator","com.mg.yurao.google"]},{"rank":{"index":1,"lang":"id","country":"id","chineseCountryName":"印尼","pkg":"com.spaceship.screen.textcopy"},"orders":["com.spaceship.screen.textcopy","com.recognize_text.translate.screen","com.mg.yurao.google","com.tap_to_translate.snap_translate","com.gaminik.i18n","com.niven.translator","com.niven.game","com.eecorp.linguago","com.newmg.yurao.pro","com.niven.apptranslate","com.niven.comic","com.youdao.hindict","com.google.android.apps.translate"]},{"rank":{"index":2,"lang":"es-mx","country":"mx","chineseCountryName":"墨西哥","pkg":"com.spaceship.screen.textcopy"},"orders":["com.recognize_text.translate.screen","com.spaceship.screen.textcopy","com.gaminik.i18n","com.mg.yurao.google","com.niven.translator","com.tap_to_translate.snap_translate","com.niven.game","com.niven.comic","com.newmg.yurao.pro","com.google.android.apps.translate","com.eecorp.linguago","com.microsoft.translator","com.niven.apptranslate","com.zaz.translate","com.youdao.hindict","screen.translator.voice.translate","com.chat_translate.screen_translate","com.google.android.apps.photos","com.android.chrome","com.google.android.apps.maps"]}]