[{"rank":{"index":2,"lang":"en-us","country":"us","chineseCountryName":"美国","pkg":"com.spaceship.screen.textcopy"},"orders":["com.recognize_text.translate.screen","com.spaceship.screen.textcopy","com.mg.yurao.google","com.google.android.apps.translate","com.gaminik.i18n","com.tap_to_translate.snap_translate","com.niven.game","com.microsoft.translator","com.niven.translator","com.zaz.translate","com.niven.comic","com.newmg.yurao.pro","screen.translator.voice.translate","com.niven.apptranslate","com.translate.language.translator.voice.translation","com.mobisystems.msdict.embedded.wireless.collins.ee","com.translator.yellow","com.gotranslator.alllanguages","ru.yandex.translate","com.translate.talkingtranslator"]},{"rank":{"index":4,"lang":"ru","country":"ru","chineseCountryName":"俄罗斯","pkg":"com.spaceship.screen.textcopy"},"orders":["com.recognize_text.translate.screen","com.tap_to_translate.snap_translate","com.gaminik.i18n","com.spaceship.screen.textcopy","com.mg.yurao.google","com.niven.game","com.niven.translator","com.newmg.yurao.pro","com.niven.comic","com.niven.apptranslate","ru.yandex.translate","screen.translator.voice.translate","com.google.android.apps.translate","com.microsoft.translator","com.pidev.screentranslator","com.wooask.zx","us.zoom.videomeetings","com.deepl.mobiletranslator","com.datacomprojects.scanandtranslate","com.naver.labs.translator"]},{"rank":{"index":2,"lang":"fr","country":"fr","chineseCountryName":"法国","pkg":"com.spaceship.screen.textcopy"},"orders":["com.recognize_text.translate.screen","com.spaceship.screen.textcopy","com.tap_to_translate.snap_translate","com.mg.yurao.google","com.niven.game","com.gaminik.i18n","com.niven.translator","com.niven.comic","com.newmg.yurao.pro","com.translator.yellow","screen.translator.voice.translate","com.google.android.apps.translate","com.niven.apptranslate","com.microsoft.translator","us.zoom.videomeetings","com.zaz.translate","com.deepl.mobiletranslator","org.thunderdog.challegram","ru.yandex.translate","com.naver.labs.translator"]},{"rank":{"index":2,"lang":"en-gb","country":"gb","chineseCountryName":"英国","pkg":"com.spaceship.screen.textcopy"},"orders":["com.recognize_text.translate.screen","com.spaceship.screen.textcopy","com.mg.yurao.google","com.google.android.apps.translate","com.gaminik.i18n","com.niven.game","com.microsoft.translator","com.niven.translator","com.tap_to_translate.snap_translate","com.zaz.translate","com.newmg.yurao.pro","com.translate.language.translator.voice.translation","com.niven.comic","com.translator.yellow","screen.translator.voice.translate","com.niven.apptranslate","com.siv","ru.yandex.translate","com.gotranslator.alllanguages","com.traductorweb"]},{"rank":{"index":2,"lang":"de","country":"de","chineseCountryName":"德国","pkg":"com.spaceship.screen.textcopy"},"orders":["com.recognize_text.translate.screen","com.spaceship.screen.textcopy","com.mg.yurao.google","com.gaminik.i18n","com.niven.game","com.niven.translator","com.tap_to_translate.snap_translate","com.microsoft.translator","com.niven.comic","com.google.android.apps.translate","com.translator.yellow","com.niven.apptranslate","com.zaz.translate","com.newmg.yurao.pro","ru.yandex.translate","com.mg.chat","com.kursx.smartbook","com.datacomprojects.scanandtranslate","at.nk.tools.iTranslate","com.deepl.mobiletranslator"]},{"rank":{"index":2,"lang":"it","country":"it","chineseCountryName":"意大利","pkg":"com.spaceship.screen.textcopy"},"orders":["com.recognize_text.translate.screen","com.spaceship.screen.textcopy","com.niven.game","com.gaminik.i18n","com.mg.yurao.google","com.niven.translator","com.niven.comic","com.tap_to_translate.snap_translate"]},{"rank":{"index":4,"lang":"ja","country":"jp","chineseCountryName":"日本","pkg":"com.spaceship.screen.textcopy"},"orders":["com.recognize_text.translate.screen","com.mg.yurao.google","com.gaminik.i18n","com.spaceship.screen.textcopy","com.niven.game","com.tap_to_translate.snap_translate","com.niven.translator","com.niven.comic","com.niven.apptranslate","com.newmg.yurao.pro","com.google.android.apps.translate","screen.translator.voice.translate","com.microsoft.translator","com.naver.labs.translator","us.zoom.videomeetings","com.deepl.mobiletranslator","com.eecorp.linguago","com.mg.chat","com.copy.paste.ocr.screen.text.copypastetrial","com.datacomprojects.scanandtranslate"]},{"rank":{"index":4,"lang":"ko","country":"kr","chineseCountryName":"韩国","pkg":"com.spaceship.screen.textcopy"},"orders":["com.recognize_text.translate.screen","com.mg.yurao.google","com.tap_to_translate.snap_translate","com.spaceship.screen.textcopy","com.gaminik.i18n","com.niven.game","com.niven.translator","com.niven.comic","com.niven.apptranslate","com.newmg.yurao.pro","com.google.android.apps.translate","com.naver.labs.translator","screen.translator.voice.translate","com.microsoft.translator","us.zoom.videomeetings","com.zaz.translate","com.google.android.tts","com.deepl.mobiletranslator","com.google.ar.lens","com.eecorp.linguago"]},{"rank":{"index":3,"lang":"zh-hk","country":"hk","chineseCountryName":"香港","pkg":"com.spaceship.screen.textcopy"},"orders":["com.recognize_text.translate.screen","com.mg.yurao.google","com.spaceship.screen.textcopy","com.gaminik.i18n","com.niven.game","com.niven.translator","com.zaz.translate","com.tap_to_translate.snap_translate","com.google.android.apps.translate","com.niven.comic","com.niven.apptranslate","com.microsoft.translator","com.mg.chat","com.newmg.yurao.pro","com.translate.all.speech.text.language.translator","com.datacomprojects.scanandtranslate","com.naver.labs.translator","jp.go.nict.voicetra","camera.translator.realtime","com.kursx.smartbook"]},{"rank":{"index":6,"lang":"zh-tw","country":"tw","chineseCountryName":"台湾","pkg":"com.spaceship.screen.textcopy"},"orders":["com.recognize_text.translate.screen","com.mg.yurao.google","com.gaminik.i18n","com.tap_to_translate.snap_translate","com.niven.game","com.spaceship.screen.textcopy","com.niven.translator","com.google.android.apps.translate","com.zaz.translate","com.niven.comic","com.microsoft.translator","com.niven.apptranslate","com.newmg.yurao.pro","com.mg.chat","com.translate.language.translator.voice.translation","at.nk.tools.iTranslate","com.translate.all.speech.text.language.translator","com.naver.labs.translator","jp.go.nict.voicetra","com.kursx.smartbook"]},{"rank":{"index":3,"lang":"en","country":"in","chineseCountryName":"印度","pkg":"com.spaceship.screen.textcopy"},"orders":["com.recognize_text.translate.screen","com.mg.yurao.google","com.spaceship.screen.textcopy","com.google.android.apps.translate","com.newmg.yurao.pro","com.gaminik.i18n","com.zaz.translate","screen.translator.voice.translate","com.niven.game","com.tap_to_translate.snap_translate","com.niven.translator","com.translate.language.translator.voice.translation","com.niven.apptranslate","com.niven.comic","com.mg.chat","com.microsoft.translator","com.google.android.dialer","com.android.chrome","com.google.android.inputmethod.latin","us.zoom.videomeetings"]},{"rank":{"index":2,"lang":"id","country":"id","chineseCountryName":"印尼","pkg":"com.spaceship.screen.textcopy"},"orders":["com.recognize_text.translate.screen","com.spaceship.screen.textcopy","com.tap_to_translate.snap_translate","com.gaminik.i18n","com.mg.yurao.google","com.niven.game","com.niven.translator","com.niven.comic","com.newmg.yurao.pro","com.niven.apptranslate","com.google.android.apps.translate","com.zaz.translate","com.android.chrome","us.zoom.videomeetings","com.naver.labs.translator","com.youdao.hindict"]},{"rank":{"index":2,"lang":"es-mx","country":"mx","chineseCountryName":"墨西哥","pkg":"com.spaceship.screen.textcopy"},"orders":["com.recognize_text.translate.screen","com.spaceship.screen.textcopy","com.tap_to_translate.snap_translate","com.niven.game","com.niven.translator","com.niven.comic","com.niven.apptranslate","com.newmg.yurao.pro","com.google.android.apps.translate","com.zaz.translate","com.microsoft.translator","us.zoom.videomeetings","com.youdao.hindict","com.deepl.mobiletranslator","com.naver.labs.translator","at.nk.tools.iTranslate","ru.yandex.translate","screen.translator.voice.translate","com.mg.yurao.google","com.gaminik.i18n"]}]