[{"rank":{"index":2,"lang":"en-us","country":"us","chineseCountryName":"美国","pkg":"com.spaceship.screen.textcopy"},"orders":["com.recognize_text.translate.screen","com.spaceship.screen.textcopy","com.microsoft.translator","com.gaminik.i18n","com.google.android.apps.translate","com.newmg.yurao.pro","com.niven.translator","com.tap_to_translate.snap_translate","com.zaz.translate","com.deepl.mobiletranslator","at.nk.tools.iTranslate","com.niven.game","com.youdao.hindict","com.naver.labs.translator"]},{"rank":{"index":0,"lang":"ru","country":"ru","chineseCountryName":"俄罗斯","pkg":"com.spaceship.screen.textcopy"},"orders":["com.recognize_text.translate.screen","com.tap_to_translate.snap_translate","com.niven.translator","com.newmg.yurao.pro","com.google.android.apps.translate","com.microsoft.translator","com.deepl.mobiletranslator","com.niven.game","com.gaminik.i18n","ru.yandex.translate","com.zaz.translate","com.google.ar.lens","com.softissimo.reverso.context","com.youdao.hindict","com.screen.translate.google","com.datacomprojects.scanandtranslate","live.screentranslate.realtime","at.nk.tools.iTranslate","com.immersivetranslate.browser","com.niven.apptranslate"]},{"rank":{"index":2,"lang":"pt-br","country":"br","chineseCountryName":"巴西","pkg":"com.spaceship.screen.textcopy"},"orders":["com.recognize_text.translate.screen","com.spaceship.screen.textcopy","com.newmg.yurao.pro","com.gaminik.i18n","com.niven.translator","com.microsoft.translator","com.tap_to_translate.snap_translate","com.google.android.apps.translate","com.zaz.translate","com.deepl.mobiletranslator","com.niven.game","com.youdao.hindict","live.screentranslate.realtime","at.nk.tools.iTranslate","com.screen.translate.google","com.eecorp.linguago","com.niven.apptranslate","com.tangdi.baiguotong","photo.translate.camera.translator","com.immersivetranslate.browser"]},{"rank":{"index":2,"lang":"fr","country":"fr","chineseCountryName":"法国","pkg":"com.spaceship.screen.textcopy"},"orders":["com.recognize_text.translate.screen","com.spaceship.screen.textcopy","com.newmg.yurao.pro","com.tap_to_translate.snap_translate","com.microsoft.translator","com.gaminik.i18n","com.niven.translator","com.deepl.mobiletranslator","com.zaz.translate","com.google.android.apps.translate","live.screentranslate.realtime","com.screen.translate.google","com.eecorp.linguago","com.niven.game","com.niven.apptranslate","com.google.ar.lens","com.immersivetranslate.browser","at.nk.tools.iTranslate","com.datacomprojects.scanandtranslate","com.tangdi.baiguotong"]},{"rank":{"index":2,"lang":"en-gb","country":"gb","chineseCountryName":"英国","pkg":"com.spaceship.screen.textcopy"},"orders":["com.recognize_text.translate.screen","com.spaceship.screen.textcopy","com.microsoft.translator","com.newmg.yurao.pro","com.google.android.apps.translate","com.gaminik.i18n","com.niven.translator","com.zaz.translate","com.tap_to_translate.snap_translate","com.deepl.mobiletranslator","com.youdao.hindict","com.google.ar.lens","at.nk.tools.iTranslate","live.screentranslate.realtime","com.niven.game","com.softissimo.reverso.context","com.screen.translate.google","com.eecorp.linguago","com.ticktalk.translatevoice","com.immersivetranslate.browser"]},{"rank":{"index":2,"lang":"de","country":"de","chineseCountryName":"德国","pkg":"com.spaceship.screen.textcopy"},"orders":["com.recognize_text.translate.screen","com.spaceship.screen.textcopy","com.newmg.yurao.pro","com.tap_to_translate.snap_translate","com.microsoft.translator","com.niven.translator","com.gaminik.i18n","com.deepl.mobiletranslator","com.google.android.apps.translate","com.niven.game","com.zaz.translate","com.screen.translate.google","com.eecorp.linguago","com.softissimo.reverso.context","com.google.ar.lens","at.nk.tools.iTranslate","com.immersivetranslate.browser","com.niven.apptranslate","com.datacomprojects.scanandtranslate","photo.translate.camera.translator"]},{"rank":{"index":2,"lang":"it","country":"it","chineseCountryName":"意大利","pkg":"com.spaceship.screen.textcopy"},"orders":["com.recognize_text.translate.screen","com.spaceship.screen.textcopy","com.newmg.yurao.pro","com.gaminik.i18n","com.microsoft.translator","com.tap_to_translate.snap_translate","com.niven.translator","com.google.android.apps.translate","com.deepl.mobiletranslator","com.niven.game","com.google.ar.lens","com.zaz.translate"]},{"rank":{"index":2,"lang":"ja","country":"jp","chineseCountryName":"日本","pkg":"com.spaceship.screen.textcopy"},"orders":["com.recognize_text.translate.screen","com.spaceship.screen.textcopy","com.newmg.yurao.pro","com.tap_to_translate.snap_translate","com.gaminik.i18n","com.microsoft.translator","com.niven.translator","com.deepl.mobiletranslator","com.google.ar.lens","com.screen.translate.google","com.google.android.apps.translate","com.eecorp.linguago","com.naver.labs.translator","com.niven.game"]},{"rank":{"index":2,"lang":"ko","country":"kr","chineseCountryName":"韩国","pkg":"com.spaceship.screen.textcopy"},"orders":["com.recognize_text.translate.screen","com.spaceship.screen.textcopy","com.newmg.yurao.pro","com.tap_to_translate.snap_translate","com.niven.translator","com.microsoft.translator","com.gaminik.i18n","com.google.android.apps.translate","com.naver.labs.translator","com.deepl.mobiletranslator","com.niven.game","com.zaz.translate","com.screen.translate.google","live.screentranslate.realtime","com.eecorp.linguago","com.immersivetranslate.browser","com.niven.apptranslate","at.nk.tools.iTranslate","com.softissimo.reverso.context","com.google.ar.lens"]},{"rank":{"index":2,"lang":"zh-hk","country":"hk","chineseCountryName":"香港","pkg":"com.spaceship.screen.textcopy"},"orders":["com.recognize_text.translate.screen","com.spaceship.screen.textcopy","com.newmg.yurao.pro","com.gaminik.i18n","com.microsoft.translator","com.niven.translator","com.google.android.apps.translate","com.tap_to_translate.snap_translate","com.niven.game","com.deepl.mobiletranslator","com.immersivetranslate.browser","com.eecorp.linguago","com.naver.labs.translator","com.screen.translate.google","live.screentranslate.realtime","com.niven.apptranslate","at.nk.tools.iTranslate","com.zaz.translate","com.google.ar.lens","com.tangdi.baiguotong"]},{"rank":{"index":2,"lang":"zh-tw","country":"tw","chineseCountryName":"台湾","pkg":"com.spaceship.screen.textcopy"},"orders":["com.recognize_text.translate.screen","com.spaceship.screen.textcopy","com.newmg.yurao.pro","com.gaminik.i18n","com.microsoft.translator","com.niven.translator","com.tap_to_translate.snap_translate","com.google.android.apps.translate","com.niven.game","com.naver.labs.translator","com.screen.translate.google","live.screentranslate.realtime","com.eecorp.linguago","com.immersivetranslate.browser","com.deepl.mobiletranslator","com.niven.apptranslate","com.zaz.translate","at.nk.tools.iTranslate","com.tangdi.baiguotong","com.eecorp.taptranslator"]},{"rank":{"index":3,"lang":"en","country":"in","chineseCountryName":"印度","pkg":"com.spaceship.screen.textcopy"},"orders":["com.recognize_text.translate.screen","com.google.android.apps.translate","com.spaceship.screen.textcopy","com.newmg.yurao.pro"]},{"rank":{"index":2,"lang":"id","country":"id","chineseCountryName":"印尼","pkg":"com.spaceship.screen.textcopy"},"orders":["com.recognize_text.translate.screen","com.spaceship.screen.textcopy","com.tap_to_translate.snap_translate","com.gaminik.i18n","com.niven.translator","com.newmg.yurao.pro","com.youdao.hindict","com.google.android.apps.translate","com.microsoft.translator","com.niven.game","com.deepl.mobiletranslator","com.screen.translate.google","com.zaz.translate"]},{"rank":{"index":2,"lang":"es-mx","country":"mx","chineseCountryName":"墨西哥","pkg":"com.spaceship.screen.textcopy"},"orders":["com.recognize_text.translate.screen","com.spaceship.screen.textcopy","com.newmg.yurao.pro","com.gaminik.i18n","com.niven.translator","com.microsoft.translator","com.tap_to_translate.snap_translate","com.google.android.apps.translate","com.youdao.hindict","com.niven.game","live.screentranslate.realtime","com.zaz.translate","com.screen.translate.google","com.eecorp.linguago","com.deepl.mobiletranslator","at.nk.tools.iTranslate","com.niven.apptranslate","com.google.ar.lens","com.immersivetranslate.browser","com.tangdi.baiguotong"]}]