[{"rank":{"index":2,"lang":"en-us","country":"us","chineseCountryName":"美国","pkg":"com.spaceship.screen.textcopy"},"orders":["com.recognize_text.translate.screen","com.spaceship.screen.textcopy","com.newmg.yurao.pro","com.gaminik.i18n","com.google.android.apps.translate","com.microsoft.translator","com.niven.translator","com.deepl.mobiletranslator","ru.yandex.translate","com.tap_to_translate.snap_translate","com.google.ar.lens","com.zaz.translate","at.nk.tools.iTranslate","com.screen.translate.google","com.niven.game","com.naver.labs.translator","com.hive.lingonative","com.translate.language.translator.voice.translation","com.youdao.hindict","com.eecorp.linguago"]},{"rank":{"index":0,"lang":"ru","country":"ru","chineseCountryName":"俄罗斯","pkg":"com.spaceship.screen.textcopy"},"orders":["com.recognize_text.translate.screen","com.newmg.yurao.pro","com.gaminik.i18n","ru.yandex.translate","com.niven.translator","com.google.android.apps.translate","com.tap_to_translate.snap_translate","com.deepl.mobiletranslator","com.microsoft.translator","com.niven.game","com.screen.translate.google","com.eecorp.linguago"]},{"rank":{"index":2,"lang":"pt-br","country":"br","chineseCountryName":"巴西","pkg":"com.spaceship.screen.textcopy"},"orders":["com.recognize_text.translate.screen","com.spaceship.screen.textcopy","com.newmg.yurao.pro","com.tap_to_translate.snap_translate","com.gaminik.i18n","com.google.android.apps.translate","ru.yandex.translate","com.deepl.mobiletranslator","at.nk.tools.iTranslate","com.zaz.translate","com.google.ar.lens","com.softissimo.reverso.context","com.translate.talkingtranslator","com.naver.labs.translator","com.ticktalk.translatevoice","com.wooask.zx","com.niven.translator","com.niven.game","com.screen.translate.google","com.kursx.smartbook"]},{"rank":{"index":2,"lang":"fr","country":"fr","chineseCountryName":"法国","pkg":"com.spaceship.screen.textcopy"},"orders":["com.recognize_text.translate.screen","com.spaceship.screen.textcopy","com.newmg.yurao.pro","com.tap_to_translate.snap_translate","com.gaminik.i18n","com.google.android.apps.translate","com.niven.translator","com.microsoft.translator","com.deepl.mobiletranslator","com.screen.translate.google","com.niven.game","com.niven.apptranslate","ru.yandex.translate","com.zaz.translate","com.google.ar.lens","com.eecorp.linguago","at.nk.tools.iTranslate","com.naver.labs.translator","com.instagram.android","com.google.android.apps.tachyon"]},{"rank":{"index":3,"lang":"en-gb","country":"gb","chineseCountryName":"英国","pkg":"com.spaceship.screen.textcopy"},"orders":["com.recognize_text.translate.screen","com.google.android.apps.translate","com.spaceship.screen.textcopy","com.newmg.yurao.pro","com.microsoft.translator","com.deepl.mobiletranslator","com.niven.translator","com.gaminik.i18n","ru.yandex.translate","com.google.ar.lens","com.zaz.translate","com.tap_to_translate.snap_translate","at.nk.tools.iTranslate","com.youdao.hindict","com.niven.game","com.naver.labs.translator","com.translate.language.translator.voice.translation","com.screen.translate.google","com.eecorp.linguago","com.datacomprojects.scanandtranslate"]},{"rank":{"index":2,"lang":"de","country":"de","chineseCountryName":"德国","pkg":"com.spaceship.screen.textcopy"},"orders":["com.recognize_text.translate.screen","com.spaceship.screen.textcopy","com.newmg.yurao.pro","com.gaminik.i18n","com.google.android.apps.translate","com.niven.translator","com.microsoft.translator","com.deepl.mobiletranslator","ru.yandex.translate"]},{"rank":{"index":2,"lang":"it","country":"it","chineseCountryName":"意大利","pkg":"com.spaceship.screen.textcopy"},"orders":["com.recognize_text.translate.screen","com.spaceship.screen.textcopy","com.gaminik.i18n","com.newmg.yurao.pro","com.google.android.apps.translate","com.microsoft.translator","com.deepl.mobiletranslator","com.tap_to_translate.snap_translate","com.niven.translator","ru.yandex.translate","com.niven.game","com.screen.translate.google","com.eecorp.linguago","com.translate.language.translator.voice.translation","at.nk.tools.iTranslate"]},{"rank":{"index":2,"lang":"ja","country":"jp","chineseCountryName":"日本","pkg":"com.spaceship.screen.textcopy"},"orders":["com.recognize_text.translate.screen","com.spaceship.screen.textcopy","com.newmg.yurao.pro","com.gaminik.i18n","com.google.android.apps.translate","com.deepl.mobiletranslator","com.tap_to_translate.snap_translate","com.microsoft.translator","com.niven.translator","com.google.ar.lens","com.naver.labs.translator","ru.yandex.translate","com.screen.translate.google","com.niven.game","com.eecorp.linguago","com.immersivetranslate.browser","com.niven.apptranslate","at.nk.tools.iTranslate","com.wooask.zx","com.translate.language.translator.voice.translation"]},{"rank":{"index":2,"lang":"ko","country":"kr","chineseCountryName":"韩国","pkg":"com.spaceship.screen.textcopy"},"orders":["com.recognize_text.translate.screen","com.spaceship.screen.textcopy","com.newmg.yurao.pro","com.gaminik.i18n","com.google.android.apps.translate","com.tap_to_translate.snap_translate","com.niven.translator","com.microsoft.translator","com.niven.game","com.naver.labs.translator","com.screen.translate.google","com.eecorp.linguago","com.niven.apptranslate","ru.yandex.translate","com.immersivetranslate.browser","com.hive.lingonative","com.deepl.mobiletranslator","at.nk.tools.iTranslate","com.zaz.translate","com.instagram.android"]},{"rank":{"index":1,"lang":"zh-hk","country":"hk","chineseCountryName":"香港","pkg":"com.spaceship.screen.textcopy"},"orders":["com.spaceship.screen.textcopy","com.recognize_text.translate.screen","com.newmg.yurao.pro","com.gaminik.i18n","com.google.android.apps.translate","com.microsoft.translator","com.tap_to_translate.snap_translate","com.niven.translator","com.niven.game","com.screen.translate.google","com.immersivetranslate.browser","ru.yandex.translate","com.niven.apptranslate","com.eecorp.linguago","com.naver.labs.translator","com.deepl.mobiletranslator","com.google.ar.lens","com.zaz.translate","com.translate.language.translator.voice.translation","com.android.chrome"]},{"rank":{"index":2,"lang":"zh-tw","country":"tw","chineseCountryName":"台湾","pkg":"com.spaceship.screen.textcopy"},"orders":["com.recognize_text.translate.screen","com.spaceship.screen.textcopy","com.newmg.yurao.pro","com.gaminik.i18n","com.google.android.apps.translate","com.niven.translator","com.tap_to_translate.snap_translate","com.microsoft.translator","com.screen.translate.google","com.niven.game","com.niven.apptranslate","com.eecorp.linguago","ru.yandex.translate","com.naver.labs.translator","com.immersivetranslate.browser","com.deepl.mobiletranslator","com.hive.lingonative","com.google.ar.lens","com.instagram.android","com.facebook.katana"]},{"rank":{"index":3,"lang":"en","country":"in","chineseCountryName":"印度","pkg":"com.spaceship.screen.textcopy"},"orders":["com.recognize_text.translate.screen","com.google.android.apps.translate","com.spaceship.screen.textcopy","com.newmg.yurao.pro"]},{"rank":{"index":2,"lang":"id","country":"id","chineseCountryName":"印尼","pkg":"com.spaceship.screen.textcopy"},"orders":["com.recognize_text.translate.screen","com.spaceship.screen.textcopy","com.tap_to_translate.snap_translate","com.google.android.apps.translate","com.niven.translator","com.youdao.hindict","com.gaminik.i18n","com.newmg.yurao.pro","com.deepl.mobiletranslator","com.niven.game","com.microsoft.translator","com.naver.labs.translator","ru.yandex.translate","com.screen.translate.google","at.nk.tools.iTranslate"]},{"rank":{"index":2,"lang":"es-mx","country":"mx","chineseCountryName":"墨西哥","pkg":"com.spaceship.screen.textcopy"},"orders":["com.recognize_text.translate.screen","com.spaceship.screen.textcopy","com.newmg.yurao.pro","com.google.android.apps.translate"]}]