[{"rank":{"index":2,"lang":"en-us","country":"us","chineseCountryName":"美国","pkg":"com.spaceship.screen.textcopy"},"orders":["com.recognize_text.translate.screen","com.spaceship.screen.textcopy","com.niven.translator","com.tap_to_translate.snap_translate","com.microsoft.translator","com.google.android.apps.translate","com.gaminik.i18n","com.newmg.yurao.pro","com.zaz.translate","at.nk.tools.iTranslate","com.niven.game","com.translate.talkingtranslator","com.datacomprojects.scanandtranslate","com.language.translate.free.translator.voice.translation","com.niven.comic","com.naver.labs.translator","com.screen.translate.google","com.translate.language.translator.voice.translation","com.google.ar.lens","com.sayhi.android.sayhitranslate"]},{"rank":{"index":2,"lang":"ru","country":"ru","chineseCountryName":"俄罗斯","pkg":"com.spaceship.screen.textcopy"},"orders":["com.recognize_text.translate.screen","com.spaceship.screen.textcopy","com.niven.translator","com.tap_to_translate.snap_translate","com.microsoft.translator","com.newmg.yurao.pro","com.gaminik.i18n","com.niven.game","com.google.android.apps.translate","ru.yandex.translate","com.datacomprojects.scanandtranslate","at.nk.tools.iTranslate","com.zaz.translate","com.language.translate.free.translator.voice.translation","com.niven.comic","com.screen.translate.google","com.tangdi.baiguotong","com.deepl.mobiletranslator","com.translate.talkingtranslator","com.wooask.zx"]},{"rank":{"index":2,"lang":"pt-br","country":"br","chineseCountryName":"巴西","pkg":"com.spaceship.screen.textcopy"},"orders":["com.recognize_text.translate.screen","com.spaceship.screen.textcopy","com.tap_to_translate.snap_translate","com.niven.translator","com.gaminik.i18n","com.newmg.yurao.pro","com.niven.game","com.niven.comic","com.microsoft.translator","at.nk.tools.iTranslate","com.screen.translate.google","com.zaz.translate","com.niven.apptranslate","com.google.android.apps.translate","com.translate.language.translator.voice.translation","com.language.translate.free.translator.voice.translation","com.voice_camera_free_translate","com.audacityittranslator.translatetexttranslator","com.deepl.mobiletranslator","com.eecorp.linguago"]},{"rank":{"index":2,"lang":"fr","country":"fr","chineseCountryName":"法国","pkg":"com.spaceship.screen.textcopy"},"orders":["com.recognize_text.translate.screen","com.spaceship.screen.textcopy","com.tap_to_translate.snap_translate","com.gaminik.i18n","com.niven.translator","com.newmg.yurao.pro","com.microsoft.translator","com.zaz.translate","com.niven.game","at.nk.tools.iTranslate","com.google.android.apps.translate","com.niven.comic","com.screen.translate.google","com.language.translate.free.translator.voice.translation","com.datacomprojects.scanandtranslate","com.niven.apptranslate","com.translate.talkingtranslator","com.voice_camera_free_translate","com.translate.language.translator.voice.translation","com.deepl.mobiletranslator"]},{"rank":{"index":2,"lang":"en-gb","country":"gb","chineseCountryName":"英国","pkg":"com.spaceship.screen.textcopy"},"orders":["com.recognize_text.translate.screen","com.spaceship.screen.textcopy","com.tap_to_translate.snap_translate","com.gaminik.i18n","com.microsoft.translator","com.google.android.apps.translate","com.niven.translator","com.newmg.yurao.pro","com.zaz.translate","at.nk.tools.iTranslate","com.niven.game","com.datacomprojects.scanandtranslate","com.screen.translate.google","com.language.translate.free.translator.voice.translation","com.google.ar.lens","com.niven.comic","com.translate.talkingtranslator","com.sayhi.android.sayhitranslate","com.niven.apptranslate","com.deepl.mobiletranslator"]},{"rank":{"index":2,"lang":"de","country":"de","chineseCountryName":"德国","pkg":"com.spaceship.screen.textcopy"},"orders":["com.recognize_text.translate.screen","com.spaceship.screen.textcopy","com.tap_to_translate.snap_translate","com.niven.translator","com.microsoft.translator","com.gaminik.i18n","com.newmg.yurao.pro","at.nk.tools.iTranslate","com.niven.game","com.zaz.translate","com.google.android.apps.translate","com.screen.translate.google","com.niven.comic","com.language.translate.free.translator.voice.translation","com.datacomprojects.scanandtranslate","com.translate.talkingtranslator","com.deepl.mobiletranslator","com.niven.apptranslate","com.tangdi.baiguotong","com.traductorweb"]},{"rank":{"index":2,"lang":"it","country":"it","chineseCountryName":"意大利","pkg":"com.spaceship.screen.textcopy"},"orders":["com.recognize_text.translate.screen","com.spaceship.screen.textcopy","com.tap_to_translate.snap_translate","com.gaminik.i18n","com.niven.translator","com.microsoft.translator","com.niven.game","com.newmg.yurao.pro","com.zaz.translate","at.nk.tools.iTranslate","com.niven.comic","com.language.translate.free.translator.voice.translation"]},{"rank":{"index":2,"lang":"ja","country":"jp","chineseCountryName":"日本","pkg":"com.spaceship.screen.textcopy"},"orders":["com.recognize_text.translate.screen","com.spaceship.screen.textcopy","com.tap_to_translate.snap_translate","com.gaminik.i18n","com.niven.translator","com.newmg.yurao.pro","com.niven.game","com.microsoft.translator","com.niven.comic","at.nk.tools.iTranslate","com.niven.apptranslate","com.google.android.apps.translate","com.deepl.mobiletranslator","com.screen.translate.google","com.google.ar.lens","com.translate.talkingtranslator","com.language.translate.free.translator.voice.translation","com.naver.labs.translator","com.zaz.translate","jp.go.nict.voicetra"]},{"rank":{"index":2,"lang":"ko","country":"kr","chineseCountryName":"韩国","pkg":"com.spaceship.screen.textcopy"},"orders":["com.recognize_text.translate.screen","com.spaceship.screen.textcopy","com.tap_to_translate.snap_translate","com.microsoft.translator","com.newmg.yurao.pro","com.niven.translator","com.google.android.apps.translate","com.gaminik.i18n","com.zaz.translate","com.naver.labs.translator","com.niven.game","at.nk.tools.iTranslate","com.datacomprojects.scanandtranslate","com.language.translate.free.translator.voice.translation","com.niven.comic","com.screen.translate.google","translate.all.language.translator.cameratranslator","com.translate.talkingtranslator","com.sayhi.android.sayhitranslate","com.niven.apptranslate"]},{"rank":{"index":2,"lang":"zh-hk","country":"hk","chineseCountryName":"香港","pkg":"com.spaceship.screen.textcopy"},"orders":["com.recognize_text.translate.screen","com.spaceship.screen.textcopy","com.microsoft.translator","com.newmg.yurao.pro","com.tap_to_translate.snap_translate","com.google.android.apps.translate","com.gaminik.i18n","com.niven.translator","com.zaz.translate","at.nk.tools.iTranslate","com.niven.game","com.screen.translate.google","com.datacomprojects.scanandtranslate","com.language.translate.free.translator.voice.translation","com.niven.comic","com.tangdi.baiguotong","com.naver.labs.translator","translate.all.language.translator.cameratranslator","jp.go.nict.voicetra","com.translate.talkingtranslator"]},{"rank":{"index":2,"lang":"zh-tw","country":"tw","chineseCountryName":"台湾","pkg":"com.spaceship.screen.textcopy"},"orders":["com.recognize_text.translate.screen","com.spaceship.screen.textcopy","com.gaminik.i18n","com.tap_to_translate.snap_translate","com.microsoft.translator","com.niven.translator","com.google.android.apps.translate","com.newmg.yurao.pro","com.zaz.translate","at.nk.tools.iTranslate","com.niven.game","com.datacomprojects.scanandtranslate","com.naver.labs.translator","com.language.translate.free.translator.voice.translation","com.screen.translate.google","com.niven.comic","com.translate.talkingtranslator","com.tangdi.baiguotong","jp.go.nict.voicetra","translate.all.language.translator.cameratranslator"]},{"rank":{"index":2,"lang":"en","country":"in","chineseCountryName":"印度","pkg":"com.spaceship.screen.textcopy"},"orders":["com.recognize_text.translate.screen","com.spaceship.screen.textcopy","com.tap_to_translate.snap_translate"]},{"rank":{"index":2,"lang":"id","country":"id","chineseCountryName":"印尼","pkg":"com.spaceship.screen.textcopy"},"orders":["com.recognize_text.translate.screen","com.spaceship.screen.textcopy","com.tap_to_translate.snap_translate","com.niven.translator","com.gaminik.i18n","com.niven.game","com.newmg.yurao.pro","com.screen.translate.google","com.niven.comic","at.nk.tools.iTranslate","com.microsoft.translator","com.zaz.translate","com.google.android.apps.translate"]},{"rank":{"index":2,"lang":"es-mx","country":"mx","chineseCountryName":"墨西哥","pkg":"com.spaceship.screen.textcopy"},"orders":["com.recognize_text.translate.screen","com.spaceship.screen.textcopy","com.niven.translator","com.tap_to_translate.snap_translate","com.gaminik.i18n","com.newmg.yurao.pro","com.microsoft.translator","com.niven.game","at.nk.tools.iTranslate","com.niven.comic","com.screen.translate.google","com.zaz.translate","com.google.android.apps.translate","com.niven.apptranslate","com.language.translate.free.translator.voice.translation","com.voice_camera_free_translate","com.aldoo.pdftranslatorpro","com.youdao.hindict","com.datacomprojects.scanandtranslate","com.deepl.mobiletranslator"]}]