[{"rank":{"index":2,"lang":"en-us","country":"us","chineseCountryName":"美国","pkg":"com.spaceship.screen.textcopy"},"orders":["com.recognize_text.translate.screen","com.spaceship.screen.textcopy","com.google.android.apps.translate","com.gaminik.i18n","com.tap_to_translate.snap_translate","com.niven.translator","com.microsoft.translator","com.niven.game","com.newmg.yurao.pro","com.datacomprojects.scanandtranslate","at.nk.tools.iTranslate","com.niven.apptranslate","com.mobisystems.msdict.embedded.wireless.collins.ee","com.screen.translate.google","com.facebook.orca","com.google.ar.lens","screen.translator.voice.translate","com.google.android.apps.photos","us.zoom.videomeetings","com.google.android.dialer"]},{"rank":{"index":2,"lang":"ru","country":"ru","chineseCountryName":"俄罗斯","pkg":"com.spaceship.screen.textcopy"},"orders":["com.recognize_text.translate.screen","com.spaceship.screen.textcopy","com.tap_to_translate.snap_translate","com.gaminik.i18n","com.niven.translator","com.newmg.yurao.pro","com.niven.game","com.niven.apptranslate","ru.yandex.translate","com.google.android.apps.translate","com.microsoft.translator","us.zoom.videomeetings","com.facebook.orca","com.screen.translate.google","com.discord","com.android.chrome","com.deepl.mobiletranslator","com.google.android.dialer","com.camerasideas.instashot","org.videolan.vlc"]},{"rank":{"index":2,"lang":"fr","country":"fr","chineseCountryName":"法国","pkg":"com.spaceship.screen.textcopy"},"orders":["com.recognize_text.translate.screen","com.spaceship.screen.textcopy","com.tap_to_translate.snap_translate","com.gaminik.i18n","com.niven.game","com.niven.translator","com.newmg.yurao.pro","com.google.android.apps.translate","com.niven.apptranslate","com.niven.comic","com.microsoft.translator","com.screen.translate.google","com.facebook.orca","us.zoom.videomeetings","com.google.android.apps.photos","com.discord","com.android.chrome","com.skype.raider","com.google.android.apps.maps","com.truecaller"]},{"rank":{"index":2,"lang":"en-gb","country":"gb","chineseCountryName":"英国","pkg":"com.spaceship.screen.textcopy"},"orders":["com.recognize_text.translate.screen","com.spaceship.screen.textcopy","com.gaminik.i18n","com.google.android.apps.translate","com.microsoft.translator","com.niven.translator","com.tap_to_translate.snap_translate","com.niven.game","com.newmg.yurao.pro","com.datacomprojects.scanandtranslate","com.niven.apptranslate","at.nk.tools.iTranslate","com.google.ar.lens","com.zaz.translate","com.facebook.orca","com.image.camera.translate.ai","com.android.chrome","us.zoom.videomeetings","com.google.android.apps.photos","com.google.android.apps.maps"]},{"rank":{"index":2,"lang":"de","country":"de","chineseCountryName":"德国","pkg":"com.spaceship.screen.textcopy"},"orders":["com.recognize_text.translate.screen","com.spaceship.screen.textcopy","com.gaminik.i18n","com.tap_to_translate.snap_translate","com.niven.translator","com.niven.game","com.screen.translate.google","com.newmg.yurao.pro","com.niven.apptranslate","com.google.android.apps.translate","com.microsoft.translator","com.niven.comic","com.facebook.orca","us.zoom.videomeetings","com.datacomprojects.scanandtranslate","com.discord","com.android.chrome","com.google.android.apps.photos","com.skype.raider","com.truecaller"]},{"rank":{"index":2,"lang":"it","country":"it","chineseCountryName":"意大利","pkg":"com.spaceship.screen.textcopy"},"orders":["com.recognize_text.translate.screen","com.spaceship.screen.textcopy","com.gaminik.i18n","com.tap_to_translate.snap_translate","com.niven.game","com.niven.translator","com.niven.apptranslate","com.google.android.apps.translate","com.newmg.yurao.pro","com.niven.comic","com.microsoft.translator","com.screen.translate.google","at.nk.tools.iTranslate","com.facebook.orca","us.zoom.videomeetings","com.google.android.apps.photos","com.twitter.android","com.discord","com.skype.raider","com.android.chrome"]},{"rank":{"index":2,"lang":"ja","country":"jp","chineseCountryName":"日本","pkg":"com.spaceship.screen.textcopy"},"orders":["com.recognize_text.translate.screen","com.spaceship.screen.textcopy","com.gaminik.i18n","com.tap_to_translate.snap_translate","com.niven.game","com.niven.translator","com.niven.apptranslate","com.newmg.yurao.pro","com.google.android.apps.translate","com.microsoft.translator","com.google.ar.lens","com.facebook.orca","us.zoom.videomeetings","com.android.chrome","com.discord","com.google.android.apps.maps","com.twitter.android","com.naver.labs.translator","com.niven.comic","com.google.android.apps.photos"]},{"rank":{"index":2,"lang":"ko","country":"kr","chineseCountryName":"韩国","pkg":"com.spaceship.screen.textcopy"},"orders":["com.recognize_text.translate.screen","com.spaceship.screen.textcopy","com.tap_to_translate.snap_translate","com.gaminik.i18n","com.niven.translator","com.niven.game","com.google.android.apps.translate","com.niven.apptranslate","com.naver.labs.translator","com.facebook.orca","us.zoom.videomeetings","com.discord","com.twitter.android","com.android.chrome","com.newmg.yurao.pro","com.google.android.apps.photos","com.sec.android.app.sbrowser","com.google.android.apps.docs","com.duolingo","com.skype.raider"]},{"rank":{"index":2,"lang":"zh-hk","country":"hk","chineseCountryName":"香港","pkg":"com.spaceship.screen.textcopy"},"orders":["com.recognize_text.translate.screen","com.spaceship.screen.textcopy","com.gaminik.i18n","com.niven.game","com.tap_to_translate.snap_translate","com.niven.translator","com.google.android.apps.translate","com.screen.translate.google","com.niven.apptranslate","com.facebook.orca","com.android.chrome","com.whatsapp","com.google.android.apps.maps","com.newmg.yurao.pro","com.discord","us.zoom.videomeetings","com.twitter.android","com.google.android.apps.photos","com.skype.raider","com.microsoft.translator"]},{"rank":{"index":2,"lang":"zh-tw","country":"tw","chineseCountryName":"台湾","pkg":"com.spaceship.screen.textcopy"},"orders":["com.recognize_text.translate.screen","com.spaceship.screen.textcopy","com.gaminik.i18n","com.tap_to_translate.snap_translate","com.niven.translator","com.niven.game","com.screen.translate.google","com.niven.apptranslate","com.google.android.apps.translate","com.newmg.yurao.pro","com.facebook.orca","com.discord","com.twitter.android","com.google.android.apps.maps","com.android.chrome","us.zoom.videomeetings","com.skype.raider","com.google.android.apps.photos","com.microsoft.translator","com.sec.android.app.sbrowser"]},{"rank":{"index":2,"lang":"en","country":"in","chineseCountryName":"印度","pkg":"com.spaceship.screen.textcopy"},"orders":["com.recognize_text.translate.screen","com.spaceship.screen.textcopy","com.google.android.apps.translate","com.gaminik.i18n"]},{"rank":{"index":2,"lang":"id","country":"id","chineseCountryName":"印尼","pkg":"com.spaceship.screen.textcopy"},"orders":["com.recognize_text.translate.screen","com.spaceship.screen.textcopy","com.tap_to_translate.snap_translate","com.gaminik.i18n","com.niven.translator","com.niven.game","com.google.android.apps.translate","com.newmg.yurao.pro","com.niven.apptranslate","com.youdao.hindict","com.niven.comic","com.naver.labs.translator"]}]