[{"rank":{"index":2,"lang":"en-us","country":"us","chineseCountryName":"美国","pkg":"com.spaceship.screen.textcopy"},"orders":["com.recognize_text.translate.screen","com.spaceship.screen.textcopy","com.microsoft.translator","com.newmg.yurao.pro","com.google.android.apps.translate","com.deepl.mobiletranslator","com.gaminik.i18n","com.niven.translator","com.tap_to_translate.snap_translate","ru.yandex.translate","com.zaz.translate","com.translate.talkingtranslator","at.nk.tools.iTranslate","com.youdao.hindict","com.google.ar.lens","com.niven.game","com.immersivetranslate.browser","com.screen.translate.google","com.mobisystems.msdict.embedded.wireless.collins.ee","com.naver.labs.translator"]},{"rank":{"index":0,"lang":"ru","country":"ru","chineseCountryName":"俄罗斯","pkg":"com.spaceship.screen.textcopy"},"orders":["com.recognize_text.translate.screen","com.gaminik.i18n","com.newmg.yurao.pro","com.tap_to_translate.snap_translate","ru.yandex.translate","com.niven.translator","com.google.android.apps.translate","com.deepl.mobiletranslator","com.microsoft.translator","com.screen.translate.google","com.niven.game"]},{"rank":{"index":2,"lang":"pt-br","country":"br","chineseCountryName":"巴西","pkg":"com.spaceship.screen.textcopy"},"orders":["com.recognize_text.translate.screen","com.spaceship.screen.textcopy","com.tap_to_translate.snap_translate","com.gaminik.i18n","com.newmg.yurao.pro","com.google.android.apps.translate","com.microsoft.translator","com.deepl.mobiletranslator","com.zaz.translate","ru.yandex.translate","at.nk.tools.iTranslate","com.translate.talkingtranslator","com.naver.labs.translator","com.google.ar.lens","com.softissimo.reverso.context","com.ticktalk.translatevoice","com.niven.translator","com.screen.translate.google","com.niven.apptranslate","com.niven.game"]},{"rank":{"index":2,"lang":"fr","country":"fr","chineseCountryName":"法国","pkg":"com.spaceship.screen.textcopy"},"orders":["com.recognize_text.translate.screen","com.spaceship.screen.textcopy","com.newmg.yurao.pro","com.gaminik.i18n","com.google.android.apps.translate","com.tap_to_translate.snap_translate","com.microsoft.translator","com.deepl.mobiletranslator","com.niven.translator","com.zaz.translate","ru.yandex.translate","com.screen.translate.google","com.google.ar.lens","com.translate.talkingtranslator","com.niven.game","com.niven.apptranslate","at.nk.tools.iTranslate","com.eecorp.linguago","com.immersivetranslate.browser","com.softissimo.reverso.context"]},{"rank":{"index":2,"lang":"en-gb","country":"gb","chineseCountryName":"英国","pkg":"com.spaceship.screen.textcopy"},"orders":["com.recognize_text.translate.screen","com.spaceship.screen.textcopy","com.microsoft.translator","com.newmg.yurao.pro","com.google.android.apps.translate","com.deepl.mobiletranslator","com.gaminik.i18n","com.niven.translator","com.zaz.translate","ru.yandex.translate","com.tap_to_translate.snap_translate","com.google.ar.lens","at.nk.tools.iTranslate","com.immersivetranslate.browser","com.screen.translate.google","com.niven.game","com.translate.talkingtranslator","com.mobisystems.msdict.embedded.wireless.collins.ee","com.niven.apptranslate","com.naver.labs.translator"]},{"rank":{"index":2,"lang":"de","country":"de","chineseCountryName":"德国","pkg":"com.spaceship.screen.textcopy"},"orders":["com.recognize_text.translate.screen","com.spaceship.screen.textcopy","com.google.android.apps.translate","com.newmg.yurao.pro","com.screen.translate.google","com.niven.translator","com.gaminik.i18n","com.microsoft.translator","com.tap_to_translate.snap_translate","com.deepl.mobiletranslator","ru.yandex.translate","com.niven.game","com.translate.talkingtranslator","com.zaz.translate","com.immersivetranslate.browser"]},{"rank":{"index":2,"lang":"it","country":"it","chineseCountryName":"意大利","pkg":"com.spaceship.screen.textcopy"},"orders":["com.recognize_text.translate.screen","com.spaceship.screen.textcopy","com.tap_to_translate.snap_translate","com.google.android.apps.translate","com.niven.translator","com.gaminik.i18n","com.screen.translate.google","com.newmg.yurao.pro","com.microsoft.translator","com.deepl.mobiletranslator","ru.yandex.translate"]},{"rank":{"index":2,"lang":"ja","country":"jp","chineseCountryName":"日本","pkg":"com.spaceship.screen.textcopy"},"orders":["com.recognize_text.translate.screen","com.spaceship.screen.textcopy","com.tap_to_translate.snap_translate","com.google.android.apps.translate","com.gaminik.i18n","com.newmg.yurao.pro","com.niven.translator","com.screen.translate.google","com.microsoft.translator","com.deepl.mobiletranslator","com.immersivetranslate.browser","com.google.ar.lens","ru.yandex.translate","com.naver.labs.translator","com.niven.game","com.niven.apptranslate","com.translate.talkingtranslator","at.nk.tools.iTranslate","com.voice_camera_free_translate","com.eecorp.linguago"]},{"rank":{"index":2,"lang":"ko","country":"kr","chineseCountryName":"韩国","pkg":"com.spaceship.screen.textcopy"},"orders":["com.recognize_text.translate.screen","com.spaceship.screen.textcopy","com.gaminik.i18n","com.newmg.yurao.pro","com.google.android.apps.translate","com.tap_to_translate.snap_translate","com.niven.translator","com.microsoft.translator","com.naver.labs.translator","com.niven.game","com.deepl.mobiletranslator","com.niven.apptranslate","com.screen.translate.google","com.immersivetranslate.browser","com.translate.talkingtranslator","ru.yandex.translate","com.google.ar.lens","com.facebook.katana","com.instagram.android","at.nk.tools.iTranslate"]},{"rank":{"index":2,"lang":"zh-hk","country":"hk","chineseCountryName":"香港","pkg":"com.spaceship.screen.textcopy"},"orders":["com.recognize_text.translate.screen","com.spaceship.screen.textcopy","com.newmg.yurao.pro","com.gaminik.i18n","com.google.android.apps.translate","com.niven.translator","com.microsoft.translator","com.tap_to_translate.snap_translate","com.deepl.mobiletranslator","ru.yandex.translate","com.niven.game","com.immersivetranslate.browser","com.google.ar.lens"]},{"rank":{"index":2,"lang":"zh-tw","country":"tw","chineseCountryName":"台湾","pkg":"com.spaceship.screen.textcopy"},"orders":["com.recognize_text.translate.screen","com.spaceship.screen.textcopy","com.newmg.yurao.pro","com.gaminik.i18n","com.google.android.apps.translate","com.niven.translator","com.microsoft.translator","com.deepl.mobiletranslator","com.tap_to_translate.snap_translate","ru.yandex.translate","com.niven.game","com.immersivetranslate.browser","com.translate.talkingtranslator","com.zaz.translate"]},{"rank":{"index":3,"lang":"en","country":"in","chineseCountryName":"印度","pkg":"com.spaceship.screen.textcopy"},"orders":["com.recognize_text.translate.screen","com.google.android.apps.translate","com.spaceship.screen.textcopy","com.newmg.yurao.pro","com.zaz.translate","com.deepl.mobiletranslator","com.microsoft.translator","com.gaminik.i18n"]},{"rank":{"index":2,"lang":"id","country":"id","chineseCountryName":"印尼","pkg":"com.spaceship.screen.textcopy"},"orders":["com.recognize_text.translate.screen","com.spaceship.screen.textcopy","com.tap_to_translate.snap_translate","com.gaminik.i18n","com.niven.translator","com.newmg.yurao.pro","com.google.android.apps.translate","com.deepl.mobiletranslator","com.niven.game","com.screen.translate.google","com.niven.apptranslate","com.microsoft.translator","com.eecorp.linguago","com.naver.labs.translator"]},{"rank":{"index":2,"lang":"es-mx","country":"mx","chineseCountryName":"墨西哥","pkg":"com.spaceship.screen.textcopy"},"orders":["com.recognize_text.translate.screen","com.spaceship.screen.textcopy","com.newmg.yurao.pro","com.google.android.apps.translate"]}]