[{"rank":{"index":2,"lang":"en-us","country":"us","chineseCountryName":"美国","pkg":"com.spaceship.screen.textcopy"},"orders":["com.recognize_text.translate.screen","com.spaceship.screen.textcopy","com.google.android.apps.translate","com.microsoft.translator","com.gaminik.i18n","com.screen.translate.google","com.niven.translator","com.niven.game","at.nk.tools.iTranslate","com.newmg.yurao.pro","com.deepl.mobiletranslator","com.zaz.translate","com.naver.labs.translator","com.niven.comic","com.image.camera.translate.ai","com.easytranslate.easytranslate","com.translate.language.translator.voice.translation","com.translate.talkingtranslator","com.eecorp.taptranslator","com.sayhi.android.sayhitranslate"]},{"rank":{"index":2,"lang":"ru","country":"ru","chineseCountryName":"俄罗斯","pkg":"com.spaceship.screen.textcopy"},"orders":["com.recognize_text.translate.screen","com.spaceship.screen.textcopy","com.gaminik.i18n","com.niven.translator","com.niven.game","com.screen.translate.google","ru.yandex.translate","com.niven.comic","com.newmg.yurao.pro","com.microsoft.translator","com.google.android.apps.translate","com.deepl.mobiletranslator","com.facebook.orca","com.android.chrome","com.discord","com.google.android.apps.nbu.files","com.flabs.screen.translate","com.google.android.dialer","com.google.android.apps.photos","com.skype.raider"]},{"rank":{"index":2,"lang":"fr","country":"fr","chineseCountryName":"法国","pkg":"com.spaceship.screen.textcopy"},"orders":["com.recognize_text.translate.screen","com.spaceship.screen.textcopy","com.gaminik.i18n","com.niven.game","com.screen.translate.google","com.niven.translator","com.microsoft.translator","com.google.android.apps.translate","com.niven.comic","com.newmg.yurao.pro","com.image.camera.translate.ai","com.zaz.translate","com.deepl.mobiletranslator","com.tap_to_translate.snap_translate","at.nk.tools.iTranslate","com.flabs.screen.translate","ru.yandex.translate","com.eecorp.taptranslator","com.facebook.orca","com.android.chrome"]},{"rank":{"index":2,"lang":"en-gb","country":"gb","chineseCountryName":"英国","pkg":"com.spaceship.screen.textcopy"},"orders":["com.recognize_text.translate.screen","com.spaceship.screen.textcopy","com.gaminik.i18n","com.google.android.apps.translate","com.microsoft.translator","com.screen.translate.google","com.niven.translator","com.niven.game","at.nk.tools.iTranslate","com.zaz.translate","com.deepl.mobiletranslator","com.newmg.yurao.pro","com.niven.comic","com.image.camera.translate.ai","com.tranit.text.translate","com.royalappcode.translation.voice.language.chat.interpreter","ru.yandex.translate","com.datacomprojects.scanandtranslate","com.softissimo.reverso.context","com.sayhi.android.sayhitranslate"]},{"rank":{"index":2,"lang":"de","country":"de","chineseCountryName":"德国","pkg":"com.spaceship.screen.textcopy"},"orders":["com.recognize_text.translate.screen","com.spaceship.screen.textcopy","com.gaminik.i18n","com.screen.translate.google","com.niven.translator","com.niven.game","com.microsoft.translator","com.google.android.apps.translate","com.newmg.yurao.pro","com.niven.comic","com.deepl.mobiletranslator","com.image.camera.translate.ai","com.zaz.translate","at.nk.tools.iTranslate","com.flabs.screen.translate","ru.yandex.translate","com.facebook.orca","com.eecorp.taptranslator","com.discord","com.softissimo.reverso.context"]},{"rank":{"index":2,"lang":"it","country":"it","chineseCountryName":"意大利","pkg":"com.spaceship.screen.textcopy"},"orders":["com.recognize_text.translate.screen","com.spaceship.screen.textcopy","com.gaminik.i18n","com.screen.translate.google","com.niven.game","com.niven.translator","com.microsoft.translator","com.newmg.yurao.pro","com.google.android.apps.translate","com.niven.comic","com.deepl.mobiletranslator","com.image.camera.translate.ai","at.nk.tools.iTranslate","com.facebook.orca","com.flabs.screen.translate","com.google.android.apps.photos","com.discord","com.google.android.dialer","com.skype.raider","com.duolingo"]},{"rank":{"index":2,"lang":"ja","country":"jp","chineseCountryName":"日本","pkg":"com.spaceship.screen.textcopy"},"orders":["com.recognize_text.translate.screen","com.spaceship.screen.textcopy","com.gaminik.i18n","com.screen.translate.google","com.niven.translator","com.niven.game","com.google.android.apps.translate","com.microsoft.translator","com.niven.comic","com.deepl.mobiletranslator","com.facebook.orca","com.naver.labs.translator","com.android.chrome","com.discord","com.google.android.apps.maps","com.google.android.apps.nbu.files","com.amazon.kindle","com.duolingo","us.zoom.videomeetings","com.google.android.deskclock"]},{"rank":{"index":2,"lang":"ko","country":"kr","chineseCountryName":"韩国","pkg":"com.spaceship.screen.textcopy"},"orders":["com.recognize_text.translate.screen","com.spaceship.screen.textcopy","com.gaminik.i18n","com.niven.game","com.niven.translator","com.screen.translate.google","com.newmg.yurao.pro","com.naver.labs.translator","com.microsoft.translator","com.google.android.apps.translate","com.niven.comic","com.deepl.mobiletranslator","com.facebook.orca","com.discord","com.android.chrome","us.zoom.videomeetings","com.sec.android.app.sbrowser","com.duolingo","com.google.android.apps.photos","com.google.android.apps.youtube.creator"]},{"rank":{"index":2,"lang":"zh-hk","country":"hk","chineseCountryName":"香港","pkg":"com.spaceship.screen.textcopy"},"orders":["com.recognize_text.translate.screen","com.spaceship.screen.textcopy","com.gaminik.i18n","com.screen.translate.google","com.niven.translator","com.niven.game","com.microsoft.translator","com.google.android.apps.translate","at.nk.tools.iTranslate","com.niven.comic","com.zaz.translate","com.image.camera.translate.ai","com.newmg.yurao.pro","com.naver.labs.translator","com.flabs.screen.translate","com.deepl.mobiletranslator","com.eecorp.taptranslator","com.tangdi.baiguotong","com.google.ar.lens","ru.yandex.translate"]},{"rank":{"index":2,"lang":"zh-tw","country":"tw","chineseCountryName":"台湾","pkg":"com.spaceship.screen.textcopy"},"orders":["com.recognize_text.translate.screen","com.spaceship.screen.textcopy","com.gaminik.i18n","com.screen.translate.google","com.niven.game","com.niven.translator","com.microsoft.translator","com.google.android.apps.translate","com.niven.comic","com.newmg.yurao.pro","at.nk.tools.iTranslate","com.image.camera.translate.ai","com.naver.labs.translator","com.zaz.translate","com.tangdi.baiguotong","com.facebook.orca","com.google.android.apps.maps","com.flabs.screen.translate","com.deepl.mobiletranslator","com.google.ar.lens"]},{"rank":{"index":2,"lang":"en","country":"in","chineseCountryName":"印度","pkg":"com.spaceship.screen.textcopy"},"orders":["com.recognize_text.translate.screen","com.spaceship.screen.textcopy","com.google.android.apps.translate","com.screen.translate.google","com.newmg.yurao.pro","com.zaz.translate","com.microsoft.translator","com.niven.translator","com.niven.game","at.nk.tools.iTranslate","com.deepl.mobiletranslator","com.naver.labs.translator","com.tap_to_translate.snap_translate","ru.yandex.translate","com.google.ar.lens","com.softissimo.reverso.context","com.sayhi.android.sayhitranslate","com.transferwise.android","com.gaminik.i18n"]},{"rank":{"index":2,"lang":"id","country":"id","chineseCountryName":"印尼","pkg":"com.spaceship.screen.textcopy"},"orders":["com.recognize_text.translate.screen","com.spaceship.screen.textcopy","com.gaminik.i18n","com.niven.translator","com.niven.game","com.screen.translate.google","com.niven.comic","com.google.android.apps.translate","com.newmg.yurao.pro","com.deepl.mobiletranslator"]},{"rank":{"index":2,"lang":"es-mx","country":"mx","chineseCountryName":"墨西哥","pkg":"com.spaceship.screen.textcopy"},"orders":["com.recognize_text.translate.screen","com.spaceship.screen.textcopy","com.niven.game","com.screen.translate.google","com.microsoft.translator","com.google.android.apps.translate","com.zaz.translate","com.tap_to_translate.snap_translate","droom.sleepIfUCan","at.nk.tools.iTranslate","com.deepl.mobiletranslator","com.niven.comic","com.youdao.hindict","com.microblink.photomath","com.naver.labs.translator","ru.yandex.translate","com.amazon.dee.app","com.google.ar.lens","com.gaminik.i18n","com.niven.translator"]}]