[{"rank":{"index":2,"lang":"en-us","country":"us","chineseCountryName":"美国","pkg":"com.spaceship.screen.textcopy"},"orders":["com.recognize_text.translate.screen","com.spaceship.screen.textcopy","com.niven.translator","com.tap_to_translate.snap_translate","com.microsoft.translator","com.gaminik.i18n","com.google.android.apps.translate","com.newmg.yurao.pro","com.niven.game","com.language.translate.free.translator.voice.translation","at.nk.tools.iTranslate","com.screen.translate.google","com.zaz.translate","com.google.ar.lens","com.niven.comic","com.datacomprojects.scanandtranslate","com.translate.talkingtranslator","ru.yandex.translate","com.b1b.translator.voicetranslate.alllanguages.translator.app","com.deepl.mobiletranslator"]},{"rank":{"index":2,"lang":"ru","country":"ru","chineseCountryName":"俄罗斯","pkg":"com.spaceship.screen.textcopy"},"orders":["com.recognize_text.translate.screen","com.spaceship.screen.textcopy","com.niven.translator","com.tap_to_translate.snap_translate","com.microsoft.translator","com.newmg.yurao.pro","com.niven.game","com.gaminik.i18n","ru.yandex.translate","com.google.android.apps.translate","com.language.translate.free.translator.voice.translation","com.screen.translate.google","com.datacomprojects.scanandtranslate","com.zaz.translate","com.niven.comic","com.google.ar.lens","at.nk.tools.iTranslate","com.niven.apptranslate","com.b1b.translator.voicetranslate.alllanguages.translator.app","com.audacityittranslator.translatetexttranslator"]},{"rank":{"index":2,"lang":"pt-br","country":"br","chineseCountryName":"巴西","pkg":"com.spaceship.screen.textcopy"},"orders":["com.recognize_text.translate.screen","com.spaceship.screen.textcopy","com.niven.translator","com.tap_to_translate.snap_translate","com.newmg.yurao.pro","com.gaminik.i18n","com.niven.game","com.screen.translate.google","com.niven.comic","com.microsoft.translator","translate.speech.text.translation.voicetranslator","com.eecorp.linguago","free.translate.all.language.translator","com.youdao.hindict","com.mg.chat","at.nk.tools.iTranslate","com.language.translate.free.translator.voice.translation","com.google.android.apps.translate","all.language.translate.translator","com.zaz.translate"]},{"rank":{"index":2,"lang":"fr","country":"fr","chineseCountryName":"法国","pkg":"com.spaceship.screen.textcopy"},"orders":["com.recognize_text.translate.screen","com.spaceship.screen.textcopy","com.tap_to_translate.snap_translate","com.gaminik.i18n","com.niven.translator","com.newmg.yurao.pro","com.niven.game","com.microsoft.translator","com.google.android.apps.translate","com.zaz.translate","com.language.translate.free.translator.voice.translation","com.screen.translate.google","com.google.ar.lens","at.nk.tools.iTranslate","com.niven.comic","com.b1b.translator.voicetranslate.alllanguages.translator.app","ru.yandex.translate","com.datacomprojects.scanandtranslate","com.tangdi.baiguotong","com.voice_camera_free_translate"]},{"rank":{"index":2,"lang":"en-gb","country":"gb","chineseCountryName":"英国","pkg":"com.spaceship.screen.textcopy"},"orders":["com.recognize_text.translate.screen","com.spaceship.screen.textcopy","com.tap_to_translate.snap_translate","com.gaminik.i18n","com.microsoft.translator","com.google.android.apps.translate","com.niven.translator","com.newmg.yurao.pro","com.niven.game","com.zaz.translate","com.language.translate.free.translator.voice.translation","com.google.ar.lens","at.nk.tools.iTranslate","com.screen.translate.google","com.datacomprojects.scanandtranslate","com.niven.comic","ru.yandex.translate","com.deepl.mobiletranslator","com.b1b.translator.voicetranslate.alllanguages.translator.app","com.voice_camera_free_translate"]},{"rank":{"index":2,"lang":"de","country":"de","chineseCountryName":"德国","pkg":"com.spaceship.screen.textcopy"},"orders":["com.recognize_text.translate.screen","com.spaceship.screen.textcopy","com.tap_to_translate.snap_translate","com.niven.translator","com.microsoft.translator","com.gaminik.i18n","com.niven.game","com.newmg.yurao.pro","com.google.android.apps.translate","com.language.translate.free.translator.voice.translation","com.screen.translate.google","at.nk.tools.iTranslate","com.niven.comic","com.zaz.translate","com.b1b.translator.voicetranslate.alllanguages.translator.app","com.google.ar.lens","com.datacomprojects.scanandtranslate","ru.yandex.translate","com.deepl.mobiletranslator","com.tangdi.baiguotong"]},{"rank":{"index":2,"lang":"it","country":"it","chineseCountryName":"意大利","pkg":"com.spaceship.screen.textcopy"},"orders":["com.recognize_text.translate.screen","com.spaceship.screen.textcopy","com.tap_to_translate.snap_translate","com.niven.game","com.niven.translator","com.gaminik.i18n","com.newmg.yurao.pro","com.microsoft.translator","com.google.android.apps.translate","com.screen.translate.google","com.language.translate.free.translator.voice.translation","com.niven.comic","com.google.ar.lens","at.nk.tools.iTranslate","com.zaz.translate","com.b1b.translator.voicetranslate.alllanguages.translator.app","com.datacomprojects.scanandtranslate","com.tangdi.baiguotong","com.niven.apptranslate","ru.yandex.translate"]},{"rank":{"index":2,"lang":"ja","country":"jp","chineseCountryName":"日本","pkg":"com.spaceship.screen.textcopy"},"orders":["com.recognize_text.translate.screen","com.spaceship.screen.textcopy","com.tap_to_translate.snap_translate","com.gaminik.i18n","com.niven.game","com.newmg.yurao.pro","com.niven.translator","com.microsoft.translator","com.screen.translate.google","com.language.translate.free.translator.voice.translation","at.nk.tools.iTranslate"]},{"rank":{"index":2,"lang":"ko","country":"kr","chineseCountryName":"韩国","pkg":"com.spaceship.screen.textcopy"},"orders":["com.recognize_text.translate.screen","com.spaceship.screen.textcopy","com.tap_to_translate.snap_translate","com.microsoft.translator","com.niven.translator","com.google.android.apps.translate","com.gaminik.i18n","com.newmg.yurao.pro","com.niven.game","com.language.translate.free.translator.voice.translation","com.zaz.translate","com.screen.translate.google","at.nk.tools.iTranslate","com.google.ar.lens","translate.all.language.translator.cameratranslator","com.naver.labs.translator","com.datacomprojects.scanandtranslate","com.b1b.translator.voicetranslate.alllanguages.translator.app","com.niven.comic","ru.yandex.translate"]},{"rank":{"index":2,"lang":"zh-hk","country":"hk","chineseCountryName":"香港","pkg":"com.spaceship.screen.textcopy"},"orders":["com.recognize_text.translate.screen","com.spaceship.screen.textcopy","com.microsoft.translator","com.google.android.apps.translate","com.newmg.yurao.pro","com.niven.translator","com.gaminik.i18n","com.tap_to_translate.snap_translate","com.niven.game","com.screen.translate.google","com.language.translate.free.translator.voice.translation","com.google.ar.lens","at.nk.tools.iTranslate","com.zaz.translate","translate.all.language.translator.cameratranslator","com.niven.comic","com.datacomprojects.scanandtranslate","com.immersivetranslate.browser","ru.yandex.translate","com.tangdi.baiguotong"]},{"rank":{"index":2,"lang":"zh-tw","country":"tw","chineseCountryName":"台湾","pkg":"com.spaceship.screen.textcopy"},"orders":["com.recognize_text.translate.screen","com.spaceship.screen.textcopy","com.tap_to_translate.snap_translate","com.microsoft.translator","com.niven.translator","com.google.android.apps.translate","com.gaminik.i18n","com.newmg.yurao.pro","com.niven.game","at.nk.tools.iTranslate","com.language.translate.free.translator.voice.translation","com.screen.translate.google","com.zaz.translate","com.google.ar.lens","com.datacomprojects.scanandtranslate","translate.all.language.translator.cameratranslator","ru.yandex.translate","com.niven.comic","com.translate.talkingtranslator","com.youdao.hindict"]},{"rank":{"index":2,"lang":"en","country":"in","chineseCountryName":"印度","pkg":"com.spaceship.screen.textcopy"},"orders":["com.recognize_text.translate.screen","com.spaceship.screen.textcopy","com.tap_to_translate.snap_translate"]},{"rank":{"index":2,"lang":"id","country":"id","chineseCountryName":"印尼","pkg":"com.spaceship.screen.textcopy"},"orders":["com.recognize_text.translate.screen","com.spaceship.screen.textcopy","com.tap_to_translate.snap_translate","com.niven.translator","com.gaminik.i18n","com.niven.game","com.newmg.yurao.pro","com.screen.translate.google","com.niven.comic","com.youdao.hindict","com.google.android.apps.translate","com.microsoft.translator","com.language.translate.free.translator.voice.translation","at.nk.tools.iTranslate"]},{"rank":{"index":2,"lang":"es-mx","country":"mx","chineseCountryName":"墨西哥","pkg":"com.spaceship.screen.textcopy"},"orders":["com.recognize_text.translate.screen","com.spaceship.screen.textcopy","com.niven.translator","com.tap_to_translate.snap_translate","com.gaminik.i18n","com.niven.game","com.newmg.yurao.pro","com.microsoft.translator","com.google.android.apps.translate","at.nk.tools.iTranslate","com.screen.translate.google","com.language.translate.free.translator.voice.translation","com.niven.comic","com.voice_camera_free_translate","com.google.ar.lens","camtranslator.voice.text.image.translate","com.b1b.translator.voicetranslate.alllanguages.translator.app","com.niven.apptranslate","com.aldoo.pdftranslatorpro","com.youdao.hindict"]}]