[{"rank":{"index":3,"lang":"en-us","country":"us","chineseCountryName":"美国","pkg":"com.spaceship.screen.textcopy"},"orders":["com.recognize_text.translate.screen","com.google.android.apps.translate","com.spaceship.screen.textcopy","com.newmg.yurao.pro","com.microsoft.translator","com.gaminik.i18n","com.niven.translator","com.google.ar.lens","com.tap_to_translate.snap_translate","com.deepl.mobiletranslator","com.youdao.hindict","ru.yandex.translate","com.niven.game","com.zaz.translate","com.naver.labs.translator","com.screen.translate.google","at.nk.tools.iTranslate","com.google.android.inputmethod.latin","com.niven.apptranslate","com.eecorp.linguago"]},{"rank":{"index":0,"lang":"ru","country":"ru","chineseCountryName":"俄罗斯","pkg":"com.spaceship.screen.textcopy"},"orders":["com.recognize_text.translate.screen","com.newmg.yurao.pro","com.gaminik.i18n","ru.yandex.translate","com.google.android.apps.translate","com.niven.translator","com.microsoft.translator","com.tap_to_translate.snap_translate","com.niven.game","com.deepl.mobiletranslator","com.immersivetranslate.browser"]},{"rank":{"index":2,"lang":"pt-br","country":"br","chineseCountryName":"巴西","pkg":"com.spaceship.screen.textcopy"},"orders":["com.recognize_text.translate.screen","com.spaceship.screen.textcopy","com.newmg.yurao.pro","com.tap_to_translate.snap_translate","com.gaminik.i18n","com.google.android.apps.translate","ru.yandex.translate","com.deepl.mobiletranslator","at.nk.tools.iTranslate","com.zaz.translate","com.google.ar.lens","com.naver.labs.translator","com.softissimo.reverso.context","com.translate.talkingtranslator","com.ticktalk.translatevoice","com.niven.translator","com.niven.game","com.niven.apptranslate","com.screen.translate.google","com.youdao.hindict"]},{"rank":{"index":2,"lang":"fr","country":"fr","chineseCountryName":"法国","pkg":"com.spaceship.screen.textcopy"},"orders":["com.recognize_text.translate.screen","com.spaceship.screen.textcopy","com.gaminik.i18n","com.newmg.yurao.pro","com.google.android.apps.translate","com.microsoft.translator","com.niven.translator","com.tap_to_translate.snap_translate","com.deepl.mobiletranslator","ru.yandex.translate","com.niven.game","com.google.ar.lens","com.screen.translate.google","com.immersivetranslate.browser","com.niven.apptranslate","com.zaz.translate","com.eecorp.linguago","com.tangdi.baiguotong","com.naver.labs.translator","com.translate.talkingtranslator"]},{"rank":{"index":3,"lang":"en-gb","country":"gb","chineseCountryName":"英国","pkg":"com.spaceship.screen.textcopy"},"orders":["com.recognize_text.translate.screen","com.google.android.apps.translate","com.spaceship.screen.textcopy","com.newmg.yurao.pro","com.microsoft.translator","com.gaminik.i18n","com.google.ar.lens","com.niven.translator","com.deepl.mobiletranslator","ru.yandex.translate","com.youdao.hindict","com.tap_to_translate.snap_translate","com.niven.game","com.zaz.translate","com.naver.labs.translator","com.screen.translate.google","at.nk.tools.iTranslate","com.google.android.inputmethod.latin","com.eecorp.linguago","com.niven.apptranslate"]},{"rank":{"index":2,"lang":"de","country":"de","chineseCountryName":"德国","pkg":"com.spaceship.screen.textcopy"},"orders":["com.recognize_text.translate.screen","com.spaceship.screen.textcopy","com.newmg.yurao.pro","com.gaminik.i18n","com.google.android.apps.translate","com.microsoft.translator","com.niven.translator","ru.yandex.translate","com.deepl.mobiletranslator","com.tap_to_translate.snap_translate","com.niven.game","com.google.ar.lens"]},{"rank":{"index":2,"lang":"it","country":"it","chineseCountryName":"意大利","pkg":"com.spaceship.screen.textcopy"},"orders":["com.recognize_text.translate.screen","com.spaceship.screen.textcopy","com.newmg.yurao.pro","com.gaminik.i18n","com.google.android.apps.translate","com.microsoft.translator","com.niven.translator","com.tap_to_translate.snap_translate","com.niven.game","com.deepl.mobiletranslator","com.google.ar.lens","ru.yandex.translate","com.tangdi.baiguotong"]},{"rank":{"index":2,"lang":"ja","country":"jp","chineseCountryName":"日本","pkg":"com.spaceship.screen.textcopy"},"orders":["com.recognize_text.translate.screen","com.spaceship.screen.textcopy","com.newmg.yurao.pro","com.gaminik.i18n","com.google.android.apps.translate","com.microsoft.translator","com.google.ar.lens","com.deepl.mobiletranslator","com.tap_to_translate.snap_translate","ru.yandex.translate","com.naver.labs.translator","com.niven.translator","com.niven.game","com.immersivetranslate.browser"]},{"rank":{"index":2,"lang":"ko","country":"kr","chineseCountryName":"韩国","pkg":"com.spaceship.screen.textcopy"},"orders":["com.recognize_text.translate.screen","com.spaceship.screen.textcopy","com.newmg.yurao.pro","com.gaminik.i18n","com.google.android.apps.translate","com.niven.translator","com.tap_to_translate.snap_translate","com.microsoft.translator","com.niven.game","com.naver.labs.translator","com.immersivetranslate.browser","com.eecorp.linguago","ru.yandex.translate","com.deepl.mobiletranslator","com.niven.apptranslate","com.screen.translate.google","com.google.ar.lens","at.nk.tools.iTranslate","com.translate.talkingtranslator","com.instagram.android"]},{"rank":{"index":1,"lang":"zh-hk","country":"hk","chineseCountryName":"香港","pkg":"com.spaceship.screen.textcopy"},"orders":["com.spaceship.screen.textcopy","com.recognize_text.translate.screen","com.newmg.yurao.pro","com.gaminik.i18n","com.google.android.apps.translate","com.microsoft.translator","com.niven.translator","com.tap_to_translate.snap_translate","ru.yandex.translate"]},{"rank":{"index":2,"lang":"zh-tw","country":"tw","chineseCountryName":"台湾","pkg":"com.spaceship.screen.textcopy"},"orders":["com.recognize_text.translate.screen","com.spaceship.screen.textcopy","com.newmg.yurao.pro","com.gaminik.i18n","com.google.android.apps.translate","com.microsoft.translator","com.niven.translator","com.tap_to_translate.snap_translate","ru.yandex.translate","com.niven.game","com.deepl.mobiletranslator","com.immersivetranslate.browser","com.naver.labs.translator"]},{"rank":{"index":3,"lang":"en","country":"in","chineseCountryName":"印度","pkg":"com.spaceship.screen.textcopy"},"orders":["com.recognize_text.translate.screen","com.google.android.apps.translate","com.spaceship.screen.textcopy","com.newmg.yurao.pro","com.gaminik.i18n","com.microsoft.translator"]},{"rank":{"index":2,"lang":"id","country":"id","chineseCountryName":"印尼","pkg":"com.spaceship.screen.textcopy"},"orders":["com.recognize_text.translate.screen","com.spaceship.screen.textcopy","com.tap_to_translate.snap_translate","com.gaminik.i18n","com.google.android.apps.translate","com.youdao.hindict","com.newmg.yurao.pro","com.niven.translator","com.niven.game","com.microsoft.translator","com.deepl.mobiletranslator","com.naver.labs.translator"]},{"rank":{"index":2,"lang":"es-mx","country":"mx","chineseCountryName":"墨西哥","pkg":"com.spaceship.screen.textcopy"},"orders":["com.recognize_text.translate.screen","com.spaceship.screen.textcopy","com.google.android.apps.translate","com.newmg.yurao.pro"]}]