[{"rank":{"index":2,"lang":"en-us","country":"us","chineseCountryName":"美国","pkg":"com.spaceship.screen.textcopy"},"orders":["com.recognize_text.translate.screen","com.spaceship.screen.textcopy","com.tap_to_translate.snap_translate","com.google.android.apps.translate","com.microsoft.translator","com.newmg.yurao.pro","com.gaminik.i18n","com.niven.translator","com.screen.translate.google","com.immersivetranslate.browser","com.naver.labs.translator","com.niven.game","com.deepl.mobiletranslator","ru.yandex.translate","link.zhidou.btranslator"]},{"rank":{"index":0,"lang":"ru","country":"ru","chineseCountryName":"俄罗斯","pkg":"com.spaceship.screen.textcopy"},"orders":["com.recognize_text.translate.screen","com.niven.translator","com.tap_to_translate.snap_translate","com.newmg.yurao.pro","com.gaminik.i18n","com.screen.translate.google","ru.yandex.translate","com.microsoft.translator","com.niven.game","com.niven.apptranslate","com.immersivetranslate.browser","com.google.android.apps.translate","com.deepl.mobiletranslator","com.eecorp.linguago"]},{"rank":{"index":2,"lang":"pt-br","country":"br","chineseCountryName":"巴西","pkg":"com.spaceship.screen.textcopy"},"orders":["com.recognize_text.translate.screen","com.spaceship.screen.textcopy","com.tap_to_translate.snap_translate","com.gaminik.i18n","com.newmg.yurao.pro","com.google.android.apps.translate","com.deepl.mobiletranslator","at.nk.tools.iTranslate","com.zaz.translate","ru.yandex.translate","com.immersivetranslate.browser","com.google.ar.lens","com.tangdi.baiguotong","com.voice_camera_free_translate","link.zhidou.btranslator","com.paninitranslate","com.niven.translator","com.screen.translate.google","com.niven.apptranslate","com.translate.talkingtranslator"]},{"rank":{"index":2,"lang":"fr","country":"fr","chineseCountryName":"法国","pkg":"com.spaceship.screen.textcopy"},"orders":["com.recognize_text.translate.screen","com.spaceship.screen.textcopy","com.tap_to_translate.snap_translate","com.newmg.yurao.pro","com.gaminik.i18n","com.niven.translator","com.screen.translate.google","com.microsoft.translator","com.niven.apptranslate","com.immersivetranslate.browser","com.google.android.apps.translate","com.deepl.mobiletranslator","ru.yandex.translate","com.niven.game","com.naver.labs.translator","at.nk.tools.iTranslate","com.yoyodev.screentranslate","com.zaz.translate","com.tangdi.baiguotong","com.voice_camera_free_translate"]},{"rank":{"index":2,"lang":"en-gb","country":"gb","chineseCountryName":"英国","pkg":"com.spaceship.screen.textcopy"},"orders":["com.recognize_text.translate.screen","com.spaceship.screen.textcopy","com.newmg.yurao.pro","com.microsoft.translator","com.gaminik.i18n","com.screen.translate.google","com.niven.translator","com.tap_to_translate.snap_translate","com.google.android.apps.translate","com.immersivetranslate.browser","com.zaz.translate","com.deepl.mobiletranslator","com.niven.game","ru.yandex.translate","com.niven.apptranslate","com.naver.labs.translator","at.nk.tools.iTranslate","com.yoyodev.screentranslate","com.tangdi.baiguotong","link.zhidou.btranslator"]},{"rank":{"index":2,"lang":"de","country":"de","chineseCountryName":"德国","pkg":"com.spaceship.screen.textcopy"},"orders":["com.recognize_text.translate.screen","com.spaceship.screen.textcopy","com.newmg.yurao.pro","com.screen.translate.google","com.niven.translator","com.gaminik.i18n","com.microsoft.translator","com.tap_to_translate.snap_translate","com.immersivetranslate.browser","com.deepl.mobiletranslator","com.google.android.apps.translate","com.niven.apptranslate","com.niven.game","at.nk.tools.iTranslate","ru.yandex.translate","com.tangdi.baiguotong","com.zaz.translate","com.yoyodev.screentranslate","com.eecorp.linguago","com.translate.talkingtranslator"]},{"rank":{"index":2,"lang":"it","country":"it","chineseCountryName":"意大利","pkg":"com.spaceship.screen.textcopy"},"orders":["com.recognize_text.translate.screen","com.spaceship.screen.textcopy","com.tap_to_translate.snap_translate","com.gaminik.i18n","com.niven.translator","com.newmg.yurao.pro","com.screen.translate.google","com.microsoft.translator","com.niven.game","com.deepl.mobiletranslator","com.immersivetranslate.browser","com.niven.apptranslate","com.google.android.apps.translate","com.tangdi.baiguotong","at.nk.tools.iTranslate","com.voice_camera_free_translate","com.zaz.translate","com.paninitranslate","ru.yandex.translate","com.yoyodev.screentranslate"]},{"rank":{"index":2,"lang":"ja","country":"jp","chineseCountryName":"日本","pkg":"com.spaceship.screen.textcopy"},"orders":["com.recognize_text.translate.screen","com.spaceship.screen.textcopy","com.tap_to_translate.snap_translate","com.gaminik.i18n","com.newmg.yurao.pro","com.microsoft.translator","com.niven.translator","com.screen.translate.google","com.immersivetranslate.browser","com.deepl.mobiletranslator","com.naver.labs.translator","com.google.android.apps.translate"]},{"rank":{"index":3,"lang":"ko","country":"kr","chineseCountryName":"韩国","pkg":"com.spaceship.screen.textcopy"},"orders":["com.recognize_text.translate.screen","com.tap_to_translate.snap_translate","com.spaceship.screen.textcopy","com.newmg.yurao.pro","com.gaminik.i18n","com.niven.translator","com.screen.translate.google","com.niven.apptranslate","com.google.android.apps.translate","com.microsoft.translator","com.immersivetranslate.browser","com.naver.labs.translator","com.niven.game","com.voice_camera_free_translate","com.deepl.mobiletranslator","com.openai.chatgpt","com.eecorp.linguago","com.facebook.katana","com.microsoft.teams","com.facebook.orca"]},{"rank":{"index":2,"lang":"zh-hk","country":"hk","chineseCountryName":"香港","pkg":"com.spaceship.screen.textcopy"},"orders":["com.recognize_text.translate.screen","com.spaceship.screen.textcopy","com.tap_to_translate.snap_translate","com.newmg.yurao.pro","com.screen.translate.google","com.gaminik.i18n","com.niven.translator","com.microsoft.translator","com.niven.apptranslate","com.google.android.apps.translate","com.immersivetranslate.browser","com.niven.game","com.voice_camera_free_translate","com.zaz.translate","com.naver.labs.translator","at.nk.tools.iTranslate","com.deepl.mobiletranslator","com.tangdi.baiguotong","com.eecorp.linguago","ru.yandex.translate"]},{"rank":{"index":2,"lang":"zh-tw","country":"tw","chineseCountryName":"台湾","pkg":"com.spaceship.screen.textcopy"},"orders":["com.recognize_text.translate.screen","com.spaceship.screen.textcopy","com.newmg.yurao.pro","com.gaminik.i18n","com.screen.translate.google","com.niven.translator","com.tap_to_translate.snap_translate","com.microsoft.translator","com.niven.apptranslate","com.immersivetranslate.browser","com.niven.game","com.google.android.apps.translate","com.naver.labs.translator","com.deepl.mobiletranslator","at.nk.tools.iTranslate","com.tangdi.baiguotong","com.zaz.translate","com.eecorp.linguago","com.openai.chatgpt","ru.yandex.translate"]},{"rank":{"index":2,"lang":"en","country":"in","chineseCountryName":"印度","pkg":"com.spaceship.screen.textcopy"},"orders":["com.recognize_text.translate.screen","com.spaceship.screen.textcopy","com.newmg.yurao.pro","com.google.android.apps.translate"]},{"rank":{"index":3,"lang":"id","country":"id","chineseCountryName":"印尼","pkg":"com.spaceship.screen.textcopy"},"orders":["com.recognize_text.translate.screen","com.tap_to_translate.snap_translate","com.spaceship.screen.textcopy","com.niven.translator","com.newmg.yurao.pro","com.gaminik.i18n","com.screen.translate.google","com.niven.game","com.niven.apptranslate","com.google.android.apps.translate","com.microsoft.translator","com.deepl.mobiletranslator","com.immersivetranslate.browser","com.eecorp.linguago","com.naver.labs.translator"]},{"rank":{"index":2,"lang":"es-mx","country":"mx","chineseCountryName":"墨西哥","pkg":"com.spaceship.screen.textcopy"},"orders":["com.recognize_text.translate.screen","com.spaceship.screen.textcopy","com.tap_to_translate.snap_translate","com.newmg.yurao.pro","com.gaminik.i18n","com.google.android.apps.translate","at.nk.tools.iTranslate","com.deepl.mobiletranslator","com.zaz.translate","ru.yandex.translate","com.naver.labs.translator","com.translate.talkingtranslator","com.immersivetranslate.browser","com.softissimo.reverso.context","com.ticktalk.translatevoice","com.tangdi.baiguotong","com.niven.translator","com.screen.translate.google","com.niven.apptranslate","com.google.ar.lens"]}]