[{"rank":{"index":2,"lang":"en-us","country":"us","chineseCountryName":"美国","pkg":"com.spaceship.screen.textcopy"},"orders":["com.recognize_text.translate.screen","com.spaceship.screen.textcopy","com.tap_to_translate.snap_translate","com.google.android.apps.translate","com.newmg.yurao.pro","com.screen.translate.google","com.niven.translator","com.gaminik.i18n","com.microsoft.translator","com.immersivetranslate.browser","com.niven.game","com.naver.labs.translator","com.yoyodev.screentranslate","com.zaz.translate","at.nk.tools.iTranslate","com.niven.apptranslate","com.deepl.mobiletranslator","com.voice_camera_free_translate","ru.yandex.translate","com.mg.chat"]},{"rank":{"index":0,"lang":"ru","country":"ru","chineseCountryName":"俄罗斯","pkg":"com.spaceship.screen.textcopy"},"orders":["com.recognize_text.translate.screen","com.niven.translator","com.tap_to_translate.snap_translate","com.newmg.yurao.pro","com.gaminik.i18n","com.screen.translate.google","ru.yandex.translate","com.niven.game","com.google.android.apps.translate","com.microsoft.translator","com.niven.apptranslate","com.immersivetranslate.browser","com.deepl.mobiletranslator"]},{"rank":{"index":2,"lang":"pt-br","country":"br","chineseCountryName":"巴西","pkg":"com.spaceship.screen.textcopy"},"orders":["com.recognize_text.translate.screen","com.spaceship.screen.textcopy","com.tap_to_translate.snap_translate","com.gaminik.i18n","com.newmg.yurao.pro","com.google.android.apps.translate","com.deepl.mobiletranslator","com.zaz.translate","at.nk.tools.iTranslate","ru.yandex.translate","com.naver.labs.translator","com.translate.talkingtranslator","com.google.ar.lens","com.softissimo.reverso.context","jp.go.nict.voicetra","com.niven.translator","com.screen.translate.google","com.niven.game","com.niven.apptranslate","com.ticktalk.translatevoice"]},{"rank":{"index":2,"lang":"fr","country":"fr","chineseCountryName":"法国","pkg":"com.spaceship.screen.textcopy"},"orders":["com.recognize_text.translate.screen","com.spaceship.screen.textcopy","com.tap_to_translate.snap_translate","com.newmg.yurao.pro","com.gaminik.i18n","com.niven.translator","com.screen.translate.google","com.google.android.apps.translate","com.microsoft.translator","com.immersivetranslate.browser","com.niven.apptranslate","com.deepl.mobiletranslator","com.voice_camera_free_translate","com.niven.game","com.zaz.translate","ru.yandex.translate","at.nk.tools.iTranslate","com.yoyodev.screentranslate","com.translate.talkingtranslator","com.tangdi.baiguotong"]},{"rank":{"index":2,"lang":"en-gb","country":"gb","chineseCountryName":"英国","pkg":"com.spaceship.screen.textcopy"},"orders":["com.recognize_text.translate.screen","com.spaceship.screen.textcopy","com.newmg.yurao.pro","com.google.android.apps.translate","com.gaminik.i18n","com.niven.translator","com.screen.translate.google","com.tap_to_translate.snap_translate","com.microsoft.translator","com.immersivetranslate.browser","com.zaz.translate","com.niven.game","com.niven.apptranslate","com.deepl.mobiletranslator","at.nk.tools.iTranslate","com.yoyodev.screentranslate","com.naver.labs.translator","ru.yandex.translate","com.tangdi.baiguotong","com.mg.chat"]},{"rank":{"index":2,"lang":"de","country":"de","chineseCountryName":"德国","pkg":"com.spaceship.screen.textcopy"},"orders":["com.recognize_text.translate.screen","com.spaceship.screen.textcopy","com.newmg.yurao.pro","com.screen.translate.google","com.niven.translator","com.gaminik.i18n","com.tap_to_translate.snap_translate","com.microsoft.translator","com.google.android.apps.translate","com.immersivetranslate.browser","com.deepl.mobiletranslator","com.niven.apptranslate","com.niven.game","com.zaz.translate","ru.yandex.translate","at.nk.tools.iTranslate","com.tangdi.baiguotong","com.yoyodev.screentranslate","com.eecorp.linguago","com.translate.talkingtranslator"]},{"rank":{"index":2,"lang":"it","country":"it","chineseCountryName":"意大利","pkg":"com.spaceship.screen.textcopy"},"orders":["com.recognize_text.translate.screen","com.spaceship.screen.textcopy","com.tap_to_translate.snap_translate","com.gaminik.i18n","com.newmg.yurao.pro","com.niven.translator","com.screen.translate.google","com.google.android.apps.translate","com.niven.game","com.microsoft.translator","com.immersivetranslate.browser","com.deepl.mobiletranslator","com.niven.apptranslate","com.voice_camera_free_translate","com.tangdi.baiguotong","com.zaz.translate","at.nk.tools.iTranslate","com.yoyodev.screentranslate","ru.yandex.translate","com.openai.chatgpt"]},{"rank":{"index":2,"lang":"ja","country":"jp","chineseCountryName":"日本","pkg":"com.spaceship.screen.textcopy"},"orders":["com.recognize_text.translate.screen","com.spaceship.screen.textcopy","com.tap_to_translate.snap_translate","com.gaminik.i18n","com.newmg.yurao.pro","com.niven.translator","com.screen.translate.google","com.microsoft.translator","com.google.android.apps.translate","com.immersivetranslate.browser","com.niven.apptranslate","com.naver.labs.translator","com.deepl.mobiletranslator","com.niven.game"]},{"rank":{"index":3,"lang":"ko","country":"kr","chineseCountryName":"韩国","pkg":"com.spaceship.screen.textcopy"},"orders":["com.recognize_text.translate.screen","com.tap_to_translate.snap_translate","com.spaceship.screen.textcopy","com.newmg.yurao.pro","com.gaminik.i18n","com.niven.translator","com.screen.translate.google","com.niven.game","com.niven.apptranslate","com.google.android.apps.translate","com.immersivetranslate.browser","com.naver.labs.translator","com.voice_camera_free_translate","com.microsoft.translator","com.deepl.mobiletranslator","com.openai.chatgpt","com.eecorp.linguago","com.facebook.katana","com.microsoft.teams","com.facebook.orca"]},{"rank":{"index":2,"lang":"zh-hk","country":"hk","chineseCountryName":"香港","pkg":"com.spaceship.screen.textcopy"},"orders":["com.recognize_text.translate.screen","com.spaceship.screen.textcopy","com.tap_to_translate.snap_translate","com.newmg.yurao.pro","com.gaminik.i18n","com.screen.translate.google","com.niven.translator","com.google.android.apps.translate","com.microsoft.translator","com.immersivetranslate.browser","com.niven.game","com.niven.apptranslate","com.voice_camera_free_translate","com.zaz.translate","at.nk.tools.iTranslate","com.yoyodev.screentranslate","com.tangdi.baiguotong","com.naver.labs.translator","com.deepl.mobiletranslator","com.eecorp.linguago"]},{"rank":{"index":2,"lang":"zh-tw","country":"tw","chineseCountryName":"台湾","pkg":"com.spaceship.screen.textcopy"},"orders":["com.recognize_text.translate.screen","com.spaceship.screen.textcopy","com.newmg.yurao.pro","com.gaminik.i18n","com.screen.translate.google","com.niven.translator","com.tap_to_translate.snap_translate","com.immersivetranslate.browser","com.niven.apptranslate","com.google.android.apps.translate","com.microsoft.translator","com.niven.game","com.tangdi.baiguotong","com.zaz.translate","com.deepl.mobiletranslator","com.naver.labs.translator","com.yoyodev.screentranslate","at.nk.tools.iTranslate","com.eecorp.linguago","com.openai.chatgpt"]},{"rank":{"index":2,"lang":"en","country":"in","chineseCountryName":"印度","pkg":"com.spaceship.screen.textcopy"},"orders":["com.recognize_text.translate.screen","com.spaceship.screen.textcopy","com.newmg.yurao.pro","com.google.android.apps.translate"]},{"rank":{"index":3,"lang":"id","country":"id","chineseCountryName":"印尼","pkg":"com.spaceship.screen.textcopy"},"orders":["com.recognize_text.translate.screen","com.tap_to_translate.snap_translate","com.spaceship.screen.textcopy","com.niven.translator","com.screen.translate.google","com.newmg.yurao.pro","com.gaminik.i18n","com.niven.game","com.google.android.apps.translate","com.deepl.mobiletranslator","com.niven.apptranslate","com.immersivetranslate.browser","com.microsoft.translator","com.youdao.hindict"]},{"rank":{"index":2,"lang":"es-mx","country":"mx","chineseCountryName":"墨西哥","pkg":"com.spaceship.screen.textcopy"},"orders":["com.recognize_text.translate.screen","com.spaceship.screen.textcopy","com.tap_to_translate.snap_translate","com.newmg.yurao.pro","com.gaminik.i18n","com.google.android.apps.translate","at.nk.tools.iTranslate","com.zaz.translate","com.deepl.mobiletranslator","ru.yandex.translate","com.translate.talkingtranslator","com.naver.labs.translator","com.tangdi.baiguotong","com.google.ar.lens","com.softissimo.reverso.context","com.niven.translator","com.screen.translate.google","com.niven.game","com.niven.apptranslate","jp.go.nict.voicetra"]}]