[{"rank":{"index":2,"lang":"en-us","country":"us","chineseCountryName":"美国","pkg":"com.spaceship.screen.textcopy"},"orders":["com.recognize_text.translate.screen","com.spaceship.screen.textcopy","com.google.android.apps.translate","com.tap_to_translate.snap_translate","com.gaminik.i18n","com.microsoft.translator","com.niven.translator","com.niven.comic","com.niven.game","com.newmg.yurao.pro","com.zaz.translate","com.youdao.hindict","com.deepl.mobiletranslator","com.niven.apptranslate","com.screen.translate.google","com.naver.labs.translator","com.mobisystems.msdict.embedded.wireless.collins.ee","screen.translator.voice.translate","com.mg.chat","com.nordicwise.translator"]},{"rank":{"index":2,"lang":"ru","country":"ru","chineseCountryName":"俄罗斯","pkg":"com.spaceship.screen.textcopy"},"orders":["com.recognize_text.translate.screen","com.spaceship.screen.textcopy","com.tap_to_translate.snap_translate","com.gaminik.i18n","com.niven.translator","com.niven.game","com.niven.comic","com.newmg.yurao.pro","ru.yandex.translate","com.screen.translate.google","com.google.android.apps.translate","com.niven.apptranslate","screen.translator.voice.translate","com.eecorp.linguago","com.microsoft.translator","com.deepl.mobiletranslator","com.mg.chat","com.ticktalk.translatevoice","com.chat_translate.screen_translate","com.flitto.app"]},{"rank":{"index":2,"lang":"fr","country":"fr","chineseCountryName":"法国","pkg":"com.spaceship.screen.textcopy"},"orders":["com.recognize_text.translate.screen","com.spaceship.screen.textcopy","com.tap_to_translate.snap_translate","com.gaminik.i18n","com.niven.game","com.niven.translator","com.newmg.yurao.pro","com.niven.comic","com.screen.translate.google","com.google.android.apps.translate","com.microsoft.translator","com.niven.apptranslate","com.deepl.mobiletranslator","com.youdao.hindict","com.softissimo.reverso.context","com.facebook.orca","com.duolingo","com.zaz.translate","com.canva.editor","com.android.chrome"]},{"rank":{"index":2,"lang":"en-gb","country":"gb","chineseCountryName":"英国","pkg":"com.spaceship.screen.textcopy"},"orders":["com.recognize_text.translate.screen","com.spaceship.screen.textcopy","com.google.android.apps.translate","com.gaminik.i18n","com.microsoft.translator","com.niven.translator","com.tap_to_translate.snap_translate","com.niven.comic","com.niven.game","com.youdao.hindict","com.zaz.translate","com.newmg.yurao.pro","com.niven.apptranslate","com.deepl.mobiletranslator","com.screen.translate.google","com.datacomprojects.scanandtranslate","screen.translator.voice.translate","com.nordicwise.translator","com.flitto.app","com.eecorp.linguago"]},{"rank":{"index":2,"lang":"de","country":"de","chineseCountryName":"德国","pkg":"com.spaceship.screen.textcopy"},"orders":["com.recognize_text.translate.screen","com.spaceship.screen.textcopy","com.gaminik.i18n","com.tap_to_translate.snap_translate","com.newmg.yurao.pro","com.niven.translator","com.niven.game","com.microsoft.translator","com.niven.comic","com.screen.translate.google","com.deepl.mobiletranslator","com.google.android.apps.translate","com.niven.apptranslate","com.youdao.hindict","com.softissimo.reverso.context","com.google.android.apps.photos","com.android.chrome","com.facebook.orca","ru.yandex.translate","com.discord"]},{"rank":{"index":2,"lang":"it","country":"it","chineseCountryName":"意大利","pkg":"com.spaceship.screen.textcopy"},"orders":["com.recognize_text.translate.screen","com.spaceship.screen.textcopy","com.gaminik.i18n","com.niven.game","com.tap_to_translate.snap_translate","com.niven.translator","com.niven.comic","com.screen.translate.google","com.newmg.yurao.pro","com.niven.apptranslate","com.google.android.apps.translate","com.microsoft.translator","com.deepl.mobiletranslator","com.facebook.orca","com.discord","com.google.android.apps.photos","com.canva.editor","com.android.chrome","us.zoom.videomeetings","com.duolingo"]},{"rank":{"index":2,"lang":"ja","country":"jp","chineseCountryName":"日本","pkg":"com.spaceship.screen.textcopy"},"orders":["com.recognize_text.translate.screen","com.spaceship.screen.textcopy","com.gaminik.i18n","com.niven.game","com.niven.translator","com.tap_to_translate.snap_translate","com.niven.comic","com.niven.apptranslate","com.google.android.apps.translate","com.screen.translate.google","com.newmg.yurao.pro","com.deepl.mobiletranslator","com.naver.labs.translator","com.microsoft.translator","com.android.chrome","com.facebook.orca","com.duolingo","com.google.android.apps.maps","com.discord","us.zoom.videomeetings"]},{"rank":{"index":2,"lang":"ko","country":"kr","chineseCountryName":"韩国","pkg":"com.spaceship.screen.textcopy"},"orders":["com.recognize_text.translate.screen","com.spaceship.screen.textcopy","com.tap_to_translate.snap_translate","com.gaminik.i18n","com.niven.apptranslate","com.niven.game","com.niven.comic","com.niven.translator","com.screen.translate.google","com.newmg.yurao.pro","com.google.android.apps.translate","com.naver.labs.translator","com.facebook.orca","us.zoom.videomeetings","com.discord","com.android.chrome","com.duolingo","com.google.android.apps.photos","com.google.android.apps.docs","com.deepl.mobiletranslator"]},{"rank":{"index":2,"lang":"zh-hk","country":"hk","chineseCountryName":"香港","pkg":"com.spaceship.screen.textcopy"},"orders":["com.recognize_text.translate.screen","com.spaceship.screen.textcopy","com.gaminik.i18n","com.tap_to_translate.snap_translate","com.niven.game","com.niven.translator","com.screen.translate.google","com.newmg.yurao.pro","com.google.android.apps.translate","com.niven.comic","com.niven.apptranslate","com.microsoft.translator","com.android.chrome","com.facebook.orca","com.google.android.apps.maps","com.deepl.mobiletranslator","com.discord","us.zoom.videomeetings","com.google.android.apps.photos","com.duolingo"]},{"rank":{"index":2,"lang":"zh-tw","country":"tw","chineseCountryName":"台湾","pkg":"com.spaceship.screen.textcopy"},"orders":["com.recognize_text.translate.screen","com.spaceship.screen.textcopy","com.tap_to_translate.snap_translate","com.gaminik.i18n","com.niven.translator","com.niven.game","com.niven.comic","com.google.android.apps.translate","com.newmg.yurao.pro","com.screen.translate.google","com.niven.apptranslate","com.microsoft.translator","com.youdao.hindict","com.deepl.mobiletranslator","screen.translator.voice.translate","com.naver.labs.translator","com.eecorp.linguago","com.mg.subtitle.google","com.translate.talkingtranslator","com.mg.chat"]},{"rank":{"index":2,"lang":"en","country":"in","chineseCountryName":"印度","pkg":"com.spaceship.screen.textcopy"},"orders":["com.recognize_text.translate.screen","com.spaceship.screen.textcopy","com.newmg.yurao.pro","com.google.android.apps.translate","com.screen.translate.google","screen.translator.voice.translate","com.tap_to_translate.snap_translate","com.niven.translator","com.zaz.translate","com.niven.comic","com.niven.game","com.eecorp.linguago","com.microsoft.translator","com.niven.apptranslate","com.google.android.inputmethod.latin","com.duolingo","com.android.chrome","com.google.android.apps.docs","com.google.android.dialer","com.gaminik.i18n"]},{"rank":{"index":2,"lang":"id","country":"id","chineseCountryName":"印尼","pkg":"com.spaceship.screen.textcopy"},"orders":["com.recognize_text.translate.screen","com.spaceship.screen.textcopy","com.tap_to_translate.snap_translate","com.gaminik.i18n","com.niven.translator","com.niven.game","com.niven.comic","com.newmg.yurao.pro","com.youdao.hindict","com.google.android.apps.translate","com.screen.translate.google","com.niven.apptranslate","com.eecorp.linguago","com.deepl.mobiletranslator","com.naver.labs.translator"]},{"rank":{"index":2,"lang":"es-mx","country":"mx","chineseCountryName":"墨西哥","pkg":"com.spaceship.screen.textcopy"},"orders":["com.recognize_text.translate.screen","com.spaceship.screen.textcopy","com.tap_to_translate.snap_translate","com.niven.game","com.google.android.apps.translate","com.youdao.hindict","com.niven.comic","com.microsoft.translator","com.zaz.translate","free.language.translate.translator","at.nk.tools.iTranslate","com.deepl.mobiletranslator","com.screen.translate.google","com.duolingo","com.naver.labs.translator","com.newmg.yurao.pro","com.google.ar.lens","ru.yandex.translate","com.niven.translator","com.gaminik.i18n"]}]