[{"rank":{"index":2,"lang":"en-us","country":"us","chineseCountryName":"美国","pkg":"com.spaceship.screen.textcopy"},"orders":["com.recognize_text.translate.screen","com.spaceship.screen.textcopy","com.niven.translator","com.microsoft.translator","com.google.android.apps.translate","com.gaminik.i18n","com.tap_to_translate.snap_translate","com.niven.game","com.newmg.yurao.pro","at.nk.tools.iTranslate","com.niven.comic","com.tangdi.baiguotong","com.galaxy.airviewdictionary","com.translate.talkingtranslator","com.naver.labs.translator","com.screen.translate.google","com.softissimo.reverso.context","com.eecorp.taptranslator","com.zaz.translate","com.sayhi.android.sayhitranslate"]},{"rank":{"index":2,"lang":"ru","country":"ru","chineseCountryName":"俄罗斯","pkg":"com.spaceship.screen.textcopy"},"orders":["com.recognize_text.translate.screen","com.spaceship.screen.textcopy","com.tap_to_translate.snap_translate","com.niven.translator","com.microsoft.translator","com.niven.game","com.gaminik.i18n","ru.yandex.translate","com.newmg.yurao.pro","com.niven.comic","com.screen.translate.google","at.nk.tools.iTranslate","com.google.android.apps.translate","com.translate.language.translator.voice.translation","com.tangdi.baiguotong","com.wooask.zx","com.deepl.mobiletranslator","com.audacityittranslator.translatetexttranslator","com.softissimo.reverso.context","com.galaxy.airviewdictionary"]},{"rank":{"index":2,"lang":"pt-br","country":"br","chineseCountryName":"巴西","pkg":"com.spaceship.screen.textcopy"},"orders":["com.recognize_text.translate.screen","com.spaceship.screen.textcopy","com.tap_to_translate.snap_translate","com.niven.translator","com.gaminik.i18n","com.niven.game","com.niven.comic","com.newmg.yurao.pro","com.microsoft.translator","com.galaxy.airviewdictionary","com.eecorp.taptranslator","com.screen.translate.google","com.google.android.apps.translate","com.audacityittranslator.translatetexttranslator","com.facebook.orca","com.android.chrome","com.google.android.apps.photos","com.google.android.apps.maps","com.discord","at.nk.tools.iTranslate"]},{"rank":{"index":2,"lang":"fr","country":"fr","chineseCountryName":"法国","pkg":"com.spaceship.screen.textcopy"},"orders":["com.recognize_text.translate.screen","com.spaceship.screen.textcopy","com.tap_to_translate.snap_translate","com.gaminik.i18n","com.niven.translator","com.microsoft.translator","com.niven.game","com.niven.comic","com.tangdi.baiguotong","com.newmg.yurao.pro","com.google.android.apps.translate","com.audacityittranslator.translatetexttranslator","com.screen.translate.google","at.nk.tools.iTranslate","com.eecorp.taptranslator","com.facebook.orca","com.galaxy.airviewdictionary","com.niven.apptranslate","com.deepl.mobiletranslator","com.discord"]},{"rank":{"index":2,"lang":"en-gb","country":"gb","chineseCountryName":"英国","pkg":"com.spaceship.screen.textcopy"},"orders":["com.recognize_text.translate.screen","com.spaceship.screen.textcopy","com.tap_to_translate.snap_translate","com.gaminik.i18n","com.microsoft.translator","com.google.android.apps.translate","com.niven.translator","com.niven.game","at.nk.tools.iTranslate","com.tangdi.baiguotong","com.softissimo.reverso.context","com.niven.comic","com.zaz.translate","com.translate.talkingtranslator","com.wooask.zx","com.b1b.translator.voicetranslate.alllanguages.translator.app","com.sayhi.android.sayhitranslate","com.translate.language.translator.voice.translation","com.newmg.yurao.pro","com.language.translate.free.translator.voice.translation"]},{"rank":{"index":2,"lang":"de","country":"de","chineseCountryName":"德国","pkg":"com.spaceship.screen.textcopy"},"orders":["com.recognize_text.translate.screen","com.spaceship.screen.textcopy","com.microsoft.translator","com.niven.translator","com.gaminik.i18n","com.tap_to_translate.snap_translate","com.niven.game","com.niven.comic","com.newmg.yurao.pro","com.tangdi.baiguotong","com.audacityittranslator.translatetexttranslator","com.google.android.apps.translate","at.nk.tools.iTranslate","com.softissimo.reverso.context","com.screen.translate.google","com.deepl.mobiletranslator","com.translate.talkingtranslator","com.galaxy.airviewdictionary","com.screen.translator.text.recognize","com.eecorp.taptranslator"]},{"rank":{"index":2,"lang":"it","country":"it","chineseCountryName":"意大利","pkg":"com.spaceship.screen.textcopy"},"orders":["com.recognize_text.translate.screen","com.spaceship.screen.textcopy","com.niven.translator","com.gaminik.i18n","com.tap_to_translate.snap_translate","com.niven.game","com.microsoft.translator","com.niven.comic","com.tangdi.baiguotong","com.google.android.apps.translate","com.newmg.yurao.pro","com.galaxy.airviewdictionary","at.nk.tools.iTranslate","com.screen.translate.google","com.screen.translator.text.recognize","com.audacityittranslator.translatetexttranslator","com.softissimo.reverso.context","com.eecorp.taptranslator","com.facebook.orca","com.discord"]},{"rank":{"index":2,"lang":"ja","country":"jp","chineseCountryName":"日本","pkg":"com.spaceship.screen.textcopy"},"orders":["com.recognize_text.translate.screen","com.spaceship.screen.textcopy","com.niven.translator","com.niven.game","com.gaminik.i18n","com.tap_to_translate.snap_translate","com.microsoft.translator","com.newmg.yurao.pro","com.niven.comic","com.galaxy.airviewdictionary","com.google.android.apps.translate","com.tangdi.baiguotong","com.naver.labs.translator","com.facebook.orca","com.discord","com.screen.translate.google","com.screen.translator.text.recognize","com.google.ar.lens","com.android.chrome","com.google.android.apps.maps"]},{"rank":{"index":1,"lang":"ko","country":"kr","chineseCountryName":"韩国","pkg":"com.spaceship.screen.textcopy"},"orders":["com.spaceship.screen.textcopy","com.recognize_text.translate.screen","com.tap_to_translate.snap_translate","com.microsoft.translator","com.niven.translator","com.gaminik.i18n","com.niven.game","com.google.android.apps.translate","com.naver.labs.translator","com.niven.comic","at.nk.tools.iTranslate","com.newmg.yurao.pro","com.b1b.translator.voicetranslate.alllanguages.translator.app","com.screen.translate.google","com.datacomprojects.scanandtranslate","com.translate.talkingtranslator","com.eecorp.taptranslator","com.softissimo.reverso.context","com.translate.language.translator.voice.translation","com.audacityittranslator.translatetexttranslator"]},{"rank":{"index":2,"lang":"zh-hk","country":"hk","chineseCountryName":"香港","pkg":"com.spaceship.screen.textcopy"},"orders":["com.recognize_text.translate.screen","com.spaceship.screen.textcopy","com.microsoft.translator","com.gaminik.i18n","com.niven.translator","com.niven.game","com.tap_to_translate.snap_translate","com.tangdi.baiguotong","com.niven.comic","at.nk.tools.iTranslate","com.google.android.apps.translate","com.newmg.yurao.pro","com.galaxy.airviewdictionary","com.screen.translate.google","com.naver.labs.translator","com.audacityittranslator.translatetexttranslator","com.translate.language.translator.voice.translation","com.b1b.translator.voicetranslate.alllanguages.translator.app","com.screen.translator.text.recognize","com.translate.talkingtranslator"]},{"rank":{"index":2,"lang":"zh-tw","country":"tw","chineseCountryName":"台湾","pkg":"com.spaceship.screen.textcopy"},"orders":["com.recognize_text.translate.screen","com.spaceship.screen.textcopy","com.microsoft.translator","com.gaminik.i18n","com.tap_to_translate.snap_translate","com.niven.game","com.niven.translator","com.tangdi.baiguotong","com.niven.comic","at.nk.tools.iTranslate","com.newmg.yurao.pro","com.google.android.apps.translate","com.translate.language.translator.voice.translation","com.galaxy.airviewdictionary","com.screen.translate.google","com.audacityittranslator.translatetexttranslator","com.b1b.translator.voicetranslate.alllanguages.translator.app","com.naver.labs.translator","com.translate.talkingtranslator","com.language.translate.free.translator.voice.translation"]},{"rank":{"index":2,"lang":"en","country":"in","chineseCountryName":"印度","pkg":"com.spaceship.screen.textcopy"},"orders":["com.recognize_text.translate.screen","com.spaceship.screen.textcopy","com.tap_to_translate.snap_translate","com.google.android.apps.translate","com.newmg.yurao.pro","com.niven.translator","com.niven.game","com.zaz.translate","at.nk.tools.iTranslate","com.microsoft.translator"]},{"rank":{"index":2,"lang":"id","country":"id","chineseCountryName":"印尼","pkg":"com.spaceship.screen.textcopy"},"orders":["com.recognize_text.translate.screen","com.spaceship.screen.textcopy","com.tap_to_translate.snap_translate","com.niven.translator","com.gaminik.i18n","com.niven.game","com.niven.comic","com.newmg.yurao.pro","com.youdao.hindict","com.eecorp.taptranslator","com.google.android.apps.translate","com.screen.translate.google","com.microsoft.translator","com.facebook.orca","com.android.chrome","com.audacityittranslator.translatetexttranslator"]},{"rank":{"index":2,"lang":"es-mx","country":"mx","chineseCountryName":"墨西哥","pkg":"com.spaceship.screen.textcopy"},"orders":["com.recognize_text.translate.screen","com.spaceship.screen.textcopy","com.niven.translator","com.niven.game","com.gaminik.i18n","com.tap_to_translate.snap_translate","com.microsoft.translator","com.niven.comic","com.newmg.yurao.pro","com.tangdi.baiguotong","at.nk.tools.iTranslate","com.screen.translate.google","com.google.android.apps.translate","com.audacityittranslator.translatetexttranslator","com.facebook.orca","com.eecorp.taptranslator","com.youdao.hindict","com.niven.apptranslate","com.language.translate.free.translator.voice.translation","com.android.chrome"]}]