[{"rank":{"index":2,"lang":"en-us","country":"us","chineseCountryName":"美国","pkg":"com.spaceship.screen.textcopy"},"orders":["com.recognize_text.translate.screen","com.spaceship.screen.textcopy","com.gaminik.i18n","com.google.android.apps.translate","com.tap_to_translate.snap_translate","com.screen.translate.google","com.niven.translator","com.microsoft.translator","com.niven.game","at.nk.tools.iTranslate","com.niven.apptranslate","com.newmg.yurao.pro","com.ticktalk.translatevoice","com.android.chrome","com.google.android.dialer","com.mobisystems.msdict.embedded.wireless.collins.ee","com.google.android.apps.maps","com.facebook.orca","us.zoom.videomeetings","com.google.android.apps.photos"]},{"rank":{"index":3,"lang":"ru","country":"ru","chineseCountryName":"俄罗斯","pkg":"com.spaceship.screen.textcopy"},"orders":["com.recognize_text.translate.screen","com.tap_to_translate.snap_translate","com.spaceship.screen.textcopy","com.niven.translator","com.gaminik.i18n","com.screen.translate.google","com.niven.game","com.newmg.yurao.pro","com.niven.apptranslate","com.niven.comic","ru.yandex.translate","com.google.android.apps.translate","screen.translator.voice.translate","us.zoom.videomeetings","com.android.chrome","com.google.android.apps.photos","com.discord","com.google.android.dialer","com.facebook.orca","com.truecaller"]},{"rank":{"index":2,"lang":"fr","country":"fr","chineseCountryName":"法国","pkg":"com.spaceship.screen.textcopy"},"orders":["com.recognize_text.translate.screen","com.spaceship.screen.textcopy","com.tap_to_translate.snap_translate","com.gaminik.i18n","com.niven.game","com.niven.translator","com.niven.apptranslate","com.google.android.apps.translate","com.microsoft.translator","com.niven.comic","com.newmg.yurao.pro","com.facebook.orca","us.zoom.videomeetings","com.android.chrome","com.discord","com.google.android.apps.photos","com.twitter.android","com.skype.raider","com.google.android.apps.maps","com.truecaller"]},{"rank":{"index":2,"lang":"en-gb","country":"gb","chineseCountryName":"英国","pkg":"com.spaceship.screen.textcopy"},"orders":["com.recognize_text.translate.screen","com.spaceship.screen.textcopy","com.gaminik.i18n","com.google.android.apps.translate","com.niven.translator","com.screen.translate.google","com.niven.game","com.microsoft.translator","com.tap_to_translate.snap_translate","at.nk.tools.iTranslate","com.niven.apptranslate","com.newmg.yurao.pro","com.ticktalk.translatevoice","com.niven.comic","com.mobisystems.msdict.embedded.wireless.collins.ee","com.aldoo.pdftranslatorpro","com.facebook.orca","com.android.chrome","us.zoom.videomeetings","com.google.android.apps.maps"]},{"rank":{"index":2,"lang":"de","country":"de","chineseCountryName":"德国","pkg":"com.spaceship.screen.textcopy"},"orders":["com.recognize_text.translate.screen","com.spaceship.screen.textcopy","com.gaminik.i18n","com.niven.apptranslate","com.niven.translator","com.niven.game","com.tap_to_translate.snap_translate","com.microsoft.translator","com.google.android.apps.translate","com.niven.comic","com.newmg.yurao.pro","at.nk.tools.iTranslate","com.screen.translate.google","com.facebook.orca","com.deepl.mobiletranslator","us.zoom.videomeetings","com.google.android.apps.photos","com.android.chrome","com.discord","com.skype.raider"]},{"rank":{"index":2,"lang":"it","country":"it","chineseCountryName":"意大利","pkg":"com.spaceship.screen.textcopy"},"orders":["com.recognize_text.translate.screen","com.spaceship.screen.textcopy","com.gaminik.i18n","com.niven.apptranslate","com.niven.game","com.niven.translator","com.tap_to_translate.snap_translate","com.google.android.apps.translate","com.niven.comic","com.microsoft.translator","com.facebook.orca","us.zoom.videomeetings","com.newmg.yurao.pro","com.screen.translate.google","com.google.android.apps.photos","com.discord","com.skype.raider","com.android.chrome","com.google.android.apps.maps","com.twitter.android"]},{"rank":{"index":2,"lang":"ja","country":"jp","chineseCountryName":"日本","pkg":"com.spaceship.screen.textcopy"},"orders":["com.recognize_text.translate.screen","com.spaceship.screen.textcopy","com.gaminik.i18n","com.niven.apptranslate","com.niven.translator","com.niven.game","com.google.android.apps.translate","com.tap_to_translate.snap_translate","com.microsoft.translator","com.newmg.yurao.pro","com.facebook.orca","com.android.chrome","us.zoom.videomeetings","com.niven.comic","com.google.android.apps.maps","com.discord","com.naver.labs.translator","com.twitter.android","com.deepl.mobiletranslator","com.amazon.kindle"]},{"rank":{"index":2,"lang":"ko","country":"kr","chineseCountryName":"韩国","pkg":"com.spaceship.screen.textcopy"},"orders":["com.recognize_text.translate.screen","com.spaceship.screen.textcopy","com.tap_to_translate.snap_translate","com.gaminik.i18n","com.niven.game","com.niven.translator","com.niven.apptranslate","com.niven.comic","com.google.android.apps.translate","com.newmg.yurao.pro","com.naver.labs.translator","com.android.chrome","com.screen.translate.google","com.facebook.orca","us.zoom.videomeetings","com.discord","com.google.android.apps.photos","com.twitter.android","com.duolingo","com.microsoft.translator"]},{"rank":{"index":2,"lang":"zh-hk","country":"hk","chineseCountryName":"香港","pkg":"com.spaceship.screen.textcopy"},"orders":["com.recognize_text.translate.screen","com.spaceship.screen.textcopy","com.gaminik.i18n","com.niven.game","com.niven.translator","com.niven.apptranslate","com.google.android.apps.translate","com.tap_to_translate.snap_translate","com.niven.comic","com.newmg.yurao.pro","com.screen.translate.google","com.facebook.orca","com.microsoft.translator","com.android.chrome","com.google.android.apps.maps","us.zoom.videomeetings","com.twitter.android","com.discord","com.google.android.apps.photos","com.skype.raider"]},{"rank":{"index":2,"lang":"zh-tw","country":"tw","chineseCountryName":"台湾","pkg":"com.spaceship.screen.textcopy"},"orders":["com.recognize_text.translate.screen","com.spaceship.screen.textcopy","com.gaminik.i18n","com.niven.apptranslate","com.tap_to_translate.snap_translate","com.niven.translator","com.niven.game","com.google.android.apps.translate","com.facebook.orca","com.screen.translate.google","com.niven.comic","com.android.chrome","com.microsoft.translator","com.google.android.apps.maps","com.twitter.android","com.newmg.yurao.pro","com.discord","us.zoom.videomeetings","com.skype.raider","com.google.android.apps.photos"]},{"rank":{"index":3,"lang":"en","country":"in","chineseCountryName":"印度","pkg":"com.spaceship.screen.textcopy"},"orders":["com.recognize_text.translate.screen","com.google.android.apps.translate","com.spaceship.screen.textcopy","com.tap_to_translate.snap_translate","com.newmg.yurao.pro","com.niven.game","com.microsoft.translator","com.niven.translator","at.nk.tools.iTranslate","com.ticktalk.translatevoice","com.zaz.translate","com.gaminik.i18n"]},{"rank":{"index":2,"lang":"id","country":"id","chineseCountryName":"印尼","pkg":"com.spaceship.screen.textcopy"},"orders":["com.recognize_text.translate.screen","com.spaceship.screen.textcopy","com.tap_to_translate.snap_translate","com.gaminik.i18n","com.niven.translator","com.niven.game","com.google.android.apps.translate","com.niven.apptranslate","us.zoom.videomeetings","com.android.chrome","com.facebook.orca","com.google.android.apps.photos","com.google.android.apps.docs"]},{"rank":{"index":2,"lang":"es-mx","country":"mx","chineseCountryName":"墨西哥","pkg":"com.spaceship.screen.textcopy"},"orders":["com.recognize_text.translate.screen","com.spaceship.screen.textcopy","com.tap_to_translate.snap_translate","com.google.android.apps.translate","com.microsoft.translator","com.youdao.hindict","com.niven.translator","com.niven.game","at.nk.tools.iTranslate","com.deepl.mobiletranslator","com.naver.labs.translator","com.ticktalk.translatevoice","com.niven.apptranslate","ru.yandex.translate","com.softissimo.reverso.context","com.translate.talkingtranslator","com.google.ar.lens","com.google.android.marvin.talkback","com.android.chrome","com.gaminik.i18n"]}]