[{"rank":{"index":2,"lang":"en-us","country":"us","chineseCountryName":"美国","pkg":"com.spaceship.screen.textcopy"},"orders":["com.recognize_text.translate.screen","com.spaceship.screen.textcopy","com.tap_to_translate.snap_translate","com.gaminik.i18n","com.google.android.apps.translate","com.screen.translate.google","com.niven.game","com.niven.translator","com.newmg.yurao.pro","com.deepl.mobiletranslator","com.microsoft.translator","com.naver.labs.translator","com.android.chrome","com.facebook.orca","com.duolingo","com.google.android.dialer","com.google.android.apps.maps","com.google.android.apps.photos","com.google.android.deskclock","com.discord"]},{"rank":{"index":2,"lang":"ru","country":"ru","chineseCountryName":"俄罗斯","pkg":"com.spaceship.screen.textcopy"},"orders":["com.recognize_text.translate.screen","com.spaceship.screen.textcopy","com.tap_to_translate.snap_translate","com.niven.translator","com.gaminik.i18n","com.niven.game","com.newmg.yurao.pro","com.screen.translate.google","com.google.android.apps.translate","com.deepl.mobiletranslator","com.facebook.orca","com.android.chrome","com.discord","us.zoom.videomeetings","com.truecaller","com.google.android.dialer","ru.yandex.translate","com.skype.raider","com.google.android.apps.photos","com.duolingo"]},{"rank":{"index":2,"lang":"fr","country":"fr","chineseCountryName":"法国","pkg":"com.spaceship.screen.textcopy"},"orders":["com.recognize_text.translate.screen","com.spaceship.screen.textcopy","com.tap_to_translate.snap_translate","com.gaminik.i18n","com.niven.game","com.niven.translator","com.screen.translate.google","com.google.android.apps.translate","com.newmg.yurao.pro","com.facebook.orca","com.discord","com.microsoft.office.outlook","com.canva.editor","com.amazon.kindle","com.truecaller","com.android.chrome","com.skype.raider","com.duolingo","com.google.android.apps.photos","com.ubercab"]},{"rank":{"index":2,"lang":"en-gb","country":"gb","chineseCountryName":"英国","pkg":"com.spaceship.screen.textcopy"},"orders":["com.recognize_text.translate.screen","com.spaceship.screen.textcopy","com.gaminik.i18n","com.google.android.apps.translate","com.niven.game","com.niven.translator","com.screen.translate.google","com.tap_to_translate.snap_translate","com.newmg.yurao.pro","com.deepl.mobiletranslator","com.facebook.orca","com.duolingo","com.android.chrome","com.amazon.kindle","com.google.android.apps.maps","com.ubercab","com.discord","com.truecaller","com.skype.raider","com.microsoft.office.outlook"]},{"rank":{"index":2,"lang":"de","country":"de","chineseCountryName":"德国","pkg":"com.spaceship.screen.textcopy"},"orders":["com.recognize_text.translate.screen","com.spaceship.screen.textcopy","com.tap_to_translate.snap_translate","com.gaminik.i18n","com.screen.translate.google","com.niven.game","com.niven.translator","com.google.android.apps.translate","com.newmg.yurao.pro","com.deepl.mobiletranslator","com.facebook.orca","com.discord","com.amazon.kindle","com.android.chrome","com.truecaller","com.skype.raider","com.microsoft.office.outlook","com.canva.editor","com.google.android.apps.photos","com.duolingo"]},{"rank":{"index":2,"lang":"it","country":"it","chineseCountryName":"意大利","pkg":"com.spaceship.screen.textcopy"},"orders":["com.recognize_text.translate.screen","com.spaceship.screen.textcopy","com.gaminik.i18n","com.niven.game","com.niven.translator","com.screen.translate.google","com.tap_to_translate.snap_translate","com.google.android.apps.translate","com.newmg.yurao.pro","com.deepl.mobiletranslator","com.facebook.orca","com.amazon.kindle","com.duolingo","com.discord","com.canva.editor","com.skype.raider","com.truecaller","com.android.chrome","com.google.android.apps.photos","com.microsoft.office.outlook"]},{"rank":{"index":2,"lang":"ja","country":"jp","chineseCountryName":"日本","pkg":"com.spaceship.screen.textcopy"},"orders":["com.recognize_text.translate.screen","com.spaceship.screen.textcopy","com.niven.game","com.gaminik.i18n","com.screen.translate.google","com.niven.translator","com.google.android.apps.translate","com.tap_to_translate.snap_translate","com.deepl.mobiletranslator","com.newmg.yurao.pro","com.facebook.orca","com.android.chrome","com.discord","com.amazon.kindle","com.google.android.apps.maps","com.naver.labs.translator","com.duolingo","com.google.android.deskclock","com.skype.raider","us.zoom.videomeetings"]},{"rank":{"index":2,"lang":"ko","country":"kr","chineseCountryName":"韩国","pkg":"com.spaceship.screen.textcopy"},"orders":["com.recognize_text.translate.screen","com.spaceship.screen.textcopy","com.tap_to_translate.snap_translate","com.gaminik.i18n","com.niven.game","com.niven.translator","com.screen.translate.google","com.google.android.apps.translate","com.newmg.yurao.pro","com.naver.labs.translator","com.facebook.orca","com.discord","com.deepl.mobiletranslator","com.android.chrome","us.zoom.videomeetings","com.duolingo","com.sec.android.app.sbrowser","com.ubercab","com.google.android.apps.youtube.creator","com.canva.editor"]},{"rank":{"index":2,"lang":"zh-hk","country":"hk","chineseCountryName":"香港","pkg":"com.spaceship.screen.textcopy"},"orders":["com.recognize_text.translate.screen","com.spaceship.screen.textcopy","com.tap_to_translate.snap_translate","com.gaminik.i18n","com.screen.translate.google","com.niven.game","com.niven.translator","com.google.android.apps.translate","com.facebook.orca","com.android.chrome","com.newmg.yurao.pro","com.google.android.apps.maps","com.discord","com.duolingo","us.zoom.videomeetings","com.skype.raider","com.ubercab","com.sec.android.app.sbrowser","com.google.android.apps.photos","com.microsoft.office.outlook"]},{"rank":{"index":2,"lang":"zh-tw","country":"tw","chineseCountryName":"台湾","pkg":"com.spaceship.screen.textcopy"},"orders":["com.recognize_text.translate.screen","com.spaceship.screen.textcopy","com.tap_to_translate.snap_translate","com.gaminik.i18n","com.screen.translate.google","com.niven.game","com.niven.translator","com.google.android.apps.translate","com.newmg.yurao.pro","com.facebook.orca","com.discord","com.android.chrome","com.duolingo","com.google.android.apps.maps","com.skype.raider","com.ubercab","com.openai.chatgpt","com.canva.editor","us.zoom.videomeetings","com.sec.android.app.sbrowser"]},{"rank":{"index":2,"lang":"id","country":"id","chineseCountryName":"印尼","pkg":"com.spaceship.screen.textcopy"},"orders":["com.recognize_text.translate.screen","com.spaceship.screen.textcopy","com.tap_to_translate.snap_translate","com.gaminik.i18n","com.niven.translator","com.screen.translate.google","com.niven.game","com.google.android.apps.translate","com.newmg.yurao.pro","com.android.chrome","com.facebook.orca","com.canva.editor","com.discord"]}]