[{"rank":{"index":2,"lang":"en-us","country":"us","chineseCountryName":"美国","pkg":"com.spaceship.screen.textcopy"},"orders":["com.recognize_text.translate.screen","com.spaceship.screen.textcopy","com.gaminik.i18n","com.tap_to_translate.snap_translate","com.mg.yurao.google","com.microsoft.translator","com.google.android.apps.translate","com.niven.game","com.niven.translator","com.eecorp.linguago","screen.translator.voice.translate","com.niven.comic","com.niven.apptranslate","com.translate.talkingtranslator","at.nk.tools.iTranslate","com.newmg.yurao.pro","com.zaz.translate","com.naver.labs.translator","com.tranit.text.translate","com.deepl.mobiletranslator"]},{"rank":{"index":3,"lang":"ru","country":"ru","chineseCountryName":"俄罗斯","pkg":"com.spaceship.screen.textcopy"},"orders":["com.recognize_text.translate.screen","com.tap_to_translate.snap_translate","com.spaceship.screen.textcopy","com.gaminik.i18n","com.niven.game","com.niven.translator","com.mg.yurao.google","com.microsoft.translator","com.google.android.apps.translate","com.eecorp.linguago","com.niven.comic","com.niven.apptranslate","screen.translator.voice.translate","com.newmg.yurao.pro","ru.yandex.translate","com.pidev.screentranslator","at.nk.tools.iTranslate","com.translate.talkingtranslator","com.deepl.mobiletranslator","com.chat_translate.screen_translate"]},{"rank":{"index":2,"lang":"pt-br","country":"br","chineseCountryName":"巴西","pkg":"com.spaceship.screen.textcopy"},"orders":["com.recognize_text.translate.screen","com.spaceship.screen.textcopy","com.tap_to_translate.snap_translate","com.gaminik.i18n","com.niven.game","com.mg.yurao.google","com.niven.translator","com.niven.comic","com.eecorp.linguago","com.niven.apptranslate","screen.translator.voice.translate","com.youdao.hindict","com.google.android.apps.translate","com.newmg.yurao.pro","at.nk.tools.iTranslate","com.zaz.translate","com.chat_translate.screen_translate","com.microsoft.translator","com.android.chrome","com.discord"]},{"rank":{"index":2,"lang":"fr","country":"fr","chineseCountryName":"法国","pkg":"com.spaceship.screen.textcopy"},"orders":["com.recognize_text.translate.screen","com.spaceship.screen.textcopy","com.gaminik.i18n","com.mg.yurao.google","com.niven.game","com.tap_to_translate.snap_translate","screen.translator.voice.translate","com.niven.translator","com.eecorp.linguago","com.niven.comic","com.niven.apptranslate","com.google.android.apps.translate","com.newmg.yurao.pro","com.microsoft.translator","com.translate.talkingtranslator","com.zaz.translate","at.nk.tools.iTranslate","com.chat_translate.screen_translate","com.tangdi.baiguotong","com.appgroup.app.arcamera"]},{"rank":{"index":2,"lang":"en-gb","country":"gb","chineseCountryName":"英国","pkg":"com.spaceship.screen.textcopy"},"orders":["com.recognize_text.translate.screen","com.spaceship.screen.textcopy","com.tap_to_translate.snap_translate","com.gaminik.i18n","com.microsoft.translator","com.google.android.apps.translate","com.mg.yurao.google","com.niven.game","screen.translator.voice.translate","com.niven.translator","com.niven.comic","com.eecorp.linguago","com.niven.apptranslate","at.nk.tools.iTranslate","com.newmg.yurao.pro","com.zaz.translate","com.translate.talkingtranslator","com.tranit.text.translate","com.ydzlabs.chattranslator","com.languagetranslator.translatorapp.smartscanner.dictionary.translation.voicetranslator"]},{"rank":{"index":2,"lang":"de","country":"de","chineseCountryName":"德国","pkg":"com.spaceship.screen.textcopy"},"orders":["com.recognize_text.translate.screen","com.spaceship.screen.textcopy","com.gaminik.i18n","com.mg.yurao.google","com.niven.game","com.niven.translator","com.tap_to_translate.snap_translate","com.niven.comic","com.eecorp.linguago","com.niven.apptranslate","screen.translator.voice.translate","com.microsoft.translator","com.newmg.yurao.pro","com.google.android.apps.translate","com.deepl.mobiletranslator","com.translate.talkingtranslator","at.nk.tools.iTranslate","com.zaz.translate","com.tranit.text.translate","com.chat_translate.screen_translate"]},{"rank":{"index":2,"lang":"it","country":"it","chineseCountryName":"意大利","pkg":"com.spaceship.screen.textcopy"},"orders":["com.recognize_text.translate.screen","com.spaceship.screen.textcopy","com.gaminik.i18n","screen.translator.voice.translate","com.niven.game","com.mg.yurao.google","com.tap_to_translate.snap_translate","com.niven.translator","com.niven.comic","com.eecorp.linguago","com.niven.apptranslate","com.newmg.yurao.pro","com.zaz.translate","at.nk.tools.iTranslate","com.google.android.apps.translate","com.microsoft.translator","com.chat_translate.screen_translate","com.appgroup.app.arcamera","com.translator.translation.screen.translate.voice.languages.text.translating","com.tranit.text.translate"]},{"rank":{"index":2,"lang":"ja","country":"jp","chineseCountryName":"日本","pkg":"com.spaceship.screen.textcopy"},"orders":["com.recognize_text.translate.screen","com.spaceship.screen.textcopy","com.gaminik.i18n","com.mg.yurao.google","com.eecorp.linguago","com.niven.game","com.tap_to_translate.snap_translate","com.niven.translator","screen.translator.voice.translate","com.newmg.yurao.pro","com.niven.apptranslate","com.niven.comic","com.chat_translate.screen_translate","com.google.android.apps.translate","com.pidev.screentranslator","com.deepl.mobiletranslator","us.zoom.videomeetings","com.microsoft.translator","com.naver.labs.translator","com.eecorp.taptranslator"]},{"rank":{"index":2,"lang":"ko","country":"kr","chineseCountryName":"韩国","pkg":"com.spaceship.screen.textcopy"},"orders":["com.recognize_text.translate.screen","com.spaceship.screen.textcopy","com.tap_to_translate.snap_translate","com.gaminik.i18n","com.mg.yurao.google","com.niven.game","com.niven.translator","com.google.android.apps.translate","com.microsoft.translator","com.eecorp.linguago","com.niven.comic","com.newmg.yurao.pro","com.naver.labs.translator","com.niven.apptranslate","screen.translator.voice.translate","com.translate.talkingtranslator","at.nk.tools.iTranslate","com.deepl.mobiletranslator","com.languagetranslator.translatorapp.smartscanner.dictionary.translation.voicetranslator","com.pidev.screentranslator"]},{"rank":{"index":2,"lang":"zh-hk","country":"hk","chineseCountryName":"香港","pkg":"com.spaceship.screen.textcopy"},"orders":["com.recognize_text.translate.screen","com.spaceship.screen.textcopy","com.mg.yurao.google","com.gaminik.i18n","com.niven.game","com.tap_to_translate.snap_translate","com.niven.translator","com.microsoft.translator","com.google.android.apps.translate","com.eecorp.linguago","com.niven.comic","com.niven.apptranslate","com.newmg.yurao.pro","screen.translator.voice.translate","at.nk.tools.iTranslate","com.tangdi.baiguotong","com.zaz.translate","com.translate.talkingtranslator","com.youdao.hindict","com.deepl.mobiletranslator"]},{"rank":{"index":4,"lang":"zh-tw","country":"tw","chineseCountryName":"台湾","pkg":"com.spaceship.screen.textcopy"},"orders":["com.recognize_text.translate.screen","com.mg.yurao.google","com.tap_to_translate.snap_translate","com.spaceship.screen.textcopy","com.gaminik.i18n","com.niven.game","com.google.android.apps.translate","com.microsoft.translator","com.niven.translator","com.niven.comic","com.eecorp.linguago","com.niven.apptranslate","com.newmg.yurao.pro","at.nk.tools.iTranslate","screen.translator.voice.translate","com.tangdi.baiguotong","com.translate.talkingtranslator","camera.translator.realtime","com.youdao.hindict","com.ydzlabs.chattranslator"]},{"rank":{"index":2,"lang":"en","country":"in","chineseCountryName":"印度","pkg":"com.spaceship.screen.textcopy"},"orders":["com.recognize_text.translate.screen","com.spaceship.screen.textcopy","screen.translator.voice.translate","com.google.android.apps.translate","com.niven.game","com.microsoft.translator","com.tap_to_translate.snap_translate","com.niven.translator","com.zaz.translate","com.niven.comic","com.eecorp.linguago","com.niven.apptranslate","com.newmg.yurao.pro","at.nk.tools.iTranslate","com.tranit.text.translate","com.translate.talkingtranslator","com.pidev.screentranslator","com.languagetranslator.translatorapp.smartscanner.dictionary.translation.voicetranslator","com.gaminik.i18n","com.mg.yurao.google"]},{"rank":{"index":2,"lang":"id","country":"id","chineseCountryName":"印尼","pkg":"com.spaceship.screen.textcopy"},"orders":["com.recognize_text.translate.screen","com.spaceship.screen.textcopy","com.gaminik.i18n","com.mg.yurao.google","com.eecorp.linguago","com.tap_to_translate.snap_translate","com.niven.game","com.niven.translator","com.niven.comic","com.newmg.yurao.pro","com.google.android.apps.translate","screen.translator.voice.translate","com.niven.apptranslate","com.youdao.hindict","com.pidev.screentranslator","us.zoom.videomeetings","com.naver.labs.translator","com.chat_translate.screen_translate","com.deepl.mobiletranslator","com.tangdi.baiguotong"]},{"rank":{"index":2,"lang":"es-mx","country":"mx","chineseCountryName":"墨西哥","pkg":"com.spaceship.screen.textcopy"},"orders":["com.recognize_text.translate.screen","com.spaceship.screen.textcopy","com.gaminik.i18n","com.tap_to_translate.snap_translate","com.niven.game","com.niven.translator","com.mg.yurao.google","com.niven.comic","com.eecorp.linguago","com.niven.apptranslate","com.youdao.hindict","screen.translator.voice.translate","at.nk.tools.iTranslate","com.microsoft.translator","com.newmg.yurao.pro","com.google.android.apps.translate","com.chat_translate.screen_translate","us.zoom.videomeetings","com.zaz.translate","com.translate.talkingtranslator"]}]