[{"rank":{"index":3,"lang":"en-us","country":"us","chineseCountryName":"美国","pkg":"com.spaceship.screen.textcopy"},"orders":["com.recognize_text.translate.screen","com.google.android.apps.translate","com.spaceship.screen.textcopy","com.screen.translate.google","com.microsoft.translator","com.niven.translator","com.gaminik.i18n","com.niven.game","com.tap_to_translate.snap_translate","com.sayhi.android.sayhitranslate","at.nk.tools.iTranslate","com.translate.talkingtranslator","com.deepl.mobiletranslator","com.niven.comic","com.ticktalk.translatevoice","com.datacomprojects.scanandtranslate","com.naver.labs.translator","com.google.ar.lens","com.zaz.translate","com.heapsol.spanishenglishtranslator"]},{"rank":{"index":4,"lang":"ru","country":"ru","chineseCountryName":"俄罗斯","pkg":"com.spaceship.screen.textcopy"},"orders":["com.recognize_text.translate.screen","com.tap_to_translate.snap_translate","com.niven.translator","com.spaceship.screen.textcopy","com.niven.game","ru.yandex.translate","com.gaminik.i18n","com.screen.translate.google","com.microsoft.translator","com.google.android.apps.translate","com.niven.comic","com.deepl.mobiletranslator","at.nk.tools.iTranslate","com.datacomprojects.scanandtranslate","com.ticktalk.translatevoice","com.translate.language.translator.voice.translation","com.promt.pmtappfree","com.wooask.zx","com.zaz.translate","com.tangdi.baiguotong"]},{"rank":{"index":3,"lang":"pt-br","country":"br","chineseCountryName":"巴西","pkg":"com.spaceship.screen.textcopy"},"orders":["com.recognize_text.translate.screen","com.tap_to_translate.snap_translate","com.spaceship.screen.textcopy","com.niven.game","com.microsoft.translator","com.gaminik.i18n","at.nk.tools.iTranslate","com.google.android.apps.translate","com.screen.translate.google","com.niven.comic","com.deepl.mobiletranslator","com.youdao.hindict","ru.yandex.translate","com.sayhi.android.sayhitranslate","com.galaxy.airviewdictionary","com.translate.talkingtranslator","com.newmg.yurao.pro","screen.translator.voice.translate","com.naver.labs.translator","com.softissimo.reverso.context"]},{"rank":{"index":6,"lang":"fr","country":"fr","chineseCountryName":"法国","pkg":"com.spaceship.screen.textcopy"},"orders":["com.recognize_text.translate.screen","com.tap_to_translate.snap_translate","com.microsoft.translator","com.gaminik.i18n","com.niven.game","com.spaceship.screen.textcopy","com.niven.translator","com.screen.translate.google","com.niven.comic","com.google.android.apps.translate","at.nk.tools.iTranslate","com.datacomprojects.scanandtranslate","com.deepl.mobiletranslator","com.sayhi.android.sayhitranslate","com.youdao.hindict","com.zaz.translate","com.tangdi.baiguotong","com.newmg.yurao.pro","camtranslator.voice.text.image.translate","com.translate.talkingtranslator"]},{"rank":{"index":7,"lang":"en-gb","country":"gb","chineseCountryName":"英国","pkg":"com.spaceship.screen.textcopy"},"orders":["com.recognize_text.translate.screen","com.google.android.apps.translate","com.microsoft.translator","com.screen.translate.google","com.gaminik.i18n","com.niven.translator","com.spaceship.screen.textcopy","com.niven.game","com.tap_to_translate.snap_translate","at.nk.tools.iTranslate","com.niven.comic","com.sayhi.android.sayhitranslate","com.datacomprojects.scanandtranslate","com.deepl.mobiletranslator","com.zaz.translate","com.translate.talkingtranslator","com.b1b.translator.voicetranslate.alllanguages.translator.app","com.ticktalk.translatevoice","com.tangdi.baiguotong","com.youdao.hindict"]},{"rank":{"index":8,"lang":"de","country":"de","chineseCountryName":"德国","pkg":"com.spaceship.screen.textcopy"},"orders":["com.recognize_text.translate.screen","com.tap_to_translate.snap_translate","com.screen.translate.google","com.microsoft.translator","com.niven.game","com.gaminik.i18n","com.niven.translator","com.spaceship.screen.textcopy","com.google.android.apps.translate","com.niven.comic","com.deepl.mobiletranslator","at.nk.tools.iTranslate","com.datacomprojects.scanandtranslate","com.translate.talkingtranslator","com.sayhi.android.sayhitranslate","camtranslator.voice.text.image.translate","com.newmg.yurao.pro","com.image.camera.translate.ai","ru.yandex.translate","com.niven.apptranslate"]},{"rank":{"index":4,"lang":"it","country":"it","chineseCountryName":"意大利","pkg":"com.spaceship.screen.textcopy"},"orders":["com.recognize_text.translate.screen","com.niven.game","com.gaminik.i18n","com.spaceship.screen.textcopy","com.microsoft.translator","com.niven.translator","com.screen.translate.google","com.google.android.apps.translate"]},{"rank":{"index":9,"lang":"ja","country":"jp","chineseCountryName":"日本","pkg":"com.spaceship.screen.textcopy"},"orders":["com.recognize_text.translate.screen","com.niven.game","com.gaminik.i18n","com.niven.translator","com.screen.translate.google","com.microsoft.translator","com.tap_to_translate.snap_translate","com.google.android.apps.translate","com.spaceship.screen.textcopy","com.niven.comic","com.deepl.mobiletranslator","com.naver.labs.translator","com.datacomprojects.scanandtranslate","com.google.ar.lens","com.translate.talkingtranslator","at.nk.tools.iTranslate","com.youdao.hindict","com.b1b.translator.voicetranslate.alllanguages.translator.app","com.niven.apptranslate","com.flitto.app"]},{"rank":{"index":5,"lang":"ko","country":"kr","chineseCountryName":"韩国","pkg":"com.spaceship.screen.textcopy"},"orders":["com.recognize_text.translate.screen","com.tap_to_translate.snap_translate","com.gaminik.i18n","com.niven.translator","com.spaceship.screen.textcopy","com.niven.game","com.screen.translate.google","com.microsoft.translator","com.niven.comic","com.google.android.apps.translate","com.naver.labs.translator","at.nk.tools.iTranslate","com.deepl.mobiletranslator","com.translate.talkingtranslator","com.youdao.hindict","com.zaz.translate","com.newmg.yurao.pro","com.datacomprojects.scanandtranslate","com.niven.apptranslate","com.language.translate.free.translator.voice.translation"]},{"rank":{"index":8,"lang":"zh-hk","country":"hk","chineseCountryName":"香港","pkg":"com.spaceship.screen.textcopy"},"orders":["com.recognize_text.translate.screen","com.tap_to_translate.snap_translate","com.gaminik.i18n","com.screen.translate.google","com.niven.translator","com.niven.game","com.microsoft.translator","com.spaceship.screen.textcopy","com.google.android.apps.translate","com.niven.comic","at.nk.tools.iTranslate","com.naver.labs.translator","com.datacomprojects.scanandtranslate","com.image.camera.translate.ai","com.deepl.mobiletranslator","com.tangdi.baiguotong","com.translate.talkingtranslator","com.newmg.yurao.pro","com.google.ar.lens","com.youdao.hindict"]},{"rank":{"index":8,"lang":"zh-tw","country":"tw","chineseCountryName":"台湾","pkg":"com.spaceship.screen.textcopy"},"orders":["com.recognize_text.translate.screen","com.tap_to_translate.snap_translate","com.gaminik.i18n","com.screen.translate.google","com.niven.game","com.niven.translator","com.microsoft.translator","com.spaceship.screen.textcopy","com.niven.comic","com.google.android.apps.translate","at.nk.tools.iTranslate","com.youdao.hindict","com.naver.labs.translator","com.datacomprojects.scanandtranslate","com.tangdi.baiguotong","com.translate.talkingtranslator","com.image.camera.translate.ai","com.newmg.yurao.pro","com.deepl.mobiletranslator","com.niven.apptranslate"]},{"rank":{"index":7,"lang":"en","country":"in","chineseCountryName":"印度","pkg":"com.spaceship.screen.textcopy"},"orders":["com.recognize_text.translate.screen","com.google.android.apps.translate","com.tap_to_translate.snap_translate","com.screen.translate.google","com.niven.game","com.niven.translator","com.spaceship.screen.textcopy","at.nk.tools.iTranslate","com.gaminik.i18n","com.zaz.translate","com.sayhi.android.sayhitranslate","com.ticktalk.translatevoice","com.google.ar.lens","com.datacomprojects.scanandtranslate","com.translate.talkingtranslator","com.newmg.yurao.pro","com.deepl.mobiletranslator","com.softissimo.reverso.context","com.microsoft.translator"]},{"rank":{"index":6,"lang":"id","country":"id","chineseCountryName":"印尼","pkg":"com.spaceship.screen.textcopy"},"orders":["com.recognize_text.translate.screen","com.tap_to_translate.snap_translate","com.niven.translator","com.niven.game","com.gaminik.i18n","com.spaceship.screen.textcopy","com.screen.translate.google","com.youdao.hindict","com.niven.comic","com.google.android.apps.translate","com.microsoft.translator","com.newmg.yurao.pro"]},{"rank":{"index":3,"lang":"es-mx","country":"mx","chineseCountryName":"墨西哥","pkg":"com.spaceship.screen.textcopy"},"orders":["com.recognize_text.translate.screen","com.tap_to_translate.snap_translate","com.spaceship.screen.textcopy","com.niven.game","com.microsoft.translator","com.niven.translator","at.nk.tools.iTranslate","com.google.android.apps.translate","com.gaminik.i18n","com.screen.translate.google","com.youdao.hindict","com.niven.comic","com.deepl.mobiletranslator","ru.yandex.translate","com.sayhi.android.sayhitranslate"]}]