[{"rank":{"index":2,"lang":"en-us","country":"us","chineseCountryName":"美国","pkg":"com.spaceship.screen.textcopy"},"orders":["com.recognize_text.translate.screen","com.spaceship.screen.textcopy","com.google.android.apps.translate","com.tap_to_translate.snap_translate","com.gaminik.i18n","com.microsoft.translator","com.niven.game","com.newmg.yurao.pro","com.niven.comic","com.niven.translator","com.youdao.hindict","com.niven.apptranslate","com.naver.labs.translator","com.deepl.mobiletranslator","com.screen.translate.google","com.mobisystems.msdict.embedded.wireless.collins.ee","com.translate.talkingtranslator","at.nk.tools.iTranslate","com.facebook.orca","com.google.ar.lens"]},{"rank":{"index":3,"lang":"ru","country":"ru","chineseCountryName":"俄罗斯","pkg":"com.spaceship.screen.textcopy"},"orders":["com.recognize_text.translate.screen","com.tap_to_translate.snap_translate","com.spaceship.screen.textcopy","com.gaminik.i18n","com.niven.translator","com.niven.game","com.niven.comic","com.newmg.yurao.pro","com.niven.apptranslate","com.google.android.apps.translate","com.eecorp.linguago","com.microsoft.translator","screen.translator.voice.translate","com.deepl.mobiletranslator","com.ticktalk.translatevoice","ru.yandex.translate","com.screen.translate.google","com.subtitle.google","com.mg.chat","com.youdao.hindict"]},{"rank":{"index":2,"lang":"fr","country":"fr","chineseCountryName":"法国","pkg":"com.spaceship.screen.textcopy"},"orders":["com.recognize_text.translate.screen","com.spaceship.screen.textcopy","com.tap_to_translate.snap_translate","com.gaminik.i18n","com.niven.game","com.niven.translator","com.niven.comic","com.newmg.yurao.pro","com.niven.apptranslate","com.microsoft.translator","com.google.android.apps.translate","com.youdao.hindict","com.deepl.mobiletranslator","com.eecorp.linguago","com.whatsapp","com.facebook.orca","screen.translator.voice.translate","com.duolingo","com.canva.editor","com.android.chrome"]},{"rank":{"index":2,"lang":"en-gb","country":"gb","chineseCountryName":"英国","pkg":"com.spaceship.screen.textcopy"},"orders":["com.recognize_text.translate.screen","com.spaceship.screen.textcopy","com.gaminik.i18n","com.google.android.apps.translate","com.microsoft.translator","com.tap_to_translate.snap_translate","com.niven.game","com.niven.comic","com.newmg.yurao.pro","com.niven.translator","com.youdao.hindict","com.niven.apptranslate","com.screen.translate.google","com.deepl.mobiletranslator","at.nk.tools.iTranslate","com.translate.language.translator.voice.translation","com.zaz.translate","com.flitto.app","com.naver.labs.translator","com.whatsapp"]},{"rank":{"index":2,"lang":"de","country":"de","chineseCountryName":"德国","pkg":"com.spaceship.screen.textcopy"},"orders":["com.recognize_text.translate.screen","com.spaceship.screen.textcopy","com.gaminik.i18n","com.niven.game","com.tap_to_translate.snap_translate","com.microsoft.translator","com.niven.comic","com.newmg.yurao.pro","com.deepl.mobiletranslator","com.screen.translate.google","com.niven.translator","com.google.android.apps.translate","com.youdao.hindict","com.niven.apptranslate","com.whatsapp","com.facebook.orca","us.zoom.videomeetings","at.nk.tools.iTranslate","com.google.android.apps.photos","com.android.chrome"]},{"rank":{"index":2,"lang":"it","country":"it","chineseCountryName":"意大利","pkg":"com.spaceship.screen.textcopy"},"orders":["com.recognize_text.translate.screen","com.spaceship.screen.textcopy","com.niven.game","com.gaminik.i18n","com.tap_to_translate.snap_translate","com.niven.comic","com.niven.translator","com.niven.apptranslate","com.newmg.yurao.pro","com.microsoft.translator","com.google.android.apps.translate","com.deepl.mobiletranslator","com.eecorp.linguago","com.whatsapp","com.facebook.orca","us.zoom.videomeetings","com.canva.editor","com.discord","com.google.android.apps.photos","com.android.chrome"]},{"rank":{"index":2,"lang":"ja","country":"jp","chineseCountryName":"日本","pkg":"com.spaceship.screen.textcopy"},"orders":["com.recognize_text.translate.screen","com.spaceship.screen.textcopy","com.gaminik.i18n","com.niven.game","com.niven.comic","com.tap_to_translate.snap_translate","com.niven.translator","com.niven.apptranslate","com.newmg.yurao.pro","com.naver.labs.translator","com.google.android.apps.translate","com.deepl.mobiletranslator","com.eecorp.linguago","com.youdao.hindict","com.microsoft.translator","com.whatsapp","com.facebook.orca","com.android.chrome","com.duolingo","com.discord"]},{"rank":{"index":2,"lang":"ko","country":"kr","chineseCountryName":"韩国","pkg":"com.spaceship.screen.textcopy"},"orders":["com.recognize_text.translate.screen","com.spaceship.screen.textcopy","com.tap_to_translate.snap_translate","com.niven.game","com.gaminik.i18n","com.niven.comic","com.niven.apptranslate","com.newmg.yurao.pro","com.niven.translator","com.naver.labs.translator","com.google.android.apps.translate","com.screen.translate.google","com.whatsapp","com.facebook.orca","us.zoom.videomeetings","com.deepl.mobiletranslator","com.discord","com.android.chrome","com.duolingo","com.google.android.apps.photos"]},{"rank":{"index":2,"lang":"zh-hk","country":"hk","chineseCountryName":"香港","pkg":"com.spaceship.screen.textcopy"},"orders":["com.recognize_text.translate.screen","com.spaceship.screen.textcopy","com.gaminik.i18n","com.tap_to_translate.snap_translate","com.niven.game","com.screen.translate.google","com.newmg.yurao.pro","com.niven.comic","com.microsoft.translator","com.niven.translator","com.google.android.apps.translate","com.deepl.mobiletranslator","com.whatsapp","com.facebook.orca","com.niven.apptranslate","com.android.chrome","com.naver.labs.translator","com.google.android.apps.maps","us.zoom.videomeetings","com.discord"]},{"rank":{"index":3,"lang":"zh-tw","country":"tw","chineseCountryName":"台湾","pkg":"com.spaceship.screen.textcopy"},"orders":["com.recognize_text.translate.screen","com.gaminik.i18n","com.spaceship.screen.textcopy","com.niven.game","com.tap_to_translate.snap_translate","com.screen.translate.google","com.niven.comic","com.newmg.yurao.pro","com.google.android.apps.translate","com.microsoft.translator","com.niven.translator","com.deepl.mobiletranslator","com.naver.labs.translator","com.niven.apptranslate","com.facebook.orca","com.whatsapp","com.youdao.hindict","com.google.android.apps.maps","com.discord","com.android.chrome"]},{"rank":{"index":2,"lang":"en","country":"in","chineseCountryName":"印度","pkg":"com.spaceship.screen.textcopy"},"orders":["com.recognize_text.translate.screen","com.spaceship.screen.textcopy","com.newmg.yurao.pro","com.google.android.apps.translate","screen.translator.voice.translate","com.tap_to_translate.snap_translate","com.niven.game","com.zaz.translate","com.niven.translator","com.niven.comic","com.eecorp.linguago","com.microsoft.translator","com.google.android.inputmethod.latin","com.niven.apptranslate","com.whatsapp","com.google.android.dialer","com.duolingo","com.google.android.apps.docs","com.android.chrome","com.gaminik.i18n"]},{"rank":{"index":2,"lang":"id","country":"id","chineseCountryName":"印尼","pkg":"com.spaceship.screen.textcopy"},"orders":["com.recognize_text.translate.screen","com.spaceship.screen.textcopy","com.tap_to_translate.snap_translate","com.gaminik.i18n","com.niven.translator","com.niven.game","com.niven.comic","com.youdao.hindict","com.google.android.apps.translate","com.newmg.yurao.pro","com.whatsapp","com.android.chrome"]},{"rank":{"index":2,"lang":"es-mx","country":"mx","chineseCountryName":"墨西哥","pkg":"com.spaceship.screen.textcopy"},"orders":["com.recognize_text.translate.screen","com.spaceship.screen.textcopy","com.tap_to_translate.snap_translate","com.niven.game","com.niven.translator","com.niven.comic","com.newmg.yurao.pro","com.youdao.hindict","com.google.android.apps.translate","com.niven.apptranslate","com.whatsapp","com.facebook.orca","com.canva.editor","com.android.chrome","com.google.android.apps.photos","us.zoom.videomeetings","com.duolingo","com.discord","com.google.android.apps.maps","com.gaminik.i18n"]}]