[{"rank":{"index":2,"lang":"en-us","country":"us","chineseCountryName":"美国","pkg":"com.spaceship.screen.textcopy"},"orders":["com.recognize_text.translate.screen","com.spaceship.screen.textcopy","com.niven.translator","com.tap_to_translate.snap_translate","com.microsoft.translator","com.google.android.apps.translate","com.gaminik.i18n","com.newmg.yurao.pro","at.nk.tools.iTranslate","com.language.translate.free.translator.voice.translation","com.screen.translate.google","com.zaz.translate","com.google.ar.lens","com.translate.talkingtranslator","com.niven.comic","com.deepl.mobiletranslator","com.sayhi.android.sayhitranslate","com.naver.labs.translator","com.datacomprojects.scanandtranslate","translate.all.language.translator.cameratranslator"]},{"rank":{"index":2,"lang":"ru","country":"ru","chineseCountryName":"俄罗斯","pkg":"com.spaceship.screen.textcopy"},"orders":["com.recognize_text.translate.screen","com.spaceship.screen.textcopy","com.niven.translator","com.tap_to_translate.snap_translate","com.microsoft.translator","com.newmg.yurao.pro","com.gaminik.i18n","com.google.android.apps.translate","ru.yandex.translate","com.language.translate.free.translator.voice.translation","com.screen.translate.google","at.nk.tools.iTranslate","com.zaz.translate","com.deepl.mobiletranslator","com.niven.comic","com.datacomprojects.scanandtranslate","com.google.ar.lens","com.translate.talkingtranslator","com.niven.apptranslate","com.wooask.zx"]},{"rank":{"index":2,"lang":"pt-br","country":"br","chineseCountryName":"巴西","pkg":"com.spaceship.screen.textcopy"},"orders":["com.recognize_text.translate.screen","com.spaceship.screen.textcopy","com.tap_to_translate.snap_translate","com.niven.translator","com.gaminik.i18n","com.newmg.yurao.pro","com.microsoft.translator","com.screen.translate.google","at.nk.tools.iTranslate","com.niven.comic","com.language.translate.free.translator.voice.translation","com.google.android.apps.translate","com.niven.apptranslate","com.translate.language.translator.voice.translation","com.zaz.translate","com.youdao.hindict","com.deepl.mobiletranslator","com.voice_camera_free_translate","com.audacityittranslator.translatetexttranslator","com.android.chrome"]},{"rank":{"index":2,"lang":"fr","country":"fr","chineseCountryName":"法国","pkg":"com.spaceship.screen.textcopy"},"orders":["com.recognize_text.translate.screen","com.spaceship.screen.textcopy","com.tap_to_translate.snap_translate","com.gaminik.i18n","com.niven.translator","com.newmg.yurao.pro","com.microsoft.translator","at.nk.tools.iTranslate","com.language.translate.free.translator.voice.translation","com.screen.translate.google","com.google.android.apps.translate","com.zaz.translate","com.niven.comic","com.translate.talkingtranslator","com.google.ar.lens","com.niven.apptranslate","com.deepl.mobiletranslator","com.datacomprojects.scanandtranslate","translate.all.language.translator.cameratranslator","com.tangdi.baiguotong"]},{"rank":{"index":2,"lang":"en-gb","country":"gb","chineseCountryName":"英国","pkg":"com.spaceship.screen.textcopy"},"orders":["com.recognize_text.translate.screen","com.spaceship.screen.textcopy","com.tap_to_translate.snap_translate","com.gaminik.i18n","com.microsoft.translator","com.google.android.apps.translate","com.niven.translator","com.newmg.yurao.pro","at.nk.tools.iTranslate","com.language.translate.free.translator.voice.translation","com.google.ar.lens","com.zaz.translate","com.screen.translate.google","com.deepl.mobiletranslator","com.translate.talkingtranslator","com.datacomprojects.scanandtranslate","com.niven.comic","translate.all.language.translator.cameratranslator","com.sayhi.android.sayhitranslate","com.naver.labs.translator"]},{"rank":{"index":2,"lang":"de","country":"de","chineseCountryName":"德国","pkg":"com.spaceship.screen.textcopy"},"orders":["com.recognize_text.translate.screen","com.spaceship.screen.textcopy","com.tap_to_translate.snap_translate","com.niven.translator","com.microsoft.translator","com.gaminik.i18n","com.newmg.yurao.pro","at.nk.tools.iTranslate","com.language.translate.free.translator.voice.translation","com.google.android.apps.translate","com.screen.translate.google","com.deepl.mobiletranslator","com.zaz.translate","com.niven.comic","com.translate.talkingtranslator","com.datacomprojects.scanandtranslate","com.google.ar.lens","com.niven.apptranslate","com.wooask.zx","com.tangdi.baiguotong"]},{"rank":{"index":2,"lang":"it","country":"it","chineseCountryName":"意大利","pkg":"com.spaceship.screen.textcopy"},"orders":["com.recognize_text.translate.screen","com.spaceship.screen.textcopy","com.tap_to_translate.snap_translate","com.gaminik.i18n","com.niven.translator","com.newmg.yurao.pro","com.microsoft.translator","at.nk.tools.iTranslate","com.screen.translate.google","com.language.translate.free.translator.voice.translation","com.google.android.apps.translate","com.zaz.translate","com.niven.comic","com.deepl.mobiletranslator"]},{"rank":{"index":2,"lang":"ja","country":"jp","chineseCountryName":"日本","pkg":"com.spaceship.screen.textcopy"},"orders":["com.recognize_text.translate.screen","com.spaceship.screen.textcopy","com.tap_to_translate.snap_translate","com.newmg.yurao.pro","com.niven.translator","com.gaminik.i18n","com.microsoft.translator","com.google.android.apps.translate","com.language.translate.free.translator.voice.translation","com.screen.translate.google","com.translate.talkingtranslator","at.nk.tools.iTranslate","com.deepl.mobiletranslator","com.niven.comic","com.naver.labs.translator"]},{"rank":{"index":2,"lang":"ko","country":"kr","chineseCountryName":"韩国","pkg":"com.spaceship.screen.textcopy"},"orders":["com.recognize_text.translate.screen","com.spaceship.screen.textcopy","com.tap_to_translate.snap_translate","com.microsoft.translator","com.niven.translator","com.newmg.yurao.pro","com.gaminik.i18n","com.google.android.apps.translate","at.nk.tools.iTranslate","com.language.translate.free.translator.voice.translation","com.naver.labs.translator","com.screen.translate.google","com.zaz.translate","com.translate.talkingtranslator","com.niven.comic","com.deepl.mobiletranslator","com.google.ar.lens","translate.all.language.translator.cameratranslator","com.niven.apptranslate","com.sayhi.android.sayhitranslate"]},{"rank":{"index":1,"lang":"zh-hk","country":"hk","chineseCountryName":"香港","pkg":"com.spaceship.screen.textcopy"},"orders":["com.spaceship.screen.textcopy","com.recognize_text.translate.screen","com.microsoft.translator","com.gaminik.i18n","com.google.android.apps.translate","com.niven.translator","com.newmg.yurao.pro","com.tap_to_translate.snap_translate","com.screen.translate.google","at.nk.tools.iTranslate","com.language.translate.free.translator.voice.translation","com.zaz.translate","com.google.ar.lens","com.translate.talkingtranslator","com.deepl.mobiletranslator","com.niven.comic","translate.all.language.translator.cameratranslator","com.naver.labs.translator","com.wooask.zx","com.datacomprojects.scanandtranslate"]},{"rank":{"index":2,"lang":"zh-tw","country":"tw","chineseCountryName":"台湾","pkg":"com.spaceship.screen.textcopy"},"orders":["com.recognize_text.translate.screen","com.spaceship.screen.textcopy","com.tap_to_translate.snap_translate","com.microsoft.translator","com.niven.translator","com.gaminik.i18n","com.google.android.apps.translate","com.newmg.yurao.pro","at.nk.tools.iTranslate","com.language.translate.free.translator.voice.translation","com.screen.translate.google","com.zaz.translate","com.translate.talkingtranslator","com.niven.comic","com.naver.labs.translator","com.deepl.mobiletranslator","com.youdao.hindict","com.tangdi.baiguotong","translate.all.language.translator.cameratranslator","com.google.ar.lens"]},{"rank":{"index":2,"lang":"en","country":"in","chineseCountryName":"印度","pkg":"com.spaceship.screen.textcopy"},"orders":["com.recognize_text.translate.screen","com.spaceship.screen.textcopy","com.tap_to_translate.snap_translate"]},{"rank":{"index":2,"lang":"id","country":"id","chineseCountryName":"印尼","pkg":"com.spaceship.screen.textcopy"},"orders":["com.recognize_text.translate.screen","com.spaceship.screen.textcopy","com.tap_to_translate.snap_translate","com.niven.translator","com.gaminik.i18n","com.newmg.yurao.pro","com.screen.translate.google","at.nk.tools.iTranslate","com.youdao.hindict"]},{"rank":{"index":2,"lang":"es-mx","country":"mx","chineseCountryName":"墨西哥","pkg":"com.spaceship.screen.textcopy"},"orders":["com.recognize_text.translate.screen","com.spaceship.screen.textcopy","com.niven.translator","com.tap_to_translate.snap_translate","com.gaminik.i18n","com.newmg.yurao.pro","com.microsoft.translator","at.nk.tools.iTranslate","com.screen.translate.google","com.language.translate.free.translator.voice.translation","com.niven.comic","com.google.android.apps.translate","com.niven.apptranslate","com.youdao.hindict","com.zaz.translate","com.google.ar.lens","com.deepl.mobiletranslator","com.aldoo.pdftranslatorpro","com.android.chrome","com.voice_camera_free_translate"]}]