[{"rank":{"index":2,"lang":"en-us","country":"us","chineseCountryName":"美国","pkg":"com.spaceship.screen.textcopy"},"orders":["com.recognize_text.translate.screen","com.spaceship.screen.textcopy","com.tap_to_translate.snap_translate","com.google.android.apps.translate","com.screen.translate.google","com.niven.translator","com.newmg.yurao.pro","com.deepl.mobiletranslator","com.microsoft.translator","com.gaminik.i18n","com.mobisystems.msdict.embedded.wireless.collins.ee","com.immersivetranslate.browser","com.zaz.translate","com.naver.labs.translator","at.nk.tools.iTranslate","translate.voice.translator.camera.translation.free.all.language.app","com.niven.game","ru.yandex.translate","com.voice_camera_free_translate","com.translate.talkingtranslator"]},{"rank":{"index":0,"lang":"ru","country":"ru","chineseCountryName":"俄罗斯","pkg":"com.spaceship.screen.textcopy"},"orders":["com.recognize_text.translate.screen","com.niven.translator","com.tap_to_translate.snap_translate","com.newmg.yurao.pro","com.google.android.apps.translate","com.gaminik.i18n","com.deepl.mobiletranslator","com.screen.translate.google","ru.yandex.translate","com.niven.game","com.mg.chat","com.immersivetranslate.browser","com.microsoft.translator"]},{"rank":{"index":2,"lang":"pt-br","country":"br","chineseCountryName":"巴西","pkg":"com.spaceship.screen.textcopy"},"orders":["com.recognize_text.translate.screen","com.spaceship.screen.textcopy","com.tap_to_translate.snap_translate","com.newmg.yurao.pro","com.gaminik.i18n","com.google.android.apps.translate","com.zaz.translate","com.deepl.mobiletranslator","at.nk.tools.iTranslate","ru.yandex.translate","com.datacomprojects.scanandtranslate","com.immersivetranslate.browser","translate.voice.translator.camera.translation.free.all.language.app","com.softissimo.reverso.context","com.voice_camera_free_translate","com.naver.labs.translator","com.niven.translator","com.screen.translate.google","com.niven.game","com.niven.apptranslate"]},{"rank":{"index":2,"lang":"fr","country":"fr","chineseCountryName":"法国","pkg":"com.spaceship.screen.textcopy"},"orders":["com.recognize_text.translate.screen","com.spaceship.screen.textcopy","com.tap_to_translate.snap_translate","com.newmg.yurao.pro","com.gaminik.i18n","com.niven.translator","com.screen.translate.google","com.google.android.apps.translate","com.immersivetranslate.browser","com.microsoft.translator","com.voice_camera_free_translate","com.niven.game","com.deepl.mobiletranslator","com.zaz.translate","com.niven.apptranslate","ru.yandex.translate","co.timekettle.livetranslator","com.datacomprojects.scanandtranslate","at.nk.tools.iTranslate","com.google.ar.lens"]},{"rank":{"index":2,"lang":"en-gb","country":"gb","chineseCountryName":"英国","pkg":"com.spaceship.screen.textcopy"},"orders":["com.recognize_text.translate.screen","com.spaceship.screen.textcopy","com.newmg.yurao.pro","com.google.android.apps.translate","com.screen.translate.google","com.niven.translator","com.deepl.mobiletranslator","com.tap_to_translate.snap_translate","com.gaminik.i18n","com.microsoft.translator","com.zaz.translate","com.mobisystems.msdict.embedded.wireless.collins.ee","com.immersivetranslate.browser","at.nk.tools.iTranslate","com.niven.game","ru.yandex.translate","translate.voice.translator.camera.translation.free.all.language.app","com.niven.apptranslate","co.timekettle.livetranslator","com.fapp.translate.language.translator.fasttranslation"]},{"rank":{"index":2,"lang":"de","country":"de","chineseCountryName":"德国","pkg":"com.spaceship.screen.textcopy"},"orders":["com.recognize_text.translate.screen","com.spaceship.screen.textcopy","com.newmg.yurao.pro","com.google.android.apps.translate","com.screen.translate.google","com.niven.translator","com.gaminik.i18n","com.immersivetranslate.browser","com.tap_to_translate.snap_translate","com.deepl.mobiletranslator","com.microsoft.translator","com.zaz.translate","com.niven.game"]},{"rank":{"index":2,"lang":"it","country":"it","chineseCountryName":"意大利","pkg":"com.spaceship.screen.textcopy"},"orders":["com.recognize_text.translate.screen","com.spaceship.screen.textcopy","com.tap_to_translate.snap_translate","com.niven.translator","com.gaminik.i18n","com.newmg.yurao.pro","com.screen.translate.google","com.google.android.apps.translate","com.immersivetranslate.browser","com.niven.game","com.microsoft.translator","com.deepl.mobiletranslator"]},{"rank":{"index":2,"lang":"ja","country":"jp","chineseCountryName":"日本","pkg":"com.spaceship.screen.textcopy"},"orders":["com.recognize_text.translate.screen","com.spaceship.screen.textcopy","com.google.android.apps.translate","com.tap_to_translate.snap_translate","com.deepl.mobiletranslator","com.newmg.yurao.pro","com.gaminik.i18n","com.niven.translator","com.immersivetranslate.browser"]},{"rank":{"index":2,"lang":"ko","country":"kr","chineseCountryName":"韩国","pkg":"com.spaceship.screen.textcopy"},"orders":["com.recognize_text.translate.screen","com.spaceship.screen.textcopy","com.tap_to_translate.snap_translate","com.newmg.yurao.pro","com.gaminik.i18n","com.niven.translator","com.screen.translate.google","com.naver.labs.translator","com.google.android.apps.translate","com.immersivetranslate.browser","com.niven.game","com.deepl.mobiletranslator","com.voice_camera_free_translate","com.niven.apptranslate","com.microsoft.translator","com.zaz.translate","com.eecorp.linguago","translate.voice.translator.camera.translation.free.all.language.app","co.timekettle.livetranslator","at.nk.tools.iTranslate"]},{"rank":{"index":2,"lang":"zh-hk","country":"hk","chineseCountryName":"香港","pkg":"com.spaceship.screen.textcopy"},"orders":["com.recognize_text.translate.screen","com.spaceship.screen.textcopy","com.screen.translate.google","com.newmg.yurao.pro","com.gaminik.i18n","com.niven.translator","com.immersivetranslate.browser","com.google.android.apps.translate","com.tap_to_translate.snap_translate","com.microsoft.translator","com.deepl.mobiletranslator","com.niven.game","com.naver.labs.translator","com.niven.apptranslate","com.zaz.translate","at.nk.tools.iTranslate","co.timekettle.livetranslator","translate.voice.translator.camera.translation.free.all.language.app","ru.yandex.translate","com.eecorp.linguago"]},{"rank":{"index":2,"lang":"zh-tw","country":"tw","chineseCountryName":"台湾","pkg":"com.spaceship.screen.textcopy"},"orders":["com.recognize_text.translate.screen","com.spaceship.screen.textcopy","com.newmg.yurao.pro","com.screen.translate.google","com.niven.translator","com.gaminik.i18n","com.immersivetranslate.browser","com.tap_to_translate.snap_translate","com.google.android.apps.translate","com.niven.game","com.deepl.mobiletranslator","com.microsoft.translator","com.niven.apptranslate","com.naver.labs.translator","com.zaz.translate","translate.voice.translator.camera.translation.free.all.language.app","co.timekettle.livetranslator","at.nk.tools.iTranslate","com.translate.talkingtranslator","photo.translate.camera.translator"]},{"rank":{"index":3,"lang":"en","country":"in","chineseCountryName":"印度","pkg":"com.spaceship.screen.textcopy"},"orders":["com.recognize_text.translate.screen","com.newmg.yurao.pro","com.spaceship.screen.textcopy","com.google.android.apps.translate","com.zaz.translate"]},{"rank":{"index":2,"lang":"id","country":"id","chineseCountryName":"印尼","pkg":"com.spaceship.screen.textcopy"},"orders":["com.recognize_text.translate.screen","com.spaceship.screen.textcopy","com.tap_to_translate.snap_translate","com.newmg.yurao.pro","com.niven.translator","com.screen.translate.google","com.gaminik.i18n","com.niven.game","com.google.android.apps.translate","com.immersivetranslate.browser"]},{"rank":{"index":2,"lang":"es-mx","country":"mx","chineseCountryName":"墨西哥","pkg":"com.spaceship.screen.textcopy"},"orders":["com.recognize_text.translate.screen","com.spaceship.screen.textcopy","com.tap_to_translate.snap_translate","com.newmg.yurao.pro","com.gaminik.i18n","com.google.android.apps.translate","com.zaz.translate","at.nk.tools.iTranslate","com.deepl.mobiletranslator","com.immersivetranslate.browser","photo.translate.camera.translator","com.voice_camera_free_translate","com.niven.translator","com.screen.translate.google","ru.yandex.translate","com.datacomprojects.scanandtranslate","translate.voice.translator.camera.translation.free.all.language.app","com.translate.talkingtranslator","com.fapp.translate.language.translator.fasttranslation","com.naver.labs.translator"]}]