[{"rank":{"index":2,"lang":"en-us","country":"us","chineseCountryName":"美国","pkg":"com.spaceship.screen.textcopy"},"orders":["com.recognize_text.translate.screen","com.spaceship.screen.textcopy","com.niven.translator","com.tap_to_translate.snap_translate","com.microsoft.translator","com.google.android.apps.translate","com.gaminik.i18n","com.niven.game","com.newmg.yurao.pro","com.niven.comic","com.zaz.translate","com.erudite.translator","com.screen.translate.google","com.language.translate.free.translator.voice.translation","com.niven.apptranslate","com.languagetranslator.translatorapp.smartscanner.dictionary.translation.voicetranslator","com.naver.labs.translator","com.mobisystems.msdict.embedded.wireless.collins.ee","com.translate.talkingtranslator","com.sayhi.android.sayhitranslate"]},{"rank":{"index":2,"lang":"ru","country":"ru","chineseCountryName":"俄罗斯","pkg":"com.spaceship.screen.textcopy"},"orders":["com.recognize_text.translate.screen","com.spaceship.screen.textcopy","com.niven.translator","com.tap_to_translate.snap_translate","com.microsoft.translator","com.newmg.yurao.pro","com.niven.game","com.gaminik.i18n","com.google.android.apps.translate","ru.yandex.translate","com.niven.comic","com.erudite.translator","com.kursx.smartbook","com.screen.translate.google","com.deepl.mobiletranslator","com.language.translate.free.translator.voice.translation","com.niven.apptranslate","com.zaz.translate","com.datacomprojects.scanandtranslate","com.translate.language.translator.voice.translation"]},{"rank":{"index":2,"lang":"pt-br","country":"br","chineseCountryName":"巴西","pkg":"com.spaceship.screen.textcopy"},"orders":["com.recognize_text.translate.screen","com.spaceship.screen.textcopy","com.tap_to_translate.snap_translate","com.niven.game","com.niven.translator","com.gaminik.i18n","com.niven.comic","com.newmg.yurao.pro","com.microsoft.translator","com.niven.apptranslate","com.screen.translate.google","com.google.android.apps.translate","com.zaz.translate","com.languagetranslator.translatorapp.smartscanner.dictionary.translation.voicetranslator","com.audacityittranslator.translatetexttranslator","com.language.translate.free.translator.voice.translation","com.deepl.mobiletranslator","com.aldoo.pdftranslatorpro","com.softissimo.reverso.context","com.erudite.translator"]},{"rank":{"index":2,"lang":"fr","country":"fr","chineseCountryName":"法国","pkg":"com.spaceship.screen.textcopy"},"orders":["com.recognize_text.translate.screen","com.spaceship.screen.textcopy","com.tap_to_translate.snap_translate","com.niven.translator","com.gaminik.i18n","com.microsoft.translator","com.niven.game","com.zaz.translate","com.google.android.apps.translate","com.newmg.yurao.pro","com.niven.comic","com.language.translate.free.translator.voice.translation","com.erudite.translator","com.tangdi.baiguotong","com.niven.apptranslate","com.screen.translate.google","com.translate.talkingtranslator","com.deepl.mobiletranslator","com.softissimo.reverso.context","com.translate.language.translator.voice.translation"]},{"rank":{"index":2,"lang":"en-gb","country":"gb","chineseCountryName":"英国","pkg":"com.spaceship.screen.textcopy"},"orders":["com.recognize_text.translate.screen","com.spaceship.screen.textcopy","com.tap_to_translate.snap_translate","com.google.android.apps.translate","com.microsoft.translator","com.niven.translator","com.gaminik.i18n","com.niven.game","com.zaz.translate","com.newmg.yurao.pro","com.niven.comic","com.erudite.translator","com.language.translate.free.translator.voice.translation","com.screen.translate.google","com.niven.apptranslate","com.languagetranslator.translatorapp.smartscanner.dictionary.translation.voicetranslator","com.mobisystems.msdict.embedded.wireless.collins.ee","com.deepl.mobiletranslator","com.naver.labs.translator","com.translate.talkingtranslator"]},{"rank":{"index":2,"lang":"de","country":"de","chineseCountryName":"德国","pkg":"com.spaceship.screen.textcopy"},"orders":["com.recognize_text.translate.screen","com.spaceship.screen.textcopy","com.tap_to_translate.snap_translate","com.microsoft.translator","com.gaminik.i18n","com.niven.translator","com.niven.game","com.google.android.apps.translate","com.niven.comic","com.newmg.yurao.pro","com.zaz.translate","com.erudite.translator","com.language.translate.free.translator.voice.translation","com.deepl.mobiletranslator","com.translate.talkingtranslator","com.screen.translate.google","com.niven.apptranslate","com.translate.language.translator.voice.translation","com.tangdi.baiguotong","com.audacityittranslator.translatetexttranslator"]},{"rank":{"index":2,"lang":"it","country":"it","chineseCountryName":"意大利","pkg":"com.spaceship.screen.textcopy"},"orders":["com.recognize_text.translate.screen","com.spaceship.screen.textcopy","com.tap_to_translate.snap_translate","com.gaminik.i18n","com.niven.translator","com.niven.game","com.microsoft.translator","com.zaz.translate","com.niven.comic","com.newmg.yurao.pro","com.google.android.apps.translate","com.erudite.translator","com.tangdi.baiguotong","com.language.translate.free.translator.voice.translation","com.screen.translate.google","com.niven.apptranslate","com.translate.talkingtranslator","instant.text.translate","com.deepl.mobiletranslator","com.softissimo.reverso.context"]},{"rank":{"index":2,"lang":"ja","country":"jp","chineseCountryName":"日本","pkg":"com.spaceship.screen.textcopy"},"orders":["com.recognize_text.translate.screen","com.spaceship.screen.textcopy","com.tap_to_translate.snap_translate","com.gaminik.i18n","com.niven.game","com.microsoft.translator","com.niven.translator","com.deepl.mobiletranslator","com.google.android.apps.translate","com.naver.labs.translator","com.niven.comic","com.newmg.yurao.pro","com.tangdi.baiguotong","com.zaz.translate"]},{"rank":{"index":2,"lang":"ko","country":"kr","chineseCountryName":"韩国","pkg":"com.spaceship.screen.textcopy"},"orders":["com.recognize_text.translate.screen","com.spaceship.screen.textcopy","com.tap_to_translate.snap_translate","com.gaminik.i18n","com.microsoft.translator","com.google.android.apps.translate","com.niven.translator","com.naver.labs.translator","com.niven.game","com.niven.comic","com.newmg.yurao.pro","com.zaz.translate","com.erudite.translator","com.deepl.mobiletranslator","com.screen.translate.google","com.language.translate.free.translator.voice.translation","instant.text.translate","com.niven.apptranslate","com.languagetranslator.translatorapp.smartscanner.dictionary.translation.voicetranslator","com.translate.talkingtranslator"]},{"rank":{"index":2,"lang":"zh-hk","country":"hk","chineseCountryName":"香港","pkg":"com.spaceship.screen.textcopy"},"orders":["com.recognize_text.translate.screen","com.spaceship.screen.textcopy","com.gaminik.i18n","com.tap_to_translate.snap_translate","com.microsoft.translator","com.google.android.apps.translate","com.niven.translator","com.niven.game","com.niven.comic","com.newmg.yurao.pro","com.zaz.translate","com.erudite.translator","com.screen.translate.google","com.naver.labs.translator","com.niven.apptranslate","jp.go.nict.voicetra","com.tangdi.baiguotong","com.mazii.dictionary","com.language.translate.free.translator.voice.translation","com.deepl.mobiletranslator"]},{"rank":{"index":2,"lang":"zh-tw","country":"tw","chineseCountryName":"台湾","pkg":"com.spaceship.screen.textcopy"},"orders":["com.recognize_text.translate.screen","com.spaceship.screen.textcopy","com.tap_to_translate.snap_translate","com.gaminik.i18n","com.microsoft.translator","com.niven.translator","com.google.android.apps.translate","com.niven.game","com.niven.comic","com.newmg.yurao.pro","com.zaz.translate","com.naver.labs.translator","com.erudite.translator","com.language.translate.free.translator.voice.translation","com.screen.translate.google","com.niven.apptranslate","com.tangdi.baiguotong","com.mazii.dictionary","jp.go.nict.voicetra","instant.text.translate"]},{"rank":{"index":2,"lang":"en","country":"in","chineseCountryName":"印度","pkg":"com.spaceship.screen.textcopy"},"orders":["com.recognize_text.translate.screen","com.spaceship.screen.textcopy","com.tap_to_translate.snap_translate"]},{"rank":{"index":2,"lang":"id","country":"id","chineseCountryName":"印尼","pkg":"com.spaceship.screen.textcopy"},"orders":["com.recognize_text.translate.screen","com.spaceship.screen.textcopy","com.tap_to_translate.snap_translate","com.niven.translator","com.niven.game","com.gaminik.i18n","com.newmg.yurao.pro","com.niven.comic","com.youdao.hindict","com.microsoft.translator"]},{"rank":{"index":2,"lang":"es-mx","country":"mx","chineseCountryName":"墨西哥","pkg":"com.spaceship.screen.textcopy"},"orders":["com.recognize_text.translate.screen","com.spaceship.screen.textcopy","com.tap_to_translate.snap_translate","com.niven.game","com.gaminik.i18n","com.niven.translator","com.microsoft.translator","com.niven.comic","com.newmg.yurao.pro","com.google.android.apps.translate","com.zaz.translate","com.niven.apptranslate","com.youdao.hindict","com.screen.translate.google","com.aldoo.pdftranslatorpro","com.deepl.mobiletranslator","com.tangdi.baiguotong","com.language.translate.free.translator.voice.translation","com.languagetranslator.translatorapp.smartscanner.dictionary.translation.voicetranslator","com.audacityittranslator.translatetexttranslator"]}]