[{"rank":{"index":2,"lang":"en-us","country":"us","chineseCountryName":"美国","pkg":"com.spaceship.screen.textcopy"},"orders":["com.recognize_text.translate.screen","com.spaceship.screen.textcopy","com.google.android.apps.translate","com.gaminik.i18n","com.screen.translate.google","com.niven.translator","com.microsoft.translator","com.niven.game","com.newmg.yurao.pro","com.zaz.translate","com.niven.comic","com.deepl.mobiletranslator","at.nk.tools.iTranslate","com.royalappcode.translation.voice.language.chat.interpreter","com.naver.labs.translator","com.facebook.orca","com.android.chrome","com.easytranslate.easytranslate","com.google.android.apps.maps","com.google.android.apps.photos"]},{"rank":{"index":1,"lang":"ru","country":"ru","chineseCountryName":"俄罗斯","pkg":"com.spaceship.screen.textcopy"},"orders":["com.spaceship.screen.textcopy","com.recognize_text.translate.screen","com.gaminik.i18n","com.niven.game","com.niven.translator","com.screen.translate.google","com.newmg.yurao.pro","ru.yandex.translate","com.niven.comic","com.google.android.apps.translate","com.deepl.mobiletranslator","com.microsoft.translator","com.niven.apptranslate","com.android.chrome","com.facebook.orca","com.discord","com.google.android.dialer","com.duolingo","com.google.android.apps.photos","us.zoom.videomeetings"]},{"rank":{"index":2,"lang":"fr","country":"fr","chineseCountryName":"法国","pkg":"com.spaceship.screen.textcopy"},"orders":["com.recognize_text.translate.screen","com.spaceship.screen.textcopy","com.gaminik.i18n","com.niven.game","com.screen.translate.google","com.niven.translator","com.niven.comic","com.google.android.apps.translate","com.newmg.yurao.pro","com.microsoft.translator","com.zaz.translate","com.facebook.orca","com.deepl.mobiletranslator","com.android.chrome","com.google.android.apps.photos","com.discord","com.canva.editor","com.duolingo","ru.yandex.translate","com.niven.apptranslate"]},{"rank":{"index":2,"lang":"en-gb","country":"gb","chineseCountryName":"英国","pkg":"com.spaceship.screen.textcopy"},"orders":["com.recognize_text.translate.screen","com.spaceship.screen.textcopy","com.gaminik.i18n","com.google.android.apps.translate","com.screen.translate.google","com.niven.game","com.niven.translator","com.microsoft.translator","com.zaz.translate","com.newmg.yurao.pro","com.niven.comic","com.deepl.mobiletranslator","at.nk.tools.iTranslate","com.facebook.orca","com.android.chrome","com.duolingo","com.discord","com.google.android.apps.maps","com.ubercab","com.google.ar.lens"]},{"rank":{"index":2,"lang":"de","country":"de","chineseCountryName":"德国","pkg":"com.spaceship.screen.textcopy"},"orders":["com.recognize_text.translate.screen","com.spaceship.screen.textcopy","com.gaminik.i18n","com.screen.translate.google","com.niven.game","com.niven.translator","com.newmg.yurao.pro","com.google.android.apps.translate","com.niven.comic","com.microsoft.translator","com.deepl.mobiletranslator","com.niven.apptranslate","com.facebook.orca","com.zaz.translate","com.discord","com.android.chrome","ru.yandex.translate","com.canva.editor","com.google.android.apps.photos","com.amazon.kindle"]},{"rank":{"index":2,"lang":"it","country":"it","chineseCountryName":"意大利","pkg":"com.spaceship.screen.textcopy"},"orders":["com.recognize_text.translate.screen","com.spaceship.screen.textcopy","com.gaminik.i18n","com.screen.translate.google","com.niven.game","com.niven.translator","com.newmg.yurao.pro","com.google.android.apps.translate","com.niven.comic","com.niven.apptranslate","com.microsoft.translator","com.facebook.orca","com.hakuryuu.smartscreentranslation","com.deepl.mobiletranslator","com.discord","com.canva.editor","com.duolingo","com.google.android.apps.photos","com.android.chrome","com.microsoft.office.outlook"]},{"rank":{"index":2,"lang":"ja","country":"jp","chineseCountryName":"日本","pkg":"com.spaceship.screen.textcopy"},"orders":["com.recognize_text.translate.screen","com.spaceship.screen.textcopy","com.gaminik.i18n","com.screen.translate.google","com.niven.game","com.niven.translator","com.google.android.apps.translate","com.niven.comic","com.microsoft.translator","com.deepl.mobiletranslator","com.newmg.yurao.pro","com.naver.labs.translator","com.niven.apptranslate","com.facebook.orca","com.android.chrome","com.google.ar.lens","com.discord","com.google.android.apps.maps","com.duolingo","com.amazon.kindle"]},{"rank":{"index":2,"lang":"ko","country":"kr","chineseCountryName":"韩国","pkg":"com.spaceship.screen.textcopy"},"orders":["com.recognize_text.translate.screen","com.spaceship.screen.textcopy","com.gaminik.i18n","com.niven.game","com.niven.translator","com.screen.translate.google","com.niven.comic","com.google.android.apps.translate","com.newmg.yurao.pro","com.naver.labs.translator","com.niven.apptranslate","com.facebook.orca","com.discord","com.deepl.mobiletranslator","com.microsoft.translator","com.android.chrome","com.sec.android.app.sbrowser","com.duolingo","com.google.android.apps.photos","us.zoom.videomeetings"]},{"rank":{"index":2,"lang":"zh-hk","country":"hk","chineseCountryName":"香港","pkg":"com.spaceship.screen.textcopy"},"orders":["com.recognize_text.translate.screen","com.spaceship.screen.textcopy","com.gaminik.i18n","com.screen.translate.google","com.niven.game","com.niven.translator","com.google.android.apps.translate","com.microsoft.translator","com.newmg.yurao.pro","com.niven.comic","com.android.chrome","com.facebook.orca","com.google.android.apps.maps","com.discord","at.nk.tools.iTranslate","com.duolingo","com.google.android.apps.photos","com.naver.labs.translator","com.google.ar.lens","com.sec.android.app.sbrowser"]},{"rank":{"index":2,"lang":"zh-tw","country":"tw","chineseCountryName":"台湾","pkg":"com.spaceship.screen.textcopy"},"orders":["com.recognize_text.translate.screen","com.spaceship.screen.textcopy","com.gaminik.i18n","com.screen.translate.google","com.niven.game","com.niven.translator","com.google.android.apps.translate","com.microsoft.translator","com.niven.apptranslate","com.niven.comic","com.newmg.yurao.pro","com.naver.labs.translator","com.facebook.orca","com.android.chrome","com.discord","com.google.android.apps.maps","com.hakuryuu.smartscreentranslation","com.duolingo","com.google.ar.lens","com.skype.raider"]},{"rank":{"index":2,"lang":"en","country":"in","chineseCountryName":"印度","pkg":"com.spaceship.screen.textcopy"},"orders":["com.recognize_text.translate.screen","com.spaceship.screen.textcopy","com.google.android.apps.translate","com.screen.translate.google","com.zaz.translate","com.newmg.yurao.pro","com.microsoft.translator","com.niven.game","com.niven.translator","at.nk.tools.iTranslate","com.naver.labs.translator","com.tap_to_translate.snap_translate","ru.yandex.translate","com.google.ar.lens","com.deepl.mobiletranslator","com.softissimo.reverso.context","com.microblink.photomath","com.amazon.dee.app","com.royalappcode.translation.voice.language.chat.interpreter","com.gaminik.i18n"]},{"rank":{"index":2,"lang":"id","country":"id","chineseCountryName":"印尼","pkg":"com.spaceship.screen.textcopy"},"orders":["com.recognize_text.translate.screen","com.spaceship.screen.textcopy","com.gaminik.i18n","com.niven.game","com.niven.translator","com.screen.translate.google","com.niven.comic","com.newmg.yurao.pro","com.google.android.apps.translate","com.youdao.hindict","com.tap_to_translate.snap_translate"]},{"rank":{"index":2,"lang":"es-mx","country":"mx","chineseCountryName":"墨西哥","pkg":"com.spaceship.screen.textcopy"},"orders":["com.recognize_text.translate.screen","com.spaceship.screen.textcopy","com.niven.game","com.screen.translate.google","com.google.android.apps.translate","com.microsoft.translator","com.tap_to_translate.snap_translate","com.zaz.translate","at.nk.tools.iTranslate","com.youdao.hindict","com.deepl.mobiletranslator","ru.yandex.translate","com.niven.comic","com.naver.labs.translator","com.royalappcode.translation.voice.language.chat.interpreter","com.microblink.photomath","com.google.ar.lens","com.softissimo.reverso.context","com.gaminik.i18n","com.niven.translator"]}]