[{"rank":{"index":2,"lang":"en-us","country":"us","chineseCountryName":"美国","pkg":"com.spaceship.screen.textcopy"},"orders":["com.recognize_text.translate.screen","com.spaceship.screen.textcopy","com.tap_to_translate.snap_translate","com.google.android.apps.translate","com.gaminik.i18n","com.niven.translator","com.microsoft.translator","screen.translator.voice.translate","com.translate.talkingtranslator","com.screen.translate.google","com.niven.apptranslate","com.niven.game","com.niven.comic","com.datacomprojects.scanandtranslate","com.mobisystems.msdict.embedded.wireless.collins.ee","com.softissimo.reverso.context","com.newmg.yurao.pro","com.languagetranslator.translatorapp.smartscanner.dictionary.translation.voicetranslator","com.deepl.mobiletranslator","com.image.camera.translate.ai"]},{"rank":{"index":2,"lang":"ru","country":"ru","chineseCountryName":"俄罗斯","pkg":"com.spaceship.screen.textcopy"},"orders":["com.recognize_text.translate.screen","com.spaceship.screen.textcopy","com.tap_to_translate.snap_translate","com.gaminik.i18n","com.niven.translator","com.niven.game","com.niven.comic","com.newmg.yurao.pro","com.screen.translate.google","ru.yandex.translate","com.niven.apptranslate","com.image.camera.translate.ai","screen.translator.voice.translate","com.datacomprojects.scanandtranslate","com.google.android.apps.translate","com.ticktalk.translatevoice","all.language.translate.translator","free.translate.all.language.translator","com.deepl.mobiletranslator","com.eecorp.linguago"]},{"rank":{"index":2,"lang":"fr","country":"fr","chineseCountryName":"法国","pkg":"com.spaceship.screen.textcopy"},"orders":["com.recognize_text.translate.screen","com.spaceship.screen.textcopy","com.tap_to_translate.snap_translate","com.gaminik.i18n","com.niven.translator","com.niven.game","com.niven.comic","com.google.android.apps.translate","com.niven.apptranslate","com.newmg.yurao.pro","com.screen.translate.google","screen.translator.voice.translate","com.microsoft.translator","com.eecorp.linguago","com.translate.talkingtranslator","free.translate.all.language.translator","com.deepl.mobiletranslator","com.softissimo.reverso.context","com.datacomprojects.scanandtranslate","camera.translator.realtime"]},{"rank":{"index":2,"lang":"en-gb","country":"gb","chineseCountryName":"英国","pkg":"com.spaceship.screen.textcopy"},"orders":["com.recognize_text.translate.screen","com.spaceship.screen.textcopy","com.gaminik.i18n","com.google.android.apps.translate","com.niven.translator","screen.translator.voice.translate","com.tap_to_translate.snap_translate","com.microsoft.translator","com.niven.game","com.screen.translate.google","com.niven.apptranslate","com.niven.comic","com.datacomprojects.scanandtranslate","com.translate.talkingtranslator","com.deepl.mobiletranslator","com.zaz.translate","com.languagetranslator.translatorapp.smartscanner.dictionary.translation.voicetranslator","com.eecorp.linguago","camera.translator.realtime","com.newmg.yurao.pro"]},{"rank":{"index":2,"lang":"de","country":"de","chineseCountryName":"德国","pkg":"com.spaceship.screen.textcopy"},"orders":["com.recognize_text.translate.screen","com.spaceship.screen.textcopy","com.tap_to_translate.snap_translate","com.gaminik.i18n","com.niven.translator","com.niven.game","com.screen.translate.google","screen.translator.voice.translate","com.niven.comic","com.niven.apptranslate","com.newmg.yurao.pro","com.google.android.apps.translate","com.translate.talkingtranslator","com.microsoft.translator","com.deepl.mobiletranslator","com.image.camera.translate.ai","com.eecorp.linguago","camera.translator.realtime","com.softissimo.reverso.context","com.facebook.orca"]},{"rank":{"index":2,"lang":"it","country":"it","chineseCountryName":"意大利","pkg":"com.spaceship.screen.textcopy"},"orders":["com.recognize_text.translate.screen","com.spaceship.screen.textcopy","com.niven.game","com.gaminik.i18n","com.niven.translator","com.tap_to_translate.snap_translate","screen.translator.voice.translate","com.niven.comic","com.screen.translate.google","com.niven.apptranslate","com.google.android.apps.translate","com.microsoft.translator","us.zoom.videomeetings","com.facebook.orca","com.discord","com.google.android.apps.photos","com.softissimo.reverso.context","com.android.chrome","com.translate.talkingtranslator","com.duolingo"]},{"rank":{"index":2,"lang":"ja","country":"jp","chineseCountryName":"日本","pkg":"com.spaceship.screen.textcopy"},"orders":["com.recognize_text.translate.screen","com.spaceship.screen.textcopy","com.gaminik.i18n","com.niven.translator","com.niven.apptranslate","com.niven.game","com.tap_to_translate.snap_translate","com.google.android.apps.translate","com.niven.comic","com.deepl.mobiletranslator","com.screen.translate.google","com.translate.talkingtranslator","com.naver.labs.translator","screen.translator.voice.translate","com.microsoft.translator","com.newmg.yurao.pro","com.android.chrome","com.datacomprojects.scanandtranslate","com.discord","com.google.android.apps.maps"]},{"rank":{"index":2,"lang":"ko","country":"kr","chineseCountryName":"韩国","pkg":"com.spaceship.screen.textcopy"},"orders":["com.recognize_text.translate.screen","com.spaceship.screen.textcopy","com.gaminik.i18n","com.niven.game","com.niven.translator","com.niven.comic","com.tap_to_translate.snap_translate","com.niven.apptranslate","com.screen.translate.google","screen.translator.voice.translate","com.google.android.apps.translate","com.newmg.yurao.pro","com.naver.labs.translator","com.translate.talkingtranslator","us.zoom.videomeetings","com.discord","com.facebook.orca","com.android.chrome","com.google.android.apps.photos","com.google.android.apps.docs"]},{"rank":{"index":2,"lang":"zh-hk","country":"hk","chineseCountryName":"香港","pkg":"com.spaceship.screen.textcopy"},"orders":["com.recognize_text.translate.screen","com.spaceship.screen.textcopy","com.niven.game","com.gaminik.i18n","com.niven.translator","com.niven.apptranslate","com.tap_to_translate.snap_translate","com.screen.translate.google","com.niven.comic","com.google.android.apps.translate","screen.translator.voice.translate","com.newmg.yurao.pro","com.android.chrome","com.google.android.apps.maps","com.facebook.orca","com.discord","com.microsoft.translator","us.zoom.videomeetings","com.translate.talkingtranslator","com.google.android.apps.photos"]},{"rank":{"index":2,"lang":"zh-tw","country":"tw","chineseCountryName":"台湾","pkg":"com.spaceship.screen.textcopy"},"orders":["com.recognize_text.translate.screen","com.spaceship.screen.textcopy","com.tap_to_translate.snap_translate","com.gaminik.i18n","com.niven.translator","com.niven.apptranslate","com.niven.game","com.screen.translate.google","screen.translator.voice.translate","com.niven.comic","com.newmg.yurao.pro","com.google.android.apps.translate","com.translate.talkingtranslator","com.facebook.orca","com.android.chrome","com.google.android.apps.maps","com.discord","free.translate.all.language.translator","us.zoom.videomeetings","com.google.android.apps.photos"]},{"rank":{"index":2,"lang":"en","country":"in","chineseCountryName":"印度","pkg":"com.spaceship.screen.textcopy"},"orders":["com.recognize_text.translate.screen","com.spaceship.screen.textcopy","com.tap_to_translate.snap_translate","com.google.android.apps.translate","screen.translator.voice.translate","com.newmg.yurao.pro","com.gaminik.i18n","com.niven.translator","com.screen.translate.google","com.image.camera.translate.ai","com.zaz.translate","com.niven.apptranslate","com.niven.comic","com.niven.game","com.microsoft.translator","com.google.android.apps.docs","com.google.android.dialer","com.google.android.apps.photos","com.google.android.apps.maps","com.datacomprojects.scanandtranslate"]},{"rank":{"index":2,"lang":"id","country":"id","chineseCountryName":"印尼","pkg":"com.spaceship.screen.textcopy"},"orders":["com.recognize_text.translate.screen","com.spaceship.screen.textcopy","com.tap_to_translate.snap_translate","com.gaminik.i18n","com.niven.apptranslate","com.niven.translator","com.niven.game","com.niven.comic","com.screen.translate.google","com.google.android.apps.translate"]},{"rank":{"index":2,"lang":"es-mx","country":"mx","chineseCountryName":"墨西哥","pkg":"com.spaceship.screen.textcopy"},"orders":["com.recognize_text.translate.screen","com.spaceship.screen.textcopy","com.tap_to_translate.snap_translate","com.niven.apptranslate","screen.translator.voice.translate","com.google.android.apps.translate","com.niven.game","com.niven.comic","com.youdao.hindict","free.translate.all.language.translator","com.translate.talkingtranslator","com.microsoft.translator","com.languagetranslator.translatorapp.smartscanner.dictionary.translation.voicetranslator","all.language.translate.translator","com.screen.translate.google","com.zaz.translate","free.language.translate.translator","com.deepl.mobiletranslator","com.niven.translator","com.gaminik.i18n"]}]