[{"rank":{"index":3,"lang":"en-us","country":"us","chineseCountryName":"美国","pkg":"com.spaceship.screen.textcopy"},"orders":["com.recognize_text.translate.screen","com.google.android.apps.translate","com.spaceship.screen.textcopy","com.screen.translate.google","com.microsoft.translator","com.niven.translator","com.gaminik.i18n","com.niven.game","com.tap_to_translate.snap_translate","at.nk.tools.iTranslate","com.translate.talkingtranslator","com.niven.comic","com.naver.labs.translator","com.royalappcode.translation.voice.language.chat.interpreter","com.newmg.yurao.pro","com.google.ar.lens","com.sayhi.android.sayhitranslate","com.datacomprojects.scanandtranslate","com.deepl.mobiletranslator","com.language.translate.free.translator.voice.translation"]},{"rank":{"index":7,"lang":"ru","country":"ru","chineseCountryName":"俄罗斯","pkg":"com.spaceship.screen.textcopy"},"orders":["com.recognize_text.translate.screen","com.niven.translator","com.tap_to_translate.snap_translate","com.niven.game","com.gaminik.i18n","com.screen.translate.google","com.spaceship.screen.textcopy","com.niven.comic","ru.yandex.translate","com.microsoft.translator","com.newmg.yurao.pro","com.google.android.apps.translate","com.deepl.mobiletranslator","at.nk.tools.iTranslate","com.android.chrome","com.whatsapp","com.niven.apptranslate","com.discord","com.facebook.orca","com.google.android.dialer"]},{"rank":{"index":3,"lang":"pt-br","country":"br","chineseCountryName":"巴西","pkg":"com.spaceship.screen.textcopy"},"orders":["com.recognize_text.translate.screen","com.tap_to_translate.snap_translate","com.spaceship.screen.textcopy","com.niven.game","com.gaminik.i18n","com.screen.translate.google","com.microsoft.translator","com.google.android.apps.translate","com.niven.comic","at.nk.tools.iTranslate","com.deepl.mobiletranslator","com.newmg.yurao.pro","ru.yandex.translate","com.galaxy.airviewdictionary","com.naver.labs.translator","com.google.ar.lens","screen.translator.voice.translate","com.translate.talkingtranslator","com.sayhi.android.sayhitranslate","com.softissimo.reverso.context"]},{"rank":{"index":5,"lang":"fr","country":"fr","chineseCountryName":"法国","pkg":"com.spaceship.screen.textcopy"},"orders":["com.recognize_text.translate.screen","com.tap_to_translate.snap_translate","com.niven.game","com.gaminik.i18n","com.spaceship.screen.textcopy","com.niven.translator","com.screen.translate.google","com.microsoft.translator","com.niven.comic","com.google.android.apps.translate","com.image.camera.translate.ai","com.newmg.yurao.pro","at.nk.tools.iTranslate","com.datacomprojects.scanandtranslate","com.deepl.mobiletranslator","com.b1b.translator.voicetranslate.alllanguages.translator.app","com.wooask.zx","com.language.translate.free.translator.voice.translation","com.facebook.orca","com.tangdi.baiguotong"]},{"rank":{"index":8,"lang":"en-gb","country":"gb","chineseCountryName":"英国","pkg":"com.spaceship.screen.textcopy"},"orders":["com.recognize_text.translate.screen","com.gaminik.i18n","com.microsoft.translator","com.screen.translate.google","com.google.android.apps.translate","com.niven.translator","com.niven.game","com.spaceship.screen.textcopy","com.tap_to_translate.snap_translate","at.nk.tools.iTranslate","com.niven.comic","com.datacomprojects.scanandtranslate","com.newmg.yurao.pro","com.b1b.translator.voicetranslate.alllanguages.translator.app","com.image.camera.translate.ai","com.language.translate.free.translator.voice.translation","com.google.ar.lens","com.royalappcode.translation.voice.language.chat.interpreter","com.sayhi.android.sayhitranslate","com.translate.talkingtranslator"]},{"rank":{"index":8,"lang":"de","country":"de","chineseCountryName":"德国","pkg":"com.spaceship.screen.textcopy"},"orders":["com.recognize_text.translate.screen","com.tap_to_translate.snap_translate","com.screen.translate.google","com.microsoft.translator","com.niven.game","com.gaminik.i18n","com.niven.translator","com.spaceship.screen.textcopy","com.google.android.apps.translate","com.niven.comic","com.image.camera.translate.ai","com.deepl.mobiletranslator","at.nk.tools.iTranslate","com.translate.talkingtranslator","com.newmg.yurao.pro","com.datacomprojects.scanandtranslate","camtranslator.voice.text.image.translate","ru.yandex.translate","com.language.translate.free.translator.voice.translation","com.b1b.translator.voicetranslate.alllanguages.translator.app"]},{"rank":{"index":4,"lang":"it","country":"it","chineseCountryName":"意大利","pkg":"com.spaceship.screen.textcopy"},"orders":["com.recognize_text.translate.screen","com.niven.game","com.gaminik.i18n","com.spaceship.screen.textcopy","com.microsoft.translator","com.screen.translate.google","com.niven.translator","com.tap_to_translate.snap_translate","com.google.android.apps.translate","com.niven.comic","com.image.camera.translate.ai","com.datacomprojects.scanandtranslate","com.newmg.yurao.pro","at.nk.tools.iTranslate","com.deepl.mobiletranslator","com.b1b.translator.voicetranslate.alllanguages.translator.app","camtranslator.voice.text.image.translate","com.softissimo.reverso.context","com.language.translate.free.translator.voice.translation","com.aldoo.pdftranslatorpro"]},{"rank":{"index":10,"lang":"ja","country":"jp","chineseCountryName":"日本","pkg":"com.spaceship.screen.textcopy"},"orders":["com.recognize_text.translate.screen","com.niven.game","com.niven.translator","com.gaminik.i18n","com.screen.translate.google","com.google.android.apps.translate","com.microsoft.translator","com.tap_to_translate.snap_translate","com.niven.comic","com.spaceship.screen.textcopy","com.naver.labs.translator","com.deepl.mobiletranslator","com.google.ar.lens","com.datacomprojects.scanandtranslate","com.b1b.translator.voicetranslate.alllanguages.translator.app","com.image.camera.translate.ai","at.nk.tools.iTranslate","com.translate.talkingtranslator","com.youdao.hindict","com.android.chrome"]},{"rank":{"index":7,"lang":"ko","country":"kr","chineseCountryName":"韩国","pkg":"com.spaceship.screen.textcopy"},"orders":["com.recognize_text.translate.screen","com.tap_to_translate.snap_translate","com.gaminik.i18n","com.niven.translator","com.screen.translate.google","com.niven.game","com.spaceship.screen.textcopy","com.niven.comic","com.google.android.apps.translate","com.naver.labs.translator","com.microsoft.translator","com.image.camera.translate.ai","com.newmg.yurao.pro","com.deepl.mobiletranslator","at.nk.tools.iTranslate","com.facebook.orca","com.whatsapp","com.b1b.translator.voicetranslate.alllanguages.translator.app","com.translate.talkingtranslator","com.google.ar.lens"]},{"rank":{"index":9,"lang":"zh-hk","country":"hk","chineseCountryName":"香港","pkg":"com.spaceship.screen.textcopy"},"orders":["com.recognize_text.translate.screen","com.gaminik.i18n","com.niven.game","com.screen.translate.google","com.niven.translator","com.microsoft.translator","com.tap_to_translate.snap_translate","com.google.android.apps.translate","com.spaceship.screen.textcopy","com.niven.comic","at.nk.tools.iTranslate","com.image.camera.translate.ai","com.newmg.yurao.pro","com.naver.labs.translator","com.translate.talkingtranslator","com.tangdi.baiguotong","com.datacomprojects.scanandtranslate","com.deepl.mobiletranslator","com.b1b.translator.voicetranslate.alllanguages.translator.app","com.google.ar.lens"]},{"rank":{"index":8,"lang":"zh-tw","country":"tw","chineseCountryName":"台湾","pkg":"com.spaceship.screen.textcopy"},"orders":["com.recognize_text.translate.screen","com.niven.game","com.gaminik.i18n","com.screen.translate.google","com.niven.translator","com.microsoft.translator","com.tap_to_translate.snap_translate","com.spaceship.screen.textcopy","com.google.android.apps.translate","com.niven.comic","at.nk.tools.iTranslate","com.image.camera.translate.ai","com.newmg.yurao.pro","com.tangdi.baiguotong","com.datacomprojects.scanandtranslate","com.translate.talkingtranslator","com.naver.labs.translator","com.deepl.mobiletranslator","com.b1b.translator.voicetranslate.alllanguages.translator.app","com.language.translate.free.translator.voice.translation"]},{"rank":{"index":7,"lang":"en","country":"in","chineseCountryName":"印度","pkg":"com.spaceship.screen.textcopy"},"orders":["com.recognize_text.translate.screen","com.google.android.apps.translate","com.tap_to_translate.snap_translate","com.screen.translate.google","com.niven.translator","com.niven.game","com.spaceship.screen.textcopy","at.nk.tools.iTranslate","com.newmg.yurao.pro","com.gaminik.i18n","com.zaz.translate","com.google.ar.lens","com.naver.labs.translator","com.niven.comic","com.deepl.mobiletranslator","com.sayhi.android.sayhitranslate","ru.yandex.translate","com.translate.talkingtranslator","com.microsoft.translator"]},{"rank":{"index":7,"lang":"id","country":"id","chineseCountryName":"印尼","pkg":"com.spaceship.screen.textcopy"},"orders":["com.recognize_text.translate.screen","com.tap_to_translate.snap_translate","com.niven.translator","com.niven.game","com.gaminik.i18n","com.screen.translate.google","com.spaceship.screen.textcopy","com.niven.comic","com.newmg.yurao.pro","com.google.android.apps.translate"]},{"rank":{"index":4,"lang":"es-mx","country":"mx","chineseCountryName":"墨西哥","pkg":"com.spaceship.screen.textcopy"},"orders":["com.recognize_text.translate.screen","com.tap_to_translate.snap_translate","com.niven.game","com.spaceship.screen.textcopy","com.microsoft.translator","com.gaminik.i18n","com.google.android.apps.translate","at.nk.tools.iTranslate","com.screen.translate.google","com.niven.comic","com.deepl.mobiletranslator","com.newmg.yurao.pro","ru.yandex.translate","com.naver.labs.translator","com.youdao.hindict","com.translate.talkingtranslator","com.niven.translator"]}]