[{"rank":{"index":2,"lang":"en-us","country":"us","chineseCountryName":"美国","pkg":"com.spaceship.screen.textcopy"},"orders":["com.recognize_text.translate.screen","com.spaceship.screen.textcopy","com.google.android.apps.translate","com.screen.translate.google","com.gaminik.i18n","com.yoyodev.screentranslate","at.nk.tools.iTranslate","com.niven.translator","com.tap_to_translate.snap_translate","com.microsoft.translator","com.aurasense.screentranslate","ru.yandex.translate","photo.translate.camera.translator","com.newmg.yurao.pro","co.appnation.aivoicetranslator","com.live.translator.ai","com.deepl.mobiletranslator","com.zaz.translate","com.niven.game","translate.speech.text.translation.voicetranslator"]},{"rank":{"index":4,"lang":"ru","country":"ru","chineseCountryName":"俄罗斯","pkg":"com.spaceship.screen.textcopy"},"orders":["com.recognize_text.translate.screen","com.niven.translator","com.tap_to_translate.snap_translate","com.spaceship.screen.textcopy","com.yoyodev.screentranslate","ru.yandex.translate","com.gaminik.i18n","com.microsoft.translator","at.nk.tools.iTranslate"]},{"rank":{"index":2,"lang":"pt-br","country":"br","chineseCountryName":"巴西","pkg":"com.spaceship.screen.textcopy"},"orders":["com.recognize_text.translate.screen","com.spaceship.screen.textcopy","com.gaminik.i18n","com.tap_to_translate.snap_translate","com.niven.translator","com.google.android.apps.translate","at.nk.tools.iTranslate","com.screen.translate.google","com.microsoft.translator","ru.yandex.translate","com.zaz.translate","co.appnation.aivoicetranslator","photo.translate.camera.translator","com.niven.game","com.newmg.yurao.pro","com.galaxy.airviewdictionary","com.transgull.translator","translate.speech.text.translation.voicetranslator","com.deepl.mobiletranslator","com.kursx.smartbook"]},{"rank":{"index":2,"lang":"fr","country":"fr","chineseCountryName":"法国","pkg":"com.spaceship.screen.textcopy"},"orders":["com.recognize_text.translate.screen","com.spaceship.screen.textcopy","com.tap_to_translate.snap_translate","com.gaminik.i18n","com.yoyodev.screentranslate","com.niven.translator","com.screen.translate.google","com.aurasense.screentranslate","com.newmg.yurao.pro","com.niven.game","com.galaxy.airviewdictionary","photo.translate.camera.translator","co.appnation.aivoicetranslator","com.niven.apptranslate","com.newtranslate.google","at.nk.tools.iTranslate","com.microsoft.translator","com.mg.chat","live.screentranslate.realtime","com.niven.comic"]},{"rank":{"index":2,"lang":"en-gb","country":"gb","chineseCountryName":"英国","pkg":"com.spaceship.screen.textcopy"},"orders":["com.recognize_text.translate.screen","com.spaceship.screen.textcopy","com.screen.translate.google","com.gaminik.i18n","com.yoyodev.screentranslate","com.tap_to_translate.snap_translate","com.niven.translator","com.galaxy.airviewdictionary","at.nk.tools.iTranslate","com.aurasense.screentranslate","photo.translate.camera.translator","com.google.android.apps.translate","com.microsoft.translator","com.niven.game","co.appnation.aivoicetranslator","com.newmg.yurao.pro","ru.yandex.translate","translate.speech.text.translation.voicetranslator","com.deepl.mobiletranslator","com.transgull.translator"]},{"rank":{"index":2,"lang":"de","country":"de","chineseCountryName":"德国","pkg":"com.spaceship.screen.textcopy"},"orders":["com.recognize_text.translate.screen","com.spaceship.screen.textcopy","com.gaminik.i18n","com.yoyodev.screentranslate","com.tap_to_translate.snap_translate","com.niven.translator","com.screen.translate.google","at.nk.tools.iTranslate","com.google.android.apps.translate","com.microsoft.translator","com.galaxy.airviewdictionary","com.aurasense.screentranslate","com.newmg.yurao.pro","photo.translate.camera.translator","co.appnation.aivoicetranslator","ru.yandex.translate","com.niven.game","com.zaz.translate","com.pons.onlinedictionary","com.deepl.mobiletranslator"]},{"rank":{"index":3,"lang":"it","country":"it","chineseCountryName":"意大利","pkg":"com.spaceship.screen.textcopy"},"orders":["com.recognize_text.translate.screen","com.tap_to_translate.snap_translate","com.spaceship.screen.textcopy","com.gaminik.i18n","com.yoyodev.screentranslate","com.screen.translate.google","com.niven.translator","com.aurasense.screentranslate","com.google.android.apps.translate","co.appnation.aivoicetranslator","com.newmg.yurao.pro","at.nk.tools.iTranslate","photo.translate.camera.translator","com.microsoft.translator","com.live.translator.ai","com.niven.game","com.transgull.translator","com.zaz.translate","ru.yandex.translate","com.galaxy.airviewdictionary"]},{"rank":{"index":3,"lang":"ja","country":"jp","chineseCountryName":"日本","pkg":"com.spaceship.screen.textcopy"},"orders":["com.recognize_text.translate.screen","com.tap_to_translate.snap_translate","com.spaceship.screen.textcopy","com.gaminik.i18n","com.google.android.apps.translate","com.screen.translate.google","com.microsoft.translator","at.nk.tools.iTranslate","com.zaz.translate","ru.yandex.translate","com.niven.translator"]},{"rank":{"index":2,"lang":"ko","country":"kr","chineseCountryName":"韩国","pkg":"com.spaceship.screen.textcopy"},"orders":["com.recognize_text.translate.screen","com.spaceship.screen.textcopy","com.gaminik.i18n","com.screen.translate.google","com.tap_to_translate.snap_translate","com.niven.translator","com.galaxy.airviewdictionary","com.aurasense.screentranslate","at.nk.tools.iTranslate","co.appnation.aivoicetranslator","com.microsoft.translator","photo.translate.camera.translator","ru.yandex.translate"]},{"rank":{"index":2,"lang":"zh-hk","country":"hk","chineseCountryName":"香港","pkg":"com.spaceship.screen.textcopy"},"orders":["com.recognize_text.translate.screen","com.spaceship.screen.textcopy","com.gaminik.i18n","com.yoyodev.screentranslate","com.screen.translate.google","com.niven.translator","com.aurasense.screentranslate","at.nk.tools.iTranslate","com.tap_to_translate.snap_translate","photo.translate.camera.translator","com.galaxy.airviewdictionary","com.niven.game","com.newmg.yurao.pro","co.appnation.aivoicetranslator","ru.yandex.translate","com.transgull.translator","com.microsoft.translator","com.deepl.mobiletranslator","com.niven.apptranslate","com.google.android.apps.translate"]},{"rank":{"index":2,"lang":"zh-tw","country":"tw","chineseCountryName":"台湾","pkg":"com.spaceship.screen.textcopy"},"orders":["com.recognize_text.translate.screen","com.spaceship.screen.textcopy","com.gaminik.i18n","com.screen.translate.google","com.yoyodev.screentranslate","com.niven.translator","com.aurasense.screentranslate","at.nk.tools.iTranslate","photo.translate.camera.translator","com.tap_to_translate.snap_translate","com.niven.game","co.appnation.aivoicetranslator","com.newmg.yurao.pro","com.transgull.translator","com.zaz.translate"]},{"rank":{"index":0,"lang":"en","country":"in","chineseCountryName":"印度","pkg":"com.spaceship.screen.textcopy"},"orders":["com.recognize_text.translate.screen","com.gaminik.i18n","com.google.android.apps.translate","com.tap_to_translate.snap_translate","at.nk.tools.iTranslate","com.zaz.translate","photo.translate.camera.translator","ru.yandex.translate","co.appnation.aivoicetranslator","com.niven.translator","com.screen.translate.google","com.yoyodev.screentranslate","com.galaxy.airviewdictionary","com.newmg.yurao.pro","com.newtranslate.google","translate.speech.text.translation.voicetranslator","com.aurasense.screentranslate","com.fapp.translate.language.translator.fasttranslation","com.niven.game","com.deepl.mobiletranslator"]},{"rank":{"index":3,"lang":"id","country":"id","chineseCountryName":"印尼","pkg":"com.spaceship.screen.textcopy"},"orders":["com.recognize_text.translate.screen","com.tap_to_translate.snap_translate","com.spaceship.screen.textcopy","com.gaminik.i18n","com.niven.translator","com.yoyodev.screentranslate","at.nk.tools.iTranslate","com.google.android.apps.translate","com.screen.translate.google","com.aurasense.screentranslate","com.zaz.translate","com.niven.game","com.microsoft.translator"]},{"rank":{"index":13,"lang":"es-mx","country":"mx","chineseCountryName":"墨西哥","pkg":"com.spaceship.screen.textcopy"},"orders":["com.recognize_text.translate.screen","com.tap_to_translate.snap_translate","com.gaminik.i18n","at.nk.tools.iTranslate","com.google.android.apps.translate","ru.yandex.translate","com.zaz.translate","com.deepl.mobiletranslator","photo.translate.camera.translator","com.pons.onlinedictionary","co.appnation.aivoicetranslator","com.transgull.translator","com.spaceship.screen.textcopy","com.galaxy.airviewdictionary","com.screen.translate.google","com.yoyodev.screentranslate","com.niven.translator","com.newmg.yurao.pro","com.kursx.smartbook","com.datacomprojects.scanandtranslate"]}]