[{"rank":{"index":2,"lang":"en-us","country":"us","chineseCountryName":"美国","pkg":"com.spaceship.screen.textcopy"},"orders":["com.recognize_text.translate.screen","com.spaceship.screen.textcopy","com.tap_to_translate.snap_translate","com.niven.translator","com.microsoft.translator","com.google.android.apps.translate","com.gaminik.i18n","com.niven.game","com.newmg.yurao.pro","com.zaz.translate","com.niven.comic","com.sayhi.android.sayhitranslate","com.naver.labs.translator","com.translate.language.translator.voice.translation","com.mobisystems.msdict.embedded.wireless.collins.ee","com.language.translate.free.translator.voice.translation","com.translate.talkingtranslator","com.deepl.mobiletranslator","com.tangdi.baiguotong","translate.all.language.translator.cameratranslator"]},{"rank":{"index":2,"lang":"ru","country":"ru","chineseCountryName":"俄罗斯","pkg":"com.spaceship.screen.textcopy"},"orders":["com.recognize_text.translate.screen","com.spaceship.screen.textcopy","com.niven.translator","com.tap_to_translate.snap_translate","com.microsoft.translator","com.niven.game","com.gaminik.i18n","ru.yandex.translate","com.google.android.apps.translate","com.deepl.mobiletranslator","com.niven.comic","com.newmg.yurao.pro","com.translate.language.translator.voice.translation","com.tangdi.baiguotong","com.kursx.smartbook","com.erudite.translator","com.language.translate.free.translator.voice.translation","com.screen.translate.google","com.zaz.translate","com.datacomprojects.scanandtranslate"]},{"rank":{"index":2,"lang":"pt-br","country":"br","chineseCountryName":"巴西","pkg":"com.spaceship.screen.textcopy"},"orders":["com.recognize_text.translate.screen","com.spaceship.screen.textcopy","com.tap_to_translate.snap_translate","com.niven.game","com.gaminik.i18n","com.niven.translator","com.niven.comic","com.microsoft.translator","com.newmg.yurao.pro","com.google.android.apps.translate","com.language.translate.free.translator.voice.translation","com.deepl.mobiletranslator","com.youdao.hindict","com.zaz.translate","com.screen.translate.google","com.aldoo.pdftranslatorpro","com.tangdi.baiguotong","com.softissimo.reverso.context","translate.all.language.translator.cameratranslator","com.android.chrome"]},{"rank":{"index":2,"lang":"fr","country":"fr","chineseCountryName":"法国","pkg":"com.spaceship.screen.textcopy"},"orders":["com.recognize_text.translate.screen","com.spaceship.screen.textcopy","com.tap_to_translate.snap_translate","com.gaminik.i18n","com.niven.translator","com.niven.game","com.microsoft.translator","com.newmg.yurao.pro","com.niven.comic","com.google.android.apps.translate","com.language.translate.free.translator.voice.translation","com.zaz.translate","com.tangdi.baiguotong","com.deepl.mobiletranslator","translate.all.language.translator.cameratranslator","com.translate.talkingtranslator","com.translate.language.translator.voice.translation","com.erudite.translator","ru.yandex.translate","com.aldoo.pdftranslatorpro"]},{"rank":{"index":2,"lang":"en-gb","country":"gb","chineseCountryName":"英国","pkg":"com.spaceship.screen.textcopy"},"orders":["com.recognize_text.translate.screen","com.spaceship.screen.textcopy","com.tap_to_translate.snap_translate","com.google.android.apps.translate","com.microsoft.translator","com.niven.translator","com.gaminik.i18n","com.niven.game","com.zaz.translate","com.newmg.yurao.pro","com.mobisystems.msdict.embedded.wireless.collins.ee","com.niven.comic","com.deepl.mobiletranslator","com.language.translate.free.translator.voice.translation","com.translate.language.translator.voice.translation","com.sayhi.android.sayhitranslate","com.tangdi.baiguotong","ru.yandex.translate","com.naver.labs.translator","com.erudite.translator"]},{"rank":{"index":2,"lang":"de","country":"de","chineseCountryName":"德国","pkg":"com.spaceship.screen.textcopy"},"orders":["com.recognize_text.translate.screen","com.spaceship.screen.textcopy","com.tap_to_translate.snap_translate","com.microsoft.translator","com.gaminik.i18n","com.niven.translator","com.niven.game","com.deepl.mobiletranslator","com.google.android.apps.translate","com.newmg.yurao.pro","com.niven.comic","com.translate.talkingtranslator","com.language.translate.free.translator.voice.translation","com.zaz.translate","com.tangdi.baiguotong","com.erudite.translator","translate.all.language.translator.cameratranslator","com.mobisystems.msdict.embedded.wireless.collins.ee","ru.yandex.translate","com.screen.translate.google"]},{"rank":{"index":2,"lang":"it","country":"it","chineseCountryName":"意大利","pkg":"com.spaceship.screen.textcopy"},"orders":["com.recognize_text.translate.screen","com.spaceship.screen.textcopy","com.tap_to_translate.snap_translate","com.niven.translator","com.gaminik.i18n","com.niven.game","com.microsoft.translator","com.niven.comic","com.newmg.yurao.pro","com.google.android.apps.translate","com.tangdi.baiguotong","com.language.translate.free.translator.voice.translation","translate.all.language.translator.cameratranslator","com.deepl.mobiletranslator","com.aldoo.pdftranslatorpro","com.zaz.translate","com.erudite.translator","com.translate.language.translator.voice.translation","com.image.camera.translate.ai","com.softissimo.reverso.context"]},{"rank":{"index":2,"lang":"ja","country":"jp","chineseCountryName":"日本","pkg":"com.spaceship.screen.textcopy"},"orders":["com.recognize_text.translate.screen","com.spaceship.screen.textcopy","com.tap_to_translate.snap_translate","com.niven.translator","com.gaminik.i18n","com.niven.game","com.microsoft.translator","com.newmg.yurao.pro","com.deepl.mobiletranslator","com.niven.comic","com.naver.labs.translator","com.google.android.apps.translate"]},{"rank":{"index":2,"lang":"ko","country":"kr","chineseCountryName":"韩国","pkg":"com.spaceship.screen.textcopy"},"orders":["com.recognize_text.translate.screen","com.spaceship.screen.textcopy","com.tap_to_translate.snap_translate","com.microsoft.translator","com.naver.labs.translator","com.niven.translator","com.gaminik.i18n","com.google.android.apps.translate","com.niven.game","com.deepl.mobiletranslator","com.niven.comic","com.newmg.yurao.pro","com.translate.language.translator.voice.translation","com.zaz.translate","com.language.translate.free.translator.voice.translation","com.flitto.app","com.mobisystems.msdict.embedded.wireless.collins.ee","com.translate.talkingtranslator","translate.all.language.translator.cameratranslator","com.sayhi.android.sayhitranslate"]},{"rank":{"index":2,"lang":"zh-hk","country":"hk","chineseCountryName":"香港","pkg":"com.spaceship.screen.textcopy"},"orders":["com.recognize_text.translate.screen","com.spaceship.screen.textcopy","com.microsoft.translator","com.tap_to_translate.snap_translate","com.google.android.apps.translate","com.niven.translator","com.gaminik.i18n","com.niven.game","com.niven.comic","com.naver.labs.translator","com.tangdi.baiguotong","com.deepl.mobiletranslator","com.newmg.yurao.pro","com.translate.language.translator.voice.translation","com.zaz.translate","com.language.translate.free.translator.voice.translation","com.sayhi.android.sayhitranslate","com.erudite.translator","com.mobisystems.msdict.embedded.wireless.collins.ee","com.translate.talkingtranslator"]},{"rank":{"index":2,"lang":"zh-tw","country":"tw","chineseCountryName":"台湾","pkg":"com.spaceship.screen.textcopy"},"orders":["com.recognize_text.translate.screen","com.spaceship.screen.textcopy","com.tap_to_translate.snap_translate","com.microsoft.translator","com.google.android.apps.translate","com.niven.translator","com.gaminik.i18n","com.niven.game","com.naver.labs.translator","com.translate.language.translator.voice.translation","com.niven.comic","com.tangdi.baiguotong","com.zaz.translate","com.newmg.yurao.pro","com.language.translate.free.translator.voice.translation","com.deepl.mobiletranslator","com.translate.talkingtranslator","ru.yandex.translate","com.sayhi.android.sayhitranslate","com.erudite.translator"]},{"rank":{"index":2,"lang":"en","country":"in","chineseCountryName":"印度","pkg":"com.spaceship.screen.textcopy"},"orders":["com.recognize_text.translate.screen","com.spaceship.screen.textcopy","com.tap_to_translate.snap_translate","com.google.android.apps.translate","com.zaz.translate","com.niven.game","com.gaminik.i18n","ru.yandex.translate","com.sayhi.android.sayhitranslate","com.deepl.mobiletranslator","at.nk.tools.iTranslate","com.ticktalk.translatevoice","com.softissimo.reverso.context","com.newmg.yurao.pro","com.niven.translator","com.galaxy.airviewdictionary","screen.translator.voice.translate","com.niven.comic","translate.all.language.translator.cameratranslator","com.translate.talkingtranslator"]},{"rank":{"index":2,"lang":"id","country":"id","chineseCountryName":"印尼","pkg":"com.spaceship.screen.textcopy"},"orders":["com.recognize_text.translate.screen","com.spaceship.screen.textcopy","com.tap_to_translate.snap_translate","com.niven.translator","com.gaminik.i18n","com.niven.game","com.newmg.yurao.pro","com.youdao.hindict","com.niven.comic","com.google.android.apps.translate","com.microsoft.translator","com.deepl.mobiletranslator"]},{"rank":{"index":2,"lang":"es-mx","country":"mx","chineseCountryName":"墨西哥","pkg":"com.spaceship.screen.textcopy"},"orders":["com.recognize_text.translate.screen","com.spaceship.screen.textcopy","com.tap_to_translate.snap_translate","com.niven.game","com.gaminik.i18n","com.niven.translator","com.microsoft.translator","com.niven.comic","com.newmg.yurao.pro","com.google.android.apps.translate","com.aldoo.pdftranslatorpro","com.youdao.hindict","com.language.translate.free.translator.voice.translation","com.tangdi.baiguotong","com.zaz.translate","com.deepl.mobiletranslator","translate.all.language.translator.cameratranslator","com.screen.translate.google","com.mobisystems.msdict.embedded.wireless.collins.ee","com.android.chrome"]}]