[{"rank":{"index":2,"lang":"en-us","country":"us","chineseCountryName":"美国","pkg":"com.spaceship.screen.textcopy"},"orders":["com.recognize_text.translate.screen","com.spaceship.screen.textcopy","com.tap_to_translate.snap_translate","com.niven.translator","com.gaminik.i18n","com.aurasense.screentranslate","com.newmg.yurao.pro","com.google.android.apps.translate","com.deepl.mobiletranslator","com.microsoft.translator","at.nk.tools.iTranslate","com.hive.lingonative","com.zaz.translate","com.screen.translate.google","com.yoyodev.screentranslate","ru.yandex.translate","com.naver.labs.translator","photo.translate.camera.translator","link.zhidou.btranslator","live.screentranslate.realtime"]},{"rank":{"index":4,"lang":"ru","country":"ru","chineseCountryName":"俄罗斯","pkg":"com.spaceship.screen.textcopy"},"orders":["com.recognize_text.translate.screen","com.niven.translator","com.tap_to_translate.snap_translate","com.spaceship.screen.textcopy","com.gaminik.i18n","com.newmg.yurao.pro","com.microsoft.translator","com.yoyodev.screentranslate","com.hive.lingonative","ru.yandex.translate","com.screen.translate.google","at.nk.tools.iTranslate","com.zaz.translate","com.google.android.apps.translate","live.screentranslate.realtime","photo.translate.camera.translator","link.zhidou.btranslator","com.galaxy.airviewdictionary","com.niven.game","com.niven.apptranslate"]},{"rank":{"index":2,"lang":"pt-br","country":"br","chineseCountryName":"巴西","pkg":"com.spaceship.screen.textcopy"},"orders":["com.recognize_text.translate.screen","com.spaceship.screen.textcopy","com.gaminik.i18n","com.tap_to_translate.snap_translate","com.niven.translator","com.google.android.apps.translate","com.microsoft.translator","com.newmg.yurao.pro","com.zaz.translate","com.hive.lingonative","com.deepl.mobiletranslator","ru.yandex.translate","link.zhidou.btranslator","at.nk.tools.iTranslate","com.screen.translate.google","com.niven.game","co.appnation.aivoicetranslator","co.langlang.translator_for_wsp","com.naver.labs.translator","translate.speech.text.translation.voicetranslator"]},{"rank":{"index":2,"lang":"fr","country":"fr","chineseCountryName":"法国","pkg":"com.spaceship.screen.textcopy"},"orders":["com.recognize_text.translate.screen","com.spaceship.screen.textcopy","com.tap_to_translate.snap_translate","com.gaminik.i18n","com.niven.translator","com.newmg.yurao.pro","com.hive.lingonative","com.yoyodev.screentranslate","com.aurasense.screentranslate","com.screen.translate.google","com.zaz.translate","com.microsoft.translator","com.deepl.mobiletranslator","com.google.android.apps.translate","link.zhidou.btranslator","at.nk.tools.iTranslate","photo.translate.camera.translator","live.screentranslate.realtime","co.appnation.aivoicetranslator","ru.yandex.translate"]},{"rank":{"index":2,"lang":"en-gb","country":"gb","chineseCountryName":"英国","pkg":"com.spaceship.screen.textcopy"},"orders":["com.recognize_text.translate.screen","com.spaceship.screen.textcopy","com.tap_to_translate.snap_translate","com.google.android.apps.translate","com.deepl.mobiletranslator","com.zaz.translate","at.nk.tools.iTranslate","ru.yandex.translate","link.zhidou.btranslator","co.appnation.aivoicetranslator","com.niven.translator","com.newmg.yurao.pro","com.aurasense.screentranslate","com.naver.labs.translator","com.galaxy.airviewdictionary","translate.speech.text.translation.voicetranslator","com.screen.translate.google","com.softissimo.reverso.context","co.langlang.translator_for_wsp","photo.translate.camera.translator"]},{"rank":{"index":2,"lang":"de","country":"de","chineseCountryName":"德国","pkg":"com.spaceship.screen.textcopy"},"orders":["com.recognize_text.translate.screen","com.spaceship.screen.textcopy","com.niven.translator","com.tap_to_translate.snap_translate","com.gaminik.i18n","com.newmg.yurao.pro","com.hive.lingonative","com.yoyodev.screentranslate","com.screen.translate.google","com.google.android.apps.translate","link.zhidou.btranslator","com.zaz.translate","com.aurasense.screentranslate","com.deepl.mobiletranslator","com.galaxy.airviewdictionary","com.microsoft.translator","live.screentranslate.realtime","at.nk.tools.iTranslate","ru.yandex.translate","com.niven.apptranslate"]},{"rank":{"index":2,"lang":"it","country":"it","chineseCountryName":"意大利","pkg":"com.spaceship.screen.textcopy"},"orders":["com.recognize_text.translate.screen","com.spaceship.screen.textcopy","com.tap_to_translate.snap_translate","com.gaminik.i18n","com.niven.translator","com.newmg.yurao.pro","com.screen.translate.google","com.yoyodev.screentranslate","com.hive.lingonative","com.google.android.apps.translate","link.zhidou.btranslator","com.aurasense.screentranslate","com.zaz.translate","com.microsoft.translator","com.deepl.mobiletranslator","com.galaxy.airviewdictionary","at.nk.tools.iTranslate","live.screentranslate.realtime","ru.yandex.translate","co.appnation.aivoicetranslator"]},{"rank":{"index":2,"lang":"ja","country":"jp","chineseCountryName":"日本","pkg":"com.spaceship.screen.textcopy"},"orders":["com.recognize_text.translate.screen","com.spaceship.screen.textcopy","com.tap_to_translate.snap_translate","com.gaminik.i18n","com.niven.translator","com.newmg.yurao.pro","com.hive.lingonative","com.aurasense.screentranslate","com.screen.translate.google","com.zaz.translate","com.naver.labs.translator","com.google.android.apps.translate","com.microsoft.translator"]},{"rank":{"index":2,"lang":"ko","country":"kr","chineseCountryName":"韩国","pkg":"com.spaceship.screen.textcopy"},"orders":["com.recognize_text.translate.screen","com.spaceship.screen.textcopy","com.tap_to_translate.snap_translate","com.gaminik.i18n","com.niven.translator","com.newmg.yurao.pro","com.screen.translate.google","com.hive.lingonative","com.aurasense.screentranslate","com.google.android.apps.translate","com.zaz.translate","com.naver.labs.translator","link.zhidou.btranslator","com.microsoft.translator","com.deepl.mobiletranslator","live.screentranslate.realtime"]},{"rank":{"index":2,"lang":"zh-hk","country":"hk","chineseCountryName":"香港","pkg":"com.spaceship.screen.textcopy"},"orders":["com.recognize_text.translate.screen","com.spaceship.screen.textcopy","com.tap_to_translate.snap_translate","com.newmg.yurao.pro","com.gaminik.i18n","com.niven.translator","com.aurasense.screentranslate","com.microsoft.translator","com.google.android.apps.translate","com.screen.translate.google","com.zaz.translate","at.nk.tools.iTranslate","com.hive.lingonative","link.zhidou.btranslator","com.galaxy.airviewdictionary","com.naver.labs.translator","com.deepl.mobiletranslator","ru.yandex.translate","com.yoyodev.screentranslate","photo.translate.camera.translator"]},{"rank":{"index":2,"lang":"zh-tw","country":"tw","chineseCountryName":"台湾","pkg":"com.spaceship.screen.textcopy"},"orders":["com.recognize_text.translate.screen","com.spaceship.screen.textcopy","com.tap_to_translate.snap_translate","com.newmg.yurao.pro","com.gaminik.i18n","com.niven.translator","com.aurasense.screentranslate","com.google.android.apps.translate","com.microsoft.translator","at.nk.tools.iTranslate","com.screen.translate.google","com.zaz.translate","link.zhidou.btranslator","com.hive.lingonative","com.deepl.mobiletranslator","com.naver.labs.translator","com.galaxy.airviewdictionary","ru.yandex.translate","photo.translate.camera.translator","com.yoyodev.screentranslate"]},{"rank":{"index":0,"lang":"en","country":"in","chineseCountryName":"印度","pkg":"com.spaceship.screen.textcopy"},"orders":["com.recognize_text.translate.screen","com.tap_to_translate.snap_translate","com.gaminik.i18n","com.google.android.apps.translate","com.zaz.translate","at.nk.tools.iTranslate","com.deepl.mobiletranslator","ru.yandex.translate","photo.translate.camera.translator","com.newmg.yurao.pro","com.niven.translator","com.galaxy.airviewdictionary","com.aurasense.screentranslate","screen.translator.voice.translate","com.screen.translate.google","translate.speech.text.translation.voicetranslator","com.gyaser.screen.translator","com.translate.talkingtranslator","com.hive.lingonative","com.softissimo.reverso.context"]},{"rank":{"index":2,"lang":"id","country":"id","chineseCountryName":"印尼","pkg":"com.spaceship.screen.textcopy"},"orders":["com.recognize_text.translate.screen","com.spaceship.screen.textcopy","com.tap_to_translate.snap_translate","com.niven.translator","com.gaminik.i18n","com.newmg.yurao.pro","com.aurasense.screentranslate","com.deepl.mobiletranslator","com.microsoft.translator","com.hive.lingonative","com.zaz.translate","com.google.android.apps.translate","com.yoyodev.screentranslate","at.nk.tools.iTranslate","com.screen.translate.google","photo.translate.camera.translator","ru.yandex.translate","link.zhidou.btranslator","com.niven.game","com.naver.labs.translator"]},{"rank":{"index":2,"lang":"es-mx","country":"mx","chineseCountryName":"墨西哥","pkg":"com.spaceship.screen.textcopy"},"orders":["com.recognize_text.translate.screen","com.spaceship.screen.textcopy","com.tap_to_translate.snap_translate","com.gaminik.i18n","com.niven.translator","com.google.android.apps.translate","com.aurasense.screentranslate","com.newmg.yurao.pro","com.hive.lingonative","com.yoyodev.screentranslate","com.zaz.translate","link.zhidou.btranslator","com.microsoft.translator","com.screen.translate.google","com.deepl.mobiletranslator","ru.yandex.translate","live.screentranslate.realtime","at.nk.tools.iTranslate","com.niven.game","co.appnation.aivoicetranslator"]}]