[{"rank":{"index":2,"lang":"en-us","country":"us","chineseCountryName":"美国","pkg":"com.spaceship.screen.textcopy"},"orders":["com.recognize_text.translate.screen","com.spaceship.screen.textcopy","com.tap_to_translate.snap_translate","com.gaminik.i18n","com.google.android.apps.translate","com.niven.translator","com.newmg.yurao.pro","com.microsoft.translator","com.zaz.translate","com.screen.translate.google","com.niven.game","at.nk.tools.iTranslate","com.eecorp.linguago","live.screentranslate.realtime","com.niven.apptranslate","com.deepl.mobiletranslator","com.datacomprojects.scanandtranslate","com.naver.labs.translator","com.translate.talkingtranslator","com.google.ar.lens"]},{"rank":{"index":0,"lang":"ru","country":"ru","chineseCountryName":"俄罗斯","pkg":"com.spaceship.screen.textcopy"},"orders":["com.recognize_text.translate.screen","com.tap_to_translate.snap_translate","com.niven.translator","com.newmg.yurao.pro","com.google.android.apps.translate","com.microsoft.translator","com.gaminik.i18n","com.niven.game","ru.yandex.translate","com.zaz.translate","com.datacomprojects.scanandtranslate","com.deepl.mobiletranslator","com.screen.translate.google","at.nk.tools.iTranslate","com.niven.apptranslate","com.eecorp.linguago","live.screentranslate.realtime","com.google.ar.lens","com.traductorweb","com.immersivetranslate.browser"]},{"rank":{"index":2,"lang":"pt-br","country":"br","chineseCountryName":"巴西","pkg":"com.spaceship.screen.textcopy"},"orders":["com.recognize_text.translate.screen","com.spaceship.screen.textcopy","com.tap_to_translate.snap_translate","com.newmg.yurao.pro","com.gaminik.i18n","com.niven.translator","com.niven.game","com.zaz.translate","com.microsoft.translator","com.google.android.apps.translate","com.niven.apptranslate","com.screen.translate.google","com.eecorp.linguago","live.screentranslate.realtime","com.deepl.mobiletranslator","at.nk.tools.iTranslate","com.google.ar.lens","com.datacomprojects.scanandtranslate","com.feraset.dub","com.immersivetranslate.browser"]},{"rank":{"index":2,"lang":"fr","country":"fr","chineseCountryName":"法国","pkg":"com.spaceship.screen.textcopy"},"orders":["com.recognize_text.translate.screen","com.spaceship.screen.textcopy","com.tap_to_translate.snap_translate","com.newmg.yurao.pro","com.niven.translator","com.gaminik.i18n","com.microsoft.translator","com.zaz.translate","com.google.android.apps.translate","com.eecorp.linguago","com.datacomprojects.scanandtranslate","com.screen.translate.google","com.niven.game","com.niven.apptranslate","live.screentranslate.realtime","com.deepl.mobiletranslator","at.nk.tools.iTranslate","com.google.ar.lens","com.traductorweb","ru.yandex.translate"]},{"rank":{"index":2,"lang":"en-gb","country":"gb","chineseCountryName":"英国","pkg":"com.spaceship.screen.textcopy"},"orders":["com.recognize_text.translate.screen","com.spaceship.screen.textcopy","com.newmg.yurao.pro","com.tap_to_translate.snap_translate","com.google.android.apps.translate","com.niven.translator","com.gaminik.i18n","com.microsoft.translator","com.zaz.translate","at.nk.tools.iTranslate","com.niven.game","live.screentranslate.realtime","com.eecorp.linguago","com.deepl.mobiletranslator","com.datacomprojects.scanandtranslate","com.screen.translate.google","com.niven.apptranslate","ru.yandex.translate","com.naver.labs.translator","com.google.ar.lens"]},{"rank":{"index":2,"lang":"de","country":"de","chineseCountryName":"德国","pkg":"com.spaceship.screen.textcopy"},"orders":["com.recognize_text.translate.screen","com.spaceship.screen.textcopy","com.tap_to_translate.snap_translate","com.newmg.yurao.pro","com.niven.translator","com.gaminik.i18n","com.google.android.apps.translate","com.microsoft.translator","com.zaz.translate","com.niven.game","com.deepl.mobiletranslator","com.screen.translate.google","com.eecorp.linguago","at.nk.tools.iTranslate","com.niven.apptranslate","ru.yandex.translate","com.datacomprojects.scanandtranslate","com.google.ar.lens","com.traductorweb","com.immersivetranslate.browser"]},{"rank":{"index":2,"lang":"it","country":"it","chineseCountryName":"意大利","pkg":"com.spaceship.screen.textcopy"},"orders":["com.recognize_text.translate.screen","com.spaceship.screen.textcopy","com.tap_to_translate.snap_translate","com.newmg.yurao.pro","com.niven.translator","com.gaminik.i18n","com.microsoft.translator","com.google.android.apps.translate","com.zaz.translate","com.niven.game","com.eecorp.linguago","com.datacomprojects.scanandtranslate","com.screen.translate.google"]},{"rank":{"index":2,"lang":"ja","country":"jp","chineseCountryName":"日本","pkg":"com.spaceship.screen.textcopy"},"orders":["com.recognize_text.translate.screen","com.spaceship.screen.textcopy","com.tap_to_translate.snap_translate","com.niven.translator","com.newmg.yurao.pro","com.gaminik.i18n","com.microsoft.translator","com.niven.game","com.screen.translate.google","com.google.ar.lens","com.google.android.apps.translate","com.deepl.mobiletranslator","com.eecorp.linguago","com.naver.labs.translator"]},{"rank":{"index":2,"lang":"ko","country":"kr","chineseCountryName":"韩国","pkg":"com.spaceship.screen.textcopy"},"orders":["com.recognize_text.translate.screen","com.spaceship.screen.textcopy","com.tap_to_translate.snap_translate","com.newmg.yurao.pro","com.niven.translator","com.gaminik.i18n","com.microsoft.translator","com.google.android.apps.translate","com.naver.labs.translator","com.niven.game","com.zaz.translate","com.eecorp.linguago","com.screen.translate.google","com.niven.apptranslate","live.screentranslate.realtime","at.nk.tools.iTranslate","com.immersivetranslate.browser","com.deepl.mobiletranslator","com.google.ar.lens","com.datacomprojects.scanandtranslate"]},{"rank":{"index":2,"lang":"zh-hk","country":"hk","chineseCountryName":"香港","pkg":"com.spaceship.screen.textcopy"},"orders":["com.recognize_text.translate.screen","com.spaceship.screen.textcopy","com.tap_to_translate.snap_translate","com.newmg.yurao.pro","com.gaminik.i18n","com.niven.translator","com.google.android.apps.translate","com.microsoft.translator","com.zaz.translate","com.niven.game","com.screen.translate.google","com.eecorp.linguago","at.nk.tools.iTranslate","live.screentranslate.realtime","com.naver.labs.translator","com.niven.apptranslate","com.immersivetranslate.browser","com.google.ar.lens","com.deepl.mobiletranslator","com.datacomprojects.scanandtranslate"]},{"rank":{"index":2,"lang":"zh-tw","country":"tw","chineseCountryName":"台湾","pkg":"com.spaceship.screen.textcopy"},"orders":["com.recognize_text.translate.screen","com.spaceship.screen.textcopy","com.newmg.yurao.pro","com.gaminik.i18n","com.niven.translator","com.tap_to_translate.snap_translate","com.microsoft.translator","com.google.android.apps.translate","com.zaz.translate","com.niven.game","com.eecorp.linguago","com.screen.translate.google","live.screentranslate.realtime","com.niven.apptranslate","com.naver.labs.translator","com.immersivetranslate.browser","at.nk.tools.iTranslate","com.google.ar.lens","com.deepl.mobiletranslator","com.google.android.inputmethod.latin"]},{"rank":{"index":2,"lang":"en","country":"in","chineseCountryName":"印度","pkg":"com.spaceship.screen.textcopy"},"orders":["com.recognize_text.translate.screen","com.spaceship.screen.textcopy","com.tap_to_translate.snap_translate"]},{"rank":{"index":2,"lang":"id","country":"id","chineseCountryName":"印尼","pkg":"com.spaceship.screen.textcopy"},"orders":["com.recognize_text.translate.screen","com.spaceship.screen.textcopy","com.tap_to_translate.snap_translate","com.niven.translator","com.newmg.yurao.pro","com.gaminik.i18n","com.niven.game","com.google.android.apps.translate","com.screen.translate.google","com.zaz.translate","com.eecorp.linguago","com.microsoft.translator"]},{"rank":{"index":2,"lang":"es-mx","country":"mx","chineseCountryName":"墨西哥","pkg":"com.spaceship.screen.textcopy"},"orders":["com.recognize_text.translate.screen","com.spaceship.screen.textcopy","com.tap_to_translate.snap_translate","com.newmg.yurao.pro","com.gaminik.i18n","com.niven.translator","com.microsoft.translator","com.zaz.translate","com.niven.game","com.google.android.apps.translate","com.screen.translate.google","com.niven.apptranslate","com.eecorp.linguago","at.nk.tools.iTranslate","live.screentranslate.realtime","com.google.ar.lens","com.deepl.mobiletranslator","com.datacomprojects.scanandtranslate","ru.yandex.translate","com.mg.chat"]}]