[{"rank":{"index":2,"lang":"en-us","country":"us","chineseCountryName":"美国","pkg":"com.spaceship.screen.textcopy"},"orders":["com.recognize_text.translate.screen","com.spaceship.screen.textcopy","com.gaminik.i18n","com.tap_to_translate.snap_translate","com.google.android.apps.translate","com.microsoft.translator","com.niven.game","com.niven.translator","com.newmg.yurao.pro","com.eecorp.taptranslator","screen.translator.voice.translate","com.niven.comic","com.eecorp.linguago","com.galaxy.airviewdictionary","com.naver.labs.translator","com.weekway.screen_translation","us.zoom.videomeetings","com.google.android.apps.photos","com.android.chrome","com.duolingo"]},{"rank":{"index":2,"lang":"ru","country":"ru","chineseCountryName":"俄罗斯","pkg":"com.spaceship.screen.textcopy"},"orders":["com.recognize_text.translate.screen","com.spaceship.screen.textcopy","com.tap_to_translate.snap_translate","com.gaminik.i18n","com.niven.translator","com.niven.game","com.newmg.yurao.pro","com.google.android.apps.translate","com.niven.comic","com.microsoft.translator","ru.yandex.translate","com.eecorp.linguago","screen.translator.voice.translate","com.galaxy.airviewdictionary","com.weekway.screen_translation","us.zoom.videomeetings","com.discord","com.android.chrome","com.duolingo","com.screen.translate.google"]},{"rank":{"index":2,"lang":"pt-br","country":"br","chineseCountryName":"巴西","pkg":"com.spaceship.screen.textcopy"},"orders":["com.recognize_text.translate.screen","com.spaceship.screen.textcopy","com.tap_to_translate.snap_translate","com.gaminik.i18n","screen.translator.voice.translate","com.niven.translator","com.niven.game","com.newmg.yurao.pro","com.niven.comic","com.google.android.apps.translate","com.eecorp.taptranslator","us.zoom.videomeetings","com.discord","com.google.android.apps.photos","com.galaxy.airviewdictionary","com.android.chrome","com.google.android.apps.maps","com.intsig.camscanner","com.google.android.apps.docs","com.adobe.reader"]},{"rank":{"index":2,"lang":"fr","country":"fr","chineseCountryName":"法国","pkg":"com.spaceship.screen.textcopy"},"orders":["com.recognize_text.translate.screen","com.spaceship.screen.textcopy","com.tap_to_translate.snap_translate","com.gaminik.i18n","com.niven.game","screen.translator.voice.translate","com.niven.translator","com.newmg.yurao.pro","com.niven.comic","com.google.android.apps.translate","com.microsoft.translator","com.eecorp.taptranslator","com.galaxy.airviewdictionary","com.eecorp.linguago","us.zoom.videomeetings","com.discord","com.weekway.screen_translation","com.google.android.apps.photos","com.skype.raider","com.truecaller"]},{"rank":{"index":2,"lang":"en-gb","country":"gb","chineseCountryName":"英国","pkg":"com.spaceship.screen.textcopy"},"orders":["com.recognize_text.translate.screen","com.spaceship.screen.textcopy","com.tap_to_translate.snap_translate","com.gaminik.i18n","com.google.android.apps.translate","com.microsoft.translator","com.niven.translator","screen.translator.voice.translate","com.niven.game","com.newmg.yurao.pro","com.eecorp.taptranslator","com.niven.comic","com.eecorp.linguago","at.nk.tools.iTranslate","com.galaxy.airviewdictionary","us.zoom.videomeetings","com.discord","com.android.chrome","com.google.android.apps.maps","com.duolingo"]},{"rank":{"index":2,"lang":"de","country":"de","chineseCountryName":"德国","pkg":"com.spaceship.screen.textcopy"},"orders":["com.recognize_text.translate.screen","com.spaceship.screen.textcopy","com.gaminik.i18n","com.newmg.yurao.pro","com.tap_to_translate.snap_translate","com.niven.translator","com.niven.game","com.eecorp.linguago","com.google.android.apps.translate","com.microsoft.translator","us.zoom.videomeetings","com.niven.comic","com.discord","com.google.android.apps.photos","com.android.chrome","com.truecaller","com.google.android.apps.maps","com.microsoft.office.outlook","com.google.android.apps.dynamite","com.skype.raider"]},{"rank":{"index":2,"lang":"it","country":"it","chineseCountryName":"意大利","pkg":"com.spaceship.screen.textcopy"},"orders":["com.recognize_text.translate.screen","com.spaceship.screen.textcopy","com.gaminik.i18n","com.niven.game","screen.translator.voice.translate","com.newmg.yurao.pro","com.niven.translator","com.tap_to_translate.snap_translate","com.niven.comic","com.google.android.apps.translate","com.microsoft.translator","us.zoom.videomeetings","com.discord","com.google.android.apps.photos","com.skype.raider","com.android.chrome","com.microsoft.office.outlook","com.sec.android.app.sbrowser","com.adobe.reader","com.google.android.apps.maps"]},{"rank":{"index":2,"lang":"ja","country":"jp","chineseCountryName":"日本","pkg":"com.spaceship.screen.textcopy"},"orders":["com.recognize_text.translate.screen","com.spaceship.screen.textcopy","com.gaminik.i18n","com.newmg.yurao.pro","com.tap_to_translate.snap_translate","com.niven.translator","com.niven.game","com.google.android.apps.translate","com.microsoft.translator","us.zoom.videomeetings","com.discord","com.deepl.mobiletranslator","screen.translator.voice.translate","com.naver.labs.translator","com.screen.translate.google","com.android.chrome","com.google.ar.lens","com.google.android.apps.maps","com.niven.comic","com.supercell.clashroyale"]},{"rank":{"index":2,"lang":"ko","country":"kr","chineseCountryName":"韩国","pkg":"com.spaceship.screen.textcopy"},"orders":["com.recognize_text.translate.screen","com.spaceship.screen.textcopy","com.tap_to_translate.snap_translate","com.gaminik.i18n","com.niven.game","com.niven.translator","com.newmg.yurao.pro","com.google.android.apps.translate","com.microsoft.translator","com.niven.comic","com.eecorp.taptranslator","com.naver.labs.translator","com.galaxy.airviewdictionary","com.eecorp.linguago","com.weekway.screen_translation","screen.translator.voice.translate","us.zoom.videomeetings","com.niven.apptranslate","com.screen.translate.google","com.discord"]},{"rank":{"index":2,"lang":"zh-hk","country":"hk","chineseCountryName":"香港","pkg":"com.spaceship.screen.textcopy"},"orders":["com.recognize_text.translate.screen","com.spaceship.screen.textcopy","com.tap_to_translate.snap_translate","com.gaminik.i18n","com.niven.game","com.niven.translator","com.google.android.apps.translate","com.microsoft.translator","com.newmg.yurao.pro","com.niven.comic","com.eecorp.taptranslator","com.screen.translate.google","com.galaxy.airviewdictionary","com.eecorp.linguago","com.weekway.screen_translation","screen.translator.voice.translate","com.datacomprojects.scanandtranslate","com.android.chrome","us.zoom.videomeetings","com.google.android.apps.maps"]},{"rank":{"index":2,"lang":"zh-tw","country":"tw","chineseCountryName":"台湾","pkg":"com.spaceship.screen.textcopy"},"orders":["com.recognize_text.translate.screen","com.spaceship.screen.textcopy","com.gaminik.i18n","com.niven.game","com.tap_to_translate.snap_translate","com.niven.translator","com.google.android.apps.translate","com.newmg.yurao.pro","com.niven.comic","com.eecorp.taptranslator","com.microsoft.translator","com.galaxy.airviewdictionary","com.weekway.screen_translation","com.eecorp.linguago","com.screen.translate.google","screen.translator.voice.translate","com.discord","com.niven.apptranslate","us.zoom.videomeetings","com.zaz.translate"]},{"rank":{"index":3,"lang":"en","country":"in","chineseCountryName":"印度","pkg":"com.spaceship.screen.textcopy"},"orders":["com.recognize_text.translate.screen","com.tap_to_translate.snap_translate","com.spaceship.screen.textcopy","com.google.android.apps.translate","com.gaminik.i18n"]},{"rank":{"index":1,"lang":"id","country":"id","chineseCountryName":"印尼","pkg":"com.spaceship.screen.textcopy"},"orders":["com.spaceship.screen.textcopy","com.recognize_text.translate.screen","com.tap_to_translate.snap_translate","com.gaminik.i18n","com.niven.translator","com.niven.game","com.newmg.yurao.pro","com.niven.comic","com.google.android.apps.translate","com.youdao.hindict","com.eecorp.taptranslator","us.zoom.videomeetings"]},{"rank":{"index":2,"lang":"es-mx","country":"mx","chineseCountryName":"墨西哥","pkg":"com.spaceship.screen.textcopy"},"orders":["com.recognize_text.translate.screen","com.spaceship.screen.textcopy","com.gaminik.i18n","com.newmg.yurao.pro","com.tap_to_translate.snap_translate","com.niven.translator","com.niven.game","com.niven.comic","com.eecorp.linguago","com.google.android.apps.translate","us.zoom.videomeetings","com.discord","com.google.android.apps.photos","com.google.android.apps.maps","com.android.chrome","com.google.android.apps.docs","com.intsig.camscanner","com.adobe.reader","com.truecaller","com.microsoft.office.outlook"]}]