[{"rank":{"index":2,"lang":"en-us","country":"us","chineseCountryName":"美国","pkg":"com.spaceship.screen.textcopy"},"orders":["com.recognize_text.translate.screen","com.spaceship.screen.textcopy","com.tap_to_translate.snap_translate","com.google.android.apps.translate","com.niven.translator","com.screen.translate.google","com.newmg.yurao.pro","com.gaminik.i18n","com.immersivetranslate.browser","com.fapp.translate.language.translator.fasttranslation","com.microsoft.translator","com.niven.game","com.deepl.mobiletranslator","com.niven.apptranslate","at.nk.tools.iTranslate","com.google.ar.lens","com.voice_camera_free_translate","link.zhidou.btranslator","com.naver.labs.translator","com.zaz.translate"]},{"rank":{"index":0,"lang":"ru","country":"ru","chineseCountryName":"俄罗斯","pkg":"com.spaceship.screen.textcopy"},"orders":["com.recognize_text.translate.screen","com.niven.translator","com.tap_to_translate.snap_translate","com.newmg.yurao.pro","com.gaminik.i18n","com.screen.translate.google","com.niven.game","com.immersivetranslate.browser","com.voice_camera_free_translate","com.google.android.apps.translate"]},{"rank":{"index":2,"lang":"pt-br","country":"br","chineseCountryName":"巴西","pkg":"com.spaceship.screen.textcopy"},"orders":["com.recognize_text.translate.screen","com.spaceship.screen.textcopy","com.niven.translator","com.tap_to_translate.snap_translate","com.screen.translate.google","com.gaminik.i18n","com.newmg.yurao.pro","com.immersivetranslate.browser","com.niven.game","com.niven.apptranslate","com.voice_camera_free_translate","com.google.android.apps.translate","com.deepl.mobiletranslator","com.fapp.translate.language.translator.fasttranslation","com.microsoft.translator","at.nk.tools.iTranslate","com.openai.chatgpt","com.microsoft.teams","com.amazon.kindle","com.ubercab"]},{"rank":{"index":2,"lang":"fr","country":"fr","chineseCountryName":"法国","pkg":"com.spaceship.screen.textcopy"},"orders":["com.recognize_text.translate.screen","com.spaceship.screen.textcopy","com.tap_to_translate.snap_translate","com.niven.translator","com.screen.translate.google","com.gaminik.i18n","com.newmg.yurao.pro","com.immersivetranslate.browser","com.voice_camera_free_translate","com.google.android.apps.translate","com.niven.game","com.fapp.translate.language.translator.fasttranslation","com.niven.apptranslate","com.deepl.mobiletranslator","com.microsoft.translator","com.zaz.translate","com.datacomprojects.scanandtranslate","com.openai.chatgpt","com.netflix.mediaclient","photo.translate.camera.translator"]},{"rank":{"index":2,"lang":"en-gb","country":"gb","chineseCountryName":"英国","pkg":"com.spaceship.screen.textcopy"},"orders":["com.recognize_text.translate.screen","com.spaceship.screen.textcopy","com.niven.translator","com.screen.translate.google","com.google.android.apps.translate","com.gaminik.i18n","com.newmg.yurao.pro","com.tap_to_translate.snap_translate","com.immersivetranslate.browser","com.fapp.translate.language.translator.fasttranslation","com.niven.game","com.microsoft.translator","com.zaz.translate","com.niven.apptranslate","com.deepl.mobiletranslator","com.siv","com.google.ar.lens","photo.translate.camera.translator","at.nk.tools.iTranslate","com.inw.trulinco"]},{"rank":{"index":4,"lang":"de","country":"de","chineseCountryName":"德国","pkg":"com.spaceship.screen.textcopy"},"orders":["com.recognize_text.translate.screen","com.niven.translator","com.tap_to_translate.snap_translate","com.spaceship.screen.textcopy","com.screen.translate.google","com.gaminik.i18n","com.newmg.yurao.pro","com.google.android.apps.translate","com.immersivetranslate.browser","com.niven.game","com.fapp.translate.language.translator.fasttranslation","com.deepl.mobiletranslator","com.niven.apptranslate","com.microsoft.translator","com.voice_camera_free_translate","com.zaz.translate","ru.yandex.translate","com.openai.chatgpt","com.netflix.mediaclient","com.microsoft.teams"]},{"rank":{"index":2,"lang":"it","country":"it","chineseCountryName":"意大利","pkg":"com.spaceship.screen.textcopy"},"orders":["com.recognize_text.translate.screen","com.spaceship.screen.textcopy","com.tap_to_translate.snap_translate","com.niven.translator","com.screen.translate.google","com.gaminik.i18n","com.newmg.yurao.pro","com.google.android.apps.translate","com.niven.game","com.immersivetranslate.browser","com.fapp.translate.language.translator.fasttranslation","com.niven.apptranslate","com.voice_camera_free_translate","com.zaz.translate","com.deepl.mobiletranslator","com.microsoft.translator","link.zhidou.btranslator","com.openai.chatgpt","photo.translate.camera.translator","com.microsoft.teams"]},{"rank":{"index":2,"lang":"ja","country":"jp","chineseCountryName":"日本","pkg":"com.spaceship.screen.textcopy"},"orders":["com.recognize_text.translate.screen","com.spaceship.screen.textcopy","com.niven.translator","com.tap_to_translate.snap_translate","com.gaminik.i18n","com.newmg.yurao.pro","com.screen.translate.google","com.immersivetranslate.browser","com.google.android.apps.translate","com.niven.game","com.fapp.translate.language.translator.fasttranslation"]},{"rank":{"index":2,"lang":"ko","country":"kr","chineseCountryName":"韩国","pkg":"com.spaceship.screen.textcopy"},"orders":["com.recognize_text.translate.screen","com.spaceship.screen.textcopy","com.tap_to_translate.snap_translate","com.niven.translator","com.gaminik.i18n","com.newmg.yurao.pro","com.screen.translate.google","com.google.android.apps.translate","com.immersivetranslate.browser","com.fapp.translate.language.translator.fasttranslation","com.niven.game","com.naver.labs.translator","com.niven.apptranslate","com.voice_camera_free_translate","com.microsoft.translator","com.zaz.translate","com.deepl.mobiletranslator","com.openai.chatgpt","com.kakao.talk","com.instagram.barcelona"]},{"rank":{"index":2,"lang":"zh-hk","country":"hk","chineseCountryName":"香港","pkg":"com.spaceship.screen.textcopy"},"orders":["com.recognize_text.translate.screen","com.spaceship.screen.textcopy","com.screen.translate.google","com.niven.translator","com.tap_to_translate.snap_translate","com.newmg.yurao.pro","com.gaminik.i18n","com.google.android.apps.translate","com.immersivetranslate.browser","com.fapp.translate.language.translator.fasttranslation","com.voice_camera_free_translate","com.niven.apptranslate","com.niven.game","com.zaz.translate","com.microsoft.translator","com.naver.labs.translator","com.deepl.mobiletranslator","com.google.ar.lens","photo.translate.camera.translator","com.android.chrome"]},{"rank":{"index":2,"lang":"zh-tw","country":"tw","chineseCountryName":"台湾","pkg":"com.spaceship.screen.textcopy"},"orders":["com.recognize_text.translate.screen","com.spaceship.screen.textcopy","com.niven.translator","com.screen.translate.google","com.newmg.yurao.pro","com.gaminik.i18n","com.tap_to_translate.snap_translate","com.immersivetranslate.browser","com.fapp.translate.language.translator.fasttranslation","com.google.android.apps.translate","com.niven.apptranslate","com.niven.game","com.zaz.translate","com.microsoft.translator","com.deepl.mobiletranslator","com.naver.labs.translator","com.openai.chatgpt","com.netflix.mediaclient","com.instagram.barcelona","com.android.chrome"]},{"rank":{"index":2,"lang":"en","country":"in","chineseCountryName":"印度","pkg":"com.spaceship.screen.textcopy"},"orders":["com.recognize_text.translate.screen","com.spaceship.screen.textcopy","com.newmg.yurao.pro","com.google.android.apps.translate"]},{"rank":{"index":3,"lang":"id","country":"id","chineseCountryName":"印尼","pkg":"com.spaceship.screen.textcopy"},"orders":["com.recognize_text.translate.screen","com.tap_to_translate.snap_translate","com.spaceship.screen.textcopy","com.niven.translator","com.screen.translate.google","com.newmg.yurao.pro","com.gaminik.i18n","com.niven.game","com.google.android.apps.translate","com.fapp.translate.language.translator.fasttranslation","com.niven.apptranslate","com.immersivetranslate.browser"]},{"rank":{"index":2,"lang":"es-mx","country":"mx","chineseCountryName":"墨西哥","pkg":"com.spaceship.screen.textcopy"},"orders":["com.recognize_text.translate.screen","com.spaceship.screen.textcopy","com.tap_to_translate.snap_translate","com.niven.translator","com.gaminik.i18n","com.newmg.yurao.pro","com.screen.translate.google","com.niven.game","com.immersivetranslate.browser","com.voice_camera_free_translate","com.google.android.apps.translate","com.niven.apptranslate","com.deepl.mobiletranslator","com.fapp.translate.language.translator.fasttranslation","com.zaz.translate","com.microsoft.translator","com.openai.chatgpt","com.microsoft.teams","com.ubercab","com.bumble.app"]}]