[{"rank":{"index":2,"lang":"en-us","country":"us","chineseCountryName":"美国","pkg":"com.spaceship.screen.textcopy"},"orders":["com.recognize_text.translate.screen","com.spaceship.screen.textcopy","com.tap_to_translate.snap_translate","com.google.android.apps.translate","com.screen.translate.google","com.newmg.yurao.pro","com.niven.translator","com.gaminik.i18n","com.microsoft.translator","com.niven.game","com.immersivetranslate.browser","com.deepl.mobiletranslator","at.nk.tools.iTranslate","com.naver.labs.translator","com.zaz.translate","com.niven.apptranslate","com.voice_camera_free_translate","ru.yandex.translate","com.eecorp.linguago","com.translate.talkingtranslator"]},{"rank":{"index":0,"lang":"ru","country":"ru","chineseCountryName":"俄罗斯","pkg":"com.spaceship.screen.textcopy"},"orders":["com.recognize_text.translate.screen","com.niven.translator","com.tap_to_translate.snap_translate","com.newmg.yurao.pro","com.gaminik.i18n","com.google.android.apps.translate","com.screen.translate.google","ru.yandex.translate","com.niven.game","com.immersivetranslate.browser","com.deepl.mobiletranslator","com.microsoft.translator","com.niven.apptranslate"]},{"rank":{"index":2,"lang":"pt-br","country":"br","chineseCountryName":"巴西","pkg":"com.spaceship.screen.textcopy"},"orders":["com.recognize_text.translate.screen","com.spaceship.screen.textcopy","com.tap_to_translate.snap_translate","com.newmg.yurao.pro","com.gaminik.i18n","com.google.android.apps.translate","at.nk.tools.iTranslate","com.deepl.mobiletranslator","com.zaz.translate","ru.yandex.translate","com.naver.labs.translator","com.datacomprojects.scanandtranslate","com.translate.talkingtranslator","com.google.ar.lens","com.ticktalk.translatevoice","com.niven.translator","com.screen.translate.google","com.niven.apptranslate","com.niven.game","com.softissimo.reverso.context"]},{"rank":{"index":2,"lang":"fr","country":"fr","chineseCountryName":"法国","pkg":"com.spaceship.screen.textcopy"},"orders":["com.recognize_text.translate.screen","com.spaceship.screen.textcopy","com.tap_to_translate.snap_translate","com.niven.translator","com.newmg.yurao.pro","com.gaminik.i18n","com.screen.translate.google","com.google.android.apps.translate","com.microsoft.translator","com.niven.apptranslate","com.niven.game","com.deepl.mobiletranslator","com.immersivetranslate.browser","com.zaz.translate","com.voice_camera_free_translate","ru.yandex.translate","at.nk.tools.iTranslate","com.naver.labs.translator","com.eecorp.linguago","com.translate.talkingtranslator"]},{"rank":{"index":2,"lang":"en-gb","country":"gb","chineseCountryName":"英国","pkg":"com.spaceship.screen.textcopy"},"orders":["com.recognize_text.translate.screen","com.spaceship.screen.textcopy","com.newmg.yurao.pro","com.google.android.apps.translate","com.screen.translate.google","com.niven.translator","com.gaminik.i18n","com.tap_to_translate.snap_translate","com.microsoft.translator","com.immersivetranslate.browser","com.deepl.mobiletranslator","com.zaz.translate","com.niven.game","at.nk.tools.iTranslate","ru.yandex.translate","com.niven.apptranslate","com.paninitranslate","com.eecorp.linguago","com.mobisystems.msdict.embedded.wireless.collins.ee","com.wooask.zx"]},{"rank":{"index":2,"lang":"de","country":"de","chineseCountryName":"德国","pkg":"com.spaceship.screen.textcopy"},"orders":["com.recognize_text.translate.screen","com.spaceship.screen.textcopy","com.newmg.yurao.pro","com.screen.translate.google","com.niven.translator","com.gaminik.i18n","com.tap_to_translate.snap_translate","com.google.android.apps.translate","com.microsoft.translator","com.niven.game","com.niven.apptranslate","com.deepl.mobiletranslator","com.immersivetranslate.browser","com.zaz.translate","at.nk.tools.iTranslate","ru.yandex.translate","com.eecorp.linguago","com.translate.talkingtranslator","com.paninitranslate","com.google.ar.lens"]},{"rank":{"index":2,"lang":"it","country":"it","chineseCountryName":"意大利","pkg":"com.spaceship.screen.textcopy"},"orders":["com.recognize_text.translate.screen","com.spaceship.screen.textcopy","com.tap_to_translate.snap_translate","com.niven.translator","com.screen.translate.google","com.gaminik.i18n","com.newmg.yurao.pro","com.google.android.apps.translate","com.niven.game","com.immersivetranslate.browser","com.niven.apptranslate","com.microsoft.translator","com.deepl.mobiletranslator","com.voice_camera_free_translate","at.nk.tools.iTranslate","com.eecorp.linguago","com.tangdi.baiguotong","ru.yandex.translate","com.paninitranslate","com.zaz.translate"]},{"rank":{"index":2,"lang":"ja","country":"jp","chineseCountryName":"日本","pkg":"com.spaceship.screen.textcopy"},"orders":["com.recognize_text.translate.screen","com.spaceship.screen.textcopy","com.tap_to_translate.snap_translate","com.newmg.yurao.pro","com.niven.translator","com.google.android.apps.translate","com.gaminik.i18n","com.screen.translate.google","com.microsoft.translator","com.immersivetranslate.browser","com.niven.game","com.naver.labs.translator","com.deepl.mobiletranslator","com.google.ar.lens"]},{"rank":{"index":3,"lang":"ko","country":"kr","chineseCountryName":"韩国","pkg":"com.spaceship.screen.textcopy"},"orders":["com.recognize_text.translate.screen","com.tap_to_translate.snap_translate","com.spaceship.screen.textcopy","com.newmg.yurao.pro","com.gaminik.i18n","com.niven.translator","com.screen.translate.google","com.niven.game","com.niven.apptranslate","com.naver.labs.translator","com.google.android.apps.translate","com.voice_camera_free_translate","com.eecorp.linguago","com.immersivetranslate.browser","com.microsoft.translator","com.deepl.mobiletranslator","com.openai.chatgpt","com.kakao.talk","com.zaz.translate","at.nk.tools.iTranslate"]},{"rank":{"index":2,"lang":"zh-hk","country":"hk","chineseCountryName":"香港","pkg":"com.spaceship.screen.textcopy"},"orders":["com.recognize_text.translate.screen","com.spaceship.screen.textcopy","com.newmg.yurao.pro","com.gaminik.i18n","com.google.android.apps.translate","com.screen.translate.google","com.tap_to_translate.snap_translate","com.niven.translator","com.immersivetranslate.browser","com.niven.game","com.microsoft.translator","com.deepl.mobiletranslator","at.nk.tools.iTranslate","com.zaz.translate","com.naver.labs.translator","com.niven.apptranslate","com.voice_camera_free_translate","com.tangdi.baiguotong","com.eecorp.linguago","ru.yandex.translate"]},{"rank":{"index":2,"lang":"zh-tw","country":"tw","chineseCountryName":"台湾","pkg":"com.spaceship.screen.textcopy"},"orders":["com.recognize_text.translate.screen","com.spaceship.screen.textcopy","com.newmg.yurao.pro","com.screen.translate.google","com.gaminik.i18n","com.niven.translator","com.tap_to_translate.snap_translate","com.niven.game","com.google.android.apps.translate","com.niven.apptranslate","com.immersivetranslate.browser","com.microsoft.translator","at.nk.tools.iTranslate","com.zaz.translate","com.eecorp.linguago","com.naver.labs.translator","com.deepl.mobiletranslator","com.paninitranslate","com.google.ar.lens","com.translate.talkingtranslator"]},{"rank":{"index":3,"lang":"en","country":"in","chineseCountryName":"印度","pkg":"com.spaceship.screen.textcopy"},"orders":["com.recognize_text.translate.screen","com.google.android.apps.translate","com.spaceship.screen.textcopy","com.newmg.yurao.pro","com.zaz.translate"]},{"rank":{"index":3,"lang":"id","country":"id","chineseCountryName":"印尼","pkg":"com.spaceship.screen.textcopy"},"orders":["com.recognize_text.translate.screen","com.tap_to_translate.snap_translate","com.spaceship.screen.textcopy","com.newmg.yurao.pro","com.niven.translator","com.gaminik.i18n","com.screen.translate.google","com.niven.game","com.niven.apptranslate","com.google.android.apps.translate","com.eecorp.linguago","com.deepl.mobiletranslator"]},{"rank":{"index":2,"lang":"es-mx","country":"mx","chineseCountryName":"墨西哥","pkg":"com.spaceship.screen.textcopy"},"orders":["com.recognize_text.translate.screen","com.spaceship.screen.textcopy","com.tap_to_translate.snap_translate","com.newmg.yurao.pro","com.gaminik.i18n","com.google.android.apps.translate","at.nk.tools.iTranslate","com.deepl.mobiletranslator","com.zaz.translate","ru.yandex.translate","com.naver.labs.translator","com.translate.talkingtranslator","com.datacomprojects.scanandtranslate","com.flitto.app","com.google.ar.lens","com.niven.translator","com.screen.translate.google","com.niven.game","com.niven.apptranslate","com.softissimo.reverso.context"]}]