[{"rank":{"index":2,"lang":"en-us","country":"us","chineseCountryName":"美国","pkg":"com.spaceship.screen.textcopy"},"orders":["com.recognize_text.translate.screen","com.spaceship.screen.textcopy","com.google.android.apps.translate","com.tap_to_translate.snap_translate","com.gaminik.i18n","com.microsoft.translator","com.niven.translator","com.niven.game","com.newmg.yurao.pro","com.screen.translate.google","com.naver.labs.translator","com.niven.apptranslate","com.niven.comic","com.deepl.mobiletranslator","com.google.ar.lens","com.sayhi.android.sayhitranslate","com.youdao.hindict","com.zaz.translate","at.nk.tools.iTranslate","com.datacomprojects.scanandtranslate"]},{"rank":{"index":2,"lang":"ru","country":"ru","chineseCountryName":"俄罗斯","pkg":"com.spaceship.screen.textcopy"},"orders":["com.recognize_text.translate.screen","com.spaceship.screen.textcopy","com.tap_to_translate.snap_translate","com.gaminik.i18n","com.niven.translator","com.niven.game","com.screen.translate.google","ru.yandex.translate","com.newmg.yurao.pro","com.niven.comic","com.niven.apptranslate","com.microsoft.translator","com.google.android.apps.translate","com.deepl.mobiletranslator","com.google.ar.lens","com.android.chrome","com.facebook.orca","com.google.android.dialer","com.discord","com.kursx.smartbook"]},{"rank":{"index":2,"lang":"fr","country":"fr","chineseCountryName":"法国","pkg":"com.spaceship.screen.textcopy"},"orders":["com.recognize_text.translate.screen","com.spaceship.screen.textcopy","com.tap_to_translate.snap_translate","com.gaminik.i18n","com.niven.game","com.screen.translate.google","com.niven.translator","com.niven.comic","com.google.android.apps.translate","com.microsoft.translator","com.niven.apptranslate","com.newmg.yurao.pro","com.deepl.mobiletranslator","com.facebook.orca","org.telegram.messenger","com.discord","com.google.android.apps.photos","com.android.chrome","com.microsoft.office.outlook","com.canva.editor"]},{"rank":{"index":2,"lang":"en-gb","country":"gb","chineseCountryName":"英国","pkg":"com.spaceship.screen.textcopy"},"orders":["com.recognize_text.translate.screen","com.spaceship.screen.textcopy","com.gaminik.i18n","com.google.android.apps.translate","com.microsoft.translator","com.screen.translate.google","com.niven.game","com.niven.translator","com.tap_to_translate.snap_translate","com.niven.comic","com.deepl.mobiletranslator","com.niven.apptranslate","com.newmg.yurao.pro","at.nk.tools.iTranslate","com.datacomprojects.scanandtranslate","com.softissimo.reverso.context","com.facebook.orca","com.google.ar.lens","com.google.android.apps.maps","com.android.chrome"]},{"rank":{"index":2,"lang":"de","country":"de","chineseCountryName":"德国","pkg":"com.spaceship.screen.textcopy"},"orders":["com.recognize_text.translate.screen","com.spaceship.screen.textcopy","com.tap_to_translate.snap_translate","com.gaminik.i18n","com.screen.translate.google","com.niven.game","com.niven.translator","com.microsoft.translator","com.google.android.apps.translate","com.niven.comic","com.niven.apptranslate","com.newmg.yurao.pro","com.deepl.mobiletranslator","com.datacomprojects.scanandtranslate","com.youdao.hindict","com.sayhi.android.sayhitranslate","com.facebook.orca","com.android.chrome","at.nk.tools.iTranslate","com.google.android.apps.photos"]},{"rank":{"index":2,"lang":"it","country":"it","chineseCountryName":"意大利","pkg":"com.spaceship.screen.textcopy"},"orders":["com.recognize_text.translate.screen","com.spaceship.screen.textcopy","com.gaminik.i18n","com.niven.game","com.screen.translate.google","com.niven.translator","com.niven.comic","com.tap_to_translate.snap_translate","com.google.android.apps.translate","com.niven.apptranslate","com.newmg.yurao.pro","com.microsoft.translator","com.facebook.orca","com.deepl.mobiletranslator","com.softissimo.reverso.context","com.discord","com.google.android.apps.photos","com.microsoft.office.outlook","com.google.android.apps.maps","com.android.chrome"]},{"rank":{"index":2,"lang":"ja","country":"jp","chineseCountryName":"日本","pkg":"com.spaceship.screen.textcopy"},"orders":["com.recognize_text.translate.screen","com.spaceship.screen.textcopy","com.gaminik.i18n","com.tap_to_translate.snap_translate","com.screen.translate.google","com.niven.game","com.niven.translator","com.google.android.apps.translate","com.microsoft.translator","com.niven.comic","com.niven.apptranslate","com.newmg.yurao.pro","com.deepl.mobiletranslator","com.facebook.orca","com.android.chrome","com.google.ar.lens","com.google.android.apps.maps","com.discord","com.naver.labs.translator","com.amazon.kindle"]},{"rank":{"index":2,"lang":"ko","country":"kr","chineseCountryName":"韩国","pkg":"com.spaceship.screen.textcopy"},"orders":["com.recognize_text.translate.screen","com.spaceship.screen.textcopy","com.tap_to_translate.snap_translate","com.gaminik.i18n","com.niven.game","com.niven.translator","com.screen.translate.google","com.niven.apptranslate","com.google.android.apps.translate","com.newmg.yurao.pro","com.niven.comic","com.naver.labs.translator","com.microsoft.translator","com.facebook.orca","com.discord","com.android.chrome","com.sec.android.app.sbrowser","us.zoom.videomeetings","com.duolingo","com.google.android.apps.photos"]},{"rank":{"index":2,"lang":"zh-hk","country":"hk","chineseCountryName":"香港","pkg":"com.spaceship.screen.textcopy"},"orders":["com.recognize_text.translate.screen","com.spaceship.screen.textcopy","com.gaminik.i18n","com.niven.game","com.niven.translator","com.screen.translate.google","com.microsoft.translator","com.tap_to_translate.snap_translate","com.google.android.apps.translate","com.niven.comic","com.newmg.yurao.pro","com.niven.apptranslate","com.google.android.apps.maps","com.facebook.orca","org.telegram.messenger","com.android.chrome","com.datacomprojects.scanandtranslate","com.deepl.mobiletranslator","com.discord","com.naver.labs.translator"]},{"rank":{"index":2,"lang":"zh-tw","country":"tw","chineseCountryName":"台湾","pkg":"com.spaceship.screen.textcopy"},"orders":["com.recognize_text.translate.screen","com.spaceship.screen.textcopy","com.gaminik.i18n","com.niven.game","com.niven.translator","com.screen.translate.google","com.tap_to_translate.snap_translate","com.google.android.apps.translate","com.niven.comic","com.microsoft.translator","com.niven.apptranslate","com.newmg.yurao.pro","com.youdao.hindict","com.deepl.mobiletranslator","com.naver.labs.translator","com.google.ar.lens","com.facebook.orca","com.datacomprojects.scanandtranslate","com.google.android.apps.maps","org.telegram.messenger"]},{"rank":{"index":3,"lang":"en","country":"in","chineseCountryName":"印度","pkg":"com.spaceship.screen.textcopy"},"orders":["com.recognize_text.translate.screen","com.google.android.apps.translate","com.spaceship.screen.textcopy","com.tap_to_translate.snap_translate","com.microsoft.translator","com.niven.game","com.niven.translator","com.screen.translate.google","com.newmg.yurao.pro","at.nk.tools.iTranslate","com.deepl.mobiletranslator","com.datacomprojects.scanandtranslate","com.google.ar.lens","com.zaz.translate","com.kursx.smartbook","com.naver.labs.translator","com.gaminik.i18n"]},{"rank":{"index":2,"lang":"id","country":"id","chineseCountryName":"印尼","pkg":"com.spaceship.screen.textcopy"},"orders":["com.recognize_text.translate.screen","com.spaceship.screen.textcopy","com.tap_to_translate.snap_translate","com.gaminik.i18n","com.niven.game","com.niven.translator","com.screen.translate.google","com.niven.comic","com.newmg.yurao.pro","com.google.android.apps.translate"]},{"rank":{"index":2,"lang":"es-mx","country":"mx","chineseCountryName":"墨西哥","pkg":"com.spaceship.screen.textcopy"},"orders":["com.recognize_text.translate.screen","com.spaceship.screen.textcopy","com.tap_to_translate.snap_translate","com.niven.game","com.niven.translator","com.microsoft.translator","com.google.android.apps.translate","com.youdao.hindict","com.screen.translate.google","at.nk.tools.iTranslate","com.deepl.mobiletranslator","com.naver.labs.translator","ru.yandex.translate","com.niven.comic","com.softissimo.reverso.context","com.flitto.app","com.google.ar.lens","com.translate.talkingtranslator","com.kursx.smartbook","com.gaminik.i18n"]}]