[{"rank":{"index":2,"lang":"en-us","country":"us","chineseCountryName":"美国","pkg":"com.spaceship.screen.textcopy"},"orders":["com.recognize_text.translate.screen","com.spaceship.screen.textcopy","com.niven.translator","com.tap_to_translate.snap_translate","com.microsoft.translator","com.gaminik.i18n","com.google.android.apps.translate","com.niven.game","com.newmg.yurao.pro","com.niven.comic","com.screen.translate.google","com.naver.labs.translator","com.zaz.translate","com.language.translate.free.translator.voice.translation","com.niven.apptranslate","com.deepl.mobiletranslator","com.mobisystems.msdict.embedded.wireless.collins.ee","com.translate.talkingtranslator","jp.go.nict.voicetra","com.sayhi.android.sayhitranslate"]},{"rank":{"index":2,"lang":"ru","country":"ru","chineseCountryName":"俄罗斯","pkg":"com.spaceship.screen.textcopy"},"orders":["com.recognize_text.translate.screen","com.spaceship.screen.textcopy","com.niven.translator","com.tap_to_translate.snap_translate","com.microsoft.translator","com.newmg.yurao.pro","com.niven.game","com.gaminik.i18n","ru.yandex.translate","com.google.android.apps.translate","com.niven.comic","com.deepl.mobiletranslator","com.screen.translate.google","com.datacomprojects.scanandtranslate","com.niven.apptranslate","com.tangdi.baiguotong","com.naver.labs.translator","com.language.translate.free.translator.voice.translation","com.erudite.translator","com.translate.language.translator.voice.translation"]},{"rank":{"index":2,"lang":"pt-br","country":"br","chineseCountryName":"巴西","pkg":"com.spaceship.screen.textcopy"},"orders":["com.recognize_text.translate.screen","com.spaceship.screen.textcopy","com.tap_to_translate.snap_translate","com.niven.translator","com.gaminik.i18n","com.niven.game","com.niven.comic","com.microsoft.translator","com.newmg.yurao.pro","com.screen.translate.google","com.niven.apptranslate","com.google.android.apps.translate","com.language.translate.free.translator.voice.translation","com.deepl.mobiletranslator","com.audacityittranslator.translatetexttranslator","com.zaz.translate","com.android.chrome","com.eecorp.linguago","com.google.android.apps.maps","com.google.android.inputmethod.latin"]},{"rank":{"index":2,"lang":"fr","country":"fr","chineseCountryName":"法国","pkg":"com.spaceship.screen.textcopy"},"orders":["com.recognize_text.translate.screen","com.spaceship.screen.textcopy","com.tap_to_translate.snap_translate","com.gaminik.i18n","com.microsoft.translator","com.niven.translator","com.niven.game","com.newmg.yurao.pro","com.niven.comic","com.screen.translate.google","com.language.translate.free.translator.voice.translation","com.niven.apptranslate","com.zaz.translate","com.deepl.mobiletranslator","com.tangdi.baiguotong","com.google.android.apps.translate","com.audacityittranslator.translatetexttranslator","com.translate.talkingtranslator","com.translate.language.translator.voice.translation","com.datacomprojects.scanandtranslate"]},{"rank":{"index":2,"lang":"en-gb","country":"gb","chineseCountryName":"英国","pkg":"com.spaceship.screen.textcopy"},"orders":["com.recognize_text.translate.screen","com.spaceship.screen.textcopy","com.tap_to_translate.snap_translate","com.gaminik.i18n","com.microsoft.translator","com.niven.translator","com.google.android.apps.translate","com.niven.game","com.niven.comic","com.newmg.yurao.pro","com.zaz.translate","com.screen.translate.google","com.naver.labs.translator","com.deepl.mobiletranslator","com.niven.apptranslate","com.language.translate.free.translator.voice.translation","com.mobisystems.msdict.embedded.wireless.collins.ee","com.audacityittranslator.translatetexttranslator","screen.translator.voice.translate","jp.go.nict.voicetra"]},{"rank":{"index":2,"lang":"de","country":"de","chineseCountryName":"德国","pkg":"com.spaceship.screen.textcopy"},"orders":["com.recognize_text.translate.screen","com.spaceship.screen.textcopy","com.tap_to_translate.snap_translate","com.microsoft.translator","com.gaminik.i18n","com.niven.translator","com.niven.game","com.newmg.yurao.pro","com.niven.comic","com.deepl.mobiletranslator","com.screen.translate.google","com.language.translate.free.translator.voice.translation","com.google.android.apps.translate","com.zaz.translate","com.niven.apptranslate","com.translate.talkingtranslator","com.tangdi.baiguotong","com.audacityittranslator.translatetexttranslator","com.translate.language.translator.voice.translation","com.datacomprojects.scanandtranslate"]},{"rank":{"index":2,"lang":"it","country":"it","chineseCountryName":"意大利","pkg":"com.spaceship.screen.textcopy"},"orders":["com.recognize_text.translate.screen","com.spaceship.screen.textcopy","com.gaminik.i18n","com.tap_to_translate.snap_translate","com.niven.translator","com.niven.game","com.microsoft.translator","com.niven.comic","com.newmg.yurao.pro","com.screen.translate.google","com.language.translate.free.translator.voice.translation","com.niven.apptranslate","com.tangdi.baiguotong","com.deepl.mobiletranslator","com.google.android.apps.translate","com.zaz.translate","com.audacityittranslator.translatetexttranslator","com.translate.language.translator.voice.translation","com.image.camera.translate.ai","instant.text.translate"]},{"rank":{"index":2,"lang":"ja","country":"jp","chineseCountryName":"日本","pkg":"com.spaceship.screen.textcopy"},"orders":["com.recognize_text.translate.screen","com.spaceship.screen.textcopy","com.tap_to_translate.snap_translate","com.gaminik.i18n","com.microsoft.translator","com.niven.game","com.niven.translator","com.deepl.mobiletranslator","com.newmg.yurao.pro","com.naver.labs.translator","com.niven.comic","com.google.android.apps.translate","com.screen.translate.google"]},{"rank":{"index":2,"lang":"ko","country":"kr","chineseCountryName":"韩国","pkg":"com.spaceship.screen.textcopy"},"orders":["com.recognize_text.translate.screen","com.spaceship.screen.textcopy","com.tap_to_translate.snap_translate","com.microsoft.translator","com.naver.labs.translator","com.gaminik.i18n","com.niven.translator","com.niven.game","com.google.android.apps.translate","com.newmg.yurao.pro","com.niven.comic","com.deepl.mobiletranslator","com.screen.translate.google","com.flitto.app","com.niven.apptranslate","com.zaz.translate","com.language.translate.free.translator.voice.translation","com.translate.talkingtranslator","jp.go.nict.voicetra","com.datacomprojects.scanandtranslate"]},{"rank":{"index":2,"lang":"zh-hk","country":"hk","chineseCountryName":"香港","pkg":"com.spaceship.screen.textcopy"},"orders":["com.recognize_text.translate.screen","com.spaceship.screen.textcopy","com.tap_to_translate.snap_translate","com.microsoft.translator","com.gaminik.i18n","com.niven.translator","com.google.android.apps.translate","com.niven.game","com.naver.labs.translator","com.niven.comic","com.newmg.yurao.pro","com.screen.translate.google","com.deepl.mobiletranslator","com.tangdi.baiguotong","jp.go.nict.voicetra","com.language.translate.free.translator.voice.translation","com.datacomprojects.scanandtranslate","com.niven.apptranslate","com.zaz.translate","com.mobisystems.msdict.embedded.wireless.collins.ee"]},{"rank":{"index":2,"lang":"zh-tw","country":"tw","chineseCountryName":"台湾","pkg":"com.spaceship.screen.textcopy"},"orders":["com.recognize_text.translate.screen","com.spaceship.screen.textcopy","com.tap_to_translate.snap_translate","com.gaminik.i18n","com.microsoft.translator","com.niven.translator","com.niven.game","com.google.android.apps.translate","com.naver.labs.translator","com.niven.comic","com.newmg.yurao.pro","com.screen.translate.google","com.tangdi.baiguotong","com.language.translate.free.translator.voice.translation","com.deepl.mobiletranslator","jp.go.nict.voicetra","com.niven.apptranslate","com.zaz.translate","com.datacomprojects.scanandtranslate","com.translate.talkingtranslator"]},{"rank":{"index":2,"lang":"en","country":"in","chineseCountryName":"印度","pkg":"com.spaceship.screen.textcopy"},"orders":["com.recognize_text.translate.screen","com.spaceship.screen.textcopy","com.tap_to_translate.snap_translate"]},{"rank":{"index":2,"lang":"id","country":"id","chineseCountryName":"印尼","pkg":"com.spaceship.screen.textcopy"},"orders":["com.recognize_text.translate.screen","com.spaceship.screen.textcopy","com.tap_to_translate.snap_translate","com.niven.translator","com.gaminik.i18n","com.niven.game","com.microsoft.translator","com.niven.comic","com.newmg.yurao.pro","com.screen.translate.google","com.youdao.hindict","com.deepl.mobiletranslator","com.naver.labs.translator"]},{"rank":{"index":2,"lang":"es-mx","country":"mx","chineseCountryName":"墨西哥","pkg":"com.spaceship.screen.textcopy"},"orders":["com.recognize_text.translate.screen","com.spaceship.screen.textcopy","com.tap_to_translate.snap_translate","com.niven.game","com.gaminik.i18n","com.niven.translator","com.microsoft.translator","com.niven.comic","com.newmg.yurao.pro","com.screen.translate.google","com.niven.apptranslate","com.eecorp.linguago","com.google.android.apps.translate","com.deepl.mobiletranslator"]}]