[{"rank":{"index":2,"lang":"en-us","country":"us","chineseCountryName":"美国","pkg":"com.spaceship.screen.textcopy"},"orders":["com.recognize_text.translate.screen","com.spaceship.screen.textcopy","com.niven.translator","com.tap_to_translate.snap_translate","com.google.android.apps.translate","com.screen.translate.google","com.newmg.yurao.pro","com.gaminik.i18n","com.immersivetranslate.browser","com.deepl.mobiletranslator","com.microsoft.translator","com.fapp.translate.language.translator.fasttranslation","com.zaz.translate","com.niven.game","com.voice_camera_free_translate","at.nk.tools.iTranslate","com.niven.apptranslate","ru.yandex.translate","com.naver.labs.translator","photo.translate.camera.translator"]},{"rank":{"index":0,"lang":"ru","country":"ru","chineseCountryName":"俄罗斯","pkg":"com.spaceship.screen.textcopy"},"orders":["com.recognize_text.translate.screen","com.niven.translator","com.tap_to_translate.snap_translate","com.newmg.yurao.pro","com.gaminik.i18n","com.screen.translate.google","com.deepl.mobiletranslator","ru.yandex.translate","com.niven.game"]},{"rank":{"index":2,"lang":"pt-br","country":"br","chineseCountryName":"巴西","pkg":"com.spaceship.screen.textcopy"},"orders":["com.recognize_text.translate.screen","com.spaceship.screen.textcopy","com.tap_to_translate.snap_translate","com.newmg.yurao.pro","com.gaminik.i18n","com.google.android.apps.translate","com.zaz.translate","com.deepl.mobiletranslator","at.nk.tools.iTranslate","com.microsoft.translator","ru.yandex.translate","com.immersivetranslate.browser","com.datacomprojects.scanandtranslate","com.softissimo.reverso.context","com.voice_camera_free_translate","com.tangdi.baiguotong","com.niven.translator","com.screen.translate.google","com.fapp.translate.language.translator.fasttranslation","com.niven.apptranslate"]},{"rank":{"index":3,"lang":"fr","country":"fr","chineseCountryName":"法国","pkg":"com.spaceship.screen.textcopy"},"orders":["com.recognize_text.translate.screen","com.tap_to_translate.snap_translate","com.spaceship.screen.textcopy","com.niven.translator","com.screen.translate.google","com.gaminik.i18n","com.newmg.yurao.pro","com.immersivetranslate.browser","com.google.android.apps.translate","com.deepl.mobiletranslator","com.fapp.translate.language.translator.fasttranslation","com.niven.apptranslate","com.voice_camera_free_translate","com.zaz.translate","com.microsoft.translator","com.niven.game","ru.yandex.translate","com.datacomprojects.scanandtranslate","com.softissimo.reverso.context","com.microsoft.teams"]},{"rank":{"index":2,"lang":"en-gb","country":"gb","chineseCountryName":"英国","pkg":"com.spaceship.screen.textcopy"},"orders":["com.recognize_text.translate.screen","com.spaceship.screen.textcopy","com.tap_to_translate.snap_translate","com.screen.translate.google","com.niven.translator","com.google.android.apps.translate","com.newmg.yurao.pro","com.gaminik.i18n","com.immersivetranslate.browser","com.deepl.mobiletranslator","com.zaz.translate","com.fapp.translate.language.translator.fasttranslation","com.niven.game","com.microsoft.translator","com.voice_camera_free_translate","at.nk.tools.iTranslate","com.niven.apptranslate","ru.yandex.translate","photo.translate.camera.translator","com.siv"]},{"rank":{"index":3,"lang":"de","country":"de","chineseCountryName":"德国","pkg":"com.spaceship.screen.textcopy"},"orders":["com.recognize_text.translate.screen","com.niven.translator","com.spaceship.screen.textcopy","com.tap_to_translate.snap_translate","com.screen.translate.google","com.newmg.yurao.pro","com.gaminik.i18n","com.immersivetranslate.browser","com.deepl.mobiletranslator","com.fapp.translate.language.translator.fasttranslation","com.google.android.apps.translate","com.voice_camera_free_translate","com.niven.apptranslate","com.microsoft.translator","com.zaz.translate","com.niven.game","ru.yandex.translate","at.nk.tools.iTranslate","com.eecorp.linguago","photo.translate.camera.translator"]},{"rank":{"index":2,"lang":"it","country":"it","chineseCountryName":"意大利","pkg":"com.spaceship.screen.textcopy"},"orders":["com.recognize_text.translate.screen","com.spaceship.screen.textcopy","com.tap_to_translate.snap_translate","com.niven.translator","com.screen.translate.google","com.gaminik.i18n","com.newmg.yurao.pro","com.google.android.apps.translate","com.fapp.translate.language.translator.fasttranslation","com.deepl.mobiletranslator","com.zaz.translate","com.immersivetranslate.browser","com.niven.apptranslate","com.voice_camera_free_translate","com.niven.game","com.microsoft.translator","photo.translate.camera.translator","at.nk.tools.iTranslate","ru.yandex.translate","com.softissimo.reverso.context"]},{"rank":{"index":2,"lang":"ja","country":"jp","chineseCountryName":"日本","pkg":"com.spaceship.screen.textcopy"},"orders":["com.recognize_text.translate.screen","com.spaceship.screen.textcopy","com.tap_to_translate.snap_translate","com.niven.translator","com.newmg.yurao.pro","com.gaminik.i18n","com.screen.translate.google","com.immersivetranslate.browser"]},{"rank":{"index":2,"lang":"ko","country":"kr","chineseCountryName":"韩国","pkg":"com.spaceship.screen.textcopy"},"orders":["com.recognize_text.translate.screen","com.spaceship.screen.textcopy","com.tap_to_translate.snap_translate","com.niven.translator","com.gaminik.i18n","com.newmg.yurao.pro","com.screen.translate.google","com.immersivetranslate.browser","com.fapp.translate.language.translator.fasttranslation","com.google.android.apps.translate","com.niven.apptranslate","com.voice_camera_free_translate","com.naver.labs.translator","com.niven.game","com.zaz.translate","com.deepl.mobiletranslator","com.eecorp.linguago","com.microsoft.translator","at.nk.tools.iTranslate","com.openai.chatgpt"]},{"rank":{"index":2,"lang":"zh-hk","country":"hk","chineseCountryName":"香港","pkg":"com.spaceship.screen.textcopy"},"orders":["com.recognize_text.translate.screen","com.spaceship.screen.textcopy","com.screen.translate.google","com.tap_to_translate.snap_translate","com.newmg.yurao.pro","com.niven.translator","com.gaminik.i18n","com.immersivetranslate.browser","com.google.android.apps.translate","com.fapp.translate.language.translator.fasttranslation","com.niven.game","com.voice_camera_free_translate","com.deepl.mobiletranslator","com.niven.apptranslate","com.zaz.translate","com.microsoft.translator","photo.translate.camera.translator","at.nk.tools.iTranslate","com.naver.labs.translator","ru.yandex.translate"]},{"rank":{"index":2,"lang":"zh-tw","country":"tw","chineseCountryName":"台湾","pkg":"com.spaceship.screen.textcopy"},"orders":["com.recognize_text.translate.screen","com.spaceship.screen.textcopy","com.screen.translate.google","com.niven.translator","com.newmg.yurao.pro","com.gaminik.i18n","com.tap_to_translate.snap_translate","com.immersivetranslate.browser","com.fapp.translate.language.translator.fasttranslation","com.niven.apptranslate","com.google.android.apps.translate","com.deepl.mobiletranslator","com.niven.game","com.zaz.translate","com.microsoft.translator","com.naver.labs.translator","com.tangdi.baiguotong","at.nk.tools.iTranslate","com.openai.chatgpt","photo.translate.camera.translator"]},{"rank":{"index":3,"lang":"en","country":"in","chineseCountryName":"印度","pkg":"com.spaceship.screen.textcopy"},"orders":["com.recognize_text.translate.screen","com.newmg.yurao.pro","com.spaceship.screen.textcopy","com.google.android.apps.translate","com.zaz.translate"]},{"rank":{"index":2,"lang":"id","country":"id","chineseCountryName":"印尼","pkg":"com.spaceship.screen.textcopy"},"orders":["com.recognize_text.translate.screen","com.spaceship.screen.textcopy","com.tap_to_translate.snap_translate","com.niven.translator","com.screen.translate.google","com.newmg.yurao.pro","com.gaminik.i18n","com.fapp.translate.language.translator.fasttranslation","com.google.android.apps.translate","com.niven.game","com.deepl.mobiletranslator","com.niven.apptranslate"]},{"rank":{"index":2,"lang":"es-mx","country":"mx","chineseCountryName":"墨西哥","pkg":"com.spaceship.screen.textcopy"},"orders":["com.recognize_text.translate.screen","com.spaceship.screen.textcopy","com.tap_to_translate.snap_translate","com.newmg.yurao.pro","com.gaminik.i18n","com.google.android.apps.translate","com.zaz.translate","at.nk.tools.iTranslate","com.microsoft.translator","ru.yandex.translate","com.softissimo.reverso.context","com.immersivetranslate.browser","com.voice_camera_free_translate","com.tangdi.baiguotong","com.google.ar.lens","com.aldoo.pdftranslatorpro","co.timekettle.livetranslator","com.niven.translator","com.screen.translate.google","com.fapp.translate.language.translator.fasttranslation"]}]