[{"rank":{"index":2,"lang":"en-us","country":"us","chineseCountryName":"美国","pkg":"com.spaceship.screen.textcopy"},"orders":["com.recognize_text.translate.screen","com.spaceship.screen.textcopy","com.tap_to_translate.snap_translate","com.gaminik.i18n","com.newmg.yurao.pro","com.google.android.apps.translate","com.niven.game","com.niven.translator","com.microsoft.translator","com.tangdi.baiguotong","com.naver.labs.translator","com.deepl.mobiletranslator","at.nk.tools.iTranslate","com.paninitranslate","com.translate.talkingtranslator","com.sayhi.android.sayhitranslate","com.duolingo","com.android.chrome","com.ticktalk.translatevoice","com.google.android.apps.maps"]},{"rank":{"index":2,"lang":"ru","country":"ru","chineseCountryName":"俄罗斯","pkg":"com.spaceship.screen.textcopy"},"orders":["com.recognize_text.translate.screen","com.spaceship.screen.textcopy","com.tap_to_translate.snap_translate","com.gaminik.i18n","com.google.android.apps.translate","com.niven.translator","com.niven.game","com.newmg.yurao.pro","com.microsoft.translator","ru.yandex.translate","com.deepl.mobiletranslator","com.android.chrome","com.discord","com.duolingo","com.tangdi.baiguotong","com.truecaller","com.naver.labs.translator","us.zoom.videomeetings","com.skype.raider","com.google.android.apps.photos"]},{"rank":{"index":2,"lang":"pt-br","country":"br","chineseCountryName":"巴西","pkg":"com.spaceship.screen.textcopy"},"orders":["com.recognize_text.translate.screen","com.spaceship.screen.textcopy","com.tap_to_translate.snap_translate","com.gaminik.i18n","com.niven.translator","com.galaxy.airviewdictionary","com.niven.game","com.google.android.apps.translate","com.newmg.yurao.pro","com.android.chrome","com.discord","com.google.android.apps.photos","com.google.android.apps.maps","com.google.android.apps.docs","com.microsoft.office.outlook","com.skype.raider","com.google.android.apps.youtube.creator","com.google.android.deskclock","us.zoom.videomeetings","com.duolingo"]},{"rank":{"index":2,"lang":"fr","country":"fr","chineseCountryName":"法国","pkg":"com.spaceship.screen.textcopy"},"orders":["com.recognize_text.translate.screen","com.spaceship.screen.textcopy","com.tap_to_translate.snap_translate","com.gaminik.i18n","com.niven.game","com.niven.translator","com.google.android.apps.translate","com.galaxy.airviewdictionary","com.discord","com.android.chrome","com.microsoft.office.outlook","com.truecaller","com.skype.raider","com.google.android.apps.photos","com.newmg.yurao.pro","com.duolingo","com.canva.editor","us.zoom.videomeetings","com.google.android.apps.maps","com.microsoft.translator"]},{"rank":{"index":2,"lang":"en-gb","country":"gb","chineseCountryName":"英国","pkg":"com.spaceship.screen.textcopy"},"orders":["com.recognize_text.translate.screen","com.spaceship.screen.textcopy","com.tap_to_translate.snap_translate","com.google.android.apps.translate","com.gaminik.i18n","com.niven.game","com.niven.translator","com.newmg.yurao.pro","com.microsoft.translator","com.deepl.mobiletranslator","com.tangdi.baiguotong","com.paninitranslate","at.nk.tools.iTranslate","com.naver.labs.translator","com.duolingo","com.zaz.translate","com.android.chrome","com.google.android.apps.maps","com.discord","com.microsoft.office.outlook"]},{"rank":{"index":2,"lang":"de","country":"de","chineseCountryName":"德国","pkg":"com.spaceship.screen.textcopy"},"orders":["com.recognize_text.translate.screen","com.spaceship.screen.textcopy","com.tap_to_translate.snap_translate","com.gaminik.i18n","com.newmg.yurao.pro","com.niven.translator","com.niven.game","com.google.android.apps.translate","com.galaxy.airviewdictionary","com.microsoft.translator","com.discord","com.android.chrome","com.skype.raider","com.truecaller","com.microsoft.office.outlook","com.deepl.mobiletranslator","com.duolingo","com.google.android.apps.photos","us.zoom.videomeetings","com.google.android.apps.maps"]},{"rank":{"index":2,"lang":"it","country":"it","chineseCountryName":"意大利","pkg":"com.spaceship.screen.textcopy"},"orders":["com.recognize_text.translate.screen","com.spaceship.screen.textcopy","com.gaminik.i18n","com.tap_to_translate.snap_translate","com.niven.game","com.niven.translator","screen.translator.voice.translate","com.google.android.apps.translate","com.newmg.yurao.pro","com.microsoft.translator","com.screen.translate.google","com.deepl.mobiletranslator","com.galaxy.airviewdictionary","com.discord","com.android.chrome","com.duolingo","com.skype.raider","com.google.android.apps.photos","com.softissimo.reverso.context","com.truecaller"]},{"rank":{"index":2,"lang":"ja","country":"jp","chineseCountryName":"日本","pkg":"com.spaceship.screen.textcopy"},"orders":["com.recognize_text.translate.screen","com.spaceship.screen.textcopy","com.gaminik.i18n","com.niven.game","com.newmg.yurao.pro","com.niven.translator","com.tap_to_translate.snap_translate","com.google.android.apps.translate","com.deepl.mobiletranslator","com.discord","com.android.chrome","com.google.android.apps.maps","com.duolingo","us.zoom.videomeetings","com.google.android.deskclock","com.microsoft.office.outlook","com.skype.raider","com.canva.editor","com.google.android.apps.photos","com.microsoft.emmx"]},{"rank":{"index":2,"lang":"ko","country":"kr","chineseCountryName":"韩国","pkg":"com.spaceship.screen.textcopy"},"orders":["com.recognize_text.translate.screen","com.spaceship.screen.textcopy","com.gaminik.i18n","com.tap_to_translate.snap_translate","com.google.android.apps.translate","com.niven.game","com.niven.translator","com.naver.labs.translator","com.newmg.yurao.pro","com.microsoft.translator","com.deepl.mobiletranslator","com.paninitranslate","at.nk.tools.iTranslate","com.duolingo","com.discord","com.zaz.translate","com.android.chrome","com.simplemobiletools.draw.pro","us.zoom.videomeetings","com.sec.android.app.sbrowser"]},{"rank":{"index":2,"lang":"zh-hk","country":"hk","chineseCountryName":"香港","pkg":"com.spaceship.screen.textcopy"},"orders":["com.recognize_text.translate.screen","com.spaceship.screen.textcopy","com.tap_to_translate.snap_translate","com.gaminik.i18n","com.google.android.apps.translate","com.niven.translator","com.niven.game","com.newmg.yurao.pro","com.microsoft.translator","com.tangdi.baiguotong","com.paninitranslate","com.android.chrome","com.naver.labs.translator","com.google.android.apps.maps","com.duolingo","com.discord","at.nk.tools.iTranslate","com.deepl.mobiletranslator","us.zoom.videomeetings","com.skype.raider"]},{"rank":{"index":2,"lang":"zh-tw","country":"tw","chineseCountryName":"台湾","pkg":"com.spaceship.screen.textcopy"},"orders":["com.recognize_text.translate.screen","com.spaceship.screen.textcopy","com.tap_to_translate.snap_translate","com.gaminik.i18n","com.google.android.apps.translate","com.niven.game","com.niven.translator","com.microsoft.translator","com.newmg.yurao.pro","com.paninitranslate","com.naver.labs.translator","com.tangdi.baiguotong","com.deepl.mobiletranslator","com.galaxy.airviewdictionary","com.softissimo.reverso.context","at.nk.tools.iTranslate","com.zaz.translate","org.telegram.VicMacmessenger","com.duolingo","com.google.ar.lens"]},{"rank":{"index":3,"lang":"en","country":"in","chineseCountryName":"印度","pkg":"com.spaceship.screen.textcopy"},"orders":["com.recognize_text.translate.screen","com.tap_to_translate.snap_translate","com.spaceship.screen.textcopy","com.google.android.apps.translate","com.gaminik.i18n"]},{"rank":{"index":2,"lang":"id","country":"id","chineseCountryName":"印尼","pkg":"com.spaceship.screen.textcopy"},"orders":["com.recognize_text.translate.screen","com.spaceship.screen.textcopy","com.tap_to_translate.snap_translate","com.gaminik.i18n","com.niven.translator","com.niven.game","com.newmg.yurao.pro","com.galaxy.airviewdictionary","com.google.android.apps.translate","com.android.chrome","com.discord","com.google.android.apps.maps","com.google.android.apps.docs"]},{"rank":{"index":2,"lang":"es-mx","country":"mx","chineseCountryName":"墨西哥","pkg":"com.spaceship.screen.textcopy"},"orders":["com.recognize_text.translate.screen","com.spaceship.screen.textcopy","com.gaminik.i18n","com.niven.translator","com.niven.game","com.tap_to_translate.snap_translate","com.google.android.apps.translate","com.newmg.yurao.pro","com.android.chrome","com.discord","com.simplemobiletools.draw.pro","com.google.android.apps.photos","com.google.android.apps.docs","com.google.android.apps.maps","com.microsoft.office.outlook","com.truecaller","com.skype.raider","us.zoom.videomeetings","com.google.android.deskclock","com.adobe.reader"]}]