[{"rank":{"index":2,"lang":"en-us","country":"us","chineseCountryName":"美国","pkg":"com.spaceship.screen.textcopy"},"orders":["com.recognize_text.translate.screen","com.spaceship.screen.textcopy","com.tap_to_translate.snap_translate","com.google.android.apps.translate","com.screen.translate.google","com.newmg.yurao.pro","com.gaminik.i18n","com.microsoft.translator","com.niven.translator","at.nk.tools.iTranslate","com.sayhi.android.sayhitranslate","com.google.ar.lens","com.datacomprojects.scanandtranslate","com.niven.game","com.naver.labs.translator","com.translate.language.translator.voice.translation","com.language.translate.free.translator.voice.translation","com.deepl.mobiletranslator","com.heapsol.spanishenglishtranslator","ru.yandex.translate"]},{"rank":{"index":0,"lang":"ru","country":"ru","chineseCountryName":"俄罗斯","pkg":"com.spaceship.screen.textcopy"},"orders":["com.recognize_text.translate.screen","com.tap_to_translate.snap_translate","com.niven.translator","com.newmg.yurao.pro","com.gaminik.i18n","ru.yandex.translate","com.google.android.apps.translate","com.niven.game","com.microsoft.translator","com.screen.translate.google","com.datacomprojects.scanandtranslate","com.deepl.mobiletranslator","com.language.translate.free.translator.voice.translation","com.kursx.smartbook","com.niven.apptranslate","com.traductorweb","at.nk.tools.iTranslate","com.google.ar.lens","com.eecorp.linguago","com.translate.language.translator.voice.translation"]},{"rank":{"index":2,"lang":"pt-br","country":"br","chineseCountryName":"巴西","pkg":"com.spaceship.screen.textcopy"},"orders":["com.recognize_text.translate.screen","com.spaceship.screen.textcopy","com.tap_to_translate.snap_translate","com.newmg.yurao.pro","com.gaminik.i18n","com.google.android.apps.translate","com.microsoft.translator","at.nk.tools.iTranslate","com.deepl.mobiletranslator","ru.yandex.translate","com.translate.language.translator.voice.translation","com.naver.labs.translator","com.google.ar.lens","com.zaz.translate","com.ticktalk.translatevoice","com.softissimo.reverso.context","com.kursx.smartbook","com.niven.translator","com.niven.game","com.niven.apptranslate"]},{"rank":{"index":2,"lang":"fr","country":"fr","chineseCountryName":"法国","pkg":"com.spaceship.screen.textcopy"},"orders":["com.recognize_text.translate.screen","com.spaceship.screen.textcopy","com.tap_to_translate.snap_translate","com.gaminik.i18n","com.newmg.yurao.pro","com.microsoft.translator","com.google.android.apps.translate","com.niven.translator","com.screen.translate.google","at.nk.tools.iTranslate","com.datacomprojects.scanandtranslate","com.niven.game","com.translate.language.translator.voice.translation","com.traductorweb","com.niven.apptranslate","com.deepl.mobiletranslator","com.kursx.smartbook","com.ticktalk.translatevoice","com.google.ar.lens","com.softissimo.reverso.context"]},{"rank":{"index":2,"lang":"en-gb","country":"gb","chineseCountryName":"英国","pkg":"com.spaceship.screen.textcopy"},"orders":["com.recognize_text.translate.screen","com.spaceship.screen.textcopy","com.google.android.apps.translate","com.microsoft.translator","com.newmg.yurao.pro","com.gaminik.i18n","com.tap_to_translate.snap_translate","com.screen.translate.google","com.niven.translator","at.nk.tools.iTranslate","com.google.ar.lens","com.sayhi.android.sayhitranslate","com.datacomprojects.scanandtranslate","com.deepl.mobiletranslator","com.naver.labs.translator","ru.yandex.translate","com.translate.language.translator.voice.translation","com.language.translate.free.translator.voice.translation","com.siv","com.niven.game"]},{"rank":{"index":2,"lang":"de","country":"de","chineseCountryName":"德国","pkg":"com.spaceship.screen.textcopy"},"orders":["com.recognize_text.translate.screen","com.spaceship.screen.textcopy","com.tap_to_translate.snap_translate","com.gaminik.i18n","com.newmg.yurao.pro","com.niven.translator","com.screen.translate.google","com.google.android.apps.translate","com.microsoft.translator","com.niven.game","at.nk.tools.iTranslate","com.datacomprojects.scanandtranslate","com.deepl.mobiletranslator","com.niven.apptranslate","com.language.translate.free.translator.voice.translation","com.traductorweb","com.voice_camera_free_translate","ru.yandex.translate","com.google.ar.lens","com.sayhi.android.sayhitranslate"]},{"rank":{"index":2,"lang":"it","country":"it","chineseCountryName":"意大利","pkg":"com.spaceship.screen.textcopy"},"orders":["com.recognize_text.translate.screen","com.spaceship.screen.textcopy","com.tap_to_translate.snap_translate","com.gaminik.i18n","com.newmg.yurao.pro","com.screen.translate.google","com.niven.translator","com.microsoft.translator","com.google.android.apps.translate","at.nk.tools.iTranslate","com.niven.game","com.datacomprojects.scanandtranslate","com.kursx.smartbook","com.translate.language.translator.voice.translation","com.language.translate.free.translator.voice.translation","com.traductorweb","camtranslator.voice.text.image.translate","com.deepl.mobiletranslator","com.google.ar.lens","com.b1b.translator.voicetranslate.alllanguages.translator.app"]},{"rank":{"index":2,"lang":"ja","country":"jp","chineseCountryName":"日本","pkg":"com.spaceship.screen.textcopy"},"orders":["com.recognize_text.translate.screen","com.spaceship.screen.textcopy","com.tap_to_translate.snap_translate","com.gaminik.i18n","com.newmg.yurao.pro","com.niven.translator","com.google.android.apps.translate","com.google.ar.lens","com.microsoft.translator","com.naver.labs.translator","com.datacomprojects.scanandtranslate","com.deepl.mobiletranslator","com.niven.game","com.niven.apptranslate","at.nk.tools.iTranslate","com.screen.translate.google","com.sayhi.android.sayhitranslate","com.android.chrome","com.facebook.katana","com.instagram.android"]},{"rank":{"index":2,"lang":"ko","country":"kr","chineseCountryName":"韩国","pkg":"com.spaceship.screen.textcopy"},"orders":["com.recognize_text.translate.screen","com.spaceship.screen.textcopy","com.tap_to_translate.snap_translate","com.newmg.yurao.pro","com.gaminik.i18n","com.niven.translator","com.naver.labs.translator","com.google.android.apps.translate","com.niven.game","com.microsoft.translator","at.nk.tools.iTranslate","com.screen.translate.google","com.niven.apptranslate","com.datacomprojects.scanandtranslate","com.kursx.smartbook","com.google.ar.lens","com.deepl.mobiletranslator","com.language.translate.free.translator.voice.translation","com.voice_camera_free_translate","com.instagram.android"]},{"rank":{"index":2,"lang":"zh-hk","country":"hk","chineseCountryName":"香港","pkg":"com.spaceship.screen.textcopy"},"orders":["com.recognize_text.translate.screen","com.spaceship.screen.textcopy","com.gaminik.i18n","com.newmg.yurao.pro","com.niven.translator","com.tap_to_translate.snap_translate","com.google.android.apps.translate","com.microsoft.translator","com.niven.game","com.screen.translate.google","com.google.ar.lens","at.nk.tools.iTranslate","com.niven.apptranslate","com.naver.labs.translator","com.datacomprojects.scanandtranslate","com.deepl.mobiletranslator","com.immersivetranslate.browser","com.android.chrome","com.language.translate.free.translator.voice.translation","com.google.android.apps.maps"]},{"rank":{"index":2,"lang":"zh-tw","country":"tw","chineseCountryName":"台湾","pkg":"com.spaceship.screen.textcopy"},"orders":["com.recognize_text.translate.screen","com.spaceship.screen.textcopy","com.newmg.yurao.pro","com.gaminik.i18n","com.niven.translator","com.tap_to_translate.snap_translate","com.google.android.apps.translate","com.niven.game","com.screen.translate.google","com.microsoft.translator","com.datacomprojects.scanandtranslate","com.google.ar.lens","at.nk.tools.iTranslate","com.naver.labs.translator","com.niven.apptranslate","com.language.translate.free.translator.voice.translation","com.instagram.android","com.facebook.katana","com.facebook.orca","com.immersivetranslate.browser"]},{"rank":{"index":2,"lang":"en","country":"in","chineseCountryName":"印度","pkg":"com.spaceship.screen.textcopy"},"orders":["com.recognize_text.translate.screen","com.spaceship.screen.textcopy","com.google.android.apps.translate","com.newmg.yurao.pro"]},{"rank":{"index":2,"lang":"id","country":"id","chineseCountryName":"印尼","pkg":"com.spaceship.screen.textcopy"},"orders":["com.recognize_text.translate.screen","com.spaceship.screen.textcopy","com.tap_to_translate.snap_translate","com.newmg.yurao.pro","com.gaminik.i18n","com.niven.translator","com.niven.game","com.google.android.apps.translate","com.screen.translate.google","com.youdao.hindict"]},{"rank":{"index":2,"lang":"es-mx","country":"mx","chineseCountryName":"墨西哥","pkg":"com.spaceship.screen.textcopy"},"orders":["com.recognize_text.translate.screen","com.spaceship.screen.textcopy","com.tap_to_translate.snap_translate","com.newmg.yurao.pro","com.gaminik.i18n","com.google.android.apps.translate","com.microsoft.translator","at.nk.tools.iTranslate","com.deepl.mobiletranslator","com.zaz.translate","ru.yandex.translate","com.naver.labs.translator","com.ticktalk.translatevoice","com.google.ar.lens","com.kursx.smartbook","com.niven.translator","translate.speech.text.translation.voicetranslator","com.niven.game","free.translate.all.language.translator","camtranslator.voice.text.image.translate"]}]