[{"rank":{"index":2,"lang":"en-us","country":"us","chineseCountryName":"美国","pkg":"com.spaceship.screen.textcopy"},"orders":["com.recognize_text.translate.screen","com.spaceship.screen.textcopy","com.tap_to_translate.snap_translate","com.google.android.apps.translate","com.microsoft.translator","com.deepl.mobiletranslator","com.niven.translator","com.gaminik.i18n","com.newmg.yurao.pro","com.zaz.translate","com.translate.talkingtranslator","screen.translator.voice.translate","com.niven.game","com.naver.labs.translator","ru.yandex.translate","at.nk.tools.iTranslate","com.immersivetranslate.browser","photo.translate.camera.translator","com.eecorp.linguago","com.datacomprojects.scanandtranslate"]},{"rank":{"index":0,"lang":"ru","country":"ru","chineseCountryName":"俄罗斯","pkg":"com.spaceship.screen.textcopy"},"orders":["com.recognize_text.translate.screen","com.tap_to_translate.snap_translate","com.niven.translator","com.newmg.yurao.pro","com.google.android.apps.translate","com.deepl.mobiletranslator","com.microsoft.translator","com.niven.game","com.gaminik.i18n","ru.yandex.translate","com.zaz.translate","com.immersivetranslate.browser","com.naver.labs.translator","com.translate.talkingtranslator","at.nk.tools.iTranslate","com.google.ar.lens","com.datacomprojects.scanandtranslate","photo.translate.camera.translator","com.niven.apptranslate","com.screen.translate.google"]},{"rank":{"index":2,"lang":"pt-br","country":"br","chineseCountryName":"巴西","pkg":"com.spaceship.screen.textcopy"},"orders":["com.recognize_text.translate.screen","com.spaceship.screen.textcopy","com.tap_to_translate.snap_translate","com.newmg.yurao.pro","com.gaminik.i18n","com.niven.translator","com.microsoft.translator","com.niven.game","com.google.android.apps.translate","com.deepl.mobiletranslator","com.immersivetranslate.browser","com.eecorp.linguago","com.zaz.translate","com.eecorp.taptranslator","com.niven.apptranslate","ru.yandex.translate","com.screen.translate.google","at.nk.tools.iTranslate","com.voice_camera_free_translate","com.translate.talkingtranslator"]},{"rank":{"index":3,"lang":"fr","country":"fr","chineseCountryName":"法国","pkg":"com.spaceship.screen.textcopy"},"orders":["com.recognize_text.translate.screen","com.tap_to_translate.snap_translate","com.spaceship.screen.textcopy","com.newmg.yurao.pro","com.niven.translator","com.microsoft.translator","com.gaminik.i18n","com.deepl.mobiletranslator","com.google.android.apps.translate","com.zaz.translate","com.eecorp.linguago","com.immersivetranslate.browser","com.niven.game","com.niven.apptranslate","com.translate.talkingtranslator","com.eecorp.taptranslator","com.screen.translate.google","ru.yandex.translate","at.nk.tools.iTranslate","com.google.ar.lens"]},{"rank":{"index":2,"lang":"en-gb","country":"gb","chineseCountryName":"英国","pkg":"com.spaceship.screen.textcopy"},"orders":["com.recognize_text.translate.screen","com.spaceship.screen.textcopy","com.newmg.yurao.pro","com.tap_to_translate.snap_translate","com.google.android.apps.translate","com.microsoft.translator","com.deepl.mobiletranslator","com.gaminik.i18n","com.niven.translator","com.zaz.translate","com.translate.talkingtranslator","com.immersivetranslate.browser","at.nk.tools.iTranslate","com.naver.labs.translator"]},{"rank":{"index":2,"lang":"de","country":"de","chineseCountryName":"德国","pkg":"com.spaceship.screen.textcopy"},"orders":["com.recognize_text.translate.screen","com.spaceship.screen.textcopy","com.tap_to_translate.snap_translate","com.newmg.yurao.pro","com.niven.translator","com.microsoft.translator","com.gaminik.i18n","com.google.android.apps.translate","com.deepl.mobiletranslator","com.niven.game","com.translate.talkingtranslator","com.zaz.translate","ru.yandex.translate","com.immersivetranslate.browser","com.eecorp.linguago","com.screen.translate.google","at.nk.tools.iTranslate","com.niven.apptranslate","com.eecorp.taptranslator","com.google.ar.lens"]},{"rank":{"index":2,"lang":"it","country":"it","chineseCountryName":"意大利","pkg":"com.spaceship.screen.textcopy"},"orders":["com.recognize_text.translate.screen","com.spaceship.screen.textcopy","com.tap_to_translate.snap_translate","com.newmg.yurao.pro","com.niven.translator","com.microsoft.translator","com.gaminik.i18n","com.deepl.mobiletranslator","com.google.android.apps.translate","com.zaz.translate","com.niven.game","com.translate.talkingtranslator","com.immersivetranslate.browser","com.eecorp.linguago","at.nk.tools.iTranslate","com.datacomprojects.scanandtranslate","com.eecorp.taptranslator","com.niven.apptranslate","ru.yandex.translate","com.google.ar.lens"]},{"rank":{"index":3,"lang":"ja","country":"jp","chineseCountryName":"日本","pkg":"com.spaceship.screen.textcopy"},"orders":["com.recognize_text.translate.screen","com.tap_to_translate.snap_translate","com.spaceship.screen.textcopy","com.newmg.yurao.pro","com.niven.translator","com.microsoft.translator","com.gaminik.i18n","com.deepl.mobiletranslator","com.google.android.apps.translate","com.niven.game","com.eecorp.linguago","com.niven.apptranslate","com.immersivetranslate.browser","com.screen.translate.google","com.zaz.translate","com.naver.labs.translator","com.translate.talkingtranslator","com.eecorp.taptranslator","com.google.ar.lens","at.nk.tools.iTranslate"]},{"rank":{"index":2,"lang":"ko","country":"kr","chineseCountryName":"韩国","pkg":"com.spaceship.screen.textcopy"},"orders":["com.recognize_text.translate.screen","com.spaceship.screen.textcopy","com.tap_to_translate.snap_translate","com.newmg.yurao.pro","com.google.android.apps.translate","com.microsoft.translator","com.deepl.mobiletranslator","com.naver.labs.translator","com.niven.translator","com.gaminik.i18n","com.zaz.translate","com.immersivetranslate.browser","com.translate.talkingtranslator"]},{"rank":{"index":2,"lang":"zh-hk","country":"hk","chineseCountryName":"香港","pkg":"com.spaceship.screen.textcopy"},"orders":["com.recognize_text.translate.screen","com.spaceship.screen.textcopy","com.tap_to_translate.snap_translate","com.newmg.yurao.pro","com.google.android.apps.translate","com.microsoft.translator","com.gaminik.i18n","com.deepl.mobiletranslator","com.niven.translator","com.immersivetranslate.browser","com.niven.game","com.naver.labs.translator","com.zaz.translate","com.eecorp.linguago","at.nk.tools.iTranslate","ru.yandex.translate","com.translate.talkingtranslator","photo.translate.camera.translator","com.google.ar.lens","com.niven.apptranslate"]},{"rank":{"index":2,"lang":"zh-tw","country":"tw","chineseCountryName":"台湾","pkg":"com.spaceship.screen.textcopy"},"orders":["com.recognize_text.translate.screen","com.spaceship.screen.textcopy","com.newmg.yurao.pro","com.tap_to_translate.snap_translate","com.google.android.apps.translate","com.microsoft.translator","com.deepl.mobiletranslator","com.gaminik.i18n","com.niven.translator","com.immersivetranslate.browser","com.naver.labs.translator","com.niven.game","com.translate.talkingtranslator","com.zaz.translate","at.nk.tools.iTranslate","com.eecorp.linguago","com.niven.apptranslate","photo.translate.camera.translator","ru.yandex.translate","com.eecorp.taptranslator"]},{"rank":{"index":2,"lang":"en","country":"in","chineseCountryName":"印度","pkg":"com.spaceship.screen.textcopy"},"orders":["com.recognize_text.translate.screen","com.spaceship.screen.textcopy","com.google.android.apps.translate","com.newmg.yurao.pro"]},{"rank":{"index":2,"lang":"id","country":"id","chineseCountryName":"印尼","pkg":"com.spaceship.screen.textcopy"},"orders":["com.tap_to_translate.snap_translate","com.spaceship.screen.textcopy","com.recognize_text.translate.screen","com.niven.translator","com.newmg.yurao.pro","com.gaminik.i18n","com.niven.game","com.microsoft.translator","com.google.android.apps.translate","com.deepl.mobiletranslator","com.eecorp.linguago","com.eecorp.taptranslator","com.niven.apptranslate"]},{"rank":{"index":2,"lang":"es-mx","country":"mx","chineseCountryName":"墨西哥","pkg":"com.spaceship.screen.textcopy"},"orders":["com.recognize_text.translate.screen","com.spaceship.screen.textcopy","com.gaminik.i18n","com.niven.translator","com.newmg.yurao.pro","com.microsoft.translator","com.tap_to_translate.snap_translate","com.google.android.apps.translate","com.deepl.mobiletranslator","com.niven.game","com.zaz.translate","com.eecorp.linguago","com.immersivetranslate.browser","com.niven.apptranslate","com.eecorp.taptranslator","at.nk.tools.iTranslate","com.translate.talkingtranslator","com.screen.translate.google","com.mg.chat","ru.yandex.translate"]}]