[{"rank":{"index":2,"lang":"en-us","country":"us","chineseCountryName":"美国","pkg":"com.spaceship.screen.textcopy"},"orders":["com.recognize_text.translate.screen","com.spaceship.screen.textcopy","com.niven.translator","com.tap_to_translate.snap_translate","com.microsoft.translator","com.google.android.apps.translate","com.gaminik.i18n","com.newmg.yurao.pro","at.nk.tools.iTranslate","com.niven.game","com.language.translate.free.translator.voice.translation","com.translate.talkingtranslator","com.niven.comic","com.datacomprojects.scanandtranslate","translate.all.language.translator.cameratranslator","com.translate.language.translator.voice.translation","com.screen.translate.google","com.zaz.translate","com.deepl.mobiletranslator","com.niven.apptranslate"]},{"rank":{"index":2,"lang":"ru","country":"ru","chineseCountryName":"俄罗斯","pkg":"com.spaceship.screen.textcopy"},"orders":["com.recognize_text.translate.screen","com.spaceship.screen.textcopy","com.niven.translator","com.tap_to_translate.snap_translate","com.microsoft.translator","com.newmg.yurao.pro","com.gaminik.i18n","com.niven.game","com.google.android.apps.translate","ru.yandex.translate","com.datacomprojects.scanandtranslate","at.nk.tools.iTranslate","com.language.translate.free.translator.voice.translation","com.wooask.zx","com.translate.language.translator.voice.translation","com.deepl.mobiletranslator","com.translate.talkingtranslator","com.tangdi.baiguotong","com.niven.comic","com.screen.translate.google"]},{"rank":{"index":2,"lang":"pt-br","country":"br","chineseCountryName":"巴西","pkg":"com.spaceship.screen.textcopy"},"orders":["com.recognize_text.translate.screen","com.spaceship.screen.textcopy","com.tap_to_translate.snap_translate","com.niven.translator","com.gaminik.i18n","com.microsoft.translator","com.newmg.yurao.pro","at.nk.tools.iTranslate","com.google.android.apps.translate","com.niven.game","com.translate.language.translator.voice.translation","com.niven.comic","com.voice_camera_free_translate","com.springwalk.lingotube","com.niven.apptranslate","com.screen.translate.google","com.language.translate.free.translator.voice.translation","com.wooask.zx","com.deepl.mobiletranslator","com.tangdi.baiguotong"]},{"rank":{"index":2,"lang":"fr","country":"fr","chineseCountryName":"法国","pkg":"com.spaceship.screen.textcopy"},"orders":["com.recognize_text.translate.screen","com.spaceship.screen.textcopy","com.tap_to_translate.snap_translate","com.newmg.yurao.pro","com.niven.translator","com.gaminik.i18n","com.microsoft.translator","at.nk.tools.iTranslate","com.google.android.apps.translate","com.niven.game","com.language.translate.free.translator.voice.translation","com.datacomprojects.scanandtranslate","com.niven.comic","com.zaz.translate","com.niven.apptranslate","com.screen.translate.google","com.translate.language.translator.voice.translation","com.translate.talkingtranslator","com.tangdi.baiguotong","com.voice_camera_free_translate"]},{"rank":{"index":2,"lang":"en-gb","country":"gb","chineseCountryName":"英国","pkg":"com.spaceship.screen.textcopy"},"orders":["com.recognize_text.translate.screen","com.spaceship.screen.textcopy","com.tap_to_translate.snap_translate","com.microsoft.translator","com.google.android.apps.translate","com.niven.translator","com.gaminik.i18n","com.newmg.yurao.pro","at.nk.tools.iTranslate","com.niven.game","com.datacomprojects.scanandtranslate","com.language.translate.free.translator.voice.translation","translate.all.language.translator.cameratranslator","com.niven.comic","com.google.ar.lens","com.translate.talkingtranslator","com.screen.translate.google","com.translate.language.translator.voice.translation","com.deepl.mobiletranslator","com.zaz.translate"]},{"rank":{"index":2,"lang":"de","country":"de","chineseCountryName":"德国","pkg":"com.spaceship.screen.textcopy"},"orders":["com.recognize_text.translate.screen","com.spaceship.screen.textcopy","com.tap_to_translate.snap_translate","com.niven.translator","com.microsoft.translator","com.gaminik.i18n","com.newmg.yurao.pro","at.nk.tools.iTranslate","com.google.android.apps.translate","com.niven.game","com.language.translate.free.translator.voice.translation","com.niven.comic","com.datacomprojects.scanandtranslate","com.deepl.mobiletranslator","com.screen.translate.google","com.translate.talkingtranslator","com.zaz.translate","com.translate.language.translator.voice.translation","com.niven.apptranslate","com.tangdi.baiguotong"]},{"rank":{"index":2,"lang":"it","country":"it","chineseCountryName":"意大利","pkg":"com.spaceship.screen.textcopy"},"orders":["com.recognize_text.translate.screen","com.spaceship.screen.textcopy","com.tap_to_translate.snap_translate","com.gaminik.i18n","com.niven.translator","com.microsoft.translator","com.newmg.yurao.pro","at.nk.tools.iTranslate","com.niven.game","com.translate.language.translator.voice.translation","com.google.android.apps.translate","com.language.translate.free.translator.voice.translation","com.niven.comic","com.zaz.translate","com.datacomprojects.scanandtranslate"]},{"rank":{"index":2,"lang":"ja","country":"jp","chineseCountryName":"日本","pkg":"com.spaceship.screen.textcopy"},"orders":["com.recognize_text.translate.screen","com.spaceship.screen.textcopy","com.tap_to_translate.snap_translate","com.niven.translator","com.gaminik.i18n","com.newmg.yurao.pro","com.microsoft.translator","com.niven.game","at.nk.tools.iTranslate","com.google.android.apps.translate","com.niven.apptranslate","com.niven.comic","com.language.translate.free.translator.voice.translation","com.screen.translate.google","com.translate.talkingtranslator","com.deepl.mobiletranslator","com.naver.labs.translator","com.google.ar.lens","jp.go.nict.voicetra","com.eecorp.linguago"]},{"rank":{"index":2,"lang":"ko","country":"kr","chineseCountryName":"韩国","pkg":"com.spaceship.screen.textcopy"},"orders":["com.recognize_text.translate.screen","com.spaceship.screen.textcopy","com.tap_to_translate.snap_translate","com.microsoft.translator","com.newmg.yurao.pro","com.niven.translator","com.google.android.apps.translate","com.gaminik.i18n","com.naver.labs.translator","at.nk.tools.iTranslate","translate.all.language.translator.cameratranslator","com.deepl.mobiletranslator","com.niven.game","com.language.translate.free.translator.voice.translation","com.translate.language.translator.voice.translation","com.flitto.app","com.translate.talkingtranslator","com.datacomprojects.scanandtranslate","com.sayhi.android.sayhitranslate","com.niven.comic"]},{"rank":{"index":1,"lang":"zh-hk","country":"hk","chineseCountryName":"香港","pkg":"com.spaceship.screen.textcopy"},"orders":["com.spaceship.screen.textcopy","com.recognize_text.translate.screen","com.microsoft.translator","com.tap_to_translate.snap_translate","com.newmg.yurao.pro","com.google.android.apps.translate","com.niven.translator","com.gaminik.i18n","at.nk.tools.iTranslate","com.niven.game","com.naver.labs.translator","com.language.translate.free.translator.voice.translation","com.screen.translate.google","com.deepl.mobiletranslator","translate.all.language.translator.cameratranslator","jp.go.nict.voicetra","com.niven.comic","com.translate.talkingtranslator","com.wooask.zx","com.datacomprojects.scanandtranslate"]},{"rank":{"index":2,"lang":"zh-tw","country":"tw","chineseCountryName":"台湾","pkg":"com.spaceship.screen.textcopy"},"orders":["com.recognize_text.translate.screen","com.spaceship.screen.textcopy","com.microsoft.translator","com.tap_to_translate.snap_translate","com.niven.translator","com.google.android.apps.translate","com.gaminik.i18n","com.newmg.yurao.pro","at.nk.tools.iTranslate","com.niven.game","com.naver.labs.translator","com.translate.talkingtranslator","com.language.translate.free.translator.voice.translation","com.tangdi.baiguotong","translate.all.language.translator.cameratranslator","com.datacomprojects.scanandtranslate","com.translate.language.translator.voice.translation","com.deepl.mobiletranslator","com.niven.comic","com.screen.translate.google"]},{"rank":{"index":2,"lang":"en","country":"in","chineseCountryName":"印度","pkg":"com.spaceship.screen.textcopy"},"orders":["com.recognize_text.translate.screen","com.spaceship.screen.textcopy","com.tap_to_translate.snap_translate"]},{"rank":{"index":2,"lang":"id","country":"id","chineseCountryName":"印尼","pkg":"com.spaceship.screen.textcopy"},"orders":["com.recognize_text.translate.screen","com.spaceship.screen.textcopy","com.tap_to_translate.snap_translate","com.niven.translator","com.gaminik.i18n","com.newmg.yurao.pro","com.niven.game","at.nk.tools.iTranslate","com.microsoft.translator","com.google.android.apps.translate"]},{"rank":{"index":2,"lang":"es-mx","country":"mx","chineseCountryName":"墨西哥","pkg":"com.spaceship.screen.textcopy"},"orders":["com.recognize_text.translate.screen","com.spaceship.screen.textcopy","com.niven.translator","com.tap_to_translate.snap_translate","com.gaminik.i18n","com.newmg.yurao.pro","com.microsoft.translator","at.nk.tools.iTranslate","com.niven.game","com.google.android.apps.translate","com.niven.comic","com.niven.apptranslate"]}]