[{"rank":{"index":2,"lang":"en-us","country":"us","chineseCountryName":"美国","pkg":"com.spaceship.screen.textcopy"},"orders":["com.recognize_text.translate.screen","com.spaceship.screen.textcopy","com.screen.translate.google","com.niven.translator","com.galaxy.airviewdictionary","com.gaminik.i18n","com.yoyodev.screentranslate","com.tap_to_translate.snap_translate","com.newmg.yurao.pro"]},{"rank":{"index":4,"lang":"ru","country":"ru","chineseCountryName":"俄罗斯","pkg":"com.spaceship.screen.textcopy"},"orders":["com.niven.translator","com.recognize_text.translate.screen","com.screen.translate.google","com.spaceship.screen.textcopy","com.tap_to_translate.snap_translate","com.gaminik.i18n","com.galaxy.airviewdictionary","com.yoyodev.screentranslate","com.niven.apptranslate"]},{"rank":{"index":3,"lang":"pt-br","country":"br","chineseCountryName":"巴西","pkg":"com.spaceship.screen.textcopy"},"orders":["com.recognize_text.translate.screen","com.niven.translator","com.spaceship.screen.textcopy","com.galaxy.airviewdictionary","com.screen.translate.google","com.newtranslate.google","com.tap_to_translate.snap_translate","com.gaminik.i18n","com.niven.apptranslate","com.flabs.screen.translate","com.niven.game","com.newmg.yurao.pro","com.screen.translator.text.recognize","com.eecorp.linguago","screen.translator.voice.translate","com.google.android.apps.translate","com.hive.lingonative","com.deepl.mobiletranslator","com.niven.comic","com.android.chrome"]},{"rank":{"index":4,"lang":"fr","country":"fr","chineseCountryName":"法国","pkg":"com.spaceship.screen.textcopy"},"orders":["com.recognize_text.translate.screen","com.niven.translator","com.screen.translate.google","com.spaceship.screen.textcopy","com.tap_to_translate.snap_translate","com.galaxy.airviewdictionary","com.newtranslate.google","com.yoyodev.screentranslate","com.niven.apptranslate","com.gaminik.i18n","com.flabs.screen.translate","com.eecorp.linguago","com.screen.translator.text.recognize","com.newmg.yurao.pro","com.niven.game","screen.translator.voice.translate","com.google.android.apps.translate","com.deepl.mobiletranslator","live.screentranslate.realtime","com.google.ar.lens"]},{"rank":{"index":2,"lang":"en-gb","country":"gb","chineseCountryName":"英国","pkg":"com.spaceship.screen.textcopy"},"orders":["com.recognize_text.translate.screen","com.spaceship.screen.textcopy","com.screen.translate.google","com.galaxy.airviewdictionary","com.niven.translator","com.newtranslate.google","com.tap_to_translate.snap_translate","com.yoyodev.screentranslate","com.gaminik.i18n","com.niven.apptranslate","com.newmg.yurao.pro","com.google.android.apps.translate","com.screen.translator.text.recognize","com.niven.game"]},{"rank":{"index":8,"lang":"de","country":"de","chineseCountryName":"德国","pkg":"com.spaceship.screen.textcopy"},"orders":["com.recognize_text.translate.screen","com.niven.translator","com.galaxy.airviewdictionary","com.screen.translate.google","com.newtranslate.google","com.yoyodev.screentranslate","com.tap_to_translate.snap_translate","com.spaceship.screen.textcopy","com.niven.apptranslate","com.gaminik.i18n","com.newmg.yurao.pro","com.google.android.apps.translate","com.deepl.mobiletranslator","com.niven.game","com.microsoft.translator","com.eecorp.linguago","com.flabs.screen.translate","com.google.ar.lens","com.screen.translator.text.recognize","ru.yandex.translate"]},{"rank":{"index":5,"lang":"it","country":"it","chineseCountryName":"意大利","pkg":"com.spaceship.screen.textcopy"},"orders":["com.recognize_text.translate.screen","com.screen.translate.google","com.tap_to_translate.snap_translate","com.niven.translator","com.spaceship.screen.textcopy","com.galaxy.airviewdictionary","com.newtranslate.google","com.yoyodev.screentranslate","com.gaminik.i18n","com.newmg.yurao.pro","com.niven.apptranslate","com.screen.translator.text.recognize","com.eecorp.linguago","com.flabs.screen.translate","screen.translator.voice.translate","com.google.android.apps.translate","com.niven.game","com.deepl.mobiletranslator","com.niven.comic","com.microsoft.translator"]},{"rank":{"index":2,"lang":"ja","country":"jp","chineseCountryName":"日本","pkg":"com.spaceship.screen.textcopy"},"orders":["com.recognize_text.translate.screen","com.spaceship.screen.textcopy","com.screen.translate.google","com.tap_to_translate.snap_translate","com.niven.translator","com.galaxy.airviewdictionary","com.gaminik.i18n","com.niven.apptranslate"]},{"rank":{"index":3,"lang":"ko","country":"kr","chineseCountryName":"韩国","pkg":"com.spaceship.screen.textcopy"},"orders":["com.recognize_text.translate.screen","com.screen.translate.google","com.spaceship.screen.textcopy","com.galaxy.airviewdictionary","com.tap_to_translate.snap_translate","com.newtranslate.google","com.niven.translator","com.gaminik.i18n","com.niven.apptranslate","com.flabs.screen.translate","com.newmg.yurao.pro","com.screen.translator.text.recognize","com.niven.game","com.eecorp.linguago","screen.translator.voice.translate","com.translatepost.voicetranslator.cameratranslator","com.google.android.apps.translate","com.hive.lingonative","com.naver.labs.translator","live.screentranslate.realtime"]},{"rank":{"index":7,"lang":"zh-hk","country":"hk","chineseCountryName":"香港","pkg":"com.spaceship.screen.textcopy"},"orders":["com.recognize_text.translate.screen","com.niven.translator","com.galaxy.airviewdictionary","com.screen.translate.google","com.tap_to_translate.snap_translate","com.newtranslate.google","com.spaceship.screen.textcopy","com.gaminik.i18n","com.google.android.apps.translate","com.niven.apptranslate","com.newmg.yurao.pro","com.yoyodev.screentranslate","com.niven.game","com.deepl.mobiletranslator","com.flabs.screen.translate","com.aurasense.screentranslate","com.google.ar.lens","com.naver.labs.translator","com.eecorp.linguago","com.screen.translator.text.recognize"]},{"rank":{"index":3,"lang":"zh-tw","country":"tw","chineseCountryName":"台湾","pkg":"com.spaceship.screen.textcopy"},"orders":["com.recognize_text.translate.screen","com.galaxy.airviewdictionary","com.spaceship.screen.textcopy","com.screen.translate.google","com.newtranslate.google","com.niven.translator","com.tap_to_translate.snap_translate","com.gaminik.i18n","com.yoyodev.screentranslate","com.niven.apptranslate","com.google.android.apps.translate","com.screen.translator.text.recognize","screen.translator.voice.translate","com.newmg.yurao.pro","com.android.chrome","com.hive.lingonative","com.translatepost.voicetranslator.cameratranslator","com.google.ar.lens","com.naver.labs.translator","com.deepl.mobiletranslator"]},{"rank":{"index":0,"lang":"en","country":"in","chineseCountryName":"印度","pkg":"com.spaceship.screen.textcopy"},"orders":["com.recognize_text.translate.screen","com.tap_to_translate.snap_translate","com.gaminik.i18n","com.google.android.apps.translate","com.zaz.translate","at.nk.tools.iTranslate","com.microsoft.translator","com.google.ar.lens","ru.yandex.translate","com.naver.labs.translator","com.softissimo.reverso.context","com.simyasolutions.translate","com.google.android.tts","com.google.android.inputmethod.latin","com.transgull.translator","com.galaxy.airviewdictionary","com.screen.translate.google","com.niven.translator","com.newtranslate.google","com.yoyodev.screentranslate"]},{"rank":{"index":3,"lang":"id","country":"id","chineseCountryName":"印尼","pkg":"com.spaceship.screen.textcopy"},"orders":["com.recognize_text.translate.screen","com.niven.translator","com.spaceship.screen.textcopy","com.screen.translate.google","com.galaxy.airviewdictionary","com.newtranslate.google","com.tap_to_translate.snap_translate","com.yoyodev.screentranslate","com.gaminik.i18n","com.niven.apptranslate","com.newmg.yurao.pro","com.niven.game","com.flabs.screen.translate","com.eecorp.linguago","com.screen.translator.text.recognize","com.google.android.apps.translate","com.deepl.mobiletranslator"]},{"rank":{"index":14,"lang":"es-mx","country":"mx","chineseCountryName":"墨西哥","pkg":"com.spaceship.screen.textcopy"},"orders":["com.recognize_text.translate.screen","com.tap_to_translate.snap_translate","com.gaminik.i18n","com.google.android.apps.translate","com.zaz.translate","at.nk.tools.iTranslate","com.naver.labs.translator","com.google.ar.lens","com.siv","link.zhidou.btranslator","co.langlang.translator_for_wsp","com.google.android.tts","co.timekettle.livetranslator","com.spaceship.screen.textcopy","com.galaxy.airviewdictionary","com.niven.translator","com.screen.translate.google","com.newtranslate.google","com.newmg.yurao.pro","com.yoyodev.screentranslate"]}]