[{"rank":{"index":2,"lang":"en-us","country":"us","chineseCountryName":"美国","pkg":"com.spaceship.screen.textcopy"},"orders":["com.recognize_text.translate.screen","com.spaceship.screen.textcopy","com.tap_to_translate.snap_translate","com.niven.translator","com.google.android.apps.translate","com.microsoft.translator","com.gaminik.i18n","at.nk.tools.iTranslate","com.newmg.yurao.pro","com.translate.talkingtranslator","com.sayhi.android.sayhitranslate","com.naver.labs.translator","com.language.translate.free.translator.voice.translation","com.deepl.mobiletranslator","com.translate.language.translator.voice.translation","com.zaz.translate","jp.go.nict.voicetra","com.wooask.zx","com.screen.translate.google","com.datacomprojects.scanandtranslate"]},{"rank":{"index":2,"lang":"ru","country":"ru","chineseCountryName":"俄罗斯","pkg":"com.spaceship.screen.textcopy"},"orders":["com.recognize_text.translate.screen","com.spaceship.screen.textcopy","com.niven.translator","com.tap_to_translate.snap_translate","com.microsoft.translator","com.google.android.apps.translate","ru.yandex.translate","com.newmg.yurao.pro","at.nk.tools.iTranslate","com.gaminik.i18n","com.datacomprojects.scanandtranslate","com.deepl.mobiletranslator","com.niven.game","com.translate.talkingtranslator","com.naver.labs.translator","com.wooask.zx","com.zaz.translate","com.sayhi.android.sayhitranslate","com.threedev.android.apps.translate.voice.translator.languagetranslator","com.google.ar.lens"]},{"rank":{"index":2,"lang":"pt-br","country":"br","chineseCountryName":"巴西","pkg":"com.spaceship.screen.textcopy"},"orders":["com.recognize_text.translate.screen","com.spaceship.screen.textcopy","com.tap_to_translate.snap_translate","com.microsoft.translator","com.niven.translator","com.gaminik.i18n","com.newmg.yurao.pro","at.nk.tools.iTranslate","com.google.android.apps.translate","com.translate.language.translator.voice.translation","com.niven.game","com.niven.comic","com.language.translate.free.translator.voice.translation","com.threedev.android.apps.translate.voice.translator.languagetranslator","com.screen.translate.google","com.voice_camera_free_translate","com.wooask.zx","com.tangdi.baiguotong","com.aldoo.pdftranslatorpro","com.translate.talkingtranslator"]},{"rank":{"index":2,"lang":"fr","country":"fr","chineseCountryName":"法国","pkg":"com.spaceship.screen.textcopy"},"orders":["com.recognize_text.translate.screen","com.spaceship.screen.textcopy","com.tap_to_translate.snap_translate","com.microsoft.translator","com.niven.translator","com.newmg.yurao.pro","com.gaminik.i18n","at.nk.tools.iTranslate","com.google.android.apps.translate","com.translate.talkingtranslator","com.threedev.android.apps.translate.voice.translator.languagetranslator","com.language.translate.free.translator.voice.translation","com.deepl.mobiletranslator","com.datacomprojects.scanandtranslate","com.wooask.zx","com.translate.language.translator.voice.translation","com.niven.game","com.screen.translate.google","com.sayhi.android.sayhitranslate","com.youdao.hindict"]},{"rank":{"index":2,"lang":"en-gb","country":"gb","chineseCountryName":"英国","pkg":"com.spaceship.screen.textcopy"},"orders":["com.recognize_text.translate.screen","com.spaceship.screen.textcopy","com.tap_to_translate.snap_translate","com.microsoft.translator","com.google.android.apps.translate","com.niven.translator","com.gaminik.i18n","com.newmg.yurao.pro","at.nk.tools.iTranslate","com.deepl.mobiletranslator","com.google.ar.lens","com.translate.talkingtranslator","com.sayhi.android.sayhitranslate","com.zaz.translate","com.naver.labs.translator","com.wooask.zx","jp.go.nict.voicetra","com.datacomprojects.scanandtranslate","com.language.translate.free.translator.voice.translation","com.translate.language.translator.voice.translation"]},{"rank":{"index":2,"lang":"de","country":"de","chineseCountryName":"德国","pkg":"com.spaceship.screen.textcopy"},"orders":["com.recognize_text.translate.screen","com.spaceship.screen.textcopy","com.tap_to_translate.snap_translate","com.microsoft.translator","com.niven.translator","com.google.android.apps.translate","at.nk.tools.iTranslate","com.gaminik.i18n","com.newmg.yurao.pro","com.translate.talkingtranslator","com.deepl.mobiletranslator","com.sayhi.android.sayhitranslate","com.wooask.zx","com.datacomprojects.scanandtranslate","com.threedev.android.apps.translate.voice.translator.languagetranslator","com.language.translate.free.translator.voice.translation","ru.yandex.translate","com.translate.language.translator.voice.translation","com.immersivetranslate.browser","jp.go.nict.voicetra"]},{"rank":{"index":2,"lang":"it","country":"it","chineseCountryName":"意大利","pkg":"com.spaceship.screen.textcopy"},"orders":["com.recognize_text.translate.screen","com.spaceship.screen.textcopy","com.tap_to_translate.snap_translate","com.microsoft.translator","com.niven.translator","com.gaminik.i18n","at.nk.tools.iTranslate","com.google.android.apps.translate","com.newmg.yurao.pro","com.threedev.android.apps.translate.voice.translator.languagetranslator","com.language.translate.free.translator.voice.translation"]},{"rank":{"index":2,"lang":"ja","country":"jp","chineseCountryName":"日本","pkg":"com.spaceship.screen.textcopy"},"orders":["com.recognize_text.translate.screen","com.spaceship.screen.textcopy","com.tap_to_translate.snap_translate","com.microsoft.translator","com.niven.translator","com.gaminik.i18n","com.newmg.yurao.pro","at.nk.tools.iTranslate","com.google.android.apps.translate","com.translate.talkingtranslator","com.naver.labs.translator","com.niven.game","com.language.translate.free.translator.voice.translation","com.screen.translate.google","com.deepl.mobiletranslator","com.niven.comic"]},{"rank":{"index":2,"lang":"ko","country":"kr","chineseCountryName":"韩国","pkg":"com.spaceship.screen.textcopy"},"orders":["com.recognize_text.translate.screen","com.spaceship.screen.textcopy","com.tap_to_translate.snap_translate","com.newmg.yurao.pro","com.microsoft.translator","com.google.android.apps.translate","com.niven.translator","com.naver.labs.translator","com.gaminik.i18n","at.nk.tools.iTranslate","com.translate.talkingtranslator","com.deepl.mobiletranslator","com.wooask.zx","com.sayhi.android.sayhitranslate","jp.go.nict.voicetra","com.flitto.app","com.datacomprojects.scanandtranslate","com.language.translate.free.translator.voice.translation","com.zaz.translate","com.google.ar.lens"]},{"rank":{"index":2,"lang":"zh-hk","country":"hk","chineseCountryName":"香港","pkg":"com.spaceship.screen.textcopy"},"orders":["com.recognize_text.translate.screen","com.spaceship.screen.textcopy","com.microsoft.translator","com.google.android.apps.translate","com.tap_to_translate.snap_translate","com.newmg.yurao.pro","com.gaminik.i18n","com.niven.translator","at.nk.tools.iTranslate","com.naver.labs.translator","jp.go.nict.voicetra","com.translate.talkingtranslator","com.wooask.zx","com.screen.translate.google","com.sayhi.android.sayhitranslate","com.datacomprojects.scanandtranslate","com.language.translate.free.translator.voice.translation","com.deepl.mobiletranslator","com.youdao.hindict","com.immersivetranslate.browser"]},{"rank":{"index":2,"lang":"zh-tw","country":"tw","chineseCountryName":"台湾","pkg":"com.spaceship.screen.textcopy"},"orders":["com.recognize_text.translate.screen","com.spaceship.screen.textcopy","com.tap_to_translate.snap_translate","com.microsoft.translator","com.google.android.apps.translate","com.niven.translator","com.gaminik.i18n","com.newmg.yurao.pro","at.nk.tools.iTranslate","com.naver.labs.translator","com.translate.talkingtranslator","jp.go.nict.voicetra","com.deepl.mobiletranslator","com.wooask.zx","com.sayhi.android.sayhitranslate","com.youdao.hindict","com.google.ar.lens","com.language.translate.free.translator.voice.translation","com.datacomprojects.scanandtranslate","com.translate.language.translator.voice.translation"]},{"rank":{"index":2,"lang":"en","country":"in","chineseCountryName":"印度","pkg":"com.spaceship.screen.textcopy"},"orders":["com.recognize_text.translate.screen","com.spaceship.screen.textcopy","com.tap_to_translate.snap_translate"]},{"rank":{"index":2,"lang":"id","country":"id","chineseCountryName":"印尼","pkg":"com.spaceship.screen.textcopy"},"orders":["com.recognize_text.translate.screen","com.spaceship.screen.textcopy","com.tap_to_translate.snap_translate","com.niven.translator","com.google.android.apps.translate","com.gaminik.i18n","com.newmg.yurao.pro","com.microsoft.translator","at.nk.tools.iTranslate","com.youdao.hindict","com.niven.game"]},{"rank":{"index":2,"lang":"es-mx","country":"mx","chineseCountryName":"墨西哥","pkg":"com.spaceship.screen.textcopy"},"orders":["com.recognize_text.translate.screen","com.spaceship.screen.textcopy","com.niven.translator","com.tap_to_translate.snap_translate","com.microsoft.translator","com.gaminik.i18n","at.nk.tools.iTranslate","com.newmg.yurao.pro","com.google.android.apps.translate","com.youdao.hindict","com.language.translate.free.translator.voice.translation","com.translate.talkingtranslator","com.niven.game","com.threedev.android.apps.translate.voice.translator.languagetranslator","com.aldoo.pdftranslatorpro"]}]