[{"rank":{"index":2,"lang":"en-us","country":"us","chineseCountryName":"美国","pkg":"com.spaceship.screen.textcopy"},"orders":["com.recognize_text.translate.screen","com.spaceship.screen.textcopy","com.tap_to_translate.snap_translate","com.gaminik.i18n","com.google.android.apps.translate","com.microsoft.translator","com.niven.translator","com.niven.comic","com.niven.game","com.newmg.yurao.pro","com.niven.apptranslate","com.youdao.hindict","screen.translator.voice.translate","com.mobisystems.msdict.embedded.wireless.collins.ee","com.deepl.mobiletranslator","com.naver.labs.translator","com.translate.talkingtranslator","com.translator.yellow","com.zaz.translate","com.softissimo.reverso.context"]},{"rank":{"index":3,"lang":"ru","country":"ru","chineseCountryName":"俄罗斯","pkg":"com.spaceship.screen.textcopy"},"orders":["com.recognize_text.translate.screen","com.tap_to_translate.snap_translate","com.spaceship.screen.textcopy","com.gaminik.i18n","com.niven.translator","com.niven.game","com.niven.comic","com.newmg.yurao.pro","com.niven.apptranslate","com.google.android.apps.translate","ru.yandex.translate","com.eecorp.linguago","screen.translator.voice.translate","com.deepl.mobiletranslator","com.microsoft.translator","com.whatsapp","com.subtitle.google","com.chat_translate.screen_translate","com.mg.chat","com.flitto.app"]},{"rank":{"index":2,"lang":"fr","country":"fr","chineseCountryName":"法国","pkg":"com.spaceship.screen.textcopy"},"orders":["com.recognize_text.translate.screen","com.spaceship.screen.textcopy","com.tap_to_translate.snap_translate","com.gaminik.i18n","com.niven.game","com.niven.comic","com.niven.translator","com.newmg.yurao.pro","com.niven.apptranslate","com.microsoft.translator","com.google.android.apps.translate","com.youdao.hindict","com.deepl.mobiletranslator","com.eecorp.linguago","com.whatsapp","com.facebook.orca","screen.translator.voice.translate","com.duolingo","com.canva.editor","com.android.chrome"]},{"rank":{"index":2,"lang":"en-gb","country":"gb","chineseCountryName":"英国","pkg":"com.spaceship.screen.textcopy"},"orders":["com.recognize_text.translate.screen","com.spaceship.screen.textcopy","com.gaminik.i18n","com.google.android.apps.translate","com.microsoft.translator","screen.translator.voice.translate","com.tap_to_translate.snap_translate","com.niven.comic","com.niven.translator","com.niven.game","com.newmg.yurao.pro","com.niven.apptranslate","com.youdao.hindict","com.deepl.mobiletranslator","com.translator.yellow","com.zaz.translate","com.eecorp.linguago","com.eecorp.taptranslator","com.mobisystems.msdict.embedded.wireless.collins.ee","com.flitto.app"]},{"rank":{"index":2,"lang":"de","country":"de","chineseCountryName":"德国","pkg":"com.spaceship.screen.textcopy"},"orders":["com.recognize_text.translate.screen","com.spaceship.screen.textcopy","com.gaminik.i18n","com.niven.game","com.tap_to_translate.snap_translate","com.microsoft.translator","com.niven.comic","com.niven.translator","com.newmg.yurao.pro","com.deepl.mobiletranslator","com.google.android.apps.translate","com.niven.apptranslate","com.translator.yellow","com.youdao.hindict","com.whatsapp","com.eecorp.linguago","com.facebook.orca","com.android.chrome","com.canva.editor","com.google.android.apps.photos"]},{"rank":{"index":2,"lang":"it","country":"it","chineseCountryName":"意大利","pkg":"com.spaceship.screen.textcopy"},"orders":["com.recognize_text.translate.screen","com.spaceship.screen.textcopy","com.niven.game","com.gaminik.i18n","com.tap_to_translate.snap_translate","com.niven.comic","com.niven.translator","com.newmg.yurao.pro","com.niven.apptranslate","com.microsoft.translator","com.google.android.apps.translate","com.deepl.mobiletranslator","com.whatsapp","com.facebook.orca","us.zoom.videomeetings","com.canva.editor","com.android.chrome","com.google.android.apps.photos","com.discord","com.eecorp.linguago"]},{"rank":{"index":2,"lang":"ja","country":"jp","chineseCountryName":"日本","pkg":"com.spaceship.screen.textcopy"},"orders":["com.recognize_text.translate.screen","com.spaceship.screen.textcopy","com.gaminik.i18n","com.niven.game","com.tap_to_translate.snap_translate","com.niven.apptranslate","com.niven.comic","com.newmg.yurao.pro","com.google.android.apps.translate","com.niven.translator","com.deepl.mobiletranslator","com.naver.labs.translator","com.microsoft.translator","com.youdao.hindict","com.facebook.orca","com.whatsapp","com.android.chrome","us.zoom.videomeetings","com.google.android.apps.maps","com.discord"]},{"rank":{"index":2,"lang":"ko","country":"kr","chineseCountryName":"韩国","pkg":"com.spaceship.screen.textcopy"},"orders":["com.recognize_text.translate.screen","com.spaceship.screen.textcopy","com.tap_to_translate.snap_translate","com.gaminik.i18n","com.niven.apptranslate","com.niven.game","com.niven.comic","com.newmg.yurao.pro","com.niven.translator","com.naver.labs.translator","com.google.android.apps.translate","com.whatsapp","com.facebook.orca","us.zoom.videomeetings","com.discord","com.android.chrome","com.deepl.mobiletranslator","com.duolingo","com.google.android.apps.photos","com.eecorp.linguago"]},{"rank":{"index":3,"lang":"zh-hk","country":"hk","chineseCountryName":"香港","pkg":"com.spaceship.screen.textcopy"},"orders":["com.recognize_text.translate.screen","com.gaminik.i18n","com.spaceship.screen.textcopy","com.tap_to_translate.snap_translate","com.niven.game","com.niven.translator","com.niven.comic","com.newmg.yurao.pro","com.microsoft.translator","com.google.android.apps.translate","com.niven.apptranslate","com.whatsapp","com.facebook.orca","com.android.chrome","com.deepl.mobiletranslator","com.google.android.apps.maps","com.naver.labs.translator","com.discord","us.zoom.videomeetings","com.google.android.apps.photos"]},{"rank":{"index":3,"lang":"zh-tw","country":"tw","chineseCountryName":"台湾","pkg":"com.spaceship.screen.textcopy"},"orders":["com.recognize_text.translate.screen","com.gaminik.i18n","com.spaceship.screen.textcopy","com.niven.game","com.tap_to_translate.snap_translate","com.newmg.yurao.pro","com.niven.comic","com.google.android.apps.translate","com.microsoft.translator","com.niven.translator","com.niven.apptranslate","com.naver.labs.translator","com.deepl.mobiletranslator","com.facebook.orca","com.whatsapp","com.android.chrome","com.google.android.apps.maps","com.discord","us.zoom.videomeetings","com.google.ar.lens"]},{"rank":{"index":2,"lang":"en","country":"in","chineseCountryName":"印度","pkg":"com.spaceship.screen.textcopy"},"orders":["com.recognize_text.translate.screen","com.spaceship.screen.textcopy","com.newmg.yurao.pro","com.google.android.apps.translate","screen.translator.voice.translate","com.tap_to_translate.snap_translate","com.niven.game","com.zaz.translate","com.niven.translator","com.niven.comic","com.microsoft.translator","com.eecorp.linguago","com.niven.apptranslate","com.whatsapp","com.google.android.inputmethod.latin","com.google.android.dialer","com.android.chrome","com.google.android.apps.docs","com.duolingo","com.gaminik.i18n"]},{"rank":{"index":2,"lang":"id","country":"id","chineseCountryName":"印尼","pkg":"com.spaceship.screen.textcopy"},"orders":["com.recognize_text.translate.screen","com.spaceship.screen.textcopy","com.tap_to_translate.snap_translate","com.gaminik.i18n","com.niven.translator","com.niven.game","com.newmg.yurao.pro","com.niven.comic","com.youdao.hindict","com.niven.apptranslate","com.eecorp.linguago","com.google.android.apps.translate","com.whatsapp","com.android.chrome","com.facebook.orca"]}]