[{"rank":{"index":2,"lang":"en-us","country":"us","chineseCountryName":"美国","pkg":"com.spaceship.screen.textcopy"},"orders":["com.recognize_text.translate.screen","com.spaceship.screen.textcopy","com.niven.translator","com.tap_to_translate.snap_translate","com.microsoft.translator","com.gaminik.i18n","com.google.android.apps.translate","com.niven.game","com.newmg.yurao.pro","com.niven.comic","com.zaz.translate","com.translate.talkingtranslator","com.deepl.mobiletranslator","com.translate.language.translator.voice.translation","com.naver.labs.translator","com.screen.translate.google","com.language.translate.free.translator.voice.translation","com.galaxy.airviewdictionary","com.audacityittranslator.translatetexttranslator","com.sayhi.android.sayhitranslate"]},{"rank":{"index":3,"lang":"ru","country":"ru","chineseCountryName":"俄罗斯","pkg":"com.spaceship.screen.textcopy"},"orders":["com.recognize_text.translate.screen","com.niven.translator","com.spaceship.screen.textcopy","com.tap_to_translate.snap_translate","com.niven.game","com.microsoft.translator","com.gaminik.i18n","com.google.android.apps.translate","com.niven.comic","com.newmg.yurao.pro","ru.yandex.translate","com.zaz.translate","com.deepl.mobiletranslator","com.translate.talkingtranslator","com.screen.translate.google","com.galaxy.airviewdictionary","com.datacomprojects.scanandtranslate","com.naver.labs.translator","com.translate.language.translator.voice.translation","com.android.chrome"]},{"rank":{"index":2,"lang":"pt-br","country":"br","chineseCountryName":"巴西","pkg":"com.spaceship.screen.textcopy"},"orders":["com.recognize_text.translate.screen","com.spaceship.screen.textcopy","com.tap_to_translate.snap_translate","com.gaminik.i18n","com.niven.game","com.niven.translator","com.niven.comic","com.newmg.yurao.pro","com.zaz.translate","com.microsoft.translator","com.google.android.apps.translate","com.screen.translate.google","com.galaxy.airviewdictionary","com.deepl.mobiletranslator","com.android.chrome","com.facebook.orca","com.canva.editor","com.google.android.apps.photos","com.niven.apptranslate","com.google.android.apps.youtube.creator"]},{"rank":{"index":2,"lang":"fr","country":"fr","chineseCountryName":"法国","pkg":"com.spaceship.screen.textcopy"},"orders":["com.recognize_text.translate.screen","com.spaceship.screen.textcopy","com.tap_to_translate.snap_translate","com.gaminik.i18n","com.niven.translator","com.niven.game","com.microsoft.translator","com.newmg.yurao.pro","com.zaz.translate","com.niven.comic","com.translate.talkingtranslator","com.google.android.apps.translate","com.deepl.mobiletranslator","com.translate.language.translator.voice.translation","camtranslator.voice.text.image.translate","com.screen.translate.google","com.audacityittranslator.translatetexttranslator","com.softissimo.reverso.context","com.galaxy.airviewdictionary","com.language.translate.free.translator.voice.translation"]},{"rank":{"index":2,"lang":"en-gb","country":"gb","chineseCountryName":"英国","pkg":"com.spaceship.screen.textcopy"},"orders":["com.recognize_text.translate.screen","com.spaceship.screen.textcopy","com.tap_to_translate.snap_translate","com.gaminik.i18n","com.microsoft.translator","com.niven.translator","com.google.android.apps.translate","com.niven.game","com.zaz.translate","com.newmg.yurao.pro","com.niven.comic","com.translate.talkingtranslator","com.deepl.mobiletranslator","com.screen.translate.google","com.translate.language.translator.voice.translation","com.language.translate.free.translator.voice.translation","com.daytranslations.translate","com.tangdi.baiguotong","com.mobisystems.msdict.embedded.wireless.collins.ee","com.naver.labs.translator"]},{"rank":{"index":2,"lang":"de","country":"de","chineseCountryName":"德国","pkg":"com.spaceship.screen.textcopy"},"orders":["com.recognize_text.translate.screen","com.spaceship.screen.textcopy","com.tap_to_translate.snap_translate","com.microsoft.translator","com.gaminik.i18n","com.niven.game","com.niven.translator","com.newmg.yurao.pro","com.niven.comic","com.translate.talkingtranslator","com.google.android.apps.translate","com.deepl.mobiletranslator","com.zaz.translate","com.screen.translate.google","com.translate.language.translator.voice.translation","com.language.translate.free.translator.voice.translation","com.audacityittranslator.translatetexttranslator","com.flitto.app","com.galaxy.airviewdictionary","com.softissimo.reverso.context"]},{"rank":{"index":2,"lang":"it","country":"it","chineseCountryName":"意大利","pkg":"com.spaceship.screen.textcopy"},"orders":["com.recognize_text.translate.screen","com.spaceship.screen.textcopy","com.tap_to_translate.snap_translate","com.gaminik.i18n","com.niven.translator","com.niven.game","com.microsoft.translator","com.niven.comic","com.newmg.yurao.pro","com.zaz.translate","com.google.android.apps.translate","com.galaxy.airviewdictionary","com.deepl.mobiletranslator","com.translate.talkingtranslator","com.screen.translate.google","com.softissimo.reverso.context","com.google.ar.lens","camtranslator.voice.text.image.translate","com.aldoo.pdftranslatorpro","com.datacomprojects.scanandtranslate"]},{"rank":{"index":2,"lang":"ja","country":"jp","chineseCountryName":"日本","pkg":"com.spaceship.screen.textcopy"},"orders":["com.recognize_text.translate.screen","com.spaceship.screen.textcopy","com.tap_to_translate.snap_translate","com.gaminik.i18n","com.niven.translator","com.niven.game","com.newmg.yurao.pro","com.niven.comic","com.microsoft.translator","com.zaz.translate","com.google.android.apps.translate","com.deepl.mobiletranslator","com.naver.labs.translator","com.screen.translate.google","com.galaxy.airviewdictionary","com.google.ar.lens","com.translate.talkingtranslator","com.niven.apptranslate","com.facebook.orca","com.android.chrome"]},{"rank":{"index":2,"lang":"ko","country":"kr","chineseCountryName":"韩国","pkg":"com.spaceship.screen.textcopy"},"orders":["com.recognize_text.translate.screen","com.spaceship.screen.textcopy","com.tap_to_translate.snap_translate","com.microsoft.translator","com.gaminik.i18n","com.niven.translator","com.google.android.apps.translate","com.niven.game","com.niven.comic","com.newmg.yurao.pro","com.naver.labs.translator","com.zaz.translate","com.translate.talkingtranslator","com.deepl.mobiletranslator","com.galaxy.airviewdictionary","com.flitto.app","com.screen.translate.google","com.translate.language.translator.voice.translation","com.dftpdf.translate","com.datacomprojects.scanandtranslate"]},{"rank":{"index":2,"lang":"zh-hk","country":"hk","chineseCountryName":"香港","pkg":"com.spaceship.screen.textcopy"},"orders":["com.recognize_text.translate.screen","com.spaceship.screen.textcopy","com.tap_to_translate.snap_translate","com.microsoft.translator","com.niven.translator","com.gaminik.i18n","com.google.android.apps.translate","com.niven.game","com.niven.comic","com.newmg.yurao.pro","com.zaz.translate","com.galaxy.airviewdictionary","com.translate.talkingtranslator","com.tangdi.baiguotong","com.translate.language.translator.voice.translation","com.screen.translate.google","com.naver.labs.translator","com.language.translate.free.translator.voice.translation","com.deepl.mobiletranslator","com.voice_camera_free_translate"]},{"rank":{"index":2,"lang":"zh-tw","country":"tw","chineseCountryName":"台湾","pkg":"com.spaceship.screen.textcopy"},"orders":["com.recognize_text.translate.screen","com.spaceship.screen.textcopy","com.tap_to_translate.snap_translate","com.microsoft.translator","com.gaminik.i18n","com.niven.translator","com.google.android.apps.translate","com.niven.game","com.niven.comic","com.newmg.yurao.pro","com.translate.talkingtranslator","com.zaz.translate","com.tangdi.baiguotong","com.galaxy.airviewdictionary","com.naver.labs.translator","com.translate.language.translator.voice.translation","com.voice_camera_free_translate","com.deepl.mobiletranslator","com.screen.translate.google","com.flitto.app"]},{"rank":{"index":2,"lang":"en","country":"in","chineseCountryName":"印度","pkg":"com.spaceship.screen.textcopy"},"orders":["com.recognize_text.translate.screen","com.spaceship.screen.textcopy","com.google.android.apps.translate","com.tap_to_translate.snap_translate","com.zaz.translate","com.gaminik.i18n","com.niven.game","com.translate.talkingtranslator","at.nk.tools.iTranslate","com.deepl.mobiletranslator","com.flitto.app","com.google.ar.lens","com.naver.labs.translator","ru.yandex.translate","com.niven.translator","com.newmg.yurao.pro","com.galaxy.airviewdictionary","screen.translator.voice.translate","com.niven.comic","com.sayhi.android.sayhitranslate"]},{"rank":{"index":2,"lang":"id","country":"id","chineseCountryName":"印尼","pkg":"com.spaceship.screen.textcopy"},"orders":["com.recognize_text.translate.screen","com.spaceship.screen.textcopy","com.tap_to_translate.snap_translate","com.niven.translator","com.gaminik.i18n","com.niven.game","com.niven.comic","com.newmg.yurao.pro","com.google.android.apps.translate","com.zaz.translate","com.microsoft.translator","com.screen.translate.google","com.youdao.hindict","com.translate.talkingtranslator","com.deepl.mobiletranslator","com.naver.labs.translator"]},{"rank":{"index":2,"lang":"es-mx","country":"mx","chineseCountryName":"墨西哥","pkg":"com.spaceship.screen.textcopy"},"orders":["com.recognize_text.translate.screen","com.spaceship.screen.textcopy","com.gaminik.i18n","com.niven.game","com.niven.translator","com.tap_to_translate.snap_translate","com.niven.comic","com.microsoft.translator","com.newmg.yurao.pro","com.zaz.translate","com.google.android.apps.translate","com.deepl.mobiletranslator","com.screen.translate.google","com.translate.talkingtranslator","com.galaxy.airviewdictionary","com.android.chrome","com.facebook.orca","com.google.android.apps.photos","com.translate.language.translator.voice.translation","com.google.android.apps.maps"]}]