[{"rank":{"index":2,"lang":"en-us","country":"us","chineseCountryName":"美国","pkg":"com.spaceship.screen.textcopy"},"orders":["com.recognize_text.translate.screen","com.spaceship.screen.textcopy","com.tap_to_translate.snap_translate","com.niven.translator","com.screen.translate.google","com.gaminik.i18n","com.newmg.yurao.pro","com.niven.apptranslate","com.screen.translator.text.recognize","com.galaxy.airviewdictionary","com.google.android.apps.translate","com.eecorp.linguago","com.yoyodev.screentranslate","com.niven.game","com.deepl.mobiletranslator","com.newtranslate.google","com.hive.lingonative","com.zaz.translate","com.immersivetranslate.browser","com.mg.chat"]},{"rank":{"index":4,"lang":"ru","country":"ru","chineseCountryName":"俄罗斯","pkg":"com.spaceship.screen.textcopy"},"orders":["com.recognize_text.translate.screen","com.niven.translator","com.tap_to_translate.snap_translate","com.spaceship.screen.textcopy","com.gaminik.i18n","ru.yandex.translate","com.screen.translate.google","com.newmg.yurao.pro","com.niven.apptranslate"]},{"rank":{"index":2,"lang":"pt-br","country":"br","chineseCountryName":"巴西","pkg":"com.spaceship.screen.textcopy"},"orders":["com.recognize_text.translate.screen","com.spaceship.screen.textcopy","com.niven.translator","com.tap_to_translate.snap_translate","com.galaxy.airviewdictionary","com.gaminik.i18n","com.screen.translate.google","com.niven.apptranslate","com.newtranslate.google","com.niven.game","com.google.android.apps.translate","com.newmg.yurao.pro","com.eecorp.linguago","com.screen.translator.text.recognize","com.flabs.screen.translate","com.android.chrome","com.deepl.mobiletranslator","com.google.android.apps.maps","screen.translator.voice.translate","com.google.android.apps.docs"]},{"rank":{"index":3,"lang":"fr","country":"fr","chineseCountryName":"法国","pkg":"com.spaceship.screen.textcopy"},"orders":["com.recognize_text.translate.screen","com.tap_to_translate.snap_translate","com.spaceship.screen.textcopy","com.niven.translator","com.screen.translate.google","com.niven.apptranslate","com.galaxy.airviewdictionary","com.gaminik.i18n","com.newtranslate.google","com.eecorp.linguago","com.google.android.apps.translate","com.screen.translator.text.recognize","com.yoyodev.screentranslate","com.newmg.yurao.pro","screen.translator.voice.translate","live.screentranslate.realtime","com.deepl.mobiletranslator","com.flabs.screen.translate","com.niven.game","com.google.ar.lens"]},{"rank":{"index":2,"lang":"en-gb","country":"gb","chineseCountryName":"英国","pkg":"com.spaceship.screen.textcopy"},"orders":["com.recognize_text.translate.screen","com.spaceship.screen.textcopy","com.niven.translator","com.galaxy.airviewdictionary","com.screen.translate.google","com.tap_to_translate.snap_translate","com.niven.apptranslate","com.gaminik.i18n","com.newtranslate.google","com.screen.translator.text.recognize","com.google.android.apps.translate","screen.translator.voice.translate","com.newmg.yurao.pro","com.eecorp.linguago","com.hive.lingonative","com.yoyodev.screentranslate","com.deepl.mobiletranslator","com.flabs.screen.translate","com.zaz.translate","com.microsoft.translator"]},{"rank":{"index":5,"lang":"de","country":"de","chineseCountryName":"德国","pkg":"com.spaceship.screen.textcopy"},"orders":["com.recognize_text.translate.screen","com.tap_to_translate.snap_translate","com.niven.translator","com.galaxy.airviewdictionary","com.spaceship.screen.textcopy","com.screen.translate.google","com.niven.apptranslate","com.gaminik.i18n","com.google.android.apps.translate","com.deepl.mobiletranslator","com.newmg.yurao.pro","com.newtranslate.google","com.google.ar.lens","com.screen.translator.text.recognize","com.microsoft.translator","ru.yandex.translate","com.zaz.translate","com.eecorp.linguago","com.yoyodev.screentranslate","screen.translator.voice.translate"]},{"rank":{"index":3,"lang":"it","country":"it","chineseCountryName":"意大利","pkg":"com.spaceship.screen.textcopy"},"orders":["com.recognize_text.translate.screen","com.tap_to_translate.snap_translate","com.spaceship.screen.textcopy","com.niven.translator","com.screen.translate.google","com.galaxy.airviewdictionary","com.niven.apptranslate","com.gaminik.i18n","com.newmg.yurao.pro","com.screen.translator.text.recognize","com.eecorp.linguago","com.newtranslate.google","com.google.android.apps.translate","screen.translator.voice.translate","com.flabs.screen.translate","com.deepl.mobiletranslator","com.yoyodev.screentranslate","com.zaz.translate","com.eecorp.taptranslator","com.google.ar.lens"]},{"rank":{"index":3,"lang":"ja","country":"jp","chineseCountryName":"日本","pkg":"com.spaceship.screen.textcopy"},"orders":["com.recognize_text.translate.screen","com.tap_to_translate.snap_translate","com.spaceship.screen.textcopy","com.gaminik.i18n","com.niven.translator","com.screen.translate.google","com.newmg.yurao.pro","com.niven.apptranslate","com.galaxy.airviewdictionary","com.immersivetranslate.browser","com.eecorp.linguago","com.google.android.apps.translate","com.niven.game"]},{"rank":{"index":2,"lang":"ko","country":"kr","chineseCountryName":"韩国","pkg":"com.spaceship.screen.textcopy"},"orders":["com.recognize_text.translate.screen","com.spaceship.screen.textcopy","com.tap_to_translate.snap_translate","com.niven.translator","com.gaminik.i18n","com.screen.translate.google","com.galaxy.airviewdictionary","com.niven.apptranslate","com.newtranslate.google","com.newmg.yurao.pro","com.screen.translator.text.recognize","com.eecorp.linguago","com.google.android.apps.translate","com.flabs.screen.translate","screen.translator.voice.translate","com.deepl.mobiletranslator","com.niven.game","com.naver.labs.translator","com.eecorp.taptranslator","com.android.chrome"]},{"rank":{"index":2,"lang":"zh-hk","country":"hk","chineseCountryName":"香港","pkg":"com.spaceship.screen.textcopy"},"orders":["com.recognize_text.translate.screen","com.spaceship.screen.textcopy","com.tap_to_translate.snap_translate","com.niven.translator","com.galaxy.airviewdictionary","com.screen.translate.google","com.newtranslate.google","com.niven.apptranslate","com.google.android.apps.translate","com.gaminik.i18n","com.screen.translator.text.recognize","com.deepl.mobiletranslator","screen.translator.voice.translate","com.newmg.yurao.pro","com.hive.lingonative","com.google.ar.lens","com.naver.labs.translator","com.zaz.translate","com.microsoft.translator","ru.yandex.translate"]},{"rank":{"index":2,"lang":"zh-tw","country":"tw","chineseCountryName":"台湾","pkg":"com.spaceship.screen.textcopy"},"orders":["com.recognize_text.translate.screen","com.spaceship.screen.textcopy","com.tap_to_translate.snap_translate","com.niven.translator","com.screen.translate.google","com.gaminik.i18n","com.galaxy.airviewdictionary","com.niven.apptranslate","com.google.android.apps.translate","com.android.chrome","com.deepl.mobiletranslator","com.newmg.yurao.pro","com.naver.labs.translator","com.google.ar.lens"]},{"rank":{"index":0,"lang":"en","country":"in","chineseCountryName":"印度","pkg":"com.spaceship.screen.textcopy"},"orders":["com.recognize_text.translate.screen","com.tap_to_translate.snap_translate","com.gaminik.i18n"]},{"rank":{"index":3,"lang":"id","country":"id","chineseCountryName":"印尼","pkg":"com.spaceship.screen.textcopy"},"orders":["com.recognize_text.translate.screen","com.tap_to_translate.snap_translate","com.spaceship.screen.textcopy","com.niven.translator","com.niven.apptranslate","com.gaminik.i18n","com.screen.translate.google","com.galaxy.airviewdictionary","com.newtranslate.google","com.newmg.yurao.pro","com.screen.translator.text.recognize","com.niven.game","com.google.android.apps.translate","com.deepl.mobiletranslator","com.flabs.screen.translate","com.eecorp.linguago"]},{"rank":{"index":2,"lang":"es-mx","country":"mx","chineseCountryName":"墨西哥","pkg":"com.spaceship.screen.textcopy"},"orders":["com.recognize_text.translate.screen","com.spaceship.screen.textcopy","com.tap_to_translate.snap_translate"]}]