[{"rank":{"index":2,"lang":"en-us","country":"us","chineseCountryName":"美国","pkg":"com.spaceship.screen.textcopy"},"orders":["com.recognize_text.translate.screen","com.spaceship.screen.textcopy","com.tap_to_translate.snap_translate","com.gaminik.i18n","com.microsoft.translator","com.google.android.apps.translate","com.mg.yurao.google","com.niven.translator","com.niven.game","screen.translator.voice.translate","com.niven.comic","com.eecorp.linguago","com.deepl.mobiletranslator","com.newmg.yurao.pro","at.nk.tools.iTranslate","com.translate.talkingtranslator","com.niven.apptranslate","com.languagetranslator.translatorapp.smartscanner.dictionary.translation.voicetranslator","com.zaz.translate","com.naver.labs.translator"]},{"rank":{"index":2,"lang":"ru","country":"ru","chineseCountryName":"俄罗斯","pkg":"com.spaceship.screen.textcopy"},"orders":["com.recognize_text.translate.screen","com.spaceship.screen.textcopy","com.tap_to_translate.snap_translate","com.mg.yurao.google","com.gaminik.i18n","com.microsoft.translator","com.niven.translator","com.niven.game","com.google.android.apps.translate","com.eecorp.linguago","com.newmg.yurao.pro","com.niven.comic","screen.translator.voice.translate","com.niven.apptranslate","com.deepl.mobiletranslator","com.pidev.screentranslator","ru.yandex.translate","com.chat_translate.screen_translate","com.weekway.screen_translation","com.zaz.translate"]},{"rank":{"index":2,"lang":"pt-br","country":"br","chineseCountryName":"巴西","pkg":"com.spaceship.screen.textcopy"},"orders":["com.recognize_text.translate.screen","com.spaceship.screen.textcopy","com.mg.yurao.google","com.gaminik.i18n","com.niven.translator","com.tap_to_translate.snap_translate","com.niven.game","com.eecorp.linguago","com.niven.comic","com.microsoft.translator","com.newmg.yurao.pro","screen.translator.voice.translate","com.niven.apptranslate","com.android.chrome","com.google.android.apps.translate","com.google.android.apps.docs","com.youdao.hindict","com.discord","com.google.android.apps.photos","us.zoom.videomeetings"]},{"rank":{"index":2,"lang":"fr","country":"fr","chineseCountryName":"法国","pkg":"com.spaceship.screen.textcopy"},"orders":["com.recognize_text.translate.screen","com.spaceship.screen.textcopy","com.mg.yurao.google","com.gaminik.i18n","com.eecorp.linguago","com.niven.translator","com.tap_to_translate.snap_translate","screen.translator.voice.translate","com.microsoft.translator","com.niven.game","com.niven.comic","com.newmg.yurao.pro","com.google.android.apps.translate","com.niven.apptranslate","com.deepl.mobiletranslator","com.zaz.translate","com.chat_translate.screen_translate","com.eecorp.taptranslator","com.appspell.screentranslator","at.nk.tools.iTranslate"]},{"rank":{"index":2,"lang":"en-gb","country":"gb","chineseCountryName":"英国","pkg":"com.spaceship.screen.textcopy"},"orders":["com.recognize_text.translate.screen","com.spaceship.screen.textcopy","com.microsoft.translator","com.mg.yurao.google","com.gaminik.i18n","com.google.android.apps.translate","screen.translator.voice.translate","com.tap_to_translate.snap_translate","com.niven.translator","com.eecorp.linguago","com.niven.game","com.deepl.mobiletranslator","com.niven.comic","com.newmg.yurao.pro","com.zaz.translate","com.eecorp.taptranslator","at.nk.tools.iTranslate","com.mobisystems.msdict.embedded.wireless.collins.ee","com.niven.apptranslate","com.languagetranslator.translatorapp.smartscanner.dictionary.translation.voicetranslator"]},{"rank":{"index":2,"lang":"de","country":"de","chineseCountryName":"德国","pkg":"com.spaceship.screen.textcopy"},"orders":["com.recognize_text.translate.screen","com.spaceship.screen.textcopy","com.mg.yurao.google","com.gaminik.i18n","com.eecorp.linguago","com.niven.translator","com.microsoft.translator","com.niven.game","com.newmg.yurao.pro","com.tap_to_translate.snap_translate","com.deepl.mobiletranslator","com.niven.comic","screen.translator.voice.translate","com.google.android.apps.translate","com.niven.apptranslate","com.zaz.translate","at.nk.tools.iTranslate","com.chat_translate.screen_translate","com.pidev.screentranslator","com.translate.talkingtranslator"]},{"rank":{"index":2,"lang":"it","country":"it","chineseCountryName":"意大利","pkg":"com.spaceship.screen.textcopy"},"orders":["com.recognize_text.translate.screen","com.spaceship.screen.textcopy","screen.translator.voice.translate","com.gaminik.i18n","com.mg.yurao.google","com.niven.translator","com.niven.game","com.eecorp.linguago","com.microsoft.translator","com.tap_to_translate.snap_translate","com.newmg.yurao.pro","com.niven.comic","com.niven.apptranslate","com.eecorp.taptranslator","com.google.android.apps.translate","com.pidev.screentranslator","com.discord","com.android.chrome","com.google.android.apps.docs","com.google.android.apps.photos"]},{"rank":{"index":2,"lang":"ja","country":"jp","chineseCountryName":"日本","pkg":"com.spaceship.screen.textcopy"},"orders":["com.recognize_text.translate.screen","com.spaceship.screen.textcopy","com.gaminik.i18n","com.mg.yurao.google","com.eecorp.linguago","com.niven.translator","com.deepl.mobiletranslator","com.niven.apptranslate","com.newmg.yurao.pro"]},{"rank":{"index":3,"lang":"ko","country":"kr","chineseCountryName":"韩国","pkg":"com.spaceship.screen.textcopy"},"orders":["com.recognize_text.translate.screen","com.mg.yurao.google","com.spaceship.screen.textcopy","com.tap_to_translate.snap_translate","com.microsoft.translator","com.gaminik.i18n","com.niven.translator","com.google.android.apps.translate","com.niven.game","com.newmg.yurao.pro","com.eecorp.linguago","com.niven.comic","screen.translator.voice.translate","com.deepl.mobiletranslator","com.naver.labs.translator","com.niven.apptranslate","xbean.image.picture.translate.ocr","com.eecorp.taptranslator","at.nk.tools.iTranslate","com.languagetranslator.translatorapp.smartscanner.dictionary.translation.voicetranslator"]},{"rank":{"index":2,"lang":"zh-hk","country":"hk","chineseCountryName":"香港","pkg":"com.spaceship.screen.textcopy"},"orders":["com.recognize_text.translate.screen","com.spaceship.screen.textcopy","com.mg.yurao.google","com.microsoft.translator","com.gaminik.i18n","com.tap_to_translate.snap_translate","com.google.android.apps.translate","com.niven.translator","com.eecorp.linguago","com.niven.game","com.newmg.yurao.pro","com.niven.comic","screen.translator.voice.translate","com.eecorp.taptranslator","com.niven.apptranslate","com.chat_translate.screen_translate","com.deepl.mobiletranslator","com.android.chrome","com.appspell.screentranslator","com.zaz.translate"]},{"rank":{"index":3,"lang":"zh-tw","country":"tw","chineseCountryName":"台湾","pkg":"com.spaceship.screen.textcopy"},"orders":["com.recognize_text.translate.screen","com.mg.yurao.google","com.spaceship.screen.textcopy","com.tap_to_translate.snap_translate","com.microsoft.translator","com.gaminik.i18n","com.niven.translator","com.google.android.apps.translate","com.niven.game","com.eecorp.linguago","com.niven.comic","com.newmg.yurao.pro","com.niven.apptranslate","at.nk.tools.iTranslate","screen.translator.voice.translate","com.deepl.mobiletranslator","com.translate.talkingtranslator","com.eecorp.taptranslator","com.mobisystems.msdict.embedded.wireless.collins.ee","com.zaz.translate"]},{"rank":{"index":2,"lang":"en","country":"in","chineseCountryName":"印度","pkg":"com.spaceship.screen.textcopy"},"orders":["com.recognize_text.translate.screen","com.spaceship.screen.textcopy","screen.translator.voice.translate","com.microsoft.translator","com.google.android.apps.translate","com.eecorp.linguago","com.niven.translator","com.tap_to_translate.snap_translate","com.zaz.translate","com.newmg.yurao.pro","com.niven.game","com.niven.comic","com.niven.apptranslate","com.chat_translate.screen_translate","com.pidev.screentranslator","com.deepl.mobiletranslator","com.google.android.apps.docs","com.google.android.inputmethod.latin","com.mg.yurao.google","com.gaminik.i18n"]},{"rank":{"index":1,"lang":"id","country":"id","chineseCountryName":"印尼","pkg":"com.spaceship.screen.textcopy"},"orders":["com.spaceship.screen.textcopy","com.recognize_text.translate.screen","com.mg.yurao.google","com.gaminik.i18n","com.eecorp.linguago","com.tap_to_translate.snap_translate","com.niven.translator","com.google.android.apps.translate","com.android.chrome","com.google.android.apps.docs"]},{"rank":{"index":2,"lang":"es-mx","country":"mx","chineseCountryName":"墨西哥","pkg":"com.spaceship.screen.textcopy"},"orders":["com.recognize_text.translate.screen","com.spaceship.screen.textcopy","com.mg.yurao.google","com.gaminik.i18n","com.niven.translator","com.tap_to_translate.snap_translate","com.eecorp.linguago","com.google.android.apps.translate","com.microsoft.translator","com.discord","com.android.chrome","com.google.android.apps.photos","com.google.android.apps.docs","com.niven.game","us.zoom.videomeetings","com.adobe.reader","com.truecaller","com.intsig.camscanner","com.microsoft.office.outlook","screen.translator.voice.translate"]}]