[{"rank":{"index":2,"lang":"en-us","country":"us","chineseCountryName":"美国","pkg":"com.spaceship.screen.textcopy"},"orders":["com.recognize_text.translate.screen","com.spaceship.screen.textcopy","com.tap_to_translate.snap_translate","com.newmg.yurao.pro","com.microsoft.translator","com.google.android.apps.translate","com.gaminik.i18n","com.niven.translator","com.deepl.mobiletranslator","com.niven.game","com.zaz.translate","com.immersivetranslate.browser","com.youdao.hindict","com.naver.labs.translator","com.screen.translate.google","ru.yandex.translate","com.translate.talkingtranslator","com.eecorp.taptranslator","at.nk.tools.iTranslate","com.google.ar.lens"]},{"rank":{"index":0,"lang":"ru","country":"ru","chineseCountryName":"俄罗斯","pkg":"com.spaceship.screen.textcopy"},"orders":["com.recognize_text.translate.screen","com.tap_to_translate.snap_translate","com.niven.translator","com.newmg.yurao.pro","com.google.android.apps.translate","com.microsoft.translator","com.gaminik.i18n","com.niven.game","ru.yandex.translate","com.deepl.mobiletranslator","com.zaz.translate","com.immersivetranslate.browser","com.screen.translate.google","photo.translate.camera.translator","com.ticktalk.translatevoice","com.datacomprojects.scanandtranslate","at.nk.tools.iTranslate","com.niven.apptranslate","com.translate.talkingtranslator","com.voice_camera_free_translate"]},{"rank":{"index":2,"lang":"pt-br","country":"br","chineseCountryName":"巴西","pkg":"com.spaceship.screen.textcopy"},"orders":["com.recognize_text.translate.screen","com.spaceship.screen.textcopy","com.tap_to_translate.snap_translate","com.newmg.yurao.pro","com.gaminik.i18n","com.niven.translator","com.microsoft.translator","com.niven.game","com.google.android.apps.translate","com.eecorp.taptranslator","com.screen.translate.google","com.immersivetranslate.browser","com.deepl.mobiletranslator","com.youdao.hindict","com.translate.talkingtranslator","ru.yandex.translate","com.google.ar.lens","com.niven.apptranslate","com.tangdi.baiguotong","com.voice_camera_free_translate"]},{"rank":{"index":3,"lang":"fr","country":"fr","chineseCountryName":"法国","pkg":"com.spaceship.screen.textcopy"},"orders":["com.recognize_text.translate.screen","com.tap_to_translate.snap_translate","com.spaceship.screen.textcopy","com.newmg.yurao.pro","com.niven.translator","com.gaminik.i18n","com.microsoft.translator","com.google.android.apps.translate","com.screen.translate.google","com.eecorp.taptranslator","com.niven.game","com.deepl.mobiletranslator","com.immersivetranslate.browser","com.niven.apptranslate","com.translate.talkingtranslator","ru.yandex.translate","com.google.ar.lens","com.zaz.translate","screen.translator.voice.translate","com.voice_camera_free_translate"]},{"rank":{"index":2,"lang":"en-gb","country":"gb","chineseCountryName":"英国","pkg":"com.spaceship.screen.textcopy"},"orders":["com.recognize_text.translate.screen","com.spaceship.screen.textcopy","com.tap_to_translate.snap_translate","com.newmg.yurao.pro","com.google.android.apps.translate","com.microsoft.translator","com.gaminik.i18n","com.niven.translator","com.zaz.translate","com.deepl.mobiletranslator","com.youdao.hindict","com.niven.game","com.immersivetranslate.browser","ru.yandex.translate","com.eecorp.taptranslator","com.translate.talkingtranslator","com.screen.translate.google","at.nk.tools.iTranslate","com.google.ar.lens","com.naver.labs.translator"]},{"rank":{"index":2,"lang":"de","country":"de","chineseCountryName":"德国","pkg":"com.spaceship.screen.textcopy"},"orders":["com.recognize_text.translate.screen","com.spaceship.screen.textcopy","com.newmg.yurao.pro","com.tap_to_translate.snap_translate","com.niven.translator","com.gaminik.i18n","com.microsoft.translator","com.google.android.apps.translate","com.niven.game","com.deepl.mobiletranslator","com.immersivetranslate.browser","com.screen.translate.google","com.translate.talkingtranslator","ru.yandex.translate","com.eecorp.taptranslator","com.google.ar.lens","com.niven.apptranslate","com.zaz.translate","com.voice_camera_free_translate","at.nk.tools.iTranslate"]},{"rank":{"index":2,"lang":"it","country":"it","chineseCountryName":"意大利","pkg":"com.spaceship.screen.textcopy"},"orders":["com.recognize_text.translate.screen","com.spaceship.screen.textcopy","com.tap_to_translate.snap_translate","com.newmg.yurao.pro","com.gaminik.i18n","com.niven.translator","com.microsoft.translator","com.google.android.apps.translate","com.niven.game","com.deepl.mobiletranslator","com.eecorp.taptranslator","com.screen.translate.google","com.translate.talkingtranslator","com.immersivetranslate.browser","com.google.ar.lens","ru.yandex.translate","at.nk.tools.iTranslate","com.niven.apptranslate","com.zaz.translate","com.tangdi.baiguotong"]},{"rank":{"index":3,"lang":"ja","country":"jp","chineseCountryName":"日本","pkg":"com.spaceship.screen.textcopy"},"orders":["com.recognize_text.translate.screen","com.tap_to_translate.snap_translate","com.spaceship.screen.textcopy","com.newmg.yurao.pro","com.niven.translator","com.gaminik.i18n","com.microsoft.translator","com.screen.translate.google","com.google.android.apps.translate","com.eecorp.taptranslator","com.niven.game","com.deepl.mobiletranslator","com.niven.apptranslate","com.immersivetranslate.browser","com.google.ar.lens","com.translate.talkingtranslator","com.naver.labs.translator","com.google.android.apps.maps","com.android.chrome","com.zaz.translate"]},{"rank":{"index":2,"lang":"ko","country":"kr","chineseCountryName":"韩国","pkg":"com.spaceship.screen.textcopy"},"orders":["com.recognize_text.translate.screen","com.spaceship.screen.textcopy","com.tap_to_translate.snap_translate","com.newmg.yurao.pro","com.microsoft.translator","com.niven.translator","com.gaminik.i18n","com.google.android.apps.translate","com.naver.labs.translator","com.niven.game","com.deepl.mobiletranslator","com.translate.talkingtranslator","com.immersivetranslate.browser","com.screen.translate.google","com.eecorp.taptranslator","com.zaz.translate","com.google.ar.lens","at.nk.tools.iTranslate","ru.yandex.translate","com.niven.apptranslate"]},{"rank":{"index":2,"lang":"zh-hk","country":"hk","chineseCountryName":"香港","pkg":"com.spaceship.screen.textcopy"},"orders":["com.recognize_text.translate.screen","com.spaceship.screen.textcopy","com.tap_to_translate.snap_translate","com.newmg.yurao.pro","com.microsoft.translator","com.gaminik.i18n","com.niven.translator","com.google.android.apps.translate","com.immersivetranslate.browser","com.niven.game","com.deepl.mobiletranslator","com.screen.translate.google","ru.yandex.translate","com.naver.labs.translator","com.eecorp.taptranslator","com.google.ar.lens","com.zaz.translate","at.nk.tools.iTranslate","com.niven.apptranslate","com.youdao.hindict"]},{"rank":{"index":2,"lang":"zh-tw","country":"tw","chineseCountryName":"台湾","pkg":"com.spaceship.screen.textcopy"},"orders":["com.recognize_text.translate.screen","com.spaceship.screen.textcopy","com.newmg.yurao.pro","com.tap_to_translate.snap_translate","com.microsoft.translator","com.gaminik.i18n","com.niven.translator","com.google.android.apps.translate","com.immersivetranslate.browser","com.niven.game","com.screen.translate.google","com.deepl.mobiletranslator","com.naver.labs.translator","com.eecorp.taptranslator","com.translate.talkingtranslator","com.zaz.translate","com.google.ar.lens","at.nk.tools.iTranslate","com.youdao.hindict","com.niven.apptranslate"]},{"rank":{"index":2,"lang":"en","country":"in","chineseCountryName":"印度","pkg":"com.spaceship.screen.textcopy"},"orders":["com.recognize_text.translate.screen","com.spaceship.screen.textcopy","com.newmg.yurao.pro","com.google.android.apps.translate"]},{"rank":{"index":3,"lang":"id","country":"id","chineseCountryName":"印尼","pkg":"com.spaceship.screen.textcopy"},"orders":["com.recognize_text.translate.screen","com.tap_to_translate.snap_translate","com.spaceship.screen.textcopy","com.niven.translator","com.newmg.yurao.pro","com.gaminik.i18n","com.youdao.hindict","com.niven.game","com.microsoft.translator","com.screen.translate.google","com.google.android.apps.translate","com.eecorp.taptranslator","com.deepl.mobiletranslator"]},{"rank":{"index":2,"lang":"es-mx","country":"mx","chineseCountryName":"墨西哥","pkg":"com.spaceship.screen.textcopy"},"orders":["com.recognize_text.translate.screen","com.spaceship.screen.textcopy","com.gaminik.i18n","com.newmg.yurao.pro","com.niven.translator","com.tap_to_translate.snap_translate","com.microsoft.translator","com.niven.game","com.google.android.apps.translate","com.deepl.mobiletranslator","com.screen.translate.google","com.eecorp.taptranslator","com.immersivetranslate.browser","com.zaz.translate","com.niven.apptranslate","com.google.ar.lens","ru.yandex.translate","com.android.chrome","com.google.android.apps.photos","com.mg.chat"]}]