[{"rank":{"index":2,"lang":"en-us","country":"us","chineseCountryName":"美国","pkg":"com.spaceship.screen.textcopy"},"orders":["com.recognize_text.translate.screen","com.spaceship.screen.textcopy","com.tap_to_translate.snap_translate","com.google.android.apps.translate","com.newmg.yurao.pro","com.niven.translator","com.microsoft.translator","com.gaminik.i18n","screen.translator.voice.translate","com.zaz.translate","com.niven.game","com.naver.labs.translator","com.immersivetranslate.browser","com.screen.translate.google","com.niven.apptranslate","at.nk.tools.iTranslate","com.eecorp.taptranslator","com.deepl.mobiletranslator","com.youdao.hindict","com.datacomprojects.scanandtranslate"]},{"rank":{"index":0,"lang":"ru","country":"ru","chineseCountryName":"俄罗斯","pkg":"com.spaceship.screen.textcopy"},"orders":["com.recognize_text.translate.screen","com.niven.translator","com.tap_to_translate.snap_translate","com.newmg.yurao.pro","com.microsoft.translator","com.google.android.apps.translate","com.gaminik.i18n","com.niven.game","com.zaz.translate","ru.yandex.translate","com.immersivetranslate.browser","com.deepl.mobiletranslator","com.naver.labs.translator","com.niven.apptranslate","photo.translate.camera.translator","at.nk.tools.iTranslate","com.datacomprojects.scanandtranslate","com.screen.translate.google","com.voice_camera_free_translate","com.translate.talkingtranslator"]},{"rank":{"index":2,"lang":"pt-br","country":"br","chineseCountryName":"巴西","pkg":"com.spaceship.screen.textcopy"},"orders":["com.recognize_text.translate.screen","com.spaceship.screen.textcopy","com.tap_to_translate.snap_translate","com.newmg.yurao.pro","com.gaminik.i18n","com.niven.translator","com.microsoft.translator","com.niven.game","com.google.android.apps.translate","com.immersivetranslate.browser","com.zaz.translate","com.niven.apptranslate","com.screen.translate.google","com.eecorp.taptranslator","com.voice_camera_free_translate","at.nk.tools.iTranslate","com.deepl.mobiletranslator","camtranslator.voice.text.image.translate","com.kursx.smartbook","com.android.chrome"]},{"rank":{"index":3,"lang":"fr","country":"fr","chineseCountryName":"法国","pkg":"com.spaceship.screen.textcopy"},"orders":["com.recognize_text.translate.screen","com.tap_to_translate.snap_translate","com.spaceship.screen.textcopy","com.gaminik.i18n","com.newmg.yurao.pro","com.niven.translator","com.microsoft.translator","com.google.android.apps.translate","com.niven.apptranslate","com.zaz.translate","com.screen.translate.google","com.eecorp.taptranslator","com.niven.game","com.deepl.mobiletranslator","screen.translator.voice.translate","com.immersivetranslate.browser","com.voice_camera_free_translate","camtranslator.voice.text.image.translate","com.google.ar.lens","com.android.chrome"]},{"rank":{"index":2,"lang":"en-gb","country":"gb","chineseCountryName":"英国","pkg":"com.spaceship.screen.textcopy"},"orders":["com.recognize_text.translate.screen","com.spaceship.screen.textcopy","com.newmg.yurao.pro","com.tap_to_translate.snap_translate","com.google.android.apps.translate","com.microsoft.translator","com.niven.translator","com.gaminik.i18n","com.zaz.translate","com.immersivetranslate.browser","com.youdao.hindict","com.niven.game","at.nk.tools.iTranslate","com.naver.labs.translator","com.deepl.mobiletranslator","com.niven.apptranslate","com.screen.translate.google","com.eecorp.taptranslator","com.voice_camera_free_translate","com.mg.chat"]},{"rank":{"index":2,"lang":"de","country":"de","chineseCountryName":"德国","pkg":"com.spaceship.screen.textcopy"},"orders":["com.recognize_text.translate.screen","com.spaceship.screen.textcopy","com.tap_to_translate.snap_translate","com.gaminik.i18n","com.newmg.yurao.pro","com.niven.translator","com.microsoft.translator","com.google.android.apps.translate","com.immersivetranslate.browser","com.niven.game","com.niven.apptranslate","com.screen.translate.google","com.zaz.translate","com.deepl.mobiletranslator","com.eecorp.taptranslator","ru.yandex.translate","at.nk.tools.iTranslate","com.voice_camera_free_translate","com.mg.chat","com.google.ar.lens"]},{"rank":{"index":2,"lang":"it","country":"it","chineseCountryName":"意大利","pkg":"com.spaceship.screen.textcopy"},"orders":["com.recognize_text.translate.screen","com.spaceship.screen.textcopy","com.tap_to_translate.snap_translate","com.newmg.yurao.pro","com.gaminik.i18n","com.niven.translator","com.microsoft.translator","com.zaz.translate","com.google.android.apps.translate","com.screen.translate.google","com.niven.game","com.niven.apptranslate","com.eecorp.taptranslator","com.deepl.mobiletranslator","com.immersivetranslate.browser","at.nk.tools.iTranslate","com.voice_camera_free_translate","com.google.ar.lens","camtranslator.voice.text.image.translate","com.openai.chatgpt"]},{"rank":{"index":3,"lang":"ja","country":"jp","chineseCountryName":"日本","pkg":"com.spaceship.screen.textcopy"},"orders":["com.recognize_text.translate.screen","com.tap_to_translate.snap_translate","com.spaceship.screen.textcopy","com.newmg.yurao.pro","com.niven.translator","com.gaminik.i18n","com.microsoft.translator","com.niven.apptranslate","com.immersivetranslate.browser","com.niven.game","com.screen.translate.google","com.google.android.apps.translate","com.deepl.mobiletranslator","com.eecorp.taptranslator","com.naver.labs.translator","com.google.ar.lens","com.zaz.translate","com.mg.chat","at.nk.tools.iTranslate","com.android.chrome"]},{"rank":{"index":3,"lang":"ko","country":"kr","chineseCountryName":"韩国","pkg":"com.spaceship.screen.textcopy"},"orders":["com.recognize_text.translate.screen","com.tap_to_translate.snap_translate","com.spaceship.screen.textcopy","com.newmg.yurao.pro","com.niven.translator","com.gaminik.i18n","com.google.android.apps.translate","com.microsoft.translator","com.naver.labs.translator","com.niven.game","com.zaz.translate","com.immersivetranslate.browser","com.niven.apptranslate","com.screen.translate.google","at.nk.tools.iTranslate","com.deepl.mobiletranslator","com.eecorp.taptranslator","com.translate.talkingtranslator","com.datacomprojects.scanandtranslate","ru.yandex.translate"]},{"rank":{"index":1,"lang":"zh-hk","country":"hk","chineseCountryName":"香港","pkg":"com.spaceship.screen.textcopy"},"orders":["com.spaceship.screen.textcopy","com.recognize_text.translate.screen","com.google.android.apps.translate","com.newmg.yurao.pro","com.tap_to_translate.snap_translate","com.gaminik.i18n","com.microsoft.translator","com.niven.translator","com.zaz.translate","com.niven.game","com.immersivetranslate.browser","com.naver.labs.translator","com.niven.apptranslate","com.screen.translate.google","com.eecorp.taptranslator","at.nk.tools.iTranslate","com.deepl.mobiletranslator","com.datacomprojects.scanandtranslate","com.mg.chat","com.android.chrome"]},{"rank":{"index":2,"lang":"zh-tw","country":"tw","chineseCountryName":"台湾","pkg":"com.spaceship.screen.textcopy"},"orders":["com.recognize_text.translate.screen","com.spaceship.screen.textcopy","com.newmg.yurao.pro","com.tap_to_translate.snap_translate","com.google.android.apps.translate","com.microsoft.translator","com.niven.translator","com.gaminik.i18n","com.niven.game","com.immersivetranslate.browser","com.zaz.translate","com.naver.labs.translator","com.niven.apptranslate","com.screen.translate.google","at.nk.tools.iTranslate","com.eecorp.taptranslator","com.deepl.mobiletranslator","com.translate.talkingtranslator","com.datacomprojects.scanandtranslate","com.mg.chat"]},{"rank":{"index":2,"lang":"en","country":"in","chineseCountryName":"印度","pkg":"com.spaceship.screen.textcopy"},"orders":["com.recognize_text.translate.screen","com.spaceship.screen.textcopy","com.newmg.yurao.pro"]},{"rank":{"index":3,"lang":"id","country":"id","chineseCountryName":"印尼","pkg":"com.spaceship.screen.textcopy"},"orders":["com.recognize_text.translate.screen","com.tap_to_translate.snap_translate","com.spaceship.screen.textcopy","com.newmg.yurao.pro","com.gaminik.i18n","com.niven.translator","com.niven.game","com.microsoft.translator","com.niven.apptranslate","com.eecorp.taptranslator","com.screen.translate.google","com.google.android.apps.translate","com.eecorp.linguago"]},{"rank":{"index":2,"lang":"es-mx","country":"mx","chineseCountryName":"墨西哥","pkg":"com.spaceship.screen.textcopy"},"orders":["com.recognize_text.translate.screen","com.spaceship.screen.textcopy","com.tap_to_translate.snap_translate","com.niven.translator","com.newmg.yurao.pro","com.gaminik.i18n","com.microsoft.translator","com.niven.game","com.google.android.apps.translate","com.zaz.translate","com.niven.apptranslate","com.screen.translate.google","com.immersivetranslate.browser","com.deepl.mobiletranslator","com.mg.chat","com.eecorp.taptranslator","at.nk.tools.iTranslate","com.youdao.hindict","com.google.ar.lens","camtranslator.voice.text.image.translate"]}]