[{"rank":{"index":2,"lang":"en-us","country":"us","chineseCountryName":"美国","pkg":"com.spaceship.screen.textcopy"},"orders":["com.recognize_text.translate.screen","com.spaceship.screen.textcopy","com.tap_to_translate.snap_translate","com.google.android.apps.translate","com.screen.translate.google","com.newmg.yurao.pro","com.gaminik.i18n","com.microsoft.translator","com.niven.translator","com.niven.game","com.immersivetranslate.browser","at.nk.tools.iTranslate","com.zaz.translate","com.deepl.mobiletranslator","com.naver.labs.translator","com.translate.talkingtranslator","com.heapsol.spanishenglishtranslator","com.siv","com.niven.apptranslate","ru.yandex.translate"]},{"rank":{"index":0,"lang":"ru","country":"ru","chineseCountryName":"俄罗斯","pkg":"com.spaceship.screen.textcopy"},"orders":["com.recognize_text.translate.screen","com.niven.translator","com.tap_to_translate.snap_translate","com.newmg.yurao.pro","com.gaminik.i18n","com.screen.translate.google","ru.yandex.translate","com.niven.game","com.immersivetranslate.browser","com.microsoft.translator","com.zaz.translate","com.niven.apptranslate","com.google.android.apps.translate","com.deepl.mobiletranslator"]},{"rank":{"index":2,"lang":"pt-br","country":"br","chineseCountryName":"巴西","pkg":"com.spaceship.screen.textcopy"},"orders":["com.recognize_text.translate.screen","com.spaceship.screen.textcopy","com.tap_to_translate.snap_translate","com.newmg.yurao.pro","com.gaminik.i18n","com.google.android.apps.translate","com.zaz.translate","at.nk.tools.iTranslate","com.deepl.mobiletranslator","ru.yandex.translate","com.youdao.hindict","com.translate.talkingtranslator","com.naver.labs.translator","com.niven.translator","com.screen.translate.google","com.niven.game","com.newtranslate.google","screen.translator.voice.translate","com.niven.apptranslate","com.google.ar.lens"]},{"rank":{"index":2,"lang":"fr","country":"fr","chineseCountryName":"法国","pkg":"com.spaceship.screen.textcopy"},"orders":["com.recognize_text.translate.screen","com.spaceship.screen.textcopy","com.tap_to_translate.snap_translate","com.newmg.yurao.pro","com.gaminik.i18n","com.niven.translator","com.screen.translate.google","com.niven.game","com.microsoft.translator","com.google.android.apps.translate","com.immersivetranslate.browser","com.zaz.translate","com.deepl.mobiletranslator","com.niven.apptranslate","ru.yandex.translate","com.yoyodev.screentranslate","com.eecorp.taptranslator","at.nk.tools.iTranslate","com.voice_camera_free_translate","com.naver.labs.translator"]},{"rank":{"index":2,"lang":"en-gb","country":"gb","chineseCountryName":"英国","pkg":"com.spaceship.screen.textcopy"},"orders":["com.recognize_text.translate.screen","com.spaceship.screen.textcopy","com.newmg.yurao.pro","com.google.android.apps.translate","com.screen.translate.google","com.gaminik.i18n","com.microsoft.translator","com.niven.translator","com.tap_to_translate.snap_translate","com.niven.game","com.deepl.mobiletranslator","at.nk.tools.iTranslate","com.zaz.translate","com.immersivetranslate.browser","com.siv","com.niven.apptranslate","com.naver.labs.translator","com.translate.talkingtranslator","ru.yandex.translate","com.tangdi.baiguotong"]},{"rank":{"index":2,"lang":"de","country":"de","chineseCountryName":"德国","pkg":"com.spaceship.screen.textcopy"},"orders":["com.recognize_text.translate.screen","com.spaceship.screen.textcopy","com.newmg.yurao.pro","com.gaminik.i18n","com.tap_to_translate.snap_translate","com.niven.translator","com.screen.translate.google","com.microsoft.translator","com.niven.game","com.deepl.mobiletranslator","com.google.android.apps.translate","com.immersivetranslate.browser","com.niven.apptranslate","com.zaz.translate","ru.yandex.translate","at.nk.tools.iTranslate","com.eecorp.taptranslator","com.yoyodev.screentranslate","com.translate.talkingtranslator","com.google.ar.lens"]},{"rank":{"index":2,"lang":"it","country":"it","chineseCountryName":"意大利","pkg":"com.spaceship.screen.textcopy"},"orders":["com.recognize_text.translate.screen","com.spaceship.screen.textcopy","com.tap_to_translate.snap_translate","com.gaminik.i18n","com.newmg.yurao.pro","com.niven.translator","com.screen.translate.google","com.niven.game","com.microsoft.translator","com.deepl.mobiletranslator","com.google.android.apps.translate","com.immersivetranslate.browser"]},{"rank":{"index":2,"lang":"ja","country":"jp","chineseCountryName":"日本","pkg":"com.spaceship.screen.textcopy"},"orders":["com.recognize_text.translate.screen","com.spaceship.screen.textcopy","com.tap_to_translate.snap_translate","com.gaminik.i18n","com.newmg.yurao.pro","com.niven.translator","com.screen.translate.google","com.microsoft.translator","com.niven.game","com.google.android.apps.translate","com.deepl.mobiletranslator","com.immersivetranslate.browser","com.naver.labs.translator"]},{"rank":{"index":2,"lang":"ko","country":"kr","chineseCountryName":"韩国","pkg":"com.spaceship.screen.textcopy"},"orders":["com.recognize_text.translate.screen","com.spaceship.screen.textcopy","com.tap_to_translate.snap_translate","com.niven.translator","com.newmg.yurao.pro","com.gaminik.i18n","com.screen.translate.google","com.niven.apptranslate","com.microsoft.translator","com.google.android.apps.translate","com.immersivetranslate.browser","com.niven.game","com.naver.labs.translator","com.zaz.translate","com.deepl.mobiletranslator","com.openai.chatgpt","ru.yandex.translate","com.facebook.katana","com.facebook.orca","com.supercell.clashofclans"]},{"rank":{"index":2,"lang":"zh-hk","country":"hk","chineseCountryName":"香港","pkg":"com.spaceship.screen.textcopy"},"orders":["com.recognize_text.translate.screen","com.spaceship.screen.textcopy","com.tap_to_translate.snap_translate","com.screen.translate.google","com.newmg.yurao.pro","com.gaminik.i18n","com.niven.translator","com.microsoft.translator","com.niven.apptranslate","com.google.android.apps.translate","com.immersivetranslate.browser","com.zaz.translate","com.niven.game","com.yoyodev.screentranslate","com.deepl.mobiletranslator","com.naver.labs.translator","ru.yandex.translate","com.google.ar.lens","com.voice_camera_free_translate","com.facebook.orca"]},{"rank":{"index":2,"lang":"zh-tw","country":"tw","chineseCountryName":"台湾","pkg":"com.spaceship.screen.textcopy"},"orders":["com.recognize_text.translate.screen","com.spaceship.screen.textcopy","com.newmg.yurao.pro","com.screen.translate.google","com.gaminik.i18n","com.niven.translator","com.tap_to_translate.snap_translate","com.microsoft.translator","com.google.android.apps.translate","com.niven.game","com.niven.apptranslate","com.immersivetranslate.browser","com.deepl.mobiletranslator","at.nk.tools.iTranslate","com.naver.labs.translator","com.zaz.translate","com.translate.talkingtranslator","com.google.ar.lens","com.facebook.orca","com.openai.chatgpt"]},{"rank":{"index":2,"lang":"en","country":"in","chineseCountryName":"印度","pkg":"com.spaceship.screen.textcopy"},"orders":["com.recognize_text.translate.screen","com.spaceship.screen.textcopy","com.newmg.yurao.pro","com.google.android.apps.translate","com.zaz.translate"]},{"rank":{"index":2,"lang":"id","country":"id","chineseCountryName":"印尼","pkg":"com.spaceship.screen.textcopy"},"orders":["com.recognize_text.translate.screen","com.spaceship.screen.textcopy","com.tap_to_translate.snap_translate","com.newmg.yurao.pro","com.gaminik.i18n","com.niven.translator","com.niven.game","com.screen.translate.google","com.google.android.apps.translate","com.niven.apptranslate","com.microsoft.translator","com.deepl.mobiletranslator"]},{"rank":{"index":2,"lang":"es-mx","country":"mx","chineseCountryName":"墨西哥","pkg":"com.spaceship.screen.textcopy"},"orders":["com.recognize_text.translate.screen","com.spaceship.screen.textcopy","com.tap_to_translate.snap_translate","com.newmg.yurao.pro","com.gaminik.i18n","com.zaz.translate","com.google.android.apps.translate","com.deepl.mobiletranslator","ru.yandex.translate","at.nk.tools.iTranslate","com.youdao.hindict","com.naver.labs.translator","com.translate.talkingtranslator","com.niven.translator","com.screen.translate.google","screen.translator.voice.translate","com.niven.apptranslate","com.niven.game","com.newtranslate.google","com.softissimo.reverso.context"]}]