[{"rank":{"index":2,"lang":"en-us","country":"us","chineseCountryName":"美国","pkg":"com.spaceship.screen.textcopy"},"orders":["com.recognize_text.translate.screen","com.spaceship.screen.textcopy","com.tap_to_translate.snap_translate","com.gaminik.i18n","com.google.android.apps.translate","com.screen.translate.google","com.niven.game","com.niven.translator","com.microsoft.translator","com.newmg.yurao.pro","com.niven.apptranslate","com.niven.comic","at.nk.tools.iTranslate","com.deepl.mobiletranslator","com.facebook.orca","com.android.chrome","com.google.ar.lens","com.google.android.apps.photos","com.google.android.apps.maps","com.google.android.gm"]},{"rank":{"index":2,"lang":"ru","country":"ru","chineseCountryName":"俄罗斯","pkg":"com.spaceship.screen.textcopy"},"orders":["com.recognize_text.translate.screen","com.spaceship.screen.textcopy","com.gaminik.i18n","com.niven.translator","com.niven.game","com.tap_to_translate.snap_translate","com.screen.translate.google","com.niven.apptranslate","com.newmg.yurao.pro","com.niven.comic","ru.yandex.translate","com.google.android.apps.translate","com.microsoft.translator","com.facebook.orca","com.discord","com.deepl.mobiletranslator","com.android.chrome","com.google.android.dialer","com.duolingo","com.google.android.apps.photos"]},{"rank":{"index":2,"lang":"fr","country":"fr","chineseCountryName":"法国","pkg":"com.spaceship.screen.textcopy"},"orders":["com.recognize_text.translate.screen","com.spaceship.screen.textcopy","com.tap_to_translate.snap_translate","com.gaminik.i18n","com.niven.game","com.niven.translator","com.screen.translate.google","com.niven.apptranslate","com.google.android.apps.translate","com.niven.comic","com.newmg.yurao.pro","com.microsoft.translator","com.facebook.orca","com.discord","org.telegram.messenger","com.android.chrome","com.google.android.apps.photos","com.microsoft.office.outlook","com.canva.editor","com.duolingo"]},{"rank":{"index":2,"lang":"en-gb","country":"gb","chineseCountryName":"英国","pkg":"com.spaceship.screen.textcopy"},"orders":["com.recognize_text.translate.screen","com.spaceship.screen.textcopy","com.gaminik.i18n","com.google.android.apps.translate","com.screen.translate.google","com.niven.translator","com.niven.game","com.microsoft.translator","com.niven.apptranslate","com.tap_to_translate.snap_translate","com.newmg.yurao.pro","at.nk.tools.iTranslate","com.niven.comic","com.facebook.orca","com.deepl.mobiletranslator","com.siv","com.android.chrome","com.google.android.apps.maps","com.discord","com.duolingo"]},{"rank":{"index":2,"lang":"de","country":"de","chineseCountryName":"德国","pkg":"com.spaceship.screen.textcopy"},"orders":["com.recognize_text.translate.screen","com.spaceship.screen.textcopy","com.tap_to_translate.snap_translate","com.gaminik.i18n","com.niven.game","com.screen.translate.google","com.niven.translator","com.niven.apptranslate","com.newmg.yurao.pro","com.google.android.apps.translate","com.microsoft.translator","com.niven.comic","com.deepl.mobiletranslator","com.facebook.orca","com.discord","com.android.chrome","com.amazon.kindle","com.google.android.apps.photos","com.duolingo","at.nk.tools.iTranslate"]},{"rank":{"index":2,"lang":"it","country":"it","chineseCountryName":"意大利","pkg":"com.spaceship.screen.textcopy"},"orders":["com.recognize_text.translate.screen","com.spaceship.screen.textcopy","com.niven.game","com.gaminik.i18n","com.screen.translate.google","com.niven.translator","com.tap_to_translate.snap_translate","com.niven.apptranslate","com.newmg.yurao.pro","com.niven.comic","com.google.android.apps.translate","com.facebook.orca","com.microsoft.translator","com.discord","com.google.android.apps.photos","com.duolingo","com.android.chrome","com.amazon.kindle","com.microsoft.office.outlook","com.canva.editor"]},{"rank":{"index":2,"lang":"ja","country":"jp","chineseCountryName":"日本","pkg":"com.spaceship.screen.textcopy"},"orders":["com.recognize_text.translate.screen","com.spaceship.screen.textcopy","com.gaminik.i18n","com.screen.translate.google","com.niven.apptranslate","com.niven.game","com.niven.translator","com.google.android.apps.translate","com.tap_to_translate.snap_translate","com.microsoft.translator","com.newmg.yurao.pro","com.deepl.mobiletranslator","com.niven.comic","com.facebook.orca","com.google.ar.lens","com.android.chrome","com.discord","com.google.android.apps.maps","com.amazon.kindle","com.duolingo"]},{"rank":{"index":2,"lang":"ko","country":"kr","chineseCountryName":"韩国","pkg":"com.spaceship.screen.textcopy"},"orders":["com.recognize_text.translate.screen","com.spaceship.screen.textcopy","com.tap_to_translate.snap_translate","com.gaminik.i18n","com.niven.game","com.niven.translator","com.screen.translate.google","com.newmg.yurao.pro","com.google.android.apps.translate","com.niven.apptranslate","com.niven.comic","com.microsoft.translator","com.naver.labs.translator","at.nk.tools.iTranslate","com.deepl.mobiletranslator","com.facebook.orca","com.discord","com.google.ar.lens","com.android.chrome","com.duolingo"]},{"rank":{"index":2,"lang":"zh-hk","country":"hk","chineseCountryName":"香港","pkg":"com.spaceship.screen.textcopy"},"orders":["com.recognize_text.translate.screen","com.spaceship.screen.textcopy","com.gaminik.i18n","com.niven.game","com.screen.translate.google","com.niven.translator","com.google.android.apps.translate","com.microsoft.translator","com.tap_to_translate.snap_translate","com.niven.comic","com.newmg.yurao.pro","com.niven.apptranslate","at.nk.tools.iTranslate","com.deepl.mobiletranslator","com.datacomprojects.scanandtranslate","com.youdao.hindict","com.google.ar.lens","com.android.chrome","com.translate.talkingtranslator","com.facebook.orca"]},{"rank":{"index":2,"lang":"zh-tw","country":"tw","chineseCountryName":"台湾","pkg":"com.spaceship.screen.textcopy"},"orders":["com.recognize_text.translate.screen","com.spaceship.screen.textcopy","com.niven.game","com.gaminik.i18n","com.screen.translate.google","com.niven.translator","com.tap_to_translate.snap_translate","com.niven.apptranslate","com.google.android.apps.translate","com.newmg.yurao.pro","com.microsoft.translator","com.niven.comic","com.facebook.orca","com.discord","org.telegram.messenger","com.android.chrome","com.google.android.apps.maps","com.skype.raider","com.duolingo","com.google.android.apps.photos"]},{"rank":{"index":2,"lang":"en","country":"in","chineseCountryName":"印度","pkg":"com.spaceship.screen.textcopy"},"orders":["com.recognize_text.translate.screen","com.spaceship.screen.textcopy","com.google.android.apps.translate","com.tap_to_translate.snap_translate","com.screen.translate.google","com.newmg.yurao.pro","com.niven.game","com.niven.translator","com.microsoft.translator","at.nk.tools.iTranslate","com.zaz.translate","com.naver.labs.translator","ru.yandex.translate","com.deepl.mobiletranslator","com.google.ar.lens","com.softissimo.reverso.context","com.niven.apptranslate","com.gaminik.i18n"]},{"rank":{"index":2,"lang":"id","country":"id","chineseCountryName":"印尼","pkg":"com.spaceship.screen.textcopy"},"orders":["com.recognize_text.translate.screen","com.spaceship.screen.textcopy","com.tap_to_translate.snap_translate","com.gaminik.i18n","com.niven.game","com.niven.translator","com.screen.translate.google","com.niven.comic","com.newmg.yurao.pro","com.youdao.hindict"]},{"rank":{"index":2,"lang":"es-mx","country":"mx","chineseCountryName":"墨西哥","pkg":"com.spaceship.screen.textcopy"},"orders":["com.recognize_text.translate.screen","com.spaceship.screen.textcopy","com.tap_to_translate.snap_translate","com.niven.game","com.niven.translator","com.screen.translate.google","com.google.android.apps.translate","com.microsoft.translator","at.nk.tools.iTranslate","com.youdao.hindict","com.deepl.mobiletranslator","ru.yandex.translate","com.niven.apptranslate","com.naver.labs.translator","com.softissimo.reverso.context","com.niven.comic","com.translate.talkingtranslator","com.google.ar.lens","com.google.android.marvin.talkback","com.gaminik.i18n"]}]