[{"rank":{"index":2,"lang":"en-us","country":"us","chineseCountryName":"美国","pkg":"com.spaceship.screen.textcopy"},"orders":["com.recognize_text.translate.screen","com.spaceship.screen.textcopy","com.gaminik.i18n","com.mg.yurao.google","com.google.android.apps.translate","com.niven.game","com.microsoft.translator","com.tap_to_translate.snap_translate","com.niven.translator","com.niven.comic","com.newmg.yurao.pro","com.niven.apptranslate","com.sayhi.android.sayhitranslate","ru.yandex.translate","com.eecorp.linguago","screen.translator.voice.translate","all.language.translate.translator","com.translate.talkingtranslator","com.zaz.translate","com.deepl.mobiletranslator"]},{"rank":{"index":7,"lang":"ru","country":"ru","chineseCountryName":"俄罗斯","pkg":"com.spaceship.screen.textcopy"},"orders":["com.recognize_text.translate.screen","com.tap_to_translate.snap_translate","com.gaminik.i18n","com.niven.game","com.niven.translator","com.mg.yurao.google","com.spaceship.screen.textcopy","com.niven.comic","com.niven.apptranslate","com.eecorp.linguago","ru.yandex.translate","com.google.android.apps.translate","com.pidev.screentranslator","screen.translator.voice.translate","us.zoom.videomeetings","com.microsoft.translator","com.flitto.app","com.deepl.mobiletranslator","org.thunderdog.challegram","com.zaz.translate"]},{"rank":{"index":2,"lang":"fr","country":"fr","chineseCountryName":"法国","pkg":"com.spaceship.screen.textcopy"},"orders":["com.recognize_text.translate.screen","com.spaceship.screen.textcopy","com.tap_to_translate.snap_translate","com.gaminik.i18n","com.mg.yurao.google","com.niven.game","com.niven.translator","com.niven.comic","com.google.android.apps.translate","com.newmg.yurao.pro","com.niven.apptranslate","ru.yandex.translate","com.eecorp.linguago","com.softissimo.reverso.context","com.microsoft.translator","com.zaz.translate","screen.translator.voice.translate","com.tangdi.baiguotong","com.deepl.mobiletranslator","at.nk.tools.iTranslate"]},{"rank":{"index":2,"lang":"en-gb","country":"gb","chineseCountryName":"英国","pkg":"com.spaceship.screen.textcopy"},"orders":["com.recognize_text.translate.screen","com.spaceship.screen.textcopy","com.mg.yurao.google","com.gaminik.i18n","com.niven.game","com.google.android.apps.translate","com.niven.translator","com.tap_to_translate.snap_translate","com.microsoft.translator","com.niven.comic","com.niven.apptranslate","com.newmg.yurao.pro","com.eecorp.linguago","screen.translator.voice.translate","ru.yandex.translate","com.zaz.translate","all.language.translate.translator","com.sayhi.android.sayhitranslate","at.nk.tools.iTranslate","com.android.chrome"]},{"rank":{"index":2,"lang":"de","country":"de","chineseCountryName":"德国","pkg":"com.spaceship.screen.textcopy"},"orders":["com.recognize_text.translate.screen","com.spaceship.screen.textcopy","com.gaminik.i18n","com.mg.yurao.google","com.niven.game","com.niven.translator","com.niven.comic","com.tap_to_translate.snap_translate","com.niven.apptranslate","com.eecorp.linguago","com.newmg.yurao.pro","com.google.android.apps.translate","com.microsoft.translator","screen.translator.voice.translate","com.pons.onlinedictionary","ru.yandex.translate","com.deepl.mobiletranslator","us.zoom.videomeetings","com.translator.translation.screen.translate.voice.languages.text.translating","com.translate.talkingtranslator"]},{"rank":{"index":3,"lang":"it","country":"it","chineseCountryName":"意大利","pkg":"com.spaceship.screen.textcopy"},"orders":["com.recognize_text.translate.screen","com.niven.game","com.spaceship.screen.textcopy","com.gaminik.i18n","com.mg.yurao.google","com.niven.translator","com.niven.comic","com.tap_to_translate.snap_translate","com.niven.apptranslate","com.eecorp.linguago","com.microsoft.translator","com.newmg.yurao.pro","com.google.android.apps.translate"]},{"rank":{"index":4,"lang":"ja","country":"jp","chineseCountryName":"日本","pkg":"com.spaceship.screen.textcopy"},"orders":["com.recognize_text.translate.screen","com.mg.yurao.google","com.gaminik.i18n","com.spaceship.screen.textcopy","com.niven.game","com.tap_to_translate.snap_translate","com.niven.translator","com.niven.comic","com.niven.apptranslate","com.newmg.yurao.pro","com.google.android.apps.translate","com.eecorp.linguago","screen.translator.voice.translate","us.zoom.videomeetings","com.naver.labs.translator","com.deepl.mobiletranslator","com.microsoft.translator","com.datacomprojects.scanandtranslate","com.zaz.translate","com.youdao.hindict"]},{"rank":{"index":3,"lang":"ko","country":"kr","chineseCountryName":"韩国","pkg":"com.spaceship.screen.textcopy"},"orders":["com.recognize_text.translate.screen","com.mg.yurao.google","com.spaceship.screen.textcopy","com.tap_to_translate.snap_translate","com.niven.game","com.gaminik.i18n","com.niven.translator","com.niven.comic","com.niven.apptranslate","com.newmg.yurao.pro","com.google.android.apps.translate","com.naver.labs.translator","com.eecorp.linguago","us.zoom.videomeetings","com.microsoft.translator","com.deepl.mobiletranslator","screen.translator.voice.translate","com.google.android.tts","com.google.ar.lens","com.zaz.translate"]},{"rank":{"index":3,"lang":"zh-hk","country":"hk","chineseCountryName":"香港","pkg":"com.spaceship.screen.textcopy"},"orders":["com.recognize_text.translate.screen","com.gaminik.i18n","com.spaceship.screen.textcopy","com.mg.yurao.google","com.niven.game","com.tap_to_translate.snap_translate","com.niven.translator","com.niven.comic","com.newmg.yurao.pro","com.niven.apptranslate","com.eecorp.linguago","com.google.android.apps.translate","com.microsoft.translator","all.language.translate.translator","screen.translator.voice.translate","com.zaz.translate","com.tangdi.baiguotong","com.datacomprojects.scanandtranslate","com.mg.subtitle.google","xbean.image.picture.translate.ocr"]},{"rank":{"index":4,"lang":"zh-tw","country":"tw","chineseCountryName":"台湾","pkg":"com.spaceship.screen.textcopy"},"orders":["com.recognize_text.translate.screen","com.mg.yurao.google","com.gaminik.i18n","com.spaceship.screen.textcopy","com.niven.game","com.tap_to_translate.snap_translate","com.niven.translator","com.niven.comic","com.newmg.yurao.pro","com.niven.apptranslate","com.eecorp.linguago","com.google.android.apps.translate","screen.translator.voice.translate","com.microsoft.translator","all.language.translate.translator","com.zaz.translate","com.translator.translation.screen.translate.voice.languages.text.translating","com.pidev.screentranslator","com.tangdi.baiguotong","com.datacomprojects.scanandtranslate"]},{"rank":{"index":2,"lang":"en","country":"in","chineseCountryName":"印度","pkg":"com.spaceship.screen.textcopy"},"orders":["com.recognize_text.translate.screen","com.spaceship.screen.textcopy","com.google.android.apps.translate","com.newmg.yurao.pro","com.niven.game","com.niven.translator","com.tap_to_translate.snap_translate","com.niven.comic","com.zaz.translate","com.eecorp.linguago","com.niven.apptranslate","screen.translator.voice.translate","com.tranit.text.translate","com.microsoft.translator","ru.yandex.translate","com.datacomprojects.scanandtranslate","com.pidev.screentranslator","translate.smartranit.language.text","com.mg.yurao.google","com.gaminik.i18n"]},{"rank":{"index":2,"lang":"id","country":"id","chineseCountryName":"印尼","pkg":"com.spaceship.screen.textcopy"},"orders":["com.recognize_text.translate.screen","com.spaceship.screen.textcopy","com.tap_to_translate.snap_translate","com.mg.yurao.google","com.gaminik.i18n","com.niven.game","com.niven.translator","com.niven.comic","com.newmg.yurao.pro","com.niven.apptranslate","com.eecorp.linguago","com.google.android.apps.translate","com.android.chrome","us.zoom.videomeetings","com.naver.labs.translator","com.youdao.hindict","com.deepl.mobiletranslator","com.microsoft.translator","com.andi.alquran.id","org.thunderdog.challegram"]},{"rank":{"index":2,"lang":"es-mx","country":"mx","chineseCountryName":"墨西哥","pkg":"com.spaceship.screen.textcopy"},"orders":["com.recognize_text.translate.screen","com.spaceship.screen.textcopy","com.tap_to_translate.snap_translate","com.niven.game","com.mg.yurao.google","com.niven.comic","com.niven.apptranslate","com.newmg.yurao.pro","com.eecorp.linguago","com.google.android.apps.translate","com.microsoft.translator","us.zoom.videomeetings","com.youdao.hindict","com.deepl.mobiletranslator","com.niven.translator","com.gaminik.i18n"]}]