[{"rank":{"index":2,"lang":"en-us","country":"us","chineseCountryName":"美国","pkg":"com.spaceship.screen.textcopy"},"orders":["com.recognize_text.translate.screen","com.spaceship.screen.textcopy","com.gaminik.i18n","com.google.android.apps.translate","com.mg.yurao.google","com.microsoft.translator","com.niven.game","com.tap_to_translate.snap_translate","com.niven.translator","com.niven.comic","com.newmg.yurao.pro","screen.translator.voice.translate","com.translate.talkingtranslator","com.tranit.text.translate","com.niven.apptranslate","com.eecorp.linguago","com.naver.labs.translator","com.deepl.mobiletranslator","at.nk.tools.iTranslate","xbean.image.picture.translate.ocr"]},{"rank":{"index":6,"lang":"ru","country":"ru","chineseCountryName":"俄罗斯","pkg":"com.spaceship.screen.textcopy"},"orders":["com.recognize_text.translate.screen","com.tap_to_translate.snap_translate","com.gaminik.i18n","com.niven.translator","com.niven.game","com.spaceship.screen.textcopy","com.niven.comic","com.niven.apptranslate","screen.translator.voice.translate","ru.yandex.translate","com.eecorp.linguago","com.google.android.apps.translate","com.microsoft.translator","com.deepl.mobiletranslator","us.zoom.videomeetings","com.duolingo","com.pidev.screentranslator","at.nk.tools.iTranslate","com.naver.labs.translator","com.datacomprojects.scanandtranslate"]},{"rank":{"index":2,"lang":"fr","country":"fr","chineseCountryName":"法国","pkg":"com.spaceship.screen.textcopy"},"orders":["com.recognize_text.translate.screen","com.spaceship.screen.textcopy","com.tap_to_translate.snap_translate","com.mg.yurao.google","com.niven.game","com.gaminik.i18n","com.niven.translator","com.niven.comic","com.newmg.yurao.pro","com.niven.apptranslate","screen.translator.voice.translate","com.microsoft.translator","com.datacomprojects.scanandtranslate","com.eecorp.linguago","com.google.android.apps.translate","com.translate.talkingtranslator","at.nk.tools.iTranslate","com.deepl.mobiletranslator","com.translator.translation.screen.translate.voice.languages.text.translating","us.zoom.videomeetings"]},{"rank":{"index":5,"lang":"en-gb","country":"gb","chineseCountryName":"英国","pkg":"com.spaceship.screen.textcopy"},"orders":["com.recognize_text.translate.screen","com.mg.yurao.google","com.tap_to_translate.snap_translate","com.google.android.apps.translate","com.spaceship.screen.textcopy","com.microsoft.translator","com.gaminik.i18n","com.niven.game","com.niven.translator","com.niven.comic","com.newmg.yurao.pro","screen.translator.voice.translate","com.niven.apptranslate","com.naver.labs.translator","com.eecorp.linguago","com.datacomprojects.scanandtranslate","at.nk.tools.iTranslate","com.sayhi.android.sayhitranslate","com.deepl.mobiletranslator","com.zaz.translate"]},{"rank":{"index":4,"lang":"de","country":"de","chineseCountryName":"德国","pkg":"com.spaceship.screen.textcopy"},"orders":["com.recognize_text.translate.screen","com.mg.yurao.google","com.gaminik.i18n","com.spaceship.screen.textcopy","com.niven.game","com.microsoft.translator","com.tap_to_translate.snap_translate","com.niven.translator","com.niven.comic","com.translate.talkingtranslator","com.newmg.yurao.pro","at.nk.tools.iTranslate","com.deepl.mobiletranslator","com.niven.apptranslate","com.eecorp.linguago","com.google.android.apps.translate","com.tranit.text.translate","screen.translator.voice.translate","com.mg.subtitle.google","camera.translator.realtime"]},{"rank":{"index":7,"lang":"it","country":"it","chineseCountryName":"意大利","pkg":"com.spaceship.screen.textcopy"},"orders":["com.recognize_text.translate.screen","com.niven.game","com.gaminik.i18n","com.mg.yurao.google","com.niven.translator","com.tap_to_translate.snap_translate","com.spaceship.screen.textcopy","com.niven.comic","com.microsoft.translator","com.niven.apptranslate","com.google.android.apps.translate","com.newmg.yurao.pro","com.eecorp.linguago","com.deepl.mobiletranslator","screen.translator.voice.translate","at.nk.tools.iTranslate","com.zaz.translate","com.naver.labs.translator","ru.yandex.translate","com.pidev.screentranslator"]},{"rank":{"index":7,"lang":"ja","country":"jp","chineseCountryName":"日本","pkg":"com.spaceship.screen.textcopy"},"orders":["com.recognize_text.translate.screen","com.gaminik.i18n","com.mg.yurao.google","com.tap_to_translate.snap_translate","com.niven.translator","com.niven.game","com.spaceship.screen.textcopy","com.niven.comic","com.newmg.yurao.pro","com.niven.apptranslate","com.eecorp.linguago","com.google.android.apps.translate","screen.translator.voice.translate","com.naver.labs.translator","com.deepl.mobiletranslator","com.microsoft.translator","com.datacomprojects.scanandtranslate","us.zoom.videomeetings","com.pidev.screentranslator","at.nk.tools.iTranslate"]},{"rank":{"index":4,"lang":"ko","country":"kr","chineseCountryName":"韩国","pkg":"com.spaceship.screen.textcopy"},"orders":["com.recognize_text.translate.screen","com.tap_to_translate.snap_translate","com.mg.yurao.google","com.spaceship.screen.textcopy","com.niven.game","com.gaminik.i18n","com.niven.translator","com.niven.comic","com.niven.apptranslate","com.naver.labs.translator","com.newmg.yurao.pro","com.google.android.apps.translate","com.microsoft.translator","com.eecorp.linguago","screen.translator.voice.translate","com.deepl.mobiletranslator","com.zaz.translate","at.nk.tools.iTranslate","com.youdao.hindict","ru.yandex.translate"]},{"rank":{"index":7,"lang":"zh-hk","country":"hk","chineseCountryName":"香港","pkg":"com.spaceship.screen.textcopy"},"orders":["com.recognize_text.translate.screen","com.tap_to_translate.snap_translate","com.gaminik.i18n","com.mg.yurao.google","com.niven.game","com.niven.translator","com.spaceship.screen.textcopy","com.newmg.yurao.pro","com.niven.comic","com.microsoft.translator","com.google.android.apps.translate","com.niven.apptranslate","screen.translator.voice.translate","com.eecorp.linguago","xbean.image.picture.translate.ocr","com.datacomprojects.scanandtranslate","com.voice_camera_free_translate","at.nk.tools.iTranslate","com.naver.labs.translator","camera.translator.realtime"]},{"rank":{"index":9,"lang":"zh-tw","country":"tw","chineseCountryName":"台湾","pkg":"com.spaceship.screen.textcopy"},"orders":["com.recognize_text.translate.screen","com.gaminik.i18n","com.mg.yurao.google","com.tap_to_translate.snap_translate","com.niven.game","com.niven.translator","com.niven.comic","com.microsoft.translator","com.spaceship.screen.textcopy","com.google.android.apps.translate","com.newmg.yurao.pro","at.nk.tools.iTranslate","com.niven.apptranslate","com.naver.labs.translator","com.eecorp.linguago","com.tranit.text.translate","com.datacomprojects.scanandtranslate","com.translate.talkingtranslator","com.voice_camera_free_translate","camera.translator.realtime"]},{"rank":{"index":4,"lang":"en","country":"in","chineseCountryName":"印度","pkg":"com.spaceship.screen.textcopy"},"orders":["com.recognize_text.translate.screen","com.google.android.apps.translate","com.newmg.yurao.pro","com.spaceship.screen.textcopy","com.tap_to_translate.snap_translate","com.niven.game","screen.translator.voice.translate","com.niven.translator","com.microsoft.translator","com.gaminik.i18n","com.niven.comic","com.niven.apptranslate","com.zaz.translate","com.eecorp.linguago","com.translate.talkingtranslator","com.tranit.text.translate","at.nk.tools.iTranslate","camera.translator.realtime","com.sayhi.android.sayhitranslate","com.mg.yurao.google"]},{"rank":{"index":5,"lang":"id","country":"id","chineseCountryName":"印尼","pkg":"com.spaceship.screen.textcopy"},"orders":["com.recognize_text.translate.screen","com.tap_to_translate.snap_translate","com.mg.yurao.google","com.gaminik.i18n","com.spaceship.screen.textcopy","com.niven.translator","com.niven.game","com.google.android.apps.translate","com.newmg.yurao.pro","com.niven.comic","com.niven.apptranslate","com.eecorp.linguago","com.naver.labs.translator","com.microsoft.translator","com.zaz.translate","com.youdao.hindict","screen.translator.voice.translate","com.deepl.mobiletranslator","ru.yandex.translate","com.pidev.screentranslator"]},{"rank":{"index":3,"lang":"es-mx","country":"mx","chineseCountryName":"墨西哥","pkg":"com.spaceship.screen.textcopy"},"orders":["com.recognize_text.translate.screen","com.tap_to_translate.snap_translate","com.spaceship.screen.textcopy","com.niven.game","com.niven.translator","com.gaminik.i18n","com.niven.comic","com.newmg.yurao.pro","com.niven.apptranslate","com.microsoft.translator","com.youdao.hindict","com.google.android.apps.translate","com.eecorp.linguago","screen.translator.voice.translate","at.nk.tools.iTranslate","us.zoom.videomeetings","com.datacomprojects.scanandtranslate","com.translate.talkingtranslator","com.mg.yurao.google"]}]