[{"rank":{"index":2,"lang":"en-us","country":"us","chineseCountryName":"美国","pkg":"com.spaceship.screen.textcopy"},"orders":["com.recognize_text.translate.screen","com.spaceship.screen.textcopy","com.tap_to_translate.snap_translate","com.niven.translator","com.microsoft.translator","com.google.android.apps.translate","com.gaminik.i18n","com.niven.game","com.newmg.yurao.pro","com.zaz.translate","com.niven.comic","com.naver.labs.translator","com.screen.translate.google","com.sayhi.android.sayhitranslate","com.translate.talkingtranslator","com.mobisystems.msdict.embedded.wireless.collins.ee","com.language.translate.free.translator.voice.translation","com.deepl.mobiletranslator","com.datacomprojects.scanandtranslate","com.tangdi.baiguotong"]},{"rank":{"index":2,"lang":"ru","country":"ru","chineseCountryName":"俄罗斯","pkg":"com.spaceship.screen.textcopy"},"orders":["com.recognize_text.translate.screen","com.spaceship.screen.textcopy","com.niven.translator","com.tap_to_translate.snap_translate","com.microsoft.translator","com.niven.game","com.google.android.apps.translate","com.gaminik.i18n","ru.yandex.translate","com.newmg.yurao.pro","com.datacomprojects.scanandtranslate","com.deepl.mobiletranslator","com.niven.comic","com.screen.translate.google","com.tangdi.baiguotong","com.kursx.smartbook","com.zaz.translate","com.naver.labs.translator","com.language.translate.free.translator.voice.translation","com.translate.talkingtranslator"]},{"rank":{"index":2,"lang":"pt-br","country":"br","chineseCountryName":"巴西","pkg":"com.spaceship.screen.textcopy"},"orders":["com.recognize_text.translate.screen","com.spaceship.screen.textcopy","com.tap_to_translate.snap_translate","com.gaminik.i18n","com.niven.game","com.niven.translator","com.niven.comic","com.microsoft.translator","com.newmg.yurao.pro","com.google.android.apps.translate","com.screen.translate.google","com.zaz.translate","com.language.translate.free.translator.voice.translation","com.deepl.mobiletranslator","com.audacityittranslator.translatetexttranslator","com.languagetranslator.translatorapp.smartscanner.dictionary.translation.voicetranslator","com.softissimo.reverso.context","com.tangdi.baiguotong","com.aldoo.pdftranslatorpro","com.voice_camera_free_translate"]},{"rank":{"index":2,"lang":"fr","country":"fr","chineseCountryName":"法国","pkg":"com.spaceship.screen.textcopy"},"orders":["com.recognize_text.translate.screen","com.spaceship.screen.textcopy","com.tap_to_translate.snap_translate","com.niven.translator","com.gaminik.i18n","com.niven.game","com.microsoft.translator","com.newmg.yurao.pro","com.niven.comic","com.google.android.apps.translate","com.tangdi.baiguotong","com.zaz.translate","com.language.translate.free.translator.voice.translation","com.screen.translate.google","com.audacityittranslator.translatetexttranslator","com.languagetranslator.translatorapp.smartscanner.dictionary.translation.voicetranslator","com.deepl.mobiletranslator","com.voice_camera_free_translate","com.softissimo.reverso.context","com.datacomprojects.scanandtranslate"]},{"rank":{"index":2,"lang":"en-gb","country":"gb","chineseCountryName":"英国","pkg":"com.spaceship.screen.textcopy"},"orders":["com.recognize_text.translate.screen","com.spaceship.screen.textcopy","com.tap_to_translate.snap_translate","com.gaminik.i18n","com.google.android.apps.translate","com.microsoft.translator","com.niven.translator","com.niven.game","com.zaz.translate","com.newmg.yurao.pro","com.youdao.hindict","com.niven.comic","com.deepl.mobiletranslator","com.tangdi.baiguotong","com.sayhi.android.sayhitranslate","com.mobisystems.msdict.embedded.wireless.collins.ee","com.language.translate.free.translator.voice.translation","com.naver.labs.translator","com.softissimo.reverso.context","com.screen.translate.google"]},{"rank":{"index":2,"lang":"de","country":"de","chineseCountryName":"德国","pkg":"com.spaceship.screen.textcopy"},"orders":["com.recognize_text.translate.screen","com.spaceship.screen.textcopy","com.tap_to_translate.snap_translate","com.microsoft.translator","com.gaminik.i18n","com.niven.translator","com.niven.game","com.google.android.apps.translate","com.niven.comic","com.newmg.yurao.pro","com.deepl.mobiletranslator","com.screen.translate.google","com.language.translate.free.translator.voice.translation","com.zaz.translate","com.translate.talkingtranslator","com.tangdi.baiguotong","com.softissimo.reverso.context","ru.yandex.translate","com.sayhi.android.sayhitranslate","com.image.camera.translate.ai"]},{"rank":{"index":2,"lang":"it","country":"it","chineseCountryName":"意大利","pkg":"com.spaceship.screen.textcopy"},"orders":["com.recognize_text.translate.screen","com.spaceship.screen.textcopy","com.tap_to_translate.snap_translate","com.gaminik.i18n","com.niven.translator","com.niven.game","com.microsoft.translator","com.niven.comic","com.newmg.yurao.pro","com.google.android.apps.translate","com.tangdi.baiguotong","com.zaz.translate","com.language.translate.free.translator.voice.translation","com.screen.translate.google","com.datacomprojects.scanandtranslate","com.image.camera.translate.ai","com.softissimo.reverso.context","com.deepl.mobiletranslator","com.audacityittranslator.translatetexttranslator","translate.all.language.translator.cameratranslator"]},{"rank":{"index":2,"lang":"ja","country":"jp","chineseCountryName":"日本","pkg":"com.spaceship.screen.textcopy"},"orders":["com.recognize_text.translate.screen","com.spaceship.screen.textcopy","com.tap_to_translate.snap_translate","com.gaminik.i18n","com.niven.translator","com.niven.game","com.microsoft.translator","com.newmg.yurao.pro","com.naver.labs.translator","com.niven.comic","com.deepl.mobiletranslator","com.google.android.apps.translate"]},{"rank":{"index":2,"lang":"ko","country":"kr","chineseCountryName":"韩国","pkg":"com.spaceship.screen.textcopy"},"orders":["com.recognize_text.translate.screen","com.spaceship.screen.textcopy","com.tap_to_translate.snap_translate","com.microsoft.translator","com.google.android.apps.translate","com.naver.labs.translator","com.niven.translator","com.gaminik.i18n","com.niven.game","com.youdao.hindict","com.deepl.mobiletranslator","com.newmg.yurao.pro","com.niven.comic","com.zaz.translate","com.translate.talkingtranslator","com.sayhi.android.sayhitranslate","com.flitto.app","com.datacomprojects.scanandtranslate","com.mobisystems.msdict.embedded.wireless.collins.ee","com.google.ar.lens"]},{"rank":{"index":2,"lang":"zh-hk","country":"hk","chineseCountryName":"香港","pkg":"com.spaceship.screen.textcopy"},"orders":["com.recognize_text.translate.screen","com.spaceship.screen.textcopy","com.microsoft.translator","com.tap_to_translate.snap_translate","com.google.android.apps.translate","com.gaminik.i18n","com.niven.translator","com.niven.game","com.naver.labs.translator","com.tangdi.baiguotong","com.niven.comic","com.zaz.translate","com.deepl.mobiletranslator","com.newmg.yurao.pro","com.datacomprojects.scanandtranslate","com.google.ar.lens","com.language.translate.free.translator.voice.translation","com.translate.talkingtranslator","com.screen.translate.google","com.erudite.translator"]},{"rank":{"index":2,"lang":"zh-tw","country":"tw","chineseCountryName":"台湾","pkg":"com.spaceship.screen.textcopy"},"orders":["com.recognize_text.translate.screen","com.spaceship.screen.textcopy","com.tap_to_translate.snap_translate","com.gaminik.i18n","com.microsoft.translator","com.google.android.apps.translate","com.niven.translator","com.niven.game","com.naver.labs.translator","com.tangdi.baiguotong","com.niven.comic","com.newmg.yurao.pro","com.zaz.translate","com.translate.talkingtranslator","com.language.translate.free.translator.voice.translation","com.datacomprojects.scanandtranslate","com.deepl.mobiletranslator","com.translate.language.translator.voice.translation","com.screen.translate.google","com.softissimo.reverso.context"]},{"rank":{"index":2,"lang":"en","country":"in","chineseCountryName":"印度","pkg":"com.spaceship.screen.textcopy"},"orders":["com.recognize_text.translate.screen","com.spaceship.screen.textcopy","com.tap_to_translate.snap_translate"]},{"rank":{"index":2,"lang":"id","country":"id","chineseCountryName":"印尼","pkg":"com.spaceship.screen.textcopy"},"orders":["com.recognize_text.translate.screen","com.spaceship.screen.textcopy","com.tap_to_translate.snap_translate","com.niven.translator","com.niven.game","com.gaminik.i18n","com.newmg.yurao.pro","com.niven.comic","com.microsoft.translator","com.youdao.hindict","com.google.android.apps.translate"]},{"rank":{"index":2,"lang":"es-mx","country":"mx","chineseCountryName":"墨西哥","pkg":"com.spaceship.screen.textcopy"},"orders":["com.recognize_text.translate.screen","com.spaceship.screen.textcopy","com.tap_to_translate.snap_translate","com.niven.game","com.gaminik.i18n","com.niven.translator","com.microsoft.translator","com.niven.comic","com.newmg.yurao.pro","com.google.android.apps.translate","com.screen.translate.google","com.tangdi.baiguotong","com.aldoo.pdftranslatorpro","com.youdao.hindict","com.zaz.translate"]}]