[{"rank":{"index":2,"lang":"en-us","country":"us","chineseCountryName":"美国","pkg":"com.spaceship.screen.textcopy"},"orders":["com.recognize_text.translate.screen","com.spaceship.screen.textcopy","com.tap_to_translate.snap_translate","com.niven.translator","com.microsoft.translator","com.google.android.apps.translate","com.gaminik.i18n","com.newmg.yurao.pro","at.nk.tools.iTranslate","com.language.translate.free.translator.voice.translation","com.datacomprojects.scanandtranslate","com.niven.game","com.translate.talkingtranslator","com.translate.language.translator.voice.translation","com.niven.comic","com.screen.translate.google","com.deepl.mobiletranslator","jp.go.nict.voicetra","com.mobisystems.msdict.embedded.wireless.collins.ee","com.google.ar.lens"]},{"rank":{"index":2,"lang":"ru","country":"ru","chineseCountryName":"俄罗斯","pkg":"com.spaceship.screen.textcopy"},"orders":["com.recognize_text.translate.screen","com.spaceship.screen.textcopy","com.niven.translator","com.tap_to_translate.snap_translate","com.microsoft.translator","com.newmg.yurao.pro","com.gaminik.i18n","com.google.android.apps.translate","com.datacomprojects.scanandtranslate","com.niven.game","ru.yandex.translate","at.nk.tools.iTranslate","com.google.ar.lens","com.traductorweb","com.language.translate.free.translator.voice.translation","com.niven.comic","com.translate.talkingtranslator","com.deepl.mobiletranslator","com.translate.language.translator.voice.translation","com.threedev.android.apps.translate.voice.translator.languagetranslator"]},{"rank":{"index":2,"lang":"pt-br","country":"br","chineseCountryName":"巴西","pkg":"com.spaceship.screen.textcopy"},"orders":["com.recognize_text.translate.screen","com.spaceship.screen.textcopy","com.tap_to_translate.snap_translate","com.niven.translator","com.gaminik.i18n","com.newmg.yurao.pro","com.microsoft.translator","com.niven.game","com.niven.comic","at.nk.tools.iTranslate","com.google.android.apps.translate","com.eecorp.linguago","com.screen.translate.google","com.translate.language.translator.voice.translation","com.niven.apptranslate","com.voice_camera_free_translate","com.audacityittranslator.translatetexttranslator","com.aldoo.pdftranslatorpro","com.zaz.translate","com.traductorweb"]},{"rank":{"index":2,"lang":"fr","country":"fr","chineseCountryName":"法国","pkg":"com.spaceship.screen.textcopy"},"orders":["com.recognize_text.translate.screen","com.spaceship.screen.textcopy","com.tap_to_translate.snap_translate","com.microsoft.translator","com.niven.translator","com.gaminik.i18n","com.newmg.yurao.pro","at.nk.tools.iTranslate","com.datacomprojects.scanandtranslate","com.google.android.apps.translate","com.niven.game","com.translate.language.translator.voice.translation","com.traductorweb","com.language.translate.free.translator.voice.translation","com.translate.talkingtranslator","com.eecorp.linguago","com.niven.comic","com.threedev.android.apps.translate.voice.translator.languagetranslator","com.screen.translate.google","com.google.ar.lens"]},{"rank":{"index":2,"lang":"en-gb","country":"gb","chineseCountryName":"英国","pkg":"com.spaceship.screen.textcopy"},"orders":["com.recognize_text.translate.screen","com.spaceship.screen.textcopy","com.tap_to_translate.snap_translate","com.microsoft.translator","com.google.android.apps.translate","com.niven.translator","com.gaminik.i18n","com.newmg.yurao.pro","at.nk.tools.iTranslate","com.datacomprojects.scanandtranslate","com.google.ar.lens","com.deepl.mobiletranslator","com.niven.game","com.translate.language.translator.voice.translation","jp.go.nict.voicetra","com.translate.talkingtranslator","com.mobisystems.msdict.embedded.wireless.collins.ee","com.threedev.android.apps.translate.voice.translator.languagetranslator","com.language.translate.free.translator.voice.translation","com.eecorp.linguago"]},{"rank":{"index":2,"lang":"de","country":"de","chineseCountryName":"德国","pkg":"com.spaceship.screen.textcopy"},"orders":["com.recognize_text.translate.screen","com.spaceship.screen.textcopy","com.tap_to_translate.snap_translate","com.microsoft.translator","com.niven.translator","com.gaminik.i18n","com.newmg.yurao.pro","at.nk.tools.iTranslate","com.google.android.apps.translate","com.datacomprojects.scanandtranslate","com.niven.game","com.traductorweb","com.language.translate.free.translator.voice.translation","com.deepl.mobiletranslator","com.translate.talkingtranslator","com.niven.comic","com.screen.translate.google","com.translate.language.translator.voice.translation","com.eecorp.linguago","com.b1b.translator.voicetranslate.alllanguages.translator.app"]},{"rank":{"index":2,"lang":"it","country":"it","chineseCountryName":"意大利","pkg":"com.spaceship.screen.textcopy"},"orders":["com.recognize_text.translate.screen","com.spaceship.screen.textcopy","com.tap_to_translate.snap_translate","com.gaminik.i18n","com.niven.translator","com.microsoft.translator","com.newmg.yurao.pro","at.nk.tools.iTranslate","com.niven.game","com.datacomprojects.scanandtranslate","com.google.android.apps.translate","com.traductorweb","com.translate.language.translator.voice.translation","com.niven.comic","com.language.translate.free.translator.voice.translation"]},{"rank":{"index":2,"lang":"ja","country":"jp","chineseCountryName":"日本","pkg":"com.spaceship.screen.textcopy"},"orders":["com.recognize_text.translate.screen","com.spaceship.screen.textcopy","com.tap_to_translate.snap_translate","com.gaminik.i18n","com.niven.translator","com.newmg.yurao.pro","com.microsoft.translator","at.nk.tools.iTranslate","com.niven.game","com.google.android.apps.translate","com.deepl.mobiletranslator","com.translate.talkingtranslator"]},{"rank":{"index":2,"lang":"ko","country":"kr","chineseCountryName":"韩国","pkg":"com.spaceship.screen.textcopy"},"orders":["com.recognize_text.translate.screen","com.spaceship.screen.textcopy","com.tap_to_translate.snap_translate","com.microsoft.translator","com.newmg.yurao.pro","com.google.android.apps.translate","com.niven.translator","com.gaminik.i18n","at.nk.tools.iTranslate","com.naver.labs.translator","com.google.ar.lens","com.datacomprojects.scanandtranslate","com.translate.talkingtranslator","com.zaz.translate","com.deepl.mobiletranslator","com.translate.language.translator.voice.translation","jp.go.nict.voicetra","com.language.translate.free.translator.voice.translation","com.niven.game","com.flitto.app"]},{"rank":{"index":2,"lang":"zh-hk","country":"hk","chineseCountryName":"香港","pkg":"com.spaceship.screen.textcopy"},"orders":["com.recognize_text.translate.screen","com.spaceship.screen.textcopy","com.newmg.yurao.pro","com.microsoft.translator","com.tap_to_translate.snap_translate","com.google.android.apps.translate","com.niven.translator","com.gaminik.i18n","at.nk.tools.iTranslate","jp.go.nict.voicetra","com.datacomprojects.scanandtranslate","com.google.ar.lens","com.naver.labs.translator","com.language.translate.free.translator.voice.translation","com.deepl.mobiletranslator","com.translate.language.translator.voice.translation","com.niven.game","com.screen.translate.google","com.immersivetranslate.browser","com.mobisystems.msdict.embedded.wireless.collins.ee"]},{"rank":{"index":2,"lang":"zh-tw","country":"tw","chineseCountryName":"台湾","pkg":"com.spaceship.screen.textcopy"},"orders":["com.recognize_text.translate.screen","com.spaceship.screen.textcopy","com.microsoft.translator","com.tap_to_translate.snap_translate","com.google.android.apps.translate","com.niven.translator","com.gaminik.i18n","com.newmg.yurao.pro","at.nk.tools.iTranslate","com.datacomprojects.scanandtranslate","jp.go.nict.voicetra","com.google.ar.lens","com.niven.game","com.naver.labs.translator","com.translate.talkingtranslator","com.language.translate.free.translator.voice.translation","com.translate.language.translator.voice.translation","com.niven.comic","com.deepl.mobiletranslator","com.mobisystems.msdict.embedded.wireless.collins.ee"]},{"rank":{"index":2,"lang":"en","country":"in","chineseCountryName":"印度","pkg":"com.spaceship.screen.textcopy"},"orders":["com.recognize_text.translate.screen","com.spaceship.screen.textcopy","com.tap_to_translate.snap_translate"]},{"rank":{"index":2,"lang":"id","country":"id","chineseCountryName":"印尼","pkg":"com.spaceship.screen.textcopy"},"orders":["com.recognize_text.translate.screen","com.spaceship.screen.textcopy","com.tap_to_translate.snap_translate","com.niven.translator","com.gaminik.i18n","com.newmg.yurao.pro","com.niven.game","com.microsoft.translator"]},{"rank":{"index":2,"lang":"es-mx","country":"mx","chineseCountryName":"墨西哥","pkg":"com.spaceship.screen.textcopy"},"orders":["com.recognize_text.translate.screen","com.spaceship.screen.textcopy","com.niven.translator","com.tap_to_translate.snap_translate","com.gaminik.i18n","com.microsoft.translator","com.newmg.yurao.pro","at.nk.tools.iTranslate","com.niven.game","com.google.android.apps.translate","com.niven.comic","com.eecorp.linguago"]}]