[{"rank":{"index":2,"lang":"en-us","country":"us","chineseCountryName":"美国","pkg":"com.spaceship.screen.textcopy"},"orders":["com.recognize_text.translate.screen","com.spaceship.screen.textcopy","com.mg.yurao.google","com.gaminik.i18n","com.google.android.apps.translate","com.microsoft.translator","com.tap_to_translate.snap_translate","com.niven.translator","com.niven.game","com.niven.comic","at.nk.tools.iTranslate","com.newmg.yurao.pro","com.zaz.translate","com.niven.apptranslate","screen.translator.voice.translate","com.eecorp.linguago","com.abbyy.mobile.textgrabber.full","com.mg.chat","xbean.image.picture.translate.ocr","com.deepl.mobiletranslator"]},{"rank":{"index":3,"lang":"ru","country":"ru","chineseCountryName":"俄罗斯","pkg":"com.spaceship.screen.textcopy"},"orders":["com.recognize_text.translate.screen","com.tap_to_translate.snap_translate","com.spaceship.screen.textcopy","com.gaminik.i18n","com.mg.yurao.google","com.niven.translator","com.niven.game","com.newmg.yurao.pro","com.niven.comic","com.niven.apptranslate","screen.translator.voice.translate","com.eecorp.linguago","com.google.android.apps.translate","ru.yandex.translate","com.microsoft.translator","com.datacomprojects.scanandtranslate","com.deepl.mobiletranslator","com.whatsapp","com.android.chrome","com.discord"]},{"rank":{"index":2,"lang":"fr","country":"fr","chineseCountryName":"法国","pkg":"com.spaceship.screen.textcopy"},"orders":["com.recognize_text.translate.screen","com.spaceship.screen.textcopy","com.tap_to_translate.snap_translate","com.mg.yurao.google","com.gaminik.i18n","com.niven.translator","com.niven.game","com.niven.comic","com.google.android.apps.translate","com.newmg.yurao.pro","screen.translator.voice.translate","com.niven.apptranslate","at.nk.tools.iTranslate","com.eecorp.linguago","com.softissimo.reverso.context","com.microsoft.translator","com.zaz.translate","com.android.chrome","com.google.android.apps.photos","com.whatsapp"]},{"rank":{"index":2,"lang":"en-gb","country":"gb","chineseCountryName":"英国","pkg":"com.spaceship.screen.textcopy"},"orders":["com.recognize_text.translate.screen","com.spaceship.screen.textcopy","com.mg.yurao.google","com.google.android.apps.translate","com.gaminik.i18n","com.microsoft.translator","screen.translator.voice.translate","com.niven.translator","com.tap_to_translate.snap_translate","com.niven.game","com.niven.comic","com.newmg.yurao.pro","at.nk.tools.iTranslate","com.zaz.translate","com.eecorp.linguago","xbean.image.picture.translate.ocr","com.niven.apptranslate","com.ydzlabs.chattranslator","com.abbyy.mobile.textgrabber.full","com.android.chrome"]},{"rank":{"index":2,"lang":"de","country":"de","chineseCountryName":"德国","pkg":"com.spaceship.screen.textcopy"},"orders":["com.recognize_text.translate.screen","com.spaceship.screen.textcopy","com.mg.yurao.google","com.gaminik.i18n","com.niven.translator","com.tap_to_translate.snap_translate","com.niven.game","com.niven.comic","com.microsoft.translator","com.niven.apptranslate","com.newmg.yurao.pro","com.eecorp.linguago","com.google.android.apps.translate","com.mg.chat","com.abbyy.mobile.textgrabber.full","com.deepl.mobiletranslator","screen.translator.voice.translate","at.nk.tools.iTranslate","ru.yandex.translate","com.eecorp.taptranslator"]},{"rank":{"index":2,"lang":"it","country":"it","chineseCountryName":"意大利","pkg":"com.spaceship.screen.textcopy"},"orders":["com.recognize_text.translate.screen","com.spaceship.screen.textcopy","com.niven.game","com.gaminik.i18n","com.mg.yurao.google","com.niven.translator","com.tap_to_translate.snap_translate","com.niven.comic","at.nk.tools.iTranslate","com.niven.apptranslate","com.microsoft.translator","com.newmg.yurao.pro","com.google.android.apps.translate","screen.translator.voice.translate","com.eecorp.linguago","com.mg.chat","com.abbyy.mobile.textgrabber.full","com.deepl.mobiletranslator","com.mg.subtitle.google","com.whatsapp"]},{"rank":{"index":5,"lang":"ja","country":"jp","chineseCountryName":"日本","pkg":"com.spaceship.screen.textcopy"},"orders":["com.recognize_text.translate.screen","com.mg.yurao.google","com.gaminik.i18n","com.niven.game","com.spaceship.screen.textcopy","com.niven.translator","com.tap_to_translate.snap_translate","com.newmg.yurao.pro","com.niven.comic","com.niven.apptranslate","com.google.android.apps.translate","com.android.chrome","com.discord","com.whatsapp","us.zoom.videomeetings","com.google.android.apps.maps","com.duolingo","screen.translator.voice.translate","com.deepl.mobiletranslator","com.google.android.apps.photos"]},{"rank":{"index":3,"lang":"ko","country":"kr","chineseCountryName":"韩国","pkg":"com.spaceship.screen.textcopy"},"orders":["com.recognize_text.translate.screen","com.mg.yurao.google","com.spaceship.screen.textcopy","com.tap_to_translate.snap_translate","com.gaminik.i18n","com.niven.translator","com.niven.game","com.niven.comic","com.niven.apptranslate","com.newmg.yurao.pro","screen.translator.voice.translate","com.naver.labs.translator","at.nk.tools.iTranslate","com.google.android.apps.translate","com.zaz.translate","com.eecorp.linguago","com.microsoft.translator","com.discord","com.whatsapp","us.zoom.videomeetings"]},{"rank":{"index":3,"lang":"zh-hk","country":"hk","chineseCountryName":"香港","pkg":"com.spaceship.screen.textcopy"},"orders":["com.recognize_text.translate.screen","com.mg.yurao.google","com.spaceship.screen.textcopy","com.gaminik.i18n","com.tap_to_translate.snap_translate","com.niven.translator","com.niven.game","com.niven.comic","com.newmg.yurao.pro","com.niven.apptranslate","com.google.android.apps.translate","screen.translator.voice.translate","at.nk.tools.iTranslate","com.microsoft.translator","com.android.chrome","com.whatsapp","com.google.android.apps.maps","com.discord","us.zoom.videomeetings","com.zaz.translate"]},{"rank":{"index":4,"lang":"zh-tw","country":"tw","chineseCountryName":"台湾","pkg":"com.spaceship.screen.textcopy"},"orders":["com.recognize_text.translate.screen","com.mg.yurao.google","com.gaminik.i18n","com.spaceship.screen.textcopy","com.tap_to_translate.snap_translate","com.niven.translator","com.niven.game","com.niven.comic","com.newmg.yurao.pro","com.niven.apptranslate","at.nk.tools.iTranslate","com.google.android.apps.translate","com.microsoft.translator","com.whatsapp","com.android.chrome","com.discord","screen.translator.voice.translate","com.google.android.apps.maps","us.zoom.videomeetings","com.google.android.apps.photos"]},{"rank":{"index":2,"lang":"en","country":"in","chineseCountryName":"印度","pkg":"com.spaceship.screen.textcopy"},"orders":["com.recognize_text.translate.screen","com.spaceship.screen.textcopy","com.google.android.apps.translate","screen.translator.voice.translate","com.niven.translator","com.tap_to_translate.snap_translate","com.zaz.translate","com.newmg.yurao.pro","com.niven.game","com.microsoft.translator","com.niven.comic","com.eecorp.linguago","com.abbyy.mobile.textgrabber.full","com.mg.chat","translate.smartranit.language.text","com.niven.apptranslate","at.nk.tools.iTranslate","com.google.android.dialer","com.mg.yurao.google","com.gaminik.i18n"]},{"rank":{"index":2,"lang":"id","country":"id","chineseCountryName":"印尼","pkg":"com.spaceship.screen.textcopy"},"orders":["com.recognize_text.translate.screen","com.spaceship.screen.textcopy","com.tap_to_translate.snap_translate","com.mg.yurao.google","com.gaminik.i18n","com.niven.translator","com.niven.game","com.niven.comic","com.niven.apptranslate","com.newmg.yurao.pro","com.google.android.apps.translate"]},{"rank":{"index":2,"lang":"es-mx","country":"mx","chineseCountryName":"墨西哥","pkg":"com.spaceship.screen.textcopy"},"orders":["com.recognize_text.translate.screen","com.spaceship.screen.textcopy","com.tap_to_translate.snap_translate","com.niven.translator","com.niven.game","com.niven.comic","com.google.android.apps.translate","com.android.chrome","com.google.android.apps.photos","com.whatsapp","com.discord","com.google.android.apps.docs","us.zoom.videomeetings","com.google.android.apps.maps","com.canva.editor","com.google.android.dialer","com.duolingo","com.adobe.reader","com.mg.yurao.google","com.gaminik.i18n"]}]