[{"rank":{"index":2,"lang":"en-us","country":"us","chineseCountryName":"美国","pkg":"com.spaceship.screen.textcopy"},"orders":["com.recognize_text.translate.screen","com.spaceship.screen.textcopy","com.gaminik.i18n","com.google.android.apps.translate","com.mg.yurao.google","com.niven.game","com.tap_to_translate.snap_translate","com.niven.translator","com.microsoft.translator","com.niven.comic","com.niven.apptranslate","com.eecorp.linguago","com.newmg.yurao.pro","com.translate.talkingtranslator","at.nk.tools.iTranslate","com.zaz.translate","com.fasttanslator.appm","screen.translator.voice.translate","com.translator.yellow","com.datacomprojects.scanandtranslate"]},{"rank":{"index":4,"lang":"ru","country":"ru","chineseCountryName":"俄罗斯","pkg":"com.spaceship.screen.textcopy"},"orders":["com.recognize_text.translate.screen","com.tap_to_translate.snap_translate","com.gaminik.i18n","com.spaceship.screen.textcopy","com.mg.yurao.google","com.niven.translator","com.niven.game","com.niven.comic","com.niven.apptranslate","com.newmg.yurao.pro","ru.yandex.translate","com.google.android.apps.translate","com.eecorp.linguago","screen.translator.voice.translate","com.deepl.mobiletranslator","us.zoom.videomeetings","com.tangdi.baiguotong","com.microsoft.translator","com.naver.labs.translator","com.pidev.screentranslator"]},{"rank":{"index":2,"lang":"fr","country":"fr","chineseCountryName":"法国","pkg":"com.spaceship.screen.textcopy"},"orders":["com.recognize_text.translate.screen","com.spaceship.screen.textcopy","com.tap_to_translate.snap_translate","com.gaminik.i18n","com.mg.yurao.google","com.niven.game","com.niven.translator","com.niven.comic","com.google.android.apps.translate","com.niven.apptranslate","com.newmg.yurao.pro","com.eecorp.linguago","screen.translator.voice.translate","com.zaz.translate","com.voice_camera_free_translate","com.softissimo.reverso.context","com.microsoft.translator","com.mg.subtitle.google","com.eecorp.taptranslator","com.datacomprojects.scanandtranslate"]},{"rank":{"index":2,"lang":"en-gb","country":"gb","chineseCountryName":"英国","pkg":"com.spaceship.screen.textcopy"},"orders":["com.recognize_text.translate.screen","com.spaceship.screen.textcopy","com.mg.yurao.google","com.gaminik.i18n","com.google.android.apps.translate","com.niven.game","com.niven.translator","com.tap_to_translate.snap_translate","com.niven.comic","com.niven.apptranslate","com.translator.yellow","com.eecorp.linguago","com.microsoft.translator","com.newmg.yurao.pro","com.zaz.translate","com.translate.app","screen.translator.voice.translate","at.nk.tools.iTranslate","com.softissimo.reverso.context","com.datacomprojects.scanandtranslate"]},{"rank":{"index":2,"lang":"de","country":"de","chineseCountryName":"德国","pkg":"com.spaceship.screen.textcopy"},"orders":["com.recognize_text.translate.screen","com.spaceship.screen.textcopy","com.gaminik.i18n","com.mg.yurao.google","com.niven.game","com.niven.translator","com.tap_to_translate.snap_translate","com.niven.comic","com.niven.apptranslate","com.eecorp.linguago","com.google.android.apps.translate","com.newmg.yurao.pro","com.microsoft.translator","com.deepl.mobiletranslator","com.sayhi.android.sayhitranslate","us.zoom.videomeetings","at.nk.tools.iTranslate","ru.yandex.translate","com.flitto.app","com.translator.yellow"]},{"rank":{"index":2,"lang":"it","country":"it","chineseCountryName":"意大利","pkg":"com.spaceship.screen.textcopy"},"orders":["com.recognize_text.translate.screen","com.spaceship.screen.textcopy","com.niven.game","com.gaminik.i18n","com.mg.yurao.google","com.niven.translator","com.tap_to_translate.snap_translate","com.niven.comic","com.niven.apptranslate","com.newmg.yurao.pro","com.eecorp.linguago","com.google.android.apps.translate","com.microsoft.translator","screen.translator.voice.translate"]},{"rank":{"index":4,"lang":"ja","country":"jp","chineseCountryName":"日本","pkg":"com.spaceship.screen.textcopy"},"orders":["com.recognize_text.translate.screen","com.mg.yurao.google","com.gaminik.i18n","com.spaceship.screen.textcopy","com.niven.game","com.tap_to_translate.snap_translate","com.niven.translator","com.niven.apptranslate","com.niven.comic","com.newmg.yurao.pro","com.eecorp.linguago","com.google.android.apps.translate","us.zoom.videomeetings","com.deepl.mobiletranslator","com.naver.labs.translator","com.microsoft.translator","com.sayhi.android.sayhitranslate","at.nk.tools.iTranslate","com.zaz.translate","com.youdao.hindict"]},{"rank":{"index":3,"lang":"ko","country":"kr","chineseCountryName":"韩国","pkg":"com.spaceship.screen.textcopy"},"orders":["com.recognize_text.translate.screen","com.mg.yurao.google","com.spaceship.screen.textcopy","com.tap_to_translate.snap_translate","com.gaminik.i18n","com.niven.game","com.niven.translator","com.niven.comic","com.newmg.yurao.pro","com.niven.apptranslate","com.eecorp.linguago","com.google.android.apps.translate","com.naver.labs.translator","com.zaz.translate","com.deepl.mobiletranslator","screen.translator.voice.translate","com.eecorp.taptranslator","com.microsoft.translator","at.nk.tools.iTranslate","com.flitto.app"]},{"rank":{"index":3,"lang":"zh-hk","country":"hk","chineseCountryName":"香港","pkg":"com.spaceship.screen.textcopy"},"orders":["com.recognize_text.translate.screen","com.mg.yurao.google","com.spaceship.screen.textcopy","com.gaminik.i18n","com.niven.game","com.tap_to_translate.snap_translate","com.niven.translator","com.niven.comic","com.google.android.apps.translate","com.niven.apptranslate","com.newmg.yurao.pro","com.microsoft.translator","com.eecorp.linguago","com.datacomprojects.scanandtranslate","at.nk.tools.iTranslate","com.zaz.translate","com.tangdi.baiguotong","com.mg.subtitle.google","com.kursx.smartbook","ru.yandex.translate"]},{"rank":{"index":4,"lang":"zh-tw","country":"tw","chineseCountryName":"台湾","pkg":"com.spaceship.screen.textcopy"},"orders":["com.recognize_text.translate.screen","com.mg.yurao.google","com.gaminik.i18n","com.spaceship.screen.textcopy","com.niven.game","com.tap_to_translate.snap_translate","com.niven.translator","com.google.android.apps.translate","com.niven.comic","com.newmg.yurao.pro","com.niven.apptranslate","com.microsoft.translator","com.eecorp.linguago","com.sayhi.android.sayhitranslate","at.nk.tools.iTranslate","com.tangdi.baiguotong","com.naver.labs.translator","com.deepl.mobiletranslator","com.mg.subtitle.google","com.kursx.smartbook"]},{"rank":{"index":2,"lang":"en","country":"in","chineseCountryName":"印度","pkg":"com.spaceship.screen.textcopy"},"orders":["com.recognize_text.translate.screen","com.spaceship.screen.textcopy","com.google.android.apps.translate","com.niven.game","screen.translator.voice.translate","com.tap_to_translate.snap_translate","com.niven.translator","com.newmg.yurao.pro","com.zaz.translate","com.niven.apptranslate","com.eecorp.linguago","com.niven.comic","com.microsoft.translator","at.nk.tools.iTranslate","com.datacomprojects.scanandtranslate","com.android.chrome","com.google.android.inputmethod.latin","translate.smartranit.language.text","com.mg.yurao.google","com.gaminik.i18n"]},{"rank":{"index":2,"lang":"id","country":"id","chineseCountryName":"印尼","pkg":"com.spaceship.screen.textcopy"},"orders":["com.recognize_text.translate.screen","com.spaceship.screen.textcopy","com.tap_to_translate.snap_translate","com.gaminik.i18n","com.mg.yurao.google","com.niven.game","com.niven.translator","com.niven.comic","com.niven.apptranslate","com.newmg.yurao.pro"]},{"rank":{"index":2,"lang":"es-mx","country":"mx","chineseCountryName":"墨西哥","pkg":"com.spaceship.screen.textcopy"},"orders":["com.recognize_text.translate.screen","com.spaceship.screen.textcopy","com.tap_to_translate.snap_translate","com.mg.yurao.google","com.niven.game","com.niven.comic","com.google.android.apps.translate","com.niven.apptranslate","com.youdao.hindict","com.eecorp.linguago","com.microsoft.translator","com.newmg.yurao.pro","at.nk.tools.iTranslate","us.zoom.videomeetings","com.zaz.translate","com.voice_camera_free_translate","com.deepl.mobiletranslator","all.language.translate.translator","com.gaminik.i18n","com.niven.translator"]}]