[{"rank":{"index":2,"lang":"en-us","country":"us","chineseCountryName":"美国","pkg":"com.spaceship.screen.textcopy"},"orders":["com.recognize_text.translate.screen","com.spaceship.screen.textcopy","com.tap_to_translate.snap_translate","com.google.android.apps.translate","com.gaminik.i18n","com.screen.translate.google","com.niven.game","com.niven.translator","com.microsoft.translator","com.newmg.yurao.pro","com.niven.comic","com.niven.apptranslate","at.nk.tools.iTranslate","com.facebook.orca","com.deepl.mobiletranslator","com.google.android.dialer","com.android.chrome","com.google.ar.lens","com.google.android.apps.maps","us.zoom.videomeetings"]},{"rank":{"index":2,"lang":"ru","country":"ru","chineseCountryName":"俄罗斯","pkg":"com.spaceship.screen.textcopy"},"orders":["com.recognize_text.translate.screen","com.spaceship.screen.textcopy","com.tap_to_translate.snap_translate","com.gaminik.i18n","com.niven.translator","com.niven.game","com.screen.translate.google","com.niven.apptranslate","com.newmg.yurao.pro","com.niven.comic","ru.yandex.translate","com.google.android.apps.translate","us.zoom.videomeetings","com.deepl.mobiletranslator","com.facebook.orca","com.android.chrome","com.discord","com.microsoft.translator","com.google.android.dialer","com.truecaller"]},{"rank":{"index":2,"lang":"fr","country":"fr","chineseCountryName":"法国","pkg":"com.spaceship.screen.textcopy"},"orders":["com.recognize_text.translate.screen","com.spaceship.screen.textcopy","com.tap_to_translate.snap_translate","com.gaminik.i18n","com.niven.game","com.screen.translate.google","com.niven.translator","com.niven.comic","com.niven.apptranslate","com.google.android.apps.translate","com.newmg.yurao.pro","com.microsoft.translator","com.facebook.orca","us.zoom.videomeetings","org.telegram.messenger","com.discord","com.android.chrome","com.microsoft.office.outlook","com.google.android.apps.photos","com.ubercab"]},{"rank":{"index":2,"lang":"en-gb","country":"gb","chineseCountryName":"英国","pkg":"com.spaceship.screen.textcopy"},"orders":["com.recognize_text.translate.screen","com.spaceship.screen.textcopy","com.gaminik.i18n","com.google.android.apps.translate","com.screen.translate.google","com.niven.translator","com.niven.game","com.tap_to_translate.snap_translate","com.microsoft.translator","com.niven.apptranslate","com.niven.comic","com.newmg.yurao.pro","com.datacomprojects.scanandtranslate","at.nk.tools.iTranslate","com.facebook.orca","com.google.android.apps.maps","com.android.chrome","us.zoom.videomeetings","com.duolingo","com.eecorp.taptranslator"]},{"rank":{"index":2,"lang":"de","country":"de","chineseCountryName":"德国","pkg":"com.spaceship.screen.textcopy"},"orders":["com.recognize_text.translate.screen","com.spaceship.screen.textcopy","com.tap_to_translate.snap_translate","com.screen.translate.google","com.gaminik.i18n","com.niven.game","com.niven.translator","com.niven.comic","com.google.android.apps.translate","com.newmg.yurao.pro","com.niven.apptranslate","com.microsoft.translator","com.deepl.mobiletranslator","com.facebook.orca","us.zoom.videomeetings","com.discord","com.android.chrome","com.amazon.kindle","com.google.android.apps.maps","com.google.android.apps.photos"]},{"rank":{"index":2,"lang":"it","country":"it","chineseCountryName":"意大利","pkg":"com.spaceship.screen.textcopy"},"orders":["com.recognize_text.translate.screen","com.spaceship.screen.textcopy","com.gaminik.i18n","com.screen.translate.google","com.tap_to_translate.snap_translate","com.niven.game","com.niven.translator","com.niven.apptranslate","com.newmg.yurao.pro","com.google.android.apps.translate","com.niven.comic","com.microsoft.translator","com.facebook.orca","us.zoom.videomeetings","com.discord","com.google.android.apps.photos","com.amazon.kindle","com.android.chrome","com.google.android.dialer","com.zzkko"]},{"rank":{"index":2,"lang":"ja","country":"jp","chineseCountryName":"日本","pkg":"com.spaceship.screen.textcopy"},"orders":["com.recognize_text.translate.screen","com.spaceship.screen.textcopy","com.gaminik.i18n","com.screen.translate.google","com.niven.game","com.tap_to_translate.snap_translate","com.niven.translator","com.niven.apptranslate","com.google.android.apps.translate","com.niven.comic","com.newmg.yurao.pro","com.microsoft.translator","com.facebook.orca","us.zoom.videomeetings","com.android.chrome","com.discord","com.google.android.apps.maps","com.deepl.mobiletranslator","com.amazon.kindle","com.google.ar.lens"]},{"rank":{"index":2,"lang":"ko","country":"kr","chineseCountryName":"韩国","pkg":"com.spaceship.screen.textcopy"},"orders":["com.recognize_text.translate.screen","com.spaceship.screen.textcopy","com.tap_to_translate.snap_translate","com.gaminik.i18n","com.niven.game","com.screen.translate.google","com.niven.translator","com.niven.apptranslate","com.newmg.yurao.pro","com.google.android.apps.translate","com.niven.comic","com.facebook.orca","us.zoom.videomeetings","com.discord","com.naver.labs.translator","com.android.chrome","com.microsoft.translator","com.sec.android.app.sbrowser","com.google.android.apps.photos","com.duolingo"]},{"rank":{"index":2,"lang":"zh-hk","country":"hk","chineseCountryName":"香港","pkg":"com.spaceship.screen.textcopy"},"orders":["com.recognize_text.translate.screen","com.spaceship.screen.textcopy","com.tap_to_translate.snap_translate","com.gaminik.i18n","com.screen.translate.google","com.niven.game","com.niven.translator","com.google.android.apps.translate","com.niven.apptranslate","com.newmg.yurao.pro","com.niven.comic","com.microsoft.translator","com.google.android.apps.maps","com.facebook.orca","com.zaz.translate","com.android.chrome","org.telegram.messenger","com.datacomprojects.scanandtranslate","com.google.ar.lens","us.zoom.videomeetings"]},{"rank":{"index":2,"lang":"zh-tw","country":"tw","chineseCountryName":"台湾","pkg":"com.spaceship.screen.textcopy"},"orders":["com.recognize_text.translate.screen","com.spaceship.screen.textcopy","com.niven.game","com.gaminik.i18n","com.screen.translate.google","com.tap_to_translate.snap_translate","com.niven.translator","com.niven.comic","com.niven.apptranslate","com.newmg.yurao.pro","com.google.android.apps.translate","com.microsoft.translator","com.facebook.orca","org.telegram.messenger","com.google.android.apps.maps","com.discord","com.android.chrome","us.zoom.videomeetings","com.skype.raider","com.google.ar.lens"]},{"rank":{"index":2,"lang":"en","country":"in","chineseCountryName":"印度","pkg":"com.spaceship.screen.textcopy"},"orders":["com.recognize_text.translate.screen","com.spaceship.screen.textcopy","com.google.android.apps.translate","com.tap_to_translate.snap_translate","com.newmg.yurao.pro","com.screen.translate.google","com.niven.game","com.microsoft.translator","com.niven.translator","at.nk.tools.iTranslate","com.zaz.translate","com.google.ar.lens","ru.yandex.translate","com.deepl.mobiletranslator","com.datacomprojects.scanandtranslate","com.naver.labs.translator","com.softissimo.reverso.context","com.gaminik.i18n"]},{"rank":{"index":2,"lang":"id","country":"id","chineseCountryName":"印尼","pkg":"com.spaceship.screen.textcopy"},"orders":["com.recognize_text.translate.screen","com.spaceship.screen.textcopy","com.tap_to_translate.snap_translate","com.gaminik.i18n","com.niven.translator","com.niven.game","com.screen.translate.google","com.niven.comic","com.newmg.yurao.pro","com.niven.apptranslate","com.google.android.apps.translate"]},{"rank":{"index":2,"lang":"es-mx","country":"mx","chineseCountryName":"墨西哥","pkg":"com.spaceship.screen.textcopy"},"orders":["com.recognize_text.translate.screen","com.spaceship.screen.textcopy","com.tap_to_translate.snap_translate","com.niven.game","com.niven.translator","com.screen.translate.google","com.microsoft.translator","com.google.android.apps.translate","com.youdao.hindict","at.nk.tools.iTranslate","com.deepl.mobiletranslator","com.niven.comic","ru.yandex.translate","com.naver.labs.translator","com.niven.apptranslate","com.newmg.yurao.pro","com.softissimo.reverso.context","com.google.ar.lens","com.translate.talkingtranslator","com.gaminik.i18n"]}]