[{"rank":{"index":2,"lang":"en-us","country":"us","chineseCountryName":"美国","pkg":"com.spaceship.screen.textcopy"},"orders":["com.recognize_text.translate.screen","com.spaceship.screen.textcopy","com.niven.translator","com.tap_to_translate.snap_translate","com.gaminik.i18n","com.newmg.yurao.pro","com.screen.translate.google","com.eecorp.linguago","com.niven.apptranslate","com.zaz.translate","live.screentranslate.realtime","com.screen.translator.text.recognize","com.niven.game","com.google.android.apps.translate","com.galaxy.airviewdictionary","com.mg.chat","com.microsoft.translator","com.deepl.mobiletranslator","co.appnation.aivoicetranslator","at.nk.tools.iTranslate"]},{"rank":{"index":3,"lang":"ru","country":"ru","chineseCountryName":"俄罗斯","pkg":"com.spaceship.screen.textcopy"},"orders":["com.recognize_text.translate.screen","com.niven.translator","com.spaceship.screen.textcopy","com.tap_to_translate.snap_translate","com.gaminik.i18n","com.newmg.yurao.pro","com.niven.apptranslate","com.screen.translate.google","live.screentranslate.realtime","com.eecorp.linguago","com.screen.translator.text.recognize","com.niven.game","com.galaxy.airviewdictionary","com.zaz.translate","com.google.android.apps.translate","com.mg.chat","com.chat.translator.screen.translate.language","com.newtranslate.google","com.flabs.screen.translate","com.microsoft.translator"]},{"rank":{"index":2,"lang":"pt-br","country":"br","chineseCountryName":"巴西","pkg":"com.spaceship.screen.textcopy"},"orders":["com.recognize_text.translate.screen","com.spaceship.screen.textcopy","com.niven.translator","com.tap_to_translate.snap_translate","com.gaminik.i18n","com.newmg.yurao.pro","com.niven.apptranslate","com.eecorp.linguago","com.screen.translator.text.recognize","live.screentranslate.realtime","com.screen.translate.google","com.galaxy.airviewdictionary","com.niven.game","com.zaz.translate","com.google.android.apps.translate","com.mg.chat","com.chat.translator.screen.translate.language","com.deepl.mobiletranslator","com.niven.comic","com.immersivetranslate.browser"]},{"rank":{"index":2,"lang":"fr","country":"fr","chineseCountryName":"法国","pkg":"com.spaceship.screen.textcopy"},"orders":["com.recognize_text.translate.screen","com.spaceship.screen.textcopy","com.tap_to_translate.snap_translate","com.newmg.yurao.pro","com.niven.translator","com.gaminik.i18n","com.eecorp.linguago","live.screentranslate.realtime","com.niven.apptranslate","com.screen.translator.text.recognize","com.screen.translate.google","com.galaxy.airviewdictionary","com.niven.game","com.zaz.translate","com.google.android.apps.translate","com.deepl.mobiletranslator","com.mg.chat","com.chat.translator.screen.translate.language","co.appnation.aivoicetranslator","com.flabs.screen.translate"]},{"rank":{"index":2,"lang":"en-gb","country":"gb","chineseCountryName":"英国","pkg":"com.spaceship.screen.textcopy"},"orders":["com.recognize_text.translate.screen","com.spaceship.screen.textcopy","com.tap_to_translate.snap_translate"]},{"rank":{"index":3,"lang":"de","country":"de","chineseCountryName":"德国","pkg":"com.spaceship.screen.textcopy"},"orders":["com.recognize_text.translate.screen","com.niven.translator","com.spaceship.screen.textcopy","com.tap_to_translate.snap_translate","com.newmg.yurao.pro","com.gaminik.i18n","com.niven.apptranslate","live.screentranslate.realtime","com.screen.translate.google","com.eecorp.linguago","com.screen.translator.text.recognize","com.galaxy.airviewdictionary","com.niven.game","com.zaz.translate","com.yoyodev.screentranslate","com.immersivetranslate.browser","com.mg.chat","com.google.android.apps.translate","com.deepl.mobiletranslator","com.chat.translator.screen.translate.language"]},{"rank":{"index":2,"lang":"it","country":"it","chineseCountryName":"意大利","pkg":"com.spaceship.screen.textcopy"},"orders":["com.recognize_text.translate.screen","com.spaceship.screen.textcopy","com.tap_to_translate.snap_translate","com.newmg.yurao.pro","com.niven.translator","com.gaminik.i18n","com.eecorp.linguago","com.screen.translator.text.recognize","com.niven.apptranslate","com.screen.translate.google","live.screentranslate.realtime","com.galaxy.airviewdictionary","com.zaz.translate","com.niven.game","co.appnation.aivoicetranslator","com.google.android.apps.translate","com.yoyodev.screentranslate","com.chat.translator.screen.translate.language","com.deepl.mobiletranslator","com.microsoft.translator"]},{"rank":{"index":3,"lang":"ja","country":"jp","chineseCountryName":"日本","pkg":"com.spaceship.screen.textcopy"},"orders":["com.recognize_text.translate.screen","com.tap_to_translate.snap_translate","com.spaceship.screen.textcopy","com.gaminik.i18n","com.niven.translator","com.newmg.yurao.pro","com.niven.apptranslate","com.eecorp.linguago","com.screen.translator.text.recognize","com.screen.translate.google","live.screentranslate.realtime","com.galaxy.airviewdictionary"]},{"rank":{"index":2,"lang":"ko","country":"kr","chineseCountryName":"韩国","pkg":"com.spaceship.screen.textcopy"},"orders":["com.recognize_text.translate.screen","com.spaceship.screen.textcopy","com.tap_to_translate.snap_translate","com.gaminik.i18n","com.niven.translator","com.newmg.yurao.pro","com.niven.apptranslate","live.screentranslate.realtime","com.screen.translate.google","com.eecorp.linguago","com.screen.translator.text.recognize","com.galaxy.airviewdictionary","com.zaz.translate","com.niven.game"]},{"rank":{"index":2,"lang":"zh-hk","country":"hk","chineseCountryName":"香港","pkg":"com.spaceship.screen.textcopy"},"orders":["com.recognize_text.translate.screen","com.spaceship.screen.textcopy","com.tap_to_translate.snap_translate","com.niven.translator","com.newmg.yurao.pro","com.gaminik.i18n","com.niven.apptranslate","com.eecorp.linguago","com.screen.translate.google","com.screen.translator.text.recognize","com.zaz.translate","live.screentranslate.realtime","com.galaxy.airviewdictionary","com.niven.game","com.google.android.apps.translate","com.microsoft.translator","com.immersivetranslate.browser","com.deepl.mobiletranslator","com.aurasense.screentranslate","com.chat.translator.screen.translate.language"]},{"rank":{"index":2,"lang":"zh-tw","country":"tw","chineseCountryName":"台湾","pkg":"com.spaceship.screen.textcopy"},"orders":["com.recognize_text.translate.screen","com.spaceship.screen.textcopy","com.niven.translator","com.tap_to_translate.snap_translate","com.newmg.yurao.pro","com.gaminik.i18n","com.niven.apptranslate","com.eecorp.linguago","com.screen.translate.google","com.screen.translator.text.recognize","live.screentranslate.realtime","com.galaxy.airviewdictionary","com.zaz.translate","com.niven.game","com.google.android.apps.translate","com.microsoft.translator","com.aurasense.screentranslate","com.deepl.mobiletranslator","com.chat.translator.screen.translate.language","com.immersivetranslate.browser"]},{"rank":{"index":0,"lang":"en","country":"in","chineseCountryName":"印度","pkg":"com.spaceship.screen.textcopy"},"orders":["com.recognize_text.translate.screen","com.tap_to_translate.snap_translate","com.zaz.translate"]},{"rank":{"index":2,"lang":"id","country":"id","chineseCountryName":"印尼","pkg":"com.spaceship.screen.textcopy"},"orders":["com.recognize_text.translate.screen","com.spaceship.screen.textcopy","com.tap_to_translate.snap_translate","com.niven.translator","com.gaminik.i18n","com.newmg.yurao.pro","com.eecorp.linguago","com.screen.translate.google","com.niven.apptranslate","com.screen.translator.text.recognize","com.niven.game","live.screentranslate.realtime","com.galaxy.airviewdictionary","com.zaz.translate","com.deepl.mobiletranslator","com.google.android.apps.translate"]},{"rank":{"index":2,"lang":"es-mx","country":"mx","chineseCountryName":"墨西哥","pkg":"com.spaceship.screen.textcopy"},"orders":["com.recognize_text.translate.screen","com.spaceship.screen.textcopy","com.tap_to_translate.snap_translate","com.niven.translator","com.gaminik.i18n","com.newmg.yurao.pro","com.eecorp.linguago","live.screentranslate.realtime","com.niven.apptranslate","com.screen.translate.google","com.screen.translator.text.recognize","com.galaxy.airviewdictionary","com.niven.game","com.zaz.translate","com.google.android.apps.translate"]}]