[{"rank":{"index":2,"lang":"en-us","country":"us","chineseCountryName":"美国","pkg":"com.spaceship.screen.textcopy"},"orders":["com.recognize_text.translate.screen","com.spaceship.screen.textcopy","com.tap_to_translate.snap_translate","com.niven.translator","com.newmg.yurao.pro","com.gaminik.i18n","com.screen.translate.google","com.niven.apptranslate","com.screen.translator.text.recognize","com.eecorp.linguago","com.niven.game","com.google.android.apps.translate","com.galaxy.airviewdictionary","at.nk.tools.iTranslate","live.screentranslate.realtime","com.deepl.mobiletranslator","com.mg.chat","translate.speech.text.translation.voicetranslator","com.zaz.translate","com.microsoft.translator"]},{"rank":{"index":3,"lang":"ru","country":"ru","chineseCountryName":"俄罗斯","pkg":"com.spaceship.screen.textcopy"},"orders":["com.recognize_text.translate.screen","com.niven.translator","com.spaceship.screen.textcopy","com.tap_to_translate.snap_translate","com.newmg.yurao.pro","com.gaminik.i18n","com.niven.apptranslate","com.screen.translate.google","com.screen.translator.text.recognize","com.niven.game","com.eecorp.linguago","com.galaxy.airviewdictionary","com.google.android.apps.translate","live.screentranslate.realtime","com.zaz.translate","ru.yandex.translate","com.mg.chat","com.microsoft.translator","com.hive.lingonative","at.nk.tools.iTranslate"]},{"rank":{"index":2,"lang":"pt-br","country":"br","chineseCountryName":"巴西","pkg":"com.spaceship.screen.textcopy"},"orders":["com.recognize_text.translate.screen","com.spaceship.screen.textcopy","com.niven.translator","com.gaminik.i18n","com.tap_to_translate.snap_translate","com.newmg.yurao.pro","com.screen.translate.google","com.niven.apptranslate","com.screen.translator.text.recognize","com.niven.game","com.eecorp.linguago","com.galaxy.airviewdictionary","live.screentranslate.realtime","com.google.android.apps.translate","translate.speech.text.translation.voicetranslator","com.niven.comic","com.hive.lingonative","com.zaz.translate","com.deepl.mobiletranslator","com.android.chrome"]},{"rank":{"index":2,"lang":"fr","country":"fr","chineseCountryName":"法国","pkg":"com.spaceship.screen.textcopy"},"orders":["com.recognize_text.translate.screen","com.spaceship.screen.textcopy","com.tap_to_translate.snap_translate","com.newmg.yurao.pro","com.niven.translator","com.gaminik.i18n","com.screen.translator.text.recognize","com.screen.translate.google","com.eecorp.linguago","com.niven.apptranslate","com.galaxy.airviewdictionary","com.deepl.mobiletranslator","com.niven.game","live.screentranslate.realtime","com.mg.chat","com.google.android.apps.translate","com.zaz.translate","com.aldoo.pdftranslatorpro","com.microsoft.translator","com.translate.talkingtranslator"]},{"rank":{"index":2,"lang":"en-gb","country":"gb","chineseCountryName":"英国","pkg":"com.spaceship.screen.textcopy"},"orders":["com.recognize_text.translate.screen","com.spaceship.screen.textcopy","com.niven.translator","com.tap_to_translate.snap_translate","com.newmg.yurao.pro","com.gaminik.i18n","com.niven.apptranslate","com.screen.translate.google","com.screen.translator.text.recognize","com.niven.game","com.eecorp.linguago","com.google.android.apps.translate","at.nk.tools.iTranslate","com.galaxy.airviewdictionary","live.screentranslate.realtime","com.zaz.translate","translate.speech.text.translation.voicetranslator","com.mg.chat","com.deepl.mobiletranslator","com.tangdi.baiguotong"]},{"rank":{"index":3,"lang":"de","country":"de","chineseCountryName":"德国","pkg":"com.spaceship.screen.textcopy"},"orders":["com.recognize_text.translate.screen","com.tap_to_translate.snap_translate","com.spaceship.screen.textcopy","com.niven.translator","com.newmg.yurao.pro","com.gaminik.i18n","com.screen.translate.google","com.niven.apptranslate","com.screen.translator.text.recognize","com.eecorp.linguago","com.niven.game","com.galaxy.airviewdictionary","com.google.android.apps.translate","com.mg.chat","com.deepl.mobiletranslator","com.tangdi.baiguotong","live.screentranslate.realtime","com.zaz.translate","com.hive.lingonative","com.microsoft.translator"]},{"rank":{"index":2,"lang":"it","country":"it","chineseCountryName":"意大利","pkg":"com.spaceship.screen.textcopy"},"orders":["com.recognize_text.translate.screen","com.spaceship.screen.textcopy","com.tap_to_translate.snap_translate","com.gaminik.i18n","com.niven.translator","com.newmg.yurao.pro","com.screen.translate.google","com.niven.apptranslate","com.eecorp.linguago","com.screen.translator.text.recognize","com.galaxy.airviewdictionary","live.screentranslate.realtime","com.niven.game","com.deepl.mobiletranslator","com.tangdi.baiguotong","com.google.android.apps.translate","com.immersivetranslate.browser","com.microsoft.translator","com.aldoo.pdftranslatorpro","com.zaz.translate"]},{"rank":{"index":3,"lang":"ja","country":"jp","chineseCountryName":"日本","pkg":"com.spaceship.screen.textcopy"},"orders":["com.recognize_text.translate.screen","com.tap_to_translate.snap_translate","com.spaceship.screen.textcopy","com.gaminik.i18n","com.niven.translator","com.newmg.yurao.pro","com.niven.apptranslate","com.screen.translate.google","com.eecorp.linguago","com.zaz.translate"]},{"rank":{"index":2,"lang":"ko","country":"kr","chineseCountryName":"韩国","pkg":"com.spaceship.screen.textcopy"},"orders":["com.recognize_text.translate.screen","com.spaceship.screen.textcopy","com.gaminik.i18n","com.tap_to_translate.snap_translate","com.newmg.yurao.pro","com.niven.translator","com.screen.translate.google","com.niven.apptranslate","com.screen.translator.text.recognize","com.eecorp.linguago","com.galaxy.airviewdictionary","com.niven.game","com.immersivetranslate.browser","com.zaz.translate","com.deepl.mobiletranslator","com.google.android.apps.translate","com.mg.chat","com.naver.labs.translator","translate.speech.text.translation.voicetranslator","com.aldoo.pdftranslatorpro"]},{"rank":{"index":2,"lang":"zh-hk","country":"hk","chineseCountryName":"香港","pkg":"com.spaceship.screen.textcopy"},"orders":["com.recognize_text.translate.screen","com.spaceship.screen.textcopy","com.tap_to_translate.snap_translate","com.niven.translator","com.gaminik.i18n","com.newmg.yurao.pro","com.screen.translate.google","com.niven.apptranslate","com.google.android.apps.translate","com.eecorp.linguago","com.screen.translator.text.recognize","com.galaxy.airviewdictionary","com.niven.game","com.zaz.translate","live.screentranslate.realtime","com.microsoft.translator","at.nk.tools.iTranslate","com.deepl.mobiletranslator","com.google.ar.lens","com.naver.labs.translator"]},{"rank":{"index":2,"lang":"zh-tw","country":"tw","chineseCountryName":"台湾","pkg":"com.spaceship.screen.textcopy"},"orders":["com.recognize_text.translate.screen","com.spaceship.screen.textcopy","com.gaminik.i18n","com.tap_to_translate.snap_translate","com.niven.translator","com.newmg.yurao.pro","com.screen.translate.google","com.niven.apptranslate","com.galaxy.airviewdictionary","com.eecorp.linguago","com.google.android.apps.translate","com.screen.translator.text.recognize","com.zaz.translate","com.niven.game","com.naver.labs.translator","com.microsoft.translator","com.google.ar.lens","com.deepl.mobiletranslator","com.google.android.tts","live.screentranslate.realtime"]},{"rank":{"index":0,"lang":"en","country":"in","chineseCountryName":"印度","pkg":"com.spaceship.screen.textcopy"},"orders":["com.recognize_text.translate.screen","com.tap_to_translate.snap_translate","com.gaminik.i18n"]},{"rank":{"index":3,"lang":"id","country":"id","chineseCountryName":"印尼","pkg":"com.spaceship.screen.textcopy"},"orders":["com.recognize_text.translate.screen","com.niven.translator","com.spaceship.screen.textcopy","com.tap_to_translate.snap_translate","com.gaminik.i18n","com.newmg.yurao.pro","com.screen.translate.google","com.niven.apptranslate","com.niven.game","com.screen.translator.text.recognize","com.eecorp.linguago","com.galaxy.airviewdictionary","com.google.android.apps.translate","live.screentranslate.realtime","com.zaz.translate","com.deepl.mobiletranslator","com.google.ar.lens","com.naver.labs.translator","com.google.android.tts","com.microsoft.translator"]},{"rank":{"index":2,"lang":"es-mx","country":"mx","chineseCountryName":"墨西哥","pkg":"com.spaceship.screen.textcopy"},"orders":["com.recognize_text.translate.screen","com.spaceship.screen.textcopy","com.tap_to_translate.snap_translate","com.niven.translator","com.newmg.yurao.pro","com.gaminik.i18n","com.screen.translator.text.recognize","com.niven.apptranslate","com.screen.translate.google","com.eecorp.linguago","com.niven.game","com.galaxy.airviewdictionary","com.google.android.apps.translate","com.mg.chat","com.deepl.mobiletranslator","live.screentranslate.realtime","com.aldoo.pdftranslatorpro","com.zaz.translate","com.tangdi.baiguotong","com.immersivetranslate.browser"]}]