[{"rank":{"index":2,"lang":"en-us","country":"us","chineseCountryName":"美国","pkg":"com.spaceship.screen.textcopy"},"orders":["com.recognize_text.translate.screen","com.spaceship.screen.textcopy","com.tap_to_translate.snap_translate","com.google.android.apps.translate","com.screen.translate.google","com.niven.translator","com.microsoft.translator","com.newmg.yurao.pro","com.gaminik.i18n","at.nk.tools.iTranslate","com.google.ar.lens","com.translate.language.translator.voice.translation","com.translate.talkingtranslator","com.mobisystems.msdict.embedded.wireless.collins.ee","com.datacomprojects.scanandtranslate","com.sayhi.android.sayhitranslate","com.language.translate.free.translator.voice.translation","com.niven.game","com.deepl.mobiletranslator","com.niven.comic"]},{"rank":{"index":2,"lang":"ru","country":"ru","chineseCountryName":"俄罗斯","pkg":"com.spaceship.screen.textcopy"},"orders":["com.recognize_text.translate.screen","com.spaceship.screen.textcopy","com.niven.translator","com.tap_to_translate.snap_translate","com.gaminik.i18n","com.newmg.yurao.pro","com.screen.translate.google","ru.yandex.translate","com.google.android.apps.translate","com.microsoft.translator","com.niven.game","com.niven.apptranslate","com.niven.comic","at.nk.tools.iTranslate","com.deepl.mobiletranslator","com.whatsapp","com.android.chrome","com.voice_camera_free_translate","com.instagram.android","com.facebook.katana"]},{"rank":{"index":2,"lang":"pt-br","country":"br","chineseCountryName":"巴西","pkg":"com.spaceship.screen.textcopy"},"orders":["com.recognize_text.translate.screen","com.spaceship.screen.textcopy","com.tap_to_translate.snap_translate","com.gaminik.i18n","com.microsoft.translator","com.google.android.apps.translate","com.deepl.mobiletranslator","com.zaz.translate","com.datacomprojects.scanandtranslate","ru.yandex.translate","com.translate.language.translator.voice.translation","com.google.ar.lens","com.translate.talkingtranslator","com.naver.labs.translator","com.softissimo.reverso.context","com.niven.translator","com.screen.translate.google","com.newmg.yurao.pro","com.niven.apptranslate","com.sayhi.android.sayhitranslate"]},{"rank":{"index":2,"lang":"fr","country":"fr","chineseCountryName":"法国","pkg":"com.spaceship.screen.textcopy"},"orders":["com.recognize_text.translate.screen","com.spaceship.screen.textcopy","com.tap_to_translate.snap_translate","com.niven.translator","com.screen.translate.google","com.gaminik.i18n","com.newmg.yurao.pro","com.microsoft.translator","com.google.android.apps.translate","at.nk.tools.iTranslate","com.datacomprojects.scanandtranslate","com.niven.apptranslate","com.google.ar.lens","com.deepl.mobiletranslator","com.translate.language.translator.voice.translation","com.traductorweb","com.aldoo.pdftranslatorpro","com.niven.comic","com.facebook.katana","com.niven.game"]},{"rank":{"index":2,"lang":"en-gb","country":"gb","chineseCountryName":"英国","pkg":"com.spaceship.screen.textcopy"},"orders":["com.recognize_text.translate.screen","com.spaceship.screen.textcopy","com.google.android.apps.translate","com.niven.translator","com.microsoft.translator","com.screen.translate.google","com.newmg.yurao.pro","com.gaminik.i18n","com.tap_to_translate.snap_translate","at.nk.tools.iTranslate","com.google.ar.lens","com.datacomprojects.scanandtranslate","com.translate.language.translator.voice.translation","com.mobisystems.msdict.embedded.wireless.collins.ee","com.niven.game","com.deepl.mobiletranslator","com.sayhi.android.sayhitranslate","com.language.translate.free.translator.voice.translation","com.niven.comic","com.traductorweb"]},{"rank":{"index":2,"lang":"de","country":"de","chineseCountryName":"德国","pkg":"com.spaceship.screen.textcopy"},"orders":["com.recognize_text.translate.screen","com.spaceship.screen.textcopy","com.tap_to_translate.snap_translate","com.niven.translator","com.gaminik.i18n","com.microsoft.translator","com.newmg.yurao.pro","com.screen.translate.google","com.google.android.apps.translate","at.nk.tools.iTranslate","com.datacomprojects.scanandtranslate","com.deepl.mobiletranslator","com.traductorweb","com.language.translate.free.translator.voice.translation","com.sayhi.android.sayhitranslate","com.translate.language.translator.voice.translation","com.niven.apptranslate","com.aldoo.pdftranslatorpro","com.google.ar.lens","com.niven.game"]},{"rank":{"index":2,"lang":"it","country":"it","chineseCountryName":"意大利","pkg":"com.spaceship.screen.textcopy"},"orders":["com.recognize_text.translate.screen","com.spaceship.screen.textcopy","com.gaminik.i18n","com.niven.translator","com.newmg.yurao.pro","com.tap_to_translate.snap_translate","com.microsoft.translator","com.screen.translate.google","com.google.android.apps.translate","at.nk.tools.iTranslate","com.datacomprojects.scanandtranslate","com.niven.game","com.translate.language.translator.voice.translation","com.traductorweb","com.niven.apptranslate","com.niven.comic","com.aldoo.pdftranslatorpro","com.deepl.mobiletranslator","com.language.translate.free.translator.voice.translation","com.google.ar.lens"]},{"rank":{"index":2,"lang":"ja","country":"jp","chineseCountryName":"日本","pkg":"com.spaceship.screen.textcopy"},"orders":["com.recognize_text.translate.screen","com.spaceship.screen.textcopy","com.tap_to_translate.snap_translate","com.niven.translator","com.gaminik.i18n","com.newmg.yurao.pro","com.screen.translate.google","com.microsoft.translator","com.google.android.apps.translate","at.nk.tools.iTranslate","com.google.ar.lens"]},{"rank":{"index":2,"lang":"ko","country":"kr","chineseCountryName":"韩国","pkg":"com.spaceship.screen.textcopy"},"orders":["com.recognize_text.translate.screen","com.spaceship.screen.textcopy","com.tap_to_translate.snap_translate","com.niven.translator","com.gaminik.i18n","com.newmg.yurao.pro","com.screen.translate.google","com.google.android.apps.translate","com.microsoft.translator","com.naver.labs.translator","com.niven.apptranslate","com.niven.game","at.nk.tools.iTranslate","com.google.ar.lens","com.facebook.katana","com.instagram.android","com.facebook.orca","com.niven.comic","com.deepl.mobiletranslator","org.telegram.messenger"]},{"rank":{"index":2,"lang":"zh-hk","country":"hk","chineseCountryName":"香港","pkg":"com.spaceship.screen.textcopy"},"orders":["com.recognize_text.translate.screen","com.spaceship.screen.textcopy","com.gaminik.i18n","com.niven.translator","com.screen.translate.google","com.google.android.apps.translate","com.newmg.yurao.pro","com.tap_to_translate.snap_translate","com.microsoft.translator","at.nk.tools.iTranslate","com.google.ar.lens","com.datacomprojects.scanandtranslate","com.language.translate.free.translator.voice.translation","com.niven.apptranslate","com.naver.labs.translator","com.deepl.mobiletranslator","com.aldoo.pdftranslatorpro","com.tangdi.baiguotong","com.niven.comic","com.niven.game"]},{"rank":{"index":2,"lang":"zh-tw","country":"tw","chineseCountryName":"台湾","pkg":"com.spaceship.screen.textcopy"},"orders":["com.recognize_text.translate.screen","com.spaceship.screen.textcopy","com.tap_to_translate.snap_translate","com.niven.translator","com.screen.translate.google","com.gaminik.i18n","com.newmg.yurao.pro","com.google.android.apps.translate","com.microsoft.translator","at.nk.tools.iTranslate","com.voice_camera_free_translate","com.google.ar.lens","com.language.translate.free.translator.voice.translation","com.niven.apptranslate","com.niven.game","com.datacomprojects.scanandtranslate","com.niven.comic","com.naver.labs.translator","com.aldoo.pdftranslatorpro","com.translate.talkingtranslator"]},{"rank":{"index":2,"lang":"en","country":"in","chineseCountryName":"印度","pkg":"com.spaceship.screen.textcopy"},"orders":["com.recognize_text.translate.screen","com.spaceship.screen.textcopy","com.google.android.apps.translate","com.tap_to_translate.snap_translate","com.microsoft.translator","com.gaminik.i18n","com.zaz.translate","com.datacomprojects.scanandtranslate","com.google.ar.lens","com.deepl.mobiletranslator","com.sayhi.android.sayhitranslate","ru.yandex.translate","com.translate.talkingtranslator","com.translate.language.translator.voice.translation","com.niven.translator","com.newmg.yurao.pro","com.screen.translate.google","translate.speech.text.translation.voicetranslator","screen.translator.voice.translate","com.ydzlabs.chattranslator"]},{"rank":{"index":2,"lang":"id","country":"id","chineseCountryName":"印尼","pkg":"com.spaceship.screen.textcopy"},"orders":["com.recognize_text.translate.screen","com.spaceship.screen.textcopy","com.tap_to_translate.snap_translate","com.niven.translator","com.gaminik.i18n","com.newmg.yurao.pro","com.screen.translate.google","com.google.android.apps.translate","com.niven.game","com.niven.comic"]},{"rank":{"index":2,"lang":"es-mx","country":"mx","chineseCountryName":"墨西哥","pkg":"com.spaceship.screen.textcopy"},"orders":["com.recognize_text.translate.screen","com.spaceship.screen.textcopy","com.tap_to_translate.snap_translate","com.gaminik.i18n","com.microsoft.translator","com.google.android.apps.translate","com.zaz.translate","com.deepl.mobiletranslator","com.datacomprojects.scanandtranslate","ru.yandex.translate","com.google.ar.lens","com.translate.talkingtranslator","com.softissimo.reverso.context","com.sayhi.android.sayhitranslate","com.naver.labs.translator","com.niven.translator","com.newmg.yurao.pro","com.screen.translate.google","com.youdao.hindict","com.niven.apptranslate"]}]