[{"rank":{"index":2,"lang":"en-us","country":"us","chineseCountryName":"美国","pkg":"com.spaceship.screen.textcopy"},"orders":["com.recognize_text.translate.screen","com.spaceship.screen.textcopy","com.niven.translator","com.gaminik.i18n","com.tap_to_translate.snap_translate","com.google.android.apps.translate","com.newmg.yurao.pro","com.aurasense.screentranslate","com.microsoft.translator","com.screen.translate.google","com.zaz.translate","at.nk.tools.iTranslate","com.deepl.mobiletranslator","com.eecorp.linguago","com.naver.labs.translator","com.yoyodev.screentranslate","com.niven.game","live.screentranslate.realtime","link.zhidou.btranslator","com.hive.lingonative"]},{"rank":{"index":2,"lang":"ru","country":"ru","chineseCountryName":"俄罗斯","pkg":"com.spaceship.screen.textcopy"},"orders":["com.recognize_text.translate.screen","com.spaceship.screen.textcopy","com.niven.translator","com.tap_to_translate.snap_translate","com.gaminik.i18n","com.newmg.yurao.pro","com.screen.translate.google","com.eecorp.linguago","com.zaz.translate","com.yoyodev.screentranslate","com.niven.game","com.microsoft.translator","com.hive.lingonative","com.galaxy.airviewdictionary","live.screentranslate.realtime","com.google.android.apps.translate","com.niven.apptranslate","at.nk.tools.iTranslate","ru.yandex.translate","link.zhidou.btranslator"]},{"rank":{"index":2,"lang":"pt-br","country":"br","chineseCountryName":"巴西","pkg":"com.spaceship.screen.textcopy"},"orders":["com.recognize_text.translate.screen","com.spaceship.screen.textcopy","com.niven.translator","com.tap_to_translate.snap_translate","com.gaminik.i18n","com.newmg.yurao.pro","com.google.android.apps.translate","com.screen.translate.google","com.eecorp.linguago","com.microsoft.translator","com.niven.game","live.screentranslate.realtime","at.nk.tools.iTranslate","link.zhidou.btranslator","com.hive.lingonative","com.zaz.translate","com.galaxy.airviewdictionary","com.deepl.mobiletranslator","com.niven.apptranslate","ru.yandex.translate"]},{"rank":{"index":2,"lang":"fr","country":"fr","chineseCountryName":"法国","pkg":"com.spaceship.screen.textcopy"},"orders":["com.recognize_text.translate.screen","com.spaceship.screen.textcopy","com.tap_to_translate.snap_translate","com.niven.translator","com.gaminik.i18n","com.newmg.yurao.pro","com.screen.translate.google","com.yoyodev.screentranslate","com.eecorp.linguago","live.screentranslate.realtime","com.hive.lingonative","com.galaxy.airviewdictionary","com.aurasense.screentranslate","com.zaz.translate","com.niven.apptranslate","com.niven.game","link.zhidou.btranslator","com.google.android.apps.translate","com.microsoft.translator","com.live.translator.ai"]},{"rank":{"index":2,"lang":"en-gb","country":"gb","chineseCountryName":"英国","pkg":"com.spaceship.screen.textcopy"},"orders":["com.recognize_text.translate.screen","com.spaceship.screen.textcopy","com.tap_to_translate.snap_translate","com.google.android.apps.translate","com.microsoft.translator","com.zaz.translate","at.nk.tools.iTranslate","com.deepl.mobiletranslator","link.zhidou.btranslator","com.niven.translator","com.newmg.yurao.pro","com.galaxy.airviewdictionary","screen.translator.voice.translate","ru.yandex.translate","com.aurasense.screentranslate","com.screen.translate.google","com.naver.labs.translator","com.eecorp.linguago","translate.speech.text.translation.voicetranslator","com.yoyodev.screentranslate"]},{"rank":{"index":2,"lang":"de","country":"de","chineseCountryName":"德国","pkg":"com.spaceship.screen.textcopy"},"orders":["com.recognize_text.translate.screen","com.spaceship.screen.textcopy","com.niven.translator","com.tap_to_translate.snap_translate","com.gaminik.i18n","com.newmg.yurao.pro","com.yoyodev.screentranslate","com.screen.translate.google","com.aurasense.screentranslate","com.eecorp.linguago","com.hive.lingonative","live.screentranslate.realtime"]},{"rank":{"index":2,"lang":"it","country":"it","chineseCountryName":"意大利","pkg":"com.spaceship.screen.textcopy"},"orders":["com.recognize_text.translate.screen","com.spaceship.screen.textcopy","com.tap_to_translate.snap_translate","com.gaminik.i18n","com.niven.translator","com.newmg.yurao.pro","com.hive.lingonative","com.screen.translate.google","com.eecorp.linguago","com.yoyodev.screentranslate","com.aurasense.screentranslate","live.screentranslate.realtime","com.google.android.apps.translate","com.niven.apptranslate","com.galaxy.airviewdictionary","com.microsoft.translator","com.deepl.mobiletranslator","link.zhidou.btranslator","com.zaz.translate","co.appnation.aivoicetranslator"]},{"rank":{"index":2,"lang":"ja","country":"jp","chineseCountryName":"日本","pkg":"com.spaceship.screen.textcopy"},"orders":["com.recognize_text.translate.screen","com.spaceship.screen.textcopy","com.tap_to_translate.snap_translate","com.gaminik.i18n","com.niven.translator","com.newmg.yurao.pro","com.eecorp.linguago","com.hive.lingonative","com.screen.translate.google","com.aurasense.screentranslate","com.niven.apptranslate","live.screentranslate.realtime","com.galaxy.airviewdictionary"]},{"rank":{"index":2,"lang":"ko","country":"kr","chineseCountryName":"韩国","pkg":"com.spaceship.screen.textcopy"},"orders":["com.recognize_text.translate.screen","com.spaceship.screen.textcopy","com.gaminik.i18n","com.tap_to_translate.snap_translate","com.niven.translator","com.newmg.yurao.pro","com.screen.translate.google","live.screentranslate.realtime","com.eecorp.linguago","com.hive.lingonative","com.aurasense.screentranslate","com.galaxy.airviewdictionary","com.niven.apptranslate","com.zaz.translate","com.microsoft.translator"]},{"rank":{"index":2,"lang":"zh-hk","country":"hk","chineseCountryName":"香港","pkg":"com.spaceship.screen.textcopy"},"orders":["com.recognize_text.translate.screen","com.spaceship.screen.textcopy","com.tap_to_translate.snap_translate","com.gaminik.i18n","com.google.android.apps.translate","com.aurasense.screentranslate","com.newmg.yurao.pro","com.niven.translator","com.microsoft.translator","com.zaz.translate","com.yoyodev.screentranslate","com.naver.labs.translator","link.zhidou.btranslator","com.deepl.mobiletranslator","at.nk.tools.iTranslate"]},{"rank":{"index":2,"lang":"zh-tw","country":"tw","chineseCountryName":"台湾","pkg":"com.spaceship.screen.textcopy"},"orders":["com.recognize_text.translate.screen","com.spaceship.screen.textcopy","com.gaminik.i18n","com.newmg.yurao.pro","com.niven.translator","com.tap_to_translate.snap_translate","com.google.android.apps.translate","com.deepl.mobiletranslator","com.aurasense.screentranslate","com.microsoft.translator","at.nk.tools.iTranslate","com.naver.labs.translator","com.screen.translate.google","com.eecorp.linguago","live.screentranslate.realtime","com.niven.game","com.galaxy.airviewdictionary","com.fapp.translate.language.translator.fasttranslation","photo.translate.camera.translator","com.niven.apptranslate"]},{"rank":{"index":0,"lang":"en","country":"in","chineseCountryName":"印度","pkg":"com.spaceship.screen.textcopy"},"orders":["com.recognize_text.translate.screen","com.google.android.apps.translate","com.tap_to_translate.snap_translate","com.zaz.translate","at.nk.tools.iTranslate","com.deepl.mobiletranslator","ru.yandex.translate","link.zhidou.btranslator","com.newmg.yurao.pro","com.niven.translator","screen.translator.voice.translate","com.galaxy.airviewdictionary","com.aurasense.screentranslate","translate.speech.text.translation.voicetranslator","com.screen.translate.google","com.eecorp.linguago","com.gyaser.screen.translator","photo.translate.camera.translator","com.yoyodev.screentranslate","com.niven.apptranslate"]},{"rank":{"index":2,"lang":"id","country":"id","chineseCountryName":"印尼","pkg":"com.spaceship.screen.textcopy"},"orders":["com.recognize_text.translate.screen","com.spaceship.screen.textcopy","com.niven.translator","com.gaminik.i18n","com.tap_to_translate.snap_translate","com.newmg.yurao.pro","com.aurasense.screentranslate","com.google.android.apps.translate","com.screen.translate.google","com.eecorp.linguago","com.niven.game","com.yoyodev.screentranslate","com.deepl.mobiletranslator","live.screentranslate.realtime","com.zaz.translate","com.galaxy.airviewdictionary","com.hive.lingonative","com.microsoft.translator","at.nk.tools.iTranslate","link.zhidou.btranslator"]},{"rank":{"index":2,"lang":"es-mx","country":"mx","chineseCountryName":"墨西哥","pkg":"com.spaceship.screen.textcopy"},"orders":["com.recognize_text.translate.screen","com.spaceship.screen.textcopy","com.niven.translator","com.tap_to_translate.snap_translate","com.gaminik.i18n","com.newmg.yurao.pro","com.hive.lingonative","com.eecorp.linguago","com.screen.translate.google","live.screentranslate.realtime","com.yoyodev.screentranslate","com.niven.game","com.galaxy.airviewdictionary","com.zaz.translate","com.aurasense.screentranslate","com.niven.apptranslate","at.nk.tools.iTranslate","com.google.android.apps.translate","com.microsoft.translator","link.zhidou.btranslator"]}]