[{"rank":{"index":2,"lang":"en-us","country":"us","chineseCountryName":"美国","pkg":"com.spaceship.screen.textcopy"},"orders":["com.recognize_text.translate.screen","com.spaceship.screen.textcopy","com.gaminik.i18n","com.google.android.apps.translate","com.mg.yurao.google","com.microsoft.translator","com.niven.game","com.tap_to_translate.snap_translate"]},{"rank":{"index":6,"lang":"ru","country":"ru","chineseCountryName":"俄罗斯","pkg":"com.spaceship.screen.textcopy"},"orders":["com.recognize_text.translate.screen","com.tap_to_translate.snap_translate","com.gaminik.i18n","com.niven.game","com.niven.translator","com.spaceship.screen.textcopy","com.niven.comic","com.niven.apptranslate","com.eecorp.linguago","ru.yandex.translate","com.pidev.screentranslator"]},{"rank":{"index":2,"lang":"fr","country":"fr","chineseCountryName":"法国","pkg":"com.spaceship.screen.textcopy"},"orders":["com.recognize_text.translate.screen","com.spaceship.screen.textcopy","com.tap_to_translate.snap_translate","com.mg.yurao.google","com.niven.game","com.gaminik.i18n","com.niven.translator","com.niven.comic","com.google.android.apps.translate","com.niven.apptranslate","com.newmg.yurao.pro","com.microsoft.translator"]},{"rank":{"index":2,"lang":"en-gb","country":"gb","chineseCountryName":"英国","pkg":"com.spaceship.screen.textcopy"},"orders":["com.recognize_text.translate.screen","com.spaceship.screen.textcopy","com.mg.yurao.google","com.gaminik.i18n","com.google.android.apps.translate","com.microsoft.translator","com.niven.game","com.niven.translator","com.tap_to_translate.snap_translate","com.translator.yellow","com.niven.comic","com.fasttanslator.appm","com.zaz.translate"]},{"rank":{"index":3,"lang":"de","country":"de","chineseCountryName":"德国","pkg":"com.spaceship.screen.textcopy"},"orders":["com.recognize_text.translate.screen","com.gaminik.i18n","com.spaceship.screen.textcopy","com.mg.yurao.google","com.niven.game","com.tap_to_translate.snap_translate","com.niven.translator","com.niven.comic","com.microsoft.translator","com.google.android.apps.translate","com.niven.apptranslate","com.newmg.yurao.pro","com.eecorp.linguago"]},{"rank":{"index":4,"lang":"it","country":"it","chineseCountryName":"意大利","pkg":"com.spaceship.screen.textcopy"},"orders":["com.recognize_text.translate.screen","com.niven.game","com.gaminik.i18n","com.spaceship.screen.textcopy","com.niven.translator","com.mg.yurao.google","com.tap_to_translate.snap_translate","com.niven.comic","com.microsoft.translator"]},{"rank":{"index":7,"lang":"ja","country":"jp","chineseCountryName":"日本","pkg":"com.spaceship.screen.textcopy"},"orders":["com.recognize_text.translate.screen","com.tap_to_translate.snap_translate","com.gaminik.i18n","com.mg.yurao.google","com.niven.game","com.niven.translator","com.spaceship.screen.textcopy","com.niven.comic","com.google.android.apps.translate","com.niven.apptranslate","com.naver.labs.translator","com.newmg.yurao.pro","com.eecorp.linguago","com.microsoft.translator"]},{"rank":{"index":4,"lang":"ko","country":"kr","chineseCountryName":"韩国","pkg":"com.spaceship.screen.textcopy"},"orders":["com.recognize_text.translate.screen","com.tap_to_translate.snap_translate","com.mg.yurao.google","com.spaceship.screen.textcopy","com.niven.game","com.gaminik.i18n","com.niven.translator","com.niven.comic","com.niven.apptranslate","com.newmg.yurao.pro","com.naver.labs.translator","com.google.android.apps.translate","com.eecorp.linguago","com.microsoft.translator"]},{"rank":{"index":4,"lang":"zh-hk","country":"hk","chineseCountryName":"香港","pkg":"com.spaceship.screen.textcopy"},"orders":["com.recognize_text.translate.screen","com.gaminik.i18n","com.mg.yurao.google","com.spaceship.screen.textcopy","com.niven.game","com.tap_to_translate.snap_translate","com.niven.translator","com.niven.comic","com.niven.apptranslate","com.newmg.yurao.pro"]},{"rank":{"index":8,"lang":"zh-tw","country":"tw","chineseCountryName":"台湾","pkg":"com.spaceship.screen.textcopy"},"orders":["com.recognize_text.translate.screen","com.tap_to_translate.snap_translate","com.mg.yurao.google","com.gaminik.i18n","com.niven.game","com.niven.translator","com.niven.comic","com.spaceship.screen.textcopy","com.niven.apptranslate","com.google.android.apps.translate","com.newmg.yurao.pro","com.microsoft.translator","com.naver.labs.translator","com.eecorp.linguago"]},{"rank":{"index":5,"lang":"en","country":"in","chineseCountryName":"印度","pkg":"com.spaceship.screen.textcopy"},"orders":["com.recognize_text.translate.screen","com.google.android.apps.translate","com.tap_to_translate.snap_translate","com.gaminik.i18n","com.spaceship.screen.textcopy","screen.translator.voice.translate","com.niven.game","com.microsoft.translator","com.niven.comic","com.newmg.yurao.pro","com.niven.translator","com.niven.apptranslate","com.zaz.translate","com.eecorp.linguago","com.tranit.text.translate","com.pidev.screentranslator","com.datacomprojects.scanandtranslate","ru.yandex.translate","at.nk.tools.iTranslate","com.mg.yurao.google"]},{"rank":{"index":2,"lang":"id","country":"id","chineseCountryName":"印尼","pkg":"com.spaceship.screen.textcopy"},"orders":["com.recognize_text.translate.screen","com.spaceship.screen.textcopy","com.tap_to_translate.snap_translate","com.gaminik.i18n","com.mg.yurao.google","com.niven.game","com.niven.translator","com.niven.comic","com.newmg.yurao.pro","com.niven.apptranslate","com.eecorp.linguago","com.google.android.apps.translate"]},{"rank":{"index":4,"lang":"es-mx","country":"mx","chineseCountryName":"墨西哥","pkg":"com.spaceship.screen.textcopy"},"orders":["com.recognize_text.translate.screen","com.tap_to_translate.snap_translate","com.gaminik.i18n","com.spaceship.screen.textcopy","com.niven.game","com.mg.yurao.google","com.niven.translator","com.niven.comic","com.niven.apptranslate","com.newmg.yurao.pro","com.eecorp.linguago","com.google.android.apps.translate","com.microsoft.translator","com.youdao.hindict","screen.translator.voice.translate","at.nk.tools.iTranslate","com.zaz.translate","com.deepl.mobiletranslator","com.pidev.screentranslator","ru.yandex.translate"]}]