[{"rank":{"index":2,"lang":"en-us","country":"us","chineseCountryName":"美国","pkg":"com.spaceship.screen.textcopy"},"orders":["com.recognize_text.translate.screen","com.spaceship.screen.textcopy","com.mg.yurao.google","com.gaminik.i18n","com.google.android.apps.translate","com.tap_to_translate.snap_translate","com.microsoft.translator","com.niven.translator","com.niven.game","com.niven.comic","com.newmg.yurao.pro","com.zaz.translate","screen.translator.voice.translate","com.niven.apptranslate","com.translate.talkingtranslator","at.nk.tools.iTranslate","xbean.image.picture.translate.ocr","com.google.ar.lens","com.duolingo","com.google.android.dialer"]},{"rank":{"index":3,"lang":"ru","country":"ru","chineseCountryName":"俄罗斯","pkg":"com.spaceship.screen.textcopy"},"orders":["com.recognize_text.translate.screen","com.tap_to_translate.snap_translate","com.spaceship.screen.textcopy","com.gaminik.i18n","com.mg.yurao.google","com.niven.translator","com.niven.game","com.newmg.yurao.pro","com.niven.apptranslate","com.niven.comic","ru.yandex.translate","screen.translator.voice.translate","com.eecorp.linguago","com.google.android.apps.translate","com.mg.chat","com.whatsapp","com.android.chrome","com.deepl.mobiletranslator","com.google.android.dialer","com.discord"]},{"rank":{"index":2,"lang":"fr","country":"fr","chineseCountryName":"法国","pkg":"com.spaceship.screen.textcopy"},"orders":["com.recognize_text.translate.screen","com.spaceship.screen.textcopy","com.tap_to_translate.snap_translate","com.mg.yurao.google","com.gaminik.i18n","com.niven.translator","com.niven.game","com.niven.comic","com.google.android.apps.translate","com.newmg.yurao.pro","com.google.android.apps.photos","com.android.chrome","com.whatsapp","com.niven.apptranslate","com.discord","com.google.android.dialer","com.duolingo","us.zoom.videomeetings","com.truecaller","com.google.android.apps.maps"]},{"rank":{"index":2,"lang":"en-gb","country":"gb","chineseCountryName":"英国","pkg":"com.spaceship.screen.textcopy"},"orders":["com.recognize_text.translate.screen","com.spaceship.screen.textcopy","com.mg.yurao.google","com.google.android.apps.translate","com.gaminik.i18n","com.microsoft.translator","com.niven.translator","com.tap_to_translate.snap_translate","com.niven.game","com.niven.comic","com.newmg.yurao.pro","screen.translator.voice.translate","com.zaz.translate","com.niven.apptranslate","com.eecorp.linguago","com.google.android.apps.photos","com.datacomprojects.scanandtranslate","com.google.ar.lens","com.google.android.dialer","com.android.chrome"]},{"rank":{"index":2,"lang":"de","country":"de","chineseCountryName":"德国","pkg":"com.spaceship.screen.textcopy"},"orders":["com.recognize_text.translate.screen","com.spaceship.screen.textcopy","com.mg.yurao.google","com.gaminik.i18n","com.niven.translator","com.tap_to_translate.snap_translate","com.niven.game","com.niven.comic","com.newmg.yurao.pro","com.google.android.apps.translate","com.microsoft.translator","com.niven.apptranslate","screen.translator.voice.translate","com.deepl.mobiletranslator","ru.yandex.translate","com.zaz.translate","com.eecorp.linguago","com.google.android.apps.photos","com.android.chrome","com.whatsapp"]},{"rank":{"index":2,"lang":"it","country":"it","chineseCountryName":"意大利","pkg":"com.spaceship.screen.textcopy"},"orders":["com.recognize_text.translate.screen","com.spaceship.screen.textcopy","com.niven.game","com.gaminik.i18n","com.mg.yurao.google","com.tap_to_translate.snap_translate","com.niven.translator","com.niven.comic","com.newmg.yurao.pro","com.google.android.apps.translate","com.niven.apptranslate","com.eecorp.linguago","com.microsoft.translator","com.zaz.translate","screen.translator.voice.translate","com.eecorp.taptranslator","at.nk.tools.iTranslate","camera.translator.realtime","com.deepl.mobiletranslator","com.datacomprojects.scanandtranslate"]},{"rank":{"index":4,"lang":"ja","country":"jp","chineseCountryName":"日本","pkg":"com.spaceship.screen.textcopy"},"orders":["com.recognize_text.translate.screen","com.mg.yurao.google","com.gaminik.i18n","com.spaceship.screen.textcopy","com.niven.translator","com.niven.game","com.tap_to_translate.snap_translate","com.niven.comic","com.newmg.yurao.pro","com.niven.apptranslate","com.google.android.apps.translate","com.naver.labs.translator","com.eecorp.linguago","screen.translator.voice.translate","com.microsoft.translator","camera.translator.realtime","com.datacomprojects.scanandtranslate","xbean.image.picture.translate.ocr","com.deepl.mobiletranslator","com.duolingo"]},{"rank":{"index":3,"lang":"ko","country":"kr","chineseCountryName":"韩国","pkg":"com.spaceship.screen.textcopy"},"orders":["com.recognize_text.translate.screen","com.mg.yurao.google","com.spaceship.screen.textcopy","com.tap_to_translate.snap_translate","com.gaminik.i18n","com.niven.comic","com.niven.game","com.niven.apptranslate","com.niven.translator","com.newmg.yurao.pro","com.naver.labs.translator","com.google.android.apps.translate","screen.translator.voice.translate","us.zoom.videomeetings","com.discord","com.whatsapp","com.android.chrome","com.google.android.apps.photos","com.duolingo","com.microsoft.translator"]},{"rank":{"index":3,"lang":"zh-hk","country":"hk","chineseCountryName":"香港","pkg":"com.spaceship.screen.textcopy"},"orders":["com.recognize_text.translate.screen","com.mg.yurao.google","com.spaceship.screen.textcopy","com.gaminik.i18n","com.tap_to_translate.snap_translate","com.niven.translator","com.niven.game","com.google.android.apps.translate","com.niven.comic","com.newmg.yurao.pro","com.niven.apptranslate","com.zaz.translate","com.microsoft.translator","at.nk.tools.iTranslate","com.google.android.apps.photos","screen.translator.voice.translate","com.android.chrome","com.whatsapp","com.eecorp.linguago","com.google.android.apps.maps"]},{"rank":{"index":4,"lang":"zh-tw","country":"tw","chineseCountryName":"台湾","pkg":"com.spaceship.screen.textcopy"},"orders":["com.recognize_text.translate.screen","com.mg.yurao.google","com.gaminik.i18n","com.spaceship.screen.textcopy","com.tap_to_translate.snap_translate","com.niven.translator","com.niven.game","com.google.android.apps.translate","com.niven.apptranslate","com.newmg.yurao.pro","com.niven.comic","com.microsoft.translator","com.google.android.apps.photos","com.zaz.translate","com.duolingo","com.whatsapp","com.eecorp.linguago","com.android.chrome","at.nk.tools.iTranslate","com.google.android.apps.maps"]},{"rank":{"index":2,"lang":"en","country":"in","chineseCountryName":"印度","pkg":"com.spaceship.screen.textcopy"},"orders":["com.recognize_text.translate.screen","com.spaceship.screen.textcopy","com.google.android.apps.translate","com.newmg.yurao.pro","com.gaminik.i18n","screen.translator.voice.translate","com.niven.translator","com.tap_to_translate.snap_translate","com.zaz.translate","com.niven.game","com.niven.comic","com.eecorp.linguago","com.microsoft.translator","com.niven.apptranslate","com.google.android.dialer","com.android.chrome","com.truecaller","com.google.android.apps.docs","com.google.android.apps.photos","com.mg.yurao.google"]},{"rank":{"index":2,"lang":"id","country":"id","chineseCountryName":"印尼","pkg":"com.spaceship.screen.textcopy"},"orders":["com.recognize_text.translate.screen","com.spaceship.screen.textcopy","com.tap_to_translate.snap_translate","com.mg.yurao.google","com.gaminik.i18n","com.niven.translator","com.niven.apptranslate","com.niven.game","com.niven.comic","com.newmg.yurao.pro"]},{"rank":{"index":2,"lang":"es-mx","country":"mx","chineseCountryName":"墨西哥","pkg":"com.spaceship.screen.textcopy"},"orders":["com.recognize_text.translate.screen","com.spaceship.screen.textcopy","com.tap_to_translate.snap_translate","com.niven.translator","com.niven.game","com.niven.comic","com.newmg.yurao.pro","com.niven.apptranslate","com.google.android.apps.translate","com.eecorp.linguago","screen.translator.voice.translate","com.microsoft.translator","com.zaz.translate","com.youdao.hindict","com.android.chrome","com.google.android.apps.photos","com.google.android.apps.maps","com.google.android.apps.docs","com.gaminik.i18n","com.mg.yurao.google"]}]