[{"rank":{"index":2,"lang":"en-us","country":"us","chineseCountryName":"美国","pkg":"com.spaceship.screen.textcopy"},"orders":["com.recognize_text.translate.screen","com.spaceship.screen.textcopy","com.tap_to_translate.snap_translate","com.niven.translator","com.screen.translate.google","com.google.android.apps.translate","com.gaminik.i18n","com.newmg.yurao.pro","com.deepl.mobiletranslator","com.microsoft.translator","com.galaxy.airviewdictionary","com.fapp.translate.language.translator.fasttranslation","com.immersivetranslate.browser","com.niven.game","com.niven.apptranslate","com.voice_camera_free_translate","com.naver.labs.translator","ru.yandex.translate","photo.translate.camera.translator","at.nk.tools.iTranslate"]},{"rank":{"index":4,"lang":"ru","country":"ru","chineseCountryName":"俄罗斯","pkg":"com.spaceship.screen.textcopy"},"orders":["com.recognize_text.translate.screen","com.niven.translator","com.tap_to_translate.snap_translate","com.spaceship.screen.textcopy","com.gaminik.i18n","com.screen.translate.google","com.newmg.yurao.pro","ru.yandex.translate","com.immersivetranslate.browser","com.google.android.apps.translate","com.niven.game","com.deepl.mobiletranslator","com.galaxy.airviewdictionary","com.zaz.translate"]},{"rank":{"index":2,"lang":"pt-br","country":"br","chineseCountryName":"巴西","pkg":"com.spaceship.screen.textcopy"},"orders":["com.recognize_text.translate.screen","com.spaceship.screen.textcopy","com.tap_to_translate.snap_translate","com.gaminik.i18n","com.newmg.yurao.pro","com.google.android.apps.translate","com.zaz.translate","com.deepl.mobiletranslator","com.microsoft.translator","at.nk.tools.iTranslate","com.immersivetranslate.browser","ru.yandex.translate","com.translate.talkingtranslator","com.voice_camera_free_translate","co.langlang.translator_for_wsp","photo.translate.camera.translator","link.zhidou.btranslator","com.paninitranslate","com.niven.translator","com.screen.translate.google"]},{"rank":{"index":2,"lang":"fr","country":"fr","chineseCountryName":"法国","pkg":"com.spaceship.screen.textcopy"},"orders":["com.recognize_text.translate.screen","com.spaceship.screen.textcopy","com.tap_to_translate.snap_translate","com.niven.translator","com.screen.translate.google","com.gaminik.i18n","com.newmg.yurao.pro","com.immersivetranslate.browser","com.google.android.apps.translate","com.fapp.translate.language.translator.fasttranslation","com.galaxy.airviewdictionary","com.deepl.mobiletranslator","com.voice_camera_free_translate","com.zaz.translate","live.screentranslate.realtime","com.microsoft.translator","com.eecorp.linguago","com.niven.game","com.niven.apptranslate","ru.yandex.translate"]},{"rank":{"index":2,"lang":"en-gb","country":"gb","chineseCountryName":"英国","pkg":"com.spaceship.screen.textcopy"},"orders":["com.recognize_text.translate.screen","com.spaceship.screen.textcopy","com.niven.translator","com.google.android.apps.translate","com.screen.translate.google","com.gaminik.i18n","com.tap_to_translate.snap_translate","com.newmg.yurao.pro","com.microsoft.translator","com.immersivetranslate.browser","com.zaz.translate","com.fapp.translate.language.translator.fasttranslation","com.deepl.mobiletranslator","com.galaxy.airviewdictionary","com.niven.game","com.eecorp.linguago","com.translate.talkingtranslator","photo.translate.camera.translator","com.inw.trulinco","ru.yandex.translate"]},{"rank":{"index":4,"lang":"de","country":"de","chineseCountryName":"德国","pkg":"com.spaceship.screen.textcopy"},"orders":["com.recognize_text.translate.screen","com.niven.translator","com.tap_to_translate.snap_translate","com.spaceship.screen.textcopy","com.gaminik.i18n","com.screen.translate.google","com.immersivetranslate.browser","com.google.android.apps.translate","com.newmg.yurao.pro","com.deepl.mobiletranslator","com.galaxy.airviewdictionary","com.fapp.translate.language.translator.fasttranslation","com.microsoft.translator","com.eecorp.linguago","com.zaz.translate","live.screentranslate.realtime","com.niven.game","com.voice_camera_free_translate","com.niven.apptranslate","com.translate.talkingtranslator"]},{"rank":{"index":2,"lang":"it","country":"it","chineseCountryName":"意大利","pkg":"com.spaceship.screen.textcopy"},"orders":["com.recognize_text.translate.screen","com.spaceship.screen.textcopy","com.tap_to_translate.snap_translate","com.niven.translator","com.screen.translate.google","com.gaminik.i18n","com.google.android.apps.translate","com.newmg.yurao.pro","com.immersivetranslate.browser","com.deepl.mobiletranslator","com.fapp.translate.language.translator.fasttranslation","com.galaxy.airviewdictionary","com.zaz.translate","com.eecorp.linguago","com.voice_camera_free_translate","com.microsoft.translator","com.niven.game","live.screentranslate.realtime","com.niven.apptranslate","link.zhidou.btranslator"]},{"rank":{"index":2,"lang":"ja","country":"jp","chineseCountryName":"日本","pkg":"com.spaceship.screen.textcopy"},"orders":["com.recognize_text.translate.screen","com.spaceship.screen.textcopy","com.tap_to_translate.snap_translate","com.niven.translator","com.gaminik.i18n","com.screen.translate.google","com.newmg.yurao.pro","com.immersivetranslate.browser","com.google.android.apps.translate","com.galaxy.airviewdictionary","com.fapp.translate.language.translator.fasttranslation","com.zaz.translate","com.eecorp.linguago"]},{"rank":{"index":2,"lang":"ko","country":"kr","chineseCountryName":"韩国","pkg":"com.spaceship.screen.textcopy"},"orders":["com.recognize_text.translate.screen","com.spaceship.screen.textcopy","com.tap_to_translate.snap_translate","com.niven.translator","com.gaminik.i18n","com.screen.translate.google","com.newmg.yurao.pro","com.google.android.apps.translate","com.immersivetranslate.browser","com.fapp.translate.language.translator.fasttranslation","com.naver.labs.translator","com.galaxy.airviewdictionary"]},{"rank":{"index":2,"lang":"zh-hk","country":"hk","chineseCountryName":"香港","pkg":"com.spaceship.screen.textcopy"},"orders":["com.recognize_text.translate.screen","com.spaceship.screen.textcopy","com.tap_to_translate.snap_translate","com.screen.translate.google","com.niven.translator","com.gaminik.i18n","com.google.android.apps.translate","com.immersivetranslate.browser","com.newmg.yurao.pro","com.zaz.translate","com.fapp.translate.language.translator.fasttranslation","com.galaxy.airviewdictionary","com.microsoft.translator","com.voice_camera_free_translate","com.deepl.mobiletranslator","com.niven.game","com.eecorp.linguago","ru.yandex.translate","com.naver.labs.translator","com.niven.apptranslate"]},{"rank":{"index":2,"lang":"zh-tw","country":"tw","chineseCountryName":"台湾","pkg":"com.spaceship.screen.textcopy"},"orders":["com.recognize_text.translate.screen","com.spaceship.screen.textcopy","com.niven.translator","com.screen.translate.google","com.gaminik.i18n","com.tap_to_translate.snap_translate","com.newmg.yurao.pro","com.immersivetranslate.browser","com.google.android.apps.translate","com.fapp.translate.language.translator.fasttranslation","com.galaxy.airviewdictionary","com.zaz.translate","com.microsoft.translator"]},{"rank":{"index":2,"lang":"en","country":"in","chineseCountryName":"印度","pkg":"com.spaceship.screen.textcopy"},"orders":["com.recognize_text.translate.screen","com.spaceship.screen.textcopy","com.newmg.yurao.pro","com.google.android.apps.translate","com.zaz.translate"]},{"rank":{"index":2,"lang":"id","country":"id","chineseCountryName":"印尼","pkg":"com.spaceship.screen.textcopy"},"orders":["com.recognize_text.translate.screen","com.spaceship.screen.textcopy","com.tap_to_translate.snap_translate","com.niven.translator","com.screen.translate.google","com.gaminik.i18n","com.newmg.yurao.pro","com.google.android.apps.translate","com.fapp.translate.language.translator.fasttranslation","com.niven.game","com.galaxy.airviewdictionary","com.immersivetranslate.browser","com.eecorp.linguago","com.deepl.mobiletranslator","com.zaz.translate"]},{"rank":{"index":2,"lang":"es-mx","country":"mx","chineseCountryName":"墨西哥","pkg":"com.spaceship.screen.textcopy"},"orders":["com.recognize_text.translate.screen","com.spaceship.screen.textcopy","com.tap_to_translate.snap_translate","com.gaminik.i18n","com.newmg.yurao.pro","com.google.android.apps.translate","com.zaz.translate","com.deepl.mobiletranslator","com.microsoft.translator","at.nk.tools.iTranslate","ru.yandex.translate","com.translate.talkingtranslator","com.naver.labs.translator","com.immersivetranslate.browser","co.langlang.translator_for_wsp","photo.translate.camera.translator","link.zhidou.btranslator","com.voice_camera_free_translate","com.aldoo.pdftranslatorpro","com.niven.translator"]}]