[{"rank":{"index":2,"lang":"en-us","country":"us","chineseCountryName":"美国","pkg":"com.spaceship.screen.textcopy"},"orders":["com.recognize_text.translate.screen","com.spaceship.screen.textcopy","com.google.android.apps.translate","com.screen.translate.google","com.niven.translator","com.microsoft.translator","com.tap_to_translate.snap_translate","com.gaminik.i18n","com.niven.game","com.niven.comic","com.newmg.yurao.pro","com.erudite.translator","com.naver.labs.translator","com.mobisystems.msdict.embedded.wireless.collins.ee","instant.text.translate","com.zaz.translate","com.niven.apptranslate","com.datacomprojects.scanandtranslate","com.deepl.mobiletranslator","com.google.ar.lens"]},{"rank":{"index":2,"lang":"ru","country":"ru","chineseCountryName":"俄罗斯","pkg":"com.spaceship.screen.textcopy"},"orders":["com.recognize_text.translate.screen","com.spaceship.screen.textcopy","com.niven.translator","com.tap_to_translate.snap_translate","com.niven.game","com.gaminik.i18n","com.screen.translate.google","ru.yandex.translate","com.microsoft.translator","com.newmg.yurao.pro","com.niven.comic","com.erudite.translator","com.google.android.apps.translate","com.niven.apptranslate","com.deepl.mobiletranslator","com.tangdi.baiguotong","com.datacomprojects.scanandtranslate","com.zaz.translate","com.softissimo.reverso.context","com.naver.labs.translator"]},{"rank":{"index":2,"lang":"pt-br","country":"br","chineseCountryName":"巴西","pkg":"com.spaceship.screen.textcopy"},"orders":["com.recognize_text.translate.screen","com.spaceship.screen.textcopy","com.tap_to_translate.snap_translate","com.niven.game","com.gaminik.i18n","com.microsoft.translator","com.google.android.apps.translate","com.softissimo.reverso.context","com.zaz.translate","com.deepl.mobiletranslator","ru.yandex.translate","com.naver.labs.translator","com.tangdi.baiguotong","com.sayhi.android.sayhitranslate","com.google.ar.lens","com.translate.talkingtranslator","com.niven.translator","com.screen.translate.google","com.niven.comic","com.newmg.yurao.pro"]},{"rank":{"index":3,"lang":"fr","country":"fr","chineseCountryName":"法国","pkg":"com.spaceship.screen.textcopy"},"orders":["com.recognize_text.translate.screen","com.tap_to_translate.snap_translate","com.spaceship.screen.textcopy","com.niven.translator","com.screen.translate.google","com.niven.game","com.gaminik.i18n","com.microsoft.translator","com.google.android.apps.translate","com.niven.comic","com.newmg.yurao.pro","com.softissimo.reverso.context","com.zaz.translate","com.erudite.translator","com.tangdi.baiguotong","com.language.translate.free.translator.voice.translation","com.datacomprojects.scanandtranslate","com.deepl.mobiletranslator","com.niven.apptranslate","instant.text.translate"]},{"rank":{"index":2,"lang":"en-gb","country":"gb","chineseCountryName":"英国","pkg":"com.spaceship.screen.textcopy"},"orders":["com.recognize_text.translate.screen","com.spaceship.screen.textcopy","com.google.android.apps.translate","com.microsoft.translator","com.screen.translate.google","com.gaminik.i18n","com.niven.translator","com.niven.game","com.tap_to_translate.snap_translate","com.niven.comic","com.newmg.yurao.pro","com.erudite.translator","com.zaz.translate","instant.text.translate","com.mobisystems.msdict.embedded.wireless.collins.ee","com.softissimo.reverso.context","com.datacomprojects.scanandtranslate","com.naver.labs.translator","com.niven.apptranslate","com.deepl.mobiletranslator"]},{"rank":{"index":2,"lang":"de","country":"de","chineseCountryName":"德国","pkg":"com.spaceship.screen.textcopy"},"orders":["com.recognize_text.translate.screen","com.spaceship.screen.textcopy","com.tap_to_translate.snap_translate","com.screen.translate.google","com.niven.translator","com.microsoft.translator","com.gaminik.i18n","com.niven.game","com.google.android.apps.translate","com.niven.comic","com.erudite.translator","com.newmg.yurao.pro","com.deepl.mobiletranslator","com.zaz.translate","com.language.translate.free.translator.voice.translation","com.tangdi.baiguotong","com.datacomprojects.scanandtranslate","com.softissimo.reverso.context","com.niven.apptranslate","com.image.camera.translate.ai"]},{"rank":{"index":2,"lang":"it","country":"it","chineseCountryName":"意大利","pkg":"com.spaceship.screen.textcopy"},"orders":["com.recognize_text.translate.screen","com.spaceship.screen.textcopy","com.tap_to_translate.snap_translate","com.screen.translate.google","com.gaminik.i18n","com.niven.translator","com.niven.game","com.microsoft.translator","com.google.android.apps.translate","com.niven.comic","com.newmg.yurao.pro","com.erudite.translator","com.softissimo.reverso.context","com.tangdi.baiguotong","com.zaz.translate","com.datacomprojects.scanandtranslate","com.image.camera.translate.ai","com.deepl.mobiletranslator","com.language.translate.free.translator.voice.translation","com.niven.apptranslate"]},{"rank":{"index":2,"lang":"ja","country":"jp","chineseCountryName":"日本","pkg":"com.spaceship.screen.textcopy"},"orders":["com.recognize_text.translate.screen","com.spaceship.screen.textcopy","com.tap_to_translate.snap_translate","com.niven.translator","com.gaminik.i18n","com.google.android.apps.translate","com.niven.game","com.screen.translate.google","com.microsoft.translator","com.naver.labs.translator","com.niven.comic","com.deepl.mobiletranslator"]},{"rank":{"index":2,"lang":"ko","country":"kr","chineseCountryName":"韩国","pkg":"com.spaceship.screen.textcopy"},"orders":["com.recognize_text.translate.screen","com.spaceship.screen.textcopy","com.tap_to_translate.snap_translate","com.gaminik.i18n","com.niven.translator","com.niven.game","com.screen.translate.google","com.naver.labs.translator","com.niven.comic","com.newmg.yurao.pro","com.google.android.apps.translate","com.microsoft.translator","com.flitto.app","com.niven.apptranslate","com.deepl.mobiletranslator","com.erudite.translator","co.timekettle.livetranslator","instant.text.translate","com.translate.language.translator.voice.translation","com.zaz.translate"]},{"rank":{"index":2,"lang":"zh-hk","country":"hk","chineseCountryName":"香港","pkg":"com.spaceship.screen.textcopy"},"orders":["com.recognize_text.translate.screen","com.spaceship.screen.textcopy","com.gaminik.i18n","com.screen.translate.google","com.niven.translator","com.niven.game","com.google.android.apps.translate","com.microsoft.translator","com.niven.comic","com.tap_to_translate.snap_translate","com.newmg.yurao.pro","com.erudite.translator","com.tangdi.baiguotong","com.naver.labs.translator","com.zaz.translate","com.niven.apptranslate","com.google.ar.lens","com.datacomprojects.scanandtranslate","com.deepl.mobiletranslator","com.translate.language.translator.voice.translation"]},{"rank":{"index":2,"lang":"zh-tw","country":"tw","chineseCountryName":"台湾","pkg":"com.spaceship.screen.textcopy"},"orders":["com.recognize_text.translate.screen","com.spaceship.screen.textcopy","com.tap_to_translate.snap_translate","com.screen.translate.google","com.niven.translator","com.gaminik.i18n","com.niven.game","com.niven.comic","com.microsoft.translator","com.newmg.yurao.pro","com.google.android.apps.translate","com.erudite.translator","com.naver.labs.translator","com.tangdi.baiguotong","com.zaz.translate","com.niven.apptranslate","com.datacomprojects.scanandtranslate","com.google.ar.lens","com.flitto.app","co.timekettle.livetranslator"]},{"rank":{"index":2,"lang":"en","country":"in","chineseCountryName":"印度","pkg":"com.spaceship.screen.textcopy"},"orders":["com.recognize_text.translate.screen","com.spaceship.screen.textcopy","com.google.android.apps.translate","com.zaz.translate"]},{"rank":{"index":2,"lang":"id","country":"id","chineseCountryName":"印尼","pkg":"com.spaceship.screen.textcopy"},"orders":["com.recognize_text.translate.screen","com.spaceship.screen.textcopy","com.tap_to_translate.snap_translate","com.niven.game","com.niven.translator","com.gaminik.i18n","com.screen.translate.google","com.newmg.yurao.pro","com.niven.comic"]},{"rank":{"index":2,"lang":"es-mx","country":"mx","chineseCountryName":"墨西哥","pkg":"com.spaceship.screen.textcopy"},"orders":["com.recognize_text.translate.screen","com.spaceship.screen.textcopy","com.tap_to_translate.snap_translate","com.niven.game","com.microsoft.translator","com.gaminik.i18n","com.google.android.apps.translate","com.zaz.translate","com.softissimo.reverso.context","com.deepl.mobiletranslator","ru.yandex.translate","com.sayhi.android.sayhitranslate","com.tangdi.baiguotong","com.naver.labs.translator","com.flitto.app","at.nk.tools.iTranslate","com.niven.translator","com.screen.translate.google","com.newmg.yurao.pro","com.niven.comic"]}]