[{"rank":{"index":2,"lang":"en-us","country":"us","chineseCountryName":"美国","pkg":"com.spaceship.screen.textcopy"},"orders":["com.recognize_text.translate.screen","com.spaceship.screen.textcopy","com.screen.translate.google","com.niven.translator","com.tap_to_translate.snap_translate","com.gaminik.i18n","com.newmg.yurao.pro","com.galaxy.airviewdictionary","com.yoyodev.screentranslate","com.aurasense.screentranslate","com.niven.apptranslate","com.newtranslate.google","com.google.android.apps.translate","com.eecorp.linguago","com.screen.translator.text.recognize","com.deepl.mobiletranslator","com.hive.lingonative","com.niven.game","translate.speech.text.translation.voicetranslator","live.screentranslate.realtime"]},{"rank":{"index":3,"lang":"ru","country":"ru","chineseCountryName":"俄罗斯","pkg":"com.spaceship.screen.textcopy"},"orders":["com.recognize_text.translate.screen","com.niven.translator","com.spaceship.screen.textcopy","com.tap_to_translate.snap_translate","com.screen.translate.google","com.gaminik.i18n","com.yoyodev.screentranslate","com.galaxy.airviewdictionary","com.newmg.yurao.pro","ru.yandex.translate"]},{"rank":{"index":2,"lang":"pt-br","country":"br","chineseCountryName":"巴西","pkg":"com.spaceship.screen.textcopy"},"orders":["com.recognize_text.translate.screen","com.spaceship.screen.textcopy","com.tap_to_translate.snap_translate","com.gaminik.i18n","com.niven.translator","at.nk.tools.iTranslate","com.google.android.apps.translate","com.screen.translate.google","com.galaxy.airviewdictionary","com.microsoft.translator","com.newmg.yurao.pro","com.fapp.translate.language.translator.fasttranslation","co.appnation.aivoicetranslator","ru.yandex.translate","com.zaz.translate","com.niven.game","photo.translate.camera.translator","com.transgull.translator","com.niven.apptranslate","com.kursx.smartbook"]},{"rank":{"index":2,"lang":"fr","country":"fr","chineseCountryName":"法国","pkg":"com.spaceship.screen.textcopy"},"orders":["com.recognize_text.translate.screen","com.spaceship.screen.textcopy","com.niven.translator","com.tap_to_translate.snap_translate","com.screen.translate.google","com.galaxy.airviewdictionary","com.newtranslate.google","com.yoyodev.screentranslate","com.gaminik.i18n","com.eecorp.linguago","com.niven.apptranslate","com.hive.lingonative","com.flabs.screen.translate","com.newmg.yurao.pro","com.niven.game","screen.translator.voice.translate","live.screentranslate.realtime","com.screen.translator.text.recognize","com.google.android.apps.translate","com.deepl.mobiletranslator"]},{"rank":{"index":2,"lang":"en-gb","country":"gb","chineseCountryName":"英国","pkg":"com.spaceship.screen.textcopy"},"orders":["com.recognize_text.translate.screen","com.spaceship.screen.textcopy","com.screen.translate.google","com.galaxy.airviewdictionary","com.newtranslate.google","com.niven.translator","com.tap_to_translate.snap_translate","com.yoyodev.screentranslate","com.gaminik.i18n","com.newmg.yurao.pro","com.eecorp.linguago","com.screen.translator.text.recognize","com.aurasense.screentranslate","com.google.android.apps.translate","com.hive.lingonative","com.niven.apptranslate","screen.translator.voice.translate","com.flabs.screen.translate","com.deepl.mobiletranslator","com.translatepost.voicetranslator.cameratranslator"]},{"rank":{"index":8,"lang":"de","country":"de","chineseCountryName":"德国","pkg":"com.spaceship.screen.textcopy"},"orders":["com.recognize_text.translate.screen","com.screen.translate.google","com.galaxy.airviewdictionary","com.tap_to_translate.snap_translate","com.yoyodev.screentranslate","com.newtranslate.google","com.niven.translator","com.spaceship.screen.textcopy","com.gaminik.i18n","com.hive.lingonative","com.eecorp.linguago","com.niven.apptranslate","com.newmg.yurao.pro","com.google.android.apps.translate","com.flabs.screen.translate","live.screentranslate.realtime","com.deepl.mobiletranslator","com.aurasense.screentranslate","screen.translator.voice.translate","com.microsoft.translator"]},{"rank":{"index":3,"lang":"it","country":"it","chineseCountryName":"意大利","pkg":"com.spaceship.screen.textcopy"},"orders":["com.recognize_text.translate.screen","com.tap_to_translate.snap_translate","com.spaceship.screen.textcopy","com.gaminik.i18n","com.niven.translator","com.screen.translate.google","com.yoyodev.screentranslate","com.newmg.yurao.pro","com.aurasense.screentranslate","com.microsoft.translator","co.appnation.aivoicetranslator","at.nk.tools.iTranslate","com.google.android.apps.translate"]},{"rank":{"index":3,"lang":"ja","country":"jp","chineseCountryName":"日本","pkg":"com.spaceship.screen.textcopy"},"orders":["com.recognize_text.translate.screen","com.tap_to_translate.snap_translate","com.spaceship.screen.textcopy","com.gaminik.i18n","com.google.android.apps.translate","com.screen.translate.google","com.microsoft.translator","at.nk.tools.iTranslate","ru.yandex.translate","com.zaz.translate","com.naver.labs.translator"]},{"rank":{"index":2,"lang":"ko","country":"kr","chineseCountryName":"韩国","pkg":"com.spaceship.screen.textcopy"},"orders":["com.recognize_text.translate.screen","com.spaceship.screen.textcopy","com.gaminik.i18n","com.screen.translate.google","com.tap_to_translate.snap_translate","com.niven.translator","com.galaxy.airviewdictionary","com.aurasense.screentranslate","com.microsoft.translator","com.newmg.yurao.pro","at.nk.tools.iTranslate","ru.yandex.translate","co.appnation.aivoicetranslator","com.fapp.translate.language.translator.fasttranslation"]},{"rank":{"index":3,"lang":"zh-hk","country":"hk","chineseCountryName":"香港","pkg":"com.spaceship.screen.textcopy"},"orders":["com.recognize_text.translate.screen","com.galaxy.airviewdictionary","com.spaceship.screen.textcopy","com.newtranslate.google","com.screen.translate.google","com.tap_to_translate.snap_translate","com.niven.translator","screen.translator.voice.translate","com.aurasense.screentranslate","com.google.android.apps.translate","com.newmg.yurao.pro","com.hive.lingonative","com.gaminik.i18n","com.screen.translator.text.recognize","com.yoyodev.screentranslate","com.eecorp.linguago","com.deepl.mobiletranslator","com.niven.apptranslate","com.microsoft.translator","com.google.ar.lens"]},{"rank":{"index":2,"lang":"zh-tw","country":"tw","chineseCountryName":"台湾","pkg":"com.spaceship.screen.textcopy"},"orders":["com.recognize_text.translate.screen","com.spaceship.screen.textcopy","com.gaminik.i18n","com.screen.translate.google","com.niven.translator","com.newmg.yurao.pro","com.yoyodev.screentranslate","com.aurasense.screentranslate","com.tap_to_translate.snap_translate","com.galaxy.airviewdictionary"]},{"rank":{"index":0,"lang":"en","country":"in","chineseCountryName":"印度","pkg":"com.spaceship.screen.textcopy"},"orders":["com.recognize_text.translate.screen","com.gaminik.i18n","com.tap_to_translate.snap_translate","at.nk.tools.iTranslate","com.google.android.apps.translate","com.zaz.translate","ru.yandex.translate","photo.translate.camera.translator","co.appnation.aivoicetranslator","com.niven.translator","com.galaxy.airviewdictionary","com.screen.translate.google","com.newmg.yurao.pro","com.yoyodev.screentranslate","com.newtranslate.google","com.fapp.translate.language.translator.fasttranslation","com.aurasense.screentranslate","com.niven.apptranslate","com.niven.game","translate.speech.text.translation.voicetranslator"]},{"rank":{"index":2,"lang":"id","country":"id","chineseCountryName":"印尼","pkg":"com.spaceship.screen.textcopy"},"orders":["com.recognize_text.translate.screen","com.spaceship.screen.textcopy","com.niven.translator","com.screen.translate.google","com.tap_to_translate.snap_translate","com.newtranslate.google","com.galaxy.airviewdictionary","com.yoyodev.screentranslate","com.gaminik.i18n","com.niven.apptranslate","com.eecorp.linguago","com.newmg.yurao.pro","com.hive.lingonative","com.aurasense.screentranslate","com.screen.translator.text.recognize","com.google.android.apps.translate","com.flabs.screen.translate"]},{"rank":{"index":13,"lang":"es-mx","country":"mx","chineseCountryName":"墨西哥","pkg":"com.spaceship.screen.textcopy"},"orders":["com.recognize_text.translate.screen","com.tap_to_translate.snap_translate","com.gaminik.i18n","at.nk.tools.iTranslate","com.google.android.apps.translate","com.microsoft.translator","ru.yandex.translate","com.zaz.translate","com.deepl.mobiletranslator","photo.translate.camera.translator","co.appnation.aivoicetranslator","com.transgull.translator","com.spaceship.screen.textcopy","com.niven.translator","com.screen.translate.google","com.yoyodev.screentranslate","com.galaxy.airviewdictionary","com.newmg.yurao.pro","com.fapp.translate.language.translator.fasttranslation","com.kursx.smartbook"]}]