[{"rank":{"index":2,"lang":"en-us","country":"us","chineseCountryName":"美国","pkg":"com.spaceship.screen.textcopy"},"orders":["com.recognize_text.translate.screen","com.spaceship.screen.textcopy","com.newmg.yurao.pro","com.gaminik.i18n","com.google.android.apps.translate","com.microsoft.translator","com.niven.translator","com.tap_to_translate.snap_translate","com.google.ar.lens","com.zaz.translate","com.niven.game","com.screen.translate.google","com.deepl.mobiletranslator","at.nk.tools.iTranslate","com.eecorp.linguago","photo.translate.camera.translator","free.translate.all.language.translator","com.niven.apptranslate","com.immersivetranslate.browser","com.hive.lingonative"]},{"rank":{"index":0,"lang":"ru","country":"ru","chineseCountryName":"俄罗斯","pkg":"com.spaceship.screen.textcopy"},"orders":["com.recognize_text.translate.screen","com.newmg.yurao.pro","com.gaminik.i18n","com.tap_to_translate.snap_translate","com.niven.translator","ru.yandex.translate","com.google.android.apps.translate","com.niven.game","com.microsoft.translator","com.immersivetranslate.browser","com.screen.translate.google","com.deepl.mobiletranslator","com.eecorp.linguago","com.niven.apptranslate","com.google.ar.lens","com.zaz.translate","com.promt.pmtappfree","com.whatsapp","com.android.chrome","com.instagram.android"]},{"rank":{"index":2,"lang":"pt-br","country":"br","chineseCountryName":"巴西","pkg":"com.spaceship.screen.textcopy"},"orders":["com.recognize_text.translate.screen","com.spaceship.screen.textcopy","com.newmg.yurao.pro","com.tap_to_translate.snap_translate","com.gaminik.i18n","com.google.android.apps.translate","com.zaz.translate","at.nk.tools.iTranslate","com.deepl.mobiletranslator","ru.yandex.translate","com.google.ar.lens","com.translate.talkingtranslator","com.naver.labs.translator","com.softissimo.reverso.context","com.niven.translator","com.niven.game","free.translate.all.language.translator","com.galaxy.airviewdictionary","com.screen.translate.google","com.niven.apptranslate"]},{"rank":{"index":2,"lang":"fr","country":"fr","chineseCountryName":"法国","pkg":"com.spaceship.screen.textcopy"},"orders":["com.recognize_text.translate.screen","com.spaceship.screen.textcopy","com.newmg.yurao.pro","com.tap_to_translate.snap_translate","com.gaminik.i18n","com.google.android.apps.translate","com.niven.translator","com.microsoft.translator","com.zaz.translate","com.google.ar.lens","com.niven.game","com.screen.translate.google","com.deepl.mobiletranslator","com.eecorp.linguago","com.niven.apptranslate","at.nk.tools.iTranslate","free.translate.all.language.translator","com.translate.talkingtranslator","com.google.android.apps.tachyon","com.instagram.android"]},{"rank":{"index":2,"lang":"en-gb","country":"gb","chineseCountryName":"英国","pkg":"com.spaceship.screen.textcopy"},"orders":["com.recognize_text.translate.screen","com.spaceship.screen.textcopy","com.newmg.yurao.pro","com.gaminik.i18n","com.google.android.apps.translate","com.niven.translator","com.microsoft.translator","com.tap_to_translate.snap_translate","com.google.ar.lens","com.zaz.translate","com.deepl.mobiletranslator","com.niven.game","com.screen.translate.google","com.eecorp.linguago","photo.translate.camera.translator","free.translate.all.language.translator","at.nk.tools.iTranslate","com.niven.apptranslate","ru.yandex.translate","com.immersivetranslate.browser"]},{"rank":{"index":2,"lang":"de","country":"de","chineseCountryName":"德国","pkg":"com.spaceship.screen.textcopy"},"orders":["com.recognize_text.translate.screen","com.spaceship.screen.textcopy","com.newmg.yurao.pro","com.gaminik.i18n","com.niven.translator","com.google.android.apps.translate","com.microsoft.translator","com.tap_to_translate.snap_translate","com.google.ar.lens","com.niven.game","com.deepl.mobiletranslator","com.screen.translate.google","com.niven.apptranslate","com.eecorp.linguago","ru.yandex.translate","com.zaz.translate","photo.translate.camera.translator","com.immersivetranslate.browser","at.nk.tools.iTranslate","com.google.android.apps.tachyon"]},{"rank":{"index":2,"lang":"it","country":"it","chineseCountryName":"意大利","pkg":"com.spaceship.screen.textcopy"},"orders":["com.recognize_text.translate.screen","com.spaceship.screen.textcopy","com.newmg.yurao.pro","com.gaminik.i18n","com.google.android.apps.translate","com.microsoft.translator","com.tap_to_translate.snap_translate","com.niven.translator","com.google.ar.lens","com.niven.game","com.deepl.mobiletranslator"]},{"rank":{"index":2,"lang":"ja","country":"jp","chineseCountryName":"日本","pkg":"com.spaceship.screen.textcopy"},"orders":["com.recognize_text.translate.screen","com.spaceship.screen.textcopy","com.tap_to_translate.snap_translate","com.screen.translate.google","com.newmg.yurao.pro","com.niven.translator","com.gaminik.i18n","com.google.android.apps.translate","com.google.ar.lens","com.microsoft.translator","com.deepl.mobiletranslator","com.eecorp.linguago","com.naver.labs.translator","com.niven.game","com.niven.apptranslate","com.immersivetranslate.browser","ru.yandex.translate","at.nk.tools.iTranslate","com.android.chrome","com.facebook.katana"]},{"rank":{"index":2,"lang":"ko","country":"kr","chineseCountryName":"韩国","pkg":"com.spaceship.screen.textcopy"},"orders":["com.recognize_text.translate.screen","com.spaceship.screen.textcopy","com.newmg.yurao.pro","com.gaminik.i18n","com.tap_to_translate.snap_translate","com.google.android.apps.translate","com.niven.translator","com.niven.game","com.microsoft.translator","com.naver.labs.translator","com.eecorp.linguago","com.google.ar.lens","com.immersivetranslate.browser","com.niven.apptranslate","com.screen.translate.google","com.zaz.translate","com.deepl.mobiletranslator","com.facebook.katana","at.nk.tools.iTranslate","com.instagram.android"]},{"rank":{"index":2,"lang":"zh-hk","country":"hk","chineseCountryName":"香港","pkg":"com.spaceship.screen.textcopy"},"orders":["com.recognize_text.translate.screen","com.spaceship.screen.textcopy","com.newmg.yurao.pro","com.gaminik.i18n","com.google.android.apps.translate","com.tap_to_translate.snap_translate","com.niven.translator","com.microsoft.translator","com.screen.translate.google","com.google.ar.lens","com.niven.game","com.eecorp.linguago","com.immersivetranslate.browser","com.niven.apptranslate","com.zaz.translate","com.naver.labs.translator","com.deepl.mobiletranslator","com.google.android.apps.maps","com.android.chrome","com.facebook.katana"]},{"rank":{"index":2,"lang":"zh-tw","country":"tw","chineseCountryName":"台湾","pkg":"com.spaceship.screen.textcopy"},"orders":["com.recognize_text.translate.screen","com.spaceship.screen.textcopy","com.newmg.yurao.pro","com.gaminik.i18n","com.niven.translator","com.tap_to_translate.snap_translate","com.google.android.apps.translate","com.screen.translate.google","com.niven.game","com.microsoft.translator","com.eecorp.linguago","com.google.ar.lens","com.niven.apptranslate","com.naver.labs.translator","com.facebook.katana","com.facebook.orca","com.instagram.android","com.deepl.mobiletranslator","com.google.android.apps.maps","org.telegram.messenger"]},{"rank":{"index":3,"lang":"en","country":"in","chineseCountryName":"印度","pkg":"com.spaceship.screen.textcopy"},"orders":["com.recognize_text.translate.screen","com.google.android.apps.translate","com.spaceship.screen.textcopy","com.newmg.yurao.pro","com.gaminik.i18n","com.zaz.translate"]},{"rank":{"index":2,"lang":"id","country":"id","chineseCountryName":"印尼","pkg":"com.spaceship.screen.textcopy"},"orders":["com.recognize_text.translate.screen","com.spaceship.screen.textcopy","com.tap_to_translate.snap_translate","com.gaminik.i18n","com.newmg.yurao.pro","com.google.android.apps.translate","com.niven.game","com.niven.translator","com.screen.translate.google","com.deepl.mobiletranslator","com.youdao.hindict","com.eecorp.linguago"]},{"rank":{"index":2,"lang":"es-mx","country":"mx","chineseCountryName":"墨西哥","pkg":"com.spaceship.screen.textcopy"},"orders":["com.recognize_text.translate.screen","com.spaceship.screen.textcopy","com.google.android.apps.translate","com.newmg.yurao.pro"]}]