[{"rank":{"index":2,"lang":"en-us","country":"us","chineseCountryName":"美国","pkg":"com.spaceship.screen.textcopy"},"orders":["com.recognize_text.translate.screen","com.spaceship.screen.textcopy","com.gaminik.i18n","com.tap_to_translate.snap_translate","com.microsoft.translator","com.google.android.apps.translate","com.mg.yurao.google","com.niven.game","com.niven.translator","com.translate.talkingtranslator","at.nk.tools.iTranslate","com.zaz.translate","com.youdao.hindict","com.niven.comic","screen.translator.voice.translate","com.softissimo.reverso.context","com.talpa.translate","com.mobisystems.msdict.embedded.wireless.collins.ee","com.newmg.yurao.pro","com.sayhi.android.sayhitranslate"]},{"rank":{"index":2,"lang":"ru","country":"ru","chineseCountryName":"俄罗斯","pkg":"com.spaceship.screen.textcopy"},"orders":["com.recognize_text.translate.screen","com.spaceship.screen.textcopy","com.tap_to_translate.snap_translate","com.gaminik.i18n","com.microsoft.translator","com.niven.translator","com.mg.yurao.google","com.niven.game","com.google.android.apps.translate","ru.yandex.translate","com.niven.comic","com.zaz.translate","at.nk.tools.iTranslate","com.youdao.hindict","com.softissimo.reverso.context","com.translate.talkingtranslator","com.niven.apptranslate","com.newmg.yurao.pro","com.deepl.mobiletranslator","com.talpa.translate"]},{"rank":{"index":2,"lang":"pt-br","country":"br","chineseCountryName":"巴西","pkg":"com.spaceship.screen.textcopy"},"orders":["com.recognize_text.translate.screen","com.spaceship.screen.textcopy","com.tap_to_translate.snap_translate","com.gaminik.i18n","com.mg.yurao.google","com.niven.game","com.niven.translator","com.youdao.hindict","com.niven.comic","com.microsoft.translator","at.nk.tools.iTranslate","com.niven.apptranslate","com.newmg.yurao.pro","com.zaz.translate","com.eecorp.linguago","com.google.android.apps.translate","camera.translator.realtime","screen.translator.voice.translate","com.ydzlabs.chattranslator","com.mg.chat"]},{"rank":{"index":2,"lang":"fr","country":"fr","chineseCountryName":"法国","pkg":"com.spaceship.screen.textcopy"},"orders":["com.recognize_text.translate.screen","com.spaceship.screen.textcopy","com.mg.yurao.google","com.gaminik.i18n","com.niven.game","com.microsoft.translator","screen.translator.voice.translate","com.tap_to_translate.snap_translate","com.niven.translator","com.zaz.translate","com.google.android.apps.translate","com.niven.comic","com.youdao.hindict","at.nk.tools.iTranslate","com.translate.talkingtranslator","com.newmg.yurao.pro","camera.translator.realtime","com.niven.apptranslate","com.mg.chat","com.softissimo.reverso.context"]},{"rank":{"index":2,"lang":"en-gb","country":"gb","chineseCountryName":"英国","pkg":"com.spaceship.screen.textcopy"},"orders":["com.recognize_text.translate.screen","com.spaceship.screen.textcopy","com.tap_to_translate.snap_translate","com.microsoft.translator","com.google.android.apps.translate","com.mg.yurao.google","com.gaminik.i18n","com.niven.game","com.niven.translator","at.nk.tools.iTranslate","com.niven.comic","com.zaz.translate","screen.translator.voice.translate","com.translate.talkingtranslator","com.mg.chat","com.newmg.yurao.pro","com.youdao.hindict","com.softissimo.reverso.context","com.niven.apptranslate","com.datacomprojects.scanandtranslate"]},{"rank":{"index":2,"lang":"de","country":"de","chineseCountryName":"德国","pkg":"com.spaceship.screen.textcopy"},"orders":["com.recognize_text.translate.screen","com.spaceship.screen.textcopy","com.mg.yurao.google","com.microsoft.translator","com.google.android.apps.translate","com.gaminik.i18n","com.niven.game","com.tap_to_translate.snap_translate","com.translate.talkingtranslator","com.niven.translator","com.zaz.translate","at.nk.tools.iTranslate","com.youdao.hindict","com.deepl.mobiletranslator","com.niven.comic","ru.yandex.translate","com.mg.chat","com.softissimo.reverso.context","com.newmg.yurao.pro","camera.translator.realtime"]},{"rank":{"index":2,"lang":"it","country":"it","chineseCountryName":"意大利","pkg":"com.spaceship.screen.textcopy"},"orders":["com.recognize_text.translate.screen","com.spaceship.screen.textcopy","com.gaminik.i18n","screen.translator.voice.translate","com.niven.game","com.mg.yurao.google","com.niven.translator","com.microsoft.translator","com.tap_to_translate.snap_translate","at.nk.tools.iTranslate","com.niven.comic","com.youdao.hindict","com.newmg.yurao.pro","com.eecorp.linguago","com.niven.apptranslate","com.google.android.apps.translate","com.ydzlabs.chattranslator","com.eecorp.taptranslator","com.appgroup.app.arcamera","camera.translator.realtime"]},{"rank":{"index":2,"lang":"ja","country":"jp","chineseCountryName":"日本","pkg":"com.spaceship.screen.textcopy"},"orders":["com.recognize_text.translate.screen","com.spaceship.screen.textcopy","com.gaminik.i18n","com.mg.yurao.google","com.niven.game","com.eecorp.taptranslator","com.newmg.yurao.pro","com.tap_to_translate.snap_translate","com.eecorp.linguago","com.niven.translator","com.niven.apptranslate","com.google.android.apps.translate"]},{"rank":{"index":4,"lang":"ko","country":"kr","chineseCountryName":"韩国","pkg":"com.spaceship.screen.textcopy"},"orders":["com.recognize_text.translate.screen","com.mg.yurao.google","com.tap_to_translate.snap_translate","com.spaceship.screen.textcopy","com.google.android.apps.translate","com.naver.labs.translator","com.microsoft.translator","com.gaminik.i18n","com.niven.game","at.nk.tools.iTranslate","com.niven.translator","com.deepl.mobiletranslator","com.zaz.translate","com.youdao.hindict","com.translate.talkingtranslator","com.niven.comic","com.softissimo.reverso.context","com.talpa.translate","com.mg.chat","com.datacomprojects.scanandtranslate"]},{"rank":{"index":2,"lang":"zh-hk","country":"hk","chineseCountryName":"香港","pkg":"com.spaceship.screen.textcopy"},"orders":["com.recognize_text.translate.screen","com.spaceship.screen.textcopy","com.microsoft.translator","com.tap_to_translate.snap_translate","com.google.android.apps.translate","com.mg.yurao.google","com.gaminik.i18n","com.niven.game","at.nk.tools.iTranslate","com.zaz.translate","com.niven.translator","com.youdao.hindict","com.niven.comic","com.tangdi.baiguotong","com.translate.talkingtranslator","com.mg.chat","com.datacomprojects.scanandtranslate","camera.translator.realtime","com.naver.labs.translator","com.deepl.mobiletranslator"]},{"rank":{"index":4,"lang":"zh-tw","country":"tw","chineseCountryName":"台湾","pkg":"com.spaceship.screen.textcopy"},"orders":["com.recognize_text.translate.screen","com.mg.yurao.google","com.tap_to_translate.snap_translate","com.spaceship.screen.textcopy","com.microsoft.translator","com.google.android.apps.translate","com.gaminik.i18n","com.niven.game","at.nk.tools.iTranslate","com.niven.translator","com.translate.talkingtranslator","com.niven.comic","com.youdao.hindict","com.zaz.translate","com.tangdi.baiguotong","com.softissimo.reverso.context","com.deepl.mobiletranslator","com.mg.chat","com.ticktalk.translatevoice","com.naver.labs.translator"]},{"rank":{"index":2,"lang":"en","country":"in","chineseCountryName":"印度","pkg":"com.spaceship.screen.textcopy"},"orders":["com.recognize_text.translate.screen","com.spaceship.screen.textcopy","com.zaz.translate","com.google.android.apps.translate","screen.translator.voice.translate","com.microsoft.translator","com.gaminik.i18n","com.niven.game","com.tap_to_translate.snap_translate","com.niven.translator","com.talpa.translate","com.niven.comic","at.nk.tools.iTranslate","com.newmg.yurao.pro","com.mg.chat","com.softissimo.reverso.context","com.collo.translateapp","com.translate.talkingtranslator","com.tranit.text.translate","com.mg.yurao.google"]},{"rank":{"index":1,"lang":"id","country":"id","chineseCountryName":"印尼","pkg":"com.spaceship.screen.textcopy"},"orders":["com.spaceship.screen.textcopy","com.recognize_text.translate.screen","com.tap_to_translate.snap_translate","com.gaminik.i18n","com.mg.yurao.google","com.niven.game","com.niven.translator","com.youdao.hindict","com.niven.comic","com.eecorp.linguago","com.newmg.yurao.pro","com.google.android.apps.translate","at.nk.tools.iTranslate"]},{"rank":{"index":2,"lang":"es-mx","country":"mx","chineseCountryName":"墨西哥","pkg":"com.spaceship.screen.textcopy"},"orders":["com.recognize_text.translate.screen","com.spaceship.screen.textcopy","com.gaminik.i18n","com.tap_to_translate.snap_translate","com.mg.yurao.google","com.niven.game","com.niven.translator","com.youdao.hindict","com.niven.comic","com.microsoft.translator","at.nk.tools.iTranslate","com.zaz.translate","com.newmg.yurao.pro","com.google.android.apps.translate","com.niven.apptranslate","camera.translator.realtime","com.eecorp.linguago","com.ydzlabs.chattranslator","screen.translator.voice.translate","com.appgroup.app.arcamera"]}]