[{"rank":{"index":2,"lang":"en-us","country":"us","chineseCountryName":"美国","pkg":"com.spaceship.screen.textcopy"},"orders":["com.recognize_text.translate.screen","com.spaceship.screen.textcopy","com.tap_to_translate.snap_translate","com.niven.translator","com.newmg.yurao.pro","com.gaminik.i18n","com.screen.translate.google","com.eecorp.linguago","com.niven.apptranslate","com.google.android.apps.translate","com.zaz.translate","com.niven.game","live.screentranslate.realtime","com.microsoft.translator","com.galaxy.airviewdictionary","com.deepl.mobiletranslator","com.mg.chat","com.screen.translator.live.translate.textcopy","at.nk.tools.iTranslate","com.aurasense.screentranslate"]},{"rank":{"index":4,"lang":"ru","country":"ru","chineseCountryName":"俄罗斯","pkg":"com.spaceship.screen.textcopy"},"orders":["com.recognize_text.translate.screen","com.niven.translator","com.tap_to_translate.snap_translate","com.spaceship.screen.textcopy","com.newmg.yurao.pro","com.gaminik.i18n","com.screen.translate.google","com.niven.apptranslate","com.eecorp.linguago","com.niven.game","live.screentranslate.realtime","com.galaxy.airviewdictionary","com.zaz.translate","com.screen.translator.live.translate.textcopy","com.google.android.apps.translate","ru.yandex.translate","com.newtranslate.google","com.microsoft.translator","com.mg.chat","com.screen.translator.text.recognize"]},{"rank":{"index":2,"lang":"pt-br","country":"br","chineseCountryName":"巴西","pkg":"com.spaceship.screen.textcopy"},"orders":["com.recognize_text.translate.screen","com.spaceship.screen.textcopy","com.niven.translator","com.tap_to_translate.snap_translate","com.gaminik.i18n","com.newmg.yurao.pro","com.screen.translate.google","com.niven.apptranslate","com.eecorp.linguago","com.niven.game","live.screentranslate.realtime","com.galaxy.airviewdictionary","com.google.android.apps.translate","com.zaz.translate","com.mg.chat","com.newtranslate.google","link.zhidou.btranslator","com.screen.translator.text.recognize","com.deepl.mobiletranslator","translate.speech.text.translation.voicetranslator"]},{"rank":{"index":2,"lang":"fr","country":"fr","chineseCountryName":"法国","pkg":"com.spaceship.screen.textcopy"},"orders":["com.recognize_text.translate.screen","com.spaceship.screen.textcopy","com.tap_to_translate.snap_translate","com.newmg.yurao.pro","com.niven.translator","com.gaminik.i18n","com.eecorp.linguago","com.screen.translate.google","live.screentranslate.realtime","com.niven.apptranslate","com.niven.game","com.screen.translator.live.translate.textcopy","com.galaxy.airviewdictionary","com.google.android.apps.translate","com.zaz.translate","com.newtranslate.google","link.zhidou.btranslator","com.deepl.mobiletranslator","com.flabs.screen.translate","com.google.ar.lens"]},{"rank":{"index":2,"lang":"en-gb","country":"gb","chineseCountryName":"英国","pkg":"com.spaceship.screen.textcopy"},"orders":["com.recognize_text.translate.screen","com.spaceship.screen.textcopy","com.niven.translator","com.tap_to_translate.snap_translate","com.newmg.yurao.pro","com.gaminik.i18n","com.screen.translate.google","com.eecorp.linguago","com.zaz.translate","com.niven.apptranslate","com.google.android.apps.translate","com.microsoft.translator","com.niven.game","live.screentranslate.realtime","com.mg.chat","com.screen.translator.live.translate.textcopy","link.zhidou.btranslator","com.deepl.mobiletranslator","at.nk.tools.iTranslate","com.galaxy.airviewdictionary"]},{"rank":{"index":4,"lang":"de","country":"de","chineseCountryName":"德国","pkg":"com.spaceship.screen.textcopy"},"orders":["com.recognize_text.translate.screen","com.niven.translator","com.tap_to_translate.snap_translate","com.spaceship.screen.textcopy","com.newmg.yurao.pro","com.gaminik.i18n","com.screen.translate.google","com.niven.apptranslate","com.eecorp.linguago","live.screentranslate.realtime","com.niven.game","com.galaxy.airviewdictionary","com.screen.translator.live.translate.textcopy","link.zhidou.btranslator","com.yoyodev.screentranslate","com.google.android.apps.translate","com.newtranslate.google","com.mg.chat","com.microsoft.translator","com.zaz.translate"]},{"rank":{"index":2,"lang":"it","country":"it","chineseCountryName":"意大利","pkg":"com.spaceship.screen.textcopy"},"orders":["com.recognize_text.translate.screen","com.spaceship.screen.textcopy","com.tap_to_translate.snap_translate","com.gaminik.i18n","com.newmg.yurao.pro","com.niven.translator","com.screen.translate.google","com.eecorp.linguago","com.niven.apptranslate","live.screentranslate.realtime","com.niven.game","com.galaxy.airviewdictionary","link.zhidou.btranslator","com.google.android.apps.translate","com.zaz.translate","com.screen.translator.text.recognize","com.newtranslate.google","com.yoyodev.screentranslate","co.appnation.aivoicetranslator","com.microsoft.translator"]},{"rank":{"index":3,"lang":"ja","country":"jp","chineseCountryName":"日本","pkg":"com.spaceship.screen.textcopy"},"orders":["com.recognize_text.translate.screen","com.tap_to_translate.snap_translate","com.spaceship.screen.textcopy","com.gaminik.i18n","com.niven.translator","com.newmg.yurao.pro","com.niven.apptranslate","com.screen.translate.google","com.eecorp.linguago","live.screentranslate.realtime","com.galaxy.airviewdictionary","com.screen.translator.live.translate.textcopy","com.google.android.apps.translate","com.screen.translator.text.recognize"]},{"rank":{"index":2,"lang":"ko","country":"kr","chineseCountryName":"韩国","pkg":"com.spaceship.screen.textcopy"},"orders":["com.recognize_text.translate.screen","com.spaceship.screen.textcopy","com.tap_to_translate.snap_translate","com.gaminik.i18n","com.niven.translator","com.newmg.yurao.pro","com.screen.translate.google","com.niven.apptranslate","com.eecorp.linguago","live.screentranslate.realtime"]},{"rank":{"index":2,"lang":"zh-hk","country":"hk","chineseCountryName":"香港","pkg":"com.spaceship.screen.textcopy"},"orders":["com.recognize_text.translate.screen","com.spaceship.screen.textcopy","com.tap_to_translate.snap_translate","com.niven.translator","com.newmg.yurao.pro","com.gaminik.i18n","com.screen.translate.google","com.eecorp.linguago","com.niven.apptranslate","com.zaz.translate","live.screentranslate.realtime","com.niven.game","com.screen.translator.live.translate.textcopy","com.google.android.apps.translate","com.microsoft.translator","com.galaxy.airviewdictionary","link.zhidou.btranslator","com.deepl.mobiletranslator","co.appnation.aivoicetranslator","com.mg.chat"]},{"rank":{"index":2,"lang":"zh-tw","country":"tw","chineseCountryName":"台湾","pkg":"com.spaceship.screen.textcopy"},"orders":["com.recognize_text.translate.screen","com.spaceship.screen.textcopy","com.niven.translator","com.newmg.yurao.pro","com.tap_to_translate.snap_translate","com.gaminik.i18n","com.screen.translate.google","com.eecorp.linguago","com.niven.apptranslate","com.niven.game","live.screentranslate.realtime","com.screen.translator.live.translate.textcopy","com.galaxy.airviewdictionary","com.google.android.apps.translate","com.microsoft.translator","com.aurasense.screentranslate","com.zaz.translate","link.zhidou.btranslator","com.mg.chat","com.deepl.mobiletranslator"]},{"rank":{"index":0,"lang":"en","country":"in","chineseCountryName":"印度","pkg":"com.spaceship.screen.textcopy"},"orders":["com.recognize_text.translate.screen","com.tap_to_translate.snap_translate","com.gaminik.i18n"]},{"rank":{"index":4,"lang":"id","country":"id","chineseCountryName":"印尼","pkg":"com.spaceship.screen.textcopy"},"orders":["com.recognize_text.translate.screen","com.tap_to_translate.snap_translate","com.niven.translator","com.spaceship.screen.textcopy","com.gaminik.i18n","com.newmg.yurao.pro","com.screen.translate.google","com.eecorp.linguago","com.niven.apptranslate","com.niven.game","live.screentranslate.realtime","com.galaxy.airviewdictionary","com.zaz.translate","com.screen.translator.live.translate.textcopy","com.google.android.apps.translate","com.deepl.mobiletranslator","com.newtranslate.google","com.mg.chat","translate.speech.text.translation.voicetranslator","com.microsoft.translator"]},{"rank":{"index":2,"lang":"es-mx","country":"mx","chineseCountryName":"墨西哥","pkg":"com.spaceship.screen.textcopy"},"orders":["com.recognize_text.translate.screen","com.spaceship.screen.textcopy","com.tap_to_translate.snap_translate","com.niven.translator","com.gaminik.i18n","com.newmg.yurao.pro","com.eecorp.linguago","com.screen.translate.google","com.niven.apptranslate","live.screentranslate.realtime","com.niven.game","com.galaxy.airviewdictionary"]}]