[{"rank":{"index":2,"lang":"en-us","country":"us","chineseCountryName":"美国","pkg":"com.spaceship.screen.textcopy"},"orders":["com.recognize_text.translate.screen","com.spaceship.screen.textcopy","com.google.android.apps.translate","com.gaminik.i18n","com.tap_to_translate.snap_translate","com.niven.translator","com.niven.game","com.microsoft.translator","com.newmg.yurao.pro","com.datacomprojects.scanandtranslate","com.niven.comic","com.niven.apptranslate","at.nk.tools.iTranslate","com.facebook.orca","screen.translator.voice.translate","com.mobisystems.msdict.embedded.wireless.collins.ee","com.google.ar.lens","com.screen.translate.google","us.zoom.videomeetings","com.google.android.apps.photos"]},{"rank":{"index":2,"lang":"ru","country":"ru","chineseCountryName":"俄罗斯","pkg":"com.spaceship.screen.textcopy"},"orders":["com.recognize_text.translate.screen","com.spaceship.screen.textcopy","com.tap_to_translate.snap_translate","com.gaminik.i18n","com.niven.translator","com.newmg.yurao.pro","com.niven.game","com.niven.apptranslate","ru.yandex.translate","com.google.android.apps.translate","com.microsoft.translator","com.niven.comic","com.facebook.orca","us.zoom.videomeetings","com.datacomprojects.scanandtranslate","com.screen.translate.google","com.discord","com.android.chrome","org.videolan.vlc","com.google.android.dialer"]},{"rank":{"index":2,"lang":"fr","country":"fr","chineseCountryName":"法国","pkg":"com.spaceship.screen.textcopy"},"orders":["com.recognize_text.translate.screen","com.spaceship.screen.textcopy","com.tap_to_translate.snap_translate","com.gaminik.i18n","com.niven.game","com.niven.translator","com.newmg.yurao.pro","com.niven.comic","com.google.android.apps.translate","com.niven.apptranslate","com.facebook.orca","com.microsoft.translator","com.screen.translate.google","us.zoom.videomeetings","com.google.android.apps.photos","com.discord","com.android.chrome","com.skype.raider","com.truecaller","com.microsoft.office.outlook"]},{"rank":{"index":2,"lang":"en-gb","country":"gb","chineseCountryName":"英国","pkg":"com.spaceship.screen.textcopy"},"orders":["com.recognize_text.translate.screen","com.spaceship.screen.textcopy","com.gaminik.i18n","com.google.android.apps.translate","com.tap_to_translate.snap_translate","com.niven.translator","com.niven.game","com.microsoft.translator","com.newmg.yurao.pro","com.datacomprojects.scanandtranslate","com.niven.apptranslate","com.niven.comic","com.zaz.translate","com.google.ar.lens","at.nk.tools.iTranslate","com.facebook.orca","us.zoom.videomeetings","com.android.chrome","com.google.android.apps.maps","com.image.camera.translate.ai"]},{"rank":{"index":2,"lang":"de","country":"de","chineseCountryName":"德国","pkg":"com.spaceship.screen.textcopy"},"orders":["com.recognize_text.translate.screen","com.spaceship.screen.textcopy","com.gaminik.i18n","com.tap_to_translate.snap_translate","com.niven.game","com.niven.translator","com.newmg.yurao.pro","com.niven.apptranslate","com.google.android.apps.translate","com.niven.comic","com.microsoft.translator","com.screen.translate.google","com.facebook.orca","us.zoom.videomeetings","com.discord","com.android.chrome","com.truecaller","com.google.android.apps.photos","com.skype.raider","com.google.android.apps.maps"]},{"rank":{"index":2,"lang":"it","country":"it","chineseCountryName":"意大利","pkg":"com.spaceship.screen.textcopy"},"orders":["com.recognize_text.translate.screen","com.spaceship.screen.textcopy","com.gaminik.i18n","com.tap_to_translate.snap_translate","com.niven.translator","com.niven.game","com.newmg.yurao.pro","com.google.android.apps.translate","com.niven.comic","com.niven.apptranslate","com.facebook.orca","com.microsoft.translator","us.zoom.videomeetings","com.screen.translate.google","com.google.android.apps.photos","com.discord","com.skype.raider","com.android.chrome","com.google.android.apps.dynamite","com.google.android.dialer"]},{"rank":{"index":2,"lang":"ja","country":"jp","chineseCountryName":"日本","pkg":"com.spaceship.screen.textcopy"},"orders":["com.recognize_text.translate.screen","com.spaceship.screen.textcopy","com.gaminik.i18n","com.tap_to_translate.snap_translate","com.niven.translator","com.niven.game","com.newmg.yurao.pro","com.niven.apptranslate","com.google.android.apps.translate","com.facebook.orca","com.microsoft.translator","com.google.ar.lens","com.niven.comic","us.zoom.videomeetings","com.android.chrome","com.discord","com.google.android.apps.maps","com.twitter.android","com.naver.labs.translator","com.amazon.kindle"]},{"rank":{"index":2,"lang":"ko","country":"kr","chineseCountryName":"韩国","pkg":"com.spaceship.screen.textcopy"},"orders":["com.recognize_text.translate.screen","com.spaceship.screen.textcopy","com.tap_to_translate.snap_translate","com.gaminik.i18n","com.niven.translator","com.niven.game","com.google.android.apps.translate","com.niven.apptranslate","com.facebook.orca","com.niven.comic","com.naver.labs.translator","us.zoom.videomeetings","com.newmg.yurao.pro","com.discord","com.android.chrome","com.twitter.android","com.google.android.apps.photos","com.sec.android.app.sbrowser","com.nhn.android.search","com.google.android.apps.docs"]},{"rank":{"index":2,"lang":"zh-hk","country":"hk","chineseCountryName":"香港","pkg":"com.spaceship.screen.textcopy"},"orders":["com.recognize_text.translate.screen","com.spaceship.screen.textcopy","com.gaminik.i18n","com.niven.game","com.tap_to_translate.snap_translate","com.niven.translator","com.google.android.apps.translate","com.niven.apptranslate","com.facebook.orca","com.android.chrome","com.whatsapp","com.screen.translate.google","com.google.android.apps.maps","com.discord","us.zoom.videomeetings","com.twitter.android","com.skype.raider","com.google.android.apps.photos","com.microsoft.office.outlook","com.ubercab"]},{"rank":{"index":2,"lang":"zh-tw","country":"tw","chineseCountryName":"台湾","pkg":"com.spaceship.screen.textcopy"},"orders":["com.recognize_text.translate.screen","com.spaceship.screen.textcopy","com.gaminik.i18n","com.tap_to_translate.snap_translate","com.niven.game","com.niven.translator","com.niven.apptranslate","com.screen.translate.google","com.google.android.apps.translate","com.facebook.orca","com.newmg.yurao.pro","com.discord","com.android.chrome","com.google.android.apps.maps","com.twitter.android","com.niven.comic","us.zoom.videomeetings","com.skype.raider","com.google.android.apps.photos","com.google.android.apps.dynamite"]},{"rank":{"index":2,"lang":"id","country":"id","chineseCountryName":"印尼","pkg":"com.spaceship.screen.textcopy"},"orders":["com.recognize_text.translate.screen","com.spaceship.screen.textcopy","com.tap_to_translate.snap_translate","com.gaminik.i18n","com.niven.game","com.niven.translator","com.google.android.apps.translate","com.newmg.yurao.pro","com.niven.apptranslate","com.niven.comic","com.youdao.hindict"]}]