[{"rank":{"index":2,"lang":"en-us","country":"us","chineseCountryName":"美国","pkg":"com.spaceship.screen.textcopy"},"orders":["com.recognize_text.translate.screen","com.spaceship.screen.textcopy","com.niven.translator","com.google.android.apps.translate","com.tap_to_translate.snap_translate","com.gaminik.i18n","com.newmg.yurao.pro","com.microsoft.translator","com.zaz.translate","com.screen.translate.google","com.immersivetranslate.browser","com.deepl.mobiletranslator","com.naver.labs.translator","live.screentranslate.realtime","com.niven.game","com.niven.apptranslate","com.fapp.translate.language.translator.fasttranslation","com.eecorp.linguago","at.nk.tools.iTranslate","photo.translate.camera.translator"]},{"rank":{"index":3,"lang":"ru","country":"ru","chineseCountryName":"俄罗斯","pkg":"com.spaceship.screen.textcopy"},"orders":["com.recognize_text.translate.screen","com.niven.translator","com.spaceship.screen.textcopy","com.tap_to_translate.snap_translate","com.newmg.yurao.pro","com.gaminik.i18n","com.zaz.translate","com.screen.translate.google","com.voice_camera_free_translate","com.niven.apptranslate","com.immersivetranslate.browser","live.screentranslate.realtime","com.microsoft.translator","com.google.android.apps.translate","com.deepl.mobiletranslator","com.niven.game","ru.yandex.translate","com.eecorp.linguago","photo.translate.camera.translator","com.datacomprojects.scanandtranslate"]},{"rank":{"index":2,"lang":"pt-br","country":"br","chineseCountryName":"巴西","pkg":"com.spaceship.screen.textcopy"},"orders":["com.recognize_text.translate.screen","com.spaceship.screen.textcopy","com.niven.translator","com.tap_to_translate.snap_translate","com.gaminik.i18n","com.newmg.yurao.pro","com.screen.translate.google","com.immersivetranslate.browser","com.zaz.translate","live.screentranslate.realtime","com.eecorp.linguago","com.voice_camera_free_translate","com.niven.game","com.google.android.apps.translate","com.niven.apptranslate","com.microsoft.translator","com.deepl.mobiletranslator","photo.translate.camera.translator","com.aiphone.secondphonenumber","com.datacomprojects.scanandtranslate"]},{"rank":{"index":2,"lang":"fr","country":"fr","chineseCountryName":"法国","pkg":"com.spaceship.screen.textcopy"},"orders":["com.recognize_text.translate.screen","com.spaceship.screen.textcopy","com.tap_to_translate.snap_translate","com.gaminik.i18n","com.niven.translator","com.newmg.yurao.pro","com.immersivetranslate.browser","com.zaz.translate","com.screen.translate.google","live.screentranslate.realtime","com.microsoft.translator","com.deepl.mobiletranslator","com.eecorp.linguago","com.google.android.apps.translate","com.datacomprojects.scanandtranslate","com.naver.labs.translator","com.niven.game","co.langlang.translator_for_wsp","com.niven.apptranslate","ru.yandex.translate"]},{"rank":{"index":2,"lang":"en-gb","country":"gb","chineseCountryName":"英国","pkg":"com.spaceship.screen.textcopy"},"orders":["com.recognize_text.translate.screen","com.spaceship.screen.textcopy","com.niven.translator","com.tap_to_translate.snap_translate","com.google.android.apps.translate","com.newmg.yurao.pro","com.gaminik.i18n","com.zaz.translate","com.microsoft.translator","com.immersivetranslate.browser","com.screen.translate.google","live.screentranslate.realtime","com.fapp.translate.language.translator.fasttranslation","com.voice_camera_free_translate","com.deepl.mobiletranslator","com.naver.labs.translator","com.eecorp.linguago","com.niven.game","com.niven.apptranslate","ru.yandex.translate"]},{"rank":{"index":2,"lang":"de","country":"de","chineseCountryName":"德国","pkg":"com.spaceship.screen.textcopy"},"orders":["com.recognize_text.translate.screen","com.spaceship.screen.textcopy","com.niven.translator","com.tap_to_translate.snap_translate","com.gaminik.i18n","com.newmg.yurao.pro","com.screen.translate.google","com.zaz.translate","com.immersivetranslate.browser","live.screentranslate.realtime","com.voice_camera_free_translate","com.eecorp.linguago","com.niven.apptranslate","com.deepl.mobiletranslator","com.google.android.apps.translate","com.microsoft.translator","com.niven.game","com.fapp.translate.language.translator.fasttranslation","com.google.ar.lens","com.openai.chatgpt"]},{"rank":{"index":2,"lang":"it","country":"it","chineseCountryName":"意大利","pkg":"com.spaceship.screen.textcopy"},"orders":["com.recognize_text.translate.screen","com.spaceship.screen.textcopy","com.niven.translator","com.newmg.yurao.pro","com.gaminik.i18n","com.zaz.translate","com.tap_to_translate.snap_translate","com.screen.translate.google","com.immersivetranslate.browser","live.screentranslate.realtime","com.eecorp.linguago","com.google.android.apps.translate","com.microsoft.translator","com.niven.apptranslate","com.deepl.mobiletranslator","com.google.ar.lens","com.openai.chatgpt","com.niven.game","com.datacomprojects.scanandtranslate","com.android.chrome"]},{"rank":{"index":2,"lang":"ja","country":"jp","chineseCountryName":"日本","pkg":"com.spaceship.screen.textcopy"},"orders":["com.recognize_text.translate.screen","com.spaceship.screen.textcopy","com.tap_to_translate.snap_translate","com.gaminik.i18n","com.newmg.yurao.pro","com.niven.translator","com.immersivetranslate.browser","com.screen.translate.google","com.microsoft.translator","com.google.android.apps.translate","com.google.ar.lens"]},{"rank":{"index":2,"lang":"ko","country":"kr","chineseCountryName":"韩国","pkg":"com.spaceship.screen.textcopy"},"orders":["com.recognize_text.translate.screen","com.spaceship.screen.textcopy","com.tap_to_translate.snap_translate","com.niven.translator","com.newmg.yurao.pro","com.gaminik.i18n","com.screen.translate.google","com.naver.labs.translator","live.screentranslate.realtime","com.immersivetranslate.browser","com.zaz.translate","com.niven.apptranslate","com.eecorp.linguago","com.microsoft.translator","com.google.android.apps.translate","com.deepl.mobiletranslator","com.niven.game","com.google.ar.lens","com.openai.chatgpt","com.android.chrome"]},{"rank":{"index":2,"lang":"zh-hk","country":"hk","chineseCountryName":"香港","pkg":"com.spaceship.screen.textcopy"},"orders":["com.recognize_text.translate.screen","com.spaceship.screen.textcopy","com.tap_to_translate.snap_translate","com.newmg.yurao.pro","com.niven.translator","com.gaminik.i18n","com.screen.translate.google","com.zaz.translate","com.google.android.apps.translate","com.immersivetranslate.browser","live.screentranslate.realtime","com.microsoft.translator","com.voice_camera_free_translate","com.niven.apptranslate","com.eecorp.linguago","com.niven.game","com.naver.labs.translator","com.datacomprojects.scanandtranslate","com.deepl.mobiletranslator","com.fapp.translate.language.translator.fasttranslation"]},{"rank":{"index":2,"lang":"zh-tw","country":"tw","chineseCountryName":"台湾","pkg":"com.spaceship.screen.textcopy"},"orders":["com.recognize_text.translate.screen","com.spaceship.screen.textcopy","com.tap_to_translate.snap_translate","com.newmg.yurao.pro","com.gaminik.i18n","com.niven.translator","com.screen.translate.google","com.immersivetranslate.browser","live.screentranslate.realtime","com.voice_camera_free_translate","com.eecorp.linguago","com.zaz.translate","com.microsoft.translator","com.google.android.apps.translate","com.niven.apptranslate","com.niven.game","com.naver.labs.translator","com.deepl.mobiletranslator","com.fapp.translate.language.translator.fasttranslation","photo.translate.camera.translator"]},{"rank":{"index":2,"lang":"en","country":"in","chineseCountryName":"印度","pkg":"com.spaceship.screen.textcopy"},"orders":["com.recognize_text.translate.screen","com.spaceship.screen.textcopy","com.newmg.yurao.pro"]},{"rank":{"index":2,"lang":"id","country":"id","chineseCountryName":"印尼","pkg":"com.spaceship.screen.textcopy"},"orders":["com.recognize_text.translate.screen","com.spaceship.screen.textcopy","com.tap_to_translate.snap_translate","com.niven.translator","com.gaminik.i18n","com.newmg.yurao.pro","com.screen.translate.google","com.zaz.translate","com.eecorp.linguago","com.google.android.apps.translate","com.niven.game","com.immersivetranslate.browser","live.screentranslate.realtime","com.microsoft.translator","com.niven.apptranslate","com.deepl.mobiletranslator","com.naver.labs.translator","com.fapp.translate.language.translator.fasttranslation","photo.translate.camera.translator","com.google.ar.lens"]},{"rank":{"index":1,"lang":"es-mx","country":"mx","chineseCountryName":"墨西哥","pkg":"com.spaceship.screen.textcopy"},"orders":["com.spaceship.screen.textcopy","com.recognize_text.translate.screen","com.niven.translator","com.tap_to_translate.snap_translate","com.gaminik.i18n","com.newmg.yurao.pro","com.screen.translate.google","com.immersivetranslate.browser","live.screentranslate.realtime","com.zaz.translate","com.eecorp.linguago","com.microsoft.translator","com.niven.apptranslate","com.google.android.apps.translate","com.niven.game","com.deepl.mobiletranslator","com.google.ar.lens","com.fapp.translate.language.translator.fasttranslation","com.openai.chatgpt","com.android.chrome"]}]