[{"rank":{"index":2,"lang":"en-us","country":"us","chineseCountryName":"美国","pkg":"com.spaceship.screen.textcopy"},"orders":["com.recognize_text.translate.screen","com.spaceship.screen.textcopy","com.tap_to_translate.snap_translate","com.newmg.yurao.pro","com.niven.translator","com.gaminik.i18n","com.eecorp.linguago","com.screen.translate.google","com.screen.translator.text.recognize","com.niven.apptranslate","com.google.android.apps.translate","com.galaxy.airviewdictionary","com.microsoft.translator","live.screentranslate.realtime","at.nk.tools.iTranslate","com.mg.chat","com.deepl.mobiletranslator","com.immersivetranslate.browser","com.niven.game","com.pons.onlinedictionary"]},{"rank":{"index":3,"lang":"ru","country":"ru","chineseCountryName":"俄罗斯","pkg":"com.spaceship.screen.textcopy"},"orders":["com.recognize_text.translate.screen","com.niven.translator","com.spaceship.screen.textcopy","com.tap_to_translate.snap_translate","com.newmg.yurao.pro","com.gaminik.i18n","com.niven.apptranslate","com.eecorp.linguago","com.screen.translate.google","com.screen.translator.text.recognize","com.galaxy.airviewdictionary","com.niven.game","live.screentranslate.realtime","com.microsoft.translator","com.google.android.apps.translate","com.mg.chat","com.zaz.translate","ru.yandex.translate","com.chat_translate.screen_translate","com.immersivetranslate.browser"]},{"rank":{"index":3,"lang":"pt-br","country":"br","chineseCountryName":"巴西","pkg":"com.spaceship.screen.textcopy"},"orders":["com.recognize_text.translate.screen","com.niven.translator","com.spaceship.screen.textcopy","com.tap_to_translate.snap_translate","com.newmg.yurao.pro","com.gaminik.i18n","com.eecorp.linguago","com.niven.apptranslate","com.screen.translate.google","com.screen.translator.text.recognize","com.galaxy.airviewdictionary","live.screentranslate.realtime","com.microsoft.translator","com.niven.game","com.google.android.apps.translate","com.mg.chat","com.chat_translate.screen_translate","com.android.chrome","com.google.android.apps.maps","com.aldoo.pdftranslatorpro"]},{"rank":{"index":2,"lang":"fr","country":"fr","chineseCountryName":"法国","pkg":"com.spaceship.screen.textcopy"},"orders":["com.recognize_text.translate.screen","com.spaceship.screen.textcopy","com.newmg.yurao.pro","com.tap_to_translate.snap_translate","com.niven.translator","com.eecorp.linguago","com.gaminik.i18n","com.screen.translate.google","com.niven.apptranslate","com.screen.translator.text.recognize","live.screentranslate.realtime","com.galaxy.airviewdictionary","com.google.android.apps.translate","com.aldoo.pdftranslatorpro","com.microsoft.translator","com.mg.chat","com.deepl.mobiletranslator","com.google.ar.lens","com.zaz.translate","com.datacomprojects.scanandtranslate"]},{"rank":{"index":2,"lang":"en-gb","country":"gb","chineseCountryName":"英国","pkg":"com.spaceship.screen.textcopy"},"orders":["com.recognize_text.translate.screen","com.spaceship.screen.textcopy","com.niven.translator","com.tap_to_translate.snap_translate","com.newmg.yurao.pro","com.gaminik.i18n","com.eecorp.linguago","com.screen.translator.text.recognize","com.screen.translate.google","com.niven.apptranslate","com.microsoft.translator","com.galaxy.airviewdictionary","com.google.android.apps.translate","live.screentranslate.realtime","at.nk.tools.iTranslate","com.mg.chat","com.deepl.mobiletranslator","com.zaz.translate","com.naver.labs.translator","com.aldoo.pdftranslatorpro"]},{"rank":{"index":4,"lang":"de","country":"de","chineseCountryName":"德国","pkg":"com.spaceship.screen.textcopy"},"orders":["com.recognize_text.translate.screen","com.niven.translator","com.newmg.yurao.pro","com.spaceship.screen.textcopy","com.tap_to_translate.snap_translate","com.gaminik.i18n","com.eecorp.linguago","com.niven.apptranslate","com.screen.translate.google","com.screen.translator.text.recognize","live.screentranslate.realtime","com.galaxy.airviewdictionary","com.microsoft.translator","com.google.android.apps.translate","com.chat_translate.screen_translate","com.deepl.mobiletranslator","com.aldoo.pdftranslatorpro","com.mg.chat","com.niven.game","com.immersivetranslate.browser"]},{"rank":{"index":2,"lang":"it","country":"it","chineseCountryName":"意大利","pkg":"com.spaceship.screen.textcopy"},"orders":["com.recognize_text.translate.screen","com.spaceship.screen.textcopy","com.newmg.yurao.pro","com.tap_to_translate.snap_translate","com.niven.translator","com.gaminik.i18n","com.eecorp.linguago","com.screen.translator.text.recognize","com.screen.translate.google","com.niven.apptranslate","live.screentranslate.realtime","com.galaxy.airviewdictionary","com.google.android.apps.translate","com.aldoo.pdftranslatorpro","com.microsoft.translator","com.chat_translate.screen_translate","com.google.ar.lens","com.deepl.mobiletranslator","com.mg.chat","com.yoyodev.screentranslate"]},{"rank":{"index":3,"lang":"ja","country":"jp","chineseCountryName":"日本","pkg":"com.spaceship.screen.textcopy"},"orders":["com.recognize_text.translate.screen","com.tap_to_translate.snap_translate","com.spaceship.screen.textcopy","com.newmg.yurao.pro","com.niven.translator","com.gaminik.i18n","com.niven.apptranslate","com.screen.translator.text.recognize","com.screen.translate.google","com.eecorp.linguago","live.screentranslate.realtime","com.google.android.apps.translate","com.galaxy.airviewdictionary"]},{"rank":{"index":2,"lang":"ko","country":"kr","chineseCountryName":"韩国","pkg":"com.spaceship.screen.textcopy"},"orders":["com.recognize_text.translate.screen","com.spaceship.screen.textcopy","com.newmg.yurao.pro","com.gaminik.i18n","com.tap_to_translate.snap_translate","com.niven.translator","com.screen.translator.text.recognize","com.eecorp.linguago","com.screen.translate.google","com.niven.apptranslate","com.galaxy.airviewdictionary","live.screentranslate.realtime","com.naver.labs.translator","com.google.android.apps.translate","com.niven.game","com.chat_translate.screen_translate","com.microsoft.translator","com.deepl.mobiletranslator","com.zaz.translate","com.google.ar.lens"]},{"rank":{"index":2,"lang":"zh-hk","country":"hk","chineseCountryName":"香港","pkg":"com.spaceship.screen.textcopy"},"orders":["com.recognize_text.translate.screen","com.spaceship.screen.textcopy","com.tap_to_translate.snap_translate","com.newmg.yurao.pro","com.niven.translator","com.gaminik.i18n","com.eecorp.linguago","com.niven.apptranslate","com.screen.translate.google","com.screen.translator.text.recognize","com.galaxy.airviewdictionary","com.google.android.apps.translate","com.microsoft.translator","live.screentranslate.realtime","com.naver.labs.translator","at.nk.tools.iTranslate","com.niven.game","com.immersivetranslate.browser","com.deepl.mobiletranslator","com.mg.chat"]},{"rank":{"index":2,"lang":"zh-tw","country":"tw","chineseCountryName":"台湾","pkg":"com.spaceship.screen.textcopy"},"orders":["com.recognize_text.translate.screen","com.spaceship.screen.textcopy","com.tap_to_translate.snap_translate","com.newmg.yurao.pro","com.niven.translator","com.gaminik.i18n","com.eecorp.linguago","com.niven.apptranslate","com.screen.translate.google","com.screen.translator.text.recognize","com.galaxy.airviewdictionary","com.microsoft.translator","live.screentranslate.realtime","com.google.android.apps.translate","com.naver.labs.translator","com.mg.chat","at.nk.tools.iTranslate","com.niven.game","com.aldoo.pdftranslatorpro","com.deepl.mobiletranslator"]},{"rank":{"index":0,"lang":"en","country":"in","chineseCountryName":"印度","pkg":"com.spaceship.screen.textcopy"},"orders":["com.recognize_text.translate.screen","com.newmg.yurao.pro","com.tap_to_translate.snap_translate"]},{"rank":{"index":2,"lang":"id","country":"id","chineseCountryName":"印尼","pkg":"com.spaceship.screen.textcopy"},"orders":["com.recognize_text.translate.screen","com.spaceship.screen.textcopy","com.niven.translator","com.tap_to_translate.snap_translate","com.gaminik.i18n","com.newmg.yurao.pro","com.eecorp.linguago","com.screen.translate.google","com.niven.apptranslate","com.screen.translator.text.recognize","com.galaxy.airviewdictionary","live.screentranslate.realtime","com.google.android.apps.translate","com.microsoft.translator","com.aldoo.pdftranslatorpro","com.niven.game","com.naver.labs.translator","com.deepl.mobiletranslator","com.zaz.translate","com.mg.chat"]},{"rank":{"index":2,"lang":"es-mx","country":"mx","chineseCountryName":"墨西哥","pkg":"com.spaceship.screen.textcopy"},"orders":["com.recognize_text.translate.screen","com.spaceship.screen.textcopy","com.newmg.yurao.pro","com.niven.translator","com.tap_to_translate.snap_translate","com.gaminik.i18n","com.eecorp.linguago","com.niven.apptranslate","com.screen.translator.text.recognize","com.screen.translate.google","live.screentranslate.realtime","com.galaxy.airviewdictionary","com.google.android.apps.translate","com.chat_translate.screen_translate","com.aldoo.pdftranslatorpro","com.microsoft.translator","com.mg.chat","com.chat.translator.handy.translate","com.zaz.translate","com.google.ar.lens"]}]