[{"rank":{"index":2,"lang":"en-us","country":"us","chineseCountryName":"美国","pkg":"com.spaceship.screen.textcopy"},"orders":["com.recognize_text.translate.screen","com.spaceship.screen.textcopy","com.tap_to_translate.snap_translate","com.google.android.apps.translate","com.gaminik.i18n","screen.translator.voice.translate","com.niven.translator","com.microsoft.translator","com.zaz.translate","com.mobisystems.msdict.embedded.wireless.collins.ee","com.niven.game","com.niven.comic","com.niven.apptranslate","com.newmg.yurao.pro","com.translate.talkingtranslator","com.screen.translate.google","com.softissimo.reverso.context","com.datacomprojects.scanandtranslate","com.tangdi.baiguotong","com.eecorp.taptranslator"]},{"rank":{"index":2,"lang":"ru","country":"ru","chineseCountryName":"俄罗斯","pkg":"com.spaceship.screen.textcopy"},"orders":["com.recognize_text.translate.screen","com.spaceship.screen.textcopy","com.tap_to_translate.snap_translate","com.gaminik.i18n","com.niven.translator","com.niven.game","com.niven.comic","com.newmg.yurao.pro","ru.yandex.translate","com.niven.apptranslate","com.screen.translate.google","screen.translator.voice.translate","com.google.android.apps.translate","com.eecorp.linguago","com.datacomprojects.scanandtranslate","com.deepl.mobiletranslator","com.microsoft.translator","com.zaz.translate","com.chat_translate.screen_translate","com.android.chrome"]},{"rank":{"index":2,"lang":"fr","country":"fr","chineseCountryName":"法国","pkg":"com.spaceship.screen.textcopy"},"orders":["com.recognize_text.translate.screen","com.spaceship.screen.textcopy","com.tap_to_translate.snap_translate","com.gaminik.i18n","com.niven.translator","com.niven.game","com.google.android.apps.translate","com.newmg.yurao.pro","com.niven.comic","com.zaz.translate","com.screen.translate.google","com.niven.apptranslate","com.microsoft.translator","com.eecorp.linguago","com.translate.talkingtranslator","com.datacomprojects.scanandtranslate","screen.translator.voice.translate","com.deepl.mobiletranslator","com.tangdi.baiguotong","com.nordicwise.translator"]},{"rank":{"index":2,"lang":"en-gb","country":"gb","chineseCountryName":"英国","pkg":"com.spaceship.screen.textcopy"},"orders":["com.recognize_text.translate.screen","com.spaceship.screen.textcopy","com.tap_to_translate.snap_translate","com.google.android.apps.translate","com.gaminik.i18n","screen.translator.voice.translate","com.niven.translator","com.niven.game","com.datacomprojects.scanandtranslate","com.mobisystems.msdict.embedded.wireless.collins.ee","com.zaz.translate","com.microsoft.translator","com.niven.comic","com.niven.apptranslate","com.screen.translate.google","com.tangdi.baiguotong","com.translate.talkingtranslator","com.newmg.yurao.pro","com.eecorp.linguago","com.nordicwise.translator"]},{"rank":{"index":2,"lang":"de","country":"de","chineseCountryName":"德国","pkg":"com.spaceship.screen.textcopy"},"orders":["com.recognize_text.translate.screen","com.spaceship.screen.textcopy","com.tap_to_translate.snap_translate","com.gaminik.i18n","com.niven.translator","com.niven.game","com.google.android.apps.translate","com.newmg.yurao.pro","com.screen.translate.google","com.microsoft.translator","com.tangdi.baiguotong","com.niven.comic","com.niven.apptranslate","com.eecorp.linguago","com.zaz.translate","com.deepl.mobiletranslator","screen.translator.voice.translate","com.translate.talkingtranslator","com.datacomprojects.scanandtranslate","com.mobisystems.msdict.embedded.wireless.collins.ee"]},{"rank":{"index":2,"lang":"it","country":"it","chineseCountryName":"意大利","pkg":"com.spaceship.screen.textcopy"},"orders":["com.recognize_text.translate.screen","com.spaceship.screen.textcopy","com.tap_to_translate.snap_translate","com.niven.game","com.gaminik.i18n","com.niven.translator","com.niven.comic","com.screen.translate.google","com.niven.apptranslate","com.google.android.apps.translate","com.newmg.yurao.pro","com.eecorp.linguago","com.tangdi.baiguotong","com.zaz.translate","screen.translator.voice.translate","com.microsoft.translator","com.softissimo.reverso.context","com.translate.talkingtranslator","com.deepl.mobiletranslator","com.duolingo"]},{"rank":{"index":2,"lang":"ja","country":"jp","chineseCountryName":"日本","pkg":"com.spaceship.screen.textcopy"},"orders":["com.recognize_text.translate.screen","com.spaceship.screen.textcopy","com.niven.game","com.gaminik.i18n","com.niven.translator","com.tap_to_translate.snap_translate","com.google.android.apps.translate","com.niven.apptranslate","com.niven.comic","com.naver.labs.translator","com.translate.talkingtranslator","com.deepl.mobiletranslator","com.android.chrome","com.discord","com.facebook.orca","us.zoom.videomeetings","com.duolingo","com.google.android.apps.maps","com.screen.translate.google","com.microsoft.translator"]},{"rank":{"index":2,"lang":"ko","country":"kr","chineseCountryName":"韩国","pkg":"com.spaceship.screen.textcopy"},"orders":["com.recognize_text.translate.screen","com.spaceship.screen.textcopy","com.tap_to_translate.snap_translate","com.gaminik.i18n","com.niven.comic","com.niven.apptranslate","com.niven.game","com.google.android.apps.translate","com.screen.translate.google","com.niven.translator","com.newmg.yurao.pro","com.naver.labs.translator","com.zaz.translate","screen.translator.voice.translate","com.deepl.mobiletranslator","com.facebook.orca","com.discord","us.zoom.videomeetings","com.android.chrome","com.google.android.apps.photos"]},{"rank":{"index":2,"lang":"zh-hk","country":"hk","chineseCountryName":"香港","pkg":"com.spaceship.screen.textcopy"},"orders":["com.recognize_text.translate.screen","com.spaceship.screen.textcopy","com.tap_to_translate.snap_translate","com.gaminik.i18n","com.screen.translate.google","com.niven.game","com.google.android.apps.translate","com.niven.translator","com.niven.comic","com.newmg.yurao.pro","com.niven.apptranslate","com.tangdi.baiguotong","com.datacomprojects.scanandtranslate","com.zaz.translate","com.microsoft.translator","screen.translator.voice.translate","com.naver.labs.translator","ru.yandex.translate","com.translate.talkingtranslator","com.google.android.apps.maps"]},{"rank":{"index":2,"lang":"zh-tw","country":"tw","chineseCountryName":"台湾","pkg":"com.spaceship.screen.textcopy"},"orders":["com.recognize_text.translate.screen","com.spaceship.screen.textcopy","com.tap_to_translate.snap_translate","com.gaminik.i18n","com.screen.translate.google","com.niven.translator","com.niven.game","com.google.android.apps.translate","com.niven.apptranslate","com.niven.comic","com.newmg.yurao.pro","com.zaz.translate","com.tangdi.baiguotong","com.eecorp.linguago","com.microsoft.translator","com.translate.talkingtranslator","com.android.chrome","com.facebook.orca","com.google.android.apps.maps","com.discord"]},{"rank":{"index":4,"lang":"en","country":"in","chineseCountryName":"印度","pkg":"com.spaceship.screen.textcopy"},"orders":["com.recognize_text.translate.screen","com.google.android.apps.translate","com.tap_to_translate.snap_translate","com.spaceship.screen.textcopy","com.newmg.yurao.pro","com.zaz.translate","com.gaminik.i18n","com.niven.translator","screen.translator.voice.translate","com.microsoft.translator","com.datacomprojects.scanandtranslate","com.niven.apptranslate","com.niven.game","com.softissimo.reverso.context","com.screen.translate.google","com.eecorp.linguago","com.speaktranslate.tts.speechtotext.voicetyping.translator","at.nk.tools.iTranslate","com.nordicwise.translator","com.naver.labs.translator"]},{"rank":{"index":2,"lang":"id","country":"id","chineseCountryName":"印尼","pkg":"com.spaceship.screen.textcopy"},"orders":["com.recognize_text.translate.screen","com.spaceship.screen.textcopy","com.tap_to_translate.snap_translate","com.gaminik.i18n","com.niven.translator","com.niven.comic","com.niven.game","com.niven.apptranslate","com.newmg.yurao.pro","com.google.android.apps.translate"]},{"rank":{"index":2,"lang":"es-mx","country":"mx","chineseCountryName":"墨西哥","pkg":"com.spaceship.screen.textcopy"},"orders":["com.recognize_text.translate.screen","com.spaceship.screen.textcopy","com.tap_to_translate.snap_translate","com.niven.game","com.niven.translator","com.google.android.apps.translate","com.niven.comic","com.niven.apptranslate","com.screen.translate.google","com.zaz.translate","com.google.android.apps.photos","com.android.chrome","com.google.android.apps.docs","com.google.android.apps.maps","com.facebook.orca","com.discord","us.zoom.videomeetings","com.canva.editor","com.duolingo","com.gaminik.i18n"]}]