[{"rank":{"index":2,"lang":"en-us","country":"us","chineseCountryName":"美国","pkg":"com.spaceship.screen.textcopy"},"orders":["com.recognize_text.translate.screen","com.spaceship.screen.textcopy","com.tap_to_translate.snap_translate","com.google.android.apps.translate","com.microsoft.translator","com.niven.translator","com.gaminik.i18n","com.newmg.yurao.pro","com.screen.translate.google","at.nk.tools.iTranslate","com.niven.game","com.language.translate.free.translator.voice.translation","com.google.ar.lens","com.niven.apptranslate","com.datacomprojects.scanandtranslate","com.naver.labs.translator","com.voice_camera_free_translate","com.translate.language.translator.voice.translation","ru.yandex.translate","com.zaz.translate"]},{"rank":{"index":0,"lang":"ru","country":"ru","chineseCountryName":"俄罗斯","pkg":"com.spaceship.screen.textcopy"},"orders":["com.recognize_text.translate.screen","com.niven.translator","com.tap_to_translate.snap_translate","com.newmg.yurao.pro","com.microsoft.translator","com.gaminik.i18n","com.google.android.apps.translate","ru.yandex.translate","com.niven.game","com.datacomprojects.scanandtranslate","com.screen.translate.google","com.language.translate.free.translator.voice.translation","com.niven.apptranslate","at.nk.tools.iTranslate","com.translate.language.translator.voice.translation","com.deepl.mobiletranslator","com.traductorweb","com.ticktalk.translatevoice","com.tangdi.baiguotong","com.voice_camera_free_translate"]},{"rank":{"index":2,"lang":"pt-br","country":"br","chineseCountryName":"巴西","pkg":"com.spaceship.screen.textcopy"},"orders":["com.recognize_text.translate.screen","com.spaceship.screen.textcopy","com.tap_to_translate.snap_translate","com.gaminik.i18n","com.newmg.yurao.pro","com.niven.translator","com.microsoft.translator","com.google.android.apps.translate","com.niven.game","com.screen.translate.google","com.niven.apptranslate","com.translate.language.translator.voice.translation","com.language.translate.free.translator.voice.translation","com.voice_camera_free_translate","at.nk.tools.iTranslate","com.audacityittranslator.translatetexttranslator","com.niven.comic","ru.yandex.translate","com.tangdi.baiguotong","com.android.chrome"]},{"rank":{"index":2,"lang":"fr","country":"fr","chineseCountryName":"法国","pkg":"com.spaceship.screen.textcopy"},"orders":["com.recognize_text.translate.screen","com.spaceship.screen.textcopy","com.tap_to_translate.snap_translate","com.newmg.yurao.pro","com.gaminik.i18n","com.microsoft.translator","com.niven.translator","com.google.android.apps.translate","com.screen.translate.google","com.niven.game","com.niven.apptranslate","com.tangdi.baiguotong","at.nk.tools.iTranslate","ru.yandex.translate","com.voice_camera_free_translate","com.translate.language.translator.voice.translation","com.google.ar.lens","com.dddev.all.language.translate.voice.translator","com.traductorweb","com.language.translate.free.translator.voice.translation"]},{"rank":{"index":2,"lang":"en-gb","country":"gb","chineseCountryName":"英国","pkg":"com.spaceship.screen.textcopy"},"orders":["com.recognize_text.translate.screen","com.spaceship.screen.textcopy","com.tap_to_translate.snap_translate","com.newmg.yurao.pro","com.microsoft.translator","com.google.android.apps.translate","com.gaminik.i18n","com.niven.translator","at.nk.tools.iTranslate","com.screen.translate.google","com.niven.game","com.google.ar.lens","com.language.translate.free.translator.voice.translation","ru.yandex.translate","com.niven.apptranslate","com.datacomprojects.scanandtranslate","com.siv","com.ticktalk.translatevoice","com.voice_camera_free_translate","com.zaz.translate"]},{"rank":{"index":2,"lang":"de","country":"de","chineseCountryName":"德国","pkg":"com.spaceship.screen.textcopy"},"orders":["com.recognize_text.translate.screen","com.spaceship.screen.textcopy","com.tap_to_translate.snap_translate","com.newmg.yurao.pro","com.niven.translator","com.microsoft.translator","com.gaminik.i18n","com.google.android.apps.translate","com.niven.game","com.screen.translate.google","ru.yandex.translate","com.niven.apptranslate","com.tangdi.baiguotong","com.voice_camera_free_translate","at.nk.tools.iTranslate","com.language.translate.free.translator.voice.translation","com.deepl.mobiletranslator","com.audacityittranslator.translatetexttranslator","com.translate.language.translator.voice.translation","com.dddev.all.language.translate.voice.translator"]},{"rank":{"index":2,"lang":"it","country":"it","chineseCountryName":"意大利","pkg":"com.spaceship.screen.textcopy"},"orders":["com.recognize_text.translate.screen","com.spaceship.screen.textcopy","com.tap_to_translate.snap_translate","com.gaminik.i18n","com.newmg.yurao.pro","com.microsoft.translator","com.niven.translator","com.google.android.apps.translate","com.niven.game","com.screen.translate.google","com.niven.apptranslate","com.tangdi.baiguotong","at.nk.tools.iTranslate","com.translate.language.translator.voice.translation","com.voice_camera_free_translate","com.google.ar.lens","ru.yandex.translate","com.dddev.all.language.translate.voice.translator","com.language.translate.free.translator.voice.translation","com.audacityittranslator.translatetexttranslator"]},{"rank":{"index":2,"lang":"ja","country":"jp","chineseCountryName":"日本","pkg":"com.spaceship.screen.textcopy"},"orders":["com.recognize_text.translate.screen","com.spaceship.screen.textcopy","com.tap_to_translate.snap_translate","com.niven.translator","com.newmg.yurao.pro","com.gaminik.i18n","com.microsoft.translator","com.google.android.apps.translate","com.google.ar.lens","com.niven.game","com.screen.translate.google","com.naver.labs.translator","com.deepl.mobiletranslator"]},{"rank":{"index":2,"lang":"ko","country":"kr","chineseCountryName":"韩国","pkg":"com.spaceship.screen.textcopy"},"orders":["com.recognize_text.translate.screen","com.spaceship.screen.textcopy","com.newmg.yurao.pro","com.tap_to_translate.snap_translate","com.microsoft.translator","com.google.android.apps.translate","com.niven.translator","com.gaminik.i18n","com.naver.labs.translator","com.niven.game","at.nk.tools.iTranslate","com.screen.translate.google","com.language.translate.free.translator.voice.translation","com.datacomprojects.scanandtranslate","com.google.ar.lens","com.niven.apptranslate","ru.yandex.translate","com.translate.language.translator.voice.translation","com.deepl.mobiletranslator","com.ticktalk.translatevoice"]},{"rank":{"index":2,"lang":"zh-hk","country":"hk","chineseCountryName":"香港","pkg":"com.spaceship.screen.textcopy"},"orders":["com.recognize_text.translate.screen","com.spaceship.screen.textcopy","com.tap_to_translate.snap_translate","com.microsoft.translator","com.google.android.apps.translate","com.newmg.yurao.pro","com.screen.translate.google","com.gaminik.i18n","com.niven.translator","com.niven.game","at.nk.tools.iTranslate","com.language.translate.free.translator.voice.translation","com.google.ar.lens","com.naver.labs.translator","com.niven.apptranslate","com.translate.language.translator.voice.translation","com.immersivetranslate.browser","com.tangdi.baiguotong","ru.yandex.translate","com.datacomprojects.scanandtranslate"]},{"rank":{"index":2,"lang":"zh-tw","country":"tw","chineseCountryName":"台湾","pkg":"com.spaceship.screen.textcopy"},"orders":["com.recognize_text.translate.screen","com.spaceship.screen.textcopy","com.tap_to_translate.snap_translate","com.newmg.yurao.pro","com.microsoft.translator","com.gaminik.i18n","com.google.android.apps.translate","com.niven.translator","com.niven.game","at.nk.tools.iTranslate","com.screen.translate.google","com.language.translate.free.translator.voice.translation","com.naver.labs.translator","com.niven.apptranslate","com.translate.language.translator.voice.translation","com.voice_camera_free_translate","com.datacomprojects.scanandtranslate","com.google.ar.lens","com.translate.talkingtranslator","ru.yandex.translate"]},{"rank":{"index":2,"lang":"en","country":"in","chineseCountryName":"印度","pkg":"com.spaceship.screen.textcopy"},"orders":["com.recognize_text.translate.screen","com.spaceship.screen.textcopy","com.tap_to_translate.snap_translate"]},{"rank":{"index":2,"lang":"id","country":"id","chineseCountryName":"印尼","pkg":"com.spaceship.screen.textcopy"},"orders":["com.recognize_text.translate.screen","com.spaceship.screen.textcopy","com.tap_to_translate.snap_translate","com.gaminik.i18n","com.newmg.yurao.pro","com.niven.translator","com.niven.game","com.screen.translate.google","com.microsoft.translator","com.google.android.apps.translate"]},{"rank":{"index":2,"lang":"es-mx","country":"mx","chineseCountryName":"墨西哥","pkg":"com.spaceship.screen.textcopy"},"orders":["com.recognize_text.translate.screen","com.spaceship.screen.textcopy","com.tap_to_translate.snap_translate","com.newmg.yurao.pro","com.gaminik.i18n","com.niven.translator","com.microsoft.translator","com.screen.translate.google","com.google.android.apps.translate","com.niven.game","com.niven.apptranslate","com.voice_camera_free_translate","com.translate.language.translator.voice.translation","com.google.ar.lens","at.nk.tools.iTranslate","com.language.translate.free.translator.voice.translation","com.audacityittranslator.translatetexttranslator","com.android.chrome","ru.yandex.translate","com.google.android.apps.photos"]}]