[{"rank":{"index":2,"lang":"en-us","country":"us","chineseCountryName":"美国","pkg":"com.spaceship.screen.textcopy"},"orders":["com.recognize_text.translate.screen","com.spaceship.screen.textcopy","com.google.android.apps.translate","com.microsoft.translator","com.screen.translate.google","com.niven.translator","com.niven.game","com.newmg.yurao.pro","at.nk.tools.iTranslate","com.zaz.translate","com.deepl.mobiletranslator","com.niven.comic","com.naver.labs.translator","com.translate.language.translator.voice.translation","com.easytranslate.easytranslate","com.sayhi.android.sayhitranslate","com.translate.talkingtranslator","com.image.camera.translate.ai","com.datacomprojects.scanandtranslate","com.google.ar.lens"]},{"rank":{"index":2,"lang":"ru","country":"ru","chineseCountryName":"俄罗斯","pkg":"com.spaceship.screen.textcopy"},"orders":["com.recognize_text.translate.screen","com.spaceship.screen.textcopy","com.niven.translator","com.niven.game","com.screen.translate.google","ru.yandex.translate","com.newmg.yurao.pro","com.niven.comic","com.microsoft.translator","com.screen.translator.text.recognize","com.google.android.apps.translate","com.deepl.mobiletranslator","com.facebook.orca","com.android.chrome","com.discord","com.tap_to_translate.snap_translate","com.google.android.apps.nbu.files","com.google.android.dialer","com.google.android.apps.photos","com.skype.raider"]},{"rank":{"index":2,"lang":"fr","country":"fr","chineseCountryName":"法国","pkg":"com.spaceship.screen.textcopy"},"orders":["com.recognize_text.translate.screen","com.spaceship.screen.textcopy","com.screen.translate.google","com.niven.translator","com.niven.game","com.microsoft.translator","com.google.android.apps.translate","com.newmg.yurao.pro","com.niven.comic","com.facebook.orca","com.discord","com.zaz.translate","com.google.android.apps.photos","com.android.chrome","com.deepl.mobiletranslator","com.image.camera.translate.ai","com.microsoft.office.outlook","com.google.android.apps.nbu.files","com.google.android.calendar","com.skype.raider"]},{"rank":{"index":2,"lang":"en-gb","country":"gb","chineseCountryName":"英国","pkg":"com.spaceship.screen.textcopy"},"orders":["com.recognize_text.translate.screen","com.spaceship.screen.textcopy","com.google.android.apps.translate","com.microsoft.translator","com.niven.translator","com.screen.translate.google","com.niven.game","at.nk.tools.iTranslate","com.screen.translator.text.recognize","com.newmg.yurao.pro","com.zaz.translate","com.deepl.mobiletranslator","com.niven.comic","com.image.camera.translate.ai","com.datacomprojects.scanandtranslate","com.naver.labs.translator","ru.yandex.translate","com.facebook.orca","com.android.chrome","com.eecorp.taptranslator"]},{"rank":{"index":2,"lang":"de","country":"de","chineseCountryName":"德国","pkg":"com.spaceship.screen.textcopy"},"orders":["com.recognize_text.translate.screen","com.spaceship.screen.textcopy","com.niven.game","com.screen.translate.google","com.niven.translator","com.microsoft.translator","com.google.android.apps.translate","com.newmg.yurao.pro","com.niven.comic","com.deepl.mobiletranslator","com.zaz.translate","com.image.camera.translate.ai","at.nk.tools.iTranslate","com.facebook.orca","ru.yandex.translate","com.discord","com.android.chrome","com.google.android.apps.photos","com.google.android.apps.nbu.files","com.truecaller"]},{"rank":{"index":2,"lang":"it","country":"it","chineseCountryName":"意大利","pkg":"com.spaceship.screen.textcopy"},"orders":["com.recognize_text.translate.screen","com.spaceship.screen.textcopy","com.niven.game","com.screen.translate.google","com.niven.translator","com.microsoft.translator","com.newmg.yurao.pro","com.google.android.apps.translate","com.niven.comic","com.deepl.mobiletranslator","at.nk.tools.iTranslate","com.facebook.orca","com.image.camera.translate.ai","com.google.android.apps.photos","com.discord","com.google.android.dialer","com.skype.raider","com.google.android.apps.maps","com.duolingo","com.android.chrome"]},{"rank":{"index":2,"lang":"ja","country":"jp","chineseCountryName":"日本","pkg":"com.spaceship.screen.textcopy"},"orders":["com.recognize_text.translate.screen","com.spaceship.screen.textcopy","com.screen.translate.google","com.niven.game","com.niven.translator","com.google.android.apps.translate","com.microsoft.translator","com.niven.comic","com.facebook.orca","com.deepl.mobiletranslator","com.naver.labs.translator","com.newmg.yurao.pro","com.discord","com.android.chrome","com.google.android.apps.maps","com.google.android.apps.nbu.files","com.amazon.kindle","com.duolingo","com.google.android.deskclock","us.zoom.videomeetings"]},{"rank":{"index":2,"lang":"ko","country":"kr","chineseCountryName":"韩国","pkg":"com.spaceship.screen.textcopy"},"orders":["com.recognize_text.translate.screen","com.spaceship.screen.textcopy","com.niven.game","com.niven.translator","com.screen.translate.google","com.microsoft.translator","com.newmg.yurao.pro","com.niven.comic","com.google.android.apps.translate","com.naver.labs.translator","com.deepl.mobiletranslator","com.tap_to_translate.snap_translate","com.zaz.translate","com.facebook.orca","at.nk.tools.iTranslate","com.discord","com.android.chrome","com.sec.android.app.sbrowser","us.zoom.videomeetings","com.duolingo"]},{"rank":{"index":2,"lang":"zh-hk","country":"hk","chineseCountryName":"香港","pkg":"com.spaceship.screen.textcopy"},"orders":["com.recognize_text.translate.screen","com.spaceship.screen.textcopy","com.niven.game","com.screen.translate.google","com.niven.translator","com.microsoft.translator","com.google.android.apps.translate","com.zaz.translate","com.niven.comic","at.nk.tools.iTranslate","com.newmg.yurao.pro","com.naver.labs.translator","com.image.camera.translate.ai","com.deepl.mobiletranslator","com.tangdi.baiguotong","com.eecorp.taptranslator","com.datacomprojects.scanandtranslate","ru.yandex.translate","com.google.ar.lens","com.android.chrome"]},{"rank":{"index":2,"lang":"zh-tw","country":"tw","chineseCountryName":"台湾","pkg":"com.spaceship.screen.textcopy"},"orders":["com.recognize_text.translate.screen","com.spaceship.screen.textcopy","com.screen.translate.google","com.niven.game","com.niven.translator","com.microsoft.translator","com.google.android.apps.translate","com.niven.comic","com.newmg.yurao.pro","com.zaz.translate","at.nk.tools.iTranslate","com.naver.labs.translator","com.niven.apptranslate","com.hakuryuu.smartscreentranslation","com.tangdi.baiguotong","com.eecorp.taptranslator","com.facebook.orca","com.image.camera.translate.ai","com.google.android.apps.maps","com.discord"]},{"rank":{"index":2,"lang":"en","country":"in","chineseCountryName":"印度","pkg":"com.spaceship.screen.textcopy"},"orders":["com.recognize_text.translate.screen","com.spaceship.screen.textcopy","com.google.android.apps.translate","com.screen.translate.google","com.newmg.yurao.pro","com.zaz.translate","com.niven.translator","com.niven.game","at.nk.tools.iTranslate","com.naver.labs.translator","com.tap_to_translate.snap_translate","com.deepl.mobiletranslator","ru.yandex.translate","com.google.ar.lens","com.transferwise.android","com.sayhi.android.sayhitranslate","com.microsoft.translator"]},{"rank":{"index":2,"lang":"id","country":"id","chineseCountryName":"印尼","pkg":"com.spaceship.screen.textcopy"},"orders":["com.recognize_text.translate.screen","com.spaceship.screen.textcopy","com.niven.translator","com.niven.game","com.screen.translate.google","com.niven.comic","com.google.android.apps.translate","com.newmg.yurao.pro","com.screen.translator.text.recognize"]},{"rank":{"index":2,"lang":"es-mx","country":"mx","chineseCountryName":"墨西哥","pkg":"com.spaceship.screen.textcopy"},"orders":["com.recognize_text.translate.screen","com.spaceship.screen.textcopy","com.niven.game","com.google.android.apps.translate","com.screen.translate.google","com.zaz.translate","com.tap_to_translate.snap_translate","at.nk.tools.iTranslate","com.deepl.mobiletranslator","com.niven.comic","com.youdao.hindict","com.naver.labs.translator","com.microblink.photomath","ru.yandex.translate","com.niven.translator","com.microsoft.translator"]}]