[{"rank":{"index":2,"lang":"en-us","country":"us","chineseCountryName":"美国","pkg":"com.spaceship.screen.textcopy"},"orders":["com.recognize_text.translate.screen","com.spaceship.screen.textcopy","com.tap_to_translate.snap_translate","com.gaminik.i18n","com.microsoft.translator","com.google.android.apps.translate","com.niven.game","com.newmg.yurao.pro","com.niven.translator","at.nk.tools.iTranslate","com.translate.talkingtranslator","com.zaz.translate","com.eecorp.taptranslator","com.niven.comic","com.niven.apptranslate","com.sayhi.android.sayhitranslate","screen.translator.voice.translate","com.tangdi.baiguotong","com.ticktalk.translatevoice","com.youdao.hindict"]},{"rank":{"index":2,"lang":"ru","country":"ru","chineseCountryName":"俄罗斯","pkg":"com.spaceship.screen.textcopy"},"orders":["com.recognize_text.translate.screen","com.spaceship.screen.textcopy","com.tap_to_translate.snap_translate","com.microsoft.translator","com.google.android.apps.translate","com.gaminik.i18n","com.niven.translator","com.niven.game","com.newmg.yurao.pro","at.nk.tools.iTranslate","com.zaz.translate","ru.yandex.translate","com.niven.comic","com.youdao.hindict","com.niven.apptranslate","com.ticktalk.translatevoice","com.deepl.mobiletranslator","com.translate.talkingtranslator","com.yomiwa.yomiwa","com.datacomprojects.scanandtranslate"]},{"rank":{"index":2,"lang":"pt-br","country":"br","chineseCountryName":"巴西","pkg":"com.spaceship.screen.textcopy"},"orders":["com.recognize_text.translate.screen","com.spaceship.screen.textcopy","com.tap_to_translate.snap_translate","com.gaminik.i18n","com.niven.translator","screen.translator.voice.translate","com.niven.game","com.newmg.yurao.pro","com.microsoft.translator","com.google.android.apps.translate","com.niven.comic","com.google.android.apps.docs","at.nk.tools.iTranslate","com.android.chrome","com.google.android.apps.photos","com.google.android.apps.maps","com.skype.raider","us.zoom.videomeetings","com.discord","com.youdao.hindict"]},{"rank":{"index":2,"lang":"fr","country":"fr","chineseCountryName":"法国","pkg":"com.spaceship.screen.textcopy"},"orders":["com.recognize_text.translate.screen","com.spaceship.screen.textcopy","com.gaminik.i18n","com.newmg.yurao.pro","com.tap_to_translate.snap_translate","com.microsoft.translator","com.niven.translator","com.niven.game","screen.translator.voice.translate","com.google.android.apps.translate","at.nk.tools.iTranslate","com.youdao.hindict","com.niven.comic","com.zaz.translate","com.deepl.mobiletranslator","com.softissimo.reverso.context","com.niven.apptranslate","com.duolingo","com.discord","com.skype.raider"]},{"rank":{"index":2,"lang":"en-gb","country":"gb","chineseCountryName":"英国","pkg":"com.spaceship.screen.textcopy"},"orders":["com.recognize_text.translate.screen","com.spaceship.screen.textcopy","com.tap_to_translate.snap_translate","com.google.android.apps.translate","com.microsoft.translator","com.gaminik.i18n","com.niven.game","com.niven.translator","at.nk.tools.iTranslate","com.zaz.translate","com.newmg.yurao.pro","com.youdao.hindict","com.translate.talkingtranslator","com.niven.comic","com.niven.apptranslate","com.ticktalk.translatevoice","com.deepl.mobiletranslator","com.sayhi.android.sayhitranslate","screen.translator.voice.translate","com.eecorp.taptranslator"]},{"rank":{"index":2,"lang":"de","country":"de","chineseCountryName":"德国","pkg":"com.spaceship.screen.textcopy"},"orders":["com.recognize_text.translate.screen","com.spaceship.screen.textcopy","com.tap_to_translate.snap_translate","com.gaminik.i18n","com.newmg.yurao.pro","com.niven.translator","com.microsoft.translator","com.niven.game","com.google.android.apps.translate","com.niven.apptranslate","com.niven.comic","at.nk.tools.iTranslate","com.deepl.mobiletranslator","com.eecorp.taptranslator","com.zaz.translate","com.translate.talkingtranslator","com.skype.raider","us.zoom.videomeetings","screen.translator.voice.translate","com.discord"]},{"rank":{"index":2,"lang":"it","country":"it","chineseCountryName":"意大利","pkg":"com.spaceship.screen.textcopy"},"orders":["com.recognize_text.translate.screen","com.spaceship.screen.textcopy","com.gaminik.i18n","screen.translator.voice.translate","com.niven.game","com.microsoft.translator","com.tap_to_translate.snap_translate","com.niven.translator","com.newmg.yurao.pro","com.google.android.apps.translate","at.nk.tools.iTranslate","com.zaz.translate","com.niven.comic","com.eecorp.taptranslator","com.deepl.mobiletranslator","com.google.ar.lens","com.niven.apptranslate","com.google.android.apps.photos","us.zoom.videomeetings","com.discord"]},{"rank":{"index":1,"lang":"ja","country":"jp","chineseCountryName":"日本","pkg":"com.spaceship.screen.textcopy"},"orders":["com.spaceship.screen.textcopy","com.recognize_text.translate.screen","com.tap_to_translate.snap_translate","com.gaminik.i18n","com.niven.translator","com.newmg.yurao.pro","com.microsoft.translator","com.screen.translate.google","com.niven.game","com.niven.comic","at.nk.tools.iTranslate"]},{"rank":{"index":2,"lang":"ko","country":"kr","chineseCountryName":"韩国","pkg":"com.spaceship.screen.textcopy"},"orders":["com.recognize_text.translate.screen","com.spaceship.screen.textcopy","com.tap_to_translate.snap_translate","com.microsoft.translator","com.gaminik.i18n","com.google.android.apps.translate","com.niven.game","com.niven.translator","at.nk.tools.iTranslate","com.newmg.yurao.pro","com.zaz.translate","com.niven.comic","com.translate.talkingtranslator","com.naver.labs.translator","com.niven.apptranslate","com.ticktalk.translatevoice","com.youdao.hindict","com.eecorp.taptranslator","com.deepl.mobiletranslator","com.sayhi.android.sayhitranslate"]},{"rank":{"index":2,"lang":"zh-hk","country":"hk","chineseCountryName":"香港","pkg":"com.spaceship.screen.textcopy"},"orders":["com.recognize_text.translate.screen","com.spaceship.screen.textcopy","com.tap_to_translate.snap_translate","com.microsoft.translator","com.gaminik.i18n","com.google.android.apps.translate","com.niven.game","com.niven.translator","com.newmg.yurao.pro","at.nk.tools.iTranslate","com.tangdi.baiguotong","com.zaz.translate","com.niven.comic","com.niven.apptranslate","com.translate.talkingtranslator","com.eecorp.taptranslator","com.screen.translate.google","com.deepl.mobiletranslator","com.youdao.hindict","com.datacomprojects.scanandtranslate"]},{"rank":{"index":2,"lang":"zh-tw","country":"tw","chineseCountryName":"台湾","pkg":"com.spaceship.screen.textcopy"},"orders":["com.recognize_text.translate.screen","com.spaceship.screen.textcopy","com.microsoft.translator","com.gaminik.i18n","com.google.android.apps.translate","com.niven.game","com.tap_to_translate.snap_translate","com.niven.translator","at.nk.tools.iTranslate","com.newmg.yurao.pro","com.zaz.translate","com.niven.comic","com.translate.talkingtranslator","com.tangdi.baiguotong","com.niven.apptranslate","com.youdao.hindict","com.eecorp.taptranslator","com.datacomprojects.scanandtranslate","com.deepl.mobiletranslator","com.naver.labs.translator"]},{"rank":{"index":1,"lang":"id","country":"id","chineseCountryName":"印尼","pkg":"com.spaceship.screen.textcopy"},"orders":["com.spaceship.screen.textcopy","com.recognize_text.translate.screen","com.tap_to_translate.snap_translate","com.gaminik.i18n","com.newmg.yurao.pro","com.niven.translator","com.niven.game","com.microsoft.translator","com.youdao.hindict","com.google.android.apps.translate","at.nk.tools.iTranslate","com.android.chrome","com.deepl.mobiletranslator"]},{"rank":{"index":2,"lang":"es-mx","country":"mx","chineseCountryName":"墨西哥","pkg":"com.spaceship.screen.textcopy"},"orders":["com.recognize_text.translate.screen","com.spaceship.screen.textcopy","com.niven.translator","com.gaminik.i18n","com.newmg.yurao.pro","com.tap_to_translate.snap_translate","com.niven.game","com.niven.comic","com.microsoft.translator","com.screen.translate.google","com.youdao.hindict","at.nk.tools.iTranslate","com.google.android.apps.translate","screen.translator.voice.translate","com.eecorp.linguago","com.google.android.apps.docs","com.google.android.apps.photos","com.android.chrome","com.weekway.screen_translation","com.deepl.mobiletranslator"]}]