[{"rank":{"index":2,"lang":"en-us","country":"us","chineseCountryName":"美国","pkg":"com.spaceship.screen.textcopy"},"orders":["com.recognize_text.translate.screen","com.spaceship.screen.textcopy","com.tap_to_translate.snap_translate","com.gaminik.i18n","com.niven.translator","com.google.android.apps.translate","com.microsoft.translator","com.newmg.yurao.pro","com.aurasense.screentranslate","com.zaz.translate","com.deepl.mobiletranslator","com.screen.translate.google","com.hive.lingonative","com.niven.game","at.nk.tools.iTranslate","com.yoyodev.screentranslate","translate.speech.text.translation.voicetranslator","link.zhidou.btranslator","com.naver.labs.translator","ru.yandex.translate"]},{"rank":{"index":2,"lang":"ru","country":"ru","chineseCountryName":"俄罗斯","pkg":"com.spaceship.screen.textcopy"},"orders":["com.recognize_text.translate.screen","com.spaceship.screen.textcopy","com.niven.translator","com.tap_to_translate.snap_translate","com.gaminik.i18n","com.newmg.yurao.pro","com.microsoft.translator","com.niven.game","com.screen.translate.google","com.zaz.translate","com.google.android.apps.translate","com.yoyodev.screentranslate","com.hive.lingonative","ru.yandex.translate","live.screentranslate.realtime","com.galaxy.airviewdictionary","at.nk.tools.iTranslate","photo.translate.camera.translator","com.niven.apptranslate","link.zhidou.btranslator"]},{"rank":{"index":2,"lang":"pt-br","country":"br","chineseCountryName":"巴西","pkg":"com.spaceship.screen.textcopy"},"orders":["com.recognize_text.translate.screen","com.spaceship.screen.textcopy","com.tap_to_translate.snap_translate","com.gaminik.i18n","com.google.android.apps.translate","com.zaz.translate","com.deepl.mobiletranslator","at.nk.tools.iTranslate","ru.yandex.translate","link.zhidou.btranslator","photo.translate.camera.translator","co.langlang.translator_for_wsp","com.niven.translator","com.newmg.yurao.pro","com.galaxy.airviewdictionary","com.screen.translate.google","com.niven.game","screen.translator.voice.translate","translate.speech.text.translation.voicetranslator","com.niven.apptranslate"]},{"rank":{"index":2,"lang":"fr","country":"fr","chineseCountryName":"法国","pkg":"com.spaceship.screen.textcopy"},"orders":["com.recognize_text.translate.screen","com.spaceship.screen.textcopy","com.tap_to_translate.snap_translate","com.niven.translator","com.gaminik.i18n","com.newmg.yurao.pro","com.screen.translate.google","com.yoyodev.screentranslate","com.aurasense.screentranslate","com.zaz.translate","com.hive.lingonative","com.niven.game","com.google.android.apps.translate","live.screentranslate.realtime","com.microsoft.translator","com.galaxy.airviewdictionary","com.deepl.mobiletranslator","photo.translate.camera.translator","link.zhidou.btranslator","com.niven.apptranslate"]},{"rank":{"index":2,"lang":"en-gb","country":"gb","chineseCountryName":"英国","pkg":"com.spaceship.screen.textcopy"},"orders":["com.recognize_text.translate.screen","com.spaceship.screen.textcopy","com.tap_to_translate.snap_translate","com.microsoft.translator","com.google.android.apps.translate","com.zaz.translate","com.deepl.mobiletranslator","at.nk.tools.iTranslate","link.zhidou.btranslator","photo.translate.camera.translator","com.niven.translator","com.newmg.yurao.pro","com.galaxy.airviewdictionary","ru.yandex.translate","com.aurasense.screentranslate","translate.speech.text.translation.voicetranslator","com.gyaser.screen.translator","com.screen.translate.google","com.niven.game","screen.translator.voice.translate"]},{"rank":{"index":2,"lang":"de","country":"de","chineseCountryName":"德国","pkg":"com.spaceship.screen.textcopy"},"orders":["com.recognize_text.translate.screen","com.spaceship.screen.textcopy","com.tap_to_translate.snap_translate","com.niven.translator","com.gaminik.i18n","com.newmg.yurao.pro","com.screen.translate.google","com.hive.lingonative","com.yoyodev.screentranslate","com.aurasense.screentranslate","live.screentranslate.realtime","com.zaz.translate","com.niven.game","com.galaxy.airviewdictionary","com.niven.apptranslate","link.zhidou.btranslator","com.microsoft.translator","com.google.android.apps.translate","com.deepl.mobiletranslator","translateonscreen.taptotranslate.screentranslator.screenandphototranslator"]},{"rank":{"index":2,"lang":"it","country":"it","chineseCountryName":"意大利","pkg":"com.spaceship.screen.textcopy"},"orders":["com.recognize_text.translate.screen","com.spaceship.screen.textcopy","com.tap_to_translate.snap_translate","com.gaminik.i18n","com.niven.translator","com.newmg.yurao.pro","com.screen.translate.google","com.aurasense.screentranslate","com.hive.lingonative","com.yoyodev.screentranslate","com.niven.game","com.zaz.translate","link.zhidou.btranslator","com.google.android.apps.translate","live.screentranslate.realtime","com.microsoft.translator","com.deepl.mobiletranslator","com.galaxy.airviewdictionary","com.niven.apptranslate","photo.translate.camera.translator"]},{"rank":{"index":2,"lang":"ja","country":"jp","chineseCountryName":"日本","pkg":"com.spaceship.screen.textcopy"},"orders":["com.recognize_text.translate.screen","com.spaceship.screen.textcopy","com.tap_to_translate.snap_translate","com.gaminik.i18n","com.newmg.yurao.pro","com.niven.translator","com.screen.translate.google","com.aurasense.screentranslate","com.hive.lingonative"]},{"rank":{"index":2,"lang":"ko","country":"kr","chineseCountryName":"韩国","pkg":"com.spaceship.screen.textcopy"},"orders":["com.recognize_text.translate.screen","com.spaceship.screen.textcopy","com.gaminik.i18n","com.tap_to_translate.snap_translate","com.niven.translator","com.newmg.yurao.pro","com.screen.translate.google","com.aurasense.screentranslate","com.hive.lingonative","live.screentranslate.realtime","com.zaz.translate","com.microsoft.translator","com.niven.game","com.google.android.apps.translate","com.galaxy.airviewdictionary","translate.speech.text.translation.voicetranslator","com.naver.labs.translator","com.deepl.mobiletranslator","com.niven.apptranslate","link.zhidou.btranslator"]},{"rank":{"index":2,"lang":"zh-hk","country":"hk","chineseCountryName":"香港","pkg":"com.spaceship.screen.textcopy"},"orders":["com.recognize_text.translate.screen","com.spaceship.screen.textcopy","com.tap_to_translate.snap_translate","com.gaminik.i18n","com.newmg.yurao.pro","com.niven.translator","com.aurasense.screentranslate","com.microsoft.translator","com.google.android.apps.translate","com.zaz.translate","com.screen.translate.google","link.zhidou.btranslator","com.hive.lingonative","com.niven.game","at.nk.tools.iTranslate","com.deepl.mobiletranslator","com.naver.labs.translator","ru.yandex.translate","live.screentranslate.realtime","com.yoyodev.screentranslate"]},{"rank":{"index":2,"lang":"zh-tw","country":"tw","chineseCountryName":"台湾","pkg":"com.spaceship.screen.textcopy"},"orders":["com.recognize_text.translate.screen","com.spaceship.screen.textcopy","com.gaminik.i18n","com.newmg.yurao.pro","com.tap_to_translate.snap_translate","com.niven.translator","com.aurasense.screentranslate","com.google.android.apps.translate","com.microsoft.translator","com.screen.translate.google","com.zaz.translate","com.hive.lingonative","com.niven.game","link.zhidou.btranslator","at.nk.tools.iTranslate","com.deepl.mobiletranslator","translate.speech.text.translation.voicetranslator","live.screentranslate.realtime","com.naver.labs.translator","com.galaxy.airviewdictionary"]},{"rank":{"index":0,"lang":"en","country":"in","chineseCountryName":"印度","pkg":"com.spaceship.screen.textcopy"},"orders":["com.recognize_text.translate.screen","com.tap_to_translate.snap_translate","com.gaminik.i18n","com.google.android.apps.translate","com.zaz.translate","photo.translate.camera.translator","com.newmg.yurao.pro","com.niven.translator","translate.speech.text.translation.voicetranslator","com.galaxy.airviewdictionary","at.nk.tools.iTranslate","screen.translator.voice.translate","ru.yandex.translate","com.screen.translate.google","com.gyaser.screen.translator","com.aurasense.screentranslate","com.niven.game","com.hive.lingonative","com.yoyodev.screentranslate","screen.translator.hitranslator.screen"]},{"rank":{"index":2,"lang":"id","country":"id","chineseCountryName":"印尼","pkg":"com.spaceship.screen.textcopy"},"orders":["com.recognize_text.translate.screen","com.spaceship.screen.textcopy","com.tap_to_translate.snap_translate","com.niven.translator","com.gaminik.i18n","com.newmg.yurao.pro","com.aurasense.screentranslate","com.niven.game","com.google.android.apps.translate","com.microsoft.translator","com.deepl.mobiletranslator","com.zaz.translate","com.screen.translate.google","com.hive.lingonative","com.yoyodev.screentranslate","link.zhidou.btranslator","at.nk.tools.iTranslate","com.galaxy.airviewdictionary","photo.translate.camera.translator","translate.speech.text.translation.voicetranslator"]},{"rank":{"index":2,"lang":"es-mx","country":"mx","chineseCountryName":"墨西哥","pkg":"com.spaceship.screen.textcopy"},"orders":["com.recognize_text.translate.screen","com.spaceship.screen.textcopy","com.tap_to_translate.snap_translate","com.gaminik.i18n","com.niven.translator","com.newmg.yurao.pro","com.hive.lingonative","com.niven.game","com.screen.translate.google","com.yoyodev.screentranslate","com.zaz.translate","com.microsoft.translator","com.aurasense.screentranslate","com.google.android.apps.translate","live.screentranslate.realtime","com.deepl.mobiletranslator"]}]