[{"rank":{"index":2,"lang":"en-us","country":"us","chineseCountryName":"美国","pkg":"com.spaceship.screen.textcopy"},"orders":["com.recognize_text.translate.screen","com.spaceship.screen.textcopy","com.tap_to_translate.snap_translate","com.google.android.apps.translate","com.microsoft.translator","com.gaminik.i18n","com.niven.translator","com.newmg.yurao.pro","at.nk.tools.iTranslate","com.niven.game","com.google.ar.lens","live.screentranslate.realtime","com.naver.labs.translator","com.language.translate.free.translator.voice.translation","com.zaz.translate","com.sayhi.android.sayhitranslate","com.immersivetranslate.browser","com.niven.apptranslate","com.translate.language.translator.voice.translation","com.translate.talkingtranslator"]},{"rank":{"index":0,"lang":"ru","country":"ru","chineseCountryName":"俄罗斯","pkg":"com.spaceship.screen.textcopy"},"orders":["com.recognize_text.translate.screen","com.niven.translator","com.tap_to_translate.snap_translate","com.newmg.yurao.pro","com.microsoft.translator","com.google.android.apps.translate","com.gaminik.i18n","com.niven.game","ru.yandex.translate","at.nk.tools.iTranslate","com.google.ar.lens","com.language.translate.free.translator.voice.translation","com.datacomprojects.scanandtranslate","live.screentranslate.realtime","com.translate.language.translator.voice.translation","com.niven.apptranslate","com.zaz.translate","com.translate.talkingtranslator","com.immersivetranslate.browser","com.deepl.mobiletranslator"]},{"rank":{"index":2,"lang":"pt-br","country":"br","chineseCountryName":"巴西","pkg":"com.spaceship.screen.textcopy"},"orders":["com.recognize_text.translate.screen","com.spaceship.screen.textcopy","com.tap_to_translate.snap_translate","com.gaminik.i18n","com.newmg.yurao.pro","com.niven.translator","com.microsoft.translator","com.niven.game","com.google.android.apps.translate","live.screentranslate.realtime","com.translate.language.translator.voice.translation","at.nk.tools.iTranslate","com.language.translate.free.translator.voice.translation","com.niven.apptranslate","com.voice_camera_free_translate","com.eecorp.linguago","com.google.ar.lens","com.immersivetranslate.browser","free.translate.all.language.translator","com.zaz.translate"]},{"rank":{"index":2,"lang":"fr","country":"fr","chineseCountryName":"法国","pkg":"com.spaceship.screen.textcopy"},"orders":["com.recognize_text.translate.screen","com.spaceship.screen.textcopy","com.tap_to_translate.snap_translate","com.newmg.yurao.pro","com.microsoft.translator","com.gaminik.i18n","com.niven.translator","com.google.android.apps.translate","com.niven.game","at.nk.tools.iTranslate","live.screentranslate.realtime","com.translate.language.translator.voice.translation","com.datacomprojects.scanandtranslate","com.google.ar.lens"]},{"rank":{"index":2,"lang":"en-gb","country":"gb","chineseCountryName":"英国","pkg":"com.spaceship.screen.textcopy"},"orders":["com.recognize_text.translate.screen","com.spaceship.screen.textcopy","com.tap_to_translate.snap_translate","com.newmg.yurao.pro","com.microsoft.translator","com.google.android.apps.translate","com.gaminik.i18n","com.niven.translator","at.nk.tools.iTranslate","com.google.ar.lens","com.niven.game","ru.yandex.translate","com.zaz.translate","com.sayhi.android.sayhitranslate","com.naver.labs.translator","live.screentranslate.realtime","com.translate.language.translator.voice.translation","com.mobisystems.msdict.embedded.wireless.collins.ee","com.language.translate.free.translator.voice.translation","com.datacomprojects.scanandtranslate"]},{"rank":{"index":2,"lang":"de","country":"de","chineseCountryName":"德国","pkg":"com.spaceship.screen.textcopy"},"orders":["com.recognize_text.translate.screen","com.spaceship.screen.textcopy","com.tap_to_translate.snap_translate","com.microsoft.translator","com.newmg.yurao.pro","com.niven.translator","com.gaminik.i18n","com.google.android.apps.translate","com.niven.game","at.nk.tools.iTranslate","ru.yandex.translate","com.immersivetranslate.browser","com.language.translate.free.translator.voice.translation","com.niven.apptranslate","com.translate.talkingtranslator","live.screentranslate.realtime","com.translate.language.translator.voice.translation","com.google.ar.lens","com.eecorp.linguago","com.voice_camera_free_translate"]},{"rank":{"index":2,"lang":"it","country":"it","chineseCountryName":"意大利","pkg":"com.spaceship.screen.textcopy"},"orders":["com.recognize_text.translate.screen","com.spaceship.screen.textcopy","com.tap_to_translate.snap_translate","com.newmg.yurao.pro","com.niven.translator","com.gaminik.i18n","com.microsoft.translator","com.niven.game","com.google.android.apps.translate","at.nk.tools.iTranslate","com.niven.apptranslate"]},{"rank":{"index":2,"lang":"ja","country":"jp","chineseCountryName":"日本","pkg":"com.spaceship.screen.textcopy"},"orders":["com.recognize_text.translate.screen","com.spaceship.screen.textcopy","com.tap_to_translate.snap_translate","com.newmg.yurao.pro","com.niven.translator","com.gaminik.i18n","com.microsoft.translator","com.niven.game","com.google.android.apps.translate","com.google.ar.lens","live.screentranslate.realtime","com.niven.apptranslate"]},{"rank":{"index":2,"lang":"ko","country":"kr","chineseCountryName":"韩国","pkg":"com.spaceship.screen.textcopy"},"orders":["com.recognize_text.translate.screen","com.spaceship.screen.textcopy","com.newmg.yurao.pro","com.tap_to_translate.snap_translate","com.microsoft.translator","com.niven.translator","com.google.android.apps.translate","com.gaminik.i18n","com.naver.labs.translator","at.nk.tools.iTranslate","com.niven.game","com.google.ar.lens","live.screentranslate.realtime","com.immersivetranslate.browser","com.language.translate.free.translator.voice.translation","translate.all.language.translator.cameratranslator","com.niven.apptranslate","com.eecorp.linguago","com.datacomprojects.scanandtranslate","com.translate.talkingtranslator"]},{"rank":{"index":2,"lang":"zh-hk","country":"hk","chineseCountryName":"香港","pkg":"com.spaceship.screen.textcopy"},"orders":["com.recognize_text.translate.screen","com.spaceship.screen.textcopy","com.microsoft.translator","com.google.android.apps.translate","com.tap_to_translate.snap_translate","com.newmg.yurao.pro","com.gaminik.i18n","com.niven.translator","at.nk.tools.iTranslate","com.niven.game","com.immersivetranslate.browser","com.google.ar.lens","com.naver.labs.translator","live.screentranslate.realtime","com.language.translate.free.translator.voice.translation","com.datacomprojects.scanandtranslate","com.translate.language.translator.voice.translation","com.niven.apptranslate","ru.yandex.translate","com.eecorp.linguago"]},{"rank":{"index":2,"lang":"zh-tw","country":"tw","chineseCountryName":"台湾","pkg":"com.spaceship.screen.textcopy"},"orders":["com.recognize_text.translate.screen","com.spaceship.screen.textcopy","com.newmg.yurao.pro","com.microsoft.translator","com.google.android.apps.translate","com.gaminik.i18n","com.tap_to_translate.snap_translate","com.niven.translator","com.niven.game","at.nk.tools.iTranslate","com.immersivetranslate.browser","live.screentranslate.realtime","com.naver.labs.translator","com.language.translate.free.translator.voice.translation","com.google.ar.lens","com.translate.talkingtranslator","com.niven.apptranslate","com.zaz.translate","com.translate.language.translator.voice.translation","com.eecorp.linguago"]},{"rank":{"index":2,"lang":"en","country":"in","chineseCountryName":"印度","pkg":"com.spaceship.screen.textcopy"},"orders":["com.recognize_text.translate.screen","com.spaceship.screen.textcopy","com.tap_to_translate.snap_translate"]},{"rank":{"index":2,"lang":"id","country":"id","chineseCountryName":"印尼","pkg":"com.spaceship.screen.textcopy"},"orders":["com.recognize_text.translate.screen","com.spaceship.screen.textcopy","com.tap_to_translate.snap_translate","com.newmg.yurao.pro","com.niven.translator","com.gaminik.i18n","com.niven.game","com.microsoft.translator","live.screentranslate.realtime","com.language.translate.free.translator.voice.translation"]},{"rank":{"index":2,"lang":"es-mx","country":"mx","chineseCountryName":"墨西哥","pkg":"com.spaceship.screen.textcopy"},"orders":["com.recognize_text.translate.screen","com.spaceship.screen.textcopy","com.tap_to_translate.snap_translate","com.newmg.yurao.pro","com.gaminik.i18n","com.niven.translator","com.microsoft.translator","com.niven.game","com.google.android.apps.translate","live.screentranslate.realtime","at.nk.tools.iTranslate","com.language.translate.free.translator.voice.translation","com.niven.apptranslate","com.eecorp.linguago","com.translate.language.translator.voice.translation","com.voice_camera_free_translate","com.audacityittranslator.translatetexttranslator","com.google.ar.lens","com.immersivetranslate.browser","free.translate.all.language.translator"]}]