[{"rank":{"index":2,"lang":"en-us","country":"us","chineseCountryName":"美国","pkg":"com.spaceship.screen.textcopy"},"orders":["com.recognize_text.translate.screen","com.spaceship.screen.textcopy","com.tap_to_translate.snap_translate","com.screen.translate.google","com.google.android.apps.translate","com.niven.translator","com.gaminik.i18n","com.microsoft.translator","com.newmg.yurao.pro","com.niven.game","at.nk.tools.iTranslate","com.language.translate.free.translator.voice.translation","com.google.ar.lens","com.niven.comic","com.deepl.mobiletranslator","com.datacomprojects.scanandtranslate","com.naver.labs.translator","com.zaz.translate","ru.yandex.translate","com.niven.apptranslate"]},{"rank":{"index":2,"lang":"ru","country":"ru","chineseCountryName":"俄罗斯","pkg":"com.spaceship.screen.textcopy"},"orders":["com.recognize_text.translate.screen","com.spaceship.screen.textcopy","com.niven.translator","com.tap_to_translate.snap_translate","com.screen.translate.google","com.niven.game","com.gaminik.i18n","com.newmg.yurao.pro","ru.yandex.translate","com.niven.comic","com.google.android.apps.translate","com.microsoft.translator","com.niven.apptranslate","com.voice_camera_free_translate","com.deepl.mobiletranslator","com.language.translate.free.translator.voice.translation","com.whatsapp","com.android.chrome","com.instagram.android","com.facebook.katana"]},{"rank":{"index":2,"lang":"pt-br","country":"br","chineseCountryName":"巴西","pkg":"com.spaceship.screen.textcopy"},"orders":["com.recognize_text.translate.screen","com.spaceship.screen.textcopy","com.tap_to_translate.snap_translate","com.niven.game","com.gaminik.i18n","com.google.android.apps.translate","at.nk.tools.iTranslate","com.zaz.translate","com.deepl.mobiletranslator","ru.yandex.translate","com.softissimo.reverso.context","com.naver.labs.translator","com.translate.talkingtranslator","com.google.ar.lens","com.niven.translator","com.newmg.yurao.pro","com.screen.translate.google","com.niven.comic","com.niven.apptranslate","com.galaxy.airviewdictionary"]},{"rank":{"index":3,"lang":"fr","country":"fr","chineseCountryName":"法国","pkg":"com.spaceship.screen.textcopy"},"orders":["com.recognize_text.translate.screen","com.tap_to_translate.snap_translate","com.spaceship.screen.textcopy","com.niven.translator","com.screen.translate.google","com.gaminik.i18n","com.niven.game","com.newmg.yurao.pro","com.google.android.apps.translate","com.microsoft.translator","com.niven.comic","com.voice_camera_free_translate","com.deepl.mobiletranslator","com.niven.apptranslate","com.language.translate.free.translator.voice.translation","at.nk.tools.iTranslate","com.b1b.translator.voicetranslate.alllanguages.translator.app","com.datacomprojects.scanandtranslate","com.google.ar.lens","com.zaz.translate"]},{"rank":{"index":2,"lang":"en-gb","country":"gb","chineseCountryName":"英国","pkg":"com.spaceship.screen.textcopy"},"orders":["com.recognize_text.translate.screen","com.spaceship.screen.textcopy","com.tap_to_translate.snap_translate","com.screen.translate.google","com.google.android.apps.translate","com.niven.translator","com.gaminik.i18n","com.newmg.yurao.pro","com.niven.game","com.microsoft.translator","com.google.ar.lens","com.language.translate.free.translator.voice.translation","com.niven.comic","com.datacomprojects.scanandtranslate","at.nk.tools.iTranslate","ru.yandex.translate","com.niven.apptranslate","com.deepl.mobiletranslator","com.zaz.translate","com.voice_camera_free_translate"]},{"rank":{"index":2,"lang":"de","country":"de","chineseCountryName":"德国","pkg":"com.spaceship.screen.textcopy"},"orders":["com.recognize_text.translate.screen","com.spaceship.screen.textcopy","com.tap_to_translate.snap_translate","com.screen.translate.google","com.niven.translator","com.gaminik.i18n","com.niven.game","com.newmg.yurao.pro","com.microsoft.translator","com.google.android.apps.translate","com.niven.comic","com.language.translate.free.translator.voice.translation","com.deepl.mobiletranslator","com.datacomprojects.scanandtranslate","ru.yandex.translate","com.voice_camera_free_translate","com.b1b.translator.voicetranslate.alllanguages.translator.app","at.nk.tools.iTranslate","com.niven.apptranslate","com.sayhi.android.sayhitranslate"]},{"rank":{"index":2,"lang":"it","country":"it","chineseCountryName":"意大利","pkg":"com.spaceship.screen.textcopy"},"orders":["com.recognize_text.translate.screen","com.spaceship.screen.textcopy","com.niven.game","com.screen.translate.google","com.niven.translator","com.gaminik.i18n","com.tap_to_translate.snap_translate","com.newmg.yurao.pro","com.google.android.apps.translate","com.microsoft.translator","com.niven.comic","com.language.translate.free.translator.voice.translation","com.datacomprojects.scanandtranslate","at.nk.tools.iTranslate","com.niven.apptranslate","com.b1b.translator.voicetranslate.alllanguages.translator.app","com.deepl.mobiletranslator","com.google.ar.lens","com.google.android.apps.tachyon","com.instagram.android"]},{"rank":{"index":2,"lang":"ja","country":"jp","chineseCountryName":"日本","pkg":"com.spaceship.screen.textcopy"},"orders":["com.recognize_text.translate.screen","com.spaceship.screen.textcopy","com.tap_to_translate.snap_translate","com.niven.translator","com.screen.translate.google","com.gaminik.i18n","com.niven.game","com.newmg.yurao.pro","com.microsoft.translator","com.google.android.apps.translate","com.niven.comic","com.language.translate.free.translator.voice.translation","com.deepl.mobiletranslator"]},{"rank":{"index":3,"lang":"ko","country":"kr","chineseCountryName":"韩国","pkg":"com.spaceship.screen.textcopy"},"orders":["com.recognize_text.translate.screen","com.tap_to_translate.snap_translate","com.spaceship.screen.textcopy","com.niven.translator","com.gaminik.i18n","com.screen.translate.google","com.niven.game","com.newmg.yurao.pro","com.google.android.apps.translate","com.niven.comic","com.microsoft.translator","com.voice_camera_free_translate","com.naver.labs.translator","com.niven.apptranslate","com.language.translate.free.translator.voice.translation","at.nk.tools.iTranslate","com.facebook.katana","com.instagram.android","com.facebook.orca","com.google.ar.lens"]},{"rank":{"index":2,"lang":"zh-hk","country":"hk","chineseCountryName":"香港","pkg":"com.spaceship.screen.textcopy"},"orders":["com.recognize_text.translate.screen","com.spaceship.screen.textcopy","com.gaminik.i18n","com.screen.translate.google","com.niven.translator","com.niven.game","com.newmg.yurao.pro","com.google.android.apps.translate","com.tap_to_translate.snap_translate","com.microsoft.translator","com.niven.comic","com.immersivetranslate.browser","com.language.translate.free.translator.voice.translation","at.nk.tools.iTranslate","com.google.ar.lens","com.tangdi.baiguotong","com.datacomprojects.scanandtranslate","ru.yandex.translate","com.deepl.mobiletranslator","com.niven.apptranslate"]},{"rank":{"index":2,"lang":"zh-tw","country":"tw","chineseCountryName":"台湾","pkg":"com.spaceship.screen.textcopy"},"orders":["com.recognize_text.translate.screen","com.spaceship.screen.textcopy","com.gaminik.i18n","com.screen.translate.google","com.niven.translator","com.niven.game","com.tap_to_translate.snap_translate","com.newmg.yurao.pro","com.google.android.apps.translate","com.microsoft.translator","com.niven.comic","at.nk.tools.iTranslate","com.language.translate.free.translator.voice.translation","com.tangdi.baiguotong","ru.yandex.translate","com.google.ar.lens","com.immersivetranslate.browser","com.niven.apptranslate","com.dftpdf.translate","com.zaz.translate"]},{"rank":{"index":2,"lang":"en","country":"in","chineseCountryName":"印度","pkg":"com.spaceship.screen.textcopy"},"orders":["com.recognize_text.translate.screen","com.spaceship.screen.textcopy","com.tap_to_translate.snap_translate","com.google.android.apps.translate","com.gaminik.i18n","com.niven.game","com.zaz.translate","com.microsoft.translator","at.nk.tools.iTranslate","com.language.translate.free.translator.voice.translation","com.deepl.mobiletranslator","ru.yandex.translate","com.google.ar.lens","com.sayhi.android.sayhitranslate","com.ticktalk.translatevoice","com.newmg.yurao.pro","com.screen.translate.google","com.niven.translator","screen.translator.voice.translate","com.niven.comic"]},{"rank":{"index":3,"lang":"id","country":"id","chineseCountryName":"印尼","pkg":"com.spaceship.screen.textcopy"},"orders":["com.recognize_text.translate.screen","com.tap_to_translate.snap_translate","com.spaceship.screen.textcopy","com.niven.translator","com.screen.translate.google","com.niven.game","com.gaminik.i18n","com.newmg.yurao.pro","com.niven.comic","com.google.android.apps.translate","com.niven.apptranslate","com.youdao.hindict","com.microsoft.translator"]},{"rank":{"index":2,"lang":"es-mx","country":"mx","chineseCountryName":"墨西哥","pkg":"com.spaceship.screen.textcopy"},"orders":["com.recognize_text.translate.screen","com.spaceship.screen.textcopy","com.tap_to_translate.snap_translate","com.niven.game","com.gaminik.i18n","com.google.android.apps.translate","at.nk.tools.iTranslate","com.zaz.translate","com.deepl.mobiletranslator","ru.yandex.translate","com.sayhi.android.sayhitranslate","com.google.ar.lens","com.softissimo.reverso.context","com.translate.talkingtranslator","com.niven.translator","com.newmg.yurao.pro","com.screen.translate.google","com.niven.comic","com.niven.apptranslate","com.naver.labs.translator"]}]