[{"rank":{"index":5,"lang":"en-us","country":"us","chineseCountryName":"美国","pkg":"com.spaceship.screen.textcopy"},"orders":["com.recognize_text.translate.screen","com.gaminik.i18n","com.tap_to_translate.snap_translate","com.mg.yurao.google","com.spaceship.screen.textcopy","com.google.android.apps.translate","com.niven.translator","com.newmg.yurao.pro","com.microsoft.translator","com.niven.game","com.niven.comic","com.niven.apptranslate","screen.translator.voice.translate","com.eecorp.linguago","com.naver.labs.translator","com.translator.translation.screen.translate.voice.languages.text.translating","com.pidev.screentranslator","com.galaxy.airviewdictionary","com.zaz.translate","com.datacomprojects.scanandtranslate"]},{"rank":{"index":8,"lang":"ru","country":"ru","chineseCountryName":"俄罗斯","pkg":"com.spaceship.screen.textcopy"},"orders":["com.recognize_text.translate.screen","com.tap_to_translate.snap_translate","com.niven.translator","com.niven.game","ru.yandex.translate","com.microsoft.translator","com.gaminik.i18n","com.spaceship.screen.textcopy","com.niven.comic","com.google.android.apps.translate","com.eecorp.linguago","com.niven.apptranslate","screen.translator.voice.translate","com.deepl.mobiletranslator","com.naver.labs.translator","at.nk.tools.iTranslate","com.pidev.screentranslator","com.zaz.translate","com.translator.translation.screen.translate.voice.languages.text.translating","com.chat_translate.screen_translate"]},{"rank":{"index":3,"lang":"fr","country":"fr","chineseCountryName":"法国","pkg":"com.spaceship.screen.textcopy"},"orders":["com.recognize_text.translate.screen","com.tap_to_translate.snap_translate","com.spaceship.screen.textcopy","com.gaminik.i18n","com.mg.yurao.google","com.niven.game","com.niven.translator","com.niven.comic","com.niven.apptranslate","com.newmg.yurao.pro","screen.translator.voice.translate","com.google.android.apps.translate","com.microsoft.translator","com.eecorp.linguago","ru.yandex.translate","com.zaz.translate","at.nk.tools.iTranslate","com.translator.translation.screen.translate.voice.languages.text.translating"]},{"rank":{"index":5,"lang":"en-gb","country":"gb","chineseCountryName":"英国","pkg":"com.spaceship.screen.textcopy"},"orders":["com.recognize_text.translate.screen","com.tap_to_translate.snap_translate","com.mg.yurao.google","com.gaminik.i18n","com.spaceship.screen.textcopy","com.google.android.apps.translate","com.microsoft.translator","com.niven.translator","com.niven.game","com.niven.comic","com.newmg.yurao.pro","com.niven.apptranslate","screen.translator.voice.translate","com.eecorp.linguago","com.naver.labs.translator","com.tranit.text.translate","com.deepl.mobiletranslator","com.datacomprojects.scanandtranslate","com.translator.translation.screen.translate.voice.languages.text.translating","at.nk.tools.iTranslate"]},{"rank":{"index":5,"lang":"de","country":"de","chineseCountryName":"德国","pkg":"com.spaceship.screen.textcopy"},"orders":["com.recognize_text.translate.screen","com.gaminik.i18n","com.tap_to_translate.snap_translate","com.mg.yurao.google","com.spaceship.screen.textcopy","com.niven.translator","com.niven.comic","com.niven.game","com.niven.apptranslate","com.newmg.yurao.pro","com.microsoft.translator","screen.translator.voice.translate","com.eecorp.linguago","com.google.android.apps.translate","com.tranit.text.translate","com.deepl.mobiletranslator","ru.yandex.translate","com.youdao.hindict","com.translator.translation.screen.translate.voice.languages.text.translating","com.zaz.translate"]},{"rank":{"index":7,"lang":"it","country":"it","chineseCountryName":"意大利","pkg":"com.spaceship.screen.textcopy"},"orders":["com.recognize_text.translate.screen","com.niven.translator","com.gaminik.i18n","com.tap_to_translate.snap_translate","com.mg.yurao.google","com.niven.game","com.spaceship.screen.textcopy","com.niven.comic","com.niven.apptranslate","com.newmg.yurao.pro","com.microsoft.translator","com.eecorp.linguago","com.google.android.apps.translate","screen.translator.voice.translate","at.nk.tools.iTranslate","com.zaz.translate","com.pidev.screentranslator","com.translator.translation.screen.translate.voice.languages.text.translating","com.deepl.mobiletranslator","ru.yandex.translate"]},{"rank":{"index":8,"lang":"ja","country":"jp","chineseCountryName":"日本","pkg":"com.spaceship.screen.textcopy"},"orders":["com.recognize_text.translate.screen","com.tap_to_translate.snap_translate","com.gaminik.i18n","com.mg.yurao.google","com.niven.translator","com.niven.game","com.niven.apptranslate","com.spaceship.screen.textcopy","com.newmg.yurao.pro","com.niven.comic","com.eecorp.linguago","com.microsoft.translator","screen.translator.voice.translate","com.google.android.apps.translate","com.tranit.text.translate","com.naver.labs.translator","com.youdao.hindict","com.datacomprojects.scanandtranslate","com.deepl.mobiletranslator","camera.translator.realtime"]},{"rank":{"index":5,"lang":"ko","country":"kr","chineseCountryName":"韩国","pkg":"com.spaceship.screen.textcopy"},"orders":["com.recognize_text.translate.screen","com.tap_to_translate.snap_translate","com.mg.yurao.google","com.gaminik.i18n","com.spaceship.screen.textcopy","com.niven.comic","com.niven.game","com.niven.apptranslate","com.niven.translator","com.newmg.yurao.pro","com.microsoft.translator","com.eecorp.linguago","com.google.android.apps.translate","com.naver.labs.translator","screen.translator.voice.translate","com.zaz.translate","com.youdao.hindict","com.deepl.mobiletranslator","at.nk.tools.iTranslate","ru.yandex.translate"]},{"rank":{"index":9,"lang":"zh-hk","country":"hk","chineseCountryName":"香港","pkg":"com.spaceship.screen.textcopy"},"orders":["com.recognize_text.translate.screen","com.tap_to_translate.snap_translate","com.mg.yurao.google","com.gaminik.i18n","com.niven.translator","com.niven.comic","com.niven.game","com.newmg.yurao.pro","com.spaceship.screen.textcopy","com.niven.apptranslate","com.google.android.apps.translate","com.microsoft.translator","screen.translator.voice.translate","com.naver.labs.translator","com.eecorp.linguago","com.zaz.translate","com.pidev.screentranslator","ru.yandex.translate","com.translator.translation.screen.translate.voice.languages.text.translating","com.deepl.mobiletranslator"]},{"rank":{"index":9,"lang":"zh-tw","country":"tw","chineseCountryName":"台湾","pkg":"com.spaceship.screen.textcopy"},"orders":["com.recognize_text.translate.screen","com.mg.yurao.google","com.tap_to_translate.snap_translate","com.gaminik.i18n","com.niven.comic","com.niven.translator","com.niven.game","com.niven.apptranslate","com.spaceship.screen.textcopy","com.newmg.yurao.pro","com.microsoft.translator","com.google.android.apps.translate","screen.translator.voice.translate","com.naver.labs.translator","com.eecorp.linguago","com.pidev.screentranslator","com.deepl.mobiletranslator","com.translator.translation.screen.translate.voice.languages.text.translating","ru.yandex.translate","com.youdao.hindict"]},{"rank":{"index":12,"lang":"en","country":"in","chineseCountryName":"印度","pkg":"com.spaceship.screen.textcopy"},"orders":["com.recognize_text.translate.screen","com.tap_to_translate.snap_translate","com.google.android.apps.translate","com.mg.yurao.google","com.gaminik.i18n","com.newmg.yurao.pro","screen.translator.voice.translate","com.niven.translator","com.microsoft.translator","com.niven.comic","com.niven.game","com.spaceship.screen.textcopy","com.zaz.translate","com.eecorp.linguago","com.tranit.text.translate","com.datacomprojects.scanandtranslate","com.niven.apptranslate","at.nk.tools.iTranslate","com.sayhi.android.sayhitranslate","ru.yandex.translate"]},{"rank":{"index":5,"lang":"id","country":"id","chineseCountryName":"印尼","pkg":"com.spaceship.screen.textcopy"},"orders":["com.recognize_text.translate.screen","com.tap_to_translate.snap_translate","com.mg.yurao.google","com.gaminik.i18n","com.spaceship.screen.textcopy","com.newmg.yurao.pro","com.niven.translator","com.google.android.apps.translate","com.niven.comic","com.niven.game","com.eecorp.linguago","com.niven.apptranslate","screen.translator.voice.translate","com.naver.labs.translator","com.microsoft.translator","com.zaz.translate","com.pidev.screentranslator","com.youdao.hindict"]},{"rank":{"index":4,"lang":"es-mx","country":"mx","chineseCountryName":"墨西哥","pkg":"com.spaceship.screen.textcopy"},"orders":["com.recognize_text.translate.screen","com.tap_to_translate.snap_translate","com.gaminik.i18n","com.spaceship.screen.textcopy","com.mg.yurao.google","com.niven.comic","com.niven.game","com.niven.apptranslate","com.newmg.yurao.pro","com.microsoft.translator","com.google.android.apps.translate","com.eecorp.linguago","screen.translator.voice.translate","com.youdao.hindict","ru.yandex.translate","com.pidev.screentranslator","com.zaz.translate","com.translator.translation.screen.translate.voice.languages.text.translating","at.nk.tools.iTranslate","com.niven.translator"]}]