[{"rank":{"index":2,"lang":"en-us","country":"us","chineseCountryName":"美国","pkg":"com.spaceship.screen.textcopy"},"orders":["com.recognize_text.translate.screen","com.spaceship.screen.textcopy","com.gaminik.i18n","com.tap_to_translate.snap_translate","com.google.android.apps.translate","com.niven.translator","com.niven.game","com.microsoft.translator","com.niven.comic","com.newmg.yurao.pro","com.niven.apptranslate","com.screen.translate.google","at.nk.tools.iTranslate","com.deepl.mobiletranslator","screen.translator.voice.translate","ru.yandex.translate","com.facebook.orca","com.android.chrome","com.google.android.apps.photos","us.zoom.videomeetings"]},{"rank":{"index":2,"lang":"ru","country":"ru","chineseCountryName":"俄罗斯","pkg":"com.spaceship.screen.textcopy"},"orders":["com.recognize_text.translate.screen","com.spaceship.screen.textcopy","com.tap_to_translate.snap_translate","com.gaminik.i18n","com.niven.translator","com.niven.game","com.niven.comic","com.newmg.yurao.pro","com.niven.apptranslate","ru.yandex.translate","com.google.android.apps.translate","com.microsoft.translator","com.screen.translate.google","com.deepl.mobiletranslator","com.android.chrome","com.facebook.orca","com.eecorp.linguago","com.google.android.dialer","com.google.android.apps.photos","com.truecaller"]},{"rank":{"index":2,"lang":"fr","country":"fr","chineseCountryName":"法国","pkg":"com.spaceship.screen.textcopy"},"orders":["com.recognize_text.translate.screen","com.spaceship.screen.textcopy","com.tap_to_translate.snap_translate","com.niven.game","com.gaminik.i18n","com.niven.translator","com.niven.comic","com.google.android.apps.translate","com.niven.apptranslate","com.screen.translate.google","com.newmg.yurao.pro","com.microsoft.translator","com.facebook.orca","us.zoom.videomeetings","com.google.android.apps.photos","com.android.chrome","com.truecaller","com.discord","com.microsoft.office.outlook","com.google.android.apps.maps"]},{"rank":{"index":2,"lang":"en-gb","country":"gb","chineseCountryName":"英国","pkg":"com.spaceship.screen.textcopy"},"orders":["com.recognize_text.translate.screen","com.spaceship.screen.textcopy","com.gaminik.i18n","com.niven.game","com.google.android.apps.translate","com.niven.translator","com.tap_to_translate.snap_translate","com.microsoft.translator","com.niven.apptranslate","com.niven.comic","com.newmg.yurao.pro","com.screen.translate.google","at.nk.tools.iTranslate","com.deepl.mobiletranslator","com.facebook.orca","us.zoom.videomeetings","com.android.chrome","com.google.android.apps.maps","com.google.android.apps.photos","com.discord"]},{"rank":{"index":2,"lang":"de","country":"de","chineseCountryName":"德国","pkg":"com.spaceship.screen.textcopy"},"orders":["com.recognize_text.translate.screen","com.spaceship.screen.textcopy","com.gaminik.i18n","com.niven.game","com.tap_to_translate.snap_translate","com.niven.translator","com.niven.comic","com.google.android.apps.translate","com.microsoft.translator","com.niven.apptranslate","com.newmg.yurao.pro","com.deepl.mobiletranslator","com.screen.translate.google","com.facebook.orca","us.zoom.videomeetings","at.nk.tools.iTranslate","com.discord","com.android.chrome","com.google.android.apps.photos","com.truecaller"]},{"rank":{"index":2,"lang":"it","country":"it","chineseCountryName":"意大利","pkg":"com.spaceship.screen.textcopy"},"orders":["com.recognize_text.translate.screen","com.spaceship.screen.textcopy","com.gaminik.i18n","com.niven.game","com.niven.translator","com.tap_to_translate.snap_translate","com.screen.translate.google","com.niven.comic","com.niven.apptranslate","com.google.android.apps.translate","com.newmg.yurao.pro","com.microsoft.translator","com.deepl.mobiletranslator","com.facebook.orca","us.zoom.videomeetings","com.google.android.apps.photos","com.discord","com.android.chrome","com.google.android.dialer","com.softissimo.reverso.context"]},{"rank":{"index":2,"lang":"ja","country":"jp","chineseCountryName":"日本","pkg":"com.spaceship.screen.textcopy"},"orders":["com.recognize_text.translate.screen","com.spaceship.screen.textcopy","com.niven.game","com.gaminik.i18n","com.niven.apptranslate","com.tap_to_translate.snap_translate","com.niven.translator","com.niven.comic","com.google.android.apps.translate","com.newmg.yurao.pro","com.microsoft.translator","com.screen.translate.google","com.facebook.orca","us.zoom.videomeetings","com.android.chrome","com.discord","com.google.android.apps.maps","com.google.ar.lens","com.twitter.android","com.deepl.mobiletranslator"]},{"rank":{"index":2,"lang":"ko","country":"kr","chineseCountryName":"韩国","pkg":"com.spaceship.screen.textcopy"},"orders":["com.recognize_text.translate.screen","com.spaceship.screen.textcopy","com.tap_to_translate.snap_translate","com.gaminik.i18n","com.niven.game","com.niven.translator","com.niven.comic","com.niven.apptranslate","com.google.android.apps.translate","com.newmg.yurao.pro","com.screen.translate.google","com.facebook.orca","us.zoom.videomeetings","com.android.chrome","com.discord","com.twitter.android","com.naver.labs.translator","com.sec.android.app.sbrowser","com.google.android.apps.photos","com.google.android.apps.youtube.creator"]},{"rank":{"index":2,"lang":"zh-hk","country":"hk","chineseCountryName":"香港","pkg":"com.spaceship.screen.textcopy"},"orders":["com.recognize_text.translate.screen","com.spaceship.screen.textcopy","com.gaminik.i18n","com.tap_to_translate.snap_translate","com.niven.apptranslate","com.niven.game","com.niven.translator","com.google.android.apps.translate","com.niven.comic","com.newmg.yurao.pro","com.screen.translate.google","com.microsoft.translator","com.facebook.orca","com.android.chrome","com.google.android.apps.maps","at.nk.tools.iTranslate","us.zoom.videomeetings","com.discord","com.twitter.android","com.deepl.mobiletranslator"]},{"rank":{"index":2,"lang":"zh-tw","country":"tw","chineseCountryName":"台湾","pkg":"com.spaceship.screen.textcopy"},"orders":["com.recognize_text.translate.screen","com.spaceship.screen.textcopy","com.tap_to_translate.snap_translate","com.gaminik.i18n","com.niven.game","com.niven.translator","com.niven.comic","com.google.android.apps.translate","com.niven.apptranslate","com.newmg.yurao.pro","com.microsoft.translator","com.screen.translate.google","com.youdao.hindict","com.facebook.orca","com.deepl.mobiletranslator","com.google.android.apps.maps","com.android.chrome","com.discord","com.google.ar.lens","com.twitter.android"]},{"rank":{"index":2,"lang":"en","country":"in","chineseCountryName":"印度","pkg":"com.spaceship.screen.textcopy"},"orders":["com.recognize_text.translate.screen","com.spaceship.screen.textcopy","com.google.android.apps.translate","com.tap_to_translate.snap_translate","com.newmg.yurao.pro","com.niven.translator","com.niven.game","com.microsoft.translator","com.zaz.translate","at.nk.tools.iTranslate","com.screen.translate.google","ru.yandex.translate","com.naver.labs.translator","com.softissimo.reverso.context","com.deepl.mobiletranslator","com.google.ar.lens","com.gaminik.i18n"]},{"rank":{"index":2,"lang":"id","country":"id","chineseCountryName":"印尼","pkg":"com.spaceship.screen.textcopy"},"orders":["com.recognize_text.translate.screen","com.spaceship.screen.textcopy","com.tap_to_translate.snap_translate","com.gaminik.i18n","com.niven.game","com.niven.translator","com.niven.comic","com.newmg.yurao.pro","com.niven.apptranslate","com.google.android.apps.translate"]},{"rank":{"index":0,"lang":"es-mx","country":"mx","chineseCountryName":"墨西哥","pkg":"com.spaceship.screen.textcopy"},"orders":["com.recognize_text.translate.screen","com.google.android.apps.translate","com.microsoft.translator","com.deepl.mobiletranslator","ru.yandex.translate","com.softissimo.reverso.context","com.naver.labs.translator","com.translate.talkingtranslator","com.ticktalk.translatevoice","com.google.ar.lens","com.google.android.marvin.talkback","com.adobe.scan.android","com.kursx.smartbook","com.android.chrome","com.google.android.apps.searchlite","com.flitto.app","jp.go.nict.voicetra","com.duolingo","com.youdao.hindict","at.nk.tools.iTranslate"]}]