[{"rank":{"index":2,"lang":"en-us","country":"us","chineseCountryName":"美国","pkg":"com.spaceship.screen.textcopy"},"orders":["com.recognize_text.translate.screen","com.spaceship.screen.textcopy","com.screen.translate.google","com.google.android.apps.translate","com.niven.translator","com.microsoft.translator","com.gaminik.i18n","com.niven.game","com.tap_to_translate.snap_translate","at.nk.tools.iTranslate","com.niven.comic","com.translate.talkingtranslator","com.royalappcode.translation.voice.language.chat.interpreter","com.naver.labs.translator","com.newmg.yurao.pro","com.datacomprojects.scanandtranslate","com.google.ar.lens","com.sayhi.android.sayhitranslate","com.deepl.mobiletranslator","com.image.camera.translate.ai"]},{"rank":{"index":5,"lang":"ru","country":"ru","chineseCountryName":"俄罗斯","pkg":"com.spaceship.screen.textcopy"},"orders":["com.recognize_text.translate.screen","com.niven.translator","com.tap_to_translate.snap_translate","com.niven.game","com.spaceship.screen.textcopy","com.gaminik.i18n","com.screen.translate.google","ru.yandex.translate","com.niven.comic","com.microsoft.translator","com.deepl.mobiletranslator","com.newmg.yurao.pro","com.google.android.apps.translate","at.nk.tools.iTranslate","com.snapchat.android","com.datacomprojects.scanandtranslate","com.android.chrome","com.instagram.android","com.google.ar.lens","com.whatsapp"]},{"rank":{"index":3,"lang":"pt-br","country":"br","chineseCountryName":"巴西","pkg":"com.spaceship.screen.textcopy"},"orders":["com.recognize_text.translate.screen","com.tap_to_translate.snap_translate","com.spaceship.screen.textcopy","com.niven.game","com.gaminik.i18n","com.screen.translate.google","com.microsoft.translator","com.google.android.apps.translate","at.nk.tools.iTranslate","com.niven.comic","com.deepl.mobiletranslator","com.newmg.yurao.pro","com.galaxy.airviewdictionary","ru.yandex.translate","com.naver.labs.translator","screen.translator.voice.translate","com.google.ar.lens","com.sayhi.android.sayhitranslate","com.translate.talkingtranslator","com.softissimo.reverso.context"]},{"rank":{"index":5,"lang":"fr","country":"fr","chineseCountryName":"法国","pkg":"com.spaceship.screen.textcopy"},"orders":["com.recognize_text.translate.screen","com.tap_to_translate.snap_translate","com.niven.game","com.gaminik.i18n","com.spaceship.screen.textcopy","com.niven.translator","com.microsoft.translator","com.screen.translate.google","com.niven.comic","com.google.android.apps.translate","com.image.camera.translate.ai","com.newmg.yurao.pro","at.nk.tools.iTranslate","com.datacomprojects.scanandtranslate","com.deepl.mobiletranslator","com.b1b.translator.voicetranslate.alllanguages.translator.app","com.aldoo.pdftranslatorpro","com.tangdi.baiguotong","com.language.translate.free.translator.voice.translation","com.whatsapp"]},{"rank":{"index":8,"lang":"en-gb","country":"gb","chineseCountryName":"英国","pkg":"com.spaceship.screen.textcopy"},"orders":["com.recognize_text.translate.screen","com.gaminik.i18n","com.microsoft.translator","com.screen.translate.google","com.google.android.apps.translate","com.niven.translator","com.niven.game","com.spaceship.screen.textcopy","com.tap_to_translate.snap_translate","at.nk.tools.iTranslate","com.niven.comic","com.datacomprojects.scanandtranslate","com.newmg.yurao.pro","com.b1b.translator.voicetranslate.alllanguages.translator.app","com.image.camera.translate.ai","com.google.ar.lens","com.language.translate.free.translator.voice.translation","com.royalappcode.translation.voice.language.chat.interpreter","com.translate.talkingtranslator","com.sayhi.android.sayhitranslate"]},{"rank":{"index":8,"lang":"de","country":"de","chineseCountryName":"德国","pkg":"com.spaceship.screen.textcopy"},"orders":["com.recognize_text.translate.screen","com.tap_to_translate.snap_translate","com.microsoft.translator","com.screen.translate.google","com.niven.game","com.niven.translator","com.gaminik.i18n","com.spaceship.screen.textcopy","com.google.android.apps.translate","com.niven.comic","com.image.camera.translate.ai","at.nk.tools.iTranslate","com.deepl.mobiletranslator","com.translate.talkingtranslator","com.datacomprojects.scanandtranslate","com.newmg.yurao.pro","com.aldoo.pdftranslatorpro","com.b1b.translator.voicetranslate.alllanguages.translator.app","ru.yandex.translate","com.language.translate.free.translator.voice.translation"]},{"rank":{"index":5,"lang":"it","country":"it","chineseCountryName":"意大利","pkg":"com.spaceship.screen.textcopy"},"orders":["com.recognize_text.translate.screen","com.niven.game","com.gaminik.i18n","com.microsoft.translator","com.spaceship.screen.textcopy","com.niven.translator","com.screen.translate.google","com.tap_to_translate.snap_translate","com.google.android.apps.translate","com.image.camera.translate.ai","com.niven.comic","com.datacomprojects.scanandtranslate","at.nk.tools.iTranslate","com.newmg.yurao.pro","com.b1b.translator.voicetranslate.alllanguages.translator.app","com.deepl.mobiletranslator","camtranslator.voice.text.image.translate","com.aldoo.pdftranslatorpro","com.softissimo.reverso.context","com.royalappcode.translation.voice.language.chat.interpreter"]},{"rank":{"index":9,"lang":"ja","country":"jp","chineseCountryName":"日本","pkg":"com.spaceship.screen.textcopy"},"orders":["com.recognize_text.translate.screen","com.niven.game","com.gaminik.i18n","com.niven.translator","com.screen.translate.google","com.tap_to_translate.snap_translate","com.google.android.apps.translate","com.microsoft.translator","com.spaceship.screen.textcopy","com.niven.comic","com.naver.labs.translator","com.deepl.mobiletranslator","com.google.ar.lens","com.datacomprojects.scanandtranslate","com.b1b.translator.voicetranslate.alllanguages.translator.app","com.image.camera.translate.ai","at.nk.tools.iTranslate","com.newmg.yurao.pro","com.translate.talkingtranslator","com.android.chrome"]},{"rank":{"index":7,"lang":"ko","country":"kr","chineseCountryName":"韩国","pkg":"com.spaceship.screen.textcopy"},"orders":["com.recognize_text.translate.screen","com.tap_to_translate.snap_translate","com.gaminik.i18n","com.niven.translator","com.niven.game","com.screen.translate.google","com.spaceship.screen.textcopy","com.niven.comic","com.naver.labs.translator","com.google.android.apps.translate","com.microsoft.translator","com.image.camera.translate.ai","com.newmg.yurao.pro","at.nk.tools.iTranslate","com.deepl.mobiletranslator","com.b1b.translator.voicetranslate.alllanguages.translator.app","com.facebook.orca","com.datacomprojects.scanandtranslate","com.google.ar.lens","com.discord"]},{"rank":{"index":9,"lang":"zh-hk","country":"hk","chineseCountryName":"香港","pkg":"com.spaceship.screen.textcopy"},"orders":["com.recognize_text.translate.screen","com.gaminik.i18n","com.niven.game","com.screen.translate.google","com.niven.translator","com.microsoft.translator","com.tap_to_translate.snap_translate","com.google.android.apps.translate","com.spaceship.screen.textcopy","com.niven.comic","at.nk.tools.iTranslate","com.image.camera.translate.ai","com.naver.labs.translator","com.newmg.yurao.pro","com.translate.talkingtranslator","com.datacomprojects.scanandtranslate","com.tangdi.baiguotong","com.deepl.mobiletranslator","com.b1b.translator.voicetranslate.alllanguages.translator.app","com.google.ar.lens"]},{"rank":{"index":8,"lang":"zh-tw","country":"tw","chineseCountryName":"台湾","pkg":"com.spaceship.screen.textcopy"},"orders":["com.recognize_text.translate.screen","com.gaminik.i18n","com.niven.game","com.screen.translate.google","com.niven.translator","com.microsoft.translator","com.tap_to_translate.snap_translate","com.spaceship.screen.textcopy","com.google.android.apps.translate","com.niven.comic","at.nk.tools.iTranslate","com.image.camera.translate.ai","com.datacomprojects.scanandtranslate","com.tangdi.baiguotong","com.newmg.yurao.pro","com.translate.talkingtranslator","com.naver.labs.translator","com.language.translate.free.translator.voice.translation","com.b1b.translator.voicetranslate.alllanguages.translator.app","com.deepl.mobiletranslator"]},{"rank":{"index":8,"lang":"en","country":"in","chineseCountryName":"印度","pkg":"com.spaceship.screen.textcopy"},"orders":["com.recognize_text.translate.screen","com.google.android.apps.translate","com.tap_to_translate.snap_translate","com.screen.translate.google","com.gaminik.i18n","com.niven.translator","com.niven.game","com.spaceship.screen.textcopy","at.nk.tools.iTranslate","com.zaz.translate","com.google.ar.lens","com.newmg.yurao.pro","com.naver.labs.translator","com.niven.comic","com.sayhi.android.sayhitranslate","com.deepl.mobiletranslator","com.datacomprojects.scanandtranslate","ru.yandex.translate","com.microsoft.translator"]},{"rank":{"index":7,"lang":"id","country":"id","chineseCountryName":"印尼","pkg":"com.spaceship.screen.textcopy"},"orders":["com.recognize_text.translate.screen","com.tap_to_translate.snap_translate","com.niven.translator","com.niven.game","com.gaminik.i18n","com.screen.translate.google","com.spaceship.screen.textcopy","com.niven.comic","com.newmg.yurao.pro","com.google.android.apps.translate"]},{"rank":{"index":4,"lang":"es-mx","country":"mx","chineseCountryName":"墨西哥","pkg":"com.spaceship.screen.textcopy"},"orders":["com.recognize_text.translate.screen","com.tap_to_translate.snap_translate","com.niven.game","com.spaceship.screen.textcopy","com.microsoft.translator","com.google.android.apps.translate","at.nk.tools.iTranslate","com.gaminik.i18n","com.screen.translate.google","com.niven.comic","com.deepl.mobiletranslator","ru.yandex.translate","com.newmg.yurao.pro","com.youdao.hindict","com.naver.labs.translator","com.translate.talkingtranslator","com.datacomprojects.scanandtranslate","com.google.ar.lens","com.sayhi.android.sayhitranslate","com.niven.translator"]}]