[{"rank":{"index":2,"lang":"en-us","country":"us","chineseCountryName":"美国","pkg":"com.spaceship.screen.textcopy"},"orders":["com.recognize_text.translate.screen","com.spaceship.screen.textcopy","com.tap_to_translate.snap_translate","com.google.android.apps.translate","com.gaminik.i18n","com.niven.translator","com.microsoft.translator","screen.translator.voice.translate","com.screen.translate.google","com.translate.talkingtranslator","com.niven.apptranslate","com.newmg.yurao.pro","com.datacomprojects.scanandtranslate","com.niven.game","com.mobisystems.msdict.embedded.wireless.collins.ee","com.niven.comic","com.zaz.translate","com.softissimo.reverso.context","com.deepl.mobiletranslator","com.languagetranslator.translatorapp.smartscanner.dictionary.translation.voicetranslator"]},{"rank":{"index":2,"lang":"ru","country":"ru","chineseCountryName":"俄罗斯","pkg":"com.spaceship.screen.textcopy"},"orders":["com.recognize_text.translate.screen","com.spaceship.screen.textcopy","com.tap_to_translate.snap_translate","com.gaminik.i18n","com.niven.translator","com.niven.game","com.niven.comic","com.newmg.yurao.pro","com.screen.translate.google","ru.yandex.translate","com.niven.apptranslate","com.image.camera.translate.ai","screen.translator.voice.translate","com.datacomprojects.scanandtranslate","com.eecorp.linguago","com.google.android.apps.translate","com.ticktalk.translatevoice","free.translate.all.language.translator","com.deepl.mobiletranslator","com.translate.talkingtranslator"]},{"rank":{"index":2,"lang":"fr","country":"fr","chineseCountryName":"法国","pkg":"com.spaceship.screen.textcopy"},"orders":["com.recognize_text.translate.screen","com.spaceship.screen.textcopy","com.tap_to_translate.snap_translate","com.gaminik.i18n","com.niven.translator","com.niven.game","com.niven.apptranslate","com.screen.translate.google","com.niven.comic","com.newmg.yurao.pro","com.google.android.apps.translate","screen.translator.voice.translate","com.microsoft.translator","com.translate.talkingtranslator","com.softissimo.reverso.context","free.translate.all.language.translator","com.deepl.mobiletranslator","com.image.camera.translate.ai","com.facebook.orca","com.discord"]},{"rank":{"index":2,"lang":"en-gb","country":"gb","chineseCountryName":"英国","pkg":"com.spaceship.screen.textcopy"},"orders":["com.recognize_text.translate.screen","com.spaceship.screen.textcopy","com.gaminik.i18n","com.google.android.apps.translate","com.niven.translator","screen.translator.voice.translate","com.tap_to_translate.snap_translate","com.microsoft.translator","com.screen.translate.google","com.niven.game","com.datacomprojects.scanandtranslate","com.niven.apptranslate","com.niven.comic","com.translate.talkingtranslator","com.zaz.translate","com.newmg.yurao.pro","com.deepl.mobiletranslator","camera.translator.realtime","com.eecorp.linguago","com.languagetranslator.translatorapp.smartscanner.dictionary.translation.voicetranslator"]},{"rank":{"index":2,"lang":"de","country":"de","chineseCountryName":"德国","pkg":"com.spaceship.screen.textcopy"},"orders":["com.recognize_text.translate.screen","com.spaceship.screen.textcopy","com.tap_to_translate.snap_translate","com.gaminik.i18n","com.niven.translator","com.niven.game","com.screen.translate.google","com.newmg.yurao.pro","screen.translator.voice.translate","com.niven.apptranslate","com.niven.comic","com.google.android.apps.translate","com.translate.talkingtranslator","com.microsoft.translator","com.deepl.mobiletranslator","com.image.camera.translate.ai","com.eecorp.linguago","camera.translator.realtime","com.datacomprojects.scanandtranslate","com.softissimo.reverso.context"]},{"rank":{"index":2,"lang":"it","country":"it","chineseCountryName":"意大利","pkg":"com.spaceship.screen.textcopy"},"orders":["com.recognize_text.translate.screen","com.spaceship.screen.textcopy","com.tap_to_translate.snap_translate","com.gaminik.i18n","com.niven.translator","screen.translator.voice.translate","com.niven.game","com.screen.translate.google","com.niven.comic","com.niven.apptranslate","com.google.android.apps.translate","com.microsoft.translator","com.facebook.orca","us.zoom.videomeetings","com.discord","com.google.android.apps.photos","com.softissimo.reverso.context","com.android.chrome","com.translate.talkingtranslator","com.duolingo"]},{"rank":{"index":2,"lang":"ja","country":"jp","chineseCountryName":"日本","pkg":"com.spaceship.screen.textcopy"},"orders":["com.recognize_text.translate.screen","com.spaceship.screen.textcopy","com.gaminik.i18n","com.niven.translator","com.niven.apptranslate","com.tap_to_translate.snap_translate","com.niven.game","com.google.android.apps.translate","com.niven.comic","com.screen.translate.google","com.deepl.mobiletranslator","com.translate.talkingtranslator","com.newmg.yurao.pro","com.naver.labs.translator","com.microsoft.translator","screen.translator.voice.translate","com.android.chrome","com.discord","com.google.android.apps.maps","com.facebook.orca"]},{"rank":{"index":2,"lang":"ko","country":"kr","chineseCountryName":"韩国","pkg":"com.spaceship.screen.textcopy"},"orders":["com.recognize_text.translate.screen","com.spaceship.screen.textcopy","com.gaminik.i18n","com.niven.game","com.niven.translator","com.niven.comic","com.tap_to_translate.snap_translate","com.niven.apptranslate","com.screen.translate.google","screen.translator.voice.translate","com.google.android.apps.translate","com.newmg.yurao.pro","com.naver.labs.translator","com.translate.talkingtranslator","us.zoom.videomeetings","com.facebook.orca","com.discord","com.android.chrome","com.google.android.apps.photos","com.google.android.apps.docs"]},{"rank":{"index":2,"lang":"zh-hk","country":"hk","chineseCountryName":"香港","pkg":"com.spaceship.screen.textcopy"},"orders":["com.recognize_text.translate.screen","com.spaceship.screen.textcopy","com.gaminik.i18n","com.niven.translator","com.niven.apptranslate","com.niven.game","com.tap_to_translate.snap_translate","com.screen.translate.google","screen.translator.voice.translate","com.google.android.apps.translate","com.niven.comic","com.newmg.yurao.pro","com.android.chrome","com.google.android.apps.maps","com.facebook.orca","com.discord","com.microsoft.translator","us.zoom.videomeetings","com.translate.talkingtranslator","com.google.android.apps.photos"]},{"rank":{"index":2,"lang":"zh-tw","country":"tw","chineseCountryName":"台湾","pkg":"com.spaceship.screen.textcopy"},"orders":["com.recognize_text.translate.screen","com.spaceship.screen.textcopy","com.tap_to_translate.snap_translate","com.gaminik.i18n","com.niven.translator","com.niven.game","com.niven.comic","com.niven.apptranslate","com.screen.translate.google","com.newmg.yurao.pro","com.google.android.apps.translate","screen.translator.voice.translate","com.translate.talkingtranslator","com.eecorp.linguago","free.translate.all.language.translator","com.microsoft.translator","com.naver.labs.translator","com.google.android.apps.maps","com.android.chrome","com.facebook.orca"]},{"rank":{"index":3,"lang":"en","country":"in","chineseCountryName":"印度","pkg":"com.spaceship.screen.textcopy"},"orders":["com.recognize_text.translate.screen","com.tap_to_translate.snap_translate","com.spaceship.screen.textcopy","com.google.android.apps.translate","screen.translator.voice.translate","com.newmg.yurao.pro","com.niven.translator","com.gaminik.i18n","com.zaz.translate","com.microsoft.translator","com.datacomprojects.scanandtranslate","com.languagetranslator.translatorapp.smartscanner.dictionary.translation.voicetranslator","free.translate.all.language.translator","com.screen.translate.google","com.translate.talkingtranslator","com.softissimo.reverso.context","com.naver.labs.translator","com.image.camera.translate.ai","com.flitto.app","com.google.android.inputmethod.latin"]},{"rank":{"index":2,"lang":"id","country":"id","chineseCountryName":"印尼","pkg":"com.spaceship.screen.textcopy"},"orders":["com.recognize_text.translate.screen","com.spaceship.screen.textcopy","com.tap_to_translate.snap_translate","com.gaminik.i18n","com.niven.apptranslate","com.niven.translator","com.niven.game","com.screen.translate.google","com.niven.comic","com.newmg.yurao.pro"]},{"rank":{"index":2,"lang":"es-mx","country":"mx","chineseCountryName":"墨西哥","pkg":"com.spaceship.screen.textcopy"},"orders":["com.recognize_text.translate.screen","com.spaceship.screen.textcopy","com.tap_to_translate.snap_translate","com.niven.apptranslate","com.gaminik.i18n","com.screen.translate.google","com.niven.comic","com.niven.game","screen.translator.voice.translate","com.google.android.apps.translate","com.newmg.yurao.pro","free.language.translate.translator","com.google.android.apps.photos","com.google.android.apps.docs","com.android.chrome","com.google.android.apps.maps","com.facebook.orca","us.zoom.videomeetings","com.discord","com.niven.translator"]}]