[{"rank":{"index":2,"lang":"en-us","country":"us","chineseCountryName":"美国","pkg":"com.spaceship.screen.textcopy"},"orders":["com.recognize_text.translate.screen","com.spaceship.screen.textcopy","com.tap_to_translate.snap_translate","com.google.android.apps.translate","com.screen.translate.google","com.niven.translator","com.microsoft.translator","com.gaminik.i18n","com.niven.game","com.naver.labs.translator","com.sayhi.android.sayhitranslate","com.newmg.yurao.pro","com.datacomprojects.scanandtranslate","com.niven.comic","com.google.ar.lens","com.softissimo.reverso.context","com.deepl.mobiletranslator","com.translate.talkingtranslator","jp.go.nict.voicetra","com.zaz.translate"]},{"rank":{"index":3,"lang":"ru","country":"ru","chineseCountryName":"俄罗斯","pkg":"com.spaceship.screen.textcopy"},"orders":["com.recognize_text.translate.screen","com.niven.translator","com.spaceship.screen.textcopy","com.tap_to_translate.snap_translate","com.niven.game","com.gaminik.i18n","ru.yandex.translate","com.screen.translate.google","com.microsoft.translator","com.niven.comic","com.newmg.yurao.pro","com.google.android.apps.translate","com.deepl.mobiletranslator","com.translatepost.voicetranslator.cameratranslator","com.flitto.app","com.tangdi.baiguotong","com.datacomprojects.scanandtranslate","com.language.translate.free.translator.voice.translation","com.softissimo.reverso.context","com.naver.labs.translator"]},{"rank":{"index":2,"lang":"pt-br","country":"br","chineseCountryName":"巴西","pkg":"com.spaceship.screen.textcopy"},"orders":["com.recognize_text.translate.screen","com.spaceship.screen.textcopy","com.tap_to_translate.snap_translate","com.niven.game","com.gaminik.i18n","com.microsoft.translator","com.google.android.apps.translate","com.softissimo.reverso.context","com.zaz.translate","com.sayhi.android.sayhitranslate","com.deepl.mobiletranslator","ru.yandex.translate","com.flitto.app","com.naver.labs.translator","com.niven.translator","com.screen.translate.google","com.niven.comic","com.newmg.yurao.pro","com.youdao.hindict","com.galaxy.airviewdictionary"]},{"rank":{"index":3,"lang":"fr","country":"fr","chineseCountryName":"法国","pkg":"com.spaceship.screen.textcopy"},"orders":["com.recognize_text.translate.screen","com.tap_to_translate.snap_translate","com.spaceship.screen.textcopy","com.niven.translator","com.niven.game","com.screen.translate.google","com.microsoft.translator","com.gaminik.i18n","com.google.android.apps.translate","com.niven.comic","com.datacomprojects.scanandtranslate","com.softissimo.reverso.context","com.newmg.yurao.pro","com.deepl.mobiletranslator","com.zaz.translate","com.sayhi.android.sayhitranslate","com.language.translate.free.translator.voice.translation","com.erudite.translator","com.image.camera.translate.ai","com.tangdi.baiguotong"]},{"rank":{"index":2,"lang":"en-gb","country":"gb","chineseCountryName":"英国","pkg":"com.spaceship.screen.textcopy"},"orders":["com.recognize_text.translate.screen","com.spaceship.screen.textcopy","com.microsoft.translator","com.google.android.apps.translate","com.screen.translate.google","com.gaminik.i18n","com.niven.translator","com.niven.game","com.tap_to_translate.snap_translate","com.datacomprojects.scanandtranslate","com.niven.comic","com.naver.labs.translator","com.newmg.yurao.pro","com.softissimo.reverso.context","com.sayhi.android.sayhitranslate","com.google.ar.lens","com.zaz.translate","com.language.translate.free.translator.voice.translation","com.erudite.translator","com.deepl.mobiletranslator"]},{"rank":{"index":2,"lang":"de","country":"de","chineseCountryName":"德国","pkg":"com.spaceship.screen.textcopy"},"orders":["com.recognize_text.translate.screen","com.spaceship.screen.textcopy","com.tap_to_translate.snap_translate","com.microsoft.translator","com.niven.translator","com.screen.translate.google","com.gaminik.i18n","com.niven.game","com.google.android.apps.translate","com.deepl.mobiletranslator","com.niven.comic","com.sayhi.android.sayhitranslate","com.newmg.yurao.pro","com.zaz.translate","com.datacomprojects.scanandtranslate","com.image.camera.translate.ai","com.language.translate.free.translator.voice.translation","com.translate.talkingtranslator","ru.yandex.translate","com.erudite.translator"]},{"rank":{"index":2,"lang":"it","country":"it","chineseCountryName":"意大利","pkg":"com.spaceship.screen.textcopy"},"orders":["com.recognize_text.translate.screen","com.spaceship.screen.textcopy","com.tap_to_translate.snap_translate","com.niven.translator","com.gaminik.i18n","com.screen.translate.google","com.niven.game","com.microsoft.translator","com.google.android.apps.translate","com.softissimo.reverso.context","com.niven.comic","com.newmg.yurao.pro","com.datacomprojects.scanandtranslate","com.deepl.mobiletranslator","com.image.camera.translate.ai","com.language.translate.free.translator.voice.translation","com.zaz.translate","com.sayhi.android.sayhitranslate","com.erudite.translator","com.tangdi.baiguotong"]},{"rank":{"index":2,"lang":"ja","country":"jp","chineseCountryName":"日本","pkg":"com.spaceship.screen.textcopy"},"orders":["com.recognize_text.translate.screen","com.spaceship.screen.textcopy","com.tap_to_translate.snap_translate","com.gaminik.i18n","com.niven.game","com.niven.translator","com.microsoft.translator","com.google.android.apps.translate"]},{"rank":{"index":2,"lang":"ko","country":"kr","chineseCountryName":"韩国","pkg":"com.spaceship.screen.textcopy"},"orders":["com.recognize_text.translate.screen","com.spaceship.screen.textcopy","com.tap_to_translate.snap_translate","com.gaminik.i18n","com.naver.labs.translator","com.niven.translator","com.niven.game","com.microsoft.translator","com.google.android.apps.translate"]},{"rank":{"index":2,"lang":"zh-hk","country":"hk","chineseCountryName":"香港","pkg":"com.spaceship.screen.textcopy"},"orders":["com.recognize_text.translate.screen","com.spaceship.screen.textcopy","com.gaminik.i18n","com.niven.translator","com.microsoft.translator","com.niven.game","com.google.android.apps.translate","com.screen.translate.google","com.tap_to_translate.snap_translate","com.niven.comic","com.newmg.yurao.pro","com.naver.labs.translator","com.datacomprojects.scanandtranslate"]},{"rank":{"index":2,"lang":"zh-tw","country":"tw","chineseCountryName":"台湾","pkg":"com.spaceship.screen.textcopy"},"orders":["com.recognize_text.translate.screen","com.spaceship.screen.textcopy","com.gaminik.i18n","com.niven.translator","com.screen.translate.google","com.niven.game","com.tap_to_translate.snap_translate","com.google.android.apps.translate","com.microsoft.translator","com.naver.labs.translator","com.newmg.yurao.pro","com.niven.comic","com.datacomprojects.scanandtranslate","com.translatepost.voicetranslator.cameratranslator","com.zaz.translate","com.flitto.app","com.language.translate.free.translator.voice.translation","com.deepl.mobiletranslator","jp.go.nict.voicetra","com.google.ar.lens"]},{"rank":{"index":2,"lang":"en","country":"in","chineseCountryName":"印度","pkg":"com.spaceship.screen.textcopy"},"orders":["com.recognize_text.translate.screen","com.spaceship.screen.textcopy","com.google.android.apps.translate","com.zaz.translate"]},{"rank":{"index":2,"lang":"id","country":"id","chineseCountryName":"印尼","pkg":"com.spaceship.screen.textcopy"},"orders":["com.recognize_text.translate.screen","com.spaceship.screen.textcopy","com.tap_to_translate.snap_translate","com.niven.translator","com.gaminik.i18n","com.niven.game","com.screen.translate.google","com.google.android.apps.translate","com.niven.comic","com.newmg.yurao.pro","com.youdao.hindict","com.microsoft.translator","com.naver.labs.translator"]},{"rank":{"index":2,"lang":"es-mx","country":"mx","chineseCountryName":"墨西哥","pkg":"com.spaceship.screen.textcopy"},"orders":["com.recognize_text.translate.screen","com.spaceship.screen.textcopy","com.tap_to_translate.snap_translate","com.microsoft.translator","com.niven.game","com.google.android.apps.translate","com.gaminik.i18n","com.zaz.translate","com.sayhi.android.sayhitranslate","com.deepl.mobiletranslator","com.softissimo.reverso.context","ru.yandex.translate","com.translate.talkingtranslator","com.naver.labs.translator","com.niven.translator","com.youdao.hindict","com.screen.translate.google","com.datacomprojects.scanandtranslate","com.newmg.yurao.pro","translate.all.language.translator.cameratranslator"]}]