[{"rank":{"index":2,"lang":"en-us","country":"us","chineseCountryName":"美国","pkg":"com.spaceship.screen.textcopy"},"orders":["com.recognize_text.translate.screen","com.spaceship.screen.textcopy","com.tap_to_translate.snap_translate","com.gaminik.i18n","com.newmg.yurao.pro","com.niven.translator","com.google.android.apps.translate","com.deepl.mobiletranslator","com.microsoft.translator","at.nk.tools.iTranslate"]},{"rank":{"index":2,"lang":"ru","country":"ru","chineseCountryName":"俄罗斯","pkg":"com.spaceship.screen.textcopy"},"orders":["com.recognize_text.translate.screen","com.spaceship.screen.textcopy","com.gaminik.i18n","com.niven.translator","com.tap_to_translate.snap_translate","com.newmg.yurao.pro","com.deepl.mobiletranslator","com.galaxy.airviewdictionary","com.microsoft.translator","at.nk.tools.iTranslate","ru.yandex.translate","com.screen.translate.google","com.niven.game","com.niven.apptranslate","com.google.android.apps.translate","com.hive.lingonative","com.voice_camera_free_translate","com.immersivetranslate.browser","com.eecorp.linguago","photo.translate.camera.translator"]},{"rank":{"index":2,"lang":"pt-br","country":"br","chineseCountryName":"巴西","pkg":"com.spaceship.screen.textcopy"},"orders":["com.recognize_text.translate.screen","com.spaceship.screen.textcopy","com.gaminik.i18n","com.niven.translator","com.tap_to_translate.snap_translate","com.newmg.yurao.pro","com.galaxy.airviewdictionary","com.deepl.mobiletranslator","com.screen.translate.google","com.microsoft.translator","com.niven.apptranslate","at.nk.tools.iTranslate","com.niven.game","com.eecorp.linguago","com.hive.lingonative","com.immersivetranslate.browser","live.screentranslate.realtime","com.voice_camera_free_translate","co.appnation.aivoicetranslator","com.mobisystems.msdict.embedded.wireless.collins.ee"]},{"rank":{"index":2,"lang":"fr","country":"fr","chineseCountryName":"法国","pkg":"com.spaceship.screen.textcopy"},"orders":["com.recognize_text.translate.screen","com.spaceship.screen.textcopy","com.tap_to_translate.snap_translate","com.gaminik.i18n","com.niven.translator","com.newmg.yurao.pro","com.galaxy.airviewdictionary","com.screen.translate.google","com.eecorp.linguago","com.niven.apptranslate","com.microsoft.translator","com.deepl.mobiletranslator","com.hive.lingonative","live.screentranslate.realtime","com.eecorp.taptranslator","com.niven.game","com.fapp.translate.language.translator.fasttranslation","com.datacomprojects.scanandtranslate","at.nk.tools.iTranslate","com.immersivetranslate.browser"]},{"rank":{"index":2,"lang":"en-gb","country":"gb","chineseCountryName":"英国","pkg":"com.spaceship.screen.textcopy"},"orders":["com.recognize_text.translate.screen","com.spaceship.screen.textcopy","com.tap_to_translate.snap_translate","com.niven.translator","com.gaminik.i18n","com.newmg.yurao.pro","com.google.android.apps.translate","com.microsoft.translator","com.deepl.mobiletranslator","com.galaxy.airviewdictionary","at.nk.tools.iTranslate","com.screen.translate.google","com.eecorp.linguago","com.niven.apptranslate","com.hive.lingonative","co.appnation.aivoicetranslator","com.immersivetranslate.browser","com.niven.game","live.screentranslate.realtime","screen.translator.voice.translate"]},{"rank":{"index":2,"lang":"de","country":"de","chineseCountryName":"德国","pkg":"com.spaceship.screen.textcopy"},"orders":["com.recognize_text.translate.screen","com.spaceship.screen.textcopy","com.gaminik.i18n","com.niven.translator","com.tap_to_translate.snap_translate","com.newmg.yurao.pro","com.galaxy.airviewdictionary","com.deepl.mobiletranslator","com.microsoft.translator","com.screen.translate.google","com.niven.apptranslate","com.hive.lingonative","com.eecorp.linguago","com.google.android.apps.translate","live.screentranslate.realtime","com.niven.game","com.immersivetranslate.browser","at.nk.tools.iTranslate","com.voice_camera_free_translate","com.fapp.translate.language.translator.fasttranslation"]},{"rank":{"index":2,"lang":"it","country":"it","chineseCountryName":"意大利","pkg":"com.spaceship.screen.textcopy"},"orders":["com.recognize_text.translate.screen","com.spaceship.screen.textcopy","com.gaminik.i18n","com.tap_to_translate.snap_translate","com.newmg.yurao.pro","com.niven.translator","com.microsoft.translator","com.deepl.mobiletranslator","com.galaxy.airviewdictionary","at.nk.tools.iTranslate","com.screen.translate.google"]},{"rank":{"index":2,"lang":"ja","country":"jp","chineseCountryName":"日本","pkg":"com.spaceship.screen.textcopy"},"orders":["com.recognize_text.translate.screen","com.spaceship.screen.textcopy","com.tap_to_translate.snap_translate","com.gaminik.i18n","com.newmg.yurao.pro","com.niven.translator","com.galaxy.airviewdictionary","com.screen.translate.google","com.niven.apptranslate","com.eecorp.linguago","com.microsoft.translator","com.hive.lingonative","live.screentranslate.realtime","com.eecorp.taptranslator","com.deepl.mobiletranslator"]},{"rank":{"index":2,"lang":"ko","country":"kr","chineseCountryName":"韩国","pkg":"com.spaceship.screen.textcopy"},"orders":["com.recognize_text.translate.screen","com.spaceship.screen.textcopy","com.tap_to_translate.snap_translate","com.gaminik.i18n","com.newmg.yurao.pro","com.niven.translator","com.galaxy.airviewdictionary","com.niven.apptranslate","com.screen.translate.google","com.eecorp.linguago","com.hive.lingonative","com.deepl.mobiletranslator","com.microsoft.translator"]},{"rank":{"index":2,"lang":"zh-hk","country":"hk","chineseCountryName":"香港","pkg":"com.spaceship.screen.textcopy"},"orders":["com.recognize_text.translate.screen","com.spaceship.screen.textcopy","com.tap_to_translate.snap_translate","com.gaminik.i18n","com.niven.translator","com.newmg.yurao.pro","com.galaxy.airviewdictionary","com.screen.translate.google","com.niven.apptranslate","com.deepl.mobiletranslator","com.microsoft.translator","at.nk.tools.iTranslate","com.eecorp.linguago","com.hive.lingonative","com.niven.game","live.screentranslate.realtime","com.voice_camera_free_translate","com.google.android.apps.translate","photo.translate.camera.translator","com.immersivetranslate.browser"]},{"rank":{"index":2,"lang":"zh-tw","country":"tw","chineseCountryName":"台湾","pkg":"com.spaceship.screen.textcopy"},"orders":["com.recognize_text.translate.screen","com.spaceship.screen.textcopy","com.gaminik.i18n","com.tap_to_translate.snap_translate","com.niven.translator","com.newmg.yurao.pro","com.galaxy.airviewdictionary","com.screen.translate.google","com.deepl.mobiletranslator","com.niven.apptranslate","com.microsoft.translator","at.nk.tools.iTranslate","com.eecorp.linguago","com.niven.game","com.hive.lingonative","live.screentranslate.realtime","photo.translate.camera.translator","com.voice_camera_free_translate","com.google.android.apps.translate","com.immersivetranslate.browser"]},{"rank":{"index":2,"lang":"en","country":"in","chineseCountryName":"印度","pkg":"com.spaceship.screen.textcopy"},"orders":["com.recognize_text.translate.screen","com.spaceship.screen.textcopy","com.gaminik.i18n","com.newmg.yurao.pro","com.tap_to_translate.snap_translate","com.niven.translator","com.google.android.apps.translate","com.galaxy.airviewdictionary","com.screen.translate.google","at.nk.tools.iTranslate","com.microsoft.translator","com.niven.apptranslate","com.hive.lingonative","com.voice_camera_free_translate","com.deepl.mobiletranslator","co.appnation.aivoicetranslator","com.eecorp.linguago","live.screentranslate.realtime","com.niven.game","com.immersivetranslate.browser"]},{"rank":{"index":1,"lang":"id","country":"id","chineseCountryName":"印尼","pkg":"com.spaceship.screen.textcopy"},"orders":["com.spaceship.screen.textcopy","com.recognize_text.translate.screen","com.gaminik.i18n","com.tap_to_translate.snap_translate","com.niven.translator","com.newmg.yurao.pro","com.galaxy.airviewdictionary","com.screen.translate.google","com.niven.game","com.deepl.mobiletranslator","com.eecorp.linguago","com.niven.apptranslate","at.nk.tools.iTranslate","com.hive.lingonative","com.microsoft.translator","live.screentranslate.realtime","com.google.android.apps.translate","com.eecorp.taptranslator","com.voice_camera_free_translate","co.appnation.aivoicetranslator"]},{"rank":{"index":1,"lang":"es-mx","country":"mx","chineseCountryName":"墨西哥","pkg":"com.spaceship.screen.textcopy"},"orders":["com.spaceship.screen.textcopy","com.recognize_text.translate.screen","com.gaminik.i18n","com.niven.translator","com.tap_to_translate.snap_translate","com.newmg.yurao.pro","com.galaxy.airviewdictionary","com.microsoft.translator","com.niven.apptranslate","com.screen.translate.google"]}]