[{"rank":{"index":2,"lang":"en-us","country":"us","chineseCountryName":"美国","pkg":"com.spaceship.screen.textcopy"},"orders":["com.recognize_text.translate.screen","com.spaceship.screen.textcopy","com.google.android.apps.translate","com.microsoft.translator","com.screen.translate.google","com.niven.translator","com.gaminik.i18n","com.niven.game","com.tap_to_translate.snap_translate","com.translate.talkingtranslator","at.nk.tools.iTranslate","com.niven.comic","com.datacomprojects.scanandtranslate","com.ticktalk.translatevoice","com.naver.labs.translator","com.sayhi.android.sayhitranslate","com.softissimo.reverso.context","com.mobisystems.msdict.embedded.wireless.collins.ee","com.google.ar.lens","com.b1b.translator.voicetranslate.alllanguages.translator.app"]},{"rank":{"index":2,"lang":"ru","country":"ru","chineseCountryName":"俄罗斯","pkg":"com.spaceship.screen.textcopy"},"orders":["com.recognize_text.translate.screen","com.spaceship.screen.textcopy","com.niven.translator","com.tap_to_translate.snap_translate","com.niven.game","com.gaminik.i18n","com.screen.translate.google","ru.yandex.translate","com.microsoft.translator","com.niven.comic","com.newmg.yurao.pro","com.niven.apptranslate","com.google.android.apps.translate","com.deepl.mobiletranslator","com.datacomprojects.scanandtranslate","com.android.chrome","com.facebook.orca","com.discord","com.wooask.zx","com.google.android.dialer"]},{"rank":{"index":2,"lang":"pt-br","country":"br","chineseCountryName":"巴西","pkg":"com.spaceship.screen.textcopy"},"orders":["com.recognize_text.translate.screen","com.spaceship.screen.textcopy","com.tap_to_translate.snap_translate","com.niven.game","com.gaminik.i18n","com.screen.translate.google","com.google.android.apps.translate","com.microsoft.translator","com.niven.comic","at.nk.tools.iTranslate","com.deepl.mobiletranslator","com.naver.labs.translator","ru.yandex.translate","com.galaxy.airviewdictionary","com.google.ar.lens","com.translate.talkingtranslator","com.softissimo.reverso.context","com.newmg.yurao.pro","com.sayhi.android.sayhitranslate","com.niven.apptranslate"]},{"rank":{"index":2,"lang":"fr","country":"fr","chineseCountryName":"法国","pkg":"com.spaceship.screen.textcopy"},"orders":["com.recognize_text.translate.screen","com.spaceship.screen.textcopy","com.tap_to_translate.snap_translate","com.niven.translator","com.gaminik.i18n","com.screen.translate.google","com.niven.game","com.microsoft.translator","com.niven.comic","com.google.android.apps.translate","com.newmg.yurao.pro","com.niven.apptranslate","com.facebook.orca","at.nk.tools.iTranslate","com.softissimo.reverso.context","com.datacomprojects.scanandtranslate","com.deepl.mobiletranslator","com.wooask.zx","com.android.chrome","com.discord"]},{"rank":{"index":2,"lang":"en-gb","country":"gb","chineseCountryName":"英国","pkg":"com.spaceship.screen.textcopy"},"orders":["com.recognize_text.translate.screen","com.spaceship.screen.textcopy","com.screen.translate.google","com.microsoft.translator","com.google.android.apps.translate","com.gaminik.i18n","com.niven.translator","com.niven.game","com.tap_to_translate.snap_translate","com.niven.comic","at.nk.tools.iTranslate","com.b1b.translator.voicetranslate.alllanguages.translator.app","com.datacomprojects.scanandtranslate","com.newmg.yurao.pro","com.softissimo.reverso.context","com.niven.apptranslate","com.mobisystems.msdict.embedded.wireless.collins.ee","com.image.camera.translate.ai","com.google.ar.lens","com.ticktalk.translatevoice"]},{"rank":{"index":2,"lang":"de","country":"de","chineseCountryName":"德国","pkg":"com.spaceship.screen.textcopy"},"orders":["com.recognize_text.translate.screen","com.spaceship.screen.textcopy","com.tap_to_translate.snap_translate","com.niven.translator","com.microsoft.translator","com.gaminik.i18n","com.screen.translate.google","com.niven.game","com.google.android.apps.translate","com.softissimo.reverso.context","com.niven.comic","com.datacomprojects.scanandtranslate","com.deepl.mobiletranslator","com.translate.talkingtranslator","at.nk.tools.iTranslate","com.image.camera.translate.ai","com.newmg.yurao.pro","com.wooask.zx","ru.yandex.translate","com.niven.apptranslate"]},{"rank":{"index":2,"lang":"it","country":"it","chineseCountryName":"意大利","pkg":"com.spaceship.screen.textcopy"},"orders":["com.recognize_text.translate.screen","com.spaceship.screen.textcopy","com.gaminik.i18n","com.screen.translate.google","com.niven.translator","com.niven.game","com.tap_to_translate.snap_translate","com.microsoft.translator","com.google.android.apps.translate","com.niven.comic","com.softissimo.reverso.context","com.newmg.yurao.pro","com.image.camera.translate.ai","com.datacomprojects.scanandtranslate","at.nk.tools.iTranslate","com.niven.apptranslate","com.deepl.mobiletranslator","com.facebook.orca","com.b1b.translator.voicetranslate.alllanguages.translator.app","com.wooask.zx"]},{"rank":{"index":2,"lang":"ja","country":"jp","chineseCountryName":"日本","pkg":"com.spaceship.screen.textcopy"},"orders":["com.recognize_text.translate.screen","com.spaceship.screen.textcopy","com.niven.game","com.gaminik.i18n","com.niven.translator","com.screen.translate.google","com.microsoft.translator","com.tap_to_translate.snap_translate","com.google.android.apps.translate","com.niven.comic","com.google.ar.lens","com.naver.labs.translator","com.deepl.mobiletranslator","com.niven.apptranslate","com.datacomprojects.scanandtranslate","com.facebook.orca","com.android.chrome","com.discord","at.nk.tools.iTranslate","com.amazon.kindle"]},{"rank":{"index":2,"lang":"ko","country":"kr","chineseCountryName":"韩国","pkg":"com.spaceship.screen.textcopy"},"orders":["com.recognize_text.translate.screen","com.spaceship.screen.textcopy","com.tap_to_translate.snap_translate","com.gaminik.i18n","com.niven.translator","com.niven.game","com.screen.translate.google","com.niven.comic","com.naver.labs.translator","com.google.android.apps.translate","com.niven.apptranslate","com.microsoft.translator","com.newmg.yurao.pro","com.facebook.orca","com.discord","com.android.chrome","com.duolingo","com.sec.android.app.sbrowser","us.zoom.videomeetings","com.google.ar.lens"]},{"rank":{"index":2,"lang":"zh-hk","country":"hk","chineseCountryName":"香港","pkg":"com.spaceship.screen.textcopy"},"orders":["com.recognize_text.translate.screen","com.spaceship.screen.textcopy","com.gaminik.i18n","com.screen.translate.google","com.niven.translator","com.niven.game","com.microsoft.translator","com.google.android.apps.translate","com.tap_to_translate.snap_translate","com.niven.comic","at.nk.tools.iTranslate","com.naver.labs.translator","com.newmg.yurao.pro","com.datacomprojects.scanandtranslate","com.image.camera.translate.ai","com.niven.apptranslate","com.translate.talkingtranslator","com.tangdi.baiguotong","com.gonext.chinesetranslator","com.google.ar.lens"]},{"rank":{"index":2,"lang":"zh-tw","country":"tw","chineseCountryName":"台湾","pkg":"com.spaceship.screen.textcopy"},"orders":["com.recognize_text.translate.screen","com.spaceship.screen.textcopy","com.gaminik.i18n","com.screen.translate.google","com.niven.game","com.niven.translator","com.microsoft.translator","com.tap_to_translate.snap_translate","com.niven.comic","com.google.android.apps.translate","com.newmg.yurao.pro","at.nk.tools.iTranslate","com.niven.apptranslate","com.tangdi.baiguotong","com.image.camera.translate.ai","com.datacomprojects.scanandtranslate","com.facebook.orca","com.translate.talkingtranslator","com.google.ar.lens","com.youdao.hindict"]},{"rank":{"index":2,"lang":"en","country":"in","chineseCountryName":"印度","pkg":"com.spaceship.screen.textcopy"},"orders":["com.recognize_text.translate.screen","com.spaceship.screen.textcopy","com.google.android.apps.translate","com.tap_to_translate.snap_translate","com.screen.translate.google","com.newmg.yurao.pro","com.microsoft.translator","com.niven.translator","com.niven.game","com.gaminik.i18n","com.zaz.translate","at.nk.tools.iTranslate","com.google.ar.lens","com.naver.labs.translator","ru.yandex.translate"]},{"rank":{"index":2,"lang":"id","country":"id","chineseCountryName":"印尼","pkg":"com.spaceship.screen.textcopy"},"orders":["com.recognize_text.translate.screen","com.spaceship.screen.textcopy","com.tap_to_translate.snap_translate","com.niven.translator","com.screen.translate.google","com.gaminik.i18n","com.niven.game","com.niven.comic","com.youdao.hindict","com.google.android.apps.translate"]},{"rank":{"index":2,"lang":"es-mx","country":"mx","chineseCountryName":"墨西哥","pkg":"com.spaceship.screen.textcopy"},"orders":["com.recognize_text.translate.screen","com.spaceship.screen.textcopy","com.tap_to_translate.snap_translate","com.niven.game","com.gaminik.i18n","com.microsoft.translator","com.google.android.apps.translate","com.screen.translate.google","at.nk.tools.iTranslate","com.niven.comic","ru.yandex.translate","com.deepl.mobiletranslator","com.naver.labs.translator","com.youdao.hindict","com.google.ar.lens","com.translate.talkingtranslator","com.softissimo.reverso.context","com.newmg.yurao.pro","com.sayhi.android.sayhitranslate","com.niven.translator"]}]