[{"rank":{"index":2,"lang":"en-us","country":"us","chineseCountryName":"美国","pkg":"com.spaceship.screen.textcopy"},"orders":["com.recognize_text.translate.screen","com.spaceship.screen.textcopy","com.gaminik.i18n","com.hc.texttranslator.screentranslator.chattranslator","com.niven.translator","com.newmg.yurao.pro","com.tap_to_translate.snap_translate","com.microsoft.translator","com.aurasense.screentranslate","at.nk.tools.iTranslate","com.google.android.apps.translate","com.screen.translate.google","com.eecorp.linguago","com.naver.labs.translator","com.galaxy.airviewdictionary","com.zaz.translate","com.eecorp.taptranslator","co.langlang.translator_for_wsp","com.niven.game","com.deepl.mobiletranslator"]},{"rank":{"index":3,"lang":"ru","country":"ru","chineseCountryName":"俄罗斯","pkg":"com.spaceship.screen.textcopy"},"orders":["com.recognize_text.translate.screen","com.niven.translator","com.spaceship.screen.textcopy","com.gaminik.i18n","com.hc.texttranslator.screentranslator.chattranslator","com.tap_to_translate.snap_translate","com.newmg.yurao.pro","com.aurasense.screentranslate","com.screen.translate.google","com.microsoft.translator","com.eecorp.linguago","com.yoyodev.screentranslate","com.galaxy.airviewdictionary","com.niven.game","at.nk.tools.iTranslate","photo.translate.camera.translator","translateonscreen.taptotranslate.screentranslator.screenandphototranslator","com.google.android.apps.translate","com.screen.translator.text.recognize","screen.translator.voice.translate"]},{"rank":{"index":2,"lang":"pt-br","country":"br","chineseCountryName":"巴西","pkg":"com.spaceship.screen.textcopy"},"orders":["com.recognize_text.translate.screen","com.spaceship.screen.textcopy","com.niven.translator","com.gaminik.i18n","com.hc.texttranslator.screentranslator.chattranslator","com.newmg.yurao.pro","com.tap_to_translate.snap_translate","com.screen.translate.google","com.eecorp.linguago","at.nk.tools.iTranslate","com.microsoft.translator","com.aurasense.screentranslate","com.galaxy.airviewdictionary","com.niven.game","com.paninitranslate","com.eecorp.taptranslator","link.zhidou.btranslator","ai.voiser.aidubbing","translateonscreen.taptotranslate.screentranslator.screenandphototranslator","screen.translator.voice.translate"]},{"rank":{"index":2,"lang":"fr","country":"fr","chineseCountryName":"法国","pkg":"com.spaceship.screen.textcopy"},"orders":["com.recognize_text.translate.screen","com.spaceship.screen.textcopy","com.hc.texttranslator.screentranslator.chattranslator","com.niven.translator","com.tap_to_translate.snap_translate","com.newmg.yurao.pro","com.gaminik.i18n","com.screen.translate.google","com.eecorp.linguago","com.aurasense.screentranslate","com.yoyodev.screentranslate","com.eecorp.taptranslator","live.screentranslate.realtime","com.niven.game","at.nk.tools.iTranslate","screen.translator.voice.translate","com.hive.lingonative","com.galaxy.airviewdictionary","photo.translate.camera.translator","com.fortuna.screentranslator"]},{"rank":{"index":2,"lang":"en-gb","country":"gb","chineseCountryName":"英国","pkg":"com.spaceship.screen.textcopy"},"orders":["com.recognize_text.translate.screen","com.spaceship.screen.textcopy","com.niven.translator","com.hc.texttranslator.screentranslator.chattranslator","com.tap_to_translate.snap_translate","com.newmg.yurao.pro","com.gaminik.i18n","com.microsoft.translator","com.screen.translate.google","com.aurasense.screentranslate","at.nk.tools.iTranslate","com.google.android.apps.translate","com.eecorp.linguago","com.galaxy.airviewdictionary","com.zaz.translate","screen.translator.voice.translate","com.deepl.mobiletranslator","com.niven.game","com.yoyodev.screentranslate","translateonscreen.taptotranslate.screentranslator.screenandphototranslator"]},{"rank":{"index":1,"lang":"de","country":"de","chineseCountryName":"德国","pkg":"com.spaceship.screen.textcopy"},"orders":["com.spaceship.screen.textcopy","com.recognize_text.translate.screen","com.gaminik.i18n","com.niven.translator","com.hc.texttranslator.screentranslator.chattranslator","com.tap_to_translate.snap_translate","com.newmg.yurao.pro","com.screen.translate.google","com.aurasense.screentranslate","com.yoyodev.screentranslate","com.eecorp.linguago","com.galaxy.airviewdictionary","at.nk.tools.iTranslate","live.screentranslate.realtime","com.eecorp.taptranslator","com.microsoft.translator","com.hive.lingonative","link.zhidou.btranslator","com.fortuna.screentranslator","screen.translator.voice.translate"]},{"rank":{"index":2,"lang":"it","country":"it","chineseCountryName":"意大利","pkg":"com.spaceship.screen.textcopy"},"orders":["com.recognize_text.translate.screen","com.spaceship.screen.textcopy","com.gaminik.i18n","com.hc.texttranslator.screentranslator.chattranslator","com.tap_to_translate.snap_translate","com.niven.translator","com.newmg.yurao.pro","com.screen.translate.google","com.eecorp.linguago","com.yoyodev.screentranslate","com.paninitranslate","com.aurasense.screentranslate"]},{"rank":{"index":4,"lang":"ja","country":"jp","chineseCountryName":"日本","pkg":"com.spaceship.screen.textcopy"},"orders":["com.recognize_text.translate.screen","com.tap_to_translate.snap_translate","com.hc.texttranslator.screentranslator.chattranslator","com.spaceship.screen.textcopy","com.niven.translator","com.gaminik.i18n","com.newmg.yurao.pro","com.screen.translate.google","com.eecorp.linguago","com.galaxy.airviewdictionary","com.microsoft.translator","com.aurasense.screentranslate","com.fortuna.screentranslator","com.naver.labs.translator","com.deepl.mobiletranslator"]},{"rank":{"index":2,"lang":"ko","country":"kr","chineseCountryName":"韩国","pkg":"com.spaceship.screen.textcopy"},"orders":["com.recognize_text.translate.screen","com.spaceship.screen.textcopy","com.gaminik.i18n","com.hc.texttranslator.screentranslator.chattranslator","com.niven.translator","com.tap_to_translate.snap_translate","com.newmg.yurao.pro","com.screen.translate.google","com.eecorp.linguago","com.aurasense.screentranslate"]},{"rank":{"index":2,"lang":"zh-hk","country":"hk","chineseCountryName":"香港","pkg":"com.spaceship.screen.textcopy"},"orders":["com.recognize_text.translate.screen","com.spaceship.screen.textcopy","com.tap_to_translate.snap_translate","com.hc.texttranslator.screentranslator.chattranslator","com.niven.translator","com.newmg.yurao.pro","com.gaminik.i18n","at.nk.tools.iTranslate","com.aurasense.screentranslate","com.screen.translate.google","com.microsoft.translator","com.eecorp.linguago","com.galaxy.airviewdictionary","com.google.android.apps.translate","com.deepl.mobiletranslator","co.langlang.translator_for_wsp","com.niven.game","com.eecorp.taptranslator","com.naver.labs.translator","translateonscreen.taptotranslate.screentranslator.screenandphototranslator"]},{"rank":{"index":1,"lang":"zh-tw","country":"tw","chineseCountryName":"台湾","pkg":"com.spaceship.screen.textcopy"},"orders":["com.spaceship.screen.textcopy","com.recognize_text.translate.screen","com.hc.texttranslator.screentranslator.chattranslator","com.tap_to_translate.snap_translate","com.newmg.yurao.pro","com.gaminik.i18n","com.niven.translator","com.screen.translate.google","com.aurasense.screentranslate","at.nk.tools.iTranslate","com.eecorp.linguago","com.microsoft.translator","com.galaxy.airviewdictionary","com.niven.game","com.eecorp.taptranslator","com.deepl.mobiletranslator","screen.translator.voice.translate","com.google.android.apps.translate","com.naver.labs.translator","translateonscreen.taptotranslate.screentranslator.screenandphototranslator"]},{"rank":{"index":0,"lang":"en","country":"in","chineseCountryName":"印度","pkg":"com.spaceship.screen.textcopy"},"orders":["com.recognize_text.translate.screen","com.niven.translator","com.hc.texttranslator.screentranslator.chattranslator","com.tap_to_translate.snap_translate","com.newmg.yurao.pro","com.aurasense.screentranslate","com.gaminik.i18n","com.screen.translate.google","com.microsoft.translator","at.nk.tools.iTranslate","com.eecorp.linguago","com.galaxy.airviewdictionary","com.google.android.apps.translate"]},{"rank":{"index":2,"lang":"id","country":"id","chineseCountryName":"印尼","pkg":"com.spaceship.screen.textcopy"},"orders":["com.recognize_text.translate.screen","com.spaceship.screen.textcopy","com.gaminik.i18n","com.niven.translator","com.hc.texttranslator.screentranslator.chattranslator","com.tap_to_translate.snap_translate","com.aurasense.screentranslate","com.newmg.yurao.pro","com.screen.translate.google","com.eecorp.linguago","at.nk.tools.iTranslate","com.niven.game","com.deepl.mobiletranslator","com.galaxy.airviewdictionary","com.microsoft.translator","com.yoyodev.screentranslate","com.naver.labs.translator","com.eecorp.taptranslator","screen.translator.voice.translate","com.google.android.apps.translate"]},{"rank":{"index":2,"lang":"es-mx","country":"mx","chineseCountryName":"墨西哥","pkg":"com.spaceship.screen.textcopy"},"orders":["com.recognize_text.translate.screen","com.spaceship.screen.textcopy","com.niven.translator","com.hc.texttranslator.screentranslator.chattranslator","com.gaminik.i18n","com.newmg.yurao.pro","com.tap_to_translate.snap_translate","com.eecorp.linguago","com.screen.translate.google","at.nk.tools.iTranslate","com.niven.game","com.yoyodev.screentranslate","live.screentranslate.realtime","com.microsoft.translator"]}]