[{"rank":{"index":2,"lang":"en-us","country":"us","chineseCountryName":"美国","pkg":"com.spaceship.screen.textcopy"},"orders":["com.recognize_text.translate.screen","com.spaceship.screen.textcopy","com.tap_to_translate.snap_translate","com.niven.translator","com.microsoft.translator","com.gaminik.i18n","com.niven.game","com.google.android.apps.translate","com.newmg.yurao.pro","com.niven.comic","com.zaz.translate","com.naver.labs.translator","com.screen.translate.google","com.language.translate.free.translator.voice.translation","com.mobisystems.msdict.embedded.wireless.collins.ee","com.translate.talkingtranslator","com.sayhi.android.sayhitranslate","jp.go.nict.voicetra","translate.all.language.translator.cameratranslator","com.languagetranslator.translatorapp.smartscanner.dictionary.translation.voicetranslator"]},{"rank":{"index":2,"lang":"ru","country":"ru","chineseCountryName":"俄罗斯","pkg":"com.spaceship.screen.textcopy"},"orders":["com.recognize_text.translate.screen","com.spaceship.screen.textcopy","com.niven.translator","com.tap_to_translate.snap_translate","com.microsoft.translator","com.niven.game","com.newmg.yurao.pro","com.gaminik.i18n","ru.yandex.translate","com.google.android.apps.translate","com.niven.comic","com.screen.translate.google","com.deepl.mobiletranslator","com.language.translate.free.translator.voice.translation","com.translate.language.translator.voice.translation","com.translate.talkingtranslator","com.tangdi.baiguotong","com.niven.apptranslate","com.softissimo.reverso.context","com.erudite.translator"]},{"rank":{"index":2,"lang":"pt-br","country":"br","chineseCountryName":"巴西","pkg":"com.spaceship.screen.textcopy"},"orders":["com.recognize_text.translate.screen","com.spaceship.screen.textcopy","com.tap_to_translate.snap_translate","com.niven.translator","com.niven.game","com.gaminik.i18n","com.niven.comic","com.newmg.yurao.pro","com.microsoft.translator","com.screen.translate.google","com.niven.apptranslate","com.google.android.apps.translate","com.language.translate.free.translator.voice.translation","com.languagetranslator.translatorapp.smartscanner.dictionary.translation.voicetranslator","com.deepl.mobiletranslator","com.translate.talkingtranslator","com.softissimo.reverso.context","com.aldoo.pdftranslatorpro","com.android.chrome","instant.text.translate"]},{"rank":{"index":2,"lang":"fr","country":"fr","chineseCountryName":"法国","pkg":"com.spaceship.screen.textcopy"},"orders":["com.recognize_text.translate.screen","com.spaceship.screen.textcopy","com.tap_to_translate.snap_translate","com.gaminik.i18n","com.niven.translator","com.microsoft.translator","com.niven.game","com.newmg.yurao.pro","com.niven.comic","com.language.translate.free.translator.voice.translation","com.screen.translate.google","com.translate.talkingtranslator","com.zaz.translate","com.softissimo.reverso.context","com.google.android.apps.translate","com.tangdi.baiguotong","com.niven.apptranslate","com.deepl.mobiletranslator","com.languagetranslator.translatorapp.smartscanner.dictionary.translation.voicetranslator","jp.go.nict.voicetra"]},{"rank":{"index":2,"lang":"en-gb","country":"gb","chineseCountryName":"英国","pkg":"com.spaceship.screen.textcopy"},"orders":["com.recognize_text.translate.screen","com.spaceship.screen.textcopy","com.tap_to_translate.snap_translate","com.gaminik.i18n","com.microsoft.translator","com.niven.translator","com.google.android.apps.translate","com.niven.game","com.newmg.yurao.pro","com.niven.comic","com.screen.translate.google","com.zaz.translate","com.mobisystems.msdict.embedded.wireless.collins.ee","com.language.translate.free.translator.voice.translation","com.naver.labs.translator","jp.go.nict.voicetra","com.languagetranslator.translatorapp.smartscanner.dictionary.translation.voicetranslator","com.sayhi.android.sayhitranslate","com.translate.talkingtranslator","com.softissimo.reverso.context"]},{"rank":{"index":2,"lang":"de","country":"de","chineseCountryName":"德国","pkg":"com.spaceship.screen.textcopy"},"orders":["com.recognize_text.translate.screen","com.spaceship.screen.textcopy","com.tap_to_translate.snap_translate","com.microsoft.translator","com.niven.translator","com.gaminik.i18n","com.niven.game","com.niven.comic","com.newmg.yurao.pro","com.translate.talkingtranslator","com.screen.translate.google","com.language.translate.free.translator.voice.translation","com.deepl.mobiletranslator","com.google.android.apps.translate","com.zaz.translate","com.erudite.translator","translate.all.language.translator.cameratranslator","com.sayhi.android.sayhitranslate","com.mobisystems.msdict.embedded.wireless.collins.ee","com.ticktalk.translatevoice"]},{"rank":{"index":2,"lang":"it","country":"it","chineseCountryName":"意大利","pkg":"com.spaceship.screen.textcopy"},"orders":["com.recognize_text.translate.screen","com.spaceship.screen.textcopy","com.tap_to_translate.snap_translate","com.gaminik.i18n","com.niven.translator","com.niven.game","com.microsoft.translator","com.newmg.yurao.pro","com.niven.comic","com.language.translate.free.translator.voice.translation","com.screen.translate.google","com.google.android.apps.translate","com.translate.talkingtranslator","com.zaz.translate","com.deepl.mobiletranslator","com.niven.apptranslate","com.softissimo.reverso.context","com.tangdi.baiguotong","com.royalappcode.translation.voice.language.chat.interpreter","instant.text.translate"]},{"rank":{"index":2,"lang":"ja","country":"jp","chineseCountryName":"日本","pkg":"com.spaceship.screen.textcopy"},"orders":["com.recognize_text.translate.screen","com.spaceship.screen.textcopy","com.tap_to_translate.snap_translate","com.gaminik.i18n","com.niven.game","com.microsoft.translator","com.niven.translator","com.naver.labs.translator","com.newmg.yurao.pro","com.niven.comic","com.deepl.mobiletranslator","jp.go.nict.voicetra"]},{"rank":{"index":2,"lang":"ko","country":"kr","chineseCountryName":"韩国","pkg":"com.spaceship.screen.textcopy"},"orders":["com.recognize_text.translate.screen","com.spaceship.screen.textcopy","com.tap_to_translate.snap_translate","com.gaminik.i18n","com.microsoft.translator","com.niven.translator","com.naver.labs.translator","com.niven.game","com.google.android.apps.translate","com.newmg.yurao.pro","com.niven.comic","com.flitto.app","com.screen.translate.google","com.deepl.mobiletranslator","com.language.translate.free.translator.voice.translation","com.zaz.translate","com.translate.talkingtranslator","translate.all.language.translator.cameratranslator","com.mobisystems.msdict.embedded.wireless.collins.ee","jp.go.nict.voicetra"]},{"rank":{"index":2,"lang":"zh-hk","country":"hk","chineseCountryName":"香港","pkg":"com.spaceship.screen.textcopy"},"orders":["com.recognize_text.translate.screen","com.spaceship.screen.textcopy","com.tap_to_translate.snap_translate","com.gaminik.i18n","com.microsoft.translator","com.niven.translator","com.niven.game","com.google.android.apps.translate","com.niven.comic","com.newmg.yurao.pro","com.naver.labs.translator","jp.go.nict.voicetra","com.screen.translate.google","com.tangdi.baiguotong","com.mobisystems.msdict.embedded.wireless.collins.ee","com.language.translate.free.translator.voice.translation","translate.all.language.translator.cameratranslator","com.zaz.translate","com.translate.talkingtranslator","com.google.ar.lens"]},{"rank":{"index":2,"lang":"zh-tw","country":"tw","chineseCountryName":"台湾","pkg":"com.spaceship.screen.textcopy"},"orders":["com.recognize_text.translate.screen","com.spaceship.screen.textcopy","com.tap_to_translate.snap_translate","com.gaminik.i18n","com.microsoft.translator","com.niven.translator","com.niven.game","com.google.android.apps.translate","com.niven.comic","com.newmg.yurao.pro","com.naver.labs.translator","com.language.translate.free.translator.voice.translation","jp.go.nict.voicetra","com.translate.talkingtranslator","com.screen.translate.google","com.tangdi.baiguotong","com.mobisystems.msdict.embedded.wireless.collins.ee","translate.all.language.translator.cameratranslator","com.flitto.app","com.zaz.translate"]},{"rank":{"index":2,"lang":"en","country":"in","chineseCountryName":"印度","pkg":"com.spaceship.screen.textcopy"},"orders":["com.recognize_text.translate.screen","com.spaceship.screen.textcopy","com.tap_to_translate.snap_translate"]},{"rank":{"index":2,"lang":"id","country":"id","chineseCountryName":"印尼","pkg":"com.spaceship.screen.textcopy"},"orders":["com.recognize_text.translate.screen","com.spaceship.screen.textcopy","com.tap_to_translate.snap_translate","com.niven.translator","com.niven.game","com.gaminik.i18n","com.niven.comic","com.newmg.yurao.pro","com.screen.translate.google","com.microsoft.translator","com.youdao.hindict","com.google.android.apps.translate"]},{"rank":{"index":2,"lang":"es-mx","country":"mx","chineseCountryName":"墨西哥","pkg":"com.spaceship.screen.textcopy"},"orders":["com.recognize_text.translate.screen","com.spaceship.screen.textcopy","com.tap_to_translate.snap_translate","com.niven.translator","com.niven.game","com.gaminik.i18n","com.microsoft.translator","com.newmg.yurao.pro","com.niven.comic","com.screen.translate.google","com.google.android.apps.translate","com.aldoo.pdftranslatorpro","com.language.translate.free.translator.voice.translation","com.niven.apptranslate","com.translate.talkingtranslator","com.youdao.hindict","com.deepl.mobiletranslator","com.mobisystems.msdict.embedded.wireless.collins.ee","com.google.ar.lens","com.softissimo.reverso.context"]}]