[{"rank":{"index":2,"lang":"en-us","country":"us","chineseCountryName":"美国","pkg":"com.spaceship.screen.textcopy"},"orders":["com.recognize_text.translate.screen","com.spaceship.screen.textcopy","com.niven.translator","com.tap_to_translate.snap_translate","com.microsoft.translator","com.google.android.apps.translate","com.gaminik.i18n","com.niven.game","com.zaz.translate","at.nk.tools.iTranslate","com.newmg.yurao.pro","com.niven.comic","com.language.translate.free.translator.voice.translation","com.datacomprojects.scanandtranslate","com.translate.talkingtranslator","com.translate.language.translator.voice.translation","com.deepl.mobiletranslator","com.sayhi.android.sayhitranslate","com.screen.translate.google","com.naver.labs.translator"]},{"rank":{"index":2,"lang":"ru","country":"ru","chineseCountryName":"俄罗斯","pkg":"com.spaceship.screen.textcopy"},"orders":["com.recognize_text.translate.screen","com.spaceship.screen.textcopy","com.niven.translator","com.tap_to_translate.snap_translate","com.microsoft.translator","com.niven.game","com.gaminik.i18n","com.newmg.yurao.pro","com.google.android.apps.translate","com.datacomprojects.scanandtranslate","ru.yandex.translate","at.nk.tools.iTranslate","com.zaz.translate","com.niven.comic","com.language.translate.free.translator.voice.translation","com.deepl.mobiletranslator","com.screen.translate.google","com.wooask.zx","com.translate.talkingtranslator","com.tangdi.baiguotong"]},{"rank":{"index":2,"lang":"pt-br","country":"br","chineseCountryName":"巴西","pkg":"com.spaceship.screen.textcopy"},"orders":["com.recognize_text.translate.screen","com.spaceship.screen.textcopy","com.tap_to_translate.snap_translate","com.niven.translator","com.niven.game","com.gaminik.i18n","com.microsoft.translator","com.niven.comic","com.newmg.yurao.pro","at.nk.tools.iTranslate","com.zaz.translate","com.google.android.apps.translate","com.screen.translate.google","com.translate.language.translator.voice.translation","com.textgoapp.translate.lite","com.language.translate.free.translator.voice.translation","com.deepl.mobiletranslator","com.voice_camera_free_translate","com.niven.apptranslate","com.android.chrome"]},{"rank":{"index":2,"lang":"fr","country":"fr","chineseCountryName":"法国","pkg":"com.spaceship.screen.textcopy"},"orders":["com.recognize_text.translate.screen","com.spaceship.screen.textcopy","com.tap_to_translate.snap_translate","com.gaminik.i18n","com.niven.translator","com.niven.game","com.microsoft.translator","com.zaz.translate","com.newmg.yurao.pro","com.niven.comic","at.nk.tools.iTranslate","com.google.android.apps.translate","com.language.translate.free.translator.voice.translation","com.screen.translate.google","com.translate.talkingtranslator","com.deepl.mobiletranslator","com.niven.apptranslate","com.textgoapp.translate.lite","com.google.ar.lens","com.datacomprojects.scanandtranslate"]},{"rank":{"index":2,"lang":"en-gb","country":"gb","chineseCountryName":"英国","pkg":"com.spaceship.screen.textcopy"},"orders":["com.recognize_text.translate.screen","com.spaceship.screen.textcopy","com.microsoft.translator","com.tap_to_translate.snap_translate","com.google.android.apps.translate","com.niven.translator","com.gaminik.i18n","com.zaz.translate","com.niven.game","at.nk.tools.iTranslate","com.language.translate.free.translator.voice.translation","com.niven.comic","com.newmg.yurao.pro","com.datacomprojects.scanandtranslate","com.youdao.hindict","com.google.ar.lens","com.translate.talkingtranslator","com.wooask.zx","com.screen.translate.google","com.deepl.mobiletranslator"]},{"rank":{"index":2,"lang":"de","country":"de","chineseCountryName":"德国","pkg":"com.spaceship.screen.textcopy"},"orders":["com.recognize_text.translate.screen","com.spaceship.screen.textcopy","com.tap_to_translate.snap_translate","com.microsoft.translator","com.niven.translator","com.gaminik.i18n","com.niven.game","com.zaz.translate","at.nk.tools.iTranslate","com.niven.comic","com.language.translate.free.translator.voice.translation","com.newmg.yurao.pro","com.google.android.apps.translate","com.deepl.mobiletranslator","com.translate.talkingtranslator","com.datacomprojects.scanandtranslate","com.screen.translate.google","com.wooask.zx","ru.yandex.translate","com.erudite.translator"]},{"rank":{"index":2,"lang":"it","country":"it","chineseCountryName":"意大利","pkg":"com.spaceship.screen.textcopy"},"orders":["com.recognize_text.translate.screen","com.spaceship.screen.textcopy","com.tap_to_translate.snap_translate","com.niven.translator","com.gaminik.i18n","com.niven.game","com.microsoft.translator","at.nk.tools.iTranslate","com.niven.comic","com.zaz.translate","com.newmg.yurao.pro","com.language.translate.free.translator.voice.translation","com.google.android.apps.translate","com.deepl.mobiletranslator","com.datacomprojects.scanandtranslate","com.screen.translate.google","com.translate.talkingtranslator","com.textgoapp.translate.lite","com.tangdi.baiguotong","com.niven.apptranslate"]},{"rank":{"index":2,"lang":"ja","country":"jp","chineseCountryName":"日本","pkg":"com.spaceship.screen.textcopy"},"orders":["com.recognize_text.translate.screen","com.spaceship.screen.textcopy","com.gaminik.i18n","com.tap_to_translate.snap_translate","com.niven.game","com.niven.translator","com.microsoft.translator","com.newmg.yurao.pro","com.niven.comic","com.language.translate.free.translator.voice.translation","com.zaz.translate","at.nk.tools.iTranslate","com.google.android.apps.translate","com.translate.talkingtranslator","com.naver.labs.translator","com.screen.translate.google","com.deepl.mobiletranslator","com.niven.apptranslate","com.google.ar.lens","jp.go.nict.voicetra"]},{"rank":{"index":2,"lang":"ko","country":"kr","chineseCountryName":"韩国","pkg":"com.spaceship.screen.textcopy"},"orders":["com.recognize_text.translate.screen","com.spaceship.screen.textcopy","com.tap_to_translate.snap_translate","com.microsoft.translator","com.google.android.apps.translate","com.niven.translator","com.gaminik.i18n","com.niven.game","at.nk.tools.iTranslate","com.zaz.translate","com.naver.labs.translator","com.newmg.yurao.pro","com.language.translate.free.translator.voice.translation","com.niven.comic","com.deepl.mobiletranslator","com.translate.talkingtranslator","com.wooask.zx","com.datacomprojects.scanandtranslate","com.google.ar.lens","com.flitto.app"]},{"rank":{"index":2,"lang":"zh-hk","country":"hk","chineseCountryName":"香港","pkg":"com.spaceship.screen.textcopy"},"orders":["com.recognize_text.translate.screen","com.spaceship.screen.textcopy","com.microsoft.translator","com.tap_to_translate.snap_translate","com.google.android.apps.translate","com.niven.translator","com.gaminik.i18n","com.niven.game","com.zaz.translate","at.nk.tools.iTranslate","com.newmg.yurao.pro","com.niven.comic","com.language.translate.free.translator.voice.translation","jp.go.nict.voicetra","com.screen.translate.google","com.datacomprojects.scanandtranslate","com.deepl.mobiletranslator","com.wooask.zx","com.translate.talkingtranslator","com.tangdi.baiguotong"]},{"rank":{"index":2,"lang":"zh-tw","country":"tw","chineseCountryName":"台湾","pkg":"com.spaceship.screen.textcopy"},"orders":["com.recognize_text.translate.screen","com.spaceship.screen.textcopy","com.microsoft.translator","com.niven.translator","com.google.android.apps.translate","com.gaminik.i18n","com.niven.game","com.tap_to_translate.snap_translate","com.zaz.translate","at.nk.tools.iTranslate","com.translate.talkingtranslator","com.newmg.yurao.pro","com.niven.comic","com.language.translate.free.translator.voice.translation","jp.go.nict.voicetra","com.naver.labs.translator","com.datacomprojects.scanandtranslate","com.tangdi.baiguotong","com.deepl.mobiletranslator","com.screen.translate.google"]},{"rank":{"index":2,"lang":"en","country":"in","chineseCountryName":"印度","pkg":"com.spaceship.screen.textcopy"},"orders":["com.recognize_text.translate.screen","com.spaceship.screen.textcopy","com.tap_to_translate.snap_translate","com.microsoft.translator","com.google.android.apps.translate","com.zaz.translate","com.niven.game","com.gaminik.i18n","at.nk.tools.iTranslate","com.deepl.mobiletranslator","com.translate.talkingtranslator","com.sayhi.android.sayhitranslate","ru.yandex.translate","com.niven.translator","com.newmg.yurao.pro","com.galaxy.airviewdictionary","com.niven.comic","com.datacomprojects.scanandtranslate","screen.translator.voice.translate","com.language.translate.free.translator.voice.translation"]},{"rank":{"index":2,"lang":"id","country":"id","chineseCountryName":"印尼","pkg":"com.spaceship.screen.textcopy"},"orders":["com.recognize_text.translate.screen","com.spaceship.screen.textcopy","com.tap_to_translate.snap_translate","com.niven.translator","com.niven.game","com.gaminik.i18n","com.niven.comic","com.microsoft.translator","com.newmg.yurao.pro","at.nk.tools.iTranslate"]},{"rank":{"index":2,"lang":"es-mx","country":"mx","chineseCountryName":"墨西哥","pkg":"com.spaceship.screen.textcopy"},"orders":["com.recognize_text.translate.screen","com.spaceship.screen.textcopy","com.niven.translator","com.tap_to_translate.snap_translate","com.gaminik.i18n","com.niven.game","com.microsoft.translator","at.nk.tools.iTranslate","com.niven.comic","com.newmg.yurao.pro","com.zaz.translate","com.google.android.apps.translate","com.language.translate.free.translator.voice.translation","com.screen.translate.google","com.deepl.mobiletranslator","com.voice_camera_free_translate","com.youdao.hindict","com.aldoo.pdftranslatorpro","com.textgoapp.translate.lite","com.niven.apptranslate"]}]