[{"rank":{"index":2,"lang":"en-us","country":"us","chineseCountryName":"美国","pkg":"com.spaceship.screen.textcopy"},"orders":["com.recognize_text.translate.screen","com.spaceship.screen.textcopy","com.tap_to_translate.snap_translate","com.gaminik.i18n","com.microsoft.translator","com.google.android.apps.translate","com.niven.translator","com.niven.game","screen.translator.voice.translate","com.niven.comic","com.newmg.yurao.pro","com.eecorp.linguago","com.screen.translate.google","com.eecorp.taptranslator","com.niven.apptranslate","com.zaz.translate","com.naver.labs.translator","at.nk.tools.iTranslate","com.mobisystems.msdict.embedded.wireless.collins.ee","com.translate.talkingtranslator"]},{"rank":{"index":2,"lang":"ru","country":"ru","chineseCountryName":"俄罗斯","pkg":"com.spaceship.screen.textcopy"},"orders":["com.recognize_text.translate.screen","com.spaceship.screen.textcopy","com.tap_to_translate.snap_translate","com.gaminik.i18n","com.niven.translator","com.niven.game","com.microsoft.translator","com.google.android.apps.translate","com.screen.translate.google","com.newmg.yurao.pro","com.niven.comic","ru.yandex.translate","com.niven.apptranslate","com.youdao.hindict","com.ticktalk.translatevoice","at.nk.tools.iTranslate","com.deepl.mobiletranslator","com.zaz.translate","com.duolingo","us.zoom.videomeetings"]},{"rank":{"index":2,"lang":"pt-br","country":"br","chineseCountryName":"巴西","pkg":"com.spaceship.screen.textcopy"},"orders":["com.recognize_text.translate.screen","com.spaceship.screen.textcopy","com.tap_to_translate.snap_translate","com.gaminik.i18n","com.niven.translator","com.niven.game","com.niven.comic","com.youdao.hindict","com.newmg.yurao.pro","com.eecorp.linguago","com.niven.apptranslate","com.google.android.apps.translate","screen.translator.voice.translate","com.microsoft.translator","com.screen.translate.google","com.chat_translate.screen_translate","com.deepl.mobiletranslator","com.android.chrome","com.google.android.apps.photos","com.google.android.apps.maps"]},{"rank":{"index":2,"lang":"fr","country":"fr","chineseCountryName":"法国","pkg":"com.spaceship.screen.textcopy"},"orders":["com.recognize_text.translate.screen","com.spaceship.screen.textcopy","com.gaminik.i18n","com.tap_to_translate.snap_translate","com.newmg.yurao.pro","com.niven.game","com.microsoft.translator","com.niven.translator","screen.translator.voice.translate","com.google.android.apps.translate","com.screen.translate.google","com.youdao.hindict","com.deepl.mobiletranslator","com.niven.comic","us.zoom.videomeetings","com.discord","com.microsoft.office.outlook","com.duolingo","com.google.android.apps.photos","com.android.chrome"]},{"rank":{"index":2,"lang":"en-gb","country":"gb","chineseCountryName":"英国","pkg":"com.spaceship.screen.textcopy"},"orders":["com.recognize_text.translate.screen","com.spaceship.screen.textcopy","com.tap_to_translate.snap_translate","com.microsoft.translator","com.google.android.apps.translate","com.gaminik.i18n","com.niven.game","com.youdao.hindict","com.niven.translator","com.screen.translate.google","com.newmg.yurao.pro","at.nk.tools.iTranslate","com.niven.comic","com.zaz.translate","com.deepl.mobiletranslator","com.sayhi.android.sayhitranslate","com.naver.labs.translator","com.niven.apptranslate","screen.translator.voice.translate","jp.go.nict.voicetra"]},{"rank":{"index":2,"lang":"de","country":"de","chineseCountryName":"德国","pkg":"com.spaceship.screen.textcopy"},"orders":["com.recognize_text.translate.screen","com.spaceship.screen.textcopy","com.gaminik.i18n","com.tap_to_translate.snap_translate","com.newmg.yurao.pro","com.niven.game","com.microsoft.translator","com.screen.translate.google","com.niven.translator","com.google.android.apps.translate","com.deepl.mobiletranslator","com.niven.comic","us.zoom.videomeetings","com.youdao.hindict","com.microsoft.office.outlook","com.discord","com.android.chrome","com.translate.talkingtranslator","com.google.android.apps.photos","com.google.android.apps.maps"]},{"rank":{"index":2,"lang":"it","country":"it","chineseCountryName":"意大利","pkg":"com.spaceship.screen.textcopy"},"orders":["com.recognize_text.translate.screen","com.spaceship.screen.textcopy","com.gaminik.i18n","com.tap_to_translate.snap_translate","com.niven.game","screen.translator.voice.translate","com.microsoft.translator","com.niven.translator","com.newmg.yurao.pro","com.screen.translate.google","com.niven.comic","com.google.android.apps.translate","com.youdao.hindict","com.eecorp.taptranslator","at.nk.tools.iTranslate","us.zoom.videomeetings","com.deepl.mobiletranslator","com.intsig.camscanner","com.google.android.apps.photos","com.discord"]},{"rank":{"index":2,"lang":"ja","country":"jp","chineseCountryName":"日本","pkg":"com.spaceship.screen.textcopy"},"orders":["com.recognize_text.translate.screen","com.spaceship.screen.textcopy","com.gaminik.i18n","com.niven.game","com.tap_to_translate.snap_translate","com.newmg.yurao.pro","com.deepl.mobiletranslator","com.niven.translator","com.google.android.apps.translate","com.naver.labs.translator","com.niven.apptranslate","com.microsoft.translator","com.translate.talkingtranslator","us.zoom.videomeetings","com.google.android.apps.maps","com.android.chrome","com.discord","com.eecorp.taptranslator","com.duolingo","com.niven.comic"]},{"rank":{"index":2,"lang":"ko","country":"kr","chineseCountryName":"韩国","pkg":"com.spaceship.screen.textcopy"},"orders":["com.recognize_text.translate.screen","com.spaceship.screen.textcopy","com.tap_to_translate.snap_translate","com.gaminik.i18n","com.newmg.yurao.pro","com.microsoft.translator","com.google.android.apps.translate","com.niven.game","com.screen.translate.google","com.naver.labs.translator","com.niven.translator","com.niven.comic","com.youdao.hindict","com.zaz.translate","at.nk.tools.iTranslate","com.deepl.mobiletranslator","com.niven.apptranslate","com.translate.talkingtranslator","jp.go.nict.voicetra","com.eecorp.taptranslator"]},{"rank":{"index":2,"lang":"zh-hk","country":"hk","chineseCountryName":"香港","pkg":"com.spaceship.screen.textcopy"},"orders":["com.recognize_text.translate.screen","com.spaceship.screen.textcopy","com.tap_to_translate.snap_translate","com.gaminik.i18n","com.microsoft.translator","com.google.android.apps.translate","com.niven.game","com.screen.translate.google","com.newmg.yurao.pro","com.niven.comic","com.niven.translator","at.nk.tools.iTranslate","com.naver.labs.translator","com.niven.apptranslate","com.deepl.mobiletranslator","com.youdao.hindict","com.zaz.translate","jp.go.nict.voicetra","com.eecorp.taptranslator","com.translate.talkingtranslator"]},{"rank":{"index":2,"lang":"zh-tw","country":"tw","chineseCountryName":"台湾","pkg":"com.spaceship.screen.textcopy"},"orders":["com.recognize_text.translate.screen","com.spaceship.screen.textcopy","com.gaminik.i18n","com.microsoft.translator","com.tap_to_translate.snap_translate","com.google.android.apps.translate","com.niven.game","com.newmg.yurao.pro","com.niven.translator","com.niven.comic","at.nk.tools.iTranslate","com.naver.labs.translator","com.youdao.hindict","com.deepl.mobiletranslator","com.translate.talkingtranslator","jp.go.nict.voicetra","com.zaz.translate","com.flitto.app","com.duolingo","com.google.android.apps.maps"]},{"rank":{"index":2,"lang":"en","country":"in","chineseCountryName":"印度","pkg":"com.spaceship.screen.textcopy"},"orders":["com.recognize_text.translate.screen","com.spaceship.screen.textcopy","com.tap_to_translate.snap_translate","com.google.android.apps.translate","screen.translator.voice.translate","com.microsoft.translator","com.newmg.yurao.pro","com.zaz.translate","com.niven.translator","com.eecorp.linguago","com.niven.game","com.niven.comic","at.nk.tools.iTranslate","com.naver.labs.translator","com.screen.translate.google","com.mobisystems.msdict.embedded.wireless.collins.ee","com.nordicwise.translator","com.translate.talkingtranslator","com.flitto.app","com.gaminik.i18n"]},{"rank":{"index":1,"lang":"id","country":"id","chineseCountryName":"印尼","pkg":"com.spaceship.screen.textcopy"},"orders":["com.spaceship.screen.textcopy","com.recognize_text.translate.screen","com.gaminik.i18n","com.tap_to_translate.snap_translate","com.newmg.yurao.pro","com.niven.game","com.youdao.hindict","com.google.android.apps.translate"]},{"rank":{"index":2,"lang":"es-mx","country":"mx","chineseCountryName":"墨西哥","pkg":"com.spaceship.screen.textcopy"},"orders":["com.recognize_text.translate.screen","com.spaceship.screen.textcopy","com.gaminik.i18n","com.tap_to_translate.snap_translate","com.niven.translator","com.youdao.hindict","com.niven.game","com.newmg.yurao.pro","com.niven.comic","com.google.android.apps.translate","com.microsoft.translator","com.deepl.mobiletranslator","at.nk.tools.iTranslate","com.google.android.apps.maps","com.android.chrome","com.google.android.apps.photos","us.zoom.videomeetings","com.google.android.apps.docs","com.duolingo","com.discord"]}]