[{"rank":{"index":2,"lang":"en-us","country":"us","chineseCountryName":"美国","pkg":"com.spaceship.screen.textcopy"},"orders":["com.recognize_text.translate.screen","com.spaceship.screen.textcopy","com.tap_to_translate.snap_translate","com.gaminik.i18n","com.microsoft.translator","screen.translator.voice.translate","com.niven.translator","com.google.android.apps.translate","com.eecorp.linguago","com.eecorp.taptranslator","com.niven.game","com.screen.translate.google","com.niven.apptranslate","com.newmg.yurao.pro","at.nk.tools.iTranslate","com.niven.comic","com.naver.labs.translator","com.mobisystems.msdict.embedded.wireless.collins.ee","com.zaz.translate","com.translate.talkingtranslator"]},{"rank":{"index":2,"lang":"ru","country":"ru","chineseCountryName":"俄罗斯","pkg":"com.spaceship.screen.textcopy"},"orders":["com.recognize_text.translate.screen","com.spaceship.screen.textcopy","com.tap_to_translate.snap_translate","com.gaminik.i18n","com.niven.translator","com.microsoft.translator","com.niven.game","com.eecorp.linguago","com.google.android.apps.translate","com.screen.translate.google","com.niven.apptranslate","com.newmg.yurao.pro","screen.translator.voice.translate","ru.yandex.translate","com.niven.comic","com.duolingo","com.weekway.screen_translation","com.discord","com.android.chrome","at.nk.tools.iTranslate"]},{"rank":{"index":2,"lang":"pt-br","country":"br","chineseCountryName":"巴西","pkg":"com.spaceship.screen.textcopy"},"orders":["com.recognize_text.translate.screen","com.spaceship.screen.textcopy","com.tap_to_translate.snap_translate","com.gaminik.i18n","com.niven.translator","screen.translator.voice.translate","com.niven.game","com.eecorp.linguago","com.youdao.hindict","com.newmg.yurao.pro","com.google.android.apps.translate","com.niven.comic","com.google.android.apps.docs","com.android.chrome","com.google.android.apps.photos","com.microsoft.translator","com.niven.apptranslate","com.google.android.apps.maps","com.discord","com.google.android.inputmethod.latin"]},{"rank":{"index":2,"lang":"fr","country":"fr","chineseCountryName":"法国","pkg":"com.spaceship.screen.textcopy"},"orders":["com.recognize_text.translate.screen","com.spaceship.screen.textcopy","com.gaminik.i18n","screen.translator.voice.translate","com.tap_to_translate.snap_translate","com.niven.translator","com.eecorp.linguago","com.niven.game","com.microsoft.translator","com.newmg.yurao.pro","com.eecorp.taptranslator","com.screen.translate.google","com.google.android.apps.translate","com.niven.comic","com.softissimo.reverso.context","com.discord","com.android.chrome","com.google.android.apps.photos","com.duolingo","com.chat_translate.screen_translate"]},{"rank":{"index":2,"lang":"en-gb","country":"gb","chineseCountryName":"英国","pkg":"com.spaceship.screen.textcopy"},"orders":["com.recognize_text.translate.screen","com.spaceship.screen.textcopy","com.tap_to_translate.snap_translate","com.microsoft.translator","com.gaminik.i18n","screen.translator.voice.translate","com.niven.translator","com.google.android.apps.translate","com.niven.game","com.eecorp.linguago","com.eecorp.taptranslator","com.screen.translate.google","com.niven.apptranslate","com.newmg.yurao.pro","at.nk.tools.iTranslate","com.niven.comic","com.mobisystems.msdict.embedded.wireless.collins.ee","com.zaz.translate","com.nordicwise.translator","com.youdao.hindict"]},{"rank":{"index":2,"lang":"de","country":"de","chineseCountryName":"德国","pkg":"com.spaceship.screen.textcopy"},"orders":["com.recognize_text.translate.screen","com.spaceship.screen.textcopy","com.gaminik.i18n","com.eecorp.linguago","com.tap_to_translate.snap_translate","screen.translator.voice.translate","com.niven.translator","com.microsoft.translator","com.niven.game","com.newmg.yurao.pro","com.eecorp.taptranslator","com.screen.translate.google","com.google.android.apps.translate","com.niven.comic","com.niven.apptranslate","com.deepl.mobiletranslator","com.translate.talkingtranslator","com.weekway.screen_translation","com.discord","us.zoom.videomeetings"]},{"rank":{"index":2,"lang":"it","country":"it","chineseCountryName":"意大利","pkg":"com.spaceship.screen.textcopy"},"orders":["com.recognize_text.translate.screen","com.spaceship.screen.textcopy","screen.translator.voice.translate","com.tap_to_translate.snap_translate","com.gaminik.i18n","com.niven.translator","com.eecorp.linguago","com.niven.game","com.screen.translate.google","com.eecorp.taptranslator","com.microsoft.translator","com.google.android.apps.translate","com.niven.comic","com.google.android.apps.photos","com.discord","us.zoom.videomeetings","com.android.chrome","com.google.android.apps.maps","com.adobe.reader","com.duolingo"]},{"rank":{"index":2,"lang":"ja","country":"jp","chineseCountryName":"日本","pkg":"com.spaceship.screen.textcopy"},"orders":["com.recognize_text.translate.screen","com.spaceship.screen.textcopy","com.gaminik.i18n","com.eecorp.taptranslator","com.tap_to_translate.snap_translate","com.niven.translator","screen.translator.voice.translate","com.newmg.yurao.pro","com.niven.apptranslate","com.microsoft.translator","com.eecorp.linguago","com.google.android.apps.translate","com.deepl.mobiletranslator","com.niven.game","com.naver.labs.translator","com.android.chrome","com.discord","com.google.android.apps.maps","us.zoom.videomeetings","com.screen.translate.google"]},{"rank":{"index":2,"lang":"ko","country":"kr","chineseCountryName":"韩国","pkg":"com.spaceship.screen.textcopy"},"orders":["com.recognize_text.translate.screen","com.spaceship.screen.textcopy","com.tap_to_translate.snap_translate","com.gaminik.i18n","com.eecorp.linguago","com.niven.translator","com.microsoft.translator","com.google.android.apps.translate","com.niven.game","com.screen.translate.google","com.newmg.yurao.pro","com.eecorp.taptranslator","com.niven.apptranslate","com.naver.labs.translator","screen.translator.voice.translate","com.niven.comic","com.deepl.mobiletranslator","at.nk.tools.iTranslate","com.duolingo","us.zoom.videomeetings"]},{"rank":{"index":2,"lang":"zh-hk","country":"hk","chineseCountryName":"香港","pkg":"com.spaceship.screen.textcopy"},"orders":["com.recognize_text.translate.screen","com.spaceship.screen.textcopy","com.tap_to_translate.snap_translate","com.gaminik.i18n","com.microsoft.translator","com.niven.translator","com.google.android.apps.translate","com.niven.game","com.screen.translate.google","com.eecorp.linguago","com.newmg.yurao.pro","com.niven.apptranslate","com.eecorp.taptranslator","screen.translator.voice.translate","com.niven.comic","at.nk.tools.iTranslate","com.naver.labs.translator","camera.translator.realtime","com.nordicwise.translator","com.deepl.mobiletranslator"]},{"rank":{"index":3,"lang":"zh-tw","country":"tw","chineseCountryName":"台湾","pkg":"com.spaceship.screen.textcopy"},"orders":["com.recognize_text.translate.screen","com.tap_to_translate.snap_translate","com.spaceship.screen.textcopy","com.gaminik.i18n","com.niven.translator","com.microsoft.translator","com.google.android.apps.translate","com.eecorp.linguago","com.niven.game","com.screen.translate.google","com.eecorp.taptranslator","com.niven.apptranslate","com.newmg.yurao.pro","screen.translator.voice.translate","com.niven.comic","at.nk.tools.iTranslate","com.naver.labs.translator","com.translate.talkingtranslator","com.youdao.hindict","com.android.chrome"]},{"rank":{"index":2,"lang":"en","country":"in","chineseCountryName":"印度","pkg":"com.spaceship.screen.textcopy"},"orders":["com.recognize_text.translate.screen","com.spaceship.screen.textcopy","com.tap_to_translate.snap_translate","com.google.android.apps.translate","screen.translator.voice.translate","com.gaminik.i18n","com.niven.translator","com.microsoft.translator","com.zaz.translate","com.languagetranslator.translatorapp.smartscanner.dictionary.translation.voicetranslator","com.eecorp.linguago","at.nk.tools.iTranslate","com.newmg.yurao.pro","com.tranit.text.translate","free.translate.all.language.translator","com.niven.apptranslate","com.niven.game"]},{"rank":{"index":1,"lang":"id","country":"id","chineseCountryName":"印尼","pkg":"com.spaceship.screen.textcopy"},"orders":["com.spaceship.screen.textcopy","com.recognize_text.translate.screen","com.tap_to_translate.snap_translate","com.gaminik.i18n","com.eecorp.linguago","com.niven.translator","com.youdao.hindict","com.niven.apptranslate","com.niven.game","com.newmg.yurao.pro","com.screen.translate.google","com.google.android.apps.translate"]},{"rank":{"index":2,"lang":"es-mx","country":"mx","chineseCountryName":"墨西哥","pkg":"com.spaceship.screen.textcopy"},"orders":["com.recognize_text.translate.screen","com.spaceship.screen.textcopy","com.gaminik.i18n","com.tap_to_translate.snap_translate","com.niven.translator","com.niven.game","com.eecorp.linguago","com.youdao.hindict","screen.translator.voice.translate","com.screen.translate.google","com.niven.comic","com.niven.apptranslate","com.newmg.yurao.pro","com.google.android.apps.translate","com.microsoft.translator","com.google.android.apps.photos","com.google.android.apps.docs","com.google.android.apps.maps","at.nk.tools.iTranslate","com.android.chrome"]}]