[{"rank":{"index":2,"lang":"en-us","country":"us","chineseCountryName":"美国","pkg":"com.spaceship.screen.textcopy"},"orders":["com.recognize_text.translate.screen","com.spaceship.screen.textcopy","com.niven.translator","com.tap_to_translate.snap_translate","com.microsoft.translator","com.gaminik.i18n","com.google.android.apps.translate","com.niven.game","com.zaz.translate","com.newmg.yurao.pro","com.niven.comic","com.translate.talkingtranslator","com.deepl.mobiletranslator","com.translate.language.translator.voice.translation","com.royalappcode.translation.voice.language.chat.interpreter","com.tangdi.baiguotong","com.naver.labs.translator","com.mobisystems.msdict.embedded.wireless.collins.ee","com.sayhi.android.sayhitranslate","com.flitto.app"]},{"rank":{"index":3,"lang":"ru","country":"ru","chineseCountryName":"俄罗斯","pkg":"com.spaceship.screen.textcopy"},"orders":["com.recognize_text.translate.screen","com.niven.translator","com.spaceship.screen.textcopy","com.tap_to_translate.snap_translate","com.niven.game","com.microsoft.translator","com.gaminik.i18n","com.google.android.apps.translate","com.niven.comic","com.deepl.mobiletranslator","com.translate.talkingtranslator","com.newmg.yurao.pro","com.zaz.translate","ru.yandex.translate","com.tangdi.baiguotong","com.flitto.app","com.translate.language.translator.voice.translation","com.erudite.translator","com.royalappcode.translation.voice.language.chat.interpreter","com.screen.translate.google"]},{"rank":{"index":2,"lang":"pt-br","country":"br","chineseCountryName":"巴西","pkg":"com.spaceship.screen.textcopy"},"orders":["com.recognize_text.translate.screen","com.spaceship.screen.textcopy","com.tap_to_translate.snap_translate","com.gaminik.i18n","com.niven.game","com.niven.translator","com.niven.comic","com.newmg.yurao.pro","com.microsoft.translator","com.google.android.apps.translate","com.zaz.translate","com.screen.translate.google","com.galaxy.airviewdictionary","com.deepl.mobiletranslator","com.paninitranslate","com.android.chrome","com.facebook.orca","com.canva.editor","com.google.android.apps.photos","com.openai.chatgpt"]},{"rank":{"index":2,"lang":"fr","country":"fr","chineseCountryName":"法国","pkg":"com.spaceship.screen.textcopy"},"orders":["com.recognize_text.translate.screen","com.spaceship.screen.textcopy","com.tap_to_translate.snap_translate","com.niven.translator","com.gaminik.i18n","com.niven.game","com.microsoft.translator","com.zaz.translate","com.newmg.yurao.pro","com.niven.comic","com.translate.talkingtranslator","com.google.android.apps.translate","com.deepl.mobiletranslator","com.tangdi.baiguotong","com.translate.language.translator.voice.translation","com.royalappcode.translation.voice.language.chat.interpreter","com.flitto.app","com.aldoo.pdftranslatorpro","com.screen.translate.google","com.audacityittranslator.translatetexttranslator"]},{"rank":{"index":2,"lang":"en-gb","country":"gb","chineseCountryName":"英国","pkg":"com.spaceship.screen.textcopy"},"orders":["com.recognize_text.translate.screen","com.spaceship.screen.textcopy","com.gaminik.i18n","com.tap_to_translate.snap_translate","com.niven.translator","com.microsoft.translator","com.google.android.apps.translate","com.niven.game","com.zaz.translate","com.niven.comic","com.newmg.yurao.pro","com.deepl.mobiletranslator","com.translate.talkingtranslator","com.tangdi.baiguotong","com.screen.translate.google","com.translate.language.translator.voice.translation","com.flitto.app","com.royalappcode.translation.voice.language.chat.interpreter","co.langlang.translator_for_wsp","com.softissimo.reverso.context"]},{"rank":{"index":2,"lang":"de","country":"de","chineseCountryName":"德国","pkg":"com.spaceship.screen.textcopy"},"orders":["com.recognize_text.translate.screen","com.spaceship.screen.textcopy","com.tap_to_translate.snap_translate","com.microsoft.translator","com.niven.translator","com.gaminik.i18n","com.niven.game","com.translate.talkingtranslator","com.deepl.mobiletranslator","com.niven.comic","com.newmg.yurao.pro","com.google.android.apps.translate","com.zaz.translate","com.flitto.app","com.translate.language.translator.voice.translation","com.screen.translate.google","com.royalappcode.translation.voice.language.chat.interpreter","com.erudite.translator","com.tangdi.baiguotong","com.aldoo.pdftranslatorpro"]},{"rank":{"index":2,"lang":"it","country":"it","chineseCountryName":"意大利","pkg":"com.spaceship.screen.textcopy"},"orders":["com.recognize_text.translate.screen","com.spaceship.screen.textcopy","com.tap_to_translate.snap_translate","com.niven.translator","com.gaminik.i18n","com.niven.game","com.microsoft.translator","com.niven.comic","com.newmg.yurao.pro","com.google.android.apps.translate","com.deepl.mobiletranslator","com.zaz.translate","com.aldoo.pdftranslatorpro","com.translate.talkingtranslator","com.galaxy.airviewdictionary","com.tangdi.baiguotong","com.translate.language.translator.voice.translation","com.paninitranslate","com.screen.translate.google","com.google.ar.lens"]},{"rank":{"index":2,"lang":"ja","country":"jp","chineseCountryName":"日本","pkg":"com.spaceship.screen.textcopy"},"orders":["com.recognize_text.translate.screen","com.spaceship.screen.textcopy","com.tap_to_translate.snap_translate","com.gaminik.i18n","com.niven.translator","com.niven.game","com.newmg.yurao.pro","com.niven.comic","com.microsoft.translator","com.google.android.apps.translate","com.deepl.mobiletranslator","com.naver.labs.translator","com.screen.translate.google","com.translate.talkingtranslator","com.google.ar.lens","com.galaxy.airviewdictionary","com.zaz.translate","com.tangdi.baiguotong","com.android.chrome","com.facebook.orca"]},{"rank":{"index":2,"lang":"ko","country":"kr","chineseCountryName":"韩国","pkg":"com.spaceship.screen.textcopy"},"orders":["com.recognize_text.translate.screen","com.spaceship.screen.textcopy","com.tap_to_translate.snap_translate","com.microsoft.translator","com.niven.translator","com.gaminik.i18n","com.niven.game","com.naver.labs.translator","com.google.android.apps.translate","com.niven.comic","com.deepl.mobiletranslator","com.flitto.app","com.newmg.yurao.pro","com.zaz.translate","com.translate.language.translator.voice.translation","com.translate.talkingtranslator","com.royalappcode.translation.voice.language.chat.interpreter","com.galaxy.airviewdictionary","com.paninitranslate","com.erudite.translator"]},{"rank":{"index":2,"lang":"zh-hk","country":"hk","chineseCountryName":"香港","pkg":"com.spaceship.screen.textcopy"},"orders":["com.recognize_text.translate.screen","com.spaceship.screen.textcopy","com.tap_to_translate.snap_translate","com.microsoft.translator","com.niven.translator","com.gaminik.i18n","com.niven.game","com.google.android.apps.translate","com.niven.comic","com.tangdi.baiguotong","com.translate.language.translator.voice.translation","com.newmg.yurao.pro","com.translate.talkingtranslator","com.zaz.translate","com.deepl.mobiletranslator","com.royalappcode.translation.voice.language.chat.interpreter","com.galaxy.airviewdictionary","com.flitto.app","com.naver.labs.translator","com.aldoo.pdftranslatorpro"]},{"rank":{"index":2,"lang":"zh-tw","country":"tw","chineseCountryName":"台湾","pkg":"com.spaceship.screen.textcopy"},"orders":["com.recognize_text.translate.screen","com.spaceship.screen.textcopy","com.tap_to_translate.snap_translate","com.microsoft.translator","com.niven.translator","com.gaminik.i18n","com.niven.game","com.google.android.apps.translate","com.niven.comic","com.newmg.yurao.pro","com.translate.talkingtranslator","com.tangdi.baiguotong","com.zaz.translate","com.translate.language.translator.voice.translation","com.deepl.mobiletranslator","com.naver.labs.translator","com.flitto.app","com.royalappcode.translation.voice.language.chat.interpreter","com.aldoo.pdftranslatorpro","com.galaxy.airviewdictionary"]},{"rank":{"index":2,"lang":"en","country":"in","chineseCountryName":"印度","pkg":"com.spaceship.screen.textcopy"},"orders":["com.recognize_text.translate.screen","com.spaceship.screen.textcopy","com.tap_to_translate.snap_translate","com.google.android.apps.translate","com.zaz.translate","com.gaminik.i18n","com.niven.game","com.translate.talkingtranslator","com.deepl.mobiletranslator","com.flitto.app","com.sayhi.android.sayhitranslate","at.nk.tools.iTranslate","com.softissimo.reverso.context","com.niven.translator","com.newmg.yurao.pro","com.galaxy.airviewdictionary","screen.translator.voice.translate","com.niven.comic","com.royalappcode.translation.voice.language.chat.interpreter","com.naver.labs.translator"]},{"rank":{"index":2,"lang":"id","country":"id","chineseCountryName":"印尼","pkg":"com.spaceship.screen.textcopy"},"orders":["com.recognize_text.translate.screen","com.spaceship.screen.textcopy","com.niven.translator","com.tap_to_translate.snap_translate","com.gaminik.i18n","com.niven.game","com.niven.comic","com.newmg.yurao.pro","com.google.android.apps.translate","com.youdao.hindict","com.microsoft.translator"]},{"rank":{"index":2,"lang":"es-mx","country":"mx","chineseCountryName":"墨西哥","pkg":"com.spaceship.screen.textcopy"},"orders":["com.recognize_text.translate.screen","com.spaceship.screen.textcopy","com.gaminik.i18n","com.niven.game","com.niven.translator","com.tap_to_translate.snap_translate","com.microsoft.translator","com.niven.comic","com.newmg.yurao.pro","com.google.android.apps.translate","com.zaz.translate","com.deepl.mobiletranslator","com.translate.talkingtranslator","com.translate.language.translator.voice.translation","com.tangdi.baiguotong","com.screen.translate.google","com.paninitranslate","com.aldoo.pdftranslatorpro","com.google.ar.lens","com.android.chrome"]}]