[{"rank":{"index":2,"lang":"en-us","country":"us","chineseCountryName":"美国","pkg":"com.spaceship.screen.textcopy"},"orders":["com.recognize_text.translate.screen","com.spaceship.screen.textcopy","com.gaminik.i18n","com.microsoft.translator","com.google.android.apps.translate","com.tap_to_translate.snap_translate","com.niven.translator","com.newmg.yurao.pro","at.nk.tools.iTranslate","com.niven.game","com.language.translate.free.translator.voice.translation","com.immersivetranslate.browser","com.google.ar.lens","live.screentranslate.realtime","com.datacomprojects.scanandtranslate","com.screen.translate.google","com.eecorp.linguago","com.niven.apptranslate","com.sayhi.android.sayhitranslate","com.translate.language.translator.voice.translation"]},{"rank":{"index":0,"lang":"ru","country":"ru","chineseCountryName":"俄罗斯","pkg":"com.spaceship.screen.textcopy"},"orders":["com.recognize_text.translate.screen","com.niven.translator","com.tap_to_translate.snap_translate","com.newmg.yurao.pro","com.microsoft.translator","com.google.android.apps.translate","com.gaminik.i18n","com.niven.game","ru.yandex.translate","at.nk.tools.iTranslate","com.immersivetranslate.browser","com.datacomprojects.scanandtranslate","com.kursx.smartbook","com.google.ar.lens","com.language.translate.free.translator.voice.translation","com.translate.language.translator.voice.translation","com.deepl.mobiletranslator","com.niven.apptranslate","live.screentranslate.realtime","com.traductorweb"]},{"rank":{"index":2,"lang":"pt-br","country":"br","chineseCountryName":"巴西","pkg":"com.spaceship.screen.textcopy"},"orders":["com.recognize_text.translate.screen","com.spaceship.screen.textcopy","com.tap_to_translate.snap_translate","com.gaminik.i18n","com.newmg.yurao.pro","com.niven.translator","com.niven.game","com.microsoft.translator","com.google.android.apps.translate","live.screentranslate.realtime","com.translate.language.translator.voice.translation","com.language.translate.free.translator.voice.translation","com.eecorp.linguago","com.niven.apptranslate","at.nk.tools.iTranslate","com.voice_camera_free_translate","com.datacomprojects.scanandtranslate","com.immersivetranslate.browser","com.zaz.translate","com.deepl.mobiletranslator"]},{"rank":{"index":2,"lang":"fr","country":"fr","chineseCountryName":"法国","pkg":"com.spaceship.screen.textcopy"},"orders":["com.recognize_text.translate.screen","com.spaceship.screen.textcopy","com.tap_to_translate.snap_translate","com.newmg.yurao.pro","com.microsoft.translator","com.gaminik.i18n","com.niven.translator","com.google.android.apps.translate","com.niven.game","com.datacomprojects.scanandtranslate","at.nk.tools.iTranslate","com.immersivetranslate.browser","com.translate.language.translator.voice.translation","live.screentranslate.realtime","com.language.translate.free.translator.voice.translation","com.google.ar.lens","com.voice_camera_free_translate","com.eecorp.linguago","camtranslator.voice.text.image.translate","com.niven.apptranslate"]},{"rank":{"index":2,"lang":"en-gb","country":"gb","chineseCountryName":"英国","pkg":"com.spaceship.screen.textcopy"},"orders":["com.recognize_text.translate.screen","com.spaceship.screen.textcopy","com.tap_to_translate.snap_translate","com.newmg.yurao.pro","com.google.android.apps.translate","com.microsoft.translator","com.gaminik.i18n","com.niven.translator","at.nk.tools.iTranslate","com.niven.game","com.google.ar.lens","com.language.translate.free.translator.voice.translation","com.immersivetranslate.browser","com.datacomprojects.scanandtranslate","live.screentranslate.realtime","com.siv","com.deepl.mobiletranslator","com.kursx.smartbook","com.sayhi.android.sayhitranslate","com.eecorp.linguago"]},{"rank":{"index":2,"lang":"de","country":"de","chineseCountryName":"德国","pkg":"com.spaceship.screen.textcopy"},"orders":["com.recognize_text.translate.screen","com.spaceship.screen.textcopy","com.tap_to_translate.snap_translate","com.newmg.yurao.pro","com.microsoft.translator","com.niven.translator","com.gaminik.i18n","com.google.android.apps.translate","com.niven.game","com.immersivetranslate.browser","at.nk.tools.iTranslate","com.datacomprojects.scanandtranslate","com.language.translate.free.translator.voice.translation","com.deepl.mobiletranslator","com.translate.language.translator.voice.translation","com.voice_camera_free_translate","live.screentranslate.realtime","com.eecorp.linguago","com.sayhi.android.sayhitranslate","com.niven.apptranslate"]},{"rank":{"index":2,"lang":"it","country":"it","chineseCountryName":"意大利","pkg":"com.spaceship.screen.textcopy"},"orders":["com.recognize_text.translate.screen","com.spaceship.screen.textcopy","com.tap_to_translate.snap_translate","com.newmg.yurao.pro","com.niven.translator","com.gaminik.i18n","com.microsoft.translator","com.google.android.apps.translate","com.niven.game","com.datacomprojects.scanandtranslate","at.nk.tools.iTranslate","com.translate.language.translator.voice.translation","live.screentranslate.realtime","com.language.translate.free.translator.voice.translation","com.immersivetranslate.browser","com.eecorp.linguago","com.kursx.smartbook","com.voice_camera_free_translate","com.niven.apptranslate","camtranslator.voice.text.image.translate"]},{"rank":{"index":2,"lang":"ja","country":"jp","chineseCountryName":"日本","pkg":"com.spaceship.screen.textcopy"},"orders":["com.recognize_text.translate.screen","com.spaceship.screen.textcopy","com.tap_to_translate.snap_translate","com.newmg.yurao.pro","com.gaminik.i18n","com.niven.translator","com.microsoft.translator","com.google.android.apps.translate","com.niven.game","com.deepl.mobiletranslator","com.google.ar.lens","com.datacomprojects.scanandtranslate","com.naver.labs.translator","com.eecorp.linguago"]},{"rank":{"index":2,"lang":"ko","country":"kr","chineseCountryName":"韩国","pkg":"com.spaceship.screen.textcopy"},"orders":["com.recognize_text.translate.screen","com.spaceship.screen.textcopy","com.newmg.yurao.pro","com.tap_to_translate.snap_translate","com.microsoft.translator","com.google.android.apps.translate","com.niven.translator","com.gaminik.i18n","at.nk.tools.iTranslate","com.immersivetranslate.browser","com.naver.labs.translator","com.niven.game","com.language.translate.free.translator.voice.translation","com.google.ar.lens","live.screentranslate.realtime","com.datacomprojects.scanandtranslate","com.eecorp.linguago","com.youdao.hindict","com.niven.apptranslate","com.translate.language.translator.voice.translation"]},{"rank":{"index":2,"lang":"zh-hk","country":"hk","chineseCountryName":"香港","pkg":"com.spaceship.screen.textcopy"},"orders":["com.recognize_text.translate.screen","com.spaceship.screen.textcopy","com.gaminik.i18n","com.newmg.yurao.pro","com.microsoft.translator","com.google.android.apps.translate","com.tap_to_translate.snap_translate","com.niven.translator","com.immersivetranslate.browser","at.nk.tools.iTranslate","com.niven.game","com.google.ar.lens","com.language.translate.free.translator.voice.translation","live.screentranslate.realtime","com.datacomprojects.scanandtranslate","com.eecorp.linguago","com.niven.apptranslate","com.deepl.mobiletranslator","com.sayhi.android.sayhitranslate","com.screen.translate.google"]},{"rank":{"index":2,"lang":"zh-tw","country":"tw","chineseCountryName":"台湾","pkg":"com.spaceship.screen.textcopy"},"orders":["com.recognize_text.translate.screen","com.spaceship.screen.textcopy","com.newmg.yurao.pro","com.microsoft.translator","com.gaminik.i18n","com.tap_to_translate.snap_translate","com.niven.translator","com.google.android.apps.translate","com.immersivetranslate.browser","com.niven.game","at.nk.tools.iTranslate","com.language.translate.free.translator.voice.translation","com.datacomprojects.scanandtranslate","live.screentranslate.realtime","com.translate.language.translator.voice.translation","com.eecorp.linguago","com.google.ar.lens","com.translate.talkingtranslator","com.niven.apptranslate","com.youdao.hindict"]},{"rank":{"index":2,"lang":"en","country":"in","chineseCountryName":"印度","pkg":"com.spaceship.screen.textcopy"},"orders":["com.recognize_text.translate.screen","com.spaceship.screen.textcopy","com.tap_to_translate.snap_translate"]},{"rank":{"index":2,"lang":"id","country":"id","chineseCountryName":"印尼","pkg":"com.spaceship.screen.textcopy"},"orders":["com.recognize_text.translate.screen","com.spaceship.screen.textcopy","com.tap_to_translate.snap_translate","com.newmg.yurao.pro","com.gaminik.i18n","com.niven.translator","com.niven.game","com.google.android.apps.translate","com.microsoft.translator","com.youdao.hindict","live.screentranslate.realtime","at.nk.tools.iTranslate"]},{"rank":{"index":2,"lang":"es-mx","country":"mx","chineseCountryName":"墨西哥","pkg":"com.spaceship.screen.textcopy"},"orders":["com.recognize_text.translate.screen","com.spaceship.screen.textcopy","com.tap_to_translate.snap_translate","com.newmg.yurao.pro","com.gaminik.i18n","com.niven.translator","com.microsoft.translator","com.niven.game","live.screentranslate.realtime","com.google.android.apps.translate","at.nk.tools.iTranslate","com.translate.language.translator.voice.translation","com.eecorp.linguago","com.niven.apptranslate","com.voice_camera_free_translate","com.language.translate.free.translator.voice.translation","com.immersivetranslate.browser","com.datacomprojects.scanandtranslate","com.google.ar.lens","camtranslator.voice.text.image.translate"]}]