[{"rank":{"index":2,"lang":"en-us","country":"us","chineseCountryName":"美国","pkg":"com.spaceship.screen.textcopy"},"orders":["com.recognize_text.translate.screen","com.spaceship.screen.textcopy","com.gaminik.i18n","com.google.android.apps.translate","com.screen.translate.google","com.niven.game","com.tap_to_translate.snap_translate","com.niven.translator","com.newmg.yurao.pro","com.microsoft.translator","com.google.android.dialer","com.deepl.mobiletranslator","com.google.android.deskclock","com.android.chrome","com.google.android.apps.photos","com.google.android.apps.maps","com.google.ar.lens","com.facebook.orca","com.google.android.gm","com.duolingo"]},{"rank":{"index":2,"lang":"ru","country":"ru","chineseCountryName":"俄罗斯","pkg":"com.spaceship.screen.textcopy"},"orders":["com.recognize_text.translate.screen","com.spaceship.screen.textcopy","com.tap_to_translate.snap_translate","com.gaminik.i18n","com.niven.game","com.niven.translator","com.newmg.yurao.pro","com.screen.translate.google","com.google.android.apps.translate","ru.yandex.translate","com.android.chrome","com.google.android.dialer","com.facebook.orca","com.deepl.mobiletranslator","com.discord","com.google.android.apps.photos","com.google.android.deskclock","ru.prostor","com.truecaller","com.skype.raider"]},{"rank":{"index":2,"lang":"fr","country":"fr","chineseCountryName":"法国","pkg":"com.spaceship.screen.textcopy"},"orders":["com.recognize_text.translate.screen","com.spaceship.screen.textcopy","com.tap_to_translate.snap_translate","com.gaminik.i18n","com.niven.translator","com.niven.game","com.screen.translate.google","com.google.android.apps.translate","com.newmg.yurao.pro","com.facebook.orca","com.google.android.apps.photos","com.google.android.dialer","com.android.chrome","com.discord","com.truecaller","com.ubercab","com.microsoft.office.outlook","com.canva.editor","com.google.android.apps.maps","com.duolingo"]},{"rank":{"index":2,"lang":"en-gb","country":"gb","chineseCountryName":"英国","pkg":"com.spaceship.screen.textcopy"},"orders":["com.recognize_text.translate.screen","com.spaceship.screen.textcopy","com.gaminik.i18n","com.google.android.apps.translate","com.niven.game","com.niven.translator","com.screen.translate.google","com.tap_to_translate.snap_translate","com.newmg.yurao.pro","com.microsoft.translator","com.android.chrome","com.facebook.orca","com.google.android.dialer","com.google.android.apps.photos","com.google.android.apps.maps","com.ubercab","com.duolingo","com.amazon.kindle","com.deepl.mobiletranslator","com.google.android.deskclock"]},{"rank":{"index":2,"lang":"de","country":"de","chineseCountryName":"德国","pkg":"com.spaceship.screen.textcopy"},"orders":["com.recognize_text.translate.screen","com.spaceship.screen.textcopy","com.gaminik.i18n","com.niven.translator","com.niven.game","com.screen.translate.google","com.google.android.apps.translate","com.tap_to_translate.snap_translate","com.newmg.yurao.pro","com.microsoft.translator","com.facebook.orca","com.deepl.mobiletranslator","com.android.chrome","com.discord","com.google.android.apps.photos","com.truecaller","com.amazon.kindle","com.ubercab","com.google.android.dialer","com.camerasideas.instashot"]},{"rank":{"index":2,"lang":"it","country":"it","chineseCountryName":"意大利","pkg":"com.spaceship.screen.textcopy"},"orders":["com.recognize_text.translate.screen","com.spaceship.screen.textcopy","com.gaminik.i18n","com.newmg.yurao.pro","com.niven.translator","com.screen.translate.google","com.niven.game","com.tap_to_translate.snap_translate","com.google.android.apps.translate","com.facebook.orca","com.google.android.apps.photos","com.google.android.dialer","com.discord","com.android.chrome","com.canva.editor","com.google.android.deskclock","com.duolingo","com.amazon.kindle","com.microsoft.office.outlook","com.skype.raider"]},{"rank":{"index":2,"lang":"ja","country":"jp","chineseCountryName":"日本","pkg":"com.spaceship.screen.textcopy"},"orders":["com.recognize_text.translate.screen","com.spaceship.screen.textcopy","com.gaminik.i18n","com.niven.game","com.google.android.apps.translate","com.niven.translator","com.screen.translate.google","com.tap_to_translate.snap_translate","com.deepl.mobiletranslator","com.android.chrome","com.newmg.yurao.pro","com.facebook.orca","com.google.android.apps.maps","com.discord","com.google.android.deskclock","com.naver.labs.translator","com.duolingo","com.amazon.kindle","com.google.android.dialer","at.nk.tools.iTranslate"]},{"rank":{"index":2,"lang":"ko","country":"kr","chineseCountryName":"韩国","pkg":"com.spaceship.screen.textcopy"},"orders":["com.recognize_text.translate.screen","com.spaceship.screen.textcopy","com.tap_to_translate.snap_translate","com.gaminik.i18n","com.niven.game","com.niven.translator","com.google.android.apps.translate","com.screen.translate.google","com.newmg.yurao.pro","com.naver.labs.translator","com.facebook.orca","com.discord","com.android.chrome","com.google.android.apps.photos","com.deepl.mobiletranslator","com.duolingo","com.sec.android.app.sbrowser","com.ubercab","com.google.android.apps.youtube.creator","us.zoom.videomeetings"]},{"rank":{"index":2,"lang":"zh-hk","country":"hk","chineseCountryName":"香港","pkg":"com.spaceship.screen.textcopy"},"orders":["com.recognize_text.translate.screen","com.spaceship.screen.textcopy","com.gaminik.i18n","com.niven.game","com.niven.translator","com.screen.translate.google","com.google.android.apps.translate","com.tap_to_translate.snap_translate","com.newmg.yurao.pro","com.android.chrome","com.google.android.apps.maps","com.facebook.orca","com.discord","com.duolingo","com.deepl.mobiletranslator","com.google.ar.lens","com.google.android.apps.photos","com.skype.raider","com.ubercab","com.sec.android.app.sbrowser"]},{"rank":{"index":2,"lang":"zh-tw","country":"tw","chineseCountryName":"台湾","pkg":"com.spaceship.screen.textcopy"},"orders":["com.recognize_text.translate.screen","com.spaceship.screen.textcopy","com.gaminik.i18n","com.niven.game","com.niven.translator","com.google.android.apps.translate","com.screen.translate.google","com.newmg.yurao.pro","com.tap_to_translate.snap_translate","com.facebook.orca","com.discord","com.android.chrome","com.google.android.apps.maps","com.skype.raider","com.duolingo","com.google.android.apps.photos","com.ubercab","com.canva.editor","com.openai.chatgpt","com.sec.android.app.sbrowser"]},{"rank":{"index":2,"lang":"id","country":"id","chineseCountryName":"印尼","pkg":"com.spaceship.screen.textcopy"},"orders":["com.recognize_text.translate.screen","com.spaceship.screen.textcopy","com.tap_to_translate.snap_translate","com.gaminik.i18n","com.niven.translator","com.niven.game","com.screen.translate.google","com.newmg.yurao.pro","com.google.android.apps.translate","com.deepl.mobiletranslator"]}]