[{"rank":{"index":2,"lang":"en-us","country":"us","chineseCountryName":"美国","pkg":"com.spaceship.screen.textcopy"},"orders":["com.recognize_text.translate.screen","com.spaceship.screen.textcopy","com.tap_to_translate.snap_translate","com.microsoft.translator","com.google.android.apps.translate","com.niven.translator","com.gaminik.i18n","com.newmg.yurao.pro","at.nk.tools.iTranslate","com.niven.game","com.eecorp.linguago","com.language.translate.free.translator.voice.translation","com.voice_camera_free_translate","com.naver.labs.translator","com.translate.talkingtranslator","com.screen.translate.google","com.datacomprojects.scanandtranslate","com.niven.apptranslate","com.google.ar.lens","com.tangdi.baiguotong"]},{"rank":{"index":0,"lang":"ru","country":"ru","chineseCountryName":"俄罗斯","pkg":"com.spaceship.screen.textcopy"},"orders":["com.recognize_text.translate.screen","com.niven.translator","com.tap_to_translate.snap_translate","com.newmg.yurao.pro","com.microsoft.translator","com.gaminik.i18n","com.google.android.apps.translate","com.niven.game","ru.yandex.translate","com.language.translate.free.translator.voice.translation","com.datacomprojects.scanandtranslate","com.eecorp.linguago","com.voice_camera_free_translate","at.nk.tools.iTranslate","com.tangdi.baiguotong","com.niven.apptranslate","com.translate.talkingtranslator","com.deepl.mobiletranslator","com.google.ar.lens","com.translate.language.translator.voice.translation"]},{"rank":{"index":2,"lang":"pt-br","country":"br","chineseCountryName":"巴西","pkg":"com.spaceship.screen.textcopy"},"orders":["com.recognize_text.translate.screen","com.spaceship.screen.textcopy","com.tap_to_translate.snap_translate","com.gaminik.i18n","com.newmg.yurao.pro","com.niven.translator","com.microsoft.translator","com.niven.game","com.eecorp.linguago","com.google.android.apps.translate","com.voice_camera_free_translate","com.language.translate.free.translator.voice.translation","com.tangdi.baiguotong","com.niven.apptranslate","com.translate.language.translator.voice.translation","at.nk.tools.iTranslate","free.translate.all.language.translator","com.audacityittranslator.translatetexttranslator","com.android.chrome","com.google.ar.lens"]},{"rank":{"index":2,"lang":"fr","country":"fr","chineseCountryName":"法国","pkg":"com.spaceship.screen.textcopy"},"orders":["com.recognize_text.translate.screen","com.spaceship.screen.textcopy","com.tap_to_translate.snap_translate","com.newmg.yurao.pro","com.gaminik.i18n","com.microsoft.translator","com.niven.translator","com.google.android.apps.translate","com.tangdi.baiguotong","com.niven.game","com.eecorp.linguago","at.nk.tools.iTranslate","com.language.translate.free.translator.voice.translation","com.immersivetranslate.browser","camtranslator.voice.text.image.translate","free.translate.all.language.translator","com.traductorweb","com.voice_camera_free_translate","com.niven.apptranslate","com.deepl.mobiletranslator"]},{"rank":{"index":2,"lang":"en-gb","country":"gb","chineseCountryName":"英国","pkg":"com.spaceship.screen.textcopy"},"orders":["com.recognize_text.translate.screen","com.spaceship.screen.textcopy","com.tap_to_translate.snap_translate","com.newmg.yurao.pro","com.microsoft.translator","com.google.android.apps.translate","com.gaminik.i18n","com.niven.translator","at.nk.tools.iTranslate","com.eecorp.linguago","com.niven.game","com.language.translate.free.translator.voice.translation","com.voice_camera_free_translate","com.niven.apptranslate","com.translate.talkingtranslator","com.google.ar.lens","com.naver.labs.translator","com.tangdi.baiguotong","free.translate.all.language.translator","com.immersivetranslate.browser"]},{"rank":{"index":2,"lang":"de","country":"de","chineseCountryName":"德国","pkg":"com.spaceship.screen.textcopy"},"orders":["com.recognize_text.translate.screen","com.spaceship.screen.textcopy","com.tap_to_translate.snap_translate","com.newmg.yurao.pro","com.microsoft.translator","com.niven.translator","com.gaminik.i18n","com.google.android.apps.translate","com.niven.game","com.tangdi.baiguotong","com.eecorp.linguago","com.language.translate.free.translator.voice.translation","at.nk.tools.iTranslate","com.immersivetranslate.browser","com.deepl.mobiletranslator","com.voice_camera_free_translate","com.traductorweb","com.niven.apptranslate","free.translate.all.language.translator","camtranslator.voice.text.image.translate"]},{"rank":{"index":2,"lang":"it","country":"it","chineseCountryName":"意大利","pkg":"com.spaceship.screen.textcopy"},"orders":["com.recognize_text.translate.screen","com.spaceship.screen.textcopy","com.tap_to_translate.snap_translate","com.gaminik.i18n","com.microsoft.translator","com.newmg.yurao.pro","com.niven.translator","com.google.android.apps.translate","com.tangdi.baiguotong","com.niven.game","at.nk.tools.iTranslate","com.eecorp.linguago"]},{"rank":{"index":2,"lang":"ja","country":"jp","chineseCountryName":"日本","pkg":"com.spaceship.screen.textcopy"},"orders":["com.recognize_text.translate.screen","com.spaceship.screen.textcopy","com.newmg.yurao.pro","com.tap_to_translate.snap_translate","com.gaminik.i18n","com.microsoft.translator","com.niven.translator","com.google.ar.lens","com.google.android.apps.translate","com.niven.game","com.naver.labs.translator","com.tangdi.baiguotong","com.deepl.mobiletranslator","com.immersivetranslate.browser"]},{"rank":{"index":2,"lang":"ko","country":"kr","chineseCountryName":"韩国","pkg":"com.spaceship.screen.textcopy"},"orders":["com.recognize_text.translate.screen","com.spaceship.screen.textcopy","com.newmg.yurao.pro","com.tap_to_translate.snap_translate","com.microsoft.translator","com.google.android.apps.translate","com.gaminik.i18n","com.niven.translator","com.naver.labs.translator","at.nk.tools.iTranslate","com.niven.game","com.immersivetranslate.browser","com.eecorp.linguago","com.language.translate.free.translator.voice.translation","com.datacomprojects.scanandtranslate","com.translate.talkingtranslator","com.google.ar.lens","com.niven.apptranslate","com.b1b.translator.voicetranslate.alllanguages.translator.app","com.zaz.translate"]},{"rank":{"index":2,"lang":"zh-hk","country":"hk","chineseCountryName":"香港","pkg":"com.spaceship.screen.textcopy"},"orders":["com.recognize_text.translate.screen","com.spaceship.screen.textcopy","com.gaminik.i18n","com.newmg.yurao.pro","com.microsoft.translator","com.google.android.apps.translate","com.tap_to_translate.snap_translate","com.niven.translator","at.nk.tools.iTranslate","com.niven.game","com.eecorp.linguago","com.tangdi.baiguotong","com.immersivetranslate.browser","com.language.translate.free.translator.voice.translation","com.naver.labs.translator","com.niven.apptranslate","com.translate.talkingtranslator","com.datacomprojects.scanandtranslate","com.google.ar.lens","com.screen.translate.google"]},{"rank":{"index":2,"lang":"zh-tw","country":"tw","chineseCountryName":"台湾","pkg":"com.spaceship.screen.textcopy"},"orders":["com.recognize_text.translate.screen","com.spaceship.screen.textcopy","com.newmg.yurao.pro","com.tap_to_translate.snap_translate","com.microsoft.translator","com.google.android.apps.translate","com.gaminik.i18n","com.niven.translator","com.niven.game","at.nk.tools.iTranslate","com.immersivetranslate.browser","com.tangdi.baiguotong","com.eecorp.linguago","com.voice_camera_free_translate","com.language.translate.free.translator.voice.translation","com.translate.talkingtranslator","com.naver.labs.translator","com.datacomprojects.scanandtranslate","com.niven.apptranslate","com.google.ar.lens"]},{"rank":{"index":2,"lang":"en","country":"in","chineseCountryName":"印度","pkg":"com.spaceship.screen.textcopy"},"orders":["com.recognize_text.translate.screen","com.spaceship.screen.textcopy","com.tap_to_translate.snap_translate"]},{"rank":{"index":2,"lang":"id","country":"id","chineseCountryName":"印尼","pkg":"com.spaceship.screen.textcopy"},"orders":["com.recognize_text.translate.screen","com.spaceship.screen.textcopy","com.tap_to_translate.snap_translate","com.newmg.yurao.pro","com.gaminik.i18n","com.niven.translator","com.niven.game","com.google.android.apps.translate","com.microsoft.translator","com.eecorp.linguago","com.language.translate.free.translator.voice.translation","com.youdao.hindict"]},{"rank":{"index":2,"lang":"es-mx","country":"mx","chineseCountryName":"墨西哥","pkg":"com.spaceship.screen.textcopy"},"orders":["com.recognize_text.translate.screen","com.spaceship.screen.textcopy","com.tap_to_translate.snap_translate","com.gaminik.i18n","com.newmg.yurao.pro","com.niven.translator","com.microsoft.translator","com.google.android.apps.translate","com.niven.game","com.eecorp.linguago"]}]