[{"rank":{"index":2,"lang":"en-us","country":"us","chineseCountryName":"美国","pkg":"com.spaceship.screen.textcopy"},"orders":["com.recognize_text.translate.screen","com.spaceship.screen.textcopy","com.tap_to_translate.snap_translate","com.gaminik.i18n","com.microsoft.translator","com.google.android.apps.translate","com.niven.translator","com.niven.game","com.newmg.yurao.pro","com.eecorp.taptranslator","at.nk.tools.iTranslate","com.niven.apptranslate","screen.translator.voice.translate","com.niven.comic","com.screen.translate.google","com.eecorp.linguago","com.galaxy.airviewdictionary","com.translate.talkingtranslator","com.android.chrome","us.zoom.videomeetings"]},{"rank":{"index":2,"lang":"ru","country":"ru","chineseCountryName":"俄罗斯","pkg":"com.spaceship.screen.textcopy"},"orders":["com.recognize_text.translate.screen","com.spaceship.screen.textcopy","com.tap_to_translate.snap_translate","com.gaminik.i18n","com.niven.translator","com.niven.game","com.google.android.apps.translate","com.microsoft.translator","com.newmg.yurao.pro","ru.yandex.translate","com.niven.apptranslate","com.niven.comic","at.nk.tools.iTranslate","screen.translator.voice.translate","com.screen.translate.google","com.eecorp.linguago","com.android.chrome","com.galaxy.airviewdictionary","us.zoom.videomeetings","com.deepl.mobiletranslator"]},{"rank":{"index":2,"lang":"pt-br","country":"br","chineseCountryName":"巴西","pkg":"com.spaceship.screen.textcopy"},"orders":["com.recognize_text.translate.screen","com.spaceship.screen.textcopy","com.tap_to_translate.snap_translate","com.gaminik.i18n","com.niven.translator","com.niven.game","screen.translator.voice.translate","com.newmg.yurao.pro","com.niven.apptranslate","com.niven.comic","com.google.android.apps.translate","com.microsoft.translator","com.eecorp.taptranslator","com.google.android.apps.photos","com.android.chrome","com.google.android.apps.maps","us.zoom.videomeetings","com.galaxy.airviewdictionary","com.google.android.apps.docs","com.google.android.apps.dynamite"]},{"rank":{"index":2,"lang":"fr","country":"fr","chineseCountryName":"法国","pkg":"com.spaceship.screen.textcopy"},"orders":["com.recognize_text.translate.screen","com.spaceship.screen.textcopy","com.tap_to_translate.snap_translate","com.gaminik.i18n","com.niven.translator","com.niven.game","screen.translator.voice.translate","com.newmg.yurao.pro","com.microsoft.translator","com.niven.apptranslate","com.eecorp.taptranslator","at.nk.tools.iTranslate","com.google.android.apps.translate","com.niven.comic","com.galaxy.airviewdictionary","com.screen.translate.google","com.eecorp.linguago","us.zoom.videomeetings","com.discord","com.android.chrome"]},{"rank":{"index":2,"lang":"en-gb","country":"gb","chineseCountryName":"英国","pkg":"com.spaceship.screen.textcopy"},"orders":["com.recognize_text.translate.screen","com.spaceship.screen.textcopy","com.tap_to_translate.snap_translate","com.gaminik.i18n","com.google.android.apps.translate","com.microsoft.translator","com.niven.game","com.niven.translator","at.nk.tools.iTranslate","com.newmg.yurao.pro","com.niven.apptranslate","com.eecorp.taptranslator","com.niven.comic","screen.translator.voice.translate","com.zaz.translate","com.youdao.hindict","com.sayhi.android.sayhitranslate","com.screen.translate.google","com.deepl.mobiletranslator","com.translate.language.translator.voice.translation"]},{"rank":{"index":2,"lang":"de","country":"de","chineseCountryName":"德国","pkg":"com.spaceship.screen.textcopy"},"orders":["com.recognize_text.translate.screen","com.spaceship.screen.textcopy","com.tap_to_translate.snap_translate","com.gaminik.i18n","com.newmg.yurao.pro","com.niven.translator","com.niven.game","com.microsoft.translator","com.google.android.apps.translate","com.niven.comic","com.niven.apptranslate","com.eecorp.taptranslator","at.nk.tools.iTranslate","com.eecorp.linguago","screen.translator.voice.translate","com.screen.translate.google","com.deepl.mobiletranslator","us.zoom.videomeetings","ru.yandex.translate","com.galaxy.airviewdictionary"]},{"rank":{"index":2,"lang":"it","country":"it","chineseCountryName":"意大利","pkg":"com.spaceship.screen.textcopy"},"orders":["com.recognize_text.translate.screen","com.spaceship.screen.textcopy","com.tap_to_translate.snap_translate","com.gaminik.i18n","screen.translator.voice.translate","com.niven.game","com.niven.translator","com.google.android.apps.translate","com.microsoft.translator","com.newmg.yurao.pro","com.niven.apptranslate","com.niven.comic","at.nk.tools.iTranslate","com.translate.language.translator.voice.translation","com.eecorp.taptranslator","com.screen.translate.google","com.deepl.mobiletranslator","com.softissimo.reverso.context","com.google.ar.lens","com.zaz.translate"]},{"rank":{"index":1,"lang":"ja","country":"jp","chineseCountryName":"日本","pkg":"com.spaceship.screen.textcopy"},"orders":["com.spaceship.screen.textcopy","com.recognize_text.translate.screen","com.tap_to_translate.snap_translate","com.gaminik.i18n","com.newmg.yurao.pro","com.niven.translator","com.niven.game","com.microsoft.translator","com.google.android.apps.translate","com.niven.apptranslate","com.niven.comic","us.zoom.videomeetings","at.nk.tools.iTranslate","com.android.chrome","com.discord","com.google.android.apps.maps","com.deepl.mobiletranslator","com.google.ar.lens","com.screen.translate.google","com.naver.labs.translator"]},{"rank":{"index":2,"lang":"ko","country":"kr","chineseCountryName":"韩国","pkg":"com.spaceship.screen.textcopy"},"orders":["com.recognize_text.translate.screen","com.spaceship.screen.textcopy","com.tap_to_translate.snap_translate","com.gaminik.i18n","com.google.android.apps.translate","com.microsoft.translator","com.niven.game","com.niven.translator","com.youdao.hindict","com.naver.labs.translator","com.newmg.yurao.pro","com.niven.comic","com.niven.apptranslate","com.eecorp.taptranslator","at.nk.tools.iTranslate","com.zaz.translate","com.flitto.app","com.deepl.mobiletranslator","com.screen.translate.google","com.translate.language.translator.voice.translation"]},{"rank":{"index":2,"lang":"zh-hk","country":"hk","chineseCountryName":"香港","pkg":"com.spaceship.screen.textcopy"},"orders":["com.recognize_text.translate.screen","com.spaceship.screen.textcopy","com.tap_to_translate.snap_translate","com.gaminik.i18n","com.microsoft.translator","com.google.android.apps.translate","com.niven.game","com.niven.translator","at.nk.tools.iTranslate","com.newmg.yurao.pro","com.niven.comic","com.niven.apptranslate","com.eecorp.taptranslator","com.screen.translate.google","com.tangdi.baiguotong","com.youdao.hindict","com.google.ar.lens","screen.translator.voice.translate","com.android.chrome","com.galaxy.airviewdictionary"]},{"rank":{"index":2,"lang":"zh-tw","country":"tw","chineseCountryName":"台湾","pkg":"com.spaceship.screen.textcopy"},"orders":["com.recognize_text.translate.screen","com.spaceship.screen.textcopy","com.tap_to_translate.snap_translate","com.gaminik.i18n","com.niven.game","com.google.android.apps.translate","com.niven.translator","com.microsoft.translator","com.niven.comic","com.newmg.yurao.pro","at.nk.tools.iTranslate","com.niven.apptranslate","com.eecorp.taptranslator","com.youdao.hindict","com.screen.translate.google","com.translate.talkingtranslator","com.galaxy.airviewdictionary","screen.translator.voice.translate","com.android.chrome","com.eecorp.linguago"]},{"rank":{"index":3,"lang":"en","country":"in","chineseCountryName":"印度","pkg":"com.spaceship.screen.textcopy"},"orders":["com.recognize_text.translate.screen","com.tap_to_translate.snap_translate","com.spaceship.screen.textcopy","com.google.android.apps.translate","com.microsoft.translator","com.gaminik.i18n"]},{"rank":{"index":1,"lang":"id","country":"id","chineseCountryName":"印尼","pkg":"com.spaceship.screen.textcopy"},"orders":["com.spaceship.screen.textcopy","com.recognize_text.translate.screen","com.tap_to_translate.snap_translate","com.gaminik.i18n","com.newmg.yurao.pro","com.niven.translator","com.niven.game","com.niven.apptranslate","com.youdao.hindict","com.niven.comic","com.google.android.apps.translate","com.eecorp.taptranslator"]},{"rank":{"index":2,"lang":"es-mx","country":"mx","chineseCountryName":"墨西哥","pkg":"com.spaceship.screen.textcopy"},"orders":["com.recognize_text.translate.screen","com.spaceship.screen.textcopy","com.tap_to_translate.snap_translate","com.gaminik.i18n","com.niven.translator","com.niven.game","com.newmg.yurao.pro","com.niven.comic","com.niven.apptranslate","com.microsoft.translator","com.google.android.apps.translate","at.nk.tools.iTranslate","com.eecorp.taptranslator","com.youdao.hindict","us.zoom.videomeetings","com.galaxy.airviewdictionary","com.google.android.apps.photos","com.google.android.apps.maps","com.android.chrome","com.google.android.apps.docs"]}]