[{"rank":{"index":2,"lang":"en-us","country":"us","chineseCountryName":"美国","pkg":"com.spaceship.screen.textcopy"},"orders":["com.recognize_text.translate.screen","com.spaceship.screen.textcopy","com.niven.translator","com.gaminik.i18n","com.google.android.apps.translate","com.tap_to_translate.snap_translate","com.hc.texttranslator.screentranslator.chattranslator","com.newmg.yurao.pro","com.microsoft.translator","com.aurasense.screentranslate","com.eecorp.linguago","com.yoyodev.screentranslate","at.nk.tools.iTranslate","com.screen.translate.google","com.naver.labs.translator","ru.yandex.translate","com.eecorp.taptranslator","com.zaz.translate","com.deepl.mobiletranslator","com.galaxy.airviewdictionary"]},{"rank":{"index":2,"lang":"ru","country":"ru","chineseCountryName":"俄罗斯","pkg":"com.spaceship.screen.textcopy"},"orders":["com.recognize_text.translate.screen","com.spaceship.screen.textcopy","com.niven.translator","com.tap_to_translate.snap_translate","com.gaminik.i18n","com.hc.texttranslator.screentranslator.chattranslator","com.aurasense.screentranslate","com.newmg.yurao.pro","com.yoyodev.screentranslate","com.screen.translate.google","com.google.android.apps.translate","com.eecorp.linguago","com.microsoft.translator","com.galaxy.airviewdictionary","live.screentranslate.realtime","ru.yandex.translate","com.hive.lingonative","com.screen.translator.text.recognize","com.niven.game","at.nk.tools.iTranslate"]},{"rank":{"index":2,"lang":"pt-br","country":"br","chineseCountryName":"巴西","pkg":"com.spaceship.screen.textcopy"},"orders":["com.recognize_text.translate.screen","com.spaceship.screen.textcopy","com.gaminik.i18n","com.hc.texttranslator.screentranslator.chattranslator","com.niven.translator","com.tap_to_translate.snap_translate","com.newmg.yurao.pro","com.aurasense.screentranslate","com.screen.translate.google","com.eecorp.linguago","com.google.android.apps.translate","com.eecorp.taptranslator","live.screentranslate.realtime","com.galaxy.airviewdictionary","com.microsoft.translator","com.hive.lingonative","com.niven.game","com.paninitranslate","at.nk.tools.iTranslate","com.screen.translator.text.recognize"]},{"rank":{"index":2,"lang":"fr","country":"fr","chineseCountryName":"法国","pkg":"com.spaceship.screen.textcopy"},"orders":["com.recognize_text.translate.screen","com.spaceship.screen.textcopy","com.hc.texttranslator.screentranslator.chattranslator","com.gaminik.i18n","com.niven.translator","com.tap_to_translate.snap_translate","com.newmg.yurao.pro","com.aurasense.screentranslate","com.yoyodev.screentranslate","com.eecorp.linguago","com.screen.translate.google","live.screentranslate.realtime","com.google.android.apps.translate","com.hive.lingonative","com.eecorp.taptranslator","com.galaxy.airviewdictionary","com.zaz.translate","screen.translator.voice.translate","com.microsoft.translator","translateonscreen.taptotranslate.screentranslator.screenandphototranslator"]},{"rank":{"index":2,"lang":"en-gb","country":"gb","chineseCountryName":"英国","pkg":"com.spaceship.screen.textcopy"},"orders":["com.recognize_text.translate.screen","com.spaceship.screen.textcopy","com.tap_to_translate.snap_translate","com.hc.texttranslator.screentranslator.chattranslator","com.niven.translator","com.newmg.yurao.pro","com.google.android.apps.translate","com.gaminik.i18n","com.aurasense.screentranslate","com.microsoft.translator","com.screen.translate.google","com.eecorp.linguago","com.yoyodev.screentranslate","com.eecorp.taptranslator","com.deepl.mobiletranslator","at.nk.tools.iTranslate","com.zaz.translate","ru.yandex.translate","com.galaxy.airviewdictionary","screen.translator.voice.translate"]},{"rank":{"index":2,"lang":"de","country":"de","chineseCountryName":"德国","pkg":"com.spaceship.screen.textcopy"},"orders":["com.recognize_text.translate.screen","com.spaceship.screen.textcopy","com.tap_to_translate.snap_translate","com.niven.translator","com.hc.texttranslator.screentranslator.chattranslator","com.gaminik.i18n","com.aurasense.screentranslate","com.yoyodev.screentranslate","com.newmg.yurao.pro","com.eecorp.linguago","com.screen.translate.google","live.screentranslate.realtime","com.hive.lingonative","com.eecorp.taptranslator","com.galaxy.airviewdictionary","com.google.android.apps.translate","com.microsoft.translator","screen.translator.voice.translate","at.nk.tools.iTranslate","translateonscreen.taptotranslate.screentranslator.screenandphototranslator"]},{"rank":{"index":2,"lang":"it","country":"it","chineseCountryName":"意大利","pkg":"com.spaceship.screen.textcopy"},"orders":["com.recognize_text.translate.screen","com.spaceship.screen.textcopy","com.hc.texttranslator.screentranslator.chattranslator","com.gaminik.i18n","com.tap_to_translate.snap_translate","com.niven.translator","com.newmg.yurao.pro","com.aurasense.screentranslate","com.screen.translate.google","com.eecorp.linguago","com.yoyodev.screentranslate","live.screentranslate.realtime","com.hive.lingonative","com.google.android.apps.translate","com.eecorp.taptranslator","com.paninitranslate","com.microsoft.translator","com.galaxy.airviewdictionary","at.nk.tools.iTranslate","com.screen.translator.text.recognize"]},{"rank":{"index":2,"lang":"ja","country":"jp","chineseCountryName":"日本","pkg":"com.spaceship.screen.textcopy"},"orders":["com.recognize_text.translate.screen","com.spaceship.screen.textcopy","com.tap_to_translate.snap_translate","com.gaminik.i18n","com.hc.texttranslator.screentranslator.chattranslator","com.niven.translator","com.newmg.yurao.pro","com.aurasense.screentranslate","com.google.android.apps.translate","com.screen.translate.google","com.eecorp.linguago","live.screentranslate.realtime","com.galaxy.airviewdictionary","com.microsoft.translator","com.hive.lingonative","com.eecorp.taptranslator","com.niven.apptranslate","screen.translator.voice.translate","com.deepl.mobiletranslator","com.naver.labs.translator"]},{"rank":{"index":2,"lang":"ko","country":"kr","chineseCountryName":"韩国","pkg":"com.spaceship.screen.textcopy"},"orders":["com.recognize_text.translate.screen","com.spaceship.screen.textcopy","com.gaminik.i18n","com.hc.texttranslator.screentranslator.chattranslator","com.tap_to_translate.snap_translate","com.niven.translator","com.newmg.yurao.pro","com.screen.translate.google","com.aurasense.screentranslate","com.eecorp.linguago","live.screentranslate.realtime","com.hive.lingonative"]},{"rank":{"index":2,"lang":"zh-hk","country":"hk","chineseCountryName":"香港","pkg":"com.spaceship.screen.textcopy"},"orders":["com.recognize_text.translate.screen","com.spaceship.screen.textcopy","com.tap_to_translate.snap_translate","com.hc.texttranslator.screentranslator.chattranslator","com.gaminik.i18n","com.niven.translator","com.google.android.apps.translate","com.newmg.yurao.pro","com.aurasense.screentranslate","com.microsoft.translator","com.screen.translate.google","com.eecorp.linguago","com.naver.labs.translator","live.screentranslate.realtime","at.nk.tools.iTranslate","com.galaxy.airviewdictionary","com.eecorp.taptranslator","ru.yandex.translate","com.deepl.mobiletranslator","com.yoyodev.screentranslate"]},{"rank":{"index":2,"lang":"zh-tw","country":"tw","chineseCountryName":"台湾","pkg":"com.spaceship.screen.textcopy"},"orders":["com.recognize_text.translate.screen","com.spaceship.screen.textcopy","com.hc.texttranslator.screentranslator.chattranslator","com.gaminik.i18n","com.tap_to_translate.snap_translate","com.niven.translator","com.aurasense.screentranslate","com.newmg.yurao.pro","com.microsoft.translator","com.screen.translate.google","com.google.android.apps.translate","com.eecorp.linguago","live.screentranslate.realtime","com.galaxy.airviewdictionary","com.eecorp.taptranslator","at.nk.tools.iTranslate","com.naver.labs.translator","com.yoyodev.screentranslate","com.hive.lingonative","com.niven.apptranslate"]},{"rank":{"index":0,"lang":"en","country":"in","chineseCountryName":"印度","pkg":"com.spaceship.screen.textcopy"},"orders":["com.recognize_text.translate.screen","com.tap_to_translate.snap_translate","com.newmg.yurao.pro","com.hc.texttranslator.screentranslator.chattranslator","com.gaminik.i18n","com.aurasense.screentranslate","com.niven.translator","com.google.android.apps.translate","com.screen.translate.google","com.eecorp.linguago","com.yoyodev.screentranslate","screen.translator.voice.translate","com.microsoft.translator","com.galaxy.airviewdictionary","com.zaz.translate","com.eecorp.taptranslator","live.screentranslate.realtime","com.fapp.translate.language.translator.fasttranslation","at.nk.tools.iTranslate","com.screen.translator.text.recognize"]},{"rank":{"index":2,"lang":"id","country":"id","chineseCountryName":"印尼","pkg":"com.spaceship.screen.textcopy"},"orders":["com.recognize_text.translate.screen","com.spaceship.screen.textcopy","com.gaminik.i18n","com.niven.translator","com.tap_to_translate.snap_translate","com.hc.texttranslator.screentranslator.chattranslator","com.aurasense.screentranslate","com.newmg.yurao.pro","com.screen.translate.google","com.eecorp.linguago","com.yoyodev.screentranslate","com.google.android.apps.translate","com.eecorp.taptranslator","com.galaxy.airviewdictionary","live.screentranslate.realtime","com.hive.lingonative","com.naver.labs.translator","com.screen.translator.text.recognize","screen.translator.voice.translate","com.niven.apptranslate"]},{"rank":{"index":2,"lang":"es-mx","country":"mx","chineseCountryName":"墨西哥","pkg":"com.spaceship.screen.textcopy"},"orders":["com.recognize_text.translate.screen","com.spaceship.screen.textcopy","com.niven.translator","com.hc.texttranslator.screentranslator.chattranslator","com.gaminik.i18n","com.newmg.yurao.pro","com.tap_to_translate.snap_translate","com.screen.translate.google","com.yoyodev.screentranslate","com.google.android.apps.translate","com.eecorp.linguago","com.aurasense.screentranslate","live.screentranslate.realtime","com.hive.lingonative","com.galaxy.airviewdictionary","com.eecorp.taptranslator","com.microsoft.translator","com.deepl.mobiletranslator","screen.translator.voice.translate","com.ydzlabs.chattranslator"]}]