[{"rank":{"index":2,"lang":"en-us","country":"us","chineseCountryName":"美国","pkg":"com.spaceship.screen.textcopy"},"orders":["com.recognize_text.translate.screen","com.spaceship.screen.textcopy","com.tap_to_translate.snap_translate","com.google.android.apps.translate","com.screen.translate.google","com.microsoft.translator","com.newmg.yurao.pro","com.gaminik.i18n","com.niven.translator","com.deepl.mobiletranslator","ru.yandex.translate","com.zaz.translate","at.nk.tools.iTranslate","com.niven.game","com.screen.textspeech.translator","com.immersivetranslate.browser","com.google.ar.lens","com.youdao.hindict","com.naver.labs.translator","com.translate.talkingtranslator"]},{"rank":{"index":0,"lang":"ru","country":"ru","chineseCountryName":"俄罗斯","pkg":"com.spaceship.screen.textcopy"},"orders":["com.recognize_text.translate.screen","com.newmg.yurao.pro","com.niven.translator","com.tap_to_translate.snap_translate","com.gaminik.i18n","com.screen.translate.google","ru.yandex.translate","com.google.android.apps.translate","com.microsoft.translator","com.deepl.mobiletranslator","com.niven.game","com.immersivetranslate.browser","com.zaz.translate","com.niven.apptranslate","com.voice_camera_free_translate","com.google.ar.lens","com.instagram.android","com.mg.chat","com.whatsapp","com.android.chrome"]},{"rank":{"index":2,"lang":"pt-br","country":"br","chineseCountryName":"巴西","pkg":"com.spaceship.screen.textcopy"},"orders":["com.recognize_text.translate.screen","com.spaceship.screen.textcopy","com.tap_to_translate.snap_translate","com.newmg.yurao.pro","com.gaminik.i18n","com.google.android.apps.translate","com.microsoft.translator","com.deepl.mobiletranslator","ru.yandex.translate","com.zaz.translate","at.nk.tools.iTranslate","com.google.ar.lens","com.naver.labs.translator","com.translate.talkingtranslator","com.softissimo.reverso.context","com.ticktalk.translatevoice","com.google.android.apps.searchlite","com.niven.translator","com.screen.translate.google","screen.translator.voice.translate"]},{"rank":{"index":2,"lang":"fr","country":"fr","chineseCountryName":"法国","pkg":"com.spaceship.screen.textcopy"},"orders":["com.recognize_text.translate.screen","com.spaceship.screen.textcopy","com.tap_to_translate.snap_translate","com.newmg.yurao.pro","com.niven.translator","com.screen.translate.google","com.gaminik.i18n","com.google.android.apps.translate","com.microsoft.translator","com.deepl.mobiletranslator","ru.yandex.translate","com.zaz.translate","com.google.ar.lens","com.niven.apptranslate","com.facebook.katana","com.instagram.android","com.facebook.orca","com.google.android.apps.tachyon","com.voice_camera_free_translate","com.android.chrome"]},{"rank":{"index":2,"lang":"en-gb","country":"gb","chineseCountryName":"英国","pkg":"com.spaceship.screen.textcopy"},"orders":["com.recognize_text.translate.screen","com.spaceship.screen.textcopy","com.newmg.yurao.pro","com.google.android.apps.translate","com.screen.translate.google","com.microsoft.translator","com.gaminik.i18n","com.niven.translator","com.deepl.mobiletranslator","com.zaz.translate","com.tap_to_translate.snap_translate","ru.yandex.translate","com.screen.textspeech.translator","com.google.ar.lens","com.immersivetranslate.browser","at.nk.tools.iTranslate","com.niven.game","com.naver.labs.translator","com.niven.apptranslate","com.youdao.hindict"]},{"rank":{"index":2,"lang":"de","country":"de","chineseCountryName":"德国","pkg":"com.spaceship.screen.textcopy"},"orders":["com.recognize_text.translate.screen","com.spaceship.screen.textcopy","com.newmg.yurao.pro","com.screen.translate.google","com.niven.translator","com.gaminik.i18n","com.tap_to_translate.snap_translate","com.microsoft.translator","com.google.android.apps.translate","com.deepl.mobiletranslator","ru.yandex.translate","com.zaz.translate","com.google.ar.lens","com.niven.game","com.immersivetranslate.browser","com.niven.apptranslate","at.nk.tools.iTranslate","com.facebook.katana","com.instagram.android","com.google.android.apps.tachyon"]},{"rank":{"index":2,"lang":"it","country":"it","chineseCountryName":"意大利","pkg":"com.spaceship.screen.textcopy"},"orders":["com.recognize_text.translate.screen","com.spaceship.screen.textcopy","com.tap_to_translate.snap_translate","com.newmg.yurao.pro","com.gaminik.i18n","com.niven.translator","com.screen.translate.google","com.google.android.apps.translate","com.microsoft.translator","com.deepl.mobiletranslator","com.zaz.translate","ru.yandex.translate","com.niven.game","com.google.ar.lens","com.voice_camera_free_translate","com.screen.textspeech.translator","at.nk.tools.iTranslate","com.instagram.android","com.eecorp.taptranslator","com.facebook.katana"]},{"rank":{"index":2,"lang":"ja","country":"jp","chineseCountryName":"日本","pkg":"com.spaceship.screen.textcopy"},"orders":["com.recognize_text.translate.screen","com.spaceship.screen.textcopy","com.tap_to_translate.snap_translate","com.newmg.yurao.pro","com.gaminik.i18n","com.niven.translator","com.screen.translate.google","com.google.android.apps.translate","com.microsoft.translator","com.deepl.mobiletranslator","com.immersivetranslate.browser","com.google.ar.lens","com.naver.labs.translator","com.voice_camera_free_translate","ru.yandex.translate","com.niven.game","com.translate.talkingtranslator","com.zaz.translate","com.screen.textspeech.translator","com.android.chrome"]},{"rank":{"index":3,"lang":"ko","country":"kr","chineseCountryName":"韩国","pkg":"com.spaceship.screen.textcopy"},"orders":["com.recognize_text.translate.screen","com.tap_to_translate.snap_translate","com.spaceship.screen.textcopy","com.newmg.yurao.pro","com.niven.translator","com.screen.translate.google","com.gaminik.i18n","com.google.android.apps.translate","com.microsoft.translator","com.niven.game","com.naver.labs.translator","com.deepl.mobiletranslator","com.screen.textspeech.translator","com.niven.apptranslate","com.voice_camera_free_translate","com.facebook.katana","com.instagram.android","ru.yandex.translate","com.facebook.orca","com.immersivetranslate.browser"]},{"rank":{"index":2,"lang":"zh-hk","country":"hk","chineseCountryName":"香港","pkg":"com.spaceship.screen.textcopy"},"orders":["com.recognize_text.translate.screen","com.spaceship.screen.textcopy","com.tap_to_translate.snap_translate","com.newmg.yurao.pro","com.screen.translate.google","com.gaminik.i18n","com.google.android.apps.translate","com.niven.translator","com.microsoft.translator","com.niven.game","com.immersivetranslate.browser","com.deepl.mobiletranslator","ru.yandex.translate","com.google.ar.lens","com.zaz.translate","com.naver.labs.translator","com.niven.apptranslate","com.screen.textspeech.translator","com.google.android.apps.maps","at.nk.tools.iTranslate"]},{"rank":{"index":2,"lang":"zh-tw","country":"tw","chineseCountryName":"台湾","pkg":"com.spaceship.screen.textcopy"},"orders":["com.recognize_text.translate.screen","com.spaceship.screen.textcopy","com.newmg.yurao.pro","com.screen.translate.google","com.gaminik.i18n","com.niven.translator","com.microsoft.translator","com.google.android.apps.translate","com.tap_to_translate.snap_translate","com.immersivetranslate.browser","com.niven.game","com.deepl.mobiletranslator","com.zaz.translate","com.screen.textspeech.translator","ru.yandex.translate","com.naver.labs.translator","com.google.ar.lens","com.niven.apptranslate","com.translate.talkingtranslator","at.nk.tools.iTranslate"]},{"rank":{"index":2,"lang":"en","country":"in","chineseCountryName":"印度","pkg":"com.spaceship.screen.textcopy"},"orders":["com.recognize_text.translate.screen","com.spaceship.screen.textcopy","com.newmg.yurao.pro","com.google.android.apps.translate","com.zaz.translate","com.microsoft.translator"]},{"rank":{"index":3,"lang":"id","country":"id","chineseCountryName":"印尼","pkg":"com.spaceship.screen.textcopy"},"orders":["com.recognize_text.translate.screen","com.tap_to_translate.snap_translate","com.spaceship.screen.textcopy","com.newmg.yurao.pro","com.gaminik.i18n","com.niven.translator","com.screen.translate.google","com.niven.game","com.google.android.apps.translate","com.deepl.mobiletranslator","com.microsoft.translator"]},{"rank":{"index":2,"lang":"es-mx","country":"mx","chineseCountryName":"墨西哥","pkg":"com.spaceship.screen.textcopy"},"orders":["com.recognize_text.translate.screen","com.spaceship.screen.textcopy","com.newmg.yurao.pro","com.tap_to_translate.snap_translate","com.gaminik.i18n","com.google.android.apps.translate","com.microsoft.translator","com.deepl.mobiletranslator","com.zaz.translate","ru.yandex.translate","at.nk.tools.iTranslate","com.translate.talkingtranslator","com.google.ar.lens","com.naver.labs.translator","com.ticktalk.translatevoice","com.softissimo.reverso.context","com.niven.translator","com.screen.translate.google","com.youdao.hindict","screen.translator.voice.translate"]}]