[{"rank":{"index":2,"lang":"en-us","country":"us","chineseCountryName":"美国","pkg":"com.spaceship.screen.textcopy"},"orders":["com.recognize_text.translate.screen","com.spaceship.screen.textcopy","com.tap_to_translate.snap_translate","com.niven.translator","com.screen.translate.google","com.gaminik.i18n","com.newmg.yurao.pro","com.galaxy.airviewdictionary","com.niven.apptranslate","com.screen.translator.text.recognize","com.eecorp.linguago","com.google.android.apps.translate","com.yoyodev.screentranslate","com.aurasense.screentranslate","com.niven.game","at.nk.tools.iTranslate","com.microsoft.translator","com.newtranslate.google","com.deepl.mobiletranslator","com.flabs.screen.translate"]},{"rank":{"index":3,"lang":"ru","country":"ru","chineseCountryName":"俄罗斯","pkg":"com.spaceship.screen.textcopy"},"orders":["com.recognize_text.translate.screen","com.niven.translator","com.spaceship.screen.textcopy","com.tap_to_translate.snap_translate","com.gaminik.i18n","com.screen.translate.google","com.niven.apptranslate","com.newmg.yurao.pro"]},{"rank":{"index":2,"lang":"pt-br","country":"br","chineseCountryName":"巴西","pkg":"com.spaceship.screen.textcopy"},"orders":["com.recognize_text.translate.screen","com.spaceship.screen.textcopy","com.tap_to_translate.snap_translate","com.niven.translator","com.galaxy.airviewdictionary","com.gaminik.i18n","com.screen.translate.google","com.niven.apptranslate","com.newtranslate.google","com.screen.translator.text.recognize","com.niven.game","com.eecorp.linguago","com.flabs.screen.translate","com.newmg.yurao.pro","screen.translator.voice.translate","com.hive.lingonative","com.google.android.apps.translate","com.translatepost.voicetranslator.cameratranslator","com.niven.comic","top.applocalize.translate"]},{"rank":{"index":2,"lang":"fr","country":"fr","chineseCountryName":"法国","pkg":"com.spaceship.screen.textcopy"},"orders":["com.recognize_text.translate.screen","com.spaceship.screen.textcopy","com.tap_to_translate.snap_translate","com.niven.translator","com.galaxy.airviewdictionary","com.screen.translate.google","com.niven.apptranslate","com.newtranslate.google","com.gaminik.i18n","screen.translator.voice.translate","com.screen.translator.text.recognize","com.yoyodev.screentranslate","com.eecorp.linguago","com.flabs.screen.translate","com.google.android.apps.translate","com.hive.lingonative","com.translatepost.voicetranslator.cameratranslator","com.newmg.yurao.pro","com.deepl.mobiletranslator","com.niven.game"]},{"rank":{"index":2,"lang":"en-gb","country":"gb","chineseCountryName":"英国","pkg":"com.spaceship.screen.textcopy"},"orders":["com.recognize_text.translate.screen","com.spaceship.screen.textcopy","com.tap_to_translate.snap_translate","com.niven.translator","com.galaxy.airviewdictionary","com.screen.translate.google","com.google.android.apps.translate","com.gaminik.i18n","com.newmg.yurao.pro","com.screen.translator.text.recognize","com.niven.apptranslate","com.newtranslate.google","com.eecorp.linguago","com.microsoft.translator"]},{"rank":{"index":2,"lang":"de","country":"de","chineseCountryName":"德国","pkg":"com.spaceship.screen.textcopy"},"orders":["com.recognize_text.translate.screen","com.spaceship.screen.textcopy","com.tap_to_translate.snap_translate","com.niven.translator","com.galaxy.airviewdictionary","com.screen.translate.google","com.niven.apptranslate","com.gaminik.i18n","com.newtranslate.google","screen.translator.voice.translate","com.google.android.apps.translate","com.screen.translator.text.recognize","com.yoyodev.screentranslate","com.eecorp.linguago","com.deepl.mobiletranslator","com.microsoft.translator","com.google.ar.lens","com.newmg.yurao.pro","com.hive.lingonative","link.zhidou.btranslator"]},{"rank":{"index":3,"lang":"it","country":"it","chineseCountryName":"意大利","pkg":"com.spaceship.screen.textcopy"},"orders":["com.recognize_text.translate.screen","com.tap_to_translate.snap_translate","com.spaceship.screen.textcopy","com.galaxy.airviewdictionary","com.screen.translate.google","com.niven.translator","com.niven.apptranslate","com.newtranslate.google","com.gaminik.i18n","screen.translator.voice.translate","com.screen.translator.text.recognize","com.google.android.apps.translate","com.newmg.yurao.pro","com.flabs.screen.translate","com.yoyodev.screentranslate","com.eecorp.linguago","com.deepl.mobiletranslator","com.google.ar.lens","com.microsoft.translator","com.eecorp.taptranslator"]},{"rank":{"index":2,"lang":"ja","country":"jp","chineseCountryName":"日本","pkg":"com.spaceship.screen.textcopy"},"orders":["com.recognize_text.translate.screen","com.spaceship.screen.textcopy","com.tap_to_translate.snap_translate","com.niven.translator","com.screen.translate.google","com.gaminik.i18n","com.niven.apptranslate","com.galaxy.airviewdictionary","com.screen.translator.text.recognize","com.newmg.yurao.pro","com.aurasense.screentranslate"]},{"rank":{"index":2,"lang":"ko","country":"kr","chineseCountryName":"韩国","pkg":"com.spaceship.screen.textcopy"},"orders":["com.recognize_text.translate.screen","com.spaceship.screen.textcopy","com.tap_to_translate.snap_translate","com.niven.translator","com.gaminik.i18n","com.galaxy.airviewdictionary","com.screen.translate.google","com.niven.apptranslate","com.newtranslate.google","com.screen.translator.text.recognize","com.eecorp.linguago","com.flabs.screen.translate","com.newmg.yurao.pro","screen.translator.voice.translate","com.hive.lingonative","com.google.android.apps.translate","com.translatepost.voicetranslator.cameratranslator","com.niven.game","top.applocalize.translate","com.microsoft.translator"]},{"rank":{"index":2,"lang":"zh-hk","country":"hk","chineseCountryName":"香港","pkg":"com.spaceship.screen.textcopy"},"orders":["com.recognize_text.translate.screen","com.spaceship.screen.textcopy","com.tap_to_translate.snap_translate","com.niven.translator","com.galaxy.airviewdictionary","com.screen.translate.google","com.google.android.apps.translate","screen.translator.voice.translate","com.newtranslate.google","com.niven.apptranslate","com.gaminik.i18n","com.aurasense.screentranslate","com.microsoft.translator","com.google.ar.lens","com.screen.translator.text.recognize","com.deepl.mobiletranslator","com.naver.labs.translator","at.nk.tools.iTranslate","com.newmg.yurao.pro","com.zaz.translate"]},{"rank":{"index":2,"lang":"zh-tw","country":"tw","chineseCountryName":"台湾","pkg":"com.spaceship.screen.textcopy"},"orders":["com.recognize_text.translate.screen","com.spaceship.screen.textcopy","com.tap_to_translate.snap_translate","com.galaxy.airviewdictionary","com.screen.translate.google","com.google.android.apps.translate","com.gaminik.i18n","com.niven.translator","com.android.chrome","com.google.ar.lens","com.niven.apptranslate","com.naver.labs.translator","com.deepl.mobiletranslator","com.google.android.tts","com.microsoft.translator","com.aurasense.screentranslate","com.newtranslate.google","screen.translator.voice.translate","com.zaz.translate","com.newmg.yurao.pro"]},{"rank":{"index":0,"lang":"en","country":"in","chineseCountryName":"印度","pkg":"com.spaceship.screen.textcopy"},"orders":["com.recognize_text.translate.screen","com.tap_to_translate.snap_translate","com.google.android.apps.translate"]},{"rank":{"index":2,"lang":"id","country":"id","chineseCountryName":"印尼","pkg":"com.spaceship.screen.textcopy"},"orders":["com.recognize_text.translate.screen","com.spaceship.screen.textcopy","com.tap_to_translate.snap_translate","com.niven.translator","com.gaminik.i18n","com.screen.translate.google","com.niven.apptranslate","com.galaxy.airviewdictionary","com.newmg.yurao.pro","com.screen.translator.text.recognize","com.newtranslate.google","com.niven.game","com.flabs.screen.translate","com.eecorp.linguago"]},{"rank":{"index":2,"lang":"es-mx","country":"mx","chineseCountryName":"墨西哥","pkg":"com.spaceship.screen.textcopy"},"orders":["com.recognize_text.translate.screen","com.spaceship.screen.textcopy","com.tap_to_translate.snap_translate"]}]