[{"rank":{"index":2,"lang":"en-us","country":"us","chineseCountryName":"美国","pkg":"com.spaceship.screen.textcopy"},"orders":["com.recognize_text.translate.screen","com.spaceship.screen.textcopy","com.newmg.yurao.pro","com.gaminik.i18n","com.google.android.apps.translate","com.microsoft.translator","com.niven.translator","com.tap_to_translate.snap_translate","com.screen.translate.google","com.google.ar.lens","com.naver.labs.translator","com.niven.game","at.nk.tools.iTranslate","com.zaz.translate","com.youdao.hindict","com.deepl.mobiletranslator","ru.yandex.translate","com.eecorp.linguago","com.niven.apptranslate","live.screentranslate.realtime"]},{"rank":{"index":0,"lang":"ru","country":"ru","chineseCountryName":"俄罗斯","pkg":"com.spaceship.screen.textcopy"},"orders":["com.recognize_text.translate.screen","com.newmg.yurao.pro","com.tap_to_translate.snap_translate","com.gaminik.i18n","ru.yandex.translate","com.niven.translator","com.niven.game","com.screen.translate.google","com.microsoft.translator","com.google.android.apps.translate","com.niven.apptranslate","com.eecorp.linguago","com.deepl.mobiletranslator","com.google.ar.lens","com.voice_camera_free_translate","com.immersivetranslate.browser","live.screentranslate.realtime","com.zaz.translate","com.datacomprojects.scanandtranslate","ru.yandex.music"]},{"rank":{"index":2,"lang":"pt-br","country":"br","chineseCountryName":"巴西","pkg":"com.spaceship.screen.textcopy"},"orders":["com.recognize_text.translate.screen","com.spaceship.screen.textcopy","com.newmg.yurao.pro","com.tap_to_translate.snap_translate","com.gaminik.i18n","com.google.android.apps.translate","ru.yandex.translate","com.zaz.translate","com.deepl.mobiletranslator","at.nk.tools.iTranslate","com.google.ar.lens","com.naver.labs.translator","com.translate.talkingtranslator","com.softissimo.reverso.context","com.niven.translator","com.niven.game","com.galaxy.airviewdictionary","com.screen.translate.google","screen.translator.voice.translate","com.translator.translation.screen.translate.voice.languages.text.translating"]},{"rank":{"index":2,"lang":"fr","country":"fr","chineseCountryName":"法国","pkg":"com.spaceship.screen.textcopy"},"orders":["com.recognize_text.translate.screen","com.spaceship.screen.textcopy","com.tap_to_translate.snap_translate","com.newmg.yurao.pro","com.gaminik.i18n","com.google.android.apps.translate","com.niven.translator","com.screen.translate.google","com.microsoft.translator","com.google.ar.lens","com.niven.apptranslate","com.niven.game","com.deepl.mobiletranslator","com.instagram.android","com.google.android.apps.tachyon","com.zaz.translate","com.facebook.katana","com.facebook.orca","ru.yandex.translate","com.android.chrome"]},{"rank":{"index":2,"lang":"en-gb","country":"gb","chineseCountryName":"英国","pkg":"com.spaceship.screen.textcopy"},"orders":["com.recognize_text.translate.screen","com.spaceship.screen.textcopy","com.newmg.yurao.pro","com.gaminik.i18n","com.google.android.apps.translate","com.niven.translator","com.microsoft.translator","com.tap_to_translate.snap_translate","com.screen.translate.google","com.google.ar.lens","com.niven.game","com.naver.labs.translator","com.zaz.translate","com.eecorp.linguago","ru.yandex.translate","at.nk.tools.iTranslate","com.deepl.mobiletranslator","com.niven.apptranslate","com.youdao.hindict","live.screentranslate.realtime"]},{"rank":{"index":2,"lang":"de","country":"de","chineseCountryName":"德国","pkg":"com.spaceship.screen.textcopy"},"orders":["com.recognize_text.translate.screen","com.spaceship.screen.textcopy","com.newmg.yurao.pro","com.gaminik.i18n","com.tap_to_translate.snap_translate","com.google.android.apps.translate","com.microsoft.translator","com.niven.translator","com.screen.translate.google","com.niven.game","ru.yandex.translate","com.deepl.mobiletranslator","com.niven.apptranslate","com.google.ar.lens","com.eecorp.linguago","com.immersivetranslate.browser","at.nk.tools.iTranslate","photo.translate.camera.translator","com.google.android.apps.tachyon","com.amazon.kindle"]},{"rank":{"index":2,"lang":"it","country":"it","chineseCountryName":"意大利","pkg":"com.spaceship.screen.textcopy"},"orders":["com.recognize_text.translate.screen","com.spaceship.screen.textcopy","com.newmg.yurao.pro","com.gaminik.i18n","com.tap_to_translate.snap_translate","com.niven.translator","com.google.android.apps.translate","com.screen.translate.google","com.microsoft.translator","com.niven.game","com.google.ar.lens","com.deepl.mobiletranslator","ru.yandex.translate","com.niven.apptranslate","com.facebook.katana","com.instagram.android","com.google.android.apps.tachyon","com.facebook.orca","com.microsoft.teams","org.telegram.messenger"]},{"rank":{"index":2,"lang":"ja","country":"jp","chineseCountryName":"日本","pkg":"com.spaceship.screen.textcopy"},"orders":["com.recognize_text.translate.screen","com.spaceship.screen.textcopy","com.tap_to_translate.snap_translate","com.screen.translate.google","com.newmg.yurao.pro","com.google.android.apps.translate","com.niven.translator","com.gaminik.i18n","com.microsoft.translator","com.google.ar.lens","com.niven.game","com.deepl.mobiletranslator","com.naver.labs.translator","ru.yandex.translate","com.eecorp.linguago","com.immersivetranslate.browser","com.facebook.katana","com.android.chrome","com.instagram.android","com.facebook.orca"]},{"rank":{"index":2,"lang":"ko","country":"kr","chineseCountryName":"韩国","pkg":"com.spaceship.screen.textcopy"},"orders":["com.recognize_text.translate.screen","com.spaceship.screen.textcopy","com.newmg.yurao.pro","com.tap_to_translate.snap_translate","com.gaminik.i18n","com.niven.translator","com.google.android.apps.translate","com.screen.translate.google","com.niven.game","com.microsoft.translator","com.naver.labs.translator","com.niven.apptranslate","com.google.ar.lens","com.eecorp.linguago","com.facebook.katana","com.instagram.android","com.facebook.orca","org.telegram.messenger","com.android.chrome","com.google.android.apps.messaging"]},{"rank":{"index":2,"lang":"zh-hk","country":"hk","chineseCountryName":"香港","pkg":"com.spaceship.screen.textcopy"},"orders":["com.recognize_text.translate.screen","com.spaceship.screen.textcopy","com.newmg.yurao.pro","com.gaminik.i18n","com.tap_to_translate.snap_translate","com.google.android.apps.translate","com.microsoft.translator","com.niven.translator","com.screen.translate.google","com.google.ar.lens","com.naver.labs.translator","com.niven.game","com.eecorp.linguago","com.android.chrome","com.facebook.katana","com.google.android.apps.maps","com.niven.apptranslate","com.facebook.orca","com.instagram.android","com.immersivetranslate.browser"]},{"rank":{"index":2,"lang":"zh-tw","country":"tw","chineseCountryName":"台湾","pkg":"com.spaceship.screen.textcopy"},"orders":["com.recognize_text.translate.screen","com.spaceship.screen.textcopy","com.newmg.yurao.pro","com.tap_to_translate.snap_translate","com.gaminik.i18n","com.niven.translator","com.screen.translate.google","com.google.android.apps.translate","com.microsoft.translator","com.niven.game","com.google.ar.lens","com.naver.labs.translator","com.facebook.katana","com.facebook.orca","com.eecorp.linguago","com.instagram.android","com.niven.apptranslate","org.telegram.messenger","com.instagram.barcelona","com.android.chrome"]},{"rank":{"index":2,"lang":"en","country":"in","chineseCountryName":"印度","pkg":"com.spaceship.screen.textcopy"},"orders":["com.recognize_text.translate.screen","com.spaceship.screen.textcopy","com.google.android.apps.translate","com.newmg.yurao.pro"]},{"rank":{"index":2,"lang":"id","country":"id","chineseCountryName":"印尼","pkg":"com.spaceship.screen.textcopy"},"orders":["com.recognize_text.translate.screen","com.spaceship.screen.textcopy","com.tap_to_translate.snap_translate","com.newmg.yurao.pro","com.gaminik.i18n","com.niven.translator","com.niven.game","com.google.android.apps.translate","com.screen.translate.google","com.youdao.hindict","com.microsoft.translator"]},{"rank":{"index":2,"lang":"es-mx","country":"mx","chineseCountryName":"墨西哥","pkg":"com.spaceship.screen.textcopy"},"orders":["com.recognize_text.translate.screen","com.spaceship.screen.textcopy","com.newmg.yurao.pro","com.tap_to_translate.snap_translate","com.google.android.apps.translate","com.gaminik.i18n","com.zaz.translate","com.deepl.mobiletranslator","at.nk.tools.iTranslate","com.google.ar.lens","ru.yandex.translate","com.naver.labs.translator","com.ticktalk.translatevoice","com.translate.talkingtranslator","com.softissimo.reverso.context","com.niven.translator","com.niven.game","com.screen.translate.google","com.youdao.hindict","screen.translator.voice.translate"]}]