[{"rank":{"index":2,"lang":"en-us","country":"us","chineseCountryName":"美国","pkg":"com.spaceship.screen.textcopy"},"orders":["com.recognize_text.translate.screen","com.spaceship.screen.textcopy","com.niven.translator","com.microsoft.translator","com.google.android.apps.translate","com.tap_to_translate.snap_translate","com.gaminik.i18n","com.niven.game","at.nk.tools.iTranslate","com.sayhi.android.sayhitranslate","com.niven.comic","com.translate.talkingtranslator","com.newmg.yurao.pro","com.zaz.translate","com.naver.labs.translator","com.tangdi.baiguotong","com.deepl.mobiletranslator","com.screen.translate.google","com.translate.language.translator.voice.translation","com.easytranslate.easytranslate"]},{"rank":{"index":4,"lang":"ru","country":"ru","chineseCountryName":"俄罗斯","pkg":"com.spaceship.screen.textcopy"},"orders":["com.recognize_text.translate.screen","com.niven.translator","com.tap_to_translate.snap_translate","com.spaceship.screen.textcopy","com.microsoft.translator","com.google.android.apps.translate","com.niven.game","com.gaminik.i18n","at.nk.tools.iTranslate","ru.yandex.translate","com.deepl.mobiletranslator","com.niven.comic","com.zaz.translate","com.translate.language.translator.voice.translation","com.screen.translate.google","com.tangdi.baiguotong","com.naver.labs.translator","com.youdao.hindict","com.newmg.yurao.pro","com.translate.talkingtranslator"]},{"rank":{"index":3,"lang":"pt-br","country":"br","chineseCountryName":"巴西","pkg":"com.spaceship.screen.textcopy"},"orders":["com.recognize_text.translate.screen","com.tap_to_translate.snap_translate","com.spaceship.screen.textcopy","com.niven.translator","com.niven.game","com.gaminik.i18n","com.microsoft.translator","com.niven.comic","at.nk.tools.iTranslate","com.google.android.apps.translate","com.galaxy.airviewdictionary","com.youdao.hindict","com.newmg.yurao.pro","com.screen.translate.google","com.zaz.translate","com.voice_camera_free_translate","com.deepl.mobiletranslator","com.niven.apptranslate","com.google.ar.lens","com.wooask.zx"]},{"rank":{"index":3,"lang":"fr","country":"fr","chineseCountryName":"法国","pkg":"com.spaceship.screen.textcopy"},"orders":["com.recognize_text.translate.screen","com.tap_to_translate.snap_translate","com.spaceship.screen.textcopy","com.niven.translator","com.microsoft.translator","com.niven.game","com.gaminik.i18n","at.nk.tools.iTranslate","com.niven.comic","com.google.android.apps.translate","com.zaz.translate","com.tangdi.baiguotong","com.newmg.yurao.pro","com.translate.talkingtranslator","com.screen.translate.google","com.galaxy.airviewdictionary","com.deepl.mobiletranslator","com.youdao.hindict","com.image.camera.translate.ai","com.translate.language.translator.voice.translation"]},{"rank":{"index":2,"lang":"en-gb","country":"gb","chineseCountryName":"英国","pkg":"com.spaceship.screen.textcopy"},"orders":["com.recognize_text.translate.screen","com.spaceship.screen.textcopy","com.tap_to_translate.snap_translate","com.gaminik.i18n","com.google.android.apps.translate","com.microsoft.translator","com.niven.translator","at.nk.tools.iTranslate","com.niven.game","com.zaz.translate","com.niven.comic","com.tangdi.baiguotong","com.sayhi.android.sayhitranslate","com.deepl.mobiletranslator","com.translate.talkingtranslator","com.translate.language.translator.voice.translation","com.youdao.hindict","com.softissimo.reverso.context","com.newmg.yurao.pro","com.b1b.translator.voicetranslate.alllanguages.translator.app"]},{"rank":{"index":2,"lang":"de","country":"de","chineseCountryName":"德国","pkg":"com.spaceship.screen.textcopy"},"orders":["com.recognize_text.translate.screen","com.spaceship.screen.textcopy","com.tap_to_translate.snap_translate","com.microsoft.translator","com.niven.translator","com.gaminik.i18n","com.niven.game","at.nk.tools.iTranslate","com.niven.comic","com.google.android.apps.translate","com.translate.talkingtranslator","com.deepl.mobiletranslator","com.newmg.yurao.pro"]},{"rank":{"index":2,"lang":"it","country":"it","chineseCountryName":"意大利","pkg":"com.spaceship.screen.textcopy"},"orders":["com.recognize_text.translate.screen","com.spaceship.screen.textcopy","com.niven.translator","com.gaminik.i18n","com.niven.game","com.tap_to_translate.snap_translate","com.microsoft.translator","com.niven.comic","at.nk.tools.iTranslate","com.google.android.apps.translate","com.galaxy.airviewdictionary","com.newmg.yurao.pro","com.screen.translate.google","com.screen.translator.text.recognize","com.deepl.mobiletranslator","com.zaz.translate","com.niven.apptranslate","com.translate.talkingtranslator","com.image.camera.translate.ai","com.tangdi.baiguotong"]},{"rank":{"index":2,"lang":"ja","country":"jp","chineseCountryName":"日本","pkg":"com.spaceship.screen.textcopy"},"orders":["com.recognize_text.translate.screen","com.spaceship.screen.textcopy","com.niven.translator","com.gaminik.i18n","com.niven.game","com.tap_to_translate.snap_translate","com.microsoft.translator","com.niven.comic","at.nk.tools.iTranslate","com.deepl.mobiletranslator","com.naver.labs.translator","com.google.android.apps.translate","com.newmg.yurao.pro","com.galaxy.airviewdictionary","com.translate.talkingtranslator","com.screen.translate.google","com.screen.translator.text.recognize","com.tangdi.baiguotong","com.google.ar.lens","com.niven.apptranslate"]},{"rank":{"index":2,"lang":"ko","country":"kr","chineseCountryName":"韩国","pkg":"com.spaceship.screen.textcopy"},"orders":["com.recognize_text.translate.screen","com.spaceship.screen.textcopy","com.microsoft.translator","com.google.android.apps.translate","com.niven.translator","com.naver.labs.translator","com.gaminik.i18n","com.niven.game","at.nk.tools.iTranslate","com.tap_to_translate.snap_translate","com.niven.comic","com.deepl.mobiletranslator","com.translate.talkingtranslator","com.sayhi.android.sayhitranslate","com.zaz.translate","com.translate.language.translator.voice.translation","com.b1b.translator.voicetranslate.alllanguages.translator.app","com.youdao.hindict","com.galaxy.airviewdictionary","com.mobisystems.msdict.embedded.wireless.collins.ee"]},{"rank":{"index":2,"lang":"zh-hk","country":"hk","chineseCountryName":"香港","pkg":"com.spaceship.screen.textcopy"},"orders":["com.recognize_text.translate.screen","com.spaceship.screen.textcopy","com.microsoft.translator","com.google.android.apps.translate","com.gaminik.i18n","com.niven.translator","com.niven.game","at.nk.tools.iTranslate","com.tap_to_translate.snap_translate","com.niven.comic","com.tangdi.baiguotong","com.naver.labs.translator","com.zaz.translate","com.translate.language.translator.voice.translation","com.deepl.mobiletranslator","com.translate.talkingtranslator","com.gonext.chinesetranslator","com.youdao.hindict","com.sayhi.android.sayhitranslate","com.galaxy.airviewdictionary"]},{"rank":{"index":2,"lang":"zh-tw","country":"tw","chineseCountryName":"台湾","pkg":"com.spaceship.screen.textcopy"},"orders":["com.recognize_text.translate.screen","com.spaceship.screen.textcopy","com.tap_to_translate.snap_translate","com.microsoft.translator","com.google.android.apps.translate","com.gaminik.i18n","at.nk.tools.iTranslate","com.niven.translator","com.niven.game","com.tangdi.baiguotong","com.niven.comic","com.naver.labs.translator","com.translate.language.translator.voice.translation","com.translate.talkingtranslator","com.youdao.hindict","com.deepl.mobiletranslator","com.sayhi.android.sayhitranslate","com.galaxy.airviewdictionary","jp.go.nict.voicetra","com.gonext.chinesetranslator"]},{"rank":{"index":3,"lang":"en","country":"in","chineseCountryName":"印度","pkg":"com.spaceship.screen.textcopy"},"orders":["com.recognize_text.translate.screen","com.google.android.apps.translate","com.spaceship.screen.textcopy","com.tap_to_translate.snap_translate","at.nk.tools.iTranslate","com.niven.game","com.niven.translator","com.zaz.translate","com.microsoft.translator"]},{"rank":{"index":2,"lang":"id","country":"id","chineseCountryName":"印尼","pkg":"com.spaceship.screen.textcopy"},"orders":["com.recognize_text.translate.screen","com.spaceship.screen.textcopy","com.tap_to_translate.snap_translate","com.niven.translator","com.gaminik.i18n","com.niven.game","com.niven.comic","com.microsoft.translator","com.youdao.hindict","at.nk.tools.iTranslate","com.google.android.apps.translate","com.newmg.yurao.pro","com.screen.translate.google","com.naver.labs.translator","com.deepl.mobiletranslator"]},{"rank":{"index":2,"lang":"es-mx","country":"mx","chineseCountryName":"墨西哥","pkg":"com.spaceship.screen.textcopy"},"orders":["com.recognize_text.translate.screen","com.spaceship.screen.textcopy","com.niven.translator","com.niven.game","com.gaminik.i18n","com.microsoft.translator","com.tap_to_translate.snap_translate","at.nk.tools.iTranslate","com.niven.comic","com.google.android.apps.translate","com.galaxy.airviewdictionary","com.youdao.hindict","com.newmg.yurao.pro","com.screen.translate.google","com.zaz.translate","com.screen.translator.text.recognize","com.tangdi.baiguotong","com.deepl.mobiletranslator","com.niven.apptranslate","com.translate.language.translator.voice.translation"]}]