[{"rank":{"index":2,"lang":"en-us","country":"us","chineseCountryName":"美国","pkg":"com.spaceship.screen.textcopy"},"orders":["com.recognize_text.translate.screen","com.spaceship.screen.textcopy","com.tap_to_translate.snap_translate","com.gaminik.i18n","com.google.android.apps.translate","com.niven.translator","com.niven.game","com.newmg.yurao.pro","com.microsoft.translator","com.niven.apptranslate","at.nk.tools.iTranslate","com.niven.comic","com.screen.translate.google","com.ticktalk.translatevoice","com.translate.talkingtranslator","com.zaz.translate","screen.translator.voice.translate","com.android.chrome","com.google.android.apps.maps","com.google.android.dialer"]},{"rank":{"index":2,"lang":"ru","country":"ru","chineseCountryName":"俄罗斯","pkg":"com.spaceship.screen.textcopy"},"orders":["com.recognize_text.translate.screen","com.spaceship.screen.textcopy","com.tap_to_translate.snap_translate","com.gaminik.i18n","com.niven.translator","com.niven.game","com.newmg.yurao.pro","ru.yandex.translate","com.niven.apptranslate","com.niven.comic","com.ticktalk.translatevoice","com.google.android.apps.translate","com.microsoft.translator","com.screen.translate.google","at.nk.tools.iTranslate","com.facebook.orca","com.android.chrome","us.zoom.videomeetings","com.deepl.mobiletranslator","com.google.android.dialer"]},{"rank":{"index":2,"lang":"fr","country":"fr","chineseCountryName":"法国","pkg":"com.spaceship.screen.textcopy"},"orders":["com.recognize_text.translate.screen","com.spaceship.screen.textcopy","com.tap_to_translate.snap_translate","com.niven.game","com.gaminik.i18n","com.niven.translator","com.newmg.yurao.pro","com.google.android.apps.translate","com.niven.comic","com.microsoft.translator","at.nk.tools.iTranslate","com.youdao.hindict","com.zaz.translate","com.niven.apptranslate","com.deepl.mobiletranslator","com.ticktalk.translatevoice","com.translate.talkingtranslator","com.datacomprojects.scanandtranslate","com.screen.translate.google","com.softissimo.reverso.context"]},{"rank":{"index":2,"lang":"en-gb","country":"gb","chineseCountryName":"英国","pkg":"com.spaceship.screen.textcopy"},"orders":["com.recognize_text.translate.screen","com.spaceship.screen.textcopy","com.gaminik.i18n","com.niven.game","com.google.android.apps.translate","com.niven.translator","com.tap_to_translate.snap_translate","com.newmg.yurao.pro","com.niven.apptranslate","com.microsoft.translator","com.niven.comic","com.zaz.translate","at.nk.tools.iTranslate","com.ticktalk.translatevoice","com.facebook.orca","com.duolingo","com.android.chrome","com.google.android.apps.maps","com.screen.translate.google","com.google.android.apps.photos"]},{"rank":{"index":2,"lang":"de","country":"de","chineseCountryName":"德国","pkg":"com.spaceship.screen.textcopy"},"orders":["com.recognize_text.translate.screen","com.spaceship.screen.textcopy","com.gaminik.i18n","com.niven.translator","com.niven.apptranslate","com.niven.game","com.tap_to_translate.snap_translate","com.newmg.yurao.pro","com.microsoft.translator","com.niven.comic","com.google.android.apps.translate","com.screen.translate.google","at.nk.tools.iTranslate","com.deepl.mobiletranslator","com.facebook.orca","us.zoom.videomeetings","com.skype.raider","com.android.chrome","com.discord","com.google.android.apps.maps"]},{"rank":{"index":2,"lang":"it","country":"it","chineseCountryName":"意大利","pkg":"com.spaceship.screen.textcopy"},"orders":["com.recognize_text.translate.screen","com.spaceship.screen.textcopy","com.niven.game","com.tap_to_translate.snap_translate","com.gaminik.i18n","com.niven.translator","com.newmg.yurao.pro","com.niven.apptranslate","at.nk.tools.iTranslate","com.google.android.apps.translate","com.microsoft.translator","com.niven.comic","com.youdao.hindict","com.screen.translate.google","com.deepl.mobiletranslator","com.facebook.orca","com.zaz.translate","com.google.android.apps.photos","us.zoom.videomeetings","com.duolingo"]},{"rank":{"index":2,"lang":"ja","country":"jp","chineseCountryName":"日本","pkg":"com.spaceship.screen.textcopy"},"orders":["com.recognize_text.translate.screen","com.spaceship.screen.textcopy","com.gaminik.i18n","com.tap_to_translate.snap_translate","com.niven.game","com.newmg.yurao.pro","com.niven.translator","com.niven.apptranslate","com.microsoft.translator","com.google.android.apps.translate","at.nk.tools.iTranslate","com.deepl.mobiletranslator","com.facebook.orca","com.niven.comic","com.google.android.apps.maps","com.android.chrome","us.zoom.videomeetings","com.naver.labs.translator","com.skype.raider","com.discord"]},{"rank":{"index":2,"lang":"ko","country":"kr","chineseCountryName":"韩国","pkg":"com.spaceship.screen.textcopy"},"orders":["com.recognize_text.translate.screen","com.spaceship.screen.textcopy","com.tap_to_translate.snap_translate","com.gaminik.i18n","com.niven.game","com.newmg.yurao.pro","com.niven.translator","com.screen.translate.google","com.niven.comic","com.niven.apptranslate","com.google.android.apps.translate","com.facebook.orca","com.naver.labs.translator","us.zoom.videomeetings","com.discord","com.android.chrome","com.twitter.android","com.duolingo","com.skype.raider","com.google.android.apps.photos"]},{"rank":{"index":2,"lang":"zh-hk","country":"hk","chineseCountryName":"香港","pkg":"com.spaceship.screen.textcopy"},"orders":["com.recognize_text.translate.screen","com.spaceship.screen.textcopy","com.tap_to_translate.snap_translate","com.gaminik.i18n","com.newmg.yurao.pro","com.niven.game","com.niven.translator","com.google.android.apps.translate","com.microsoft.translator","com.niven.apptranslate","com.google.android.apps.maps","com.whatsapp","com.facebook.orca","com.android.chrome","us.zoom.videomeetings","at.nk.tools.iTranslate","com.discord","com.skype.raider","com.twitter.android","com.google.android.apps.photos"]},{"rank":{"index":2,"lang":"zh-tw","country":"tw","chineseCountryName":"台湾","pkg":"com.spaceship.screen.textcopy"},"orders":["com.recognize_text.translate.screen","com.spaceship.screen.textcopy","com.tap_to_translate.snap_translate","com.gaminik.i18n","com.niven.game","com.niven.translator","com.newmg.yurao.pro","com.niven.comic","com.niven.apptranslate","com.google.android.apps.translate","com.microsoft.translator","com.youdao.hindict","at.nk.tools.iTranslate","com.zaz.translate","com.voice_camera_free_translate","com.screen.translate.google","com.ticktalk.translatevoice","com.google.android.apps.maps","com.datacomprojects.scanandtranslate","com.skype.raider"]},{"rank":{"index":2,"lang":"id","country":"id","chineseCountryName":"印尼","pkg":"com.spaceship.screen.textcopy"},"orders":["com.recognize_text.translate.screen","com.spaceship.screen.textcopy","com.tap_to_translate.snap_translate","com.gaminik.i18n","com.niven.translator","com.niven.game","com.newmg.yurao.pro","com.niven.comic","com.niven.apptranslate","com.google.android.apps.translate","at.nk.tools.iTranslate","com.youdao.hindict"]}]