[{"rank":{"index":2,"lang":"en-us","country":"us","chineseCountryName":"美国","pkg":"com.spaceship.screen.textcopy"},"orders":["com.recognize_text.translate.screen","com.spaceship.screen.textcopy","com.google.android.apps.translate","com.gaminik.i18n","com.microsoft.translator","com.screen.translate.google","com.niven.game","com.niven.translator","com.newmg.yurao.pro","com.zaz.translate","com.niven.comic","com.deepl.mobiletranslator","at.nk.tools.iTranslate","com.naver.labs.translator","com.royalappcode.translation.voice.language.chat.interpreter","com.easytranslate.easytranslate","com.google.ar.lens","com.sayhi.android.sayhitranslate","com.niven.apptranslate","ru.yandex.translate"]},{"rank":{"index":2,"lang":"ru","country":"ru","chineseCountryName":"俄罗斯","pkg":"com.spaceship.screen.textcopy"},"orders":["com.recognize_text.translate.screen","com.spaceship.screen.textcopy","com.gaminik.i18n","com.niven.game","com.niven.translator","com.screen.translate.google","ru.yandex.translate","com.niven.comic","com.newmg.yurao.pro","com.tap_to_translate.snap_translate","com.microsoft.translator","com.google.android.apps.translate","com.deepl.mobiletranslator","com.niven.apptranslate","com.zaz.translate","at.nk.tools.iTranslate","com.datacomprojects.scanandtranslate","com.flitto.app","com.android.chrome","com.abbyy.mobile.lingvo.market"]},{"rank":{"index":2,"lang":"fr","country":"fr","chineseCountryName":"法国","pkg":"com.spaceship.screen.textcopy"},"orders":["com.recognize_text.translate.screen","com.spaceship.screen.textcopy","com.gaminik.i18n","com.niven.game","com.niven.translator","com.screen.translate.google","com.niven.comic","com.newmg.yurao.pro","com.google.android.apps.translate","com.microsoft.translator","com.zaz.translate","com.deepl.mobiletranslator","com.niven.apptranslate","ru.yandex.translate","com.facebook.orca","com.android.chrome","com.eecorp.taptranslator","at.nk.tools.iTranslate","com.canva.editor","com.duolingo"]},{"rank":{"index":2,"lang":"en-gb","country":"gb","chineseCountryName":"英国","pkg":"com.spaceship.screen.textcopy"},"orders":["com.recognize_text.translate.screen","com.spaceship.screen.textcopy","com.gaminik.i18n","com.google.android.apps.translate","com.screen.translate.google","com.niven.game","com.niven.translator","com.microsoft.translator","com.zaz.translate","com.newmg.yurao.pro","com.niven.comic","com.deepl.mobiletranslator","at.nk.tools.iTranslate","com.facebook.orca","com.android.chrome","com.duolingo","com.discord","com.google.android.apps.maps","com.ubercab","com.google.ar.lens"]},{"rank":{"index":2,"lang":"de","country":"de","chineseCountryName":"德国","pkg":"com.spaceship.screen.textcopy"},"orders":["com.recognize_text.translate.screen","com.spaceship.screen.textcopy","com.gaminik.i18n","com.screen.translate.google","com.niven.game","com.niven.translator","com.newmg.yurao.pro","com.google.android.apps.translate","com.microsoft.translator","com.niven.comic","com.deepl.mobiletranslator","com.niven.apptranslate","com.facebook.orca","com.zaz.translate","com.discord","com.android.chrome","com.canva.editor","ru.yandex.translate","com.google.android.apps.photos","com.amazon.kindle"]},{"rank":{"index":2,"lang":"it","country":"it","chineseCountryName":"意大利","pkg":"com.spaceship.screen.textcopy"},"orders":["com.recognize_text.translate.screen","com.spaceship.screen.textcopy","com.gaminik.i18n","com.screen.translate.google","com.niven.game","com.niven.translator","com.newmg.yurao.pro","com.google.android.apps.translate","com.niven.comic","com.niven.apptranslate","com.microsoft.translator","com.facebook.orca","com.hakuryuu.smartscreentranslation","com.deepl.mobiletranslator","com.discord","com.canva.editor","com.google.android.apps.photos","com.duolingo","com.android.chrome","com.amazon.kindle"]},{"rank":{"index":2,"lang":"ja","country":"jp","chineseCountryName":"日本","pkg":"com.spaceship.screen.textcopy"},"orders":["com.recognize_text.translate.screen","com.spaceship.screen.textcopy","com.gaminik.i18n","com.screen.translate.google","com.niven.game","com.niven.translator","com.google.android.apps.translate","com.niven.comic","com.microsoft.translator","com.deepl.mobiletranslator","com.newmg.yurao.pro","com.niven.apptranslate","com.naver.labs.translator","com.facebook.orca","com.android.chrome","com.google.ar.lens","com.discord","com.google.android.apps.maps","com.amazon.kindle","com.duolingo"]},{"rank":{"index":2,"lang":"ko","country":"kr","chineseCountryName":"韩国","pkg":"com.spaceship.screen.textcopy"},"orders":["com.recognize_text.translate.screen","com.spaceship.screen.textcopy","com.gaminik.i18n","com.niven.game","com.niven.translator","com.screen.translate.google","com.google.android.apps.translate","com.niven.comic","com.newmg.yurao.pro","com.naver.labs.translator","com.niven.apptranslate","com.facebook.orca","com.discord","com.deepl.mobiletranslator","com.microsoft.translator","com.android.chrome","com.sec.android.app.sbrowser","us.zoom.videomeetings","com.google.android.apps.photos","com.duolingo"]},{"rank":{"index":2,"lang":"zh-hk","country":"hk","chineseCountryName":"香港","pkg":"com.spaceship.screen.textcopy"},"orders":["com.recognize_text.translate.screen","com.spaceship.screen.textcopy","com.gaminik.i18n","com.screen.translate.google","com.niven.game","com.niven.translator","com.google.android.apps.translate","com.microsoft.translator","com.newmg.yurao.pro","com.niven.comic","com.android.chrome","com.facebook.orca","com.google.android.apps.maps","com.discord","at.nk.tools.iTranslate","com.duolingo","com.google.android.apps.photos","com.naver.labs.translator","com.google.ar.lens","com.sec.android.app.sbrowser"]},{"rank":{"index":2,"lang":"zh-tw","country":"tw","chineseCountryName":"台湾","pkg":"com.spaceship.screen.textcopy"},"orders":["com.recognize_text.translate.screen","com.spaceship.screen.textcopy","com.gaminik.i18n","com.screen.translate.google","com.niven.game","com.niven.translator","com.google.android.apps.translate","com.microsoft.translator","com.niven.apptranslate","com.niven.comic","com.naver.labs.translator","com.facebook.orca","com.newmg.yurao.pro","com.discord","com.android.chrome","com.google.android.apps.maps","com.duolingo","com.google.ar.lens","com.hakuryuu.smartscreentranslation","com.skype.raider"]},{"rank":{"index":2,"lang":"en","country":"in","chineseCountryName":"印度","pkg":"com.spaceship.screen.textcopy"},"orders":["com.recognize_text.translate.screen","com.spaceship.screen.textcopy","com.google.android.apps.translate","com.screen.translate.google","com.zaz.translate","com.newmg.yurao.pro","com.microsoft.translator","com.niven.game","com.niven.translator","at.nk.tools.iTranslate","com.naver.labs.translator","com.tap_to_translate.snap_translate","ru.yandex.translate","com.google.ar.lens","com.deepl.mobiletranslator","com.softissimo.reverso.context","com.microblink.photomath","com.amazon.dee.app","com.azure.authenticator","com.gaminik.i18n"]},{"rank":{"index":2,"lang":"id","country":"id","chineseCountryName":"印尼","pkg":"com.spaceship.screen.textcopy"},"orders":["com.recognize_text.translate.screen","com.spaceship.screen.textcopy","com.gaminik.i18n","com.niven.game","com.screen.translate.google","com.niven.translator","com.niven.comic","com.newmg.yurao.pro","com.google.android.apps.translate"]},{"rank":{"index":2,"lang":"es-mx","country":"mx","chineseCountryName":"墨西哥","pkg":"com.spaceship.screen.textcopy"},"orders":["com.recognize_text.translate.screen","com.spaceship.screen.textcopy","com.niven.game","com.screen.translate.google","com.google.android.apps.translate","com.microsoft.translator","at.nk.tools.iTranslate","com.deepl.mobiletranslator","com.zaz.translate","com.tap_to_translate.snap_translate","com.youdao.hindict","com.naver.labs.translator","ru.yandex.translate","com.niven.comic","com.microblink.photomath","com.google.ar.lens","com.softissimo.reverso.context","com.niven.apptranslate","com.gaminik.i18n","com.niven.translator"]}]