[{"rank":{"index":2,"lang":"en-us","country":"us","chineseCountryName":"美国","pkg":"com.spaceship.screen.textcopy"},"orders":["com.recognize_text.translate.screen","com.spaceship.screen.textcopy","com.tap_to_translate.snap_translate","com.google.android.apps.translate","com.screen.translate.google","com.niven.translator","com.microsoft.translator","com.gaminik.i18n","com.newmg.yurao.pro","com.niven.game","com.language.translate.free.translator.voice.translation","at.nk.tools.iTranslate","com.zaz.translate","com.translate.language.translator.voice.translation","com.datacomprojects.scanandtranslate","com.niven.comic","com.translate.talkingtranslator","com.google.ar.lens","com.sayhi.android.sayhitranslate","com.niven.apptranslate"]},{"rank":{"index":3,"lang":"ru","country":"ru","chineseCountryName":"俄罗斯","pkg":"com.spaceship.screen.textcopy"},"orders":["com.recognize_text.translate.screen","com.niven.translator","com.spaceship.screen.textcopy","com.tap_to_translate.snap_translate","com.screen.translate.google","com.gaminik.i18n","com.newmg.yurao.pro","com.niven.game","ru.yandex.translate","com.google.android.apps.translate","com.microsoft.translator","com.language.translate.free.translator.voice.translation","com.niven.comic","com.voice_camera_free_translate","com.zaz.translate","com.translate.language.translator.voice.translation","com.niven.apptranslate","com.deepl.mobiletranslator","com.datacomprojects.scanandtranslate","com.translate.talkingtranslator"]},{"rank":{"index":2,"lang":"pt-br","country":"br","chineseCountryName":"巴西","pkg":"com.spaceship.screen.textcopy"},"orders":["com.recognize_text.translate.screen","com.spaceship.screen.textcopy","com.tap_to_translate.snap_translate","com.gaminik.i18n","com.google.android.apps.translate","at.nk.tools.iTranslate","com.zaz.translate","com.deepl.mobiletranslator","com.translate.language.translator.voice.translation","ru.yandex.translate","com.softissimo.reverso.context","com.translate.talkingtranslator","com.niven.translator","com.newmg.yurao.pro","com.screen.translate.google","com.niven.game","com.niven.comic","com.galaxy.airviewdictionary","com.niven.apptranslate","com.google.ar.lens"]},{"rank":{"index":3,"lang":"fr","country":"fr","chineseCountryName":"法国","pkg":"com.spaceship.screen.textcopy"},"orders":["com.recognize_text.translate.screen","com.tap_to_translate.snap_translate","com.spaceship.screen.textcopy","com.niven.translator","com.screen.translate.google","com.gaminik.i18n","com.newmg.yurao.pro","com.niven.game","com.microsoft.translator","com.google.android.apps.translate","com.niven.comic","com.language.translate.free.translator.voice.translation","com.datacomprojects.scanandtranslate","camtranslator.voice.text.image.translate","com.zaz.translate","com.niven.apptranslate","at.nk.tools.iTranslate","com.voice_camera_free_translate","com.deepl.mobiletranslator","com.translate.talkingtranslator"]},{"rank":{"index":2,"lang":"en-gb","country":"gb","chineseCountryName":"英国","pkg":"com.spaceship.screen.textcopy"},"orders":["com.recognize_text.translate.screen","com.spaceship.screen.textcopy","com.tap_to_translate.snap_translate","com.screen.translate.google","com.google.android.apps.translate","com.niven.translator","com.gaminik.i18n","com.microsoft.translator","com.newmg.yurao.pro","com.niven.game","com.language.translate.free.translator.voice.translation","com.datacomprojects.scanandtranslate","com.zaz.translate","com.niven.comic","at.nk.tools.iTranslate","com.google.ar.lens","camtranslator.voice.text.image.translate","com.niven.apptranslate","com.translate.language.translator.voice.translation","com.deepl.mobiletranslator"]},{"rank":{"index":2,"lang":"de","country":"de","chineseCountryName":"德国","pkg":"com.spaceship.screen.textcopy"},"orders":["com.recognize_text.translate.screen","com.spaceship.screen.textcopy","com.tap_to_translate.snap_translate","com.screen.translate.google","com.niven.translator","com.gaminik.i18n","com.microsoft.translator","com.newmg.yurao.pro","com.niven.game","com.google.android.apps.translate","com.language.translate.free.translator.voice.translation","com.niven.comic","com.datacomprojects.scanandtranslate","com.deepl.mobiletranslator","at.nk.tools.iTranslate","com.zaz.translate","com.sayhi.android.sayhitranslate","camtranslator.voice.text.image.translate","com.niven.apptranslate","com.translate.talkingtranslator"]},{"rank":{"index":2,"lang":"it","country":"it","chineseCountryName":"意大利","pkg":"com.spaceship.screen.textcopy"},"orders":["com.recognize_text.translate.screen","com.spaceship.screen.textcopy","com.tap_to_translate.snap_translate","com.screen.translate.google","com.niven.translator","com.gaminik.i18n","com.niven.game","com.newmg.yurao.pro","com.microsoft.translator","com.google.android.apps.translate","com.niven.comic","com.language.translate.free.translator.voice.translation","com.datacomprojects.scanandtranslate","com.niven.apptranslate","com.deepl.mobiletranslator","at.nk.tools.iTranslate","camtranslator.voice.text.image.translate","com.zaz.translate","com.instagram.android","com.google.ar.lens"]},{"rank":{"index":3,"lang":"ja","country":"jp","chineseCountryName":"日本","pkg":"com.spaceship.screen.textcopy"},"orders":["com.recognize_text.translate.screen","com.tap_to_translate.snap_translate","com.spaceship.screen.textcopy","com.niven.translator","com.screen.translate.google","com.gaminik.i18n","com.newmg.yurao.pro","com.niven.game","com.microsoft.translator","com.language.translate.free.translator.voice.translation","com.google.android.apps.translate","com.niven.comic","com.datacomprojects.scanandtranslate"]},{"rank":{"index":3,"lang":"ko","country":"kr","chineseCountryName":"韩国","pkg":"com.spaceship.screen.textcopy"},"orders":["com.recognize_text.translate.screen","com.tap_to_translate.snap_translate","com.spaceship.screen.textcopy","com.niven.translator","com.screen.translate.google","com.gaminik.i18n","com.newmg.yurao.pro","com.niven.game","com.microsoft.translator","com.google.android.apps.translate","com.niven.comic","com.language.translate.free.translator.voice.translation","com.naver.labs.translator","com.niven.apptranslate","com.voice_camera_free_translate","com.zaz.translate","com.datacomprojects.scanandtranslate","com.facebook.katana","com.instagram.android","com.facebook.orca"]},{"rank":{"index":2,"lang":"zh-hk","country":"hk","chineseCountryName":"香港","pkg":"com.spaceship.screen.textcopy"},"orders":["com.recognize_text.translate.screen","com.spaceship.screen.textcopy","com.gaminik.i18n","com.screen.translate.google","com.niven.translator","com.tap_to_translate.snap_translate","com.newmg.yurao.pro","com.microsoft.translator","com.google.android.apps.translate","com.niven.game","com.language.translate.free.translator.voice.translation","com.niven.comic","com.zaz.translate","at.nk.tools.iTranslate","com.datacomprojects.scanandtranslate","com.deepl.mobiletranslator","com.niven.apptranslate","com.naver.labs.translator","com.google.ar.lens","com.tangdi.baiguotong"]},{"rank":{"index":2,"lang":"zh-tw","country":"tw","chineseCountryName":"台湾","pkg":"com.spaceship.screen.textcopy"},"orders":["com.recognize_text.translate.screen","com.spaceship.screen.textcopy","com.tap_to_translate.snap_translate","com.screen.translate.google","com.niven.translator","com.gaminik.i18n","com.newmg.yurao.pro","com.niven.game","com.microsoft.translator","com.google.android.apps.translate","com.language.translate.free.translator.voice.translation","com.niven.comic","at.nk.tools.iTranslate","com.zaz.translate","com.voice_camera_free_translate","com.niven.apptranslate","com.datacomprojects.scanandtranslate","com.naver.labs.translator","com.tangdi.baiguotong","com.translate.talkingtranslator"]},{"rank":{"index":2,"lang":"en","country":"in","chineseCountryName":"印度","pkg":"com.spaceship.screen.textcopy"},"orders":["com.recognize_text.translate.screen","com.spaceship.screen.textcopy","com.google.android.apps.translate","com.tap_to_translate.snap_translate","com.zaz.translate","com.gaminik.i18n","at.nk.tools.iTranslate","com.language.translate.free.translator.voice.translation","translate.all.language.translator.cameratranslator","com.deepl.mobiletranslator","ru.yandex.translate","com.sayhi.android.sayhitranslate","com.niven.translator","com.screen.translate.google","com.newmg.yurao.pro","com.niven.game","com.datacomprojects.scanandtranslate","screen.translator.voice.translate","com.niven.comic","camtranslator.voice.text.image.translate"]},{"rank":{"index":3,"lang":"id","country":"id","chineseCountryName":"印尼","pkg":"com.spaceship.screen.textcopy"},"orders":["com.recognize_text.translate.screen","com.tap_to_translate.snap_translate","com.spaceship.screen.textcopy","com.niven.translator","com.screen.translate.google","com.gaminik.i18n","com.niven.game","com.newmg.yurao.pro","com.niven.comic","com.google.android.apps.translate","com.youdao.hindict"]},{"rank":{"index":2,"lang":"es-mx","country":"mx","chineseCountryName":"墨西哥","pkg":"com.spaceship.screen.textcopy"},"orders":["com.recognize_text.translate.screen","com.spaceship.screen.textcopy","com.tap_to_translate.snap_translate","com.gaminik.i18n","com.google.android.apps.translate","at.nk.tools.iTranslate","com.zaz.translate","com.deepl.mobiletranslator","com.softissimo.reverso.context","com.translate.talkingtranslator","ru.yandex.translate","com.sayhi.android.sayhitranslate","com.google.ar.lens","com.niven.translator","com.newmg.yurao.pro","com.screen.translate.google","com.niven.game","com.niven.comic","com.niven.apptranslate","com.naver.labs.translator"]}]