[{"rank":{"index":2,"lang":"en-us","country":"us","chineseCountryName":"美国","pkg":"com.spaceship.screen.textcopy"},"orders":["com.recognize_text.translate.screen","com.spaceship.screen.textcopy","com.niven.translator","com.microsoft.translator","com.tap_to_translate.snap_translate","com.google.android.apps.translate","com.gaminik.i18n","com.niven.game","at.nk.tools.iTranslate","com.niven.comic","com.newmg.yurao.pro","com.translate.talkingtranslator","com.naver.labs.translator","com.tangdi.baiguotong","com.deepl.mobiletranslator","com.zaz.translate","com.screen.translate.google","com.sayhi.android.sayhitranslate","com.language.translate.free.translator.voice.translation","com.audacityittranslator.translatetexttranslator"]},{"rank":{"index":4,"lang":"ru","country":"ru","chineseCountryName":"俄罗斯","pkg":"com.spaceship.screen.textcopy"},"orders":["com.recognize_text.translate.screen","com.niven.translator","com.tap_to_translate.snap_translate","com.spaceship.screen.textcopy","com.niven.game","com.microsoft.translator","com.gaminik.i18n","com.google.android.apps.translate","com.niven.comic","ru.yandex.translate","at.nk.tools.iTranslate","com.deepl.mobiletranslator","com.screen.translate.google","com.newmg.yurao.pro","com.tangdi.baiguotong","com.zaz.translate","com.translate.talkingtranslator","com.naver.labs.translator","com.language.translate.free.translator.voice.translation","com.wooask.zx"]},{"rank":{"index":3,"lang":"pt-br","country":"br","chineseCountryName":"巴西","pkg":"com.spaceship.screen.textcopy"},"orders":["com.recognize_text.translate.screen","com.tap_to_translate.snap_translate","com.spaceship.screen.textcopy","com.gaminik.i18n","com.niven.game","com.niven.translator","com.niven.comic","com.microsoft.translator","com.newmg.yurao.pro","com.screen.translate.google","com.google.android.apps.translate","at.nk.tools.iTranslate","com.tangdi.baiguotong","com.facebook.orca","com.android.chrome","com.discord","com.google.android.apps.youtube.creator","com.ubercab","com.google.android.apps.photos","com.google.android.apps.maps"]},{"rank":{"index":4,"lang":"fr","country":"fr","chineseCountryName":"法国","pkg":"com.spaceship.screen.textcopy"},"orders":["com.recognize_text.translate.screen","com.tap_to_translate.snap_translate","com.niven.translator","com.spaceship.screen.textcopy","com.niven.game","com.gaminik.i18n","com.niven.comic","com.microsoft.translator","com.newmg.yurao.pro","com.google.android.apps.translate","com.screen.translator.text.recognize","at.nk.tools.iTranslate","com.tangdi.baiguotong","com.screen.translate.google","com.galaxy.airviewdictionary","com.deepl.mobiletranslator","com.translate.talkingtranslator","com.zaz.translate","com.image.camera.translate.ai","com.audacityittranslator.translatetexttranslator"]},{"rank":{"index":2,"lang":"en-gb","country":"gb","chineseCountryName":"英国","pkg":"com.spaceship.screen.textcopy"},"orders":["com.recognize_text.translate.screen","com.spaceship.screen.textcopy","com.tap_to_translate.snap_translate","com.gaminik.i18n","com.google.android.apps.translate","com.microsoft.translator","com.niven.translator","com.niven.game","at.nk.tools.iTranslate","com.niven.comic","com.tangdi.baiguotong","com.deepl.mobiletranslator","com.zaz.translate","com.newmg.yurao.pro","com.translate.talkingtranslator","com.language.translate.free.translator.voice.translation","com.screen.translate.google","com.sayhi.android.sayhitranslate","com.naver.labs.translator","com.wooask.zx"]},{"rank":{"index":2,"lang":"de","country":"de","chineseCountryName":"德国","pkg":"com.spaceship.screen.textcopy"},"orders":["com.recognize_text.translate.screen","com.spaceship.screen.textcopy","com.tap_to_translate.snap_translate","com.niven.translator","com.microsoft.translator","com.gaminik.i18n","com.niven.game","com.niven.comic","com.google.android.apps.translate","at.nk.tools.iTranslate","com.translate.talkingtranslator","com.deepl.mobiletranslator"]},{"rank":{"index":2,"lang":"it","country":"it","chineseCountryName":"意大利","pkg":"com.spaceship.screen.textcopy"},"orders":["com.recognize_text.translate.screen","com.spaceship.screen.textcopy","com.niven.translator","com.niven.game","com.gaminik.i18n","com.tap_to_translate.snap_translate","com.niven.comic","com.microsoft.translator","com.google.android.apps.translate","com.newmg.yurao.pro","at.nk.tools.iTranslate","com.screen.translate.google","com.screen.translator.text.recognize","com.tangdi.baiguotong","com.deepl.mobiletranslator","com.image.camera.translate.ai","com.galaxy.airviewdictionary","com.translate.talkingtranslator","com.aldoo.pdftranslatorpro","com.facebook.orca"]},{"rank":{"index":5,"lang":"ja","country":"jp","chineseCountryName":"日本","pkg":"com.spaceship.screen.textcopy"},"orders":["com.recognize_text.translate.screen","com.niven.translator","com.gaminik.i18n","com.niven.game","com.spaceship.screen.textcopy","com.niven.comic","com.screen.translate.google","com.eecorp.linguago","com.microsoft.translator","com.tap_to_translate.snap_translate","com.naver.labs.translator","com.google.android.apps.translate","com.deepl.mobiletranslator","translate.photo.translator.all.language.voice.translation.free.app","com.youdao.hindict","com.tangdi.baiguotong","com.eecorp.taptranslator","com.facebook.orca","com.android.chrome","com.datacomprojects.scanandtranslate"]},{"rank":{"index":2,"lang":"ko","country":"kr","chineseCountryName":"韩国","pkg":"com.spaceship.screen.textcopy"},"orders":["com.recognize_text.translate.screen","com.spaceship.screen.textcopy","com.tap_to_translate.snap_translate","com.microsoft.translator","com.niven.translator","com.google.android.apps.translate","com.niven.game","com.gaminik.i18n","com.naver.labs.translator","com.niven.comic","at.nk.tools.iTranslate","com.deepl.mobiletranslator","com.newmg.yurao.pro","com.screen.translate.google","com.translate.talkingtranslator","com.zaz.translate","com.language.translate.free.translator.voice.translation","com.b1b.translator.voicetranslate.alllanguages.translator.app","com.screen.translator.text.recognize","com.datacomprojects.scanandtranslate"]},{"rank":{"index":2,"lang":"zh-hk","country":"hk","chineseCountryName":"香港","pkg":"com.spaceship.screen.textcopy"},"orders":["com.recognize_text.translate.screen","com.spaceship.screen.textcopy","com.microsoft.translator","com.google.android.apps.translate","com.niven.translator","com.gaminik.i18n","com.niven.game","com.tap_to_translate.snap_translate","at.nk.tools.iTranslate","com.niven.comic","com.tangdi.baiguotong","com.naver.labs.translator","com.deepl.mobiletranslator","com.newmg.yurao.pro","com.zaz.translate","com.language.translate.free.translator.voice.translation","com.screen.translate.google","com.screen.translator.text.recognize","com.translate.talkingtranslator","com.image.camera.translate.ai"]},{"rank":{"index":2,"lang":"zh-tw","country":"tw","chineseCountryName":"台湾","pkg":"com.spaceship.screen.textcopy"},"orders":["com.recognize_text.translate.screen","com.spaceship.screen.textcopy","com.tap_to_translate.snap_translate","com.microsoft.translator","com.google.android.apps.translate","com.gaminik.i18n","com.niven.translator","com.niven.game","at.nk.tools.iTranslate","com.niven.comic","com.tangdi.baiguotong","com.naver.labs.translator","com.newmg.yurao.pro","com.deepl.mobiletranslator","com.screen.translate.google","com.translate.talkingtranslator","com.youdao.hindict","com.language.translate.free.translator.voice.translation","com.zaz.translate","com.image.camera.translate.ai"]},{"rank":{"index":4,"lang":"en","country":"in","chineseCountryName":"印度","pkg":"com.spaceship.screen.textcopy"},"orders":["com.recognize_text.translate.screen","com.google.android.apps.translate","com.tap_to_translate.snap_translate","com.spaceship.screen.textcopy","com.niven.game","com.deepl.mobiletranslator","com.translate.talkingtranslator","com.sayhi.android.sayhitranslate","com.naver.labs.translator","com.niven.translator","com.newmg.yurao.pro","com.galaxy.airviewdictionary","com.zaz.translate","com.gaminik.i18n","com.screen.translator.text.recognize","screen.translator.voice.translate","com.niven.comic","com.languagetranslator.translatorapp.smartscanner.dictionary.translation.voicetranslator","ru.yandex.translate","jp.go.nict.voicetra"]},{"rank":{"index":2,"lang":"id","country":"id","chineseCountryName":"印尼","pkg":"com.spaceship.screen.textcopy"},"orders":["com.recognize_text.translate.screen","com.spaceship.screen.textcopy","com.niven.translator","com.tap_to_translate.snap_translate","com.gaminik.i18n","com.niven.game","com.niven.comic","com.newmg.yurao.pro","com.youdao.hindict","com.screen.translate.google","com.google.android.apps.translate","com.microsoft.translator","at.nk.tools.iTranslate","com.naver.labs.translator","com.deepl.mobiletranslator"]},{"rank":{"index":2,"lang":"es-mx","country":"mx","chineseCountryName":"墨西哥","pkg":"com.spaceship.screen.textcopy"},"orders":["com.recognize_text.translate.screen","com.spaceship.screen.textcopy","com.niven.game","com.niven.translator","com.gaminik.i18n","com.tap_to_translate.snap_translate","com.niven.comic","com.microsoft.translator","com.newmg.yurao.pro","com.screen.translate.google","at.nk.tools.iTranslate","com.google.android.apps.translate","com.youdao.hindict","com.tangdi.baiguotong","com.deepl.mobiletranslator","com.facebook.orca","com.android.chrome","com.discord","com.ubercab","com.google.android.apps.photos"]}]