[{"rank":{"index":2,"lang":"en-us","country":"us","chineseCountryName":"美国","pkg":"com.spaceship.screen.textcopy"},"orders":["com.recognize_text.translate.screen","com.spaceship.screen.textcopy","com.gaminik.i18n","com.tap_to_translate.snap_translate","com.microsoft.translator","com.mg.yurao.google","com.google.android.apps.translate","com.niven.game","com.niven.translator","com.newmg.yurao.pro","com.niven.comic","screen.translator.voice.translate","com.naver.labs.translator","com.translate.talkingtranslator","com.youdao.hindict","at.nk.tools.iTranslate","com.google.ar.lens","com.softissimo.reverso.context","com.eecorp.taptranslator","com.niven.apptranslate"]},{"rank":{"index":2,"lang":"ru","country":"ru","chineseCountryName":"俄罗斯","pkg":"com.spaceship.screen.textcopy"},"orders":["com.recognize_text.translate.screen","com.spaceship.screen.textcopy","com.tap_to_translate.snap_translate","com.gaminik.i18n","com.mg.yurao.google","com.niven.translator","com.microsoft.translator","com.niven.game","com.google.android.apps.translate","com.niven.comic","com.eecorp.linguago","com.newmg.yurao.pro","screen.translator.voice.translate","com.niven.apptranslate","com.youdao.hindict","ru.yandex.translate","com.naver.labs.translator","com.google.ar.lens","com.deepl.mobiletranslator","com.android.chrome"]},{"rank":{"index":2,"lang":"pt-br","country":"br","chineseCountryName":"巴西","pkg":"com.spaceship.screen.textcopy"},"orders":["com.recognize_text.translate.screen","com.spaceship.screen.textcopy","com.tap_to_translate.snap_translate","com.gaminik.i18n","com.mg.yurao.google","com.niven.translator","com.niven.game","com.niven.comic","com.eecorp.linguago","com.youdao.hindict","com.newmg.yurao.pro","com.niven.apptranslate","screen.translator.voice.translate","com.microsoft.translator","com.google.android.apps.translate","com.ydzlabs.chattranslator","com.chat_translate.screen_translate","com.android.chrome","at.nk.tools.iTranslate","com.google.android.apps.photos"]},{"rank":{"index":2,"lang":"fr","country":"fr","chineseCountryName":"法国","pkg":"com.spaceship.screen.textcopy"},"orders":["com.recognize_text.translate.screen","com.spaceship.screen.textcopy","com.gaminik.i18n","com.mg.yurao.google","screen.translator.voice.translate","com.niven.translator","com.tap_to_translate.snap_translate","com.niven.game","com.eecorp.linguago","com.microsoft.translator","com.newmg.yurao.pro","com.niven.comic","com.google.android.apps.translate","com.eecorp.taptranslator","com.niven.apptranslate","com.youdao.hindict","com.android.chrome","com.discord","com.google.android.apps.photos","com.truecaller"]},{"rank":{"index":2,"lang":"en-gb","country":"gb","chineseCountryName":"英国","pkg":"com.spaceship.screen.textcopy"},"orders":["com.recognize_text.translate.screen","com.spaceship.screen.textcopy","com.microsoft.translator","com.mg.yurao.google","com.google.android.apps.translate","com.gaminik.i18n","com.tap_to_translate.snap_translate","screen.translator.voice.translate","com.niven.translator","com.niven.game","com.niven.comic","com.eecorp.linguago","com.youdao.hindict","com.newmg.yurao.pro","com.eecorp.taptranslator","com.niven.apptranslate","com.softissimo.reverso.context","at.nk.tools.iTranslate","com.google.ar.lens","com.naver.labs.translator"]},{"rank":{"index":2,"lang":"de","country":"de","chineseCountryName":"德国","pkg":"com.spaceship.screen.textcopy"},"orders":["com.recognize_text.translate.screen","com.spaceship.screen.textcopy","com.mg.yurao.google","com.gaminik.i18n","com.niven.game","com.niven.translator","com.tap_to_translate.snap_translate","com.microsoft.translator","com.eecorp.linguago","com.niven.comic","com.newmg.yurao.pro","com.google.android.apps.translate","screen.translator.voice.translate","com.deepl.mobiletranslator","com.niven.apptranslate","com.android.chrome","com.google.android.apps.photos","com.discord","com.truecaller","us.zoom.videomeetings"]},{"rank":{"index":2,"lang":"it","country":"it","chineseCountryName":"意大利","pkg":"com.spaceship.screen.textcopy"},"orders":["com.recognize_text.translate.screen","com.spaceship.screen.textcopy","com.gaminik.i18n","com.mg.yurao.google","com.niven.game","com.tap_to_translate.snap_translate","screen.translator.voice.translate","com.niven.translator","com.microsoft.translator","com.newmg.yurao.pro","com.google.android.apps.translate","com.niven.comic","us.zoom.videomeetings","com.google.android.apps.photos","com.discord","com.android.chrome","com.microsoft.office.outlook","com.skype.raider","com.truecaller","com.duolingo"]},{"rank":{"index":2,"lang":"ja","country":"jp","chineseCountryName":"日本","pkg":"com.spaceship.screen.textcopy"},"orders":["com.recognize_text.translate.screen","com.spaceship.screen.textcopy","com.gaminik.i18n","com.mg.yurao.google","com.tap_to_translate.snap_translate","com.niven.game","com.deepl.mobiletranslator","com.microsoft.translator","com.naver.labs.translator","com.newmg.yurao.pro","com.google.android.apps.translate","com.eecorp.taptranslator","com.niven.apptranslate","com.niven.comic","com.android.chrome","com.translate.talkingtranslator","us.zoom.videomeetings","com.discord","com.google.android.apps.maps","com.niven.translator"]},{"rank":{"index":2,"lang":"ko","country":"kr","chineseCountryName":"韩国","pkg":"com.spaceship.screen.textcopy"},"orders":["com.recognize_text.translate.screen","com.spaceship.screen.textcopy","com.mg.yurao.google","com.tap_to_translate.snap_translate","com.naver.labs.translator","com.microsoft.translator","com.gaminik.i18n","com.google.android.apps.translate","com.niven.translator","com.niven.game","com.niven.comic","com.newmg.yurao.pro","com.eecorp.linguago","com.niven.apptranslate","com.youdao.hindict","com.eecorp.taptranslator","screen.translator.voice.translate","at.nk.tools.iTranslate","com.ydzlabs.chattranslator","com.mg.chat"]},{"rank":{"index":2,"lang":"zh-hk","country":"hk","chineseCountryName":"香港","pkg":"com.spaceship.screen.textcopy"},"orders":["com.recognize_text.translate.screen","com.spaceship.screen.textcopy","com.mg.yurao.google","com.microsoft.translator","com.gaminik.i18n","com.tap_to_translate.snap_translate","com.google.android.apps.translate","com.niven.translator","com.niven.game","com.niven.comic","com.newmg.yurao.pro","com.eecorp.linguago","com.naver.labs.translator","screen.translator.voice.translate","com.eecorp.taptranslator","com.niven.apptranslate","com.youdao.hindict","com.mg.subtitle.google","at.nk.tools.iTranslate","com.android.chrome"]},{"rank":{"index":4,"lang":"zh-tw","country":"tw","chineseCountryName":"台湾","pkg":"com.spaceship.screen.textcopy"},"orders":["com.recognize_text.translate.screen","com.mg.yurao.google","com.tap_to_translate.snap_translate","com.spaceship.screen.textcopy","com.gaminik.i18n","com.microsoft.translator","com.niven.game","com.niven.translator","com.google.android.apps.translate","com.niven.comic","com.eecorp.linguago","com.newmg.yurao.pro","com.naver.labs.translator","com.niven.apptranslate","screen.translator.voice.translate","com.eecorp.taptranslator","com.youdao.hindict","at.nk.tools.iTranslate","com.translator.translation.screen.translate.voice.languages.text.translating","com.google.ar.lens"]},{"rank":{"index":2,"lang":"en","country":"in","chineseCountryName":"印度","pkg":"com.spaceship.screen.textcopy"},"orders":["com.recognize_text.translate.screen","com.spaceship.screen.textcopy","screen.translator.voice.translate","com.google.android.apps.translate","com.microsoft.translator","com.tap_to_translate.snap_translate","com.niven.game","com.newmg.yurao.pro","com.niven.comic","com.niven.translator","com.eecorp.linguago","com.zaz.translate","translate.smartranit.language.text","com.softissimo.reverso.context","com.talpa.translate","com.chat_translate.screen_translate","com.naver.labs.translator","com.niven.apptranslate","com.mg.yurao.google","com.gaminik.i18n"]},{"rank":{"index":1,"lang":"id","country":"id","chineseCountryName":"印尼","pkg":"com.spaceship.screen.textcopy"},"orders":["com.spaceship.screen.textcopy","com.recognize_text.translate.screen","com.tap_to_translate.snap_translate","com.mg.yurao.google","com.gaminik.i18n","com.niven.translator","com.eecorp.linguago","com.niven.game","com.youdao.hindict","com.google.android.apps.translate","com.niven.comic"]},{"rank":{"index":2,"lang":"es-mx","country":"mx","chineseCountryName":"墨西哥","pkg":"com.spaceship.screen.textcopy"},"orders":["com.recognize_text.translate.screen","com.spaceship.screen.textcopy","com.tap_to_translate.snap_translate","com.gaminik.i18n","com.mg.yurao.google","com.niven.translator","com.niven.game","com.niven.comic","com.eecorp.linguago","com.youdao.hindict","com.microsoft.translator","com.newmg.yurao.pro","com.google.android.apps.translate","com.niven.apptranslate","com.google.android.apps.photos","com.android.chrome","screen.translator.voice.translate","com.google.android.apps.docs","com.discord","com.google.android.apps.maps"]}]