[{"rank":{"index":3,"lang":"en-us","country":"us","chineseCountryName":"美国","pkg":"com.spaceship.screen.textcopy"},"orders":["com.recognize_text.translate.screen","com.niven.translator","com.spaceship.screen.textcopy","com.google.android.apps.translate","com.newmg.yurao.pro","com.tap_to_translate.snap_translate","com.microsoft.translator","com.gaminik.i18n","com.zaz.translate","com.deepl.mobiletranslator","com.immersivetranslate.browser","at.nk.tools.iTranslate","com.screen.translate.google","com.naver.labs.translator","com.niven.game","ru.yandex.translate","com.niven.apptranslate","com.eecorp.linguago","com.hive.lingonative","com.fapp.translate.language.translator.fasttranslation"]},{"rank":{"index":0,"lang":"ru","country":"ru","chineseCountryName":"俄罗斯","pkg":"com.spaceship.screen.textcopy"},"orders":["com.recognize_text.translate.screen","com.niven.translator","com.tap_to_translate.snap_translate","com.newmg.yurao.pro","com.google.android.apps.translate","com.gaminik.i18n","com.niven.game","com.microsoft.translator","com.deepl.mobiletranslator","com.zaz.translate","com.immersivetranslate.browser","ru.yandex.translate","com.niven.apptranslate","com.screen.translate.google","com.eecorp.linguago","com.naver.labs.translator","com.voice_camera_free_translate","com.datacomprojects.scanandtranslate","com.google.ar.lens","at.nk.tools.iTranslate"]},{"rank":{"index":2,"lang":"pt-br","country":"br","chineseCountryName":"巴西","pkg":"com.spaceship.screen.textcopy"},"orders":["com.recognize_text.translate.screen","com.spaceship.screen.textcopy","com.niven.translator","com.tap_to_translate.snap_translate","com.newmg.yurao.pro","com.gaminik.i18n","com.google.android.apps.translate","com.microsoft.translator","com.deepl.mobiletranslator","com.immersivetranslate.browser","com.zaz.translate","com.niven.game","at.nk.tools.iTranslate","com.screen.translate.google","com.niven.apptranslate","com.voice_camera_free_translate","co.koiapps.translateai","com.tangdi.baiguotong","com.eecorp.linguago","com.google.ar.lens"]},{"rank":{"index":2,"lang":"fr","country":"fr","chineseCountryName":"法国","pkg":"com.spaceship.screen.textcopy"},"orders":["com.recognize_text.translate.screen","com.spaceship.screen.textcopy","com.tap_to_translate.snap_translate","com.niven.translator","com.newmg.yurao.pro","com.gaminik.i18n","com.google.android.apps.translate","com.microsoft.translator","com.zaz.translate","com.deepl.mobiletranslator","com.immersivetranslate.browser","com.niven.apptranslate","ru.yandex.translate","com.screen.translate.google","com.eecorp.linguago","com.niven.game","at.nk.tools.iTranslate","com.naver.labs.translator","com.datacomprojects.scanandtranslate","com.fapp.translate.language.translator.fasttranslation"]},{"rank":{"index":2,"lang":"en-gb","country":"gb","chineseCountryName":"英国","pkg":"com.spaceship.screen.textcopy"},"orders":["com.recognize_text.translate.screen","com.spaceship.screen.textcopy","com.niven.translator","com.google.android.apps.translate","com.tap_to_translate.snap_translate","com.newmg.yurao.pro","com.zaz.translate","com.microsoft.translator","com.gaminik.i18n","com.immersivetranslate.browser","com.deepl.mobiletranslator","at.nk.tools.iTranslate","com.screen.translate.google","com.niven.game","ru.yandex.translate","com.voice_camera_free_translate","com.niven.apptranslate","com.eecorp.linguago","com.fapp.translate.language.translator.fasttranslation","com.naver.labs.translator"]},{"rank":{"index":2,"lang":"de","country":"de","chineseCountryName":"德国","pkg":"com.spaceship.screen.textcopy"},"orders":["com.recognize_text.translate.screen","com.spaceship.screen.textcopy","com.niven.translator","com.tap_to_translate.snap_translate","com.newmg.yurao.pro","com.gaminik.i18n","com.google.android.apps.translate","com.immersivetranslate.browser","com.zaz.translate","com.deepl.mobiletranslator","com.microsoft.translator","com.niven.apptranslate","com.screen.translate.google"]},{"rank":{"index":2,"lang":"it","country":"it","chineseCountryName":"意大利","pkg":"com.spaceship.screen.textcopy"},"orders":["com.recognize_text.translate.screen","com.spaceship.screen.textcopy","com.newmg.yurao.pro","com.niven.translator","com.tap_to_translate.snap_translate","com.gaminik.i18n","com.zaz.translate","com.google.android.apps.translate","com.immersivetranslate.browser","com.microsoft.translator","com.screen.translate.google","com.niven.apptranslate","com.niven.game","com.eecorp.linguago","com.deepl.mobiletranslator","com.fapp.translate.language.translator.fasttranslation","com.voice_camera_free_translate","com.datacomprojects.scanandtranslate","com.tangdi.baiguotong","com.audacityittranslator.translatetexttranslator"]},{"rank":{"index":2,"lang":"ja","country":"jp","chineseCountryName":"日本","pkg":"com.spaceship.screen.textcopy"},"orders":["com.recognize_text.translate.screen","com.spaceship.screen.textcopy","com.tap_to_translate.snap_translate","com.niven.translator","com.newmg.yurao.pro","com.gaminik.i18n","com.immersivetranslate.browser","com.google.ar.lens","com.naver.labs.translator","com.screen.translate.google","com.niven.apptranslate","com.deepl.mobiletranslator","com.eecorp.linguago","com.zaz.translate","com.google.android.apps.translate","com.microsoft.translator","com.niven.game","link.zhidou.btranslator","com.openai.chatgpt","com.android.chrome"]},{"rank":{"index":2,"lang":"ko","country":"kr","chineseCountryName":"韩国","pkg":"com.spaceship.screen.textcopy"},"orders":["com.recognize_text.translate.screen","com.spaceship.screen.textcopy","com.tap_to_translate.snap_translate","com.niven.translator","com.newmg.yurao.pro","com.gaminik.i18n","com.naver.labs.translator","com.immersivetranslate.browser","com.screen.translate.google","com.niven.apptranslate","com.niven.game","com.zaz.translate","com.google.android.apps.translate","com.eecorp.linguago","com.microsoft.translator","com.deepl.mobiletranslator","com.hive.lingonative","com.fapp.translate.language.translator.fasttranslation","com.google.ar.lens","at.nk.tools.iTranslate"]},{"rank":{"index":2,"lang":"zh-hk","country":"hk","chineseCountryName":"香港","pkg":"com.spaceship.screen.textcopy"},"orders":["com.recognize_text.translate.screen","com.spaceship.screen.textcopy","com.niven.translator","com.newmg.yurao.pro","com.google.android.apps.translate","com.tap_to_translate.snap_translate","com.microsoft.translator","com.gaminik.i18n","com.immersivetranslate.browser","com.zaz.translate","com.deepl.mobiletranslator","com.niven.game","com.screen.translate.google","com.naver.labs.translator","com.niven.apptranslate","com.voice_camera_free_translate","com.fapp.translate.language.translator.fasttranslation","com.eecorp.linguago","com.datacomprojects.scanandtranslate","at.nk.tools.iTranslate"]},{"rank":{"index":2,"lang":"zh-tw","country":"tw","chineseCountryName":"台湾","pkg":"com.spaceship.screen.textcopy"},"orders":["com.recognize_text.translate.screen","com.spaceship.screen.textcopy","com.tap_to_translate.snap_translate","com.newmg.yurao.pro","com.niven.translator","com.google.android.apps.translate","com.gaminik.i18n","com.immersivetranslate.browser","com.microsoft.translator","com.zaz.translate","com.niven.game","com.deepl.mobiletranslator","com.naver.labs.translator","com.screen.translate.google","com.niven.apptranslate","com.eecorp.linguago","com.voice_camera_free_translate","com.google.ar.lens","com.hive.lingonative","com.datacomprojects.scanandtranslate"]},{"rank":{"index":2,"lang":"en","country":"in","chineseCountryName":"印度","pkg":"com.spaceship.screen.textcopy"},"orders":["com.recognize_text.translate.screen","com.spaceship.screen.textcopy","com.newmg.yurao.pro","com.google.android.apps.translate","com.zaz.translate"]},{"rank":{"index":1,"lang":"id","country":"id","chineseCountryName":"印尼","pkg":"com.spaceship.screen.textcopy"},"orders":["com.spaceship.screen.textcopy","com.recognize_text.translate.screen","com.tap_to_translate.snap_translate","com.niven.translator","com.gaminik.i18n","com.google.android.apps.translate","com.newmg.yurao.pro","com.microsoft.translator","com.deepl.mobiletranslator","com.zaz.translate","com.niven.game","com.immersivetranslate.browser","com.naver.labs.translator","com.eecorp.linguago","com.niven.apptranslate","com.screen.translate.google","at.nk.tools.iTranslate","ru.yandex.translate","com.fapp.translate.language.translator.fasttranslation","com.google.ar.lens"]},{"rank":{"index":1,"lang":"es-mx","country":"mx","chineseCountryName":"墨西哥","pkg":"com.spaceship.screen.textcopy"},"orders":["com.spaceship.screen.textcopy","com.recognize_text.translate.screen","com.niven.translator","com.tap_to_translate.snap_translate","com.newmg.yurao.pro","com.gaminik.i18n","com.google.android.apps.translate","com.zaz.translate","com.immersivetranslate.browser","com.microsoft.translator","com.niven.game","com.niven.apptranslate","com.screen.translate.google","com.eecorp.linguago","com.deepl.mobiletranslator","at.nk.tools.iTranslate","com.fapp.translate.language.translator.fasttranslation","com.audacityittranslator.translatetexttranslator","com.hive.lingonative","ru.yandex.translate"]}]