[{"rank":{"index":7,"lang":"en-us","country":"us","chineseCountryName":"美国","pkg":"com.spaceship.screen.textcopy"},"orders":["com.recognize_text.translate.screen","com.google.android.apps.translate","com.microsoft.translator","com.screen.translate.google","com.niven.translator","com.gaminik.i18n","com.spaceship.screen.textcopy","com.niven.game","com.tap_to_translate.snap_translate","com.niven.comic","at.nk.tools.iTranslate","com.translate.talkingtranslator","com.deepl.mobiletranslator","com.naver.labs.translator","com.sayhi.android.sayhitranslate","com.image.camera.translate.ai","com.ticktalk.translatevoice","com.google.ar.lens","com.datacomprojects.scanandtranslate","com.newmg.yurao.pro"]},{"rank":{"index":4,"lang":"ru","country":"ru","chineseCountryName":"俄罗斯","pkg":"com.spaceship.screen.textcopy"},"orders":["com.recognize_text.translate.screen","com.niven.translator","com.tap_to_translate.snap_translate","com.spaceship.screen.textcopy","com.niven.game","com.gaminik.i18n","com.screen.translate.google","ru.yandex.translate","com.niven.comic","com.microsoft.translator","com.google.android.apps.translate","com.deepl.mobiletranslator","com.snapchat.android","com.newmg.yurao.pro","com.instagram.android","com.datacomprojects.scanandtranslate","com.android.chrome","com.whatsapp","com.activision.callofduty.shooter","com.niven.apptranslate"]},{"rank":{"index":3,"lang":"pt-br","country":"br","chineseCountryName":"巴西","pkg":"com.spaceship.screen.textcopy"},"orders":["com.recognize_text.translate.screen","com.tap_to_translate.snap_translate","com.spaceship.screen.textcopy","com.niven.game","com.niven.translator","com.gaminik.i18n","com.google.android.apps.translate","com.screen.translate.google","com.microsoft.translator","com.niven.comic","at.nk.tools.iTranslate","com.deepl.mobiletranslator","ru.yandex.translate","com.naver.labs.translator","com.newmg.yurao.pro","com.youdao.hindict"]},{"rank":{"index":3,"lang":"fr","country":"fr","chineseCountryName":"法国","pkg":"com.spaceship.screen.textcopy"},"orders":["com.recognize_text.translate.screen","com.tap_to_translate.snap_translate","com.spaceship.screen.textcopy","com.niven.game","com.gaminik.i18n","com.niven.translator","com.screen.translate.google","com.microsoft.translator","com.niven.comic","com.google.android.apps.translate","com.image.camera.translate.ai","com.deepl.mobiletranslator","com.newmg.yurao.pro","at.nk.tools.iTranslate","com.tangdi.baiguotong","com.datacomprojects.scanandtranslate","com.wooask.zx","com.facebook.orca","com.translate.talkingtranslator","com.niven.apptranslate"]},{"rank":{"index":8,"lang":"en-gb","country":"gb","chineseCountryName":"英国","pkg":"com.spaceship.screen.textcopy"},"orders":["com.recognize_text.translate.screen","com.google.android.apps.translate","com.gaminik.i18n","com.microsoft.translator","com.screen.translate.google","com.niven.translator","com.niven.game","com.spaceship.screen.textcopy","com.tap_to_translate.snap_translate","com.niven.comic","at.nk.tools.iTranslate","com.deepl.mobiletranslator","com.image.camera.translate.ai","com.newmg.yurao.pro","com.translate.talkingtranslator","com.datacomprojects.scanandtranslate","com.google.ar.lens","com.language.translate.free.translator.voice.translation","com.sayhi.android.sayhitranslate","com.tangdi.baiguotong"]},{"rank":{"index":6,"lang":"de","country":"de","chineseCountryName":"德国","pkg":"com.spaceship.screen.textcopy"},"orders":["com.recognize_text.translate.screen","com.tap_to_translate.snap_translate","com.microsoft.translator","com.niven.game","com.gaminik.i18n","com.spaceship.screen.textcopy","com.google.android.apps.translate","com.screen.translate.google","com.niven.translator","com.deepl.mobiletranslator","com.niven.comic","com.image.camera.translate.ai","com.translate.talkingtranslator","at.nk.tools.iTranslate","com.datacomprojects.scanandtranslate","com.newmg.yurao.pro","camtranslator.voice.text.image.translate","com.ticktalk.translatevoice","com.sayhi.android.sayhitranslate","com.softissimo.reverso.context"]},{"rank":{"index":2,"lang":"it","country":"it","chineseCountryName":"意大利","pkg":"com.spaceship.screen.textcopy"},"orders":["com.recognize_text.translate.screen","com.spaceship.screen.textcopy","com.gaminik.i18n","com.niven.game","com.tap_to_translate.snap_translate","com.niven.translator","com.screen.translate.google","com.google.android.apps.translate","com.microsoft.translator","com.niven.comic","com.image.camera.translate.ai","com.deepl.mobiletranslator","com.newmg.yurao.pro","com.datacomprojects.scanandtranslate","at.nk.tools.iTranslate","com.softissimo.reverso.context","camtranslator.voice.text.image.translate","com.translate.talkingtranslator","com.tangdi.baiguotong","com.wooask.zx"]},{"rank":{"index":5,"lang":"ja","country":"jp","chineseCountryName":"日本","pkg":"com.spaceship.screen.textcopy"},"orders":["com.recognize_text.translate.screen","com.niven.game","com.gaminik.i18n","com.niven.translator","com.spaceship.screen.textcopy","com.tap_to_translate.snap_translate","com.screen.translate.google","com.google.android.apps.translate","com.microsoft.translator","com.niven.comic","com.naver.labs.translator","com.deepl.mobiletranslator","com.google.ar.lens","com.datacomprojects.scanandtranslate","com.image.camera.translate.ai","com.translate.talkingtranslator","com.b1b.translator.voicetranslate.alllanguages.translator.app","at.nk.tools.iTranslate","com.facebook.orca","com.youdao.hindict"]},{"rank":{"index":4,"lang":"ko","country":"kr","chineseCountryName":"韩国","pkg":"com.spaceship.screen.textcopy"},"orders":["com.recognize_text.translate.screen","com.tap_to_translate.snap_translate","com.gaminik.i18n","com.spaceship.screen.textcopy","com.niven.translator","com.niven.game","com.screen.translate.google","com.niven.comic","com.google.android.apps.translate","com.naver.labs.translator","com.microsoft.translator","com.image.camera.translate.ai","com.deepl.mobiletranslator","com.newmg.yurao.pro","at.nk.tools.iTranslate","com.datacomprojects.scanandtranslate","com.facebook.orca","com.google.ar.lens","com.translate.talkingtranslator","com.discord"]},{"rank":{"index":7,"lang":"zh-hk","country":"hk","chineseCountryName":"香港","pkg":"com.spaceship.screen.textcopy"},"orders":["com.recognize_text.translate.screen","com.gaminik.i18n","com.niven.game","com.screen.translate.google","com.niven.translator","com.microsoft.translator","com.spaceship.screen.textcopy","com.google.android.apps.translate","com.tap_to_translate.snap_translate","com.niven.comic","com.image.camera.translate.ai","com.naver.labs.translator","at.nk.tools.iTranslate","com.deepl.mobiletranslator","com.tangdi.baiguotong","com.translate.talkingtranslator","com.datacomprojects.scanandtranslate","com.newmg.yurao.pro","com.language.translate.free.translator.voice.translation","com.google.ar.lens"]},{"rank":{"index":6,"lang":"zh-tw","country":"tw","chineseCountryName":"台湾","pkg":"com.spaceship.screen.textcopy"},"orders":["com.recognize_text.translate.screen","com.gaminik.i18n","com.niven.game","com.screen.translate.google","com.niven.translator","com.spaceship.screen.textcopy","com.tap_to_translate.snap_translate","com.microsoft.translator","com.niven.comic","com.google.android.apps.translate","com.image.camera.translate.ai","com.newmg.yurao.pro","com.naver.labs.translator","at.nk.tools.iTranslate","com.tangdi.baiguotong","com.deepl.mobiletranslator","com.translate.talkingtranslator","com.datacomprojects.scanandtranslate","com.google.ar.lens","com.youdao.hindict"]},{"rank":{"index":6,"lang":"en","country":"in","chineseCountryName":"印度","pkg":"com.spaceship.screen.textcopy"},"orders":["com.recognize_text.translate.screen","com.google.android.apps.translate","com.microsoft.translator","com.tap_to_translate.snap_translate","com.screen.translate.google","com.spaceship.screen.textcopy","com.niven.game","com.niven.translator","com.gaminik.i18n","at.nk.tools.iTranslate","com.newmg.yurao.pro","com.zaz.translate","com.niven.comic","com.ticktalk.translatevoice","com.google.ar.lens","com.deepl.mobiletranslator","com.sayhi.android.sayhitranslate","com.naver.labs.translator","com.translate.talkingtranslator"]},{"rank":{"index":4,"lang":"id","country":"id","chineseCountryName":"印尼","pkg":"com.spaceship.screen.textcopy"},"orders":["com.recognize_text.translate.screen","com.tap_to_translate.snap_translate","com.niven.translator","com.spaceship.screen.textcopy","com.niven.game","com.gaminik.i18n","com.screen.translate.google","com.niven.comic","com.youdao.hindict","com.google.android.apps.translate","com.newmg.yurao.pro","com.naver.labs.translator","com.microsoft.translator","at.nk.tools.iTranslate","com.image.camera.translate.ai"]},{"rank":{"index":4,"lang":"es-mx","country":"mx","chineseCountryName":"墨西哥","pkg":"com.spaceship.screen.textcopy"},"orders":["com.recognize_text.translate.screen","com.tap_to_translate.snap_translate","com.niven.game","com.spaceship.screen.textcopy","com.google.android.apps.translate","at.nk.tools.iTranslate","com.deepl.mobiletranslator","com.naver.labs.translator","ru.yandex.translate","com.translate.talkingtranslator","com.sayhi.android.sayhitranslate","com.google.ar.lens","com.niven.translator","com.gaminik.i18n","com.screen.translate.google","com.niven.comic","com.youdao.hindict","com.newmg.yurao.pro","screen.translator.voice.translate","com.softissimo.reverso.context"]}]