[{"rank":{"index":2,"lang":"en-us","country":"us","chineseCountryName":"美国","pkg":"com.spaceship.screen.textcopy"},"orders":["com.recognize_text.translate.screen","com.spaceship.screen.textcopy","com.gaminik.i18n","com.niven.translator","com.hc.texttranslator.screentranslator.chattranslator","com.tap_to_translate.snap_translate","com.newmg.yurao.pro","com.aurasense.screentranslate","com.seastone.screentranslator","com.microsoft.translator","com.yoyodev.screentranslate","com.eecorp.linguago","com.google.android.apps.translate","com.screen.translate.google","com.zaz.translate"]},{"rank":{"index":2,"lang":"ru","country":"ru","chineseCountryName":"俄罗斯","pkg":"com.spaceship.screen.textcopy"},"orders":["com.recognize_text.translate.screen","com.spaceship.screen.textcopy","com.niven.translator","com.gaminik.i18n","com.tap_to_translate.snap_translate","com.hc.texttranslator.screentranslator.chattranslator","com.aurasense.screentranslate","com.newmg.yurao.pro","com.seastone.screentranslator","com.yoyodev.screentranslate","com.screen.translate.google","com.eecorp.linguago","live.screentranslate.realtime","com.microsoft.translator","com.galaxy.airviewdictionary","com.niven.game","com.screen.translator.text.recognize","com.zaz.translate","com.niven.apptranslate","screen.translator.voice.translate"]},{"rank":{"index":2,"lang":"pt-br","country":"br","chineseCountryName":"巴西","pkg":"com.spaceship.screen.textcopy"},"orders":["com.recognize_text.translate.screen","com.spaceship.screen.textcopy","com.gaminik.i18n","com.niven.translator","com.tap_to_translate.snap_translate","com.hc.texttranslator.screentranslator.chattranslator","com.seastone.screentranslator","com.newmg.yurao.pro","com.aurasense.screentranslate","com.screen.translate.google","com.eecorp.linguago","live.screentranslate.realtime","com.microsoft.translator","com.eecorp.taptranslator","com.google.android.apps.translate","com.galaxy.airviewdictionary","com.immersivetranslate.browser","com.niven.game","at.nk.tools.iTranslate","com.zaz.translate"]},{"rank":{"index":2,"lang":"fr","country":"fr","chineseCountryName":"法国","pkg":"com.spaceship.screen.textcopy"},"orders":["com.recognize_text.translate.screen","com.spaceship.screen.textcopy","com.hc.texttranslator.screentranslator.chattranslator","com.gaminik.i18n","com.tap_to_translate.snap_translate","com.niven.translator","com.seastone.screentranslator","com.newmg.yurao.pro","com.aurasense.screentranslate","com.yoyodev.screentranslate","com.screen.translate.google","live.screentranslate.realtime","com.eecorp.linguago","com.eecorp.taptranslator"]},{"rank":{"index":2,"lang":"en-gb","country":"gb","chineseCountryName":"英国","pkg":"com.spaceship.screen.textcopy"},"orders":["com.recognize_text.translate.screen","com.spaceship.screen.textcopy","com.tap_to_translate.snap_translate","com.hc.texttranslator.screentranslator.chattranslator","com.niven.translator","com.gaminik.i18n","com.newmg.yurao.pro","com.seastone.screentranslator","com.aurasense.screentranslate","com.microsoft.translator","com.screen.translate.google","com.yoyodev.screentranslate","com.eecorp.linguago","com.google.android.apps.translate","live.screentranslate.realtime","com.zaz.translate","com.eecorp.taptranslator","com.galaxy.airviewdictionary","at.nk.tools.iTranslate","screen.translator.voice.translate"]},{"rank":{"index":2,"lang":"de","country":"de","chineseCountryName":"德国","pkg":"com.spaceship.screen.textcopy"},"orders":["com.recognize_text.translate.screen","com.spaceship.screen.textcopy","com.hc.texttranslator.screentranslator.chattranslator","com.gaminik.i18n","com.niven.translator","com.tap_to_translate.snap_translate","com.yoyodev.screentranslate","com.seastone.screentranslator","com.aurasense.screentranslate","com.newmg.yurao.pro","com.screen.translate.google"]},{"rank":{"index":2,"lang":"it","country":"it","chineseCountryName":"意大利","pkg":"com.spaceship.screen.textcopy"},"orders":["com.recognize_text.translate.screen","com.spaceship.screen.textcopy","com.hc.texttranslator.screentranslator.chattranslator","com.gaminik.i18n","com.tap_to_translate.snap_translate","com.niven.translator","com.seastone.screentranslator","com.newmg.yurao.pro","com.yoyodev.screentranslate","com.screen.translate.google","com.eecorp.linguago","com.aurasense.screentranslate","live.screentranslate.realtime","com.microsoft.translator","com.hive.lingonative","com.eecorp.taptranslator","translateonscreen.taptotranslate.screentranslator.screenandphototranslator","com.galaxy.airviewdictionary","com.zaz.translate","com.screen.translator.text.recognize"]},{"rank":{"index":2,"lang":"ja","country":"jp","chineseCountryName":"日本","pkg":"com.spaceship.screen.textcopy"},"orders":["com.recognize_text.translate.screen","com.spaceship.screen.textcopy","com.tap_to_translate.snap_translate","com.gaminik.i18n","com.niven.translator","com.hc.texttranslator.screentranslator.chattranslator","com.seastone.screentranslator","com.newmg.yurao.pro","com.screen.translate.google","live.screentranslate.realtime","com.galaxy.airviewdictionary","com.aurasense.screentranslate","com.eecorp.linguago"]},{"rank":{"index":2,"lang":"ko","country":"kr","chineseCountryName":"韩国","pkg":"com.spaceship.screen.textcopy"},"orders":["com.recognize_text.translate.screen","com.spaceship.screen.textcopy","com.hc.texttranslator.screentranslator.chattranslator","com.gaminik.i18n","com.tap_to_translate.snap_translate","com.seastone.screentranslator","com.niven.translator","com.newmg.yurao.pro","com.screen.translate.google","live.screentranslate.realtime","com.eecorp.linguago","com.aurasense.screentranslate","com.microsoft.translator","com.hive.lingonative"]},{"rank":{"index":2,"lang":"zh-hk","country":"hk","chineseCountryName":"香港","pkg":"com.spaceship.screen.textcopy"},"orders":["com.recognize_text.translate.screen","com.spaceship.screen.textcopy","com.tap_to_translate.snap_translate","com.hc.texttranslator.screentranslator.chattranslator","com.gaminik.i18n","com.seastone.screentranslator","com.niven.translator","com.newmg.yurao.pro","com.screen.translate.google","com.google.android.apps.translate","com.aurasense.screentranslate","com.eecorp.linguago","com.yoyodev.screentranslate","com.microsoft.translator","com.zaz.translate","live.screentranslate.realtime","com.galaxy.airviewdictionary","screen.translator.voice.translate","com.eecorp.taptranslator","com.naver.labs.translator"]},{"rank":{"index":2,"lang":"zh-tw","country":"tw","chineseCountryName":"台湾","pkg":"com.spaceship.screen.textcopy"},"orders":["com.recognize_text.translate.screen","com.spaceship.screen.textcopy","com.hc.texttranslator.screentranslator.chattranslator","com.gaminik.i18n","com.tap_to_translate.snap_translate","com.seastone.screentranslator","com.aurasense.screentranslate","com.niven.translator","com.newmg.yurao.pro","com.screen.translate.google","com.yoyodev.screentranslate","live.screentranslate.realtime","com.eecorp.linguago","com.galaxy.airviewdictionary","com.google.android.apps.translate","com.microsoft.translator","com.zaz.translate","screen.translator.voice.translate","com.eecorp.taptranslator","com.niven.apptranslate"]},{"rank":{"index":0,"lang":"en","country":"in","chineseCountryName":"印度","pkg":"com.spaceship.screen.textcopy"},"orders":["com.recognize_text.translate.screen","com.hc.texttranslator.screentranslator.chattranslator","com.tap_to_translate.snap_translate","com.newmg.yurao.pro","com.gaminik.i18n","com.aurasense.screentranslate","com.niven.translator","com.screen.translate.google","com.seastone.screentranslator","com.yoyodev.screentranslate","com.eecorp.linguago","com.google.android.apps.translate","live.screentranslate.realtime","com.zaz.translate","com.galaxy.airviewdictionary","com.microsoft.translator"]},{"rank":{"index":2,"lang":"id","country":"id","chineseCountryName":"印尼","pkg":"com.spaceship.screen.textcopy"},"orders":["com.recognize_text.translate.screen","com.spaceship.screen.textcopy","com.gaminik.i18n","com.niven.translator","com.tap_to_translate.snap_translate","com.hc.texttranslator.screentranslator.chattranslator","com.aurasense.screentranslate","com.seastone.screentranslator","com.newmg.yurao.pro","com.yoyodev.screentranslate","com.screen.translate.google","com.eecorp.linguago","live.screentranslate.realtime","com.eecorp.taptranslator","com.galaxy.airviewdictionary","com.niven.game","screen.translator.voice.translate","com.niven.apptranslate","com.google.android.apps.translate","com.screen.translator.text.recognize"]},{"rank":{"index":2,"lang":"es-mx","country":"mx","chineseCountryName":"墨西哥","pkg":"com.spaceship.screen.textcopy"},"orders":["com.recognize_text.translate.screen","com.spaceship.screen.textcopy","com.hc.texttranslator.screentranslator.chattranslator","com.niven.translator","com.gaminik.i18n","com.tap_to_translate.snap_translate","com.seastone.screentranslator","com.newmg.yurao.pro","com.yoyodev.screentranslate","com.screen.translate.google","live.screentranslate.realtime","com.eecorp.linguago","com.aurasense.screentranslate","com.hive.lingonative"]}]