[{"rank":{"index":2,"lang":"en-us","country":"us","chineseCountryName":"美国","pkg":"com.spaceship.screen.textcopy"},"orders":["com.recognize_text.translate.screen","com.spaceship.screen.textcopy","com.microsoft.translator","com.gaminik.i18n","com.google.android.apps.translate","com.newmg.yurao.pro","com.niven.translator","com.tap_to_translate.snap_translate","com.deepl.mobiletranslator","com.zaz.translate","com.screen.translate.google","com.niven.game","at.nk.tools.iTranslate","com.google.ar.lens","com.eecorp.linguago","live.screentranslate.realtime","com.niven.apptranslate","com.naver.labs.translator","com.immersivetranslate.browser","com.language.translate.free.translator.voice.translation"]},{"rank":{"index":0,"lang":"ru","country":"ru","chineseCountryName":"俄罗斯","pkg":"com.spaceship.screen.textcopy"},"orders":["com.recognize_text.translate.screen","com.newmg.yurao.pro","com.tap_to_translate.snap_translate","com.google.android.apps.translate","com.niven.translator","com.microsoft.translator","ru.yandex.translate","com.gaminik.i18n","com.deepl.mobiletranslator","com.niven.game","com.google.ar.lens","com.youdao.hindict","at.nk.tools.iTranslate","com.zaz.translate","com.immersivetranslate.browser","com.datacomprojects.scanandtranslate","com.screen.translate.google","live.screentranslate.realtime","com.ticktalk.translatevoice","com.niven.apptranslate"]},{"rank":{"index":2,"lang":"pt-br","country":"br","chineseCountryName":"巴西","pkg":"com.spaceship.screen.textcopy"},"orders":["com.recognize_text.translate.screen","com.spaceship.screen.textcopy","com.microsoft.translator","com.gaminik.i18n","com.google.android.apps.translate","com.niven.translator","com.newmg.yurao.pro","com.tap_to_translate.snap_translate","com.deepl.mobiletranslator","com.niven.game","com.screen.translate.google","at.nk.tools.iTranslate","com.tangdi.baiguotong","live.screentranslate.realtime","com.eecorp.linguago","com.niven.apptranslate","com.immersivetranslate.browser","com.google.ar.lens","com.zaz.translate","com.language.translate.free.translator.voice.translation"]},{"rank":{"index":2,"lang":"fr","country":"fr","chineseCountryName":"法国","pkg":"com.spaceship.screen.textcopy"},"orders":["com.recognize_text.translate.screen","com.spaceship.screen.textcopy","com.tap_to_translate.snap_translate","com.newmg.yurao.pro","com.microsoft.translator","com.gaminik.i18n","com.google.android.apps.translate","com.niven.translator","com.deepl.mobiletranslator","com.screen.translate.google","live.screentranslate.realtime","com.eecorp.linguago","com.niven.game","com.google.ar.lens","com.niven.apptranslate","com.zaz.translate","com.tangdi.baiguotong","com.eecorp.taptranslator","com.voice_camera_free_translate","com.datacomprojects.scanandtranslate"]},{"rank":{"index":2,"lang":"en-gb","country":"gb","chineseCountryName":"英国","pkg":"com.spaceship.screen.textcopy"},"orders":["com.recognize_text.translate.screen","com.spaceship.screen.textcopy","com.microsoft.translator","com.newmg.yurao.pro","com.google.android.apps.translate","com.gaminik.i18n","com.niven.translator","com.deepl.mobiletranslator","com.tap_to_translate.snap_translate","com.zaz.translate","com.immersivetranslate.browser","com.google.ar.lens","ru.yandex.translate","com.youdao.hindict","com.niven.game","at.nk.tools.iTranslate","live.screentranslate.realtime","com.screen.translate.google","com.naver.labs.translator","com.eecorp.linguago"]},{"rank":{"index":2,"lang":"de","country":"de","chineseCountryName":"德国","pkg":"com.spaceship.screen.textcopy"},"orders":["com.recognize_text.translate.screen","com.spaceship.screen.textcopy","com.gaminik.i18n","com.newmg.yurao.pro","com.microsoft.translator","com.google.android.apps.translate","com.niven.translator","com.tap_to_translate.snap_translate","com.deepl.mobiletranslator","com.niven.game","com.screen.translate.google","com.eecorp.linguago","com.google.ar.lens","com.immersivetranslate.browser","com.tangdi.baiguotong","com.niven.apptranslate","com.zaz.translate","at.nk.tools.iTranslate","ru.yandex.translate","com.eecorp.taptranslator"]},{"rank":{"index":2,"lang":"it","country":"it","chineseCountryName":"意大利","pkg":"com.spaceship.screen.textcopy"},"orders":["com.recognize_text.translate.screen","com.spaceship.screen.textcopy","com.tap_to_translate.snap_translate","com.newmg.yurao.pro","com.niven.translator","com.gaminik.i18n","com.microsoft.translator","com.google.android.apps.translate","com.deepl.mobiletranslator","com.niven.game","com.screen.translate.google","com.eecorp.linguago","com.google.ar.lens","com.tangdi.baiguotong"]},{"rank":{"index":2,"lang":"ja","country":"jp","chineseCountryName":"日本","pkg":"com.spaceship.screen.textcopy"},"orders":["com.recognize_text.translate.screen","com.spaceship.screen.textcopy","com.tap_to_translate.snap_translate","com.gaminik.i18n","com.microsoft.translator","com.newmg.yurao.pro","com.google.android.apps.translate","com.niven.translator","com.deepl.mobiletranslator","com.screen.translate.google","com.google.ar.lens","com.eecorp.linguago"]},{"rank":{"index":2,"lang":"ko","country":"kr","chineseCountryName":"韩国","pkg":"com.spaceship.screen.textcopy"},"orders":["com.recognize_text.translate.screen","com.spaceship.screen.textcopy","com.microsoft.translator","com.newmg.yurao.pro","com.google.android.apps.translate","com.niven.translator","com.gaminik.i18n","com.tap_to_translate.snap_translate","com.naver.labs.translator","com.deepl.mobiletranslator","com.niven.game","com.immersivetranslate.browser","com.screen.translate.google","at.nk.tools.iTranslate","com.google.ar.lens","live.screentranslate.realtime","com.eecorp.linguago","com.youdao.hindict","com.zaz.translate","com.niven.apptranslate"]},{"rank":{"index":2,"lang":"zh-hk","country":"hk","chineseCountryName":"香港","pkg":"com.spaceship.screen.textcopy"},"orders":["com.recognize_text.translate.screen","com.spaceship.screen.textcopy","com.microsoft.translator","com.gaminik.i18n","com.google.android.apps.translate","com.newmg.yurao.pro","com.niven.translator","com.tap_to_translate.snap_translate","com.deepl.mobiletranslator","com.niven.game","com.immersivetranslate.browser","com.google.ar.lens","com.screen.translate.google"]},{"rank":{"index":2,"lang":"zh-tw","country":"tw","chineseCountryName":"台湾","pkg":"com.spaceship.screen.textcopy"},"orders":["com.recognize_text.translate.screen","com.spaceship.screen.textcopy","com.microsoft.translator","com.newmg.yurao.pro","com.google.android.apps.translate","com.gaminik.i18n","com.niven.translator","com.tap_to_translate.snap_translate","com.niven.game","com.deepl.mobiletranslator","com.screen.translate.google","com.immersivetranslate.browser","com.eecorp.linguago","com.google.ar.lens","com.niven.apptranslate","live.screentranslate.realtime","com.naver.labs.translator","at.nk.tools.iTranslate","com.ticktalk.translatevoice","com.tangdi.baiguotong"]},{"rank":{"index":3,"lang":"en","country":"in","chineseCountryName":"印度","pkg":"com.spaceship.screen.textcopy"},"orders":["com.recognize_text.translate.screen","com.google.android.apps.translate","com.spaceship.screen.textcopy","com.newmg.yurao.pro"]},{"rank":{"index":1,"lang":"id","country":"id","chineseCountryName":"印尼","pkg":"com.spaceship.screen.textcopy"},"orders":["com.spaceship.screen.textcopy","com.recognize_text.translate.screen","com.tap_to_translate.snap_translate","com.gaminik.i18n","com.google.android.apps.translate","com.niven.translator","com.newmg.yurao.pro","com.youdao.hindict","com.microsoft.translator","com.niven.game","com.deepl.mobiletranslator","com.screen.translate.google","at.nk.tools.iTranslate","com.eecorp.linguago","live.screentranslate.realtime"]},{"rank":{"index":1,"lang":"es-mx","country":"mx","chineseCountryName":"墨西哥","pkg":"com.spaceship.screen.textcopy"},"orders":["com.spaceship.screen.textcopy","com.recognize_text.translate.screen","com.gaminik.i18n","com.newmg.yurao.pro","com.niven.translator","com.microsoft.translator","com.tap_to_translate.snap_translate","com.google.android.apps.translate","com.niven.game","com.screen.translate.google","com.eecorp.linguago","com.deepl.mobiletranslator","com.google.ar.lens"]}]