[{"rank":{"index":2,"lang":"en-us","country":"us","chineseCountryName":"美国","pkg":"com.spaceship.screen.textcopy"},"orders":["com.recognize_text.translate.screen","com.spaceship.screen.textcopy","com.google.android.apps.translate","com.niven.translator","com.screen.translate.google","com.gaminik.i18n","com.microsoft.translator","com.tap_to_translate.snap_translate","com.niven.game","com.newmg.yurao.pro","com.niven.comic","com.translate.talkingtranslator","com.naver.labs.translator","com.zaz.translate","com.deepl.mobiletranslator","com.google.ar.lens","com.translate.language.translator.voice.translation","com.translatepost.voicetranslator.cameratranslator","com.mobisystems.msdict.embedded.wireless.collins.ee","com.erudite.translator"]},{"rank":{"index":3,"lang":"ru","country":"ru","chineseCountryName":"俄罗斯","pkg":"com.spaceship.screen.textcopy"},"orders":["com.recognize_text.translate.screen","com.niven.translator","com.spaceship.screen.textcopy","com.tap_to_translate.snap_translate","com.niven.game","com.gaminik.i18n","com.screen.translate.google","com.niven.comic","com.newmg.yurao.pro","com.google.android.apps.translate","com.microsoft.translator","ru.yandex.translate","com.deepl.mobiletranslator","com.datacomprojects.scanandtranslate","com.zaz.translate","com.flitto.app","com.android.chrome","com.google.ar.lens","com.instagram.android","com.whatsapp"]},{"rank":{"index":2,"lang":"pt-br","country":"br","chineseCountryName":"巴西","pkg":"com.spaceship.screen.textcopy"},"orders":["com.recognize_text.translate.screen","com.spaceship.screen.textcopy","com.tap_to_translate.snap_translate","com.gaminik.i18n","com.niven.game","com.microsoft.translator","com.google.android.apps.translate","com.zaz.translate","com.deepl.mobiletranslator","com.translate.talkingtranslator","com.softissimo.reverso.context","com.flitto.app","ru.yandex.translate","com.google.ar.lens","com.naver.labs.translator","com.niven.translator","com.screen.translate.google","com.niven.comic","com.newmg.yurao.pro","com.galaxy.airviewdictionary"]},{"rank":{"index":2,"lang":"fr","country":"fr","chineseCountryName":"法国","pkg":"com.spaceship.screen.textcopy"},"orders":["com.recognize_text.translate.screen","com.spaceship.screen.textcopy","com.tap_to_translate.snap_translate","com.niven.game","com.gaminik.i18n","com.niven.translator","com.microsoft.translator","com.screen.translate.google","com.niven.comic","com.google.android.apps.translate","com.newmg.yurao.pro","com.deepl.mobiletranslator","com.zaz.translate","com.translate.talkingtranslator","com.translatepost.voicetranslator.cameratranslator","com.datacomprojects.scanandtranslate","com.softissimo.reverso.context","com.google.ar.lens","com.flitto.app","com.image.camera.translate.ai"]},{"rank":{"index":2,"lang":"en-gb","country":"gb","chineseCountryName":"英国","pkg":"com.spaceship.screen.textcopy"},"orders":["com.recognize_text.translate.screen","com.spaceship.screen.textcopy","com.gaminik.i18n","com.google.android.apps.translate","com.screen.translate.google","com.niven.translator","com.microsoft.translator","com.niven.game","com.tap_to_translate.snap_translate","com.niven.comic","com.newmg.yurao.pro","com.zaz.translate","com.deepl.mobiletranslator","com.google.ar.lens","com.translate.talkingtranslator","com.mobisystems.msdict.embedded.wireless.collins.ee","com.naver.labs.translator","com.translatepost.voicetranslator.cameratranslator","com.translate.language.translator.voice.translation","com.flitto.app"]},{"rank":{"index":2,"lang":"de","country":"de","chineseCountryName":"德国","pkg":"com.spaceship.screen.textcopy"},"orders":["com.recognize_text.translate.screen","com.spaceship.screen.textcopy","com.tap_to_translate.snap_translate","com.niven.translator","com.screen.translate.google","com.gaminik.i18n","com.niven.game","com.microsoft.translator","com.google.android.apps.translate","com.niven.comic","com.deepl.mobiletranslator","com.newmg.yurao.pro","com.translate.talkingtranslator","com.zaz.translate","com.translatepost.voicetranslator.cameratranslator","com.flitto.app","com.google.ar.lens","com.softissimo.reverso.context","com.datacomprojects.scanandtranslate","com.translate.language.translator.voice.translation"]},{"rank":{"index":2,"lang":"it","country":"it","chineseCountryName":"意大利","pkg":"com.spaceship.screen.textcopy"},"orders":["com.recognize_text.translate.screen","com.spaceship.screen.textcopy","com.gaminik.i18n","com.niven.translator","com.screen.translate.google","com.niven.game","com.tap_to_translate.snap_translate","com.microsoft.translator","com.google.android.apps.translate","com.niven.comic","com.newmg.yurao.pro","com.deepl.mobiletranslator","com.datacomprojects.scanandtranslate","com.zaz.translate","com.translate.language.translator.voice.translation","com.softissimo.reverso.context","com.translate.talkingtranslator","com.aldoo.pdftranslatorpro","com.tangdi.baiguotong","com.image.camera.translate.ai"]},{"rank":{"index":2,"lang":"ja","country":"jp","chineseCountryName":"日本","pkg":"com.spaceship.screen.textcopy"},"orders":["com.recognize_text.translate.screen","com.spaceship.screen.textcopy","com.tap_to_translate.snap_translate","com.gaminik.i18n","com.niven.game","com.niven.translator","com.screen.translate.google","com.niven.comic","com.newmg.yurao.pro","com.microsoft.translator","com.google.android.apps.translate","com.deepl.mobiletranslator","com.naver.labs.translator","com.google.ar.lens","com.translate.talkingtranslator","com.flitto.app","com.tangdi.baiguotong","com.zaz.translate","com.android.chrome","com.datacomprojects.scanandtranslate"]},{"rank":{"index":2,"lang":"ko","country":"kr","chineseCountryName":"韩国","pkg":"com.spaceship.screen.textcopy"},"orders":["com.recognize_text.translate.screen","com.spaceship.screen.textcopy","com.gaminik.i18n","com.niven.translator","com.tap_to_translate.snap_translate","com.niven.game","com.screen.translate.google","com.naver.labs.translator","com.niven.comic","com.google.android.apps.translate","com.newmg.yurao.pro","com.microsoft.translator","com.flitto.app","com.translate.talkingtranslator","com.deepl.mobiletranslator","com.google.ar.lens","com.translate.language.translator.voice.translation","com.zaz.translate","com.facebook.orca","com.datacomprojects.scanandtranslate"]},{"rank":{"index":2,"lang":"zh-hk","country":"hk","chineseCountryName":"香港","pkg":"com.spaceship.screen.textcopy"},"orders":["com.recognize_text.translate.screen","com.spaceship.screen.textcopy","com.gaminik.i18n","com.niven.translator","com.niven.game","com.screen.translate.google","com.microsoft.translator","com.tap_to_translate.snap_translate","com.google.android.apps.translate","com.niven.comic","com.newmg.yurao.pro","com.translatepost.voicetranslator.cameratranslator","com.google.ar.lens","com.naver.labs.translator","com.deepl.mobiletranslator","com.tangdi.baiguotong","com.zaz.translate","com.translate.talkingtranslator","com.datacomprojects.scanandtranslate","com.image.camera.translate.ai"]},{"rank":{"index":2,"lang":"zh-tw","country":"tw","chineseCountryName":"台湾","pkg":"com.spaceship.screen.textcopy"},"orders":["com.recognize_text.translate.screen","com.spaceship.screen.textcopy","com.gaminik.i18n","com.niven.translator","com.screen.translate.google","com.niven.game","com.tap_to_translate.snap_translate","com.microsoft.translator","com.google.android.apps.translate","com.niven.comic","com.newmg.yurao.pro","com.naver.labs.translator","com.tangdi.baiguotong","com.translatepost.voicetranslator.cameratranslator","com.translate.talkingtranslator","com.google.ar.lens","com.zaz.translate","com.deepl.mobiletranslator","com.flitto.app","com.datacomprojects.scanandtranslate"]},{"rank":{"index":2,"lang":"en","country":"in","chineseCountryName":"印度","pkg":"com.spaceship.screen.textcopy"},"orders":["com.recognize_text.translate.screen","com.spaceship.screen.textcopy","com.google.android.apps.translate","com.zaz.translate"]},{"rank":{"index":2,"lang":"id","country":"id","chineseCountryName":"印尼","pkg":"com.spaceship.screen.textcopy"},"orders":["com.recognize_text.translate.screen","com.spaceship.screen.textcopy","com.tap_to_translate.snap_translate","com.niven.translator","com.gaminik.i18n","com.niven.game","com.screen.translate.google","com.niven.comic","com.newmg.yurao.pro","com.google.android.apps.translate","com.microsoft.translator","com.zaz.translate","com.deepl.mobiletranslator","com.youdao.hindict","com.naver.labs.translator"]},{"rank":{"index":2,"lang":"es-mx","country":"mx","chineseCountryName":"墨西哥","pkg":"com.spaceship.screen.textcopy"},"orders":["com.recognize_text.translate.screen","com.spaceship.screen.textcopy","com.tap_to_translate.snap_translate","com.gaminik.i18n","com.niven.game","com.microsoft.translator","com.google.android.apps.translate","com.zaz.translate","com.deepl.mobiletranslator","com.translate.talkingtranslator","com.softissimo.reverso.context","com.google.ar.lens","com.flitto.app","com.naver.labs.translator","ru.yandex.translate","com.sayhi.android.sayhitranslate","com.niven.translator","com.screen.translate.google","com.newmg.yurao.pro","com.niven.comic"]}]