[{"rank":{"index":3,"lang":"en-us","country":"us","chineseCountryName":"美国","pkg":"com.spaceship.screen.textcopy"},"orders":["com.recognize_text.translate.screen","com.google.android.apps.translate","com.spaceship.screen.textcopy","com.microsoft.translator","com.deepl.mobiletranslator","com.newmg.yurao.pro","com.gaminik.i18n","com.niven.translator","com.naver.labs.translator","com.immersivetranslate.browser","com.tap_to_translate.snap_translate","ru.yandex.translate","at.nk.tools.iTranslate","com.zaz.translate","com.translate.talkingtranslator","com.niven.game","com.youdao.hindict","com.google.ar.lens","com.language.translate.free.translator.voice.translation","com.wooask.zx"]},{"rank":{"index":0,"lang":"ru","country":"ru","chineseCountryName":"俄罗斯","pkg":"com.spaceship.screen.textcopy"},"orders":["com.recognize_text.translate.screen","com.newmg.yurao.pro","com.gaminik.i18n","com.google.android.apps.translate","com.niven.translator","com.microsoft.translator","ru.yandex.translate","com.immersivetranslate.browser","com.deepl.mobiletranslator","com.tap_to_translate.snap_translate","com.niven.game","com.zaz.translate","com.niven.apptranslate","photo.translate.camera.translator","com.screen.translate.google","com.eecorp.linguago","com.translate.language.translator.voice.translation","com.mg.chat","com.wooask.zx","at.nk.tools.iTranslate"]},{"rank":{"index":2,"lang":"pt-br","country":"br","chineseCountryName":"巴西","pkg":"com.spaceship.screen.textcopy"},"orders":["com.recognize_text.translate.screen","com.spaceship.screen.textcopy","com.newmg.yurao.pro","com.tap_to_translate.snap_translate","com.gaminik.i18n","com.microsoft.translator","com.google.android.apps.translate","com.deepl.mobiletranslator","ru.yandex.translate","com.zaz.translate","at.nk.tools.iTranslate","com.naver.labs.translator","com.translate.talkingtranslator","com.ticktalk.translatevoice","com.kursx.smartbook","com.google.ar.lens","com.softissimo.reverso.context","jp.go.nict.voicetra","com.niven.translator","com.niven.game"]},{"rank":{"index":2,"lang":"fr","country":"fr","chineseCountryName":"法国","pkg":"com.spaceship.screen.textcopy"},"orders":["com.recognize_text.translate.screen","com.spaceship.screen.textcopy","com.newmg.yurao.pro","com.gaminik.i18n","com.google.android.apps.translate","com.microsoft.translator","com.tap_to_translate.snap_translate","com.niven.translator","com.deepl.mobiletranslator","com.zaz.translate","com.immersivetranslate.browser","com.screen.translate.google","com.eecorp.linguago","com.niven.apptranslate","ru.yandex.translate","com.niven.game","com.translate.talkingtranslator","com.naver.labs.translator","com.google.ar.lens","com.kursx.smartbook"]},{"rank":{"index":4,"lang":"en-gb","country":"gb","chineseCountryName":"英国","pkg":"com.spaceship.screen.textcopy"},"orders":["com.recognize_text.translate.screen","com.google.android.apps.translate","com.microsoft.translator","com.spaceship.screen.textcopy","com.deepl.mobiletranslator","com.newmg.yurao.pro","com.gaminik.i18n","com.niven.translator","com.immersivetranslate.browser","com.zaz.translate","ru.yandex.translate","com.naver.labs.translator"]},{"rank":{"index":2,"lang":"de","country":"de","chineseCountryName":"德国","pkg":"com.spaceship.screen.textcopy"},"orders":["com.recognize_text.translate.screen","com.spaceship.screen.textcopy","com.newmg.yurao.pro","com.gaminik.i18n","com.google.android.apps.translate","com.microsoft.translator","com.niven.translator","com.deepl.mobiletranslator","com.tap_to_translate.snap_translate","com.immersivetranslate.browser","ru.yandex.translate","com.zaz.translate"]},{"rank":{"index":2,"lang":"it","country":"it","chineseCountryName":"意大利","pkg":"com.spaceship.screen.textcopy"},"orders":["com.recognize_text.translate.screen","com.spaceship.screen.textcopy","com.newmg.yurao.pro","com.gaminik.i18n","com.google.android.apps.translate","com.tap_to_translate.snap_translate","com.microsoft.translator","com.niven.translator","com.deepl.mobiletranslator","com.niven.game","com.immersivetranslate.browser","ru.yandex.translate","com.kursx.smartbook"]},{"rank":{"index":2,"lang":"ja","country":"jp","chineseCountryName":"日本","pkg":"com.spaceship.screen.textcopy"},"orders":["com.recognize_text.translate.screen","com.spaceship.screen.textcopy","com.gaminik.i18n","com.newmg.yurao.pro","com.google.android.apps.translate","com.tap_to_translate.snap_translate","com.microsoft.translator","com.immersivetranslate.browser","com.deepl.mobiletranslator","com.niven.translator","com.google.ar.lens","com.niven.game","com.eecorp.linguago","com.naver.labs.translator","com.screen.translate.google","ru.yandex.translate","com.niven.apptranslate","at.nk.tools.iTranslate","photo.translate.camera.translator","com.flitto.app"]},{"rank":{"index":2,"lang":"ko","country":"kr","chineseCountryName":"韩国","pkg":"com.spaceship.screen.textcopy"},"orders":["com.recognize_text.translate.screen","com.spaceship.screen.textcopy","com.newmg.yurao.pro","com.gaminik.i18n","com.tap_to_translate.snap_translate","com.google.android.apps.translate","com.microsoft.translator","com.niven.translator","com.immersivetranslate.browser","com.naver.labs.translator","com.deepl.mobiletranslator","com.niven.game","com.niven.apptranslate","com.eecorp.linguago","com.screen.translate.google","at.nk.tools.iTranslate","ru.yandex.translate","com.translate.talkingtranslator","com.eecorp.taptranslator","com.voice_camera_free_translate"]},{"rank":{"index":2,"lang":"zh-hk","country":"hk","chineseCountryName":"香港","pkg":"com.spaceship.screen.textcopy"},"orders":["com.recognize_text.translate.screen","com.spaceship.screen.textcopy","com.newmg.yurao.pro","com.gaminik.i18n","com.google.android.apps.translate","com.microsoft.translator","com.tap_to_translate.snap_translate","com.immersivetranslate.browser","com.niven.translator","com.deepl.mobiletranslator","com.niven.game","com.naver.labs.translator","com.eecorp.linguago","ru.yandex.translate","com.screen.translate.google","com.niven.apptranslate","at.nk.tools.iTranslate","com.google.ar.lens","com.eecorp.taptranslator","com.language.translate.free.translator.voice.translation"]},{"rank":{"index":2,"lang":"zh-tw","country":"tw","chineseCountryName":"台湾","pkg":"com.spaceship.screen.textcopy"},"orders":["com.recognize_text.translate.screen","com.spaceship.screen.textcopy","com.newmg.yurao.pro","com.gaminik.i18n","com.google.android.apps.translate","com.microsoft.translator","com.tap_to_translate.snap_translate","com.immersivetranslate.browser","com.niven.translator","com.deepl.mobiletranslator","com.niven.game","com.naver.labs.translator"]},{"rank":{"index":3,"lang":"en","country":"in","chineseCountryName":"印度","pkg":"com.spaceship.screen.textcopy"},"orders":["com.recognize_text.translate.screen","com.google.android.apps.translate","com.spaceship.screen.textcopy","com.newmg.yurao.pro","com.zaz.translate","com.microsoft.translator","com.gaminik.i18n","com.deepl.mobiletranslator"]},{"rank":{"index":2,"lang":"id","country":"id","chineseCountryName":"印尼","pkg":"com.spaceship.screen.textcopy"},"orders":["com.recognize_text.translate.screen","com.spaceship.screen.textcopy","com.tap_to_translate.snap_translate","com.gaminik.i18n","com.newmg.yurao.pro","com.niven.translator","com.google.android.apps.translate","com.niven.game","com.microsoft.translator","com.eecorp.linguago","com.deepl.mobiletranslator","com.niven.apptranslate","com.screen.translate.google","com.eecorp.taptranslator","com.naver.labs.translator"]},{"rank":{"index":2,"lang":"es-mx","country":"mx","chineseCountryName":"墨西哥","pkg":"com.spaceship.screen.textcopy"},"orders":["com.recognize_text.translate.screen","com.spaceship.screen.textcopy","com.newmg.yurao.pro","com.tap_to_translate.snap_translate","com.gaminik.i18n","com.microsoft.translator","com.google.android.apps.translate","com.deepl.mobiletranslator","at.nk.tools.iTranslate","com.zaz.translate","ru.yandex.translate","com.translate.talkingtranslator","com.ticktalk.translatevoice","com.naver.labs.translator","com.google.ar.lens","com.softissimo.reverso.context","com.niven.translator","screen.translator.voice.translate","com.niven.apptranslate","com.niven.game"]}]