[{"rank":{"index":2,"lang":"en-us","country":"us","chineseCountryName":"美国","pkg":"com.spaceship.screen.textcopy"},"orders":["com.recognize_text.translate.screen","com.spaceship.screen.textcopy","com.screen.translate.google","com.google.android.apps.translate","com.niven.translator","com.gaminik.i18n","com.tap_to_translate.snap_translate","com.microsoft.translator","com.yoyodev.screentranslate","com.galaxy.airviewdictionary","ru.yandex.translate","com.zaz.translate","com.newmg.yurao.pro","at.nk.tools.iTranslate","com.aurasense.screentranslate","com.transgull.translator","co.appnation.aivoicetranslator","com.naver.labs.translator","com.kursx.smartbook","com.youdao.hindict"]},{"rank":{"index":3,"lang":"ru","country":"ru","chineseCountryName":"俄罗斯","pkg":"com.spaceship.screen.textcopy"},"orders":["com.recognize_text.translate.screen","com.niven.translator","com.spaceship.screen.textcopy","com.tap_to_translate.snap_translate","com.screen.translate.google","com.gaminik.i18n","com.galaxy.airviewdictionary","com.yoyodev.screentranslate","com.newmg.yurao.pro"]},{"rank":{"index":2,"lang":"pt-br","country":"br","chineseCountryName":"巴西","pkg":"com.spaceship.screen.textcopy"},"orders":["com.recognize_text.translate.screen","com.spaceship.screen.textcopy","com.niven.translator","com.screen.translate.google","com.galaxy.airviewdictionary","com.newtranslate.google","com.tap_to_translate.snap_translate","com.gaminik.i18n","com.niven.apptranslate","com.eecorp.linguago","com.flabs.screen.translate","com.hive.lingonative","com.niven.game","com.newmg.yurao.pro","live.screentranslate.realtime","screen.translator.voice.translate","com.screen.translator.text.recognize","com.google.android.apps.translate","com.eecorp.taptranslator","com.translate.all.language.photo.screen"]},{"rank":{"index":2,"lang":"fr","country":"fr","chineseCountryName":"法国","pkg":"com.spaceship.screen.textcopy"},"orders":["com.recognize_text.translate.screen","com.spaceship.screen.textcopy","com.niven.translator","com.tap_to_translate.snap_translate","com.screen.translate.google","com.galaxy.airviewdictionary","com.newtranslate.google","com.yoyodev.screentranslate","com.gaminik.i18n","com.niven.apptranslate","com.eecorp.linguago","com.hive.lingonative","com.flabs.screen.translate","com.newmg.yurao.pro","live.screentranslate.realtime","com.niven.game","screen.translator.voice.translate","com.screen.translator.text.recognize","com.google.android.apps.translate","com.screen.translator.live.translate.textcopy"]},{"rank":{"index":2,"lang":"en-gb","country":"gb","chineseCountryName":"英国","pkg":"com.spaceship.screen.textcopy"},"orders":["com.recognize_text.translate.screen","com.spaceship.screen.textcopy","com.screen.translate.google","com.niven.translator","com.tap_to_translate.snap_translate","com.galaxy.airviewdictionary","com.gaminik.i18n","com.newtranslate.google","com.newmg.yurao.pro","com.yoyodev.screentranslate","com.niven.apptranslate","com.aurasense.screentranslate","com.google.android.apps.translate","com.eecorp.linguago","com.microsoft.translator","ru.yandex.translate","com.deepl.mobiletranslator","com.screen.translator.text.recognize","com.niven.game","com.hive.lingonative"]},{"rank":{"index":3,"lang":"de","country":"de","chineseCountryName":"德国","pkg":"com.spaceship.screen.textcopy"},"orders":["com.recognize_text.translate.screen","com.gaminik.i18n","com.spaceship.screen.textcopy","com.tap_to_translate.snap_translate","com.niven.translator","com.screen.translate.google","com.yoyodev.screentranslate","com.newmg.yurao.pro","com.google.android.apps.translate","com.galaxy.airviewdictionary","at.nk.tools.iTranslate","com.aurasense.screentranslate","com.microsoft.translator","ru.yandex.translate","co.appnation.aivoicetranslator","com.niven.apptranslate","photo.translate.camera.translator","com.niven.game","com.fapp.translate.language.translator.fasttranslation","com.pons.onlinedictionary"]},{"rank":{"index":4,"lang":"it","country":"it","chineseCountryName":"意大利","pkg":"com.spaceship.screen.textcopy"},"orders":["com.recognize_text.translate.screen","com.screen.translate.google","com.tap_to_translate.snap_translate","com.spaceship.screen.textcopy","com.galaxy.airviewdictionary","com.newtranslate.google","com.niven.translator","com.yoyodev.screentranslate","com.gaminik.i18n","com.eecorp.linguago","com.niven.apptranslate","com.screen.translator.text.recognize","com.newmg.yurao.pro","com.hive.lingonative","com.flabs.screen.translate","screen.translator.voice.translate","com.google.android.apps.translate","com.eecorp.taptranslator","live.screentranslate.realtime","com.aurasense.screentranslate"]},{"rank":{"index":3,"lang":"ja","country":"jp","chineseCountryName":"日本","pkg":"com.spaceship.screen.textcopy"},"orders":["com.recognize_text.translate.screen","com.tap_to_translate.snap_translate","com.spaceship.screen.textcopy","com.gaminik.i18n","com.google.android.apps.translate","com.screen.translate.google","com.microsoft.translator","at.nk.tools.iTranslate","ru.yandex.translate","com.zaz.translate","com.naver.labs.translator"]},{"rank":{"index":2,"lang":"ko","country":"kr","chineseCountryName":"韩国","pkg":"com.spaceship.screen.textcopy"},"orders":["com.recognize_text.translate.screen","com.spaceship.screen.textcopy","com.screen.translate.google","com.galaxy.airviewdictionary","com.tap_to_translate.snap_translate","com.newtranslate.google","com.gaminik.i18n","com.niven.apptranslate","com.niven.translator","com.hive.lingonative","com.eecorp.linguago","com.flabs.screen.translate","com.aurasense.screentranslate","com.newmg.yurao.pro","com.screen.translator.text.recognize"]},{"rank":{"index":5,"lang":"zh-hk","country":"hk","chineseCountryName":"香港","pkg":"com.spaceship.screen.textcopy"},"orders":["com.recognize_text.translate.screen","com.galaxy.airviewdictionary","com.screen.translate.google","com.newtranslate.google","com.spaceship.screen.textcopy","com.tap_to_translate.snap_translate","com.niven.translator","com.niven.apptranslate","com.newmg.yurao.pro","com.eecorp.linguago","com.aurasense.screentranslate"]},{"rank":{"index":2,"lang":"zh-tw","country":"tw","chineseCountryName":"台湾","pkg":"com.spaceship.screen.textcopy"},"orders":["com.recognize_text.translate.screen","com.spaceship.screen.textcopy","com.screen.translate.google","com.gaminik.i18n","com.yoyodev.screentranslate","com.niven.translator","com.galaxy.airviewdictionary","com.aurasense.screentranslate","com.newmg.yurao.pro"]},{"rank":{"index":0,"lang":"en","country":"in","chineseCountryName":"印度","pkg":"com.spaceship.screen.textcopy"},"orders":["com.recognize_text.translate.screen","com.gaminik.i18n","com.tap_to_translate.snap_translate","com.google.android.apps.translate","at.nk.tools.iTranslate","com.zaz.translate","ru.yandex.translate","photo.translate.camera.translator","co.appnation.aivoicetranslator","com.niven.translator","com.screen.translate.google","com.galaxy.airviewdictionary","com.newmg.yurao.pro","com.yoyodev.screentranslate","com.newtranslate.google","com.fapp.translate.language.translator.fasttranslation","com.aurasense.screentranslate","com.niven.apptranslate","com.niven.game","translate.speech.text.translation.voicetranslator"]},{"rank":{"index":2,"lang":"id","country":"id","chineseCountryName":"印尼","pkg":"com.spaceship.screen.textcopy"},"orders":["com.recognize_text.translate.screen","com.spaceship.screen.textcopy","com.tap_to_translate.snap_translate","com.gaminik.i18n","com.niven.translator","com.yoyodev.screentranslate","at.nk.tools.iTranslate","com.screen.translate.google","com.google.android.apps.translate","com.microsoft.translator","com.newmg.yurao.pro","com.aurasense.screentranslate","com.zaz.translate","com.niven.game","com.fapp.translate.language.translator.fasttranslation","co.appnation.aivoicetranslator","com.niven.apptranslate"]},{"rank":{"index":14,"lang":"es-mx","country":"mx","chineseCountryName":"墨西哥","pkg":"com.spaceship.screen.textcopy"},"orders":["com.recognize_text.translate.screen","com.tap_to_translate.snap_translate","com.gaminik.i18n","at.nk.tools.iTranslate","com.google.android.apps.translate","com.microsoft.translator","ru.yandex.translate","com.zaz.translate","com.deepl.mobiletranslator","com.youdao.hindict","photo.translate.camera.translator","co.appnation.aivoicetranslator","com.transgull.translator","com.spaceship.screen.textcopy","com.niven.translator","com.screen.translate.google","com.galaxy.airviewdictionary","com.yoyodev.screentranslate","com.newmg.yurao.pro","com.fapp.translate.language.translator.fasttranslation"]}]