[{"rank":{"index":2,"lang":"en-us","country":"us","chineseCountryName":"美国","pkg":"com.spaceship.screen.textcopy"},"orders":["com.recognize_text.translate.screen","com.spaceship.screen.textcopy","com.tap_to_translate.snap_translate","com.google.android.apps.translate","com.microsoft.translator","com.niven.translator","com.newmg.yurao.pro","com.gaminik.i18n","com.zaz.translate","com.niven.game","at.nk.tools.iTranslate","com.screen.translate.google","screen.translator.voice.translate","com.niven.apptranslate","com.deepl.mobiletranslator","com.immersivetranslate.browser","com.voice_camera_free_translate","com.eecorp.taptranslator","com.translate.talkingtranslator","com.naver.labs.translator"]},{"rank":{"index":0,"lang":"ru","country":"ru","chineseCountryName":"俄罗斯","pkg":"com.spaceship.screen.textcopy"},"orders":["com.recognize_text.translate.screen","com.niven.translator","com.tap_to_translate.snap_translate","com.newmg.yurao.pro","com.microsoft.translator","com.gaminik.i18n","com.google.android.apps.translate","com.niven.game","com.zaz.translate","com.deepl.mobiletranslator","ru.yandex.translate","at.nk.tools.iTranslate","com.niven.apptranslate","com.immersivetranslate.browser","photo.translate.camera.translator","com.screen.translate.google","com.voice_camera_free_translate","com.translate.talkingtranslator","com.erudite.translator","com.datacomprojects.scanandtranslate"]},{"rank":{"index":2,"lang":"pt-br","country":"br","chineseCountryName":"巴西","pkg":"com.spaceship.screen.textcopy"},"orders":["com.recognize_text.translate.screen","com.spaceship.screen.textcopy","com.tap_to_translate.snap_translate","com.newmg.yurao.pro","com.gaminik.i18n","com.niven.translator","com.niven.game","com.microsoft.translator","com.zaz.translate","com.niven.apptranslate","com.google.android.apps.translate","com.screen.translate.google","com.eecorp.taptranslator","com.deepl.mobiletranslator","com.voice_camera_free_translate","com.immersivetranslate.browser","at.nk.tools.iTranslate","camtranslator.voice.text.image.translate","com.android.chrome","com.openai.chatgpt"]},{"rank":{"index":2,"lang":"fr","country":"fr","chineseCountryName":"法国","pkg":"com.spaceship.screen.textcopy"},"orders":["com.recognize_text.translate.screen","com.spaceship.screen.textcopy","com.tap_to_translate.snap_translate","com.newmg.yurao.pro","com.gaminik.i18n","com.niven.translator","com.niven.game","com.microsoft.translator","com.zaz.translate","com.google.android.apps.translate","com.eecorp.taptranslator","com.niven.apptranslate","com.screen.translate.google","screen.translator.voice.translate","com.deepl.mobiletranslator","camtranslator.voice.text.image.translate","com.voice_camera_free_translate","com.immersivetranslate.browser","com.datacomprojects.scanandtranslate","at.nk.tools.iTranslate"]},{"rank":{"index":2,"lang":"en-gb","country":"gb","chineseCountryName":"英国","pkg":"com.spaceship.screen.textcopy"},"orders":["com.recognize_text.translate.screen","com.spaceship.screen.textcopy","com.tap_to_translate.snap_translate","com.newmg.yurao.pro","com.niven.translator","com.microsoft.translator","com.gaminik.i18n","com.google.android.apps.translate","com.zaz.translate","com.niven.apptranslate","com.niven.game","com.screen.translate.google","at.nk.tools.iTranslate","screen.translator.voice.translate","com.deepl.mobiletranslator","com.eecorp.taptranslator","com.voice_camera_free_translate","ru.yandex.translate","com.immersivetranslate.browser","com.naver.labs.translator"]},{"rank":{"index":2,"lang":"de","country":"de","chineseCountryName":"德国","pkg":"com.spaceship.screen.textcopy"},"orders":["com.recognize_text.translate.screen","com.spaceship.screen.textcopy","com.tap_to_translate.snap_translate","com.newmg.yurao.pro","com.gaminik.i18n","com.niven.translator","com.microsoft.translator","com.niven.game","com.zaz.translate","com.niven.apptranslate","com.google.android.apps.translate","com.screen.translate.google","com.eecorp.taptranslator","com.deepl.mobiletranslator","com.immersivetranslate.browser","ru.yandex.translate","at.nk.tools.iTranslate","com.voice_camera_free_translate","camtranslator.voice.text.image.translate","com.google.ar.lens"]},{"rank":{"index":2,"lang":"it","country":"it","chineseCountryName":"意大利","pkg":"com.spaceship.screen.textcopy"},"orders":["com.recognize_text.translate.screen","com.spaceship.screen.textcopy","com.tap_to_translate.snap_translate","com.newmg.yurao.pro","com.gaminik.i18n","com.niven.translator","com.niven.game","com.microsoft.translator","com.screen.translate.google","com.eecorp.taptranslator","com.zaz.translate","com.google.android.apps.translate","com.niven.apptranslate","com.deepl.mobiletranslator","at.nk.tools.iTranslate","camtranslator.voice.text.image.translate","com.voice_camera_free_translate","com.immersivetranslate.browser","com.openai.chatgpt","com.google.ar.lens"]},{"rank":{"index":3,"lang":"ja","country":"jp","chineseCountryName":"日本","pkg":"com.spaceship.screen.textcopy"},"orders":["com.recognize_text.translate.screen","com.tap_to_translate.snap_translate","com.spaceship.screen.textcopy","com.newmg.yurao.pro","com.niven.translator","com.gaminik.i18n","com.microsoft.translator","com.deepl.mobiletranslator","com.niven.game","com.niven.apptranslate","com.google.android.apps.translate","com.screen.translate.google","com.naver.labs.translator","com.eecorp.taptranslator","com.immersivetranslate.browser","com.google.ar.lens","com.android.chrome","com.translate.talkingtranslator","com.google.android.apps.maps","com.openai.chatgpt"]},{"rank":{"index":3,"lang":"ko","country":"kr","chineseCountryName":"韩国","pkg":"com.spaceship.screen.textcopy"},"orders":["com.recognize_text.translate.screen","com.tap_to_translate.snap_translate","com.spaceship.screen.textcopy","com.newmg.yurao.pro","com.microsoft.translator","com.gaminik.i18n","com.niven.translator","com.google.android.apps.translate","com.niven.game","com.naver.labs.translator","at.nk.tools.iTranslate","com.zaz.translate","com.screen.translate.google","com.deepl.mobiletranslator","com.niven.apptranslate","com.immersivetranslate.browser","com.eecorp.taptranslator","com.translate.talkingtranslator","com.niven.comic","com.google.ar.lens"]},{"rank":{"index":2,"lang":"zh-hk","country":"hk","chineseCountryName":"香港","pkg":"com.spaceship.screen.textcopy"},"orders":["com.recognize_text.translate.screen","com.spaceship.screen.textcopy","com.tap_to_translate.snap_translate","com.newmg.yurao.pro","com.google.android.apps.translate","com.microsoft.translator","com.gaminik.i18n","com.niven.translator","com.niven.game","at.nk.tools.iTranslate","com.screen.translate.google","com.niven.apptranslate","com.zaz.translate","com.immersivetranslate.browser","com.voice_camera_free_translate","com.eecorp.taptranslator","com.deepl.mobiletranslator","com.naver.labs.translator","com.google.ar.lens","com.android.chrome"]},{"rank":{"index":2,"lang":"zh-tw","country":"tw","chineseCountryName":"台湾","pkg":"com.spaceship.screen.textcopy"},"orders":["com.recognize_text.translate.screen","com.spaceship.screen.textcopy","com.newmg.yurao.pro","com.tap_to_translate.snap_translate","com.microsoft.translator","com.niven.translator","com.gaminik.i18n","com.niven.game","com.google.android.apps.translate","at.nk.tools.iTranslate","com.immersivetranslate.browser","com.niven.apptranslate","com.screen.translate.google","com.zaz.translate","com.deepl.mobiletranslator","com.eecorp.taptranslator","com.naver.labs.translator","com.translate.talkingtranslator","com.google.ar.lens","com.niven.comic"]},{"rank":{"index":2,"lang":"en","country":"in","chineseCountryName":"印度","pkg":"com.spaceship.screen.textcopy"},"orders":["com.recognize_text.translate.screen","com.spaceship.screen.textcopy","com.newmg.yurao.pro"]},{"rank":{"index":2,"lang":"id","country":"id","chineseCountryName":"印尼","pkg":"com.spaceship.screen.textcopy"},"orders":["com.recognize_text.translate.screen","com.spaceship.screen.textcopy","com.tap_to_translate.snap_translate","com.newmg.yurao.pro","com.gaminik.i18n","com.niven.translator","com.niven.game","com.screen.translate.google","com.eecorp.taptranslator","com.niven.apptranslate","com.google.android.apps.translate","com.microsoft.translator","com.deepl.mobiletranslator","com.eecorp.linguago","com.zaz.translate"]},{"rank":{"index":2,"lang":"es-mx","country":"mx","chineseCountryName":"墨西哥","pkg":"com.spaceship.screen.textcopy"},"orders":["com.recognize_text.translate.screen","com.spaceship.screen.textcopy","com.tap_to_translate.snap_translate","com.newmg.yurao.pro","com.gaminik.i18n","com.niven.translator","com.niven.game","com.microsoft.translator","com.google.android.apps.translate","com.zaz.translate","com.niven.apptranslate","com.screen.translate.google","com.eecorp.taptranslator","com.deepl.mobiletranslator","com.voice_camera_free_translate","at.nk.tools.iTranslate","com.immersivetranslate.browser","com.mg.chat","com.google.ar.lens","com.android.chrome"]}]