[{"rank":{"index":2,"lang":"en-us","country":"us","chineseCountryName":"美国","pkg":"com.spaceship.screen.textcopy"},"orders":["com.recognize_text.translate.screen","com.spaceship.screen.textcopy","com.niven.translator","com.microsoft.translator","com.tap_to_translate.snap_translate","com.google.android.apps.translate","com.gaminik.i18n","com.niven.game","at.nk.tools.iTranslate","com.niven.comic","com.naver.labs.translator","com.zaz.translate","com.newmg.yurao.pro","com.translate.talkingtranslator","com.sayhi.android.sayhitranslate","com.tangdi.baiguotong","com.deepl.mobiletranslator","com.screen.translate.google","jp.go.nict.voicetra","com.translate.language.translator.voice.translation"]},{"rank":{"index":3,"lang":"ru","country":"ru","chineseCountryName":"俄罗斯","pkg":"com.spaceship.screen.textcopy"},"orders":["com.recognize_text.translate.screen","com.niven.translator","com.spaceship.screen.textcopy","com.tap_to_translate.snap_translate","com.microsoft.translator","com.niven.game","com.google.android.apps.translate","com.gaminik.i18n","at.nk.tools.iTranslate","ru.yandex.translate","com.deepl.mobiletranslator","com.niven.comic","com.promt.pmtappfree","com.zaz.translate","com.tangdi.baiguotong","com.translate.talkingtranslator","com.newmg.yurao.pro","com.screen.translate.google","com.translate.language.translator.voice.translation","com.naver.labs.translator"]},{"rank":{"index":3,"lang":"pt-br","country":"br","chineseCountryName":"巴西","pkg":"com.spaceship.screen.textcopy"},"orders":["com.recognize_text.translate.screen","com.tap_to_translate.snap_translate","com.spaceship.screen.textcopy","com.gaminik.i18n","com.niven.translator","com.niven.game","com.microsoft.translator","com.niven.comic","at.nk.tools.iTranslate","com.google.android.apps.translate","com.newmg.yurao.pro","com.tangdi.baiguotong","com.screen.translate.google","com.zaz.translate","com.youdao.hindict","com.deepl.mobiletranslator","com.google.ar.lens","com.facebook.orca","com.wooask.zx","com.google.android.apps.photos"]},{"rank":{"index":5,"lang":"fr","country":"fr","chineseCountryName":"法国","pkg":"com.spaceship.screen.textcopy"},"orders":["com.recognize_text.translate.screen","com.tap_to_translate.snap_translate","com.niven.translator","com.microsoft.translator","com.spaceship.screen.textcopy","com.niven.game","com.google.android.apps.translate","com.gaminik.i18n","at.nk.tools.iTranslate","com.niven.comic","com.tangdi.baiguotong","com.zaz.translate","com.deepl.mobiletranslator","com.newmg.yurao.pro","com.screen.translator.text.recognize","com.screen.translate.google","com.image.camera.translate.ai","com.galaxy.airviewdictionary","com.translate.talkingtranslator","com.aldoo.pdftranslatorpro"]},{"rank":{"index":2,"lang":"en-gb","country":"gb","chineseCountryName":"英国","pkg":"com.spaceship.screen.textcopy"},"orders":["com.recognize_text.translate.screen","com.spaceship.screen.textcopy","com.tap_to_translate.snap_translate","com.gaminik.i18n","com.google.android.apps.translate","com.microsoft.translator","com.niven.translator","com.niven.game","at.nk.tools.iTranslate","com.niven.comic","com.zaz.translate","com.deepl.mobiletranslator","com.tangdi.baiguotong","com.newmg.yurao.pro","com.translate.talkingtranslator","com.sayhi.android.sayhitranslate","com.screen.translate.google","com.language.translate.free.translator.voice.translation","com.softissimo.reverso.context","com.google.ar.lens"]},{"rank":{"index":2,"lang":"de","country":"de","chineseCountryName":"德国","pkg":"com.spaceship.screen.textcopy"},"orders":["com.recognize_text.translate.screen","com.spaceship.screen.textcopy","com.tap_to_translate.snap_translate","com.microsoft.translator","com.niven.translator","com.gaminik.i18n","com.niven.game","at.nk.tools.iTranslate","com.deepl.mobiletranslator","com.niven.comic","com.google.android.apps.translate","com.translate.talkingtranslator","com.tangdi.baiguotong","com.newmg.yurao.pro","com.screen.translate.google","com.zaz.translate","com.screen.translator.text.recognize","com.image.camera.translate.ai","com.promt.pmtappfree","com.softissimo.reverso.context"]},{"rank":{"index":2,"lang":"it","country":"it","chineseCountryName":"意大利","pkg":"com.spaceship.screen.textcopy"},"orders":["com.recognize_text.translate.screen","com.spaceship.screen.textcopy","com.niven.translator","com.niven.game","com.gaminik.i18n","com.microsoft.translator","com.tap_to_translate.snap_translate","at.nk.tools.iTranslate","com.niven.comic","com.google.android.apps.translate","com.newmg.yurao.pro","com.tangdi.baiguotong","com.zaz.translate","com.deepl.mobiletranslator","com.screen.translate.google","com.aldoo.pdftranslatorpro","com.dftpdf.translate","com.translate.talkingtranslator","com.softissimo.reverso.context","com.image.camera.translate.ai"]},{"rank":{"index":5,"lang":"ja","country":"jp","chineseCountryName":"日本","pkg":"com.spaceship.screen.textcopy"},"orders":["com.recognize_text.translate.screen","com.gaminik.i18n","com.niven.translator","com.niven.game","com.spaceship.screen.textcopy","com.tap_to_translate.snap_translate","com.microsoft.translator","com.niven.comic","com.naver.labs.translator","com.google.android.apps.translate","com.deepl.mobiletranslator","com.screen.translate.google","at.nk.tools.iTranslate","com.tangdi.baiguotong","com.newmg.yurao.pro","com.google.ar.lens","com.translate.talkingtranslator","com.zaz.translate","com.facebook.orca","com.discord"]},{"rank":{"index":2,"lang":"ko","country":"kr","chineseCountryName":"韩国","pkg":"com.spaceship.screen.textcopy"},"orders":["com.recognize_text.translate.screen","com.spaceship.screen.textcopy","com.tap_to_translate.snap_translate","com.microsoft.translator","com.google.android.apps.translate","com.niven.translator","com.niven.game","com.gaminik.i18n","com.naver.labs.translator","at.nk.tools.iTranslate","com.niven.comic","com.deepl.mobiletranslator","com.zaz.translate","com.translate.talkingtranslator","com.newmg.yurao.pro","com.screen.translate.google","com.b1b.translator.voicetranslate.alllanguages.translator.app","jp.go.nict.voicetra","com.image.camera.translate.ai","com.google.ar.lens"]},{"rank":{"index":2,"lang":"zh-hk","country":"hk","chineseCountryName":"香港","pkg":"com.spaceship.screen.textcopy"},"orders":["com.recognize_text.translate.screen","com.spaceship.screen.textcopy","com.microsoft.translator","com.google.android.apps.translate","com.niven.translator","com.gaminik.i18n","com.niven.game","com.tap_to_translate.snap_translate","at.nk.tools.iTranslate","com.niven.comic","com.tangdi.baiguotong","com.zaz.translate","com.naver.labs.translator","com.translate.language.translator.voice.translation","com.deepl.mobiletranslator","com.newmg.yurao.pro","jp.go.nict.voicetra","com.translate.talkingtranslator","com.screen.translate.google","com.image.camera.translate.ai"]},{"rank":{"index":2,"lang":"zh-tw","country":"tw","chineseCountryName":"台湾","pkg":"com.spaceship.screen.textcopy"},"orders":["com.recognize_text.translate.screen","com.spaceship.screen.textcopy","com.tap_to_translate.snap_translate","com.microsoft.translator","com.google.android.apps.translate","com.niven.translator","com.gaminik.i18n","com.niven.game","at.nk.tools.iTranslate","com.niven.comic","com.tangdi.baiguotong","com.naver.labs.translator","com.zaz.translate","com.deepl.mobiletranslator","com.translate.language.translator.voice.translation","com.translate.talkingtranslator","com.newmg.yurao.pro","com.youdao.hindict","jp.go.nict.voicetra","com.image.camera.translate.ai"]},{"rank":{"index":5,"lang":"en","country":"in","chineseCountryName":"印度","pkg":"com.spaceship.screen.textcopy"},"orders":["com.recognize_text.translate.screen","com.google.android.apps.translate","com.tap_to_translate.snap_translate","com.microsoft.translator","com.spaceship.screen.textcopy","com.niven.translator","com.newmg.yurao.pro","at.nk.tools.iTranslate","com.niven.game","com.zaz.translate"]},{"rank":{"index":3,"lang":"id","country":"id","chineseCountryName":"印尼","pkg":"com.spaceship.screen.textcopy"},"orders":["com.recognize_text.translate.screen","com.niven.translator","com.spaceship.screen.textcopy","com.tap_to_translate.snap_translate","com.gaminik.i18n","com.niven.game","com.microsoft.translator","com.niven.comic","com.youdao.hindict","com.newmg.yurao.pro","com.google.android.apps.translate","at.nk.tools.iTranslate"]},{"rank":{"index":2,"lang":"es-mx","country":"mx","chineseCountryName":"墨西哥","pkg":"com.spaceship.screen.textcopy"},"orders":["com.recognize_text.translate.screen","com.spaceship.screen.textcopy","com.niven.translator","com.niven.game","com.gaminik.i18n","com.tap_to_translate.snap_translate","com.microsoft.translator","at.nk.tools.iTranslate","com.niven.comic","com.google.android.apps.translate","com.tangdi.baiguotong","com.newmg.yurao.pro","com.youdao.hindict","com.deepl.mobiletranslator","com.screen.translate.google","com.wooask.zx","com.zaz.translate","com.translate.talkingtranslator","com.language.translate.free.translator.voice.translation","com.google.ar.lens"]}]