[{"rank":{"index":2,"lang":"en-us","country":"us","chineseCountryName":"美国","pkg":"com.spaceship.screen.textcopy"},"orders":["com.recognize_text.translate.screen","com.spaceship.screen.textcopy","com.screen.translate.google","com.niven.translator","com.galaxy.airviewdictionary","com.tap_to_translate.snap_translate","com.gaminik.i18n","com.newmg.yurao.pro","com.newtranslate.google","com.google.android.apps.translate","com.niven.apptranslate","com.deepl.mobiletranslator","com.microsoft.translator","com.zaz.translate","com.fapp.translate.language.translator.fasttranslation","screen.translator.voice.translate","com.google.ar.lens","com.immersivetranslate.browser","com.naver.labs.translator","com.datacomprojects.scanandtranslate"]},{"rank":{"index":4,"lang":"ru","country":"ru","chineseCountryName":"俄罗斯","pkg":"com.spaceship.screen.textcopy"},"orders":["com.recognize_text.translate.screen","com.tap_to_translate.snap_translate","com.niven.translator","com.spaceship.screen.textcopy","com.screen.translate.google","com.gaminik.i18n","com.niven.apptranslate","com.newtranslate.google","ru.yandex.translate","com.newmg.yurao.pro","com.galaxy.airviewdictionary","com.screen.translator.text.recognize","com.immersivetranslate.browser","com.flabs.screen.translate","com.mg.chat"]},{"rank":{"index":2,"lang":"pt-br","country":"br","chineseCountryName":"巴西","pkg":"com.spaceship.screen.textcopy"},"orders":["com.recognize_text.translate.screen","com.spaceship.screen.textcopy","com.niven.translator","com.gaminik.i18n","com.screen.translate.google","com.tap_to_translate.snap_translate","com.newmg.yurao.pro","com.galaxy.airviewdictionary","com.newtranslate.google","com.niven.apptranslate","com.google.android.apps.translate","com.deepl.mobiletranslator","com.openai.chatgpt","com.android.chrome","com.canva.editor","com.google.ar.lens","com.google.android.apps.tachyon","com.duolingo","com.google.android.apps.photos","com.niven.game"]},{"rank":{"index":2,"lang":"fr","country":"fr","chineseCountryName":"法国","pkg":"com.spaceship.screen.textcopy"},"orders":["com.recognize_text.translate.screen","com.spaceship.screen.textcopy","com.screen.translate.google","com.gaminik.i18n","com.niven.translator","com.tap_to_translate.snap_translate","com.newtranslate.google","com.galaxy.airviewdictionary","com.newmg.yurao.pro","com.niven.apptranslate","com.google.android.apps.translate","com.deepl.mobiletranslator","com.microsoft.translator","com.google.ar.lens","com.naver.labs.translator","com.zaz.translate","ru.yandex.translate","com.immersivetranslate.browser","screen.translator.voice.translate","com.fapp.translate.language.translator.fasttranslation"]},{"rank":{"index":2,"lang":"en-gb","country":"gb","chineseCountryName":"英国","pkg":"com.spaceship.screen.textcopy"},"orders":["com.recognize_text.translate.screen","com.spaceship.screen.textcopy","com.screen.translate.google","com.niven.translator","com.galaxy.airviewdictionary","com.tap_to_translate.snap_translate","com.newmg.yurao.pro","com.gaminik.i18n","com.newtranslate.google","com.google.android.apps.translate","com.microsoft.translator","com.deepl.mobiletranslator","com.fapp.translate.language.translator.fasttranslation","screen.translator.voice.translate","com.niven.apptranslate","com.zaz.translate","com.google.ar.lens","com.naver.labs.translator","com.immersivetranslate.browser","ru.yandex.translate"]},{"rank":{"index":4,"lang":"de","country":"de","chineseCountryName":"德国","pkg":"com.spaceship.screen.textcopy"},"orders":["com.recognize_text.translate.screen","com.gaminik.i18n","com.screen.translate.google","com.spaceship.screen.textcopy","com.niven.translator","com.newtranslate.google","com.newmg.yurao.pro","com.galaxy.airviewdictionary","com.tap_to_translate.snap_translate","com.google.android.apps.translate","com.niven.apptranslate","com.deepl.mobiletranslator","com.microsoft.translator","com.zaz.translate","com.immersivetranslate.browser","com.fapp.translate.language.translator.fasttranslation","com.google.ar.lens","ru.yandex.translate","com.naver.labs.translator","com.datacomprojects.scanandtranslate"]},{"rank":{"index":3,"lang":"it","country":"it","chineseCountryName":"意大利","pkg":"com.spaceship.screen.textcopy"},"orders":["com.recognize_text.translate.screen","com.gaminik.i18n","com.spaceship.screen.textcopy","com.screen.translate.google","com.tap_to_translate.snap_translate","com.niven.translator","com.newmg.yurao.pro","com.galaxy.airviewdictionary","com.newtranslate.google","com.google.android.apps.translate","com.niven.apptranslate","com.deepl.mobiletranslator","com.microsoft.translator","com.google.ar.lens","com.zaz.translate","com.fapp.translate.language.translator.fasttranslation","com.immersivetranslate.browser","com.datacomprojects.scanandtranslate","ru.yandex.translate","com.naver.labs.translator"]},{"rank":{"index":3,"lang":"ja","country":"jp","chineseCountryName":"日本","pkg":"com.spaceship.screen.textcopy"},"orders":["com.recognize_text.translate.screen","com.tap_to_translate.snap_translate","com.spaceship.screen.textcopy","com.gaminik.i18n","com.screen.translate.google","com.niven.translator","com.newmg.yurao.pro","com.niven.apptranslate","com.immersivetranslate.browser","com.google.android.apps.translate","com.galaxy.airviewdictionary","com.deepl.mobiletranslator","com.microsoft.translator","com.datacomprojects.scanandtranslate","com.niven.game"]},{"rank":{"index":2,"lang":"ko","country":"kr","chineseCountryName":"韩国","pkg":"com.spaceship.screen.textcopy"},"orders":["com.recognize_text.translate.screen","com.spaceship.screen.textcopy","com.screen.translate.google","com.gaminik.i18n","com.tap_to_translate.snap_translate","com.niven.translator","com.newmg.yurao.pro","com.galaxy.airviewdictionary","com.newtranslate.google","com.niven.apptranslate","com.naver.labs.translator","com.google.android.apps.translate","com.deepl.mobiletranslator","com.immersivetranslate.browser","com.microsoft.translator","com.fapp.translate.language.translator.fasttranslation","com.google.ar.lens","com.zaz.translate","com.google.android.tts","ru.yandex.translate"]},{"rank":{"index":2,"lang":"zh-hk","country":"hk","chineseCountryName":"香港","pkg":"com.spaceship.screen.textcopy"},"orders":["com.recognize_text.translate.screen","com.spaceship.screen.textcopy","com.screen.translate.google","com.tap_to_translate.snap_translate","com.niven.translator","com.newmg.yurao.pro","com.gaminik.i18n","com.newtranslate.google","com.galaxy.airviewdictionary","com.google.android.apps.translate","com.niven.apptranslate","com.microsoft.translator","com.naver.labs.translator","com.deepl.mobiletranslator","com.immersivetranslate.browser","com.google.ar.lens","com.zaz.translate","com.fapp.translate.language.translator.fasttranslation","ru.yandex.translate","com.google.android.tts"]},{"rank":{"index":2,"lang":"zh-tw","country":"tw","chineseCountryName":"台湾","pkg":"com.spaceship.screen.textcopy"},"orders":["com.recognize_text.translate.screen","com.spaceship.screen.textcopy","com.screen.translate.google","com.niven.translator","com.gaminik.i18n","com.newmg.yurao.pro","com.tap_to_translate.snap_translate","com.galaxy.airviewdictionary","com.niven.apptranslate","com.google.android.apps.translate","com.android.chrome","com.microsoft.translator","com.immersivetranslate.browser","com.deepl.mobiletranslator","com.naver.labs.translator","com.google.ar.lens","com.zaz.translate","com.fapp.translate.language.translator.fasttranslation","com.google.android.tts","com.newtranslate.google"]},{"rank":{"index":0,"lang":"en","country":"in","chineseCountryName":"印度","pkg":"com.spaceship.screen.textcopy"},"orders":["com.recognize_text.translate.screen","com.newmg.yurao.pro","com.tap_to_translate.snap_translate","com.google.android.apps.translate","com.zaz.translate","com.microsoft.translator","com.datacomprojects.scanandtranslate","com.naver.labs.translator","ru.yandex.translate","com.google.ar.lens","com.translate.talkingtranslator","com.softissimo.reverso.context","com.kursx.smartbook","com.google.android.marvin.talkback","com.immersivetranslate.browser","com.google.android.tts","videoeditor.videorecorder.screenrecorder","com.google.android.inputmethod.latin","link.zhidou.btranslator","com.google.audio.hearing.visualization.accessibility.scribe"]},{"rank":{"index":3,"lang":"id","country":"id","chineseCountryName":"印尼","pkg":"com.spaceship.screen.textcopy"},"orders":["com.recognize_text.translate.screen","com.gaminik.i18n","com.spaceship.screen.textcopy","com.niven.translator","com.screen.translate.google","com.tap_to_translate.snap_translate","com.newmg.yurao.pro","com.newtranslate.google","com.galaxy.airviewdictionary","com.niven.apptranslate","com.google.android.apps.translate","com.deepl.mobiletranslator","com.naver.labs.translator","com.zaz.translate"]},{"rank":{"index":2,"lang":"es-mx","country":"mx","chineseCountryName":"墨西哥","pkg":"com.spaceship.screen.textcopy"},"orders":["com.recognize_text.translate.screen","com.spaceship.screen.textcopy","com.tap_to_translate.snap_translate","com.gaminik.i18n","com.newmg.yurao.pro","com.google.android.apps.translate","com.microsoft.translator","com.zaz.translate","com.datacomprojects.scanandtranslate","com.naver.labs.translator","ru.yandex.translate","com.google.ar.lens","com.translate.talkingtranslator","com.softissimo.reverso.context","com.android.chrome","com.kursx.smartbook","com.google.android.tts","link.zhidou.btranslator","com.immersivetranslate.browser","co.langlang.translator_for_wsp"]}]