[{"rank":{"index":9,"lang":"en-us","country":"us","chineseCountryName":"美国","pkg":"com.spaceship.screen.textcopy"},"orders":["com.recognize_text.translate.screen","com.google.android.apps.translate","com.microsoft.translator","com.screen.translate.google","com.niven.translator","com.gaminik.i18n","com.niven.game","com.tap_to_translate.snap_translate","com.spaceship.screen.textcopy","at.nk.tools.iTranslate","com.translate.talkingtranslator","com.niven.comic","com.naver.labs.translator","com.sayhi.android.sayhitranslate","com.b1b.translator.voicetranslate.alllanguages.translator.app","com.deepl.mobiletranslator","com.newmg.yurao.pro","com.google.ar.lens","com.datacomprojects.scanandtranslate","com.mobisystems.msdict.embedded.wireless.collins.ee"]},{"rank":{"index":7,"lang":"ru","country":"ru","chineseCountryName":"俄罗斯","pkg":"com.spaceship.screen.textcopy"},"orders":["com.recognize_text.translate.screen","com.niven.translator","com.tap_to_translate.snap_translate","com.niven.game","com.gaminik.i18n","com.screen.translate.google","com.spaceship.screen.textcopy","ru.yandex.translate","com.niven.comic","com.microsoft.translator","com.newmg.yurao.pro","com.deepl.mobiletranslator","com.google.android.apps.translate","at.nk.tools.iTranslate","com.android.chrome","com.tangdi.baiguotong","com.niven.apptranslate","com.discord","com.facebook.orca","com.naver.labs.translator"]},{"rank":{"index":3,"lang":"pt-br","country":"br","chineseCountryName":"巴西","pkg":"com.spaceship.screen.textcopy"},"orders":["com.recognize_text.translate.screen","com.tap_to_translate.snap_translate","com.spaceship.screen.textcopy","com.niven.game","com.gaminik.i18n","com.microsoft.translator","at.nk.tools.iTranslate","com.google.android.apps.translate","com.screen.translate.google","com.niven.comic","com.deepl.mobiletranslator","com.newmg.yurao.pro","com.naver.labs.translator","ru.yandex.translate","com.galaxy.airviewdictionary","com.sayhi.android.sayhitranslate","com.translate.talkingtranslator","com.youdao.hindict","screen.translator.voice.translate","com.softissimo.reverso.context"]},{"rank":{"index":8,"lang":"fr","country":"fr","chineseCountryName":"法国","pkg":"com.spaceship.screen.textcopy"},"orders":["com.recognize_text.translate.screen","com.tap_to_translate.snap_translate","com.niven.game","com.gaminik.i18n","com.niven.translator","com.microsoft.translator","com.screen.translate.google","com.spaceship.screen.textcopy","com.niven.comic","com.google.android.apps.translate","com.newmg.yurao.pro","at.nk.tools.iTranslate","com.deepl.mobiletranslator","com.b1b.translator.voicetranslate.alllanguages.translator.app","camtranslator.voice.text.image.translate","com.tangdi.baiguotong","com.datacomprojects.scanandtranslate","com.softissimo.reverso.context","com.image.camera.translate.ai","com.translate.talkingtranslator"]},{"rank":{"index":9,"lang":"en-gb","country":"gb","chineseCountryName":"英国","pkg":"com.spaceship.screen.textcopy"},"orders":["com.recognize_text.translate.screen","com.gaminik.i18n","com.screen.translate.google","com.google.android.apps.translate","com.niven.translator","com.microsoft.translator","com.niven.game","com.tap_to_translate.snap_translate","com.spaceship.screen.textcopy","at.nk.tools.iTranslate","com.niven.comic","com.b1b.translator.voicetranslate.alllanguages.translator.app","com.newmg.yurao.pro","com.sayhi.android.sayhitranslate","com.translate.talkingtranslator","com.deepl.mobiletranslator","com.datacomprojects.scanandtranslate","co.timekettle.livetranslator","com.google.ar.lens","camtranslator.voice.text.image.translate"]},{"rank":{"index":10,"lang":"de","country":"de","chineseCountryName":"德国","pkg":"com.spaceship.screen.textcopy"},"orders":["com.recognize_text.translate.screen","com.tap_to_translate.snap_translate","com.microsoft.translator","com.screen.translate.google","com.niven.game","com.gaminik.i18n","com.niven.translator","com.google.android.apps.translate","com.niven.comic","com.spaceship.screen.textcopy","com.deepl.mobiletranslator","at.nk.tools.iTranslate","com.translate.talkingtranslator","com.datacomprojects.scanandtranslate","com.newmg.yurao.pro","camtranslator.voice.text.image.translate","com.image.camera.translate.ai","com.sayhi.android.sayhitranslate","com.softissimo.reverso.context","com.google.ar.lens"]},{"rank":{"index":4,"lang":"it","country":"it","chineseCountryName":"意大利","pkg":"com.spaceship.screen.textcopy"},"orders":["com.recognize_text.translate.screen","com.niven.game","com.gaminik.i18n","com.spaceship.screen.textcopy","com.microsoft.translator","com.niven.translator","com.google.android.apps.translate","com.screen.translate.google","com.tap_to_translate.snap_translate","com.niven.comic","com.datacomprojects.scanandtranslate","at.nk.tools.iTranslate","com.image.camera.translate.ai","com.deepl.mobiletranslator","com.newmg.yurao.pro","com.b1b.translator.voicetranslate.alllanguages.translator.app","camtranslator.voice.text.image.translate","com.translate.talkingtranslator","com.softissimo.reverso.context","com.tangdi.baiguotong"]},{"rank":{"index":9,"lang":"ja","country":"jp","chineseCountryName":"日本","pkg":"com.spaceship.screen.textcopy"},"orders":["com.recognize_text.translate.screen","com.niven.game","com.gaminik.i18n","com.niven.translator","com.microsoft.translator","com.screen.translate.google","com.tap_to_translate.snap_translate","com.naver.labs.translator","com.spaceship.screen.textcopy","com.google.android.apps.translate"]},{"rank":{"index":8,"lang":"ko","country":"kr","chineseCountryName":"韩国","pkg":"com.spaceship.screen.textcopy"},"orders":["com.recognize_text.translate.screen","com.tap_to_translate.snap_translate","com.gaminik.i18n","com.niven.translator","com.niven.game","com.screen.translate.google","com.naver.labs.translator","com.spaceship.screen.textcopy","com.niven.comic","com.microsoft.translator","com.google.android.apps.translate","com.newmg.yurao.pro","at.nk.tools.iTranslate","com.deepl.mobiletranslator","com.translate.talkingtranslator","com.facebook.orca","com.google.ar.lens","com.discord","com.android.chrome","com.datacomprojects.scanandtranslate"]},{"rank":{"index":12,"lang":"zh-hk","country":"hk","chineseCountryName":"香港","pkg":"com.spaceship.screen.textcopy"},"orders":["com.recognize_text.translate.screen","com.gaminik.i18n","com.niven.game","com.microsoft.translator","com.screen.translate.google","com.tap_to_translate.snap_translate","com.niven.translator","com.google.android.apps.translate","com.naver.labs.translator","com.niven.comic","at.nk.tools.iTranslate","com.spaceship.screen.textcopy","com.newmg.yurao.pro","com.tangdi.baiguotong","com.image.camera.translate.ai","com.translate.talkingtranslator","com.datacomprojects.scanandtranslate","com.deepl.mobiletranslator","com.google.ar.lens","com.b1b.translator.voicetranslate.alllanguages.translator.app"]},{"rank":{"index":8,"lang":"zh-tw","country":"tw","chineseCountryName":"台湾","pkg":"com.spaceship.screen.textcopy"},"orders":["com.recognize_text.translate.screen","com.tap_to_translate.snap_translate","com.gaminik.i18n","com.screen.translate.google","com.niven.translator","com.niven.game","com.microsoft.translator","com.spaceship.screen.textcopy","com.google.android.apps.translate","com.niven.comic","at.nk.tools.iTranslate","com.naver.labs.translator","com.newmg.yurao.pro","com.translate.talkingtranslator","com.datacomprojects.scanandtranslate","com.tangdi.baiguotong","com.deepl.mobiletranslator","com.image.camera.translate.ai","com.b1b.translator.voicetranslate.alllanguages.translator.app","com.youdao.hindict"]},{"rank":{"index":8,"lang":"en","country":"in","chineseCountryName":"印度","pkg":"com.spaceship.screen.textcopy"},"orders":["com.recognize_text.translate.screen","com.google.android.apps.translate","com.tap_to_translate.snap_translate","com.screen.translate.google","com.niven.translator","com.niven.game","com.gaminik.i18n","com.spaceship.screen.textcopy","at.nk.tools.iTranslate","com.zaz.translate","com.sayhi.android.sayhitranslate","com.newmg.yurao.pro","com.google.ar.lens","com.deepl.mobiletranslator","com.naver.labs.translator","com.translate.talkingtranslator","com.softissimo.reverso.context","com.microsoft.translator"]},{"rank":{"index":6,"lang":"id","country":"id","chineseCountryName":"印尼","pkg":"com.spaceship.screen.textcopy"},"orders":["com.recognize_text.translate.screen","com.tap_to_translate.snap_translate","com.niven.translator","com.niven.game","com.gaminik.i18n","com.spaceship.screen.textcopy","com.screen.translate.google","com.niven.comic","com.youdao.hindict","com.newmg.yurao.pro","com.google.android.apps.translate","com.naver.labs.translator","com.microsoft.translator","at.nk.tools.iTranslate","com.deepl.mobiletranslator"]},{"rank":{"index":4,"lang":"es-mx","country":"mx","chineseCountryName":"墨西哥","pkg":"com.spaceship.screen.textcopy"},"orders":["com.recognize_text.translate.screen","com.tap_to_translate.snap_translate","com.niven.game","com.spaceship.screen.textcopy","at.nk.tools.iTranslate","com.google.android.apps.translate","com.gaminik.i18n","com.screen.translate.google","com.niven.comic","com.deepl.mobiletranslator","com.youdao.hindict","com.naver.labs.translator","com.newmg.yurao.pro","com.translate.talkingtranslator","ru.yandex.translate","com.sayhi.android.sayhitranslate","com.softissimo.reverso.context","com.google.ar.lens","com.niven.translator","com.microsoft.translator"]}]