[{"rank":{"index":1,"lang":"en-us","country":"us","chineseCountryName":"美国","pkg":"com.spaceship.screen.textcopy"},"orders":["com.spaceship.screen.textcopy","com.recognize_text.translate.screen","com.microsoft.translator","com.newmg.yurao.pro","com.niven.translator","com.gaminik.i18n","com.google.android.apps.translate","com.niven.game","com.screen.translator.text.recognize","at.nk.tools.iTranslate","com.sayhi.android.sayhitranslate","com.eecorp.taptranslator","com.naver.labs.translator","com.niven.comic","com.easytranslate.easytranslate","com.screen.translate.google","com.zaz.translate","com.tranit.text.translate","com.audacityittranslator.translatetexttranslator","com.translate.talkingtranslator"]},{"rank":{"index":2,"lang":"ru","country":"ru","chineseCountryName":"俄罗斯","pkg":"com.spaceship.screen.textcopy"},"orders":["com.recognize_text.translate.screen","com.spaceship.screen.textcopy","com.niven.translator","com.microsoft.translator","com.niven.game","com.gaminik.i18n","ru.yandex.translate","com.screen.translator.text.recognize","com.google.android.apps.translate","at.nk.tools.iTranslate","com.naver.labs.translator","com.tap_to_translate.snap_translate","com.deepl.mobiletranslator","com.niven.comic","com.newmg.yurao.pro","com.zaz.translate","com.screen.translate.google","com.sayhi.android.sayhitranslate","com.datacomprojects.scanandtranslate","com.kursx.smartbook"]},{"rank":{"index":2,"lang":"pt-br","country":"br","chineseCountryName":"巴西","pkg":"com.spaceship.screen.textcopy"},"orders":["com.recognize_text.translate.screen","com.spaceship.screen.textcopy","com.niven.game","com.gaminik.i18n","com.niven.translator","com.screen.translator.text.recognize","com.galaxy.airviewdictionary","com.tap_to_translate.snap_translate","com.niven.comic","com.eecorp.taptranslator","com.newmg.yurao.pro","com.microsoft.translator","com.screen.translate.google","at.nk.tools.iTranslate","com.niven.apptranslate","com.google.android.apps.translate","com.eecorp.linguago","screen.translator.voice.translate","com.google.android.apps.photos","com.android.chrome"]},{"rank":{"index":2,"lang":"fr","country":"fr","chineseCountryName":"法国","pkg":"com.spaceship.screen.textcopy"},"orders":["com.recognize_text.translate.screen","com.spaceship.screen.textcopy","com.niven.translator","com.niven.game","com.gaminik.i18n","com.screen.translator.text.recognize","com.microsoft.translator","com.niven.comic","com.newmg.yurao.pro","com.google.android.apps.translate","com.eecorp.taptranslator","com.screen.translate.google","at.nk.tools.iTranslate","com.galaxy.airviewdictionary","com.sayhi.android.sayhitranslate","com.tranit.text.translate","com.zaz.translate","com.audacityittranslator.translatetexttranslator","com.skype.raider","com.discord"]},{"rank":{"index":2,"lang":"en-gb","country":"gb","chineseCountryName":"英国","pkg":"com.spaceship.screen.textcopy"},"orders":["com.recognize_text.translate.screen","com.spaceship.screen.textcopy","com.microsoft.translator","com.google.android.apps.translate","com.gaminik.i18n","com.niven.translator","com.niven.game","com.screen.translator.text.recognize","at.nk.tools.iTranslate","com.zaz.translate","com.sayhi.android.sayhitranslate","com.niven.comic","com.newmg.yurao.pro","com.easytranslate.easytranslate","com.naver.labs.translator","com.tranit.text.translate","com.deepl.mobiletranslator","com.galaxy.airviewdictionary","com.screen.translate.google","com.eecorp.taptranslator"]},{"rank":{"index":1,"lang":"de","country":"de","chineseCountryName":"德国","pkg":"com.spaceship.screen.textcopy"},"orders":["com.spaceship.screen.textcopy","com.recognize_text.translate.screen","com.niven.translator","com.gaminik.i18n","com.niven.game","com.screen.translator.text.recognize","com.microsoft.translator","com.newmg.yurao.pro","com.niven.comic","com.eecorp.taptranslator","com.google.android.apps.translate","com.galaxy.airviewdictionary","com.screen.translate.google","at.nk.tools.iTranslate","com.sayhi.android.sayhitranslate","com.deepl.mobiletranslator","com.translate.talkingtranslator","com.image.camera.translate.ai","com.audacityittranslator.translatetexttranslator","com.naver.labs.translator"]},{"rank":{"index":1,"lang":"it","country":"it","chineseCountryName":"意大利","pkg":"com.spaceship.screen.textcopy"},"orders":["com.spaceship.screen.textcopy","com.recognize_text.translate.screen","com.niven.translator","com.gaminik.i18n","com.niven.game","com.screen.translator.text.recognize","com.niven.comic","com.newmg.yurao.pro","com.microsoft.translator","com.screen.translate.google","com.google.android.apps.translate","screen.translator.voice.translate","com.eecorp.taptranslator","at.nk.tools.iTranslate","com.deepl.mobiletranslator","com.galaxy.airviewdictionary","com.google.android.apps.photos","com.discord","com.microsoft.office.outlook","com.openai.chatgpt"]},{"rank":{"index":1,"lang":"ja","country":"jp","chineseCountryName":"日本","pkg":"com.spaceship.screen.textcopy"},"orders":["com.spaceship.screen.textcopy","com.gaminik.i18n","com.niven.translator","com.screen.translator.text.recognize","com.recognize_text.translate.screen","com.niven.game","com.microsoft.translator","com.newmg.yurao.pro","com.deepl.mobiletranslator","com.google.android.apps.translate","com.naver.labs.translator","com.galaxy.airviewdictionary","com.niven.comic","com.screen.translate.google","com.discord","com.android.chrome","com.eecorp.taptranslator","com.translate.talkingtranslator","com.google.ar.lens","com.google.android.apps.maps"]},{"rank":{"index":1,"lang":"ko","country":"kr","chineseCountryName":"韩国","pkg":"com.spaceship.screen.textcopy"},"orders":["com.spaceship.screen.textcopy","com.recognize_text.translate.screen","com.microsoft.translator","com.naver.labs.translator","com.gaminik.i18n","com.niven.game","com.google.android.apps.translate","com.niven.translator","com.screen.translator.text.recognize","at.nk.tools.iTranslate","com.niven.comic","com.newmg.yurao.pro","com.zaz.translate","com.easytranslate.easytranslate","com.deepl.mobiletranslator","com.screen.translate.google","com.sayhi.android.sayhitranslate","com.youdao.hindict","com.translate.talkingtranslator","com.galaxy.airviewdictionary"]},{"rank":{"index":1,"lang":"zh-hk","country":"hk","chineseCountryName":"香港","pkg":"com.spaceship.screen.textcopy"},"orders":["com.spaceship.screen.textcopy","com.recognize_text.translate.screen","com.microsoft.translator","com.google.android.apps.translate","com.gaminik.i18n","com.niven.game","com.niven.translator","com.screen.translator.text.recognize","at.nk.tools.iTranslate","com.naver.labs.translator","com.niven.comic","com.sayhi.android.sayhitranslate","com.zaz.translate","com.newmg.yurao.pro","com.tangdi.baiguotong","com.easytranslate.easytranslate","com.deepl.mobiletranslator","com.galaxy.airviewdictionary","com.datacomprojects.scanandtranslate","com.screen.translate.google"]},{"rank":{"index":1,"lang":"zh-tw","country":"tw","chineseCountryName":"台湾","pkg":"com.spaceship.screen.textcopy"},"orders":["com.spaceship.screen.textcopy","com.recognize_text.translate.screen","com.microsoft.translator","com.gaminik.i18n","com.niven.game","com.niven.translator","com.screen.translator.text.recognize","com.google.android.apps.translate","at.nk.tools.iTranslate","com.naver.labs.translator","com.niven.comic","com.tangdi.baiguotong","com.youdao.hindict","com.easytranslate.easytranslate","com.newmg.yurao.pro","com.sayhi.android.sayhitranslate","com.screen.translate.google","com.galaxy.airviewdictionary","com.translate.talkingtranslator","com.deepl.mobiletranslator"]},{"rank":{"index":2,"lang":"en","country":"in","chineseCountryName":"印度","pkg":"com.spaceship.screen.textcopy"},"orders":["com.recognize_text.translate.screen","com.spaceship.screen.textcopy","com.google.android.apps.translate","com.microsoft.translator","com.tap_to_translate.snap_translate","com.newmg.yurao.pro","com.niven.game"]},{"rank":{"index":1,"lang":"id","country":"id","chineseCountryName":"印尼","pkg":"com.spaceship.screen.textcopy"},"orders":["com.spaceship.screen.textcopy","com.recognize_text.translate.screen","com.niven.translator","com.gaminik.i18n","com.niven.game","com.screen.translator.text.recognize","com.youdao.hindict","com.tap_to_translate.snap_translate","com.niven.comic","at.nk.tools.iTranslate","com.google.android.apps.translate","com.microsoft.translator","com.newmg.yurao.pro"]},{"rank":{"index":1,"lang":"es-mx","country":"mx","chineseCountryName":"墨西哥","pkg":"com.spaceship.screen.textcopy"},"orders":["com.spaceship.screen.textcopy","com.recognize_text.translate.screen","com.niven.translator","com.niven.game","com.gaminik.i18n","com.screen.translator.text.recognize","com.niven.comic","at.nk.tools.iTranslate","com.microsoft.translator","com.newmg.yurao.pro","com.google.android.apps.translate","com.screen.translate.google","com.eecorp.taptranslator","com.youdao.hindict","com.tangdi.baiguotong","com.sayhi.android.sayhitranslate","com.flabs.screen.translate","com.google.android.apps.photos","com.zaz.translate","com.deepl.mobiletranslator"]}]