[{"rank":{"index":2,"lang":"en-us","country":"us","chineseCountryName":"美国","pkg":"com.spaceship.screen.textcopy"},"orders":["com.recognize_text.translate.screen","com.spaceship.screen.textcopy","com.gaminik.i18n","com.google.android.apps.translate","com.tap_to_translate.snap_translate","com.microsoft.translator","com.newmg.yurao.pro","com.niven.translator","com.deepl.mobiletranslator","com.immersivetranslate.browser","com.niven.game","com.zaz.translate","com.eecorp.linguago","com.naver.labs.translator","at.nk.tools.iTranslate","com.niven.apptranslate","com.screen.translate.google","com.eecorp.taptranslator","ru.yandex.translate","com.translate.talkingtranslator"]},{"rank":{"index":0,"lang":"ru","country":"ru","chineseCountryName":"俄罗斯","pkg":"com.spaceship.screen.textcopy"},"orders":["com.recognize_text.translate.screen","com.newmg.yurao.pro","com.tap_to_translate.snap_translate","com.google.android.apps.translate","com.niven.translator","com.microsoft.translator","com.gaminik.i18n","ru.yandex.translate","com.niven.game","com.immersivetranslate.browser","com.deepl.mobiletranslator","com.kursx.smartbook","com.niven.apptranslate","com.datacomprojects.scanandtranslate","com.google.ar.lens","com.eecorp.linguago","com.screen.translate.google","at.nk.tools.iTranslate","photo.translate.camera.translator","com.naver.labs.translator"]},{"rank":{"index":2,"lang":"pt-br","country":"br","chineseCountryName":"巴西","pkg":"com.spaceship.screen.textcopy"},"orders":["com.recognize_text.translate.screen","com.spaceship.screen.textcopy","com.gaminik.i18n","com.newmg.yurao.pro","com.niven.translator","com.microsoft.translator","com.tap_to_translate.snap_translate","com.google.android.apps.translate","com.niven.game","com.deepl.mobiletranslator","com.immersivetranslate.browser","com.eecorp.linguago","com.niven.apptranslate","com.eecorp.taptranslator","com.screen.translate.google","ru.yandex.translate","com.kursx.smartbook","at.nk.tools.iTranslate","com.zaz.translate","com.google.ar.lens"]},{"rank":{"index":2,"lang":"fr","country":"fr","chineseCountryName":"法国","pkg":"com.spaceship.screen.textcopy"},"orders":["com.recognize_text.translate.screen","com.spaceship.screen.textcopy","com.tap_to_translate.snap_translate","com.newmg.yurao.pro","com.gaminik.i18n","com.microsoft.translator","com.google.android.apps.translate","com.niven.translator","com.eecorp.linguago","com.immersivetranslate.browser","com.deepl.mobiletranslator","com.niven.apptranslate","com.niven.game","com.eecorp.taptranslator","com.screen.translate.google","com.voice_camera_free_translate","com.zaz.translate","ru.yandex.translate","com.kursx.smartbook","com.google.ar.lens"]},{"rank":{"index":3,"lang":"en-gb","country":"gb","chineseCountryName":"英国","pkg":"com.spaceship.screen.textcopy"},"orders":["com.recognize_text.translate.screen","com.google.android.apps.translate","com.spaceship.screen.textcopy","com.microsoft.translator","com.newmg.yurao.pro","com.gaminik.i18n","com.niven.translator","com.zaz.translate","com.deepl.mobiletranslator","com.tap_to_translate.snap_translate","com.immersivetranslate.browser","com.naver.labs.translator","ru.yandex.translate","com.niven.game","com.datacomprojects.scanandtranslate","at.nk.tools.iTranslate","com.language.translate.free.translator.voice.translation","com.eecorp.linguago","translate.all.language.translator.cameratranslator","com.kursx.smartbook"]},{"rank":{"index":2,"lang":"de","country":"de","chineseCountryName":"德国","pkg":"com.spaceship.screen.textcopy"},"orders":["com.recognize_text.translate.screen","com.spaceship.screen.textcopy","com.gaminik.i18n","com.newmg.yurao.pro","com.google.android.apps.translate","com.niven.translator","com.microsoft.translator","com.tap_to_translate.snap_translate","com.deepl.mobiletranslator","com.immersivetranslate.browser","com.eecorp.linguago","com.niven.game","com.screen.translate.google","com.niven.apptranslate","com.eecorp.taptranslator","ru.yandex.translate","com.zaz.translate","at.nk.tools.iTranslate","com.google.ar.lens","com.translate.talkingtranslator"]},{"rank":{"index":2,"lang":"it","country":"it","chineseCountryName":"意大利","pkg":"com.spaceship.screen.textcopy"},"orders":["com.recognize_text.translate.screen","com.spaceship.screen.textcopy","com.newmg.yurao.pro","com.gaminik.i18n","com.google.android.apps.translate","com.microsoft.translator","com.tap_to_translate.snap_translate","com.deepl.mobiletranslator","com.niven.translator","com.immersivetranslate.browser","com.eecorp.linguago","com.niven.game"]},{"rank":{"index":2,"lang":"ja","country":"jp","chineseCountryName":"日本","pkg":"com.spaceship.screen.textcopy"},"orders":["com.recognize_text.translate.screen","com.spaceship.screen.textcopy","com.newmg.yurao.pro","com.gaminik.i18n","com.tap_to_translate.snap_translate","com.niven.translator","com.immersivetranslate.browser","com.niven.game","com.google.android.apps.translate","com.eecorp.linguago","com.microsoft.translator","com.niven.apptranslate","com.screen.translate.google","com.eecorp.taptranslator","com.google.ar.lens","com.deepl.mobiletranslator","com.naver.labs.translator","com.android.chrome","top.applocalize.translate","com.google.android.apps.maps"]},{"rank":{"index":3,"lang":"ko","country":"kr","chineseCountryName":"韩国","pkg":"com.spaceship.screen.textcopy"},"orders":["com.recognize_text.translate.screen","com.tap_to_translate.snap_translate","com.spaceship.screen.textcopy","com.newmg.yurao.pro","com.google.android.apps.translate","com.microsoft.translator","com.niven.translator","com.gaminik.i18n","com.naver.labs.translator","com.immersivetranslate.browser","com.niven.game","com.deepl.mobiletranslator","com.eecorp.linguago","com.niven.apptranslate","at.nk.tools.iTranslate","com.screen.translate.google","com.eecorp.taptranslator","com.google.ar.lens","ru.yandex.translate","translate.all.language.translator.cameratranslator"]},{"rank":{"index":2,"lang":"zh-hk","country":"hk","chineseCountryName":"香港","pkg":"com.spaceship.screen.textcopy"},"orders":["com.recognize_text.translate.screen","com.spaceship.screen.textcopy","com.newmg.yurao.pro","com.gaminik.i18n","com.google.android.apps.translate","com.microsoft.translator","com.niven.translator","com.tap_to_translate.snap_translate","com.immersivetranslate.browser","com.niven.game","com.naver.labs.translator","com.deepl.mobiletranslator","com.eecorp.linguago","at.nk.tools.iTranslate","com.niven.apptranslate","ru.yandex.translate","com.screen.translate.google","com.eecorp.taptranslator","com.google.ar.lens","com.datacomprojects.scanandtranslate"]},{"rank":{"index":2,"lang":"zh-tw","country":"tw","chineseCountryName":"台湾","pkg":"com.spaceship.screen.textcopy"},"orders":["com.recognize_text.translate.screen","com.spaceship.screen.textcopy","com.newmg.yurao.pro","com.gaminik.i18n","com.google.android.apps.translate","com.microsoft.translator","com.niven.translator","com.immersivetranslate.browser","com.tap_to_translate.snap_translate","com.niven.game","com.eecorp.linguago","com.naver.labs.translator","com.deepl.mobiletranslator","com.niven.apptranslate","at.nk.tools.iTranslate","com.screen.translate.google","com.eecorp.taptranslator","ru.yandex.translate","com.google.ar.lens","com.datacomprojects.scanandtranslate"]},{"rank":{"index":3,"lang":"en","country":"in","chineseCountryName":"印度","pkg":"com.spaceship.screen.textcopy"},"orders":["com.recognize_text.translate.screen","com.google.android.apps.translate","com.spaceship.screen.textcopy","com.newmg.yurao.pro"]},{"rank":{"index":2,"lang":"id","country":"id","chineseCountryName":"印尼","pkg":"com.spaceship.screen.textcopy"},"orders":["com.recognize_text.translate.screen","com.spaceship.screen.textcopy","com.tap_to_translate.snap_translate","com.gaminik.i18n","com.niven.translator","com.newmg.yurao.pro","com.microsoft.translator","com.google.android.apps.translate","com.niven.game","com.eecorp.linguago","com.eecorp.taptranslator","com.screen.translate.google","com.niven.apptranslate","com.deepl.mobiletranslator","com.immersivetranslate.browser"]},{"rank":{"index":2,"lang":"es-mx","country":"mx","chineseCountryName":"墨西哥","pkg":"com.spaceship.screen.textcopy"},"orders":["com.recognize_text.translate.screen","com.spaceship.screen.textcopy","com.niven.translator","com.gaminik.i18n","com.newmg.yurao.pro","com.tap_to_translate.snap_translate","com.microsoft.translator","com.niven.game","com.google.android.apps.translate","com.deepl.mobiletranslator","com.eecorp.linguago","com.immersivetranslate.browser","com.niven.apptranslate","com.eecorp.taptranslator","com.screen.translate.google","ru.yandex.translate","at.nk.tools.iTranslate","com.mg.chat","com.google.ar.lens","top.applocalize.translate"]}]