[{"rank":{"index":2,"lang":"en-us","country":"us","chineseCountryName":"美国","pkg":"com.spaceship.screen.textcopy"},"orders":["com.recognize_text.translate.screen","com.spaceship.screen.textcopy","com.niven.translator","com.tap_to_translate.snap_translate","com.microsoft.translator","com.google.android.apps.translate","com.gaminik.i18n","com.niven.game","at.nk.tools.iTranslate","com.niven.comic","com.translate.talkingtranslator","com.tangdi.baiguotong","com.sayhi.android.sayhitranslate","com.newmg.yurao.pro","com.naver.labs.translator","com.zaz.translate","com.language.translate.free.translator.voice.translation","com.translate.language.translator.voice.translation","com.screen.translate.google","com.deepl.mobiletranslator"]},{"rank":{"index":3,"lang":"ru","country":"ru","chineseCountryName":"俄罗斯","pkg":"com.spaceship.screen.textcopy"},"orders":["com.recognize_text.translate.screen","com.niven.translator","com.spaceship.screen.textcopy","com.tap_to_translate.snap_translate","com.microsoft.translator","com.niven.game","com.google.android.apps.translate","com.gaminik.i18n","ru.yandex.translate","at.nk.tools.iTranslate","com.niven.comic","com.tangdi.baiguotong","com.translate.talkingtranslator","com.deepl.mobiletranslator","com.datacomprojects.scanandtranslate","com.language.translate.free.translator.voice.translation","com.screen.translate.google","com.youdao.hindict","com.zaz.translate","com.translate.language.translator.voice.translation"]},{"rank":{"index":3,"lang":"pt-br","country":"br","chineseCountryName":"巴西","pkg":"com.spaceship.screen.textcopy"},"orders":["com.recognize_text.translate.screen","com.tap_to_translate.snap_translate","com.spaceship.screen.textcopy","com.niven.translator","com.gaminik.i18n","com.niven.game","com.microsoft.translator","com.niven.comic","at.nk.tools.iTranslate","com.google.android.apps.translate","com.youdao.hindict","com.tangdi.baiguotong","com.screen.translate.google","com.newmg.yurao.pro","com.deepl.mobiletranslator","com.screen.translator.text.recognize","com.translate.talkingtranslator","com.google.ar.lens","com.audacityittranslator.translatetexttranslator","com.android.chrome"]},{"rank":{"index":3,"lang":"fr","country":"fr","chineseCountryName":"法国","pkg":"com.spaceship.screen.textcopy"},"orders":["com.recognize_text.translate.screen","com.tap_to_translate.snap_translate","com.spaceship.screen.textcopy","com.niven.game","com.niven.translator","com.gaminik.i18n","com.microsoft.translator","com.niven.comic","at.nk.tools.iTranslate","com.google.android.apps.translate","com.tangdi.baiguotong","com.newmg.yurao.pro","com.deepl.mobiletranslator","com.translate.talkingtranslator","com.screen.translate.google","com.audacityittranslator.translatetexttranslator","com.language.translate.free.translator.voice.translation","com.datacomprojects.scanandtranslate","com.zaz.translate","com.softissimo.reverso.context"]},{"rank":{"index":2,"lang":"en-gb","country":"gb","chineseCountryName":"英国","pkg":"com.spaceship.screen.textcopy"},"orders":["com.recognize_text.translate.screen","com.spaceship.screen.textcopy","com.tap_to_translate.snap_translate","com.gaminik.i18n","com.google.android.apps.translate","com.microsoft.translator","com.niven.translator","com.niven.game","at.nk.tools.iTranslate","com.tangdi.baiguotong","com.niven.comic","com.translate.talkingtranslator","com.zaz.translate","com.language.translate.free.translator.voice.translation","com.sayhi.android.sayhitranslate","com.newmg.yurao.pro","com.screen.translate.google","com.deepl.mobiletranslator","com.translate.language.translator.voice.translation","com.youdao.hindict"]},{"rank":{"index":2,"lang":"de","country":"de","chineseCountryName":"德国","pkg":"com.spaceship.screen.textcopy"},"orders":["com.recognize_text.translate.screen","com.spaceship.screen.textcopy","com.tap_to_translate.snap_translate","com.niven.translator","com.microsoft.translator","com.gaminik.i18n","com.niven.game","com.google.android.apps.translate","at.nk.tools.iTranslate","com.niven.comic","com.translate.talkingtranslator","com.deepl.mobiletranslator","com.screen.translate.google","com.tangdi.baiguotong","com.newmg.yurao.pro","com.audacityittranslator.translatetexttranslator","com.language.translate.free.translator.voice.translation","com.sayhi.android.sayhitranslate","com.softissimo.reverso.context","com.image.camera.translate.ai"]},{"rank":{"index":2,"lang":"it","country":"it","chineseCountryName":"意大利","pkg":"com.spaceship.screen.textcopy"},"orders":["com.recognize_text.translate.screen","com.spaceship.screen.textcopy","com.tap_to_translate.snap_translate","com.niven.translator","com.niven.game","com.gaminik.i18n","com.microsoft.translator","com.google.android.apps.translate","com.niven.comic","at.nk.tools.iTranslate","com.tangdi.baiguotong","com.deepl.mobiletranslator","com.datacomprojects.scanandtranslate","com.newmg.yurao.pro","com.screen.translate.google","com.translate.talkingtranslator","com.google.ar.lens","com.language.translate.free.translator.voice.translation","com.translate.language.translator.voice.translation","com.softissimo.reverso.context"]},{"rank":{"index":2,"lang":"ja","country":"jp","chineseCountryName":"日本","pkg":"com.spaceship.screen.textcopy"},"orders":["com.recognize_text.translate.screen","com.spaceship.screen.textcopy","com.gaminik.i18n","com.niven.game","com.niven.translator","com.tap_to_translate.snap_translate","com.google.android.apps.translate","com.microsoft.translator","com.niven.comic","com.naver.labs.translator","com.google.ar.lens","com.tangdi.baiguotong","com.deepl.mobiletranslator"]},{"rank":{"index":2,"lang":"ko","country":"kr","chineseCountryName":"韩国","pkg":"com.spaceship.screen.textcopy"},"orders":["com.recognize_text.translate.screen","com.spaceship.screen.textcopy","com.tap_to_translate.snap_translate","com.microsoft.translator","com.google.android.apps.translate","com.niven.translator","com.niven.game","com.gaminik.i18n","com.naver.labs.translator","at.nk.tools.iTranslate","com.niven.comic","com.translate.talkingtranslator","com.language.translate.free.translator.voice.translation","com.newmg.yurao.pro","com.translate.language.translator.voice.translation","com.deepl.mobiletranslator","com.datacomprojects.scanandtranslate","com.youdao.hindict","com.screen.translate.google","com.zaz.translate"]},{"rank":{"index":2,"lang":"zh-hk","country":"hk","chineseCountryName":"香港","pkg":"com.spaceship.screen.textcopy"},"orders":["com.recognize_text.translate.screen","com.spaceship.screen.textcopy","com.microsoft.translator","com.google.android.apps.translate","com.niven.translator","com.niven.game","com.gaminik.i18n","com.tap_to_translate.snap_translate","at.nk.tools.iTranslate","com.tangdi.baiguotong","com.niven.comic","com.translate.language.translator.voice.translation","com.language.translate.free.translator.voice.translation","com.naver.labs.translator","com.youdao.hindict","com.translate.talkingtranslator","com.sayhi.android.sayhitranslate","com.zaz.translate","com.screen.translate.google","com.newmg.yurao.pro"]},{"rank":{"index":2,"lang":"zh-tw","country":"tw","chineseCountryName":"台湾","pkg":"com.spaceship.screen.textcopy"},"orders":["com.recognize_text.translate.screen","com.spaceship.screen.textcopy","com.tap_to_translate.snap_translate","com.microsoft.translator","com.google.android.apps.translate","com.niven.translator","com.gaminik.i18n","com.niven.game","at.nk.tools.iTranslate","com.tangdi.baiguotong","com.niven.comic","com.youdao.hindict","com.translate.language.translator.voice.translation","com.naver.labs.translator","com.translate.talkingtranslator","com.zaz.translate","com.language.translate.free.translator.voice.translation","com.newmg.yurao.pro","com.datacomprojects.scanandtranslate","com.sayhi.android.sayhitranslate"]},{"rank":{"index":4,"lang":"en","country":"in","chineseCountryName":"印度","pkg":"com.spaceship.screen.textcopy"},"orders":["com.recognize_text.translate.screen","com.google.android.apps.translate","com.tap_to_translate.snap_translate","com.spaceship.screen.textcopy","com.niven.game","com.translate.talkingtranslator","com.sayhi.android.sayhitranslate","com.deepl.mobiletranslator","ru.yandex.translate","com.naver.labs.translator","com.niven.translator","com.newmg.yurao.pro","com.zaz.translate","com.galaxy.airviewdictionary","com.gaminik.i18n","com.screen.translator.text.recognize","screen.translator.voice.translate","com.niven.comic","com.softissimo.reverso.context","com.languagetranslator.translatorapp.smartscanner.dictionary.translation.voicetranslator"]},{"rank":{"index":4,"lang":"id","country":"id","chineseCountryName":"印尼","pkg":"com.spaceship.screen.textcopy"},"orders":["com.recognize_text.translate.screen","com.niven.translator","com.tap_to_translate.snap_translate","com.spaceship.screen.textcopy","com.niven.game","com.gaminik.i18n","com.youdao.hindict","com.niven.comic","com.google.android.apps.translate","com.microsoft.translator","com.screen.translate.google","at.nk.tools.iTranslate","com.newmg.yurao.pro","com.naver.labs.translator","com.deepl.mobiletranslator"]},{"rank":{"index":2,"lang":"es-mx","country":"mx","chineseCountryName":"墨西哥","pkg":"com.spaceship.screen.textcopy"},"orders":["com.recognize_text.translate.screen","com.spaceship.screen.textcopy","com.niven.translator","com.niven.game","com.gaminik.i18n","com.tap_to_translate.snap_translate","com.microsoft.translator","com.niven.comic","at.nk.tools.iTranslate","com.google.android.apps.translate","com.tangdi.baiguotong","com.youdao.hindict","com.newmg.yurao.pro","com.screen.translate.google","com.galaxy.airviewdictionary","com.language.translate.free.translator.voice.translation","com.translate.talkingtranslator","com.deepl.mobiletranslator","com.screen.translator.text.recognize","com.zaz.translate"]}]