[{"rank":{"index":2,"lang":"en-us","country":"us","chineseCountryName":"美国","pkg":"com.spaceship.screen.textcopy"},"orders":["com.recognize_text.translate.screen","com.spaceship.screen.textcopy","com.tap_to_translate.snap_translate","com.google.android.apps.translate","com.screen.translate.google","com.deepl.mobiletranslator","com.microsoft.translator","com.niven.translator","com.newmg.yurao.pro","com.gaminik.i18n","ru.yandex.translate","com.youdao.hindict","com.naver.labs.translator","com.zaz.translate","com.immersivetranslate.browser","com.translate.talkingtranslator","at.nk.tools.iTranslate","com.ticktalk.translatevoice","photo.translate.camera.translator","com.niven.game"]},{"rank":{"index":0,"lang":"ru","country":"ru","chineseCountryName":"俄罗斯","pkg":"com.spaceship.screen.textcopy"},"orders":["com.recognize_text.translate.screen","com.newmg.yurao.pro","com.niven.translator","com.google.android.apps.translate","com.gaminik.i18n","ru.yandex.translate","com.tap_to_translate.snap_translate","com.deepl.mobiletranslator","com.screen.translate.google","com.microsoft.translator","com.niven.game","com.immersivetranslate.browser","photo.translate.camera.translator","com.zaz.translate","com.ticktalk.translatevoice"]},{"rank":{"index":2,"lang":"pt-br","country":"br","chineseCountryName":"巴西","pkg":"com.spaceship.screen.textcopy"},"orders":["com.recognize_text.translate.screen","com.spaceship.screen.textcopy","com.tap_to_translate.snap_translate","com.google.android.apps.translate","com.newmg.yurao.pro","com.gaminik.i18n","com.deepl.mobiletranslator","ru.yandex.translate","com.zaz.translate","at.nk.tools.iTranslate","com.ticktalk.translatevoice","com.translate.talkingtranslator","photo.translate.camera.translator","com.google.ar.lens","com.naver.labs.translator","com.softissimo.reverso.context","com.niven.translator","com.screen.translate.google","com.youdao.hindict","com.niven.game"]},{"rank":{"index":2,"lang":"fr","country":"fr","chineseCountryName":"法国","pkg":"com.spaceship.screen.textcopy"},"orders":["com.recognize_text.translate.screen","com.spaceship.screen.textcopy","com.tap_to_translate.snap_translate","com.google.android.apps.translate","com.newmg.yurao.pro","com.gaminik.i18n","com.niven.translator","com.microsoft.translator","com.screen.translate.google","com.deepl.mobiletranslator","ru.yandex.translate","com.zaz.translate","photo.translate.camera.translator","com.immersivetranslate.browser","com.ticktalk.translatevoice","com.niven.game","com.niven.apptranslate","at.nk.tools.iTranslate","com.google.ar.lens","com.translate.talkingtranslator"]},{"rank":{"index":2,"lang":"en-gb","country":"gb","chineseCountryName":"英国","pkg":"com.spaceship.screen.textcopy"},"orders":["com.recognize_text.translate.screen","com.spaceship.screen.textcopy","com.microsoft.translator","com.google.android.apps.translate","com.screen.translate.google","com.deepl.mobiletranslator","com.youdao.hindict","com.newmg.yurao.pro","ru.yandex.translate","com.gaminik.i18n","com.niven.translator","com.zaz.translate","at.nk.tools.iTranslate","com.immersivetranslate.browser","com.naver.labs.translator","com.tap_to_translate.snap_translate","com.softissimo.reverso.context","com.ticktalk.translatevoice","photo.translate.camera.translator","com.niven.game"]},{"rank":{"index":2,"lang":"de","country":"de","chineseCountryName":"德国","pkg":"com.spaceship.screen.textcopy"},"orders":["com.recognize_text.translate.screen","com.spaceship.screen.textcopy","com.newmg.yurao.pro","com.google.android.apps.translate","com.screen.translate.google","com.deepl.mobiletranslator","com.microsoft.translator","com.niven.translator","com.gaminik.i18n"]},{"rank":{"index":2,"lang":"it","country":"it","chineseCountryName":"意大利","pkg":"com.spaceship.screen.textcopy"},"orders":["com.recognize_text.translate.screen","com.spaceship.screen.textcopy","com.tap_to_translate.snap_translate","com.google.android.apps.translate","com.newmg.yurao.pro","com.niven.translator","com.gaminik.i18n","com.deepl.mobiletranslator","com.screen.translate.google","com.microsoft.translator","ru.yandex.translate","photo.translate.camera.translator","com.niven.game","at.nk.tools.iTranslate","com.tangdi.baiguotong","com.zaz.translate","com.immersivetranslate.browser","com.ticktalk.translatevoice","com.translate.talkingtranslator"]},{"rank":{"index":3,"lang":"ja","country":"jp","chineseCountryName":"日本","pkg":"com.spaceship.screen.textcopy"},"orders":["com.recognize_text.translate.screen","com.tap_to_translate.snap_translate","com.spaceship.screen.textcopy","com.newmg.yurao.pro","com.deepl.mobiletranslator","com.gaminik.i18n","com.niven.translator","com.screen.translate.google","com.microsoft.translator","com.google.android.apps.translate","com.immersivetranslate.browser","ru.yandex.translate","com.naver.labs.translator","com.niven.game","com.voice_camera_free_translate","com.google.ar.lens","com.niven.apptranslate","com.translate.talkingtranslator","com.facebook.katana","com.instagram.android"]},{"rank":{"index":3,"lang":"ko","country":"kr","chineseCountryName":"韩国","pkg":"com.spaceship.screen.textcopy"},"orders":["com.recognize_text.translate.screen","com.tap_to_translate.snap_translate","com.spaceship.screen.textcopy","com.google.android.apps.translate","com.newmg.yurao.pro","com.niven.translator","com.gaminik.i18n","com.screen.translate.google","com.microsoft.translator","com.deepl.mobiletranslator","ru.yandex.translate","com.niven.game","com.naver.labs.translator","com.immersivetranslate.browser","com.zaz.translate","com.translate.talkingtranslator","com.ticktalk.translatevoice","photo.translate.camera.translator","at.nk.tools.iTranslate","com.voice_camera_free_translate"]},{"rank":{"index":2,"lang":"zh-hk","country":"hk","chineseCountryName":"香港","pkg":"com.spaceship.screen.textcopy"},"orders":["com.recognize_text.translate.screen","com.spaceship.screen.textcopy","com.tap_to_translate.snap_translate","com.google.android.apps.translate","com.newmg.yurao.pro","com.screen.translate.google","com.gaminik.i18n","com.microsoft.translator","com.niven.translator","com.deepl.mobiletranslator","com.immersivetranslate.browser","ru.yandex.translate","com.niven.game","photo.translate.camera.translator","com.zaz.translate","com.google.ar.lens","com.naver.labs.translator","translate.all.language.translator.cameratranslator","at.nk.tools.iTranslate","com.mg.chat"]},{"rank":{"index":2,"lang":"zh-tw","country":"tw","chineseCountryName":"台湾","pkg":"com.spaceship.screen.textcopy"},"orders":["com.recognize_text.translate.screen","com.spaceship.screen.textcopy","com.newmg.yurao.pro","com.google.android.apps.translate","com.screen.translate.google","com.gaminik.i18n","com.microsoft.translator","com.niven.translator","com.deepl.mobiletranslator"]},{"rank":{"index":4,"lang":"en","country":"in","chineseCountryName":"印度","pkg":"com.spaceship.screen.textcopy"},"orders":["com.recognize_text.translate.screen","com.google.android.apps.translate","com.deepl.mobiletranslator","com.spaceship.screen.textcopy","com.zaz.translate","com.newmg.yurao.pro","com.microsoft.translator"]},{"rank":{"index":3,"lang":"id","country":"id","chineseCountryName":"印尼","pkg":"com.spaceship.screen.textcopy"},"orders":["com.recognize_text.translate.screen","com.tap_to_translate.snap_translate","com.spaceship.screen.textcopy","com.google.android.apps.translate","com.newmg.yurao.pro","com.gaminik.i18n","com.niven.translator","com.deepl.mobiletranslator","com.screen.translate.google","com.niven.game","com.youdao.hindict","com.microsoft.translator","ru.yandex.translate"]},{"rank":{"index":3,"lang":"es-mx","country":"mx","chineseCountryName":"墨西哥","pkg":"com.spaceship.screen.textcopy"},"orders":["com.recognize_text.translate.screen","com.google.android.apps.translate","com.spaceship.screen.textcopy","com.newmg.yurao.pro","com.deepl.mobiletranslator"]}]