[{"rank":{"index":2,"lang":"en-us","country":"us","chineseCountryName":"美国","pkg":"com.spaceship.screen.textcopy"},"orders":["com.recognize_text.translate.screen","com.spaceship.screen.textcopy","com.galaxy.airviewdictionary","com.screen.translate.google","com.niven.translator","com.tap_to_translate.snap_translate","com.newtranslate.google","com.newmg.yurao.pro","com.eecorp.linguago","com.niven.apptranslate","com.gaminik.i18n","com.yoyodev.screentranslate","com.screen.translator.text.recognize","screen.translator.voice.translate","com.google.android.apps.translate","com.flabs.screen.translate","com.translate.screen.translator.text.translation.onscreen","live.screentranslate.realtime","com.microsoft.translator","com.eecorp.taptranslator"]},{"rank":{"index":6,"lang":"ru","country":"ru","chineseCountryName":"俄罗斯","pkg":"com.spaceship.screen.textcopy"},"orders":["com.recognize_text.translate.screen","com.niven.translator","com.screen.translate.google","com.tap_to_translate.snap_translate","com.galaxy.airviewdictionary","com.spaceship.screen.textcopy","com.newmg.yurao.pro","com.newtranslate.google","com.gaminik.i18n","com.eecorp.linguago","com.niven.apptranslate","com.yoyodev.screentranslate","com.google.android.apps.translate","ru.yandex.translate","com.android.chrome","com.google.ar.lens","com.zaz.translate","com.microsoft.translator","com.naver.labs.translator","com.screen.translator.text.recognize"]},{"rank":{"index":7,"lang":"pt-br","country":"br","chineseCountryName":"巴西","pkg":"com.spaceship.screen.textcopy"},"orders":["com.recognize_text.translate.screen","com.galaxy.airviewdictionary","com.niven.translator","com.screen.translate.google","com.tap_to_translate.snap_translate","com.newtranslate.google","com.spaceship.screen.textcopy","com.niven.apptranslate","com.newmg.yurao.pro","com.eecorp.linguago","com.gaminik.i18n","com.flabs.screen.translate","live.screentranslate.realtime","com.niven.game","com.google.android.apps.translate","com.screen.translator.text.recognize","com.android.chrome","com.duolingo","com.deepl.mobiletranslator","com.google.android.apps.searchlite"]},{"rank":{"index":5,"lang":"fr","country":"fr","chineseCountryName":"法国","pkg":"com.spaceship.screen.textcopy"},"orders":["com.recognize_text.translate.screen","com.tap_to_translate.snap_translate","com.screen.translate.google","com.galaxy.airviewdictionary","com.spaceship.screen.textcopy","com.newtranslate.google","com.newmg.yurao.pro","com.eecorp.linguago","com.niven.apptranslate","com.yoyodev.screentranslate","live.screentranslate.realtime","screen.translator.voice.translate","com.niven.translator","com.screen.translator.text.recognize","com.google.android.apps.translate","com.gaminik.i18n","com.flabs.screen.translate","com.deepl.mobiletranslator","com.microsoft.translator","com.google.ar.lens"]},{"rank":{"index":2,"lang":"en-gb","country":"gb","chineseCountryName":"英国","pkg":"com.spaceship.screen.textcopy"},"orders":["com.recognize_text.translate.screen","com.spaceship.screen.textcopy","com.galaxy.airviewdictionary","com.newtranslate.google","com.screen.translate.google","com.tap_to_translate.snap_translate","com.niven.translator","com.eecorp.linguago","com.newmg.yurao.pro","com.google.android.apps.translate","com.niven.apptranslate","com.yoyodev.screentranslate","com.gaminik.i18n","com.microsoft.translator","com.naver.labs.translator","com.google.ar.lens","com.translate.screen.translator.text.translation.onscreen","com.deepl.mobiletranslator","com.google.android.inputmethod.latin","com.google.android.googlequicksearchbox"]},{"rank":{"index":5,"lang":"de","country":"de","chineseCountryName":"德国","pkg":"com.spaceship.screen.textcopy"},"orders":["com.recognize_text.translate.screen","com.galaxy.airviewdictionary","com.screen.translate.google","com.newmg.yurao.pro","com.spaceship.screen.textcopy","com.yoyodev.screentranslate","com.eecorp.linguago","com.google.android.apps.translate","com.tap_to_translate.snap_translate","com.newtranslate.google","com.deepl.mobiletranslator","com.gaminik.i18n","com.microsoft.translator","com.niven.apptranslate","com.google.ar.lens","com.niven.translator","live.screentranslate.realtime","ru.yandex.translate","com.zaz.translate","com.screen.translator.text.recognize"]},{"rank":{"index":5,"lang":"it","country":"it","chineseCountryName":"意大利","pkg":"com.spaceship.screen.textcopy"},"orders":["com.recognize_text.translate.screen","com.screen.translate.google","com.galaxy.airviewdictionary","com.newmg.yurao.pro","com.spaceship.screen.textcopy","com.tap_to_translate.snap_translate","com.newtranslate.google","com.eecorp.linguago","com.niven.apptranslate","com.yoyodev.screentranslate","com.gaminik.i18n","com.niven.translator","com.google.android.apps.translate","com.flabs.screen.translate","screen.translator.voice.translate","com.deepl.mobiletranslator","com.eecorp.taptranslator","com.google.ar.lens","live.screentranslate.realtime","com.ticktalk.translatevoice"]},{"rank":{"index":3,"lang":"ja","country":"jp","chineseCountryName":"日本","pkg":"com.spaceship.screen.textcopy"},"orders":["com.recognize_text.translate.screen","com.tap_to_translate.snap_translate","com.spaceship.screen.textcopy","com.screen.translate.google","com.newmg.yurao.pro","com.galaxy.airviewdictionary","com.newtranslate.google","com.gaminik.i18n","com.niven.translator","com.eecorp.linguago","com.niven.apptranslate","live.screentranslate.realtime"]},{"rank":{"index":2,"lang":"ko","country":"kr","chineseCountryName":"韩国","pkg":"com.spaceship.screen.textcopy"},"orders":["com.recognize_text.translate.screen","com.spaceship.screen.textcopy","com.galaxy.airviewdictionary","com.screen.translate.google","com.newtranslate.google","com.gaminik.i18n","com.niven.translator","com.tap_to_translate.snap_translate","com.newmg.yurao.pro","com.niven.apptranslate","com.eecorp.linguago","screen.translator.voice.translate","com.screen.translator.text.recognize","com.naver.labs.translator","com.flabs.screen.translate","com.google.android.apps.translate","com.android.chrome","com.eecorp.taptranslator","com.deepl.mobiletranslator","live.screentranslate.realtime"]},{"rank":{"index":3,"lang":"zh-hk","country":"hk","chineseCountryName":"香港","pkg":"com.spaceship.screen.textcopy"},"orders":["com.recognize_text.translate.screen","com.galaxy.airviewdictionary","com.spaceship.screen.textcopy","com.newtranslate.google","com.tap_to_translate.snap_translate","com.screen.translate.google","com.google.android.apps.translate","com.newmg.yurao.pro","com.eecorp.linguago","com.naver.labs.translator","com.microsoft.translator","com.google.ar.lens","com.gaminik.i18n","com.niven.apptranslate","com.deepl.mobiletranslator","com.niven.translator","com.yoyodev.screentranslate","ru.yandex.translate","com.zaz.translate","com.immersivetranslate.browser"]},{"rank":{"index":4,"lang":"zh-tw","country":"tw","chineseCountryName":"台湾","pkg":"com.spaceship.screen.textcopy"},"orders":["com.recognize_text.translate.screen","com.galaxy.airviewdictionary","com.newtranslate.google","com.spaceship.screen.textcopy","com.screen.translate.google","com.tap_to_translate.snap_translate","com.newmg.yurao.pro","com.google.android.apps.translate","com.niven.apptranslate","com.eecorp.linguago","com.naver.labs.translator","com.gaminik.i18n","com.android.chrome","com.microsoft.translator","com.niven.translator","com.deepl.mobiletranslator","com.google.ar.lens","com.yoyodev.screentranslate","photo.translate.camera.translator","com.google.android.tts"]},{"rank":{"index":0,"lang":"en","country":"in","chineseCountryName":"印度","pkg":"com.spaceship.screen.textcopy"},"orders":["com.recognize_text.translate.screen","com.galaxy.airviewdictionary","com.screen.translate.google","com.newtranslate.google","com.tap_to_translate.snap_translate","com.niven.translator","com.newmg.yurao.pro","com.eecorp.linguago","com.yoyodev.screentranslate","com.niven.apptranslate","com.gaminik.i18n","com.google.android.apps.translate","com.screen.translator.text.recognize","com.flabs.screen.translate","screen.translator.voice.translate","com.translate.screen.translator.text.translation.onscreen","com.chat_translate.screen_translate","com.eecorp.taptranslator","live.screentranslate.realtime","com.chat.translator.screen.translate.language"]},{"rank":{"index":2,"lang":"id","country":"id","chineseCountryName":"印尼","pkg":"com.spaceship.screen.textcopy"},"orders":["com.recognize_text.translate.screen","com.spaceship.screen.textcopy","com.tap_to_translate.snap_translate","com.niven.translator","com.screen.translate.google","com.galaxy.airviewdictionary","com.newmg.yurao.pro","com.newtranslate.google","com.niven.apptranslate","com.eecorp.linguago","com.google.android.apps.translate","com.screen.translator.text.recognize","com.gaminik.i18n"]},{"rank":{"index":2,"lang":"es-mx","country":"mx","chineseCountryName":"墨西哥","pkg":"com.spaceship.screen.textcopy"},"orders":["com.recognize_text.translate.screen","com.spaceship.screen.textcopy","com.tap_to_translate.snap_translate","com.newmg.yurao.pro","com.gaminik.i18n","com.google.android.apps.translate","com.datacomprojects.scanandtranslate","com.ticktalk.translatevoice","com.microsoft.translator","com.deepl.mobiletranslator","com.translate.talkingtranslator","photo.translate.camera.translator","com.google.ar.lens","com.immersivetranslate.browser","com.aldoo.pdftranslatorpro","com.dftpdf.translate","com.galaxy.airviewdictionary","com.niven.translator","com.screen.translate.google","com.newtranslate.google"]}]