[{"rank":{"index":2,"lang":"en-us","country":"us","chineseCountryName":"美国","pkg":"com.spaceship.screen.textcopy"},"orders":["com.recognize_text.translate.screen","com.spaceship.screen.textcopy","com.tap_to_translate.snap_translate","com.newmg.yurao.pro","com.niven.translator","com.google.android.apps.translate","com.gaminik.i18n","com.microsoft.translator","com.zaz.translate","com.immersivetranslate.browser","com.naver.labs.translator","at.nk.tools.iTranslate","com.niven.game","com.voice_camera_free_translate","com.screen.translate.google","com.niven.apptranslate","com.deepl.mobiletranslator","com.translate.talkingtranslator","com.eecorp.linguago","com.translate.all.language.photo.screen"]},{"rank":{"index":0,"lang":"ru","country":"ru","chineseCountryName":"俄罗斯","pkg":"com.spaceship.screen.textcopy"},"orders":["com.recognize_text.translate.screen","com.niven.translator","com.tap_to_translate.snap_translate","com.newmg.yurao.pro","com.gaminik.i18n","com.niven.game","com.microsoft.translator","com.immersivetranslate.browser","com.niven.apptranslate","com.zaz.translate","at.nk.tools.iTranslate","ru.yandex.translate","com.voice_camera_free_translate","com.google.android.apps.translate","com.screen.translate.google","com.deepl.mobiletranslator","com.translate.all.language.photo.screen","com.eecorp.linguago","photo.translate.camera.translator","com.naver.labs.translator"]},{"rank":{"index":2,"lang":"pt-br","country":"br","chineseCountryName":"巴西","pkg":"com.spaceship.screen.textcopy"},"orders":["com.recognize_text.translate.screen","com.spaceship.screen.textcopy","com.tap_to_translate.snap_translate","com.niven.translator","com.gaminik.i18n","com.newmg.yurao.pro","com.microsoft.translator","com.google.android.apps.translate","com.immersivetranslate.browser","com.niven.game","at.nk.tools.iTranslate","com.zaz.translate","com.voice_camera_free_translate","com.niven.apptranslate","com.screen.translate.google","com.deepl.mobiletranslator","com.translate.all.language.photo.screen","photo.translate.camera.translator","com.eecorp.linguago","com.tangdi.baiguotong"]},{"rank":{"index":2,"lang":"fr","country":"fr","chineseCountryName":"法国","pkg":"com.spaceship.screen.textcopy"},"orders":["com.recognize_text.translate.screen","com.spaceship.screen.textcopy","com.tap_to_translate.snap_translate","com.newmg.yurao.pro","com.gaminik.i18n","com.niven.translator","com.immersivetranslate.browser","com.microsoft.translator","com.zaz.translate","com.google.android.apps.translate","com.niven.apptranslate","com.niven.game","com.screen.translate.google","com.translate.all.language.photo.screen","com.eecorp.linguago","at.nk.tools.iTranslate","com.deepl.mobiletranslator","com.naver.labs.translator","com.traductorweb","com.translate.talkingtranslator"]},{"rank":{"index":2,"lang":"en-gb","country":"gb","chineseCountryName":"英国","pkg":"com.spaceship.screen.textcopy"},"orders":["com.recognize_text.translate.screen","com.spaceship.screen.textcopy","com.tap_to_translate.snap_translate","com.niven.translator","com.newmg.yurao.pro","com.google.android.apps.translate","com.microsoft.translator","com.zaz.translate","com.gaminik.i18n","com.immersivetranslate.browser","at.nk.tools.iTranslate","com.voice_camera_free_translate","com.niven.game","com.deepl.mobiletranslator","com.niven.apptranslate","com.screen.translate.google","com.naver.labs.translator","com.translate.all.language.photo.screen","ru.yandex.translate","com.translate.talkingtranslator"]},{"rank":{"index":2,"lang":"de","country":"de","chineseCountryName":"德国","pkg":"com.spaceship.screen.textcopy"},"orders":["com.recognize_text.translate.screen","com.spaceship.screen.textcopy","com.tap_to_translate.snap_translate","com.newmg.yurao.pro","com.niven.translator","com.gaminik.i18n","com.microsoft.translator","com.immersivetranslate.browser","com.niven.game","com.google.android.apps.translate"]},{"rank":{"index":2,"lang":"it","country":"it","chineseCountryName":"意大利","pkg":"com.spaceship.screen.textcopy"},"orders":["com.recognize_text.translate.screen","com.spaceship.screen.textcopy","com.tap_to_translate.snap_translate","com.newmg.yurao.pro","com.niven.translator","com.gaminik.i18n","com.immersivetranslate.browser","com.niven.game","com.zaz.translate","com.voice_camera_free_translate","com.microsoft.translator","at.nk.tools.iTranslate","com.google.android.apps.translate","com.niven.apptranslate","com.screen.translate.google","com.translate.all.language.photo.screen","com.deepl.mobiletranslator","com.eecorp.linguago","com.traductorweb","photo.translate.camera.translator"]},{"rank":{"index":3,"lang":"ja","country":"jp","chineseCountryName":"日本","pkg":"com.spaceship.screen.textcopy"},"orders":["com.recognize_text.translate.screen","com.tap_to_translate.snap_translate","com.spaceship.screen.textcopy","com.newmg.yurao.pro","com.gaminik.i18n","com.niven.translator","com.naver.labs.translator","com.deepl.mobiletranslator","com.microsoft.translator","com.immersivetranslate.browser","com.screen.translate.google","com.niven.apptranslate","com.google.android.apps.translate"]},{"rank":{"index":3,"lang":"ko","country":"kr","chineseCountryName":"韩国","pkg":"com.spaceship.screen.textcopy"},"orders":["com.recognize_text.translate.screen","com.tap_to_translate.snap_translate","com.spaceship.screen.textcopy","com.newmg.yurao.pro","com.niven.translator","com.gaminik.i18n","com.naver.labs.translator","com.immersivetranslate.browser","com.zaz.translate","com.niven.apptranslate","com.screen.translate.google","com.microsoft.translator","com.niven.game","com.translate.all.language.photo.screen","com.eecorp.linguago","at.nk.tools.iTranslate","com.google.android.apps.translate","com.translate.talkingtranslator","com.deepl.mobiletranslator","com.openai.chatgpt"]},{"rank":{"index":2,"lang":"zh-hk","country":"hk","chineseCountryName":"香港","pkg":"com.spaceship.screen.textcopy"},"orders":["com.recognize_text.translate.screen","com.spaceship.screen.textcopy","com.newmg.yurao.pro","com.tap_to_translate.snap_translate","com.niven.translator","com.gaminik.i18n","com.immersivetranslate.browser","com.microsoft.translator","com.zaz.translate","com.google.android.apps.translate","com.naver.labs.translator","at.nk.tools.iTranslate","com.voice_camera_free_translate","com.niven.game","com.screen.translate.google","com.niven.apptranslate","com.translate.all.language.photo.screen","com.deepl.mobiletranslator","com.eecorp.linguago","com.tangdi.baiguotong"]},{"rank":{"index":2,"lang":"zh-tw","country":"tw","chineseCountryName":"台湾","pkg":"com.spaceship.screen.textcopy"},"orders":["com.recognize_text.translate.screen","com.spaceship.screen.textcopy","com.tap_to_translate.snap_translate","com.newmg.yurao.pro","com.gaminik.i18n","com.niven.translator","com.immersivetranslate.browser","com.microsoft.translator","com.zaz.translate","com.niven.game","at.nk.tools.iTranslate","com.voice_camera_free_translate","com.google.android.apps.translate","com.naver.labs.translator","com.screen.translate.google","com.niven.apptranslate","com.translate.all.language.photo.screen","com.deepl.mobiletranslator","com.eecorp.linguago","com.tangdi.baiguotong"]},{"rank":{"index":2,"lang":"en","country":"in","chineseCountryName":"印度","pkg":"com.spaceship.screen.textcopy"},"orders":["com.recognize_text.translate.screen","com.spaceship.screen.textcopy","com.newmg.yurao.pro"]},{"rank":{"index":1,"lang":"id","country":"id","chineseCountryName":"印尼","pkg":"com.spaceship.screen.textcopy"},"orders":["com.spaceship.screen.textcopy","com.recognize_text.translate.screen","com.tap_to_translate.snap_translate","com.newmg.yurao.pro","com.niven.translator","com.gaminik.i18n","com.google.android.apps.translate","com.niven.game","at.nk.tools.iTranslate","com.microsoft.translator","com.immersivetranslate.browser","com.naver.labs.translator","com.zaz.translate","com.deepl.mobiletranslator","com.niven.apptranslate","com.screen.translate.google","com.eecorp.linguago","com.aldoo.pdftranslatorpro","com.translate.all.language.photo.screen","com.translate.txt.translator.app.screen.translator.voice"]},{"rank":{"index":1,"lang":"es-mx","country":"mx","chineseCountryName":"墨西哥","pkg":"com.spaceship.screen.textcopy"},"orders":["com.spaceship.screen.textcopy","com.recognize_text.translate.screen","com.niven.translator","com.tap_to_translate.snap_translate","com.newmg.yurao.pro","com.gaminik.i18n","com.immersivetranslate.browser","com.niven.game","at.nk.tools.iTranslate","com.google.android.apps.translate","com.microsoft.translator","com.zaz.translate","com.niven.apptranslate","com.screen.translate.google","com.translate.all.language.photo.screen","com.deepl.mobiletranslator","com.eecorp.linguago","com.tangdi.baiguotong","com.aldoo.pdftranslatorpro","com.translate.txt.translator.app.screen.translator.voice"]}]