[{"rank":{"index":2,"lang":"en-us","country":"us","chineseCountryName":"美国","pkg":"com.spaceship.screen.textcopy"},"orders":["com.recognize_text.translate.screen","com.spaceship.screen.textcopy","com.gaminik.i18n","com.mg.yurao.google","com.google.android.apps.translate","com.microsoft.translator","com.niven.game","com.tap_to_translate.snap_translate","com.niven.translator","com.niven.comic","com.translator.yellow","at.nk.tools.iTranslate","com.deepl.mobiletranslator","com.naver.labs.translator","com.newmg.yurao.pro","com.sayhi.android.sayhitranslate","com.niven.apptranslate","com.eecorp.linguago","com.tranit.text.translate","xbean.image.picture.translate.ocr"]},{"rank":{"index":6,"lang":"ru","country":"ru","chineseCountryName":"俄罗斯","pkg":"com.spaceship.screen.textcopy"},"orders":["com.recognize_text.translate.screen","com.tap_to_translate.snap_translate","com.gaminik.i18n","com.niven.game","com.niven.translator","com.spaceship.screen.textcopy","com.niven.comic","com.niven.apptranslate","com.eecorp.linguago","ru.yandex.translate","com.google.android.apps.translate","com.deepl.mobiletranslator","us.zoom.videomeetings","com.microsoft.translator","com.pidev.screentranslator","com.naver.labs.translator","com.zaz.translate","at.nk.tools.iTranslate","screen.translator.voice.translate","com.chat_translate.screen_translate"]},{"rank":{"index":2,"lang":"fr","country":"fr","chineseCountryName":"法国","pkg":"com.spaceship.screen.textcopy"},"orders":["com.recognize_text.translate.screen","com.spaceship.screen.textcopy","com.tap_to_translate.snap_translate","com.gaminik.i18n","com.mg.yurao.google","com.niven.game","com.niven.translator","com.niven.comic","com.translator.yellow","com.google.android.apps.translate","com.newmg.yurao.pro","com.niven.apptranslate","at.nk.tools.iTranslate","com.eecorp.linguago","com.microsoft.translator","com.voice_camera_free_translate","com.datacomprojects.scanandtranslate","com.deepl.mobiletranslator","com.tranit.text.translate","com.tangdi.baiguotong"]},{"rank":{"index":2,"lang":"en-gb","country":"gb","chineseCountryName":"英国","pkg":"com.spaceship.screen.textcopy"},"orders":["com.recognize_text.translate.screen","com.spaceship.screen.textcopy","com.mg.yurao.google","com.gaminik.i18n","com.google.android.apps.translate","com.microsoft.translator","com.niven.game","com.tap_to_translate.snap_translate","com.niven.translator","com.translator.yellow","com.niven.comic","com.eecorp.linguago","com.newmg.yurao.pro","com.niven.apptranslate","at.nk.tools.iTranslate","com.naver.labs.translator","com.tranit.text.translate","com.zaz.translate","xbean.image.picture.translate.ocr","com.sayhi.android.sayhitranslate"]},{"rank":{"index":2,"lang":"de","country":"de","chineseCountryName":"德国","pkg":"com.spaceship.screen.textcopy"},"orders":["com.recognize_text.translate.screen","com.spaceship.screen.textcopy","com.gaminik.i18n","com.mg.yurao.google","com.niven.game","com.tap_to_translate.snap_translate","com.niven.translator","com.niven.comic","com.google.android.apps.translate","com.niven.apptranslate","com.microsoft.translator","com.newmg.yurao.pro","com.translator.yellow","at.nk.tools.iTranslate","com.eecorp.linguago","com.zaz.translate","com.deepl.mobiletranslator","com.datacomprojects.scanandtranslate","camera.translator.realtime","ru.yandex.translate"]},{"rank":{"index":4,"lang":"it","country":"it","chineseCountryName":"意大利","pkg":"com.spaceship.screen.textcopy"},"orders":["com.recognize_text.translate.screen","com.niven.game","com.gaminik.i18n","com.spaceship.screen.textcopy","com.mg.yurao.google","com.tap_to_translate.snap_translate","com.niven.translator","com.niven.comic","com.microsoft.translator","at.nk.tools.iTranslate","com.google.android.apps.translate","com.translator.yellow"]},{"rank":{"index":4,"lang":"ja","country":"jp","chineseCountryName":"日本","pkg":"com.spaceship.screen.textcopy"},"orders":["com.recognize_text.translate.screen","com.gaminik.i18n","com.mg.yurao.google","com.spaceship.screen.textcopy","com.niven.game","com.tap_to_translate.snap_translate","com.niven.translator","com.niven.comic","com.niven.apptranslate","com.google.android.apps.translate","com.eecorp.linguago","com.newmg.yurao.pro","com.deepl.mobiletranslator","us.zoom.videomeetings","com.naver.labs.translator","com.microsoft.translator","at.nk.tools.iTranslate","camera.translator.realtime","com.appspell.screentranslator","screen.translator.voice.translate"]},{"rank":{"index":5,"lang":"ko","country":"kr","chineseCountryName":"韩国","pkg":"com.spaceship.screen.textcopy"},"orders":["com.recognize_text.translate.screen","com.mg.yurao.google","com.tap_to_translate.snap_translate","com.gaminik.i18n","com.spaceship.screen.textcopy","com.niven.game","com.niven.translator","com.niven.comic","com.niven.apptranslate","com.newmg.yurao.pro","com.google.android.apps.translate","com.naver.labs.translator","com.eecorp.linguago","us.zoom.videomeetings","com.microsoft.translator","at.nk.tools.iTranslate","com.deepl.mobiletranslator","com.voice_camera_free_translate","com.tranit.text.translate","ru.yandex.translate"]},{"rank":{"index":7,"lang":"zh-hk","country":"hk","chineseCountryName":"香港","pkg":"com.spaceship.screen.textcopy"},"orders":["com.recognize_text.translate.screen","com.gaminik.i18n","com.tap_to_translate.snap_translate","com.mg.yurao.google","com.niven.game","com.niven.translator","com.spaceship.screen.textcopy","com.niven.comic","com.newmg.yurao.pro","com.niven.apptranslate","com.google.android.apps.translate","at.nk.tools.iTranslate","com.microsoft.translator","com.eecorp.linguago","com.zaz.translate","com.voice_camera_free_translate","com.naver.labs.translator","xbean.image.picture.translate.ocr","com.tangdi.baiguotong","camera.translator.realtime"]},{"rank":{"index":7,"lang":"zh-tw","country":"tw","chineseCountryName":"台湾","pkg":"com.spaceship.screen.textcopy"},"orders":["com.recognize_text.translate.screen","com.tap_to_translate.snap_translate","com.gaminik.i18n","com.mg.yurao.google","com.niven.game","com.niven.translator","com.spaceship.screen.textcopy","com.niven.comic","com.newmg.yurao.pro","at.nk.tools.iTranslate","com.niven.apptranslate","com.zaz.translate","com.google.android.apps.translate","com.voice_camera_free_translate","com.microsoft.translator","com.eecorp.linguago","com.naver.labs.translator","xbean.image.picture.translate.ocr","com.tranit.text.translate","camera.translator.realtime"]},{"rank":{"index":5,"lang":"en","country":"in","chineseCountryName":"印度","pkg":"com.spaceship.screen.textcopy"},"orders":["com.recognize_text.translate.screen","com.gaminik.i18n","com.tap_to_translate.snap_translate","com.google.android.apps.translate","com.spaceship.screen.textcopy","com.niven.game","com.niven.translator","com.zaz.translate","com.newmg.yurao.pro","com.niven.comic","com.tranit.text.translate","com.microsoft.translator","screen.translator.voice.translate","com.eecorp.linguago","com.niven.apptranslate","translate.smartranit.language.text","com.datacomprojects.scanandtranslate","com.google.ar.lens","at.nk.tools.iTranslate","com.mg.yurao.google"]},{"rank":{"index":3,"lang":"id","country":"id","chineseCountryName":"印尼","pkg":"com.spaceship.screen.textcopy"},"orders":["com.recognize_text.translate.screen","com.tap_to_translate.snap_translate","com.spaceship.screen.textcopy","com.gaminik.i18n","com.mg.yurao.google","com.niven.game","com.niven.translator","com.niven.comic","com.newmg.yurao.pro","com.eecorp.linguago","com.google.android.apps.translate","com.niven.apptranslate","us.zoom.videomeetings","com.naver.labs.translator","com.youdao.hindict","com.andi.alquran.id","com.tangdi.baiguotong","at.nk.tools.iTranslate","com.zaz.translate","com.deepl.mobiletranslator"]},{"rank":{"index":4,"lang":"es-mx","country":"mx","chineseCountryName":"墨西哥","pkg":"com.spaceship.screen.textcopy"},"orders":["com.recognize_text.translate.screen","com.tap_to_translate.snap_translate","com.gaminik.i18n","com.spaceship.screen.textcopy","com.niven.game","com.niven.translator","com.mg.yurao.google","com.niven.comic","com.newmg.yurao.pro","com.niven.apptranslate","at.nk.tools.iTranslate","com.eecorp.linguago"]}]