[{"rank":{"index":2,"lang":"en-us","country":"us","chineseCountryName":"美国","pkg":"com.spaceship.screen.textcopy"},"orders":["com.recognize_text.translate.screen","com.spaceship.screen.textcopy","com.tap_to_translate.snap_translate","com.gaminik.i18n","com.mg.yurao.google","com.microsoft.translator","com.google.android.apps.translate","com.niven.game","com.niven.translator","com.eecorp.linguago","com.niven.comic","com.translator.yellow","at.nk.tools.iTranslate","screen.translator.voice.translate","com.newmg.yurao.pro","com.niven.apptranslate","com.naver.labs.translator","com.tangdi.baiguotong","com.translate.app","com.eecorp.taptranslator"]},{"rank":{"index":3,"lang":"ru","country":"ru","chineseCountryName":"俄罗斯","pkg":"com.spaceship.screen.textcopy"},"orders":["com.recognize_text.translate.screen","com.tap_to_translate.snap_translate","com.spaceship.screen.textcopy","com.niven.game","com.niven.translator","com.gaminik.i18n","com.google.android.apps.translate","com.microsoft.translator","com.niven.comic","com.eecorp.linguago","com.niven.apptranslate","screen.translator.voice.translate","at.nk.tools.iTranslate","com.pidev.screentranslator","ru.yandex.translate","com.chat_translate.screen_translate","com.tangdi.baiguotong","com.zaz.translate","com.tranit.text.translate","com.android.chrome"]},{"rank":{"index":2,"lang":"pt-br","country":"br","chineseCountryName":"巴西","pkg":"com.spaceship.screen.textcopy"},"orders":["com.recognize_text.translate.screen","com.spaceship.screen.textcopy","com.tap_to_translate.snap_translate","com.gaminik.i18n","com.niven.game","com.mg.yurao.google","com.niven.translator","com.niven.comic","com.eecorp.linguago","com.niven.apptranslate","com.google.android.apps.translate","screen.translator.voice.translate","at.nk.tools.iTranslate","com.tranit.text.translate","com.zaz.translate","com.chat_translate.screen_translate","com.pidev.screentranslator","com.microsoft.translator","com.discord","us.zoom.videomeetings"]},{"rank":{"index":2,"lang":"fr","country":"fr","chineseCountryName":"法国","pkg":"com.spaceship.screen.textcopy"},"orders":["com.recognize_text.translate.screen","com.spaceship.screen.textcopy","com.gaminik.i18n","com.eecorp.linguago","com.niven.game","com.mg.yurao.google","com.tap_to_translate.snap_translate","com.niven.translator","com.niven.comic","com.translator.yellow","screen.translator.voice.translate","com.niven.apptranslate","at.nk.tools.iTranslate","com.microsoft.translator","com.google.android.apps.translate","com.newmg.yurao.pro","com.zaz.translate","com.chat_translate.screen_translate","com.appgroup.app.arcamera","com.translate.app"]},{"rank":{"index":2,"lang":"en-gb","country":"gb","chineseCountryName":"英国","pkg":"com.spaceship.screen.textcopy"},"orders":["com.recognize_text.translate.screen","com.spaceship.screen.textcopy","com.tap_to_translate.snap_translate","com.mg.yurao.google","com.microsoft.translator","com.google.android.apps.translate","com.gaminik.i18n","com.niven.game","com.niven.translator","screen.translator.voice.translate","com.translator.yellow","com.eecorp.linguago","com.niven.comic","at.nk.tools.iTranslate","com.newmg.yurao.pro","com.niven.apptranslate","com.zaz.translate","com.naver.labs.translator","com.tranit.text.translate","com.translate.app"]},{"rank":{"index":2,"lang":"de","country":"de","chineseCountryName":"德国","pkg":"com.spaceship.screen.textcopy"},"orders":["com.recognize_text.translate.screen","com.spaceship.screen.textcopy","com.gaminik.i18n","com.mg.yurao.google","com.niven.game","com.niven.translator","com.tap_to_translate.snap_translate","com.eecorp.linguago","com.niven.comic","com.niven.apptranslate","screen.translator.voice.translate","com.newmg.yurao.pro","com.microsoft.translator","com.translator.yellow","com.google.android.apps.translate","at.nk.tools.iTranslate","com.chat_translate.screen_translate","com.pidev.screentranslator","com.zaz.translate","ru.yandex.translate"]},{"rank":{"index":2,"lang":"it","country":"it","chineseCountryName":"意大利","pkg":"com.spaceship.screen.textcopy"},"orders":["com.recognize_text.translate.screen","com.spaceship.screen.textcopy","com.gaminik.i18n","com.niven.game","com.mg.yurao.google","screen.translator.voice.translate","com.tap_to_translate.snap_translate","com.eecorp.linguago","com.niven.translator","com.niven.comic","com.translator.yellow","com.niven.apptranslate","com.newmg.yurao.pro","at.nk.tools.iTranslate","com.eecorp.taptranslator","com.google.android.apps.translate","com.zaz.translate","com.microsoft.translator","com.pidev.screentranslator","com.chat_translate.screen_translate"]},{"rank":{"index":3,"lang":"ja","country":"jp","chineseCountryName":"日本","pkg":"com.spaceship.screen.textcopy"},"orders":["com.recognize_text.translate.screen","com.gaminik.i18n","com.spaceship.screen.textcopy","com.eecorp.linguago","com.mg.yurao.google","com.niven.game","com.tap_to_translate.snap_translate","com.google.android.apps.translate","com.newmg.yurao.pro","com.niven.comic","com.niven.translator","us.zoom.videomeetings","com.deepl.mobiletranslator"]},{"rank":{"index":2,"lang":"ko","country":"kr","chineseCountryName":"韩国","pkg":"com.spaceship.screen.textcopy"},"orders":["com.recognize_text.translate.screen","com.spaceship.screen.textcopy","com.tap_to_translate.snap_translate","com.google.android.apps.translate","com.mg.yurao.google","com.gaminik.i18n","com.microsoft.translator","com.niven.game","com.naver.labs.translator","com.newmg.yurao.pro","com.niven.translator","at.nk.tools.iTranslate","com.niven.comic","com.niven.apptranslate","com.deepl.mobiletranslator","com.flitto.app","com.voice_camera_free_translate","xbean.image.picture.translate.ocr","com.translate.talkingtranslator","com.zaz.translate"]},{"rank":{"index":2,"lang":"zh-hk","country":"hk","chineseCountryName":"香港","pkg":"com.spaceship.screen.textcopy"},"orders":["com.recognize_text.translate.screen","com.spaceship.screen.textcopy","com.tap_to_translate.snap_translate","com.niven.game","com.mg.yurao.google","com.gaminik.i18n","com.niven.translator","com.microsoft.translator","com.google.android.apps.translate","com.eecorp.linguago","com.niven.comic","com.newmg.yurao.pro","com.niven.apptranslate","at.nk.tools.iTranslate","screen.translator.voice.translate","com.tangdi.baiguotong","com.zaz.translate","com.eecorp.taptranslator","com.naver.labs.translator","com.pidev.screentranslator"]},{"rank":{"index":4,"lang":"zh-tw","country":"tw","chineseCountryName":"台湾","pkg":"com.spaceship.screen.textcopy"},"orders":["com.recognize_text.translate.screen","com.mg.yurao.google","com.tap_to_translate.snap_translate","com.spaceship.screen.textcopy","com.niven.game","com.gaminik.i18n","com.niven.translator","com.google.android.apps.translate","com.microsoft.translator","com.niven.comic","com.eecorp.linguago","com.newmg.yurao.pro","at.nk.tools.iTranslate"]},{"rank":{"index":2,"lang":"en","country":"in","chineseCountryName":"印度","pkg":"com.spaceship.screen.textcopy"},"orders":["com.recognize_text.translate.screen","com.spaceship.screen.textcopy","com.tap_to_translate.snap_translate","com.google.android.apps.translate","com.niven.game","screen.translator.voice.translate","com.gaminik.i18n","com.niven.translator","com.zaz.translate","com.eecorp.linguago","com.microsoft.translator","com.niven.comic","com.newmg.yurao.pro","com.tranit.text.translate","at.nk.tools.iTranslate","com.niven.apptranslate","com.pidev.screentranslator","com.mg.yurao.google"]},{"rank":{"index":2,"lang":"id","country":"id","chineseCountryName":"印尼","pkg":"com.spaceship.screen.textcopy"},"orders":["com.recognize_text.translate.screen","com.spaceship.screen.textcopy","com.gaminik.i18n","com.mg.yurao.google","com.niven.game","com.tap_to_translate.snap_translate","com.eecorp.linguago","com.niven.translator","com.newmg.yurao.pro","com.niven.comic","com.google.android.apps.translate","com.niven.apptranslate","com.pidev.screentranslator","com.youdao.hindict","com.tangdi.baiguotong","us.zoom.videomeetings","com.chat_translate.screen_translate","screen.translator.voice.translate","com.naver.labs.translator","at.nk.tools.iTranslate"]},{"rank":{"index":4,"lang":"es-mx","country":"mx","chineseCountryName":"墨西哥","pkg":"com.spaceship.screen.textcopy"},"orders":["com.recognize_text.translate.screen","com.gaminik.i18n","com.tap_to_translate.snap_translate","com.spaceship.screen.textcopy","com.niven.game","com.mg.yurao.google","com.niven.translator","com.niven.comic","com.eecorp.linguago","com.niven.apptranslate","at.nk.tools.iTranslate","com.newmg.yurao.pro","com.microsoft.translator","com.google.android.apps.translate","screen.translator.voice.translate","com.aldoo.pdftranslatorpro","com.youdao.hindict","com.zaz.translate","com.chat_translate.screen_translate","com.translator.translation.screen.translate.voice.languages.text.translating"]}]