[{"rank":{"index":2,"lang":"en-us","country":"us","chineseCountryName":"美国","pkg":"com.spaceship.screen.textcopy"},"orders":["com.recognize_text.translate.screen","com.spaceship.screen.textcopy","com.niven.translator","com.microsoft.translator","com.gaminik.i18n","com.google.android.apps.translate","com.niven.game","com.tap_to_translate.snap_translate","at.nk.tools.iTranslate","com.newmg.yurao.pro","com.screen.translator.text.recognize","com.niven.comic","com.zaz.translate","com.screen.translate.google","com.eecorp.taptranslator","com.galaxy.airviewdictionary","com.audacityittranslator.translatetexttranslator","com.sayhi.android.sayhitranslate","com.translate.language.translator.voice.translation","com.language.translate.free.translator.voice.translation"]},{"rank":{"index":2,"lang":"ru","country":"ru","chineseCountryName":"俄罗斯","pkg":"com.spaceship.screen.textcopy"},"orders":["com.recognize_text.translate.screen","com.spaceship.screen.textcopy","com.niven.translator","com.tap_to_translate.snap_translate","com.niven.game","com.microsoft.translator","com.gaminik.i18n","at.nk.tools.iTranslate","com.niven.comic","com.screen.translator.text.recognize","com.newmg.yurao.pro","com.screen.translate.google","ru.yandex.translate","com.google.android.apps.translate","com.zaz.translate","com.translate.language.translator.voice.translation","com.niven.apptranslate","com.audacityittranslator.translatetexttranslator","com.galaxy.airviewdictionary","com.deepl.mobiletranslator"]},{"rank":{"index":2,"lang":"pt-br","country":"br","chineseCountryName":"巴西","pkg":"com.spaceship.screen.textcopy"},"orders":["com.recognize_text.translate.screen","com.spaceship.screen.textcopy","com.tap_to_translate.snap_translate","com.niven.translator","com.gaminik.i18n","com.niven.game","com.niven.comic","com.screen.translate.google","com.eecorp.linguago","com.microsoft.translator","com.youdao.hindict","translate.photo.translator.all.language.voice.translation.free.app","at.nk.tools.iTranslate","com.languagetranslator.translatorapp.smartscanner.dictionary.translation.voicetranslator","com.zaz.translate","com.google.android.apps.translate","com.language.translate.free.translator.voice.translation","com.eecorp.taptranslator","com.voice_camera_free_translate","com.image.camera.translate.ai"]},{"rank":{"index":2,"lang":"fr","country":"fr","chineseCountryName":"法国","pkg":"com.spaceship.screen.textcopy"},"orders":["com.recognize_text.translate.screen","com.spaceship.screen.textcopy","com.tap_to_translate.snap_translate","com.niven.translator","com.screen.translator.text.recognize","com.gaminik.i18n","com.niven.game","com.microsoft.translator","com.galaxy.airviewdictionary","com.niven.comic","at.nk.tools.iTranslate","com.audacityittranslator.translatetexttranslator","com.newmg.yurao.pro","com.eecorp.taptranslator","com.zaz.translate","com.screen.translate.google","com.niven.apptranslate","com.google.android.apps.translate","com.eecorp.linguago","com.tangdi.baiguotong"]},{"rank":{"index":2,"lang":"en-gb","country":"gb","chineseCountryName":"英国","pkg":"com.spaceship.screen.textcopy"},"orders":["com.recognize_text.translate.screen","com.spaceship.screen.textcopy","com.gaminik.i18n","com.microsoft.translator","com.niven.translator","com.google.android.apps.translate","com.tap_to_translate.snap_translate","com.niven.game","at.nk.tools.iTranslate","com.screen.translator.text.recognize","com.niven.comic","com.zaz.translate","com.newmg.yurao.pro","com.audacityittranslator.translatetexttranslator","com.sayhi.android.sayhitranslate","com.screen.translate.google","com.translate.language.translator.voice.translation","com.tangdi.baiguotong","com.language.translate.free.translator.voice.translation","com.youdao.hindict"]},{"rank":{"index":2,"lang":"de","country":"de","chineseCountryName":"德国","pkg":"com.spaceship.screen.textcopy"},"orders":["com.recognize_text.translate.screen","com.spaceship.screen.textcopy","com.niven.translator","com.microsoft.translator","com.gaminik.i18n","com.niven.game","com.tap_to_translate.snap_translate","com.screen.translator.text.recognize","at.nk.tools.iTranslate","com.niven.comic","com.newmg.yurao.pro","com.audacityittranslator.translatetexttranslator","com.google.android.apps.translate","com.deepl.mobiletranslator","com.translate.talkingtranslator","com.screen.translate.google","com.galaxy.airviewdictionary","com.language.translate.free.translator.voice.translation","com.zaz.translate","com.translate.language.translator.voice.translation"]},{"rank":{"index":2,"lang":"it","country":"it","chineseCountryName":"意大利","pkg":"com.spaceship.screen.textcopy"},"orders":["com.recognize_text.translate.screen","com.spaceship.screen.textcopy","com.niven.translator","com.gaminik.i18n","com.niven.game","com.tap_to_translate.snap_translate","com.screen.translator.text.recognize","com.microsoft.translator","com.niven.comic","at.nk.tools.iTranslate","com.newmg.yurao.pro","com.galaxy.airviewdictionary","com.audacityittranslator.translatetexttranslator","com.screen.translate.google","com.google.android.apps.translate","com.tangdi.baiguotong","com.aldoo.pdftranslatorpro","com.niven.apptranslate","com.language.translate.free.translator.voice.translation","com.eecorp.taptranslator"]},{"rank":{"index":2,"lang":"ja","country":"jp","chineseCountryName":"日本","pkg":"com.spaceship.screen.textcopy"},"orders":["com.recognize_text.translate.screen","com.spaceship.screen.textcopy","com.niven.translator","com.gaminik.i18n","com.microsoft.translator","com.niven.game","com.tap_to_translate.snap_translate","com.screen.translator.text.recognize","com.niven.comic","at.nk.tools.iTranslate","com.deepl.mobiletranslator","com.newmg.yurao.pro","com.tangdi.baiguotong","com.screen.translate.google","com.google.android.apps.translate","com.naver.labs.translator","com.galaxy.airviewdictionary","com.niven.apptranslate","com.translate.talkingtranslator","com.sayhi.android.sayhitranslate"]},{"rank":{"index":2,"lang":"ko","country":"kr","chineseCountryName":"韩国","pkg":"com.spaceship.screen.textcopy"},"orders":["com.recognize_text.translate.screen","com.spaceship.screen.textcopy","com.tap_to_translate.snap_translate","com.microsoft.translator","com.gaminik.i18n","com.niven.translator","com.niven.game","com.google.android.apps.translate","com.screen.translator.text.recognize","at.nk.tools.iTranslate","com.niven.comic","com.naver.labs.translator","com.newmg.yurao.pro","com.zaz.translate","com.screen.translate.google","com.translate.language.translator.voice.translation","com.audacityittranslator.translatetexttranslator","com.eecorp.taptranslator","com.sayhi.android.sayhitranslate","com.language.translate.free.translator.voice.translation"]},{"rank":{"index":2,"lang":"zh-hk","country":"hk","chineseCountryName":"香港","pkg":"com.spaceship.screen.textcopy"},"orders":["com.recognize_text.translate.screen","com.spaceship.screen.textcopy","com.microsoft.translator","com.gaminik.i18n","com.niven.translator","com.niven.game","com.google.android.apps.translate","at.nk.tools.iTranslate","com.tap_to_translate.snap_translate","com.screen.translator.text.recognize","com.niven.comic","com.tangdi.baiguotong","com.zaz.translate","com.translate.language.translator.voice.translation","com.newmg.yurao.pro","com.language.translate.free.translator.voice.translation","com.youdao.hindict","com.galaxy.airviewdictionary","com.screen.translate.google","com.image.camera.translate.ai"]},{"rank":{"index":2,"lang":"zh-tw","country":"tw","chineseCountryName":"台湾","pkg":"com.spaceship.screen.textcopy"},"orders":["com.recognize_text.translate.screen","com.spaceship.screen.textcopy","com.microsoft.translator","com.gaminik.i18n","com.niven.game","com.niven.translator","at.nk.tools.iTranslate","com.tap_to_translate.snap_translate","com.screen.translator.text.recognize","com.niven.comic","com.tangdi.baiguotong","com.translate.language.translator.voice.translation","com.youdao.hindict","com.newmg.yurao.pro","com.google.android.apps.translate","com.zaz.translate","com.language.translate.free.translator.voice.translation","com.screen.translate.google","com.audacityittranslator.translatetexttranslator","com.galaxy.airviewdictionary"]},{"rank":{"index":2,"lang":"en","country":"in","chineseCountryName":"印度","pkg":"com.spaceship.screen.textcopy"},"orders":["com.recognize_text.translate.screen","com.spaceship.screen.textcopy","com.tap_to_translate.snap_translate","com.google.android.apps.translate","com.newmg.yurao.pro","at.nk.tools.iTranslate","com.zaz.translate","com.niven.translator","com.niven.game","com.gaminik.i18n","com.microsoft.translator"]},{"rank":{"index":2,"lang":"id","country":"id","chineseCountryName":"印尼","pkg":"com.spaceship.screen.textcopy"},"orders":["com.recognize_text.translate.screen","com.spaceship.screen.textcopy","com.tap_to_translate.snap_translate","com.niven.translator","com.gaminik.i18n","com.niven.game","com.niven.comic","com.youdao.hindict","com.screen.translator.text.recognize","com.newmg.yurao.pro","com.screen.translate.google","at.nk.tools.iTranslate","com.google.android.apps.translate","com.microsoft.translator"]},{"rank":{"index":2,"lang":"es-mx","country":"mx","chineseCountryName":"墨西哥","pkg":"com.spaceship.screen.textcopy"},"orders":["com.recognize_text.translate.screen","com.spaceship.screen.textcopy","com.niven.translator","com.screen.translator.text.recognize","com.gaminik.i18n","com.niven.game","com.galaxy.airviewdictionary","com.tap_to_translate.snap_translate","com.niven.comic","com.microsoft.translator","at.nk.tools.iTranslate","com.newmg.yurao.pro","com.screen.translate.google","com.audacityittranslator.translatetexttranslator","com.eecorp.taptranslator","com.niven.apptranslate","com.tangdi.baiguotong","com.eecorp.linguago","com.zaz.translate","com.google.android.apps.translate"]}]