[{"rank":{"index":2,"lang":"en-us","country":"us","chineseCountryName":"美国","pkg":"com.spaceship.screen.textcopy"},"orders":["com.recognize_text.translate.screen","com.spaceship.screen.textcopy","com.google.android.apps.translate","com.microsoft.translator","com.screen.translate.google","com.niven.translator","com.gaminik.i18n","com.niven.game","at.nk.tools.iTranslate","com.sayhi.android.sayhitranslate","com.zaz.translate","com.niven.comic","com.easytranslate.easytranslate","com.newmg.yurao.pro","com.tangdi.baiguotong","com.datacomprojects.scanandtranslate","com.deepl.mobiletranslator","com.naver.labs.translator","com.flabs.screen.translate","com.translate.language.translator.voice.translation"]},{"rank":{"index":2,"lang":"ru","country":"ru","chineseCountryName":"俄罗斯","pkg":"com.spaceship.screen.textcopy"},"orders":["com.recognize_text.translate.screen","com.spaceship.screen.textcopy","com.niven.translator","com.niven.game","com.gaminik.i18n","com.screen.translate.google","com.tap_to_translate.snap_translate","ru.yandex.translate","com.niven.comic","com.newmg.yurao.pro","com.microsoft.translator","com.google.android.apps.translate","com.flabs.screen.translate","com.deepl.mobiletranslator","com.datacomprojects.scanandtranslate","com.screen.translator.text.recognize","com.android.chrome","com.naver.labs.translator","com.niven.apptranslate","com.facebook.orca"]},{"rank":{"index":2,"lang":"fr","country":"fr","chineseCountryName":"法国","pkg":"com.spaceship.screen.textcopy"},"orders":["com.recognize_text.translate.screen","com.spaceship.screen.textcopy","com.gaminik.i18n","com.niven.game","com.niven.translator","com.screen.translate.google","com.microsoft.translator","com.google.android.apps.translate","com.tap_to_translate.snap_translate","com.niven.comic","com.newmg.yurao.pro","com.zaz.translate","com.flabs.screen.translate","at.nk.tools.iTranslate","ru.yandex.translate","com.deepl.mobiletranslator","com.sayhi.android.sayhitranslate","com.datacomprojects.scanandtranslate","com.screen.translator.text.recognize","com.tranit.text.translate"]},{"rank":{"index":2,"lang":"en-gb","country":"gb","chineseCountryName":"英国","pkg":"com.spaceship.screen.textcopy"},"orders":["com.recognize_text.translate.screen","com.spaceship.screen.textcopy","com.gaminik.i18n","com.google.android.apps.translate","com.screen.translate.google","com.microsoft.translator","com.niven.translator","com.niven.game","at.nk.tools.iTranslate","com.zaz.translate","com.niven.comic","com.sayhi.android.sayhitranslate","ru.yandex.translate","com.deepl.mobiletranslator","com.newmg.yurao.pro","com.tranit.text.translate","com.tangdi.baiguotong","com.flabs.screen.translate","com.datacomprojects.scanandtranslate","com.easytranslate.easytranslate"]},{"rank":{"index":2,"lang":"de","country":"de","chineseCountryName":"德国","pkg":"com.spaceship.screen.textcopy"},"orders":["com.recognize_text.translate.screen","com.spaceship.screen.textcopy","com.gaminik.i18n","com.screen.translate.google","com.niven.translator","com.niven.game","com.microsoft.translator","com.google.android.apps.translate","com.niven.comic","com.newmg.yurao.pro","com.sayhi.android.sayhitranslate","com.deepl.mobiletranslator","at.nk.tools.iTranslate","com.image.camera.translate.ai","com.screen.translator.text.recognize","com.audacityittranslator.translatetexttranslator","ru.yandex.translate","com.translate.talkingtranslator","com.flabs.screen.translate","com.zaz.translate"]},{"rank":{"index":2,"lang":"it","country":"it","chineseCountryName":"意大利","pkg":"com.spaceship.screen.textcopy"},"orders":["com.recognize_text.translate.screen","com.spaceship.screen.textcopy","com.niven.game","com.gaminik.i18n","com.niven.translator","com.screen.translate.google","com.microsoft.translator","com.google.android.apps.translate","com.niven.comic","com.newmg.yurao.pro","at.nk.tools.iTranslate"]},{"rank":{"index":2,"lang":"ja","country":"jp","chineseCountryName":"日本","pkg":"com.spaceship.screen.textcopy"},"orders":["com.recognize_text.translate.screen","com.spaceship.screen.textcopy","com.gaminik.i18n","com.screen.translate.google","com.niven.translator","com.niven.game","com.microsoft.translator","com.google.android.apps.translate","com.niven.comic","com.newmg.yurao.pro","com.tap_to_translate.snap_translate","com.deepl.mobiletranslator","com.naver.labs.translator","com.google.ar.lens","at.nk.tools.iTranslate","com.sayhi.android.sayhitranslate","com.android.chrome","com.mazii.dictionary","com.translate.talkingtranslator","com.facebook.orca"]},{"rank":{"index":2,"lang":"ko","country":"kr","chineseCountryName":"韩国","pkg":"com.spaceship.screen.textcopy"},"orders":["com.recognize_text.translate.screen","com.spaceship.screen.textcopy","com.niven.game","com.gaminik.i18n","com.niven.translator","com.screen.translate.google","com.newmg.yurao.pro","com.niven.comic","com.google.android.apps.translate","com.naver.labs.translator","com.microsoft.translator","com.facebook.orca","com.discord","com.sec.android.app.sbrowser","com.android.chrome","com.google.android.apps.photos","us.zoom.videomeetings","com.duolingo","com.openai.chatgpt","com.niven.apptranslate"]},{"rank":{"index":2,"lang":"zh-hk","country":"hk","chineseCountryName":"香港","pkg":"com.spaceship.screen.textcopy"},"orders":["com.recognize_text.translate.screen","com.spaceship.screen.textcopy","com.screen.translate.google","com.niven.game","com.niven.translator","com.gaminik.i18n","com.microsoft.translator","com.google.android.apps.translate","at.nk.tools.iTranslate","com.niven.comic","com.naver.labs.translator","com.datacomprojects.scanandtranslate","com.newmg.yurao.pro","com.sayhi.android.sayhitranslate","com.zaz.translate","com.flabs.screen.translate","com.tap_to_translate.snap_translate","com.translate.talkingtranslator","com.deepl.mobiletranslator","com.kursx.smartbook"]},{"rank":{"index":2,"lang":"zh-tw","country":"tw","chineseCountryName":"台湾","pkg":"com.spaceship.screen.textcopy"},"orders":["com.recognize_text.translate.screen","com.spaceship.screen.textcopy","com.screen.translate.google","com.niven.game","com.niven.translator","com.gaminik.i18n","com.microsoft.translator","com.google.android.apps.translate","at.nk.tools.iTranslate","com.niven.comic","com.sayhi.android.sayhitranslate","com.naver.labs.translator","com.newmg.yurao.pro","com.zaz.translate","com.tap_to_translate.snap_translate","com.flabs.screen.translate","com.datacomprojects.scanandtranslate","com.translate.talkingtranslator","ru.yandex.translate","com.tangdi.baiguotong"]},{"rank":{"index":3,"lang":"en","country":"in","chineseCountryName":"印度","pkg":"com.spaceship.screen.textcopy"},"orders":["com.recognize_text.translate.screen","com.google.android.apps.translate","com.spaceship.screen.textcopy","com.microsoft.translator","com.niven.game","com.tap_to_translate.snap_translate","com.niven.translator","com.newmg.yurao.pro","com.zaz.translate","com.gaminik.i18n","at.nk.tools.iTranslate","com.screen.translate.google","com.sayhi.android.sayhitranslate","ru.yandex.translate","com.naver.labs.translator","com.deepl.mobiletranslator","com.datacomprojects.scanandtranslate","com.softissimo.reverso.context","com.google.ar.lens","com.tranit.text.translate"]},{"rank":{"index":2,"lang":"id","country":"id","chineseCountryName":"印尼","pkg":"com.spaceship.screen.textcopy"},"orders":["com.recognize_text.translate.screen","com.spaceship.screen.textcopy","com.niven.game","com.gaminik.i18n","com.niven.translator","com.screen.translate.google","com.tap_to_translate.snap_translate","com.niven.comic","com.newmg.yurao.pro","com.google.android.apps.translate","com.eecorp.taptranslator","com.facebook.orca","com.microsoft.translator","com.android.chrome"]},{"rank":{"index":2,"lang":"es-mx","country":"mx","chineseCountryName":"墨西哥","pkg":"com.spaceship.screen.textcopy"},"orders":["com.recognize_text.translate.screen","com.spaceship.screen.textcopy","com.tap_to_translate.snap_translate","com.niven.game","com.microsoft.translator","com.google.android.apps.translate","com.gaminik.i18n","at.nk.tools.iTranslate","com.screen.translate.google","com.deepl.mobiletranslator","com.youdao.hindict","com.niven.comic","com.newmg.yurao.pro","ru.yandex.translate","com.naver.labs.translator","com.sayhi.android.sayhitranslate","com.niven.translator"]}]