[{"rank":{"index":2,"lang":"en-us","country":"us","chineseCountryName":"美国","pkg":"com.spaceship.screen.textcopy"},"orders":["com.recognize_text.translate.screen","com.spaceship.screen.textcopy","com.google.android.apps.translate","com.tap_to_translate.snap_translate","com.gaminik.i18n","com.niven.translator","com.microsoft.translator","com.newmg.yurao.pro","at.nk.tools.iTranslate","com.zaz.translate","com.aurasense.screentranslate","ru.yandex.translate","com.deepl.mobiletranslator","photo.translate.camera.translator","co.appnation.aivoicetranslator"]},{"rank":{"index":2,"lang":"ru","country":"ru","chineseCountryName":"俄罗斯","pkg":"com.spaceship.screen.textcopy"},"orders":["com.recognize_text.translate.screen","com.spaceship.screen.textcopy","com.niven.translator","com.tap_to_translate.snap_translate","com.google.android.apps.translate","com.gaminik.i18n","com.newmg.yurao.pro","at.nk.tools.iTranslate","com.microsoft.translator","ru.yandex.translate","com.zaz.translate","photo.translate.camera.translator","com.yoyodev.screentranslate","com.niven.game"]},{"rank":{"index":2,"lang":"pt-br","country":"br","chineseCountryName":"巴西","pkg":"com.spaceship.screen.textcopy"},"orders":["com.recognize_text.translate.screen","com.spaceship.screen.textcopy","com.tap_to_translate.snap_translate","com.gaminik.i18n","com.niven.translator","com.google.android.apps.translate","com.newmg.yurao.pro","at.nk.tools.iTranslate","photo.translate.camera.translator","com.microsoft.translator","com.fapp.translate.language.translator.fasttranslation","com.niven.game","ru.yandex.translate","co.appnation.aivoicetranslator","com.niven.apptranslate","com.screen.translate.google","com.zaz.translate","live.screentranslate.realtime","com.mg.chat","com.deepl.mobiletranslator"]},{"rank":{"index":2,"lang":"fr","country":"fr","chineseCountryName":"法国","pkg":"com.spaceship.screen.textcopy"},"orders":["com.recognize_text.translate.screen","com.spaceship.screen.textcopy","com.tap_to_translate.snap_translate","com.gaminik.i18n","com.google.android.apps.translate","com.niven.translator","com.newmg.yurao.pro","at.nk.tools.iTranslate","com.zaz.translate","photo.translate.camera.translator","com.aurasense.screentranslate","com.microsoft.translator","ru.yandex.translate","co.appnation.aivoicetranslator","com.fapp.translate.language.translator.fasttranslation","com.yoyodev.screentranslate","com.deepl.mobiletranslator","com.niven.game","com.live.translator.ai","com.datacomprojects.scanandtranslate"]},{"rank":{"index":2,"lang":"en-gb","country":"gb","chineseCountryName":"英国","pkg":"com.spaceship.screen.textcopy"},"orders":["com.recognize_text.translate.screen","com.spaceship.screen.textcopy","com.tap_to_translate.snap_translate","com.google.android.apps.translate","com.niven.translator","com.gaminik.i18n","at.nk.tools.iTranslate","com.microsoft.translator","com.zaz.translate","com.newmg.yurao.pro","com.aurasense.screentranslate","ru.yandex.translate","photo.translate.camera.translator","com.deepl.mobiletranslator","co.appnation.aivoicetranslator","com.fapp.translate.language.translator.fasttranslation","translate.speech.text.translation.voicetranslator","com.simyasolutions.translate","com.yoyodev.screentranslate","com.niven.game"]},{"rank":{"index":2,"lang":"de","country":"de","chineseCountryName":"德国","pkg":"com.spaceship.screen.textcopy"},"orders":["com.recognize_text.translate.screen","com.spaceship.screen.textcopy","com.tap_to_translate.snap_translate","com.niven.translator","com.gaminik.i18n","com.google.android.apps.translate","com.newmg.yurao.pro","at.nk.tools.iTranslate","com.aurasense.screentranslate","com.zaz.translate","com.yoyodev.screentranslate","photo.translate.camera.translator","co.appnation.aivoicetranslator","ru.yandex.translate","com.microsoft.translator","com.niven.apptranslate","com.fapp.translate.language.translator.fasttranslation","com.deepl.mobiletranslator","com.screen.translate.google","com.niven.game"]},{"rank":{"index":2,"lang":"it","country":"it","chineseCountryName":"意大利","pkg":"com.spaceship.screen.textcopy"},"orders":["com.recognize_text.translate.screen","com.spaceship.screen.textcopy","com.tap_to_translate.snap_translate","com.gaminik.i18n","com.google.android.apps.translate","com.niven.translator","com.microsoft.translator","com.newmg.yurao.pro","at.nk.tools.iTranslate","com.zaz.translate","com.aurasense.screentranslate","co.appnation.aivoicetranslator","photo.translate.camera.translator","ru.yandex.translate"]},{"rank":{"index":2,"lang":"ja","country":"jp","chineseCountryName":"日本","pkg":"com.spaceship.screen.textcopy"},"orders":["com.recognize_text.translate.screen","com.spaceship.screen.textcopy","com.tap_to_translate.snap_translate","com.gaminik.i18n","com.google.android.apps.translate","com.microsoft.translator","at.nk.tools.iTranslate","com.newmg.yurao.pro","com.aurasense.screentranslate"]},{"rank":{"index":2,"lang":"ko","country":"kr","chineseCountryName":"韩国","pkg":"com.spaceship.screen.textcopy"},"orders":["com.recognize_text.translate.screen","com.spaceship.screen.textcopy","com.tap_to_translate.snap_translate","com.gaminik.i18n","com.niven.translator","com.google.android.apps.translate","com.newmg.yurao.pro","com.microsoft.translator","at.nk.tools.iTranslate","com.aurasense.screentranslate","photo.translate.camera.translator","ru.yandex.translate","co.appnation.aivoicetranslator"]},{"rank":{"index":2,"lang":"zh-hk","country":"hk","chineseCountryName":"香港","pkg":"com.spaceship.screen.textcopy"},"orders":["com.recognize_text.translate.screen","com.spaceship.screen.textcopy","com.tap_to_translate.snap_translate","com.newmg.yurao.pro","com.google.android.apps.translate","com.gaminik.i18n","com.microsoft.translator","at.nk.tools.iTranslate","com.niven.translator","com.zaz.translate","com.aurasense.screentranslate","ru.yandex.translate","photo.translate.camera.translator","co.appnation.aivoicetranslator"]},{"rank":{"index":2,"lang":"zh-tw","country":"tw","chineseCountryName":"台湾","pkg":"com.spaceship.screen.textcopy"},"orders":["com.recognize_text.translate.screen","com.spaceship.screen.textcopy","com.google.android.apps.translate","com.gaminik.i18n","com.newmg.yurao.pro","at.nk.tools.iTranslate","com.tap_to_translate.snap_translate","com.microsoft.translator","com.niven.translator","com.aurasense.screentranslate","com.zaz.translate","ru.yandex.translate","photo.translate.camera.translator","co.appnation.aivoicetranslator"]},{"rank":{"index":0,"lang":"en","country":"in","chineseCountryName":"印度","pkg":"com.spaceship.screen.textcopy"},"orders":["com.recognize_text.translate.screen","com.google.android.apps.translate","com.tap_to_translate.snap_translate"]},{"rank":{"index":2,"lang":"id","country":"id","chineseCountryName":"印尼","pkg":"com.spaceship.screen.textcopy"},"orders":["com.recognize_text.translate.screen","com.spaceship.screen.textcopy","com.tap_to_translate.snap_translate","com.niven.translator","com.gaminik.i18n","com.google.android.apps.translate","at.nk.tools.iTranslate","com.microsoft.translator","com.newmg.yurao.pro","com.aurasense.screentranslate","com.zaz.translate","com.deepl.mobiletranslator","photo.translate.camera.translator","com.niven.game","ru.yandex.translate","co.appnation.aivoicetranslator","com.fapp.translate.language.translator.fasttranslation","com.simyasolutions.translate","com.yoyodev.screentranslate","com.niven.apptranslate"]},{"rank":{"index":2,"lang":"es-mx","country":"mx","chineseCountryName":"墨西哥","pkg":"com.spaceship.screen.textcopy"},"orders":["com.recognize_text.translate.screen","com.spaceship.screen.textcopy","com.tap_to_translate.snap_translate","com.gaminik.i18n","com.niven.translator","com.newmg.yurao.pro","com.aurasense.screentranslate","at.nk.tools.iTranslate","com.google.android.apps.translate","photo.translate.camera.translator","com.niven.game","com.yoyodev.screentranslate","com.fapp.translate.language.translator.fasttranslation"]}]