[{"rank":{"index":2,"lang":"en-us","country":"us","chineseCountryName":"美国","pkg":"com.spaceship.screen.textcopy"},"orders":["com.recognize_text.translate.screen","com.spaceship.screen.textcopy","com.tap_to_translate.snap_translate","com.microsoft.translator","com.gaminik.i18n","com.google.android.apps.translate","screen.translator.voice.translate","com.niven.translator","com.screen.translate.google","com.languagetranslator.translatorapp.smartscanner.dictionary.translation.voicetranslator","com.niven.apptranslate","com.eecorp.linguago","com.niven.game","com.newmg.yurao.pro","com.niven.comic","com.zaz.translate","com.naver.labs.translator","com.translate.talkingtranslator","com.eecorp.taptranslator","at.nk.tools.iTranslate"]},{"rank":{"index":2,"lang":"ru","country":"ru","chineseCountryName":"俄罗斯","pkg":"com.spaceship.screen.textcopy"},"orders":["com.recognize_text.translate.screen","com.spaceship.screen.textcopy","com.tap_to_translate.snap_translate","com.gaminik.i18n","com.niven.translator","com.microsoft.translator","com.google.android.apps.translate","com.niven.game","com.screen.translate.google","com.eecorp.linguago","com.niven.apptranslate","screen.translator.voice.translate","com.newmg.yurao.pro","com.niven.comic","ru.yandex.translate","com.zaz.translate","com.chat_translate.screen_translate","com.naver.labs.translator","all.language.translate.translator","com.translate.talkingtranslator"]},{"rank":{"index":2,"lang":"pt-br","country":"br","chineseCountryName":"巴西","pkg":"com.spaceship.screen.textcopy"},"orders":["com.recognize_text.translate.screen","com.spaceship.screen.textcopy","com.tap_to_translate.snap_translate","com.niven.translator","com.gaminik.i18n","screen.translator.voice.translate","com.eecorp.linguago","com.newmg.yurao.pro","com.niven.comic","com.google.android.apps.translate","all.language.translate.translator","com.niven.game","com.niven.apptranslate","com.screen.translate.google","com.microsoft.translator","com.chat_translate.screen_translate","com.google.android.apps.docs","com.google.android.apps.photos","com.android.chrome","us.zoom.videomeetings"]},{"rank":{"index":2,"lang":"fr","country":"fr","chineseCountryName":"法国","pkg":"com.spaceship.screen.textcopy"},"orders":["com.recognize_text.translate.screen","com.spaceship.screen.textcopy","com.gaminik.i18n","com.tap_to_translate.snap_translate","screen.translator.voice.translate","com.niven.translator","com.eecorp.linguago","com.microsoft.translator","com.google.android.apps.translate","com.chat_translate.screen_translate","com.screen.translate.google","com.languagetranslator.translatorapp.smartscanner.dictionary.translation.voicetranslator","com.duolingo","com.newmg.yurao.pro","com.google.android.apps.photos","com.discord","us.zoom.videomeetings","com.niven.apptranslate","com.android.chrome","com.google.android.apps.docs"]},{"rank":{"index":2,"lang":"en-gb","country":"gb","chineseCountryName":"英国","pkg":"com.spaceship.screen.textcopy"},"orders":["com.recognize_text.translate.screen","com.spaceship.screen.textcopy","com.tap_to_translate.snap_translate","com.microsoft.translator","com.google.android.apps.translate","com.gaminik.i18n","com.niven.translator","com.niven.comic","com.zaz.translate","com.niven.game","screen.translator.voice.translate","com.screen.translate.google","com.languagetranslator.translatorapp.smartscanner.dictionary.translation.voicetranslator","com.eecorp.linguago","com.newmg.yurao.pro","com.niven.apptranslate","com.translate.talkingtranslator","com.eecorp.taptranslator","com.naver.labs.translator","at.nk.tools.iTranslate"]},{"rank":{"index":2,"lang":"de","country":"de","chineseCountryName":"德国","pkg":"com.spaceship.screen.textcopy"},"orders":["com.recognize_text.translate.screen","com.spaceship.screen.textcopy","com.tap_to_translate.snap_translate","com.gaminik.i18n","com.niven.translator","screen.translator.voice.translate","com.eecorp.linguago","com.microsoft.translator","com.screen.translate.google","com.newmg.yurao.pro","com.languagetranslator.translatorapp.smartscanner.dictionary.translation.voicetranslator","com.niven.apptranslate","com.niven.comic","com.translate.talkingtranslator","com.eecorp.taptranslator","com.google.android.apps.translate","com.niven.game","com.chat_translate.screen_translate","com.zaz.translate","all.language.translate.translator"]},{"rank":{"index":2,"lang":"it","country":"it","chineseCountryName":"意大利","pkg":"com.spaceship.screen.textcopy"},"orders":["com.recognize_text.translate.screen","com.spaceship.screen.textcopy","screen.translator.voice.translate","com.gaminik.i18n","com.niven.translator","com.tap_to_translate.snap_translate","com.screen.translate.google","com.chat_translate.screen_translate","com.google.android.apps.translate","com.microsoft.translator","com.niven.comic","com.eecorp.linguago","com.niven.apptranslate","com.google.android.apps.photos","com.zaz.translate","com.discord","com.translate.talkingtranslator","us.zoom.videomeetings","com.duolingo","com.languagetranslator.translatorapp.smartscanner.dictionary.translation.voicetranslator"]},{"rank":{"index":2,"lang":"ja","country":"jp","chineseCountryName":"日本","pkg":"com.spaceship.screen.textcopy"},"orders":["com.recognize_text.translate.screen","com.spaceship.screen.textcopy","com.gaminik.i18n","com.niven.translator","com.tap_to_translate.snap_translate","com.naver.labs.translator","com.weekway.screen_translation","com.deepl.mobiletranslator","com.google.android.apps.translate","screen.translator.voice.translate","com.eecorp.linguago","com.niven.apptranslate","com.niven.comic","com.microsoft.translator","com.discord","com.android.chrome","us.zoom.videomeetings","com.google.android.apps.maps","com.galaxy.airviewdictionary","com.duolingo"]},{"rank":{"index":2,"lang":"ko","country":"kr","chineseCountryName":"韩国","pkg":"com.spaceship.screen.textcopy"},"orders":["com.recognize_text.translate.screen","com.spaceship.screen.textcopy","com.tap_to_translate.snap_translate","com.gaminik.i18n","com.microsoft.translator","com.screen.translate.google","com.niven.translator","com.google.android.apps.translate","com.naver.labs.translator","com.niven.game","com.newmg.yurao.pro","com.eecorp.linguago","com.languagetranslator.translatorapp.smartscanner.dictionary.translation.voicetranslator","com.niven.comic","com.niven.apptranslate","com.translate.talkingtranslator","screen.translator.voice.translate","com.eecorp.taptranslator","com.abbyy.mobile.textgrabber.full","com.zaz.translate"]},{"rank":{"index":2,"lang":"zh-hk","country":"hk","chineseCountryName":"香港","pkg":"com.spaceship.screen.textcopy"},"orders":["com.recognize_text.translate.screen","com.spaceship.screen.textcopy","com.microsoft.translator","com.gaminik.i18n","com.tap_to_translate.snap_translate","com.google.android.apps.translate","com.niven.translator","com.screen.translate.google","com.niven.game","com.newmg.yurao.pro","com.eecorp.linguago","com.niven.comic","com.niven.apptranslate","screen.translator.voice.translate","com.naver.labs.translator","at.nk.tools.iTranslate","com.languagetranslator.translatorapp.smartscanner.dictionary.translation.voicetranslator","com.abbyy.mobile.textgrabber.full","com.translate.talkingtranslator","all.language.translate.translator"]},{"rank":{"index":2,"lang":"zh-tw","country":"tw","chineseCountryName":"台湾","pkg":"com.spaceship.screen.textcopy"},"orders":["com.recognize_text.translate.screen","com.spaceship.screen.textcopy","com.tap_to_translate.snap_translate","com.gaminik.i18n","com.microsoft.translator","com.screen.translate.google","com.niven.translator","com.google.android.apps.translate","com.niven.game","com.eecorp.linguago","com.niven.comic","com.newmg.yurao.pro","com.translate.talkingtranslator","com.niven.apptranslate","screen.translator.voice.translate","com.naver.labs.translator","com.eecorp.taptranslator","at.nk.tools.iTranslate","all.language.translate.translator","com.zaz.translate"]},{"rank":{"index":2,"lang":"en","country":"in","chineseCountryName":"印度","pkg":"com.spaceship.screen.textcopy"},"orders":["com.recognize_text.translate.screen","com.spaceship.screen.textcopy","com.tap_to_translate.snap_translate","screen.translator.voice.translate","com.google.android.apps.translate","com.zaz.translate","com.niven.translator","com.microsoft.translator","com.gaminik.i18n","com.languagetranslator.translatorapp.smartscanner.dictionary.translation.voicetranslator","com.tranit.text.translate","com.newmg.yurao.pro","at.nk.tools.iTranslate","com.translate.talkingtranslator","free.translate.all.language.translator","all.language.translate.translator"]},{"rank":{"index":1,"lang":"id","country":"id","chineseCountryName":"印尼","pkg":"com.spaceship.screen.textcopy"},"orders":["com.spaceship.screen.textcopy","com.recognize_text.translate.screen","com.tap_to_translate.snap_translate","com.gaminik.i18n","com.eecorp.linguago","com.niven.translator","com.niven.apptranslate","com.newmg.yurao.pro","com.screen.translate.google","screen.translator.voice.translate","com.google.android.apps.translate","com.niven.comic","com.niven.game"]},{"rank":{"index":2,"lang":"es-mx","country":"mx","chineseCountryName":"墨西哥","pkg":"com.spaceship.screen.textcopy"},"orders":["com.recognize_text.translate.screen","com.spaceship.screen.textcopy","com.tap_to_translate.snap_translate","com.niven.translator","com.gaminik.i18n","screen.translator.voice.translate","com.eecorp.linguago","com.google.android.apps.translate","com.niven.apptranslate","com.screen.translate.google","com.niven.comic","all.language.translate.translator","com.languagetranslator.translatorapp.smartscanner.dictionary.translation.voicetranslator","com.google.android.apps.docs","com.google.android.apps.photos","com.microsoft.translator","us.zoom.videomeetings","com.android.chrome","com.discord","com.google.android.apps.maps"]}]