[{"rank":{"index":2,"lang":"en-us","country":"us","chineseCountryName":"美国","pkg":"com.spaceship.screen.textcopy"},"orders":["com.recognize_text.translate.screen","com.spaceship.screen.textcopy","com.niven.translator","com.hc.texttranslator.screentranslator.chattranslator","com.gaminik.i18n","com.newmg.yurao.pro","com.tap_to_translate.snap_translate","com.aurasense.screentranslate","com.google.android.apps.translate","com.screen.translate.google","com.eecorp.linguago","com.yoyodev.screentranslate","com.microsoft.translator","com.galaxy.airviewdictionary","translateonscreen.taptotranslate.screentranslator.screenandphototranslator","com.eecorp.taptranslator","com.screen.translator.text.recognize","com.deepl.mobiletranslator","com.zaz.translate","com.hive.lingonative"]},{"rank":{"index":2,"lang":"ru","country":"ru","chineseCountryName":"俄罗斯","pkg":"com.spaceship.screen.textcopy"},"orders":["com.recognize_text.translate.screen","com.spaceship.screen.textcopy","com.niven.translator","com.tap_to_translate.snap_translate","com.hc.texttranslator.screentranslator.chattranslator","com.gaminik.i18n","com.newmg.yurao.pro","com.aurasense.screentranslate","com.yoyodev.screentranslate","com.screen.translate.google","com.eecorp.linguago","com.galaxy.airviewdictionary","com.microsoft.translator","translateonscreen.taptotranslate.screentranslator.screenandphototranslator","com.screen.translator.text.recognize","com.google.android.apps.translate","live.screentranslate.realtime","com.hive.lingonative","screen.translator.voice.translate","com.niven.game"]},{"rank":{"index":2,"lang":"pt-br","country":"br","chineseCountryName":"巴西","pkg":"com.spaceship.screen.textcopy"},"orders":["com.recognize_text.translate.screen","com.spaceship.screen.textcopy","com.hc.texttranslator.screentranslator.chattranslator","com.niven.translator","com.gaminik.i18n","com.newmg.yurao.pro","com.tap_to_translate.snap_translate","com.aurasense.screentranslate","com.screen.translate.google","com.eecorp.linguago","com.galaxy.airviewdictionary","com.eecorp.taptranslator","translateonscreen.taptotranslate.screentranslator.screenandphototranslator","live.screentranslate.realtime","com.screen.translator.text.recognize","screen.translator.voice.translate","com.hive.lingonative","com.paninitranslate","com.google.android.apps.translate","com.niven.apptranslate"]},{"rank":{"index":2,"lang":"fr","country":"fr","chineseCountryName":"法国","pkg":"com.spaceship.screen.textcopy"},"orders":["com.recognize_text.translate.screen","com.spaceship.screen.textcopy","com.hc.texttranslator.screentranslator.chattranslator","com.gaminik.i18n","com.niven.translator","com.tap_to_translate.snap_translate","com.newmg.yurao.pro","com.aurasense.screentranslate","com.yoyodev.screentranslate","com.screen.translate.google","com.eecorp.linguago","live.screentranslate.realtime","com.hive.lingonative","com.eecorp.taptranslator","translateonscreen.taptotranslate.screentranslator.screenandphototranslator","com.galaxy.airviewdictionary","com.screen.translator.text.recognize","screen.translator.voice.translate","com.digtial_bytes.voice.translator.dictionary.languages.cameratranslator","com.niven.apptranslate"]},{"rank":{"index":2,"lang":"en-gb","country":"gb","chineseCountryName":"英国","pkg":"com.spaceship.screen.textcopy"},"orders":["com.recognize_text.translate.screen","com.spaceship.screen.textcopy","com.hc.texttranslator.screentranslator.chattranslator","com.niven.translator","com.tap_to_translate.snap_translate","com.newmg.yurao.pro","com.gaminik.i18n","com.aurasense.screentranslate","com.screen.translate.google","com.google.android.apps.translate","com.yoyodev.screentranslate","com.eecorp.linguago","com.microsoft.translator","com.galaxy.airviewdictionary","com.eecorp.taptranslator","translateonscreen.taptotranslate.screentranslator.screenandphototranslator","com.screen.translator.text.recognize","screen.translator.voice.translate","com.deepl.mobiletranslator","com.zaz.translate"]},{"rank":{"index":2,"lang":"de","country":"de","chineseCountryName":"德国","pkg":"com.spaceship.screen.textcopy"},"orders":["com.recognize_text.translate.screen","com.spaceship.screen.textcopy","com.hc.texttranslator.screentranslator.chattranslator","com.gaminik.i18n","com.niven.translator","com.tap_to_translate.snap_translate","com.newmg.yurao.pro","com.aurasense.screentranslate","com.yoyodev.screentranslate","com.screen.translate.google","com.eecorp.linguago","com.hive.lingonative","live.screentranslate.realtime","com.galaxy.airviewdictionary","com.eecorp.taptranslator","com.screen.translator.text.recognize","translateonscreen.taptotranslate.screentranslator.screenandphototranslator"]},{"rank":{"index":2,"lang":"it","country":"it","chineseCountryName":"意大利","pkg":"com.spaceship.screen.textcopy"},"orders":["com.recognize_text.translate.screen","com.spaceship.screen.textcopy","com.hc.texttranslator.screentranslator.chattranslator","com.gaminik.i18n","com.tap_to_translate.snap_translate","com.niven.translator","com.newmg.yurao.pro","com.screen.translate.google","com.yoyodev.screentranslate","com.aurasense.screentranslate","com.eecorp.linguago","com.hive.lingonative","live.screentranslate.realtime","com.galaxy.airviewdictionary","com.screen.translator.text.recognize","com.eecorp.taptranslator","translateonscreen.taptotranslate.screentranslator.screenandphototranslator"]},{"rank":{"index":2,"lang":"ja","country":"jp","chineseCountryName":"日本","pkg":"com.spaceship.screen.textcopy"},"orders":["com.recognize_text.translate.screen","com.spaceship.screen.textcopy","com.gaminik.i18n","com.hc.texttranslator.screentranslator.chattranslator","com.tap_to_translate.snap_translate","com.niven.translator","com.newmg.yurao.pro","com.aurasense.screentranslate","com.screen.translate.google","com.galaxy.airviewdictionary","com.eecorp.linguago","com.eecorp.taptranslator","com.hive.lingonative","com.screen.translator.text.recognize","screen.translator.voice.translate","com.google.android.apps.translate","live.screentranslate.realtime","translateonscreen.taptotranslate.screentranslator.screenandphototranslator","com.deepl.mobiletranslator","com.naver.labs.translator"]},{"rank":{"index":2,"lang":"ko","country":"kr","chineseCountryName":"韩国","pkg":"com.spaceship.screen.textcopy"},"orders":["com.recognize_text.translate.screen","com.spaceship.screen.textcopy","com.gaminik.i18n","com.hc.texttranslator.screentranslator.chattranslator","com.tap_to_translate.snap_translate","com.niven.translator","com.newmg.yurao.pro","com.aurasense.screentranslate","com.screen.translate.google","com.eecorp.linguago","com.hive.lingonative"]},{"rank":{"index":2,"lang":"zh-hk","country":"hk","chineseCountryName":"香港","pkg":"com.spaceship.screen.textcopy"},"orders":["com.recognize_text.translate.screen","com.spaceship.screen.textcopy","com.tap_to_translate.snap_translate","com.hc.texttranslator.screentranslator.chattranslator","com.gaminik.i18n","com.newmg.yurao.pro","com.niven.translator","com.aurasense.screentranslate","com.screen.translate.google","com.eecorp.linguago","com.yoyodev.screentranslate","com.google.android.apps.translate","com.galaxy.airviewdictionary","com.microsoft.translator","com.eecorp.taptranslator","translateonscreen.taptotranslate.screentranslator.screenandphototranslator","com.screen.translator.text.recognize","screen.translator.voice.translate","live.screentranslate.realtime","com.deepl.mobiletranslator"]},{"rank":{"index":2,"lang":"zh-tw","country":"tw","chineseCountryName":"台湾","pkg":"com.spaceship.screen.textcopy"},"orders":["com.recognize_text.translate.screen","com.spaceship.screen.textcopy","com.hc.texttranslator.screentranslator.chattranslator","com.gaminik.i18n","com.tap_to_translate.snap_translate","com.newmg.yurao.pro","com.aurasense.screentranslate","com.niven.translator","com.screen.translate.google","com.eecorp.linguago","com.yoyodev.screentranslate","com.galaxy.airviewdictionary","com.eecorp.taptranslator","com.google.android.apps.translate","translateonscreen.taptotranslate.screentranslator.screenandphototranslator","com.microsoft.translator","live.screentranslate.realtime","com.screen.translator.text.recognize","screen.translator.voice.translate","com.hive.lingonative"]},{"rank":{"index":0,"lang":"en","country":"in","chineseCountryName":"印度","pkg":"com.spaceship.screen.textcopy"},"orders":["com.recognize_text.translate.screen","com.hc.texttranslator.screentranslator.chattranslator","com.newmg.yurao.pro","com.tap_to_translate.snap_translate","com.niven.translator","com.gaminik.i18n","com.aurasense.screentranslate","com.screen.translate.google","com.eecorp.linguago","com.yoyodev.screentranslate","com.google.android.apps.translate","com.galaxy.airviewdictionary","screen.translator.voice.translate","com.microsoft.translator","com.eecorp.taptranslator","com.screen.translator.text.recognize","com.zaz.translate","translateonscreen.taptotranslate.screentranslator.screenandphototranslator","com.newtranslate.google","translate.all.language.translatorapp"]},{"rank":{"index":2,"lang":"id","country":"id","chineseCountryName":"印尼","pkg":"com.spaceship.screen.textcopy"},"orders":["com.recognize_text.translate.screen","com.spaceship.screen.textcopy","com.gaminik.i18n","com.niven.translator","com.tap_to_translate.snap_translate","com.hc.texttranslator.screentranslator.chattranslator","com.aurasense.screentranslate","com.newmg.yurao.pro","com.screen.translate.google","com.eecorp.linguago","com.yoyodev.screentranslate","com.galaxy.airviewdictionary","com.eecorp.taptranslator","translateonscreen.taptotranslate.screentranslator.screenandphototranslator","com.screen.translator.text.recognize","com.deepl.mobiletranslator","screen.translator.voice.translate","live.screentranslate.realtime","com.hive.lingonative","com.google.android.apps.translate"]},{"rank":{"index":2,"lang":"es-mx","country":"mx","chineseCountryName":"墨西哥","pkg":"com.spaceship.screen.textcopy"},"orders":["com.recognize_text.translate.screen","com.spaceship.screen.textcopy","com.hc.texttranslator.screentranslator.chattranslator","com.niven.translator","com.gaminik.i18n","com.newmg.yurao.pro","com.tap_to_translate.snap_translate","com.aurasense.screentranslate","com.screen.translate.google","com.yoyodev.screentranslate","com.eecorp.linguago","live.screentranslate.realtime","com.hive.lingonative","com.galaxy.airviewdictionary","com.screen.translator.text.recognize","com.eecorp.taptranslator","translateonscreen.taptotranslate.screentranslator.screenandphototranslator","screen.translator.voice.translate","com.niven.apptranslate","com.digtial_bytes.voice.translator.dictionary.languages.cameratranslator"]}]