[{"rank":{"index":2,"lang":"en-us","country":"us","chineseCountryName":"美国","pkg":"com.spaceship.screen.textcopy"},"orders":["com.recognize_text.translate.screen","com.spaceship.screen.textcopy","com.microsoft.translator","com.gaminik.i18n","com.newmg.yurao.pro","com.google.android.apps.translate","com.tap_to_translate.snap_translate","com.niven.game","com.niven.translator","com.niven.comic","com.eecorp.taptranslator","at.nk.tools.iTranslate","com.niven.apptranslate","com.deepl.mobiletranslator","com.galaxy.airviewdictionary","com.sayhi.android.sayhitranslate","com.youdao.hindict","com.naver.labs.translator","com.android.chrome","com.google.android.apps.maps"]},{"rank":{"index":2,"lang":"ru","country":"ru","chineseCountryName":"俄罗斯","pkg":"com.spaceship.screen.textcopy"},"orders":["com.recognize_text.translate.screen","com.spaceship.screen.textcopy","com.tap_to_translate.snap_translate","com.gaminik.i18n","com.niven.translator","com.niven.game","com.microsoft.translator","com.google.android.apps.translate","ru.yandex.translate","com.newmg.yurao.pro","com.niven.comic","at.nk.tools.iTranslate","com.niven.apptranslate","com.deepl.mobiletranslator","com.screen.translate.google","com.kursx.smartbook","com.softissimo.reverso.context","com.ticktalk.translatevoice","com.android.chrome","com.discord"]},{"rank":{"index":2,"lang":"pt-br","country":"br","chineseCountryName":"巴西","pkg":"com.spaceship.screen.textcopy"},"orders":["com.recognize_text.translate.screen","com.spaceship.screen.textcopy","com.tap_to_translate.snap_translate","com.gaminik.i18n","com.niven.translator","com.niven.game","com.niven.comic","com.newmg.yurao.pro","com.eecorp.taptranslator","com.google.android.apps.translate","com.niven.apptranslate","com.google.android.apps.photos","com.android.chrome","com.google.android.apps.maps","com.discord","com.google.android.apps.docs","com.microsoft.translator","com.microsoft.office.outlook","com.galaxy.airviewdictionary","com.google.android.apps.youtube.creator"]},{"rank":{"index":2,"lang":"fr","country":"fr","chineseCountryName":"法国","pkg":"com.spaceship.screen.textcopy"},"orders":["com.recognize_text.translate.screen","com.spaceship.screen.textcopy","com.gaminik.i18n","com.niven.game","com.niven.translator","com.tap_to_translate.snap_translate","com.newmg.yurao.pro","com.niven.comic","com.microsoft.translator","com.google.android.apps.translate","com.eecorp.taptranslator","com.discord","com.microsoft.office.outlook","com.google.android.apps.photos","com.android.chrome","com.canva.editor","com.skype.raider","screen.translator.voice.translate","com.google.android.apps.maps","com.truecaller"]},{"rank":{"index":2,"lang":"en-gb","country":"gb","chineseCountryName":"英国","pkg":"com.spaceship.screen.textcopy"},"orders":["com.recognize_text.translate.screen","com.spaceship.screen.textcopy","com.tap_to_translate.snap_translate","com.google.android.apps.translate","com.microsoft.translator","com.gaminik.i18n","com.niven.game","com.niven.translator","at.nk.tools.iTranslate","com.niven.comic","com.deepl.mobiletranslator","com.niven.apptranslate","com.newmg.yurao.pro","com.youdao.hindict","com.galaxy.airviewdictionary","com.tranit.text.translate","com.eecorp.taptranslator","com.sayhi.android.sayhitranslate","com.softissimo.reverso.context","com.datacomprojects.scanandtranslate"]},{"rank":{"index":2,"lang":"de","country":"de","chineseCountryName":"德国","pkg":"com.spaceship.screen.textcopy"},"orders":["com.recognize_text.translate.screen","com.spaceship.screen.textcopy","com.gaminik.i18n","com.newmg.yurao.pro","com.niven.game","com.niven.translator","com.tap_to_translate.snap_translate","com.microsoft.translator","com.niven.comic","com.google.android.apps.translate","com.eecorp.taptranslator","com.galaxy.airviewdictionary","com.deepl.mobiletranslator","com.discord","com.niven.apptranslate","com.android.chrome","com.google.android.apps.photos","com.microsoft.office.outlook","com.google.android.apps.maps","com.skype.raider"]},{"rank":{"index":2,"lang":"it","country":"it","chineseCountryName":"意大利","pkg":"com.spaceship.screen.textcopy"},"orders":["com.recognize_text.translate.screen","com.spaceship.screen.textcopy","com.gaminik.i18n","screen.translator.voice.translate","com.tap_to_translate.snap_translate","com.niven.game","com.niven.translator","com.newmg.yurao.pro","com.galaxy.airviewdictionary","com.niven.comic","com.microsoft.translator","com.google.android.apps.translate","com.eecorp.taptranslator","com.niven.apptranslate","com.screen.translate.google","com.eecorp.linguago","com.discord","com.deepl.mobiletranslator","com.google.android.apps.photos","com.microsoft.office.outlook"]},{"rank":{"index":2,"lang":"ja","country":"jp","chineseCountryName":"日本","pkg":"com.spaceship.screen.textcopy"},"orders":["com.recognize_text.translate.screen","com.spaceship.screen.textcopy","com.gaminik.i18n","com.niven.translator","com.niven.game","com.google.android.apps.translate","com.microsoft.translator","com.newmg.yurao.pro","com.tap_to_translate.snap_translate","com.discord","com.android.chrome","com.google.android.apps.maps","com.niven.comic","com.google.ar.lens","com.deepl.mobiletranslator","com.naver.labs.translator","com.duolingo","com.microsoft.office.outlook","us.zoom.videomeetings","com.skype.raider"]},{"rank":{"index":2,"lang":"ko","country":"kr","chineseCountryName":"韩国","pkg":"com.spaceship.screen.textcopy"},"orders":["com.recognize_text.translate.screen","com.spaceship.screen.textcopy","com.tap_to_translate.snap_translate","com.gaminik.i18n","com.microsoft.translator","com.google.android.apps.translate","com.niven.game","com.niven.translator","com.galaxy.airviewdictionary","com.niven.comic","com.newmg.yurao.pro","com.naver.labs.translator","at.nk.tools.iTranslate","com.niven.apptranslate","com.screen.translate.google","com.eecorp.taptranslator","com.deepl.mobiletranslator","com.eecorp.linguago","ru.yandex.translate","com.discord"]},{"rank":{"index":2,"lang":"zh-hk","country":"hk","chineseCountryName":"香港","pkg":"com.spaceship.screen.textcopy"},"orders":["com.recognize_text.translate.screen","com.spaceship.screen.textcopy","com.tap_to_translate.snap_translate","com.gaminik.i18n","com.microsoft.translator","com.google.android.apps.translate","com.niven.game","com.niven.translator","com.newmg.yurao.pro","com.niven.comic","at.nk.tools.iTranslate","com.niven.apptranslate","com.galaxy.airviewdictionary","com.deepl.mobiletranslator","com.tangdi.baiguotong","com.eecorp.taptranslator","com.screen.translate.google","translate.all.language.translator.cameratranslator","com.naver.labs.translator","com.google.ar.lens"]},{"rank":{"index":2,"lang":"zh-tw","country":"tw","chineseCountryName":"台湾","pkg":"com.spaceship.screen.textcopy"},"orders":["com.recognize_text.translate.screen","com.spaceship.screen.textcopy","com.gaminik.i18n","com.microsoft.translator","com.google.android.apps.translate","com.niven.game","com.niven.translator","com.tap_to_translate.snap_translate","com.niven.comic","at.nk.tools.iTranslate","com.youdao.hindict","com.newmg.yurao.pro","com.niven.apptranslate","com.deepl.mobiletranslator","com.galaxy.airviewdictionary","com.eecorp.taptranslator","com.naver.labs.translator","com.tranit.text.translate","com.sayhi.android.sayhitranslate","jp.go.nict.voicetra"]},{"rank":{"index":2,"lang":"en","country":"in","chineseCountryName":"印度","pkg":"com.spaceship.screen.textcopy"},"orders":["com.recognize_text.translate.screen","com.spaceship.screen.textcopy","com.google.android.apps.translate","com.tap_to_translate.snap_translate","com.microsoft.translator","com.gaminik.i18n","com.niven.game"]},{"rank":{"index":1,"lang":"id","country":"id","chineseCountryName":"印尼","pkg":"com.spaceship.screen.textcopy"},"orders":["com.spaceship.screen.textcopy","com.recognize_text.translate.screen","com.tap_to_translate.snap_translate","com.gaminik.i18n","com.niven.game","com.niven.translator","com.youdao.hindict","com.niven.comic","com.newmg.yurao.pro","com.niven.apptranslate","com.eecorp.taptranslator","com.google.android.apps.translate"]},{"rank":{"index":2,"lang":"es-mx","country":"mx","chineseCountryName":"墨西哥","pkg":"com.spaceship.screen.textcopy"},"orders":["com.recognize_text.translate.screen","com.spaceship.screen.textcopy","com.gaminik.i18n","com.niven.translator","com.niven.game","com.niven.comic","com.tap_to_translate.snap_translate","com.newmg.yurao.pro","com.galaxy.airviewdictionary","com.microsoft.translator","com.google.android.apps.translate","com.youdao.hindict","com.niven.apptranslate","com.eecorp.taptranslator","com.google.android.apps.photos","com.android.chrome","com.discord","com.google.android.apps.maps","com.google.android.apps.docs","com.microsoft.office.outlook"]}]