[{"rank":{"index":2,"lang":"en-us","country":"us","chineseCountryName":"美国","pkg":"com.spaceship.screen.textcopy"},"orders":["com.recognize_text.translate.screen","com.spaceship.screen.textcopy","com.niven.translator","com.tap_to_translate.snap_translate","com.google.android.apps.translate","com.newmg.yurao.pro","com.microsoft.translator","com.gaminik.i18n","com.zaz.translate","com.naver.labs.translator","com.deepl.mobiletranslator","com.immersivetranslate.browser","com.translate.talkingtranslator","at.nk.tools.iTranslate","com.screen.translate.google","com.niven.game","com.niven.apptranslate","com.fapp.translate.language.translator.fasttranslation","translate.voice.translator.camera.translation.free.all.language.app","com.voice_camera_free_translate"]},{"rank":{"index":0,"lang":"ru","country":"ru","chineseCountryName":"俄罗斯","pkg":"com.spaceship.screen.textcopy"},"orders":["com.recognize_text.translate.screen","com.niven.translator","com.tap_to_translate.snap_translate","com.newmg.yurao.pro","com.google.android.apps.translate","com.gaminik.i18n","com.microsoft.translator","com.niven.game","com.deepl.mobiletranslator","com.zaz.translate","ru.yandex.translate","com.immersivetranslate.browser","com.naver.labs.translator","at.nk.tools.iTranslate","com.niven.apptranslate","com.screen.translate.google","com.voice_camera_free_translate","com.translate.talkingtranslator","photo.translate.camera.translator","com.datacomprojects.scanandtranslate"]},{"rank":{"index":2,"lang":"pt-br","country":"br","chineseCountryName":"巴西","pkg":"com.spaceship.screen.textcopy"},"orders":["com.recognize_text.translate.screen","com.spaceship.screen.textcopy","com.niven.translator","com.tap_to_translate.snap_translate","com.google.android.apps.translate","com.gaminik.i18n","com.newmg.yurao.pro","com.microsoft.translator","com.zaz.translate","com.deepl.mobiletranslator","com.immersivetranslate.browser","at.nk.tools.iTranslate","com.niven.game","com.niven.apptranslate","com.screen.translate.google","com.naver.labs.translator","com.voice_camera_free_translate","com.fapp.translate.language.translator.fasttranslation","com.translate.talkingtranslator","com.tangdi.baiguotong"]},{"rank":{"index":2,"lang":"fr","country":"fr","chineseCountryName":"法国","pkg":"com.spaceship.screen.textcopy"},"orders":["com.recognize_text.translate.screen","com.spaceship.screen.textcopy","com.tap_to_translate.snap_translate","com.niven.translator","com.gaminik.i18n","com.newmg.yurao.pro","com.zaz.translate","com.google.android.apps.translate","com.immersivetranslate.browser","com.microsoft.translator","com.deepl.mobiletranslator","com.niven.apptranslate","com.screen.translate.google","com.fapp.translate.language.translator.fasttranslation","com.naver.labs.translator","com.eecorp.linguago","at.nk.tools.iTranslate","com.niven.game","camtranslator.voice.text.image.translate","com.translate.talkingtranslator"]},{"rank":{"index":2,"lang":"en-gb","country":"gb","chineseCountryName":"英国","pkg":"com.spaceship.screen.textcopy"},"orders":["com.recognize_text.translate.screen","com.spaceship.screen.textcopy","com.tap_to_translate.snap_translate","com.google.android.apps.translate","com.niven.translator","com.newmg.yurao.pro","com.zaz.translate","com.microsoft.translator","com.gaminik.i18n","com.immersivetranslate.browser","com.deepl.mobiletranslator","at.nk.tools.iTranslate","com.naver.labs.translator","com.fapp.translate.language.translator.fasttranslation","com.translate.talkingtranslator","translate.voice.translator.camera.translation.free.all.language.app","com.niven.apptranslate","com.voice_camera_free_translate","com.google.ar.lens","com.niven.game"]},{"rank":{"index":2,"lang":"de","country":"de","chineseCountryName":"德国","pkg":"com.spaceship.screen.textcopy"},"orders":["com.recognize_text.translate.screen","com.spaceship.screen.textcopy","com.tap_to_translate.snap_translate","com.niven.translator","com.newmg.yurao.pro","com.gaminik.i18n","com.zaz.translate","com.google.android.apps.translate","com.immersivetranslate.browser","com.microsoft.translator","com.deepl.mobiletranslator"]},{"rank":{"index":2,"lang":"it","country":"it","chineseCountryName":"意大利","pkg":"com.spaceship.screen.textcopy"},"orders":["com.recognize_text.translate.screen","com.spaceship.screen.textcopy","com.tap_to_translate.snap_translate","com.newmg.yurao.pro","com.niven.translator","com.zaz.translate","com.gaminik.i18n","com.google.android.apps.translate","com.immersivetranslate.browser","com.microsoft.translator","com.deepl.mobiletranslator","com.fapp.translate.language.translator.fasttranslation"]},{"rank":{"index":2,"lang":"ja","country":"jp","chineseCountryName":"日本","pkg":"com.spaceship.screen.textcopy"},"orders":["com.recognize_text.translate.screen","com.spaceship.screen.textcopy","com.tap_to_translate.snap_translate","com.niven.translator","com.newmg.yurao.pro","com.gaminik.i18n","com.immersivetranslate.browser","com.naver.labs.translator","com.zaz.translate","com.google.android.apps.translate","com.deepl.mobiletranslator","com.niven.apptranslate","com.screen.translate.google","com.microsoft.translator"]},{"rank":{"index":2,"lang":"ko","country":"kr","chineseCountryName":"韩国","pkg":"com.spaceship.screen.textcopy"},"orders":["com.recognize_text.translate.screen","com.spaceship.screen.textcopy","com.tap_to_translate.snap_translate","com.niven.translator","com.newmg.yurao.pro","com.gaminik.i18n","com.naver.labs.translator","com.zaz.translate","com.immersivetranslate.browser","com.microsoft.translator","com.google.android.apps.translate","at.nk.tools.iTranslate"]},{"rank":{"index":2,"lang":"zh-hk","country":"hk","chineseCountryName":"香港","pkg":"com.spaceship.screen.textcopy"},"orders":["com.recognize_text.translate.screen","com.spaceship.screen.textcopy","com.niven.translator","com.newmg.yurao.pro","com.google.android.apps.translate","com.tap_to_translate.snap_translate","com.microsoft.translator","com.gaminik.i18n","com.zaz.translate","com.immersivetranslate.browser","com.naver.labs.translator","com.deepl.mobiletranslator","at.nk.tools.iTranslate","com.niven.game","com.screen.translate.google","com.fapp.translate.language.translator.fasttranslation","com.niven.apptranslate","com.voice_camera_free_translate","translate.voice.translator.camera.translation.free.all.language.app","com.translate.talkingtranslator"]},{"rank":{"index":2,"lang":"zh-tw","country":"tw","chineseCountryName":"台湾","pkg":"com.spaceship.screen.textcopy"},"orders":["com.recognize_text.translate.screen","com.spaceship.screen.textcopy","com.tap_to_translate.snap_translate","com.newmg.yurao.pro","com.google.android.apps.translate","com.niven.translator","com.microsoft.translator","com.gaminik.i18n","com.zaz.translate","com.immersivetranslate.browser","com.naver.labs.translator","com.deepl.mobiletranslator","com.niven.game"]},{"rank":{"index":2,"lang":"en","country":"in","chineseCountryName":"印度","pkg":"com.spaceship.screen.textcopy"},"orders":["com.recognize_text.translate.screen","com.spaceship.screen.textcopy","com.newmg.yurao.pro","com.google.android.apps.translate","com.zaz.translate"]},{"rank":{"index":1,"lang":"id","country":"id","chineseCountryName":"印尼","pkg":"com.spaceship.screen.textcopy"},"orders":["com.spaceship.screen.textcopy","com.recognize_text.translate.screen","com.tap_to_translate.snap_translate","com.niven.translator","com.google.android.apps.translate","com.newmg.yurao.pro","com.gaminik.i18n","com.microsoft.translator","com.zaz.translate","com.naver.labs.translator","com.deepl.mobiletranslator","com.niven.game","com.immersivetranslate.browser","at.nk.tools.iTranslate","com.niven.apptranslate","com.screen.translate.google","com.fapp.translate.language.translator.fasttranslation","com.eecorp.linguago","com.translate.talkingtranslator","com.google.ar.lens"]},{"rank":{"index":1,"lang":"es-mx","country":"mx","chineseCountryName":"墨西哥","pkg":"com.spaceship.screen.textcopy"},"orders":["com.spaceship.screen.textcopy","com.recognize_text.translate.screen","com.niven.translator","com.tap_to_translate.snap_translate","com.newmg.yurao.pro","com.gaminik.i18n","com.google.android.apps.translate","com.zaz.translate","com.microsoft.translator","at.nk.tools.iTranslate","com.immersivetranslate.browser","com.deepl.mobiletranslator","com.niven.apptranslate","com.niven.game","com.screen.translate.google","com.fapp.translate.language.translator.fasttranslation","com.eecorp.linguago","com.mg.chat","com.audacityittranslator.translatetexttranslator","com.google.ar.lens"]}]