[{"rank":{"index":2,"lang":"en-us","country":"us","chineseCountryName":"美国","pkg":"com.spaceship.screen.textcopy"},"orders":["com.recognize_text.translate.screen","com.spaceship.screen.textcopy","com.niven.translator","com.tap_to_translate.snap_translate","com.google.android.apps.translate","com.screen.translate.google","com.newmg.yurao.pro","com.gaminik.i18n","com.immersivetranslate.browser","com.deepl.mobiletranslator","com.zaz.translate","com.microsoft.translator","com.fapp.translate.language.translator.fasttranslation","at.nk.tools.iTranslate","com.niven.apptranslate","com.niven.game","ru.yandex.translate","com.naver.labs.translator","photo.translate.camera.translator","com.hive.lingonative"]},{"rank":{"index":0,"lang":"ru","country":"ru","chineseCountryName":"俄罗斯","pkg":"com.spaceship.screen.textcopy"},"orders":["com.recognize_text.translate.screen","com.niven.translator","com.tap_to_translate.snap_translate","com.newmg.yurao.pro","com.gaminik.i18n","com.screen.translate.google","ru.yandex.translate","com.deepl.mobiletranslator","com.niven.game","com.immersivetranslate.browser","com.google.android.apps.translate","com.niven.apptranslate"]},{"rank":{"index":2,"lang":"pt-br","country":"br","chineseCountryName":"巴西","pkg":"com.spaceship.screen.textcopy"},"orders":["com.recognize_text.translate.screen","com.spaceship.screen.textcopy","com.tap_to_translate.snap_translate","com.gaminik.i18n","com.newmg.yurao.pro","com.screen.translate.google","com.niven.apptranslate","com.immersivetranslate.browser","com.niven.game","com.google.android.apps.translate","com.hive.lingonative","com.voice_camera_free_translate","com.deepl.mobiletranslator","com.fapp.translate.language.translator.fasttranslation","com.zaz.translate","com.amazon.kindle","com.eecorp.linguago","com.openai.chatgpt","com.google.android.apps.chromecast.app","com.microsoft.teams"]},{"rank":{"index":4,"lang":"fr","country":"fr","chineseCountryName":"法国","pkg":"com.spaceship.screen.textcopy"},"orders":["com.recognize_text.translate.screen","com.tap_to_translate.snap_translate","com.niven.translator","com.spaceship.screen.textcopy","com.gaminik.i18n","com.newmg.yurao.pro","com.screen.translate.google","com.immersivetranslate.browser","com.deepl.mobiletranslator","com.google.android.apps.translate","com.niven.apptranslate","com.zaz.translate","com.hive.lingonative","com.fapp.translate.language.translator.fasttranslation","com.voice_camera_free_translate","com.niven.game","com.microsoft.translator","photo.translate.camera.translator","com.datacomprojects.scanandtranslate","ru.yandex.translate"]},{"rank":{"index":2,"lang":"en-gb","country":"gb","chineseCountryName":"英国","pkg":"com.spaceship.screen.textcopy"},"orders":["com.recognize_text.translate.screen","com.spaceship.screen.textcopy","com.tap_to_translate.snap_translate","com.screen.translate.google","com.niven.translator","com.google.android.apps.translate","com.newmg.yurao.pro","com.gaminik.i18n","com.immersivetranslate.browser","com.zaz.translate","com.deepl.mobiletranslator","com.fapp.translate.language.translator.fasttranslation","com.microsoft.translator","photo.translate.camera.translator","com.niven.apptranslate","at.nk.tools.iTranslate","ru.yandex.translate","com.hive.lingonative","com.niven.game","com.voice_camera_free_translate"]},{"rank":{"index":2,"lang":"de","country":"de","chineseCountryName":"德国","pkg":"com.spaceship.screen.textcopy"},"orders":["com.recognize_text.translate.screen","com.spaceship.screen.textcopy","com.niven.translator","com.tap_to_translate.snap_translate","com.screen.translate.google","com.newmg.yurao.pro","com.gaminik.i18n","com.immersivetranslate.browser","com.deepl.mobiletranslator","com.google.android.apps.translate","com.fapp.translate.language.translator.fasttranslation","com.niven.apptranslate","com.microsoft.translator","com.zaz.translate","com.niven.game","com.hive.lingonative","com.voice_camera_free_translate","at.nk.tools.iTranslate","photo.translate.camera.translator","ru.yandex.translate"]},{"rank":{"index":2,"lang":"it","country":"it","chineseCountryName":"意大利","pkg":"com.spaceship.screen.textcopy"},"orders":["com.recognize_text.translate.screen","com.spaceship.screen.textcopy","com.tap_to_translate.snap_translate","com.niven.translator","com.gaminik.i18n","com.screen.translate.google","com.newmg.yurao.pro","com.immersivetranslate.browser","com.google.android.apps.translate","com.deepl.mobiletranslator","com.niven.game","com.niven.apptranslate","com.fapp.translate.language.translator.fasttranslation","com.zaz.translate","com.voice_camera_free_translate","com.hive.lingonative","photo.translate.camera.translator","com.microsoft.translator","com.datacomprojects.scanandtranslate","at.nk.tools.iTranslate"]},{"rank":{"index":2,"lang":"ja","country":"jp","chineseCountryName":"日本","pkg":"com.spaceship.screen.textcopy"},"orders":["com.recognize_text.translate.screen","com.spaceship.screen.textcopy","com.tap_to_translate.snap_translate","com.newmg.yurao.pro","com.gaminik.i18n","com.immersivetranslate.browser","com.niven.translator","com.screen.translate.google","com.google.android.apps.translate","com.deepl.mobiletranslator","com.niven.apptranslate","com.niven.game","com.google.ar.lens","com.zaz.translate"]},{"rank":{"index":3,"lang":"ko","country":"kr","chineseCountryName":"韩国","pkg":"com.spaceship.screen.textcopy"},"orders":["com.recognize_text.translate.screen","com.tap_to_translate.snap_translate","com.spaceship.screen.textcopy","com.niven.translator","com.gaminik.i18n","com.newmg.yurao.pro","com.screen.translate.google","com.immersivetranslate.browser","com.niven.apptranslate","com.google.android.apps.translate","com.naver.labs.translator","com.deepl.mobiletranslator","com.niven.game","com.hive.lingonative","com.voice_camera_free_translate","com.zaz.translate","com.fapp.translate.language.translator.fasttranslation","com.eecorp.linguago","com.microsoft.translator","at.nk.tools.iTranslate"]},{"rank":{"index":2,"lang":"zh-hk","country":"hk","chineseCountryName":"香港","pkg":"com.spaceship.screen.textcopy"},"orders":["com.recognize_text.translate.screen","com.spaceship.screen.textcopy","com.screen.translate.google","com.newmg.yurao.pro","com.gaminik.i18n","com.niven.translator","com.tap_to_translate.snap_translate","com.immersivetranslate.browser","com.google.android.apps.translate","com.zaz.translate","com.fapp.translate.language.translator.fasttranslation","com.niven.apptranslate","com.niven.game","photo.translate.camera.translator","com.hive.lingonative","com.deepl.mobiletranslator","com.microsoft.translator","com.eecorp.linguago","com.naver.labs.translator","at.nk.tools.iTranslate"]},{"rank":{"index":2,"lang":"zh-tw","country":"tw","chineseCountryName":"台湾","pkg":"com.spaceship.screen.textcopy"},"orders":["com.recognize_text.translate.screen","com.spaceship.screen.textcopy","com.niven.translator","com.screen.translate.google","com.newmg.yurao.pro","com.gaminik.i18n","com.tap_to_translate.snap_translate","com.immersivetranslate.browser","com.niven.apptranslate","com.google.android.apps.translate","com.hive.lingonative","com.fapp.translate.language.translator.fasttranslation","com.niven.game","com.deepl.mobiletranslator","com.zaz.translate","photo.translate.camera.translator","com.microsoft.translator","com.eecorp.linguago","com.naver.labs.translator","at.nk.tools.iTranslate"]},{"rank":{"index":3,"lang":"en","country":"in","chineseCountryName":"印度","pkg":"com.spaceship.screen.textcopy"},"orders":["com.recognize_text.translate.screen","com.newmg.yurao.pro","com.spaceship.screen.textcopy","com.google.android.apps.translate","com.zaz.translate"]},{"rank":{"index":3,"lang":"id","country":"id","chineseCountryName":"印尼","pkg":"com.spaceship.screen.textcopy"},"orders":["com.recognize_text.translate.screen","com.tap_to_translate.snap_translate","com.spaceship.screen.textcopy","com.niven.translator","com.screen.translate.google","com.newmg.yurao.pro","com.gaminik.i18n","com.google.android.apps.translate","com.immersivetranslate.browser","com.niven.game","com.deepl.mobiletranslator","com.niven.apptranslate","com.fapp.translate.language.translator.fasttranslation"]},{"rank":{"index":3,"lang":"es-mx","country":"mx","chineseCountryName":"墨西哥","pkg":"com.spaceship.screen.textcopy"},"orders":["com.recognize_text.translate.screen","com.tap_to_translate.snap_translate","com.spaceship.screen.textcopy","com.newmg.yurao.pro","com.gaminik.i18n","com.deepl.mobiletranslator","com.google.android.apps.translate","com.zaz.translate","at.nk.tools.iTranslate","com.microsoft.translator","com.immersivetranslate.browser","ru.yandex.translate","com.google.ar.lens","photo.translate.camera.translator","com.voice_camera_free_translate","com.tangdi.baiguotong","com.niven.translator","com.screen.translate.google","com.fapp.translate.language.translator.fasttranslation","com.naver.labs.translator"]}]