[{"rank":{"index":2,"lang":"en-us","country":"us","chineseCountryName":"美国","pkg":"com.spaceship.screen.textcopy"},"orders":["com.recognize_text.translate.screen","com.spaceship.screen.textcopy","com.tap_to_translate.snap_translate","com.google.android.apps.translate","com.screen.translate.google","com.gaminik.i18n","com.newmg.yurao.pro","com.microsoft.translator","com.niven.translator","com.google.ar.lens","at.nk.tools.iTranslate","com.naver.labs.translator","com.niven.game","com.deepl.mobiletranslator","com.voice_camera_free_translate","com.language.translate.free.translator.voice.translation","com.heapsol.spanishenglishtranslator","com.translate.talkingtranslator","com.niven.apptranslate","com.sayhi.android.sayhitranslate"]},{"rank":{"index":0,"lang":"ru","country":"ru","chineseCountryName":"俄罗斯","pkg":"com.spaceship.screen.textcopy"},"orders":["com.recognize_text.translate.screen","com.tap_to_translate.snap_translate","com.niven.translator","com.newmg.yurao.pro","com.gaminik.i18n","ru.yandex.translate","com.niven.game","com.google.android.apps.translate","com.microsoft.translator","com.screen.translate.google","com.deepl.mobiletranslator","com.eecorp.linguago","com.voice_camera_free_translate","com.datacomprojects.scanandtranslate","com.language.translate.free.translator.voice.translation","at.nk.tools.iTranslate","com.niven.apptranslate","com.google.ar.lens","com.android.chrome","com.whatsapp"]},{"rank":{"index":2,"lang":"pt-br","country":"br","chineseCountryName":"巴西","pkg":"com.spaceship.screen.textcopy"},"orders":["com.recognize_text.translate.screen","com.spaceship.screen.textcopy","com.tap_to_translate.snap_translate","com.gaminik.i18n","com.google.android.apps.translate","com.microsoft.translator","com.deepl.mobiletranslator","ru.yandex.translate","com.translate.language.translator.voice.translation","com.google.ar.lens","com.naver.labs.translator","com.softissimo.reverso.context","com.zaz.translate","com.ticktalk.translatevoice","com.newmg.yurao.pro","com.niven.translator","com.niven.game","com.galaxy.airviewdictionary","com.niven.apptranslate","com.screen.translate.google"]},{"rank":{"index":2,"lang":"fr","country":"fr","chineseCountryName":"法国","pkg":"com.spaceship.screen.textcopy"},"orders":["com.recognize_text.translate.screen","com.spaceship.screen.textcopy","com.tap_to_translate.snap_translate","com.gaminik.i18n","com.newmg.yurao.pro","com.microsoft.translator","com.google.android.apps.translate","com.niven.translator","com.screen.translate.google","at.nk.tools.iTranslate","com.niven.game","com.deepl.mobiletranslator","com.datacomprojects.scanandtranslate","com.tangdi.baiguotong","com.google.ar.lens","com.voice_camera_free_translate","camtranslator.voice.text.image.translate","ru.yandex.translate","com.softissimo.reverso.context","com.niven.apptranslate"]},{"rank":{"index":2,"lang":"en-gb","country":"gb","chineseCountryName":"英国","pkg":"com.spaceship.screen.textcopy"},"orders":["com.recognize_text.translate.screen","com.spaceship.screen.textcopy","com.tap_to_translate.snap_translate","com.newmg.yurao.pro","com.google.android.apps.translate","com.gaminik.i18n","com.microsoft.translator","com.niven.translator","com.screen.translate.google","com.google.ar.lens","at.nk.tools.iTranslate","com.naver.labs.translator","com.deepl.mobiletranslator","com.niven.game","ru.yandex.translate","com.datacomprojects.scanandtranslate","com.siv","com.sayhi.android.sayhitranslate","com.niven.apptranslate","com.android.chrome"]},{"rank":{"index":2,"lang":"de","country":"de","chineseCountryName":"德国","pkg":"com.spaceship.screen.textcopy"},"orders":["com.recognize_text.translate.screen","com.spaceship.screen.textcopy","com.tap_to_translate.snap_translate","com.gaminik.i18n","com.newmg.yurao.pro","com.microsoft.translator","com.niven.translator","com.google.android.apps.translate","com.screen.translate.google","com.niven.game","com.tangdi.baiguotong","com.voice_camera_free_translate","com.deepl.mobiletranslator","com.eecorp.linguago","at.nk.tools.iTranslate","com.datacomprojects.scanandtranslate","ru.yandex.translate","com.language.translate.free.translator.voice.translation","com.niven.apptranslate","com.immersivetranslate.browser"]},{"rank":{"index":2,"lang":"it","country":"it","chineseCountryName":"意大利","pkg":"com.spaceship.screen.textcopy"},"orders":["com.recognize_text.translate.screen","com.spaceship.screen.textcopy","com.tap_to_translate.snap_translate","com.gaminik.i18n","com.newmg.yurao.pro","com.microsoft.translator","com.google.android.apps.translate","com.niven.translator","at.nk.tools.iTranslate","com.tangdi.baiguotong","com.niven.game","com.datacomprojects.scanandtranslate","com.screen.translate.google","com.deepl.mobiletranslator"]},{"rank":{"index":2,"lang":"ja","country":"jp","chineseCountryName":"日本","pkg":"com.spaceship.screen.textcopy"},"orders":["com.recognize_text.translate.screen","com.spaceship.screen.textcopy","com.tap_to_translate.snap_translate","com.gaminik.i18n","com.newmg.yurao.pro","com.google.ar.lens","com.google.android.apps.translate","com.niven.translator","com.microsoft.translator","com.niven.game","com.naver.labs.translator","com.deepl.mobiletranslator","com.datacomprojects.scanandtranslate"]},{"rank":{"index":2,"lang":"ko","country":"kr","chineseCountryName":"韩国","pkg":"com.spaceship.screen.textcopy"},"orders":["com.recognize_text.translate.screen","com.spaceship.screen.textcopy","com.tap_to_translate.snap_translate","com.newmg.yurao.pro","com.gaminik.i18n","com.niven.translator","com.naver.labs.translator","com.google.android.apps.translate","com.microsoft.translator","com.screen.translate.google","com.niven.game","at.nk.tools.iTranslate","com.deepl.mobiletranslator","com.voice_camera_free_translate","com.datacomprojects.scanandtranslate","com.google.ar.lens","com.niven.apptranslate","com.instagram.android","com.eecorp.linguago","com.facebook.katana"]},{"rank":{"index":2,"lang":"zh-hk","country":"hk","chineseCountryName":"香港","pkg":"com.spaceship.screen.textcopy"},"orders":["com.recognize_text.translate.screen","com.spaceship.screen.textcopy","com.gaminik.i18n","com.newmg.yurao.pro","com.niven.translator","com.tap_to_translate.snap_translate","com.microsoft.translator","com.google.android.apps.translate","com.niven.game","com.google.ar.lens","at.nk.tools.iTranslate","com.tangdi.baiguotong","com.naver.labs.translator","com.screen.translate.google","com.deepl.mobiletranslator","com.android.chrome","com.datacomprojects.scanandtranslate","com.google.android.apps.maps","com.facebook.orca","com.niven.apptranslate"]},{"rank":{"index":2,"lang":"zh-tw","country":"tw","chineseCountryName":"台湾","pkg":"com.spaceship.screen.textcopy"},"orders":["com.recognize_text.translate.screen","com.spaceship.screen.textcopy","com.gaminik.i18n","com.newmg.yurao.pro","com.tap_to_translate.snap_translate","com.niven.translator","com.microsoft.translator","com.google.android.apps.translate","com.niven.game","com.naver.labs.translator","com.screen.translate.google","com.tangdi.baiguotong","com.google.ar.lens","at.nk.tools.iTranslate","com.eecorp.linguago","com.datacomprojects.scanandtranslate","com.niven.apptranslate","com.immersivetranslate.browser","com.facebook.katana","com.facebook.orca"]},{"rank":{"index":2,"lang":"en","country":"in","chineseCountryName":"印度","pkg":"com.spaceship.screen.textcopy"},"orders":["com.recognize_text.translate.screen","com.spaceship.screen.textcopy","com.tap_to_translate.snap_translate","com.google.android.apps.translate","com.gaminik.i18n","com.microsoft.translator","com.google.ar.lens","com.deepl.mobiletranslator","ru.yandex.translate","com.naver.labs.translator","com.zaz.translate","com.ticktalk.translatevoice","com.softissimo.reverso.context","com.newmg.yurao.pro","com.niven.translator","screen.translator.voice.translate","com.screen.translate.google","com.translator.translation.screen.translate.voice.languages.text.translating","camtranslator.voice.text.image.translate","com.translate.talkingtranslator"]},{"rank":{"index":2,"lang":"id","country":"id","chineseCountryName":"印尼","pkg":"com.spaceship.screen.textcopy"},"orders":["com.recognize_text.translate.screen","com.spaceship.screen.textcopy","com.tap_to_translate.snap_translate","com.gaminik.i18n","com.newmg.yurao.pro","com.niven.translator","com.niven.game","com.google.android.apps.translate","com.screen.translate.google","com.youdao.hindict","com.eecorp.linguago","com.niven.apptranslate","com.naver.labs.translator","com.deepl.mobiletranslator","com.microsoft.translator"]},{"rank":{"index":2,"lang":"es-mx","country":"mx","chineseCountryName":"墨西哥","pkg":"com.spaceship.screen.textcopy"},"orders":["com.recognize_text.translate.screen","com.spaceship.screen.textcopy","com.tap_to_translate.snap_translate","com.gaminik.i18n","com.microsoft.translator","com.google.android.apps.translate","com.deepl.mobiletranslator","ru.yandex.translate","com.google.ar.lens","com.naver.labs.translator","com.tangdi.baiguotong","com.softissimo.reverso.context","com.translate.language.translator.voice.translation","com.translate.talkingtranslator","com.newmg.yurao.pro","com.niven.translator","translate.speech.text.translation.voicetranslator","free.translate.all.language.translator","camtranslator.voice.text.image.translate","com.ticktalk.translatevoice"]}]