[{"rank":{"index":2,"lang":"en-us","country":"us","chineseCountryName":"美国","pkg":"com.spaceship.screen.textcopy"},"orders":["com.recognize_text.translate.screen","com.spaceship.screen.textcopy","com.tap_to_translate.snap_translate","com.google.android.apps.translate","com.newmg.yurao.pro","com.screen.translate.google","com.niven.translator","com.gaminik.i18n","com.microsoft.translator","com.immersivetranslate.browser","com.niven.game","com.deepl.mobiletranslator","com.naver.labs.translator","com.niven.apptranslate","ru.yandex.translate","at.nk.tools.iTranslate","com.zaz.translate","com.eecorp.linguago","com.voice_camera_free_translate","com.tangdi.baiguotong"]},{"rank":{"index":0,"lang":"ru","country":"ru","chineseCountryName":"俄罗斯","pkg":"com.spaceship.screen.textcopy"},"orders":["com.recognize_text.translate.screen","com.niven.translator","com.tap_to_translate.snap_translate","com.newmg.yurao.pro","com.gaminik.i18n","com.screen.translate.google","com.niven.game","ru.yandex.translate","com.immersivetranslate.browser","com.google.android.apps.translate","com.microsoft.translator","com.niven.apptranslate","com.deepl.mobiletranslator"]},{"rank":{"index":2,"lang":"pt-br","country":"br","chineseCountryName":"巴西","pkg":"com.spaceship.screen.textcopy"},"orders":["com.recognize_text.translate.screen","com.spaceship.screen.textcopy","com.tap_to_translate.snap_translate","com.gaminik.i18n","com.newmg.yurao.pro","com.google.android.apps.translate","com.zaz.translate","com.deepl.mobiletranslator","at.nk.tools.iTranslate","ru.yandex.translate","com.naver.labs.translator","com.translate.talkingtranslator","com.google.ar.lens","com.datacomprojects.scanandtranslate","com.softissimo.reverso.context","com.niven.translator","com.screen.translate.google","com.niven.apptranslate","com.niven.game","com.flitto.app"]},{"rank":{"index":2,"lang":"fr","country":"fr","chineseCountryName":"法国","pkg":"com.spaceship.screen.textcopy"},"orders":["com.recognize_text.translate.screen","com.spaceship.screen.textcopy","com.tap_to_translate.snap_translate","com.newmg.yurao.pro","com.gaminik.i18n","com.niven.translator","com.screen.translate.google","com.google.android.apps.translate","com.microsoft.translator","com.immersivetranslate.browser","com.niven.game","com.niven.apptranslate","com.deepl.mobiletranslator","com.zaz.translate","com.voice_camera_free_translate","ru.yandex.translate","com.naver.labs.translator","at.nk.tools.iTranslate","com.google.ar.lens","com.eecorp.linguago"]},{"rank":{"index":2,"lang":"en-gb","country":"gb","chineseCountryName":"英国","pkg":"com.spaceship.screen.textcopy"},"orders":["com.recognize_text.translate.screen","com.spaceship.screen.textcopy","com.newmg.yurao.pro","com.google.android.apps.translate","com.niven.translator","com.gaminik.i18n","com.screen.translate.google","com.tap_to_translate.snap_translate","com.microsoft.translator","com.immersivetranslate.browser","com.niven.game","com.deepl.mobiletranslator","com.niven.apptranslate","ru.yandex.translate","com.zaz.translate","at.nk.tools.iTranslate","com.eecorp.linguago","com.fapp.translate.language.translator.fasttranslation","com.tangdi.baiguotong","com.google.ar.lens"]},{"rank":{"index":2,"lang":"de","country":"de","chineseCountryName":"德国","pkg":"com.spaceship.screen.textcopy"},"orders":["com.recognize_text.translate.screen","com.spaceship.screen.textcopy","com.newmg.yurao.pro","com.gaminik.i18n","com.niven.translator","com.screen.translate.google","com.tap_to_translate.snap_translate","com.google.android.apps.translate","com.microsoft.translator","com.immersivetranslate.browser","com.niven.game","com.deepl.mobiletranslator","com.niven.apptranslate","ru.yandex.translate","com.zaz.translate","com.eecorp.linguago","at.nk.tools.iTranslate","com.google.ar.lens","com.translate.talkingtranslator","com.openai.chatgpt"]},{"rank":{"index":2,"lang":"it","country":"it","chineseCountryName":"意大利","pkg":"com.spaceship.screen.textcopy"},"orders":["com.recognize_text.translate.screen","com.spaceship.screen.textcopy","com.tap_to_translate.snap_translate","com.niven.translator","com.gaminik.i18n","com.newmg.yurao.pro","com.screen.translate.google","com.google.android.apps.translate","com.niven.game","com.immersivetranslate.browser","com.microsoft.translator","com.niven.apptranslate","com.deepl.mobiletranslator","com.voice_camera_free_translate","com.tangdi.baiguotong","at.nk.tools.iTranslate","ru.yandex.translate","com.zaz.translate","com.eecorp.linguago","com.softissimo.reverso.context"]},{"rank":{"index":2,"lang":"ja","country":"jp","chineseCountryName":"日本","pkg":"com.spaceship.screen.textcopy"},"orders":["com.recognize_text.translate.screen","com.spaceship.screen.textcopy","com.tap_to_translate.snap_translate","com.newmg.yurao.pro","com.gaminik.i18n","com.niven.translator","com.screen.translate.google","com.google.android.apps.translate","com.microsoft.translator","com.immersivetranslate.browser","com.niven.game","com.naver.labs.translator","com.deepl.mobiletranslator","com.niven.apptranslate","com.google.ar.lens"]},{"rank":{"index":2,"lang":"ko","country":"kr","chineseCountryName":"韩国","pkg":"com.spaceship.screen.textcopy"},"orders":["com.recognize_text.translate.screen","com.spaceship.screen.textcopy","com.tap_to_translate.snap_translate","com.newmg.yurao.pro","com.gaminik.i18n","com.niven.translator","com.screen.translate.google","com.niven.apptranslate","com.naver.labs.translator","com.google.android.apps.translate","com.niven.game","com.immersivetranslate.browser","com.microsoft.translator","com.voice_camera_free_translate","com.eecorp.linguago","com.deepl.mobiletranslator","com.openai.chatgpt","com.facebook.katana","com.facebook.orca","com.microsoft.teams"]},{"rank":{"index":2,"lang":"zh-hk","country":"hk","chineseCountryName":"香港","pkg":"com.spaceship.screen.textcopy"},"orders":["com.recognize_text.translate.screen","com.spaceship.screen.textcopy","com.newmg.yurao.pro","com.screen.translate.google","com.gaminik.i18n","com.niven.translator","com.google.android.apps.translate","com.tap_to_translate.snap_translate","com.microsoft.translator","com.immersivetranslate.browser","com.niven.game","com.niven.apptranslate","com.deepl.mobiletranslator","com.naver.labs.translator","com.tangdi.baiguotong","com.zaz.translate","com.fapp.translate.language.translator.fasttranslation","com.eecorp.linguago","com.google.ar.lens","at.nk.tools.iTranslate"]},{"rank":{"index":2,"lang":"zh-tw","country":"tw","chineseCountryName":"台湾","pkg":"com.spaceship.screen.textcopy"},"orders":["com.recognize_text.translate.screen","com.spaceship.screen.textcopy","com.newmg.yurao.pro","com.gaminik.i18n","com.screen.translate.google","com.niven.translator","com.tap_to_translate.snap_translate","com.immersivetranslate.browser","com.niven.apptranslate","com.niven.game","com.google.android.apps.translate","com.microsoft.translator","com.naver.labs.translator","com.zaz.translate","com.deepl.mobiletranslator","com.tangdi.baiguotong","com.eecorp.linguago","com.openai.chatgpt","com.facebook.orca","com.tencent.mm"]},{"rank":{"index":3,"lang":"en","country":"in","chineseCountryName":"印度","pkg":"com.spaceship.screen.textcopy"},"orders":["com.recognize_text.translate.screen","com.newmg.yurao.pro","com.spaceship.screen.textcopy","com.google.android.apps.translate"]},{"rank":{"index":3,"lang":"id","country":"id","chineseCountryName":"印尼","pkg":"com.spaceship.screen.textcopy"},"orders":["com.recognize_text.translate.screen","com.tap_to_translate.snap_translate","com.spaceship.screen.textcopy","com.newmg.yurao.pro","com.niven.translator","com.screen.translate.google","com.gaminik.i18n","com.niven.game","com.niven.apptranslate","com.google.android.apps.translate","com.eecorp.linguago","com.immersivetranslate.browser"]},{"rank":{"index":2,"lang":"es-mx","country":"mx","chineseCountryName":"墨西哥","pkg":"com.spaceship.screen.textcopy"},"orders":["com.recognize_text.translate.screen","com.spaceship.screen.textcopy","com.tap_to_translate.snap_translate","com.newmg.yurao.pro","com.gaminik.i18n","com.google.android.apps.translate","com.deepl.mobiletranslator","at.nk.tools.iTranslate","com.zaz.translate","ru.yandex.translate","com.naver.labs.translator","com.translate.talkingtranslator","com.datacomprojects.scanandtranslate","com.google.ar.lens","com.niven.translator","com.screen.translate.google","com.niven.game","com.niven.apptranslate","com.newtranslate.google","com.softissimo.reverso.context"]}]