[{"rank":{"index":2,"lang":"en-us","country":"us","chineseCountryName":"美国","pkg":"com.spaceship.screen.textcopy"},"orders":["com.recognize_text.translate.screen","com.spaceship.screen.textcopy","com.gaminik.i18n","com.google.android.apps.translate","com.mg.yurao.google","com.microsoft.translator","com.niven.game","com.tap_to_translate.snap_translate","com.niven.translator","com.fasttanslator.appm","com.niven.comic","ru.yandex.translate","com.zaz.translate","com.naver.labs.translator","com.eecorp.linguago","at.nk.tools.iTranslate","com.datacomprojects.scanandtranslate","com.tranit.text.translate","com.translator.yellow","com.niven.apptranslate"]},{"rank":{"index":6,"lang":"ru","country":"ru","chineseCountryName":"俄罗斯","pkg":"com.spaceship.screen.textcopy"},"orders":["com.recognize_text.translate.screen","com.tap_to_translate.snap_translate","com.gaminik.i18n","com.niven.game","com.niven.translator","com.spaceship.screen.textcopy","com.niven.comic","com.niven.apptranslate","com.eecorp.linguago","ru.yandex.translate","com.pidev.screentranslator","screen.translator.voice.translate","com.google.android.apps.translate","com.microsoft.translator","com.tranit.text.translate","com.deepl.mobiletranslator","com.datacomprojects.scanandtranslate","us.zoom.videomeetings","com.zaz.translate","com.duolingo"]},{"rank":{"index":2,"lang":"fr","country":"fr","chineseCountryName":"法国","pkg":"com.spaceship.screen.textcopy"},"orders":["com.recognize_text.translate.screen","com.spaceship.screen.textcopy","com.tap_to_translate.snap_translate","com.mg.yurao.google","com.niven.game","com.gaminik.i18n","com.niven.translator","com.niven.comic","com.newmg.yurao.pro","com.niven.apptranslate","com.eecorp.linguago","com.microsoft.translator","com.google.android.apps.translate","com.fasttanslator.appm","com.zaz.translate","com.translator.yellow","com.tranit.text.translate","camera.translator.realtime","screen.translator.voice.translate","com.mg.chat"]},{"rank":{"index":2,"lang":"en-gb","country":"gb","chineseCountryName":"英国","pkg":"com.spaceship.screen.textcopy"},"orders":["com.recognize_text.translate.screen","com.spaceship.screen.textcopy","com.mg.yurao.google","com.gaminik.i18n","com.google.android.apps.translate","com.microsoft.translator","com.niven.game","com.niven.translator","com.tap_to_translate.snap_translate","com.translator.yellow","com.niven.comic","com.fasttanslator.appm","com.zaz.translate","com.eecorp.linguago","com.datacomprojects.scanandtranslate","com.tranit.text.translate","ru.yandex.translate","com.niven.apptranslate","com.newmg.yurao.pro","at.nk.tools.iTranslate"]},{"rank":{"index":3,"lang":"de","country":"de","chineseCountryName":"德国","pkg":"com.spaceship.screen.textcopy"},"orders":["com.recognize_text.translate.screen","com.gaminik.i18n","com.spaceship.screen.textcopy","com.mg.yurao.google","com.niven.game","com.tap_to_translate.snap_translate","com.niven.translator","com.niven.comic","com.microsoft.translator","com.niven.apptranslate","com.google.android.apps.translate","com.newmg.yurao.pro","com.eecorp.linguago","screen.translator.voice.translate","com.deepl.mobiletranslator","ru.yandex.translate","com.zaz.translate","at.nk.tools.iTranslate","com.naver.labs.translator","com.pidev.screentranslator"]},{"rank":{"index":4,"lang":"it","country":"it","chineseCountryName":"意大利","pkg":"com.spaceship.screen.textcopy"},"orders":["com.recognize_text.translate.screen","com.niven.game","com.gaminik.i18n","com.spaceship.screen.textcopy","com.mg.yurao.google","com.niven.translator","com.niven.comic","com.tap_to_translate.snap_translate","com.translator.yellow","com.eecorp.linguago","com.niven.apptranslate","com.microsoft.translator","com.newmg.yurao.pro","com.fasttanslator.appm","com.google.android.apps.translate","com.zaz.translate","camera.translator.realtime","com.kursx.smartbook","screen.translator.voice.translate","com.appgroup.app.arcamera"]},{"rank":{"index":7,"lang":"ja","country":"jp","chineseCountryName":"日本","pkg":"com.spaceship.screen.textcopy"},"orders":["com.recognize_text.translate.screen","com.tap_to_translate.snap_translate","com.gaminik.i18n","com.mg.yurao.google","com.niven.game","com.niven.translator","com.spaceship.screen.textcopy","com.niven.comic","com.google.android.apps.translate","com.niven.apptranslate","com.naver.labs.translator","com.newmg.yurao.pro","com.eecorp.linguago","com.microsoft.translator"]},{"rank":{"index":4,"lang":"ko","country":"kr","chineseCountryName":"韩国","pkg":"com.spaceship.screen.textcopy"},"orders":["com.recognize_text.translate.screen","com.mg.yurao.google","com.tap_to_translate.snap_translate","com.spaceship.screen.textcopy","com.niven.game","com.gaminik.i18n","com.niven.translator","com.niven.comic","com.niven.apptranslate","com.eecorp.linguago","com.newmg.yurao.pro","com.naver.labs.translator","com.google.android.apps.translate","com.pidev.screentranslator","com.microsoft.translator","us.zoom.videomeetings","com.datacomprojects.scanandtranslate","com.deepl.mobiletranslator","screen.translator.voice.translate","com.abbyy.mobile.textgrabber.full"]},{"rank":{"index":4,"lang":"zh-hk","country":"hk","chineseCountryName":"香港","pkg":"com.spaceship.screen.textcopy"},"orders":["com.recognize_text.translate.screen","com.gaminik.i18n","com.mg.yurao.google","com.spaceship.screen.textcopy","com.niven.game","com.tap_to_translate.snap_translate","com.niven.translator","com.niven.comic","com.niven.apptranslate","com.newmg.yurao.pro","com.eecorp.linguago","com.microsoft.translator","com.datacomprojects.scanandtranslate","com.google.android.apps.translate","com.zaz.translate","camera.translator.realtime","at.nk.tools.iTranslate","screen.translator.voice.translate","com.voice_camera_free_translate","com.naver.labs.translator"]},{"rank":{"index":6,"lang":"zh-tw","country":"tw","chineseCountryName":"台湾","pkg":"com.spaceship.screen.textcopy"},"orders":["com.recognize_text.translate.screen","com.mg.yurao.google","com.gaminik.i18n","com.tap_to_translate.snap_translate","com.niven.game","com.spaceship.screen.textcopy","com.niven.translator","com.niven.comic","com.niven.apptranslate","com.newmg.yurao.pro","com.eecorp.linguago","screen.translator.voice.translate","com.microsoft.translator","com.zaz.translate","com.google.android.apps.translate","com.pidev.screentranslator","com.datacomprojects.scanandtranslate","com.voice_camera_free_translate","at.nk.tools.iTranslate","com.translator.translation.screen.translate.voice.languages.text.translating"]},{"rank":{"index":4,"lang":"en","country":"in","chineseCountryName":"印度","pkg":"com.spaceship.screen.textcopy"},"orders":["com.recognize_text.translate.screen","com.gaminik.i18n","com.google.android.apps.translate","com.spaceship.screen.textcopy","com.niven.game","com.tap_to_translate.snap_translate","screen.translator.voice.translate","com.niven.translator","com.microsoft.translator","com.niven.comic","com.zaz.translate","com.eecorp.linguago","com.newmg.yurao.pro","com.tranit.text.translate","com.niven.apptranslate","com.datacomprojects.scanandtranslate","ru.yandex.translate","com.pidev.screentranslator","com.abbyy.mobile.textgrabber.full","com.mg.yurao.google"]},{"rank":{"index":2,"lang":"id","country":"id","chineseCountryName":"印尼","pkg":"com.spaceship.screen.textcopy"},"orders":["com.recognize_text.translate.screen","com.spaceship.screen.textcopy","com.tap_to_translate.snap_translate","com.gaminik.i18n","com.mg.yurao.google","com.niven.game","com.niven.translator","com.niven.comic","com.newmg.yurao.pro","com.niven.apptranslate","com.eecorp.linguago","com.google.android.apps.translate","com.youdao.hindict","com.android.chrome","com.pidev.screentranslator","us.zoom.videomeetings","com.naver.labs.translator","com.zaz.translate","com.andi.alquran.id","com.deepl.mobiletranslator"]},{"rank":{"index":4,"lang":"es-mx","country":"mx","chineseCountryName":"墨西哥","pkg":"com.spaceship.screen.textcopy"},"orders":["com.recognize_text.translate.screen","com.gaminik.i18n","com.tap_to_translate.snap_translate","com.spaceship.screen.textcopy","com.niven.game","com.niven.translator","com.niven.comic","com.niven.apptranslate","com.eecorp.linguago","com.newmg.yurao.pro","com.microsoft.translator","com.pidev.screentranslator","com.google.android.apps.translate","screen.translator.voice.translate","com.datacomprojects.scanandtranslate","us.zoom.videomeetings","com.youdao.hindict","com.zaz.translate","at.nk.tools.iTranslate","com.mg.yurao.google"]}]