[{"rank":{"index":2,"lang":"en-us","country":"us","chineseCountryName":"美国","pkg":"com.spaceship.screen.textcopy"},"orders":["com.recognize_text.translate.screen","com.spaceship.screen.textcopy","com.niven.translator","com.google.android.apps.translate","com.screen.translate.google","com.tap_to_translate.snap_translate","com.gaminik.i18n","com.newmg.yurao.pro","com.deepl.mobiletranslator","com.microsoft.translator","com.immersivetranslate.browser","com.fapp.translate.language.translator.fasttranslation","com.niven.game","at.nk.tools.iTranslate","ru.yandex.translate","com.naver.labs.translator","com.zaz.translate","photo.translate.camera.translator","com.niven.apptranslate","com.aldoo.pdftranslatorpro"]},{"rank":{"index":5,"lang":"ru","country":"ru","chineseCountryName":"俄罗斯","pkg":"com.spaceship.screen.textcopy"},"orders":["com.recognize_text.translate.screen","com.niven.translator","com.tap_to_translate.snap_translate","com.gaminik.i18n","com.spaceship.screen.textcopy","com.screen.translate.google","com.newmg.yurao.pro","ru.yandex.translate","com.deepl.mobiletranslator","com.google.android.apps.translate","com.immersivetranslate.browser","com.niven.game","live.screentranslate.realtime"]},{"rank":{"index":2,"lang":"pt-br","country":"br","chineseCountryName":"巴西","pkg":"com.spaceship.screen.textcopy"},"orders":["com.recognize_text.translate.screen","com.spaceship.screen.textcopy","com.niven.translator","com.tap_to_translate.snap_translate","com.gaminik.i18n","com.screen.translate.google","com.newmg.yurao.pro","com.immersivetranslate.browser","com.niven.game","com.google.android.apps.translate","com.voice_camera_free_translate","com.fapp.translate.language.translator.fasttranslation","com.deepl.mobiletranslator","com.niven.apptranslate","live.screentranslate.realtime","ru.yandex.translate","com.microsoft.translator","com.eecorp.linguago","photo.translate.camera.translator","at.nk.tools.iTranslate"]},{"rank":{"index":2,"lang":"fr","country":"fr","chineseCountryName":"法国","pkg":"com.spaceship.screen.textcopy"},"orders":["com.recognize_text.translate.screen","com.spaceship.screen.textcopy","com.tap_to_translate.snap_translate","com.niven.translator","com.screen.translate.google","com.gaminik.i18n","com.newmg.yurao.pro","com.google.android.apps.translate","com.immersivetranslate.browser","com.deepl.mobiletranslator","com.fapp.translate.language.translator.fasttranslation","com.voice_camera_free_translate","com.niven.game","live.screentranslate.realtime","com.niven.apptranslate","com.datacomprojects.scanandtranslate","photo.translate.camera.translator","com.zaz.translate","com.microsoft.translator","ru.yandex.translate"]},{"rank":{"index":2,"lang":"en-gb","country":"gb","chineseCountryName":"英国","pkg":"com.spaceship.screen.textcopy"},"orders":["com.recognize_text.translate.screen","com.spaceship.screen.textcopy","com.google.android.apps.translate","com.screen.translate.google","com.niven.translator","com.gaminik.i18n","com.newmg.yurao.pro","com.tap_to_translate.snap_translate","com.microsoft.translator","com.fapp.translate.language.translator.fasttranslation","com.deepl.mobiletranslator","com.zaz.translate","com.immersivetranslate.browser","ru.yandex.translate","com.niven.game","com.naver.labs.translator","live.screentranslate.realtime","at.nk.tools.iTranslate","com.inw.trulinco","photo.translate.camera.translator"]},{"rank":{"index":4,"lang":"de","country":"de","chineseCountryName":"德国","pkg":"com.spaceship.screen.textcopy"},"orders":["com.recognize_text.translate.screen","com.niven.translator","com.tap_to_translate.snap_translate","com.spaceship.screen.textcopy","com.screen.translate.google","com.gaminik.i18n","com.newmg.yurao.pro","com.deepl.mobiletranslator","com.google.android.apps.translate","com.immersivetranslate.browser","com.fapp.translate.language.translator.fasttranslation","com.niven.game","com.niven.apptranslate","live.screentranslate.realtime","ru.yandex.translate","com.voice_camera_free_translate","com.microsoft.translator","com.zaz.translate","photo.translate.camera.translator","at.nk.tools.iTranslate"]},{"rank":{"index":2,"lang":"it","country":"it","chineseCountryName":"意大利","pkg":"com.spaceship.screen.textcopy"},"orders":["com.recognize_text.translate.screen","com.spaceship.screen.textcopy","com.tap_to_translate.snap_translate","com.niven.translator","com.screen.translate.google","com.gaminik.i18n","com.newmg.yurao.pro","com.google.android.apps.translate","com.fapp.translate.language.translator.fasttranslation","com.deepl.mobiletranslator","com.immersivetranslate.browser","com.niven.game","com.voice_camera_free_translate","com.niven.apptranslate","live.screentranslate.realtime","com.microsoft.translator","com.zaz.translate","com.datacomprojects.scanandtranslate","photo.translate.camera.translator","ru.yandex.translate"]},{"rank":{"index":2,"lang":"ja","country":"jp","chineseCountryName":"日本","pkg":"com.spaceship.screen.textcopy"},"orders":["com.recognize_text.translate.screen","com.spaceship.screen.textcopy","com.tap_to_translate.snap_translate","com.niven.translator","com.screen.translate.google","com.gaminik.i18n","com.newmg.yurao.pro","com.immersivetranslate.browser","com.google.android.apps.translate","com.deepl.mobiletranslator","com.fapp.translate.language.translator.fasttranslation"]},{"rank":{"index":2,"lang":"ko","country":"kr","chineseCountryName":"韩国","pkg":"com.spaceship.screen.textcopy"},"orders":["com.recognize_text.translate.screen","com.spaceship.screen.textcopy","com.tap_to_translate.snap_translate","com.niven.translator","com.screen.translate.google","com.gaminik.i18n","com.newmg.yurao.pro","com.naver.labs.translator","com.fapp.translate.language.translator.fasttranslation","com.google.android.apps.translate","com.immersivetranslate.browser"]},{"rank":{"index":2,"lang":"zh-hk","country":"hk","chineseCountryName":"香港","pkg":"com.spaceship.screen.textcopy"},"orders":["com.recognize_text.translate.screen","com.spaceship.screen.textcopy","com.screen.translate.google","com.niven.translator","com.gaminik.i18n","com.newmg.yurao.pro","com.tap_to_translate.snap_translate","com.google.android.apps.translate","com.immersivetranslate.browser","com.niven.apptranslate","com.fapp.translate.language.translator.fasttranslation","com.microsoft.translator","com.zaz.translate","photo.translate.camera.translator","com.deepl.mobiletranslator","at.nk.tools.iTranslate","com.naver.labs.translator","com.eecorp.linguago","ru.yandex.translate","live.screentranslate.realtime"]},{"rank":{"index":2,"lang":"zh-tw","country":"tw","chineseCountryName":"台湾","pkg":"com.spaceship.screen.textcopy"},"orders":["com.recognize_text.translate.screen","com.spaceship.screen.textcopy","com.niven.translator","com.screen.translate.google","com.gaminik.i18n","com.newmg.yurao.pro","com.tap_to_translate.snap_translate","com.fapp.translate.language.translator.fasttranslation","com.immersivetranslate.browser","com.google.android.apps.translate","com.niven.apptranslate","live.screentranslate.realtime","com.zaz.translate","com.deepl.mobiletranslator","com.naver.labs.translator","com.microsoft.translator","photo.translate.camera.translator","com.niven.game","at.nk.tools.iTranslate","com.openai.chatgpt"]},{"rank":{"index":2,"lang":"en","country":"in","chineseCountryName":"印度","pkg":"com.spaceship.screen.textcopy"},"orders":["com.recognize_text.translate.screen","com.spaceship.screen.textcopy","com.newmg.yurao.pro","com.google.android.apps.translate","com.zaz.translate"]},{"rank":{"index":2,"lang":"id","country":"id","chineseCountryName":"印尼","pkg":"com.spaceship.screen.textcopy"},"orders":["com.recognize_text.translate.screen","com.spaceship.screen.textcopy","com.tap_to_translate.snap_translate","com.niven.translator","com.screen.translate.google","com.gaminik.i18n","com.newmg.yurao.pro","com.google.android.apps.translate","com.fapp.translate.language.translator.fasttranslation","com.niven.game","com.deepl.mobiletranslator"]},{"rank":{"index":3,"lang":"es-mx","country":"mx","chineseCountryName":"墨西哥","pkg":"com.spaceship.screen.textcopy"},"orders":["com.recognize_text.translate.screen","com.tap_to_translate.snap_translate","com.spaceship.screen.textcopy","com.niven.translator","com.screen.translate.google","com.gaminik.i18n","com.newmg.yurao.pro","com.niven.game","com.google.android.apps.translate","com.voice_camera_free_translate","com.deepl.mobiletranslator","com.fapp.translate.language.translator.fasttranslation","com.immersivetranslate.browser","com.niven.apptranslate","live.screentranslate.realtime","photo.translate.camera.translator","com.eecorp.linguago","at.nk.tools.iTranslate","com.microsoft.translator","com.zaz.translate"]}]