[{"rank":{"index":2,"lang":"en-us","country":"us","chineseCountryName":"美国","pkg":"com.spaceship.screen.textcopy"},"orders":["com.recognize_text.translate.screen","com.spaceship.screen.textcopy","com.tap_to_translate.snap_translate","com.gaminik.i18n","com.microsoft.translator","com.newmg.yurao.pro","com.google.android.apps.translate","com.niven.game","com.niven.translator","com.niven.comic","com.eecorp.taptranslator","at.nk.tools.iTranslate","com.niven.apptranslate","com.galaxy.airviewdictionary","com.screen.translate.google","screen.translator.voice.translate","com.easytranslate.easytranslate","com.youdao.hindict","com.zaz.translate","com.translate.talkingtranslator"]},{"rank":{"index":2,"lang":"ru","country":"ru","chineseCountryName":"俄罗斯","pkg":"com.spaceship.screen.textcopy"},"orders":["com.recognize_text.translate.screen","com.spaceship.screen.textcopy","com.gaminik.i18n","com.niven.translator","com.tap_to_translate.snap_translate","com.niven.game","com.microsoft.translator","com.google.android.apps.translate","com.newmg.yurao.pro","com.galaxy.airviewdictionary","com.niven.comic","ru.yandex.translate","com.niven.apptranslate","com.screen.translate.google","at.nk.tools.iTranslate","com.youdao.hindict","screen.translator.voice.translate","com.ticktalk.translatevoice","us.zoom.videomeetings","com.android.chrome"]},{"rank":{"index":2,"lang":"pt-br","country":"br","chineseCountryName":"巴西","pkg":"com.spaceship.screen.textcopy"},"orders":["com.recognize_text.translate.screen","com.spaceship.screen.textcopy","com.tap_to_translate.snap_translate","com.gaminik.i18n","com.niven.translator","com.niven.game","com.galaxy.airviewdictionary","com.niven.comic","com.newmg.yurao.pro","com.eecorp.taptranslator","com.niven.apptranslate","com.google.android.apps.translate","com.youdao.hindict","at.nk.tools.iTranslate","com.screen.translate.google","com.google.android.apps.photos","com.android.chrome","com.microsoft.translator","com.google.android.apps.docs","us.zoom.videomeetings"]},{"rank":{"index":2,"lang":"fr","country":"fr","chineseCountryName":"法国","pkg":"com.spaceship.screen.textcopy"},"orders":["com.recognize_text.translate.screen","com.spaceship.screen.textcopy","com.gaminik.i18n","com.tap_to_translate.snap_translate","com.niven.game","com.niven.translator","com.newmg.yurao.pro","com.galaxy.airviewdictionary","screen.translator.voice.translate","com.niven.comic","com.microsoft.translator","com.eecorp.taptranslator","com.google.android.apps.translate","com.niven.apptranslate","com.screen.translate.google","at.nk.tools.iTranslate","com.youdao.hindict","us.zoom.videomeetings","com.intsig.camscanner","com.google.android.apps.photos"]},{"rank":{"index":2,"lang":"en-gb","country":"gb","chineseCountryName":"英国","pkg":"com.spaceship.screen.textcopy"},"orders":["com.recognize_text.translate.screen","com.spaceship.screen.textcopy","com.tap_to_translate.snap_translate","com.google.android.apps.translate","com.microsoft.translator","com.gaminik.i18n","com.niven.game","com.niven.translator","com.galaxy.airviewdictionary","at.nk.tools.iTranslate","com.niven.comic","com.newmg.yurao.pro","com.niven.apptranslate","com.eecorp.taptranslator","com.screen.translate.google","com.youdao.hindict","screen.translator.voice.translate","com.easytranslate.easytranslate","com.ticktalk.translatevoice","com.zaz.translate"]},{"rank":{"index":2,"lang":"de","country":"de","chineseCountryName":"德国","pkg":"com.spaceship.screen.textcopy"},"orders":["com.recognize_text.translate.screen","com.spaceship.screen.textcopy","com.gaminik.i18n","com.tap_to_translate.snap_translate","com.newmg.yurao.pro","com.niven.translator","com.niven.game","com.galaxy.airviewdictionary","com.microsoft.translator","com.eecorp.taptranslator","com.niven.comic","com.google.android.apps.translate","com.niven.apptranslate","com.screen.translate.google","at.nk.tools.iTranslate","com.eecorp.linguago","com.youdao.hindict","us.zoom.videomeetings","com.google.android.apps.photos","com.android.chrome"]},{"rank":{"index":2,"lang":"it","country":"it","chineseCountryName":"意大利","pkg":"com.spaceship.screen.textcopy"},"orders":["com.recognize_text.translate.screen","com.spaceship.screen.textcopy","com.tap_to_translate.snap_translate","com.gaminik.i18n","com.niven.game","screen.translator.voice.translate","com.niven.translator","com.microsoft.translator","com.google.android.apps.translate","com.niven.comic","com.newmg.yurao.pro","com.niven.apptranslate","at.nk.tools.iTranslate","com.eecorp.taptranslator","com.galaxy.airviewdictionary","com.screen.translate.google","com.zaz.translate","com.youdao.hindict","com.google.android.apps.photos","com.intsig.camscanner"]},{"rank":{"index":2,"lang":"ja","country":"jp","chineseCountryName":"日本","pkg":"com.spaceship.screen.textcopy"},"orders":["com.recognize_text.translate.screen","com.spaceship.screen.textcopy","com.gaminik.i18n","com.newmg.yurao.pro","com.tap_to_translate.snap_translate","com.niven.translator","com.galaxy.airviewdictionary","com.niven.game","com.google.android.apps.translate","com.microsoft.translator","com.screen.translate.google","com.niven.comic","us.zoom.videomeetings","com.niven.apptranslate","com.discord","com.android.chrome","com.deepl.mobiletranslator","com.google.android.apps.maps","com.naver.labs.translator","com.microsoft.office.outlook"]},{"rank":{"index":2,"lang":"ko","country":"kr","chineseCountryName":"韩国","pkg":"com.spaceship.screen.textcopy"},"orders":["com.recognize_text.translate.screen","com.spaceship.screen.textcopy","com.tap_to_translate.snap_translate","com.gaminik.i18n","com.microsoft.translator","com.niven.game","com.google.android.apps.translate","com.niven.translator","com.newmg.yurao.pro","com.niven.comic","com.galaxy.airviewdictionary","com.niven.apptranslate","com.screen.translate.google","com.naver.labs.translator","at.nk.tools.iTranslate","com.eecorp.taptranslator","com.youdao.hindict","com.easytranslate.easytranslate","us.zoom.videomeetings","com.zaz.translate"]},{"rank":{"index":2,"lang":"zh-hk","country":"hk","chineseCountryName":"香港","pkg":"com.spaceship.screen.textcopy"},"orders":["com.recognize_text.translate.screen","com.spaceship.screen.textcopy","com.tap_to_translate.snap_translate","com.gaminik.i18n","com.microsoft.translator","com.google.android.apps.translate","com.niven.game","com.niven.translator","com.newmg.yurao.pro","com.galaxy.airviewdictionary","com.niven.apptranslate","com.niven.comic","at.nk.tools.iTranslate","com.screen.translate.google","com.eecorp.taptranslator","com.youdao.hindict","com.easytranslate.easytranslate","com.zaz.translate","com.translate.talkingtranslator","com.tangdi.baiguotong"]},{"rank":{"index":2,"lang":"zh-tw","country":"tw","chineseCountryName":"台湾","pkg":"com.spaceship.screen.textcopy"},"orders":["com.recognize_text.translate.screen","com.spaceship.screen.textcopy","com.niven.game","com.gaminik.i18n","com.microsoft.translator","com.tap_to_translate.snap_translate","com.google.android.apps.translate","com.niven.translator","com.galaxy.airviewdictionary","com.niven.comic","com.newmg.yurao.pro","com.youdao.hindict","com.niven.apptranslate","at.nk.tools.iTranslate","com.screen.translate.google","com.eecorp.taptranslator","com.translate.talkingtranslator","com.tangdi.baiguotong","com.easytranslate.easytranslate","com.appspell.screentranslator"]},{"rank":{"index":2,"lang":"en","country":"in","chineseCountryName":"印度","pkg":"com.spaceship.screen.textcopy"},"orders":["com.recognize_text.translate.screen","com.spaceship.screen.textcopy","com.google.android.apps.translate","com.tap_to_translate.snap_translate","com.microsoft.translator","com.niven.game","com.gaminik.i18n"]},{"rank":{"index":1,"lang":"id","country":"id","chineseCountryName":"印尼","pkg":"com.spaceship.screen.textcopy"},"orders":["com.spaceship.screen.textcopy","com.recognize_text.translate.screen","com.tap_to_translate.snap_translate","com.gaminik.i18n","com.niven.game","com.youdao.hindict","com.niven.translator","com.galaxy.airviewdictionary","com.newmg.yurao.pro","com.niven.comic","com.niven.apptranslate","com.google.android.apps.translate","com.eecorp.taptranslator"]},{"rank":{"index":2,"lang":"es-mx","country":"mx","chineseCountryName":"墨西哥","pkg":"com.spaceship.screen.textcopy"},"orders":["com.recognize_text.translate.screen","com.spaceship.screen.textcopy","com.gaminik.i18n","com.niven.translator","com.niven.game","com.tap_to_translate.snap_translate","com.galaxy.airviewdictionary","com.niven.comic","com.newmg.yurao.pro","com.microsoft.translator","com.niven.apptranslate","com.youdao.hindict","com.google.android.apps.translate","us.zoom.videomeetings","com.google.android.apps.photos","com.eecorp.taptranslator","com.android.chrome","com.google.android.apps.docs","com.google.android.apps.maps","com.discord"]}]