[{"rank":{"index":2,"lang":"en-us","country":"us","chineseCountryName":"美国","pkg":"com.spaceship.screen.textcopy"},"orders":["com.recognize_text.translate.screen","com.spaceship.screen.textcopy","com.tap_to_translate.snap_translate","com.google.android.apps.translate","com.niven.translator","com.screen.translate.google","com.newmg.yurao.pro","com.gaminik.i18n","com.microsoft.translator","com.immersivetranslate.browser","com.deepl.mobiletranslator","com.naver.labs.translator","com.voice_camera_free_translate","com.niven.game","at.nk.tools.iTranslate","com.fapp.translate.language.translator.fasttranslation","ru.yandex.translate","com.zaz.translate","com.datacomprojects.scanandtranslate","com.niven.apptranslate"]},{"rank":{"index":0,"lang":"ru","country":"ru","chineseCountryName":"俄罗斯","pkg":"com.spaceship.screen.textcopy"},"orders":["com.recognize_text.translate.screen","com.niven.translator","com.tap_to_translate.snap_translate","com.newmg.yurao.pro","com.gaminik.i18n","ru.yandex.translate","com.screen.translate.google","com.immersivetranslate.browser","com.niven.game","com.google.android.apps.translate","com.voice_camera_free_translate","com.deepl.mobiletranslator","com.microsoft.translator","com.niven.apptranslate","com.zaz.translate","at.nk.tools.iTranslate","com.fapp.translate.language.translator.fasttranslation","co.timekettle.livetranslator","com.naver.labs.translator","com.kursx.smartbook"]},{"rank":{"index":2,"lang":"pt-br","country":"br","chineseCountryName":"巴西","pkg":"com.spaceship.screen.textcopy"},"orders":["com.recognize_text.translate.screen","com.spaceship.screen.textcopy","com.tap_to_translate.snap_translate","com.gaminik.i18n","com.newmg.yurao.pro","com.google.android.apps.translate","com.zaz.translate","com.deepl.mobiletranslator","at.nk.tools.iTranslate","com.datacomprojects.scanandtranslate","com.immersivetranslate.browser","ru.yandex.translate","com.voice_camera_free_translate","com.naver.labs.translator","com.softissimo.reverso.context","com.niven.translator","com.screen.translate.google","com.niven.game","com.niven.apptranslate","translate.voice.translator.camera.translation.free.all.language.app"]},{"rank":{"index":2,"lang":"fr","country":"fr","chineseCountryName":"法国","pkg":"com.spaceship.screen.textcopy"},"orders":["com.recognize_text.translate.screen","com.spaceship.screen.textcopy","com.tap_to_translate.snap_translate","com.niven.translator","com.newmg.yurao.pro","com.gaminik.i18n","com.screen.translate.google","com.immersivetranslate.browser","com.voice_camera_free_translate","com.google.android.apps.translate","com.microsoft.translator","com.niven.apptranslate","com.deepl.mobiletranslator","com.niven.game","com.zaz.translate","ru.yandex.translate","com.datacomprojects.scanandtranslate","com.fapp.translate.language.translator.fasttranslation","com.naver.labs.translator","at.nk.tools.iTranslate"]},{"rank":{"index":2,"lang":"en-gb","country":"gb","chineseCountryName":"英国","pkg":"com.spaceship.screen.textcopy"},"orders":["com.recognize_text.translate.screen","com.spaceship.screen.textcopy","com.newmg.yurao.pro","com.google.android.apps.translate","com.screen.translate.google","com.niven.translator","com.microsoft.translator","com.gaminik.i18n","com.tap_to_translate.snap_translate","com.immersivetranslate.browser","com.deepl.mobiletranslator","com.zaz.translate","at.nk.tools.iTranslate","ru.yandex.translate","com.fapp.translate.language.translator.fasttranslation","com.niven.game","com.datacomprojects.scanandtranslate","com.niven.apptranslate","com.naver.labs.translator","com.siv"]},{"rank":{"index":2,"lang":"de","country":"de","chineseCountryName":"德国","pkg":"com.spaceship.screen.textcopy"},"orders":["com.recognize_text.translate.screen","com.spaceship.screen.textcopy","com.tap_to_translate.snap_translate","com.newmg.yurao.pro","com.screen.translate.google","com.niven.translator","com.gaminik.i18n","com.immersivetranslate.browser","com.microsoft.translator","com.google.android.apps.translate","com.deepl.mobiletranslator","com.voice_camera_free_translate","com.fapp.translate.language.translator.fasttranslation","com.niven.game","com.niven.apptranslate","ru.yandex.translate","com.zaz.translate","com.datacomprojects.scanandtranslate","at.nk.tools.iTranslate","com.translate.talkingtranslator"]},{"rank":{"index":2,"lang":"it","country":"it","chineseCountryName":"意大利","pkg":"com.spaceship.screen.textcopy"},"orders":["com.recognize_text.translate.screen","com.spaceship.screen.textcopy","com.tap_to_translate.snap_translate","com.niven.translator","com.gaminik.i18n","com.screen.translate.google","com.newmg.yurao.pro","com.immersivetranslate.browser","com.google.android.apps.translate","com.microsoft.translator","com.deepl.mobiletranslator","com.niven.game","com.fapp.translate.language.translator.fasttranslation","com.voice_camera_free_translate","at.nk.tools.iTranslate","com.niven.apptranslate","com.datacomprojects.scanandtranslate","ru.yandex.translate","com.zaz.translate","co.timekettle.livetranslator"]},{"rank":{"index":2,"lang":"ja","country":"jp","chineseCountryName":"日本","pkg":"com.spaceship.screen.textcopy"},"orders":["com.recognize_text.translate.screen","com.spaceship.screen.textcopy","com.tap_to_translate.snap_translate","com.newmg.yurao.pro","com.gaminik.i18n","com.niven.translator","com.immersivetranslate.browser","com.screen.translate.google","com.deepl.mobiletranslator","com.naver.labs.translator","com.niven.game","com.google.android.apps.translate","com.microsoft.translator","com.fapp.translate.language.translator.fasttranslation"]},{"rank":{"index":2,"lang":"ko","country":"kr","chineseCountryName":"韩国","pkg":"com.spaceship.screen.textcopy"},"orders":["com.recognize_text.translate.screen","com.spaceship.screen.textcopy","com.tap_to_translate.snap_translate","com.newmg.yurao.pro","com.gaminik.i18n","com.niven.translator","com.screen.translate.google","com.immersivetranslate.browser","com.naver.labs.translator","com.voice_camera_free_translate","com.google.android.apps.translate","com.niven.game","com.niven.apptranslate","com.microsoft.translator","com.fapp.translate.language.translator.fasttranslation","com.deepl.mobiletranslator","co.timekettle.livetranslator","com.zaz.translate","at.nk.tools.iTranslate","com.openai.chatgpt"]},{"rank":{"index":2,"lang":"zh-hk","country":"hk","chineseCountryName":"香港","pkg":"com.spaceship.screen.textcopy"},"orders":["com.recognize_text.translate.screen","com.spaceship.screen.textcopy","com.screen.translate.google","com.newmg.yurao.pro","com.gaminik.i18n","com.niven.translator","com.google.android.apps.translate","com.microsoft.translator","com.immersivetranslate.browser","com.tap_to_translate.snap_translate","com.fapp.translate.language.translator.fasttranslation","com.naver.labs.translator","com.niven.game","com.deepl.mobiletranslator","com.niven.apptranslate","at.nk.tools.iTranslate","com.datacomprojects.scanandtranslate","com.zaz.translate","ru.yandex.translate","jp.go.nict.voicetra"]},{"rank":{"index":2,"lang":"zh-tw","country":"tw","chineseCountryName":"台湾","pkg":"com.spaceship.screen.textcopy"},"orders":["com.recognize_text.translate.screen","com.spaceship.screen.textcopy","com.newmg.yurao.pro","com.gaminik.i18n","com.screen.translate.google","com.niven.translator","com.immersivetranslate.browser","com.tap_to_translate.snap_translate","com.niven.game","com.microsoft.translator","com.niven.apptranslate","com.google.android.apps.translate","com.fapp.translate.language.translator.fasttranslation","com.naver.labs.translator","com.deepl.mobiletranslator","com.zaz.translate","at.nk.tools.iTranslate","co.timekettle.livetranslator","com.translate.talkingtranslator","ru.yandex.translate"]},{"rank":{"index":3,"lang":"en","country":"in","chineseCountryName":"印度","pkg":"com.spaceship.screen.textcopy"},"orders":["com.recognize_text.translate.screen","com.newmg.yurao.pro","com.spaceship.screen.textcopy","com.google.android.apps.translate","com.zaz.translate"]},{"rank":{"index":3,"lang":"id","country":"id","chineseCountryName":"印尼","pkg":"com.spaceship.screen.textcopy"},"orders":["com.recognize_text.translate.screen","com.tap_to_translate.snap_translate","com.spaceship.screen.textcopy","com.newmg.yurao.pro","com.niven.translator","com.screen.translate.google","com.gaminik.i18n","com.niven.game","com.immersivetranslate.browser"]},{"rank":{"index":3,"lang":"es-mx","country":"mx","chineseCountryName":"墨西哥","pkg":"com.spaceship.screen.textcopy"},"orders":["com.recognize_text.translate.screen","com.tap_to_translate.snap_translate","com.spaceship.screen.textcopy","com.newmg.yurao.pro","com.gaminik.i18n","com.google.android.apps.translate","com.deepl.mobiletranslator","at.nk.tools.iTranslate","com.zaz.translate","com.datacomprojects.scanandtranslate","com.immersivetranslate.browser","ru.yandex.translate","com.voice_camera_free_translate","com.naver.labs.translator","com.softissimo.reverso.context","com.niven.translator","com.screen.translate.google","com.fapp.translate.language.translator.fasttranslation","com.niven.apptranslate","translate.voice.translator.camera.translation.free.all.language.app"]}]