[{"rank":{"index":2,"lang":"en-us","country":"us","chineseCountryName":"美国","pkg":"com.spaceship.screen.textcopy"},"orders":["com.recognize_text.translate.screen","com.spaceship.screen.textcopy","com.tap_to_translate.snap_translate","com.google.android.apps.translate","com.screen.translate.google","com.niven.translator","com.newmg.yurao.pro","com.gaminik.i18n","com.microsoft.translator","com.deepl.mobiletranslator","com.immersivetranslate.browser","com.zaz.translate","com.niven.game","com.fapp.translate.language.translator.fasttranslation","com.naver.labs.translator","at.nk.tools.iTranslate","com.niven.apptranslate","ru.yandex.translate","com.translate.talkingtranslator","com.voice_camera_free_translate"]},{"rank":{"index":0,"lang":"ru","country":"ru","chineseCountryName":"俄罗斯","pkg":"com.spaceship.screen.textcopy"},"orders":["com.recognize_text.translate.screen","com.niven.translator","com.tap_to_translate.snap_translate","com.newmg.yurao.pro","com.gaminik.i18n","ru.yandex.translate","com.google.android.apps.translate","com.screen.translate.google","com.deepl.mobiletranslator","com.immersivetranslate.browser","com.niven.game","com.microsoft.translator","com.zaz.translate"]},{"rank":{"index":2,"lang":"pt-br","country":"br","chineseCountryName":"巴西","pkg":"com.spaceship.screen.textcopy"},"orders":["com.recognize_text.translate.screen","com.spaceship.screen.textcopy","com.tap_to_translate.snap_translate","com.niven.translator","com.gaminik.i18n","com.newmg.yurao.pro","com.screen.translate.google","com.niven.apptranslate","com.niven.game","com.immersivetranslate.browser","com.google.android.apps.translate","com.deepl.mobiletranslator","com.voice_camera_free_translate","com.zaz.translate","com.microsoft.translator","com.niven.comic","com.fapp.translate.language.translator.fasttranslation","com.hive.lingonative","com.amazon.kindle","ru.yandex.translate"]},{"rank":{"index":2,"lang":"fr","country":"fr","chineseCountryName":"法国","pkg":"com.spaceship.screen.textcopy"},"orders":["com.recognize_text.translate.screen","com.spaceship.screen.textcopy","com.niven.translator","com.tap_to_translate.snap_translate","com.newmg.yurao.pro","com.screen.translate.google","com.gaminik.i18n","com.immersivetranslate.browser","com.google.android.apps.translate","com.microsoft.translator","com.niven.apptranslate","com.deepl.mobiletranslator","com.niven.game","com.fapp.translate.language.translator.fasttranslation","com.zaz.translate","com.voice_camera_free_translate","ru.yandex.translate","com.eecorp.linguago","com.niven.comic","com.hive.lingonative"]},{"rank":{"index":2,"lang":"en-gb","country":"gb","chineseCountryName":"英国","pkg":"com.spaceship.screen.textcopy"},"orders":["com.recognize_text.translate.screen","com.spaceship.screen.textcopy","com.niven.translator","com.google.android.apps.translate","com.screen.translate.google","com.tap_to_translate.snap_translate","com.newmg.yurao.pro","com.gaminik.i18n","com.microsoft.translator","com.immersivetranslate.browser","com.deepl.mobiletranslator","com.zaz.translate","com.fapp.translate.language.translator.fasttranslation","ru.yandex.translate","com.niven.game","at.nk.tools.iTranslate","com.voice_camera_free_translate","com.niven.apptranslate","com.naver.labs.translator","com.erudite.translator"]},{"rank":{"index":2,"lang":"de","country":"de","chineseCountryName":"德国","pkg":"com.spaceship.screen.textcopy"},"orders":["com.recognize_text.translate.screen","com.spaceship.screen.textcopy","com.niven.translator","com.tap_to_translate.snap_translate","com.screen.translate.google","com.newmg.yurao.pro","com.gaminik.i18n","com.google.android.apps.translate","com.immersivetranslate.browser","com.deepl.mobiletranslator","com.microsoft.translator","com.fapp.translate.language.translator.fasttranslation","com.niven.game","com.niven.apptranslate","ru.yandex.translate","com.zaz.translate","com.voice_camera_free_translate","at.nk.tools.iTranslate","com.translate.talkingtranslator","com.hive.lingonative"]},{"rank":{"index":2,"lang":"it","country":"it","chineseCountryName":"意大利","pkg":"com.spaceship.screen.textcopy"},"orders":["com.recognize_text.translate.screen","com.spaceship.screen.textcopy","com.tap_to_translate.snap_translate","com.niven.translator","com.screen.translate.google","com.gaminik.i18n","com.newmg.yurao.pro","com.google.android.apps.translate","com.immersivetranslate.browser","com.deepl.mobiletranslator","com.niven.game","com.microsoft.translator","com.niven.apptranslate","com.fapp.translate.language.translator.fasttranslation","com.voice_camera_free_translate","com.zaz.translate","at.nk.tools.iTranslate","ru.yandex.translate","com.eecorp.linguago","com.hive.lingonative"]},{"rank":{"index":2,"lang":"ja","country":"jp","chineseCountryName":"日本","pkg":"com.spaceship.screen.textcopy"},"orders":["com.recognize_text.translate.screen","com.spaceship.screen.textcopy","com.tap_to_translate.snap_translate","com.newmg.yurao.pro","com.gaminik.i18n","com.niven.translator","com.screen.translate.google","com.immersivetranslate.browser","com.google.android.apps.translate","com.deepl.mobiletranslator","com.niven.apptranslate","com.niven.game","com.fapp.translate.language.translator.fasttranslation"]},{"rank":{"index":2,"lang":"ko","country":"kr","chineseCountryName":"韩国","pkg":"com.spaceship.screen.textcopy"},"orders":["com.recognize_text.translate.screen","com.spaceship.screen.textcopy","com.tap_to_translate.snap_translate","com.niven.translator","com.gaminik.i18n","com.newmg.yurao.pro","com.screen.translate.google","com.immersivetranslate.browser","com.niven.apptranslate","com.google.android.apps.translate","com.niven.game","com.naver.labs.translator","com.microsoft.translator","com.deepl.mobiletranslator","com.voice_camera_free_translate","com.fapp.translate.language.translator.fasttranslation","com.zaz.translate","com.eecorp.linguago","at.nk.tools.iTranslate","com.niven.comic"]},{"rank":{"index":2,"lang":"zh-hk","country":"hk","chineseCountryName":"香港","pkg":"com.spaceship.screen.textcopy"},"orders":["com.recognize_text.translate.screen","com.spaceship.screen.textcopy","com.screen.translate.google","com.google.android.apps.translate","com.niven.translator","com.newmg.yurao.pro","com.gaminik.i18n","com.tap_to_translate.snap_translate","com.immersivetranslate.browser","com.microsoft.translator","com.niven.apptranslate","com.fapp.translate.language.translator.fasttranslation","com.deepl.mobiletranslator","com.niven.game","com.zaz.translate","com.naver.labs.translator","ru.yandex.translate","com.niven.comic","at.nk.tools.iTranslate","com.hive.lingonative"]},{"rank":{"index":2,"lang":"zh-tw","country":"tw","chineseCountryName":"台湾","pkg":"com.spaceship.screen.textcopy"},"orders":["com.recognize_text.translate.screen","com.spaceship.screen.textcopy","com.niven.translator","com.screen.translate.google","com.newmg.yurao.pro","com.gaminik.i18n","com.tap_to_translate.snap_translate","com.immersivetranslate.browser","com.google.android.apps.translate","com.niven.apptranslate","com.fapp.translate.language.translator.fasttranslation","com.microsoft.translator","com.niven.game","com.zaz.translate","com.deepl.mobiletranslator","com.translate.talkingtranslator","com.hive.lingonative","ru.yandex.translate","com.naver.labs.translator","at.nk.tools.iTranslate"]},{"rank":{"index":3,"lang":"en","country":"in","chineseCountryName":"印度","pkg":"com.spaceship.screen.textcopy"},"orders":["com.recognize_text.translate.screen","com.newmg.yurao.pro","com.spaceship.screen.textcopy","com.google.android.apps.translate","com.zaz.translate"]},{"rank":{"index":2,"lang":"id","country":"id","chineseCountryName":"印尼","pkg":"com.spaceship.screen.textcopy"},"orders":["com.recognize_text.translate.screen","com.spaceship.screen.textcopy","com.tap_to_translate.snap_translate","com.niven.translator","com.newmg.yurao.pro","com.screen.translate.google","com.gaminik.i18n","com.google.android.apps.translate","com.niven.game","com.niven.apptranslate","com.fapp.translate.language.translator.fasttranslation","com.immersivetranslate.browser","com.zaz.translate","com.deepl.mobiletranslator"]},{"rank":{"index":2,"lang":"es-mx","country":"mx","chineseCountryName":"墨西哥","pkg":"com.spaceship.screen.textcopy"},"orders":["com.recognize_text.translate.screen","com.spaceship.screen.textcopy","com.tap_to_translate.snap_translate","com.newmg.yurao.pro","com.gaminik.i18n","com.google.android.apps.translate","com.microsoft.translator","com.zaz.translate","com.deepl.mobiletranslator","at.nk.tools.iTranslate","ru.yandex.translate","com.immersivetranslate.browser","com.google.ar.lens","com.voice_camera_free_translate","com.tangdi.baiguotong","com.aldoo.pdftranslatorpro","com.niven.translator","com.screen.translate.google","com.translate.talkingtranslator","com.niven.game"]}]