[{"rank":{"index":2,"lang":"en-us","country":"us","chineseCountryName":"美国","pkg":"com.spaceship.screen.textcopy"},"orders":["com.recognize_text.translate.screen","com.spaceship.screen.textcopy","com.niven.translator","com.tap_to_translate.snap_translate","com.microsoft.translator","com.google.android.apps.translate","com.gaminik.i18n","com.niven.game","com.newmg.yurao.pro","com.niven.comic","com.naver.labs.translator","com.zaz.translate","com.translate.talkingtranslator","com.screen.translate.google","com.language.translate.free.translator.voice.translation","com.translate.language.translator.voice.translation","com.tangdi.baiguotong","com.languagetranslator.translatorapp.smartscanner.dictionary.translation.voicetranslator","jp.go.nict.voicetra","com.niven.apptranslate"]},{"rank":{"index":2,"lang":"ru","country":"ru","chineseCountryName":"俄罗斯","pkg":"com.spaceship.screen.textcopy"},"orders":["com.recognize_text.translate.screen","com.spaceship.screen.textcopy","com.niven.translator","com.tap_to_translate.snap_translate","com.microsoft.translator","com.niven.game","com.newmg.yurao.pro","com.gaminik.i18n","ru.yandex.translate","com.google.android.apps.translate","com.deepl.mobiletranslator","com.niven.comic","com.tangdi.baiguotong","com.screen.translate.google","com.kursx.smartbook","com.translate.language.translator.voice.translation","com.language.translate.free.translator.voice.translation","com.softissimo.reverso.context","com.niven.apptranslate","com.erudite.translator"]},{"rank":{"index":2,"lang":"pt-br","country":"br","chineseCountryName":"巴西","pkg":"com.spaceship.screen.textcopy"},"orders":["com.recognize_text.translate.screen","com.spaceship.screen.textcopy","com.tap_to_translate.snap_translate","com.niven.translator","com.gaminik.i18n","com.niven.game","com.microsoft.translator","com.niven.comic","com.newmg.yurao.pro","com.google.android.apps.translate","com.softissimo.reverso.context","com.deepl.mobiletranslator","com.language.translate.free.translator.voice.translation","com.screen.translate.google","com.niven.apptranslate","com.tangdi.baiguotong","com.translate.language.translator.voice.translation","com.audacityittranslator.translatetexttranslator","com.zaz.translate","com.languagetranslator.translatorapp.smartscanner.dictionary.translation.voicetranslator"]},{"rank":{"index":2,"lang":"fr","country":"fr","chineseCountryName":"法国","pkg":"com.spaceship.screen.textcopy"},"orders":["com.recognize_text.translate.screen","com.spaceship.screen.textcopy","com.tap_to_translate.snap_translate","com.microsoft.translator","com.gaminik.i18n","com.niven.translator","com.niven.game","com.newmg.yurao.pro","com.niven.comic","com.softissimo.reverso.context","com.google.android.apps.translate","com.tangdi.baiguotong","com.language.translate.free.translator.voice.translation","com.zaz.translate","com.screen.translate.google","com.translate.talkingtranslator","com.deepl.mobiletranslator","com.niven.apptranslate","com.translate.language.translator.voice.translation","com.audacityittranslator.translatetexttranslator"]},{"rank":{"index":2,"lang":"en-gb","country":"gb","chineseCountryName":"英国","pkg":"com.spaceship.screen.textcopy"},"orders":["com.recognize_text.translate.screen","com.spaceship.screen.textcopy","com.tap_to_translate.snap_translate","com.microsoft.translator","com.niven.translator","com.google.android.apps.translate","com.gaminik.i18n","com.niven.game","com.newmg.yurao.pro","com.niven.comic","com.zaz.translate","com.naver.labs.translator","com.screen.translate.google","com.language.translate.free.translator.voice.translation","com.softissimo.reverso.context","com.languagetranslator.translatorapp.smartscanner.dictionary.translation.voicetranslator","com.deepl.mobiletranslator","com.tangdi.baiguotong","com.niven.apptranslate","com.translate.talkingtranslator"]},{"rank":{"index":2,"lang":"de","country":"de","chineseCountryName":"德国","pkg":"com.spaceship.screen.textcopy"},"orders":["com.recognize_text.translate.screen","com.spaceship.screen.textcopy","com.tap_to_translate.snap_translate","com.microsoft.translator","com.niven.translator","com.gaminik.i18n","com.niven.game","com.google.android.apps.translate","com.niven.comic","com.newmg.yurao.pro","com.deepl.mobiletranslator","com.translate.talkingtranslator","com.language.translate.free.translator.voice.translation","com.tangdi.baiguotong","com.zaz.translate","com.screen.translate.google","com.softissimo.reverso.context","com.translate.language.translator.voice.translation","ru.yandex.translate","com.niven.apptranslate"]},{"rank":{"index":2,"lang":"it","country":"it","chineseCountryName":"意大利","pkg":"com.spaceship.screen.textcopy"},"orders":["com.recognize_text.translate.screen","com.spaceship.screen.textcopy","com.tap_to_translate.snap_translate","com.gaminik.i18n","com.microsoft.translator","com.niven.translator","com.niven.game","com.google.android.apps.translate","com.niven.comic"]},{"rank":{"index":2,"lang":"ja","country":"jp","chineseCountryName":"日本","pkg":"com.spaceship.screen.textcopy"},"orders":["com.recognize_text.translate.screen","com.spaceship.screen.textcopy","com.tap_to_translate.snap_translate","com.gaminik.i18n","com.niven.game","com.microsoft.translator","com.niven.translator","com.deepl.mobiletranslator","com.naver.labs.translator","com.newmg.yurao.pro","com.niven.comic","com.google.android.apps.translate","com.screen.translate.google","com.tangdi.baiguotong"]},{"rank":{"index":2,"lang":"ko","country":"kr","chineseCountryName":"韩国","pkg":"com.spaceship.screen.textcopy"},"orders":["com.recognize_text.translate.screen","com.spaceship.screen.textcopy","com.tap_to_translate.snap_translate","com.microsoft.translator","com.naver.labs.translator","com.google.android.apps.translate","com.gaminik.i18n","com.niven.translator","com.niven.game","com.niven.comic","com.newmg.yurao.pro","com.deepl.mobiletranslator","com.zaz.translate","com.language.translate.free.translator.voice.translation","com.screen.translate.google","com.flitto.app","com.softissimo.reverso.context","com.translate.talkingtranslator","com.translate.language.translator.voice.translation","com.google.ar.lens"]},{"rank":{"index":2,"lang":"zh-hk","country":"hk","chineseCountryName":"香港","pkg":"com.spaceship.screen.textcopy"},"orders":["com.recognize_text.translate.screen","com.spaceship.screen.textcopy","com.tap_to_translate.snap_translate","com.microsoft.translator","com.google.android.apps.translate","com.gaminik.i18n","com.niven.translator","com.niven.game","com.naver.labs.translator","com.niven.comic","com.tangdi.baiguotong","com.newmg.yurao.pro","com.deepl.mobiletranslator","com.screen.translate.google","com.language.translate.free.translator.voice.translation","jp.go.nict.voicetra","com.zaz.translate","com.softissimo.reverso.context","com.mazii.dictionary","com.google.ar.lens"]},{"rank":{"index":2,"lang":"zh-tw","country":"tw","chineseCountryName":"台湾","pkg":"com.spaceship.screen.textcopy"},"orders":["com.recognize_text.translate.screen","com.spaceship.screen.textcopy","com.tap_to_translate.snap_translate","com.gaminik.i18n","com.microsoft.translator","com.niven.translator","com.google.android.apps.translate","com.naver.labs.translator","com.niven.game","com.niven.comic","com.tangdi.baiguotong","com.newmg.yurao.pro","com.language.translate.free.translator.voice.translation","com.softissimo.reverso.context","com.deepl.mobiletranslator","jp.go.nict.voicetra","com.zaz.translate","com.translate.talkingtranslator","com.mazii.dictionary","com.screen.translate.google"]},{"rank":{"index":2,"lang":"en","country":"in","chineseCountryName":"印度","pkg":"com.spaceship.screen.textcopy"},"orders":["com.recognize_text.translate.screen","com.spaceship.screen.textcopy","com.tap_to_translate.snap_translate"]},{"rank":{"index":2,"lang":"id","country":"id","chineseCountryName":"印尼","pkg":"com.spaceship.screen.textcopy"},"orders":["com.recognize_text.translate.screen","com.spaceship.screen.textcopy","com.tap_to_translate.snap_translate","com.niven.translator","com.niven.game","com.gaminik.i18n","com.microsoft.translator","com.niven.comic","com.newmg.yurao.pro","com.screen.translate.google","com.youdao.hindict","com.google.android.apps.translate","com.deepl.mobiletranslator","com.tangdi.baiguotong"]},{"rank":{"index":2,"lang":"es-mx","country":"mx","chineseCountryName":"墨西哥","pkg":"com.spaceship.screen.textcopy"},"orders":["com.recognize_text.translate.screen","com.spaceship.screen.textcopy","com.tap_to_translate.snap_translate","com.niven.game","com.niven.translator","com.gaminik.i18n","com.microsoft.translator","com.niven.comic","com.newmg.yurao.pro","com.google.android.apps.translate","com.tangdi.baiguotong","com.screen.translate.google","com.niven.apptranslate","com.softissimo.reverso.context","com.deepl.mobiletranslator","com.language.translate.free.translator.voice.translation","com.zaz.translate","com.audacityittranslator.translatetexttranslator","com.translate.language.translator.voice.translation","com.aldoo.pdftranslatorpro"]}]