[{"rank":{"index":2,"lang":"en-us","country":"us","chineseCountryName":"美国","pkg":"com.spaceship.screen.textcopy"},"orders":["com.recognize_text.translate.screen","com.spaceship.screen.textcopy","com.tap_to_translate.snap_translate","com.microsoft.translator","com.google.android.apps.translate","com.newmg.yurao.pro","com.niven.translator","com.gaminik.i18n","com.zaz.translate","screen.translator.voice.translate","com.niven.game","com.screen.textspeech.translator","com.screen.translate.google","com.deepl.mobiletranslator","com.immersivetranslate.browser","ru.yandex.translate","com.translate.talkingtranslator","com.eecorp.taptranslator","at.nk.tools.iTranslate","com.niven.apptranslate"]},{"rank":{"index":0,"lang":"ru","country":"ru","chineseCountryName":"俄罗斯","pkg":"com.spaceship.screen.textcopy"},"orders":["com.recognize_text.translate.screen","com.niven.translator","com.tap_to_translate.snap_translate","com.newmg.yurao.pro","com.google.android.apps.translate","com.microsoft.translator","com.gaminik.i18n","com.deepl.mobiletranslator","com.niven.game","com.youdao.hindict","ru.yandex.translate","com.immersivetranslate.browser","com.zaz.translate","com.screen.textspeech.translator","at.nk.tools.iTranslate","com.screen.translate.google","com.niven.apptranslate","com.google.ar.lens","com.datacomprojects.scanandtranslate","com.voice_camera_free_translate"]},{"rank":{"index":2,"lang":"pt-br","country":"br","chineseCountryName":"巴西","pkg":"com.spaceship.screen.textcopy"},"orders":["com.recognize_text.translate.screen","com.spaceship.screen.textcopy","com.tap_to_translate.snap_translate","com.newmg.yurao.pro","com.niven.translator","com.gaminik.i18n","com.microsoft.translator","com.niven.game","com.google.android.apps.translate","com.eecorp.taptranslator","com.zaz.translate","com.screen.translate.google","com.niven.apptranslate","com.voice_camera_free_translate","com.deepl.mobiletranslator","com.screen.textspeech.translator","at.nk.tools.iTranslate","com.immersivetranslate.browser","ru.yandex.translate","com.youdao.hindict"]},{"rank":{"index":3,"lang":"fr","country":"fr","chineseCountryName":"法国","pkg":"com.spaceship.screen.textcopy"},"orders":["com.recognize_text.translate.screen","com.tap_to_translate.snap_translate","com.spaceship.screen.textcopy","com.newmg.yurao.pro","com.niven.translator","com.gaminik.i18n","com.microsoft.translator","com.google.android.apps.translate","com.eecorp.taptranslator","com.zaz.translate","com.screen.translate.google","com.niven.apptranslate","com.deepl.mobiletranslator","com.screen.textspeech.translator","com.niven.game","com.immersivetranslate.browser","at.nk.tools.iTranslate","com.translate.talkingtranslator","ru.yandex.translate","com.google.ar.lens"]},{"rank":{"index":2,"lang":"en-gb","country":"gb","chineseCountryName":"英国","pkg":"com.spaceship.screen.textcopy"},"orders":["com.recognize_text.translate.screen","com.spaceship.screen.textcopy","com.tap_to_translate.snap_translate","com.newmg.yurao.pro","com.google.android.apps.translate","com.microsoft.translator","com.gaminik.i18n","com.niven.translator","com.zaz.translate","com.deepl.mobiletranslator","com.screen.textspeech.translator","ru.yandex.translate","com.screen.translate.google","com.niven.game","com.eecorp.taptranslator","com.voice_camera_free_translate","screen.translator.voice.translate","at.nk.tools.iTranslate","com.immersivetranslate.browser","com.niven.apptranslate"]},{"rank":{"index":2,"lang":"de","country":"de","chineseCountryName":"德国","pkg":"com.spaceship.screen.textcopy"},"orders":["com.recognize_text.translate.screen","com.spaceship.screen.textcopy","com.tap_to_translate.snap_translate","com.gaminik.i18n","com.newmg.yurao.pro","com.niven.translator","com.microsoft.translator","com.google.android.apps.translate","com.zaz.translate","com.deepl.mobiletranslator","com.niven.game","com.eecorp.taptranslator","com.screen.translate.google","com.immersivetranslate.browser","com.niven.apptranslate","com.screen.textspeech.translator","com.voice_camera_free_translate","ru.yandex.translate","com.translate.talkingtranslator","at.nk.tools.iTranslate"]},{"rank":{"index":2,"lang":"it","country":"it","chineseCountryName":"意大利","pkg":"com.spaceship.screen.textcopy"},"orders":["com.recognize_text.translate.screen","com.spaceship.screen.textcopy","com.tap_to_translate.snap_translate","com.newmg.yurao.pro","com.niven.translator","com.gaminik.i18n","com.microsoft.translator","com.google.android.apps.translate","com.niven.game","com.zaz.translate","com.eecorp.taptranslator","com.deepl.mobiletranslator","com.screen.translate.google","com.screen.textspeech.translator","com.niven.apptranslate","com.immersivetranslate.browser","at.nk.tools.iTranslate","com.voice_camera_free_translate","com.google.ar.lens","com.translate.talkingtranslator"]},{"rank":{"index":3,"lang":"ja","country":"jp","chineseCountryName":"日本","pkg":"com.spaceship.screen.textcopy"},"orders":["com.recognize_text.translate.screen","com.tap_to_translate.snap_translate","com.spaceship.screen.textcopy","com.newmg.yurao.pro","com.niven.translator","com.gaminik.i18n","com.deepl.mobiletranslator","com.microsoft.translator","com.google.android.apps.translate","com.screen.translate.google","com.niven.game","com.screen.textspeech.translator","com.eecorp.taptranslator","com.immersivetranslate.browser","com.niven.apptranslate","com.naver.labs.translator","com.google.ar.lens","com.zaz.translate","com.translate.talkingtranslator","com.google.android.apps.maps"]},{"rank":{"index":2,"lang":"ko","country":"kr","chineseCountryName":"韩国","pkg":"com.spaceship.screen.textcopy"},"orders":["com.recognize_text.translate.screen","com.spaceship.screen.textcopy","com.tap_to_translate.snap_translate","com.newmg.yurao.pro","com.microsoft.translator","com.niven.translator","com.gaminik.i18n","com.google.android.apps.translate","com.screen.textspeech.translator","com.naver.labs.translator","com.niven.game","com.deepl.mobiletranslator","com.zaz.translate","com.screen.translate.google","com.eecorp.taptranslator","com.immersivetranslate.browser","com.niven.apptranslate","at.nk.tools.iTranslate","com.translate.talkingtranslator","ru.yandex.translate"]},{"rank":{"index":1,"lang":"zh-hk","country":"hk","chineseCountryName":"香港","pkg":"com.spaceship.screen.textcopy"},"orders":["com.spaceship.screen.textcopy","com.recognize_text.translate.screen","com.tap_to_translate.snap_translate","com.newmg.yurao.pro","com.google.android.apps.translate","com.microsoft.translator","com.gaminik.i18n","com.niven.translator","com.immersivetranslate.browser","com.deepl.mobiletranslator","com.niven.game","com.youdao.hindict","com.zaz.translate","com.screen.textspeech.translator","at.nk.tools.iTranslate","com.naver.labs.translator","com.screen.translate.google","com.google.ar.lens","com.eecorp.taptranslator","ru.yandex.translate"]},{"rank":{"index":2,"lang":"zh-tw","country":"tw","chineseCountryName":"台湾","pkg":"com.spaceship.screen.textcopy"},"orders":["com.recognize_text.translate.screen","com.spaceship.screen.textcopy","com.newmg.yurao.pro","com.tap_to_translate.snap_translate","com.microsoft.translator","com.gaminik.i18n","com.niven.translator","com.google.android.apps.translate","com.immersivetranslate.browser","com.niven.game","com.screen.textspeech.translator","com.zaz.translate","com.screen.translate.google","com.eecorp.taptranslator","at.nk.tools.iTranslate","com.niven.apptranslate","com.deepl.mobiletranslator","com.naver.labs.translator","com.youdao.hindict","com.translate.talkingtranslator"]},{"rank":{"index":2,"lang":"en","country":"in","chineseCountryName":"印度","pkg":"com.spaceship.screen.textcopy"},"orders":["com.recognize_text.translate.screen","com.spaceship.screen.textcopy","com.newmg.yurao.pro","com.google.android.apps.translate"]},{"rank":{"index":3,"lang":"id","country":"id","chineseCountryName":"印尼","pkg":"com.spaceship.screen.textcopy"},"orders":["com.tap_to_translate.snap_translate","com.recognize_text.translate.screen","com.spaceship.screen.textcopy","com.newmg.yurao.pro","com.niven.translator","com.gaminik.i18n","com.niven.game","com.eecorp.taptranslator","com.screen.translate.google","com.niven.apptranslate","com.google.android.apps.translate","com.microsoft.translator","com.youdao.hindict","com.zaz.translate","com.deepl.mobiletranslator"]},{"rank":{"index":2,"lang":"es-mx","country":"mx","chineseCountryName":"墨西哥","pkg":"com.spaceship.screen.textcopy"},"orders":["com.recognize_text.translate.screen","com.spaceship.screen.textcopy","com.newmg.yurao.pro","com.gaminik.i18n","com.tap_to_translate.snap_translate","com.niven.translator","com.microsoft.translator","com.google.android.apps.translate","com.niven.game","com.eecorp.taptranslator","com.screen.translate.google","com.screen.textspeech.translator","com.niven.apptranslate","com.zaz.translate","com.deepl.mobiletranslator","at.nk.tools.iTranslate","com.google.ar.lens","com.youdao.hindict","com.immersivetranslate.browser","com.android.chrome"]}]