[{"rank":{"index":2,"lang":"en-us","country":"us","chineseCountryName":"美国","pkg":"com.spaceship.screen.textcopy"},"orders":["com.recognize_text.translate.screen","com.spaceship.screen.textcopy","com.google.android.apps.translate","com.screen.translate.google","com.gaminik.i18n","com.niven.translator","com.microsoft.translator","com.niven.game","at.nk.tools.iTranslate","com.newmg.yurao.pro","com.niven.comic","com.deepl.mobiletranslator","com.easytranslate.easytranslate","com.zaz.translate","com.naver.labs.translator","com.translate.talkingtranslator","com.eecorp.taptranslator","com.sayhi.android.sayhitranslate","com.languagetranslator.translatorapp.smartscanner.dictionary.translation.voicetranslator","com.softissimo.reverso.context"]},{"rank":{"index":2,"lang":"ru","country":"ru","chineseCountryName":"俄罗斯","pkg":"com.spaceship.screen.textcopy"},"orders":["com.recognize_text.translate.screen","com.spaceship.screen.textcopy","com.gaminik.i18n","com.niven.translator","com.niven.game","com.screen.translate.google","ru.yandex.translate","com.tap_to_translate.snap_translate","com.niven.comic","com.newmg.yurao.pro","com.microsoft.translator","com.google.android.apps.translate","com.deepl.mobiletranslator","at.nk.tools.iTranslate","com.datacomprojects.scanandtranslate","com.softissimo.reverso.context","com.zaz.translate","com.niven.apptranslate","com.naver.labs.translator","com.facebook.orca"]},{"rank":{"index":2,"lang":"fr","country":"fr","chineseCountryName":"法国","pkg":"com.spaceship.screen.textcopy"},"orders":["com.recognize_text.translate.screen","com.spaceship.screen.textcopy","com.gaminik.i18n","com.niven.translator","com.screen.translate.google","com.niven.game","com.microsoft.translator","com.niven.comic","com.google.android.apps.translate","com.newmg.yurao.pro","com.tap_to_translate.snap_translate","com.deepl.mobiletranslator","ru.yandex.translate","com.eecorp.taptranslator","com.facebook.orca","com.image.camera.translate.ai","com.discord","com.android.chrome","com.niven.apptranslate","com.microsoft.office.outlook"]},{"rank":{"index":2,"lang":"en-gb","country":"gb","chineseCountryName":"英国","pkg":"com.spaceship.screen.textcopy"},"orders":["com.recognize_text.translate.screen","com.spaceship.screen.textcopy","com.gaminik.i18n","com.screen.translate.google","com.niven.translator","com.niven.game","com.google.android.apps.translate","com.microsoft.translator","at.nk.tools.iTranslate","com.newmg.yurao.pro","com.niven.comic","com.zaz.translate","com.eecorp.taptranslator","com.datacomprojects.scanandtranslate","com.deepl.mobiletranslator","com.languagetranslator.translatorapp.smartscanner.dictionary.translation.voicetranslator","com.softissimo.reverso.context","com.image.camera.translate.ai","com.royalappcode.translation.voice.language.chat.interpreter","ru.yandex.translate"]},{"rank":{"index":2,"lang":"de","country":"de","chineseCountryName":"德国","pkg":"com.spaceship.screen.textcopy"},"orders":["com.recognize_text.translate.screen","com.spaceship.screen.textcopy","com.gaminik.i18n","com.screen.translate.google","com.niven.translator","com.niven.game","com.microsoft.translator","com.google.android.apps.translate","com.niven.comic","com.newmg.yurao.pro","com.deepl.mobiletranslator","at.nk.tools.iTranslate","com.eecorp.taptranslator","com.image.camera.translate.ai","com.softissimo.reverso.context","ru.yandex.translate","com.facebook.orca","com.tap_to_translate.snap_translate","com.discord","com.android.chrome"]},{"rank":{"index":2,"lang":"it","country":"it","chineseCountryName":"意大利","pkg":"com.spaceship.screen.textcopy"},"orders":["com.recognize_text.translate.screen","com.spaceship.screen.textcopy","com.gaminik.i18n","com.niven.game","com.screen.translate.google","com.niven.translator","com.newmg.yurao.pro","com.niven.comic","com.microsoft.translator","com.google.android.apps.translate","com.image.camera.translate.ai","com.deepl.mobiletranslator","com.eecorp.taptranslator","com.softissimo.reverso.context","at.nk.tools.iTranslate","com.facebook.orca","com.discord","com.niven.apptranslate","com.google.android.apps.photos","com.duolingo"]},{"rank":{"index":2,"lang":"ja","country":"jp","chineseCountryName":"日本","pkg":"com.spaceship.screen.textcopy"},"orders":["com.recognize_text.translate.screen","com.spaceship.screen.textcopy","com.gaminik.i18n","com.screen.translate.google","com.niven.translator","com.niven.game","com.google.android.apps.translate","com.niven.comic","com.tap_to_translate.snap_translate","com.microsoft.translator","com.deepl.mobiletranslator","com.naver.labs.translator","com.facebook.orca","com.newmg.yurao.pro","com.android.chrome","com.discord","com.amazon.kindle","com.niven.apptranslate","at.nk.tools.iTranslate","com.google.android.apps.maps"]},{"rank":{"index":2,"lang":"ko","country":"kr","chineseCountryName":"韩国","pkg":"com.spaceship.screen.textcopy"},"orders":["com.recognize_text.translate.screen","com.spaceship.screen.textcopy","com.gaminik.i18n","com.niven.translator","com.niven.game","com.screen.translate.google","com.naver.labs.translator","com.niven.comic","com.google.android.apps.translate","com.newmg.yurao.pro","com.facebook.orca","com.microsoft.translator","com.discord","com.deepl.mobiletranslator","com.niven.apptranslate","com.android.chrome","us.zoom.videomeetings","com.sec.android.app.sbrowser","com.duolingo","at.nk.tools.iTranslate"]},{"rank":{"index":2,"lang":"zh-hk","country":"hk","chineseCountryName":"香港","pkg":"com.spaceship.screen.textcopy"},"orders":["com.recognize_text.translate.screen","com.spaceship.screen.textcopy","com.gaminik.i18n","com.niven.translator","com.screen.translate.google","com.niven.game","com.google.android.apps.translate","com.microsoft.translator","com.niven.comic","com.newmg.yurao.pro","at.nk.tools.iTranslate","com.facebook.orca","com.android.chrome","com.google.android.apps.messaging","com.naver.labs.translator","com.google.android.apps.maps","com.image.camera.translate.ai","com.discord","com.eecorp.taptranslator","com.niven.apptranslate"]},{"rank":{"index":2,"lang":"zh-tw","country":"tw","chineseCountryName":"台湾","pkg":"com.spaceship.screen.textcopy"},"orders":["com.recognize_text.translate.screen","com.spaceship.screen.textcopy","com.gaminik.i18n","com.screen.translate.google","com.niven.translator","com.niven.game","com.google.android.apps.translate","com.microsoft.translator","com.niven.comic","at.nk.tools.iTranslate","com.newmg.yurao.pro","com.naver.labs.translator","com.facebook.orca","com.discord","com.android.chrome","com.deepl.mobiletranslator","com.niven.apptranslate","com.google.android.apps.maps","ru.yandex.translate","com.eecorp.taptranslator"]},{"rank":{"index":2,"lang":"en","country":"in","chineseCountryName":"印度","pkg":"com.spaceship.screen.textcopy"},"orders":["com.recognize_text.translate.screen","com.spaceship.screen.textcopy","com.google.android.apps.translate","com.screen.translate.google","com.newmg.yurao.pro","com.zaz.translate","com.niven.game","com.niven.translator","com.microsoft.translator","at.nk.tools.iTranslate","com.tap_to_translate.snap_translate","droom.sleepIfUCan","com.naver.labs.translator","ru.yandex.translate","com.softissimo.reverso.context","com.deepl.mobiletranslator","com.google.ar.lens","com.languagetranslator.translatorapp.smartscanner.dictionary.translation.voicetranslator","com.sayhi.android.sayhitranslate","com.gaminik.i18n"]},{"rank":{"index":2,"lang":"id","country":"id","chineseCountryName":"印尼","pkg":"com.spaceship.screen.textcopy"},"orders":["com.recognize_text.translate.screen","com.spaceship.screen.textcopy","com.gaminik.i18n","com.niven.translator","com.screen.translate.google","com.niven.game","com.niven.comic","com.tap_to_translate.snap_translate","com.newmg.yurao.pro","com.google.android.apps.translate","com.youdao.hindict"]},{"rank":{"index":2,"lang":"es-mx","country":"mx","chineseCountryName":"墨西哥","pkg":"com.spaceship.screen.textcopy"},"orders":["com.recognize_text.translate.screen","com.spaceship.screen.textcopy","com.niven.game","com.tap_to_translate.snap_translate","com.google.android.apps.translate","at.nk.tools.iTranslate","com.screen.translate.google","droom.sleepIfUCan","com.microsoft.translator","com.deepl.mobiletranslator","com.youdao.hindict","com.zaz.translate","com.naver.labs.translator","ru.yandex.translate","com.niven.comic","com.microblink.photomath","com.softissimo.reverso.context","com.niven.apptranslate","com.gaminik.i18n","com.niven.translator"]}]