[{"rank":{"index":2,"lang":"en-us","country":"us","chineseCountryName":"美国","pkg":"com.spaceship.screen.textcopy"},"orders":["com.recognize_text.translate.screen","com.spaceship.screen.textcopy","com.tap_to_translate.snap_translate","com.gaminik.i18n","com.google.android.apps.translate","com.screen.translate.google","com.niven.translator","com.niven.game","com.newmg.yurao.pro","com.tangdi.baiguotong","com.deepl.mobiletranslator","com.naver.labs.translator","com.microsoft.translator","com.facebook.orca","com.android.chrome","com.google.android.dialer","com.google.android.apps.photos","com.google.android.apps.maps","com.discord","com.ubercab"]},{"rank":{"index":2,"lang":"ru","country":"ru","chineseCountryName":"俄罗斯","pkg":"com.spaceship.screen.textcopy"},"orders":["com.recognize_text.translate.screen","com.spaceship.screen.textcopy","com.niven.translator","com.tap_to_translate.snap_translate","com.gaminik.i18n","com.niven.game","com.newmg.yurao.pro","com.google.android.apps.translate","com.screen.translate.google","com.tangdi.baiguotong","com.deepl.mobiletranslator","com.facebook.orca","com.android.chrome","ru.yandex.translate","com.discord","com.google.android.dialer","com.google.android.apps.photos","com.truecaller","com.niven.apptranslate","com.skype.raider"]},{"rank":{"index":2,"lang":"fr","country":"fr","chineseCountryName":"法国","pkg":"com.spaceship.screen.textcopy"},"orders":["com.recognize_text.translate.screen","com.spaceship.screen.textcopy","com.tap_to_translate.snap_translate","com.gaminik.i18n","com.niven.translator","com.screen.translate.google","com.niven.game","com.google.android.apps.translate","com.newmg.yurao.pro","com.facebook.orca","com.discord","com.google.android.apps.photos","com.android.chrome","com.canva.editor","com.microsoft.office.outlook","com.truecaller","com.skype.raider","com.google.android.dialer","com.amazon.kindle","com.google.android.apps.maps"]},{"rank":{"index":2,"lang":"en-gb","country":"gb","chineseCountryName":"英国","pkg":"com.spaceship.screen.textcopy"},"orders":["com.recognize_text.translate.screen","com.spaceship.screen.textcopy","com.gaminik.i18n","com.google.android.apps.translate","com.screen.translate.google","com.niven.translator","com.niven.game","com.tap_to_translate.snap_translate","com.newmg.yurao.pro","com.deepl.mobiletranslator","com.microsoft.translator","at.nk.tools.iTranslate","com.tangdi.baiguotong","com.zaz.translate","com.facebook.orca","com.sayhi.android.sayhitranslate","com.duolingo","com.naver.labs.translator","com.niven.apptranslate","com.google.android.apps.maps"]},{"rank":{"index":2,"lang":"de","country":"de","chineseCountryName":"德国","pkg":"com.spaceship.screen.textcopy"},"orders":["com.recognize_text.translate.screen","com.spaceship.screen.textcopy","com.gaminik.i18n","com.niven.translator","com.niven.game","com.screen.translate.google","com.newmg.yurao.pro","com.google.android.apps.translate","com.tap_to_translate.snap_translate","com.deepl.mobiletranslator","com.facebook.orca","com.discord","com.microsoft.translator","com.android.chrome","com.google.android.apps.photos","com.amazon.kindle","com.truecaller","com.canva.editor","com.google.android.apps.maps","com.skype.raider"]},{"rank":{"index":2,"lang":"it","country":"it","chineseCountryName":"意大利","pkg":"com.spaceship.screen.textcopy"},"orders":["com.recognize_text.translate.screen","com.spaceship.screen.textcopy","com.gaminik.i18n","com.screen.translate.google","com.niven.translator","com.niven.game","com.tap_to_translate.snap_translate","com.google.android.apps.translate","com.newmg.yurao.pro","com.facebook.orca","com.discord","com.deepl.mobiletranslator","com.google.android.apps.photos","com.canva.editor","com.amazon.kindle","com.microsoft.office.outlook","com.google.android.dialer","com.duolingo","com.android.chrome","com.skype.raider"]},{"rank":{"index":2,"lang":"ja","country":"jp","chineseCountryName":"日本","pkg":"com.spaceship.screen.textcopy"},"orders":["com.recognize_text.translate.screen","com.spaceship.screen.textcopy","com.gaminik.i18n","com.niven.game","com.screen.translate.google","com.niven.translator","com.google.android.apps.translate","com.tap_to_translate.snap_translate","com.deepl.mobiletranslator","com.tangdi.baiguotong","com.newmg.yurao.pro","com.naver.labs.translator","com.facebook.orca","com.android.chrome","com.discord","com.google.android.apps.maps","com.amazon.kindle","com.duolingo","com.google.android.deskclock","com.google.ar.lens"]},{"rank":{"index":2,"lang":"ko","country":"kr","chineseCountryName":"韩国","pkg":"com.spaceship.screen.textcopy"},"orders":["com.recognize_text.translate.screen","com.spaceship.screen.textcopy","com.tap_to_translate.snap_translate","com.gaminik.i18n","com.newmg.yurao.pro","com.niven.translator","com.niven.game","com.google.android.apps.translate","com.naver.labs.translator","com.facebook.orca","com.discord","com.android.chrome","us.zoom.videomeetings","com.sec.android.app.sbrowser","com.screen.translate.google","com.duolingo","com.google.android.apps.photos","com.ubercab","com.canva.editor","com.google.android.apps.youtube.creator"]},{"rank":{"index":2,"lang":"zh-hk","country":"hk","chineseCountryName":"香港","pkg":"com.spaceship.screen.textcopy"},"orders":["com.recognize_text.translate.screen","com.spaceship.screen.textcopy","com.gaminik.i18n","com.niven.game","com.niven.translator","com.screen.translate.google","com.google.android.apps.translate","com.newmg.yurao.pro","com.tap_to_translate.snap_translate","com.facebook.orca","com.android.chrome","com.google.android.apps.maps","com.discord","com.duolingo","us.zoom.videomeetings","com.skype.raider","com.google.android.apps.photos","com.sec.android.app.sbrowser","com.ubercab","com.canva.editor"]},{"rank":{"index":2,"lang":"zh-tw","country":"tw","chineseCountryName":"台湾","pkg":"com.spaceship.screen.textcopy"},"orders":["com.recognize_text.translate.screen","com.spaceship.screen.textcopy","com.gaminik.i18n","com.niven.game","com.niven.translator","com.google.android.apps.translate","com.screen.translate.google","com.newmg.yurao.pro","com.facebook.orca","com.tap_to_translate.snap_translate","com.discord","com.android.chrome","com.google.android.apps.maps","com.skype.raider","com.duolingo","com.canva.editor","com.google.android.apps.photos","com.ubercab","com.sec.android.app.sbrowser","com.openai.chatgpt"]},{"rank":{"index":2,"lang":"id","country":"id","chineseCountryName":"印尼","pkg":"com.spaceship.screen.textcopy"},"orders":["com.recognize_text.translate.screen","com.spaceship.screen.textcopy","com.tap_to_translate.snap_translate","com.gaminik.i18n","com.niven.translator","com.niven.game","com.screen.translate.google","com.newmg.yurao.pro","com.google.android.apps.translate","com.android.chrome","com.facebook.orca","com.google.android.apps.maps","com.google.android.apps.photos","com.canva.editor","com.google.android.apps.docs"]}]