[{"rank":{"index":2,"lang":"en-us","country":"us","chineseCountryName":"美国","pkg":"com.spaceship.screen.textcopy"},"orders":["com.recognize_text.translate.screen","com.spaceship.screen.textcopy","com.tap_to_translate.snap_translate","com.google.android.apps.translate","com.gaminik.i18n","com.microsoft.translator","com.niven.translator","screen.translator.voice.translate","com.niven.game","com.newmg.yurao.pro","at.nk.tools.iTranslate","com.eecorp.taptranslator","com.niven.comic","com.niven.apptranslate","com.eecorp.linguago","com.deepl.mobiletranslator","ru.yandex.translate","com.screen.translate.google","com.naver.labs.translator","us.zoom.videomeetings"]},{"rank":{"index":2,"lang":"ru","country":"ru","chineseCountryName":"俄罗斯","pkg":"com.spaceship.screen.textcopy"},"orders":["com.recognize_text.translate.screen","com.spaceship.screen.textcopy","com.tap_to_translate.snap_translate","com.gaminik.i18n","com.niven.translator","com.niven.game","com.google.android.apps.translate","com.microsoft.translator","com.newmg.yurao.pro","ru.yandex.translate","com.niven.apptranslate","com.niven.comic","at.nk.tools.iTranslate","com.screen.translate.google","com.eecorp.linguago","screen.translator.voice.translate","com.softissimo.reverso.context","us.zoom.videomeetings","com.galaxy.airviewdictionary","com.android.chrome"]},{"rank":{"index":2,"lang":"pt-br","country":"br","chineseCountryName":"巴西","pkg":"com.spaceship.screen.textcopy"},"orders":["com.recognize_text.translate.screen","com.spaceship.screen.textcopy","com.tap_to_translate.snap_translate","com.niven.translator","com.gaminik.i18n","screen.translator.voice.translate","com.google.android.apps.translate","com.niven.game","us.zoom.videomeetings","com.google.android.apps.docs","com.niven.comic","com.google.android.apps.maps","com.discord","com.android.chrome","com.google.android.apps.photos","com.skype.raider","com.microsoft.office.outlook","com.google.android.apps.youtube.creator","com.microsoft.office.word","com.adobe.reader"]},{"rank":{"index":2,"lang":"fr","country":"fr","chineseCountryName":"法国","pkg":"com.spaceship.screen.textcopy"},"orders":["com.recognize_text.translate.screen","com.spaceship.screen.textcopy","com.tap_to_translate.snap_translate","com.gaminik.i18n","com.niven.translator","com.niven.game","screen.translator.voice.translate","com.newmg.yurao.pro","com.microsoft.translator","com.google.android.apps.translate","com.niven.comic","com.niven.apptranslate","com.eecorp.taptranslator","us.zoom.videomeetings","at.nk.tools.iTranslate","com.discord","com.android.chrome","com.microsoft.office.outlook","com.google.android.apps.photos","com.skype.raider"]},{"rank":{"index":2,"lang":"en-gb","country":"gb","chineseCountryName":"英国","pkg":"com.spaceship.screen.textcopy"},"orders":["com.recognize_text.translate.screen","com.spaceship.screen.textcopy","com.tap_to_translate.snap_translate","com.google.android.apps.translate","com.microsoft.translator","com.gaminik.i18n","screen.translator.voice.translate","com.niven.translator","at.nk.tools.iTranslate","com.niven.game","com.newmg.yurao.pro","com.niven.apptranslate","com.niven.comic","com.deepl.mobiletranslator","com.ticktalk.translatevoice","com.softissimo.reverso.context","ru.yandex.translate","com.translate.language.translator.voice.translation","com.eecorp.taptranslator","com.zaz.translate"]},{"rank":{"index":2,"lang":"de","country":"de","chineseCountryName":"德国","pkg":"com.spaceship.screen.textcopy"},"orders":["com.recognize_text.translate.screen","com.spaceship.screen.textcopy","com.tap_to_translate.snap_translate","com.gaminik.i18n","com.niven.translator","com.google.android.apps.translate","com.newmg.yurao.pro","com.niven.game","com.microsoft.translator","com.eecorp.linguago","com.niven.comic","at.nk.tools.iTranslate","com.niven.apptranslate","com.deepl.mobiletranslator","us.zoom.videomeetings","com.discord","com.android.chrome","com.google.android.apps.maps","com.google.android.apps.photos","com.skype.raider"]},{"rank":{"index":2,"lang":"it","country":"it","chineseCountryName":"意大利","pkg":"com.spaceship.screen.textcopy"},"orders":["com.recognize_text.translate.screen","com.spaceship.screen.textcopy","com.tap_to_translate.snap_translate","screen.translator.voice.translate","com.gaminik.i18n","com.niven.game","com.niven.translator","com.google.android.apps.translate","com.newmg.yurao.pro","com.microsoft.translator","at.nk.tools.iTranslate","com.niven.apptranslate","us.zoom.videomeetings","com.discord","com.android.chrome","com.google.android.apps.photos","com.skype.raider","com.google.android.apps.maps","com.microsoft.office.outlook","com.niven.comic"]},{"rank":{"index":1,"lang":"ja","country":"jp","chineseCountryName":"日本","pkg":"com.spaceship.screen.textcopy"},"orders":["com.spaceship.screen.textcopy","com.recognize_text.translate.screen","com.tap_to_translate.snap_translate","com.gaminik.i18n","com.newmg.yurao.pro","com.niven.translator","com.google.android.apps.translate","com.niven.game","com.microsoft.translator","com.niven.comic","com.niven.apptranslate","us.zoom.videomeetings","com.android.chrome","com.discord","com.google.android.apps.maps","com.duolingo","com.google.ar.lens","com.naver.labs.translator","com.deepl.mobiletranslator","com.skype.raider"]},{"rank":{"index":2,"lang":"ko","country":"kr","chineseCountryName":"韩国","pkg":"com.spaceship.screen.textcopy"},"orders":["com.recognize_text.translate.screen","com.spaceship.screen.textcopy","com.tap_to_translate.snap_translate","com.gaminik.i18n","com.newmg.yurao.pro","com.google.android.apps.translate","com.microsoft.translator","com.niven.translator","com.niven.game","com.niven.apptranslate","com.niven.comic","at.nk.tools.iTranslate","com.naver.labs.translator","com.screen.translate.google","com.eecorp.taptranslator","com.eecorp.linguago","com.galaxy.airviewdictionary","us.zoom.videomeetings","ru.yandex.translate","com.discord"]},{"rank":{"index":2,"lang":"zh-hk","country":"hk","chineseCountryName":"香港","pkg":"com.spaceship.screen.textcopy"},"orders":["com.recognize_text.translate.screen","com.spaceship.screen.textcopy","com.tap_to_translate.snap_translate","com.google.android.apps.translate","com.gaminik.i18n","com.microsoft.translator","com.niven.translator","com.niven.game","com.galaxy.airviewdictionary","com.newmg.yurao.pro","com.tangdi.baiguotong","at.nk.tools.iTranslate","com.niven.apptranslate","com.screen.translate.google","com.niven.comic","com.android.chrome","us.zoom.videomeetings","com.google.android.apps.maps","com.discord","com.naver.labs.translator"]},{"rank":{"index":2,"lang":"zh-tw","country":"tw","chineseCountryName":"台湾","pkg":"com.spaceship.screen.textcopy"},"orders":["com.recognize_text.translate.screen","com.spaceship.screen.textcopy","com.tap_to_translate.snap_translate","com.niven.game","com.gaminik.i18n","com.google.android.apps.translate","com.niven.translator","com.microsoft.translator","com.newmg.yurao.pro","com.niven.comic","at.nk.tools.iTranslate","com.niven.apptranslate","com.tangdi.baiguotong","com.screen.translate.google","com.eecorp.taptranslator","com.youdao.hindict","com.eecorp.linguago","ru.yandex.translate","com.galaxy.airviewdictionary","com.naver.labs.translator"]},{"rank":{"index":2,"lang":"en","country":"in","chineseCountryName":"印度","pkg":"com.spaceship.screen.textcopy"},"orders":["com.recognize_text.translate.screen","com.spaceship.screen.textcopy","com.tap_to_translate.snap_translate","com.google.android.apps.translate","com.gaminik.i18n"]},{"rank":{"index":1,"lang":"id","country":"id","chineseCountryName":"印尼","pkg":"com.spaceship.screen.textcopy"},"orders":["com.spaceship.screen.textcopy","com.recognize_text.translate.screen","com.tap_to_translate.snap_translate","com.gaminik.i18n","com.niven.game","com.niven.translator","com.newmg.yurao.pro","com.niven.comic","com.youdao.hindict","com.niven.apptranslate","com.google.android.apps.translate"]},{"rank":{"index":2,"lang":"es-mx","country":"mx","chineseCountryName":"墨西哥","pkg":"com.spaceship.screen.textcopy"},"orders":["com.recognize_text.translate.screen","com.spaceship.screen.textcopy","com.tap_to_translate.snap_translate","com.gaminik.i18n","com.niven.translator","com.niven.game","com.niven.comic","com.newmg.yurao.pro","com.niven.apptranslate","com.youdao.hindict","com.microsoft.translator","com.google.android.apps.translate","at.nk.tools.iTranslate","com.eecorp.taptranslator","com.screen.translate.google","com.eecorp.linguago","com.galaxy.airviewdictionary","us.zoom.videomeetings","com.android.chrome","com.google.android.apps.maps"]}]