[{"rank":{"index":2,"lang":"en-us","country":"us","chineseCountryName":"美国","pkg":"com.spaceship.screen.textcopy"},"orders":["com.recognize_text.translate.screen","com.spaceship.screen.textcopy","com.niven.translator","com.tap_to_translate.snap_translate","com.google.android.apps.translate","com.gaminik.i18n","com.newmg.yurao.pro","com.aurasense.screentranslate","com.microsoft.translator","at.nk.tools.iTranslate","com.deepl.mobiletranslator","com.screen.translate.google","com.yoyodev.screentranslate","com.zaz.translate","photo.translate.camera.translator","com.niven.game","ru.yandex.translate","com.naver.labs.translator","live.screentranslate.realtime","link.zhidou.btranslator"]},{"rank":{"index":3,"lang":"ru","country":"ru","chineseCountryName":"俄罗斯","pkg":"com.spaceship.screen.textcopy"},"orders":["com.recognize_text.translate.screen","com.niven.translator","com.spaceship.screen.textcopy","com.tap_to_translate.snap_translate","com.gaminik.i18n","com.microsoft.translator","com.newmg.yurao.pro","com.google.android.apps.translate","at.nk.tools.iTranslate","com.yoyodev.screentranslate","com.niven.game","photo.translate.camera.translator","com.naver.labs.translator","com.screen.translate.google","ru.yandex.translate","live.screentranslate.realtime","com.google.ar.lens","com.galaxy.airviewdictionary","com.traductorweb","com.niven.apptranslate"]},{"rank":{"index":2,"lang":"pt-br","country":"br","chineseCountryName":"巴西","pkg":"com.spaceship.screen.textcopy"},"orders":["com.recognize_text.translate.screen","com.spaceship.screen.textcopy","com.tap_to_translate.snap_translate","com.gaminik.i18n","com.niven.translator","com.google.android.apps.translate","com.microsoft.translator","com.newmg.yurao.pro","com.deepl.mobiletranslator","com.zaz.translate","link.zhidou.btranslator","at.nk.tools.iTranslate","ru.yandex.translate","com.niven.game","com.screen.translate.google","com.naver.labs.translator","com.hive.lingonative","co.langlang.translator_for_wsp","co.appnation.aivoicetranslator","live.screentranslate.realtime"]},{"rank":{"index":2,"lang":"fr","country":"fr","chineseCountryName":"法国","pkg":"com.spaceship.screen.textcopy"},"orders":["com.recognize_text.translate.screen","com.spaceship.screen.textcopy","com.tap_to_translate.snap_translate","com.niven.translator","com.gaminik.i18n","com.newmg.yurao.pro","com.yoyodev.screentranslate","com.screen.translate.google","photo.translate.camera.translator","com.aurasense.screentranslate","com.microsoft.translator","live.screentranslate.realtime","at.nk.tools.iTranslate","link.zhidou.btranslator","com.deepl.mobiletranslator","com.hive.lingonative","com.galaxy.airviewdictionary","com.live.translator.ai","co.appnation.aivoicetranslator","com.google.android.apps.translate"]},{"rank":{"index":2,"lang":"en-gb","country":"gb","chineseCountryName":"英国","pkg":"com.spaceship.screen.textcopy"},"orders":["com.recognize_text.translate.screen","com.spaceship.screen.textcopy","com.tap_to_translate.snap_translate","com.google.android.apps.translate","com.microsoft.translator","at.nk.tools.iTranslate","com.zaz.translate","com.deepl.mobiletranslator","ru.yandex.translate","link.zhidou.btranslator","photo.translate.camera.translator","co.appnation.aivoicetranslator","com.niven.translator","com.newmg.yurao.pro","com.aurasense.screentranslate","com.galaxy.airviewdictionary","translate.speech.text.translation.voicetranslator","screen.translator.voice.translate","com.softissimo.reverso.context","com.screen.translate.google"]},{"rank":{"index":2,"lang":"de","country":"de","chineseCountryName":"德国","pkg":"com.spaceship.screen.textcopy"},"orders":["com.recognize_text.translate.screen","com.spaceship.screen.textcopy","com.niven.translator","com.tap_to_translate.snap_translate","com.gaminik.i18n","com.newmg.yurao.pro","com.yoyodev.screentranslate","com.aurasense.screentranslate","com.screen.translate.google","link.zhidou.btranslator","live.screentranslate.realtime","com.hive.lingonative","photo.translate.camera.translator","com.deepl.mobiletranslator","com.galaxy.airviewdictionary","at.nk.tools.iTranslate","co.appnation.aivoicetranslator","com.microsoft.translator","com.niven.apptranslate","com.google.android.apps.translate"]},{"rank":{"index":2,"lang":"it","country":"it","chineseCountryName":"意大利","pkg":"com.spaceship.screen.textcopy"},"orders":["com.recognize_text.translate.screen","com.spaceship.screen.textcopy","com.tap_to_translate.snap_translate","com.gaminik.i18n","com.niven.translator","com.newmg.yurao.pro","com.yoyodev.screentranslate","link.zhidou.btranslator","com.screen.translate.google","com.deepl.mobiletranslator","com.aurasense.screentranslate","photo.translate.camera.translator","com.microsoft.translator","live.screentranslate.realtime","at.nk.tools.iTranslate","com.hive.lingonative","co.appnation.aivoicetranslator","com.niven.game","com.galaxy.airviewdictionary","com.niven.apptranslate"]},{"rank":{"index":2,"lang":"ja","country":"jp","chineseCountryName":"日本","pkg":"com.spaceship.screen.textcopy"},"orders":["com.recognize_text.translate.screen","com.spaceship.screen.textcopy","com.tap_to_translate.snap_translate","com.gaminik.i18n","com.newmg.yurao.pro","com.niven.translator","com.aurasense.screentranslate","com.screen.translate.google","live.screentranslate.realtime","com.galaxy.airviewdictionary","com.hive.lingonative","com.niven.apptranslate","com.chat_translate.screen_translate","com.eecorp.linguago"]},{"rank":{"index":2,"lang":"ko","country":"kr","chineseCountryName":"韩国","pkg":"com.spaceship.screen.textcopy"},"orders":["com.recognize_text.translate.screen","com.spaceship.screen.textcopy","com.tap_to_translate.snap_translate","com.gaminik.i18n","com.niven.translator","com.newmg.yurao.pro","com.screen.translate.google","com.aurasense.screentranslate","live.screentranslate.realtime","com.hive.lingonative","com.microsoft.translator","link.zhidou.btranslator","com.deepl.mobiletranslator","photo.translate.camera.translator"]},{"rank":{"index":2,"lang":"zh-hk","country":"hk","chineseCountryName":"香港","pkg":"com.spaceship.screen.textcopy"},"orders":["com.recognize_text.translate.screen","com.spaceship.screen.textcopy","com.tap_to_translate.snap_translate","com.gaminik.i18n","com.newmg.yurao.pro","com.aurasense.screentranslate","com.niven.translator","com.google.android.apps.translate","com.screen.translate.google","com.microsoft.translator","at.nk.tools.iTranslate","link.zhidou.btranslator","live.screentranslate.realtime","com.yoyodev.screentranslate","com.naver.labs.translator","com.deepl.mobiletranslator","com.niven.game","com.hive.lingonative","ru.yandex.translate","com.zaz.translate"]},{"rank":{"index":2,"lang":"zh-tw","country":"tw","chineseCountryName":"台湾","pkg":"com.spaceship.screen.textcopy"},"orders":["com.recognize_text.translate.screen","com.spaceship.screen.textcopy","com.gaminik.i18n","com.tap_to_translate.snap_translate","com.newmg.yurao.pro","com.niven.translator","com.aurasense.screentranslate","com.google.android.apps.translate","com.microsoft.translator","com.screen.translate.google","at.nk.tools.iTranslate","com.deepl.mobiletranslator","link.zhidou.btranslator","live.screentranslate.realtime","com.niven.game","com.yoyodev.screentranslate","com.naver.labs.translator","photo.translate.camera.translator","com.galaxy.airviewdictionary","com.hive.lingonative"]},{"rank":{"index":0,"lang":"en","country":"in","chineseCountryName":"印度","pkg":"com.spaceship.screen.textcopy"},"orders":["com.recognize_text.translate.screen","com.google.android.apps.translate","com.tap_to_translate.snap_translate","com.zaz.translate","at.nk.tools.iTranslate","ru.yandex.translate","photo.translate.camera.translator","link.zhidou.btranslator","co.appnation.aivoicetranslator","com.newmg.yurao.pro","com.niven.translator","screen.translator.voice.translate","com.galaxy.airviewdictionary","translate.speech.text.translation.voicetranslator","com.aurasense.screentranslate","com.screen.translate.google","com.niven.game","com.yoyodev.screentranslate","com.mg.chat","com.addevice.translate"]},{"rank":{"index":2,"lang":"id","country":"id","chineseCountryName":"印尼","pkg":"com.spaceship.screen.textcopy"},"orders":["com.recognize_text.translate.screen","com.spaceship.screen.textcopy","com.niven.translator","com.tap_to_translate.snap_translate","com.gaminik.i18n","com.google.android.apps.translate","com.newmg.yurao.pro","com.aurasense.screentranslate","com.deepl.mobiletranslator","com.yoyodev.screentranslate","com.screen.translate.google","com.niven.game","com.microsoft.translator","at.nk.tools.iTranslate","link.zhidou.btranslator","live.screentranslate.realtime","com.naver.labs.translator","com.hive.lingonative","ru.yandex.translate","photo.translate.camera.translator"]},{"rank":{"index":2,"lang":"es-mx","country":"mx","chineseCountryName":"墨西哥","pkg":"com.spaceship.screen.textcopy"},"orders":["com.recognize_text.translate.screen","com.spaceship.screen.textcopy","com.tap_to_translate.snap_translate","com.niven.translator","com.gaminik.i18n","com.newmg.yurao.pro","at.nk.tools.iTranslate","com.yoyodev.screentranslate","com.microsoft.translator","com.google.android.apps.translate","com.screen.translate.google","com.niven.game","com.aurasense.screentranslate","link.zhidou.btranslator","com.deepl.mobiletranslator"]}]