[{"rank":{"index":2,"lang":"en-us","country":"us","chineseCountryName":"美国","pkg":"com.spaceship.screen.textcopy"},"orders":["com.recognize_text.translate.screen","com.spaceship.screen.textcopy","com.gaminik.i18n","com.tap_to_translate.snap_translate","com.microsoft.translator","com.google.android.apps.translate","com.niven.translator","screen.translator.voice.translate","com.eecorp.linguago","com.eecorp.taptranslator","com.newmg.yurao.pro","com.niven.game","com.screen.translate.google","at.nk.tools.iTranslate","com.chat_translate.screen_translate","com.deepl.mobiletranslator","com.google.android.apps.photos","com.android.chrome","com.google.android.apps.docs","com.translate.talkingtranslator"]},{"rank":{"index":2,"lang":"ru","country":"ru","chineseCountryName":"俄罗斯","pkg":"com.spaceship.screen.textcopy"},"orders":["com.recognize_text.translate.screen","com.spaceship.screen.textcopy","com.tap_to_translate.snap_translate","com.gaminik.i18n","com.niven.translator","com.niven.game","com.newmg.yurao.pro","com.eecorp.linguago","screen.translator.voice.translate","com.screen.translate.google","com.google.android.apps.translate","ru.yandex.translate","com.discord","com.android.chrome","com.microsoft.translator","com.google.android.apps.photos","com.duolingo","com.niven.comic","us.zoom.videomeetings","com.google.android.apps.docs"]},{"rank":{"index":2,"lang":"pt-br","country":"br","chineseCountryName":"巴西","pkg":"com.spaceship.screen.textcopy"},"orders":["com.recognize_text.translate.screen","com.spaceship.screen.textcopy","com.tap_to_translate.snap_translate","com.gaminik.i18n","com.niven.translator","com.niven.game","com.eecorp.linguago","com.newmg.yurao.pro","com.niven.comic","screen.translator.voice.translate","com.google.android.apps.translate","com.screen.translate.google","com.youdao.hindict","com.chat_translate.screen_translate","com.microsoft.translator","us.zoom.videomeetings","com.weekway.screen_translation","com.android.chrome","com.google.android.inputmethod.latin","com.google.android.apps.docs"]},{"rank":{"index":2,"lang":"fr","country":"fr","chineseCountryName":"法国","pkg":"com.spaceship.screen.textcopy"},"orders":["com.recognize_text.translate.screen","com.spaceship.screen.textcopy","com.gaminik.i18n","screen.translator.voice.translate","com.tap_to_translate.snap_translate","com.newmg.yurao.pro","com.eecorp.linguago","com.niven.translator","com.niven.game","com.microsoft.translator","com.google.android.apps.translate","com.discord","us.zoom.videomeetings","com.screen.translate.google","com.google.android.apps.photos","com.chat_translate.screen_translate","com.android.chrome","com.microsoft.office.outlook","com.truecaller","com.adobe.reader"]},{"rank":{"index":2,"lang":"en-gb","country":"gb","chineseCountryName":"英国","pkg":"com.spaceship.screen.textcopy"},"orders":["com.recognize_text.translate.screen","com.spaceship.screen.textcopy","com.gaminik.i18n","com.microsoft.translator","screen.translator.voice.translate","com.tap_to_translate.snap_translate","com.google.android.apps.translate","com.niven.translator","com.niven.game","com.screen.translate.google","com.eecorp.linguago","com.newmg.yurao.pro","com.eecorp.taptranslator","at.nk.tools.iTranslate","com.nordicwise.translator","com.deepl.mobiletranslator","com.niven.comic","com.zaz.translate","com.google.android.apps.photos","com.android.chrome"]},{"rank":{"index":2,"lang":"de","country":"de","chineseCountryName":"德国","pkg":"com.spaceship.screen.textcopy"},"orders":["com.recognize_text.translate.screen","com.spaceship.screen.textcopy","com.gaminik.i18n","com.newmg.yurao.pro","com.niven.translator","com.tap_to_translate.snap_translate","com.eecorp.linguago","com.niven.game","com.microsoft.translator","com.screen.translate.google","com.translate.talkingtranslator","com.google.android.apps.translate","com.eecorp.taptranslator","com.discord","us.zoom.videomeetings","com.deepl.mobiletranslator","com.google.android.apps.photos","com.android.chrome","screen.translator.voice.translate","com.adobe.reader"]},{"rank":{"index":2,"lang":"it","country":"it","chineseCountryName":"意大利","pkg":"com.spaceship.screen.textcopy"},"orders":["com.recognize_text.translate.screen","com.spaceship.screen.textcopy","com.gaminik.i18n","screen.translator.voice.translate","com.tap_to_translate.snap_translate","com.niven.translator","com.niven.game","com.eecorp.linguago","com.screen.translate.google","com.google.android.apps.translate","com.discord","us.zoom.videomeetings","com.google.android.apps.photos","com.android.chrome","com.adobe.reader","com.microsoft.office.outlook","com.microsoft.translator","com.google.android.apps.maps","com.duolingo","com.google.android.apps.docs"]},{"rank":{"index":2,"lang":"ja","country":"jp","chineseCountryName":"日本","pkg":"com.spaceship.screen.textcopy"},"orders":["com.recognize_text.translate.screen","com.spaceship.screen.textcopy","com.gaminik.i18n","com.eecorp.linguago","com.tap_to_translate.snap_translate","com.newmg.yurao.pro","com.deepl.mobiletranslator","screen.translator.voice.translate","com.google.android.apps.translate","com.eecorp.taptranslator","com.niven.translator","com.naver.labs.translator","com.chat_translate.screen_translate","com.discord","com.microsoft.translator","com.android.chrome","us.zoom.videomeetings","com.niven.game","com.google.android.apps.maps","com.duolingo"]},{"rank":{"index":2,"lang":"ko","country":"kr","chineseCountryName":"韩国","pkg":"com.spaceship.screen.textcopy"},"orders":["com.recognize_text.translate.screen","com.spaceship.screen.textcopy","com.tap_to_translate.snap_translate","com.gaminik.i18n","com.newmg.yurao.pro","com.niven.translator","com.screen.translate.google","com.google.android.apps.translate","com.niven.game","com.eecorp.linguago","screen.translator.voice.translate","com.naver.labs.translator","com.niven.comic","com.eecorp.taptranslator","com.microsoft.translator","com.weekway.screen_translation","com.discord","us.zoom.videomeetings","com.duolingo","com.android.chrome"]},{"rank":{"index":2,"lang":"zh-hk","country":"hk","chineseCountryName":"香港","pkg":"com.spaceship.screen.textcopy"},"orders":["com.recognize_text.translate.screen","com.spaceship.screen.textcopy","com.gaminik.i18n","com.microsoft.translator","com.tap_to_translate.snap_translate","com.niven.translator","com.niven.game","com.screen.translate.google","com.newmg.yurao.pro","com.eecorp.linguago","com.google.android.apps.translate","screen.translator.voice.translate","com.niven.comic","at.nk.tools.iTranslate","com.eecorp.taptranslator","com.android.chrome","com.tangdi.baiguotong","com.google.android.apps.maps","com.deepl.mobiletranslator","com.discord"]},{"rank":{"index":4,"lang":"zh-tw","country":"tw","chineseCountryName":"台湾","pkg":"com.spaceship.screen.textcopy"},"orders":["com.recognize_text.translate.screen","com.gaminik.i18n","com.tap_to_translate.snap_translate","com.spaceship.screen.textcopy","com.niven.translator","com.niven.game","com.screen.translate.google","com.eecorp.linguago","com.newmg.yurao.pro","com.google.android.apps.translate","com.niven.comic","screen.translator.voice.translate","com.microsoft.translator","com.eecorp.taptranslator","at.nk.tools.iTranslate","com.translate.talkingtranslator","com.android.chrome","com.discord","com.google.android.apps.maps","com.duolingo"]},{"rank":{"index":2,"lang":"en","country":"in","chineseCountryName":"印度","pkg":"com.spaceship.screen.textcopy"},"orders":["com.recognize_text.translate.screen","com.spaceship.screen.textcopy","com.tap_to_translate.snap_translate","screen.translator.voice.translate","com.newmg.yurao.pro","com.google.android.apps.translate","com.eecorp.linguago","com.microsoft.translator","com.niven.translator","com.screen.translate.google","at.nk.tools.iTranslate","com.niven.game","com.zaz.translate","com.abbyy.mobile.textgrabber.full","com.google.android.inputmethod.latin","com.google.android.apps.photos","com.google.android.apps.docs","com.truecaller","com.android.chrome","com.gaminik.i18n"]},{"rank":{"index":1,"lang":"id","country":"id","chineseCountryName":"印尼","pkg":"com.spaceship.screen.textcopy"},"orders":["com.spaceship.screen.textcopy","com.recognize_text.translate.screen","com.tap_to_translate.snap_translate","com.gaminik.i18n","com.niven.translator","com.eecorp.linguago","com.newmg.yurao.pro","com.niven.game","com.niven.comic","com.screen.translate.google","screen.translator.voice.translate","com.google.android.apps.translate","com.niven.apptranslate","com.microsoft.translator"]},{"rank":{"index":2,"lang":"es-mx","country":"mx","chineseCountryName":"墨西哥","pkg":"com.spaceship.screen.textcopy"},"orders":["com.recognize_text.translate.screen","com.spaceship.screen.textcopy","com.gaminik.i18n","com.newmg.yurao.pro","com.niven.translator","com.tap_to_translate.snap_translate","com.niven.game","com.eecorp.linguago","com.google.android.apps.translate","us.zoom.videomeetings","com.google.android.apps.photos","com.google.android.apps.docs","com.discord","com.android.chrome","com.adobe.reader","com.google.android.apps.maps","com.niven.comic","com.duolingo","com.truecaller","com.microsoft.office.outlook"]}]