[{"rank":{"index":2,"lang":"en-us","country":"us","chineseCountryName":"美国","pkg":"com.spaceship.screen.textcopy"},"orders":["com.recognize_text.translate.screen","com.spaceship.screen.textcopy","com.tap_to_translate.snap_translate","com.google.android.apps.translate","com.microsoft.translator","com.niven.translator","com.newmg.yurao.pro","com.gaminik.i18n","com.deepl.mobiletranslator","com.zaz.translate","com.naver.labs.translator","screen.translator.voice.translate","com.translate.talkingtranslator","com.youdao.hindict","com.niven.game","ru.yandex.translate","com.immersivetranslate.browser","com.mg.chat","com.eecorp.linguago","at.nk.tools.iTranslate"]},{"rank":{"index":0,"lang":"ru","country":"ru","chineseCountryName":"俄罗斯","pkg":"com.spaceship.screen.textcopy"},"orders":["com.recognize_text.translate.screen","com.niven.translator","com.tap_to_translate.snap_translate","com.newmg.yurao.pro","com.google.android.apps.translate","com.deepl.mobiletranslator","com.microsoft.translator","com.gaminik.i18n","ru.yandex.translate","com.niven.game","com.naver.labs.translator"]},{"rank":{"index":2,"lang":"pt-br","country":"br","chineseCountryName":"巴西","pkg":"com.spaceship.screen.textcopy"},"orders":["com.recognize_text.translate.screen","com.spaceship.screen.textcopy","com.tap_to_translate.snap_translate","com.google.android.apps.translate","com.newmg.yurao.pro","com.gaminik.i18n","com.microsoft.translator","com.niven.translator","com.deepl.mobiletranslator","com.niven.game","ru.yandex.translate","com.youdao.hindict","com.zaz.translate","com.immersivetranslate.browser","com.voice_camera_free_translate","com.eecorp.linguago","com.eecorp.taptranslator","com.naver.labs.translator","com.niven.apptranslate","photo.translate.camera.translator"]},{"rank":{"index":2,"lang":"fr","country":"fr","chineseCountryName":"法国","pkg":"com.spaceship.screen.textcopy"},"orders":["com.recognize_text.translate.screen","com.spaceship.screen.textcopy","com.tap_to_translate.snap_translate","com.newmg.yurao.pro","com.niven.translator","com.gaminik.i18n","com.microsoft.translator","com.google.android.apps.translate","com.deepl.mobiletranslator","ru.yandex.translate","com.zaz.translate","com.immersivetranslate.browser"]},{"rank":{"index":2,"lang":"en-gb","country":"gb","chineseCountryName":"英国","pkg":"com.spaceship.screen.textcopy"},"orders":["com.recognize_text.translate.screen","com.spaceship.screen.textcopy","com.tap_to_translate.snap_translate","com.newmg.yurao.pro","com.google.android.apps.translate","com.microsoft.translator","com.gaminik.i18n","com.niven.translator","com.zaz.translate","com.deepl.mobiletranslator","com.niven.game","com.immersivetranslate.browser","com.eecorp.linguago","com.eecorp.taptranslator","com.niven.apptranslate","com.screen.translate.google","com.naver.labs.translator","com.mg.chat","ru.yandex.translate","com.google.ar.lens"]},{"rank":{"index":2,"lang":"de","country":"de","chineseCountryName":"德国","pkg":"com.spaceship.screen.textcopy"},"orders":["com.recognize_text.translate.screen","com.spaceship.screen.textcopy","com.newmg.yurao.pro","com.tap_to_translate.snap_translate","com.niven.translator","com.microsoft.translator","com.gaminik.i18n","com.deepl.mobiletranslator","com.google.android.apps.translate","com.immersivetranslate.browser","com.niven.game","com.eecorp.linguago","com.zaz.translate","com.niven.apptranslate","com.eecorp.taptranslator","com.screen.translate.google","com.mg.chat","com.translate.talkingtranslator","com.google.ar.lens","com.tangdi.baiguotong"]},{"rank":{"index":2,"lang":"it","country":"it","chineseCountryName":"意大利","pkg":"com.spaceship.screen.textcopy"},"orders":["com.recognize_text.translate.screen","com.spaceship.screen.textcopy","com.tap_to_translate.snap_translate","com.newmg.yurao.pro","com.niven.translator","com.google.android.apps.translate","com.gaminik.i18n","com.microsoft.translator","com.deepl.mobiletranslator","com.zaz.translate","ru.yandex.translate","com.translate.talkingtranslator","com.niven.game","com.immersivetranslate.browser","com.eecorp.linguago","com.voice_camera_free_translate","com.eecorp.taptranslator","com.mg.chat","com.niven.apptranslate","com.youdao.hindict"]},{"rank":{"index":3,"lang":"ja","country":"jp","chineseCountryName":"日本","pkg":"com.spaceship.screen.textcopy"},"orders":["com.recognize_text.translate.screen","com.tap_to_translate.snap_translate","com.spaceship.screen.textcopy","com.newmg.yurao.pro","com.niven.translator","com.gaminik.i18n","com.deepl.mobiletranslator","com.microsoft.translator","com.google.android.apps.translate","com.immersivetranslate.browser","com.naver.labs.translator","com.eecorp.linguago","com.niven.apptranslate","com.screen.translate.google","com.eecorp.taptranslator","com.niven.game","com.zaz.translate","com.translate.talkingtranslator","com.google.ar.lens","com.dippola.screentranslation"]},{"rank":{"index":2,"lang":"ko","country":"kr","chineseCountryName":"韩国","pkg":"com.spaceship.screen.textcopy"},"orders":["com.recognize_text.translate.screen","com.spaceship.screen.textcopy","com.tap_to_translate.snap_translate","com.newmg.yurao.pro","com.google.android.apps.translate","com.microsoft.translator","com.naver.labs.translator","com.deepl.mobiletranslator","com.niven.translator","com.gaminik.i18n","com.translate.talkingtranslator","ru.yandex.translate"]},{"rank":{"index":2,"lang":"zh-hk","country":"hk","chineseCountryName":"香港","pkg":"com.spaceship.screen.textcopy"},"orders":["com.recognize_text.translate.screen","com.spaceship.screen.textcopy","com.tap_to_translate.snap_translate","com.newmg.yurao.pro","com.google.android.apps.translate","com.microsoft.translator","com.gaminik.i18n","com.niven.translator","com.immersivetranslate.browser","com.niven.game","com.naver.labs.translator","com.deepl.mobiletranslator"]},{"rank":{"index":2,"lang":"zh-tw","country":"tw","chineseCountryName":"台湾","pkg":"com.spaceship.screen.textcopy"},"orders":["com.recognize_text.translate.screen","com.spaceship.screen.textcopy","com.newmg.yurao.pro","com.tap_to_translate.snap_translate","com.google.android.apps.translate","com.microsoft.translator","com.naver.labs.translator","com.deepl.mobiletranslator","com.gaminik.i18n"]},{"rank":{"index":2,"lang":"en","country":"in","chineseCountryName":"印度","pkg":"com.spaceship.screen.textcopy"},"orders":["com.recognize_text.translate.screen","com.spaceship.screen.textcopy","com.google.android.apps.translate","com.newmg.yurao.pro"]},{"rank":{"index":3,"lang":"id","country":"id","chineseCountryName":"印尼","pkg":"com.spaceship.screen.textcopy"},"orders":["com.recognize_text.translate.screen","com.tap_to_translate.snap_translate","com.spaceship.screen.textcopy","com.niven.translator","com.newmg.yurao.pro","com.gaminik.i18n","com.google.android.apps.translate","com.deepl.mobiletranslator","com.youdao.hindict","com.microsoft.translator","com.niven.game","com.eecorp.linguago","com.eecorp.taptranslator","com.niven.apptranslate"]},{"rank":{"index":2,"lang":"es-mx","country":"mx","chineseCountryName":"墨西哥","pkg":"com.spaceship.screen.textcopy"},"orders":["com.recognize_text.translate.screen","com.spaceship.screen.textcopy","com.gaminik.i18n","com.niven.translator","com.google.android.apps.translate","com.newmg.yurao.pro","com.microsoft.translator","com.deepl.mobiletranslator","com.tap_to_translate.snap_translate","com.niven.game","com.immersivetranslate.browser","com.youdao.hindict","ru.yandex.translate","com.mg.chat","com.zaz.translate","com.niven.apptranslate","com.eecorp.linguago","com.eecorp.taptranslator","com.translate.talkingtranslator","com.screen.translate.google"]}]