[{"rank":{"index":2,"lang":"en-us","country":"us","chineseCountryName":"美国","pkg":"com.spaceship.screen.textcopy"},"orders":["com.recognize_text.translate.screen","com.spaceship.screen.textcopy","com.newmg.yurao.pro","com.gaminik.i18n","com.google.android.apps.translate","com.niven.translator","com.microsoft.translator","com.tap_to_translate.snap_translate","com.screen.translate.google","com.google.ar.lens","com.zaz.translate","com.eecorp.linguago","com.niven.game","com.niven.apptranslate","com.deepl.mobiletranslator","ru.yandex.translate","com.immersivetranslate.browser","at.nk.tools.iTranslate","com.naver.labs.translator","com.android.chrome"]},{"rank":{"index":0,"lang":"ru","country":"ru","chineseCountryName":"俄罗斯","pkg":"com.spaceship.screen.textcopy"},"orders":["com.recognize_text.translate.screen","com.newmg.yurao.pro","com.gaminik.i18n","com.tap_to_translate.snap_translate","ru.yandex.translate","com.niven.translator","com.niven.game","com.google.android.apps.translate","com.screen.translate.google","com.microsoft.translator","com.niven.apptranslate","com.deepl.mobiletranslator","com.eecorp.linguago","com.google.ar.lens","com.immersivetranslate.browser","com.zaz.translate","com.whatsapp","com.instagram.android","com.android.chrome","com.facebook.katana"]},{"rank":{"index":2,"lang":"pt-br","country":"br","chineseCountryName":"巴西","pkg":"com.spaceship.screen.textcopy"},"orders":["com.recognize_text.translate.screen","com.spaceship.screen.textcopy","com.newmg.yurao.pro","com.tap_to_translate.snap_translate","com.gaminik.i18n","com.google.android.apps.translate","com.zaz.translate","ru.yandex.translate","at.nk.tools.iTranslate","com.deepl.mobiletranslator","com.google.ar.lens","com.translate.talkingtranslator","com.softissimo.reverso.context","com.naver.labs.translator","com.niven.translator","com.niven.game","com.screen.translate.google","com.galaxy.airviewdictionary","com.niven.apptranslate","screen.translator.voice.translate"]},{"rank":{"index":2,"lang":"fr","country":"fr","chineseCountryName":"法国","pkg":"com.spaceship.screen.textcopy"},"orders":["com.recognize_text.translate.screen","com.spaceship.screen.textcopy","com.tap_to_translate.snap_translate","com.newmg.yurao.pro","com.gaminik.i18n","com.niven.translator","com.google.android.apps.translate","com.screen.translate.google","com.microsoft.translator","com.niven.apptranslate","com.google.ar.lens","com.niven.game","com.deepl.mobiletranslator","com.eecorp.linguago","com.zaz.translate","com.instagram.android","com.facebook.katana","com.google.android.apps.tachyon","com.facebook.orca","com.android.chrome"]},{"rank":{"index":2,"lang":"en-gb","country":"gb","chineseCountryName":"英国","pkg":"com.spaceship.screen.textcopy"},"orders":["com.recognize_text.translate.screen","com.spaceship.screen.textcopy","com.newmg.yurao.pro","com.gaminik.i18n","com.google.android.apps.translate","com.niven.translator","com.microsoft.translator","com.tap_to_translate.snap_translate","com.google.ar.lens","com.screen.translate.google","com.eecorp.linguago","com.zaz.translate","com.niven.apptranslate","ru.yandex.translate","com.deepl.mobiletranslator","com.niven.game","com.immersivetranslate.browser","at.nk.tools.iTranslate","com.facebook.katana","photo.translate.camera.translator"]},{"rank":{"index":2,"lang":"de","country":"de","chineseCountryName":"德国","pkg":"com.spaceship.screen.textcopy"},"orders":["com.recognize_text.translate.screen","com.spaceship.screen.textcopy","com.newmg.yurao.pro","com.gaminik.i18n","com.niven.translator","com.google.android.apps.translate","com.tap_to_translate.snap_translate","com.microsoft.translator","com.screen.translate.google","com.niven.game","com.google.ar.lens","com.deepl.mobiletranslator","com.niven.apptranslate","ru.yandex.translate","com.immersivetranslate.browser","com.eecorp.linguago","com.google.android.apps.tachyon","com.facebook.katana","com.instagram.android","com.facebook.orca"]},{"rank":{"index":2,"lang":"it","country":"it","chineseCountryName":"意大利","pkg":"com.spaceship.screen.textcopy"},"orders":["com.recognize_text.translate.screen","com.spaceship.screen.textcopy","com.gaminik.i18n","com.newmg.yurao.pro","com.tap_to_translate.snap_translate","com.google.android.apps.translate","com.niven.translator","com.microsoft.translator","com.niven.game","com.google.ar.lens","com.screen.translate.google","com.immersivetranslate.browser","com.niven.apptranslate","com.deepl.mobiletranslator","com.eecorp.linguago","ru.yandex.translate","com.facebook.katana","com.instagram.android","com.facebook.orca","com.google.android.apps.tachyon"]},{"rank":{"index":2,"lang":"ja","country":"jp","chineseCountryName":"日本","pkg":"com.spaceship.screen.textcopy"},"orders":["com.recognize_text.translate.screen","com.spaceship.screen.textcopy","com.newmg.yurao.pro","com.gaminik.i18n","com.tap_to_translate.snap_translate","com.google.android.apps.translate","com.niven.translator","com.google.ar.lens","com.screen.translate.google","com.microsoft.translator","com.niven.game","com.deepl.mobiletranslator","com.immersivetranslate.browser","com.eecorp.linguago","com.niven.apptranslate","com.naver.labs.translator","com.facebook.katana","com.instagram.android","com.google.android.apps.maps","com.facebook.orca"]},{"rank":{"index":2,"lang":"ko","country":"kr","chineseCountryName":"韩国","pkg":"com.spaceship.screen.textcopy"},"orders":["com.recognize_text.translate.screen","com.spaceship.screen.textcopy","com.newmg.yurao.pro","com.gaminik.i18n","com.tap_to_translate.snap_translate","com.niven.translator","com.google.android.apps.translate","com.screen.translate.google","com.niven.game","com.niven.apptranslate","com.microsoft.translator","com.naver.labs.translator","com.eecorp.linguago","com.immersivetranslate.browser","com.facebook.katana","com.instagram.android","com.facebook.orca","com.google.ar.lens","org.telegram.messenger","com.android.chrome"]},{"rank":{"index":2,"lang":"zh-hk","country":"hk","chineseCountryName":"香港","pkg":"com.spaceship.screen.textcopy"},"orders":["com.recognize_text.translate.screen","com.spaceship.screen.textcopy","com.newmg.yurao.pro","com.gaminik.i18n","com.tap_to_translate.snap_translate","com.google.android.apps.translate","com.niven.translator","com.microsoft.translator","com.screen.translate.google","com.immersivetranslate.browser","com.niven.game","com.google.ar.lens","com.niven.apptranslate","com.eecorp.linguago","com.google.android.apps.maps","com.android.chrome","com.facebook.katana","com.facebook.orca","com.instagram.android","com.naver.labs.translator"]},{"rank":{"index":2,"lang":"zh-tw","country":"tw","chineseCountryName":"台湾","pkg":"com.spaceship.screen.textcopy"},"orders":["com.recognize_text.translate.screen","com.spaceship.screen.textcopy","com.newmg.yurao.pro","com.gaminik.i18n","com.tap_to_translate.snap_translate","com.niven.translator","com.google.android.apps.translate","com.screen.translate.google","com.microsoft.translator","com.niven.apptranslate","com.niven.game","com.eecorp.linguago","com.facebook.katana","com.google.ar.lens","com.facebook.orca","com.instagram.android","org.telegram.messenger","com.immersivetranslate.browser","com.google.android.apps.maps","com.naver.labs.translator"]},{"rank":{"index":3,"lang":"en","country":"in","chineseCountryName":"印度","pkg":"com.spaceship.screen.textcopy"},"orders":["com.recognize_text.translate.screen","com.google.android.apps.translate","com.spaceship.screen.textcopy","com.newmg.yurao.pro"]},{"rank":{"index":2,"lang":"id","country":"id","chineseCountryName":"印尼","pkg":"com.spaceship.screen.textcopy"},"orders":["com.recognize_text.translate.screen","com.spaceship.screen.textcopy","com.tap_to_translate.snap_translate","com.newmg.yurao.pro","com.gaminik.i18n","com.niven.translator","com.niven.game","com.google.android.apps.translate","com.youdao.hindict","com.screen.translate.google"]},{"rank":{"index":2,"lang":"es-mx","country":"mx","chineseCountryName":"墨西哥","pkg":"com.spaceship.screen.textcopy"},"orders":["com.recognize_text.translate.screen","com.spaceship.screen.textcopy","com.newmg.yurao.pro","com.tap_to_translate.snap_translate","com.google.android.apps.translate","com.gaminik.i18n","com.zaz.translate","com.deepl.mobiletranslator","com.google.ar.lens","at.nk.tools.iTranslate","ru.yandex.translate","com.ticktalk.translatevoice","com.translate.talkingtranslator","com.softissimo.reverso.context","com.naver.labs.translator","com.niven.translator","com.youdao.hindict","com.niven.game","com.screen.translate.google","com.niven.apptranslate"]}]