[{"rank":{"index":2,"lang":"en-us","country":"us","chineseCountryName":"美国","pkg":"com.spaceship.screen.textcopy"},"orders":["com.recognize_text.translate.screen","com.spaceship.screen.textcopy","com.tap_to_translate.snap_translate","com.google.android.apps.translate","com.screen.translate.google","com.newmg.yurao.pro","com.niven.translator","com.gaminik.i18n","com.microsoft.translator","com.immersivetranslate.browser","com.deepl.mobiletranslator","com.niven.game","com.zaz.translate","at.nk.tools.iTranslate","ru.yandex.translate","com.voice_camera_free_translate","com.naver.labs.translator","com.fapp.translate.language.translator.fasttranslation","com.niven.apptranslate","com.eecorp.linguago"]},{"rank":{"index":0,"lang":"ru","country":"ru","chineseCountryName":"俄罗斯","pkg":"com.spaceship.screen.textcopy"},"orders":["com.recognize_text.translate.screen","com.niven.translator","com.tap_to_translate.snap_translate","com.newmg.yurao.pro","com.gaminik.i18n","com.screen.translate.google","com.google.android.apps.translate","ru.yandex.translate","com.niven.game","com.immersivetranslate.browser","com.deepl.mobiletranslator"]},{"rank":{"index":2,"lang":"pt-br","country":"br","chineseCountryName":"巴西","pkg":"com.spaceship.screen.textcopy"},"orders":["com.recognize_text.translate.screen","com.spaceship.screen.textcopy","com.tap_to_translate.snap_translate","com.newmg.yurao.pro","com.gaminik.i18n","com.google.android.apps.translate","com.zaz.translate","at.nk.tools.iTranslate","com.immersivetranslate.browser","com.deepl.mobiletranslator","com.datacomprojects.scanandtranslate","ru.yandex.translate","com.voice_camera_free_translate","com.naver.labs.translator","com.softissimo.reverso.context","com.niven.translator","com.screen.translate.google","com.niven.game","com.niven.apptranslate","com.newtranslate.google"]},{"rank":{"index":2,"lang":"fr","country":"fr","chineseCountryName":"法国","pkg":"com.spaceship.screen.textcopy"},"orders":["com.recognize_text.translate.screen","com.spaceship.screen.textcopy","com.tap_to_translate.snap_translate","com.niven.translator","com.newmg.yurao.pro","com.screen.translate.google","com.gaminik.i18n","com.immersivetranslate.browser","com.google.android.apps.translate","com.microsoft.translator","com.zaz.translate","com.deepl.mobiletranslator","com.niven.game","com.voice_camera_free_translate","com.niven.apptranslate","ru.yandex.translate","at.nk.tools.iTranslate","com.datacomprojects.scanandtranslate","com.eecorp.linguago","com.fapp.translate.language.translator.fasttranslation"]},{"rank":{"index":2,"lang":"en-gb","country":"gb","chineseCountryName":"英国","pkg":"com.spaceship.screen.textcopy"},"orders":["com.recognize_text.translate.screen","com.spaceship.screen.textcopy","com.newmg.yurao.pro","com.google.android.apps.translate","com.screen.translate.google","com.niven.translator","com.gaminik.i18n","com.microsoft.translator","com.tap_to_translate.snap_translate","com.zaz.translate","com.immersivetranslate.browser","com.deepl.mobiletranslator","at.nk.tools.iTranslate","com.niven.game","ru.yandex.translate","com.fapp.translate.language.translator.fasttranslation","com.siv","com.datacomprojects.scanandtranslate","com.niven.apptranslate","com.eecorp.linguago"]},{"rank":{"index":2,"lang":"de","country":"de","chineseCountryName":"德国","pkg":"com.spaceship.screen.textcopy"},"orders":["com.recognize_text.translate.screen","com.spaceship.screen.textcopy","com.newmg.yurao.pro","com.niven.translator","com.screen.translate.google","com.google.android.apps.translate","com.gaminik.i18n","com.immersivetranslate.browser","com.tap_to_translate.snap_translate","com.deepl.mobiletranslator","com.microsoft.translator","com.zaz.translate","com.niven.game","at.nk.tools.iTranslate","com.niven.apptranslate","ru.yandex.translate","com.eecorp.linguago","com.fapp.translate.language.translator.fasttranslation","com.datacomprojects.scanandtranslate","com.softissimo.reverso.context"]},{"rank":{"index":2,"lang":"it","country":"it","chineseCountryName":"意大利","pkg":"com.spaceship.screen.textcopy"},"orders":["com.recognize_text.translate.screen","com.spaceship.screen.textcopy","com.tap_to_translate.snap_translate","com.niven.translator","com.gaminik.i18n","com.newmg.yurao.pro","com.screen.translate.google","com.immersivetranslate.browser","com.google.android.apps.translate","com.niven.game","com.microsoft.translator","at.nk.tools.iTranslate","com.deepl.mobiletranslator"]},{"rank":{"index":2,"lang":"ja","country":"jp","chineseCountryName":"日本","pkg":"com.spaceship.screen.textcopy"},"orders":["com.recognize_text.translate.screen","com.spaceship.screen.textcopy","com.google.android.apps.translate","com.tap_to_translate.snap_translate","com.screen.translate.google","com.newmg.yurao.pro","com.niven.translator","com.immersivetranslate.browser","com.gaminik.i18n","com.deepl.mobiletranslator","com.microsoft.translator","com.niven.game","at.nk.tools.iTranslate","com.zaz.translate","com.naver.labs.translator"]},{"rank":{"index":3,"lang":"ko","country":"kr","chineseCountryName":"韩国","pkg":"com.spaceship.screen.textcopy"},"orders":["com.recognize_text.translate.screen","com.tap_to_translate.snap_translate","com.spaceship.screen.textcopy","com.newmg.yurao.pro","com.niven.translator","com.gaminik.i18n","com.screen.translate.google","com.immersivetranslate.browser","com.naver.labs.translator","com.google.android.apps.translate","com.niven.apptranslate","com.niven.game","com.voice_camera_free_translate","com.deepl.mobiletranslator","com.microsoft.translator","at.nk.tools.iTranslate","com.openai.chatgpt","com.zaz.translate","com.facebook.orca","com.microsoft.teams"]},{"rank":{"index":2,"lang":"zh-hk","country":"hk","chineseCountryName":"香港","pkg":"com.spaceship.screen.textcopy"},"orders":["com.recognize_text.translate.screen","com.spaceship.screen.textcopy","com.newmg.yurao.pro","com.google.android.apps.translate","com.screen.translate.google","com.gaminik.i18n","com.niven.translator","com.immersivetranslate.browser","com.tap_to_translate.snap_translate","com.microsoft.translator","com.niven.game","com.deepl.mobiletranslator","at.nk.tools.iTranslate","com.zaz.translate","com.naver.labs.translator","com.niven.apptranslate","com.eecorp.linguago","com.fapp.translate.language.translator.fasttranslation","ru.yandex.translate","com.niven.comic"]},{"rank":{"index":2,"lang":"zh-tw","country":"tw","chineseCountryName":"台湾","pkg":"com.spaceship.screen.textcopy"},"orders":["com.recognize_text.translate.screen","com.spaceship.screen.textcopy","com.newmg.yurao.pro","com.niven.translator","com.screen.translate.google","com.gaminik.i18n","com.immersivetranslate.browser","com.tap_to_translate.snap_translate","com.google.android.apps.translate","com.niven.game","com.zaz.translate","com.microsoft.translator","com.niven.apptranslate","com.deepl.mobiletranslator","at.nk.tools.iTranslate","com.naver.labs.translator","com.tangdi.baiguotong","com.fapp.translate.language.translator.fasttranslation","com.eecorp.linguago","com.wooask.zx"]},{"rank":{"index":3,"lang":"en","country":"in","chineseCountryName":"印度","pkg":"com.spaceship.screen.textcopy"},"orders":["com.recognize_text.translate.screen","com.newmg.yurao.pro","com.spaceship.screen.textcopy","com.google.android.apps.translate","com.zaz.translate"]},{"rank":{"index":2,"lang":"id","country":"id","chineseCountryName":"印尼","pkg":"com.spaceship.screen.textcopy"},"orders":["com.recognize_text.translate.screen","com.spaceship.screen.textcopy","com.tap_to_translate.snap_translate","com.newmg.yurao.pro","com.niven.translator","com.gaminik.i18n","com.niven.game","com.screen.translate.google","com.google.android.apps.translate","com.immersivetranslate.browser"]},{"rank":{"index":2,"lang":"es-mx","country":"mx","chineseCountryName":"墨西哥","pkg":"com.spaceship.screen.textcopy"},"orders":["com.recognize_text.translate.screen","com.spaceship.screen.textcopy","com.tap_to_translate.snap_translate","com.google.android.apps.translate","com.newmg.yurao.pro","com.zaz.translate","com.gaminik.i18n","at.nk.tools.iTranslate","com.microsoft.translator","com.immersivetranslate.browser","com.deepl.mobiletranslator","ru.yandex.translate","com.datacomprojects.scanandtranslate","com.translate.talkingtranslator","com.softissimo.reverso.context","com.voice_camera_free_translate","com.niven.translator","com.screen.translate.google","com.niven.game","com.fapp.translate.language.translator.fasttranslation"]}]