[{"rank":{"index":3,"lang":"en-us","country":"us","chineseCountryName":"美国","pkg":"com.spaceship.screen.textcopy"},"orders":["com.recognize_text.translate.screen","com.google.android.apps.translate","com.spaceship.screen.textcopy","com.newmg.yurao.pro","com.microsoft.translator","com.niven.translator","com.gaminik.i18n","com.deepl.mobiletranslator","com.tap_to_translate.snap_translate","com.google.ar.lens","com.zaz.translate","ru.yandex.translate","com.screen.translate.google","at.nk.tools.iTranslate","com.naver.labs.translator","com.niven.game","com.immersivetranslate.browser","com.niven.apptranslate","com.eecorp.linguago","live.screentranslate.realtime"]},{"rank":{"index":0,"lang":"ru","country":"ru","chineseCountryName":"俄罗斯","pkg":"com.spaceship.screen.textcopy"},"orders":["com.recognize_text.translate.screen","com.niven.translator","com.tap_to_translate.snap_translate","ru.yandex.translate","com.newmg.yurao.pro","com.gaminik.i18n","com.screen.translate.google","com.google.android.apps.translate","com.niven.game","com.microsoft.translator","com.deepl.mobiletranslator","com.google.ar.lens","com.niven.apptranslate","com.eecorp.linguago","com.immersivetranslate.browser","com.voice_camera_free_translate","live.screentranslate.realtime","com.zaz.translate","com.datacomprojects.scanandtranslate","com.android.chrome"]},{"rank":{"index":2,"lang":"pt-br","country":"br","chineseCountryName":"巴西","pkg":"com.spaceship.screen.textcopy"},"orders":["com.recognize_text.translate.screen","com.spaceship.screen.textcopy","com.newmg.yurao.pro","com.tap_to_translate.snap_translate","com.gaminik.i18n","com.google.android.apps.translate","com.microsoft.translator","ru.yandex.translate","com.deepl.mobiletranslator","at.nk.tools.iTranslate","com.zaz.translate","com.google.ar.lens","com.softissimo.reverso.context","com.translate.talkingtranslator","com.naver.labs.translator","com.niven.translator","com.niven.game","com.screen.translate.google","screen.translator.voice.translate","com.niven.apptranslate"]},{"rank":{"index":2,"lang":"fr","country":"fr","chineseCountryName":"法国","pkg":"com.spaceship.screen.textcopy"},"orders":["com.recognize_text.translate.screen","com.spaceship.screen.textcopy","com.tap_to_translate.snap_translate","com.gaminik.i18n","com.google.android.apps.translate","com.niven.translator","com.newmg.yurao.pro","com.microsoft.translator","com.deepl.mobiletranslator","com.screen.translate.google","com.google.ar.lens","com.niven.game","com.zaz.translate","com.niven.apptranslate","ru.yandex.translate","com.eecorp.linguago","com.naver.labs.translator","com.google.android.apps.tachyon","com.facebook.orca","com.facebook.katana"]},{"rank":{"index":2,"lang":"en-gb","country":"gb","chineseCountryName":"英国","pkg":"com.spaceship.screen.textcopy"},"orders":["com.recognize_text.translate.screen","com.spaceship.screen.textcopy","com.microsoft.translator","com.newmg.yurao.pro","com.google.android.apps.translate","com.gaminik.i18n","com.niven.translator","com.deepl.mobiletranslator","com.tap_to_translate.snap_translate","ru.yandex.translate","com.google.ar.lens","com.zaz.translate","com.screen.translate.google","com.niven.game","com.naver.labs.translator","com.immersivetranslate.browser","at.nk.tools.iTranslate","com.niven.apptranslate","com.eecorp.linguago","com.datacomprojects.scanandtranslate"]},{"rank":{"index":2,"lang":"de","country":"de","chineseCountryName":"德国","pkg":"com.spaceship.screen.textcopy"},"orders":["com.recognize_text.translate.screen","com.spaceship.screen.textcopy","com.gaminik.i18n","com.newmg.yurao.pro","com.google.android.apps.translate","com.niven.translator","com.microsoft.translator","com.tap_to_translate.snap_translate","com.deepl.mobiletranslator","ru.yandex.translate","com.screen.translate.google","com.google.ar.lens","com.niven.game","com.niven.apptranslate","com.immersivetranslate.browser","com.zaz.translate","com.eecorp.linguago","at.nk.tools.iTranslate","com.wooask.zx","com.google.android.apps.tachyon"]},{"rank":{"index":2,"lang":"it","country":"it","chineseCountryName":"意大利","pkg":"com.spaceship.screen.textcopy"},"orders":["com.recognize_text.translate.screen","com.spaceship.screen.textcopy","com.gaminik.i18n","com.newmg.yurao.pro","com.google.android.apps.translate","com.microsoft.translator","com.tap_to_translate.snap_translate","com.niven.translator","com.deepl.mobiletranslator","com.screen.translate.google","com.google.ar.lens","com.niven.game","ru.yandex.translate","com.niven.apptranslate","com.immersivetranslate.browser","com.tangdi.baiguotong","com.eecorp.linguago","at.nk.tools.iTranslate","com.google.android.apps.tachyon","com.microsoft.teams"]},{"rank":{"index":2,"lang":"ja","country":"jp","chineseCountryName":"日本","pkg":"com.spaceship.screen.textcopy"},"orders":["com.recognize_text.translate.screen","com.spaceship.screen.textcopy","com.tap_to_translate.snap_translate","com.gaminik.i18n","com.newmg.yurao.pro","com.google.android.apps.translate","com.microsoft.translator","com.niven.translator","com.deepl.mobiletranslator","com.google.ar.lens","com.screen.translate.google","com.naver.labs.translator","ru.yandex.translate","com.niven.apptranslate","com.niven.game","com.immersivetranslate.browser","com.eecorp.linguago","com.google.android.apps.maps","com.facebook.katana","com.instagram.android"]},{"rank":{"index":2,"lang":"ko","country":"kr","chineseCountryName":"韩国","pkg":"com.spaceship.screen.textcopy"},"orders":["com.recognize_text.translate.screen","com.spaceship.screen.textcopy","com.newmg.yurao.pro","com.tap_to_translate.snap_translate","com.gaminik.i18n","com.niven.translator","com.google.android.apps.translate","com.microsoft.translator","com.screen.translate.google","com.naver.labs.translator","com.niven.game","com.niven.apptranslate","com.google.ar.lens","com.immersivetranslate.browser","com.deepl.mobiletranslator","com.eecorp.linguago","ru.yandex.translate","com.facebook.katana","com.facebook.orca","com.instagram.android"]},{"rank":{"index":2,"lang":"zh-hk","country":"hk","chineseCountryName":"香港","pkg":"com.spaceship.screen.textcopy"},"orders":["com.recognize_text.translate.screen","com.spaceship.screen.textcopy","com.newmg.yurao.pro","com.gaminik.i18n","com.google.android.apps.translate","com.microsoft.translator","com.tap_to_translate.snap_translate","com.niven.translator","com.screen.translate.google","com.niven.game","com.google.ar.lens","com.naver.labs.translator","com.immersivetranslate.browser","com.niven.apptranslate","com.deepl.mobiletranslator","ru.yandex.translate","com.zaz.translate","com.eecorp.linguago","com.tangdi.baiguotong","live.screentranslate.realtime"]},{"rank":{"index":2,"lang":"zh-tw","country":"tw","chineseCountryName":"台湾","pkg":"com.spaceship.screen.textcopy"},"orders":["com.recognize_text.translate.screen","com.spaceship.screen.textcopy","com.newmg.yurao.pro","com.gaminik.i18n","com.niven.translator","com.google.android.apps.translate","com.tap_to_translate.snap_translate","com.microsoft.translator","com.screen.translate.google","com.niven.game","com.niven.apptranslate","com.naver.labs.translator","com.google.ar.lens","ru.yandex.translate","com.deepl.mobiletranslator","live.screentranslate.realtime","com.eecorp.linguago","com.immersivetranslate.browser","com.facebook.katana","com.facebook.orca"]},{"rank":{"index":3,"lang":"en","country":"in","chineseCountryName":"印度","pkg":"com.spaceship.screen.textcopy"},"orders":["com.recognize_text.translate.screen","com.google.android.apps.translate","com.spaceship.screen.textcopy","com.newmg.yurao.pro","com.gaminik.i18n","com.zaz.translate","com.microsoft.translator"]},{"rank":{"index":2,"lang":"id","country":"id","chineseCountryName":"印尼","pkg":"com.spaceship.screen.textcopy"},"orders":["com.recognize_text.translate.screen","com.spaceship.screen.textcopy","com.tap_to_translate.snap_translate","com.gaminik.i18n","com.newmg.yurao.pro","com.google.android.apps.translate","com.niven.translator","com.niven.game","com.youdao.hindict","com.screen.translate.google","com.microsoft.translator","com.deepl.mobiletranslator"]},{"rank":{"index":2,"lang":"es-mx","country":"mx","chineseCountryName":"墨西哥","pkg":"com.spaceship.screen.textcopy"},"orders":["com.recognize_text.translate.screen","com.spaceship.screen.textcopy","com.newmg.yurao.pro","com.tap_to_translate.snap_translate","com.gaminik.i18n","com.google.android.apps.translate","com.microsoft.translator","com.deepl.mobiletranslator","com.zaz.translate","ru.yandex.translate","com.google.ar.lens","at.nk.tools.iTranslate","com.naver.labs.translator","com.translate.talkingtranslator","com.softissimo.reverso.context","com.ticktalk.translatevoice","com.niven.translator","com.niven.game","com.screen.translate.google","screen.translator.voice.translate"]}]