[{"rank":{"index":2,"lang":"en-us","country":"us","chineseCountryName":"美国","pkg":"com.spaceship.screen.textcopy"},"orders":["com.recognize_text.translate.screen","com.spaceship.screen.textcopy","com.tap_to_translate.snap_translate","com.gaminik.i18n","com.google.android.apps.translate","com.microsoft.translator","com.niven.translator","com.niven.game","com.niven.comic","com.newmg.yurao.pro","com.mobisystems.msdict.embedded.wireless.collins.ee","com.niven.apptranslate","screen.translator.voice.translate","com.zaz.translate","com.deepl.mobiletranslator","com.languagetranslator.translatorapp.smartscanner.dictionary.translation.voicetranslator","com.nordicwise.translator","com.youdao.hindict","com.naver.labs.translator","com.translate.talkingtranslator"]},{"rank":{"index":3,"lang":"ru","country":"ru","chineseCountryName":"俄罗斯","pkg":"com.spaceship.screen.textcopy"},"orders":["com.recognize_text.translate.screen","com.tap_to_translate.snap_translate","com.spaceship.screen.textcopy","com.gaminik.i18n","com.niven.translator","com.niven.game","com.niven.comic","com.newmg.yurao.pro","ru.yandex.translate","com.niven.apptranslate","com.google.android.apps.translate","com.screen.translate.google","com.eecorp.linguago","screen.translator.voice.translate","com.ticktalk.translatevoice","com.microsoft.translator","com.deepl.mobiletranslator","com.translate.all.speech.text.language.translator","com.whatsapp","com.mg.chat"]},{"rank":{"index":2,"lang":"fr","country":"fr","chineseCountryName":"法国","pkg":"com.spaceship.screen.textcopy"},"orders":["com.recognize_text.translate.screen","com.spaceship.screen.textcopy","com.tap_to_translate.snap_translate","com.gaminik.i18n","com.niven.game","com.newmg.yurao.pro","com.screen.translate.google","com.niven.translator","com.google.android.apps.translate","com.microsoft.translator","com.niven.comic","com.niven.apptranslate","com.deepl.mobiletranslator","com.youdao.hindict","com.whatsapp","com.facebook.orca","us.zoom.videomeetings","com.duolingo","at.nk.tools.iTranslate","com.softissimo.reverso.context"]},{"rank":{"index":2,"lang":"en-gb","country":"gb","chineseCountryName":"英国","pkg":"com.spaceship.screen.textcopy"},"orders":["com.recognize_text.translate.screen","com.spaceship.screen.textcopy","com.gaminik.i18n","com.tap_to_translate.snap_translate","com.google.android.apps.translate","com.microsoft.translator","com.niven.game","com.newmg.yurao.pro","com.niven.translator","com.niven.comic","com.screen.translate.google","com.niven.apptranslate","com.youdao.hindict","com.zaz.translate","com.datacomprojects.scanandtranslate","com.deepl.mobiletranslator","com.flitto.app","at.nk.tools.iTranslate","com.naver.labs.translator","screen.translator.voice.translate"]},{"rank":{"index":2,"lang":"de","country":"de","chineseCountryName":"德国","pkg":"com.spaceship.screen.textcopy"},"orders":["com.recognize_text.translate.screen","com.spaceship.screen.textcopy","com.tap_to_translate.snap_translate","com.gaminik.i18n","com.niven.translator","com.microsoft.translator","com.niven.game","com.niven.comic","com.deepl.mobiletranslator","com.google.android.apps.translate","com.newmg.yurao.pro","com.screen.translate.google","com.niven.apptranslate","com.youdao.hindict","com.whatsapp","com.translate.talkingtranslator","com.google.android.apps.photos","com.android.chrome","com.facebook.orca","com.discord"]},{"rank":{"index":2,"lang":"it","country":"it","chineseCountryName":"意大利","pkg":"com.spaceship.screen.textcopy"},"orders":["com.recognize_text.translate.screen","com.spaceship.screen.textcopy","com.niven.game","com.gaminik.i18n","com.tap_to_translate.snap_translate","com.niven.translator","com.niven.comic","com.newmg.yurao.pro","com.niven.apptranslate","com.screen.translate.google","com.google.android.apps.translate","com.microsoft.translator","com.whatsapp","com.deepl.mobiletranslator","com.facebook.orca","com.canva.editor","com.discord","com.google.android.apps.photos","us.zoom.videomeetings","com.duolingo"]},{"rank":{"index":2,"lang":"ja","country":"jp","chineseCountryName":"日本","pkg":"com.spaceship.screen.textcopy"},"orders":["com.recognize_text.translate.screen","com.spaceship.screen.textcopy","com.gaminik.i18n","com.niven.game","com.tap_to_translate.snap_translate","com.google.android.apps.translate","com.niven.translator","com.deepl.mobiletranslator","com.niven.comic","com.newmg.yurao.pro","com.naver.labs.translator","com.screen.translate.google","com.niven.apptranslate","com.youdao.hindict","com.microsoft.translator","com.datacomprojects.scanandtranslate","com.translate.talkingtranslator","jp.go.nict.voicetra","at.nk.tools.iTranslate","com.android.chrome"]},{"rank":{"index":2,"lang":"ko","country":"kr","chineseCountryName":"韩国","pkg":"com.spaceship.screen.textcopy"},"orders":["com.recognize_text.translate.screen","com.spaceship.screen.textcopy","com.tap_to_translate.snap_translate","com.gaminik.i18n","com.niven.apptranslate","com.niven.game","com.niven.comic","com.niven.translator","com.newmg.yurao.pro","com.screen.translate.google","com.google.android.apps.translate","com.naver.labs.translator","com.whatsapp","com.facebook.orca","us.zoom.videomeetings","com.discord","com.android.chrome","com.duolingo","com.google.android.apps.photos","com.canva.editor"]},{"rank":{"index":2,"lang":"zh-hk","country":"hk","chineseCountryName":"香港","pkg":"com.spaceship.screen.textcopy"},"orders":["com.recognize_text.translate.screen","com.spaceship.screen.textcopy","com.gaminik.i18n","com.tap_to_translate.snap_translate","com.screen.translate.google","com.niven.game","com.newmg.yurao.pro","com.google.android.apps.translate","com.niven.translator","com.niven.apptranslate","com.microsoft.translator","com.niven.comic","com.whatsapp","com.facebook.orca","com.android.chrome","com.google.android.apps.maps","us.zoom.videomeetings","com.discord","com.deepl.mobiletranslator","com.ubercab"]},{"rank":{"index":2,"lang":"zh-tw","country":"tw","chineseCountryName":"台湾","pkg":"com.spaceship.screen.textcopy"},"orders":["com.recognize_text.translate.screen","com.spaceship.screen.textcopy","com.gaminik.i18n","com.tap_to_translate.snap_translate","com.niven.game","com.screen.translate.google","com.niven.comic","com.google.android.apps.translate","com.niven.translator","com.newmg.yurao.pro","com.niven.apptranslate","com.microsoft.translator","com.facebook.orca","com.whatsapp","com.naver.labs.translator","com.deepl.mobiletranslator","com.google.android.apps.maps","com.discord","com.android.chrome","com.youdao.hindict"]},{"rank":{"index":2,"lang":"en","country":"in","chineseCountryName":"印度","pkg":"com.spaceship.screen.textcopy"},"orders":["com.recognize_text.translate.screen","com.spaceship.screen.textcopy","com.google.android.apps.translate","com.newmg.yurao.pro","com.gaminik.i18n"]},{"rank":{"index":2,"lang":"id","country":"id","chineseCountryName":"印尼","pkg":"com.spaceship.screen.textcopy"},"orders":["com.recognize_text.translate.screen","com.spaceship.screen.textcopy","com.tap_to_translate.snap_translate","com.gaminik.i18n","com.niven.game","com.newmg.yurao.pro","com.niven.translator","com.google.android.apps.translate","com.niven.comic","com.youdao.hindict"]}]