[{"rank":{"index":3,"lang":"en-us","country":"us","chineseCountryName":"美国","pkg":"com.spaceship.screen.textcopy"},"orders":["com.recognize_text.translate.screen","com.screen.translate.google","com.spaceship.screen.textcopy","com.galaxy.airviewdictionary","com.niven.translator","com.newtranslate.google","com.tap_to_translate.snap_translate","com.newmg.yurao.pro","com.gaminik.i18n","com.yoyodev.screentranslate","com.google.android.apps.translate","com.niven.apptranslate","com.eecorp.linguago","com.screen.translator.text.recognize","screen.translator.voice.translate","com.deepl.mobiletranslator","com.flabs.screen.translate","com.microsoft.translator","com.zaz.translate","com.niven.game"]},{"rank":{"index":7,"lang":"ru","country":"ru","chineseCountryName":"俄罗斯","pkg":"com.spaceship.screen.textcopy"},"orders":["com.recognize_text.translate.screen","com.niven.translator","com.tap_to_translate.snap_translate","com.screen.translate.google","com.galaxy.airviewdictionary","com.newtranslate.google","com.spaceship.screen.textcopy","com.yoyodev.screentranslate","com.gaminik.i18n","screen.translator.voice.translate","com.google.android.apps.translate","ru.yandex.translate","com.newmg.yurao.pro","com.android.chrome","com.niven.apptranslate","com.google.ar.lens"]},{"rank":{"index":3,"lang":"pt-br","country":"br","chineseCountryName":"巴西","pkg":"com.spaceship.screen.textcopy"},"orders":["com.recognize_text.translate.screen","com.galaxy.airviewdictionary","com.spaceship.screen.textcopy","com.screen.translate.google","com.newtranslate.google","com.niven.translator","com.tap_to_translate.snap_translate","com.google.android.apps.translate","com.gaminik.i18n","com.android.chrome","com.duolingo","com.canva.editor","com.google.android.apps.searchlite","com.google.android.apps.docs","com.niven.apptranslate","com.deepl.mobiletranslator","com.google.android.inputmethod.latin","com.memrise.android.memrisecompanion","com.google.android.apps.maps","com.google.ar.lens"]},{"rank":{"index":4,"lang":"fr","country":"fr","chineseCountryName":"法国","pkg":"com.spaceship.screen.textcopy"},"orders":["com.recognize_text.translate.screen","com.galaxy.airviewdictionary","com.screen.translate.google","com.spaceship.screen.textcopy","com.newtranslate.google","com.tap_to_translate.snap_translate","com.niven.translator","com.google.android.apps.translate","com.yoyodev.screentranslate","com.gaminik.i18n","com.deepl.mobiletranslator","com.google.ar.lens","com.niven.apptranslate","com.newmg.yurao.pro","com.naver.labs.translator","com.microsoft.translator","com.google.android.tts","com.zaz.translate","ru.yandex.translate","com.eecorp.linguago"]},{"rank":{"index":4,"lang":"en-gb","country":"gb","chineseCountryName":"英国","pkg":"com.spaceship.screen.textcopy"},"orders":["com.recognize_text.translate.screen","com.galaxy.airviewdictionary","com.screen.translate.google","com.spaceship.screen.textcopy","com.newtranslate.google","com.tap_to_translate.snap_translate","com.niven.translator","com.google.android.apps.translate","com.gaminik.i18n","com.yoyodev.screentranslate","com.microsoft.translator","com.deepl.mobiletranslator","com.google.ar.lens","com.newmg.yurao.pro","com.naver.labs.translator","com.google.android.inputmethod.latin","com.google.android.googlequicksearchbox","com.google.android.tts","com.zaz.translate","ru.yandex.translate"]},{"rank":{"index":4,"lang":"de","country":"de","chineseCountryName":"德国","pkg":"com.spaceship.screen.textcopy"},"orders":["com.recognize_text.translate.screen","com.galaxy.airviewdictionary","com.screen.translate.google","com.spaceship.screen.textcopy","com.google.android.apps.translate","com.tap_to_translate.snap_translate","com.deepl.mobiletranslator","com.newtranslate.google","com.microsoft.translator","com.gaminik.i18n","com.google.ar.lens"]},{"rank":{"index":4,"lang":"it","country":"it","chineseCountryName":"意大利","pkg":"com.spaceship.screen.textcopy"},"orders":["com.recognize_text.translate.screen","com.screen.translate.google","com.galaxy.airviewdictionary","com.spaceship.screen.textcopy","com.tap_to_translate.snap_translate","com.newtranslate.google","com.google.android.apps.translate","com.niven.translator","com.yoyodev.screentranslate","com.newmg.yurao.pro","com.deepl.mobiletranslator","com.gaminik.i18n","com.google.ar.lens","com.microsoft.translator","com.google.android.tts","com.zaz.translate","ru.yandex.translate","com.screen.translator.text.recognize","com.eecorp.linguago","at.nk.tools.iTranslate"]},{"rank":{"index":3,"lang":"ja","country":"jp","chineseCountryName":"日本","pkg":"com.spaceship.screen.textcopy"},"orders":["com.recognize_text.translate.screen","com.niven.translator","com.spaceship.screen.textcopy","com.screen.translate.google","com.tap_to_translate.snap_translate","com.galaxy.airviewdictionary","com.newtranslate.google","com.gaminik.i18n","com.newmg.yurao.pro","com.niven.apptranslate","com.google.android.apps.translate"]},{"rank":{"index":3,"lang":"ko","country":"kr","chineseCountryName":"韩国","pkg":"com.spaceship.screen.textcopy"},"orders":["com.recognize_text.translate.screen","com.galaxy.airviewdictionary","com.spaceship.screen.textcopy","com.screen.translate.google","com.newtranslate.google","com.tap_to_translate.snap_translate","com.gaminik.i18n","com.google.android.apps.translate","com.niven.translator","com.naver.labs.translator","com.android.chrome","com.niven.apptranslate","com.deepl.mobiletranslator","com.google.ar.lens","com.newmg.yurao.pro","com.google.android.tts","com.microsoft.translator","com.zaz.translate","com.immersivetranslate.browser","com.eecorp.linguago"]},{"rank":{"index":4,"lang":"zh-hk","country":"hk","chineseCountryName":"香港","pkg":"com.spaceship.screen.textcopy"},"orders":["com.recognize_text.translate.screen","com.galaxy.airviewdictionary","com.screen.translate.google","com.spaceship.screen.textcopy","com.google.android.apps.translate","com.newtranslate.google","com.tap_to_translate.snap_translate","com.google.ar.lens","com.deepl.mobiletranslator","com.naver.labs.translator","com.microsoft.translator","com.google.android.tts","com.gaminik.i18n","com.zaz.translate","ru.yandex.translate","com.niven.translator","at.nk.tools.iTranslate","com.immersivetranslate.browser","com.newmg.yurao.pro","com.siv"]},{"rank":{"index":4,"lang":"zh-tw","country":"tw","chineseCountryName":"台湾","pkg":"com.spaceship.screen.textcopy"},"orders":["com.recognize_text.translate.screen","com.galaxy.airviewdictionary","com.screen.translate.google","com.spaceship.screen.textcopy","com.google.android.apps.translate","com.naver.labs.translator","com.google.ar.lens","com.gaminik.i18n","com.deepl.mobiletranslator","com.newtranslate.google","com.microsoft.translator","com.google.android.tts","com.tap_to_translate.snap_translate","com.zaz.translate","ru.yandex.translate","at.nk.tools.iTranslate","com.immersivetranslate.browser","com.translate.talkingtranslator","com.siv","com.yoyodev.screentranslate"]},{"rank":{"index":0,"lang":"en","country":"in","chineseCountryName":"印度","pkg":"com.spaceship.screen.textcopy"},"orders":["com.recognize_text.translate.screen","com.galaxy.airviewdictionary","com.screen.translate.google","com.newtranslate.google","com.tap_to_translate.snap_translate","com.niven.translator","com.google.android.apps.translate","com.gaminik.i18n","com.yoyodev.screentranslate","com.newmg.yurao.pro","com.zaz.translate","com.google.android.inputmethod.latin","com.google.ar.lens","com.deepl.mobiletranslator","com.niven.apptranslate","com.microsoft.translator","com.screen.translator.text.recognize","com.google.android.tts","com.naver.labs.translator","screen.translator.voice.translate"]},{"rank":{"index":2,"lang":"id","country":"id","chineseCountryName":"印尼","pkg":"com.spaceship.screen.textcopy"},"orders":["com.recognize_text.translate.screen","com.spaceship.screen.textcopy","com.galaxy.airviewdictionary","com.tap_to_translate.snap_translate","com.screen.translate.google","com.newtranslate.google","com.google.android.apps.translate","com.niven.translator","com.deepl.mobiletranslator","com.gaminik.i18n","com.naver.labs.translator","com.google.ar.lens"]},{"rank":{"index":2,"lang":"es-mx","country":"mx","chineseCountryName":"墨西哥","pkg":"com.spaceship.screen.textcopy"},"orders":["com.recognize_text.translate.screen","com.spaceship.screen.textcopy","com.galaxy.airviewdictionary","com.screen.translate.google","com.tap_to_translate.snap_translate","com.newtranslate.google","com.niven.translator","com.google.android.apps.translate","com.yoyodev.screentranslate","com.gaminik.i18n","com.deepl.mobiletranslator","com.newmg.yurao.pro","com.google.ar.lens","com.niven.apptranslate","com.microsoft.translator","com.niven.game","com.google.android.tts","com.naver.labs.translator","com.eecorp.linguago","com.zaz.translate"]}]