[{"rank":{"index":2,"lang":"en-us","country":"us","chineseCountryName":"美国","pkg":"com.spaceship.screen.textcopy"},"orders":["com.recognize_text.translate.screen","com.spaceship.screen.textcopy","com.tap_to_translate.snap_translate","com.google.android.apps.translate","com.microsoft.translator","com.gaminik.i18n","screen.translator.voice.translate","com.niven.translator","at.nk.tools.iTranslate","com.niven.game","com.newmg.yurao.pro","com.niven.apptranslate","com.eecorp.taptranslator","com.naver.labs.translator","com.zaz.translate","com.niven.comic","com.deepl.mobiletranslator","ru.yandex.translate","us.zoom.videomeetings","com.softissimo.reverso.context"]},{"rank":{"index":2,"lang":"ru","country":"ru","chineseCountryName":"俄罗斯","pkg":"com.spaceship.screen.textcopy"},"orders":["com.recognize_text.translate.screen","com.spaceship.screen.textcopy","com.tap_to_translate.snap_translate","com.gaminik.i18n","com.google.android.apps.translate","com.niven.translator","com.microsoft.translator","com.niven.game","ru.yandex.translate","com.newmg.yurao.pro","com.niven.comic","at.nk.tools.iTranslate","com.niven.apptranslate","com.softissimo.reverso.context","com.deepl.mobiletranslator","com.datacomprojects.scanandtranslate","com.screen.translate.google","screen.translator.voice.translate","com.youdao.hindict","com.translate.language.translator.voice.translation"]},{"rank":{"index":2,"lang":"pt-br","country":"br","chineseCountryName":"巴西","pkg":"com.spaceship.screen.textcopy"},"orders":["com.recognize_text.translate.screen","com.spaceship.screen.textcopy","com.tap_to_translate.snap_translate","com.gaminik.i18n","com.niven.translator","com.google.android.apps.translate","com.niven.game","screen.translator.voice.translate","us.zoom.videomeetings","com.google.android.apps.docs","com.google.android.apps.maps","com.discord","com.android.chrome","com.microsoft.translator","com.google.android.apps.photos","com.skype.raider","com.niven.comic","com.microsoft.office.outlook","com.google.android.apps.youtube.creator","com.adobe.reader"]},{"rank":{"index":2,"lang":"fr","country":"fr","chineseCountryName":"法国","pkg":"com.spaceship.screen.textcopy"},"orders":["com.recognize_text.translate.screen","com.spaceship.screen.textcopy","com.tap_to_translate.snap_translate","com.gaminik.i18n","com.niven.translator","com.niven.game","screen.translator.voice.translate","com.microsoft.translator","com.newmg.yurao.pro","com.google.android.apps.translate","com.niven.comic","com.eecorp.taptranslator","us.zoom.videomeetings","com.niven.apptranslate","at.nk.tools.iTranslate","com.discord","com.android.chrome","com.microsoft.office.outlook","com.google.android.apps.photos","com.skype.raider"]},{"rank":{"index":2,"lang":"en-gb","country":"gb","chineseCountryName":"英国","pkg":"com.spaceship.screen.textcopy"},"orders":["com.recognize_text.translate.screen","com.spaceship.screen.textcopy","com.tap_to_translate.snap_translate","com.google.android.apps.translate","com.microsoft.translator","com.gaminik.i18n","com.niven.game","com.niven.translator","at.nk.tools.iTranslate","com.niven.comic","com.newmg.yurao.pro","com.niven.apptranslate","com.eecorp.taptranslator","com.youdao.hindict","screen.translator.voice.translate","com.deepl.mobiletranslator","ru.yandex.translate","com.softissimo.reverso.context","com.datacomprojects.scanandtranslate","com.screen.translate.google"]},{"rank":{"index":2,"lang":"de","country":"de","chineseCountryName":"德国","pkg":"com.spaceship.screen.textcopy"},"orders":["com.recognize_text.translate.screen","com.spaceship.screen.textcopy","com.tap_to_translate.snap_translate","com.gaminik.i18n","com.newmg.yurao.pro","com.niven.translator","com.niven.game","com.microsoft.translator","com.google.android.apps.translate","com.niven.comic","at.nk.tools.iTranslate","com.niven.apptranslate","com.eecorp.taptranslator","com.eecorp.linguago","com.screen.translate.google","com.deepl.mobiletranslator","us.zoom.videomeetings","com.discord","com.android.chrome","screen.translator.voice.translate"]},{"rank":{"index":2,"lang":"it","country":"it","chineseCountryName":"意大利","pkg":"com.spaceship.screen.textcopy"},"orders":["com.recognize_text.translate.screen","com.spaceship.screen.textcopy","com.tap_to_translate.snap_translate","com.gaminik.i18n","screen.translator.voice.translate","com.niven.translator","com.niven.game","com.microsoft.translator","com.newmg.yurao.pro","com.google.android.apps.translate","at.nk.tools.iTranslate","com.niven.apptranslate","com.niven.comic","com.screen.translate.google","com.eecorp.taptranslator","us.zoom.videomeetings","com.discord","com.android.chrome","com.google.android.apps.photos","com.google.android.apps.maps"]},{"rank":{"index":2,"lang":"ja","country":"jp","chineseCountryName":"日本","pkg":"com.spaceship.screen.textcopy"},"orders":["com.recognize_text.translate.screen","com.spaceship.screen.textcopy","com.gaminik.i18n","com.google.android.apps.translate","us.zoom.videomeetings","com.android.chrome","com.discord","com.niven.game","com.google.android.apps.maps","com.tap_to_translate.snap_translate","com.niven.apptranslate","com.microsoft.translator","com.duolingo","com.deepl.mobiletranslator","com.naver.labs.translator","com.skype.raider","com.microsoft.office.outlook","com.supercell.clashroyale","com.google.android.apps.photos","com.google.android.apps.docs"]},{"rank":{"index":2,"lang":"ko","country":"kr","chineseCountryName":"韩国","pkg":"com.spaceship.screen.textcopy"},"orders":["com.recognize_text.translate.screen","com.spaceship.screen.textcopy","com.tap_to_translate.snap_translate","com.niven.game","com.gaminik.i18n","com.microsoft.translator","com.google.android.apps.translate","com.niven.translator","com.newmg.yurao.pro","com.niven.apptranslate","com.niven.comic","at.nk.tools.iTranslate","com.naver.labs.translator","com.screen.translate.google","com.eecorp.taptranslator","com.galaxy.airviewdictionary","us.zoom.videomeetings","com.eecorp.linguago","ru.yandex.translate","com.discord"]},{"rank":{"index":2,"lang":"zh-hk","country":"hk","chineseCountryName":"香港","pkg":"com.spaceship.screen.textcopy"},"orders":["com.recognize_text.translate.screen","com.spaceship.screen.textcopy","com.tap_to_translate.snap_translate","com.google.android.apps.translate","com.microsoft.translator","com.gaminik.i18n","com.niven.game","com.niven.translator","com.screen.translate.google","at.nk.tools.iTranslate","com.newmg.yurao.pro","com.tangdi.baiguotong","com.niven.apptranslate","com.niven.comic","com.galaxy.airviewdictionary","com.android.chrome","us.zoom.videomeetings","com.google.android.apps.maps","com.discord","com.naver.labs.translator"]},{"rank":{"index":2,"lang":"zh-tw","country":"tw","chineseCountryName":"台湾","pkg":"com.spaceship.screen.textcopy"},"orders":["com.recognize_text.translate.screen","com.spaceship.screen.textcopy","com.tap_to_translate.snap_translate","com.gaminik.i18n","com.niven.translator","com.screen.translate.google","com.microsoft.translator","com.google.android.apps.translate","com.niven.game","com.niven.comic","com.eecorp.linguago","com.niven.apptranslate","com.newmg.yurao.pro","at.nk.tools.iTranslate","com.tangdi.baiguotong","com.eecorp.taptranslator","com.mg.subtitle.google","screen.translator.voice.translate","camera.translator.realtime","com.zaz.translate"]},{"rank":{"index":4,"lang":"en","country":"in","chineseCountryName":"印度","pkg":"com.spaceship.screen.textcopy"},"orders":["com.recognize_text.translate.screen","com.tap_to_translate.snap_translate","com.google.android.apps.translate","com.spaceship.screen.textcopy","com.microsoft.translator","com.gaminik.i18n"]},{"rank":{"index":1,"lang":"id","country":"id","chineseCountryName":"印尼","pkg":"com.spaceship.screen.textcopy"},"orders":["com.spaceship.screen.textcopy","com.recognize_text.translate.screen","com.tap_to_translate.snap_translate","com.gaminik.i18n","com.google.android.apps.translate","com.niven.translator","com.niven.game","us.zoom.videomeetings","com.android.chrome","com.google.android.apps.maps","com.google.android.apps.docs","com.discord"]},{"rank":{"index":2,"lang":"es-mx","country":"mx","chineseCountryName":"墨西哥","pkg":"com.spaceship.screen.textcopy"},"orders":["com.recognize_text.translate.screen","com.spaceship.screen.textcopy","com.tap_to_translate.snap_translate","com.gaminik.i18n","com.niven.translator","com.niven.game","com.niven.comic","com.newmg.yurao.pro","com.microsoft.translator","com.niven.apptranslate","com.google.android.apps.translate","com.youdao.hindict","us.zoom.videomeetings","at.nk.tools.iTranslate","com.android.chrome","com.google.android.apps.maps","com.discord","com.google.android.apps.docs","com.google.android.apps.photos","com.intsig.camscanner"]}]