[{"rank":{"index":2,"lang":"en-us","country":"us","chineseCountryName":"美国","pkg":"com.spaceship.screen.textcopy"},"orders":["com.recognize_text.translate.screen","com.spaceship.screen.textcopy","com.tap_to_translate.snap_translate","com.niven.translator","com.google.android.apps.translate","com.deepl.mobiletranslator","com.newmg.yurao.pro","com.gaminik.i18n","com.microsoft.translator","com.zaz.translate","at.nk.tools.iTranslate","com.immersivetranslate.browser","com.screen.translate.google","com.naver.labs.translator","com.galaxy.airviewdictionary","photo.translate.camera.translator","ru.yandex.translate","com.siv","com.phototranslator.camera.voicetranslate.texttranslation","com.inw.trulinco"]},{"rank":{"index":2,"lang":"ru","country":"ru","chineseCountryName":"俄罗斯","pkg":"com.spaceship.screen.textcopy"},"orders":["com.recognize_text.translate.screen","com.spaceship.screen.textcopy","com.niven.translator","com.tap_to_translate.snap_translate","com.newmg.yurao.pro","com.gaminik.i18n","com.deepl.mobiletranslator","com.zaz.translate","com.microsoft.translator","com.galaxy.airviewdictionary","ru.yandex.translate","com.google.android.apps.translate","com.immersivetranslate.browser","at.nk.tools.iTranslate","com.voice_camera_free_translate","com.screen.translate.google","com.eecorp.linguago","photo.translate.camera.translator","com.phototranslator.camera.voicetranslate.texttranslation","com.niven.apptranslate"]},{"rank":{"index":2,"lang":"pt-br","country":"br","chineseCountryName":"巴西","pkg":"com.spaceship.screen.textcopy"},"orders":["com.recognize_text.translate.screen","com.spaceship.screen.textcopy","com.niven.translator","com.tap_to_translate.snap_translate","com.gaminik.i18n","com.newmg.yurao.pro","com.deepl.mobiletranslator","com.microsoft.translator","com.google.android.apps.translate","com.galaxy.airviewdictionary","com.screen.translate.google","com.immersivetranslate.browser","com.zaz.translate","at.nk.tools.iTranslate","com.eecorp.linguago","com.niven.apptranslate","com.voice_camera_free_translate","live.screentranslate.realtime","photo.translate.camera.translator","com.ggxfj.mp"]},{"rank":{"index":2,"lang":"fr","country":"fr","chineseCountryName":"法国","pkg":"com.spaceship.screen.textcopy"},"orders":["com.recognize_text.translate.screen","com.spaceship.screen.textcopy","com.tap_to_translate.snap_translate","com.newmg.yurao.pro","com.niven.translator","com.gaminik.i18n","com.deepl.mobiletranslator","com.google.android.apps.translate","com.microsoft.translator","com.zaz.translate","com.immersivetranslate.browser","com.galaxy.airviewdictionary","com.eecorp.linguago","com.screen.translate.google","at.nk.tools.iTranslate","com.naver.labs.translator","com.datacomprojects.scanandtranslate","live.screentranslate.realtime","photo.translate.camera.translator","ru.yandex.translate"]},{"rank":{"index":2,"lang":"en-gb","country":"gb","chineseCountryName":"英国","pkg":"com.spaceship.screen.textcopy"},"orders":["com.recognize_text.translate.screen","com.spaceship.screen.textcopy","com.tap_to_translate.snap_translate","com.niven.translator","com.google.android.apps.translate","com.microsoft.translator","com.zaz.translate","com.newmg.yurao.pro","com.gaminik.i18n","com.deepl.mobiletranslator","at.nk.tools.iTranslate","com.immersivetranslate.browser","com.galaxy.airviewdictionary","com.naver.labs.translator","photo.translate.camera.translator","com.inw.trulinco","com.phototranslator.camera.voicetranslate.texttranslation","com.voice_camera_free_translate","com.siv","co.appnation.aivoicetranslator"]},{"rank":{"index":2,"lang":"de","country":"de","chineseCountryName":"德国","pkg":"com.spaceship.screen.textcopy"},"orders":["com.recognize_text.translate.screen","com.spaceship.screen.textcopy","com.niven.translator","com.tap_to_translate.snap_translate","com.newmg.yurao.pro","com.gaminik.i18n","com.deepl.mobiletranslator","com.google.android.apps.translate","com.microsoft.translator","com.immersivetranslate.browser","com.zaz.translate","com.screen.translate.google","com.galaxy.airviewdictionary","at.nk.tools.iTranslate","com.eecorp.linguago"]},{"rank":{"index":2,"lang":"it","country":"it","chineseCountryName":"意大利","pkg":"com.spaceship.screen.textcopy"},"orders":["com.recognize_text.translate.screen","com.spaceship.screen.textcopy","com.tap_to_translate.snap_translate","com.niven.translator","com.newmg.yurao.pro","com.gaminik.i18n","com.deepl.mobiletranslator","com.microsoft.translator","com.google.android.apps.translate","com.immersivetranslate.browser","com.galaxy.airviewdictionary","com.zaz.translate","at.nk.tools.iTranslate"]},{"rank":{"index":3,"lang":"ja","country":"jp","chineseCountryName":"日本","pkg":"com.spaceship.screen.textcopy"},"orders":["com.recognize_text.translate.screen","com.tap_to_translate.snap_translate","com.spaceship.screen.textcopy","com.gaminik.i18n","com.newmg.yurao.pro","com.deepl.mobiletranslator","com.niven.translator","com.microsoft.translator","com.galaxy.airviewdictionary","com.google.android.apps.translate","com.immersivetranslate.browser","com.screen.translate.google","com.naver.labs.translator","com.zaz.translate"]},{"rank":{"index":2,"lang":"ko","country":"kr","chineseCountryName":"韩国","pkg":"com.spaceship.screen.textcopy"},"orders":["com.recognize_text.translate.screen","com.spaceship.screen.textcopy","com.tap_to_translate.snap_translate","com.newmg.yurao.pro","com.niven.translator","com.gaminik.i18n","com.deepl.mobiletranslator","com.naver.labs.translator","com.immersivetranslate.browser","com.microsoft.translator","com.galaxy.airviewdictionary","com.screen.translate.google","com.google.android.apps.translate","at.nk.tools.iTranslate"]},{"rank":{"index":2,"lang":"zh-hk","country":"hk","chineseCountryName":"香港","pkg":"com.spaceship.screen.textcopy"},"orders":["com.recognize_text.translate.screen","com.spaceship.screen.textcopy","com.tap_to_translate.snap_translate","com.gaminik.i18n","com.newmg.yurao.pro","com.niven.translator","com.deepl.mobiletranslator","com.microsoft.translator","com.galaxy.airviewdictionary","com.zaz.translate","com.screen.translate.google","com.immersivetranslate.browser","com.google.android.apps.translate","at.nk.tools.iTranslate"]},{"rank":{"index":3,"lang":"zh-tw","country":"tw","chineseCountryName":"台湾","pkg":"com.spaceship.screen.textcopy"},"orders":["com.recognize_text.translate.screen","com.tap_to_translate.snap_translate","com.spaceship.screen.textcopy","com.gaminik.i18n","com.newmg.yurao.pro","com.niven.translator","com.deepl.mobiletranslator","com.microsoft.translator","com.google.android.apps.translate","at.nk.tools.iTranslate","com.immersivetranslate.browser","com.zaz.translate","com.galaxy.airviewdictionary"]},{"rank":{"index":2,"lang":"en","country":"in","chineseCountryName":"印度","pkg":"com.spaceship.screen.textcopy"},"orders":["com.recognize_text.translate.screen","com.spaceship.screen.textcopy","com.newmg.yurao.pro"]},{"rank":{"index":1,"lang":"id","country":"id","chineseCountryName":"印尼","pkg":"com.spaceship.screen.textcopy"},"orders":["com.spaceship.screen.textcopy","com.recognize_text.translate.screen","com.tap_to_translate.snap_translate","com.niven.translator","com.gaminik.i18n","com.newmg.yurao.pro","com.google.android.apps.translate","com.deepl.mobiletranslator","com.zaz.translate","com.microsoft.translator","com.galaxy.airviewdictionary","at.nk.tools.iTranslate","com.screen.translate.google","com.niven.game","com.naver.labs.translator"]},{"rank":{"index":1,"lang":"es-mx","country":"mx","chineseCountryName":"墨西哥","pkg":"com.spaceship.screen.textcopy"},"orders":["com.spaceship.screen.textcopy","com.recognize_text.translate.screen","com.tap_to_translate.snap_translate","com.gaminik.i18n","com.newmg.yurao.pro","com.niven.translator","com.deepl.mobiletranslator","com.google.android.apps.translate","com.microsoft.translator","com.galaxy.airviewdictionary","com.immersivetranslate.browser","at.nk.tools.iTranslate","com.zaz.translate","com.screen.translate.google","com.eecorp.linguago"]}]