[{"rank":{"index":2,"lang":"en-us","country":"us","chineseCountryName":"美国","pkg":"com.spaceship.screen.textcopy"},"orders":["com.recognize_text.translate.screen","com.spaceship.screen.textcopy","com.tap_to_translate.snap_translate","com.mg.yurao.google","com.gaminik.i18n","com.google.android.apps.translate","com.niven.game","com.niven.translator","com.niven.comic","com.microsoft.translator","com.niven.apptranslate","com.eecorp.linguago","com.newmg.yurao.pro","at.nk.tools.iTranslate","com.translate.talkingtranslator","com.languagetranslator.translatorapp.smartscanner.dictionary.translation.voicetranslator","screen.translator.voice.translate","com.youdao.hindict","com.datacomprojects.scanandtranslate","evolly.app.translatez"]},{"rank":{"index":4,"lang":"ru","country":"ru","chineseCountryName":"俄罗斯","pkg":"com.spaceship.screen.textcopy"},"orders":["com.recognize_text.translate.screen","com.tap_to_translate.snap_translate","com.gaminik.i18n","com.spaceship.screen.textcopy","com.mg.yurao.google","com.niven.game","com.niven.translator","com.niven.comic","com.niven.apptranslate","com.newmg.yurao.pro","com.eecorp.linguago","ru.yandex.translate","screen.translator.voice.translate","com.google.android.apps.translate","com.pidev.screentranslator","com.deepl.mobiletranslator","com.datacomprojects.scanandtranslate","us.zoom.videomeetings","com.microsoft.translator","com.chat_translate.screen_translate"]},{"rank":{"index":2,"lang":"fr","country":"fr","chineseCountryName":"法国","pkg":"com.spaceship.screen.textcopy"},"orders":["com.recognize_text.translate.screen","com.spaceship.screen.textcopy","com.tap_to_translate.snap_translate","com.gaminik.i18n","com.mg.yurao.google","com.niven.game","com.niven.translator","com.niven.comic","com.niven.apptranslate","com.eecorp.linguago","com.newmg.yurao.pro","com.google.android.apps.translate","screen.translator.voice.translate","com.softissimo.reverso.context","com.deepl.mobiletranslator","com.datacomprojects.scanandtranslate","com.microsoft.translator","com.appgroup.app.arcamera","com.zaz.translate","com.youdao.hindict"]},{"rank":{"index":2,"lang":"en-gb","country":"gb","chineseCountryName":"英国","pkg":"com.spaceship.screen.textcopy"},"orders":["com.recognize_text.translate.screen","com.spaceship.screen.textcopy","com.mg.yurao.google","com.tap_to_translate.snap_translate","com.google.android.apps.translate","com.gaminik.i18n","com.niven.game","com.niven.translator","com.niven.comic","com.microsoft.translator","com.niven.apptranslate","com.eecorp.linguago","com.languagetranslator.translatorapp.smartscanner.dictionary.translation.voicetranslator","screen.translator.voice.translate","com.newmg.yurao.pro","at.nk.tools.iTranslate","com.zaz.translate","com.datacomprojects.scanandtranslate","com.youdao.hindict","com.tranit.text.translate"]},{"rank":{"index":2,"lang":"de","country":"de","chineseCountryName":"德国","pkg":"com.spaceship.screen.textcopy"},"orders":["com.recognize_text.translate.screen","com.spaceship.screen.textcopy","com.mg.yurao.google","com.gaminik.i18n","com.niven.game","com.niven.apptranslate","com.niven.translator","com.tap_to_translate.snap_translate","com.niven.comic","com.eecorp.linguago","screen.translator.voice.translate","com.microsoft.translator","com.deepl.mobiletranslator","com.google.android.apps.translate","com.newmg.yurao.pro","at.nk.tools.iTranslate","com.translate.talkingtranslator","ru.yandex.translate","com.languagetranslator.translatorapp.smartscanner.dictionary.translation.voicetranslator","us.zoom.videomeetings"]},{"rank":{"index":2,"lang":"it","country":"it","chineseCountryName":"意大利","pkg":"com.spaceship.screen.textcopy"},"orders":["com.recognize_text.translate.screen","com.spaceship.screen.textcopy","com.niven.game","com.gaminik.i18n","com.niven.translator","com.mg.yurao.google","com.tap_to_translate.snap_translate","com.niven.comic","com.niven.apptranslate","com.eecorp.linguago","com.google.android.apps.translate","com.microsoft.translator","screen.translator.voice.translate","com.newmg.yurao.pro","at.nk.tools.iTranslate","com.languagetranslator.translatorapp.smartscanner.dictionary.translation.voicetranslator","com.deepl.mobiletranslator","com.tangdi.baiguotong","com.kursx.smartbook","com.zaz.translate"]},{"rank":{"index":3,"lang":"ja","country":"jp","chineseCountryName":"日本","pkg":"com.spaceship.screen.textcopy"},"orders":["com.recognize_text.translate.screen","com.mg.yurao.google","com.spaceship.screen.textcopy","com.tap_to_translate.snap_translate","com.gaminik.i18n","com.niven.game","com.niven.translator","com.niven.comic","com.niven.apptranslate","com.eecorp.linguago","com.newmg.yurao.pro","screen.translator.voice.translate","com.google.android.apps.translate","us.zoom.videomeetings","com.naver.labs.translator","com.deepl.mobiletranslator","com.translator.translation.screen.translate.voice.languages.text.translating","com.microsoft.translator","camera.translator.realtime","com.chat_translate.screen_translate"]},{"rank":{"index":3,"lang":"ko","country":"kr","chineseCountryName":"韩国","pkg":"com.spaceship.screen.textcopy"},"orders":["com.recognize_text.translate.screen","com.mg.yurao.google","com.spaceship.screen.textcopy","com.tap_to_translate.snap_translate","com.gaminik.i18n","com.niven.game","com.niven.translator","com.niven.comic","com.niven.apptranslate","com.eecorp.linguago","com.newmg.yurao.pro","com.naver.labs.translator","com.google.android.apps.translate","screen.translator.voice.translate","us.zoom.videomeetings","com.microsoft.translator","com.deepl.mobiletranslator","com.google.ar.lens","com.zaz.translate","ru.yandex.translate"]},{"rank":{"index":4,"lang":"zh-hk","country":"hk","chineseCountryName":"香港","pkg":"com.spaceship.screen.textcopy"},"orders":["com.recognize_text.translate.screen","com.mg.yurao.google","com.tap_to_translate.snap_translate","com.spaceship.screen.textcopy","com.gaminik.i18n","com.niven.game","com.niven.translator","com.niven.comic","com.niven.apptranslate","com.google.android.apps.translate","com.eecorp.linguago","com.newmg.yurao.pro","at.nk.tools.iTranslate","com.zaz.translate","screen.translator.voice.translate","com.microsoft.translator","com.datacomprojects.scanandtranslate","com.tangdi.baiguotong","camera.translator.realtime","com.mg.subtitle.google"]},{"rank":{"index":6,"lang":"zh-tw","country":"tw","chineseCountryName":"台湾","pkg":"com.spaceship.screen.textcopy"},"orders":["com.recognize_text.translate.screen","com.mg.yurao.google","com.tap_to_translate.snap_translate","com.gaminik.i18n","com.niven.game","com.spaceship.screen.textcopy","com.niven.translator","com.niven.comic","com.google.android.apps.translate","com.niven.apptranslate","com.newmg.yurao.pro","com.eecorp.linguago","com.mg.subtitle.google","com.zaz.translate","com.languagetranslator.translatorapp.smartscanner.dictionary.translation.voicetranslator","at.nk.tools.iTranslate","screen.translator.voice.translate","com.voice_camera_free_translate","com.tangdi.baiguotong","com.microsoft.translator"]},{"rank":{"index":2,"lang":"en","country":"in","chineseCountryName":"印度","pkg":"com.spaceship.screen.textcopy"},"orders":["com.recognize_text.translate.screen","com.spaceship.screen.textcopy","com.google.android.apps.translate","com.newmg.yurao.pro","com.niven.game","com.gaminik.i18n","com.mg.yurao.google"]},{"rank":{"index":2,"lang":"id","country":"id","chineseCountryName":"印尼","pkg":"com.spaceship.screen.textcopy"},"orders":["com.recognize_text.translate.screen","com.spaceship.screen.textcopy","com.tap_to_translate.snap_translate","com.gaminik.i18n","com.mg.yurao.google","com.niven.game","com.niven.translator","com.niven.comic","com.niven.apptranslate","com.newmg.yurao.pro","com.eecorp.linguago","com.google.android.apps.translate","com.android.chrome","us.zoom.videomeetings","com.youdao.hindict","com.naver.labs.translator","screen.translator.voice.translate","com.deepl.mobiletranslator","com.yandex.browser","org.thunderdog.challegram"]},{"rank":{"index":2,"lang":"es-mx","country":"mx","chineseCountryName":"墨西哥","pkg":"com.spaceship.screen.textcopy"},"orders":["com.recognize_text.translate.screen","com.spaceship.screen.textcopy","com.tap_to_translate.snap_translate","com.niven.game","com.gaminik.i18n","com.niven.translator","com.niven.comic","com.google.android.apps.translate","com.youdao.hindict","com.microsoft.translator","com.niven.apptranslate","at.nk.tools.iTranslate","com.zaz.translate","com.deepl.mobiletranslator","ru.yandex.translate","com.talpa.translate","com.datacomprojects.scanandtranslate","com.eecorp.linguago","com.naver.labs.translator","com.mg.yurao.google"]}]