[{"rank":{"index":2,"lang":"en-us","country":"us","chineseCountryName":"美国","pkg":"com.spaceship.screen.textcopy"},"orders":["com.recognize_text.translate.screen","com.spaceship.screen.textcopy","com.niven.translator","com.google.android.apps.translate","com.tap_to_translate.snap_translate","com.screen.translate.google","com.gaminik.i18n","com.deepl.mobiletranslator","com.microsoft.translator","com.newmg.yurao.pro","com.immersivetranslate.browser","com.niven.game","com.fapp.translate.language.translator.fasttranslation","com.naver.labs.translator","at.nk.tools.iTranslate","link.zhidou.btranslator","com.zaz.translate","photo.translate.camera.translator","ru.yandex.translate","com.niven.apptranslate"]},{"rank":{"index":5,"lang":"ru","country":"ru","chineseCountryName":"俄罗斯","pkg":"com.spaceship.screen.textcopy"},"orders":["com.recognize_text.translate.screen","com.niven.translator","com.tap_to_translate.snap_translate","com.gaminik.i18n","com.spaceship.screen.textcopy","com.screen.translate.google","com.newmg.yurao.pro","ru.yandex.translate","com.google.android.apps.translate","com.niven.game","com.deepl.mobiletranslator","com.niven.apptranslate","live.screentranslate.realtime","photo.translate.camera.translator"]},{"rank":{"index":2,"lang":"pt-br","country":"br","chineseCountryName":"巴西","pkg":"com.spaceship.screen.textcopy"},"orders":["com.recognize_text.translate.screen","com.spaceship.screen.textcopy","com.tap_to_translate.snap_translate","com.gaminik.i18n","com.newmg.yurao.pro","com.google.android.apps.translate","com.zaz.translate","com.deepl.mobiletranslator","com.microsoft.translator","ru.yandex.translate","at.nk.tools.iTranslate","com.naver.labs.translator","com.immersivetranslate.browser","photo.translate.camera.translator","link.zhidou.btranslator","com.voice_camera_free_translate","com.niven.translator","com.screen.translate.google","com.fapp.translate.language.translator.fasttranslation","com.niven.game"]},{"rank":{"index":2,"lang":"fr","country":"fr","chineseCountryName":"法国","pkg":"com.spaceship.screen.textcopy"},"orders":["com.recognize_text.translate.screen","com.spaceship.screen.textcopy","com.tap_to_translate.snap_translate","com.niven.translator","com.screen.translate.google","com.gaminik.i18n","com.newmg.yurao.pro","com.google.android.apps.translate","com.fapp.translate.language.translator.fasttranslation","com.immersivetranslate.browser","com.niven.game","com.deepl.mobiletranslator","com.voice_camera_free_translate","com.microsoft.translator","com.niven.apptranslate","com.zaz.translate","photo.translate.camera.translator","live.screentranslate.realtime","ru.yandex.translate","com.eecorp.linguago"]},{"rank":{"index":2,"lang":"en-gb","country":"gb","chineseCountryName":"英国","pkg":"com.spaceship.screen.textcopy"},"orders":["com.recognize_text.translate.screen","com.spaceship.screen.textcopy","com.niven.translator","com.google.android.apps.translate","com.screen.translate.google","com.gaminik.i18n","com.tap_to_translate.snap_translate","com.newmg.yurao.pro","com.microsoft.translator","com.fapp.translate.language.translator.fasttranslation","com.zaz.translate","com.deepl.mobiletranslator","com.immersivetranslate.browser","com.niven.game","com.naver.labs.translator","ru.yandex.translate","at.nk.tools.iTranslate","photo.translate.camera.translator","link.zhidou.btranslator","com.niven.apptranslate"]},{"rank":{"index":2,"lang":"de","country":"de","chineseCountryName":"德国","pkg":"com.spaceship.screen.textcopy"},"orders":["com.recognize_text.translate.screen","com.spaceship.screen.textcopy","com.tap_to_translate.snap_translate","com.niven.translator","com.screen.translate.google","com.gaminik.i18n","com.newmg.yurao.pro","com.google.android.apps.translate","com.fapp.translate.language.translator.fasttranslation","com.immersivetranslate.browser","com.deepl.mobiletranslator","com.niven.game","com.microsoft.translator","com.niven.apptranslate","com.zaz.translate","com.eecorp.linguago","ru.yandex.translate","com.voice_camera_free_translate","live.screentranslate.realtime","photo.translate.camera.translator"]},{"rank":{"index":2,"lang":"it","country":"it","chineseCountryName":"意大利","pkg":"com.spaceship.screen.textcopy"},"orders":["com.recognize_text.translate.screen","com.spaceship.screen.textcopy","com.tap_to_translate.snap_translate","com.screen.translate.google","com.niven.translator","com.gaminik.i18n","com.newmg.yurao.pro","com.fapp.translate.language.translator.fasttranslation","com.google.android.apps.translate","com.immersivetranslate.browser","com.niven.game","com.deepl.mobiletranslator","com.zaz.translate","com.niven.apptranslate","com.microsoft.translator","com.voice_camera_free_translate","com.eecorp.linguago","photo.translate.camera.translator","link.zhidou.btranslator","ru.yandex.translate"]},{"rank":{"index":2,"lang":"ja","country":"jp","chineseCountryName":"日本","pkg":"com.spaceship.screen.textcopy"},"orders":["com.recognize_text.translate.screen","com.spaceship.screen.textcopy","com.tap_to_translate.snap_translate","com.gaminik.i18n","com.newmg.yurao.pro","com.google.android.apps.translate","com.zaz.translate","com.deepl.mobiletranslator","com.naver.labs.translator","com.microsoft.translator","at.nk.tools.iTranslate"]},{"rank":{"index":2,"lang":"ko","country":"kr","chineseCountryName":"韩国","pkg":"com.spaceship.screen.textcopy"},"orders":["com.recognize_text.translate.screen","com.spaceship.screen.textcopy","com.tap_to_translate.snap_translate","com.niven.translator","com.gaminik.i18n","com.screen.translate.google","com.newmg.yurao.pro","com.fapp.translate.language.translator.fasttranslation","com.google.android.apps.translate","com.naver.labs.translator","com.immersivetranslate.browser","com.niven.game","com.niven.apptranslate","com.voice_camera_free_translate","com.microsoft.translator","com.zaz.translate","com.deepl.mobiletranslator","photo.translate.camera.translator","live.screentranslate.realtime","com.eecorp.linguago"]},{"rank":{"index":2,"lang":"zh-hk","country":"hk","chineseCountryName":"香港","pkg":"com.spaceship.screen.textcopy"},"orders":["com.recognize_text.translate.screen","com.spaceship.screen.textcopy","com.screen.translate.google","com.niven.translator","com.tap_to_translate.snap_translate","com.gaminik.i18n","com.google.android.apps.translate","com.newmg.yurao.pro","com.fapp.translate.language.translator.fasttranslation","com.niven.game","com.immersivetranslate.browser","com.microsoft.translator","com.zaz.translate","com.deepl.mobiletranslator","com.voice_camera_free_translate","com.niven.apptranslate","com.naver.labs.translator","ru.yandex.translate","photo.translate.camera.translator","at.nk.tools.iTranslate"]},{"rank":{"index":2,"lang":"zh-tw","country":"tw","chineseCountryName":"台湾","pkg":"com.spaceship.screen.textcopy"},"orders":["com.recognize_text.translate.screen","com.spaceship.screen.textcopy","com.gaminik.i18n","com.niven.translator","com.screen.translate.google","com.tap_to_translate.snap_translate","com.newmg.yurao.pro","com.fapp.translate.language.translator.fasttranslation","com.google.android.apps.translate","com.immersivetranslate.browser","com.microsoft.translator","com.niven.apptranslate","com.zaz.translate","com.deepl.mobiletranslator","com.naver.labs.translator","com.niven.game","photo.translate.camera.translator","com.openai.chatgpt","live.screentranslate.realtime","com.google.ar.lens"]},{"rank":{"index":2,"lang":"en","country":"in","chineseCountryName":"印度","pkg":"com.spaceship.screen.textcopy"},"orders":["com.recognize_text.translate.screen","com.spaceship.screen.textcopy","com.google.android.apps.translate","com.zaz.translate","com.newmg.yurao.pro"]},{"rank":{"index":2,"lang":"id","country":"id","chineseCountryName":"印尼","pkg":"com.spaceship.screen.textcopy"},"orders":["com.recognize_text.translate.screen","com.spaceship.screen.textcopy","com.tap_to_translate.snap_translate","com.niven.translator","com.screen.translate.google","com.gaminik.i18n","com.newmg.yurao.pro","com.fapp.translate.language.translator.fasttranslation","com.google.android.apps.translate","com.niven.game","com.deepl.mobiletranslator","com.niven.apptranslate","com.zaz.translate"]},{"rank":{"index":2,"lang":"es-mx","country":"mx","chineseCountryName":"墨西哥","pkg":"com.spaceship.screen.textcopy"},"orders":["com.recognize_text.translate.screen","com.spaceship.screen.textcopy","com.tap_to_translate.snap_translate","com.gaminik.i18n","com.newmg.yurao.pro","com.google.android.apps.translate","com.zaz.translate","com.deepl.mobiletranslator","com.microsoft.translator","ru.yandex.translate","at.nk.tools.iTranslate","com.datacomprojects.scanandtranslate","com.softissimo.reverso.context","com.naver.labs.translator","com.immersivetranslate.browser","photo.translate.camera.translator","com.voice_camera_free_translate","link.zhidou.btranslator","com.aldoo.pdftranslatorpro","com.niven.translator"]}]