[{"rank":{"index":2,"lang":"en-us","country":"us","chineseCountryName":"美国","pkg":"com.spaceship.screen.textcopy"},"orders":["com.recognize_text.translate.screen","com.spaceship.screen.textcopy","com.tap_to_translate.snap_translate","com.google.android.apps.translate","com.screen.translate.google","com.microsoft.translator","com.newmg.yurao.pro","com.niven.translator","com.gaminik.i18n","com.deepl.mobiletranslator","com.zaz.translate","com.immersivetranslate.browser","com.google.ar.lens","com.naver.labs.translator","com.niven.game","at.nk.tools.iTranslate","ru.yandex.translate","com.translate.talkingtranslator","com.youdao.hindict","com.niven.apptranslate"]},{"rank":{"index":0,"lang":"ru","country":"ru","chineseCountryName":"俄罗斯","pkg":"com.spaceship.screen.textcopy"},"orders":["com.recognize_text.translate.screen","com.niven.translator","com.newmg.yurao.pro","com.tap_to_translate.snap_translate","com.gaminik.i18n","ru.yandex.translate","com.screen.translate.google","com.deepl.mobiletranslator","com.microsoft.translator","com.niven.game","com.google.android.apps.translate","com.immersivetranslate.browser","com.niven.apptranslate","at.nk.tools.iTranslate","com.google.ar.lens","com.mg.chat","com.translate.talkingtranslator","com.zaz.translate","com.whatsapp","com.kursx.smartbook"]},{"rank":{"index":2,"lang":"pt-br","country":"br","chineseCountryName":"巴西","pkg":"com.spaceship.screen.textcopy"},"orders":["com.recognize_text.translate.screen","com.spaceship.screen.textcopy","com.tap_to_translate.snap_translate","com.newmg.yurao.pro","com.gaminik.i18n","com.microsoft.translator","com.google.android.apps.translate","com.deepl.mobiletranslator","at.nk.tools.iTranslate","ru.yandex.translate","com.zaz.translate","com.naver.labs.translator","com.translate.talkingtranslator","com.google.ar.lens","com.softissimo.reverso.context","com.niven.translator","com.screen.translate.google","com.niven.game","com.niven.apptranslate","com.newtranslate.google"]},{"rank":{"index":2,"lang":"fr","country":"fr","chineseCountryName":"法国","pkg":"com.spaceship.screen.textcopy"},"orders":["com.recognize_text.translate.screen","com.spaceship.screen.textcopy","com.tap_to_translate.snap_translate","com.google.android.apps.translate","com.deepl.mobiletranslator","com.microsoft.translator","com.screen.translate.google","com.niven.translator","com.newmg.yurao.pro","com.gaminik.i18n","ru.yandex.translate","com.zaz.translate","com.immersivetranslate.browser","com.niven.game","at.nk.tools.iTranslate","com.datacomprojects.scanandtranslate","com.softissimo.reverso.context","photo.translate.camera.translator","com.siv","com.niven.apptranslate"]},{"rank":{"index":3,"lang":"en-gb","country":"gb","chineseCountryName":"英国","pkg":"com.spaceship.screen.textcopy"},"orders":["com.recognize_text.translate.screen","com.google.android.apps.translate","com.spaceship.screen.textcopy","com.deepl.mobiletranslator","com.microsoft.translator","com.youdao.hindict","com.screen.translate.google","com.zaz.translate","com.newmg.yurao.pro","com.niven.translator","ru.yandex.translate","com.naver.labs.translator","com.gaminik.i18n","at.nk.tools.iTranslate","com.tap_to_translate.snap_translate","com.translate.talkingtranslator","com.immersivetranslate.browser","com.siv","com.tangdi.baiguotong","com.softissimo.reverso.context"]},{"rank":{"index":2,"lang":"de","country":"de","chineseCountryName":"德国","pkg":"com.spaceship.screen.textcopy"},"orders":["com.recognize_text.translate.screen","com.spaceship.screen.textcopy","com.newmg.yurao.pro","com.google.android.apps.translate","com.deepl.mobiletranslator","com.screen.translate.google","com.microsoft.translator","com.niven.translator","com.gaminik.i18n"]},{"rank":{"index":2,"lang":"it","country":"it","chineseCountryName":"意大利","pkg":"com.spaceship.screen.textcopy"},"orders":["com.recognize_text.translate.screen","com.spaceship.screen.textcopy","com.tap_to_translate.snap_translate","com.google.android.apps.translate","com.screen.translate.google","com.deepl.mobiletranslator","com.microsoft.translator","com.newmg.yurao.pro"]},{"rank":{"index":2,"lang":"ja","country":"jp","chineseCountryName":"日本","pkg":"com.spaceship.screen.textcopy"},"orders":["com.recognize_text.translate.screen","com.spaceship.screen.textcopy","com.tap_to_translate.snap_translate","com.newmg.yurao.pro","com.gaminik.i18n","com.niven.translator","com.screen.translate.google","com.deepl.mobiletranslator","com.google.android.apps.translate","com.microsoft.translator","com.google.ar.lens","com.naver.labs.translator","com.immersivetranslate.browser","com.niven.apptranslate","com.openai.chatgpt","com.facebook.katana","com.facebook.orca","com.instagram.android","com.android.chrome","com.google.android.apps.maps"]},{"rank":{"index":2,"lang":"ko","country":"kr","chineseCountryName":"韩国","pkg":"com.spaceship.screen.textcopy"},"orders":["com.recognize_text.translate.screen","com.spaceship.screen.textcopy","com.tap_to_translate.snap_translate","com.google.android.apps.translate","com.niven.translator","com.newmg.yurao.pro","com.screen.translate.google","com.gaminik.i18n","com.naver.labs.translator","com.deepl.mobiletranslator","com.microsoft.translator","com.immersivetranslate.browser"]},{"rank":{"index":2,"lang":"zh-hk","country":"hk","chineseCountryName":"香港","pkg":"com.spaceship.screen.textcopy"},"orders":["com.recognize_text.translate.screen","com.spaceship.screen.textcopy","com.tap_to_translate.snap_translate","com.newmg.yurao.pro","com.screen.translate.google","com.niven.translator","com.gaminik.i18n","com.microsoft.translator","com.google.android.apps.translate","com.immersivetranslate.browser","com.deepl.mobiletranslator","com.tangdi.baiguotong","com.niven.apptranslate","com.google.ar.lens","com.naver.labs.translator","com.niven.game","com.android.chrome","com.google.android.apps.maps","com.facebook.orca","com.instagram.android"]},{"rank":{"index":2,"lang":"zh-tw","country":"tw","chineseCountryName":"台湾","pkg":"com.spaceship.screen.textcopy"},"orders":["com.recognize_text.translate.screen","com.spaceship.screen.textcopy","com.newmg.yurao.pro","com.google.android.apps.translate","com.screen.translate.google","com.niven.translator","com.microsoft.translator","com.gaminik.i18n","com.deepl.mobiletranslator","com.tap_to_translate.snap_translate","com.naver.labs.translator","com.immersivetranslate.browser","com.niven.game","com.zaz.translate","at.nk.tools.iTranslate","com.tangdi.baiguotong","ru.yandex.translate","com.niven.apptranslate","com.translate.talkingtranslator","com.datacomprojects.scanandtranslate"]},{"rank":{"index":3,"lang":"en","country":"in","chineseCountryName":"印度","pkg":"com.spaceship.screen.textcopy"},"orders":["com.recognize_text.translate.screen","com.google.android.apps.translate","com.spaceship.screen.textcopy","com.newmg.yurao.pro","com.zaz.translate"]},{"rank":{"index":3,"lang":"id","country":"id","chineseCountryName":"印尼","pkg":"com.spaceship.screen.textcopy"},"orders":["com.recognize_text.translate.screen","com.tap_to_translate.snap_translate","com.spaceship.screen.textcopy","com.niven.translator","com.newmg.yurao.pro","com.gaminik.i18n","com.screen.translate.google","com.niven.game","com.google.android.apps.translate","com.deepl.mobiletranslator","com.niven.apptranslate","com.microsoft.translator","com.youdao.hindict","com.immersivetranslate.browser","com.naver.labs.translator"]},{"rank":{"index":3,"lang":"es-mx","country":"mx","chineseCountryName":"墨西哥","pkg":"com.spaceship.screen.textcopy"},"orders":["com.recognize_text.translate.screen","com.google.android.apps.translate","com.spaceship.screen.textcopy","com.newmg.yurao.pro","com.deepl.mobiletranslator","com.microsoft.translator"]}]