[{"rank":{"index":2,"lang":"en-us","country":"us","chineseCountryName":"美国","pkg":"com.spaceship.screen.textcopy"},"orders":["com.recognize_text.translate.screen","com.spaceship.screen.textcopy","com.gaminik.i18n","com.microsoft.translator","com.google.android.apps.translate","com.tap_to_translate.snap_translate","screen.translator.voice.translate","com.niven.translator","com.eecorp.linguago","com.niven.game","com.eecorp.taptranslator","at.nk.tools.iTranslate","com.niven.comic","com.translate.talkingtranslator","com.newmg.yurao.pro","com.niven.apptranslate","xbean.image.picture.translate.ocr","com.naver.labs.translator","com.chat_translate.screen_translate","com.zaz.translate"]},{"rank":{"index":2,"lang":"ru","country":"ru","chineseCountryName":"俄罗斯","pkg":"com.spaceship.screen.textcopy"},"orders":["com.recognize_text.translate.screen","com.spaceship.screen.textcopy","com.tap_to_translate.snap_translate","com.gaminik.i18n","com.niven.translator","com.microsoft.translator","com.google.android.apps.translate","com.niven.game","com.niven.comic","ru.yandex.translate","com.eecorp.linguago","com.niven.apptranslate","com.newmg.yurao.pro","screen.translator.voice.translate","at.nk.tools.iTranslate","com.translate.talkingtranslator","xbean.image.picture.translate.ocr","com.deepl.mobiletranslator","com.traductorweb","com.zaz.translate"]},{"rank":{"index":2,"lang":"pt-br","country":"br","chineseCountryName":"巴西","pkg":"com.spaceship.screen.textcopy"},"orders":["com.recognize_text.translate.screen","com.spaceship.screen.textcopy","com.tap_to_translate.snap_translate","com.gaminik.i18n","com.niven.translator","com.niven.game","com.eecorp.linguago","com.niven.comic","com.newmg.yurao.pro","com.niven.apptranslate","screen.translator.voice.translate","com.microsoft.translator","at.nk.tools.iTranslate","com.chat_translate.screen_translate","com.mg.chat","com.google.android.apps.translate","com.youdao.hindict","com.translate.talkingtranslator","com.ydzlabs.chattranslator","com.zaz.translate"]},{"rank":{"index":2,"lang":"fr","country":"fr","chineseCountryName":"法国","pkg":"com.spaceship.screen.textcopy"},"orders":["com.recognize_text.translate.screen","com.spaceship.screen.textcopy","com.tap_to_translate.snap_translate","com.gaminik.i18n","com.niven.translator","com.microsoft.translator","com.newmg.yurao.pro","com.niven.game","screen.translator.voice.translate","com.eecorp.taptranslator","at.nk.tools.iTranslate","com.niven.apptranslate","com.google.android.apps.translate","com.eecorp.linguago","us.zoom.videomeetings","com.discord","com.translate.talkingtranslator","com.android.chrome","com.microsoft.office.outlook","com.skype.raider"]},{"rank":{"index":2,"lang":"en-gb","country":"gb","chineseCountryName":"英国","pkg":"com.spaceship.screen.textcopy"},"orders":["com.recognize_text.translate.screen","com.spaceship.screen.textcopy","com.google.android.apps.translate","com.microsoft.translator","com.gaminik.i18n","com.tap_to_translate.snap_translate","com.niven.translator","com.niven.game","screen.translator.voice.translate","com.niven.comic","at.nk.tools.iTranslate","com.eecorp.linguago","com.newmg.yurao.pro","com.eecorp.taptranslator","com.zaz.translate","com.translate.talkingtranslator","com.niven.apptranslate","ru.yandex.translate","com.youdao.hindict","com.simyasolutions.translate"]},{"rank":{"index":2,"lang":"de","country":"de","chineseCountryName":"德国","pkg":"com.spaceship.screen.textcopy"},"orders":["com.recognize_text.translate.screen","com.spaceship.screen.textcopy","com.gaminik.i18n","com.eecorp.linguago","com.niven.translator","com.microsoft.translator","com.niven.game","com.tap_to_translate.snap_translate","screen.translator.voice.translate","com.newmg.yurao.pro","at.nk.tools.iTranslate","com.chat_translate.screen_translate","com.google.android.apps.translate","com.translate.talkingtranslator","com.niven.comic","com.deepl.mobiletranslator","com.niven.apptranslate","com.discord","com.android.chrome","us.zoom.videomeetings"]},{"rank":{"index":2,"lang":"it","country":"it","chineseCountryName":"意大利","pkg":"com.spaceship.screen.textcopy"},"orders":["com.recognize_text.translate.screen","com.spaceship.screen.textcopy","screen.translator.voice.translate","com.gaminik.i18n","com.niven.translator","com.eecorp.linguago","com.niven.game","com.tap_to_translate.snap_translate","com.eecorp.taptranslator","com.microsoft.translator","at.nk.tools.iTranslate","com.google.android.apps.translate","com.niven.comic","com.chat_translate.screen_translate","com.newmg.yurao.pro","com.translate.talkingtranslator","com.niven.apptranslate","com.zaz.translate","com.discord","us.zoom.videomeetings"]},{"rank":{"index":2,"lang":"ja","country":"jp","chineseCountryName":"日本","pkg":"com.spaceship.screen.textcopy"},"orders":["com.recognize_text.translate.screen","com.spaceship.screen.textcopy","com.gaminik.i18n","com.eecorp.taptranslator","com.eecorp.linguago","com.tap_to_translate.snap_translate","screen.translator.voice.translate","com.niven.translator","com.newmg.yurao.pro","com.google.android.apps.translate","com.chat_translate.screen_translate","com.niven.game","com.naver.labs.translator","com.android.chrome","com.niven.apptranslate","com.discord","us.zoom.videomeetings","com.google.android.apps.maps","com.microsoft.translator","com.duolingo"]},{"rank":{"index":2,"lang":"ko","country":"kr","chineseCountryName":"韩国","pkg":"com.spaceship.screen.textcopy"},"orders":["com.recognize_text.translate.screen","com.spaceship.screen.textcopy","com.tap_to_translate.snap_translate","com.gaminik.i18n","com.microsoft.translator","com.google.android.apps.translate","com.niven.translator","com.naver.labs.translator","com.niven.game","com.newmg.yurao.pro","com.niven.comic","com.eecorp.linguago","com.niven.apptranslate","com.eecorp.taptranslator","at.nk.tools.iTranslate","screen.translator.voice.translate","xbean.image.picture.translate.ocr","com.translate.talkingtranslator","com.chat_translate.screen_translate","com.zaz.translate"]},{"rank":{"index":2,"lang":"zh-hk","country":"hk","chineseCountryName":"香港","pkg":"com.spaceship.screen.textcopy"},"orders":["com.recognize_text.translate.screen","com.spaceship.screen.textcopy","com.microsoft.translator","com.gaminik.i18n","com.google.android.apps.translate","com.tap_to_translate.snap_translate","com.niven.translator","com.niven.game","com.niven.comic","com.newmg.yurao.pro","com.eecorp.linguago","com.eecorp.taptranslator","at.nk.tools.iTranslate","xbean.image.picture.translate.ocr","com.niven.apptranslate","screen.translator.voice.translate","com.translate.talkingtranslator","com.naver.labs.translator","com.mg.chat","com.zaz.translate"]},{"rank":{"index":3,"lang":"zh-tw","country":"tw","chineseCountryName":"台湾","pkg":"com.spaceship.screen.textcopy"},"orders":["com.recognize_text.translate.screen","com.tap_to_translate.snap_translate","com.spaceship.screen.textcopy","com.microsoft.translator","com.google.android.apps.translate","com.gaminik.i18n","com.niven.translator","com.niven.game","com.niven.comic","at.nk.tools.iTranslate","com.newmg.yurao.pro","com.eecorp.linguago","com.naver.labs.translator","com.niven.apptranslate","com.translate.talkingtranslator","com.eecorp.taptranslator","screen.translator.voice.translate","xbean.image.picture.translate.ocr","com.zaz.translate","com.mg.chat"]},{"rank":{"index":2,"lang":"en","country":"in","chineseCountryName":"印度","pkg":"com.spaceship.screen.textcopy"},"orders":["com.recognize_text.translate.screen","com.spaceship.screen.textcopy","screen.translator.voice.translate","com.google.android.apps.translate","com.eecorp.linguago","com.microsoft.translator","com.zaz.translate","com.tap_to_translate.snap_translate","com.niven.translator","com.niven.game","com.niven.comic","com.newmg.yurao.pro","com.chat_translate.screen_translate","at.nk.tools.iTranslate","com.niven.apptranslate","com.translate.talkingtranslator","com.mobisystems.msdict.embedded.wireless.collins.ee","com.android.chrome","com.google.android.apps.docs","com.gaminik.i18n"]},{"rank":{"index":1,"lang":"id","country":"id","chineseCountryName":"印尼","pkg":"com.spaceship.screen.textcopy"},"orders":["com.spaceship.screen.textcopy","com.recognize_text.translate.screen","com.gaminik.i18n","com.eecorp.linguago","com.tap_to_translate.snap_translate","com.niven.translator","com.niven.game","com.google.android.apps.translate","screen.translator.voice.translate","com.android.chrome"]},{"rank":{"index":2,"lang":"es-mx","country":"mx","chineseCountryName":"墨西哥","pkg":"com.spaceship.screen.textcopy"},"orders":["com.recognize_text.translate.screen","com.spaceship.screen.textcopy","com.gaminik.i18n","com.tap_to_translate.snap_translate","com.niven.translator","com.niven.game","com.eecorp.linguago","com.newmg.yurao.pro","com.microsoft.translator","com.google.android.apps.translate","at.nk.tools.iTranslate","us.zoom.videomeetings","com.android.chrome","com.discord","com.google.android.apps.maps","com.niven.apptranslate","com.google.android.apps.docs","com.microsoft.office.outlook","com.skype.raider","com.intsig.camscanner"]}]