[{"rank":{"index":2,"lang":"en-us","country":"us","chineseCountryName":"美国","pkg":"com.spaceship.screen.textcopy"},"orders":["com.recognize_text.translate.screen","com.spaceship.screen.textcopy","com.google.android.apps.translate","com.tap_to_translate.snap_translate","com.newmg.yurao.pro","com.niven.translator","com.microsoft.translator","com.gaminik.i18n","com.zaz.translate","com.naver.labs.translator","com.immersivetranslate.browser","com.niven.game","com.deepl.mobiletranslator","at.nk.tools.iTranslate"]},{"rank":{"index":0,"lang":"ru","country":"ru","chineseCountryName":"俄罗斯","pkg":"com.spaceship.screen.textcopy"},"orders":["com.recognize_text.translate.screen","com.niven.translator","com.tap_to_translate.snap_translate","com.newmg.yurao.pro","com.google.android.apps.translate","com.gaminik.i18n","com.microsoft.translator","com.niven.game","ru.yandex.translate","com.deepl.mobiletranslator","com.zaz.translate","com.immersivetranslate.browser","com.niven.apptranslate","com.screen.translate.google","at.nk.tools.iTranslate","com.naver.labs.translator","com.voice_camera_free_translate","com.translate.all.language.photo.screen","com.mg.chat","com.eecorp.linguago"]},{"rank":{"index":2,"lang":"pt-br","country":"br","chineseCountryName":"巴西","pkg":"com.spaceship.screen.textcopy"},"orders":["com.recognize_text.translate.screen","com.spaceship.screen.textcopy","com.tap_to_translate.snap_translate","com.niven.translator","com.google.android.apps.translate","com.gaminik.i18n","com.newmg.yurao.pro","com.microsoft.translator","com.niven.game","com.immersivetranslate.browser","com.niven.apptranslate","com.deepl.mobiletranslator","at.nk.tools.iTranslate","com.zaz.translate","com.screen.translate.google","com.voice_camera_free_translate","com.naver.labs.translator","com.translate.all.language.photo.screen","com.eecorp.linguago","com.google.ar.lens"]},{"rank":{"index":2,"lang":"fr","country":"fr","chineseCountryName":"法国","pkg":"com.spaceship.screen.textcopy"},"orders":["com.recognize_text.translate.screen","com.spaceship.screen.textcopy","com.tap_to_translate.snap_translate","com.niven.translator","com.newmg.yurao.pro","com.google.android.apps.translate","com.gaminik.i18n","com.microsoft.translator","com.immersivetranslate.browser","com.zaz.translate","com.niven.game","com.niven.apptranslate","com.screen.translate.google","com.deepl.mobiletranslator","ru.yandex.translate","at.nk.tools.iTranslate","com.eecorp.linguago","com.naver.labs.translator","com.translate.all.language.photo.screen","com.mg.chat"]},{"rank":{"index":2,"lang":"en-gb","country":"gb","chineseCountryName":"英国","pkg":"com.spaceship.screen.textcopy"},"orders":["com.recognize_text.translate.screen","com.spaceship.screen.textcopy","com.tap_to_translate.snap_translate","com.google.android.apps.translate","com.niven.translator","com.newmg.yurao.pro","com.microsoft.translator","com.gaminik.i18n","com.zaz.translate","com.immersivetranslate.browser","com.deepl.mobiletranslator","at.nk.tools.iTranslate","com.niven.game","ru.yandex.translate","com.voice_camera_free_translate","com.niven.apptranslate","com.naver.labs.translator","com.screen.translate.google","com.translate.all.language.photo.screen","com.fapp.translate.language.translator.fasttranslation"]},{"rank":{"index":2,"lang":"de","country":"de","chineseCountryName":"德国","pkg":"com.spaceship.screen.textcopy"},"orders":["com.recognize_text.translate.screen","com.spaceship.screen.textcopy","com.tap_to_translate.snap_translate","com.newmg.yurao.pro","com.niven.translator","com.gaminik.i18n","com.google.android.apps.translate","com.microsoft.translator","com.immersivetranslate.browser","com.niven.game","com.deepl.mobiletranslator"]},{"rank":{"index":2,"lang":"it","country":"it","chineseCountryName":"意大利","pkg":"com.spaceship.screen.textcopy"},"orders":["com.recognize_text.translate.screen","com.spaceship.screen.textcopy","com.tap_to_translate.snap_translate","com.newmg.yurao.pro","com.niven.translator","com.gaminik.i18n","com.google.android.apps.translate","com.microsoft.translator","com.immersivetranslate.browser","com.niven.game","com.zaz.translate"]},{"rank":{"index":2,"lang":"ja","country":"jp","chineseCountryName":"日本","pkg":"com.spaceship.screen.textcopy"},"orders":["com.recognize_text.translate.screen","com.spaceship.screen.textcopy","com.tap_to_translate.snap_translate","com.newmg.yurao.pro","com.niven.translator","com.gaminik.i18n","com.google.android.apps.translate","com.immersivetranslate.browser","com.microsoft.translator","com.naver.labs.translator","com.deepl.mobiletranslator","com.niven.game","com.google.ar.lens","com.niven.apptranslate"]},{"rank":{"index":3,"lang":"ko","country":"kr","chineseCountryName":"韩国","pkg":"com.spaceship.screen.textcopy"},"orders":["com.recognize_text.translate.screen","com.tap_to_translate.snap_translate","com.spaceship.screen.textcopy","com.newmg.yurao.pro","com.niven.translator","com.gaminik.i18n","com.immersivetranslate.browser","com.google.android.apps.translate","com.microsoft.translator","com.naver.labs.translator","com.niven.game","com.screen.translate.google","com.niven.apptranslate","com.zaz.translate","com.translate.all.language.photo.screen","com.eecorp.linguago","com.deepl.mobiletranslator","at.nk.tools.iTranslate","com.mg.chat","com.openai.chatgpt"]},{"rank":{"index":2,"lang":"zh-hk","country":"hk","chineseCountryName":"香港","pkg":"com.spaceship.screen.textcopy"},"orders":["com.recognize_text.translate.screen","com.spaceship.screen.textcopy","com.newmg.yurao.pro","com.google.android.apps.translate","com.niven.translator","com.gaminik.i18n","com.tap_to_translate.snap_translate","com.microsoft.translator","com.immersivetranslate.browser","com.zaz.translate","com.niven.game","com.naver.labs.translator","com.screen.translate.google","at.nk.tools.iTranslate","com.deepl.mobiletranslator","com.niven.apptranslate","com.translate.all.language.photo.screen","ru.yandex.translate","com.eecorp.linguago","com.mg.chat"]},{"rank":{"index":2,"lang":"zh-tw","country":"tw","chineseCountryName":"台湾","pkg":"com.spaceship.screen.textcopy"},"orders":["com.recognize_text.translate.screen","com.spaceship.screen.textcopy","com.tap_to_translate.snap_translate","com.newmg.yurao.pro","com.google.android.apps.translate","com.gaminik.i18n","com.microsoft.translator","com.niven.translator","com.immersivetranslate.browser","com.niven.game","com.zaz.translate","com.naver.labs.translator","com.screen.translate.google","com.niven.apptranslate","at.nk.tools.iTranslate","com.voice_camera_free_translate","com.deepl.mobiletranslator","com.translate.all.language.photo.screen","com.eecorp.linguago","com.mg.chat"]},{"rank":{"index":2,"lang":"en","country":"in","chineseCountryName":"印度","pkg":"com.spaceship.screen.textcopy"},"orders":["com.recognize_text.translate.screen","com.spaceship.screen.textcopy","com.newmg.yurao.pro","com.google.android.apps.translate"]},{"rank":{"index":2,"lang":"id","country":"id","chineseCountryName":"印尼","pkg":"com.spaceship.screen.textcopy"},"orders":["com.recognize_text.translate.screen","com.spaceship.screen.textcopy","com.tap_to_translate.snap_translate","com.google.android.apps.translate","com.niven.translator","com.gaminik.i18n","com.newmg.yurao.pro","com.microsoft.translator","com.deepl.mobiletranslator","com.naver.labs.translator","com.niven.game","at.nk.tools.iTranslate","com.immersivetranslate.browser","com.zaz.translate","com.niven.apptranslate","com.screen.translate.google","com.eecorp.linguago","ru.yandex.translate","com.translate.all.language.photo.screen","com.mazii.dictionary"]},{"rank":{"index":1,"lang":"es-mx","country":"mx","chineseCountryName":"墨西哥","pkg":"com.spaceship.screen.textcopy"},"orders":["com.spaceship.screen.textcopy","com.recognize_text.translate.screen","com.niven.translator","com.tap_to_translate.snap_translate","com.newmg.yurao.pro","com.gaminik.i18n","com.google.android.apps.translate","com.microsoft.translator","com.niven.game","com.immersivetranslate.browser","com.niven.apptranslate","com.screen.translate.google","at.nk.tools.iTranslate","com.zaz.translate","com.deepl.mobiletranslator","com.eecorp.linguago","com.mg.chat","com.translate.all.language.photo.screen","ru.yandex.translate","com.fapp.translate.language.translator.fasttranslation"]}]