[{"rank":{"index":2,"lang":"en-us","country":"us","chineseCountryName":"美国","pkg":"com.spaceship.screen.textcopy"},"orders":["com.recognize_text.translate.screen","com.spaceship.screen.textcopy","com.tap_to_translate.snap_translate","com.google.android.apps.translate","com.screen.translate.google","com.microsoft.translator","com.newmg.yurao.pro","com.gaminik.i18n","com.niven.translator","at.nk.tools.iTranslate","com.translate.talkingtranslator","com.google.ar.lens","com.datacomprojects.scanandtranslate","com.translate.language.translator.voice.translation","com.niven.game","com.language.translate.free.translator.voice.translation","com.deepl.mobiletranslator","com.sayhi.android.sayhitranslate","com.voice_camera_free_translate","com.zaz.translate"]},{"rank":{"index":0,"lang":"ru","country":"ru","chineseCountryName":"俄罗斯","pkg":"com.spaceship.screen.textcopy"},"orders":["com.recognize_text.translate.screen","com.tap_to_translate.snap_translate","com.niven.translator","com.gaminik.i18n","com.newmg.yurao.pro","com.screen.translate.google","ru.yandex.translate","com.google.android.apps.translate","com.niven.game","com.microsoft.translator","com.niven.apptranslate","com.deepl.mobiletranslator","com.voice_camera_free_translate","com.android.chrome","com.whatsapp","com.instagram.android","com.facebook.katana","com.translate.talkingtranslator","com.google.ar.lens","com.dts.freefireth"]},{"rank":{"index":2,"lang":"pt-br","country":"br","chineseCountryName":"巴西","pkg":"com.spaceship.screen.textcopy"},"orders":["com.recognize_text.translate.screen","com.spaceship.screen.textcopy","com.tap_to_translate.snap_translate","com.gaminik.i18n","com.google.android.apps.translate","com.microsoft.translator","com.zaz.translate","com.deepl.mobiletranslator","ru.yandex.translate","com.translate.talkingtranslator","com.sayhi.android.sayhitranslate","com.translate.language.translator.voice.translation","com.softissimo.reverso.context","com.google.ar.lens","com.niven.translator","com.newmg.yurao.pro","com.screen.translate.google","com.niven.game","com.niven.apptranslate","com.galaxy.airviewdictionary"]},{"rank":{"index":3,"lang":"fr","country":"fr","chineseCountryName":"法国","pkg":"com.spaceship.screen.textcopy"},"orders":["com.recognize_text.translate.screen","com.screen.translate.google","com.spaceship.screen.textcopy","com.tap_to_translate.snap_translate","com.niven.translator","com.newmg.yurao.pro","com.gaminik.i18n","com.google.android.apps.translate","com.niven.game","free.translate.all.language.translator","com.microsoft.translator","translate.speech.text.translation.voicetranslator","com.datacomprojects.scanandtranslate","com.royalappcode.translation.voice.language.chat.interpreter","at.nk.tools.iTranslate","com.translate.talkingtranslator","com.voice_camera_free_translate","com.zaz.translate","com.niven.comic","com.youdao.hindict"]},{"rank":{"index":2,"lang":"en-gb","country":"gb","chineseCountryName":"英国","pkg":"com.spaceship.screen.textcopy"},"orders":["com.recognize_text.translate.screen","com.spaceship.screen.textcopy","com.tap_to_translate.snap_translate","com.google.android.apps.translate","com.screen.translate.google","com.newmg.yurao.pro","com.microsoft.translator","com.gaminik.i18n","com.niven.translator","com.google.ar.lens","at.nk.tools.iTranslate","com.datacomprojects.scanandtranslate","com.deepl.mobiletranslator","com.zaz.translate","com.niven.game","com.language.translate.free.translator.voice.translation","com.translate.talkingtranslator","com.voice_camera_free_translate","ru.yandex.translate","camtranslator.voice.text.image.translate"]},{"rank":{"index":2,"lang":"de","country":"de","chineseCountryName":"德国","pkg":"com.spaceship.screen.textcopy"},"orders":["com.recognize_text.translate.screen","com.spaceship.screen.textcopy","com.tap_to_translate.snap_translate","com.screen.translate.google","com.niven.translator","com.gaminik.i18n","com.newmg.yurao.pro","com.microsoft.translator","com.google.android.apps.translate","com.datacomprojects.scanandtranslate","at.nk.tools.iTranslate","com.niven.game","com.deepl.mobiletranslator","com.translate.talkingtranslator","com.language.translate.free.translator.voice.translation","com.google.ar.lens","com.b1b.translator.voicetranslate.alllanguages.translator.app","ru.yandex.translate","com.voice_camera_free_translate","camtranslator.voice.text.image.translate"]},{"rank":{"index":2,"lang":"it","country":"it","chineseCountryName":"意大利","pkg":"com.spaceship.screen.textcopy"},"orders":["com.recognize_text.translate.screen","com.spaceship.screen.textcopy","com.tap_to_translate.snap_translate","com.gaminik.i18n","com.newmg.yurao.pro","com.screen.translate.google","com.niven.translator","com.microsoft.translator","com.google.android.apps.translate"]},{"rank":{"index":2,"lang":"ja","country":"jp","chineseCountryName":"日本","pkg":"com.spaceship.screen.textcopy"},"orders":["com.recognize_text.translate.screen","com.spaceship.screen.textcopy","com.tap_to_translate.snap_translate","com.gaminik.i18n","com.newmg.yurao.pro","com.screen.translate.google","com.niven.translator","com.microsoft.translator","com.google.android.apps.translate","at.nk.tools.iTranslate","com.niven.game","com.google.ar.lens","com.datacomprojects.scanandtranslate","com.deepl.mobiletranslator"]},{"rank":{"index":2,"lang":"ko","country":"kr","chineseCountryName":"韩国","pkg":"com.spaceship.screen.textcopy"},"orders":["com.recognize_text.translate.screen","com.spaceship.screen.textcopy","com.tap_to_translate.snap_translate","com.gaminik.i18n","com.newmg.yurao.pro","com.screen.translate.google","com.niven.translator","com.microsoft.translator","com.google.android.apps.translate","com.niven.game","at.nk.tools.iTranslate","com.voice_camera_free_translate","com.naver.labs.translator","com.deepl.mobiletranslator","com.niven.comic","com.translate.talkingtranslator","com.google.ar.lens","com.language.translate.free.translator.voice.translation","com.niven.apptranslate","com.flitto.app"]},{"rank":{"index":2,"lang":"zh-hk","country":"hk","chineseCountryName":"香港","pkg":"com.spaceship.screen.textcopy"},"orders":["com.recognize_text.translate.screen","com.spaceship.screen.textcopy","com.gaminik.i18n","com.screen.translate.google","com.newmg.yurao.pro","com.niven.translator","com.google.android.apps.translate","com.tap_to_translate.snap_translate","com.microsoft.translator","at.nk.tools.iTranslate","com.google.ar.lens","com.datacomprojects.scanandtranslate","com.language.translate.free.translator.voice.translation","com.niven.game","com.tangdi.baiguotong","com.deepl.mobiletranslator","com.immersivetranslate.browser","com.niven.apptranslate","com.translate.talkingtranslator","com.naver.labs.translator"]},{"rank":{"index":2,"lang":"zh-tw","country":"tw","chineseCountryName":"台湾","pkg":"com.spaceship.screen.textcopy"},"orders":["com.recognize_text.translate.screen","com.spaceship.screen.textcopy","com.tap_to_translate.snap_translate","com.screen.translate.google","com.gaminik.i18n","com.newmg.yurao.pro","com.niven.translator","com.google.android.apps.translate","com.microsoft.translator","at.nk.tools.iTranslate","com.niven.game","com.voice_camera_free_translate","com.tangdi.baiguotong","com.language.translate.free.translator.voice.translation","com.google.ar.lens","com.translate.talkingtranslator","com.datacomprojects.scanandtranslate","com.niven.comic","link.zhidou.btranslator","com.niven.apptranslate"]},{"rank":{"index":2,"lang":"en","country":"in","chineseCountryName":"印度","pkg":"com.spaceship.screen.textcopy"},"orders":["com.recognize_text.translate.screen","com.spaceship.screen.textcopy","com.tap_to_translate.snap_translate","com.google.android.apps.translate","com.gaminik.i18n","com.zaz.translate","at.nk.tools.iTranslate","com.translate.talkingtranslator","com.deepl.mobiletranslator","ru.yandex.translate","com.google.ar.lens","com.sayhi.android.sayhitranslate","com.newmg.yurao.pro","com.screen.translate.google","com.niven.translator","translate.speech.text.translation.voicetranslator","com.datacomprojects.scanandtranslate","com.niven.apptranslate","screen.translator.voice.translate","com.ticktalk.translatevoice"]},{"rank":{"index":2,"lang":"id","country":"id","chineseCountryName":"印尼","pkg":"com.spaceship.screen.textcopy"},"orders":["com.recognize_text.translate.screen","com.spaceship.screen.textcopy","com.tap_to_translate.snap_translate","com.screen.translate.google","com.niven.translator","com.gaminik.i18n","com.newmg.yurao.pro","com.niven.game","com.google.android.apps.translate","com.microsoft.translator","com.youdao.hindict","at.nk.tools.iTranslate","com.niven.comic","com.niven.apptranslate"]},{"rank":{"index":2,"lang":"es-mx","country":"mx","chineseCountryName":"墨西哥","pkg":"com.spaceship.screen.textcopy"},"orders":["com.recognize_text.translate.screen","com.spaceship.screen.textcopy","com.tap_to_translate.snap_translate","com.gaminik.i18n","com.google.android.apps.translate","com.microsoft.translator","com.zaz.translate","com.deepl.mobiletranslator","com.translate.talkingtranslator","ru.yandex.translate","com.sayhi.android.sayhitranslate","com.google.ar.lens","com.newmg.yurao.pro","com.niven.translator","com.screen.translate.google","com.datacomprojects.scanandtranslate","camtranslator.voice.text.image.translate","com.youdao.hindict","translate.speech.text.translation.voicetranslator","com.niven.game"]}]