[{"rank":{"index":2,"lang":"en-us","country":"us","chineseCountryName":"美国","pkg":"com.spaceship.screen.textcopy"},"orders":["com.recognize_text.translate.screen","com.spaceship.screen.textcopy","com.gaminik.i18n","com.tap_to_translate.snap_translate","com.microsoft.translator","com.google.android.apps.translate","com.niven.game","com.niven.translator","com.newmg.yurao.pro","com.eecorp.taptranslator","at.nk.tools.iTranslate","com.niven.comic","com.niven.apptranslate","screen.translator.voice.translate","com.screen.translate.google","com.translate.talkingtranslator","com.eecorp.linguago","com.android.chrome","us.zoom.videomeetings","com.google.android.apps.maps"]},{"rank":{"index":2,"lang":"ru","country":"ru","chineseCountryName":"俄罗斯","pkg":"com.spaceship.screen.textcopy"},"orders":["com.recognize_text.translate.screen","com.spaceship.screen.textcopy","com.tap_to_translate.snap_translate","com.gaminik.i18n","com.niven.translator","com.niven.game","com.newmg.yurao.pro","com.microsoft.translator","com.niven.comic","com.niven.apptranslate","com.google.android.apps.translate","ru.yandex.translate","com.screen.translate.google","at.nk.tools.iTranslate","com.kursx.smartbook","screen.translator.voice.translate","com.eecorp.linguago","com.android.chrome","us.zoom.videomeetings","com.discord"]},{"rank":{"index":2,"lang":"pt-br","country":"br","chineseCountryName":"巴西","pkg":"com.spaceship.screen.textcopy"},"orders":["com.recognize_text.translate.screen","com.spaceship.screen.textcopy","com.tap_to_translate.snap_translate","com.gaminik.i18n","com.niven.translator","com.niven.game","screen.translator.voice.translate","com.niven.comic","com.newmg.yurao.pro","com.niven.apptranslate","com.eecorp.taptranslator","com.screen.translate.google","com.microsoft.translator","com.google.android.apps.translate","at.nk.tools.iTranslate","com.android.chrome","com.google.android.apps.photos","us.zoom.videomeetings","com.google.android.apps.maps","com.google.android.apps.docs"]},{"rank":{"index":2,"lang":"fr","country":"fr","chineseCountryName":"法国","pkg":"com.spaceship.screen.textcopy"},"orders":["com.recognize_text.translate.screen","com.spaceship.screen.textcopy","com.tap_to_translate.snap_translate","com.gaminik.i18n","com.niven.game","screen.translator.voice.translate","com.niven.translator","com.microsoft.translator","com.newmg.yurao.pro","com.niven.comic","com.niven.apptranslate","com.eecorp.taptranslator","com.screen.translate.google","com.google.android.apps.translate","at.nk.tools.iTranslate","us.zoom.videomeetings","com.discord","com.microsoft.office.outlook","com.android.chrome","com.google.android.apps.photos"]},{"rank":{"index":2,"lang":"en-gb","country":"gb","chineseCountryName":"英国","pkg":"com.spaceship.screen.textcopy"},"orders":["com.recognize_text.translate.screen","com.spaceship.screen.textcopy","com.tap_to_translate.snap_translate","com.gaminik.i18n","com.microsoft.translator","com.google.android.apps.translate","com.niven.game","com.niven.translator","at.nk.tools.iTranslate","com.newmg.yurao.pro","com.niven.comic","com.niven.apptranslate","com.eecorp.taptranslator","com.screen.translate.google","screen.translator.voice.translate","com.youdao.hindict","com.eecorp.linguago","com.kursx.smartbook","com.siv","com.google.android.apps.maps"]},{"rank":{"index":2,"lang":"de","country":"de","chineseCountryName":"德国","pkg":"com.spaceship.screen.textcopy"},"orders":["com.recognize_text.translate.screen","com.spaceship.screen.textcopy","com.gaminik.i18n","com.tap_to_translate.snap_translate","com.newmg.yurao.pro","com.niven.game","com.niven.translator","com.microsoft.translator","com.niven.comic","com.niven.apptranslate","com.google.android.apps.translate","com.eecorp.taptranslator","com.screen.translate.google","at.nk.tools.iTranslate","com.translate.talkingtranslator","com.eecorp.linguago","us.zoom.videomeetings","screen.translator.voice.translate","com.android.chrome","com.discord"]},{"rank":{"index":2,"lang":"it","country":"it","chineseCountryName":"意大利","pkg":"com.spaceship.screen.textcopy"},"orders":["com.recognize_text.translate.screen","com.spaceship.screen.textcopy","com.gaminik.i18n","screen.translator.voice.translate","com.tap_to_translate.snap_translate","com.niven.game","com.niven.translator","com.microsoft.translator","com.newmg.yurao.pro","com.niven.comic","com.niven.apptranslate","com.screen.translate.google","com.google.android.apps.translate","com.eecorp.taptranslator","at.nk.tools.iTranslate","us.zoom.videomeetings","com.discord","com.google.android.apps.photos","com.android.chrome","com.skype.raider"]},{"rank":{"index":1,"lang":"ja","country":"jp","chineseCountryName":"日本","pkg":"com.spaceship.screen.textcopy"},"orders":["com.spaceship.screen.textcopy","com.recognize_text.translate.screen","com.tap_to_translate.snap_translate","com.gaminik.i18n","com.niven.game","com.microsoft.translator","com.niven.translator","com.newmg.yurao.pro","com.niven.comic","com.niven.apptranslate","com.google.android.apps.translate","com.screen.translate.google","com.deepl.mobiletranslator","com.android.chrome","com.google.android.apps.maps","com.eecorp.taptranslator","us.zoom.videomeetings","com.google.ar.lens","com.discord","com.skype.raider"]},{"rank":{"index":2,"lang":"ko","country":"kr","chineseCountryName":"韩国","pkg":"com.spaceship.screen.textcopy"},"orders":["com.recognize_text.translate.screen","com.spaceship.screen.textcopy","com.tap_to_translate.snap_translate","com.gaminik.i18n","com.microsoft.translator","com.niven.game","com.niven.translator","com.newmg.yurao.pro","com.niven.apptranslate","com.google.android.apps.translate","com.niven.comic","com.eecorp.taptranslator","com.screen.translate.google","at.nk.tools.iTranslate","com.naver.labs.translator","com.galaxy.airviewdictionary","screen.translator.voice.translate","com.eecorp.linguago","us.zoom.videomeetings","com.android.chrome"]},{"rank":{"index":2,"lang":"zh-hk","country":"hk","chineseCountryName":"香港","pkg":"com.spaceship.screen.textcopy"},"orders":["com.recognize_text.translate.screen","com.spaceship.screen.textcopy","com.tap_to_translate.snap_translate","com.gaminik.i18n","com.microsoft.translator","com.niven.game","com.niven.translator","at.nk.tools.iTranslate","com.google.android.apps.translate","com.newmg.yurao.pro","com.niven.comic","com.niven.apptranslate","com.screen.translate.google","com.eecorp.taptranslator","com.translate.talkingtranslator","screen.translator.voice.translate","com.android.chrome","com.galaxy.airviewdictionary","com.tangdi.baiguotong","com.eecorp.linguago"]},{"rank":{"index":2,"lang":"zh-tw","country":"tw","chineseCountryName":"台湾","pkg":"com.spaceship.screen.textcopy"},"orders":["com.recognize_text.translate.screen","com.spaceship.screen.textcopy","com.gaminik.i18n","com.niven.game","com.tap_to_translate.snap_translate","com.microsoft.translator","com.niven.translator","com.niven.comic","at.nk.tools.iTranslate","com.newmg.yurao.pro","com.niven.apptranslate","com.google.android.apps.translate","com.screen.translate.google","com.eecorp.taptranslator","com.youdao.hindict","com.galaxy.airviewdictionary","screen.translator.voice.translate","com.eecorp.linguago","com.translate.talkingtranslator","com.android.chrome"]},{"rank":{"index":2,"lang":"en","country":"in","chineseCountryName":"印度","pkg":"com.spaceship.screen.textcopy"},"orders":["com.recognize_text.translate.screen","com.spaceship.screen.textcopy","com.tap_to_translate.snap_translate","com.google.android.apps.translate","com.gaminik.i18n"]},{"rank":{"index":1,"lang":"id","country":"id","chineseCountryName":"印尼","pkg":"com.spaceship.screen.textcopy"},"orders":["com.spaceship.screen.textcopy","com.recognize_text.translate.screen","com.tap_to_translate.snap_translate","com.gaminik.i18n","com.niven.game","com.niven.translator","com.newmg.yurao.pro","com.niven.comic","com.niven.apptranslate","com.youdao.hindict","com.eecorp.taptranslator"]},{"rank":{"index":2,"lang":"es-mx","country":"mx","chineseCountryName":"墨西哥","pkg":"com.spaceship.screen.textcopy"},"orders":["com.recognize_text.translate.screen","com.spaceship.screen.textcopy","com.tap_to_translate.snap_translate","com.gaminik.i18n","com.niven.game","com.niven.translator","com.niven.comic","com.newmg.yurao.pro","com.niven.apptranslate","com.microsoft.translator","com.eecorp.taptranslator","com.screen.translate.google","at.nk.tools.iTranslate","com.google.android.apps.translate","com.youdao.hindict","us.zoom.videomeetings","com.android.chrome","com.google.android.apps.photos","com.google.android.apps.maps","com.discord"]}]