[{"rank":{"index":2,"lang":"en-us","country":"us","chineseCountryName":"美国","pkg":"com.spaceship.screen.textcopy"},"orders":["com.recognize_text.translate.screen","com.spaceship.screen.textcopy","com.screen.translate.google","com.niven.translator","com.tap_to_translate.snap_translate","com.gaminik.i18n","com.galaxy.airviewdictionary","com.newmg.yurao.pro","com.yoyodev.screentranslate","com.newtranslate.google","com.aurasense.screentranslate","com.niven.apptranslate","com.google.android.apps.translate","com.eecorp.linguago","com.niven.game","com.screen.translator.live.translate.textcopy","com.deepl.mobiletranslator","com.zaz.translate","com.microsoft.translator","at.nk.tools.iTranslate"]},{"rank":{"index":3,"lang":"ru","country":"ru","chineseCountryName":"俄罗斯","pkg":"com.spaceship.screen.textcopy"},"orders":["com.recognize_text.translate.screen","com.niven.translator","com.spaceship.screen.textcopy","com.tap_to_translate.snap_translate","com.screen.translate.google","com.gaminik.i18n","com.galaxy.airviewdictionary","com.niven.apptranslate","com.yoyodev.screentranslate"]},{"rank":{"index":2,"lang":"pt-br","country":"br","chineseCountryName":"巴西","pkg":"com.spaceship.screen.textcopy"},"orders":["com.recognize_text.translate.screen","com.spaceship.screen.textcopy","com.niven.translator","com.screen.translate.google","com.galaxy.airviewdictionary","com.newtranslate.google","com.tap_to_translate.snap_translate","com.niven.apptranslate","com.gaminik.i18n","com.eecorp.linguago","com.niven.game","com.newmg.yurao.pro","com.flabs.screen.translate","com.google.android.apps.translate","screen.translator.voice.translate","com.android.chrome","com.screen.translator.text.recognize","com.duolingo","com.canva.editor","com.deepl.mobiletranslator"]},{"rank":{"index":2,"lang":"fr","country":"fr","chineseCountryName":"法国","pkg":"com.spaceship.screen.textcopy"},"orders":["com.recognize_text.translate.screen","com.spaceship.screen.textcopy","com.tap_to_translate.snap_translate","com.screen.translate.google","com.niven.translator","com.galaxy.airviewdictionary","com.newtranslate.google","com.yoyodev.screentranslate","com.niven.apptranslate","com.gaminik.i18n","com.eecorp.linguago","com.flabs.screen.translate","screen.translator.voice.translate","com.google.android.apps.translate","com.newmg.yurao.pro","com.niven.game","com.screen.translator.live.translate.textcopy","com.deepl.mobiletranslator","com.screen.translator.text.recognize","com.google.ar.lens"]},{"rank":{"index":2,"lang":"en-gb","country":"gb","chineseCountryName":"英国","pkg":"com.spaceship.screen.textcopy"},"orders":["com.recognize_text.translate.screen","com.spaceship.screen.textcopy","com.galaxy.airviewdictionary","com.screen.translate.google","com.tap_to_translate.snap_translate","com.niven.translator","com.newtranslate.google","com.yoyodev.screentranslate","com.gaminik.i18n","com.eecorp.linguago","com.google.android.apps.translate","com.newmg.yurao.pro","com.niven.apptranslate","com.aurasense.screentranslate","screen.translator.voice.translate","com.screen.translator.text.recognize","com.flabs.screen.translate","com.niven.game","com.translatepost.voicetranslator.cameratranslator","com.deepl.mobiletranslator"]},{"rank":{"index":8,"lang":"de","country":"de","chineseCountryName":"德国","pkg":"com.spaceship.screen.textcopy"},"orders":["com.recognize_text.translate.screen","com.niven.translator","com.screen.translate.google","com.galaxy.airviewdictionary","com.tap_to_translate.snap_translate","com.newtranslate.google","com.yoyodev.screentranslate","com.spaceship.screen.textcopy","com.gaminik.i18n","com.niven.apptranslate","com.eecorp.linguago","com.google.android.apps.translate","com.deepl.mobiletranslator","com.newmg.yurao.pro","com.microsoft.translator","com.google.ar.lens","ru.yandex.translate","com.niven.game","com.zaz.translate","link.zhidou.btranslator"]},{"rank":{"index":3,"lang":"it","country":"it","chineseCountryName":"意大利","pkg":"com.spaceship.screen.textcopy"},"orders":["com.recognize_text.translate.screen","com.tap_to_translate.snap_translate","com.spaceship.screen.textcopy","com.screen.translate.google","com.galaxy.airviewdictionary","com.newtranslate.google","com.yoyodev.screentranslate","com.gaminik.i18n","com.niven.translator","com.eecorp.linguago","com.newmg.yurao.pro","com.screen.translator.text.recognize","com.google.android.apps.translate","com.niven.apptranslate","com.eecorp.taptranslator","screen.translator.voice.translate","com.flabs.screen.translate","com.niven.game","com.deepl.mobiletranslator","com.microsoft.translator"]},{"rank":{"index":2,"lang":"ja","country":"jp","chineseCountryName":"日本","pkg":"com.spaceship.screen.textcopy"},"orders":["com.recognize_text.translate.screen","com.spaceship.screen.textcopy","com.tap_to_translate.snap_translate","com.gaminik.i18n","com.screen.translate.google","com.niven.translator","com.galaxy.airviewdictionary","com.newmg.yurao.pro"]},{"rank":{"index":2,"lang":"ko","country":"kr","chineseCountryName":"韩国","pkg":"com.spaceship.screen.textcopy"},"orders":["com.recognize_text.translate.screen","com.spaceship.screen.textcopy","com.tap_to_translate.snap_translate","com.screen.translate.google","com.galaxy.airviewdictionary","com.newtranslate.google","com.niven.translator","com.gaminik.i18n","com.niven.apptranslate","com.eecorp.linguago","com.newmg.yurao.pro","com.flabs.screen.translate","com.google.android.apps.translate","screen.translator.voice.translate","com.screen.translator.live.translate.textcopy","com.niven.game","com.naver.labs.translator","com.screen.translator.text.recognize","com.android.chrome","com.translatepost.voicetranslator.cameratranslator"]},{"rank":{"index":3,"lang":"zh-hk","country":"hk","chineseCountryName":"香港","pkg":"com.spaceship.screen.textcopy"},"orders":["com.recognize_text.translate.screen","com.galaxy.airviewdictionary","com.spaceship.screen.textcopy","com.tap_to_translate.snap_translate","com.niven.translator","com.screen.translate.google","com.newtranslate.google","com.google.android.apps.translate","com.gaminik.i18n","com.yoyodev.screentranslate","com.deepl.mobiletranslator","com.newmg.yurao.pro","com.google.ar.lens","com.naver.labs.translator","com.eecorp.linguago","com.microsoft.translator","screen.translator.voice.translate","ru.yandex.translate","com.zaz.translate","com.niven.apptranslate"]},{"rank":{"index":6,"lang":"zh-tw","country":"tw","chineseCountryName":"台湾","pkg":"com.spaceship.screen.textcopy"},"orders":["com.recognize_text.translate.screen","com.screen.translate.google","com.galaxy.airviewdictionary","com.tap_to_translate.snap_translate","com.newtranslate.google","com.spaceship.screen.textcopy","com.niven.translator","com.gaminik.i18n","com.google.android.apps.translate","com.newmg.yurao.pro","com.niven.apptranslate","com.yoyodev.screentranslate","com.eecorp.linguago","com.deepl.mobiletranslator","com.google.ar.lens","com.niven.game","com.naver.labs.translator","screen.translator.voice.translate","com.microsoft.translator","ru.yandex.translate"]},{"rank":{"index":0,"lang":"en","country":"in","chineseCountryName":"印度","pkg":"com.spaceship.screen.textcopy"},"orders":["com.recognize_text.translate.screen","com.tap_to_translate.snap_translate","com.gaminik.i18n","com.google.android.apps.translate","com.zaz.translate","ru.yandex.translate","at.nk.tools.iTranslate","com.google.ar.lens","com.naver.labs.translator","link.zhidou.btranslator","com.google.android.tts","photo.translate.camera.translator","com.google.android.googlequicksearchbox","com.google.android.inputmethod.latin","com.galaxy.airviewdictionary","com.screen.translate.google","com.newtranslate.google","com.niven.translator","com.yoyodev.screentranslate","com.newmg.yurao.pro"]},{"rank":{"index":3,"lang":"id","country":"id","chineseCountryName":"印尼","pkg":"com.spaceship.screen.textcopy"},"orders":["com.recognize_text.translate.screen","com.tap_to_translate.snap_translate","com.spaceship.screen.textcopy","com.screen.translate.google","com.niven.translator","com.newtranslate.google","com.galaxy.airviewdictionary","com.yoyodev.screentranslate","com.niven.apptranslate","com.eecorp.linguago","screen.translator.voice.translate","com.gaminik.i18n","com.newmg.yurao.pro","com.screen.translator.text.recognize","com.niven.game","com.flabs.screen.translate","com.google.android.apps.translate"]},{"rank":{"index":16,"lang":"es-mx","country":"mx","chineseCountryName":"墨西哥","pkg":"com.spaceship.screen.textcopy"},"orders":["com.recognize_text.translate.screen","com.tap_to_translate.snap_translate","com.gaminik.i18n","com.google.android.apps.translate","com.zaz.translate","ru.yandex.translate","at.nk.tools.iTranslate","com.google.ar.lens","com.softissimo.reverso.context","com.siv","link.zhidou.btranslator","com.google.android.tts","co.langlang.translator_for_wsp","com.toofifi.mobile","co.timekettle.livetranslator","com.spaceship.screen.textcopy","com.galaxy.airviewdictionary","com.niven.translator","com.screen.translate.google","com.newtranslate.google"]}]