[{"rank":{"index":2,"lang":"en-us","country":"us","chineseCountryName":"美国","pkg":"com.spaceship.screen.textcopy"},"orders":["com.recognize_text.translate.screen","com.spaceship.screen.textcopy","com.screen.translate.google","com.niven.translator","com.gaminik.i18n","com.galaxy.airviewdictionary","com.tap_to_translate.snap_translate","com.newmg.yurao.pro","com.yoyodev.screentranslate","com.niven.apptranslate","com.newtranslate.google","com.screen.translator.text.recognize","com.aurasense.screentranslate","com.eecorp.linguago","com.google.android.apps.translate","com.niven.game","com.deepl.mobiletranslator","live.screentranslate.realtime","com.zaz.translate","com.mg.chat"]},{"rank":{"index":3,"lang":"ru","country":"ru","chineseCountryName":"俄罗斯","pkg":"com.spaceship.screen.textcopy"},"orders":["com.recognize_text.translate.screen","com.niven.translator","com.spaceship.screen.textcopy","com.tap_to_translate.snap_translate","com.screen.translate.google","com.galaxy.airviewdictionary","com.gaminik.i18n","com.niven.apptranslate","com.yoyodev.screentranslate","com.screen.translator.text.recognize"]},{"rank":{"index":2,"lang":"pt-br","country":"br","chineseCountryName":"巴西","pkg":"com.spaceship.screen.textcopy"},"orders":["com.recognize_text.translate.screen","com.spaceship.screen.textcopy","com.galaxy.airviewdictionary","com.niven.translator","com.newtranslate.google","com.tap_to_translate.snap_translate","com.screen.translate.google","com.niven.apptranslate","com.gaminik.i18n","com.screen.translator.text.recognize","com.flabs.screen.translate","com.eecorp.linguago","com.niven.game","com.newmg.yurao.pro","live.screentranslate.realtime","com.google.android.apps.translate","screen.translator.voice.translate","com.deepl.mobiletranslator","com.translatepost.voicetranslator.cameratranslator","com.android.chrome"]},{"rank":{"index":2,"lang":"fr","country":"fr","chineseCountryName":"法国","pkg":"com.spaceship.screen.textcopy"},"orders":["com.recognize_text.translate.screen","com.spaceship.screen.textcopy","com.tap_to_translate.snap_translate","com.galaxy.airviewdictionary","com.screen.translate.google","com.niven.translator","com.newtranslate.google","com.yoyodev.screentranslate","com.gaminik.i18n","com.screen.translator.text.recognize","com.niven.apptranslate","com.newmg.yurao.pro","com.eecorp.linguago","screen.translator.voice.translate","com.flabs.screen.translate","com.google.android.apps.translate","com.translatepost.voicetranslator.cameratranslator","live.screentranslate.realtime","com.deepl.mobiletranslator","com.niven.game"]},{"rank":{"index":2,"lang":"en-gb","country":"gb","chineseCountryName":"英国","pkg":"com.spaceship.screen.textcopy"},"orders":["com.recognize_text.translate.screen","com.spaceship.screen.textcopy","com.galaxy.airviewdictionary","com.screen.translate.google","com.niven.translator","com.tap_to_translate.snap_translate","com.newtranslate.google","com.yoyodev.screentranslate","com.gaminik.i18n","com.niven.apptranslate","com.screen.translator.text.recognize","com.google.android.apps.translate","com.newmg.yurao.pro","com.eecorp.linguago","com.flabs.screen.translate","screen.translator.voice.translate","com.aurasense.screentranslate","com.deepl.mobiletranslator","com.niven.game","live.screentranslate.realtime"]},{"rank":{"index":5,"lang":"de","country":"de","chineseCountryName":"德国","pkg":"com.spaceship.screen.textcopy"},"orders":["com.recognize_text.translate.screen","com.galaxy.airviewdictionary","com.screen.translate.google","com.newtranslate.google","com.spaceship.screen.textcopy","com.yoyodev.screentranslate","com.tap_to_translate.snap_translate","com.niven.translator","com.gaminik.i18n","com.niven.apptranslate","com.newmg.yurao.pro","com.deepl.mobiletranslator","com.google.android.apps.translate","com.screen.translator.text.recognize","com.eecorp.linguago","com.microsoft.translator","com.google.ar.lens","screen.translator.voice.translate","com.flabs.screen.translate","live.screentranslate.realtime"]},{"rank":{"index":2,"lang":"it","country":"it","chineseCountryName":"意大利","pkg":"com.spaceship.screen.textcopy"},"orders":["com.recognize_text.translate.screen","com.spaceship.screen.textcopy","com.tap_to_translate.snap_translate","com.galaxy.airviewdictionary","com.screen.translate.google","com.newtranslate.google","com.yoyodev.screentranslate","com.gaminik.i18n","com.screen.translator.text.recognize","com.newmg.yurao.pro","com.niven.translator","com.eecorp.linguago","com.niven.apptranslate","screen.translator.voice.translate","com.flabs.screen.translate","com.google.android.apps.translate","com.deepl.mobiletranslator","com.eecorp.taptranslator","live.screentranslate.realtime","com.microsoft.translator"]},{"rank":{"index":2,"lang":"ja","country":"jp","chineseCountryName":"日本","pkg":"com.spaceship.screen.textcopy"},"orders":["com.recognize_text.translate.screen","com.spaceship.screen.textcopy","com.screen.translate.google","com.tap_to_translate.snap_translate","com.galaxy.airviewdictionary","com.niven.translator","com.gaminik.i18n","com.newtranslate.google","com.newmg.yurao.pro","com.niven.apptranslate"]},{"rank":{"index":2,"lang":"ko","country":"kr","chineseCountryName":"韩国","pkg":"com.spaceship.screen.textcopy"},"orders":["com.recognize_text.translate.screen","com.spaceship.screen.textcopy","com.galaxy.airviewdictionary","com.screen.translate.google","com.tap_to_translate.snap_translate","com.newtranslate.google","com.niven.translator","com.gaminik.i18n","com.niven.apptranslate","com.screen.translator.text.recognize","com.eecorp.linguago","com.flabs.screen.translate","com.newmg.yurao.pro"]},{"rank":{"index":5,"lang":"zh-hk","country":"hk","chineseCountryName":"香港","pkg":"com.spaceship.screen.textcopy"},"orders":["com.recognize_text.translate.screen","com.galaxy.airviewdictionary","com.niven.translator","com.screen.translate.google","com.spaceship.screen.textcopy","com.newtranslate.google","com.tap_to_translate.snap_translate","com.gaminik.i18n","com.google.android.apps.translate","com.niven.apptranslate","com.yoyodev.screentranslate","com.deepl.mobiletranslator","com.newmg.yurao.pro","com.aurasense.screentranslate","com.microsoft.translator","com.flabs.screen.translate","com.screen.translator.text.recognize","com.naver.labs.translator","com.eecorp.linguago","com.google.ar.lens"]},{"rank":{"index":5,"lang":"zh-tw","country":"tw","chineseCountryName":"台湾","pkg":"com.spaceship.screen.textcopy"},"orders":["com.recognize_text.translate.screen","com.galaxy.airviewdictionary","com.screen.translate.google","com.newtranslate.google","com.spaceship.screen.textcopy","com.niven.translator","com.tap_to_translate.snap_translate","com.niven.apptranslate","com.gaminik.i18n"]},{"rank":{"index":0,"lang":"en","country":"in","chineseCountryName":"印度","pkg":"com.spaceship.screen.textcopy"},"orders":["com.recognize_text.translate.screen","com.tap_to_translate.snap_translate","com.gaminik.i18n","com.google.android.apps.translate","com.zaz.translate","at.nk.tools.iTranslate","com.microsoft.translator","com.google.ar.lens","photo.translate.camera.translator","com.immersivetranslate.browser","com.transgull.translator","co.appnation.aivoicetranslator","com.galaxy.airviewdictionary","com.niven.translator","com.screen.translate.google","com.newtranslate.google","com.yoyodev.screentranslate","com.newmg.yurao.pro","com.niven.apptranslate","screen.translator.voice.translate"]},{"rank":{"index":2,"lang":"id","country":"id","chineseCountryName":"印尼","pkg":"com.spaceship.screen.textcopy"},"orders":["com.recognize_text.translate.screen","com.spaceship.screen.textcopy","com.tap_to_translate.snap_translate","com.niven.translator","com.screen.translate.google","com.galaxy.airviewdictionary","com.newtranslate.google","com.niven.apptranslate","com.yoyodev.screentranslate","com.gaminik.i18n","com.newmg.yurao.pro","com.flabs.screen.translate","com.screen.translator.text.recognize","com.eecorp.linguago"]},{"rank":{"index":14,"lang":"es-mx","country":"mx","chineseCountryName":"墨西哥","pkg":"com.spaceship.screen.textcopy"},"orders":["com.recognize_text.translate.screen","com.tap_to_translate.snap_translate","com.gaminik.i18n","com.google.android.apps.translate","com.zaz.translate","at.nk.tools.iTranslate","com.naver.labs.translator","ru.yandex.translate","com.translate.talkingtranslator","com.google.ar.lens","link.zhidou.btranslator","com.google.android.tts","com.immersivetranslate.browser","com.spaceship.screen.textcopy","com.galaxy.airviewdictionary","com.niven.translator","com.screen.translate.google","com.newtranslate.google","com.newmg.yurao.pro","com.yoyodev.screentranslate"]}]