[{"rank":{"index":2,"lang":"en-us","country":"us","chineseCountryName":"美国","pkg":"com.spaceship.screen.textcopy"},"orders":["com.recognize_text.translate.screen","com.spaceship.screen.textcopy","com.gaminik.i18n","com.google.android.apps.translate","com.niven.translator","com.screen.translate.google","com.galaxy.airviewdictionary","com.tap_to_translate.snap_translate","com.newmg.yurao.pro","com.deepl.mobiletranslator","com.microsoft.translator","com.immersivetranslate.browser","at.nk.tools.iTranslate","com.datacomprojects.scanandtranslate","com.fapp.translate.language.translator.fasttranslation","ru.yandex.translate","co.appnation.aivoicetranslator","photo.translate.camera.translator","com.voice_camera_free_translate","com.niven.game"]},{"rank":{"index":5,"lang":"ru","country":"ru","chineseCountryName":"俄罗斯","pkg":"com.spaceship.screen.textcopy"},"orders":["com.recognize_text.translate.screen","com.gaminik.i18n","com.niven.translator","com.tap_to_translate.snap_translate","com.spaceship.screen.textcopy","com.screen.translate.google","com.newmg.yurao.pro","com.galaxy.airviewdictionary","ru.yandex.translate","com.deepl.mobiletranslator"]},{"rank":{"index":2,"lang":"pt-br","country":"br","chineseCountryName":"巴西","pkg":"com.spaceship.screen.textcopy"},"orders":["com.recognize_text.translate.screen","com.spaceship.screen.textcopy","com.gaminik.i18n","com.niven.translator","com.tap_to_translate.snap_translate","com.screen.translate.google","com.galaxy.airviewdictionary","com.newmg.yurao.pro","com.deepl.mobiletranslator","com.voice_camera_free_translate","com.microsoft.translator","com.niven.game","com.immersivetranslate.browser","at.nk.tools.iTranslate","com.fapp.translate.language.translator.fasttranslation","com.niven.apptranslate","com.datacomprojects.scanandtranslate","com.google.android.apps.translate","photo.translate.camera.translator","com.mobisystems.msdict.embedded.wireless.collins.ee"]},{"rank":{"index":2,"lang":"fr","country":"fr","chineseCountryName":"法国","pkg":"com.spaceship.screen.textcopy"},"orders":["com.recognize_text.translate.screen","com.spaceship.screen.textcopy","com.gaminik.i18n","com.tap_to_translate.snap_translate","com.niven.translator","com.galaxy.airviewdictionary","com.newmg.yurao.pro","com.screen.translate.google","com.deepl.mobiletranslator","com.immersivetranslate.browser","com.fapp.translate.language.translator.fasttranslation","com.voice_camera_free_translate","com.datacomprojects.scanandtranslate","com.microsoft.translator","com.niven.apptranslate","com.google.android.apps.translate","com.niven.game","live.screentranslate.realtime","photo.translate.camera.translator","at.nk.tools.iTranslate"]},{"rank":{"index":2,"lang":"en-gb","country":"gb","chineseCountryName":"英国","pkg":"com.spaceship.screen.textcopy"},"orders":["com.recognize_text.translate.screen","com.spaceship.screen.textcopy","com.gaminik.i18n","com.niven.translator","com.google.android.apps.translate","com.screen.translate.google","com.galaxy.airviewdictionary","com.newmg.yurao.pro","com.tap_to_translate.snap_translate","com.microsoft.translator","com.deepl.mobiletranslator","com.immersivetranslate.browser","at.nk.tools.iTranslate","com.fapp.translate.language.translator.fasttranslation","com.datacomprojects.scanandtranslate","com.niven.game","photo.translate.camera.translator","co.appnation.aivoicetranslator","ru.yandex.translate","link.zhidou.btranslator"]},{"rank":{"index":3,"lang":"de","country":"de","chineseCountryName":"德国","pkg":"com.spaceship.screen.textcopy"},"orders":["com.recognize_text.translate.screen","com.gaminik.i18n","com.spaceship.screen.textcopy","com.tap_to_translate.snap_translate","com.niven.translator","com.galaxy.airviewdictionary","com.screen.translate.google","com.newmg.yurao.pro","com.deepl.mobiletranslator","com.fapp.translate.language.translator.fasttranslation","com.immersivetranslate.browser","com.voice_camera_free_translate","com.microsoft.translator","com.google.android.apps.translate","com.datacomprojects.scanandtranslate","com.niven.game","com.niven.apptranslate","photo.translate.camera.translator","co.appnation.aivoicetranslator","at.nk.tools.iTranslate"]},{"rank":{"index":3,"lang":"it","country":"it","chineseCountryName":"意大利","pkg":"com.spaceship.screen.textcopy"},"orders":["com.recognize_text.translate.screen","com.gaminik.i18n","com.spaceship.screen.textcopy","com.tap_to_translate.snap_translate","com.niven.translator","com.galaxy.airviewdictionary","com.screen.translate.google","com.newmg.yurao.pro","com.deepl.mobiletranslator","com.fapp.translate.language.translator.fasttranslation","com.microsoft.translator","com.immersivetranslate.browser","com.voice_camera_free_translate","com.datacomprojects.scanandtranslate","com.google.android.apps.translate","com.niven.game","at.nk.tools.iTranslate","com.mobisystems.msdict.embedded.wireless.collins.ee","photo.translate.camera.translator","co.appnation.aivoicetranslator"]},{"rank":{"index":3,"lang":"ja","country":"jp","chineseCountryName":"日本","pkg":"com.spaceship.screen.textcopy"},"orders":["com.recognize_text.translate.screen","com.gaminik.i18n","com.spaceship.screen.textcopy","com.tap_to_translate.snap_translate","com.niven.translator","com.screen.translate.google","com.newmg.yurao.pro","com.galaxy.airviewdictionary","com.deepl.mobiletranslator","com.immersivetranslate.browser"]},{"rank":{"index":4,"lang":"ko","country":"kr","chineseCountryName":"韩国","pkg":"com.spaceship.screen.textcopy"},"orders":["com.recognize_text.translate.screen","com.gaminik.i18n","com.tap_to_translate.snap_translate","com.spaceship.screen.textcopy","com.niven.translator","com.galaxy.airviewdictionary","com.screen.translate.google","com.newmg.yurao.pro","com.google.android.apps.translate","com.immersivetranslate.browser","com.deepl.mobiletranslator","com.microsoft.translator","com.naver.labs.translator"]},{"rank":{"index":2,"lang":"zh-hk","country":"hk","chineseCountryName":"香港","pkg":"com.spaceship.screen.textcopy"},"orders":["com.recognize_text.translate.screen","com.spaceship.screen.textcopy","com.gaminik.i18n","com.screen.translate.google","com.tap_to_translate.snap_translate","com.niven.translator","com.galaxy.airviewdictionary","com.newmg.yurao.pro","com.deepl.mobiletranslator","com.microsoft.translator","com.google.android.apps.translate","com.immersivetranslate.browser","com.voice_camera_free_translate","at.nk.tools.iTranslate","com.fapp.translate.language.translator.fasttranslation","com.niven.game","com.datacomprojects.scanandtranslate","photo.translate.camera.translator","ru.yandex.translate","com.phototranslator.camera.voicetranslate.texttranslation"]},{"rank":{"index":2,"lang":"zh-tw","country":"tw","chineseCountryName":"台湾","pkg":"com.spaceship.screen.textcopy"},"orders":["com.recognize_text.translate.screen","com.spaceship.screen.textcopy","com.galaxy.airviewdictionary","com.screen.translate.google","com.niven.translator","com.gaminik.i18n","com.newmg.yurao.pro","com.tap_to_translate.snap_translate","com.deepl.mobiletranslator","com.niven.apptranslate","com.immersivetranslate.browser","com.datacomprojects.scanandtranslate","com.google.android.apps.translate","com.fapp.translate.language.translator.fasttranslation","com.microsoft.translator","com.newtranslate.google","com.hive.lingonative","at.nk.tools.iTranslate","photo.translate.camera.translator","com.mobisystems.msdict.embedded.wireless.collins.ee"]},{"rank":{"index":2,"lang":"en","country":"in","chineseCountryName":"印度","pkg":"com.spaceship.screen.textcopy"},"orders":["com.recognize_text.translate.screen","com.spaceship.screen.textcopy","com.gaminik.i18n","com.newmg.yurao.pro","com.google.android.apps.translate"]},{"rank":{"index":2,"lang":"id","country":"id","chineseCountryName":"印尼","pkg":"com.spaceship.screen.textcopy"},"orders":["com.recognize_text.translate.screen","com.spaceship.screen.textcopy","com.tap_to_translate.snap_translate","com.gaminik.i18n","com.niven.translator","com.galaxy.airviewdictionary","com.newmg.yurao.pro","com.screen.translate.google","com.fapp.translate.language.translator.fasttranslation","com.deepl.mobiletranslator","com.niven.game"]},{"rank":{"index":2,"lang":"es-mx","country":"mx","chineseCountryName":"墨西哥","pkg":"com.spaceship.screen.textcopy"},"orders":["com.recognize_text.translate.screen","com.spaceship.screen.textcopy","com.gaminik.i18n","com.tap_to_translate.snap_translate","com.niven.translator","com.galaxy.airviewdictionary","com.newmg.yurao.pro","com.screen.translate.google","com.voice_camera_free_translate","com.deepl.mobiletranslator","com.niven.game","com.niven.apptranslate","co.appnation.aivoicetranslator","com.microsoft.translator","com.google.android.apps.translate","com.datacomprojects.scanandtranslate","com.fapp.translate.language.translator.fasttranslation","com.phototranslator.camera.voicetranslate.texttranslation","com.immersivetranslate.browser","com.aitranslate.voicetranslator.translatenow.aitranslator"]}]