[{"rank":{"index":2,"lang":"en-us","country":"us","chineseCountryName":"美国","pkg":"com.spaceship.screen.textcopy"},"orders":["com.recognize_text.translate.screen","com.spaceship.screen.textcopy","com.screen.translate.google","com.yoyodev.screentranslate","com.gaminik.i18n","com.google.android.apps.translate","com.aurasense.screentranslate","com.niven.translator","com.galaxy.airviewdictionary","com.tap_to_translate.snap_translate","com.newmg.yurao.pro","com.deepl.mobiletranslator","com.newtranslate.google","com.niven.apptranslate","com.zaz.translate","com.microsoft.translator","at.nk.tools.iTranslate","translate.speech.text.translation.voicetranslator","co.appnation.aivoicetranslator","com.niven.game"]},{"rank":{"index":5,"lang":"ru","country":"ru","chineseCountryName":"俄罗斯","pkg":"com.spaceship.screen.textcopy"},"orders":["com.recognize_text.translate.screen","com.niven.translator","com.yoyodev.screentranslate","com.gaminik.i18n","com.spaceship.screen.textcopy","com.tap_to_translate.snap_translate","com.screen.translate.google","com.galaxy.airviewdictionary","com.newmg.yurao.pro","com.newtranslate.google","ru.yandex.translate","com.niven.apptranslate","com.google.android.apps.translate","live.screentranslate.realtime","co.appnation.aivoicetranslator","com.screen.translator.text.recognize","com.niven.game","com.zaz.translate","com.eecorp.linguago","com.microsoft.translator"]},{"rank":{"index":2,"lang":"pt-br","country":"br","chineseCountryName":"巴西","pkg":"com.spaceship.screen.textcopy"},"orders":["com.recognize_text.translate.screen","com.spaceship.screen.textcopy","com.gaminik.i18n","com.screen.translate.google","com.niven.translator","com.tap_to_translate.snap_translate","com.galaxy.airviewdictionary","com.newmg.yurao.pro","com.newtranslate.google","com.niven.apptranslate","com.hive.lingonative","com.google.android.apps.translate","com.deepl.mobiletranslator","co.appnation.aivoicetranslator","com.niven.game","live.screentranslate.realtime","link.zhidou.btranslator","at.nk.tools.iTranslate","photo.translate.camera.translator","ru.yandex.translate"]},{"rank":{"index":3,"lang":"fr","country":"fr","chineseCountryName":"法国","pkg":"com.spaceship.screen.textcopy"},"orders":["com.recognize_text.translate.screen","com.yoyodev.screentranslate","com.spaceship.screen.textcopy","com.gaminik.i18n","com.screen.translate.google","com.tap_to_translate.snap_translate","com.niven.translator","com.galaxy.airviewdictionary","com.aurasense.screentranslate","com.newmg.yurao.pro","com.google.android.apps.translate","com.newtranslate.google","com.niven.apptranslate","com.deepl.mobiletranslator","co.appnation.aivoicetranslator","com.hive.lingonative","link.zhidou.btranslator","com.microsoft.translator","live.screentranslate.realtime","photo.translate.camera.translator"]},{"rank":{"index":2,"lang":"en-gb","country":"gb","chineseCountryName":"英国","pkg":"com.spaceship.screen.textcopy"},"orders":["com.recognize_text.translate.screen","com.spaceship.screen.textcopy","com.gaminik.i18n","com.screen.translate.google","com.yoyodev.screentranslate","com.google.android.apps.translate","com.aurasense.screentranslate","com.niven.translator","com.tap_to_translate.snap_translate","com.galaxy.airviewdictionary","com.newmg.yurao.pro","com.deepl.mobiletranslator","com.newtranslate.google","com.niven.apptranslate","com.zaz.translate","com.microsoft.translator","at.nk.tools.iTranslate","translate.speech.text.translation.voicetranslator","co.appnation.aivoicetranslator","link.zhidou.btranslator"]},{"rank":{"index":3,"lang":"de","country":"de","chineseCountryName":"德国","pkg":"com.spaceship.screen.textcopy"},"orders":["com.recognize_text.translate.screen","com.gaminik.i18n","com.spaceship.screen.textcopy","com.yoyodev.screentranslate","com.screen.translate.google","com.niven.translator","com.tap_to_translate.snap_translate","com.aurasense.screentranslate","com.galaxy.airviewdictionary","com.newmg.yurao.pro","com.google.android.apps.translate","com.deepl.mobiletranslator","com.newtranslate.google","com.niven.apptranslate","co.appnation.aivoicetranslator","com.microsoft.translator","com.hive.lingonative","translate.speech.text.translation.voicetranslator","link.zhidou.btranslator","photo.translate.camera.translator"]},{"rank":{"index":3,"lang":"it","country":"it","chineseCountryName":"意大利","pkg":"com.spaceship.screen.textcopy"},"orders":["com.recognize_text.translate.screen","com.yoyodev.screentranslate","com.spaceship.screen.textcopy","com.gaminik.i18n","com.screen.translate.google","com.tap_to_translate.snap_translate","com.aurasense.screentranslate","com.galaxy.airviewdictionary","com.niven.translator","com.newmg.yurao.pro","com.google.android.apps.translate","com.newtranslate.google","com.deepl.mobiletranslator","com.niven.apptranslate","co.appnation.aivoicetranslator","com.microsoft.translator","link.zhidou.btranslator","photo.translate.camera.translator","translateonscreen.taptotranslate.screentranslator.screenandphototranslator","com.screen.translator.text.recognize"]},{"rank":{"index":5,"lang":"ja","country":"jp","chineseCountryName":"日本","pkg":"com.spaceship.screen.textcopy"},"orders":["com.recognize_text.translate.screen","com.gaminik.i18n","com.tap_to_translate.snap_translate","com.screen.translate.google","com.spaceship.screen.textcopy","com.niven.translator","com.galaxy.airviewdictionary","com.aurasense.screentranslate","com.newmg.yurao.pro","com.google.android.apps.translate"]},{"rank":{"index":3,"lang":"ko","country":"kr","chineseCountryName":"韩国","pkg":"com.spaceship.screen.textcopy"},"orders":["com.recognize_text.translate.screen","com.gaminik.i18n","com.spaceship.screen.textcopy","com.screen.translate.google","com.aurasense.screentranslate","com.galaxy.airviewdictionary","com.tap_to_translate.snap_translate","com.newtranslate.google","com.niven.translator","com.newmg.yurao.pro","com.deepl.mobiletranslator","com.google.android.apps.translate"]},{"rank":{"index":2,"lang":"zh-hk","country":"hk","chineseCountryName":"香港","pkg":"com.spaceship.screen.textcopy"},"orders":["com.recognize_text.translate.screen","com.spaceship.screen.textcopy","com.tap_to_translate.snap_translate","com.google.android.apps.translate","com.zaz.translate","com.deepl.mobiletranslator","com.microsoft.translator","photo.translate.camera.translator","co.appnation.aivoicetranslator","com.galaxy.airviewdictionary","com.screen.translate.google","com.yoyodev.screentranslate","com.niven.translator","com.newtranslate.google","com.newmg.yurao.pro","com.aurasense.screentranslate","com.niven.apptranslate","at.nk.tools.iTranslate","ru.yandex.translate","screen.translator.voice.translate"]},{"rank":{"index":2,"lang":"zh-tw","country":"tw","chineseCountryName":"台湾","pkg":"com.spaceship.screen.textcopy"},"orders":["com.recognize_text.translate.screen","com.spaceship.screen.textcopy","com.yoyodev.screentranslate","com.screen.translate.google","com.gaminik.i18n","com.aurasense.screentranslate","com.niven.translator","com.galaxy.airviewdictionary","com.newmg.yurao.pro","com.tap_to_translate.snap_translate","com.google.android.apps.translate","com.newtranslate.google","co.appnation.aivoicetranslator","com.niven.apptranslate","com.deepl.mobiletranslator","com.zaz.translate","live.screentranslate.realtime","photo.translate.camera.translator","com.microsoft.translator","translate.speech.text.translation.voicetranslator"]},{"rank":{"index":0,"lang":"en","country":"in","chineseCountryName":"印度","pkg":"com.spaceship.screen.textcopy"},"orders":["com.recognize_text.translate.screen","com.google.android.apps.translate","com.gaminik.i18n","com.tap_to_translate.snap_translate","com.zaz.translate","ru.yandex.translate","com.deepl.mobiletranslator","at.nk.tools.iTranslate","co.appnation.aivoicetranslator","com.galaxy.airviewdictionary","com.screen.translate.google","com.yoyodev.screentranslate","com.niven.translator","com.newtranslate.google","com.newmg.yurao.pro","com.aurasense.screentranslate","translate.speech.text.translation.voicetranslator","com.niven.apptranslate","screen.translator.voice.translate","com.hive.lingonative"]},{"rank":{"index":3,"lang":"id","country":"id","chineseCountryName":"印尼","pkg":"com.spaceship.screen.textcopy"},"orders":["com.recognize_text.translate.screen","com.tap_to_translate.snap_translate","com.spaceship.screen.textcopy","com.yoyodev.screentranslate","com.gaminik.i18n","com.screen.translate.google","com.niven.translator","com.aurasense.screentranslate","com.newmg.yurao.pro","com.galaxy.airviewdictionary"]},{"rank":{"index":2,"lang":"es-mx","country":"mx","chineseCountryName":"墨西哥","pkg":"com.spaceship.screen.textcopy"},"orders":["com.recognize_text.translate.screen","com.spaceship.screen.textcopy","com.gaminik.i18n","com.tap_to_translate.snap_translate","com.google.android.apps.translate","at.nk.tools.iTranslate","com.microsoft.translator","link.zhidou.btranslator","co.appnation.aivoicetranslator","photo.translate.camera.translator","com.galaxy.airviewdictionary","com.yoyodev.screentranslate","com.screen.translate.google","com.niven.translator","com.newtranslate.google","com.newmg.yurao.pro","com.aurasense.screentranslate","com.niven.apptranslate","screen.translator.voice.translate","com.hive.lingonative"]}]