[{"rank":{"index":2,"lang":"en-us","country":"us","chineseCountryName":"美国","pkg":"com.spaceship.screen.textcopy"},"orders":["com.recognize_text.translate.screen","com.spaceship.screen.textcopy","com.google.android.apps.translate","com.tap_to_translate.snap_translate","com.microsoft.translator","com.newmg.yurao.pro","com.niven.translator","com.gaminik.i18n","com.niven.game","com.zaz.translate","at.nk.tools.iTranslate","com.screen.translator.text.recognize","com.translate.language.translator.voice.translation","com.niven.comic","com.translate.talkingtranslator","com.eecorp.taptranslator","com.screen.translate.google","com.mobisystems.msdict.embedded.wireless.collins.ee","com.youdao.hindict","com.audacityittranslator.translatetexttranslator"]},{"rank":{"index":2,"lang":"ru","country":"ru","chineseCountryName":"俄罗斯","pkg":"com.spaceship.screen.textcopy"},"orders":["com.recognize_text.translate.screen","com.spaceship.screen.textcopy","com.tap_to_translate.snap_translate","com.niven.translator","com.niven.game","com.microsoft.translator","com.gaminik.i18n","com.google.android.apps.translate","ru.yandex.translate","com.newmg.yurao.pro","com.screen.translate.google","com.screen.translator.text.recognize","com.niven.comic","com.zaz.translate","com.translate.language.translator.voice.translation","com.audacityittranslator.translatetexttranslator","at.nk.tools.iTranslate","com.galaxy.airviewdictionary","com.youdao.hindict","com.android.chrome"]},{"rank":{"index":2,"lang":"pt-br","country":"br","chineseCountryName":"巴西","pkg":"com.spaceship.screen.textcopy"},"orders":["com.recognize_text.translate.screen","com.spaceship.screen.textcopy","com.tap_to_translate.snap_translate","com.niven.game","com.niven.translator","com.gaminik.i18n","com.niven.comic","com.newmg.yurao.pro","com.screen.translator.text.recognize","com.microsoft.translator","com.eecorp.taptranslator","com.google.android.apps.translate","com.screen.translate.google","com.youdao.hindict","com.galaxy.airviewdictionary","com.android.chrome","com.google.android.apps.photos","com.discord","at.nk.tools.iTranslate","com.google.android.apps.maps"]},{"rank":{"index":2,"lang":"fr","country":"fr","chineseCountryName":"法国","pkg":"com.spaceship.screen.textcopy"},"orders":["com.recognize_text.translate.screen","com.spaceship.screen.textcopy","com.tap_to_translate.snap_translate","com.niven.translator","com.niven.game","com.gaminik.i18n","com.microsoft.translator","com.screen.translator.text.recognize","com.niven.comic","com.newmg.yurao.pro","com.google.android.apps.translate","com.eecorp.taptranslator","at.nk.tools.iTranslate","com.zaz.translate","com.screen.translate.google","com.galaxy.airviewdictionary","com.audacityittranslator.translatetexttranslator","com.discord","com.android.chrome","com.google.android.apps.photos"]},{"rank":{"index":2,"lang":"en-gb","country":"gb","chineseCountryName":"英国","pkg":"com.spaceship.screen.textcopy"},"orders":["com.recognize_text.translate.screen","com.spaceship.screen.textcopy","com.tap_to_translate.snap_translate","com.microsoft.translator","com.google.android.apps.translate","com.gaminik.i18n","com.niven.translator","com.niven.game","com.zaz.translate","com.newmg.yurao.pro","at.nk.tools.iTranslate","com.galaxy.airviewdictionary","com.translate.language.translator.voice.translation","com.screen.translator.text.recognize","com.niven.comic","com.screen.translate.google","com.audacityittranslator.translatetexttranslator","com.eecorp.taptranslator","com.mobisystems.msdict.embedded.wireless.collins.ee","com.youdao.hindict"]},{"rank":{"index":2,"lang":"de","country":"de","chineseCountryName":"德国","pkg":"com.spaceship.screen.textcopy"},"orders":["com.recognize_text.translate.screen","com.spaceship.screen.textcopy","com.tap_to_translate.snap_translate","com.niven.translator","com.gaminik.i18n","com.niven.game","com.microsoft.translator","com.newmg.yurao.pro","com.niven.comic","com.galaxy.airviewdictionary","com.google.android.apps.translate","com.screen.translator.text.recognize","com.eecorp.taptranslator","at.nk.tools.iTranslate","com.screen.translate.google","com.image.camera.translate.ai","com.audacityittranslator.translatetexttranslator","com.zaz.translate","com.translate.talkingtranslator","com.deepl.mobiletranslator"]},{"rank":{"index":2,"lang":"it","country":"it","chineseCountryName":"意大利","pkg":"com.spaceship.screen.textcopy"},"orders":["com.recognize_text.translate.screen","com.spaceship.screen.textcopy","com.tap_to_translate.snap_translate","com.niven.translator","com.niven.game","com.gaminik.i18n","com.microsoft.translator","com.newmg.yurao.pro","com.screen.translator.text.recognize","com.niven.comic","screen.translator.voice.translate","com.eecorp.taptranslator","com.google.android.apps.translate","com.screen.translate.google","com.galaxy.airviewdictionary","com.zaz.translate","com.audacityittranslator.translatetexttranslator","at.nk.tools.iTranslate","com.image.camera.translate.ai","com.discord"]},{"rank":{"index":2,"lang":"ja","country":"jp","chineseCountryName":"日本","pkg":"com.spaceship.screen.textcopy"},"orders":["com.recognize_text.translate.screen","com.spaceship.screen.textcopy","com.tap_to_translate.snap_translate","com.gaminik.i18n","com.niven.translator","com.niven.game","com.microsoft.translator","com.screen.translator.text.recognize","com.niven.comic","com.newmg.yurao.pro","com.google.android.apps.translate","com.deepl.mobiletranslator","com.screen.translate.google","com.youdao.hindict","com.galaxy.airviewdictionary","com.naver.labs.translator","com.eecorp.taptranslator","at.nk.tools.iTranslate","com.translate.talkingtranslator","com.niven.apptranslate"]},{"rank":{"index":2,"lang":"ko","country":"kr","chineseCountryName":"韩国","pkg":"com.spaceship.screen.textcopy"},"orders":["com.recognize_text.translate.screen","com.spaceship.screen.textcopy","com.tap_to_translate.snap_translate","com.microsoft.translator","com.google.android.apps.translate","com.gaminik.i18n","com.niven.translator","com.niven.game","com.naver.labs.translator","com.newmg.yurao.pro","at.nk.tools.iTranslate","com.screen.translator.text.recognize","com.niven.comic"]},{"rank":{"index":2,"lang":"zh-hk","country":"hk","chineseCountryName":"香港","pkg":"com.spaceship.screen.textcopy"},"orders":["com.recognize_text.translate.screen","com.spaceship.screen.textcopy","com.tap_to_translate.snap_translate","com.microsoft.translator","com.google.android.apps.translate","com.gaminik.i18n","com.niven.translator","com.niven.game","com.translate.language.translator.voice.translation","com.newmg.yurao.pro","at.nk.tools.iTranslate","com.screen.translator.text.recognize","com.niven.comic","com.screen.translate.google","com.galaxy.airviewdictionary","com.translate.talkingtranslator","com.zaz.translate","com.tangdi.baiguotong","com.eecorp.taptranslator","com.audacityittranslator.translatetexttranslator"]},{"rank":{"index":2,"lang":"zh-tw","country":"tw","chineseCountryName":"台湾","pkg":"com.spaceship.screen.textcopy"},"orders":["com.recognize_text.translate.screen","com.spaceship.screen.textcopy","com.tap_to_translate.snap_translate","com.microsoft.translator","com.gaminik.i18n","com.niven.translator","com.niven.game","com.google.android.apps.translate","at.nk.tools.iTranslate","com.translate.language.translator.voice.translation","com.niven.comic","com.newmg.yurao.pro","com.galaxy.airviewdictionary","com.screen.translate.google","com.screen.translator.text.recognize","com.translate.talkingtranslator","com.youdao.hindict","com.audacityittranslator.translatetexttranslator","com.datacomprojects.scanandtranslate","com.eecorp.taptranslator"]},{"rank":{"index":2,"lang":"en","country":"in","chineseCountryName":"印度","pkg":"com.spaceship.screen.textcopy"},"orders":["com.recognize_text.translate.screen","com.spaceship.screen.textcopy","com.google.android.apps.translate","com.tap_to_translate.snap_translate","com.newmg.yurao.pro"]},{"rank":{"index":2,"lang":"id","country":"id","chineseCountryName":"印尼","pkg":"com.spaceship.screen.textcopy"},"orders":["com.recognize_text.translate.screen","com.spaceship.screen.textcopy","com.tap_to_translate.snap_translate","com.gaminik.i18n","com.niven.game","com.niven.translator","com.youdao.hindict","com.newmg.yurao.pro","com.niven.comic"]},{"rank":{"index":2,"lang":"es-mx","country":"mx","chineseCountryName":"墨西哥","pkg":"com.spaceship.screen.textcopy"},"orders":["com.recognize_text.translate.screen","com.spaceship.screen.textcopy","com.niven.translator","com.gaminik.i18n","com.niven.game","com.tap_to_translate.snap_translate","com.galaxy.airviewdictionary","com.screen.translator.text.recognize","com.niven.comic","com.newmg.yurao.pro","com.eecorp.taptranslator","com.microsoft.translator","com.youdao.hindict","com.screen.translate.google","com.google.android.apps.translate","com.eecorp.linguago","at.nk.tools.iTranslate","com.android.chrome","com.google.android.apps.photos","com.audacityittranslator.translatetexttranslator"]}]