[{"rank":{"index":2,"lang":"en-us","country":"us","chineseCountryName":"美国","pkg":"com.spaceship.screen.textcopy"},"orders":["com.recognize_text.translate.screen","com.spaceship.screen.textcopy","com.gaminik.i18n","com.tap_to_translate.snap_translate","com.microsoft.translator","com.google.android.apps.translate","com.niven.game","com.newmg.yurao.pro","com.niven.translator","com.naver.labs.translator","com.niven.comic","screen.translator.voice.translate","com.niven.apptranslate","com.eecorp.taptranslator","at.nk.tools.iTranslate","com.screen.translate.google","com.translate.talkingtranslator","com.deepl.mobiletranslator","com.youdao.hindict","com.zaz.translate"]},{"rank":{"index":2,"lang":"ru","country":"ru","chineseCountryName":"俄罗斯","pkg":"com.spaceship.screen.textcopy"},"orders":["com.recognize_text.translate.screen","com.spaceship.screen.textcopy","com.tap_to_translate.snap_translate","com.gaminik.i18n","com.microsoft.translator","com.niven.translator","com.niven.game","com.google.android.apps.translate","com.newmg.yurao.pro","com.screen.translate.google","com.niven.comic","com.niven.apptranslate","com.deepl.mobiletranslator","com.youdao.hindict","at.nk.tools.iTranslate","com.ticktalk.translatevoice","com.zaz.translate","ru.yandex.translate","com.google.ar.lens","com.naver.labs.translator"]},{"rank":{"index":2,"lang":"pt-br","country":"br","chineseCountryName":"巴西","pkg":"com.spaceship.screen.textcopy"},"orders":["com.recognize_text.translate.screen","com.spaceship.screen.textcopy","com.tap_to_translate.snap_translate","com.gaminik.i18n","com.niven.game","com.niven.translator","com.newmg.yurao.pro","com.screen.translate.google","com.microsoft.translator","com.niven.comic","com.youdao.hindict","com.google.android.apps.translate","com.android.chrome","com.niven.apptranslate","us.zoom.videomeetings","com.microsoft.office.outlook","com.google.android.apps.docs","com.google.android.apps.maps","com.google.android.apps.photos","com.discord"]},{"rank":{"index":2,"lang":"fr","country":"fr","chineseCountryName":"法国","pkg":"com.spaceship.screen.textcopy"},"orders":["com.recognize_text.translate.screen","com.spaceship.screen.textcopy","com.gaminik.i18n","com.tap_to_translate.snap_translate","com.niven.game","com.newmg.yurao.pro","com.microsoft.translator","com.screen.translate.google","com.niven.translator","com.google.android.apps.translate","screen.translator.voice.translate","com.eecorp.taptranslator","com.niven.comic","com.deepl.mobiletranslator","com.youdao.hindict","us.zoom.videomeetings","com.discord","com.duolingo","com.microsoft.office.outlook","com.niven.apptranslate"]},{"rank":{"index":2,"lang":"en-gb","country":"gb","chineseCountryName":"英国","pkg":"com.spaceship.screen.textcopy"},"orders":["com.recognize_text.translate.screen","com.spaceship.screen.textcopy","com.tap_to_translate.snap_translate","com.microsoft.translator","com.gaminik.i18n","com.google.android.apps.translate","screen.translator.voice.translate","com.niven.game","com.newmg.yurao.pro","com.niven.translator","com.screen.translate.google","com.youdao.hindict","at.nk.tools.iTranslate","com.niven.comic","com.niven.apptranslate","com.eecorp.taptranslator","com.deepl.mobiletranslator","com.naver.labs.translator","com.zaz.translate","com.translate.talkingtranslator"]},{"rank":{"index":2,"lang":"de","country":"de","chineseCountryName":"德国","pkg":"com.spaceship.screen.textcopy"},"orders":["com.recognize_text.translate.screen","com.spaceship.screen.textcopy","com.gaminik.i18n","com.newmg.yurao.pro","com.niven.translator","com.tap_to_translate.snap_translate","com.niven.game","com.microsoft.translator","com.niven.comic","com.eecorp.linguago","screen.translator.voice.translate","com.deepl.mobiletranslator","com.google.android.apps.translate","com.niven.apptranslate","com.chat_translate.screen_translate","com.eecorp.taptranslator","com.translate.talkingtranslator","com.android.chrome","com.youdao.hindict","com.discord"]},{"rank":{"index":2,"lang":"it","country":"it","chineseCountryName":"意大利","pkg":"com.spaceship.screen.textcopy"},"orders":["com.recognize_text.translate.screen","com.spaceship.screen.textcopy","screen.translator.voice.translate","com.gaminik.i18n","com.niven.game","com.tap_to_translate.snap_translate","com.niven.translator","com.niven.comic","com.microsoft.translator","com.eecorp.linguago","com.newmg.yurao.pro","com.eecorp.taptranslator","com.niven.apptranslate","com.google.android.apps.translate","com.deepl.mobiletranslator","com.chat_translate.screen_translate","com.youdao.hindict","com.google.android.apps.photos","com.adobe.reader","us.zoom.videomeetings"]},{"rank":{"index":2,"lang":"ja","country":"jp","chineseCountryName":"日本","pkg":"com.spaceship.screen.textcopy"},"orders":["com.recognize_text.translate.screen","com.spaceship.screen.textcopy","com.gaminik.i18n","com.tap_to_translate.snap_translate","com.niven.game","com.eecorp.taptranslator","com.niven.translator","com.newmg.yurao.pro","com.screen.translate.google","com.deepl.mobiletranslator","com.niven.apptranslate","com.naver.labs.translator","com.google.android.apps.translate","com.niven.comic","com.microsoft.translator","com.youdao.hindict","com.translate.talkingtranslator","screen.translator.voice.translate","at.nk.tools.iTranslate","com.eecorp.linguago"]},{"rank":{"index":2,"lang":"ko","country":"kr","chineseCountryName":"韩国","pkg":"com.spaceship.screen.textcopy"},"orders":["com.recognize_text.translate.screen","com.spaceship.screen.textcopy","com.tap_to_translate.snap_translate","com.gaminik.i18n","com.microsoft.translator","com.niven.translator","com.niven.game","com.google.android.apps.translate","com.naver.labs.translator","com.niven.comic","com.newmg.yurao.pro","com.eecorp.linguago","com.niven.apptranslate","com.eecorp.taptranslator","com.youdao.hindict","com.deepl.mobiletranslator","at.nk.tools.iTranslate","com.zaz.translate","screen.translator.voice.translate","com.mg.subtitle.google"]},{"rank":{"index":2,"lang":"zh-hk","country":"hk","chineseCountryName":"香港","pkg":"com.spaceship.screen.textcopy"},"orders":["com.recognize_text.translate.screen","com.spaceship.screen.textcopy","com.gaminik.i18n","com.tap_to_translate.snap_translate","com.microsoft.translator","com.niven.game","com.google.android.apps.translate","com.niven.translator","com.niven.comic","com.newmg.yurao.pro","com.eecorp.linguago","com.eecorp.taptranslator","com.niven.apptranslate","com.mg.chat","com.naver.labs.translator","screen.translator.voice.translate","com.mg.subtitle.google","com.deepl.mobiletranslator","at.nk.tools.iTranslate","com.zaz.translate"]},{"rank":{"index":2,"lang":"zh-tw","country":"tw","chineseCountryName":"台湾","pkg":"com.spaceship.screen.textcopy"},"orders":["com.recognize_text.translate.screen","com.spaceship.screen.textcopy","com.tap_to_translate.snap_translate","com.gaminik.i18n","com.microsoft.translator","com.niven.game","com.niven.translator","com.niven.comic","com.google.android.apps.translate","com.eecorp.linguago","com.newmg.yurao.pro","com.naver.labs.translator","com.eecorp.taptranslator","com.niven.apptranslate","com.mg.chat","com.deepl.mobiletranslator","at.nk.tools.iTranslate","com.youdao.hindict","screen.translator.voice.translate","com.translate.talkingtranslator"]},{"rank":{"index":2,"lang":"en","country":"in","chineseCountryName":"印度","pkg":"com.spaceship.screen.textcopy"},"orders":["com.recognize_text.translate.screen","com.spaceship.screen.textcopy","com.google.android.apps.translate","com.microsoft.translator","com.newmg.yurao.pro","com.gaminik.i18n"]},{"rank":{"index":1,"lang":"id","country":"id","chineseCountryName":"印尼","pkg":"com.spaceship.screen.textcopy"},"orders":["com.spaceship.screen.textcopy","com.recognize_text.translate.screen","com.tap_to_translate.snap_translate","com.gaminik.i18n","com.niven.game","com.niven.translator","com.youdao.hindict","com.newmg.yurao.pro","com.screen.translate.google","com.google.android.apps.translate","com.niven.comic","com.naver.labs.translator"]},{"rank":{"index":2,"lang":"es-mx","country":"mx","chineseCountryName":"墨西哥","pkg":"com.spaceship.screen.textcopy"},"orders":["com.recognize_text.translate.screen","com.spaceship.screen.textcopy","com.gaminik.i18n","com.tap_to_translate.snap_translate","com.niven.translator","com.niven.game","com.niven.comic","com.newmg.yurao.pro","com.eecorp.linguago","com.youdao.hindict","com.microsoft.translator","screen.translator.voice.translate","com.google.android.apps.translate","com.niven.apptranslate","com.android.chrome","com.google.android.apps.photos","com.duolingo","com.google.android.apps.docs","com.discord","com.google.android.apps.maps"]}]