[{"rank":{"index":2,"lang":"en-us","country":"us","chineseCountryName":"美国","pkg":"com.spaceship.screen.textcopy"},"orders":["com.recognize_text.translate.screen","com.spaceship.screen.textcopy","com.niven.translator","com.screen.translate.google","com.tap_to_translate.snap_translate","com.galaxy.airviewdictionary","com.gaminik.i18n","com.newmg.yurao.pro","com.google.android.apps.translate","com.deepl.mobiletranslator","com.immersivetranslate.browser","com.microsoft.translator","com.naver.labs.translator","at.nk.tools.iTranslate","com.niven.apptranslate","com.zaz.translate","com.voice_camera_free_translate","link.zhidou.btranslator","com.niven.game","com.eecorp.linguago"]},{"rank":{"index":3,"lang":"ru","country":"ru","chineseCountryName":"俄罗斯","pkg":"com.spaceship.screen.textcopy"},"orders":["com.recognize_text.translate.screen","com.tap_to_translate.snap_translate","com.spaceship.screen.textcopy","com.niven.translator","com.screen.translate.google","com.galaxy.airviewdictionary","com.newmg.yurao.pro","com.gaminik.i18n","com.deepl.mobiletranslator","com.immersivetranslate.browser","ru.yandex.translate","com.niven.game","com.niven.apptranslate"]},{"rank":{"index":2,"lang":"pt-br","country":"br","chineseCountryName":"巴西","pkg":"com.spaceship.screen.textcopy"},"orders":["com.recognize_text.translate.screen","com.spaceship.screen.textcopy","com.tap_to_translate.snap_translate","com.niven.translator","com.galaxy.airviewdictionary","com.gaminik.i18n","com.newmg.yurao.pro","com.screen.translate.google","com.deepl.mobiletranslator","com.voice_camera_free_translate","com.immersivetranslate.browser","com.niven.apptranslate","com.google.android.apps.translate","com.niven.game","com.microsoft.translator","com.zaz.translate","at.nk.tools.iTranslate","com.fapp.translate.language.translator.fasttranslation","ru.yandex.translate","com.tangdi.baiguotong"]},{"rank":{"index":2,"lang":"fr","country":"fr","chineseCountryName":"法国","pkg":"com.spaceship.screen.textcopy"},"orders":["com.recognize_text.translate.screen","com.spaceship.screen.textcopy","com.tap_to_translate.snap_translate","com.niven.translator","com.galaxy.airviewdictionary","com.gaminik.i18n","com.newmg.yurao.pro","com.screen.translate.google","com.voice_camera_free_translate","com.immersivetranslate.browser","com.deepl.mobiletranslator","com.google.android.apps.translate","com.fapp.translate.language.translator.fasttranslation","com.niven.apptranslate","com.zaz.translate","com.datacomprojects.scanandtranslate","com.microsoft.translator","ru.yandex.translate","com.niven.game","live.screentranslate.realtime"]},{"rank":{"index":2,"lang":"en-gb","country":"gb","chineseCountryName":"英国","pkg":"com.spaceship.screen.textcopy"},"orders":["com.recognize_text.translate.screen","com.spaceship.screen.textcopy","com.niven.translator","com.galaxy.airviewdictionary","com.screen.translate.google","com.google.android.apps.translate","com.gaminik.i18n","com.newmg.yurao.pro","com.tap_to_translate.snap_translate","com.deepl.mobiletranslator","com.immersivetranslate.browser","com.microsoft.translator","at.nk.tools.iTranslate","com.zaz.translate","com.fapp.translate.language.translator.fasttranslation","link.zhidou.btranslator","com.datacomprojects.scanandtranslate","com.naver.labs.translator","ru.yandex.translate","com.phototranslator.camera.voicetranslate.texttranslation"]},{"rank":{"index":5,"lang":"de","country":"de","chineseCountryName":"德国","pkg":"com.spaceship.screen.textcopy"},"orders":["com.recognize_text.translate.screen","com.niven.translator","com.tap_to_translate.snap_translate","com.galaxy.airviewdictionary","com.spaceship.screen.textcopy","com.screen.translate.google","com.gaminik.i18n","com.newmg.yurao.pro","com.deepl.mobiletranslator","com.immersivetranslate.browser","com.voice_camera_free_translate","com.google.android.apps.translate","com.fapp.translate.language.translator.fasttranslation","com.microsoft.translator","com.zaz.translate","com.niven.apptranslate","at.nk.tools.iTranslate","ru.yandex.translate","com.niven.game","photo.translate.camera.translator"]},{"rank":{"index":2,"lang":"it","country":"it","chineseCountryName":"意大利","pkg":"com.spaceship.screen.textcopy"},"orders":["com.recognize_text.translate.screen","com.spaceship.screen.textcopy","com.tap_to_translate.snap_translate","com.galaxy.airviewdictionary","com.gaminik.i18n","com.newmg.yurao.pro","com.screen.translate.google","com.niven.translator","com.deepl.mobiletranslator","com.immersivetranslate.browser","com.google.android.apps.translate","com.voice_camera_free_translate","com.fapp.translate.language.translator.fasttranslation","com.microsoft.translator","com.niven.apptranslate","com.zaz.translate","at.nk.tools.iTranslate","com.niven.game","link.zhidou.btranslator","com.tangdi.baiguotong"]},{"rank":{"index":3,"lang":"ja","country":"jp","chineseCountryName":"日本","pkg":"com.spaceship.screen.textcopy"},"orders":["com.recognize_text.translate.screen","com.tap_to_translate.snap_translate","com.spaceship.screen.textcopy","com.niven.translator","com.gaminik.i18n","com.galaxy.airviewdictionary","com.newmg.yurao.pro","com.google.android.apps.translate","com.deepl.mobiletranslator"]},{"rank":{"index":3,"lang":"ko","country":"kr","chineseCountryName":"韩国","pkg":"com.spaceship.screen.textcopy"},"orders":["com.recognize_text.translate.screen","com.tap_to_translate.snap_translate","com.spaceship.screen.textcopy","com.niven.translator","com.galaxy.airviewdictionary","com.gaminik.i18n","com.newmg.yurao.pro","com.screen.translate.google","com.immersivetranslate.browser","com.deepl.mobiletranslator","com.voice_camera_free_translate","com.naver.labs.translator","com.niven.apptranslate","com.google.android.apps.translate","com.niven.game","com.zaz.translate","at.nk.tools.iTranslate","com.microsoft.translator","com.fapp.translate.language.translator.fasttranslation","link.zhidou.btranslator"]},{"rank":{"index":2,"lang":"zh-hk","country":"hk","chineseCountryName":"香港","pkg":"com.spaceship.screen.textcopy"},"orders":["com.recognize_text.translate.screen","com.spaceship.screen.textcopy","com.tap_to_translate.snap_translate","com.screen.translate.google","com.galaxy.airviewdictionary","com.niven.translator","com.gaminik.i18n","com.newmg.yurao.pro","com.immersivetranslate.browser","com.deepl.mobiletranslator","com.google.android.apps.translate","com.voice_camera_free_translate","at.nk.tools.iTranslate","com.microsoft.translator","com.zaz.translate","com.niven.apptranslate","com.naver.labs.translator","com.fapp.translate.language.translator.fasttranslation","link.zhidou.btranslator","com.phototranslator.camera.voicetranslate.texttranslation"]},{"rank":{"index":3,"lang":"zh-tw","country":"tw","chineseCountryName":"台湾","pkg":"com.spaceship.screen.textcopy"},"orders":["com.recognize_text.translate.screen","com.galaxy.airviewdictionary","com.spaceship.screen.textcopy","com.newmg.yurao.pro","com.gaminik.i18n","com.niven.translator","com.screen.translate.google","com.tap_to_translate.snap_translate","com.immersivetranslate.browser","com.deepl.mobiletranslator","com.google.android.apps.translate","com.fapp.translate.language.translator.fasttranslation","at.nk.tools.iTranslate","com.niven.apptranslate","com.microsoft.translator","com.zaz.translate","com.naver.labs.translator","com.datacomprojects.scanandtranslate","com.niven.game","link.zhidou.btranslator"]},{"rank":{"index":2,"lang":"en","country":"in","chineseCountryName":"印度","pkg":"com.spaceship.screen.textcopy"},"orders":["com.recognize_text.translate.screen","com.spaceship.screen.textcopy","com.newmg.yurao.pro","com.tap_to_translate.snap_translate","com.gaminik.i18n","com.zaz.translate","com.google.android.apps.translate","at.nk.tools.iTranslate","com.deepl.mobiletranslator","com.immersivetranslate.browser","com.microsoft.translator","ru.yandex.translate","com.voice_camera_free_translate","photo.translate.camera.translator","co.appnation.aivoicetranslator","com.galaxy.airviewdictionary","com.niven.translator","com.screen.translate.google","translate.speech.text.translation.voicetranslator","com.niven.apptranslate"]},{"rank":{"index":2,"lang":"id","country":"id","chineseCountryName":"印尼","pkg":"com.spaceship.screen.textcopy"},"orders":["com.recognize_text.translate.screen","com.spaceship.screen.textcopy","com.tap_to_translate.snap_translate","com.niven.translator","com.galaxy.airviewdictionary","com.newmg.yurao.pro","com.gaminik.i18n","com.screen.translate.google","com.deepl.mobiletranslator","com.voice_camera_free_translate","com.niven.game","com.google.android.apps.translate"]},{"rank":{"index":2,"lang":"es-mx","country":"mx","chineseCountryName":"墨西哥","pkg":"com.spaceship.screen.textcopy"},"orders":["com.recognize_text.translate.screen","com.spaceship.screen.textcopy","com.tap_to_translate.snap_translate","com.niven.translator","com.galaxy.airviewdictionary","com.gaminik.i18n","com.newmg.yurao.pro","com.screen.translate.google","com.deepl.mobiletranslator","com.voice_camera_free_translate","com.niven.apptranslate","com.google.android.apps.translate","com.immersivetranslate.browser","com.niven.game","at.nk.tools.iTranslate","com.microsoft.translator","com.zaz.translate","com.fapp.translate.language.translator.fasttranslation","link.zhidou.btranslator","ru.yandex.translate"]}]