[{"rank":{"index":2,"lang":"en-us","country":"us","chineseCountryName":"美国","pkg":"com.spaceship.screen.textcopy"},"orders":["com.recognize_text.translate.screen","com.spaceship.screen.textcopy","com.niven.translator","com.screen.translate.google","com.galaxy.airviewdictionary","com.gaminik.i18n","com.tap_to_translate.snap_translate","com.newmg.yurao.pro","com.google.android.apps.translate","com.deepl.mobiletranslator","com.microsoft.translator","com.niven.apptranslate","at.nk.tools.iTranslate","com.immersivetranslate.browser","co.appnation.aivoicetranslator"]},{"rank":{"index":7,"lang":"ru","country":"ru","chineseCountryName":"俄罗斯","pkg":"com.spaceship.screen.textcopy"},"orders":["com.recognize_text.translate.screen","com.gaminik.i18n","com.tap_to_translate.snap_translate","com.niven.translator","com.screen.translate.google","com.galaxy.airviewdictionary","com.spaceship.screen.textcopy","com.newmg.yurao.pro","com.niven.apptranslate"]},{"rank":{"index":2,"lang":"pt-br","country":"br","chineseCountryName":"巴西","pkg":"com.spaceship.screen.textcopy"},"orders":["com.recognize_text.translate.screen","com.spaceship.screen.textcopy","com.gaminik.i18n","com.niven.translator","com.tap_to_translate.snap_translate","com.screen.translate.google","com.galaxy.airviewdictionary","com.newmg.yurao.pro","com.niven.apptranslate","com.voice_camera_free_translate","com.newtranslate.google","com.niven.game","com.deepl.mobiletranslator","com.immersivetranslate.browser","com.microsoft.translator","com.eecorp.linguago","com.google.android.apps.translate","com.fapp.translate.language.translator.fasttranslation","at.nk.tools.iTranslate","translate.speech.text.translation.voicetranslator"]},{"rank":{"index":2,"lang":"fr","country":"fr","chineseCountryName":"法国","pkg":"com.spaceship.screen.textcopy"},"orders":["com.recognize_text.translate.screen","com.spaceship.screen.textcopy","com.tap_to_translate.snap_translate","com.gaminik.i18n","com.galaxy.airviewdictionary","com.niven.translator","com.screen.translate.google","com.newmg.yurao.pro","com.niven.apptranslate","com.voice_camera_free_translate","com.newtranslate.google","com.eecorp.linguago","com.immersivetranslate.browser","com.datacomprojects.scanandtranslate","com.deepl.mobiletranslator","live.screentranslate.realtime","com.fapp.translate.language.translator.fasttranslation","com.google.android.apps.translate","com.microsoft.translator","at.nk.tools.iTranslate"]},{"rank":{"index":2,"lang":"en-gb","country":"gb","chineseCountryName":"英国","pkg":"com.spaceship.screen.textcopy"},"orders":["com.recognize_text.translate.screen","com.spaceship.screen.textcopy","com.niven.translator","com.gaminik.i18n","com.galaxy.airviewdictionary","com.screen.translate.google","com.newmg.yurao.pro","com.tap_to_translate.snap_translate","com.google.android.apps.translate","com.deepl.mobiletranslator","com.niven.apptranslate","at.nk.tools.iTranslate","com.microsoft.translator","com.fapp.translate.language.translator.fasttranslation","com.immersivetranslate.browser","photo.translate.camera.translator","com.newtranslate.google","co.appnation.aivoicetranslator","com.eecorp.linguago","translate.speech.text.translation.voicetranslator"]},{"rank":{"index":5,"lang":"de","country":"de","chineseCountryName":"德国","pkg":"com.spaceship.screen.textcopy"},"orders":["com.recognize_text.translate.screen","com.niven.translator","com.tap_to_translate.snap_translate","com.gaminik.i18n","com.spaceship.screen.textcopy","com.galaxy.airviewdictionary","com.screen.translate.google","com.newmg.yurao.pro","com.niven.apptranslate","com.voice_camera_free_translate","com.newtranslate.google","com.immersivetranslate.browser","com.deepl.mobiletranslator","com.microsoft.translator","com.hive.lingonative","com.fapp.translate.language.translator.fasttranslation","com.google.android.apps.translate","com.eecorp.linguago","live.screentranslate.realtime","com.niven.game"]},{"rank":{"index":3,"lang":"it","country":"it","chineseCountryName":"意大利","pkg":"com.spaceship.screen.textcopy"},"orders":["com.recognize_text.translate.screen","com.gaminik.i18n","com.spaceship.screen.textcopy","com.screen.translate.google","com.galaxy.airviewdictionary","com.tap_to_translate.snap_translate","com.niven.translator","com.newmg.yurao.pro","com.niven.apptranslate","com.voice_camera_free_translate","com.deepl.mobiletranslator","com.newtranslate.google","com.datacomprojects.scanandtranslate","com.immersivetranslate.browser","com.hive.lingonative","com.google.android.apps.translate","com.microsoft.translator","com.fapp.translate.language.translator.fasttranslation","com.eecorp.linguago","com.eecorp.taptranslator"]},{"rank":{"index":2,"lang":"ja","country":"jp","chineseCountryName":"日本","pkg":"com.spaceship.screen.textcopy"},"orders":["com.recognize_text.translate.screen","com.spaceship.screen.textcopy","com.gaminik.i18n","com.tap_to_translate.snap_translate","com.screen.translate.google","com.niven.translator","com.galaxy.airviewdictionary","com.newmg.yurao.pro","com.niven.apptranslate","com.immersivetranslate.browser","com.deepl.mobiletranslator"]},{"rank":{"index":3,"lang":"ko","country":"kr","chineseCountryName":"韩国","pkg":"com.spaceship.screen.textcopy"},"orders":["com.recognize_text.translate.screen","com.gaminik.i18n","com.spaceship.screen.textcopy","com.tap_to_translate.snap_translate","com.niven.translator","com.screen.translate.google","com.galaxy.airviewdictionary","com.newmg.yurao.pro","com.niven.apptranslate","com.voice_camera_free_translate","com.newtranslate.google","com.hive.lingonative","com.immersivetranslate.browser","com.microsoft.translator","com.deepl.mobiletranslator","com.google.android.apps.translate","com.naver.labs.translator","com.eecorp.linguago","co.appnation.aivoicetranslator","com.niven.game"]},{"rank":{"index":2,"lang":"zh-hk","country":"hk","chineseCountryName":"香港","pkg":"com.spaceship.screen.textcopy"},"orders":["com.recognize_text.translate.screen","com.spaceship.screen.textcopy","com.screen.translate.google","com.tap_to_translate.snap_translate","com.niven.translator","com.galaxy.airviewdictionary","com.newmg.yurao.pro","com.gaminik.i18n","com.niven.apptranslate","com.deepl.mobiletranslator","com.google.android.apps.translate","com.voice_camera_free_translate","at.nk.tools.iTranslate","com.newtranslate.google","com.microsoft.translator","com.fapp.translate.language.translator.fasttranslation","com.immersivetranslate.browser","com.eecorp.linguago","com.niven.game","photo.translate.camera.translator"]},{"rank":{"index":2,"lang":"zh-tw","country":"tw","chineseCountryName":"台湾","pkg":"com.spaceship.screen.textcopy"},"orders":["com.recognize_text.translate.screen","com.spaceship.screen.textcopy","com.screen.translate.google","com.gaminik.i18n","com.galaxy.airviewdictionary","com.niven.translator","com.tap_to_translate.snap_translate","com.newmg.yurao.pro","com.niven.apptranslate","com.newtranslate.google","com.immersivetranslate.browser","com.deepl.mobiletranslator","com.microsoft.translator","com.google.android.apps.translate","com.fapp.translate.language.translator.fasttranslation","com.niven.game","at.nk.tools.iTranslate","com.naver.labs.translator","translate.speech.text.translation.voicetranslator","com.android.chrome"]},{"rank":{"index":2,"lang":"en","country":"in","chineseCountryName":"印度","pkg":"com.spaceship.screen.textcopy"},"orders":["com.recognize_text.translate.screen","com.spaceship.screen.textcopy","com.newmg.yurao.pro","com.gaminik.i18n"]},{"rank":{"index":2,"lang":"id","country":"id","chineseCountryName":"印尼","pkg":"com.spaceship.screen.textcopy"},"orders":["com.recognize_text.translate.screen","com.spaceship.screen.textcopy","com.tap_to_translate.snap_translate","com.gaminik.i18n","com.niven.translator","com.screen.translate.google","com.galaxy.airviewdictionary","com.newmg.yurao.pro","com.niven.apptranslate","com.voice_camera_free_translate"]},{"rank":{"index":2,"lang":"es-mx","country":"mx","chineseCountryName":"墨西哥","pkg":"com.spaceship.screen.textcopy"},"orders":["com.recognize_text.translate.screen","com.spaceship.screen.textcopy","com.tap_to_translate.snap_translate","com.gaminik.i18n","com.newmg.yurao.pro","com.voice_camera_free_translate","com.deepl.mobiletranslator","com.google.android.apps.translate","at.nk.tools.iTranslate","ru.yandex.translate","com.immersivetranslate.browser","link.zhidou.btranslator","com.google.ar.lens","co.langlang.translator_for_wsp","com.android.chrome","com.tangdi.baiguotong","com.intsig.camscanner","com.google.android.googlequicksearchbox","com.google.android.apps.bard","com.openai.chatgpt"]}]