[{"rank":{"index":2,"lang":"en-us","country":"us","chineseCountryName":"美国","pkg":"com.spaceship.screen.textcopy"},"orders":["com.recognize_text.translate.screen","com.spaceship.screen.textcopy","com.niven.translator","com.tap_to_translate.snap_translate","com.microsoft.translator","com.google.android.apps.translate","com.gaminik.i18n","com.niven.game","com.newmg.yurao.pro","com.niven.comic","com.sayhi.android.sayhitranslate","com.zaz.translate","com.language.translate.free.translator.voice.translation","com.screen.translate.google","com.naver.labs.translator","com.niven.apptranslate","com.languagetranslator.translatorapp.smartscanner.dictionary.translation.voicetranslator","com.tangdi.baiguotong","com.translate.talkingtranslator","com.mobisystems.msdict.embedded.wireless.collins.ee"]},{"rank":{"index":2,"lang":"ru","country":"ru","chineseCountryName":"俄罗斯","pkg":"com.spaceship.screen.textcopy"},"orders":["com.recognize_text.translate.screen","com.spaceship.screen.textcopy","com.niven.translator","com.tap_to_translate.snap_translate","com.microsoft.translator","com.niven.game","com.newmg.yurao.pro","com.gaminik.i18n","com.google.android.apps.translate","ru.yandex.translate","com.niven.comic","com.screen.translate.google","com.tangdi.baiguotong","com.deepl.mobiletranslator","com.erudite.translator","com.sayhi.android.sayhitranslate","com.language.translate.free.translator.voice.translation","com.translate.language.translator.voice.translation","com.niven.apptranslate","com.datacomprojects.scanandtranslate"]},{"rank":{"index":2,"lang":"pt-br","country":"br","chineseCountryName":"巴西","pkg":"com.spaceship.screen.textcopy"},"orders":["com.recognize_text.translate.screen","com.spaceship.screen.textcopy","com.tap_to_translate.snap_translate","com.gaminik.i18n","com.niven.translator","com.niven.game","com.niven.comic","com.microsoft.translator","com.newmg.yurao.pro","com.screen.translate.google","com.language.translate.free.translator.voice.translation","com.google.android.apps.translate","com.niven.apptranslate","com.deepl.mobiletranslator","com.languagetranslator.translatorapp.smartscanner.dictionary.translation.voicetranslator","com.zaz.translate","com.tangdi.baiguotong","com.android.chrome","com.wooask.zx","com.google.android.apps.photos"]},{"rank":{"index":2,"lang":"fr","country":"fr","chineseCountryName":"法国","pkg":"com.spaceship.screen.textcopy"},"orders":["com.recognize_text.translate.screen","com.spaceship.screen.textcopy","com.tap_to_translate.snap_translate","com.microsoft.translator","com.gaminik.i18n","com.niven.translator","com.niven.game","com.newmg.yurao.pro","com.niven.comic","com.tangdi.baiguotong","com.language.translate.free.translator.voice.translation","com.zaz.translate","com.screen.translate.google","com.google.android.apps.translate","com.translate.language.translator.voice.translation","com.sayhi.android.sayhitranslate","com.niven.apptranslate","com.translate.talkingtranslator","com.languagetranslator.translatorapp.smartscanner.dictionary.translation.voicetranslator","com.softissimo.reverso.context"]},{"rank":{"index":2,"lang":"en-gb","country":"gb","chineseCountryName":"英国","pkg":"com.spaceship.screen.textcopy"},"orders":["com.recognize_text.translate.screen","com.spaceship.screen.textcopy","com.tap_to_translate.snap_translate","com.gaminik.i18n","com.microsoft.translator","com.niven.translator","com.google.android.apps.translate","com.niven.game","com.newmg.yurao.pro","com.niven.comic","com.zaz.translate","com.sayhi.android.sayhitranslate","com.screen.translate.google","com.language.translate.free.translator.voice.translation","com.mobisystems.msdict.embedded.wireless.collins.ee","com.tangdi.baiguotong","com.languagetranslator.translatorapp.smartscanner.dictionary.translation.voicetranslator","com.naver.labs.translator","com.niven.apptranslate","com.deepl.mobiletranslator"]},{"rank":{"index":2,"lang":"de","country":"de","chineseCountryName":"德国","pkg":"com.spaceship.screen.textcopy"},"orders":["com.recognize_text.translate.screen","com.spaceship.screen.textcopy","com.tap_to_translate.snap_translate","com.microsoft.translator","com.niven.translator","com.gaminik.i18n","com.niven.game","com.niven.comic","com.google.android.apps.translate","com.newmg.yurao.pro","com.sayhi.android.sayhitranslate","com.deepl.mobiletranslator","com.language.translate.free.translator.voice.translation","com.tangdi.baiguotong","com.screen.translate.google","com.translate.talkingtranslator","com.zaz.translate","com.translate.language.translator.voice.translation","com.erudite.translator","com.niven.apptranslate"]},{"rank":{"index":2,"lang":"it","country":"it","chineseCountryName":"意大利","pkg":"com.spaceship.screen.textcopy"},"orders":["com.recognize_text.translate.screen","com.spaceship.screen.textcopy","com.tap_to_translate.snap_translate","com.gaminik.i18n","com.niven.translator","com.niven.game","com.microsoft.translator","com.niven.comic","com.newmg.yurao.pro","com.tangdi.baiguotong","com.language.translate.free.translator.voice.translation","com.google.android.apps.translate","com.zaz.translate","com.sayhi.android.sayhitranslate","com.screen.translate.google","com.translate.language.translator.voice.translation","com.niven.apptranslate","com.translate.talkingtranslator","com.deepl.mobiletranslator","com.languagetranslator.translatorapp.smartscanner.dictionary.translation.voicetranslator"]},{"rank":{"index":2,"lang":"ja","country":"jp","chineseCountryName":"日本","pkg":"com.spaceship.screen.textcopy"},"orders":["com.recognize_text.translate.screen","com.spaceship.screen.textcopy","com.tap_to_translate.snap_translate","com.gaminik.i18n","com.niven.game","com.niven.translator","com.microsoft.translator","com.newmg.yurao.pro","com.niven.comic","com.naver.labs.translator","com.deepl.mobiletranslator","com.language.translate.free.translator.voice.translation","com.screen.translate.google"]},{"rank":{"index":2,"lang":"ko","country":"kr","chineseCountryName":"韩国","pkg":"com.spaceship.screen.textcopy"},"orders":["com.recognize_text.translate.screen","com.spaceship.screen.textcopy","com.tap_to_translate.snap_translate","com.microsoft.translator","com.google.android.apps.translate","com.naver.labs.translator","com.gaminik.i18n","com.niven.translator","com.niven.game","com.newmg.yurao.pro","com.niven.comic","com.sayhi.android.sayhitranslate","com.language.translate.free.translator.voice.translation","com.zaz.translate","com.screen.translate.google","com.flitto.app","com.deepl.mobiletranslator","com.translate.language.translator.voice.translation","com.languagetranslator.translatorapp.smartscanner.dictionary.translation.voicetranslator","com.translate.talkingtranslator"]},{"rank":{"index":2,"lang":"zh-hk","country":"hk","chineseCountryName":"香港","pkg":"com.spaceship.screen.textcopy"},"orders":["com.recognize_text.translate.screen","com.spaceship.screen.textcopy","com.tap_to_translate.snap_translate","com.microsoft.translator","com.google.android.apps.translate","com.gaminik.i18n","com.niven.translator","com.niven.game","com.tangdi.baiguotong","com.niven.comic","com.newmg.yurao.pro","com.naver.labs.translator","com.language.translate.free.translator.voice.translation","com.screen.translate.google","com.zaz.translate","com.sayhi.android.sayhitranslate","jp.go.nict.voicetra","com.translate.language.translator.voice.translation","com.datacomprojects.scanandtranslate","com.flitto.app"]},{"rank":{"index":2,"lang":"zh-tw","country":"tw","chineseCountryName":"台湾","pkg":"com.spaceship.screen.textcopy"},"orders":["com.recognize_text.translate.screen","com.spaceship.screen.textcopy","com.tap_to_translate.snap_translate","com.gaminik.i18n","com.microsoft.translator","com.niven.translator","com.google.android.apps.translate","com.niven.game","com.naver.labs.translator","com.tangdi.baiguotong","com.niven.comic","com.newmg.yurao.pro","com.language.translate.free.translator.voice.translation","com.zaz.translate","com.translate.talkingtranslator","com.sayhi.android.sayhitranslate","com.translate.language.translator.voice.translation","com.screen.translate.google","com.flitto.app","com.datacomprojects.scanandtranslate"]},{"rank":{"index":2,"lang":"en","country":"in","chineseCountryName":"印度","pkg":"com.spaceship.screen.textcopy"},"orders":["com.recognize_text.translate.screen","com.spaceship.screen.textcopy","com.tap_to_translate.snap_translate"]},{"rank":{"index":2,"lang":"id","country":"id","chineseCountryName":"印尼","pkg":"com.spaceship.screen.textcopy"},"orders":["com.recognize_text.translate.screen","com.spaceship.screen.textcopy","com.tap_to_translate.snap_translate","com.niven.translator","com.niven.game","com.gaminik.i18n","com.niven.comic","com.newmg.yurao.pro","com.youdao.hindict","com.microsoft.translator","com.screen.translate.google","com.google.android.apps.translate"]},{"rank":{"index":2,"lang":"es-mx","country":"mx","chineseCountryName":"墨西哥","pkg":"com.spaceship.screen.textcopy"},"orders":["com.recognize_text.translate.screen","com.spaceship.screen.textcopy","com.tap_to_translate.snap_translate","com.niven.translator","com.niven.game","com.gaminik.i18n","com.microsoft.translator","com.niven.comic","com.newmg.yurao.pro","com.screen.translate.google","com.google.android.apps.translate","com.language.translate.free.translator.voice.translation","com.zaz.translate","com.niven.apptranslate","com.tangdi.baiguotong","com.aldoo.pdftranslatorpro","com.sayhi.android.sayhitranslate","com.deepl.mobiletranslator","com.voice_camera_free_translate","com.android.chrome"]}]