[{"rank":{"index":2,"lang":"en-us","country":"us","chineseCountryName":"美国","pkg":"com.spaceship.screen.textcopy"},"orders":["com.recognize_text.translate.screen","com.spaceship.screen.textcopy","com.tap_to_translate.snap_translate","com.gaminik.i18n","com.google.android.apps.translate","com.niven.translator","com.niven.game","com.microsoft.translator","com.screen.translate.google","com.niven.comic","com.newmg.yurao.pro","com.niven.apptranslate","com.deepl.mobiletranslator","screen.translator.voice.translate","com.facebook.orca","us.zoom.videomeetings","com.android.chrome","com.google.android.apps.maps","com.siv","com.google.android.apps.photos"]},{"rank":{"index":2,"lang":"ru","country":"ru","chineseCountryName":"俄罗斯","pkg":"com.spaceship.screen.textcopy"},"orders":["com.recognize_text.translate.screen","com.spaceship.screen.textcopy","com.tap_to_translate.snap_translate","com.gaminik.i18n","com.niven.translator","com.niven.game","com.newmg.yurao.pro","ru.yandex.translate","com.screen.translate.google","com.niven.apptranslate","com.google.android.apps.translate","com.android.chrome","us.zoom.videomeetings","com.facebook.orca","com.discord","com.truecaller","com.google.android.apps.photos","com.camerasideas.instashot","com.google.android.dialer","com.skype.raider"]},{"rank":{"index":2,"lang":"fr","country":"fr","chineseCountryName":"法国","pkg":"com.spaceship.screen.textcopy"},"orders":["com.recognize_text.translate.screen","com.spaceship.screen.textcopy","com.gaminik.i18n","com.tap_to_translate.snap_translate","com.niven.translator","com.niven.game","com.google.android.apps.translate","com.niven.comic","com.screen.translate.google","com.newmg.yurao.pro","com.microsoft.translator","com.niven.apptranslate","com.facebook.orca","us.zoom.videomeetings","com.discord","com.google.android.apps.photos","com.microsoft.office.outlook","com.android.chrome","com.truecaller","com.canva.editor"]},{"rank":{"index":2,"lang":"en-gb","country":"gb","chineseCountryName":"英国","pkg":"com.spaceship.screen.textcopy"},"orders":["com.recognize_text.translate.screen","com.spaceship.screen.textcopy","com.gaminik.i18n","com.google.android.apps.translate","com.niven.translator","com.niven.game","com.tap_to_translate.snap_translate","com.screen.translate.google","com.microsoft.translator","com.niven.apptranslate","com.niven.comic","com.newmg.yurao.pro","com.siv","com.deepl.mobiletranslator","com.facebook.orca","us.zoom.videomeetings","com.google.android.apps.maps","com.android.chrome","com.discord","com.microsoft.office.outlook"]},{"rank":{"index":2,"lang":"de","country":"de","chineseCountryName":"德国","pkg":"com.spaceship.screen.textcopy"},"orders":["com.recognize_text.translate.screen","com.spaceship.screen.textcopy","com.gaminik.i18n","com.niven.game","com.tap_to_translate.snap_translate","com.niven.translator","com.google.android.apps.translate","com.niven.apptranslate","com.microsoft.translator","com.niven.comic","com.screen.translate.google","com.newmg.yurao.pro","com.deepl.mobiletranslator","com.facebook.orca","us.zoom.videomeetings","com.discord","com.android.chrome","com.amazon.kindle","com.google.android.apps.maps","com.truecaller"]},{"rank":{"index":2,"lang":"it","country":"it","chineseCountryName":"意大利","pkg":"com.spaceship.screen.textcopy"},"orders":["com.recognize_text.translate.screen","com.spaceship.screen.textcopy","com.gaminik.i18n","com.niven.game","com.niven.apptranslate","com.niven.translator","com.tap_to_translate.snap_translate","com.google.android.apps.translate","com.screen.translate.google","com.niven.comic","com.microsoft.translator","com.newmg.yurao.pro","com.facebook.orca","us.zoom.videomeetings","com.deepl.mobiletranslator","com.discord","com.google.android.apps.photos","com.microsoft.office.outlook","com.canva.editor","com.android.chrome"]},{"rank":{"index":2,"lang":"ja","country":"jp","chineseCountryName":"日本","pkg":"com.spaceship.screen.textcopy"},"orders":["com.recognize_text.translate.screen","com.spaceship.screen.textcopy","com.gaminik.i18n","com.niven.game","com.niven.apptranslate","com.niven.translator","com.tap_to_translate.snap_translate","com.google.android.apps.translate","com.microsoft.translator","com.facebook.orca","com.android.chrome","com.deepl.mobiletranslator","com.discord","com.niven.comic","us.zoom.videomeetings","com.google.android.apps.maps","com.screen.translate.google","com.twitter.android","com.amazon.kindle","com.microsoft.office.outlook"]},{"rank":{"index":2,"lang":"ko","country":"kr","chineseCountryName":"韩国","pkg":"com.spaceship.screen.textcopy"},"orders":["com.recognize_text.translate.screen","com.spaceship.screen.textcopy","com.tap_to_translate.snap_translate","com.gaminik.i18n","com.niven.game","com.niven.translator","com.google.android.apps.translate","com.niven.comic","com.niven.apptranslate","com.newmg.yurao.pro","com.screen.translate.google","com.naver.labs.translator","com.microsoft.translator","com.facebook.orca","us.zoom.videomeetings","com.deepl.mobiletranslator","com.android.chrome","com.discord","com.twitter.android","com.sec.android.app.sbrowser"]},{"rank":{"index":2,"lang":"zh-hk","country":"hk","chineseCountryName":"香港","pkg":"com.spaceship.screen.textcopy"},"orders":["com.recognize_text.translate.screen","com.spaceship.screen.textcopy","com.gaminik.i18n","com.niven.game","com.tap_to_translate.snap_translate","com.niven.translator","com.google.android.apps.translate","com.niven.comic","com.niven.apptranslate","com.newmg.yurao.pro","com.microsoft.translator","com.screen.translate.google","com.deepl.mobiletranslator","com.android.chrome","com.google.android.apps.maps","com.facebook.orca","com.google.ar.lens","us.zoom.videomeetings","com.discord","com.youdao.hindict"]},{"rank":{"index":2,"lang":"zh-tw","country":"tw","chineseCountryName":"台湾","pkg":"com.spaceship.screen.textcopy"},"orders":["com.recognize_text.translate.screen","com.spaceship.screen.textcopy","com.gaminik.i18n","com.niven.game","com.tap_to_translate.snap_translate","com.niven.translator","com.google.android.apps.translate","com.niven.apptranslate","com.niven.comic","com.newmg.yurao.pro","com.screen.translate.google","com.microsoft.translator","com.facebook.orca","com.discord","com.android.chrome","com.google.android.apps.maps","com.twitter.android","us.zoom.videomeetings","com.skype.raider","com.google.android.apps.photos"]},{"rank":{"index":2,"lang":"en","country":"in","chineseCountryName":"印度","pkg":"com.spaceship.screen.textcopy"},"orders":["com.recognize_text.translate.screen","com.spaceship.screen.textcopy","com.google.android.apps.translate","com.tap_to_translate.snap_translate","com.niven.translator","com.niven.game","com.zaz.translate","com.newmg.yurao.pro","com.microsoft.translator","at.nk.tools.iTranslate","com.deepl.mobiletranslator","ru.yandex.translate","com.screen.translate.google","com.softissimo.reverso.context","com.naver.labs.translator","com.google.ar.lens","com.gaminik.i18n"]},{"rank":{"index":2,"lang":"id","country":"id","chineseCountryName":"印尼","pkg":"com.spaceship.screen.textcopy"},"orders":["com.recognize_text.translate.screen","com.spaceship.screen.textcopy","com.tap_to_translate.snap_translate","com.gaminik.i18n","com.niven.translator","com.niven.game","com.niven.comic","com.niven.apptranslate","com.newmg.yurao.pro","com.screen.translate.google","com.google.android.apps.translate"]},{"rank":{"index":2,"lang":"es-mx","country":"mx","chineseCountryName":"墨西哥","pkg":"com.spaceship.screen.textcopy"},"orders":["com.recognize_text.translate.screen","com.spaceship.screen.textcopy","com.tap_to_translate.snap_translate","com.niven.game","com.niven.translator","com.google.android.apps.translate","com.youdao.hindict","com.microsoft.translator","com.deepl.mobiletranslator","at.nk.tools.iTranslate","com.zaz.translate","ru.yandex.translate","com.niven.comic","com.newmg.yurao.pro","com.softissimo.reverso.context","com.niven.apptranslate","com.translate.talkingtranslator","com.naver.labs.translator","com.ticktalk.translatevoice","com.gaminik.i18n"]}]