[{"rank":{"index":1,"lang":"en-us","country":"us","chineseCountryName":"美国","pkg":"com.spaceship.screen.textcopy"},"orders":["com.spaceship.screen.textcopy","com.gaminik.i18n","com.newmg.yurao.pro","com.google.android.apps.translate","com.recognize_text.translate.screen","com.niven.translator","com.niven.game","com.microsoft.translator","com.deepl.mobiletranslator","at.nk.tools.iTranslate","com.naver.labs.translator","com.zaz.translate","com.sayhi.android.sayhitranslate","com.tangdi.baiguotong","com.galaxy.airviewdictionary","com.promt.pmtappfree","com.google.android.inputmethod.latin","com.android.chrome","com.google.android.apps.photos","com.google.android.apps.maps"]},{"rank":{"index":1,"lang":"ru","country":"ru","chineseCountryName":"俄罗斯","pkg":"com.spaceship.screen.textcopy"},"orders":["com.spaceship.screen.textcopy","com.recognize_text.translate.screen","com.gaminik.i18n","com.niven.translator","com.niven.game","com.google.android.apps.translate","com.galaxy.airviewdictionary","com.microsoft.translator","com.newmg.yurao.pro","com.promt.pmtappfree","ru.yandex.translate","com.deepl.mobiletranslator","com.softissimo.reverso.context","com.discord","com.tangdi.baiguotong","com.screen.translate.google","com.android.chrome","com.duolingo","com.skype.raider","com.google.android.inputmethod.latin"]},{"rank":{"index":1,"lang":"pt-br","country":"br","chineseCountryName":"巴西","pkg":"com.spaceship.screen.textcopy"},"orders":["com.spaceship.screen.textcopy","com.recognize_text.translate.screen","com.gaminik.i18n","com.niven.translator","com.niven.game","com.newmg.yurao.pro","com.google.android.apps.translate","com.galaxy.airviewdictionary","com.microsoft.translator","com.google.android.apps.photos","com.discord","com.skype.raider","com.android.chrome","com.google.android.deskclock","com.deepl.mobiletranslator","com.google.android.apps.maps","com.google.android.keep","com.google.android.inputmethod.latin","com.google.ar.core","com.google.android.apps.youtube.creator"]},{"rank":{"index":1,"lang":"fr","country":"fr","chineseCountryName":"法国","pkg":"com.spaceship.screen.textcopy"},"orders":["com.spaceship.screen.textcopy","com.recognize_text.translate.screen","com.gaminik.i18n","com.google.android.apps.translate","com.galaxy.airviewdictionary","com.niven.translator","com.discord","com.niven.game","com.google.android.apps.photos","com.android.chrome","com.skype.raider","com.microsoft.office.outlook","us.zoom.videomeetings","com.canva.editor","com.truecaller","org.videolan.vlc","com.google.android.apps.maps","com.google.android.apps.dynamite","com.sec.android.app.sbrowser","com.adobe.reader"]},{"rank":{"index":1,"lang":"en-gb","country":"gb","chineseCountryName":"英国","pkg":"com.spaceship.screen.textcopy"},"orders":["com.spaceship.screen.textcopy","com.recognize_text.translate.screen","com.google.android.apps.translate","com.gaminik.i18n","com.galaxy.airviewdictionary","screen.translator.voice.translate","com.niven.translator","com.niven.game","com.microsoft.translator","com.newmg.yurao.pro","com.deepl.mobiletranslator","at.nk.tools.iTranslate","com.android.chrome","com.discord","com.google.android.apps.maps","com.google.android.apps.photos","com.duolingo","com.google.android.inputmethod.latin","com.microsoft.office.outlook","com.skype.raider"]},{"rank":{"index":1,"lang":"de","country":"de","chineseCountryName":"德国","pkg":"com.spaceship.screen.textcopy"},"orders":["com.spaceship.screen.textcopy","com.gaminik.i18n","com.newmg.yurao.pro","com.recognize_text.translate.screen","com.niven.translator","com.galaxy.airviewdictionary","com.niven.game","com.google.android.apps.translate","com.microsoft.translator","com.discord","com.android.chrome","com.deepl.mobiletranslator","com.google.android.apps.photos","com.skype.raider","us.zoom.videomeetings","com.microsoft.office.outlook","com.google.android.apps.maps","com.sec.android.app.sbrowser","com.truecaller","com.duolingo"]},{"rank":{"index":1,"lang":"it","country":"it","chineseCountryName":"意大利","pkg":"com.spaceship.screen.textcopy"},"orders":["com.spaceship.screen.textcopy","screen.translator.voice.translate","com.gaminik.i18n","com.niven.translator","com.recognize_text.translate.screen","com.galaxy.airviewdictionary","com.niven.game","com.google.android.apps.translate","com.screen.translate.google","com.newmg.yurao.pro","com.subtitle.google","com.google.android.apps.photos","com.zaz.translate","com.android.chrome","com.discord","com.adobe.reader","com.google.android.apps.docs","com.duolingo","us.zoom.videomeetings","com.google.android.apps.maps"]},{"rank":{"index":1,"lang":"ja","country":"jp","chineseCountryName":"日本","pkg":"com.spaceship.screen.textcopy"},"orders":["com.spaceship.screen.textcopy","com.gaminik.i18n","com.niven.game","com.google.android.apps.translate","com.galaxy.airviewdictionary","com.niven.translator","com.recognize_text.translate.screen","com.deepl.mobiletranslator","com.newmg.yurao.pro","com.tangdi.baiguotong","screen.translator.voice.translate","com.naver.labs.translator","com.android.chrome","com.discord","com.google.android.deskclock","com.google.android.apps.maps","at.nk.tools.iTranslate","com.microsoft.translator","com.skype.raider","com.google.ar.lens"]},{"rank":{"index":1,"lang":"ko","country":"kr","chineseCountryName":"韩国","pkg":"com.spaceship.screen.textcopy"},"orders":["com.spaceship.screen.textcopy","com.gaminik.i18n","com.niven.game","com.recognize_text.translate.screen","com.google.android.apps.translate","com.niven.translator","com.microsoft.translator","com.naver.labs.translator","com.galaxy.airviewdictionary","com.newmg.yurao.pro","at.nk.tools.iTranslate","com.deepl.mobiletranslator","com.google.android.inputmethod.latin","com.discord","us.zoom.videomeetings","com.zaz.translate","com.android.chrome","com.duolingo","com.sec.android.app.sbrowser","com.google.android.apps.photos"]},{"rank":{"index":1,"lang":"zh-hk","country":"hk","chineseCountryName":"香港","pkg":"com.spaceship.screen.textcopy"},"orders":["com.spaceship.screen.textcopy","com.gaminik.i18n","com.recognize_text.translate.screen","com.niven.game","com.google.android.apps.translate","com.niven.translator","com.newmg.yurao.pro","com.microsoft.translator","com.android.chrome","at.nk.tools.iTranslate","com.google.android.apps.maps","com.tangdi.baiguotong","com.discord","com.google.android.inputmethod.latin","com.duolingo","com.skype.raider","com.deepl.mobiletranslator","com.zaz.translate","us.zoom.videomeetings","com.naver.labs.translator"]},{"rank":{"index":1,"lang":"zh-tw","country":"tw","chineseCountryName":"台湾","pkg":"com.spaceship.screen.textcopy"},"orders":["com.spaceship.screen.textcopy","com.recognize_text.translate.screen","com.gaminik.i18n","com.niven.translator","com.niven.game","com.galaxy.airviewdictionary","com.google.android.apps.translate","com.microsoft.translator","com.newmg.yurao.pro","at.nk.tools.iTranslate","com.google.android.inputmethod.latin","com.naver.labs.translator","com.discord","com.zaz.translate","com.google.android.apps.maps","com.android.chrome","com.skype.raider","com.tangdi.baiguotong","com.duolingo","com.google.android.apps.photos"]},{"rank":{"index":2,"lang":"en","country":"in","chineseCountryName":"印度","pkg":"com.spaceship.screen.textcopy"},"orders":["com.recognize_text.translate.screen","com.spaceship.screen.textcopy","com.google.android.apps.translate","com.niven.game","com.tap_to_translate.snap_translate","com.zaz.translate","com.niven.translator","com.microsoft.translator","com.gaminik.i18n"]},{"rank":{"index":1,"lang":"id","country":"id","chineseCountryName":"印尼","pkg":"com.spaceship.screen.textcopy"},"orders":["com.spaceship.screen.textcopy","com.gaminik.i18n","com.recognize_text.translate.screen","com.niven.game","com.google.android.apps.translate","com.android.chrome","com.google.android.apps.maps","com.google.android.apps.photos"]},{"rank":{"index":1,"lang":"es-mx","country":"mx","chineseCountryName":"墨西哥","pkg":"com.spaceship.screen.textcopy"},"orders":["com.spaceship.screen.textcopy","com.gaminik.i18n","com.google.android.apps.translate","com.recognize_text.translate.screen","com.niven.translator","com.discord","com.niven.game","com.google.android.apps.photos","com.android.chrome","com.google.android.apps.maps","com.skype.raider","com.google.android.apps.docs","com.galaxy.airviewdictionary","us.zoom.videomeetings","com.google.android.deskclock","com.microsoft.office.outlook","com.adobe.reader","com.intsig.camscanner","com.microsoft.office.word","com.openai.chatgpt"]}]