[{"rank":{"index":2,"lang":"en-us","country":"us","chineseCountryName":"美国","pkg":"com.spaceship.screen.textcopy"},"orders":["com.recognize_text.translate.screen","com.spaceship.screen.textcopy","com.google.android.apps.translate","com.screen.translate.google","com.microsoft.translator","com.niven.translator","com.gaminik.i18n","com.niven.game","com.flabs.screen.translate","com.screen.translator.text.recognize","com.newmg.yurao.pro","at.nk.tools.iTranslate","com.deepl.mobiletranslator","com.niven.comic","com.easytranslate.easytranslate","com.naver.labs.translator","com.sayhi.android.sayhitranslate","com.zaz.translate","ru.yandex.translate","com.translate.talkingtranslator"]},{"rank":{"index":2,"lang":"ru","country":"ru","chineseCountryName":"俄罗斯","pkg":"com.spaceship.screen.textcopy"},"orders":["com.recognize_text.translate.screen","com.spaceship.screen.textcopy","com.niven.translator","com.niven.game","com.gaminik.i18n","com.screen.translate.google","ru.yandex.translate","com.flabs.screen.translate","com.newmg.yurao.pro","com.screen.translator.text.recognize","com.niven.comic","com.microsoft.translator","com.google.android.apps.translate","com.deepl.mobiletranslator","com.tap_to_translate.snap_translate","com.facebook.orca","com.android.chrome","com.discord","com.google.android.apps.photos","com.google.android.apps.nbu.files"]},{"rank":{"index":2,"lang":"fr","country":"fr","chineseCountryName":"法国","pkg":"com.spaceship.screen.textcopy"},"orders":["com.recognize_text.translate.screen","com.spaceship.screen.textcopy","com.niven.game","com.gaminik.i18n","com.niven.translator","com.screen.translate.google","com.flabs.screen.translate","com.google.android.apps.translate","com.tap_to_translate.snap_translate","com.microsoft.translator","com.niven.comic","com.newmg.yurao.pro","ru.yandex.translate","com.deepl.mobiletranslator","com.zaz.translate","com.screen.translator.text.recognize","at.nk.tools.iTranslate","com.facebook.orca","com.softissimo.reverso.context","com.google.android.calendar"]},{"rank":{"index":2,"lang":"en-gb","country":"gb","chineseCountryName":"英国","pkg":"com.spaceship.screen.textcopy"},"orders":["com.recognize_text.translate.screen","com.spaceship.screen.textcopy","com.gaminik.i18n","com.google.android.apps.translate","com.screen.translate.google","com.microsoft.translator","com.niven.translator","com.niven.game","com.flabs.screen.translate","com.screen.translator.text.recognize","com.newmg.yurao.pro","at.nk.tools.iTranslate","com.niven.comic","com.deepl.mobiletranslator","com.zaz.translate","ru.yandex.translate","com.naver.labs.translator","com.easytranslate.easytranslate","com.facebook.orca","com.google.ar.lens"]},{"rank":{"index":2,"lang":"de","country":"de","chineseCountryName":"德国","pkg":"com.spaceship.screen.textcopy"},"orders":["com.recognize_text.translate.screen","com.spaceship.screen.textcopy","com.gaminik.i18n","com.niven.game","com.screen.translate.google","com.niven.translator","com.microsoft.translator","com.google.android.apps.translate","com.newmg.yurao.pro","com.screen.translator.text.recognize","com.deepl.mobiletranslator","com.niven.comic","ru.yandex.translate","com.facebook.orca","com.discord","com.android.chrome","com.google.android.apps.photos","com.flabs.screen.translate","com.amazon.kindle","com.google.android.calendar"]},{"rank":{"index":2,"lang":"it","country":"it","chineseCountryName":"意大利","pkg":"com.spaceship.screen.textcopy"},"orders":["com.recognize_text.translate.screen","com.spaceship.screen.textcopy","com.niven.game","com.screen.translate.google","com.niven.translator","com.gaminik.i18n","com.google.android.apps.translate","com.niven.comic","com.microsoft.translator","com.screen.translator.text.recognize","com.newmg.yurao.pro","com.deepl.mobiletranslator","com.facebook.orca","com.softissimo.reverso.context","com.discord","com.google.android.apps.photos","at.nk.tools.iTranslate","com.canva.editor","com.microsoft.office.outlook","com.google.android.apps.maps"]},{"rank":{"index":2,"lang":"ja","country":"jp","chineseCountryName":"日本","pkg":"com.spaceship.screen.textcopy"},"orders":["com.recognize_text.translate.screen","com.spaceship.screen.textcopy","com.gaminik.i18n","com.niven.game","com.niven.translator","com.screen.translate.google","com.google.android.apps.translate","com.microsoft.translator","com.deepl.mobiletranslator","com.niven.comic","com.naver.labs.translator","com.screen.translator.text.recognize","com.newmg.yurao.pro","com.facebook.orca","com.google.ar.lens","com.discord","com.android.chrome","com.google.android.apps.maps","com.amazon.kindle","com.google.android.apps.nbu.files"]},{"rank":{"index":2,"lang":"ko","country":"kr","chineseCountryName":"韩国","pkg":"com.spaceship.screen.textcopy"},"orders":["com.recognize_text.translate.screen","com.spaceship.screen.textcopy","com.screen.translate.google","com.niven.translator","com.niven.game","com.gaminik.i18n","com.google.android.apps.translate","com.naver.labs.translator","com.newmg.yurao.pro","com.niven.comic","com.microsoft.translator","com.deepl.mobiletranslator","com.facebook.orca","com.discord","com.sec.android.app.sbrowser","com.android.chrome","us.zoom.videomeetings","com.google.android.apps.photos","com.openai.chatgpt","com.google.android.apps.youtube.creator"]},{"rank":{"index":2,"lang":"zh-hk","country":"hk","chineseCountryName":"香港","pkg":"com.spaceship.screen.textcopy"},"orders":["com.recognize_text.translate.screen","com.spaceship.screen.textcopy","com.screen.translate.google","com.niven.translator","com.niven.game","com.gaminik.i18n","com.google.android.apps.translate","com.microsoft.translator","com.newmg.yurao.pro","com.niven.comic","com.screen.translator.text.recognize","com.naver.labs.translator","com.deepl.mobiletranslator","at.nk.tools.iTranslate","ru.yandex.translate","com.image.camera.translate.ai","com.facebook.orca","com.android.chrome","com.google.android.apps.maps","com.discord"]},{"rank":{"index":2,"lang":"zh-tw","country":"tw","chineseCountryName":"台湾","pkg":"com.spaceship.screen.textcopy"},"orders":["com.recognize_text.translate.screen","com.spaceship.screen.textcopy","com.niven.game","com.screen.translate.google","com.niven.translator","com.gaminik.i18n","com.google.android.apps.translate","com.microsoft.translator","com.niven.comic","com.newmg.yurao.pro","com.naver.labs.translator","com.deepl.mobiletranslator","at.nk.tools.iTranslate","com.screen.translator.text.recognize","com.flabs.screen.translate","ru.yandex.translate","com.tap_to_translate.snap_translate","com.zaz.translate","com.google.ar.lens","com.facebook.orca"]},{"rank":{"index":2,"lang":"en","country":"in","chineseCountryName":"印度","pkg":"com.spaceship.screen.textcopy"},"orders":["com.recognize_text.translate.screen","com.spaceship.screen.textcopy","com.google.android.apps.translate","com.newmg.yurao.pro","com.screen.translate.google","com.gaminik.i18n","com.niven.game","com.niven.translator","com.microsoft.translator","com.zaz.translate","com.tap_to_translate.snap_translate","com.naver.labs.translator","at.nk.tools.iTranslate","com.google.ar.lens","ru.yandex.translate","com.screen.translator.text.recognize","com.deepl.mobiletranslator"]},{"rank":{"index":2,"lang":"id","country":"id","chineseCountryName":"印尼","pkg":"com.spaceship.screen.textcopy"},"orders":["com.recognize_text.translate.screen","com.spaceship.screen.textcopy","com.niven.game","com.gaminik.i18n","com.niven.translator","com.screen.translate.google","com.tap_to_translate.snap_translate","com.niven.comic","com.google.android.apps.translate","com.newmg.yurao.pro","com.flabs.screen.translate","com.youdao.hindict","com.deepl.mobiletranslator","com.screen.translator.text.recognize","com.naver.labs.translator","com.microsoft.translator"]},{"rank":{"index":2,"lang":"es-mx","country":"mx","chineseCountryName":"墨西哥","pkg":"com.spaceship.screen.textcopy"},"orders":["com.recognize_text.translate.screen","com.spaceship.screen.textcopy","com.niven.game","com.google.android.apps.translate","com.gaminik.i18n","com.microsoft.translator","com.tap_to_translate.snap_translate","com.screen.translate.google","at.nk.tools.iTranslate","com.deepl.mobiletranslator","com.naver.labs.translator","ru.yandex.translate","com.youdao.hindict","com.microblink.photomath","com.newmg.yurao.pro","com.niven.translator"]}]