[{"rank":{"index":2,"lang":"en-us","country":"us","chineseCountryName":"美国","pkg":"com.spaceship.screen.textcopy"},"orders":["com.recognize_text.translate.screen","com.spaceship.screen.textcopy","com.mg.yurao.google","com.tap_to_translate.snap_translate","com.google.android.apps.translate","com.microsoft.translator","com.gaminik.i18n","com.niven.translator","com.niven.game","com.niven.comic","com.newmg.yurao.pro","at.nk.tools.iTranslate","com.translate.talkingtranslator","com.datacomprojects.scanandtranslate","com.niven.apptranslate","com.translator.yellow","screen.translator.voice.translate","com.languagetranslator.translatorapp.smartscanner.dictionary.translation.voicetranslator","com.eecorp.linguago","com.zaz.translate"]},{"rank":{"index":3,"lang":"ru","country":"ru","chineseCountryName":"俄罗斯","pkg":"com.spaceship.screen.textcopy"},"orders":["com.recognize_text.translate.screen","com.tap_to_translate.snap_translate","com.spaceship.screen.textcopy","com.gaminik.i18n","com.mg.yurao.google","com.niven.translator","com.niven.game","com.niven.apptranslate","com.niven.comic","com.newmg.yurao.pro","ru.yandex.translate","com.eecorp.linguago","screen.translator.voice.translate","com.microsoft.translator","com.deepl.mobiletranslator","com.google.android.apps.translate","com.datacomprojects.scanandtranslate","com.chat_translate.screen_translate","com.pidev.screentranslator","com.android.chrome"]},{"rank":{"index":2,"lang":"fr","country":"fr","chineseCountryName":"法国","pkg":"com.spaceship.screen.textcopy"},"orders":["com.recognize_text.translate.screen","com.spaceship.screen.textcopy","com.tap_to_translate.snap_translate","com.mg.yurao.google","com.gaminik.i18n","com.niven.translator","com.niven.game","com.niven.comic","com.niven.apptranslate","com.newmg.yurao.pro","com.microsoft.translator","com.eecorp.linguago","com.eecorp.taptranslator","com.google.android.apps.translate","screen.translator.voice.translate","com.translator.yellow","com.deepl.mobiletranslator","com.mg.chat","at.nk.tools.iTranslate","ru.yandex.translate"]},{"rank":{"index":2,"lang":"en-gb","country":"gb","chineseCountryName":"英国","pkg":"com.spaceship.screen.textcopy"},"orders":["com.recognize_text.translate.screen","com.spaceship.screen.textcopy","com.mg.yurao.google","com.google.android.apps.translate","com.microsoft.translator","com.gaminik.i18n","com.niven.translator","com.tap_to_translate.snap_translate","com.niven.game","com.niven.comic","com.translator.yellow","com.datacomprojects.scanandtranslate","com.newmg.yurao.pro","at.nk.tools.iTranslate","com.niven.apptranslate","screen.translator.voice.translate","com.eecorp.linguago","camera.translator.realtime","com.zaz.translate","com.deepl.mobiletranslator"]},{"rank":{"index":2,"lang":"de","country":"de","chineseCountryName":"德国","pkg":"com.spaceship.screen.textcopy"},"orders":["com.recognize_text.translate.screen","com.spaceship.screen.textcopy","com.mg.yurao.google","com.gaminik.i18n","com.microsoft.translator","com.niven.translator","com.tap_to_translate.snap_translate","com.niven.game","com.niven.comic","com.google.android.apps.translate","com.newmg.yurao.pro","com.niven.apptranslate","com.deepl.mobiletranslator","com.translator.yellow","at.nk.tools.iTranslate","com.eecorp.linguago","camera.translator.realtime","screen.translator.voice.translate","ru.yandex.translate","com.datacomprojects.scanandtranslate"]},{"rank":{"index":2,"lang":"it","country":"it","chineseCountryName":"意大利","pkg":"com.spaceship.screen.textcopy"},"orders":["com.recognize_text.translate.screen","com.spaceship.screen.textcopy","com.niven.game","com.tap_to_translate.snap_translate","com.gaminik.i18n","com.mg.yurao.google","com.niven.translator","com.microsoft.translator","com.niven.comic","com.google.android.apps.translate","com.niven.apptranslate","at.nk.tools.iTranslate","com.newmg.yurao.pro","com.eecorp.linguago","com.deepl.mobiletranslator","camera.translator.realtime","screen.translator.voice.translate","com.mg.chat","com.languagetranslator.translatorapp.smartscanner.dictionary.translation.voicetranslator","com.mg.subtitle.google"]},{"rank":{"index":4,"lang":"ja","country":"jp","chineseCountryName":"日本","pkg":"com.spaceship.screen.textcopy"},"orders":["com.recognize_text.translate.screen","com.mg.yurao.google","com.gaminik.i18n","com.spaceship.screen.textcopy","com.tap_to_translate.snap_translate","com.niven.game","com.niven.translator","com.niven.comic","com.niven.apptranslate","com.newmg.yurao.pro","com.google.android.apps.translate","screen.translator.voice.translate","com.eecorp.linguago","com.naver.labs.translator","com.microsoft.translator","com.deepl.mobiletranslator","com.datacomprojects.scanandtranslate","at.nk.tools.iTranslate","com.yomiwa.yomiwa","com.youdao.hindict"]},{"rank":{"index":3,"lang":"ko","country":"kr","chineseCountryName":"韩国","pkg":"com.spaceship.screen.textcopy"},"orders":["com.recognize_text.translate.screen","com.mg.yurao.google","com.spaceship.screen.textcopy","com.tap_to_translate.snap_translate","com.gaminik.i18n","com.niven.translator","com.niven.game","com.niven.comic","com.newmg.yurao.pro","com.niven.apptranslate","com.naver.labs.translator","screen.translator.voice.translate","com.microsoft.translator","com.google.android.apps.translate","com.eecorp.linguago","com.deepl.mobiletranslator","com.zaz.translate","at.nk.tools.iTranslate","camera.translator.realtime","ru.yandex.translate"]},{"rank":{"index":3,"lang":"zh-hk","country":"hk","chineseCountryName":"香港","pkg":"com.spaceship.screen.textcopy"},"orders":["com.recognize_text.translate.screen","com.mg.yurao.google","com.spaceship.screen.textcopy","com.gaminik.i18n","com.microsoft.translator","com.tap_to_translate.snap_translate","com.niven.translator","com.google.android.apps.translate","com.niven.comic","com.niven.game","at.nk.tools.iTranslate","com.newmg.yurao.pro","com.niven.apptranslate","com.datacomprojects.scanandtranslate","com.tangdi.baiguotong","com.eecorp.linguago","com.languagetranslator.translatorapp.smartscanner.dictionary.translation.voicetranslator","com.zaz.translate","camera.translator.realtime","com.translate.talkingtranslator"]},{"rank":{"index":4,"lang":"zh-tw","country":"tw","chineseCountryName":"台湾","pkg":"com.spaceship.screen.textcopy"},"orders":["com.recognize_text.translate.screen","com.mg.yurao.google","com.gaminik.i18n","com.spaceship.screen.textcopy","com.tap_to_translate.snap_translate","com.niven.translator","com.niven.game","com.microsoft.translator","com.niven.comic","com.google.android.apps.translate","at.nk.tools.iTranslate","com.newmg.yurao.pro","com.niven.apptranslate","com.datacomprojects.scanandtranslate","com.languagetranslator.translatorapp.smartscanner.dictionary.translation.voicetranslator","com.eecorp.linguago","com.tangdi.baiguotong","com.translate.talkingtranslator","camera.translator.realtime","com.dftpdf.translate"]},{"rank":{"index":2,"lang":"en","country":"in","chineseCountryName":"印度","pkg":"com.spaceship.screen.textcopy"},"orders":["com.recognize_text.translate.screen","com.spaceship.screen.textcopy","com.google.android.apps.translate","com.newmg.yurao.pro","com.gaminik.i18n","screen.translator.voice.translate","com.microsoft.translator","com.niven.translator","com.tap_to_translate.snap_translate","com.niven.game","com.zaz.translate","com.niven.comic","com.eecorp.linguago","com.languagetranslator.translatorapp.smartscanner.dictionary.translation.voicetranslator","com.niven.apptranslate","com.datacomprojects.scanandtranslate","com.aldoo.pdftranslatorpro","at.nk.tools.iTranslate","translate.smartranit.language.text","com.mg.yurao.google"]},{"rank":{"index":2,"lang":"id","country":"id","chineseCountryName":"印尼","pkg":"com.spaceship.screen.textcopy"},"orders":["com.recognize_text.translate.screen","com.spaceship.screen.textcopy","com.tap_to_translate.snap_translate","com.mg.yurao.google","com.gaminik.i18n","com.niven.translator","com.niven.comic","com.niven.game","com.newmg.yurao.pro","com.niven.apptranslate","com.google.android.apps.translate","com.eecorp.linguago","com.microsoft.translator","com.deepl.mobiletranslator","com.languagetranslator.translatorapp.smartscanner.dictionary.translation.voicetranslator","screen.translator.voice.translate","com.android.chrome","com.google.android.apps.photos","com.datacomprojects.scanandtranslate","com.google.android.apps.docs"]},{"rank":{"index":2,"lang":"es-mx","country":"mx","chineseCountryName":"墨西哥","pkg":"com.spaceship.screen.textcopy"},"orders":["com.recognize_text.translate.screen","com.spaceship.screen.textcopy","com.tap_to_translate.snap_translate","com.niven.translator","com.niven.game","com.niven.comic","com.niven.apptranslate","com.newmg.yurao.pro","com.microsoft.translator","com.eecorp.linguago","com.google.android.apps.translate","screen.translator.voice.translate","us.zoom.videomeetings","com.youdao.hindict","free.language.translate.translator","com.deepl.mobiletranslator","com.zaz.translate","camera.translator.realtime","com.gaminik.i18n","com.mg.yurao.google"]}]