[{"rank":{"index":2,"lang":"en-us","country":"us","chineseCountryName":"美国","pkg":"com.spaceship.screen.textcopy"},"orders":["com.recognize_text.translate.screen","com.spaceship.screen.textcopy","com.gaminik.i18n","com.microsoft.translator","com.tap_to_translate.snap_translate","screen.translator.voice.translate","com.google.android.apps.translate","com.niven.game","com.niven.translator","com.niven.comic","com.eecorp.linguago","com.newmg.yurao.pro","com.eecorp.taptranslator","com.niven.apptranslate","com.naver.labs.translator","at.nk.tools.iTranslate","com.translator.yellow","com.chat_translate.screen_translate","com.translate.talkingtranslator","com.youdao.hindict"]},{"rank":{"index":2,"lang":"ru","country":"ru","chineseCountryName":"俄罗斯","pkg":"com.spaceship.screen.textcopy"},"orders":["com.recognize_text.translate.screen","com.spaceship.screen.textcopy","com.tap_to_translate.snap_translate","com.gaminik.i18n","com.niven.translator","com.microsoft.translator","com.niven.game","com.niven.comic","com.google.android.apps.translate","com.eecorp.linguago","com.newmg.yurao.pro","com.niven.apptranslate","screen.translator.voice.translate","ru.yandex.translate","com.youdao.hindict","com.deepl.mobiletranslator","com.chat_translate.screen_translate","com.zaz.translate","com.mg.chat","com.ticktalk.translatevoice"]},{"rank":{"index":2,"lang":"pt-br","country":"br","chineseCountryName":"巴西","pkg":"com.spaceship.screen.textcopy"},"orders":["com.recognize_text.translate.screen","com.spaceship.screen.textcopy","com.tap_to_translate.snap_translate","com.gaminik.i18n","com.niven.translator","com.niven.game","com.niven.comic","com.youdao.hindict","com.eecorp.linguago","com.newmg.yurao.pro","com.microsoft.translator","com.niven.apptranslate","screen.translator.voice.translate","com.google.android.apps.translate","com.chat_translate.screen_translate","com.deepl.mobiletranslator","com.android.chrome","com.ydzlabs.chattranslator","com.mg.chat","com.google.android.apps.docs"]},{"rank":{"index":2,"lang":"fr","country":"fr","chineseCountryName":"法国","pkg":"com.spaceship.screen.textcopy"},"orders":["com.recognize_text.translate.screen","com.spaceship.screen.textcopy","com.gaminik.i18n","com.tap_to_translate.snap_translate","screen.translator.voice.translate","com.niven.translator","com.niven.game","com.newmg.yurao.pro","com.eecorp.linguago","com.niven.comic","com.microsoft.translator","com.eecorp.taptranslator","com.google.android.apps.translate","com.chat_translate.screen_translate","com.translator.yellow","com.youdao.hindict","com.deepl.mobiletranslator","com.niven.apptranslate","com.duolingo","com.android.chrome"]},{"rank":{"index":2,"lang":"en-gb","country":"gb","chineseCountryName":"英国","pkg":"com.spaceship.screen.textcopy"},"orders":["com.recognize_text.translate.screen","com.spaceship.screen.textcopy","com.tap_to_translate.snap_translate","com.microsoft.translator","com.gaminik.i18n","screen.translator.voice.translate","com.google.android.apps.translate","com.niven.translator","com.niven.game","com.niven.comic","com.newmg.yurao.pro","com.eecorp.linguago","com.youdao.hindict","com.eecorp.taptranslator","com.niven.apptranslate","at.nk.tools.iTranslate","com.zaz.translate","com.naver.labs.translator","com.mg.chat","com.deepl.mobiletranslator"]},{"rank":{"index":2,"lang":"de","country":"de","chineseCountryName":"德国","pkg":"com.spaceship.screen.textcopy"},"orders":["com.recognize_text.translate.screen","com.spaceship.screen.textcopy","com.gaminik.i18n","com.eecorp.linguago","com.niven.translator","com.niven.game","com.microsoft.translator","com.tap_to_translate.snap_translate","com.niven.comic","com.newmg.yurao.pro","com.deepl.mobiletranslator","com.translator.yellow","screen.translator.voice.translate","com.google.android.apps.translate","com.niven.apptranslate","com.chat_translate.screen_translate","com.eecorp.taptranslator","com.android.chrome","com.youdao.hindict","com.discord"]},{"rank":{"index":2,"lang":"it","country":"it","chineseCountryName":"意大利","pkg":"com.spaceship.screen.textcopy"},"orders":["com.recognize_text.translate.screen","com.spaceship.screen.textcopy","screen.translator.voice.translate","com.gaminik.i18n","com.tap_to_translate.snap_translate","com.niven.translator","com.niven.comic","com.niven.game","com.eecorp.linguago","com.microsoft.translator","com.eecorp.taptranslator","com.newmg.yurao.pro","com.niven.apptranslate","com.google.android.apps.translate","com.translate.talkingtranslator","com.chat_translate.screen_translate","at.nk.tools.iTranslate","com.translator.yellow","com.discord","com.google.android.apps.photos"]},{"rank":{"index":2,"lang":"ja","country":"jp","chineseCountryName":"日本","pkg":"com.spaceship.screen.textcopy"},"orders":["com.recognize_text.translate.screen","com.spaceship.screen.textcopy","com.gaminik.i18n","com.niven.game","com.niven.translator","com.tap_to_translate.snap_translate","com.eecorp.taptranslator","com.niven.apptranslate","com.newmg.yurao.pro","com.eecorp.linguago","screen.translator.voice.translate","com.niven.comic","com.deepl.mobiletranslator","com.naver.labs.translator","com.google.android.apps.translate","com.microsoft.translator","com.android.chrome","com.discord","com.duolingo","com.translate.talkingtranslator"]},{"rank":{"index":2,"lang":"ko","country":"kr","chineseCountryName":"韩国","pkg":"com.spaceship.screen.textcopy"},"orders":["com.recognize_text.translate.screen","com.spaceship.screen.textcopy","com.tap_to_translate.snap_translate","com.gaminik.i18n","com.microsoft.translator","com.niven.game","com.google.android.apps.translate","com.naver.labs.translator","com.newmg.yurao.pro","com.niven.translator","com.niven.comic","com.niven.apptranslate","at.nk.tools.iTranslate","com.youdao.hindict","com.deepl.mobiletranslator","com.translate.language.translator.voice.translation","com.eecorp.taptranslator","com.zaz.translate","com.flitto.app","com.abbyy.mobile.textgrabber.full"]},{"rank":{"index":2,"lang":"zh-hk","country":"hk","chineseCountryName":"香港","pkg":"com.spaceship.screen.textcopy"},"orders":["com.recognize_text.translate.screen","com.spaceship.screen.textcopy","com.tap_to_translate.snap_translate","com.gaminik.i18n","com.microsoft.translator","com.niven.game","com.google.android.apps.translate","com.niven.comic","com.niven.translator","com.newmg.yurao.pro","com.eecorp.linguago","com.eecorp.taptranslator","com.niven.apptranslate","com.mg.chat","com.naver.labs.translator","screen.translator.voice.translate","com.mg.subtitle.google","com.zaz.translate","at.nk.tools.iTranslate","com.youdao.hindict"]},{"rank":{"index":3,"lang":"zh-tw","country":"tw","chineseCountryName":"台湾","pkg":"com.spaceship.screen.textcopy"},"orders":["com.recognize_text.translate.screen","com.tap_to_translate.snap_translate","com.spaceship.screen.textcopy","com.gaminik.i18n","com.microsoft.translator","com.google.android.apps.translate","com.niven.translator","com.niven.game","com.niven.comic","com.naver.labs.translator","com.newmg.yurao.pro","com.youdao.hindict","com.eecorp.linguago","com.niven.apptranslate","at.nk.tools.iTranslate","com.mg.chat","com.eecorp.taptranslator","com.zaz.translate","com.deepl.mobiletranslator","screen.translator.voice.translate"]},{"rank":{"index":2,"lang":"en","country":"in","chineseCountryName":"印度","pkg":"com.spaceship.screen.textcopy"},"orders":["com.recognize_text.translate.screen","com.spaceship.screen.textcopy","screen.translator.voice.translate","com.newmg.yurao.pro","com.eecorp.linguago","com.google.android.apps.translate","com.microsoft.translator","com.tap_to_translate.snap_translate","com.zaz.translate","com.niven.game","com.niven.translator","com.niven.comic","com.chat_translate.screen_translate","com.naver.labs.translator","com.niven.apptranslate","at.nk.tools.iTranslate","translate.smartranit.language.text","com.duolingo","com.mg.chat","com.gaminik.i18n"]},{"rank":{"index":1,"lang":"id","country":"id","chineseCountryName":"印尼","pkg":"com.spaceship.screen.textcopy"},"orders":["com.spaceship.screen.textcopy","com.recognize_text.translate.screen","com.tap_to_translate.snap_translate","com.gaminik.i18n","com.niven.game","com.google.android.apps.translate","com.youdao.hindict","us.zoom.videomeetings","com.android.chrome","com.google.android.apps.maps","com.google.android.apps.photos","com.google.android.apps.docs","com.discord"]},{"rank":{"index":2,"lang":"es-mx","country":"mx","chineseCountryName":"墨西哥","pkg":"com.spaceship.screen.textcopy"},"orders":["com.recognize_text.translate.screen","com.spaceship.screen.textcopy","com.gaminik.i18n","com.tap_to_translate.snap_translate","com.niven.translator","com.niven.comic","com.niven.game","com.youdao.hindict","com.newmg.yurao.pro","com.eecorp.linguago","com.microsoft.translator","com.niven.apptranslate","screen.translator.voice.translate","com.google.android.apps.translate","com.deepl.mobiletranslator","com.chat_translate.screen_translate","com.android.chrome","com.duolingo","com.google.android.apps.photos","at.nk.tools.iTranslate"]}]