[{"rank":{"index":2,"lang":"en-us","country":"us","chineseCountryName":"美国","pkg":"com.spaceship.screen.textcopy"},"orders":["com.recognize_text.translate.screen","com.spaceship.screen.textcopy","com.niven.translator","com.tap_to_translate.snap_translate","com.microsoft.translator","com.google.android.apps.translate","com.gaminik.i18n","com.niven.game","com.zaz.translate","com.newmg.yurao.pro","com.niven.comic","com.datacomprojects.scanandtranslate","com.screen.translate.google","com.naver.labs.translator","com.translate.talkingtranslator","com.niven.apptranslate","com.language.translate.free.translator.voice.translation","com.languagetranslator.translatorapp.smartscanner.dictionary.translation.voicetranslator","com.textgoapp.translate.lite","com.mobisystems.msdict.embedded.wireless.collins.ee"]},{"rank":{"index":2,"lang":"ru","country":"ru","chineseCountryName":"俄罗斯","pkg":"com.spaceship.screen.textcopy"},"orders":["com.recognize_text.translate.screen","com.spaceship.screen.textcopy","com.niven.translator","com.tap_to_translate.snap_translate","com.microsoft.translator","com.niven.game","com.newmg.yurao.pro","com.gaminik.i18n","com.google.android.apps.translate","ru.yandex.translate","com.datacomprojects.scanandtranslate","com.niven.comic","com.zaz.translate","com.screen.translate.google","com.deepl.mobiletranslator","com.tangdi.baiguotong","com.niven.apptranslate","com.translate.language.translator.voice.translation","com.kursx.smartbook","com.eecorp.linguago"]},{"rank":{"index":2,"lang":"pt-br","country":"br","chineseCountryName":"巴西","pkg":"com.spaceship.screen.textcopy"},"orders":["com.recognize_text.translate.screen","com.spaceship.screen.textcopy","com.tap_to_translate.snap_translate","com.niven.translator","com.niven.game","com.gaminik.i18n","com.niven.comic","com.newmg.yurao.pro","com.microsoft.translator","com.screen.translate.google","com.google.android.apps.translate","com.niven.apptranslate","com.zaz.translate","com.deepl.mobiletranslator","com.android.chrome","com.language.translate.free.translator.voice.translation","com.languagetranslator.translatorapp.smartscanner.dictionary.translation.voicetranslator","com.google.android.apps.photos","com.google.android.apps.maps","com.google.android.deskclock"]},{"rank":{"index":2,"lang":"fr","country":"fr","chineseCountryName":"法国","pkg":"com.spaceship.screen.textcopy"},"orders":["com.recognize_text.translate.screen","com.spaceship.screen.textcopy","com.tap_to_translate.snap_translate","com.niven.translator","com.gaminik.i18n","com.niven.game","com.microsoft.translator","com.zaz.translate","com.newmg.yurao.pro","com.niven.comic","com.tangdi.baiguotong","com.screen.translate.google","com.google.android.apps.translate","com.language.translate.free.translator.voice.translation","com.deepl.mobiletranslator","com.languagetranslator.translatorapp.smartscanner.dictionary.translation.voicetranslator","com.datacomprojects.scanandtranslate","com.niven.apptranslate","camtranslator.voice.text.image.translate","com.softissimo.reverso.context"]},{"rank":{"index":2,"lang":"en-gb","country":"gb","chineseCountryName":"英国","pkg":"com.spaceship.screen.textcopy"},"orders":["com.recognize_text.translate.screen","com.spaceship.screen.textcopy","com.tap_to_translate.snap_translate","com.microsoft.translator","com.niven.translator","com.gaminik.i18n","com.google.android.apps.translate","com.niven.game","com.zaz.translate","com.newmg.yurao.pro","com.niven.comic","com.screen.translate.google","com.datacomprojects.scanandtranslate","com.tangdi.baiguotong","com.languagetranslator.translatorapp.smartscanner.dictionary.translation.voicetranslator","com.mobisystems.msdict.embedded.wireless.collins.ee","com.naver.labs.translator","com.deepl.mobiletranslator","com.niven.apptranslate","camtranslator.voice.text.image.translate"]},{"rank":{"index":2,"lang":"de","country":"de","chineseCountryName":"德国","pkg":"com.spaceship.screen.textcopy"},"orders":["com.recognize_text.translate.screen","com.spaceship.screen.textcopy","com.tap_to_translate.snap_translate","com.microsoft.translator","com.niven.translator","com.gaminik.i18n","com.niven.game","com.newmg.yurao.pro","com.niven.comic","com.zaz.translate","com.google.android.apps.translate","com.deepl.mobiletranslator","com.screen.translate.google","com.tangdi.baiguotong","com.language.translate.free.translator.voice.translation","ru.yandex.translate","com.datacomprojects.scanandtranslate","camtranslator.voice.text.image.translate","com.translate.talkingtranslator","com.niven.apptranslate"]},{"rank":{"index":2,"lang":"it","country":"it","chineseCountryName":"意大利","pkg":"com.spaceship.screen.textcopy"},"orders":["com.recognize_text.translate.screen","com.spaceship.screen.textcopy","com.tap_to_translate.snap_translate","com.niven.game","com.niven.translator","com.gaminik.i18n","com.microsoft.translator","com.newmg.yurao.pro","com.niven.comic","com.zaz.translate","com.tangdi.baiguotong","com.google.android.apps.translate","com.screen.translate.google","com.language.translate.free.translator.voice.translation","com.deepl.mobiletranslator","com.datacomprojects.scanandtranslate","com.niven.apptranslate","camtranslator.voice.text.image.translate","com.royalappcode.translation.voice.language.chat.interpreter","com.softissimo.reverso.context"]},{"rank":{"index":2,"lang":"ja","country":"jp","chineseCountryName":"日本","pkg":"com.spaceship.screen.textcopy"},"orders":["com.recognize_text.translate.screen","com.spaceship.screen.textcopy","com.tap_to_translate.snap_translate","com.niven.game","com.niven.translator","com.gaminik.i18n","com.deepl.mobiletranslator","com.microsoft.translator","com.newmg.yurao.pro","com.niven.comic","com.zaz.translate","com.naver.labs.translator","com.google.android.apps.translate","com.screen.translate.google"]},{"rank":{"index":2,"lang":"ko","country":"kr","chineseCountryName":"韩国","pkg":"com.spaceship.screen.textcopy"},"orders":["com.recognize_text.translate.screen","com.spaceship.screen.textcopy","com.tap_to_translate.snap_translate","com.microsoft.translator","com.niven.translator","com.google.android.apps.translate","com.naver.labs.translator","com.gaminik.i18n","com.niven.game","com.zaz.translate","com.newmg.yurao.pro","com.niven.comic","com.datacomprojects.scanandtranslate","com.deepl.mobiletranslator","com.screen.translate.google","com.youdao.hindict","com.translate.language.translator.voice.translation","com.languagetranslator.translatorapp.smartscanner.dictionary.translation.voicetranslator","com.language.translate.free.translator.voice.translation","com.niven.apptranslate"]},{"rank":{"index":2,"lang":"zh-hk","country":"hk","chineseCountryName":"香港","pkg":"com.spaceship.screen.textcopy"},"orders":["com.recognize_text.translate.screen","com.spaceship.screen.textcopy","com.tap_to_translate.snap_translate","com.microsoft.translator","com.google.android.apps.translate","com.niven.translator","com.gaminik.i18n","com.niven.game","com.newmg.yurao.pro","com.niven.comic","com.zaz.translate","com.tangdi.baiguotong","com.screen.translate.google","com.naver.labs.translator","com.datacomprojects.scanandtranslate","jp.go.nict.voicetra","com.google.ar.lens","com.deepl.mobiletranslator","com.translate.language.translator.voice.translation","com.niven.apptranslate"]},{"rank":{"index":2,"lang":"zh-tw","country":"tw","chineseCountryName":"台湾","pkg":"com.spaceship.screen.textcopy"},"orders":["com.recognize_text.translate.screen","com.spaceship.screen.textcopy","com.tap_to_translate.snap_translate","com.microsoft.translator","com.niven.translator","com.gaminik.i18n","com.google.android.apps.translate","com.niven.game","com.zaz.translate","com.niven.comic","com.newmg.yurao.pro","com.tangdi.baiguotong","com.naver.labs.translator","com.screen.translate.google","com.datacomprojects.scanandtranslate","com.niven.apptranslate","com.translate.talkingtranslator","jp.go.nict.voicetra","com.translate.language.translator.voice.translation","com.language.translate.free.translator.voice.translation"]},{"rank":{"index":2,"lang":"en","country":"in","chineseCountryName":"印度","pkg":"com.spaceship.screen.textcopy"},"orders":["com.recognize_text.translate.screen","com.spaceship.screen.textcopy","com.tap_to_translate.snap_translate"]},{"rank":{"index":2,"lang":"id","country":"id","chineseCountryName":"印尼","pkg":"com.spaceship.screen.textcopy"},"orders":["com.recognize_text.translate.screen","com.spaceship.screen.textcopy","com.tap_to_translate.snap_translate","com.niven.translator","com.niven.game","com.gaminik.i18n","com.niven.comic","com.newmg.yurao.pro","com.youdao.hindict","com.microsoft.translator","com.screen.translate.google","com.google.android.apps.translate","com.zaz.translate","com.naver.labs.translator"]},{"rank":{"index":2,"lang":"es-mx","country":"mx","chineseCountryName":"墨西哥","pkg":"com.spaceship.screen.textcopy"},"orders":["com.recognize_text.translate.screen","com.spaceship.screen.textcopy","com.niven.translator","com.tap_to_translate.snap_translate","com.niven.game","com.gaminik.i18n","com.niven.comic","com.newmg.yurao.pro","com.microsoft.translator","com.zaz.translate","com.google.android.apps.translate","com.screen.translate.google","com.aldoo.pdftranslatorpro","com.deepl.mobiletranslator","com.niven.apptranslate","camtranslator.voice.text.image.translate","com.tangdi.baiguotong","com.google.ar.lens","com.android.chrome","com.softissimo.reverso.context"]}]