[{"rank":{"index":2,"lang":"en-us","country":"us","chineseCountryName":"美国","pkg":"com.spaceship.screen.textcopy"},"orders":["com.recognize_text.translate.screen","com.spaceship.screen.textcopy","com.newmg.yurao.pro","com.gaminik.i18n","com.google.android.apps.translate","com.microsoft.translator","com.deepl.mobiletranslator","com.niven.translator","com.tap_to_translate.snap_translate","ru.yandex.translate","com.google.ar.lens","com.niven.game","com.immersivetranslate.browser","at.nk.tools.iTranslate","com.screen.translate.google","com.zaz.translate","com.datacomprojects.scanandtranslate","com.naver.labs.translator","com.youdao.hindict","com.eecorp.linguago"]},{"rank":{"index":0,"lang":"ru","country":"ru","chineseCountryName":"俄罗斯","pkg":"com.spaceship.screen.textcopy"},"orders":["com.recognize_text.translate.screen","com.newmg.yurao.pro","com.gaminik.i18n","ru.yandex.translate","com.niven.translator","com.deepl.mobiletranslator","com.google.android.apps.translate","com.microsoft.translator","com.tap_to_translate.snap_translate","com.niven.game","com.immersivetranslate.browser","com.google.ar.lens","com.screen.translate.google","com.eecorp.linguago","com.niven.apptranslate","photo.translate.camera.translator","com.datacomprojects.scanandtranslate","com.promt.pmtappfree","com.whatsapp","com.android.chrome"]},{"rank":{"index":2,"lang":"pt-br","country":"br","chineseCountryName":"巴西","pkg":"com.spaceship.screen.textcopy"},"orders":["com.recognize_text.translate.screen","com.spaceship.screen.textcopy","com.newmg.yurao.pro","com.tap_to_translate.snap_translate","com.gaminik.i18n","com.google.android.apps.translate","com.deepl.mobiletranslator","ru.yandex.translate","com.zaz.translate","at.nk.tools.iTranslate","com.google.ar.lens","com.translate.talkingtranslator","com.naver.labs.translator","com.softissimo.reverso.context","com.niven.translator","com.niven.game","com.youdao.hindict","com.screen.translate.google","com.galaxy.airviewdictionary","screen.translator.voice.translate"]},{"rank":{"index":2,"lang":"fr","country":"fr","chineseCountryName":"法国","pkg":"com.spaceship.screen.textcopy"},"orders":["com.recognize_text.translate.screen","com.spaceship.screen.textcopy","com.gaminik.i18n","com.newmg.yurao.pro","com.niven.translator","com.microsoft.translator","com.tap_to_translate.snap_translate","com.deepl.mobiletranslator","com.google.android.apps.translate","com.niven.game","ru.yandex.translate","com.google.ar.lens","com.screen.translate.google","com.niven.apptranslate","com.immersivetranslate.browser","com.eecorp.linguago","com.zaz.translate","at.nk.tools.iTranslate","com.naver.labs.translator","com.translate.talkingtranslator"]},{"rank":{"index":2,"lang":"en-gb","country":"gb","chineseCountryName":"英国","pkg":"com.spaceship.screen.textcopy"},"orders":["com.recognize_text.translate.screen","com.spaceship.screen.textcopy","com.newmg.yurao.pro","com.gaminik.i18n","com.google.android.apps.translate","com.microsoft.translator","com.deepl.mobiletranslator","com.niven.translator","ru.yandex.translate","com.tap_to_translate.snap_translate","com.google.ar.lens","com.niven.game","com.zaz.translate","com.immersivetranslate.browser","at.nk.tools.iTranslate","com.naver.labs.translator","com.screen.translate.google","com.datacomprojects.scanandtranslate","com.eecorp.linguago","photo.translate.camera.translator"]},{"rank":{"index":2,"lang":"de","country":"de","chineseCountryName":"德国","pkg":"com.spaceship.screen.textcopy"},"orders":["com.recognize_text.translate.screen","com.spaceship.screen.textcopy","com.newmg.yurao.pro","com.gaminik.i18n","com.microsoft.translator","com.google.android.apps.translate","com.niven.translator","com.deepl.mobiletranslator","com.tap_to_translate.snap_translate","ru.yandex.translate","com.niven.game","com.google.ar.lens","com.screen.translate.google","com.immersivetranslate.browser","com.niven.apptranslate","com.eecorp.linguago","at.nk.tools.iTranslate","com.zaz.translate","com.google.android.apps.tachyon","photo.translate.camera.translator"]},{"rank":{"index":2,"lang":"it","country":"it","chineseCountryName":"意大利","pkg":"com.spaceship.screen.textcopy"},"orders":["com.recognize_text.translate.screen","com.spaceship.screen.textcopy","com.gaminik.i18n","com.screen.translate.google","com.niven.translator","com.google.android.apps.translate","com.newmg.yurao.pro","com.microsoft.translator","com.tap_to_translate.snap_translate","com.deepl.mobiletranslator","com.niven.game","ru.yandex.translate","com.google.ar.lens","com.immersivetranslate.browser"]},{"rank":{"index":2,"lang":"ja","country":"jp","chineseCountryName":"日本","pkg":"com.spaceship.screen.textcopy"},"orders":["com.recognize_text.translate.screen","com.spaceship.screen.textcopy","com.newmg.yurao.pro","com.gaminik.i18n","com.google.android.apps.translate","com.deepl.mobiletranslator","com.microsoft.translator","com.google.ar.lens","com.tap_to_translate.snap_translate","com.niven.translator","com.naver.labs.translator","ru.yandex.translate","com.niven.game","com.screen.translate.google","com.immersivetranslate.browser","com.eecorp.linguago","com.translate.talkingtranslator","com.wooask.zx","at.nk.tools.iTranslate","com.datacomprojects.scanandtranslate"]},{"rank":{"index":2,"lang":"ko","country":"kr","chineseCountryName":"韩国","pkg":"com.spaceship.screen.textcopy"},"orders":["com.recognize_text.translate.screen","com.spaceship.screen.textcopy","com.newmg.yurao.pro","com.gaminik.i18n","com.tap_to_translate.snap_translate","com.microsoft.translator","com.google.android.apps.translate","com.niven.translator","com.niven.game","com.naver.labs.translator","com.immersivetranslate.browser","com.deepl.mobiletranslator","com.screen.translate.google","com.eecorp.linguago","com.google.ar.lens","com.niven.apptranslate","ru.yandex.translate","com.facebook.katana","com.facebook.orca","com.instagram.android"]},{"rank":{"index":2,"lang":"zh-hk","country":"hk","chineseCountryName":"香港","pkg":"com.spaceship.screen.textcopy"},"orders":["com.recognize_text.translate.screen","com.spaceship.screen.textcopy","com.newmg.yurao.pro","com.gaminik.i18n","com.google.android.apps.translate","com.microsoft.translator","com.tap_to_translate.snap_translate","com.niven.translator","com.niven.game","com.deepl.mobiletranslator","com.google.ar.lens","com.immersivetranslate.browser","com.screen.translate.google","ru.yandex.translate","com.eecorp.linguago","com.naver.labs.translator","com.niven.apptranslate","com.google.android.apps.maps","com.android.chrome","at.nk.tools.iTranslate"]},{"rank":{"index":2,"lang":"zh-tw","country":"tw","chineseCountryName":"台湾","pkg":"com.spaceship.screen.textcopy"},"orders":["com.recognize_text.translate.screen","com.spaceship.screen.textcopy","com.newmg.yurao.pro","com.gaminik.i18n","com.google.android.apps.translate","com.microsoft.translator","com.tap_to_translate.snap_translate","com.niven.translator","com.niven.game","com.screen.translate.google","com.deepl.mobiletranslator","com.google.ar.lens","com.immersivetranslate.browser","com.naver.labs.translator","com.eecorp.linguago","ru.yandex.translate","com.niven.apptranslate","com.facebook.orca","com.facebook.katana","com.google.android.apps.maps"]},{"rank":{"index":3,"lang":"en","country":"in","chineseCountryName":"印度","pkg":"com.spaceship.screen.textcopy"},"orders":["com.recognize_text.translate.screen","com.google.android.apps.translate","com.spaceship.screen.textcopy","com.newmg.yurao.pro"]},{"rank":{"index":2,"lang":"id","country":"id","chineseCountryName":"印尼","pkg":"com.spaceship.screen.textcopy"},"orders":["com.recognize_text.translate.screen","com.spaceship.screen.textcopy","com.gaminik.i18n","com.newmg.yurao.pro","com.niven.translator","com.google.android.apps.translate","com.youdao.hindict","com.deepl.mobiletranslator","com.tap_to_translate.snap_translate","com.niven.game","com.microsoft.translator","com.screen.translate.google","com.naver.labs.translator","com.eecorp.linguago","ru.yandex.translate"]},{"rank":{"index":2,"lang":"es-mx","country":"mx","chineseCountryName":"墨西哥","pkg":"com.spaceship.screen.textcopy"},"orders":["com.recognize_text.translate.screen","com.spaceship.screen.textcopy","com.google.android.apps.translate","com.newmg.yurao.pro","com.microsoft.translator"]}]