[{"rank":{"index":2,"lang":"en-us","country":"us","chineseCountryName":"美国","pkg":"com.spaceship.screen.textcopy"},"orders":["com.recognize_text.translate.screen","com.spaceship.screen.textcopy","com.niven.translator","com.tap_to_translate.snap_translate","com.microsoft.translator","com.google.android.apps.translate","com.gaminik.i18n","com.niven.game","com.zaz.translate","at.nk.tools.iTranslate","com.newmg.yurao.pro","com.niven.comic","com.language.translate.free.translator.voice.translation","com.translate.talkingtranslator","com.google.ar.lens","com.datacomprojects.scanandtranslate","com.sayhi.android.sayhitranslate","com.youdao.hindict","com.deepl.mobiletranslator","com.screen.translate.google"]},{"rank":{"index":2,"lang":"ru","country":"ru","chineseCountryName":"俄罗斯","pkg":"com.spaceship.screen.textcopy"},"orders":["com.recognize_text.translate.screen","com.spaceship.screen.textcopy","com.niven.translator","com.tap_to_translate.snap_translate","com.microsoft.translator","com.newmg.yurao.pro","com.niven.game","com.gaminik.i18n","com.google.android.apps.translate","com.datacomprojects.scanandtranslate","ru.yandex.translate","at.nk.tools.iTranslate","com.zaz.translate","com.niven.comic","com.language.translate.free.translator.voice.translation","com.screen.translate.google","com.google.ar.lens","com.deepl.mobiletranslator","com.translate.talkingtranslator","com.tangdi.baiguotong"]},{"rank":{"index":2,"lang":"pt-br","country":"br","chineseCountryName":"巴西","pkg":"com.spaceship.screen.textcopy"},"orders":["com.recognize_text.translate.screen","com.spaceship.screen.textcopy","com.tap_to_translate.snap_translate","com.niven.translator","com.niven.game","com.gaminik.i18n","com.niven.comic","com.microsoft.translator","com.newmg.yurao.pro","at.nk.tools.iTranslate","com.screen.translate.google","com.zaz.translate","com.google.android.apps.translate","com.niven.apptranslate","com.textgoapp.translate.lite","com.language.translate.free.translator.voice.translation","com.translate.language.translator.voice.translation","com.deepl.mobiletranslator","com.youdao.hindict","com.audacityittranslator.translatetexttranslator"]},{"rank":{"index":2,"lang":"fr","country":"fr","chineseCountryName":"法国","pkg":"com.spaceship.screen.textcopy"},"orders":["com.recognize_text.translate.screen","com.spaceship.screen.textcopy","com.tap_to_translate.snap_translate","com.niven.translator","com.microsoft.translator","com.gaminik.i18n","com.niven.game","com.zaz.translate","com.newmg.yurao.pro","at.nk.tools.iTranslate","com.niven.comic","com.google.android.apps.translate","com.language.translate.free.translator.voice.translation","com.translate.talkingtranslator","com.datacomprojects.scanandtranslate","com.screen.translate.google","com.textgoapp.translate.lite","com.google.ar.lens","com.deepl.mobiletranslator","com.niven.apptranslate"]},{"rank":{"index":2,"lang":"en-gb","country":"gb","chineseCountryName":"英国","pkg":"com.spaceship.screen.textcopy"},"orders":["com.recognize_text.translate.screen","com.spaceship.screen.textcopy","com.tap_to_translate.snap_translate","com.gaminik.i18n","com.microsoft.translator","com.google.android.apps.translate","com.niven.translator","com.zaz.translate","at.nk.tools.iTranslate","com.niven.game","com.language.translate.free.translator.voice.translation","com.google.ar.lens","com.newmg.yurao.pro","com.niven.comic","com.datacomprojects.scanandtranslate","com.translate.talkingtranslator","com.deepl.mobiletranslator","com.screen.translate.google","com.youdao.hindict","com.sayhi.android.sayhitranslate"]},{"rank":{"index":2,"lang":"de","country":"de","chineseCountryName":"德国","pkg":"com.spaceship.screen.textcopy"},"orders":["com.recognize_text.translate.screen","com.spaceship.screen.textcopy","com.tap_to_translate.snap_translate","com.microsoft.translator","com.niven.translator","com.gaminik.i18n","com.niven.game","com.google.android.apps.translate","com.zaz.translate","at.nk.tools.iTranslate","com.niven.comic","com.youdao.hindict","com.newmg.yurao.pro","com.translate.talkingtranslator","com.language.translate.free.translator.voice.translation","com.deepl.mobiletranslator","com.datacomprojects.scanandtranslate","com.screen.translate.google","com.tangdi.baiguotong","com.google.ar.lens"]},{"rank":{"index":2,"lang":"it","country":"it","chineseCountryName":"意大利","pkg":"com.spaceship.screen.textcopy"},"orders":["com.recognize_text.translate.screen","com.spaceship.screen.textcopy","com.niven.game","com.tap_to_translate.snap_translate","com.niven.translator","com.gaminik.i18n","com.microsoft.translator","at.nk.tools.iTranslate","com.zaz.translate","com.newmg.yurao.pro","com.niven.comic","com.google.android.apps.translate","com.language.translate.free.translator.voice.translation","com.datacomprojects.scanandtranslate","com.screen.translate.google","com.google.ar.lens","com.deepl.mobiletranslator","com.tangdi.baiguotong","com.textgoapp.translate.lite","com.translate.talkingtranslator"]},{"rank":{"index":2,"lang":"ja","country":"jp","chineseCountryName":"日本","pkg":"com.spaceship.screen.textcopy"},"orders":["com.recognize_text.translate.screen","com.spaceship.screen.textcopy","com.tap_to_translate.snap_translate","com.niven.translator","com.niven.game","com.gaminik.i18n","com.microsoft.translator","com.newmg.yurao.pro","com.niven.comic","com.zaz.translate","com.language.translate.free.translator.voice.translation","at.nk.tools.iTranslate","com.translate.talkingtranslator","com.google.android.apps.translate"]},{"rank":{"index":2,"lang":"ko","country":"kr","chineseCountryName":"韩国","pkg":"com.spaceship.screen.textcopy"},"orders":["com.recognize_text.translate.screen","com.spaceship.screen.textcopy","com.tap_to_translate.snap_translate","com.microsoft.translator","com.google.android.apps.translate","com.niven.translator","com.gaminik.i18n","com.niven.game","com.naver.labs.translator","at.nk.tools.iTranslate","com.zaz.translate","com.newmg.yurao.pro","com.niven.comic","com.deepl.mobiletranslator","com.language.translate.free.translator.voice.translation","com.google.ar.lens","com.translate.talkingtranslator","com.youdao.hindict","com.datacomprojects.scanandtranslate","com.wooask.zx"]},{"rank":{"index":2,"lang":"zh-hk","country":"hk","chineseCountryName":"香港","pkg":"com.spaceship.screen.textcopy"},"orders":["com.recognize_text.translate.screen","com.spaceship.screen.textcopy","com.microsoft.translator","com.tap_to_translate.snap_translate","com.google.android.apps.translate","com.niven.translator","com.gaminik.i18n","com.niven.game","com.zaz.translate","at.nk.tools.iTranslate","com.newmg.yurao.pro","com.niven.comic","jp.go.nict.voicetra","com.language.translate.free.translator.voice.translation","com.google.ar.lens","com.deepl.mobiletranslator","com.screen.translate.google","com.datacomprojects.scanandtranslate","com.translate.talkingtranslator","com.tangdi.baiguotong"]},{"rank":{"index":2,"lang":"zh-tw","country":"tw","chineseCountryName":"台湾","pkg":"com.spaceship.screen.textcopy"},"orders":["com.recognize_text.translate.screen","com.spaceship.screen.textcopy","com.microsoft.translator","com.gaminik.i18n","com.niven.translator","com.google.android.apps.translate","com.tap_to_translate.snap_translate","com.niven.game","at.nk.tools.iTranslate","com.zaz.translate","com.translate.talkingtranslator","com.newmg.yurao.pro","com.niven.comic","jp.go.nict.voicetra","com.language.translate.free.translator.voice.translation","com.naver.labs.translator","com.tangdi.baiguotong","com.google.ar.lens","com.datacomprojects.scanandtranslate","com.youdao.hindict"]},{"rank":{"index":2,"lang":"en","country":"in","chineseCountryName":"印度","pkg":"com.spaceship.screen.textcopy"},"orders":["com.recognize_text.translate.screen","com.spaceship.screen.textcopy","com.tap_to_translate.snap_translate"]},{"rank":{"index":2,"lang":"id","country":"id","chineseCountryName":"印尼","pkg":"com.spaceship.screen.textcopy"},"orders":["com.recognize_text.translate.screen","com.spaceship.screen.textcopy","com.tap_to_translate.snap_translate","com.niven.translator","com.niven.game","com.gaminik.i18n","com.microsoft.translator","com.niven.comic","com.newmg.yurao.pro","com.youdao.hindict","at.nk.tools.iTranslate"]},{"rank":{"index":2,"lang":"es-mx","country":"mx","chineseCountryName":"墨西哥","pkg":"com.spaceship.screen.textcopy"},"orders":["com.recognize_text.translate.screen","com.spaceship.screen.textcopy","com.niven.translator","com.tap_to_translate.snap_translate","com.niven.game","com.microsoft.translator","com.gaminik.i18n","at.nk.tools.iTranslate","com.niven.comic","com.newmg.yurao.pro","com.zaz.translate","com.google.android.apps.translate","com.language.translate.free.translator.voice.translation","com.youdao.hindict","com.screen.translate.google","com.google.ar.lens","com.voice_camera_free_translate","com.textgoapp.translate.lite","com.niven.apptranslate","com.aldoo.pdftranslatorpro"]}]