[{"rank":{"index":2,"lang":"en-us","country":"us","chineseCountryName":"美国","pkg":"com.spaceship.screen.textcopy"},"orders":["com.recognize_text.translate.screen","com.spaceship.screen.textcopy","com.niven.translator","com.gaminik.i18n","com.google.android.apps.translate","com.tap_to_translate.snap_translate","com.aurasense.screentranslate","com.newmg.yurao.pro","com.microsoft.translator","at.nk.tools.iTranslate","com.deepl.mobiletranslator","com.screen.translate.google","com.yoyodev.screentranslate","com.zaz.translate","com.niven.game","ru.yandex.translate","com.naver.labs.translator","live.screentranslate.realtime","com.hive.lingonative","link.zhidou.btranslator"]},{"rank":{"index":2,"lang":"ru","country":"ru","chineseCountryName":"俄罗斯","pkg":"com.spaceship.screen.textcopy"},"orders":["com.recognize_text.translate.screen","com.spaceship.screen.textcopy","com.niven.translator","com.tap_to_translate.snap_translate","com.gaminik.i18n","com.newmg.yurao.pro","com.yoyodev.screentranslate","com.google.android.apps.translate","com.screen.translate.google","ru.yandex.translate","com.microsoft.translator","com.niven.game","live.screentranslate.realtime","at.nk.tools.iTranslate","link.zhidou.btranslator","com.hive.lingonative","com.galaxy.airviewdictionary","photo.translate.camera.translator","com.niven.apptranslate","com.zaz.translate"]},{"rank":{"index":2,"lang":"pt-br","country":"br","chineseCountryName":"巴西","pkg":"com.spaceship.screen.textcopy"},"orders":["com.recognize_text.translate.screen","com.spaceship.screen.textcopy","com.tap_to_translate.snap_translate","com.niven.translator","com.gaminik.i18n","com.newmg.yurao.pro","com.google.android.apps.translate","com.microsoft.translator","com.screen.translate.google","com.deepl.mobiletranslator","at.nk.tools.iTranslate","com.niven.game","link.zhidou.btranslator","live.screentranslate.realtime","ru.yandex.translate","photo.translate.camera.translator","com.hive.lingonative","co.appnation.aivoicetranslator","com.galaxy.airviewdictionary","com.niven.apptranslate"]},{"rank":{"index":2,"lang":"fr","country":"fr","chineseCountryName":"法国","pkg":"com.spaceship.screen.textcopy"},"orders":["com.recognize_text.translate.screen","com.spaceship.screen.textcopy","com.tap_to_translate.snap_translate","com.niven.translator","com.gaminik.i18n","com.newmg.yurao.pro","com.yoyodev.screentranslate","com.screen.translate.google","com.aurasense.screentranslate","photo.translate.camera.translator","live.screentranslate.realtime","com.deepl.mobiletranslator","com.microsoft.translator","com.google.android.apps.translate","com.galaxy.airviewdictionary","at.nk.tools.iTranslate","com.hive.lingonative","com.niven.apptranslate","com.zaz.translate","link.zhidou.btranslator"]},{"rank":{"index":2,"lang":"en-gb","country":"gb","chineseCountryName":"英国","pkg":"com.spaceship.screen.textcopy"},"orders":["com.recognize_text.translate.screen","com.spaceship.screen.textcopy","com.tap_to_translate.snap_translate","com.google.android.apps.translate","com.microsoft.translator","at.nk.tools.iTranslate","com.zaz.translate","com.deepl.mobiletranslator","ru.yandex.translate","link.zhidou.btranslator","co.langlang.translator_for_wsp","photo.translate.camera.translator","co.appnation.aivoicetranslator","com.niven.translator","com.newmg.yurao.pro","com.aurasense.screentranslate","com.galaxy.airviewdictionary","translate.speech.text.translation.voicetranslator","screen.translator.voice.translate","com.softissimo.reverso.context"]},{"rank":{"index":2,"lang":"de","country":"de","chineseCountryName":"德国","pkg":"com.spaceship.screen.textcopy"},"orders":["com.recognize_text.translate.screen","com.spaceship.screen.textcopy","com.niven.translator","com.tap_to_translate.snap_translate","com.gaminik.i18n","com.newmg.yurao.pro","com.yoyodev.screentranslate","com.aurasense.screentranslate","com.screen.translate.google","live.screentranslate.realtime","link.zhidou.btranslator","com.hive.lingonative","com.galaxy.airviewdictionary","com.deepl.mobiletranslator","photo.translate.camera.translator","co.appnation.aivoicetranslator","com.niven.apptranslate","at.nk.tools.iTranslate","com.microsoft.translator","com.google.android.apps.translate"]},{"rank":{"index":2,"lang":"it","country":"it","chineseCountryName":"意大利","pkg":"com.spaceship.screen.textcopy"},"orders":["com.recognize_text.translate.screen","com.spaceship.screen.textcopy","com.tap_to_translate.snap_translate","com.gaminik.i18n","com.niven.translator","com.newmg.yurao.pro","com.yoyodev.screentranslate","com.screen.translate.google","com.aurasense.screentranslate","live.screentranslate.realtime","com.hive.lingonative","photo.translate.camera.translator","link.zhidou.btranslator","com.deepl.mobiletranslator"]},{"rank":{"index":2,"lang":"ja","country":"jp","chineseCountryName":"日本","pkg":"com.spaceship.screen.textcopy"},"orders":["com.recognize_text.translate.screen","com.spaceship.screen.textcopy","com.tap_to_translate.snap_translate","com.gaminik.i18n","com.newmg.yurao.pro","com.niven.translator","com.aurasense.screentranslate","com.screen.translate.google","live.screentranslate.realtime","com.galaxy.airviewdictionary","com.hive.lingonative","com.niven.apptranslate","com.chat_translate.screen_translate"]},{"rank":{"index":2,"lang":"ko","country":"kr","chineseCountryName":"韩国","pkg":"com.spaceship.screen.textcopy"},"orders":["com.recognize_text.translate.screen","com.spaceship.screen.textcopy","com.gaminik.i18n","com.tap_to_translate.snap_translate","com.niven.translator","com.newmg.yurao.pro","com.screen.translate.google","com.aurasense.screentranslate","live.screentranslate.realtime","com.hive.lingonative","com.galaxy.airviewdictionary","com.microsoft.translator","com.deepl.mobiletranslator","com.niven.apptranslate","photo.translate.camera.translator","link.zhidou.btranslator","com.naver.labs.translator","com.niven.game","co.appnation.aivoicetranslator","com.chat_translate.screen_translate"]},{"rank":{"index":2,"lang":"zh-hk","country":"hk","chineseCountryName":"香港","pkg":"com.spaceship.screen.textcopy"},"orders":["com.recognize_text.translate.screen","com.spaceship.screen.textcopy","com.tap_to_translate.snap_translate","com.niven.translator","com.newmg.yurao.pro","com.gaminik.i18n","com.google.android.apps.translate","com.microsoft.translator","com.deepl.mobiletranslator","com.aurasense.screentranslate","com.naver.labs.translator","at.nk.tools.iTranslate","photo.translate.camera.translator","com.screen.translate.google","com.niven.game","live.screentranslate.realtime","ru.yandex.translate","com.yoyodev.screentranslate","com.google.ar.lens","com.addevice.translate"]},{"rank":{"index":2,"lang":"zh-tw","country":"tw","chineseCountryName":"台湾","pkg":"com.spaceship.screen.textcopy"},"orders":["com.recognize_text.translate.screen","com.spaceship.screen.textcopy","com.gaminik.i18n","com.tap_to_translate.snap_translate","com.newmg.yurao.pro","com.niven.translator","com.aurasense.screentranslate","com.microsoft.translator","com.google.android.apps.translate","com.screen.translate.google","at.nk.tools.iTranslate","com.deepl.mobiletranslator","live.screentranslate.realtime","link.zhidou.btranslator","com.niven.game","com.yoyodev.screentranslate","com.naver.labs.translator","photo.translate.camera.translator","com.galaxy.airviewdictionary","com.hive.lingonative"]},{"rank":{"index":0,"lang":"en","country":"in","chineseCountryName":"印度","pkg":"com.spaceship.screen.textcopy"},"orders":["com.recognize_text.translate.screen","com.google.android.apps.translate","com.tap_to_translate.snap_translate","at.nk.tools.iTranslate","com.zaz.translate","ru.yandex.translate","photo.translate.camera.translator","com.naver.labs.translator","com.google.ar.lens","com.addevice.translate","com.newmg.yurao.pro","com.niven.translator","translate.speech.text.translation.voicetranslator","screen.translator.voice.translate","com.galaxy.airviewdictionary","com.aurasense.screentranslate","com.screen.translate.google","com.softissimo.reverso.context","com.niven.game","com.easy.all.language.translate"]},{"rank":{"index":2,"lang":"id","country":"id","chineseCountryName":"印尼","pkg":"com.spaceship.screen.textcopy"},"orders":["com.recognize_text.translate.screen","com.spaceship.screen.textcopy","com.niven.translator","com.tap_to_translate.snap_translate","com.gaminik.i18n","com.aurasense.screentranslate","com.google.android.apps.translate","com.newmg.yurao.pro","com.deepl.mobiletranslator","com.screen.translate.google","com.yoyodev.screentranslate","com.niven.game","com.microsoft.translator","com.naver.labs.translator","live.screentranslate.realtime","at.nk.tools.iTranslate","link.zhidou.btranslator","com.hive.lingonative","ru.yandex.translate","com.galaxy.airviewdictionary"]},{"rank":{"index":2,"lang":"es-mx","country":"mx","chineseCountryName":"墨西哥","pkg":"com.spaceship.screen.textcopy"},"orders":["com.recognize_text.translate.screen","com.spaceship.screen.textcopy","com.tap_to_translate.snap_translate","com.gaminik.i18n","com.niven.translator","com.newmg.yurao.pro","com.yoyodev.screentranslate","com.microsoft.translator","com.aurasense.screentranslate","com.screen.translate.google","at.nk.tools.iTranslate","com.niven.game","live.screentranslate.realtime","com.deepl.mobiletranslator","com.google.android.apps.translate","com.hive.lingonative","link.zhidou.btranslator","com.galaxy.airviewdictionary","photo.translate.camera.translator","com.niven.apptranslate"]}]