[{"rank":{"index":2,"lang":"en-us","country":"us","chineseCountryName":"美国","pkg":"com.spaceship.screen.textcopy"},"orders":["com.recognize_text.translate.screen","com.spaceship.screen.textcopy","com.tap_to_translate.snap_translate","com.gaminik.i18n","com.google.android.apps.translate","com.niven.translator","com.niven.game","com.newmg.yurao.pro","com.microsoft.translator","com.niven.apptranslate","at.nk.tools.iTranslate","com.niven.comic","com.screen.translate.google","com.ticktalk.translatevoice","com.android.chrome","com.google.android.dialer","com.google.android.apps.maps","com.translate.talkingtranslator","com.zaz.translate","com.google.android.apps.photos"]},{"rank":{"index":2,"lang":"ru","country":"ru","chineseCountryName":"俄罗斯","pkg":"com.spaceship.screen.textcopy"},"orders":["com.recognize_text.translate.screen","com.spaceship.screen.textcopy","com.tap_to_translate.snap_translate","com.gaminik.i18n","com.niven.translator","com.niven.game","com.newmg.yurao.pro","ru.yandex.translate","com.niven.apptranslate","com.niven.comic","com.google.android.apps.translate","com.screen.translate.google","com.microsoft.translator","at.nk.tools.iTranslate","com.ticktalk.translatevoice","com.facebook.orca","us.zoom.videomeetings","com.android.chrome","com.google.android.dialer","com.deepl.mobiletranslator"]},{"rank":{"index":2,"lang":"fr","country":"fr","chineseCountryName":"法国","pkg":"com.spaceship.screen.textcopy"},"orders":["com.recognize_text.translate.screen","com.spaceship.screen.textcopy","com.tap_to_translate.snap_translate","com.niven.game","com.gaminik.i18n","com.niven.translator","com.newmg.yurao.pro","com.niven.comic","com.niven.apptranslate","at.nk.tools.iTranslate","com.google.android.apps.translate","com.microsoft.translator","com.zaz.translate","com.youdao.hindict","com.ticktalk.translatevoice","com.screen.translate.google","com.deepl.mobiletranslator","com.translate.talkingtranslator","com.facebook.orca","com.google.android.apps.photos"]},{"rank":{"index":2,"lang":"en-gb","country":"gb","chineseCountryName":"英国","pkg":"com.spaceship.screen.textcopy"},"orders":["com.recognize_text.translate.screen","com.spaceship.screen.textcopy","com.gaminik.i18n","com.niven.game","com.google.android.apps.translate","com.niven.translator","com.tap_to_translate.snap_translate","com.newmg.yurao.pro","com.niven.apptranslate","com.microsoft.translator","com.niven.comic","com.zaz.translate","at.nk.tools.iTranslate","com.ticktalk.translatevoice","com.screen.translate.google","com.android.chrome","com.facebook.orca","com.duolingo","com.google.android.apps.maps","com.google.android.apps.photos"]},{"rank":{"index":2,"lang":"de","country":"de","chineseCountryName":"德国","pkg":"com.spaceship.screen.textcopy"},"orders":["com.recognize_text.translate.screen","com.spaceship.screen.textcopy","com.gaminik.i18n","com.niven.translator","com.niven.game","com.tap_to_translate.snap_translate","com.newmg.yurao.pro","com.screen.translate.google","com.niven.apptranslate","com.microsoft.translator","com.niven.comic","com.google.android.apps.translate","com.deepl.mobiletranslator","at.nk.tools.iTranslate","com.facebook.orca","us.zoom.videomeetings","com.android.chrome","com.skype.raider","com.discord","com.google.android.apps.maps"]},{"rank":{"index":2,"lang":"it","country":"it","chineseCountryName":"意大利","pkg":"com.spaceship.screen.textcopy"},"orders":["com.recognize_text.translate.screen","com.spaceship.screen.textcopy","com.gaminik.i18n","com.niven.game","com.tap_to_translate.snap_translate","com.niven.translator","com.newmg.yurao.pro","com.niven.apptranslate","com.microsoft.translator","com.google.android.apps.translate","at.nk.tools.iTranslate","com.niven.comic","com.screen.translate.google","com.youdao.hindict","com.zaz.translate","com.deepl.mobiletranslator","com.facebook.orca","com.google.android.apps.photos","us.zoom.videomeetings","com.duolingo"]},{"rank":{"index":2,"lang":"ja","country":"jp","chineseCountryName":"日本","pkg":"com.spaceship.screen.textcopy"},"orders":["com.recognize_text.translate.screen","com.spaceship.screen.textcopy","com.tap_to_translate.snap_translate","com.gaminik.i18n","com.newmg.yurao.pro","com.niven.translator","com.niven.game","com.niven.apptranslate","com.google.android.apps.translate","com.microsoft.translator","at.nk.tools.iTranslate","com.deepl.mobiletranslator","com.facebook.orca","com.android.chrome","com.screen.translate.google","com.google.android.apps.maps","us.zoom.videomeetings","com.niven.comic","com.naver.labs.translator","com.skype.raider"]},{"rank":{"index":2,"lang":"ko","country":"kr","chineseCountryName":"韩国","pkg":"com.spaceship.screen.textcopy"},"orders":["com.recognize_text.translate.screen","com.spaceship.screen.textcopy","com.tap_to_translate.snap_translate","com.gaminik.i18n","com.niven.game","com.newmg.yurao.pro","com.niven.translator","com.niven.apptranslate","com.google.android.apps.translate","com.niven.comic","com.facebook.orca","com.naver.labs.translator","us.zoom.videomeetings","com.screen.translate.google","com.android.chrome","com.discord","com.twitter.android","com.skype.raider","com.google.android.apps.photos","com.duolingo"]},{"rank":{"index":2,"lang":"zh-hk","country":"hk","chineseCountryName":"香港","pkg":"com.spaceship.screen.textcopy"},"orders":["com.recognize_text.translate.screen","com.spaceship.screen.textcopy","com.tap_to_translate.snap_translate","com.gaminik.i18n","com.niven.game","com.newmg.yurao.pro","com.niven.translator","com.google.android.apps.translate","com.microsoft.translator","com.niven.apptranslate","com.google.android.apps.maps","com.android.chrome","com.facebook.orca","at.nk.tools.iTranslate","us.zoom.videomeetings","com.discord","com.screen.translate.google","com.skype.raider","com.twitter.android","com.google.android.apps.photos"]},{"rank":{"index":2,"lang":"zh-tw","country":"tw","chineseCountryName":"台湾","pkg":"com.spaceship.screen.textcopy"},"orders":["com.recognize_text.translate.screen","com.spaceship.screen.textcopy","com.tap_to_translate.snap_translate","com.niven.game","com.gaminik.i18n","com.niven.translator","com.newmg.yurao.pro","com.niven.apptranslate","com.niven.comic","com.google.android.apps.translate","com.microsoft.translator","com.screen.translate.google","at.nk.tools.iTranslate","com.facebook.orca","com.google.android.apps.maps","com.android.chrome","com.skype.raider","com.discord","com.twitter.android","us.zoom.videomeetings"]},{"rank":{"index":3,"lang":"en","country":"in","chineseCountryName":"印度","pkg":"com.spaceship.screen.textcopy"},"orders":["com.recognize_text.translate.screen","com.google.android.apps.translate","com.spaceship.screen.textcopy","com.tap_to_translate.snap_translate","com.newmg.yurao.pro","com.microsoft.translator","com.niven.game","com.niven.translator","at.nk.tools.iTranslate","com.zaz.translate","com.ticktalk.translatevoice","com.gaminik.i18n"]},{"rank":{"index":2,"lang":"id","country":"id","chineseCountryName":"印尼","pkg":"com.spaceship.screen.textcopy"},"orders":["com.recognize_text.translate.screen","com.spaceship.screen.textcopy","com.tap_to_translate.snap_translate","com.gaminik.i18n","com.niven.translator","com.niven.game","com.newmg.yurao.pro","com.niven.apptranslate","com.niven.comic","com.google.android.apps.translate","com.youdao.hindict","at.nk.tools.iTranslate"]},{"rank":{"index":2,"lang":"es-mx","country":"mx","chineseCountryName":"墨西哥","pkg":"com.spaceship.screen.textcopy"},"orders":["com.recognize_text.translate.screen","com.spaceship.screen.textcopy","com.tap_to_translate.snap_translate","com.niven.game","com.niven.translator","com.google.android.apps.translate","com.youdao.hindict","at.nk.tools.iTranslate","com.microsoft.translator","com.ticktalk.translatevoice","com.deepl.mobiletranslator","com.naver.labs.translator","ru.yandex.translate","com.translate.talkingtranslator","com.softissimo.reverso.context","com.google.ar.lens","com.newmg.yurao.pro","com.niven.comic","com.google.android.marvin.talkback","com.gaminik.i18n"]}]