[{"rank":{"index":2,"lang":"en-us","country":"us","chineseCountryName":"美国","pkg":"com.spaceship.screen.textcopy"},"orders":["com.recognize_text.translate.screen","com.spaceship.screen.textcopy","com.tap_to_translate.snap_translate","com.google.android.apps.translate","com.screen.translate.google","com.newmg.yurao.pro","com.niven.translator","com.gaminik.i18n","com.microsoft.translator","com.immersivetranslate.browser","com.deepl.mobiletranslator","com.naver.labs.translator","com.niven.game","com.zaz.translate","com.voice_camera_free_translate","at.nk.tools.iTranslate","com.niven.apptranslate","ru.yandex.translate","com.fapp.translate.language.translator.fasttranslation","com.translate.talkingtranslator"]},{"rank":{"index":0,"lang":"ru","country":"ru","chineseCountryName":"俄罗斯","pkg":"com.spaceship.screen.textcopy"},"orders":["com.recognize_text.translate.screen","com.tap_to_translate.snap_translate","com.niven.translator","com.newmg.yurao.pro","com.gaminik.i18n","ru.yandex.translate","com.screen.translate.google","com.immersivetranslate.browser","com.google.android.apps.translate","com.niven.game","com.deepl.mobiletranslator"]},{"rank":{"index":2,"lang":"pt-br","country":"br","chineseCountryName":"巴西","pkg":"com.spaceship.screen.textcopy"},"orders":["com.recognize_text.translate.screen","com.spaceship.screen.textcopy","com.tap_to_translate.snap_translate","com.gaminik.i18n","com.newmg.yurao.pro","com.google.android.apps.translate","com.zaz.translate","com.deepl.mobiletranslator","at.nk.tools.iTranslate","com.immersivetranslate.browser","ru.yandex.translate","translate.voice.translator.camera.translation.free.all.language.app","com.voice_camera_free_translate","photo.translate.camera.translator","com.aldoo.pdftranslatorpro","com.niven.translator","com.screen.translate.google","com.datacomprojects.scanandtranslate","com.naver.labs.translator","com.niven.apptranslate"]},{"rank":{"index":2,"lang":"fr","country":"fr","chineseCountryName":"法国","pkg":"com.spaceship.screen.textcopy"},"orders":["com.recognize_text.translate.screen","com.spaceship.screen.textcopy","com.tap_to_translate.snap_translate","com.niven.translator","com.gaminik.i18n","com.screen.translate.google","com.newmg.yurao.pro","com.immersivetranslate.browser","com.voice_camera_free_translate","com.google.android.apps.translate","com.microsoft.translator","com.niven.apptranslate","com.deepl.mobiletranslator","com.zaz.translate","com.niven.game","ru.yandex.translate","com.naver.labs.translator","com.datacomprojects.scanandtranslate","com.google.ar.lens","com.microsoft.teams"]},{"rank":{"index":2,"lang":"en-gb","country":"gb","chineseCountryName":"英国","pkg":"com.spaceship.screen.textcopy"},"orders":["com.recognize_text.translate.screen","com.spaceship.screen.textcopy","com.newmg.yurao.pro","com.google.android.apps.translate","com.screen.translate.google","com.niven.translator","com.gaminik.i18n","com.tap_to_translate.snap_translate","com.microsoft.translator","com.immersivetranslate.browser","com.deepl.mobiletranslator","com.zaz.translate","at.nk.tools.iTranslate","ru.yandex.translate","com.niven.game","com.niven.apptranslate","com.fapp.translate.language.translator.fasttranslation","com.google.ar.lens","com.naver.labs.translator","com.datacomprojects.scanandtranslate"]},{"rank":{"index":2,"lang":"de","country":"de","chineseCountryName":"德国","pkg":"com.spaceship.screen.textcopy"},"orders":["com.recognize_text.translate.screen","com.spaceship.screen.textcopy","com.tap_to_translate.snap_translate","com.screen.translate.google","com.newmg.yurao.pro","com.niven.translator","com.gaminik.i18n","com.immersivetranslate.browser","com.deepl.mobiletranslator","com.google.android.apps.translate","com.microsoft.translator","com.niven.apptranslate","com.voice_camera_free_translate","com.niven.game","com.zaz.translate","ru.yandex.translate","at.nk.tools.iTranslate","com.microsoft.teams","com.openai.chatgpt","com.amazon.kindle"]},{"rank":{"index":2,"lang":"it","country":"it","chineseCountryName":"意大利","pkg":"com.spaceship.screen.textcopy"},"orders":["com.recognize_text.translate.screen","com.spaceship.screen.textcopy","com.niven.translator","com.tap_to_translate.snap_translate","com.gaminik.i18n","com.screen.translate.google","com.newmg.yurao.pro","com.immersivetranslate.browser","com.google.android.apps.translate","com.voice_camera_free_translate","com.deepl.mobiletranslator","com.niven.apptranslate","com.niven.game","com.microsoft.translator","com.zaz.translate","at.nk.tools.iTranslate","ru.yandex.translate","com.microsoft.teams","com.openai.chatgpt","com.datacomprojects.scanandtranslate"]},{"rank":{"index":2,"lang":"ja","country":"jp","chineseCountryName":"日本","pkg":"com.spaceship.screen.textcopy"},"orders":["com.recognize_text.translate.screen","com.spaceship.screen.textcopy","com.tap_to_translate.snap_translate","com.gaminik.i18n","com.newmg.yurao.pro","com.niven.translator","com.screen.translate.google","com.immersivetranslate.browser","com.google.android.apps.translate","com.niven.game","com.deepl.mobiletranslator","com.niven.apptranslate","com.naver.labs.translator","com.microsoft.translator","com.google.ar.lens","com.eecorp.linguago","com.zaz.translate","com.amazon.kindle","at.nk.tools.iTranslate","com.microsoft.teams"]},{"rank":{"index":2,"lang":"ko","country":"kr","chineseCountryName":"韩国","pkg":"com.spaceship.screen.textcopy"},"orders":["com.recognize_text.translate.screen","com.spaceship.screen.textcopy","com.niven.translator","com.tap_to_translate.snap_translate","com.gaminik.i18n","com.newmg.yurao.pro","com.screen.translate.google","com.immersivetranslate.browser","com.google.android.apps.translate","com.naver.labs.translator","com.niven.apptranslate","com.voice_camera_free_translate","com.niven.game","com.deepl.mobiletranslator","com.microsoft.translator","com.eecorp.linguago","com.facebook.katana","com.openai.chatgpt","com.facebook.orca","com.microsoft.teams"]},{"rank":{"index":2,"lang":"zh-hk","country":"hk","chineseCountryName":"香港","pkg":"com.spaceship.screen.textcopy"},"orders":["com.recognize_text.translate.screen","com.spaceship.screen.textcopy","com.screen.translate.google","com.niven.translator","com.newmg.yurao.pro","com.gaminik.i18n","com.google.android.apps.translate","com.tap_to_translate.snap_translate","com.immersivetranslate.browser","com.microsoft.translator","com.niven.game","com.naver.labs.translator","com.deepl.mobiletranslator","com.niven.apptranslate","com.zaz.translate","at.nk.tools.iTranslate","com.fapp.translate.language.translator.fasttranslation","com.google.ar.lens","translate.voice.translator.camera.translation.free.all.language.app","ru.yandex.translate"]},{"rank":{"index":2,"lang":"zh-tw","country":"tw","chineseCountryName":"台湾","pkg":"com.spaceship.screen.textcopy"},"orders":["com.recognize_text.translate.screen","com.spaceship.screen.textcopy","com.niven.translator","com.newmg.yurao.pro","com.screen.translate.google","com.gaminik.i18n","com.tap_to_translate.snap_translate","com.immersivetranslate.browser","com.niven.apptranslate","com.google.android.apps.translate","com.niven.game","com.microsoft.translator","com.deepl.mobiletranslator","com.naver.labs.translator","com.zaz.translate","com.facebook.katana","com.facebook.orca","com.openai.chatgpt","com.microsoft.teams","com.fapp.translate.language.translator.fasttranslation"]},{"rank":{"index":2,"lang":"en","country":"in","chineseCountryName":"印度","pkg":"com.spaceship.screen.textcopy"},"orders":["com.recognize_text.translate.screen","com.spaceship.screen.textcopy","com.newmg.yurao.pro","com.google.android.apps.translate"]},{"rank":{"index":3,"lang":"id","country":"id","chineseCountryName":"印尼","pkg":"com.spaceship.screen.textcopy"},"orders":["com.recognize_text.translate.screen","com.tap_to_translate.snap_translate","com.spaceship.screen.textcopy","com.niven.translator","com.newmg.yurao.pro","com.gaminik.i18n","com.screen.translate.google","com.immersivetranslate.browser","com.niven.game","com.google.android.apps.translate","com.deepl.mobiletranslator","com.niven.apptranslate"]},{"rank":{"index":2,"lang":"es-mx","country":"mx","chineseCountryName":"墨西哥","pkg":"com.spaceship.screen.textcopy"},"orders":["com.recognize_text.translate.screen","com.spaceship.screen.textcopy","com.tap_to_translate.snap_translate","com.newmg.yurao.pro","com.gaminik.i18n","com.google.android.apps.translate","com.deepl.mobiletranslator","com.zaz.translate","at.nk.tools.iTranslate","com.datacomprojects.scanandtranslate","com.immersivetranslate.browser","ru.yandex.translate","com.naver.labs.translator","translate.voice.translator.camera.translation.free.all.language.app","com.softissimo.reverso.context","com.translate.talkingtranslator","com.niven.translator","com.screen.translate.google","com.niven.apptranslate","com.niven.game"]}]