[{"rank":{"index":2,"lang":"en-us","country":"us","chineseCountryName":"美国","pkg":"com.spaceship.screen.textcopy"},"orders":["com.recognize_text.translate.screen","com.spaceship.screen.textcopy","com.screen.translate.google","com.gaminik.i18n","com.galaxy.airviewdictionary","com.yoyodev.screentranslate","com.niven.translator","com.aurasense.screentranslate","com.tap_to_translate.snap_translate","com.newtranslate.google","com.google.android.apps.translate","com.newmg.yurao.pro","com.deepl.mobiletranslator","com.niven.apptranslate","com.zaz.translate","com.microsoft.translator","com.esarikaya.screentranslate","at.nk.tools.iTranslate","translate.speech.text.translation.voicetranslator","com.niven.game"]},{"rank":{"index":4,"lang":"ru","country":"ru","chineseCountryName":"俄罗斯","pkg":"com.spaceship.screen.textcopy"},"orders":["com.recognize_text.translate.screen","com.niven.translator","com.tap_to_translate.snap_translate","com.spaceship.screen.textcopy","com.yoyodev.screentranslate","com.gaminik.i18n","com.screen.translate.google","com.galaxy.airviewdictionary","com.newtranslate.google","com.newmg.yurao.pro","ru.yandex.translate","com.google.android.apps.translate"]},{"rank":{"index":2,"lang":"pt-br","country":"br","chineseCountryName":"巴西","pkg":"com.spaceship.screen.textcopy"},"orders":["com.recognize_text.translate.screen","com.spaceship.screen.textcopy","com.niven.translator","com.gaminik.i18n","com.galaxy.airviewdictionary","com.tap_to_translate.snap_translate","com.screen.translate.google","com.newtranslate.google","com.newmg.yurao.pro","com.esarikaya.screentranslate","com.google.android.apps.translate","com.niven.apptranslate","com.hive.lingonative","com.deepl.mobiletranslator","com.niven.game","ru.yandex.translate","com.zaz.translate","link.zhidou.btranslator","com.microsoft.translator","at.nk.tools.iTranslate"]},{"rank":{"index":2,"lang":"fr","country":"fr","chineseCountryName":"法国","pkg":"com.spaceship.screen.textcopy"},"orders":["com.recognize_text.translate.screen","com.spaceship.screen.textcopy","com.yoyodev.screentranslate","com.niven.translator","com.screen.translate.google","com.tap_to_translate.snap_translate","com.gaminik.i18n","com.galaxy.airviewdictionary","com.aurasense.screentranslate","com.newmg.yurao.pro","com.newtranslate.google","com.google.android.apps.translate","com.esarikaya.screentranslate","com.deepl.mobiletranslator","com.niven.apptranslate","com.hive.lingonative","com.zaz.translate","link.zhidou.btranslator","ru.yandex.translate","com.microsoft.translator"]},{"rank":{"index":2,"lang":"en-gb","country":"gb","chineseCountryName":"英国","pkg":"com.spaceship.screen.textcopy"},"orders":["com.recognize_text.translate.screen","com.spaceship.screen.textcopy","com.screen.translate.google","com.galaxy.airviewdictionary","com.yoyodev.screentranslate","com.niven.translator","com.gaminik.i18n","com.tap_to_translate.snap_translate","com.aurasense.screentranslate","com.newtranslate.google","com.newmg.yurao.pro","com.google.android.apps.translate","com.niven.apptranslate","com.deepl.mobiletranslator","com.zaz.translate","com.esarikaya.screentranslate","at.nk.tools.iTranslate","com.microsoft.translator","translate.speech.text.translation.voicetranslator","com.hive.lingonative"]},{"rank":{"index":3,"lang":"de","country":"de","chineseCountryName":"德国","pkg":"com.spaceship.screen.textcopy"},"orders":["com.recognize_text.translate.screen","com.gaminik.i18n","com.spaceship.screen.textcopy","com.yoyodev.screentranslate","com.screen.translate.google","com.niven.translator","com.tap_to_translate.snap_translate","com.galaxy.airviewdictionary","com.newmg.yurao.pro","com.aurasense.screentranslate","com.google.android.apps.translate","com.newtranslate.google","com.esarikaya.screentranslate","com.deepl.mobiletranslator","com.niven.apptranslate","com.hive.lingonative","com.zaz.translate","com.microsoft.translator","ru.yandex.translate","link.zhidou.btranslator"]},{"rank":{"index":4,"lang":"it","country":"it","chineseCountryName":"意大利","pkg":"com.spaceship.screen.textcopy"},"orders":["com.recognize_text.translate.screen","com.tap_to_translate.snap_translate","com.yoyodev.screentranslate","com.spaceship.screen.textcopy","com.gaminik.i18n","com.screen.translate.google","com.niven.translator","com.galaxy.airviewdictionary","com.newmg.yurao.pro","com.aurasense.screentranslate","com.newtranslate.google","com.google.android.apps.translate","com.esarikaya.screentranslate","com.deepl.mobiletranslator","com.niven.apptranslate","com.zaz.translate","com.microsoft.translator","link.zhidou.btranslator","com.screen.translator.text.recognize","at.nk.tools.iTranslate"]},{"rank":{"index":3,"lang":"ja","country":"jp","chineseCountryName":"日本","pkg":"com.spaceship.screen.textcopy"},"orders":["com.recognize_text.translate.screen","com.gaminik.i18n","com.spaceship.screen.textcopy","com.screen.translate.google","com.niven.translator","com.galaxy.airviewdictionary","com.tap_to_translate.snap_translate","com.aurasense.screentranslate","com.newtranslate.google","com.google.android.apps.translate","com.newmg.yurao.pro","com.hive.lingonative"]},{"rank":{"index":4,"lang":"ko","country":"kr","chineseCountryName":"韩国","pkg":"com.spaceship.screen.textcopy"},"orders":["com.recognize_text.translate.screen","com.gaminik.i18n","com.screen.translate.google","com.spaceship.screen.textcopy","com.tap_to_translate.snap_translate","com.galaxy.airviewdictionary","com.niven.translator","com.aurasense.screentranslate","com.newmg.yurao.pro","com.google.android.apps.translate","com.newtranslate.google","com.esarikaya.screentranslate","com.niven.apptranslate","com.deepl.mobiletranslator","com.zaz.translate","com.naver.labs.translator","com.hive.lingonative","com.microsoft.translator","ru.yandex.translate","translate.speech.text.translation.voicetranslator"]},{"rank":{"index":2,"lang":"zh-hk","country":"hk","chineseCountryName":"香港","pkg":"com.spaceship.screen.textcopy"},"orders":["com.recognize_text.translate.screen","com.spaceship.screen.textcopy","com.tap_to_translate.snap_translate","com.google.android.apps.translate","com.zaz.translate","com.deepl.mobiletranslator","at.nk.tools.iTranslate","ru.yandex.translate","link.zhidou.btranslator","photo.translate.camera.translator","com.galaxy.airviewdictionary","com.screen.translate.google","com.newtranslate.google","com.niven.translator","com.yoyodev.screentranslate","com.newmg.yurao.pro","com.aurasense.screentranslate","screen.translator.voice.translate","com.niven.apptranslate","com.naver.labs.translator"]},{"rank":{"index":3,"lang":"zh-tw","country":"tw","chineseCountryName":"台湾","pkg":"com.spaceship.screen.textcopy"},"orders":["com.recognize_text.translate.screen","com.screen.translate.google","com.spaceship.screen.textcopy","com.yoyodev.screentranslate","com.gaminik.i18n","com.aurasense.screentranslate","com.galaxy.airviewdictionary","com.tap_to_translate.snap_translate","com.niven.translator","com.newmg.yurao.pro","com.google.android.apps.translate","com.esarikaya.screentranslate","com.newtranslate.google","com.zaz.translate","com.niven.apptranslate","com.deepl.mobiletranslator","com.naver.labs.translator","com.microsoft.translator","ru.yandex.translate","at.nk.tools.iTranslate"]},{"rank":{"index":0,"lang":"en","country":"in","chineseCountryName":"印度","pkg":"com.spaceship.screen.textcopy"},"orders":["com.recognize_text.translate.screen","com.google.android.apps.translate","com.gaminik.i18n","com.tap_to_translate.snap_translate","com.zaz.translate","ru.yandex.translate","com.deepl.mobiletranslator","at.nk.tools.iTranslate","co.appnation.aivoicetranslator","com.galaxy.airviewdictionary","com.screen.translate.google","com.yoyodev.screentranslate","com.niven.translator","com.newtranslate.google","com.newmg.yurao.pro","com.aurasense.screentranslate","translate.speech.text.translation.voicetranslator","screen.translator.voice.translate","com.niven.apptranslate","com.esarikaya.screentranslate"]},{"rank":{"index":2,"lang":"id","country":"id","chineseCountryName":"印尼","pkg":"com.spaceship.screen.textcopy"},"orders":["com.recognize_text.translate.screen","com.spaceship.screen.textcopy","com.yoyodev.screentranslate","com.screen.translate.google","com.niven.translator","com.gaminik.i18n","com.tap_to_translate.snap_translate","com.galaxy.airviewdictionary","com.aurasense.screentranslate","com.newmg.yurao.pro","com.newtranslate.google","com.google.android.apps.translate"]},{"rank":{"index":2,"lang":"es-mx","country":"mx","chineseCountryName":"墨西哥","pkg":"com.spaceship.screen.textcopy"},"orders":["com.recognize_text.translate.screen","com.spaceship.screen.textcopy","com.tap_to_translate.snap_translate","com.gaminik.i18n","com.google.android.apps.translate","com.zaz.translate","com.microsoft.translator","at.nk.tools.iTranslate","ru.yandex.translate","link.zhidou.btranslator","com.niven.translator","com.galaxy.airviewdictionary","com.screen.translate.google","com.yoyodev.screentranslate","com.newtranslate.google","com.newmg.yurao.pro","screen.translator.voice.translate","com.aurasense.screentranslate","com.esarikaya.screentranslate","com.niven.apptranslate"]}]