[{"rank":{"index":2,"lang":"en-us","country":"us","chineseCountryName":"美国","pkg":"com.spaceship.screen.textcopy"},"orders":["com.recognize_text.translate.screen","com.spaceship.screen.textcopy","com.niven.translator","com.google.android.apps.translate","com.tap_to_translate.snap_translate","com.galaxy.airviewdictionary","com.screen.translate.google","com.gaminik.i18n","com.newmg.yurao.pro","com.deepl.mobiletranslator","com.microsoft.translator","com.immersivetranslate.browser","com.fapp.translate.language.translator.fasttranslation","photo.translate.camera.translator","com.voice_camera_free_translate","link.zhidou.btranslator","ru.yandex.translate","com.naver.labs.translator","com.niven.apptranslate","com.niven.game"]},{"rank":{"index":3,"lang":"ru","country":"ru","chineseCountryName":"俄罗斯","pkg":"com.spaceship.screen.textcopy"},"orders":["com.recognize_text.translate.screen","com.niven.translator","com.spaceship.screen.textcopy","com.tap_to_translate.snap_translate","com.gaminik.i18n","com.galaxy.airviewdictionary","com.newmg.yurao.pro","com.screen.translate.google","ru.yandex.translate","com.google.android.apps.translate","com.niven.game","com.deepl.mobiletranslator"]},{"rank":{"index":2,"lang":"pt-br","country":"br","chineseCountryName":"巴西","pkg":"com.spaceship.screen.textcopy"},"orders":["com.recognize_text.translate.screen","com.spaceship.screen.textcopy","com.niven.translator","com.galaxy.airviewdictionary","com.screen.translate.google","com.gaminik.i18n","com.tap_to_translate.snap_translate","com.newmg.yurao.pro","com.niven.game","com.niven.apptranslate","com.fapp.translate.language.translator.fasttranslation","com.eecorp.linguago","com.immersivetranslate.browser","com.deepl.mobiletranslator","com.google.android.apps.translate","live.screentranslate.realtime","com.niven.comic","com.microsoft.translator","photo.translate.camera.translator","com.hive.lingonative"]},{"rank":{"index":2,"lang":"fr","country":"fr","chineseCountryName":"法国","pkg":"com.spaceship.screen.textcopy"},"orders":["com.recognize_text.translate.screen","com.spaceship.screen.textcopy","com.tap_to_translate.snap_translate","com.niven.translator","com.gaminik.i18n","com.galaxy.airviewdictionary","com.screen.translate.google","com.newmg.yurao.pro","com.fapp.translate.language.translator.fasttranslation","com.immersivetranslate.browser","com.google.android.apps.translate","com.voice_camera_free_translate","com.deepl.mobiletranslator","photo.translate.camera.translator","com.niven.game","link.zhidou.btranslator","com.microsoft.translator","com.niven.apptranslate","com.eecorp.linguago","com.zaz.translate"]},{"rank":{"index":2,"lang":"en-gb","country":"gb","chineseCountryName":"英国","pkg":"com.spaceship.screen.textcopy"},"orders":["com.recognize_text.translate.screen","com.spaceship.screen.textcopy","com.niven.translator","com.google.android.apps.translate","com.galaxy.airviewdictionary","com.screen.translate.google","com.gaminik.i18n","com.tap_to_translate.snap_translate","com.newmg.yurao.pro","com.microsoft.translator","com.fapp.translate.language.translator.fasttranslation","com.immersivetranslate.browser","com.deepl.mobiletranslator","com.zaz.translate","photo.translate.camera.translator","ru.yandex.translate","link.zhidou.btranslator","com.naver.labs.translator","com.niven.game","com.siv"]},{"rank":{"index":3,"lang":"de","country":"de","chineseCountryName":"德国","pkg":"com.spaceship.screen.textcopy"},"orders":["com.recognize_text.translate.screen","com.niven.translator","com.spaceship.screen.textcopy","com.galaxy.airviewdictionary","com.tap_to_translate.snap_translate","com.screen.translate.google","com.gaminik.i18n","com.newmg.yurao.pro","com.immersivetranslate.browser","com.fapp.translate.language.translator.fasttranslation","com.google.android.apps.translate","com.deepl.mobiletranslator","com.voice_camera_free_translate","com.niven.apptranslate","com.eecorp.linguago","com.microsoft.translator","com.zaz.translate","ru.yandex.translate","link.zhidou.btranslator","com.niven.game"]},{"rank":{"index":2,"lang":"it","country":"it","chineseCountryName":"意大利","pkg":"com.spaceship.screen.textcopy"},"orders":["com.recognize_text.translate.screen","com.spaceship.screen.textcopy","com.niven.translator","com.tap_to_translate.snap_translate","com.gaminik.i18n","com.galaxy.airviewdictionary","com.screen.translate.google","com.newmg.yurao.pro","com.google.android.apps.translate","com.fapp.translate.language.translator.fasttranslation","com.immersivetranslate.browser","com.deepl.mobiletranslator","com.voice_camera_free_translate","com.microsoft.translator","photo.translate.camera.translator","com.eecorp.linguago","link.zhidou.btranslator","com.niven.apptranslate","com.niven.game","com.kursx.smartbook"]},{"rank":{"index":2,"lang":"ja","country":"jp","chineseCountryName":"日本","pkg":"com.spaceship.screen.textcopy"},"orders":["com.recognize_text.translate.screen","com.spaceship.screen.textcopy","com.tap_to_translate.snap_translate","com.niven.translator","com.gaminik.i18n","com.galaxy.airviewdictionary","com.newmg.yurao.pro","com.screen.translate.google","com.google.android.apps.translate","com.deepl.mobiletranslator","com.immersivetranslate.browser","com.fapp.translate.language.translator.fasttranslation"]},{"rank":{"index":2,"lang":"ko","country":"kr","chineseCountryName":"韩国","pkg":"com.spaceship.screen.textcopy"},"orders":["com.recognize_text.translate.screen","com.spaceship.screen.textcopy","com.niven.translator","com.tap_to_translate.snap_translate","com.gaminik.i18n","com.galaxy.airviewdictionary","com.screen.translate.google","com.newmg.yurao.pro","com.fapp.translate.language.translator.fasttranslation","com.google.android.apps.translate","com.naver.labs.translator"]},{"rank":{"index":2,"lang":"zh-hk","country":"hk","chineseCountryName":"香港","pkg":"com.spaceship.screen.textcopy"},"orders":["com.recognize_text.translate.screen","com.spaceship.screen.textcopy","com.tap_to_translate.snap_translate","com.niven.translator","com.screen.translate.google","com.galaxy.airviewdictionary","com.gaminik.i18n","com.google.android.apps.translate","com.newmg.yurao.pro","com.fapp.translate.language.translator.fasttranslation","com.microsoft.translator","com.immersivetranslate.browser","com.voice_camera_free_translate","com.deepl.mobiletranslator","photo.translate.camera.translator","ru.yandex.translate","com.niven.apptranslate","link.zhidou.btranslator","com.zaz.translate","com.niven.game"]},{"rank":{"index":2,"lang":"zh-tw","country":"tw","chineseCountryName":"台湾","pkg":"com.spaceship.screen.textcopy"},"orders":["com.recognize_text.translate.screen","com.spaceship.screen.textcopy","com.niven.translator","com.galaxy.airviewdictionary","com.screen.translate.google","com.gaminik.i18n","com.tap_to_translate.snap_translate","com.newmg.yurao.pro","com.fapp.translate.language.translator.fasttranslation","com.niven.apptranslate","com.google.android.apps.translate","com.immersivetranslate.browser","com.microsoft.translator","com.eecorp.linguago","ru.yandex.translate","com.deepl.mobiletranslator","live.screentranslate.realtime","com.zaz.translate","com.niven.game","link.zhidou.btranslator"]},{"rank":{"index":2,"lang":"en","country":"in","chineseCountryName":"印度","pkg":"com.spaceship.screen.textcopy"},"orders":["com.recognize_text.translate.screen","com.spaceship.screen.textcopy","com.newmg.yurao.pro","com.google.android.apps.translate"]},{"rank":{"index":2,"lang":"id","country":"id","chineseCountryName":"印尼","pkg":"com.spaceship.screen.textcopy"},"orders":["com.recognize_text.translate.screen","com.spaceship.screen.textcopy","com.tap_to_translate.snap_translate","com.niven.translator","com.screen.translate.google","com.gaminik.i18n","com.newmg.yurao.pro","com.galaxy.airviewdictionary","com.google.android.apps.translate","com.fapp.translate.language.translator.fasttranslation","com.niven.game"]},{"rank":{"index":2,"lang":"es-mx","country":"mx","chineseCountryName":"墨西哥","pkg":"com.spaceship.screen.textcopy"},"orders":["com.recognize_text.translate.screen","com.spaceship.screen.textcopy","com.tap_to_translate.snap_translate","com.newmg.yurao.pro","com.gaminik.i18n","com.google.android.apps.translate","com.microsoft.translator","com.zaz.translate","at.nk.tools.iTranslate","ru.yandex.translate","jp.go.nict.voicetra","photo.translate.camera.translator","link.zhidou.btranslator","com.voice_camera_free_translate","com.immersivetranslate.browser","com.niven.translator","com.galaxy.airviewdictionary","com.screen.translate.google","com.fapp.translate.language.translator.fasttranslation","com.softissimo.reverso.context"]}]