[{"rank":{"index":1,"lang":"en-us","country":"us","chineseCountryName":"美国","pkg":"com.spaceship.screen.textcopy"},"orders":["com.spaceship.screen.textcopy","com.recognize_text.translate.screen","com.microsoft.translator","com.gaminik.i18n","com.newmg.yurao.pro","com.google.android.apps.translate","com.niven.translator","com.niven.game","com.eecorp.taptranslator","com.sayhi.android.sayhitranslate","at.nk.tools.iTranslate","com.naver.labs.translator","com.zaz.translate","com.niven.comic","com.translate.talkingtranslator","com.deepl.mobiletranslator","com.translate.language.translator.voice.translation","com.screen.translate.google","com.easytranslate.easytranslate","com.tap_to_translate.snap_translate"]},{"rank":{"index":2,"lang":"ru","country":"ru","chineseCountryName":"俄罗斯","pkg":"com.spaceship.screen.textcopy"},"orders":["com.recognize_text.translate.screen","com.spaceship.screen.textcopy","com.niven.translator","com.gaminik.i18n","com.microsoft.translator","com.niven.game","ru.yandex.translate","com.newmg.yurao.pro","com.google.android.apps.translate","com.niven.comic","at.nk.tools.iTranslate","com.deepl.mobiletranslator","com.translate.language.translator.voice.translation","com.screen.translate.google","com.translate.talkingtranslator","com.naver.labs.translator","com.niven.apptranslate","com.zaz.translate","com.google.ar.lens","com.tap_to_translate.snap_translate"]},{"rank":{"index":1,"lang":"pt-br","country":"br","chineseCountryName":"巴西","pkg":"com.spaceship.screen.textcopy"},"orders":["com.spaceship.screen.textcopy","com.recognize_text.translate.screen","com.gaminik.i18n","com.niven.translator","com.niven.game","com.eecorp.taptranslator","com.newmg.yurao.pro","com.microsoft.translator","com.niven.comic","com.google.android.apps.translate","at.nk.tools.iTranslate","com.youdao.hindict","com.android.chrome","com.google.android.apps.photos","com.google.android.apps.maps","com.discord","com.google.android.apps.youtube.creator","com.openai.chatgpt","com.skype.raider","com.microsoft.office.outlook"]},{"rank":{"index":2,"lang":"fr","country":"fr","chineseCountryName":"法国","pkg":"com.spaceship.screen.textcopy"},"orders":["com.recognize_text.translate.screen","com.spaceship.screen.textcopy","com.gaminik.i18n","com.niven.translator","com.niven.game","com.microsoft.translator","com.google.android.apps.translate","com.newmg.yurao.pro","com.eecorp.taptranslator","at.nk.tools.iTranslate","com.niven.comic","com.deepl.mobiletranslator","com.discord","com.android.chrome","com.microsoft.office.outlook","com.google.android.apps.photos","com.canva.editor","com.skype.raider","com.duolingo","com.google.android.apps.maps"]},{"rank":{"index":2,"lang":"en-gb","country":"gb","chineseCountryName":"英国","pkg":"com.spaceship.screen.textcopy"},"orders":["com.recognize_text.translate.screen","com.spaceship.screen.textcopy","com.gaminik.i18n","com.google.android.apps.translate","com.microsoft.translator","com.niven.translator","com.niven.game","com.zaz.translate","at.nk.tools.iTranslate","com.newmg.yurao.pro","com.sayhi.android.sayhitranslate","com.niven.comic","com.deepl.mobiletranslator","com.translate.language.translator.voice.translation","com.eecorp.taptranslator","com.translate.talkingtranslator","com.naver.labs.translator","com.youdao.hindict","ru.yandex.translate","com.screen.translate.google"]},{"rank":{"index":1,"lang":"de","country":"de","chineseCountryName":"德国","pkg":"com.spaceship.screen.textcopy"},"orders":["com.spaceship.screen.textcopy","com.recognize_text.translate.screen","com.gaminik.i18n","com.niven.translator","com.newmg.yurao.pro","com.niven.game","com.microsoft.translator","com.eecorp.taptranslator","com.google.android.apps.translate","com.niven.comic","com.deepl.mobiletranslator","com.screen.translate.google","com.sayhi.android.sayhitranslate","com.discord","com.android.chrome","at.nk.tools.iTranslate","com.openai.chatgpt","com.google.android.apps.photos","com.microsoft.office.outlook","com.skype.raider"]},{"rank":{"index":1,"lang":"it","country":"it","chineseCountryName":"意大利","pkg":"com.spaceship.screen.textcopy"},"orders":["com.spaceship.screen.textcopy","com.recognize_text.translate.screen","com.gaminik.i18n","com.niven.translator","com.niven.game","com.microsoft.translator","com.newmg.yurao.pro","com.google.android.apps.translate","com.eecorp.taptranslator","at.nk.tools.iTranslate","com.niven.comic","com.screen.translate.google","com.deepl.mobiletranslator","com.google.android.apps.photos","com.openai.chatgpt","com.discord","com.google.ar.lens","screen.translator.voice.translate","com.image.camera.translate.ai","com.translate.language.translator.voice.translation"]},{"rank":{"index":1,"lang":"ja","country":"jp","chineseCountryName":"日本","pkg":"com.spaceship.screen.textcopy"},"orders":["com.spaceship.screen.textcopy","com.recognize_text.translate.screen","com.gaminik.i18n","com.niven.translator","com.galaxy.airviewdictionary","com.niven.game","com.deepl.mobiletranslator","com.newmg.yurao.pro","com.google.android.apps.translate","com.microsoft.translator","com.screen.translate.google","com.naver.labs.translator","com.eecorp.taptranslator","com.niven.comic","com.android.chrome","com.discord","com.google.ar.lens","com.google.android.apps.maps","com.niven.apptranslate","com.skype.raider"]},{"rank":{"index":1,"lang":"ko","country":"kr","chineseCountryName":"韩国","pkg":"com.spaceship.screen.textcopy"},"orders":["com.spaceship.screen.textcopy","com.recognize_text.translate.screen","com.gaminik.i18n","com.niven.translator","com.microsoft.translator","com.google.android.apps.translate","com.niven.game","com.naver.labs.translator","com.newmg.yurao.pro","com.niven.comic","at.nk.tools.iTranslate","com.eecorp.taptranslator","com.deepl.mobiletranslator","com.translate.talkingtranslator","com.translate.language.translator.voice.translation","com.galaxy.airviewdictionary","com.google.ar.lens","com.screen.translate.google","com.zaz.translate","com.niven.apptranslate"]},{"rank":{"index":1,"lang":"zh-hk","country":"hk","chineseCountryName":"香港","pkg":"com.spaceship.screen.textcopy"},"orders":["com.spaceship.screen.textcopy","com.recognize_text.translate.screen","com.microsoft.translator","com.gaminik.i18n","com.google.android.apps.translate","com.niven.translator","com.niven.game","at.nk.tools.iTranslate","com.newmg.yurao.pro","com.niven.comic","com.translate.talkingtranslator","com.naver.labs.translator","com.translate.language.translator.voice.translation","com.eecorp.taptranslator","com.zaz.translate","com.deepl.mobiletranslator","com.youdao.hindict","com.google.ar.lens","com.screen.translate.google","com.galaxy.airviewdictionary"]},{"rank":{"index":1,"lang":"zh-tw","country":"tw","chineseCountryName":"台湾","pkg":"com.spaceship.screen.textcopy"},"orders":["com.spaceship.screen.textcopy","com.recognize_text.translate.screen","com.microsoft.translator","com.gaminik.i18n","com.google.android.apps.translate","com.niven.translator","com.niven.game","at.nk.tools.iTranslate","com.naver.labs.translator","com.translate.talkingtranslator","com.niven.comic","com.newmg.yurao.pro","com.translate.language.translator.voice.translation","com.youdao.hindict","com.eecorp.taptranslator","com.deepl.mobiletranslator","com.zaz.translate","com.screen.translate.google","com.google.ar.lens","com.image.camera.translate.ai"]},{"rank":{"index":2,"lang":"en","country":"in","chineseCountryName":"印度","pkg":"com.spaceship.screen.textcopy"},"orders":["com.recognize_text.translate.screen","com.spaceship.screen.textcopy","com.google.android.apps.translate","com.zaz.translate","com.microsoft.translator","com.niven.translator","com.gaminik.i18n"]},{"rank":{"index":1,"lang":"id","country":"id","chineseCountryName":"印尼","pkg":"com.spaceship.screen.textcopy"},"orders":["com.spaceship.screen.textcopy","com.recognize_text.translate.screen","com.gaminik.i18n","com.niven.translator","com.niven.game","com.newmg.yurao.pro","com.eecorp.taptranslator","com.youdao.hindict","com.niven.comic","com.google.android.apps.translate","com.android.chrome","com.google.android.apps.maps","com.discord"]},{"rank":{"index":1,"lang":"es-mx","country":"mx","chineseCountryName":"墨西哥","pkg":"com.spaceship.screen.textcopy"},"orders":["com.spaceship.screen.textcopy","com.recognize_text.translate.screen","com.gaminik.i18n","com.niven.translator","com.niven.game","com.eecorp.taptranslator","com.newmg.yurao.pro","com.niven.comic","com.microsoft.translator","com.google.android.apps.translate","at.nk.tools.iTranslate","com.android.chrome","com.google.android.apps.photos","com.discord","com.youdao.hindict","com.google.android.apps.maps","com.microsoft.office.outlook","us.zoom.videomeetings","com.adobe.reader","com.deepl.mobiletranslator"]}]