[{"rank":{"index":2,"lang":"en-us","country":"us","chineseCountryName":"美国","pkg":"com.spaceship.screen.textcopy"},"orders":["com.recognize_text.translate.screen","com.spaceship.screen.textcopy","com.google.android.apps.translate","com.screen.translate.google","com.gaminik.i18n","com.yoyodev.screentranslate","com.niven.translator","at.nk.tools.iTranslate","com.microsoft.translator","com.tap_to_translate.snap_translate","com.newmg.yurao.pro","com.aurasense.screentranslate","com.deepl.mobiletranslator","ru.yandex.translate","photo.translate.camera.translator","com.fapp.translate.language.translator.fasttranslation","com.zaz.translate","co.appnation.aivoicetranslator","com.pons.onlinedictionary","com.transgull.translator"]},{"rank":{"index":4,"lang":"ru","country":"ru","chineseCountryName":"俄罗斯","pkg":"com.spaceship.screen.textcopy"},"orders":["com.recognize_text.translate.screen","com.niven.translator","com.tap_to_translate.snap_translate","com.spaceship.screen.textcopy","ru.yandex.translate","com.yoyodev.screentranslate","com.gaminik.i18n","com.microsoft.translator","com.screen.translate.google","at.nk.tools.iTranslate","com.newmg.yurao.pro","co.appnation.aivoicetranslator","com.fapp.translate.language.translator.fasttranslation"]},{"rank":{"index":2,"lang":"pt-br","country":"br","chineseCountryName":"巴西","pkg":"com.spaceship.screen.textcopy"},"orders":["com.recognize_text.translate.screen","com.spaceship.screen.textcopy","com.gaminik.i18n","com.niven.translator","com.screen.translate.google","com.google.android.apps.translate","at.nk.tools.iTranslate","com.tap_to_translate.snap_translate","com.galaxy.airviewdictionary","com.microsoft.translator","com.newmg.yurao.pro","com.zaz.translate","ru.yandex.translate","com.fapp.translate.language.translator.fasttranslation","co.appnation.aivoicetranslator","photo.translate.camera.translator","com.transgull.translator","com.deepl.mobiletranslator","com.niven.game","com.aldoo.pdftranslatorpro"]},{"rank":{"index":2,"lang":"fr","country":"fr","chineseCountryName":"法国","pkg":"com.spaceship.screen.textcopy"},"orders":["com.recognize_text.translate.screen","com.spaceship.screen.textcopy","com.gaminik.i18n","com.niven.translator","com.yoyodev.screentranslate","com.screen.translate.google","com.tap_to_translate.snap_translate","com.newmg.yurao.pro","com.aurasense.screentranslate","com.galaxy.airviewdictionary","photo.translate.camera.translator","com.fapp.translate.language.translator.fasttranslation","com.niven.game","at.nk.tools.iTranslate","com.niven.apptranslate","com.newtranslate.google","com.microsoft.translator","co.appnation.aivoicetranslator","live.screentranslate.realtime","com.mg.chat"]},{"rank":{"index":2,"lang":"en-gb","country":"gb","chineseCountryName":"英国","pkg":"com.spaceship.screen.textcopy"},"orders":["com.recognize_text.translate.screen","com.spaceship.screen.textcopy","com.screen.translate.google","com.gaminik.i18n","com.niven.translator","com.yoyodev.screentranslate","com.tap_to_translate.snap_translate","at.nk.tools.iTranslate","com.galaxy.airviewdictionary","com.microsoft.translator","com.transgull.translator","com.newmg.yurao.pro","ru.yandex.translate","com.google.android.apps.translate","com.aurasense.screentranslate","photo.translate.camera.translator","com.fapp.translate.language.translator.fasttranslation","com.newtranslate.google","com.pons.onlinedictionary","co.appnation.aivoicetranslator"]},{"rank":{"index":3,"lang":"de","country":"de","chineseCountryName":"德国","pkg":"com.spaceship.screen.textcopy"},"orders":["com.recognize_text.translate.screen","com.gaminik.i18n","com.spaceship.screen.textcopy","com.niven.translator","com.screen.translate.google","com.yoyodev.screentranslate","com.tap_to_translate.snap_translate","com.google.android.apps.translate","com.newmg.yurao.pro","at.nk.tools.iTranslate","com.microsoft.translator","com.aurasense.screentranslate","com.galaxy.airviewdictionary","ru.yandex.translate","photo.translate.camera.translator","com.zaz.translate","com.pons.onlinedictionary","co.appnation.aivoicetranslator","com.fapp.translate.language.translator.fasttranslation","com.transgull.translator"]},{"rank":{"index":2,"lang":"it","country":"it","chineseCountryName":"意大利","pkg":"com.spaceship.screen.textcopy"},"orders":["com.recognize_text.translate.screen","com.spaceship.screen.textcopy","com.tap_to_translate.snap_translate","com.gaminik.i18n","com.yoyodev.screentranslate","com.screen.translate.google","com.niven.translator","com.aurasense.screentranslate","com.newmg.yurao.pro","com.google.android.apps.translate","at.nk.tools.iTranslate","com.microsoft.translator","photo.translate.camera.translator","co.appnation.aivoicetranslator","com.transgull.translator"]},{"rank":{"index":2,"lang":"ja","country":"jp","chineseCountryName":"日本","pkg":"com.spaceship.screen.textcopy"},"orders":["com.recognize_text.translate.screen","com.spaceship.screen.textcopy","com.gaminik.i18n","com.screen.translate.google","com.google.android.apps.translate","com.tap_to_translate.snap_translate","com.naver.labs.translator","com.deepl.mobiletranslator","com.microsoft.translator","com.zaz.translate","ru.yandex.translate"]},{"rank":{"index":2,"lang":"ko","country":"kr","chineseCountryName":"韩国","pkg":"com.spaceship.screen.textcopy"},"orders":["com.recognize_text.translate.screen","com.spaceship.screen.textcopy","com.gaminik.i18n","com.screen.translate.google","com.niven.translator","com.galaxy.airviewdictionary","com.tap_to_translate.snap_translate","com.aurasense.screentranslate","com.microsoft.translator","com.newmg.yurao.pro","at.nk.tools.iTranslate","ru.yandex.translate","com.fapp.translate.language.translator.fasttranslation"]},{"rank":{"index":2,"lang":"zh-hk","country":"hk","chineseCountryName":"香港","pkg":"com.spaceship.screen.textcopy"},"orders":["com.recognize_text.translate.screen","com.spaceship.screen.textcopy","com.gaminik.i18n","com.screen.translate.google","com.niven.translator","com.yoyodev.screentranslate","com.aurasense.screentranslate","com.tap_to_translate.snap_translate","com.newmg.yurao.pro","com.galaxy.airviewdictionary","at.nk.tools.iTranslate","com.fapp.translate.language.translator.fasttranslation","photo.translate.camera.translator","com.niven.game","com.google.android.apps.translate","ru.yandex.translate","co.appnation.aivoicetranslator","com.microsoft.translator","com.niven.apptranslate","com.zaz.translate"]},{"rank":{"index":2,"lang":"zh-tw","country":"tw","chineseCountryName":"台湾","pkg":"com.spaceship.screen.textcopy"},"orders":["com.recognize_text.translate.screen","com.spaceship.screen.textcopy","com.screen.translate.google","com.gaminik.i18n","com.yoyodev.screentranslate","com.niven.translator","com.galaxy.airviewdictionary","com.aurasense.screentranslate","com.newmg.yurao.pro"]},{"rank":{"index":0,"lang":"en","country":"in","chineseCountryName":"印度","pkg":"com.spaceship.screen.textcopy"},"orders":["com.recognize_text.translate.screen","com.gaminik.i18n","com.google.android.apps.translate","com.tap_to_translate.snap_translate","at.nk.tools.iTranslate","com.zaz.translate","photo.translate.camera.translator","co.appnation.aivoicetranslator","com.niven.translator","com.screen.translate.google","com.galaxy.airviewdictionary","com.newmg.yurao.pro","com.yoyodev.screentranslate","com.newtranslate.google","com.fapp.translate.language.translator.fasttranslation","com.aurasense.screentranslate","ru.yandex.translate","com.deepl.mobiletranslator","com.niven.game","com.niven.apptranslate"]},{"rank":{"index":2,"lang":"id","country":"id","chineseCountryName":"印尼","pkg":"com.spaceship.screen.textcopy"},"orders":["com.recognize_text.translate.screen","com.spaceship.screen.textcopy","com.tap_to_translate.snap_translate","com.gaminik.i18n","com.niven.translator","com.yoyodev.screentranslate","com.screen.translate.google","at.nk.tools.iTranslate","com.google.android.apps.translate","com.newmg.yurao.pro","com.aurasense.screentranslate","com.microsoft.translator","com.zaz.translate","photo.translate.camera.translator","com.fapp.translate.language.translator.fasttranslation","co.appnation.aivoicetranslator","com.niven.game"]},{"rank":{"index":13,"lang":"es-mx","country":"mx","chineseCountryName":"墨西哥","pkg":"com.spaceship.screen.textcopy"},"orders":["com.recognize_text.translate.screen","com.tap_to_translate.snap_translate","com.gaminik.i18n","at.nk.tools.iTranslate","com.google.android.apps.translate","ru.yandex.translate","com.zaz.translate","com.deepl.mobiletranslator","com.youdao.hindict","photo.translate.camera.translator","com.pons.onlinedictionary","co.appnation.aivoicetranslator","com.spaceship.screen.textcopy","com.niven.translator","com.screen.translate.google","com.yoyodev.screentranslate","com.newmg.yurao.pro","com.galaxy.airviewdictionary","com.fapp.translate.language.translator.fasttranslation","com.kursx.smartbook"]}]