[{"rank":{"index":2,"lang":"en-us","country":"us","chineseCountryName":"美国","pkg":"com.spaceship.screen.textcopy"},"orders":["com.recognize_text.translate.screen","com.spaceship.screen.textcopy","com.niven.translator","com.microsoft.translator","com.google.android.apps.translate","com.gaminik.i18n","com.niven.game","com.tap_to_translate.snap_translate","at.nk.tools.iTranslate","com.niven.comic","com.galaxy.airviewdictionary","com.newmg.yurao.pro","com.naver.labs.translator","com.screen.translate.google","com.eecorp.taptranslator","com.sayhi.android.sayhitranslate","com.translate.talkingtranslator","com.niven.apptranslate","com.tangdi.baiguotong","com.audacityittranslator.translatetexttranslator"]},{"rank":{"index":3,"lang":"ru","country":"ru","chineseCountryName":"俄罗斯","pkg":"com.spaceship.screen.textcopy"},"orders":["com.recognize_text.translate.screen","com.niven.translator","com.spaceship.screen.textcopy","com.tap_to_translate.snap_translate","com.microsoft.translator","com.niven.game","com.gaminik.i18n","com.google.android.apps.translate","com.niven.comic","at.nk.tools.iTranslate","ru.yandex.translate","com.screen.translate.google","com.newmg.yurao.pro","com.deepl.mobiletranslator","com.translate.language.translator.voice.translation","com.niven.apptranslate","com.tangdi.baiguotong","com.promt.pmtappfree","com.translate.talkingtranslator","com.naver.labs.translator"]},{"rank":{"index":6,"lang":"pt-br","country":"br","chineseCountryName":"巴西","pkg":"com.spaceship.screen.textcopy"},"orders":["com.recognize_text.translate.screen","com.tap_to_translate.snap_translate","com.niven.translator","com.niven.game","com.gaminik.i18n","com.spaceship.screen.textcopy","com.niven.comic","com.microsoft.translator","at.nk.tools.iTranslate","com.galaxy.airviewdictionary","com.screen.translate.google","com.google.android.apps.translate","com.newmg.yurao.pro","com.eecorp.taptranslator","com.screen.translator.text.recognize","com.youdao.hindict","com.niven.apptranslate","com.facebook.orca","com.language.translate.free.translator.voice.translation","com.audacityittranslator.translatetexttranslator"]},{"rank":{"index":7,"lang":"fr","country":"fr","chineseCountryName":"法国","pkg":"com.spaceship.screen.textcopy"},"orders":["com.recognize_text.translate.screen","com.tap_to_translate.snap_translate","com.niven.translator","com.microsoft.translator","com.gaminik.i18n","com.niven.game","com.spaceship.screen.textcopy","com.niven.comic","at.nk.tools.iTranslate","com.google.android.apps.translate","com.screen.translate.google","com.newmg.yurao.pro","com.tangdi.baiguotong","com.galaxy.airviewdictionary","com.eecorp.taptranslator","com.audacityittranslator.translatetexttranslator","com.language.translate.free.translator.voice.translation","com.deepl.mobiletranslator","com.niven.apptranslate","com.facebook.orca"]},{"rank":{"index":2,"lang":"en-gb","country":"gb","chineseCountryName":"英国","pkg":"com.spaceship.screen.textcopy"},"orders":["com.recognize_text.translate.screen","com.spaceship.screen.textcopy","com.gaminik.i18n","com.tap_to_translate.snap_translate","com.microsoft.translator","com.google.android.apps.translate","com.niven.translator","com.niven.game","at.nk.tools.iTranslate","com.niven.comic","com.zaz.translate","com.tangdi.baiguotong","com.sayhi.android.sayhitranslate","com.translate.talkingtranslator","com.screen.translate.google","com.youdao.hindict","com.language.translate.free.translator.voice.translation","com.newmg.yurao.pro","com.mobisystems.msdict.embedded.wireless.collins.ee","com.translate.language.translator.voice.translation"]},{"rank":{"index":2,"lang":"de","country":"de","chineseCountryName":"德国","pkg":"com.spaceship.screen.textcopy"},"orders":["com.recognize_text.translate.screen","com.spaceship.screen.textcopy","com.niven.translator","com.gaminik.i18n","com.microsoft.translator","com.tap_to_translate.snap_translate","com.niven.game","com.niven.comic","at.nk.tools.iTranslate","com.google.android.apps.translate"]},{"rank":{"index":3,"lang":"it","country":"it","chineseCountryName":"意大利","pkg":"com.spaceship.screen.textcopy"},"orders":["com.recognize_text.translate.screen","com.tap_to_translate.snap_translate","com.spaceship.screen.textcopy","com.niven.translator","com.gaminik.i18n","com.niven.game","com.microsoft.translator","com.niven.comic","com.google.android.apps.translate","at.nk.tools.iTranslate","com.screen.translate.google"]},{"rank":{"index":2,"lang":"ja","country":"jp","chineseCountryName":"日本","pkg":"com.spaceship.screen.textcopy"},"orders":["com.recognize_text.translate.screen","com.spaceship.screen.textcopy","com.niven.translator","com.gaminik.i18n","com.niven.game","com.tap_to_translate.snap_translate","com.microsoft.translator","com.niven.comic","com.deepl.mobiletranslator","com.naver.labs.translator","com.google.android.apps.translate","at.nk.tools.iTranslate","com.screen.translate.google","com.newmg.yurao.pro"]},{"rank":{"index":2,"lang":"ko","country":"kr","chineseCountryName":"韩国","pkg":"com.spaceship.screen.textcopy"},"orders":["com.recognize_text.translate.screen","com.spaceship.screen.textcopy","com.microsoft.translator","com.niven.translator","com.gaminik.i18n","com.google.android.apps.translate","com.niven.game","com.tap_to_translate.snap_translate","com.naver.labs.translator","com.niven.comic","at.nk.tools.iTranslate","com.screen.translate.google","com.galaxy.airviewdictionary","com.translate.talkingtranslator","com.eecorp.taptranslator","com.newmg.yurao.pro","com.b1b.translator.voicetranslate.alllanguages.translator.app","com.deepl.mobiletranslator","com.translate.language.translator.voice.translation","com.niven.apptranslate"]},{"rank":{"index":2,"lang":"zh-hk","country":"hk","chineseCountryName":"香港","pkg":"com.spaceship.screen.textcopy"},"orders":["com.recognize_text.translate.screen","com.spaceship.screen.textcopy","com.microsoft.translator","com.gaminik.i18n","com.niven.translator","com.google.android.apps.translate","com.niven.game","com.tap_to_translate.snap_translate","com.niven.comic","at.nk.tools.iTranslate","com.tangdi.baiguotong","com.naver.labs.translator","com.galaxy.airviewdictionary","com.screen.translate.google","com.youdao.hindict","com.newmg.yurao.pro","com.translate.language.translator.voice.translation","com.niven.apptranslate","com.deepl.mobiletranslator","com.translate.talkingtranslator"]},{"rank":{"index":2,"lang":"zh-tw","country":"tw","chineseCountryName":"台湾","pkg":"com.spaceship.screen.textcopy"},"orders":["com.recognize_text.translate.screen","com.spaceship.screen.textcopy","com.microsoft.translator","com.gaminik.i18n","com.niven.translator","com.niven.game","com.google.android.apps.translate","com.tap_to_translate.snap_translate","com.niven.comic","at.nk.tools.iTranslate","com.tangdi.baiguotong","com.translate.language.translator.voice.translation","com.youdao.hindict","com.galaxy.airviewdictionary","com.screen.translate.google","com.naver.labs.translator","com.newmg.yurao.pro","com.translate.talkingtranslator","com.niven.apptranslate","com.language.translate.free.translator.voice.translation"]},{"rank":{"index":3,"lang":"en","country":"in","chineseCountryName":"印度","pkg":"com.spaceship.screen.textcopy"},"orders":["com.recognize_text.translate.screen","com.tap_to_translate.snap_translate","com.spaceship.screen.textcopy","com.google.android.apps.translate","com.niven.translator","com.niven.game","com.microsoft.translator"]},{"rank":{"index":4,"lang":"id","country":"id","chineseCountryName":"印尼","pkg":"com.spaceship.screen.textcopy"},"orders":["com.recognize_text.translate.screen","com.niven.translator","com.tap_to_translate.snap_translate","com.spaceship.screen.textcopy","com.gaminik.i18n","com.niven.game","com.niven.comic","com.youdao.hindict","com.eecorp.linguago","com.screen.translate.google","com.microsoft.translator","at.nk.tools.iTranslate"]},{"rank":{"index":2,"lang":"es-mx","country":"mx","chineseCountryName":"墨西哥","pkg":"com.spaceship.screen.textcopy"},"orders":["com.recognize_text.translate.screen","com.spaceship.screen.textcopy","com.gaminik.i18n","com.niven.game","com.niven.translator","com.microsoft.translator","com.tap_to_translate.snap_translate","com.niven.comic","at.nk.tools.iTranslate","com.youdao.hindict","com.newmg.yurao.pro","com.google.android.apps.translate","com.screen.translate.google","com.tangdi.baiguotong","com.niven.apptranslate","com.language.translate.free.translator.voice.translation","com.eecorp.taptranslator","com.audacityittranslator.translatetexttranslator","com.facebook.orca","com.android.chrome"]}]