[{"rank":{"index":2,"lang":"en-us","country":"us","chineseCountryName":"美国","pkg":"com.spaceship.screen.textcopy"},"orders":["com.recognize_text.translate.screen","com.spaceship.screen.textcopy","com.tap_to_translate.snap_translate","com.gaminik.i18n","com.microsoft.translator","com.google.android.apps.translate","com.niven.translator","com.niven.game","com.newmg.yurao.pro","at.nk.tools.iTranslate","com.niven.comic","com.eecorp.taptranslator","com.niven.apptranslate","screen.translator.voice.translate","com.eecorp.linguago","com.screen.translate.google","com.translate.talkingtranslator","com.sayhi.android.sayhitranslate","us.zoom.videomeetings","com.android.chrome"]},{"rank":{"index":2,"lang":"ru","country":"ru","chineseCountryName":"俄罗斯","pkg":"com.spaceship.screen.textcopy"},"orders":["com.recognize_text.translate.screen","com.spaceship.screen.textcopy","com.tap_to_translate.snap_translate","com.gaminik.i18n","com.niven.translator","com.niven.game","com.newmg.yurao.pro","ru.yandex.translate","com.niven.comic","com.niven.apptranslate","com.microsoft.translator","com.google.android.apps.translate","at.nk.tools.iTranslate","com.eecorp.linguago","com.screen.translate.google","screen.translator.voice.translate","us.zoom.videomeetings","com.android.chrome","com.galaxy.airviewdictionary","com.discord"]},{"rank":{"index":2,"lang":"pt-br","country":"br","chineseCountryName":"巴西","pkg":"com.spaceship.screen.textcopy"},"orders":["com.recognize_text.translate.screen","com.spaceship.screen.textcopy","com.tap_to_translate.snap_translate","com.gaminik.i18n","com.niven.translator","com.niven.game","screen.translator.voice.translate","com.niven.comic","com.newmg.yurao.pro","com.niven.apptranslate","com.google.android.apps.translate","com.microsoft.translator","com.eecorp.taptranslator","at.nk.tools.iTranslate","com.youdao.hindict","com.screen.translate.google","com.eecorp.linguago","com.deepl.mobiletranslator","com.appspell.screentranslator","com.android.chrome"]},{"rank":{"index":2,"lang":"fr","country":"fr","chineseCountryName":"法国","pkg":"com.spaceship.screen.textcopy"},"orders":["com.recognize_text.translate.screen","com.spaceship.screen.textcopy","com.tap_to_translate.snap_translate","com.gaminik.i18n","com.niven.game","com.niven.translator","screen.translator.voice.translate","com.newmg.yurao.pro","com.niven.comic","com.microsoft.translator","com.niven.apptranslate","com.google.android.apps.translate","com.eecorp.taptranslator","com.eecorp.linguago","com.screen.translate.google","us.zoom.videomeetings","at.nk.tools.iTranslate","com.discord","com.android.chrome","com.google.android.apps.photos"]},{"rank":{"index":2,"lang":"en-gb","country":"gb","chineseCountryName":"英国","pkg":"com.spaceship.screen.textcopy"},"orders":["com.recognize_text.translate.screen","com.spaceship.screen.textcopy","com.tap_to_translate.snap_translate","com.gaminik.i18n","com.microsoft.translator","com.google.android.apps.translate","com.niven.translator","com.niven.game","at.nk.tools.iTranslate","com.newmg.yurao.pro","com.niven.apptranslate","com.niven.comic","com.eecorp.taptranslator","screen.translator.voice.translate","com.screen.translate.google","com.eecorp.linguago","com.translate.talkingtranslator","us.zoom.videomeetings","com.android.chrome","com.appspell.screentranslator"]},{"rank":{"index":2,"lang":"de","country":"de","chineseCountryName":"德国","pkg":"com.spaceship.screen.textcopy"},"orders":["com.recognize_text.translate.screen","com.spaceship.screen.textcopy","com.tap_to_translate.snap_translate","com.gaminik.i18n","com.newmg.yurao.pro","com.niven.translator","com.niven.game","com.microsoft.translator","com.niven.comic","com.google.android.apps.translate","com.niven.apptranslate","at.nk.tools.iTranslate","com.eecorp.linguago","com.eecorp.taptranslator","com.screen.translate.google","com.deepl.mobiletranslator","us.zoom.videomeetings","com.discord","com.android.chrome","screen.translator.voice.translate"]},{"rank":{"index":2,"lang":"it","country":"it","chineseCountryName":"意大利","pkg":"com.spaceship.screen.textcopy"},"orders":["com.recognize_text.translate.screen","com.spaceship.screen.textcopy","com.tap_to_translate.snap_translate","screen.translator.voice.translate","com.gaminik.i18n","com.niven.translator","com.niven.game","com.newmg.yurao.pro","com.niven.comic","com.microsoft.translator","com.niven.apptranslate","com.google.android.apps.translate","at.nk.tools.iTranslate","com.screen.translate.google","com.eecorp.taptranslator","com.eecorp.linguago","com.deepl.mobiletranslator","us.zoom.videomeetings","com.tangdi.baiguotong","com.discord"]},{"rank":{"index":1,"lang":"ja","country":"jp","chineseCountryName":"日本","pkg":"com.spaceship.screen.textcopy"},"orders":["com.spaceship.screen.textcopy","com.recognize_text.translate.screen","com.tap_to_translate.snap_translate","com.gaminik.i18n","com.newmg.yurao.pro","com.niven.game","com.niven.translator","com.niven.comic","com.google.android.apps.translate","com.microsoft.translator","com.niven.apptranslate","com.google.ar.lens","us.zoom.videomeetings","com.android.chrome","com.google.android.apps.maps","com.discord","com.naver.labs.translator","com.deepl.mobiletranslator","com.microsoft.office.outlook","com.duolingo"]},{"rank":{"index":2,"lang":"ko","country":"kr","chineseCountryName":"韩国","pkg":"com.spaceship.screen.textcopy"},"orders":["com.recognize_text.translate.screen","com.spaceship.screen.textcopy","com.tap_to_translate.snap_translate","com.gaminik.i18n","com.niven.game","com.niven.translator","com.microsoft.translator","com.newmg.yurao.pro","com.google.android.apps.translate","com.niven.comic","com.niven.apptranslate","at.nk.tools.iTranslate","com.naver.labs.translator","com.screen.translate.google","com.eecorp.taptranslator","com.eecorp.linguago","com.galaxy.airviewdictionary","us.zoom.videomeetings","com.discord","com.android.chrome"]},{"rank":{"index":2,"lang":"zh-hk","country":"hk","chineseCountryName":"香港","pkg":"com.spaceship.screen.textcopy"},"orders":["com.recognize_text.translate.screen","com.spaceship.screen.textcopy","com.tap_to_translate.snap_translate","com.gaminik.i18n","com.microsoft.translator","com.google.android.apps.translate","com.niven.game","com.niven.translator","at.nk.tools.iTranslate","com.niven.comic","com.newmg.yurao.pro","com.niven.apptranslate","com.youdao.hindict","com.screen.translate.google","com.eecorp.taptranslator","com.translate.talkingtranslator","com.tangdi.baiguotong","com.deepl.mobiletranslator","com.eecorp.linguago","com.naver.labs.translator"]},{"rank":{"index":2,"lang":"zh-tw","country":"tw","chineseCountryName":"台湾","pkg":"com.spaceship.screen.textcopy"},"orders":["com.recognize_text.translate.screen","com.spaceship.screen.textcopy","com.tap_to_translate.snap_translate","com.gaminik.i18n","com.niven.game","com.microsoft.translator","com.niven.translator","com.google.android.apps.translate","com.niven.comic","at.nk.tools.iTranslate","com.newmg.yurao.pro","com.niven.apptranslate","com.youdao.hindict","com.eecorp.taptranslator","com.screen.translate.google","com.translate.talkingtranslator","com.naver.labs.translator","com.tangdi.baiguotong","com.eecorp.linguago","com.appspell.screentranslator"]},{"rank":{"index":2,"lang":"en","country":"in","chineseCountryName":"印度","pkg":"com.spaceship.screen.textcopy"},"orders":["com.recognize_text.translate.screen","com.spaceship.screen.textcopy","com.tap_to_translate.snap_translate","com.google.android.apps.translate","com.gaminik.i18n"]},{"rank":{"index":1,"lang":"id","country":"id","chineseCountryName":"印尼","pkg":"com.spaceship.screen.textcopy"},"orders":["com.spaceship.screen.textcopy","com.recognize_text.translate.screen","com.tap_to_translate.snap_translate","com.gaminik.i18n","com.niven.game","com.niven.translator","com.newmg.yurao.pro","com.niven.comic","com.niven.apptranslate","com.youdao.hindict","com.google.android.apps.translate"]},{"rank":{"index":2,"lang":"es-mx","country":"mx","chineseCountryName":"墨西哥","pkg":"com.spaceship.screen.textcopy"},"orders":["com.recognize_text.translate.screen","com.spaceship.screen.textcopy","com.gaminik.i18n","com.newmg.yurao.pro","com.niven.translator","com.tap_to_translate.snap_translate","com.niven.game","com.niven.comic","com.niven.apptranslate","com.google.android.apps.translate","com.microsoft.translator","us.zoom.videomeetings","com.android.chrome","com.google.android.apps.photos","com.google.android.apps.maps","com.google.android.apps.docs","com.youdao.hindict","com.discord","com.intsig.camscanner","com.truecaller"]}]