[{"rank":{"index":2,"lang":"en-us","country":"us","chineseCountryName":"美国","pkg":"com.spaceship.screen.textcopy"},"orders":["com.recognize_text.translate.screen","com.spaceship.screen.textcopy","com.tap_to_translate.snap_translate","com.google.android.apps.translate","com.microsoft.translator","com.niven.translator","com.gaminik.i18n","com.newmg.yurao.pro","com.screen.translate.google","at.nk.tools.iTranslate","com.niven.game","com.deepl.mobiletranslator","com.language.translate.free.translator.voice.translation","com.translate.talkingtranslator","com.niven.apptranslate","com.naver.labs.translator","com.immersivetranslate.browser","com.zaz.translate","com.google.ar.lens","com.tangdi.baiguotong"]},{"rank":{"index":0,"lang":"ru","country":"ru","chineseCountryName":"俄罗斯","pkg":"com.spaceship.screen.textcopy"},"orders":["com.recognize_text.translate.screen","com.tap_to_translate.snap_translate","com.niven.translator","com.newmg.yurao.pro","com.microsoft.translator","com.gaminik.i18n","com.google.android.apps.translate","com.niven.game","ru.yandex.translate","com.deepl.mobiletranslator","com.screen.translate.google","at.nk.tools.iTranslate","com.datacomprojects.scanandtranslate","com.kursx.smartbook","com.language.translate.free.translator.voice.translation","com.niven.apptranslate","com.immersivetranslate.browser","com.zaz.translate","com.tangdi.baiguotong","com.google.ar.lens"]},{"rank":{"index":2,"lang":"pt-br","country":"br","chineseCountryName":"巴西","pkg":"com.spaceship.screen.textcopy"},"orders":["com.recognize_text.translate.screen","com.spaceship.screen.textcopy","com.tap_to_translate.snap_translate","com.gaminik.i18n","com.newmg.yurao.pro","com.niven.translator","com.microsoft.translator","com.screen.translate.google","com.niven.game","com.google.android.apps.translate","com.niven.apptranslate","com.voice_camera_free_translate","com.zaz.translate","com.tangdi.baiguotong","com.language.translate.free.translator.voice.translation","com.deepl.mobiletranslator","at.nk.tools.iTranslate","free.translate.all.language.translator","com.android.chrome","com.translate.language.translator.voice.translation"]},{"rank":{"index":2,"lang":"fr","country":"fr","chineseCountryName":"法国","pkg":"com.spaceship.screen.textcopy"},"orders":["com.recognize_text.translate.screen","com.spaceship.screen.textcopy","com.tap_to_translate.snap_translate","com.newmg.yurao.pro","com.gaminik.i18n","com.microsoft.translator","com.niven.translator","com.screen.translate.google","com.niven.game","com.google.android.apps.translate","com.tangdi.baiguotong","at.nk.tools.iTranslate","com.niven.apptranslate","com.deepl.mobiletranslator","camtranslator.voice.text.image.translate","free.translate.all.language.translator","com.datacomprojects.scanandtranslate","com.translate.talkingtranslator","com.translator.all.language.translate.camera.voice","com.immersivetranslate.browser"]},{"rank":{"index":2,"lang":"en-gb","country":"gb","chineseCountryName":"英国","pkg":"com.spaceship.screen.textcopy"},"orders":["com.recognize_text.translate.screen","com.spaceship.screen.textcopy","com.tap_to_translate.snap_translate","com.newmg.yurao.pro","com.microsoft.translator","com.google.android.apps.translate","com.gaminik.i18n","com.niven.translator","at.nk.tools.iTranslate","com.screen.translate.google","com.niven.game","com.zaz.translate","ru.yandex.translate","com.deepl.mobiletranslator","com.google.ar.lens","com.siv","com.niven.apptranslate","com.language.translate.free.translator.voice.translation","com.translate.talkingtranslator","com.naver.labs.translator"]},{"rank":{"index":2,"lang":"de","country":"de","chineseCountryName":"德国","pkg":"com.spaceship.screen.textcopy"},"orders":["com.recognize_text.translate.screen","com.spaceship.screen.textcopy","com.tap_to_translate.snap_translate","com.newmg.yurao.pro","com.microsoft.translator","com.niven.translator","com.gaminik.i18n","com.google.android.apps.translate","com.niven.game","com.screen.translate.google","com.deepl.mobiletranslator","com.tangdi.baiguotong","at.nk.tools.iTranslate","ru.yandex.translate","com.voice_camera_free_translate","com.translate.talkingtranslator","com.immersivetranslate.browser","com.language.translate.free.translator.voice.translation","com.niven.apptranslate","com.datacomprojects.scanandtranslate"]},{"rank":{"index":2,"lang":"it","country":"it","chineseCountryName":"意大利","pkg":"com.spaceship.screen.textcopy"},"orders":["com.recognize_text.translate.screen","com.spaceship.screen.textcopy","com.tap_to_translate.snap_translate","com.gaminik.i18n","com.newmg.yurao.pro","com.microsoft.translator","com.niven.translator","com.niven.game","com.screen.translate.google","com.google.android.apps.translate","com.tangdi.baiguotong","at.nk.tools.iTranslate","com.datacomprojects.scanandtranslate","com.deepl.mobiletranslator"]},{"rank":{"index":2,"lang":"ja","country":"jp","chineseCountryName":"日本","pkg":"com.spaceship.screen.textcopy"},"orders":["com.recognize_text.translate.screen","com.spaceship.screen.textcopy","com.tap_to_translate.snap_translate","com.newmg.yurao.pro","com.niven.translator","com.gaminik.i18n","com.microsoft.translator","com.screen.translate.google","com.niven.game","com.google.android.apps.translate","com.deepl.mobiletranslator","com.naver.labs.translator","com.google.ar.lens"]},{"rank":{"index":2,"lang":"ko","country":"kr","chineseCountryName":"韩国","pkg":"com.spaceship.screen.textcopy"},"orders":["com.recognize_text.translate.screen","com.spaceship.screen.textcopy","com.newmg.yurao.pro","com.tap_to_translate.snap_translate","com.microsoft.translator","com.google.android.apps.translate","com.gaminik.i18n","com.niven.translator","com.naver.labs.translator","at.nk.tools.iTranslate","com.niven.game","com.deepl.mobiletranslator","com.screen.translate.google","com.language.translate.free.translator.voice.translation","com.immersivetranslate.browser","com.datacomprojects.scanandtranslate","com.google.ar.lens","ru.yandex.translate","com.zaz.translate","com.niven.apptranslate"]},{"rank":{"index":2,"lang":"zh-hk","country":"hk","chineseCountryName":"香港","pkg":"com.spaceship.screen.textcopy"},"orders":["com.recognize_text.translate.screen","com.spaceship.screen.textcopy","com.newmg.yurao.pro","com.tap_to_translate.snap_translate","com.microsoft.translator","com.google.android.apps.translate","com.gaminik.i18n","com.niven.translator","com.screen.translate.google","at.nk.tools.iTranslate","com.niven.game","com.tangdi.baiguotong","com.immersivetranslate.browser","com.deepl.mobiletranslator","com.datacomprojects.scanandtranslate","com.language.translate.free.translator.voice.translation","com.naver.labs.translator","com.niven.apptranslate","com.translate.talkingtranslator","ru.yandex.translate"]},{"rank":{"index":2,"lang":"zh-tw","country":"tw","chineseCountryName":"台湾","pkg":"com.spaceship.screen.textcopy"},"orders":["com.recognize_text.translate.screen","com.spaceship.screen.textcopy","com.tap_to_translate.snap_translate","com.newmg.yurao.pro","com.microsoft.translator","com.gaminik.i18n","com.google.android.apps.translate","com.niven.translator","com.niven.game","at.nk.tools.iTranslate","com.screen.translate.google","com.immersivetranslate.browser","com.tangdi.baiguotong","com.deepl.mobiletranslator","com.naver.labs.translator","com.voice_camera_free_translate","com.language.translate.free.translator.voice.translation","com.translate.talkingtranslator","com.niven.apptranslate","com.datacomprojects.scanandtranslate"]},{"rank":{"index":2,"lang":"en","country":"in","chineseCountryName":"印度","pkg":"com.spaceship.screen.textcopy"},"orders":["com.recognize_text.translate.screen","com.spaceship.screen.textcopy","com.tap_to_translate.snap_translate"]},{"rank":{"index":2,"lang":"id","country":"id","chineseCountryName":"印尼","pkg":"com.spaceship.screen.textcopy"},"orders":["com.recognize_text.translate.screen","com.spaceship.screen.textcopy","com.tap_to_translate.snap_translate","com.newmg.yurao.pro","com.gaminik.i18n","com.niven.translator","com.niven.game","com.screen.translate.google","com.google.android.apps.translate","com.microsoft.translator","com.deepl.mobiletranslator","at.nk.tools.iTranslate","com.youdao.hindict"]},{"rank":{"index":2,"lang":"es-mx","country":"mx","chineseCountryName":"墨西哥","pkg":"com.spaceship.screen.textcopy"},"orders":["com.recognize_text.translate.screen","com.spaceship.screen.textcopy","com.tap_to_translate.snap_translate","com.newmg.yurao.pro","com.gaminik.i18n","com.niven.translator","com.microsoft.translator","com.niven.game","com.screen.translate.google","com.google.android.apps.translate","com.niven.apptranslate","at.nk.tools.iTranslate","com.deepl.mobiletranslator","com.tangdi.baiguotong","com.voice_camera_free_translate","com.immersivetranslate.browser","free.translate.all.language.translator","com.language.translate.free.translator.voice.translation","camtranslator.voice.text.image.translate","com.google.ar.lens"]}]