[{"rank":{"index":2,"lang":"en-us","country":"us","chineseCountryName":"美国","pkg":"com.spaceship.screen.textcopy"},"orders":["com.recognize_text.translate.screen","com.spaceship.screen.textcopy","com.gaminik.i18n","com.microsoft.translator","com.mg.yurao.google","com.google.android.apps.translate","screen.translator.voice.translate","com.tap_to_translate.snap_translate","com.niven.translator","com.niven.game","com.eecorp.linguago","com.niven.comic","com.newmg.yurao.pro","com.eecorp.taptranslator","at.nk.tools.iTranslate","com.translate.talkingtranslator","com.languagetranslator.translatorapp.smartscanner.dictionary.translation.voicetranslator","com.niven.apptranslate","com.naver.labs.translator","com.deepl.mobiletranslator"]},{"rank":{"index":2,"lang":"ru","country":"ru","chineseCountryName":"俄罗斯","pkg":"com.spaceship.screen.textcopy"},"orders":["com.recognize_text.translate.screen","com.spaceship.screen.textcopy","com.tap_to_translate.snap_translate","com.gaminik.i18n","com.mg.yurao.google","com.niven.translator","com.microsoft.translator","com.niven.game","com.google.android.apps.translate","com.eecorp.linguago","com.niven.comic","screen.translator.voice.translate","com.newmg.yurao.pro","com.niven.apptranslate","ru.yandex.translate","com.deepl.mobiletranslator","com.pidev.screentranslator","com.chat_translate.screen_translate","com.zaz.translate","at.nk.tools.iTranslate"]},{"rank":{"index":2,"lang":"pt-br","country":"br","chineseCountryName":"巴西","pkg":"com.spaceship.screen.textcopy"},"orders":["com.recognize_text.translate.screen","com.spaceship.screen.textcopy","com.gaminik.i18n","com.mg.yurao.google","com.eecorp.linguago","com.niven.translator","com.tap_to_translate.snap_translate","com.niven.game","com.niven.comic","com.newmg.yurao.pro","com.google.android.apps.translate","com.microsoft.translator","com.niven.apptranslate","com.discord","com.youdao.hindict","com.google.android.apps.photos","com.android.chrome","screen.translator.voice.translate","com.google.android.apps.docs","com.pidev.screentranslator"]},{"rank":{"index":2,"lang":"fr","country":"fr","chineseCountryName":"法国","pkg":"com.spaceship.screen.textcopy"},"orders":["com.recognize_text.translate.screen","com.spaceship.screen.textcopy","com.gaminik.i18n","com.eecorp.linguago","com.mg.yurao.google","screen.translator.voice.translate","com.niven.translator","com.niven.game","com.tap_to_translate.snap_translate","com.niven.comic","com.microsoft.translator","com.newmg.yurao.pro","com.google.android.apps.translate","com.eecorp.taptranslator","com.niven.apptranslate","com.translate.talkingtranslator","com.chat_translate.screen_translate","at.nk.tools.iTranslate","com.pidev.screentranslator","com.deepl.mobiletranslator"]},{"rank":{"index":2,"lang":"en-gb","country":"gb","chineseCountryName":"英国","pkg":"com.spaceship.screen.textcopy"},"orders":["com.recognize_text.translate.screen","com.spaceship.screen.textcopy","com.mg.yurao.google","com.microsoft.translator","com.gaminik.i18n","screen.translator.voice.translate","com.google.android.apps.translate","com.tap_to_translate.snap_translate","com.niven.translator","com.niven.game","com.eecorp.linguago","com.niven.comic","com.eecorp.taptranslator","com.newmg.yurao.pro","at.nk.tools.iTranslate","com.languagetranslator.translatorapp.smartscanner.dictionary.translation.voicetranslator","com.niven.apptranslate","com.zaz.translate","com.deepl.mobiletranslator","com.mobisystems.msdict.embedded.wireless.collins.ee"]},{"rank":{"index":2,"lang":"de","country":"de","chineseCountryName":"德国","pkg":"com.spaceship.screen.textcopy"},"orders":["com.recognize_text.translate.screen","com.spaceship.screen.textcopy","com.gaminik.i18n","com.mg.yurao.google","com.microsoft.translator","com.niven.translator","com.niven.game","com.eecorp.linguago","com.niven.comic","com.newmg.yurao.pro","com.tap_to_translate.snap_translate","com.google.android.apps.translate","screen.translator.voice.translate","com.translate.talkingtranslator","com.deepl.mobiletranslator","com.niven.apptranslate","at.nk.tools.iTranslate","com.pidev.screentranslator","com.chat_translate.screen_translate","com.google.android.apps.photos"]},{"rank":{"index":2,"lang":"it","country":"it","chineseCountryName":"意大利","pkg":"com.spaceship.screen.textcopy"},"orders":["com.recognize_text.translate.screen","com.spaceship.screen.textcopy","com.gaminik.i18n","com.mg.yurao.google","com.niven.game","screen.translator.voice.translate","com.eecorp.linguago","com.niven.translator","com.tap_to_translate.snap_translate","com.niven.comic","com.eecorp.taptranslator","com.microsoft.translator","com.niven.apptranslate","com.google.android.apps.translate","com.newmg.yurao.pro","com.pidev.screentranslator","com.chat_translate.screen_translate","com.google.android.apps.photos","com.discord","us.zoom.videomeetings"]},{"rank":{"index":2,"lang":"ja","country":"jp","chineseCountryName":"日本","pkg":"com.spaceship.screen.textcopy"},"orders":["com.recognize_text.translate.screen","com.spaceship.screen.textcopy","com.gaminik.i18n","com.mg.yurao.google","com.eecorp.taptranslator","com.eecorp.linguago","com.tap_to_translate.snap_translate","com.niven.game","com.niven.apptranslate","com.niven.translator","com.newmg.yurao.pro","screen.translator.voice.translate","com.deepl.mobiletranslator","com.microsoft.translator","com.naver.labs.translator","com.google.android.apps.translate","com.discord","com.android.chrome","com.pidev.screentranslator","com.chat_translate.screen_translate"]},{"rank":{"index":3,"lang":"ko","country":"kr","chineseCountryName":"韩国","pkg":"com.spaceship.screen.textcopy"},"orders":["com.recognize_text.translate.screen","com.mg.yurao.google","com.spaceship.screen.textcopy","com.tap_to_translate.snap_translate","com.gaminik.i18n","com.microsoft.translator","com.google.android.apps.translate","com.niven.translator","com.niven.game","com.naver.labs.translator","com.newmg.yurao.pro","com.niven.comic","com.eecorp.linguago","com.languagetranslator.translatorapp.smartscanner.dictionary.translation.voicetranslator","com.eecorp.taptranslator","screen.translator.voice.translate","com.niven.apptranslate","at.nk.tools.iTranslate","com.deepl.mobiletranslator","com.translate.talkingtranslator"]},{"rank":{"index":2,"lang":"zh-hk","country":"hk","chineseCountryName":"香港","pkg":"com.spaceship.screen.textcopy"},"orders":["com.recognize_text.translate.screen","com.spaceship.screen.textcopy","com.mg.yurao.google","com.gaminik.i18n","com.microsoft.translator","com.google.android.apps.translate","com.tap_to_translate.snap_translate","com.niven.game","com.niven.translator","com.niven.comic","com.eecorp.linguago","com.newmg.yurao.pro","at.nk.tools.iTranslate","screen.translator.voice.translate","com.languagetranslator.translatorapp.smartscanner.dictionary.translation.voicetranslator","com.eecorp.taptranslator","com.niven.apptranslate","com.tangdi.baiguotong","com.naver.labs.translator","com.kursx.smartbook"]},{"rank":{"index":3,"lang":"zh-tw","country":"tw","chineseCountryName":"台湾","pkg":"com.spaceship.screen.textcopy"},"orders":["com.recognize_text.translate.screen","com.mg.yurao.google","com.spaceship.screen.textcopy","com.gaminik.i18n","com.microsoft.translator","com.google.android.apps.translate","com.tap_to_translate.snap_translate","com.niven.game","com.niven.translator","com.niven.comic","com.eecorp.linguago","com.languagetranslator.translatorapp.smartscanner.dictionary.translation.voicetranslator","com.newmg.yurao.pro","screen.translator.voice.translate","at.nk.tools.iTranslate","com.niven.apptranslate","com.eecorp.taptranslator","com.naver.labs.translator","com.tangdi.baiguotong","all.language.translate.translator"]},{"rank":{"index":2,"lang":"en","country":"in","chineseCountryName":"印度","pkg":"com.spaceship.screen.textcopy"},"orders":["com.recognize_text.translate.screen","com.spaceship.screen.textcopy","screen.translator.voice.translate","com.google.android.apps.translate","com.gaminik.i18n","com.eecorp.linguago","com.microsoft.translator","com.zaz.translate","com.niven.translator","com.newmg.yurao.pro","com.tap_to_translate.snap_translate","com.niven.game","com.languagetranslator.translatorapp.smartscanner.dictionary.translation.voicetranslator","at.nk.tools.iTranslate","com.niven.comic","com.pidev.screentranslator","com.chat_translate.screen_translate","com.mobisystems.msdict.embedded.wireless.collins.ee","com.google.android.inputmethod.latin","com.mg.yurao.google"]},{"rank":{"index":1,"lang":"id","country":"id","chineseCountryName":"印尼","pkg":"com.spaceship.screen.textcopy"},"orders":["com.spaceship.screen.textcopy","com.recognize_text.translate.screen","com.gaminik.i18n","com.eecorp.linguago","com.mg.yurao.google","com.tap_to_translate.snap_translate","com.google.android.apps.translate","us.zoom.videomeetings"]},{"rank":{"index":2,"lang":"es-mx","country":"mx","chineseCountryName":"墨西哥","pkg":"com.spaceship.screen.textcopy"},"orders":["com.recognize_text.translate.screen","com.spaceship.screen.textcopy","com.gaminik.i18n","com.eecorp.linguago","com.mg.yurao.google","com.niven.translator","com.tap_to_translate.snap_translate","com.niven.game","com.niven.comic","com.microsoft.translator","com.niven.apptranslate","com.google.android.apps.translate","com.newmg.yurao.pro","com.youdao.hindict","us.zoom.videomeetings","screen.translator.voice.translate","com.pidev.screentranslator","com.chat_translate.screen_translate","at.nk.tools.iTranslate","com.translate.talkingtranslator"]}]