[{"rank":{"index":2,"lang":"en-us","country":"us","chineseCountryName":"美国","pkg":"com.spaceship.screen.textcopy"},"orders":["com.recognize_text.translate.screen","com.spaceship.screen.textcopy","com.screen.translate.google","com.yoyodev.screentranslate","com.niven.translator","com.tap_to_translate.snap_translate","com.gaminik.i18n","com.galaxy.airviewdictionary","com.aurasense.screentranslate","com.google.android.apps.translate","com.newmg.yurao.pro","com.newtranslate.google","com.esarikaya.screentranslate","com.deepl.mobiletranslator","com.niven.game","com.zaz.translate","com.microsoft.translator","com.eecorp.linguago","com.niven.apptranslate","screen.translator.voice.translate"]},{"rank":{"index":4,"lang":"ru","country":"ru","chineseCountryName":"俄罗斯","pkg":"com.spaceship.screen.textcopy"},"orders":["com.recognize_text.translate.screen","com.niven.translator","com.yoyodev.screentranslate","com.spaceship.screen.textcopy","com.tap_to_translate.snap_translate","com.screen.translate.google","com.galaxy.airviewdictionary","com.gaminik.i18n","com.newtranslate.google","com.newmg.yurao.pro","ru.yandex.translate","com.esarikaya.screentranslate","com.niven.apptranslate","com.eecorp.linguago","com.niven.game","live.screentranslate.realtime","com.google.android.apps.translate","screen.translator.voice.translate","com.zaz.translate","com.screen.translator.text.recognize"]},{"rank":{"index":2,"lang":"pt-br","country":"br","chineseCountryName":"巴西","pkg":"com.spaceship.screen.textcopy"},"orders":["com.recognize_text.translate.screen","com.spaceship.screen.textcopy","com.screen.translate.google","com.niven.translator","com.tap_to_translate.snap_translate","com.gaminik.i18n","com.galaxy.airviewdictionary","com.newtranslate.google","com.newmg.yurao.pro","com.esarikaya.screentranslate","com.niven.game","com.niven.apptranslate","com.google.android.apps.translate","screen.translator.voice.translate","com.eecorp.linguago","com.eecorp.taptranslator","live.screentranslate.realtime","com.screen.translator.text.recognize","com.deepl.mobiletranslator","co.appnation.aivoicetranslator"]},{"rank":{"index":4,"lang":"fr","country":"fr","chineseCountryName":"法国","pkg":"com.spaceship.screen.textcopy"},"orders":["com.recognize_text.translate.screen","com.yoyodev.screentranslate","com.screen.translate.google","com.spaceship.screen.textcopy","com.tap_to_translate.snap_translate","com.niven.translator","com.galaxy.airviewdictionary","com.gaminik.i18n","com.aurasense.screentranslate","com.newmg.yurao.pro","com.newtranslate.google","com.esarikaya.screentranslate","com.google.android.apps.translate","com.niven.apptranslate","com.eecorp.linguago","screen.translator.voice.translate","com.niven.game","com.deepl.mobiletranslator","com.hive.lingonative","photo.translate.camera.translator"]},{"rank":{"index":2,"lang":"en-gb","country":"gb","chineseCountryName":"英国","pkg":"com.spaceship.screen.textcopy"},"orders":["com.recognize_text.translate.screen","com.spaceship.screen.textcopy","com.screen.translate.google","com.yoyodev.screentranslate","com.niven.translator","com.galaxy.airviewdictionary","com.gaminik.i18n","com.aurasense.screentranslate","com.tap_to_translate.snap_translate","com.newmg.yurao.pro","com.google.android.apps.translate","com.newtranslate.google","com.esarikaya.screentranslate","com.deepl.mobiletranslator","com.niven.game","com.eecorp.linguago","com.zaz.translate","com.microsoft.translator","com.niven.apptranslate","screen.translator.voice.translate"]},{"rank":{"index":4,"lang":"de","country":"de","chineseCountryName":"德国","pkg":"com.spaceship.screen.textcopy"},"orders":["com.recognize_text.translate.screen","com.yoyodev.screentranslate","com.gaminik.i18n","com.spaceship.screen.textcopy","com.screen.translate.google","com.niven.translator","com.galaxy.airviewdictionary","com.tap_to_translate.snap_translate","com.aurasense.screentranslate","com.newmg.yurao.pro","com.newtranslate.google","com.esarikaya.screentranslate","com.google.android.apps.translate","com.deepl.mobiletranslator","com.niven.apptranslate","com.eecorp.linguago","co.appnation.aivoicetranslator","com.niven.game","screen.translator.voice.translate","photo.translate.camera.translator"]},{"rank":{"index":4,"lang":"it","country":"it","chineseCountryName":"意大利","pkg":"com.spaceship.screen.textcopy"},"orders":["com.recognize_text.translate.screen","com.yoyodev.screentranslate","com.gaminik.i18n","com.spaceship.screen.textcopy","com.screen.translate.google","com.tap_to_translate.snap_translate","com.aurasense.screentranslate","com.niven.translator","com.galaxy.airviewdictionary","com.google.android.apps.translate","com.newmg.yurao.pro","com.esarikaya.screentranslate","com.newtranslate.google","com.eecorp.linguago","com.niven.apptranslate","live.screentranslate.realtime","com.hive.lingonative","com.zaz.translate","co.appnation.aivoicetranslator","com.screen.translator.text.recognize"]},{"rank":{"index":2,"lang":"ja","country":"jp","chineseCountryName":"日本","pkg":"com.spaceship.screen.textcopy"},"orders":["com.recognize_text.translate.screen","com.spaceship.screen.textcopy","com.screen.translate.google","com.gaminik.i18n","com.tap_to_translate.snap_translate","com.niven.translator","com.galaxy.airviewdictionary","com.aurasense.screentranslate","com.newmg.yurao.pro","com.newtranslate.google","com.esarikaya.screentranslate","com.google.android.apps.translate","com.niven.apptranslate","com.eecorp.linguago","co.appnation.aivoicetranslator","com.deepl.mobiletranslator","live.screentranslate.realtime","com.hive.lingonative","com.screen.translator.text.recognize","screen.translator.voice.translate"]},{"rank":{"index":4,"lang":"ko","country":"kr","chineseCountryName":"韩国","pkg":"com.spaceship.screen.textcopy"},"orders":["com.recognize_text.translate.screen","com.gaminik.i18n","com.screen.translate.google","com.spaceship.screen.textcopy","com.niven.translator","com.galaxy.airviewdictionary","com.tap_to_translate.snap_translate","com.aurasense.screentranslate","com.newmg.yurao.pro","com.newtranslate.google","com.esarikaya.screentranslate","com.google.android.apps.translate","com.niven.apptranslate","com.niven.game","com.deepl.mobiletranslator","com.eecorp.linguago","co.appnation.aivoicetranslator","screen.translator.voice.translate","com.zaz.translate","com.hive.lingonative"]},{"rank":{"index":2,"lang":"zh-hk","country":"hk","chineseCountryName":"香港","pkg":"com.spaceship.screen.textcopy"},"orders":["com.recognize_text.translate.screen","com.spaceship.screen.textcopy","com.screen.translate.google","com.yoyodev.screentranslate","com.gaminik.i18n","com.galaxy.airviewdictionary","com.aurasense.screentranslate","com.tap_to_translate.snap_translate","com.niven.translator","com.newmg.yurao.pro","com.google.android.apps.translate","com.newtranslate.google","com.esarikaya.screentranslate","com.niven.apptranslate","com.deepl.mobiletranslator","com.niven.game","com.zaz.translate","com.eecorp.linguago","screen.translator.voice.translate","com.microsoft.translator"]},{"rank":{"index":4,"lang":"zh-tw","country":"tw","chineseCountryName":"台湾","pkg":"com.spaceship.screen.textcopy"},"orders":["com.recognize_text.translate.screen","com.screen.translate.google","com.yoyodev.screentranslate","com.spaceship.screen.textcopy","com.galaxy.airviewdictionary","com.gaminik.i18n","com.aurasense.screentranslate","com.niven.translator","com.tap_to_translate.snap_translate","com.newtranslate.google","com.newmg.yurao.pro","com.esarikaya.screentranslate","com.google.android.apps.translate","com.niven.apptranslate","com.zikrcode.thatword","com.deepl.mobiletranslator","screen.translator.voice.translate","com.zaz.translate","com.niven.game","com.eecorp.linguago"]},{"rank":{"index":0,"lang":"en","country":"in","chineseCountryName":"印度","pkg":"com.spaceship.screen.textcopy"},"orders":["com.recognize_text.translate.screen","com.google.android.apps.translate","com.tap_to_translate.snap_translate","com.zaz.translate","co.appnation.aivoicetranslator","com.galaxy.airviewdictionary","com.screen.translate.google","com.yoyodev.screentranslate","com.newmg.yurao.pro","com.niven.translator","com.newtranslate.google","com.aurasense.screentranslate","screen.translator.voice.translate","com.esarikaya.screentranslate","at.nk.tools.iTranslate","ru.yandex.translate","translate.speech.text.translation.voicetranslator","com.niven.apptranslate","com.niven.game","com.eecorp.linguago"]},{"rank":{"index":2,"lang":"id","country":"id","chineseCountryName":"印尼","pkg":"com.spaceship.screen.textcopy"},"orders":["com.recognize_text.translate.screen","com.spaceship.screen.textcopy","com.niven.translator","com.yoyodev.screentranslate","com.tap_to_translate.snap_translate","com.gaminik.i18n","com.screen.translate.google","com.galaxy.airviewdictionary","com.aurasense.screentranslate","com.newmg.yurao.pro","com.newtranslate.google","com.esarikaya.screentranslate","com.google.android.apps.translate","com.niven.apptranslate","com.niven.game","com.deepl.mobiletranslator","co.appnation.aivoicetranslator","com.hive.lingonative","com.eecorp.linguago","com.screen.translator.text.recognize"]},{"rank":{"index":2,"lang":"es-mx","country":"mx","chineseCountryName":"墨西哥","pkg":"com.spaceship.screen.textcopy"},"orders":["com.recognize_text.translate.screen","com.spaceship.screen.textcopy","com.tap_to_translate.snap_translate","com.gaminik.i18n","com.google.android.apps.translate","com.zaz.translate","com.galaxy.airviewdictionary","com.screen.translate.google","com.yoyodev.screentranslate","com.niven.translator","com.newmg.yurao.pro","com.newtranslate.google","com.aurasense.screentranslate","screen.translator.voice.translate","com.esarikaya.screentranslate","com.niven.apptranslate","at.nk.tools.iTranslate","com.niven.game","com.microsoft.translator","ru.yandex.translate"]}]