[{"rank":{"index":2,"lang":"en-us","country":"us","chineseCountryName":"美国","pkg":"com.spaceship.screen.textcopy"},"orders":["com.recognize_text.translate.screen","com.spaceship.screen.textcopy","com.niven.translator","com.tap_to_translate.snap_translate","com.google.android.apps.translate","com.screen.translate.google","com.newmg.yurao.pro","com.gaminik.i18n","com.microsoft.translator","com.immersivetranslate.browser","com.deepl.mobiletranslator","com.zaz.translate","com.naver.labs.translator","at.nk.tools.iTranslate","com.fapp.translate.language.translator.fasttranslation","com.niven.apptranslate","com.voice_camera_free_translate","com.niven.game","ru.yandex.translate","com.translate.talkingtranslator"]},{"rank":{"index":0,"lang":"ru","country":"ru","chineseCountryName":"俄罗斯","pkg":"com.spaceship.screen.textcopy"},"orders":["com.recognize_text.translate.screen","com.niven.translator","com.tap_to_translate.snap_translate","com.newmg.yurao.pro","com.gaminik.i18n","com.screen.translate.google","ru.yandex.translate","com.google.android.apps.translate","com.deepl.mobiletranslator","com.immersivetranslate.browser","com.niven.game"]},{"rank":{"index":2,"lang":"pt-br","country":"br","chineseCountryName":"巴西","pkg":"com.spaceship.screen.textcopy"},"orders":["com.recognize_text.translate.screen","com.spaceship.screen.textcopy","com.tap_to_translate.snap_translate","com.gaminik.i18n","com.newmg.yurao.pro","com.zaz.translate","com.google.android.apps.translate","com.deepl.mobiletranslator","com.microsoft.translator","at.nk.tools.iTranslate","ru.yandex.translate","com.immersivetranslate.browser","translate.voice.translator.camera.translation.free.all.language.app","com.naver.labs.translator","com.softissimo.reverso.context","com.google.ar.lens","com.voice_camera_free_translate","com.tangdi.baiguotong","link.zhidou.btranslator","com.aldoo.pdftranslatorpro"]},{"rank":{"index":2,"lang":"fr","country":"fr","chineseCountryName":"法国","pkg":"com.spaceship.screen.textcopy"},"orders":["com.recognize_text.translate.screen","com.spaceship.screen.textcopy","com.niven.translator","com.tap_to_translate.snap_translate","com.gaminik.i18n","com.newmg.yurao.pro","com.screen.translate.google","com.immersivetranslate.browser","com.google.android.apps.translate","com.deepl.mobiletranslator","com.zaz.translate","com.niven.apptranslate","com.microsoft.translator","com.voice_camera_free_translate","com.fapp.translate.language.translator.fasttranslation","ru.yandex.translate","com.naver.labs.translator","com.niven.game","com.openai.chatgpt","com.microsoft.teams"]},{"rank":{"index":2,"lang":"en-gb","country":"gb","chineseCountryName":"英国","pkg":"com.spaceship.screen.textcopy"},"orders":["com.recognize_text.translate.screen","com.spaceship.screen.textcopy","com.newmg.yurao.pro","com.niven.translator","com.google.android.apps.translate","com.tap_to_translate.snap_translate","com.screen.translate.google","com.gaminik.i18n","com.zaz.translate","com.immersivetranslate.browser","com.deepl.mobiletranslator","com.microsoft.translator","com.fapp.translate.language.translator.fasttranslation","com.niven.apptranslate","at.nk.tools.iTranslate","ru.yandex.translate","com.voice_camera_free_translate","com.google.ar.lens","com.hive.lingonative","com.niven.game"]},{"rank":{"index":2,"lang":"de","country":"de","chineseCountryName":"德国","pkg":"com.spaceship.screen.textcopy"},"orders":["com.recognize_text.translate.screen","com.spaceship.screen.textcopy","com.niven.translator","com.tap_to_translate.snap_translate","com.newmg.yurao.pro","com.gaminik.i18n","com.screen.translate.google","com.immersivetranslate.browser","com.deepl.mobiletranslator","com.google.android.apps.translate","com.niven.apptranslate","com.microsoft.translator","com.zaz.translate","com.fapp.translate.language.translator.fasttranslation","com.voice_camera_free_translate","com.niven.game","ru.yandex.translate","com.hive.lingonative","at.nk.tools.iTranslate","com.aldoo.pdftranslatorpro"]},{"rank":{"index":2,"lang":"it","country":"it","chineseCountryName":"意大利","pkg":"com.spaceship.screen.textcopy"},"orders":["com.recognize_text.translate.screen","com.spaceship.screen.textcopy","com.tap_to_translate.snap_translate","com.niven.translator","com.gaminik.i18n","com.screen.translate.google","com.newmg.yurao.pro","com.immersivetranslate.browser","com.deepl.mobiletranslator","com.google.android.apps.translate","com.niven.apptranslate","com.voice_camera_free_translate","com.zaz.translate","com.microsoft.translator","com.niven.game","com.fapp.translate.language.translator.fasttranslation","ru.yandex.translate","at.nk.tools.iTranslate","com.microsoft.teams","com.openai.chatgpt"]},{"rank":{"index":2,"lang":"ja","country":"jp","chineseCountryName":"日本","pkg":"com.spaceship.screen.textcopy"},"orders":["com.recognize_text.translate.screen","com.spaceship.screen.textcopy","com.tap_to_translate.snap_translate","com.niven.translator","com.gaminik.i18n","com.newmg.yurao.pro","com.screen.translate.google","com.immersivetranslate.browser","com.google.android.apps.translate","com.deepl.mobiletranslator","com.niven.apptranslate","com.niven.game","com.naver.labs.translator","com.microsoft.translator","com.zaz.translate","com.eecorp.linguago","com.fapp.translate.language.translator.fasttranslation","com.hive.lingonative","at.nk.tools.iTranslate","translate.voice.translator.camera.translation.free.all.language.app"]},{"rank":{"index":2,"lang":"ko","country":"kr","chineseCountryName":"韩国","pkg":"com.spaceship.screen.textcopy"},"orders":["com.recognize_text.translate.screen","com.spaceship.screen.textcopy","com.tap_to_translate.snap_translate","com.niven.translator","com.gaminik.i18n","com.newmg.yurao.pro","com.screen.translate.google","com.immersivetranslate.browser","com.naver.labs.translator","com.niven.apptranslate","com.google.android.apps.translate","com.voice_camera_free_translate","com.deepl.mobiletranslator","com.niven.game","com.microsoft.translator","com.zaz.translate","com.hive.lingonative","com.eecorp.linguago","com.openai.chatgpt","com.facebook.katana"]},{"rank":{"index":2,"lang":"zh-hk","country":"hk","chineseCountryName":"香港","pkg":"com.spaceship.screen.textcopy"},"orders":["com.recognize_text.translate.screen","com.spaceship.screen.textcopy","com.screen.translate.google","com.niven.translator","com.newmg.yurao.pro","com.gaminik.i18n","com.google.android.apps.translate","com.tap_to_translate.snap_translate","com.immersivetranslate.browser","com.deepl.mobiletranslator","com.microsoft.translator","com.zaz.translate","com.niven.apptranslate","com.naver.labs.translator","com.niven.game","com.fapp.translate.language.translator.fasttranslation","at.nk.tools.iTranslate","com.google.ar.lens","com.hive.lingonative","com.eecorp.linguago"]},{"rank":{"index":2,"lang":"zh-tw","country":"tw","chineseCountryName":"台湾","pkg":"com.spaceship.screen.textcopy"},"orders":["com.recognize_text.translate.screen","com.spaceship.screen.textcopy","com.niven.translator","com.screen.translate.google","com.newmg.yurao.pro","com.gaminik.i18n","com.tap_to_translate.snap_translate","com.immersivetranslate.browser","com.niven.apptranslate","com.google.android.apps.translate","com.niven.game","com.deepl.mobiletranslator","com.zaz.translate","com.microsoft.translator","com.naver.labs.translator","com.fapp.translate.language.translator.fasttranslation","com.hive.lingonative","com.facebook.katana","com.facebook.orca","com.openai.chatgpt"]},{"rank":{"index":2,"lang":"en","country":"in","chineseCountryName":"印度","pkg":"com.spaceship.screen.textcopy"},"orders":["com.recognize_text.translate.screen","com.spaceship.screen.textcopy","com.newmg.yurao.pro","com.google.android.apps.translate","com.zaz.translate"]},{"rank":{"index":3,"lang":"id","country":"id","chineseCountryName":"印尼","pkg":"com.spaceship.screen.textcopy"},"orders":["com.recognize_text.translate.screen","com.tap_to_translate.snap_translate","com.spaceship.screen.textcopy","com.niven.translator","com.newmg.yurao.pro","com.gaminik.i18n","com.screen.translate.google","com.niven.game","com.google.android.apps.translate","com.immersivetranslate.browser","com.deepl.mobiletranslator","com.niven.apptranslate"]},{"rank":{"index":2,"lang":"es-mx","country":"mx","chineseCountryName":"墨西哥","pkg":"com.spaceship.screen.textcopy"},"orders":["com.recognize_text.translate.screen","com.spaceship.screen.textcopy","com.tap_to_translate.snap_translate","com.newmg.yurao.pro","com.gaminik.i18n","com.google.android.apps.translate","com.microsoft.translator","com.zaz.translate","at.nk.tools.iTranslate","translate.voice.translator.camera.translation.free.all.language.app","ru.yandex.translate","com.naver.labs.translator","com.immersivetranslate.browser","com.softissimo.reverso.context","com.google.ar.lens","com.voice_camera_free_translate","com.tangdi.baiguotong","link.zhidou.btranslator","com.aldoo.pdftranslatorpro","com.niven.translator"]}]