[{"rank":{"index":2,"lang":"en-us","country":"us","chineseCountryName":"美国","pkg":"com.spaceship.screen.textcopy"},"orders":["com.recognize_text.translate.screen","com.spaceship.screen.textcopy","com.google.android.apps.translate","com.screen.translate.google","com.gaminik.i18n","com.yoyodev.screentranslate","com.niven.translator","at.nk.tools.iTranslate","com.microsoft.translator","com.tap_to_translate.snap_translate","com.newmg.yurao.pro","com.aurasense.screentranslate","photo.translate.camera.translator","ru.yandex.translate","co.appnation.aivoicetranslator","com.deepl.mobiletranslator","com.zaz.translate","com.live.translator.ai","com.fapp.translate.language.translator.fasttranslation","com.niven.game"]},{"rank":{"index":4,"lang":"ru","country":"ru","chineseCountryName":"俄罗斯","pkg":"com.spaceship.screen.textcopy"},"orders":["com.recognize_text.translate.screen","com.niven.translator","com.tap_to_translate.snap_translate","com.spaceship.screen.textcopy","ru.yandex.translate","com.yoyodev.screentranslate","com.gaminik.i18n","com.microsoft.translator","at.nk.tools.iTranslate","com.screen.translate.google","com.newmg.yurao.pro","photo.translate.camera.translator","co.appnation.aivoicetranslator","com.fapp.translate.language.translator.fasttranslation"]},{"rank":{"index":2,"lang":"pt-br","country":"br","chineseCountryName":"巴西","pkg":"com.spaceship.screen.textcopy"},"orders":["com.recognize_text.translate.screen","com.spaceship.screen.textcopy","com.gaminik.i18n","com.niven.translator","com.screen.translate.google","at.nk.tools.iTranslate","com.tap_to_translate.snap_translate","com.google.android.apps.translate","com.galaxy.airviewdictionary","com.microsoft.translator","ru.yandex.translate","co.appnation.aivoicetranslator","photo.translate.camera.translator","com.newmg.yurao.pro","com.zaz.translate","com.fapp.translate.language.translator.fasttranslation","com.niven.game","com.kursx.smartbook","com.transgull.translator","com.youdao.hindict"]},{"rank":{"index":2,"lang":"fr","country":"fr","chineseCountryName":"法国","pkg":"com.spaceship.screen.textcopy"},"orders":["com.recognize_text.translate.screen","com.spaceship.screen.textcopy","com.tap_to_translate.snap_translate","com.gaminik.i18n","com.niven.translator","com.yoyodev.screentranslate","com.screen.translate.google","com.newmg.yurao.pro","com.aurasense.screentranslate","photo.translate.camera.translator","com.niven.game","com.fapp.translate.language.translator.fasttranslation","com.galaxy.airviewdictionary","co.appnation.aivoicetranslator","at.nk.tools.iTranslate","com.niven.apptranslate","com.newtranslate.google","live.screentranslate.realtime","com.microsoft.translator","ru.yandex.translate"]},{"rank":{"index":2,"lang":"en-gb","country":"gb","chineseCountryName":"英国","pkg":"com.spaceship.screen.textcopy"},"orders":["com.recognize_text.translate.screen","com.spaceship.screen.textcopy","com.gaminik.i18n","com.screen.translate.google","com.yoyodev.screentranslate","com.niven.translator","com.galaxy.airviewdictionary","com.tap_to_translate.snap_translate","com.google.android.apps.translate","at.nk.tools.iTranslate","com.aurasense.screentranslate","com.newmg.yurao.pro","photo.translate.camera.translator","co.appnation.aivoicetranslator","com.fapp.translate.language.translator.fasttranslation","com.niven.game","ru.yandex.translate","com.microsoft.translator","com.transgull.translator","com.zaz.translate"]},{"rank":{"index":3,"lang":"de","country":"de","chineseCountryName":"德国","pkg":"com.spaceship.screen.textcopy"},"orders":["com.recognize_text.translate.screen","com.gaminik.i18n","com.spaceship.screen.textcopy","com.niven.translator","com.tap_to_translate.snap_translate","com.screen.translate.google","com.yoyodev.screentranslate","at.nk.tools.iTranslate","com.google.android.apps.translate","com.newmg.yurao.pro","com.galaxy.airviewdictionary","ru.yandex.translate","photo.translate.camera.translator","co.appnation.aivoicetranslator","com.microsoft.translator","com.aurasense.screentranslate","com.zaz.translate","com.fapp.translate.language.translator.fasttranslation","com.niven.game","com.pons.onlinedictionary"]},{"rank":{"index":2,"lang":"it","country":"it","chineseCountryName":"意大利","pkg":"com.spaceship.screen.textcopy"},"orders":["com.recognize_text.translate.screen","com.spaceship.screen.textcopy","com.gaminik.i18n","com.tap_to_translate.snap_translate","com.yoyodev.screentranslate","com.screen.translate.google","com.niven.translator","co.appnation.aivoicetranslator","com.aurasense.screentranslate","at.nk.tools.iTranslate","photo.translate.camera.translator","com.newmg.yurao.pro","com.google.android.apps.translate","com.fapp.translate.language.translator.fasttranslation","com.transgull.translator","ru.yandex.translate","com.niven.game","com.microsoft.translator","com.zaz.translate","com.galaxy.airviewdictionary"]},{"rank":{"index":2,"lang":"ja","country":"jp","chineseCountryName":"日本","pkg":"com.spaceship.screen.textcopy"},"orders":["com.recognize_text.translate.screen","com.spaceship.screen.textcopy","com.gaminik.i18n","com.tap_to_translate.snap_translate","com.google.android.apps.translate","com.screen.translate.google","com.naver.labs.translator","com.deepl.mobiletranslator"]},{"rank":{"index":2,"lang":"ko","country":"kr","chineseCountryName":"韩国","pkg":"com.spaceship.screen.textcopy"},"orders":["com.recognize_text.translate.screen","com.spaceship.screen.textcopy","com.gaminik.i18n","com.screen.translate.google","com.niven.translator","com.aurasense.screentranslate","com.tap_to_translate.snap_translate","at.nk.tools.iTranslate","com.galaxy.airviewdictionary","co.appnation.aivoicetranslator","com.newmg.yurao.pro","photo.translate.camera.translator","com.microsoft.translator","ru.yandex.translate","com.fapp.translate.language.translator.fasttranslation","com.niven.game","com.transgull.translator","com.google.android.apps.translate","com.zaz.translate","com.datacomprojects.scanandtranslate"]},{"rank":{"index":2,"lang":"zh-hk","country":"hk","chineseCountryName":"香港","pkg":"com.spaceship.screen.textcopy"},"orders":["com.recognize_text.translate.screen","com.spaceship.screen.textcopy","com.gaminik.i18n","com.niven.translator","com.screen.translate.google","com.yoyodev.screentranslate","at.nk.tools.iTranslate","com.aurasense.screentranslate","com.newmg.yurao.pro","com.tap_to_translate.snap_translate","com.galaxy.airviewdictionary","photo.translate.camera.translator","co.appnation.aivoicetranslator","com.niven.game","com.fapp.translate.language.translator.fasttranslation","ru.yandex.translate","com.google.android.apps.translate","com.microsoft.translator","com.zaz.translate","com.transgull.translator"]},{"rank":{"index":2,"lang":"zh-tw","country":"tw","chineseCountryName":"台湾","pkg":"com.spaceship.screen.textcopy"},"orders":["com.recognize_text.translate.screen","com.spaceship.screen.textcopy","com.gaminik.i18n","com.screen.translate.google","com.yoyodev.screentranslate","com.niven.translator","com.aurasense.screentranslate","com.newmg.yurao.pro","co.appnation.aivoicetranslator","photo.translate.camera.translator","at.nk.tools.iTranslate"]},{"rank":{"index":0,"lang":"en","country":"in","chineseCountryName":"印度","pkg":"com.spaceship.screen.textcopy"},"orders":["com.recognize_text.translate.screen","com.gaminik.i18n","com.google.android.apps.translate","at.nk.tools.iTranslate"]},{"rank":{"index":2,"lang":"id","country":"id","chineseCountryName":"印尼","pkg":"com.spaceship.screen.textcopy"},"orders":["com.recognize_text.translate.screen","com.spaceship.screen.textcopy","com.tap_to_translate.snap_translate","com.gaminik.i18n","com.niven.translator","com.yoyodev.screentranslate","at.nk.tools.iTranslate","com.google.android.apps.translate","com.screen.translate.google","com.newmg.yurao.pro","com.aurasense.screentranslate","com.zaz.translate","com.microsoft.translator","co.appnation.aivoicetranslator","photo.translate.camera.translator","com.niven.game","com.fapp.translate.language.translator.fasttranslation"]},{"rank":{"index":0,"lang":"es-mx","country":"mx","chineseCountryName":"墨西哥","pkg":"com.spaceship.screen.textcopy"},"orders":["com.recognize_text.translate.screen","com.gaminik.i18n","at.nk.tools.iTranslate","com.microsoft.translator","com.google.android.apps.translate"]}]