[{"rank":{"index":2,"lang":"en-us","country":"us","chineseCountryName":"美国","pkg":"com.spaceship.screen.textcopy"},"orders":["com.recognize_text.translate.screen","com.spaceship.screen.textcopy","com.tap_to_translate.snap_translate","com.google.android.apps.translate","com.screen.translate.google","com.newmg.yurao.pro","com.gaminik.i18n","com.microsoft.translator","com.niven.translator","com.google.ar.lens","com.niven.game","at.nk.tools.iTranslate","com.heapsol.spanishenglishtranslator","com.datacomprojects.scanandtranslate","com.deepl.mobiletranslator","com.naver.labs.translator","com.language.translate.free.translator.voice.translation","com.sayhi.android.sayhitranslate","com.translate.talkingtranslator","com.niven.apptranslate"]},{"rank":{"index":0,"lang":"ru","country":"ru","chineseCountryName":"俄罗斯","pkg":"com.spaceship.screen.textcopy"},"orders":["com.recognize_text.translate.screen","com.tap_to_translate.snap_translate","com.niven.translator","com.newmg.yurao.pro","com.gaminik.i18n","ru.yandex.translate","com.google.android.apps.translate","com.niven.game","com.screen.translate.google","com.microsoft.translator","com.deepl.mobiletranslator","com.datacomprojects.scanandtranslate","com.language.translate.free.translator.voice.translation","com.kursx.smartbook","com.niven.apptranslate","com.promt.pmtappfree","com.immersivetranslate.browser","com.voice_camera_free_translate","com.traductorweb","com.google.ar.lens"]},{"rank":{"index":2,"lang":"pt-br","country":"br","chineseCountryName":"巴西","pkg":"com.spaceship.screen.textcopy"},"orders":["com.recognize_text.translate.screen","com.spaceship.screen.textcopy","com.tap_to_translate.snap_translate","com.newmg.yurao.pro","com.gaminik.i18n","com.google.android.apps.translate","com.microsoft.translator","at.nk.tools.iTranslate","com.deepl.mobiletranslator","ru.yandex.translate","com.google.ar.lens","com.translate.language.translator.voice.translation","com.naver.labs.translator","com.zaz.translate","com.ticktalk.translatevoice","com.softissimo.reverso.context","com.niven.translator","com.niven.game","com.screen.translate.google","com.niven.apptranslate"]},{"rank":{"index":2,"lang":"fr","country":"fr","chineseCountryName":"法国","pkg":"com.spaceship.screen.textcopy"},"orders":["com.recognize_text.translate.screen","com.spaceship.screen.textcopy","com.tap_to_translate.snap_translate","com.gaminik.i18n","com.newmg.yurao.pro","com.google.android.apps.translate","com.microsoft.translator","com.niven.translator","com.screen.translate.google","com.niven.game","com.datacomprojects.scanandtranslate","com.deepl.mobiletranslator","com.google.ar.lens","com.niven.apptranslate","free.translate.all.language.translator","at.nk.tools.iTranslate","com.softissimo.reverso.context","camtranslator.voice.text.image.translate","com.translate.language.translator.voice.translation","com.immersivetranslate.browser"]},{"rank":{"index":2,"lang":"en-gb","country":"gb","chineseCountryName":"英国","pkg":"com.spaceship.screen.textcopy"},"orders":["com.recognize_text.translate.screen","com.spaceship.screen.textcopy","com.google.android.apps.translate","com.microsoft.translator","com.gaminik.i18n","com.newmg.yurao.pro","com.tap_to_translate.snap_translate","com.screen.translate.google","com.niven.translator","com.google.ar.lens","at.nk.tools.iTranslate","com.niven.game","com.datacomprojects.scanandtranslate","com.deepl.mobiletranslator","com.siv","ru.yandex.translate","com.naver.labs.translator","com.sayhi.android.sayhitranslate","com.language.translate.free.translator.voice.translation","com.heapsol.spanishenglishtranslator"]},{"rank":{"index":2,"lang":"de","country":"de","chineseCountryName":"德国","pkg":"com.spaceship.screen.textcopy"},"orders":["com.recognize_text.translate.screen","com.spaceship.screen.textcopy","com.tap_to_translate.snap_translate","com.screen.translate.google","com.niven.translator","com.gaminik.i18n","com.newmg.yurao.pro","com.google.android.apps.translate","com.microsoft.translator","com.niven.game","com.datacomprojects.scanandtranslate","com.immersivetranslate.browser","com.deepl.mobiletranslator","com.niven.apptranslate","com.language.translate.free.translator.voice.translation","com.voice_camera_free_translate","com.sayhi.android.sayhitranslate","com.siv","com.google.ar.lens","ru.yandex.translate"]},{"rank":{"index":2,"lang":"it","country":"it","chineseCountryName":"意大利","pkg":"com.spaceship.screen.textcopy"},"orders":["com.recognize_text.translate.screen","com.spaceship.screen.textcopy","com.tap_to_translate.snap_translate","com.gaminik.i18n","com.screen.translate.google","com.niven.translator","com.newmg.yurao.pro","com.google.android.apps.translate","com.microsoft.translator","com.niven.game","com.datacomprojects.scanandtranslate","com.deepl.mobiletranslator","at.nk.tools.iTranslate","com.kursx.smartbook","com.google.ar.lens","com.language.translate.free.translator.voice.translation","com.niven.apptranslate","free.translate.all.language.translator","camtranslator.voice.text.image.translate","com.siv"]},{"rank":{"index":2,"lang":"ja","country":"jp","chineseCountryName":"日本","pkg":"com.spaceship.screen.textcopy"},"orders":["com.recognize_text.translate.screen","com.spaceship.screen.textcopy","com.tap_to_translate.snap_translate","com.gaminik.i18n","com.newmg.yurao.pro","com.google.android.apps.translate","com.microsoft.translator","com.google.ar.lens","com.niven.translator","com.datacomprojects.scanandtranslate","com.niven.game","com.deepl.mobiletranslator","com.naver.labs.translator","com.screen.translate.google","com.immersivetranslate.browser","com.niven.apptranslate"]},{"rank":{"index":2,"lang":"ko","country":"kr","chineseCountryName":"韩国","pkg":"com.spaceship.screen.textcopy"},"orders":["com.recognize_text.translate.screen","com.spaceship.screen.textcopy","com.tap_to_translate.snap_translate","com.newmg.yurao.pro","com.gaminik.i18n","com.naver.labs.translator","com.niven.translator","com.google.android.apps.translate","com.niven.game","com.microsoft.translator","com.screen.translate.google","com.niven.apptranslate","com.google.ar.lens","com.deepl.mobiletranslator","at.nk.tools.iTranslate","com.immersivetranslate.browser","com.voice_camera_free_translate","com.datacomprojects.scanandtranslate","com.facebook.katana","com.facebook.orca"]},{"rank":{"index":2,"lang":"zh-hk","country":"hk","chineseCountryName":"香港","pkg":"com.spaceship.screen.textcopy"},"orders":["com.recognize_text.translate.screen","com.spaceship.screen.textcopy","com.gaminik.i18n","com.newmg.yurao.pro","com.screen.translate.google","com.niven.translator","com.microsoft.translator","com.tap_to_translate.snap_translate","com.google.android.apps.translate","com.niven.game","com.datacomprojects.scanandtranslate","com.google.ar.lens","com.naver.labs.translator","com.niven.apptranslate","com.deepl.mobiletranslator","com.immersivetranslate.browser","at.nk.tools.iTranslate","photo.translate.camera.translator","com.language.translate.free.translator.voice.translation","free.translate.all.language.translator"]},{"rank":{"index":2,"lang":"zh-tw","country":"tw","chineseCountryName":"台湾","pkg":"com.spaceship.screen.textcopy"},"orders":["com.recognize_text.translate.screen","com.spaceship.screen.textcopy","com.newmg.yurao.pro","com.gaminik.i18n","com.screen.translate.google","com.niven.translator","com.tap_to_translate.snap_translate","com.google.android.apps.translate","com.niven.game","com.microsoft.translator","com.naver.labs.translator","com.datacomprojects.scanandtranslate","com.niven.apptranslate","com.google.ar.lens","photo.translate.camera.translator","at.nk.tools.iTranslate","com.immersivetranslate.browser","com.deepl.mobiletranslator","com.facebook.katana","com.language.translate.free.translator.voice.translation"]},{"rank":{"index":2,"lang":"en","country":"in","chineseCountryName":"印度","pkg":"com.spaceship.screen.textcopy"},"orders":["com.recognize_text.translate.screen","com.spaceship.screen.textcopy","com.google.android.apps.translate","com.tap_to_translate.snap_translate","com.newmg.yurao.pro","com.gaminik.i18n","com.microsoft.translator","com.zaz.translate","at.nk.tools.iTranslate","com.google.ar.lens","com.deepl.mobiletranslator","com.ticktalk.translatevoice","ru.yandex.translate","com.naver.labs.translator","com.softissimo.reverso.context","com.niven.translator","com.screen.translate.google","com.datacomprojects.scanandtranslate","com.niven.game","screen.translator.voice.translate"]},{"rank":{"index":2,"lang":"id","country":"id","chineseCountryName":"印尼","pkg":"com.spaceship.screen.textcopy"},"orders":["com.recognize_text.translate.screen","com.spaceship.screen.textcopy","com.tap_to_translate.snap_translate","com.gaminik.i18n","com.newmg.yurao.pro","com.niven.translator","com.niven.game","com.screen.translate.google","com.google.android.apps.translate","com.niven.apptranslate","com.youdao.hindict","com.deepl.mobiletranslator","com.naver.labs.translator","com.microsoft.translator"]},{"rank":{"index":2,"lang":"es-mx","country":"mx","chineseCountryName":"墨西哥","pkg":"com.spaceship.screen.textcopy"},"orders":["com.recognize_text.translate.screen","com.spaceship.screen.textcopy","com.tap_to_translate.snap_translate","com.newmg.yurao.pro","com.gaminik.i18n","com.google.android.apps.translate","com.microsoft.translator","at.nk.tools.iTranslate","com.deepl.mobiletranslator","com.google.ar.lens","ru.yandex.translate","com.zaz.translate","com.naver.labs.translator","com.niven.translator","com.niven.game","com.datacomprojects.scanandtranslate","com.screen.translate.google","translate.speech.text.translation.voicetranslator","free.translate.all.language.translator","camtranslator.voice.text.image.translate"]}]