[{"rank":{"index":2,"lang":"en-us","country":"us","chineseCountryName":"美国","pkg":"com.spaceship.screen.textcopy"},"orders":["com.recognize_text.translate.screen","com.spaceship.screen.textcopy","com.tap_to_translate.snap_translate","com.gaminik.i18n","com.google.android.apps.translate","com.microsoft.translator","com.mg.yurao.google","com.niven.translator","at.nk.tools.iTranslate","com.niven.game","com.sayhi.android.sayhitranslate","screen.translator.voice.translate","com.niven.comic","com.zaz.translate","com.eecorp.linguago","com.naver.labs.translator","com.newmg.yurao.pro","com.translate.talkingtranslator","com.mobisystems.msdict.embedded.wireless.collins.ee","com.languagetranslator.translatorapp.smartscanner.dictionary.translation.voicetranslator"]},{"rank":{"index":2,"lang":"ru","country":"ru","chineseCountryName":"俄罗斯","pkg":"com.spaceship.screen.textcopy"},"orders":["com.recognize_text.translate.screen","com.spaceship.screen.textcopy","com.tap_to_translate.snap_translate","com.microsoft.translator","com.gaminik.i18n","com.mg.yurao.google","com.niven.translator","com.google.android.apps.translate","com.niven.game","ru.yandex.translate","com.niven.comic","at.nk.tools.iTranslate","com.eecorp.linguago","com.newmg.yurao.pro","com.zaz.translate","com.niven.apptranslate","screen.translator.voice.translate","com.datacomprojects.scanandtranslate","com.deepl.mobiletranslator","com.translate.all.speech.text.language.translator"]},{"rank":{"index":2,"lang":"pt-br","country":"br","chineseCountryName":"巴西","pkg":"com.spaceship.screen.textcopy"},"orders":["com.recognize_text.translate.screen","com.spaceship.screen.textcopy","com.tap_to_translate.snap_translate","com.gaminik.i18n","com.mg.yurao.google","com.niven.translator","com.niven.game","com.microsoft.translator","com.niven.comic","com.eecorp.linguago","at.nk.tools.iTranslate","com.niven.apptranslate","com.newmg.yurao.pro","com.google.android.apps.translate","ru.yandex.translate","com.ticktalk.translatevoice","all.language.translate.translator","screen.translator.voice.translate","com.languagetranslator.translatorapp.smartscanner.dictionary.translation.voicetranslator","com.mobisystems.msdict.embedded.wireless.collins.ee"]},{"rank":{"index":2,"lang":"fr","country":"fr","chineseCountryName":"法国","pkg":"com.spaceship.screen.textcopy"},"orders":["com.recognize_text.translate.screen","com.spaceship.screen.textcopy","com.tap_to_translate.snap_translate","com.mg.yurao.google","com.gaminik.i18n","com.microsoft.translator","screen.translator.voice.translate","com.niven.translator","com.niven.game","com.niven.comic","com.eecorp.linguago","com.translate.talkingtranslator","at.nk.tools.iTranslate","com.newmg.yurao.pro","com.google.android.apps.translate","com.ticktalk.translatevoice","com.niven.apptranslate","com.datacomprojects.scanandtranslate","com.zaz.translate","com.eecorp.taptranslator"]},{"rank":{"index":2,"lang":"en-gb","country":"gb","chineseCountryName":"英国","pkg":"com.spaceship.screen.textcopy"},"orders":["com.recognize_text.translate.screen","com.spaceship.screen.textcopy","com.microsoft.translator","com.google.android.apps.translate","com.mg.yurao.google","screen.translator.voice.translate","com.gaminik.i18n","com.tap_to_translate.snap_translate","com.niven.translator","at.nk.tools.iTranslate","com.zaz.translate","com.sayhi.android.sayhitranslate","com.niven.game","com.niven.comic","com.eecorp.linguago","com.mobisystems.msdict.embedded.wireless.collins.ee","com.newmg.yurao.pro","com.languagetranslator.translatorapp.smartscanner.dictionary.translation.voicetranslator","com.translate.talkingtranslator","com.ticktalk.translatevoice"]},{"rank":{"index":2,"lang":"de","country":"de","chineseCountryName":"德国","pkg":"com.spaceship.screen.textcopy"},"orders":["com.recognize_text.translate.screen","com.spaceship.screen.textcopy","com.mg.yurao.google","com.microsoft.translator","com.gaminik.i18n","com.tap_to_translate.snap_translate","com.niven.translator","com.niven.game","com.niven.comic","com.translate.talkingtranslator","at.nk.tools.iTranslate","com.newmg.yurao.pro","com.eecorp.linguago","com.google.android.apps.translate","ru.yandex.translate","com.zaz.translate","com.niven.apptranslate","com.languagetranslator.translatorapp.smartscanner.dictionary.translation.voicetranslator","com.ticktalk.translatevoice","com.deepl.mobiletranslator"]},{"rank":{"index":2,"lang":"it","country":"it","chineseCountryName":"意大利","pkg":"com.spaceship.screen.textcopy"},"orders":["com.recognize_text.translate.screen","com.spaceship.screen.textcopy","com.tap_to_translate.snap_translate","screen.translator.voice.translate","com.gaminik.i18n","com.mg.yurao.google","com.microsoft.translator","com.niven.translator","com.niven.game","com.niven.comic","at.nk.tools.iTranslate","com.google.android.apps.translate","com.eecorp.linguago","com.niven.apptranslate","com.newmg.yurao.pro","com.languagetranslator.translatorapp.smartscanner.dictionary.translation.voicetranslator","com.zaz.translate","com.eecorp.taptranslator","com.ticktalk.translatevoice","ru.yandex.translate"]},{"rank":{"index":2,"lang":"ja","country":"jp","chineseCountryName":"日本","pkg":"com.spaceship.screen.textcopy"},"orders":["com.recognize_text.translate.screen","com.spaceship.screen.textcopy","com.gaminik.i18n","com.mg.yurao.google","com.eecorp.taptranslator","com.tap_to_translate.snap_translate","com.newmg.yurao.pro","com.niven.game","com.eecorp.linguago","com.microsoft.translator","com.niven.translator","screen.translator.voice.translate","com.niven.apptranslate","com.deepl.mobiletranslator"]},{"rank":{"index":3,"lang":"ko","country":"kr","chineseCountryName":"韩国","pkg":"com.spaceship.screen.textcopy"},"orders":["com.recognize_text.translate.screen","com.mg.yurao.google","com.spaceship.screen.textcopy","com.tap_to_translate.snap_translate","com.microsoft.translator","com.google.android.apps.translate","com.gaminik.i18n","com.naver.labs.translator","com.niven.translator","at.nk.tools.iTranslate","com.niven.game","com.niven.comic","com.newmg.yurao.pro","com.zaz.translate","com.eecorp.linguago","com.deepl.mobiletranslator","com.sayhi.android.sayhitranslate","com.niven.apptranslate","com.languagetranslator.translatorapp.smartscanner.dictionary.translation.voicetranslator","com.mg.chat"]},{"rank":{"index":2,"lang":"zh-hk","country":"hk","chineseCountryName":"香港","pkg":"com.spaceship.screen.textcopy"},"orders":["com.recognize_text.translate.screen","com.spaceship.screen.textcopy","com.tap_to_translate.snap_translate","com.microsoft.translator","com.mg.yurao.google","com.google.android.apps.translate","com.gaminik.i18n","com.niven.translator","at.nk.tools.iTranslate","com.niven.game","com.niven.comic","com.zaz.translate","com.tangdi.baiguotong","com.naver.labs.translator","com.sayhi.android.sayhitranslate","com.newmg.yurao.pro","com.eecorp.linguago","com.mg.chat","com.mobisystems.msdict.embedded.wireless.collins.ee","ru.yandex.translate"]},{"rank":{"index":4,"lang":"zh-tw","country":"tw","chineseCountryName":"台湾","pkg":"com.spaceship.screen.textcopy"},"orders":["com.recognize_text.translate.screen","com.mg.yurao.google","com.tap_to_translate.snap_translate","com.spaceship.screen.textcopy","com.microsoft.translator","com.gaminik.i18n","com.google.android.apps.translate","at.nk.tools.iTranslate","com.niven.translator","com.niven.game","com.niven.comic","com.tangdi.baiguotong","com.naver.labs.translator","com.newmg.yurao.pro","com.sayhi.android.sayhitranslate","com.zaz.translate","com.eecorp.linguago","com.mobisystems.msdict.embedded.wireless.collins.ee","com.languagetranslator.translatorapp.smartscanner.dictionary.translation.voicetranslator","com.niven.apptranslate"]},{"rank":{"index":2,"lang":"en","country":"in","chineseCountryName":"印度","pkg":"com.spaceship.screen.textcopy"},"orders":["com.recognize_text.translate.screen","com.spaceship.screen.textcopy","com.google.android.apps.translate","com.microsoft.translator","screen.translator.voice.translate","com.gaminik.i18n","com.zaz.translate","com.tap_to_translate.snap_translate","com.niven.translator","at.nk.tools.iTranslate","com.niven.game","com.sayhi.android.sayhitranslate","com.niven.comic","ru.yandex.translate","com.newmg.yurao.pro","com.eecorp.linguago","com.deepl.mobiletranslator","com.tranit.text.translate","com.mg.chat","com.mg.yurao.google"]},{"rank":{"index":1,"lang":"id","country":"id","chineseCountryName":"印尼","pkg":"com.spaceship.screen.textcopy"},"orders":["com.spaceship.screen.textcopy","com.recognize_text.translate.screen","com.tap_to_translate.snap_translate","com.mg.yurao.google","com.gaminik.i18n","com.eecorp.linguago","com.niven.translator","com.niven.game","com.niven.apptranslate","com.niven.comic","com.newmg.yurao.pro","com.microsoft.translator","at.nk.tools.iTranslate","com.google.android.apps.translate","com.youdao.hindict"]},{"rank":{"index":2,"lang":"es-mx","country":"mx","chineseCountryName":"墨西哥","pkg":"com.spaceship.screen.textcopy"},"orders":["com.recognize_text.translate.screen","com.spaceship.screen.textcopy","com.gaminik.i18n","com.tap_to_translate.snap_translate","com.mg.yurao.google","com.niven.translator","com.microsoft.translator","com.niven.game","com.niven.comic","at.nk.tools.iTranslate","com.eecorp.linguago","com.niven.apptranslate","com.zaz.translate","com.newmg.yurao.pro","com.ticktalk.translatevoice","com.youdao.hindict","com.google.android.apps.translate","com.languagetranslator.translatorapp.smartscanner.dictionary.translation.voicetranslator","screen.translator.voice.translate","com.sayhi.android.sayhitranslate"]}]