[{"rank":{"index":2,"lang":"en-us","country":"us","chineseCountryName":"美国","pkg":"com.spaceship.screen.textcopy"},"orders":["com.recognize_text.translate.screen","com.spaceship.screen.textcopy","com.screen.translate.google","com.yoyodev.screentranslate","com.gaminik.i18n","com.niven.translator","com.galaxy.airviewdictionary","com.aurasense.screentranslate","com.tap_to_translate.snap_translate","com.newmg.yurao.pro","com.google.android.apps.translate","com.deepl.mobiletranslator","com.newtranslate.google","com.microsoft.translator","at.nk.tools.iTranslate","com.hive.lingonative","com.zaz.translate","com.niven.game","photo.translate.camera.translator","com.esarikaya.screentranslate"]},{"rank":{"index":4,"lang":"ru","country":"ru","chineseCountryName":"俄罗斯","pkg":"com.spaceship.screen.textcopy"},"orders":["com.recognize_text.translate.screen","com.niven.translator","com.tap_to_translate.snap_translate","com.spaceship.screen.textcopy","com.yoyodev.screentranslate","com.gaminik.i18n","com.screen.translate.google","com.galaxy.airviewdictionary","com.newmg.yurao.pro","ru.yandex.translate","com.newtranslate.google","com.google.android.apps.translate"]},{"rank":{"index":2,"lang":"pt-br","country":"br","chineseCountryName":"巴西","pkg":"com.spaceship.screen.textcopy"},"orders":["com.recognize_text.translate.screen","com.spaceship.screen.textcopy","com.gaminik.i18n","com.niven.translator","com.tap_to_translate.snap_translate","com.screen.translate.google","com.galaxy.airviewdictionary","com.newtranslate.google","com.newmg.yurao.pro","com.hive.lingonative","com.google.android.apps.translate","com.esarikaya.screentranslate","com.niven.game","com.deepl.mobiletranslator","ru.yandex.translate","at.nk.tools.iTranslate","com.zaz.translate","com.niven.apptranslate","com.microsoft.translator","live.screentranslate.realtime"]},{"rank":{"index":2,"lang":"fr","country":"fr","chineseCountryName":"法国","pkg":"com.spaceship.screen.textcopy"},"orders":["com.recognize_text.translate.screen","com.spaceship.screen.textcopy","com.tap_to_translate.snap_translate"]},{"rank":{"index":2,"lang":"en-gb","country":"gb","chineseCountryName":"英国","pkg":"com.spaceship.screen.textcopy"},"orders":["com.recognize_text.translate.screen","com.spaceship.screen.textcopy","com.tap_to_translate.snap_translate","com.google.android.apps.translate","at.nk.tools.iTranslate","com.deepl.mobiletranslator","com.zaz.translate","com.microsoft.translator","ru.yandex.translate","photo.translate.camera.translator","com.screen.translate.google","com.galaxy.airviewdictionary","com.niven.translator","com.yoyodev.screentranslate","com.newtranslate.google","com.newmg.yurao.pro","com.aurasense.screentranslate","screen.translator.voice.translate","translate.speech.text.translation.voicetranslator","com.niven.apptranslate"]},{"rank":{"index":4,"lang":"de","country":"de","chineseCountryName":"德国","pkg":"com.spaceship.screen.textcopy"},"orders":["com.recognize_text.translate.screen","com.gaminik.i18n","com.yoyodev.screentranslate","com.spaceship.screen.textcopy","com.screen.translate.google","com.niven.translator","com.tap_to_translate.snap_translate","com.galaxy.airviewdictionary","com.newmg.yurao.pro","com.aurasense.screentranslate","com.newtranslate.google","com.google.android.apps.translate","com.deepl.mobiletranslator","com.hive.lingonative","com.zaz.translate","com.esarikaya.screentranslate","link.zhidou.btranslator","com.niven.apptranslate","at.nk.tools.iTranslate","com.microsoft.translator"]},{"rank":{"index":3,"lang":"it","country":"it","chineseCountryName":"意大利","pkg":"com.spaceship.screen.textcopy"},"orders":["com.recognize_text.translate.screen","com.tap_to_translate.snap_translate","com.spaceship.screen.textcopy","com.yoyodev.screentranslate","com.gaminik.i18n","com.screen.translate.google","com.niven.translator","com.aurasense.screentranslate","com.galaxy.airviewdictionary","com.newmg.yurao.pro","com.newtranslate.google","com.google.android.apps.translate","com.esarikaya.screentranslate","com.deepl.mobiletranslator","com.zaz.translate","com.microsoft.translator","com.niven.game","link.zhidou.btranslator","co.appnation.aivoicetranslator","at.nk.tools.iTranslate"]},{"rank":{"index":4,"lang":"ja","country":"jp","chineseCountryName":"日本","pkg":"com.spaceship.screen.textcopy"},"orders":["com.recognize_text.translate.screen","com.gaminik.i18n","com.tap_to_translate.snap_translate","com.spaceship.screen.textcopy","com.screen.translate.google","com.niven.translator","com.galaxy.airviewdictionary","com.aurasense.screentranslate","com.newtranslate.google","com.newmg.yurao.pro","com.hive.lingonative","com.google.android.apps.translate","com.deepl.mobiletranslator"]},{"rank":{"index":2,"lang":"ko","country":"kr","chineseCountryName":"韩国","pkg":"com.spaceship.screen.textcopy"},"orders":["com.recognize_text.translate.screen","com.spaceship.screen.textcopy","com.gaminik.i18n","com.screen.translate.google","com.galaxy.airviewdictionary","com.tap_to_translate.snap_translate","com.aurasense.screentranslate","com.niven.translator","com.newtranslate.google","com.newmg.yurao.pro","com.google.android.apps.translate","com.hive.lingonative","com.deepl.mobiletranslator","com.esarikaya.screentranslate","com.microsoft.translator","com.zaz.translate","com.niven.game","at.nk.tools.iTranslate","ru.yandex.translate","com.naver.labs.translator"]},{"rank":{"index":2,"lang":"zh-hk","country":"hk","chineseCountryName":"香港","pkg":"com.spaceship.screen.textcopy"},"orders":["com.recognize_text.translate.screen","com.spaceship.screen.textcopy","com.tap_to_translate.snap_translate","com.google.android.apps.translate","com.deepl.mobiletranslator","at.nk.tools.iTranslate","com.zaz.translate","ru.yandex.translate","photo.translate.camera.translator","link.zhidou.btranslator","com.galaxy.airviewdictionary","com.screen.translate.google","com.niven.translator","com.yoyodev.screentranslate","com.newmg.yurao.pro","com.newtranslate.google","com.aurasense.screentranslate","screen.translator.voice.translate","com.naver.labs.translator","com.niven.apptranslate"]},{"rank":{"index":2,"lang":"zh-tw","country":"tw","chineseCountryName":"台湾","pkg":"com.spaceship.screen.textcopy"},"orders":["com.recognize_text.translate.screen","com.spaceship.screen.textcopy","com.screen.translate.google","com.yoyodev.screentranslate","com.gaminik.i18n","com.aurasense.screentranslate","com.galaxy.airviewdictionary","com.niven.translator","com.tap_to_translate.snap_translate","com.newmg.yurao.pro","com.google.android.apps.translate","com.newtranslate.google","com.esarikaya.screentranslate","com.deepl.mobiletranslator","com.zaz.translate","co.appnation.aivoicetranslator","ru.yandex.translate","com.niven.game","at.nk.tools.iTranslate","com.microsoft.translator"]},{"rank":{"index":0,"lang":"en","country":"in","chineseCountryName":"印度","pkg":"com.spaceship.screen.textcopy"},"orders":["com.recognize_text.translate.screen","com.google.android.apps.translate","com.gaminik.i18n","com.tap_to_translate.snap_translate","com.zaz.translate","at.nk.tools.iTranslate","photo.translate.camera.translator","com.galaxy.airviewdictionary","com.niven.translator","com.screen.translate.google","com.yoyodev.screentranslate","com.newmg.yurao.pro","com.newtranslate.google","com.aurasense.screentranslate","screen.translator.voice.translate","ru.yandex.translate","translate.speech.text.translation.voicetranslator","com.niven.apptranslate","com.translate.talkingtranslator","com.esarikaya.screentranslate"]},{"rank":{"index":3,"lang":"id","country":"id","chineseCountryName":"印尼","pkg":"com.spaceship.screen.textcopy"},"orders":["com.recognize_text.translate.screen","com.tap_to_translate.snap_translate","com.spaceship.screen.textcopy","com.yoyodev.screentranslate","com.screen.translate.google","com.gaminik.i18n","com.niven.translator","com.aurasense.screentranslate","com.galaxy.airviewdictionary","com.newmg.yurao.pro","com.hive.lingonative","com.newtranslate.google","com.deepl.mobiletranslator","com.google.android.apps.translate"]},{"rank":{"index":2,"lang":"es-mx","country":"mx","chineseCountryName":"墨西哥","pkg":"com.spaceship.screen.textcopy"},"orders":["com.recognize_text.translate.screen","com.spaceship.screen.textcopy","com.tap_to_translate.snap_translate","com.gaminik.i18n","com.google.android.apps.translate","com.zaz.translate","com.microsoft.translator","com.galaxy.airviewdictionary","com.yoyodev.screentranslate","com.screen.translate.google","com.niven.translator","com.newtranslate.google","com.newmg.yurao.pro","screen.translator.voice.translate","com.aurasense.screentranslate","at.nk.tools.iTranslate","com.hive.lingonative","ru.yandex.translate","com.esarikaya.screentranslate","com.niven.apptranslate"]}]