[{"rank":{"index":2,"lang":"en-us","country":"us","chineseCountryName":"美国","pkg":"com.spaceship.screen.textcopy"},"orders":["com.recognize_text.translate.screen","com.spaceship.screen.textcopy","com.gaminik.i18n","com.hc.texttranslator.screentranslator.chattranslator","com.microsoft.translator","com.niven.translator","com.newmg.yurao.pro","com.tap_to_translate.snap_translate","com.aurasense.screentranslate","at.nk.tools.iTranslate","com.screen.translate.google","com.google.android.apps.translate","com.yoyodev.screentranslate","jp.go.nict.voicetra","photo.translate.camera.translator","com.zaz.translate","live.screentranslate.realtime","com.galaxy.airviewdictionary","com.eecorp.linguago","com.eecorp.taptranslator"]},{"rank":{"index":3,"lang":"ru","country":"ru","chineseCountryName":"俄罗斯","pkg":"com.spaceship.screen.textcopy"},"orders":["com.recognize_text.translate.screen","com.niven.translator","com.spaceship.screen.textcopy","com.gaminik.i18n","com.microsoft.translator","com.tap_to_translate.snap_translate","com.hc.texttranslator.screentranslator.chattranslator","com.newmg.yurao.pro","com.yoyodev.screentranslate","com.screen.translate.google","at.nk.tools.iTranslate","photo.translate.camera.translator","com.google.android.apps.translate","com.galaxy.airviewdictionary","jp.go.nict.voicetra","live.screentranslate.realtime","com.zaz.translate","com.translateall.language.free.translator.dictionary.speechtext.learnenglish","com.eecorp.linguago","translate.all.language.translatorapp"]},{"rank":{"index":2,"lang":"pt-br","country":"br","chineseCountryName":"巴西","pkg":"com.spaceship.screen.textcopy"},"orders":["com.recognize_text.translate.screen","com.spaceship.screen.textcopy","com.gaminik.i18n","com.niven.translator","com.hc.texttranslator.screentranslator.chattranslator","com.tap_to_translate.snap_translate","com.microsoft.translator","com.newmg.yurao.pro","at.nk.tools.iTranslate","com.screen.translate.google","com.google.android.apps.translate","com.galaxy.airviewdictionary","live.screentranslate.realtime","photo.translate.camera.translator","jp.go.nict.voicetra","com.eecorp.taptranslator","link.zhidou.btranslator","com.paninitranslate","com.niven.game","com.deepl.mobiletranslator"]},{"rank":{"index":2,"lang":"fr","country":"fr","chineseCountryName":"法国","pkg":"com.spaceship.screen.textcopy"},"orders":["com.recognize_text.translate.screen","com.spaceship.screen.textcopy","com.niven.translator","com.hc.texttranslator.screentranslator.chattranslator","com.gaminik.i18n","com.tap_to_translate.snap_translate","com.newmg.yurao.pro","com.aurasense.screentranslate","com.yoyodev.screentranslate","com.screen.translate.google","live.screentranslate.realtime","com.microsoft.translator","photo.translate.camera.translator","com.google.android.apps.translate","com.eecorp.linguago","com.eecorp.taptranslator","com.digtial_bytes.voice.translator.dictionary.languages.cameratranslator","com.fortuna.screentranslator","at.nk.tools.iTranslate","com.galaxy.airviewdictionary"]},{"rank":{"index":2,"lang":"en-gb","country":"gb","chineseCountryName":"英国","pkg":"com.spaceship.screen.textcopy"},"orders":["com.recognize_text.translate.screen","com.spaceship.screen.textcopy","com.niven.translator","com.microsoft.translator","com.hc.texttranslator.screentranslator.chattranslator","com.tap_to_translate.snap_translate","com.gaminik.i18n","com.newmg.yurao.pro","com.aurasense.screentranslate","at.nk.tools.iTranslate","com.screen.translate.google","com.google.android.apps.translate","com.yoyodev.screentranslate","jp.go.nict.voicetra","photo.translate.camera.translator","com.galaxy.airviewdictionary","live.screentranslate.realtime","com.zaz.translate","com.eecorp.linguago","com.translateall.language.free.translator.dictionary.speechtext.learnenglish"]},{"rank":{"index":2,"lang":"de","country":"de","chineseCountryName":"德国","pkg":"com.spaceship.screen.textcopy"},"orders":["com.recognize_text.translate.screen","com.spaceship.screen.textcopy","com.gaminik.i18n","com.hc.texttranslator.screentranslator.chattranslator","com.niven.translator","com.tap_to_translate.snap_translate","com.newmg.yurao.pro","com.yoyodev.screentranslate","com.aurasense.screentranslate","com.screen.translate.google","live.screentranslate.realtime","com.microsoft.translator","photo.translate.camera.translator","com.galaxy.airviewdictionary","com.digtial_bytes.voice.translator.dictionary.languages.cameratranslator","at.nk.tools.iTranslate","com.hive.lingonative","com.fortuna.screentranslator","com.google.android.apps.translate","jp.go.nict.voicetra"]},{"rank":{"index":2,"lang":"it","country":"it","chineseCountryName":"意大利","pkg":"com.spaceship.screen.textcopy"},"orders":["com.recognize_text.translate.screen","com.spaceship.screen.textcopy","com.hc.texttranslator.screentranslator.chattranslator","com.gaminik.i18n","com.tap_to_translate.snap_translate","com.niven.translator","com.newmg.yurao.pro","com.yoyodev.screentranslate","com.microsoft.translator","com.screen.translate.google","live.screentranslate.realtime","com.aurasense.screentranslate","com.google.android.apps.translate","photo.translate.camera.translator"]},{"rank":{"index":3,"lang":"ja","country":"jp","chineseCountryName":"日本","pkg":"com.spaceship.screen.textcopy"},"orders":["com.recognize_text.translate.screen","com.gaminik.i18n","com.spaceship.screen.textcopy","com.tap_to_translate.snap_translate","com.hc.texttranslator.screentranslator.chattranslator","com.niven.translator","com.newmg.yurao.pro","com.screen.translate.google","com.microsoft.translator","com.digtial_bytes.voice.translator.dictionary.languages.cameratranslator","com.galaxy.airviewdictionary"]},{"rank":{"index":3,"lang":"ko","country":"kr","chineseCountryName":"韩国","pkg":"com.spaceship.screen.textcopy"},"orders":["com.recognize_text.translate.screen","com.gaminik.i18n","com.spaceship.screen.textcopy","com.hc.texttranslator.screentranslator.chattranslator","com.niven.translator","com.tap_to_translate.snap_translate","com.newmg.yurao.pro","com.screen.translate.google","com.microsoft.translator","live.screentranslate.realtime","com.aurasense.screentranslate","com.galaxy.airviewdictionary","com.fortuna.screentranslator","photo.translate.camera.translator"]},{"rank":{"index":2,"lang":"zh-hk","country":"hk","chineseCountryName":"香港","pkg":"com.spaceship.screen.textcopy"},"orders":["com.recognize_text.translate.screen","com.spaceship.screen.textcopy","com.tap_to_translate.snap_translate","com.hc.texttranslator.screentranslator.chattranslator","com.microsoft.translator","com.niven.translator","com.gaminik.i18n","com.newmg.yurao.pro","at.nk.tools.iTranslate","com.aurasense.screentranslate","com.screen.translate.google","com.google.android.apps.translate","com.galaxy.airviewdictionary","photo.translate.camera.translator","com.yoyodev.screentranslate","live.screentranslate.realtime","com.translateall.language.free.translator.dictionary.speechtext.learnenglish","com.zaz.translate","com.deepl.mobiletranslator","com.eecorp.taptranslator"]},{"rank":{"index":2,"lang":"zh-tw","country":"tw","chineseCountryName":"台湾","pkg":"com.spaceship.screen.textcopy"},"orders":["com.recognize_text.translate.screen","com.spaceship.screen.textcopy","com.hc.texttranslator.screentranslator.chattranslator","com.microsoft.translator","com.gaminik.i18n","com.newmg.yurao.pro","com.tap_to_translate.snap_translate","com.niven.translator","com.aurasense.screentranslate","com.screen.translate.google","at.nk.tools.iTranslate","com.google.android.apps.translate","photo.translate.camera.translator"]},{"rank":{"index":0,"lang":"en","country":"in","chineseCountryName":"印度","pkg":"com.spaceship.screen.textcopy"},"orders":["com.recognize_text.translate.screen","com.niven.translator","com.hc.texttranslator.screentranslator.chattranslator","com.microsoft.translator","com.tap_to_translate.snap_translate","com.newmg.yurao.pro","com.aurasense.screentranslate","com.gaminik.i18n","com.screen.translate.google","com.google.android.apps.translate","com.yoyodev.screentranslate","at.nk.tools.iTranslate","com.galaxy.airviewdictionary","com.zaz.translate","live.screentranslate.realtime","photo.translate.camera.translator","translate.speech.text.translation.voicetranslator","com.addevice.translate","translate.all.language.translatorapp","com.eecorp.linguago"]},{"rank":{"index":2,"lang":"id","country":"id","chineseCountryName":"印尼","pkg":"com.spaceship.screen.textcopy"},"orders":["com.recognize_text.translate.screen","com.spaceship.screen.textcopy","com.gaminik.i18n","com.niven.translator","com.tap_to_translate.snap_translate","com.hc.texttranslator.screentranslator.chattranslator","com.aurasense.screentranslate","com.newmg.yurao.pro","com.microsoft.translator","com.screen.translate.google","com.yoyodev.screentranslate","at.nk.tools.iTranslate","com.google.android.apps.translate"]},{"rank":{"index":2,"lang":"es-mx","country":"mx","chineseCountryName":"墨西哥","pkg":"com.spaceship.screen.textcopy"},"orders":["com.recognize_text.translate.screen","com.spaceship.screen.textcopy","com.gaminik.i18n","com.niven.translator","com.hc.texttranslator.screentranslator.chattranslator","com.newmg.yurao.pro","com.microsoft.translator","com.tap_to_translate.snap_translate","com.yoyodev.screentranslate","at.nk.tools.iTranslate","com.screen.translate.google","live.screentranslate.realtime","com.google.android.apps.translate","photo.translate.camera.translator","com.aurasense.screentranslate"]}]