[{"rank":{"index":2,"lang":"en-us","country":"us","chineseCountryName":"美国","pkg":"com.spaceship.screen.textcopy"},"orders":["com.recognize_text.translate.screen","com.spaceship.screen.textcopy","com.tap_to_translate.snap_translate","com.google.android.apps.translate","com.screen.translate.google","com.niven.translator","com.microsoft.translator","com.gaminik.i18n","com.niven.game","com.newmg.yurao.pro","com.niven.comic","com.google.ar.lens","com.language.translate.free.translator.voice.translation","at.nk.tools.iTranslate","com.deepl.mobiletranslator","com.naver.labs.translator","com.translate.talkingtranslator","com.royalappcode.translation.voice.language.chat.interpreter","com.translate.language.translator.voice.translation","com.zaz.translate"]},{"rank":{"index":2,"lang":"ru","country":"ru","chineseCountryName":"俄罗斯","pkg":"com.spaceship.screen.textcopy"},"orders":["com.recognize_text.translate.screen","com.spaceship.screen.textcopy","com.niven.translator","com.tap_to_translate.snap_translate","com.gaminik.i18n","com.niven.game","com.screen.translate.google","com.niven.comic","ru.yandex.translate","com.newmg.yurao.pro","com.microsoft.translator","com.google.android.apps.translate","com.language.translate.free.translator.voice.translation","com.niven.apptranslate","com.voice_camera_free_translate","com.deepl.mobiletranslator","at.nk.tools.iTranslate","com.zaz.translate","com.whatsapp","com.android.chrome"]},{"rank":{"index":2,"lang":"pt-br","country":"br","chineseCountryName":"巴西","pkg":"com.spaceship.screen.textcopy"},"orders":["com.recognize_text.translate.screen","com.spaceship.screen.textcopy","com.tap_to_translate.snap_translate","com.niven.game","com.gaminik.i18n","com.google.android.apps.translate","com.microsoft.translator","at.nk.tools.iTranslate","com.zaz.translate","com.deepl.mobiletranslator","ru.yandex.translate","com.google.ar.lens","com.translate.talkingtranslator","com.softissimo.reverso.context","com.niven.translator","com.screen.translate.google","com.niven.comic","com.newmg.yurao.pro","com.niven.apptranslate","com.galaxy.airviewdictionary"]},{"rank":{"index":3,"lang":"fr","country":"fr","chineseCountryName":"法国","pkg":"com.spaceship.screen.textcopy"},"orders":["com.recognize_text.translate.screen","com.tap_to_translate.snap_translate","com.spaceship.screen.textcopy","com.niven.translator","com.gaminik.i18n","com.niven.game","com.screen.translate.google","com.niven.comic","com.google.android.apps.translate","com.microsoft.translator","com.newmg.yurao.pro","com.language.translate.free.translator.voice.translation","com.niven.apptranslate","com.zaz.translate","com.deepl.mobiletranslator","com.google.ar.lens","at.nk.tools.iTranslate","ru.yandex.translate","com.voice_camera_free_translate","com.royalappcode.translation.voice.language.chat.interpreter"]},{"rank":{"index":2,"lang":"en-gb","country":"gb","chineseCountryName":"英国","pkg":"com.spaceship.screen.textcopy"},"orders":["com.recognize_text.translate.screen","com.spaceship.screen.textcopy","com.tap_to_translate.snap_translate","com.screen.translate.google","com.google.android.apps.translate","com.niven.translator","com.gaminik.i18n","com.microsoft.translator","com.niven.game","com.niven.comic","com.newmg.yurao.pro","com.google.ar.lens","com.language.translate.free.translator.voice.translation","at.nk.tools.iTranslate","com.deepl.mobiletranslator","com.zaz.translate","com.niven.apptranslate","com.royalappcode.translation.voice.language.chat.interpreter","com.datacomprojects.scanandtranslate","ru.yandex.translate"]},{"rank":{"index":2,"lang":"de","country":"de","chineseCountryName":"德国","pkg":"com.spaceship.screen.textcopy"},"orders":["com.recognize_text.translate.screen","com.spaceship.screen.textcopy","com.tap_to_translate.snap_translate","com.screen.translate.google","com.niven.translator","com.gaminik.i18n","com.niven.game","com.microsoft.translator","com.google.android.apps.translate","com.niven.comic","com.newmg.yurao.pro","com.deepl.mobiletranslator","com.language.translate.free.translator.voice.translation","ru.yandex.translate","at.nk.tools.iTranslate","com.niven.apptranslate","com.zaz.translate","com.google.ar.lens","com.royalappcode.translation.voice.language.chat.interpreter","com.datacomprojects.scanandtranslate"]},{"rank":{"index":2,"lang":"it","country":"it","chineseCountryName":"意大利","pkg":"com.spaceship.screen.textcopy"},"orders":["com.recognize_text.translate.screen","com.spaceship.screen.textcopy","com.niven.game","com.screen.translate.google","com.niven.translator","com.gaminik.i18n","com.tap_to_translate.snap_translate","com.niven.comic","com.newmg.yurao.pro","com.microsoft.translator","com.google.android.apps.translate","com.language.translate.free.translator.voice.translation","com.niven.apptranslate","com.deepl.mobiletranslator","at.nk.tools.iTranslate","com.zaz.translate","com.google.ar.lens","com.b1b.translator.voicetranslate.alllanguages.translator.app","com.datacomprojects.scanandtranslate","com.softissimo.reverso.context"]},{"rank":{"index":2,"lang":"ja","country":"jp","chineseCountryName":"日本","pkg":"com.spaceship.screen.textcopy"},"orders":["com.recognize_text.translate.screen","com.spaceship.screen.textcopy","com.tap_to_translate.snap_translate","com.niven.translator","com.gaminik.i18n","com.niven.game","com.microsoft.translator","com.screen.translate.google","com.google.android.apps.translate","com.niven.comic","com.newmg.yurao.pro","com.language.translate.free.translator.voice.translation","com.deepl.mobiletranslator","com.naver.labs.translator","at.nk.tools.iTranslate","com.google.ar.lens"]},{"rank":{"index":2,"lang":"ko","country":"kr","chineseCountryName":"韩国","pkg":"com.spaceship.screen.textcopy"},"orders":["com.recognize_text.translate.screen","com.spaceship.screen.textcopy","com.tap_to_translate.snap_translate","com.niven.translator","com.gaminik.i18n","com.screen.translate.google","com.niven.game","com.niven.comic","com.newmg.yurao.pro","com.google.android.apps.translate","com.microsoft.translator","com.niven.apptranslate","com.language.translate.free.translator.voice.translation","com.naver.labs.translator","com.deepl.mobiletranslator","com.zaz.translate","com.google.ar.lens","at.nk.tools.iTranslate","com.voice_camera_free_translate","com.facebook.katana"]},{"rank":{"index":2,"lang":"zh-hk","country":"hk","chineseCountryName":"香港","pkg":"com.spaceship.screen.textcopy"},"orders":["com.recognize_text.translate.screen","com.spaceship.screen.textcopy","com.gaminik.i18n","com.screen.translate.google","com.niven.translator","com.niven.game","com.tap_to_translate.snap_translate","com.google.android.apps.translate","com.niven.comic","com.microsoft.translator","com.newmg.yurao.pro","com.deepl.mobiletranslator","com.language.translate.free.translator.voice.translation","com.niven.apptranslate","com.zaz.translate","com.google.ar.lens","at.nk.tools.iTranslate","com.naver.labs.translator","com.royalappcode.translation.voice.language.chat.interpreter","com.android.chrome"]},{"rank":{"index":2,"lang":"zh-tw","country":"tw","chineseCountryName":"台湾","pkg":"com.spaceship.screen.textcopy"},"orders":["com.recognize_text.translate.screen","com.spaceship.screen.textcopy","com.gaminik.i18n","com.screen.translate.google","com.niven.translator","com.niven.game","com.tap_to_translate.snap_translate","com.niven.comic","com.google.android.apps.translate","com.newmg.yurao.pro","com.microsoft.translator","com.language.translate.free.translator.voice.translation","com.niven.apptranslate","at.nk.tools.iTranslate","com.zaz.translate","com.google.ar.lens","com.deepl.mobiletranslator","ru.yandex.translate","com.translate.talkingtranslator","com.naver.labs.translator"]},{"rank":{"index":2,"lang":"en","country":"in","chineseCountryName":"印度","pkg":"com.spaceship.screen.textcopy"},"orders":["com.recognize_text.translate.screen","com.spaceship.screen.textcopy","com.google.android.apps.translate","com.tap_to_translate.snap_translate","com.gaminik.i18n","com.zaz.translate","com.niven.game","com.microsoft.translator","at.nk.tools.iTranslate","com.deepl.mobiletranslator","ru.yandex.translate","com.sayhi.android.sayhitranslate","com.ticktalk.translatevoice","com.google.ar.lens","com.screen.translate.google","com.niven.translator","com.newmg.yurao.pro","com.niven.comic","com.royalappcode.translation.voice.language.chat.interpreter","com.language.translate.free.translator.voice.translation"]},{"rank":{"index":2,"lang":"id","country":"id","chineseCountryName":"印尼","pkg":"com.spaceship.screen.textcopy"},"orders":["com.recognize_text.translate.screen","com.spaceship.screen.textcopy","com.tap_to_translate.snap_translate","com.niven.translator","com.screen.translate.google","com.niven.game","com.gaminik.i18n","com.niven.comic","com.newmg.yurao.pro","com.google.android.apps.translate"]},{"rank":{"index":2,"lang":"es-mx","country":"mx","chineseCountryName":"墨西哥","pkg":"com.spaceship.screen.textcopy"},"orders":["com.recognize_text.translate.screen","com.spaceship.screen.textcopy","com.tap_to_translate.snap_translate","com.niven.game","com.gaminik.i18n","com.microsoft.translator","com.google.android.apps.translate","at.nk.tools.iTranslate","com.zaz.translate","com.deepl.mobiletranslator","ru.yandex.translate","com.google.ar.lens","com.softissimo.reverso.context","com.translate.talkingtranslator","com.naver.labs.translator","com.niven.translator","com.screen.translate.google","com.newmg.yurao.pro","com.niven.comic","com.niven.apptranslate"]}]