[{"rank":{"index":2,"lang":"en-us","country":"us","chineseCountryName":"美国","pkg":"com.spaceship.screen.textcopy"},"orders":["com.recognize_text.translate.screen","com.spaceship.screen.textcopy","com.google.android.apps.translate","com.niven.translator","com.screen.translate.google","com.gaminik.i18n","com.microsoft.translator","com.niven.game","com.tap_to_translate.snap_translate","at.nk.tools.iTranslate","com.niven.comic","com.translate.talkingtranslator","com.newmg.yurao.pro","com.deepl.mobiletranslator","com.translate.language.translator.voice.translation","com.sayhi.android.sayhitranslate","com.aldoo.pdftranslatorpro","com.google.ar.lens","com.flitto.app","com.zaz.translate"]},{"rank":{"index":3,"lang":"ru","country":"ru","chineseCountryName":"俄罗斯","pkg":"com.spaceship.screen.textcopy"},"orders":["com.recognize_text.translate.screen","com.niven.translator","com.spaceship.screen.textcopy","com.tap_to_translate.snap_translate","com.niven.game","com.gaminik.i18n","com.screen.translate.google","com.niven.comic","com.newmg.yurao.pro","com.microsoft.translator","com.google.android.apps.translate","com.deepl.mobiletranslator","ru.yandex.translate","at.nk.tools.iTranslate","com.datacomprojects.scanandtranslate","com.zaz.translate","com.tangdi.baiguotong","com.whatsapp","com.android.chrome","com.instagram.android"]},{"rank":{"index":2,"lang":"pt-br","country":"br","chineseCountryName":"巴西","pkg":"com.spaceship.screen.textcopy"},"orders":["com.recognize_text.translate.screen","com.spaceship.screen.textcopy","com.tap_to_translate.snap_translate","com.niven.game","com.gaminik.i18n","com.google.android.apps.translate","com.deepl.mobiletranslator","com.translate.talkingtranslator","com.flitto.app","com.sayhi.android.sayhitranslate","com.softissimo.reverso.context","com.google.ar.lens","com.niven.translator","com.screen.translate.google","com.niven.comic","com.newmg.yurao.pro","com.galaxy.airviewdictionary","screen.translator.voice.translate","com.tangdi.baiguotong","com.google.android.marvin.talkback"]},{"rank":{"index":2,"lang":"fr","country":"fr","chineseCountryName":"法国","pkg":"com.spaceship.screen.textcopy"},"orders":["com.recognize_text.translate.screen","com.spaceship.screen.textcopy","com.tap_to_translate.snap_translate","com.niven.translator","com.niven.game","com.screen.translate.google","com.gaminik.i18n","com.microsoft.translator","com.google.android.apps.translate","at.nk.tools.iTranslate","com.niven.comic","com.deepl.mobiletranslator","com.aldoo.pdftranslatorpro","com.translate.talkingtranslator","com.newmg.yurao.pro","com.datacomprojects.scanandtranslate","com.image.camera.translate.ai","com.zaz.translate","com.softissimo.reverso.context","com.flitto.app"]},{"rank":{"index":2,"lang":"en-gb","country":"gb","chineseCountryName":"英国","pkg":"com.spaceship.screen.textcopy"},"orders":["com.recognize_text.translate.screen","com.spaceship.screen.textcopy","com.gaminik.i18n","com.google.android.apps.translate","com.microsoft.translator","com.screen.translate.google","com.niven.translator","com.niven.game","com.tap_to_translate.snap_translate","at.nk.tools.iTranslate","com.niven.comic","com.deepl.mobiletranslator","com.newmg.yurao.pro","com.translate.talkingtranslator","com.datacomprojects.scanandtranslate","com.translate.language.translator.voice.translation","com.google.ar.lens","com.zaz.translate","com.flitto.app","com.mobisystems.msdict.embedded.wireless.collins.ee"]},{"rank":{"index":2,"lang":"de","country":"de","chineseCountryName":"德国","pkg":"com.spaceship.screen.textcopy"},"orders":["com.recognize_text.translate.screen","com.spaceship.screen.textcopy","com.tap_to_translate.snap_translate","com.niven.translator","com.microsoft.translator","com.screen.translate.google","com.gaminik.i18n","com.niven.game","com.deepl.mobiletranslator","com.google.android.apps.translate","at.nk.tools.iTranslate","com.niven.comic","com.translate.talkingtranslator","com.newmg.yurao.pro","com.aldoo.pdftranslatorpro","com.image.camera.translate.ai","com.flitto.app","com.datacomprojects.scanandtranslate","com.softissimo.reverso.context","com.paninitranslate"]},{"rank":{"index":2,"lang":"it","country":"it","chineseCountryName":"意大利","pkg":"com.spaceship.screen.textcopy"},"orders":["com.recognize_text.translate.screen","com.spaceship.screen.textcopy","com.tap_to_translate.snap_translate","com.niven.translator","com.gaminik.i18n","com.screen.translate.google","com.niven.game","com.microsoft.translator","com.google.android.apps.translate","at.nk.tools.iTranslate","com.deepl.mobiletranslator","com.aldoo.pdftranslatorpro","com.niven.comic","com.datacomprojects.scanandtranslate","com.image.camera.translate.ai","com.newmg.yurao.pro","com.tangdi.baiguotong","com.softissimo.reverso.context","com.translate.talkingtranslator","com.translate.language.translator.voice.translation"]},{"rank":{"index":2,"lang":"ja","country":"jp","chineseCountryName":"日本","pkg":"com.spaceship.screen.textcopy"},"orders":["com.recognize_text.translate.screen","com.spaceship.screen.textcopy","com.niven.translator","com.gaminik.i18n","com.niven.game","com.tap_to_translate.snap_translate","com.screen.translate.google","com.microsoft.translator","com.niven.comic","com.newmg.yurao.pro","com.google.android.apps.translate","com.deepl.mobiletranslator","com.naver.labs.translator","com.tangdi.baiguotong","at.nk.tools.iTranslate","com.flitto.app","com.translate.talkingtranslator","com.google.ar.lens","com.datacomprojects.scanandtranslate","com.android.chrome"]},{"rank":{"index":2,"lang":"ko","country":"kr","chineseCountryName":"韩国","pkg":"com.spaceship.screen.textcopy"},"orders":["com.recognize_text.translate.screen","com.spaceship.screen.textcopy","com.tap_to_translate.snap_translate","com.gaminik.i18n","com.niven.translator","com.niven.game","com.naver.labs.translator","com.screen.translate.google","com.niven.comic","com.google.android.apps.translate","com.microsoft.translator","com.newmg.yurao.pro","com.deepl.mobiletranslator","at.nk.tools.iTranslate","com.flitto.app","com.aldoo.pdftranslatorpro","com.translate.talkingtranslator","com.image.camera.translate.ai","com.paninitranslate","com.mobisystems.msdict.embedded.wireless.collins.ee"]},{"rank":{"index":2,"lang":"zh-hk","country":"hk","chineseCountryName":"香港","pkg":"com.spaceship.screen.textcopy"},"orders":["com.recognize_text.translate.screen","com.spaceship.screen.textcopy","com.gaminik.i18n","com.niven.translator","com.niven.game","com.screen.translate.google","com.microsoft.translator","com.tap_to_translate.snap_translate","com.niven.comic","com.google.android.apps.translate","at.nk.tools.iTranslate","com.aldoo.pdftranslatorpro"]},{"rank":{"index":2,"lang":"zh-tw","country":"tw","chineseCountryName":"台湾","pkg":"com.spaceship.screen.textcopy"},"orders":["com.recognize_text.translate.screen","com.spaceship.screen.textcopy","com.gaminik.i18n","com.niven.translator","com.screen.translate.google","com.niven.game","com.tap_to_translate.snap_translate","com.microsoft.translator","com.google.android.apps.translate","at.nk.tools.iTranslate","com.niven.comic","com.aldoo.pdftranslatorpro","com.newmg.yurao.pro","com.tangdi.baiguotong","com.deepl.mobiletranslator","com.translate.talkingtranslator","com.translate.language.translator.voice.translation","com.datacomprojects.scanandtranslate","com.paninitranslate","com.naver.labs.translator"]},{"rank":{"index":2,"lang":"en","country":"in","chineseCountryName":"印度","pkg":"com.spaceship.screen.textcopy"},"orders":["com.recognize_text.translate.screen","com.spaceship.screen.textcopy","com.google.android.apps.translate","com.gaminik.i18n"]},{"rank":{"index":2,"lang":"id","country":"id","chineseCountryName":"印尼","pkg":"com.spaceship.screen.textcopy"},"orders":["com.recognize_text.translate.screen","com.spaceship.screen.textcopy","com.tap_to_translate.snap_translate","com.niven.translator","com.niven.game","com.gaminik.i18n","com.screen.translate.google","com.niven.comic","com.newmg.yurao.pro","com.google.android.apps.translate","com.paninitranslate","at.nk.tools.iTranslate","com.youdao.hindict","com.microsoft.translator","com.deepl.mobiletranslator"]},{"rank":{"index":2,"lang":"es-mx","country":"mx","chineseCountryName":"墨西哥","pkg":"com.spaceship.screen.textcopy"},"orders":["com.recognize_text.translate.screen","com.spaceship.screen.textcopy","com.tap_to_translate.snap_translate","com.niven.game","com.gaminik.i18n","com.google.android.apps.translate","com.deepl.mobiletranslator","com.translate.talkingtranslator","com.softissimo.reverso.context","com.flitto.app","com.sayhi.android.sayhitranslate","com.tangdi.baiguotong","com.niven.translator","com.screen.translate.google","com.niven.comic","com.youdao.hindict","com.newmg.yurao.pro","com.zaz.translate","com.galaxy.airviewdictionary","ru.yandex.translate"]}]