[{"rank":{"index":2,"lang":"en-us","country":"us","chineseCountryName":"美国","pkg":"com.spaceship.screen.textcopy"},"orders":["com.recognize_text.translate.screen","com.spaceship.screen.textcopy","com.niven.translator","com.tap_to_translate.snap_translate","com.gaminik.i18n","com.newmg.yurao.pro","com.screen.translate.google","com.zaz.translate","com.eecorp.linguago","at.nk.tools.iTranslate","com.niven.apptranslate","live.screentranslate.realtime","com.screen.translator.text.recognize","com.google.android.apps.translate","com.microsoft.translator","com.niven.game","com.galaxy.airviewdictionary","co.appnation.aivoicetranslator","com.deepl.mobiletranslator","com.aurasense.screentranslate"]},{"rank":{"index":3,"lang":"ru","country":"ru","chineseCountryName":"俄罗斯","pkg":"com.spaceship.screen.textcopy"},"orders":["com.recognize_text.translate.screen","com.niven.translator","com.spaceship.screen.textcopy","com.tap_to_translate.snap_translate","com.newmg.yurao.pro","com.gaminik.i18n","com.niven.apptranslate","com.zaz.translate","live.screentranslate.realtime","com.screen.translate.google","com.screen.translator.text.recognize","com.eecorp.linguago","com.niven.game","com.galaxy.airviewdictionary","at.nk.tools.iTranslate","com.traductorweb","com.microsoft.translator","photo.translate.camera.translator","com.google.android.apps.translate","co.appnation.aivoicetranslator"]},{"rank":{"index":3,"lang":"pt-br","country":"br","chineseCountryName":"巴西","pkg":"com.spaceship.screen.textcopy"},"orders":["com.recognize_text.translate.screen","com.niven.translator","com.spaceship.screen.textcopy","com.tap_to_translate.snap_translate","com.gaminik.i18n","com.newmg.yurao.pro","com.niven.apptranslate","live.screentranslate.realtime","com.screen.translate.google","com.eecorp.linguago","com.niven.game","com.screen.translator.text.recognize","com.galaxy.airviewdictionary","at.nk.tools.iTranslate","com.zaz.translate","co.appnation.aivoicetranslator","com.mg.chat","com.google.android.apps.translate","com.newtranslate.google","com.youdao.hindict"]},{"rank":{"index":2,"lang":"fr","country":"fr","chineseCountryName":"法国","pkg":"com.spaceship.screen.textcopy"},"orders":["com.recognize_text.translate.screen","com.spaceship.screen.textcopy","com.tap_to_translate.snap_translate","com.gaminik.i18n","com.newmg.yurao.pro","com.niven.translator","live.screentranslate.realtime","com.niven.apptranslate","com.eecorp.linguago","com.screen.translate.google","com.screen.translator.text.recognize","com.galaxy.airviewdictionary","com.niven.game","com.zaz.translate","at.nk.tools.iTranslate","co.appnation.aivoicetranslator","com.microsoft.translator","com.google.android.apps.translate","com.traductorweb","photo.translate.camera.translator"]},{"rank":{"index":2,"lang":"en-gb","country":"gb","chineseCountryName":"英国","pkg":"com.spaceship.screen.textcopy"},"orders":["com.recognize_text.translate.screen","com.spaceship.screen.textcopy","com.niven.translator","com.tap_to_translate.snap_translate","com.newmg.yurao.pro","com.gaminik.i18n","com.screen.translate.google","com.zaz.translate","com.niven.apptranslate","live.screentranslate.realtime","com.eecorp.linguago","com.screen.translator.text.recognize","com.niven.game","com.galaxy.airviewdictionary","com.mg.chat","at.nk.tools.iTranslate","translate.speech.text.translation.voicetranslator","com.newtranslate.google","com.aurasense.screentranslate","com.niven.transaltor.next"]},{"rank":{"index":4,"lang":"de","country":"de","chineseCountryName":"德国","pkg":"com.spaceship.screen.textcopy"},"orders":["com.recognize_text.translate.screen","com.niven.translator","com.tap_to_translate.snap_translate","com.spaceship.screen.textcopy","com.newmg.yurao.pro","com.gaminik.i18n","com.niven.apptranslate","live.screentranslate.realtime","com.screen.translate.google","com.eecorp.linguago","com.screen.translator.text.recognize","com.niven.game","com.galaxy.airviewdictionary","at.nk.tools.iTranslate","com.zaz.translate","com.microsoft.translator","com.yoyodev.screentranslate","co.appnation.aivoicetranslator","com.deepl.mobiletranslator","com.newtranslate.google"]},{"rank":{"index":2,"lang":"it","country":"it","chineseCountryName":"意大利","pkg":"com.spaceship.screen.textcopy"},"orders":["com.recognize_text.translate.screen","com.spaceship.screen.textcopy","com.tap_to_translate.snap_translate","com.gaminik.i18n","com.newmg.yurao.pro","com.niven.translator","com.niven.apptranslate","live.screentranslate.realtime","com.screen.translate.google","com.eecorp.linguago","com.screen.translator.text.recognize","com.niven.game","co.appnation.aivoicetranslator","com.galaxy.airviewdictionary","at.nk.tools.iTranslate","com.zaz.translate","com.microsoft.translator","com.yoyodev.screentranslate","com.google.android.apps.translate","photo.translate.camera.translator"]},{"rank":{"index":3,"lang":"ja","country":"jp","chineseCountryName":"日本","pkg":"com.spaceship.screen.textcopy"},"orders":["com.recognize_text.translate.screen","com.tap_to_translate.snap_translate","com.spaceship.screen.textcopy","com.gaminik.i18n","com.niven.translator","com.newmg.yurao.pro","com.niven.apptranslate","com.eecorp.linguago","com.screen.translate.google","live.screentranslate.realtime","com.screen.translator.text.recognize","com.galaxy.airviewdictionary","com.niven.transaltor.next","com.zaz.translate"]},{"rank":{"index":2,"lang":"ko","country":"kr","chineseCountryName":"韩国","pkg":"com.spaceship.screen.textcopy"},"orders":["com.recognize_text.translate.screen","com.spaceship.screen.textcopy","com.tap_to_translate.snap_translate","com.gaminik.i18n","com.niven.translator","com.newmg.yurao.pro","com.niven.apptranslate","live.screentranslate.realtime","com.screen.translate.google","com.eecorp.linguago","com.screen.translator.text.recognize","com.zaz.translate","com.galaxy.airviewdictionary","com.niven.game","com.microsoft.translator","at.nk.tools.iTranslate","com.naver.labs.translator","com.google.android.apps.translate","com.newtranslate.google","co.appnation.aivoicetranslator"]},{"rank":{"index":2,"lang":"zh-hk","country":"hk","chineseCountryName":"香港","pkg":"com.spaceship.screen.textcopy"},"orders":["com.recognize_text.translate.screen","com.spaceship.screen.textcopy","com.tap_to_translate.snap_translate","com.niven.translator","com.gaminik.i18n","com.newmg.yurao.pro","com.niven.apptranslate","com.screen.translate.google","com.zaz.translate","com.eecorp.linguago","live.screentranslate.realtime","com.screen.translator.text.recognize","at.nk.tools.iTranslate","com.galaxy.airviewdictionary","com.microsoft.translator","com.niven.game","com.google.android.apps.translate","com.fapp.translate.language.translator.fasttranslation","com.newtranslate.google","com.deepl.mobiletranslator"]},{"rank":{"index":2,"lang":"zh-tw","country":"tw","chineseCountryName":"台湾","pkg":"com.spaceship.screen.textcopy"},"orders":["com.recognize_text.translate.screen","com.spaceship.screen.textcopy","com.niven.translator","com.newmg.yurao.pro","com.tap_to_translate.snap_translate","com.gaminik.i18n","com.niven.apptranslate","com.screen.translate.google","com.eecorp.linguago","live.screentranslate.realtime","com.screen.translator.text.recognize","com.zaz.translate","at.nk.tools.iTranslate","com.galaxy.airviewdictionary","com.niven.game","com.microsoft.translator","com.google.android.apps.translate","com.newtranslate.google","co.appnation.aivoicetranslator","com.aurasense.screentranslate"]},{"rank":{"index":0,"lang":"en","country":"in","chineseCountryName":"印度","pkg":"com.spaceship.screen.textcopy"},"orders":["com.recognize_text.translate.screen","com.tap_to_translate.snap_translate","com.zaz.translate"]},{"rank":{"index":4,"lang":"id","country":"id","chineseCountryName":"印尼","pkg":"com.spaceship.screen.textcopy"},"orders":["com.recognize_text.translate.screen","com.niven.translator","com.tap_to_translate.snap_translate","com.spaceship.screen.textcopy","com.gaminik.i18n","com.newmg.yurao.pro","com.niven.apptranslate","com.screen.translate.google","com.eecorp.linguago","com.niven.game","com.screen.translator.text.recognize","live.screentranslate.realtime","com.zaz.translate","com.galaxy.airviewdictionary","at.nk.tools.iTranslate","com.google.android.apps.translate","com.deepl.mobiletranslator","co.appnation.aivoicetranslator","com.newtranslate.google","com.niven.transaltor.next"]},{"rank":{"index":2,"lang":"es-mx","country":"mx","chineseCountryName":"墨西哥","pkg":"com.spaceship.screen.textcopy"},"orders":["com.recognize_text.translate.screen","com.spaceship.screen.textcopy","com.niven.translator","com.tap_to_translate.snap_translate","com.gaminik.i18n","com.newmg.yurao.pro","com.niven.apptranslate","live.screentranslate.realtime","com.eecorp.linguago","com.screen.translate.google","com.screen.translator.text.recognize","com.galaxy.airviewdictionary","com.niven.game","com.newtranslate.google"]}]