[{"rank":{"index":2,"lang":"en-us","country":"us","chineseCountryName":"美国","pkg":"com.spaceship.screen.textcopy"},"orders":["com.recognize_text.translate.screen","com.spaceship.screen.textcopy","com.google.android.apps.translate","com.microsoft.translator","com.niven.translator","com.screen.translate.google","com.gaminik.i18n","com.tap_to_translate.snap_translate","com.niven.game","com.niven.comic","com.newmg.yurao.pro","com.deepl.mobiletranslator","com.translate.talkingtranslator","com.zaz.translate","com.translate.language.translator.voice.translation","com.naver.labs.translator","com.mobisystems.msdict.embedded.wireless.collins.ee","com.tangdi.baiguotong","com.royalappcode.translation.voice.language.chat.interpreter","com.sayhi.android.sayhitranslate"]},{"rank":{"index":3,"lang":"ru","country":"ru","chineseCountryName":"俄罗斯","pkg":"com.spaceship.screen.textcopy"},"orders":["com.recognize_text.translate.screen","com.niven.translator","com.spaceship.screen.textcopy","com.tap_to_translate.snap_translate","com.niven.game","com.gaminik.i18n","com.screen.translate.google","com.niven.comic","com.microsoft.translator","ru.yandex.translate","com.newmg.yurao.pro","com.google.android.apps.translate","com.deepl.mobiletranslator","com.datacomprojects.scanandtranslate","com.zaz.translate","com.tangdi.baiguotong","com.google.ar.lens","com.image.camera.translate.ai","com.android.chrome","com.translate.language.translator.voice.translation"]},{"rank":{"index":2,"lang":"pt-br","country":"br","chineseCountryName":"巴西","pkg":"com.spaceship.screen.textcopy"},"orders":["com.recognize_text.translate.screen","com.spaceship.screen.textcopy","com.tap_to_translate.snap_translate","com.niven.game","com.gaminik.i18n","com.google.android.apps.translate","com.microsoft.translator","com.deepl.mobiletranslator","com.zaz.translate","com.translate.talkingtranslator","ru.yandex.translate","com.softissimo.reverso.context","com.google.ar.lens","at.nk.tools.iTranslate","com.niven.translator","com.screen.translate.google","com.niven.comic","com.newmg.yurao.pro","com.galaxy.airviewdictionary","screen.translator.voice.translate"]},{"rank":{"index":2,"lang":"fr","country":"fr","chineseCountryName":"法国","pkg":"com.spaceship.screen.textcopy"},"orders":["com.recognize_text.translate.screen","com.spaceship.screen.textcopy","com.tap_to_translate.snap_translate","com.niven.game","com.niven.translator","com.gaminik.i18n","com.microsoft.translator","com.google.android.apps.translate","com.deepl.mobiletranslator","com.niven.comic","com.screen.translate.google","com.zaz.translate","com.newmg.yurao.pro","com.translate.talkingtranslator","com.tangdi.baiguotong","com.image.camera.translate.ai","com.translate.language.translator.voice.translation","com.datacomprojects.scanandtranslate","com.aldoo.pdftranslatorpro","com.softissimo.reverso.context"]},{"rank":{"index":2,"lang":"en-gb","country":"gb","chineseCountryName":"英国","pkg":"com.spaceship.screen.textcopy"},"orders":["com.recognize_text.translate.screen","com.spaceship.screen.textcopy","com.microsoft.translator","com.google.android.apps.translate","com.screen.translate.google","com.gaminik.i18n","com.niven.translator","com.niven.game","com.tap_to_translate.snap_translate","com.niven.comic","com.deepl.mobiletranslator","com.zaz.translate","com.newmg.yurao.pro","com.translate.language.translator.voice.translation","com.translate.talkingtranslator","com.mobisystems.msdict.embedded.wireless.collins.ee","com.datacomprojects.scanandtranslate","com.tangdi.baiguotong","com.softissimo.reverso.context","com.google.ar.lens"]},{"rank":{"index":2,"lang":"de","country":"de","chineseCountryName":"德国","pkg":"com.spaceship.screen.textcopy"},"orders":["com.recognize_text.translate.screen","com.spaceship.screen.textcopy","com.tap_to_translate.snap_translate","com.niven.translator","com.microsoft.translator","com.screen.translate.google","com.gaminik.i18n","com.niven.game","com.deepl.mobiletranslator","com.google.android.apps.translate","com.niven.comic","com.newmg.yurao.pro","com.translate.talkingtranslator","com.image.camera.translate.ai","com.zaz.translate","com.datacomprojects.scanandtranslate","com.tangdi.baiguotong","com.translate.language.translator.voice.translation","com.aldoo.pdftranslatorpro","camtranslator.voice.text.image.translate"]},{"rank":{"index":2,"lang":"it","country":"it","chineseCountryName":"意大利","pkg":"com.spaceship.screen.textcopy"},"orders":["com.recognize_text.translate.screen","com.spaceship.screen.textcopy","com.tap_to_translate.snap_translate","com.niven.translator","com.gaminik.i18n","com.screen.translate.google","com.niven.game","com.microsoft.translator","com.deepl.mobiletranslator","com.google.android.apps.translate","com.niven.comic","com.newmg.yurao.pro","com.datacomprojects.scanandtranslate","com.image.camera.translate.ai","com.tangdi.baiguotong","com.aldoo.pdftranslatorpro","com.softissimo.reverso.context","com.zaz.translate","com.translate.language.translator.voice.translation","com.translate.talkingtranslator"]},{"rank":{"index":2,"lang":"ja","country":"jp","chineseCountryName":"日本","pkg":"com.spaceship.screen.textcopy"},"orders":["com.recognize_text.translate.screen","com.spaceship.screen.textcopy","com.tap_to_translate.snap_translate","com.gaminik.i18n","com.niven.game","com.niven.translator","com.screen.translate.google","com.microsoft.translator","com.niven.comic","com.google.android.apps.translate","com.newmg.yurao.pro","com.deepl.mobiletranslator","com.naver.labs.translator","com.tangdi.baiguotong","com.translate.talkingtranslator","com.google.ar.lens","com.datacomprojects.scanandtranslate","com.facebook.orca","com.android.chrome","com.flitto.app"]},{"rank":{"index":2,"lang":"ko","country":"kr","chineseCountryName":"韩国","pkg":"com.spaceship.screen.textcopy"},"orders":["com.recognize_text.translate.screen","com.spaceship.screen.textcopy","com.tap_to_translate.snap_translate","com.gaminik.i18n","com.niven.translator","com.niven.game","com.niven.comic","com.screen.translate.google","com.newmg.yurao.pro","com.naver.labs.translator","com.microsoft.translator","com.google.android.apps.translate","com.deepl.mobiletranslator","com.translate.talkingtranslator","com.flitto.app","com.aldoo.pdftranslatorpro","com.google.ar.lens","com.image.camera.translate.ai","com.facebook.orca","com.translatepost.voicetranslator.cameratranslator"]},{"rank":{"index":2,"lang":"zh-hk","country":"hk","chineseCountryName":"香港","pkg":"com.spaceship.screen.textcopy"},"orders":["com.recognize_text.translate.screen","com.spaceship.screen.textcopy","com.gaminik.i18n","com.niven.translator","com.niven.game","com.screen.translate.google","com.tap_to_translate.snap_translate","com.microsoft.translator","com.niven.comic","com.google.android.apps.translate","com.newmg.yurao.pro","com.tangdi.baiguotong","com.deepl.mobiletranslator","com.image.camera.translate.ai","com.translate.talkingtranslator","com.datacomprojects.scanandtranslate","com.naver.labs.translator","com.google.ar.lens","com.zaz.translate","com.translate.language.translator.voice.translation"]},{"rank":{"index":2,"lang":"zh-tw","country":"tw","chineseCountryName":"台湾","pkg":"com.spaceship.screen.textcopy"},"orders":["com.recognize_text.translate.screen","com.spaceship.screen.textcopy","com.gaminik.i18n","com.niven.translator","com.screen.translate.google","com.niven.game","com.tap_to_translate.snap_translate","com.microsoft.translator","com.niven.comic","com.newmg.yurao.pro","com.tangdi.baiguotong","com.google.android.apps.translate","com.translate.talkingtranslator","com.deepl.mobiletranslator","com.naver.labs.translator","com.aldoo.pdftranslatorpro","com.datacomprojects.scanandtranslate","com.image.camera.translate.ai","com.translate.language.translator.voice.translation","com.zaz.translate"]},{"rank":{"index":2,"lang":"en","country":"in","chineseCountryName":"印度","pkg":"com.spaceship.screen.textcopy"},"orders":["com.recognize_text.translate.screen","com.spaceship.screen.textcopy","com.google.android.apps.translate","com.tap_to_translate.snap_translate","com.zaz.translate","com.gaminik.i18n","com.niven.game","com.deepl.mobiletranslator","com.translate.talkingtranslator","com.google.ar.lens","com.sayhi.android.sayhitranslate","ru.yandex.translate","com.newmg.yurao.pro","com.screen.translate.google","com.niven.translator","com.datacomprojects.scanandtranslate","screen.translator.voice.translate","com.niven.comic","com.languagetranslator.translatorapp.smartscanner.dictionary.translation.voicetranslator","com.softissimo.reverso.context"]},{"rank":{"index":2,"lang":"id","country":"id","chineseCountryName":"印尼","pkg":"com.spaceship.screen.textcopy"},"orders":["com.recognize_text.translate.screen","com.spaceship.screen.textcopy","com.tap_to_translate.snap_translate","com.niven.translator","com.gaminik.i18n","com.niven.game","com.screen.translate.google","com.niven.comic","com.newmg.yurao.pro","com.google.android.apps.translate","com.microsoft.translator","com.youdao.hindict","com.deepl.mobiletranslator","com.naver.labs.translator"]},{"rank":{"index":2,"lang":"es-mx","country":"mx","chineseCountryName":"墨西哥","pkg":"com.spaceship.screen.textcopy"},"orders":["com.recognize_text.translate.screen","com.spaceship.screen.textcopy","com.tap_to_translate.snap_translate","com.niven.game","com.microsoft.translator","com.gaminik.i18n","com.google.android.apps.translate","com.zaz.translate","com.deepl.mobiletranslator","com.translate.talkingtranslator","com.softissimo.reverso.context","com.tangdi.baiguotong","at.nk.tools.iTranslate","ru.yandex.translate","com.niven.translator","com.screen.translate.google","com.niven.comic","com.newmg.yurao.pro","camtranslator.voice.text.image.translate","com.youdao.hindict"]}]