[{"rank":{"index":2,"lang":"en-us","country":"us","chineseCountryName":"美国","pkg":"com.spaceship.screen.textcopy"},"orders":["com.recognize_text.translate.screen","com.spaceship.screen.textcopy","com.google.android.apps.translate","com.newmg.yurao.pro","com.gaminik.i18n","com.microsoft.translator","com.niven.translator","com.niven.game","at.nk.tools.iTranslate","com.deepl.mobiletranslator","com.naver.labs.translator","com.tap_to_translate.snap_translate","com.eecorp.taptranslator","com.niven.comic","com.youdao.hindict","com.zaz.translate","com.softissimo.reverso.context","com.screen.translate.google","com.tranit.text.translate","com.sayhi.android.sayhitranslate"]},{"rank":{"index":2,"lang":"ru","country":"ru","chineseCountryName":"俄罗斯","pkg":"com.spaceship.screen.textcopy"},"orders":["com.recognize_text.translate.screen","com.spaceship.screen.textcopy","com.niven.translator","com.niven.game","com.gaminik.i18n","com.microsoft.translator","ru.yandex.translate","com.newmg.yurao.pro","at.nk.tools.iTranslate","com.niven.comic","com.google.android.apps.translate","com.deepl.mobiletranslator","com.screen.translate.google","com.youdao.hindict","com.tap_to_translate.snap_translate","com.softissimo.reverso.context","com.tangdi.baiguotong","com.naver.labs.translator","com.zaz.translate","com.promt.pmtappfree"]},{"rank":{"index":2,"lang":"pt-br","country":"br","chineseCountryName":"巴西","pkg":"com.spaceship.screen.textcopy"},"orders":["com.recognize_text.translate.screen","com.spaceship.screen.textcopy","com.gaminik.i18n","com.niven.translator","com.niven.game","com.niven.comic","com.eecorp.taptranslator","com.microsoft.translator","com.newmg.yurao.pro","com.google.android.apps.translate","com.youdao.hindict","at.nk.tools.iTranslate","com.screen.translate.google","com.deepl.mobiletranslator","com.audacityittranslator.translatetexttranslator","com.galaxy.airviewdictionary","com.android.chrome","com.google.android.apps.photos","com.google.android.apps.maps","com.discord"]},{"rank":{"index":2,"lang":"fr","country":"fr","chineseCountryName":"法国","pkg":"com.spaceship.screen.textcopy"},"orders":["com.recognize_text.translate.screen","com.spaceship.screen.textcopy","com.gaminik.i18n","com.niven.translator","com.niven.game","com.microsoft.translator","com.google.android.apps.translate","com.niven.comic","com.eecorp.taptranslator","com.newmg.yurao.pro","at.nk.tools.iTranslate","com.galaxy.airviewdictionary","com.deepl.mobiletranslator","com.zaz.translate","com.screen.translate.google","com.audacityittranslator.translatetexttranslator","com.softissimo.reverso.context","com.youdao.hindict","com.duolingo","com.image.camera.translate.ai"]},{"rank":{"index":2,"lang":"en-gb","country":"gb","chineseCountryName":"英国","pkg":"com.spaceship.screen.textcopy"},"orders":["com.recognize_text.translate.screen","com.spaceship.screen.textcopy","com.gaminik.i18n","com.google.android.apps.translate","com.microsoft.translator","com.niven.translator","com.niven.game","at.nk.tools.iTranslate","com.deepl.mobiletranslator","com.youdao.hindict","com.zaz.translate","com.newmg.yurao.pro","com.niven.comic","com.galaxy.airviewdictionary","com.tap_to_translate.snap_translate","com.softissimo.reverso.context","com.eecorp.taptranslator","com.tranit.text.translate","com.naver.labs.translator","com.tangdi.baiguotong"]},{"rank":{"index":1,"lang":"de","country":"de","chineseCountryName":"德国","pkg":"com.spaceship.screen.textcopy"},"orders":["com.spaceship.screen.textcopy","com.recognize_text.translate.screen","com.gaminik.i18n","com.niven.translator","com.newmg.yurao.pro","com.niven.game","com.microsoft.translator","com.eecorp.taptranslator","com.google.android.apps.translate","com.niven.comic","com.deepl.mobiletranslator","com.screen.translate.google","com.galaxy.airviewdictionary","at.nk.tools.iTranslate","com.audacityittranslator.translatetexttranslator","com.discord","com.android.chrome","com.duolingo","com.google.android.apps.photos","com.softissimo.reverso.context"]},{"rank":{"index":1,"lang":"it","country":"it","chineseCountryName":"意大利","pkg":"com.spaceship.screen.textcopy"},"orders":["com.spaceship.screen.textcopy","com.recognize_text.translate.screen","com.gaminik.i18n","com.niven.translator","com.niven.game","com.newmg.yurao.pro","com.eecorp.taptranslator","com.google.android.apps.translate","com.microsoft.translator","com.niven.comic","screen.translator.voice.translate","at.nk.tools.iTranslate","com.screen.translate.google","com.deepl.mobiletranslator","com.galaxy.airviewdictionary","com.discord","com.google.android.apps.photos","com.duolingo","com.softissimo.reverso.context","com.skype.raider"]},{"rank":{"index":1,"lang":"ja","country":"jp","chineseCountryName":"日本","pkg":"com.spaceship.screen.textcopy"},"orders":["com.spaceship.screen.textcopy","com.recognize_text.translate.screen","com.gaminik.i18n","com.niven.translator","com.niven.game","com.deepl.mobiletranslator","com.microsoft.translator","com.google.android.apps.translate","com.naver.labs.translator","com.newmg.yurao.pro","com.niven.comic","com.galaxy.airviewdictionary","com.eecorp.taptranslator","com.screen.translate.google","at.nk.tools.iTranslate","com.tap_to_translate.snap_translate","com.discord","com.android.chrome","com.duolingo","com.google.android.apps.maps"]},{"rank":{"index":1,"lang":"ko","country":"kr","chineseCountryName":"韩国","pkg":"com.spaceship.screen.textcopy"},"orders":["com.spaceship.screen.textcopy","com.recognize_text.translate.screen","com.gaminik.i18n","com.microsoft.translator","com.google.android.apps.translate","com.niven.translator","com.niven.game","com.naver.labs.translator","at.nk.tools.iTranslate","com.deepl.mobiletranslator","com.niven.comic","com.newmg.yurao.pro","com.youdao.hindict","com.eecorp.taptranslator","com.tap_to_translate.snap_translate","com.screen.translate.google","com.flitto.app","com.galaxy.airviewdictionary","com.audacityittranslator.translatetexttranslator","com.zaz.translate"]},{"rank":{"index":1,"lang":"zh-hk","country":"hk","chineseCountryName":"香港","pkg":"com.spaceship.screen.textcopy"},"orders":["com.spaceship.screen.textcopy","com.recognize_text.translate.screen","com.microsoft.translator","com.gaminik.i18n","com.niven.translator","com.google.android.apps.translate","com.niven.game","at.nk.tools.iTranslate","com.youdao.hindict","com.deepl.mobiletranslator","com.naver.labs.translator","com.niven.comic","com.tangdi.baiguotong","com.newmg.yurao.pro","com.tap_to_translate.snap_translate","com.zaz.translate","com.flitto.app","com.softissimo.reverso.context","com.eecorp.taptranslator","com.galaxy.airviewdictionary"]},{"rank":{"index":1,"lang":"zh-tw","country":"tw","chineseCountryName":"台湾","pkg":"com.spaceship.screen.textcopy"},"orders":["com.spaceship.screen.textcopy","com.recognize_text.translate.screen","com.gaminik.i18n","com.microsoft.translator","com.google.android.apps.translate","com.niven.translator","com.niven.game","at.nk.tools.iTranslate","com.youdao.hindict","com.naver.labs.translator","com.niven.comic","com.deepl.mobiletranslator","com.newmg.yurao.pro","com.tangdi.baiguotong","com.eecorp.taptranslator","com.galaxy.airviewdictionary","com.screen.translate.google","com.audacityittranslator.translatetexttranslator","com.siv","com.translate.language.translator.voice.translation"]},{"rank":{"index":2,"lang":"en","country":"in","chineseCountryName":"印度","pkg":"com.spaceship.screen.textcopy"},"orders":["com.recognize_text.translate.screen","com.spaceship.screen.textcopy","com.google.android.apps.translate","com.microsoft.translator","com.niven.game","com.newmg.yurao.pro","com.zaz.translate","com.gaminik.i18n"]},{"rank":{"index":1,"lang":"id","country":"id","chineseCountryName":"印尼","pkg":"com.spaceship.screen.textcopy"},"orders":["com.spaceship.screen.textcopy","com.recognize_text.translate.screen","com.gaminik.i18n","com.niven.translator","com.niven.game","com.youdao.hindict","com.niven.comic","com.eecorp.taptranslator","com.newmg.yurao.pro","com.google.android.apps.translate","at.nk.tools.iTranslate","com.microsoft.translator","com.deepl.mobiletranslator","com.screen.translate.google"]},{"rank":{"index":1,"lang":"es-mx","country":"mx","chineseCountryName":"墨西哥","pkg":"com.spaceship.screen.textcopy"},"orders":["com.spaceship.screen.textcopy","com.recognize_text.translate.screen","com.gaminik.i18n","com.niven.translator","com.niven.game","com.niven.comic","com.microsoft.translator","com.google.android.apps.translate","at.nk.tools.iTranslate","com.youdao.hindict","com.newmg.yurao.pro","com.eecorp.taptranslator","com.deepl.mobiletranslator","com.screen.translate.google","com.galaxy.airviewdictionary","com.zaz.translate","com.google.android.apps.photos","com.android.chrome","com.google.android.apps.maps","com.audacityittranslator.translatetexttranslator"]}]