[{"rank":{"index":2,"lang":"en-us","country":"us","chineseCountryName":"美国","pkg":"com.spaceship.screen.textcopy"},"orders":["com.recognize_text.translate.screen","com.spaceship.screen.textcopy","com.tap_to_translate.snap_translate","com.mg.yurao.google","com.gaminik.i18n","com.google.android.apps.translate","com.microsoft.translator","com.niven.game","com.niven.translator","com.niven.comic","com.eecorp.linguago","com.niven.apptranslate","com.newmg.yurao.pro","at.nk.tools.iTranslate","screen.translator.voice.translate","com.abbyy.mobile.textgrabber.full","com.translate.talkingtranslator","ru.yandex.translate","com.deepl.mobiletranslator","com.naver.labs.translator"]},{"rank":{"index":8,"lang":"ru","country":"ru","chineseCountryName":"俄罗斯","pkg":"com.spaceship.screen.textcopy"},"orders":["com.recognize_text.translate.screen","com.tap_to_translate.snap_translate","com.gaminik.i18n","com.niven.translator","com.mg.yurao.google","com.niven.game","ru.yandex.translate","com.spaceship.screen.textcopy","com.niven.apptranslate","com.google.android.apps.translate","com.newmg.yurao.pro","com.eecorp.linguago","com.niven.comic","us.zoom.videomeetings","screen.translator.voice.translate","com.deepl.mobiletranslator","com.microsoft.translator","org.thunderdog.challegram","com.naver.labs.translator","com.copy.paste.ocr.screen.text.copypastetrial"]},{"rank":{"index":2,"lang":"fr","country":"fr","chineseCountryName":"法国","pkg":"com.spaceship.screen.textcopy"},"orders":["com.recognize_text.translate.screen","com.spaceship.screen.textcopy","com.tap_to_translate.snap_translate","com.gaminik.i18n","com.mg.yurao.google","com.niven.translator","com.niven.game","com.newmg.yurao.pro","com.niven.comic","com.niven.apptranslate","com.eecorp.linguago","com.google.android.apps.translate","com.microsoft.translator","screen.translator.voice.translate","com.eecorp.taptranslator","ru.yandex.translate","com.datacomprojects.scanandtranslate","us.zoom.videomeetings","com.softissimo.reverso.context","com.deepl.mobiletranslator"]},{"rank":{"index":2,"lang":"en-gb","country":"gb","chineseCountryName":"英国","pkg":"com.spaceship.screen.textcopy"},"orders":["com.recognize_text.translate.screen","com.spaceship.screen.textcopy","com.mg.yurao.google","com.google.android.apps.translate","com.microsoft.translator","com.gaminik.i18n","com.niven.translator","com.tap_to_translate.snap_translate","com.niven.game","com.niven.apptranslate","com.eecorp.linguago","com.niven.comic","screen.translator.voice.translate","at.nk.tools.iTranslate","com.zaz.translate","com.newmg.yurao.pro","com.softissimo.reverso.context","com.android.chrome","ru.yandex.translate","com.google.android.dialer"]},{"rank":{"index":2,"lang":"de","country":"de","chineseCountryName":"德国","pkg":"com.spaceship.screen.textcopy"},"orders":["com.recognize_text.translate.screen","com.spaceship.screen.textcopy","com.gaminik.i18n","com.mg.yurao.google","com.niven.translator","com.niven.game","com.tap_to_translate.snap_translate","com.niven.comic","com.niven.apptranslate","com.microsoft.translator","com.google.android.apps.translate","com.eecorp.linguago","us.zoom.videomeetings","ru.yandex.translate","com.deepl.mobiletranslator","com.translate.talkingtranslator","at.nk.tools.iTranslate","com.newmg.yurao.pro","screen.translator.voice.translate","com.softissimo.reverso.context"]},{"rank":{"index":2,"lang":"it","country":"it","chineseCountryName":"意大利","pkg":"com.spaceship.screen.textcopy"},"orders":["com.recognize_text.translate.screen","com.spaceship.screen.textcopy","com.niven.game","com.gaminik.i18n","com.mg.yurao.google","com.niven.translator","com.tap_to_translate.snap_translate","com.niven.comic"]},{"rank":{"index":4,"lang":"ja","country":"jp","chineseCountryName":"日本","pkg":"com.spaceship.screen.textcopy"},"orders":["com.recognize_text.translate.screen","com.mg.yurao.google","com.gaminik.i18n","com.spaceship.screen.textcopy","com.niven.game","com.niven.translator","com.tap_to_translate.snap_translate","com.niven.apptranslate","com.niven.comic","com.eecorp.linguago","com.google.android.apps.translate","us.zoom.videomeetings","com.newmg.yurao.pro","com.naver.labs.translator","com.microsoft.translator","com.deepl.mobiletranslator","ru.yandex.translate","com.google.android.tts","com.translate.talkingtranslator","com.zaz.translate"]},{"rank":{"index":3,"lang":"ko","country":"kr","chineseCountryName":"韩国","pkg":"com.spaceship.screen.textcopy"},"orders":["com.recognize_text.translate.screen","com.mg.yurao.google","com.spaceship.screen.textcopy","com.tap_to_translate.snap_translate","com.gaminik.i18n","com.niven.game","com.niven.translator","com.niven.comic","com.niven.apptranslate","com.newmg.yurao.pro","com.eecorp.linguago","com.google.android.apps.translate","com.naver.labs.translator","us.zoom.videomeetings","com.microsoft.translator","com.translate.talkingtranslator","at.nk.tools.iTranslate","com.zaz.translate","ru.yandex.translate","com.deepl.mobiletranslator"]},{"rank":{"index":3,"lang":"zh-hk","country":"hk","chineseCountryName":"香港","pkg":"com.spaceship.screen.textcopy"},"orders":["com.recognize_text.translate.screen","com.mg.yurao.google","com.spaceship.screen.textcopy","com.gaminik.i18n","com.niven.game","com.niven.translator","com.tap_to_translate.snap_translate","com.niven.comic","com.niven.apptranslate","com.microsoft.translator","com.google.android.apps.translate","at.nk.tools.iTranslate","com.newmg.yurao.pro","screen.translator.voice.translate","com.naver.labs.translator","com.zaz.translate","com.eecorp.linguago","ru.yandex.translate","com.translate.talkingtranslator","com.google.android.tts"]},{"rank":{"index":8,"lang":"zh-tw","country":"tw","chineseCountryName":"台湾","pkg":"com.spaceship.screen.textcopy"},"orders":["com.recognize_text.translate.screen","com.mg.yurao.google","com.gaminik.i18n","com.niven.game","com.niven.apptranslate","com.niven.translator","com.tap_to_translate.snap_translate","com.spaceship.screen.textcopy","com.niven.comic","com.google.android.apps.translate","com.microsoft.translator","com.eecorp.linguago","at.nk.tools.iTranslate","com.naver.labs.translator","com.newmg.yurao.pro","com.softissimo.reverso.context","ru.yandex.translate","com.google.android.tts","screen.translator.voice.translate","com.zaz.translate"]},{"rank":{"index":2,"lang":"en","country":"in","chineseCountryName":"印度","pkg":"com.spaceship.screen.textcopy"},"orders":["com.recognize_text.translate.screen","com.spaceship.screen.textcopy","com.google.android.apps.translate","com.niven.game","com.tap_to_translate.snap_translate","screen.translator.voice.translate","com.niven.translator","com.microsoft.translator","com.zaz.translate","com.newmg.yurao.pro","com.eecorp.linguago","com.niven.apptranslate","com.niven.comic","com.google.android.inputmethod.latin","at.nk.tools.iTranslate","com.android.chrome","us.zoom.videomeetings","ru.yandex.translate","com.mg.yurao.google","com.gaminik.i18n"]},{"rank":{"index":2,"lang":"id","country":"id","chineseCountryName":"印尼","pkg":"com.spaceship.screen.textcopy"},"orders":["com.recognize_text.translate.screen","com.spaceship.screen.textcopy","com.tap_to_translate.snap_translate","com.gaminik.i18n","com.mg.yurao.google","com.niven.game","com.niven.translator","com.niven.apptranslate","com.niven.comic","com.newmg.yurao.pro"]},{"rank":{"index":2,"lang":"es-mx","country":"mx","chineseCountryName":"墨西哥","pkg":"com.spaceship.screen.textcopy"},"orders":["com.recognize_text.translate.screen","com.spaceship.screen.textcopy","com.tap_to_translate.snap_translate","com.niven.game","com.niven.translator","com.niven.comic","com.niven.apptranslate","com.microsoft.translator","com.google.android.apps.translate","com.eecorp.linguago","us.zoom.videomeetings","com.newmg.yurao.pro","at.nk.tools.iTranslate","com.youdao.hindict","com.datacomprojects.scanandtranslate","com.deepl.mobiletranslator","org.thunderdog.challegram","ru.yandex.translate","com.gaminik.i18n","com.mg.yurao.google"]}]